[INFO] [1789414997.969809520] [acados_nmpc_node]: acados NMPC node starting, building/loading solver...
Code reuse possible, skipping code generation.
acados was compiled without OpenMP.
[INFO] [1789414997.976954491] [acados_nmpc_node]: OMEGA SCALE: on (source=djest, tau=0.50s, cap=5.0) — 增益调度走 setpoint 侧,PX4 参数不动
[INFO] [1789414997.988296302] [acados_nmpc_node]: GRIPPER MODE: hover over box (1.0,0.1) z 0.55->6.0m, lift after 3.0s, empty m_est=2.06kg, attach J bootstrap=True (0.30kg envelope)
[INFO] [1789414997.989028557] [acados_nmpc_node]: Warming up acados solver...
[INFO] [1789414997.995436600] [acados_nmpc_node]: Solver warmup complete, took 5.6 ms
[INFO] [1789414998.002333285] [acados_nmpc_node]: Decoupled publish enabled: solve @20Hz, body_rate/thrust @50Hz (trajectory interpolation)
[INFO] [1789414998.003158818] [acados_nmpc_node]: [GEOM-TRUTH] 检查通过:geom_source=estimate (载荷几何不来自真值)
[INFO] [1789414998.003956463] [acados_nmpc_node]: acados NMPC node initialized! Waiting for EKF2 convergence...
[INFO] [1789415008.003166957] [acados_nmpc_node]: Waiting for EKF2 convergence... 5/10 s
[INFO] [1789415013.003589108] [acados_nmpc_node]: Waiting for EKF2 convergence... 10/10 s
[INFO] [1789415013.051965883] [acados_nmpc_node]: Switching to OFFBOARD mode
[INFO] [1789415014.003665498] [acados_nmpc_node]: Sending arm command
[INFO] [1789415015.003590153] [acados_nmpc_node]: Armed, preparing to move to trajectory start...
[INFO] [1789415017.452076276] [acados_nmpc_node]: Gripper approach (climb): rising at spawn to z=1.50m | z=0.14m v=0.40m/s
[INFO] [1789415019.951853753] [acados_nmpc_node]: Gripper approach (climb): rising at spawn to z=1.50m | z=1.02m v=0.23m/s
[INFO] [1789415021.851785362] [acados_nmpc_node]: Gripper approach: climbed to safe altitude at spawn, now translating over box
[INFO] [1789415022.451828830] [acados_nmpc_node]: Gripper approach (high): aligning over box at z=1.50m | xy=0.898m z_err=0.140m v=0.47m/s
[INFO] [1789415024.151987163] [acados_nmpc_node]: Gripper approach: aligned above box, NMPC will take over here (z=1.50m), settle 3.0s then descend to z=0.55m to trigger attach
[INFO] [1789415024.205154287] [acados_nmpc_node]: Reached trajectory start, NMPC tracking begins!
[INFO] [1789415024.205368955] [acados_nmpc_node]: [payload-health] healthy/fresh; model updates enabled
[INFO] [1789415024.382008434] [acados_nmpc_node]: [wcmd] raw=[+0.002,-0.014,+0.004] w=[+0.005,+0.026,+0.093] err=[-0.003,-0.041] scaled=[+0.002,-0.014] s=1.00
[INFO] [1789415024.582084409] [acados_nmpc_node]: [wcmd] raw=[-0.010,-0.053,+0.007] w=[-0.004,+0.016,+0.069] err=[-0.007,-0.069] scaled=[-0.010,-0.053] s=1.00
[INFO] [1789415024.781986556] [acados_nmpc_node]: [wcmd] raw=[-0.046,+0.018,-0.004] w=[-0.024,-0.051,+0.041] err=[-0.023,+0.069] scaled=[-0.046,+0.018] s=1.00
[INFO] [1789415024.906420893] [acados_nmpc_node]: t=0.7s | pos_err=0.061m | T=19.99N | tau=[r-0.003 p0.041 y-0.015]Nm | res_stat=3.644e-07(peak 8.619e-07) sqp_iter=3 | solve=1.5ms
[INFO] [1789415024.906656074] [acados_nmpc_node]: [flight-diag] t=0.7s | om_scale=1.000(lo 1.000 hi 1.000) | tilt_max=2.22deg | w_max=[r0.046 p0.052 y0.097]rad/s | u_frac=[T0.675 r0.036 p0.187 y0.104] | u_sat=[T0.0 r0.0 p0.0 y0.0]% | mot_peak=0.888 mot_sat=0.0% | health=1 age=0.000s conf=1.000 | n=15
[INFO] [1789415024.981979741] [acados_nmpc_node]: [wcmd] raw=[-0.029,+0.143,-0.015] w=[-0.052,+0.140,+0.018] err=[+0.023,+0.003] scaled=[-0.029,+0.143] s=1.00
[INFO] [1789415025.181950040] [acados_nmpc_node]: [wcmd] raw=[+0.021,+0.055,-0.014] w=[-0.001,+0.134,+0.003] err=[+0.022,-0.079] scaled=[+0.021,+0.055] s=1.00
[INFO] [1789415025.381977923] [acados_nmpc_node]: [wcmd] raw=[+0.005,-0.025,-0.012] w=[+0.022,+0.011,-0.007] err=[-0.016,-0.035] scaled=[+0.005,-0.025] s=1.00
[INFO] [1789415025.581917742] [acados_nmpc_node]: [wcmd] raw=[-0.018,-0.032,-0.015] w=[-0.010,-0.038,-0.010] err=[-0.008,+0.006] scaled=[-0.018,-0.032] s=1.00
[INFO] [1789415025.782014144] [acados_nmpc_node]: [wcmd] raw=[-0.008,-0.026,-0.021] w=[-0.022,-0.034,-0.011] err=[+0.014,+0.008] scaled=[-0.008,-0.026] s=1.00
[INFO] [1789415025.981969156] [acados_nmpc_node]: [wcmd] raw=[+0.013,-0.022,-0.024] w=[+0.001,-0.028,-0.015] err=[+0.012,+0.005] scaled=[+0.013,-0.022] s=1.00
[INFO] [1789415026.182164115] [acados_nmpc_node]: [wcmd] raw=[+0.024,-0.012,-0.020] w=[+0.022,-0.022,-0.020] err=[+0.002,+0.009] scaled=[+0.024,-0.012] s=1.00
[INFO] [1789415026.382027935] [acados_nmpc_node]: [wcmd] raw=[+0.013,+0.001,-0.012] w=[+0.024,-0.007,-0.020] err=[-0.011,+0.008] scaled=[+0.013,+0.001] s=1.00
[INFO] [1789415026.582149564] [acados_nmpc_node]: [wcmd] raw=[-0.012,+0.015,-0.006] w=[+0.001,+0.010,-0.017] err=[-0.013,+0.005] scaled=[-0.012,+0.015] s=1.00
[INFO] [1789415026.806512390] [acados_nmpc_node]: [wcmd] raw=[-0.018,+0.007,-0.002] w=[-0.022,+0.020,-0.011] err=[+0.004,-0.013] scaled=[-0.018,+0.007] s=1.00
[INFO] [1789415027.006368549] [acados_nmpc_node]: [wcmd] raw=[+0.006,-0.018,+0.002] w=[-0.008,-0.005,-0.006] err=[+0.014,-0.013] scaled=[+0.006,-0.018] s=1.00
[INFO] [1789415027.206587733] [acados_nmpc_node]: [wcmd] raw=[+0.014,-0.012,+0.004] w=[+0.013,-0.016,-0.000] err=[+0.001,+0.005] scaled=[+0.014,-0.012] s=1.00
[INFO] [1789415027.251812710] [acados_nmpc_node]: t=3.0s | DESCEND: settle done, lowering 1.5->0.55m, will enable gripper at bottom
[INFO] [1789415027.406445848] [acados_nmpc_node]: [wcmd] raw=[+0.020,+0.005,+0.004] w=[+0.019,-0.001,+0.003] err=[+0.001,+0.006] scaled=[+0.020,+0.005] s=1.00
[INFO] [1789415027.606645154] [acados_nmpc_node]: [wcmd] raw=[+0.006,+0.002,+0.003] w=[+0.017,+0.008,+0.004] err=[-0.012,-0.006] scaled=[+0.006,+0.002] s=1.00
[INFO] [1789415027.805270215] [acados_nmpc_node]: [wcmd] raw=[-0.005,-0.003,+0.002] w=[+0.001,-0.001,+0.005] err=[-0.006,-0.002] scaled=[-0.005,-0.003] s=1.00
[INFO] [1789415028.006643606] [acados_nmpc_node]: [wcmd] raw=[+0.006,+0.003,+0.001] w=[-0.002,+0.001,+0.003] err=[+0.008,+0.002] scaled=[+0.006,+0.003] s=1.00
[INFO] [1789415028.206758404] [acados_nmpc_node]: [wcmd] raw=[+0.008,+0.006,+0.000] w=[+0.006,+0.006,+0.003] err=[+0.002,+0.000] scaled=[+0.008,+0.006] s=1.00
[INFO] [1789415028.406584335] [acados_nmpc_node]: [wcmd] raw=[-0.004,+0.006,+0.000] w=[+0.002,+0.007,+0.002] err=[-0.007,-0.001] scaled=[-0.004,+0.006] s=1.00
[INFO] [1789415028.606598727] [acados_nmpc_node]: [wcmd] raw=[-0.018,+0.003,+0.000] w=[-0.012,+0.006,+0.001] err=[-0.006,-0.003] scaled=[-0.018,+0.003] s=1.00
[INFO] [1789415028.806650799] [acados_nmpc_node]: [wcmd] raw=[-0.013,-0.008,+0.000] w=[-0.019,-0.000,+0.001] err=[+0.005,-0.008] scaled=[-0.013,-0.008] s=1.00
[INFO] [1789415029.006535055] [acados_nmpc_node]: [wcmd] raw=[+0.001,-0.023,-0.000] w=[-0.008,-0.013,+0.001] err=[+0.009,-0.009] scaled=[+0.001,-0.023] s=1.00
[INFO] [1789415029.206746965] [acados_nmpc_node]: [wcmd] raw=[+0.014,-0.013,-0.001] w=[+0.007,-0.021,+0.000] err=[+0.008,+0.008] scaled=[+0.014,-0.013] s=1.00
[INFO] [1789415029.406694707] [acados_nmpc_node]: [wcmd] raw=[+0.009,+0.010,-0.002] w=[+0.015,+0.001,-0.001] err=[-0.006,+0.009] scaled=[+0.009,+0.010] s=1.00
[INFO] [1789415029.606309481] [acados_nmpc_node]: [wcmd] raw=[-0.012,+0.006,-0.002] w=[+0.000,+0.013,-0.000] err=[-0.013,-0.008] scaled=[-0.012,+0.006] s=1.00
[INFO] [1789415029.806989010] [acados_nmpc_node]: [wcmd] raw=[-0.000,-0.005,-0.001] w=[-0.011,-0.000,-0.002] err=[+0.011,-0.004] scaled=[-0.000,-0.005] s=1.00
[INFO] [1789415029.906752573] [acados_nmpc_node]: t=5.7s | pos_err=0.043m | T=20.54N | tau=[r0.005 p0.001 y0.000]Nm | res_stat=5.579e-07(peak 9.300e-07) sqp_iter=2 | solve=1.2ms
[INFO] [1789415029.906992979] [acados_nmpc_node]: [flight-diag] t=5.7s | om_scale=1.000(lo 1.000 hi 1.000) | tilt_max=1.55deg | w_max=[r0.052 p0.168 y0.020]rad/s | u_frac=[T0.700 r0.024 p0.038 y0.066] | u_sat=[T0.0 r0.0 p0.0 y0.0]% | mot_peak=0.802 mot_sat=0.0% | health=1 age=0.000s conf=1.000 | n=100
[INFO] [1789415030.006363188] [acados_nmpc_node]: [wcmd] raw=[+0.014,+0.007,-0.000] w=[+0.006,+0.000,-0.001] err=[+0.008,+0.007] scaled=[+0.014,+0.007] s=1.00
[INFO] [1789415030.206499358] [acados_nmpc_node]: [wcmd] raw=[-0.004,+0.014,+0.000] w=[+0.008,+0.013,-0.001] err=[-0.012,+0.001] scaled=[-0.004,+0.014] s=1.00
[INFO] [1789415030.406661710] [acados_nmpc_node]: [wcmd] raw=[-0.008,+0.005,+0.001] w=[-0.008,+0.010,-0.000] err=[-0.000,-0.004] scaled=[-0.008,+0.005] s=1.00
[INFO] [1789415030.606577934] [acados_nmpc_node]: [wcmd] raw=[+0.003,+0.005,+0.001] w=[-0.007,+0.004,+0.000] err=[+0.010,+0.001] scaled=[+0.003,+0.005] s=1.00
[INFO] [1789415030.651813685] [acados_nmpc_node]: t=6.4s | DESCEND done at z=0.569m (target 0.550m, z_err=0.019m, v=0.04m/s), gripper ENABLED (attach will trigger now)
[INFO] [1789415030.652003123] [acados_nmpc_node]: ATTACH J bootstrap armed: m_p,envelope=0.300kg, dJxx=dJyy=0.0579kg m^2, Jxx=0.0721, Jyy=0.0721; m/s_xy remain MHE-only
[INFO] [1789415030.652152412] [acados_nmpc_node]: t=6.4s | ATTACH command issued; m/s remain on continuous MHE estimates, J safety bootstrap active (no attach notification subscription)
[INFO] [1789415030.654193858] [acados_nmpc_node]: [attach-window] t=6.45s pos_err=0.020m T=20.26N z=0.569 m_est=2.066
[INFO] [1789415030.706687362] [acados_nmpc_node]: [attach-window] t=6.50s pos_err=0.020m T=20.27N z=0.568 m_est=2.065
[INFO] [1789415030.753895083] [acados_nmpc_node]: [attach-window] t=6.55s pos_err=0.019m T=20.29N z=0.566 m_est=2.065
[INFO] [1789415030.807110720] [acados_nmpc_node]: [attach-window] t=6.60s pos_err=0.019m T=19.99N z=0.565 m_est=2.065
[INFO] [1789415030.807523116] [acados_nmpc_node]: [wcmd] raw=[+0.021,-0.005,+0.000] w=[-0.003,-0.003,+0.001] err=[+0.025,-0.002] scaled=[+0.026,-0.005] s=1.20
[INFO] [1789415030.853855581] [acados_nmpc_node]: [attach-window] t=6.65s pos_err=0.020m T=19.99N z=0.565 m_est=2.065
[INFO] [1789415030.907053189] [acados_nmpc_node]: [attach-window] t=6.70s pos_err=0.021m T=19.98N z=0.565 m_est=2.065
[INFO] [1789415030.953938954] [acados_nmpc_node]: [attach-window] t=6.75s pos_err=0.022m T=19.96N z=0.566 m_est=2.065
[INFO] [1789415031.007316441] [acados_nmpc_node]: [attach-window] t=6.80s pos_err=0.023m T=19.94N z=0.567 m_est=2.065
[INFO] [1789415031.007725790] [acados_nmpc_node]: [wcmd] raw=[+0.026,-0.012,-0.011] w=[-0.002,+0.001,+0.001] err=[+0.028,-0.013] scaled=[+0.046,-0.021] s=1.70
[INFO] [1789415031.053817529] [acados_nmpc_node]: [attach-window] t=6.85s pos_err=0.024m T=19.92N z=0.568 m_est=2.065
[INFO] [1789415031.106888855] [acados_nmpc_node]: [attach-window] t=6.90s pos_err=0.025m T=19.90N z=0.568 m_est=2.065
[INFO] [1789415031.153557646] [acados_nmpc_node]: [attach-window] t=6.95s pos_err=0.026m T=19.87N z=0.570 m_est=2.065
[INFO] [1789415031.206712034] [acados_nmpc_node]: [attach-window] t=7.00s pos_err=0.027m T=19.85N z=0.570 m_est=2.064
[INFO] [1789415031.207118639] [acados_nmpc_node]: [wcmd] raw=[+0.007,-0.010,+0.000] w=[+0.009,+0.008,-0.012] err=[-0.002,-0.018] scaled=[+0.004,-0.036] s=2.40
[INFO] [1789415031.253818695] [acados_nmpc_node]: [attach-window] t=7.05s pos_err=0.028m T=19.83N z=0.571 m_est=2.064
[INFO] [1789415031.307041033] [acados_nmpc_node]: [attach-window] t=7.10s pos_err=0.028m T=19.83N z=0.572 m_est=2.064
[INFO] [1789415031.353867881] [acados_nmpc_node]: [attach-window] t=7.15s pos_err=0.029m T=19.81N z=0.573 m_est=2.064
[INFO] [1789415031.407045605] [acados_nmpc_node]: [attach-window] t=7.20s pos_err=0.030m T=19.82N z=0.573 m_est=2.064
[INFO] [1789415031.407458632] [acados_nmpc_node]: [wcmd] raw=[+0.045,-0.016,+0.008] w=[-0.010,-0.003,-0.041] err=[+0.055,-0.013] scaled=[+0.161,-0.043] s=3.13
[INFO] [1789415031.453817497] [acados_nmpc_node]: [attach-window] t=7.25s pos_err=0.031m T=19.77N z=0.574 m_est=2.064
[INFO] [1789415031.506848512] [acados_nmpc_node]: [attach-window] t=7.30s pos_err=0.032m T=19.76N z=0.575 m_est=2.064
[INFO] [1789415031.553863980] [acados_nmpc_node]: [attach-window] t=7.35s pos_err=0.033m T=19.73N z=0.576 m_est=2.064
[INFO] [1789415031.607099890] [acados_nmpc_node]: [attach-window] t=7.40s pos_err=0.034m T=19.71N z=0.577 m_est=2.064
[INFO] [1789415031.607517843] [acados_nmpc_node]: [wcmd] raw=[+0.030,-0.016,+0.030] w=[+0.003,+0.004,-0.047] err=[+0.027,-0.019] scaled=[+0.103,-0.067] s=3.70
[INFO] [1789415031.653860835] [acados_nmpc_node]: [attach-window] t=7.45s pos_err=0.034m T=19.70N z=0.578 m_est=2.064
[INFO] [1789415031.707052448] [acados_nmpc_node]: [attach-window] t=7.50s pos_err=0.035m T=19.68N z=0.578 m_est=2.064
[INFO] [1789415031.753407536] [acados_nmpc_node]: [attach-window] t=7.55s pos_err=0.035m T=19.69N z=0.579 m_est=2.064
[INFO] [1789415031.806898844] [acados_nmpc_node]: [attach-window] t=7.60s pos_err=0.035m T=19.68N z=0.579 m_est=2.064
[INFO] [1789415031.807309105] [acados_nmpc_node]: [wcmd] raw=[+0.053,-0.019,+0.045] w=[-0.004,+0.001,-0.020] err=[+0.057,-0.020] scaled=[+0.233,-0.082] s=4.13
[INFO] [1789415031.853804239] [acados_nmpc_node]: [attach-window] t=7.65s pos_err=0.036m T=19.65N z=0.580 m_est=2.064
[INFO] [1789415031.906869127] [acados_nmpc_node]: [attach-window] t=7.70s pos_err=0.036m T=19.64N z=0.580 m_est=2.064
[INFO] [1789415031.953833151] [acados_nmpc_node]: [attach-window] t=7.75s pos_err=0.037m T=19.63N z=0.581 m_est=2.064
[INFO] [1789415032.006853869] [acados_nmpc_node]: [attach-window] t=7.80s pos_err=0.038m T=19.63N z=0.581 m_est=2.064
[INFO] [1789415032.007260945] [acados_nmpc_node]: [wcmd] raw=[+0.045,-0.022,+0.055] w=[+0.003,+0.001,-0.005] err=[+0.042,-0.023] scaled=[+0.190,-0.101] s=4.42
[INFO] [1789415032.053889948] [acados_nmpc_node]: [attach-window] t=7.85s pos_err=0.039m T=19.62N z=0.582 m_est=2.064
[INFO] [1789415032.106945805] [acados_nmpc_node]: [attach-window] t=7.90s pos_err=0.040m T=19.62N z=0.582 m_est=2.064
[INFO] [1789415032.153863000] [acados_nmpc_node]: [attach-window] t=7.95s pos_err=0.041m T=19.60N z=0.583 m_est=2.064
[INFO] [1789415032.207006911] [acados_nmpc_node]: [attach-window] t=8.00s pos_err=0.042m T=19.59N z=0.583 m_est=2.064
[INFO] [1789415032.207420744] [acados_nmpc_node]: [wcmd] raw=[+0.067,-0.025,+0.055] w=[-0.004,+0.000,-0.003] err=[+0.072,-0.026] scaled=[+0.325,-0.118] s=4.61
[INFO] [1789415032.253973226] [acados_nmpc_node]: [attach-window] t=8.05s pos_err=0.043m T=19.56N z=0.584 m_est=2.064
[INFO] [1789415032.307036698] [acados_nmpc_node]: [attach-window] t=8.10s pos_err=0.044m T=19.55N z=0.585 m_est=2.064
[INFO] [1789415032.353875128] [acados_nmpc_node]: [attach-window] t=8.15s pos_err=0.044m T=19.54N z=0.585 m_est=2.064
[INFO] [1789415032.407395232] [acados_nmpc_node]: [attach-window] t=8.20s pos_err=0.045m T=19.53N z=0.586 m_est=2.064
[INFO] [1789415032.407808487] [acados_nmpc_node]: [wcmd] raw=[+0.058,-0.011,+0.054] w=[+0.006,-0.000,+0.004] err=[+0.052,-0.011] scaled=[+0.254,-0.053] s=4.74
[INFO] [1789415032.454047899] [acados_nmpc_node]: [attach-window] t=8.25s pos_err=0.045m T=19.52N z=0.586 m_est=2.064
[INFO] [1789415032.507486960] [acados_nmpc_node]: [attach-window] t=8.30s pos_err=0.045m T=19.52N z=0.586 m_est=2.064
[INFO] [1789415032.553898217] [acados_nmpc_node]: [attach-window] t=8.35s pos_err=0.045m T=19.51N z=0.586 m_est=2.064
[INFO] [1789415032.607118440] [acados_nmpc_node]: [attach-window] t=8.40s pos_err=0.045m T=19.51N z=0.586 m_est=2.064
[INFO] [1789415032.607523784] [acados_nmpc_node]: [wcmd] raw=[+0.036,-0.000,+0.053] w=[+0.012,-0.001,-0.000] err=[+0.024,+0.000] scaled=[+0.128,+0.001] s=4.82
[INFO] [1789415032.653812565] [acados_nmpc_node]: [attach-window] t=8.45s pos_err=0.044m T=19.52N z=0.586 m_est=2.064
[INFO] [1789415032.707076398] [acados_nmpc_node]: [attach-window] t=8.50s pos_err=0.044m T=19.52N z=0.586 m_est=2.064
[INFO] [1789415032.753856590] [acados_nmpc_node]: [attach-window] t=8.55s pos_err=0.043m T=19.54N z=0.585 m_est=2.064
[INFO] [1789415032.807832797] [acados_nmpc_node]: [attach-window] t=8.60s pos_err=0.042m T=19.54N z=0.585 m_est=2.064
[INFO] [1789415032.808256642] [acados_nmpc_node]: [wcmd] raw=[+0.001,+0.005,+0.053] w=[+0.016,-0.001,+0.001] err=[-0.015,+0.007] scaled=[-0.057,+0.031] s=4.88
[INFO] [1789415032.853734706] [acados_nmpc_node]: [attach-window] t=8.65s pos_err=0.041m T=19.56N z=0.584 m_est=2.064
[INFO] [1789415032.905886845] [acados_nmpc_node]: [attach-window] t=8.70s pos_err=0.040m T=19.57N z=0.584 m_est=2.064
[INFO] [1789415032.953236249] [acados_nmpc_node]: [attach-window] t=8.75s pos_err=0.039m T=19.59N z=0.583 m_est=2.064
[INFO] [1789415033.005485262] [acados_nmpc_node]: [attach-window] t=8.80s pos_err=0.038m T=19.59N z=0.583 m_est=2.064
[INFO] [1789415033.005801433] [acados_nmpc_node]: [wcmd] raw=[-0.032,+0.005,+0.053] w=[+0.015,-0.001,-0.000] err=[-0.047,+0.006] scaled=[-0.215,+0.028] s=4.92
[INFO] [1789415033.053200621] [acados_nmpc_node]: [attach-window] t=8.85s pos_err=0.036m T=19.61N z=0.582 m_est=2.064
[INFO] [1789415033.105313361] [acados_nmpc_node]: [attach-window] t=8.90s pos_err=0.036m T=19.62N z=0.582 m_est=2.064
[INFO] [1789415033.153743671] [acados_nmpc_node]: [attach-window] t=8.95s pos_err=0.035m T=19.64N z=0.581 m_est=2.064
[INFO] [1789415033.206945901] [acados_nmpc_node]: [attach-window] t=9.00s pos_err=0.034m T=19.66N z=0.581 m_est=2.064
[INFO] [1789415033.207348465] [acados_nmpc_node]: [wcmd] raw=[-0.049,+0.001,+0.054] w=[+0.007,-0.000,-0.000] err=[-0.057,+0.001] scaled=[-0.273,+0.006] s=4.95
[INFO] [1789415033.253745343] [acados_nmpc_node]: [attach-window] t=9.05s pos_err=0.032m T=19.68N z=0.580 m_est=2.064
[INFO] [1789415033.307307182] [acados_nmpc_node]: [attach-window] t=9.10s pos_err=0.032m T=19.69N z=0.579 m_est=2.064
[INFO] [1789415033.353976206] [acados_nmpc_node]: [attach-window] t=9.15s pos_err=0.031m T=19.72N z=0.578 m_est=2.064
[INFO] [1789415033.407049547] [acados_nmpc_node]: [attach-window] t=9.20s pos_err=0.030m T=19.73N z=0.578 m_est=2.064
[INFO] [1789415033.407466821] [acados_nmpc_node]: [wcmd] raw=[-0.045,-0.004,+0.054] w=[-0.002,+0.000,-0.000] err=[-0.043,-0.005] scaled=[-0.216,-0.022] s=4.96
[INFO] [1789415033.453917207] [acados_nmpc_node]: [attach-window] t=9.25s pos_err=0.030m T=19.76N z=0.577 m_est=2.064
[INFO] [1789415033.505569123] [acados_nmpc_node]: [attach-window] t=9.30s pos_err=0.029m T=19.77N z=0.577 m_est=2.064
[INFO] [1789415033.553244436] [acados_nmpc_node]: [attach-window] t=9.35s pos_err=0.029m T=19.78N z=0.576 m_est=2.064
[INFO] [1789415033.607100831] [acados_nmpc_node]: [attach-window] t=9.40s pos_err=0.029m T=19.79N z=0.576 m_est=2.064
[INFO] [1789415033.607512613] [acados_nmpc_node]: [wcmd] raw=[-0.017,-0.013,+0.056] w=[-0.010,+0.001,-0.019] err=[-0.006,-0.014] scaled=[-0.042,-0.068] s=4.98
[INFO] [1789415033.651781671] [acados_nmpc_node]: t=9.4s | LIFT: raising hover 0.55->6.0m to lift payload
[INFO] [1789415033.654065888] [acados_nmpc_node]: [attach-window] t=9.45s pos_err=0.030m T=19.80N z=0.575 m_est=2.064
[INFO] [1789415033.707079820] [acados_nmpc_node]: [attach-window] t=9.50s pos_err=0.030m T=19.80N z=0.575 m_est=2.064
[INFO] [1789415033.753778646] [acados_nmpc_node]: [attach-window] t=9.55s pos_err=0.031m T=19.80N z=0.575 m_est=2.064
[INFO] [1789415033.807160534] [acados_nmpc_node]: [attach-window] t=9.60s pos_err=0.031m T=19.80N z=0.575 m_est=2.064
[INFO] [1789415033.807576983] [acados_nmpc_node]: [wcmd] raw=[+0.014,-0.005,+0.065] w=[-0.011,+0.002,-0.025] err=[+0.026,-0.007] scaled=[+0.118,-0.034] s=4.98
[INFO] [1789415033.853794675] [acados_nmpc_node]: [attach-window] t=9.65s pos_err=0.032m T=19.81N z=0.574 m_est=2.064
[INFO] [1789415033.907134403] [acados_nmpc_node]: [attach-window] t=9.70s pos_err=0.031m T=19.83N z=0.574 m_est=2.064
[INFO] [1789415033.953887329] [acados_nmpc_node]: [attach-window] t=9.75s pos_err=0.031m T=19.84N z=0.574 m_est=2.064
[INFO] [1789415034.007207193] [acados_nmpc_node]: [attach-window] t=9.80s pos_err=0.030m T=19.87N z=0.574 m_est=2.064
[INFO] [1789415034.007615031] [acados_nmpc_node]: [wcmd] raw=[+0.027,+0.000,+0.076] w=[-0.005,-0.001,-0.020] err=[+0.032,+0.001] scaled=[+0.153,+0.004] s=4.99
[INFO] [1789415034.053978883] [acados_nmpc_node]: [attach-window] t=9.85s pos_err=0.030m T=19.90N z=0.574 m_est=2.064
[INFO] [1789415034.107292695] [acados_nmpc_node]: [attach-window] t=9.90s pos_err=0.029m T=19.94N z=0.574 m_est=2.064
[INFO] [1789415034.153837296] [acados_nmpc_node]: [attach-window] t=9.95s pos_err=0.028m T=19.98N z=0.574 m_est=2.064
[INFO] [1789415034.207517342] [acados_nmpc_node]: [attach-window] t=10.00s pos_err=0.027m T=20.04N z=0.574 m_est=2.064
[INFO] [1789415034.207940243] [acados_nmpc_node]: [wcmd] raw=[+0.020,+0.009,+0.083] w=[+0.006,+0.000,+0.001] err=[+0.014,+0.008] scaled=[+0.076,+0.042] s=4.99
[INFO] [1789415034.253957104] [acados_nmpc_node]: [attach-window] t=10.05s pos_err=0.026m T=20.11N z=0.574 m_est=2.064
[INFO] [1789415034.307230821] [acados_nmpc_node]: [attach-window] t=10.10s pos_err=0.026m T=20.19N z=0.574 m_est=2.064
[INFO] [1789415034.353928810] [acados_nmpc_node]: [attach-window] t=10.15s pos_err=0.026m T=20.26N z=0.575 m_est=2.064
[INFO] [1789415034.407587655] [acados_nmpc_node]: [attach-window] t=10.20s pos_err=0.027m T=20.37N z=0.575 m_est=2.064
[INFO] [1789415034.408037885] [acados_nmpc_node]: [wcmd] raw=[-0.005,+0.015,+0.083] w=[+0.017,-0.001,-0.000] err=[-0.023,+0.016] scaled=[-0.097,+0.080] s=5.00
[INFO] [1789415034.454084762] [acados_nmpc_node]: [attach-window] t=10.25s pos_err=0.030m T=20.45N z=0.576 m_est=2.064
[INFO] [1789415034.506080852] [acados_nmpc_node]: [attach-window] t=10.30s pos_err=0.034m T=20.58N z=0.577 m_est=2.064
[INFO] [1789415034.554076340] [acados_nmpc_node]: [attach-window] t=10.35s pos_err=0.038m T=20.69N z=0.579 m_est=2.064
[INFO] [1789415034.607604620] [acados_nmpc_node]: [attach-window] t=10.40s pos_err=0.044m T=20.85N z=0.580 m_est=2.064
[INFO] [1789415034.608058147] [acados_nmpc_node]: [wcmd] raw=[-0.054,+0.027,+0.083] w=[+0.030,-0.002,-0.000] err=[-0.084,+0.029] scaled=[-0.390,+0.145] s=5.00
[INFO] [1789415034.654131823] [acados_nmpc_node]: [attach-window] t=10.45s pos_err=0.050m T=20.96N z=0.583 m_est=2.064
[INFO] [1789415034.707580146] [acados_nmpc_node]: [attach-window] t=10.50s pos_err=0.060m T=21.16N z=0.584 m_est=2.064
[INFO] [1789415034.754886552] [acados_nmpc_node]: [attach-window] t=10.55s pos_err=0.068m T=21.33N z=0.586 m_est=2.064
[INFO] [1789415034.807994985] [acados_nmpc_node]: [attach-window] t=10.60s pos_err=0.080m T=21.63N z=0.587 m_est=2.064
[INFO] [1789415034.808465831] [acados_nmpc_node]: [wcmd] raw=[-0.129,+0.024,+0.078] w=[+0.011,+0.032,+0.114] err=[-0.140,-0.009] scaled=[-0.688,-0.011] s=5.00
[INFO] [1789415034.854327208] [acados_nmpc_node]: [attach-window] t=10.65s pos_err=0.091m T=21.98N z=0.588 m_est=2.064
[INFO] [1789415034.907707365] [acados_nmpc_node]: [attach-window] t=10.70s pos_err=0.107m T=22.30N z=0.588 m_est=2.064
[INFO] [1789415034.908223277] [acados_nmpc_node]: t=10.7s | pos_err=0.107m | T=22.30N | tau=[r-0.001 p-0.092 y-0.033]Nm | res_stat=2.097e-07(peak 9.300e-07) sqp_iter=4 | solve=1.8ms
[INFO] [1789415034.908432520] [acados_nmpc_node]: [flight-diag] t=10.7s | om_scale=4.998(lo 1.000 hi 4.998) | tilt_max=1.06deg | w_max=[r0.095 p0.032 y0.132]rad/s | u_frac=[T0.711 r0.379 p0.260 y0.201] | u_sat=[T0.0 r0.0 p0.0 y0.0]% | mot_peak=0.843 mot_sat=0.0% | health=1 age=0.000s conf=0.000 | n=100
[INFO] [1789415034.954260046] [acados_nmpc_node]: [attach-window] t=10.75s pos_err=0.121m T=22.50N z=0.589 m_est=2.064
[INFO] [1789415035.005947338] [acados_nmpc_node]: [attach-window] t=10.80s pos_err=0.138m T=22.77N z=0.589 m_est=2.064
[INFO] [1789415035.006267379] [acados_nmpc_node]: [wcmd] raw=[-0.116,+0.019,+0.025] w=[-0.078,+0.003,+0.149] err=[-0.038,+0.016] scaled=[-0.269,+0.084] s=5.00
[INFO] [1789415035.053403268] [acados_nmpc_node]: [attach-window] t=10.85s pos_err=0.154m T=22.84N z=0.591 m_est=2.064
[INFO] [1789415035.105856794] [acados_nmpc_node]: [attach-window] t=10.90s pos_err=0.173m T=23.06N z=0.592 m_est=2.064
[INFO] [1789415035.154045421] [acados_nmpc_node]: [attach-window] t=10.95s pos_err=0.188m T=22.99N z=0.597 m_est=2.064
[INFO] [1789415035.207241540] [acados_nmpc_node]: [attach-window] t=11.00s pos_err=0.208m T=23.19N z=0.600 m_est=2.064
[INFO] [1789415035.207646409] [acados_nmpc_node]: [wcmd] raw=[-0.096,+0.011,-0.041] w=[-0.066,-0.081,+0.109] err=[-0.029,+0.092] scaled=[-0.213,+0.378] s=5.00
[INFO] [1789415035.254077988] [acados_nmpc_node]: [attach-window] t=11.05s pos_err=0.221m T=23.03N z=0.607 m_est=2.064
[INFO] [1789415035.307529681] [acados_nmpc_node]: [attach-window] t=11.10s pos_err=0.242m T=23.21N z=0.612 m_est=2.064
[INFO] [1789415035.354136939] [acados_nmpc_node]: [attach-window] t=11.15s pos_err=0.253m T=22.98N z=0.624 m_est=2.064
[INFO] [1789415035.407713435] [acados_nmpc_node]: [attach-window] t=11.20s pos_err=0.274m T=23.17N z=0.631 m_est=2.064
[INFO] [1789415035.408159638] [acados_nmpc_node]: [wcmd] raw=[-0.044,-0.032,-0.101] w=[+0.026,-0.146,+0.038] err=[-0.070,+0.115] scaled=[-0.324,+0.427] s=5.00
[INFO] [1789415035.454447858] [acados_nmpc_node]: [attach-window] t=11.25s pos_err=0.281m T=22.78N z=0.649 m_est=2.064
[INFO] [1789415035.507697792] [acados_nmpc_node]: [attach-window] t=11.30s pos_err=0.301m T=22.94N z=0.659 m_est=2.064
[INFO] [1789415035.554537969] [acados_nmpc_node]: [attach-window] t=11.35s pos_err=0.308m T=22.61N z=0.679 m_est=2.064
[INFO] [1789415035.608239682] [acados_nmpc_node]: [attach-window] t=11.40s pos_err=0.330m T=22.77N z=0.690 m_est=2.064
[INFO] [1789415035.608650203] [acados_nmpc_node]: [wcmd] raw=[+0.001,-0.110,-0.127] w=[-0.025,+0.185,+0.096] err=[+0.026,-0.295] scaled=[+0.103,-1.292] s=5.00
[INFO] [1789415035.654457861] [acados_nmpc_node]: [attach-window] t=11.45s pos_err=0.331m T=22.41N z=0.718 m_est=2.064
[WARN] [1789415035.681988035] [acados_nmpc_node]: [omega_scale] body-rate headroom limited scale 5.00->4.21 (guard ±1.90, hard ±2.00rad/s)
[INFO] [1789415035.708646517] [acados_nmpc_node]: [attach-window] t=11.50s pos_err=0.352m T=22.58N z=0.732 m_est=2.064
[INFO] [1789415035.754226558] [acados_nmpc_node]: [attach-window] t=11.55s pos_err=0.354m T=22.07N z=0.761 m_est=2.064
[INFO] [1789415035.808021953] [acados_nmpc_node]: [attach-window] t=11.60s pos_err=0.375m T=22.25N z=0.777 m_est=2.064
[INFO] [1789415035.808458785] [acados_nmpc_node]: [wcmd] raw=[-0.008,+0.143,-0.100] w=[+0.054,+0.457,+0.149] err=[-0.062,-0.313] scaled=[-0.256,-1.110] s=5.00
[INFO] [1789415035.854395827] [acados_nmpc_node]: [attach-window] t=11.65s pos_err=0.370m T=21.59N z=0.815 m_est=2.064
[INFO] [1789415035.908085899] [acados_nmpc_node]: [attach-window] t=11.70s pos_err=0.392m T=21.95N z=0.833 m_est=2.064
[INFO] [1789415035.954976444] [acados_nmpc_node]: [attach-window] t=11.75s pos_err=0.390m T=21.84N z=0.870 m_est=2.064
[INFO] [1789415036.032994798] [acados_nmpc_node]: [attach-window] t=11.80s pos_err=0.407m T=21.72N z=0.895 m_est=2.064
[INFO] [1789415036.033407386] [acados_nmpc_node]: [wcmd] raw=[+0.019,-0.032,-0.116] w=[+0.045,-0.619,-0.259] err=[-0.026,+0.587] scaled=[-0.066,+1.900] s=5.00
[INFO] [1789415036.054665852] [acados_nmpc_node]: [attach-window] t=11.85s pos_err=0.404m T=21.48N z=0.935 m_est=2.064
[INFO] [1789415036.107974131] [acados_nmpc_node]: [attach-window] t=11.90s pos_err=0.428m T=21.85N z=0.955 m_est=2.064
[INFO] [1789415036.153633146] [acados_nmpc_node]: [attach-window] t=11.95s pos_err=0.426m T=21.75N z=0.996 m_est=2.064
[INFO] [1789415036.207862231] [acados_nmpc_node]: [attach-window] t=12.00s pos_err=0.452m T=22.19N z=1.016 m_est=2.064
[INFO] [1789415036.222001727] [acados_nmpc_node]: [wcmd] raw=[-0.028,-0.111,-0.127] w=[-0.072,-0.504,-0.254] err=[+0.044,+0.393] scaled=[+0.149,+1.463] s=5.00
[INFO] [1789415036.255120500] [acados_nmpc_node]: [attach-window] t=12.05s pos_err=0.445m T=21.83N z=1.063 m_est=2.064
[INFO] [1789415036.332569365] [acados_nmpc_node]: [attach-window] t=12.10s pos_err=0.472m T=22.07N z=1.085 m_est=2.064
[INFO] [1789415036.355026412] [acados_nmpc_node]: [attach-window] t=12.15s pos_err=0.470m T=21.86N z=1.129 m_est=2.064
[INFO] [1789415036.409475838] [acados_nmpc_node]: [attach-window] t=12.20s pos_err=0.498m T=22.30N z=1.151 m_est=2.064
[INFO] [1789415036.442002295] [acados_nmpc_node]: [wcmd] raw=[-0.030,+0.301,-0.072] w=[+0.065,+0.753,+0.151] err=[-0.095,-0.452] scaled=[-0.411,-1.506] s=5.00
[INFO] [1789415036.455440332] [acados_nmpc_node]: [attach-window] t=12.25s pos_err=0.492m T=21.77N z=1.202 m_est=2.064
[INFO] [1789415036.508179208] [acados_nmpc_node]: [attach-window] t=12.30s pos_err=0.521m T=22.28N z=1.225 m_est=2.064
[WARN] [1789415036.551791842] [acados_nmpc_node]: [payload-health] unhealthy/stale; holding model and confidence timer (mhe_healthy=False, solution_age=0.118s, rx_age=infs)
[INFO] [1789415036.555128964] [acados_nmpc_node]: [attach-window] t=12.35s pos_err=0.521m T=22.55N z=1.271 m_est=2.064
[INFO] [1789415036.608156629] [acados_nmpc_node]: [attach-window] t=12.40s pos_err=0.552m T=23.09N z=1.294 m_est=2.064
[INFO] [1789415036.642003927] [acados_nmpc_node]: [wcmd] raw=[+0.010,-0.387,-0.018] w=[-0.069,-0.711,-0.297] err=[+0.080,+0.324] scaled=[+0.329,+0.910] s=5.00
[INFO] [1789415036.654392646] [acados_nmpc_node]: [attach-window] t=12.45s pos_err=0.546m T=22.32N z=1.348 m_est=2.064
[INFO] [1789415036.707559611] [acados_nmpc_node]: [attach-window] t=12.50s pos_err=0.576m T=22.66N z=1.372 m_est=2.064
[INFO] [1789415036.779536299] [acados_nmpc_node]: [attach-window] t=12.55s pos_err=0.574m T=22.33N z=1.424 m_est=2.064
[INFO] [1789415036.807874354] [acados_nmpc_node]: [attach-window] t=12.60s pos_err=0.604m T=22.69N z=1.450 m_est=2.064
[INFO] [1789415036.841989175] [acados_nmpc_node]: [wcmd] raw=[-0.013,-0.025,+0.014] w=[+0.076,+0.385,+0.123] err=[-0.089,-0.410] scaled=[-0.367,-1.663] s=5.00
[INFO] [1789415036.854136798] [acados_nmpc_node]: [attach-window] t=12.65s pos_err=0.594m T=22.26N z=1.510 m_est=2.064
[INFO] [1789415036.907535111] [acados_nmpc_node]: [attach-window] t=12.70s pos_err=0.625m T=22.68N z=1.538 m_est=2.064
[INFO] [1789415036.951770503] [acados_nmpc_node]: [payload-health] healthy/fresh; model updates enabled
[INFO] [1789415036.955034308] [acados_nmpc_node]: [attach-window] t=12.75s pos_err=0.613m T=21.88N z=1.601 m_est=2.064
[INFO] [1789415037.007737206] [acados_nmpc_node]: [attach-window] t=12.80s pos_err=0.651m T=22.46N z=1.622 m_est=2.064
[INFO] [1789415037.041990285] [acados_nmpc_node]: [wcmd] raw=[+0.036,+0.212,+0.026] w=[-0.044,+0.590,+0.221] err=[+0.080,-0.378] scaled=[+0.356,-1.302] s=5.00
[INFO] [1789415037.054872907] [acados_nmpc_node]: [attach-window] t=12.85s pos_err=0.636m T=21.94N z=1.689 m_est=2.064
[INFO] [1789415037.120604370] [acados_nmpc_node]: [attach-window] t=12.90s pos_err=0.666m T=22.15N z=1.720 m_est=2.064
[INFO] [1789415037.182654544] [acados_nmpc_node]: [attach-window] t=12.95s pos_err=0.648m T=21.53N z=1.792 m_est=2.064
[INFO] [1789415037.208134017] [acados_nmpc_node]: [attach-window] t=13.00s pos_err=0.677m T=21.97N z=1.824 m_est=2.064
[INFO] [1789415037.254107578] [acados_nmpc_node]: [attach-window] t=13.05s pos_err=0.666m T=21.64N z=1.889 m_est=2.064
[INFO] [1789415037.261997533] [acados_nmpc_node]: [wcmd] raw=[-0.019,+0.103,+0.003] w=[-0.112,-0.054,+0.012] err=[+0.093,+0.158] scaled=[+0.354,+0.734] s=5.00
[INFO] [1789415037.307761233] [acados_nmpc_node]: [attach-window] t=13.10s pos_err=0.695m T=22.16N z=1.923 m_est=2.064
[INFO] [1789415037.354699850] [acados_nmpc_node]: [attach-window] t=13.15s pos_err=0.683m T=21.73N z=1.989 m_est=2.064
[INFO] [1789415037.408108769] [acados_nmpc_node]: [attach-window] t=13.20s pos_err=0.713m T=22.02N z=2.023 m_est=2.064
[INFO] [1789415037.455605946] [acados_nmpc_node]: [attach-window] t=13.25s pos_err=0.689m T=20.78N z=2.102 m_est=2.064
[INFO] [1789415037.461953580] [acados_nmpc_node]: [wcmd] raw=[-0.005,-0.447,-0.044] w=[+0.170,-0.774,-0.228] err=[-0.175,+0.327] scaled=[-0.704,+0.861] s=5.00
[INFO] [1789415037.509142239] [acados_nmpc_node]: [attach-window] t=13.30s pos_err=0.717m T=20.85N z=2.138 m_est=2.064
[WARN] [1789415037.551794232] [acados_nmpc_node]: [payload-health] unhealthy/stale; holding model and confidence timer (mhe_healthy=False, solution_age=0.133s, rx_age=infs)
[INFO] [1789415037.555119521] [acados_nmpc_node]: [attach-window] t=13.35s pos_err=0.692m T=21.09N z=2.219 m_est=2.064
[INFO] [1789415037.608786663] [acados_nmpc_node]: [attach-window] t=13.40s pos_err=0.730m T=21.85N z=2.246 m_est=2.064
[INFO] [1789415037.654119654] [acados_nmpc_node]: [attach-window] t=13.45s pos_err=0.705m T=21.55N z=2.327 m_est=2.064
[INFO] [1789415037.661953862] [acados_nmpc_node]: [wcmd] raw=[+0.040,+0.257,+0.006] w=[-0.107,+0.452,+0.210] err=[+0.147,-0.196] scaled=[+0.627,-0.526] s=5.00
[INFO] [1789415037.715872905] [acados_nmpc_node]: [attach-window] t=13.50s pos_err=0.733m T=22.15N z=2.363 m_est=2.064
[INFO] [1789415037.753387162] [acados_nmpc_node]: [attach-window] t=13.55s pos_err=0.718m T=21.58N z=2.435 m_est=2.064
[INFO] [1789415037.805820984] [acados_nmpc_node]: [attach-window] t=13.60s pos_err=0.745m T=22.00N z=2.472 m_est=2.064
[INFO] [1789415037.851813150] [acados_nmpc_node]: [payload-health] healthy/fresh; model updates enabled
[INFO] [1789415037.857885597] [acados_nmpc_node]: [attach-window] t=13.65s pos_err=0.720m T=20.67N z=2.555 m_est=2.064
[INFO] [1789415037.861957531] [acados_nmpc_node]: [wcmd] raw=[-0.079,-0.238,-0.056] w=[-0.029,-0.559,-0.174] err=[-0.051,+0.321] scaled=[-0.282,+1.046] s=5.00
[INFO] [1789415037.908387496] [acados_nmpc_node]: [attach-window] t=13.70s pos_err=0.748m T=21.47N z=2.593 m_est=2.064
[WARN] [1789415037.951828083] [acados_nmpc_node]: [payload-health] unhealthy/stale; holding model and confidence timer (mhe_healthy=False, solution_age=0.113s, rx_age=infs)
[INFO] [1789415037.954789171] [acados_nmpc_node]: [attach-window] t=13.75s pos_err=0.729m T=21.66N z=2.668 m_est=2.064
[INFO] [1789415038.005132730] [acados_nmpc_node]: [payload-health] healthy/fresh; model updates enabled
[INFO] [1789415038.007682308] [acados_nmpc_node]: [attach-window] t=13.80s pos_err=0.757m T=22.13N z=2.705 m_est=2.064
[INFO] [1789415038.054527307] [acados_nmpc_node]: [attach-window] t=13.85s pos_err=0.729m T=21.39N z=2.790 m_est=2.064
[INFO] [1789415038.061960859] [acados_nmpc_node]: [wcmd] raw=[+0.026,+0.063,-0.068] w=[+0.115,-0.225,-0.077] err=[-0.089,+0.288] scaled=[-0.331,+1.215] s=5.00
[INFO] [1789415038.143003553] [acados_nmpc_node]: [attach-window] t=13.90s pos_err=0.756m T=21.77N z=2.827 m_est=2.064
[INFO] [1789415038.154197132] [acados_nmpc_node]: [attach-window] t=13.95s pos_err=0.735m T=21.32N z=2.904 m_est=2.064
[INFO] [1789415038.208093053] [acados_nmpc_node]: [attach-window] t=14.00s pos_err=0.761m T=21.90N z=2.942 m_est=2.064
[INFO] [1789415038.254917168] [acados_nmpc_node]: [attach-window] t=14.05s pos_err=0.730m T=21.24N z=3.029 m_est=2.064
[INFO] [1789415038.307947068] [acados_nmpc_node]: [attach-window] t=14.10s pos_err=0.756m T=21.70N z=3.067 m_est=2.064
[INFO] [1789415038.308365768] [acados_nmpc_node]: [wcmd] raw=[-0.010,-0.290,-0.095] w=[-0.230,-0.073,-0.054] err=[+0.220,-0.218] scaled=[+0.869,-1.160] s=5.00
[INFO] [1789415038.355685998] [acados_nmpc_node]: [attach-window] t=14.15s pos_err=0.734m T=21.19N z=3.144 m_est=2.064
[INFO] [1789415038.408856189] [acados_nmpc_node]: [attach-window] t=14.20s pos_err=0.758m T=21.36N z=3.183 m_est=2.066
[INFO] [1789415038.454819561] [acados_nmpc_node]: [attach-window] t=14.25s pos_err=0.724m T=20.82N z=3.271 m_est=2.068
[INFO] [1789415038.508156109] [acados_nmpc_node]: [attach-window] t=14.30s pos_err=0.747m T=21.26N z=3.310 m_est=2.072
[INFO] [1789415038.508558776] [acados_nmpc_node]: [wcmd] raw=[-0.048,+0.234,-0.009] w=[+0.192,+0.104,+0.006] err=[-0.240,+0.130] scaled=[-1.007,+0.755] s=5.00
[INFO] [1789415038.554094063] [acados_nmpc_node]: [attach-window] t=14.35s pos_err=0.722m T=21.03N z=3.389 m_est=2.075
[INFO] [1789415038.607574463] [acados_nmpc_node]: [attach-window] t=14.40s pos_err=0.744m T=21.62N z=3.428 m_est=2.081
[INFO] [1789415038.654150792] [acados_nmpc_node]: [attach-window] t=14.45s pos_err=0.710m T=21.09N z=3.515 m_est=2.086
[INFO] [1789415038.707854579] [acados_nmpc_node]: [attach-window] t=14.50s pos_err=0.732m T=21.53N z=3.553 m_est=2.093
[INFO] [1789415038.708262971] [acados_nmpc_node]: [wcmd] raw=[+0.083,-0.045,-0.037] w=[-0.057,+0.076,+0.008] err=[+0.141,-0.121] scaled=[+0.647,-0.529] s=5.00
[INFO] [1789415038.754046963] [acados_nmpc_node]: [attach-window] t=14.55s pos_err=0.707m T=21.07N z=3.630 m_est=2.098
[INFO] [1789415038.806900175] [acados_nmpc_node]: [attach-window] t=14.60s pos_err=0.717m T=21.21N z=3.678 m_est=2.104
[INFO] [1789415038.880589851] [acados_nmpc_node]: [attach-window] t=14.65s pos_err=0.692m T=20.95N z=3.755 m_est=2.109
[INFO] [1789415038.908090525] [acados_nmpc_node]: [attach-window] t=14.70s pos_err=0.711m T=21.38N z=3.793 m_est=2.114
[INFO] [1789415038.908502127] [acados_nmpc_node]: [wcmd] raw=[-0.072,+0.227,+0.004] w=[-0.099,+0.589,+0.205] err=[+0.027,-0.362] scaled=[+0.036,-1.222] s=5.00
[INFO] [1789415038.954538198] [acados_nmpc_node]: [attach-window] t=14.75s pos_err=0.685m T=20.89N z=3.868 m_est=2.118
[INFO] [1789415039.007590203] [acados_nmpc_node]: [attach-window] t=14.80s pos_err=0.704m T=21.23N z=3.906 m_est=2.122
[INFO] [1789415039.055167075] [acados_nmpc_node]: [attach-window] t=14.85s pos_err=0.666m T=20.59N z=3.991 m_est=2.126
[INFO] [1789415039.130433170] [acados_nmpc_node]: [attach-window] t=14.90s pos_err=0.682m T=20.67N z=4.030 m_est=2.129
[INFO] [1789415039.130833604] [acados_nmpc_node]: [wcmd] raw=[+0.042,-0.102,-0.020] w=[+0.288,-0.637,-0.228] err=[-0.246,+0.534] scaled=[-0.881,+1.900] s=5.00
[INFO] [1789415039.151801965] [acados_nmpc_node]: ATTACH J bootstrap handoff: persistent MHE payload evidence, blending floor 0.0579 -> MHE dJ 0.0160kg m^2 over 0.50s
[INFO] [1789415039.154755421] [acados_nmpc_node]: [attach-window] t=14.95s pos_err=0.652m T=20.22N z=4.107 m_est=2.131
[INFO] [1789415039.208237565] [acados_nmpc_node]: [attach-window] t=15.00s pos_err=0.667m T=20.66N z=4.145 m_est=2.133
[INFO] [1789415039.254056686] [acados_nmpc_node]: [attach-window] t=15.05s pos_err=0.627m T=20.20N z=4.230 m_est=2.135
[INFO] [1789415039.307726212] [acados_nmpc_node]: [attach-window] t=15.10s pos_err=0.641m T=20.58N z=4.267 m_est=2.136
[INFO] [1789415039.322045272] [acados_nmpc_node]: [wcmd] raw=[+0.004,-0.072,-0.041] w=[-0.295,-0.596,-0.213] err=[+0.298,+0.525] scaled=[+1.126,+1.900] s=4.94
[INFO] [1789415039.373573916] [acados_nmpc_node]: [attach-window] t=15.15s pos_err=0.611m T=20.07N z=4.340 m_est=2.137
[INFO] [1789415039.408175720] [acados_nmpc_node]: [attach-window] t=15.20s pos_err=0.623m T=20.28N z=4.377 m_est=2.137
[INFO] [1789415039.475938166] [acados_nmpc_node]: [attach-window] t=15.25s pos_err=0.584m T=19.78N z=4.458 m_est=2.137
[INFO] [1789415039.536885918] [acados_nmpc_node]: [attach-window] t=15.30s pos_err=0.596m T=19.98N z=4.493 m_est=2.134
[INFO] [1789415039.541946367] [acados_nmpc_node]: [wcmd] raw=[-0.108,+0.016,-0.019] w=[+0.185,+0.612,+0.139] err=[-0.293,-0.597] scaled=[-1.047,-1.900] s=4.64
[INFO] [1789415039.554515325] [acados_nmpc_node]: [attach-window] t=15.35s pos_err=0.567m T=20.13N z=4.561 m_est=2.131
[INFO] [1789415039.607742737] [acados_nmpc_node]: [attach-window] t=15.40s pos_err=0.580m T=20.66N z=4.594 m_est=2.125
[INFO] [1789415039.651884814] [acados_nmpc_node]: ATTACH J bootstrap released; NMPC J is now MHE-only
[INFO] [1789415039.672440660] [acados_nmpc_node]: [attach-window] t=15.45s pos_err=0.548m T=20.42N z=4.663 m_est=2.120
[INFO] [1789415039.708367015] [acados_nmpc_node]: [attach-window] t=15.50s pos_err=0.561m T=20.50N z=4.694 m_est=2.113
[INFO] [1789415039.742053715] [acados_nmpc_node]: [wcmd] raw=[+0.112,+0.262,+0.037] w=[-0.187,-0.211,-0.112] err=[+0.299,+0.473] scaled=[+1.112,+1.843] s=4.34
[INFO] [1789415039.754107639] [acados_nmpc_node]: [attach-window] t=15.55s pos_err=0.536m T=20.13N z=4.754 m_est=2.108
[INFO] [1789415039.807793142] [acados_nmpc_node]: [attach-window] t=15.60s pos_err=0.547m T=20.38N z=4.784 m_est=2.102
[INFO] [1789415039.854122988] [acados_nmpc_node]: [attach-window] t=15.65s pos_err=0.515m T=19.71N z=4.851 m_est=2.098
[INFO] [1789415039.907846387] [acados_nmpc_node]: [attach-window] t=15.70s pos_err=0.524m T=19.92N z=4.880 m_est=2.093
[INFO] [1789415039.908333013] [acados_nmpc_node]: t=15.7s | pos_err=0.524m | T=19.92N | tau=[r-0.321 p-0.028 y0.031]Nm | res_stat=4.837e-07(peak 9.953e-07) sqp_iter=4 | solve=1.8ms
[INFO] [1789415039.908537035] [acados_nmpc_node]: [flight-diag] t=15.7s | om_scale=4.131(lo 4.131 hi 5.000) | tilt_max=3.74deg | w_max=[r0.365 p0.995 y0.418]rad/s | u_frac=[T0.740 r1.000 p1.000 y0.724] | u_sat=[T0.0 r4.0 p49.0 y0.0]% | mot_peak=1.000 mot_sat=17.6% | health=1 age=0.000s conf=0.000 | n=100
[INFO] [1789415039.942054962] [acados_nmpc_node]: [wcmd] raw=[-0.092,-0.126,+0.024] w=[+0.276,-0.596,-0.232] err=[-0.368,+0.470] scaled=[-1.211,+1.303] s=4.04
[INFO] [1789415039.955117289] [acados_nmpc_node]: [attach-window] t=15.75s pos_err=0.498m T=19.62N z=4.938 m_est=2.089
[INFO] [1789415040.008580479] [acados_nmpc_node]: [attach-window] t=15.80s pos_err=0.506m T=19.97N z=4.966 m_est=2.085
[INFO] [1789415040.054138493] [acados_nmpc_node]: [attach-window] t=15.85s pos_err=0.476m T=19.91N z=5.026 m_est=2.082
[INFO] [1789415040.108210590] [acados_nmpc_node]: [attach-window] t=15.90s pos_err=0.484m T=20.25N z=5.052 m_est=2.080
[INFO] [1789415040.142021142] [acados_nmpc_node]: [wcmd] raw=[+0.145,-0.008,+0.059] w=[-0.138,+0.806,+0.309] err=[+0.283,-0.813] scaled=[+0.802,-1.900] s=3.74
[INFO] [1789415040.154193115] [acados_nmpc_node]: [attach-window] t=15.95s pos_err=0.454m T=19.78N z=5.110 m_est=2.077
[INFO] [1789415040.208081163] [acados_nmpc_node]: [attach-window] t=16.00s pos_err=0.460m T=20.00N z=5.135 m_est=2.075
[INFO] [1789415040.254403860] [acados_nmpc_node]: [attach-window] t=16.05s pos_err=0.437m T=19.78N z=5.185 m_est=2.074
[INFO] [1789415040.308101488] [acados_nmpc_node]: [attach-window] t=16.10s pos_err=0.442m T=19.94N z=5.209 m_est=2.072
[INFO] [1789415040.342088000] [acados_nmpc_node]: [wcmd] raw=[-0.124,+0.310,+0.039] w=[+0.045,+0.068,+0.099] err=[-0.170,+0.242] scaled=[-0.539,+0.900] s=3.44
[INFO] [1789415040.354156178] [acados_nmpc_node]: [attach-window] t=16.15s pos_err=0.413m T=19.88N z=5.261 m_est=2.071
[INFO] [1789415040.408122600] [acados_nmpc_node]: [attach-window] t=16.20s pos_err=0.423m T=20.21N z=5.278 m_est=2.070
[INFO] [1789415040.454178654] [acados_nmpc_node]: [attach-window] t=16.25s pos_err=0.394m T=19.70N z=5.329 m_est=2.069
[INFO] [1789415040.507914519] [acados_nmpc_node]: [attach-window] t=16.30s pos_err=0.396m T=19.86N z=5.351 m_est=2.068
[INFO] [1789415040.541907831] [acados_nmpc_node]: [wcmd] raw=[+0.051,-0.148,-0.044] w=[-0.090,-0.710,-0.184] err=[+0.141,+0.562] scaled=[+0.354,+1.056] s=3.14
[INFO] [1789415040.553693052] [acados_nmpc_node]: [attach-window] t=16.35s pos_err=0.373m T=19.68N z=5.394 m_est=2.067
[INFO] [1789415040.608359870] [acados_nmpc_node]: [attach-window] t=16.40s pos_err=0.374m T=19.81N z=5.415 m_est=2.067
[INFO] [1789415040.654263920] [acados_nmpc_node]: [attach-window] t=16.45s pos_err=0.346m T=19.72N z=5.461 m_est=2.067
[INFO] [1789415040.708306594] [acados_nmpc_node]: [attach-window] t=16.50s pos_err=0.346m T=19.92N z=5.480 m_est=2.066
[INFO] [1789415040.741982784] [acados_nmpc_node]: [wcmd] raw=[-0.051,-0.094,-0.031] w=[+0.045,+0.653,+0.242] err=[-0.096,-0.748] scaled=[-0.228,-1.471] s=2.84
[INFO] [1789415040.754093899] [acados_nmpc_node]: [attach-window] t=16.55s pos_err=0.320m T=19.60N z=5.523 m_est=2.066
[INFO] [1789415040.807930442] [acados_nmpc_node]: [attach-window] t=16.60s pos_err=0.319m T=19.77N z=5.541 m_est=2.066
[INFO] [1789415040.854230703] [acados_nmpc_node]: [attach-window] t=16.65s pos_err=0.298m T=19.84N z=5.576 m_est=2.065
[INFO] [1789415040.907783791] [acados_nmpc_node]: [attach-window] t=16.70s pos_err=0.297m T=20.04N z=5.592 m_est=2.065
[INFO] [1789415040.941914051] [acados_nmpc_node]: [wcmd] raw=[+0.002,+0.188,-0.034] w=[-0.077,-0.218,-0.078] err=[+0.079,+0.406] scaled=[+0.124,+0.814] s=2.54
[INFO] [1789415040.953482011] [acados_nmpc_node]: [attach-window] t=16.75s pos_err=0.275m T=20.06N z=5.627 m_est=2.065
[INFO] [1789415041.008178134] [acados_nmpc_node]: [attach-window] t=16.80s pos_err=0.274m T=20.25N z=5.641 m_est=2.065
[INFO] [1789415041.054344342] [acados_nmpc_node]: [attach-window] t=16.85s pos_err=0.257m T=20.29N z=5.668 m_est=2.065
[INFO] [1789415041.108159759] [acados_nmpc_node]: [attach-window] t=16.90s pos_err=0.256m T=20.47N z=5.680 m_est=2.065
[INFO] [1789415041.142104915] [acados_nmpc_node]: [wcmd] raw=[+0.029,-0.178,-0.051] w=[+0.051,-0.067,-0.062] err=[-0.022,-0.110] scaled=[+0.001,-0.314] s=2.24
[INFO] [1789415041.153411127] [acados_nmpc_node]: [attach-window] t=16.95s pos_err=0.242m T=20.60N z=5.703 m_est=2.065
[INFO] [1789415041.207876446] [acados_nmpc_node]: [attach-window] t=17.00s pos_err=0.240m T=20.75N z=5.714 m_est=2.065
[INFO] [1789415041.254409095] [acados_nmpc_node]: [attach-window] t=17.05s pos_err=0.225m T=20.81N z=5.736 m_est=2.065
[INFO] [1789415041.308195864] [acados_nmpc_node]: [attach-window] t=17.10s pos_err=0.224m T=20.93N z=5.745 m_est=2.064
[INFO] [1789415041.342135968] [acados_nmpc_node]: [wcmd] raw=[-0.011,+0.113,-0.006] w=[+0.009,+0.055,-0.009] err=[-0.020,+0.058] scaled=[-0.029,+0.167] s=1.94
[INFO] [1789415041.354067898] [acados_nmpc_node]: [attach-window] t=17.15s pos_err=0.213m T=21.04N z=5.761 m_est=2.064
[INFO] [1789415041.407778312] [acados_nmpc_node]: [attach-window] t=17.20s pos_err=0.209m T=21.14N z=5.771 m_est=2.064
[INFO] [1789415041.454063469] [acados_nmpc_node]: [attach-window] t=17.25s pos_err=0.199m T=21.18N z=5.785 m_est=2.064
[INFO] [1789415041.507618866] [acados_nmpc_node]: [attach-window] t=17.30s pos_err=0.197m T=21.25N z=5.792 m_est=2.064
[INFO] [1789415041.542096035] [acados_nmpc_node]: [wcmd] raw=[+0.014,-0.067,-0.011] w=[+0.005,+0.024,-0.023] err=[+0.009,-0.091] scaled=[+0.020,-0.125] s=1.65
[INFO] [1789415041.553910258] [acados_nmpc_node]: [attach-window] t=17.35s pos_err=0.187m T=21.27N z=5.804 m_est=2.064
[INFO] [1789415041.607612408] [acados_nmpc_node]: [attach-window] t=17.40s pos_err=0.184m T=21.31N z=5.810 m_est=2.064
[INFO] [1789415041.653996223] [acados_nmpc_node]: [attach-window] t=17.45s pos_err=0.174m T=21.32N z=5.822 m_est=2.064
[INFO] [1789415041.707931556] [acados_nmpc_node]: [attach-window] t=17.50s pos_err=0.170m T=21.34N z=5.827 m_est=2.064
[INFO] [1789415041.741968028] [acados_nmpc_node]: [wcmd] raw=[+0.016,-0.013,+0.007] w=[+0.027,-0.065,-0.041] err=[-0.011,+0.052] scaled=[+0.012,+0.010] s=1.43
[INFO] [1789415041.753878370] [acados_nmpc_node]: [attach-window] t=17.55s pos_err=0.161m T=21.34N z=5.837 m_est=2.064
[INFO] [1789415041.807875090] [acados_nmpc_node]: [attach-window] t=17.60s pos_err=0.158m T=21.36N z=5.842 m_est=2.064
[INFO] [1789415041.853973842] [acados_nmpc_node]: [attach-window] t=17.65s pos_err=0.149m T=21.36N z=5.851 m_est=2.064
[INFO] [1789415041.907899294] [acados_nmpc_node]: [attach-window] t=17.70s pos_err=0.145m T=21.37N z=5.855 m_est=2.064
[INFO] [1789415041.942011882] [acados_nmpc_node]: [wcmd] raw=[-0.012,+0.011,+0.018] w=[+0.022,+0.013,+0.004] err=[-0.034,-0.002] scaled=[-0.021,+0.011] s=1.29
[INFO] [1789415041.953893986] [acados_nmpc_node]: [attach-window] t=17.75s pos_err=0.137m T=21.38N z=5.864 m_est=2.064
[INFO] [1789415042.007477092] [acados_nmpc_node]: [attach-window] t=17.80s pos_err=0.133m T=21.39N z=5.867 m_est=2.064
[INFO] [1789415042.053870912] [acados_nmpc_node]: [attach-window] t=17.85s pos_err=0.127m T=21.41N z=5.873 m_est=2.064
[INFO] [1789415042.107800074] [acados_nmpc_node]: [attach-window] t=17.90s pos_err=0.124m T=21.47N z=5.876 m_est=2.069
[INFO] [1789415042.142050831] [acados_nmpc_node]: [wcmd] raw=[-0.043,-0.002,+0.015] w=[-0.009,+0.009,+0.013] err=[-0.034,-0.011] scaled=[-0.049,-0.004] s=1.20
[INFO] [1789415042.153920089] [acados_nmpc_node]: [attach-window] t=17.95s pos_err=0.119m T=21.54N z=5.882 m_est=2.073
[INFO] [1789415042.207656630] [acados_nmpc_node]: [attach-window] t=18.00s pos_err=0.116m T=21.64N z=5.884 m_est=2.082
[INFO] [1789415042.253831426] [acados_nmpc_node]: [attach-window] t=18.05s pos_err=0.112m T=21.70N z=5.889 m_est=2.089
[INFO] [1789415042.307916171] [acados_nmpc_node]: [attach-window] t=18.10s pos_err=0.110m T=21.79N z=5.891 m_est=2.100
[INFO] [1789415042.341919884] [acados_nmpc_node]: [wcmd] raw=[-0.037,+0.013,+0.009] w=[-0.037,+0.006,+0.015] err=[+0.001,+0.007] scaled=[-0.036,+0.015] s=1.25
[INFO] [1789415042.353963605] [acados_nmpc_node]: [attach-window] t=18.15s pos_err=0.106m T=21.82N z=5.896 m_est=2.108
[INFO] [1789415042.407723610] [acados_nmpc_node]: [attach-window] t=18.20s pos_err=0.104m T=21.88N z=5.898 m_est=2.119
[INFO] [1789415042.453861016] [acados_nmpc_node]: [attach-window] t=18.25s pos_err=0.099m T=21.85N z=5.903 m_est=2.127
[INFO] [1789415042.507733962] [acados_nmpc_node]: [attach-window] t=18.30s pos_err=0.097m T=21.89N z=5.906 m_est=2.137
[INFO] [1789415042.542129622] [acados_nmpc_node]: [wcmd] raw=[-0.001,+0.021,+0.002] w=[-0.028,+0.024,+0.018] err=[+0.027,-0.003] scaled=[+0.011,+0.020] s=1.47
[INFO] [1789415042.553926724] [acados_nmpc_node]: [attach-window] t=18.35s pos_err=0.091m T=21.81N z=5.912 m_est=2.144
[INFO] [1789415042.607868284] [acados_nmpc_node]: [attach-window] t=18.40s pos_err=0.089m T=21.82N z=5.915 m_est=2.153
[INFO] [1789415042.653836152] [acados_nmpc_node]: [attach-window] t=18.45s pos_err=0.083m T=21.75N z=5.921 m_est=2.159
[INFO] [1789415042.707511069] [acados_nmpc_node]: [attach-window] t=18.50s pos_err=0.080m T=21.74N z=5.925 m_est=2.166
[INFO] [1789415042.741913897] [acados_nmpc_node]: [wcmd] raw=[+0.024,-0.005,-0.005] w=[+0.010,+0.017,+0.006] err=[+0.014,-0.022] scaled=[+0.034,-0.022] s=1.77
[INFO] [1789415042.753782578] [acados_nmpc_node]: [attach-window] t=18.55s pos_err=0.073m T=21.64N z=5.933 m_est=2.172
[INFO] [1789415042.807711996] [acados_nmpc_node]: [attach-window] t=18.60s pos_err=0.070m T=21.62N z=5.936 m_est=2.178
[INFO] [1789415042.853838589] [acados_nmpc_node]: [attach-window] t=18.65s pos_err=0.064m T=21.56N z=5.943 m_est=2.182
[INFO] [1789415042.907682722] [acados_nmpc_node]: [attach-window] t=18.70s pos_err=0.061m T=21.55N z=5.946 m_est=2.187
[INFO] [1789415042.942072543] [acados_nmpc_node]: [wcmd] raw=[-0.000,-0.024,-0.005] w=[+0.026,-0.022,-0.011] err=[-0.026,-0.002] scaled=[-0.028,-0.027] s=2.07
[INFO] [1789415042.953904424] [acados_nmpc_node]: [attach-window] t=18.75s pos_err=0.054m T=21.51N z=5.954 m_est=2.192
[INFO] [1789415043.007549765] [acados_nmpc_node]: [attach-window] t=18.80s pos_err=0.051m T=21.51N z=5.957 m_est=2.195
[INFO] [1789415043.053813057] [acados_nmpc_node]: [attach-window] t=18.85s pos_err=0.045m T=21.48N z=5.963 m_est=2.198
[INFO] [1789415043.107459934] [acados_nmpc_node]: [attach-window] t=18.90s pos_err=0.042m T=21.48N z=5.965 m_est=2.201
[INFO] [1789415043.141995708] [acados_nmpc_node]: [wcmd] raw=[-0.016,-0.020,+0.000] w=[-0.012,-0.023,-0.007] err=[-0.003,+0.004] scaled=[-0.020,-0.015] s=2.34
[INFO] [1789415043.153606027] [acados_nmpc_node]: [attach-window] t=18.95s pos_err=0.036m T=21.47N z=5.971 m_est=2.203
[INFO] [1789415043.207412195] [acados_nmpc_node]: [attach-window] t=19.00s pos_err=0.034m T=21.48N z=5.973 m_est=2.205
[INFO] [1789415043.253614173] [acados_nmpc_node]: [attach-window] t=19.05s pos_err=0.029m T=21.47N z=5.978 m_est=2.207
[INFO] [1789415043.307484889] [acados_nmpc_node]: [attach-window] t=19.10s pos_err=0.026m T=21.48N z=5.980 m_est=2.208
[INFO] [1789415043.341998529] [acados_nmpc_node]: [wcmd] raw=[+0.004,-0.015,+0.003] w=[-0.010,-0.018,-0.002] err=[+0.014,+0.003] scaled=[+0.027,-0.009] s=2.57
[INFO] [1789415043.353622100] [acados_nmpc_node]: [attach-window] t=19.15s pos_err=0.022m T=21.48N z=5.984 m_est=2.209
[INFO] [1789415043.407590427] [acados_nmpc_node]: [attach-window] t=19.20s pos_err=0.019m T=21.49N z=5.986 m_est=2.210
[INFO] [1789415043.453618777] [acados_nmpc_node]: [attach-window] t=19.25s pos_err=0.015m T=21.49N z=5.989 m_est=2.211
[INFO] [1789415043.507610247] [acados_nmpc_node]: [attach-window] t=19.30s pos_err=0.012m T=21.49N z=5.991 m_est=2.211
[INFO] [1789415043.541998597] [acados_nmpc_node]: [wcmd] raw=[+0.015,-0.008,+0.003] w=[+0.016,-0.010,+0.003] err=[-0.001,+0.002] scaled=[+0.013,-0.005] s=2.75
[INFO] [1789415043.553640409] [acados_nmpc_node]: [attach-window] t=19.35s pos_err=0.008m T=21.50N z=5.994 m_est=2.212
[INFO] [1789415043.607559148] [acados_nmpc_node]: [attach-window] t=19.40s pos_err=0.006m T=21.50N z=5.995 m_est=2.212
[INFO] [1789415043.653082564] [acados_nmpc_node]: [attach-window] t=19.45s pos_err=0.003m T=21.51N z=5.998 m_est=2.212
[INFO] [1789415043.707845508] [acados_nmpc_node]: [attach-window] t=19.50s pos_err=0.003m T=21.51N z=5.999 m_est=2.212
[INFO] [1789415043.741938911] [acados_nmpc_node]: [wcmd] raw=[+0.008,+0.000,+0.001] w=[+0.016,-0.003,+0.005] err=[-0.009,+0.004] scaled=[-0.009,+0.007] s=2.86
[INFO] [1789415043.753590426] [acados_nmpc_node]: [attach-window] t=19.55s pos_err=0.005m T=21.53N z=6.001 m_est=2.212
[INFO] [1789415043.807644923] [acados_nmpc_node]: [attach-window] t=19.60s pos_err=0.006m T=21.54N z=6.001 m_est=2.212
[INFO] [1789415043.853587220] [acados_nmpc_node]: [attach-window] t=19.65s pos_err=0.008m T=21.56N z=6.003 m_est=2.212
[INFO] [1789415043.907491865] [acados_nmpc_node]: [attach-window] t=19.70s pos_err=0.009m T=21.57N z=6.003 m_est=2.212
[INFO] [1789415043.942009536] [acados_nmpc_node]: [wcmd] raw=[-0.002,+0.007,-0.002] w=[+0.001,+0.004,+0.006] err=[-0.003,+0.003] scaled=[-0.006,+0.013] s=2.95
[INFO] [1789415043.953623573] [acados_nmpc_node]: [attach-window] t=19.75s pos_err=0.011m T=21.58N z=6.004 m_est=2.212
[INFO] [1789415044.005901547] [acados_nmpc_node]: [attach-window] t=19.80s pos_err=0.012m T=21.59N z=6.005 m_est=2.212
[INFO] [1789415044.053039572] [acados_nmpc_node]: [attach-window] t=19.85s pos_err=0.013m T=21.59N z=6.006 m_est=2.212
[INFO] [1789415044.107557887] [acados_nmpc_node]: [attach-window] t=19.90s pos_err=0.014m T=21.59N z=6.007 m_est=2.212
[INFO] [1789415044.141989120] [acados_nmpc_node]: [wcmd] raw=[-0.004,+0.012,-0.005] w=[-0.005,+0.017,+0.005] err=[+0.001,-0.005] scaled=[-0.002,+0.002] s=3.00
[INFO] [1789415044.153723233] [acados_nmpc_node]: [attach-window] t=19.95s pos_err=0.015m T=21.58N z=6.008 m_est=2.211
[INFO] [1789415044.207949000] [acados_nmpc_node]: [attach-window] t=20.00s pos_err=0.016m T=21.57N z=6.009 m_est=2.211
[INFO] [1789415044.253559351] [acados_nmpc_node]: [attach-window] t=20.05s pos_err=0.017m T=21.55N z=6.011 m_est=2.211
[INFO] [1789415044.307703951] [acados_nmpc_node]: [attach-window] t=20.10s pos_err=0.017m T=21.54N z=6.012 m_est=2.211
[INFO] [1789415044.341922750] [acados_nmpc_node]: [wcmd] raw=[-0.008,+0.011,-0.006] w=[-0.001,+0.006,-0.003] err=[-0.007,+0.005] scaled=[-0.023,+0.021] s=3.03
[INFO] [1789415044.353705031] [acados_nmpc_node]: [attach-window] t=20.15s pos_err=0.018m T=21.54N z=6.014 m_est=2.211
[INFO] [1789415044.407612666] [acados_nmpc_node]: [attach-window] t=20.20s pos_err=0.018m T=21.55N z=6.014 m_est=2.211
[INFO] [1789415044.453960815] [acados_nmpc_node]: [attach-window] t=20.25s pos_err=0.018m T=21.57N z=6.015 m_est=2.211
[INFO] [1789415044.507907617] [acados_nmpc_node]: [attach-window] t=20.30s pos_err=0.018m T=21.59N z=6.015 m_est=2.211
[INFO] [1789415044.542044903] [acados_nmpc_node]: [wcmd] raw=[-0.017,+0.008,-0.006] w=[-0.019,+0.011,-0.004] err=[+0.001,-0.004] scaled=[-0.015,-0.000] s=3.06
[INFO] [1789415044.553684527] [acados_nmpc_node]: [attach-window] t=20.35s pos_err=0.017m T=21.61N z=6.016 m_est=2.211
[INFO] [1789415044.607736710] [acados_nmpc_node]: [attach-window] t=20.40s pos_err=0.017m T=21.62N z=6.016 m_est=2.210
[INFO] [1789415044.653729223] [acados_nmpc_node]: [attach-window] t=20.45s pos_err=0.016m T=21.64N z=6.016 m_est=2.210
[INFO] [1789415044.707702803] [acados_nmpc_node]: [attach-window] t=20.50s pos_err=0.016m T=21.64N z=6.015 m_est=2.210
[INFO] [1789415044.742067849] [acados_nmpc_node]: [wcmd] raw=[+0.000,+0.009,-0.003] w=[-0.008,+0.010,-0.006] err=[+0.009,-0.001] scaled=[+0.019,+0.006] s=3.08
[INFO] [1789415044.753580960] [acados_nmpc_node]: [attach-window] t=20.55s pos_err=0.016m T=21.65N z=6.015 m_est=2.210
[INFO] [1789415044.807589226] [acados_nmpc_node]: [attach-window] t=20.60s pos_err=0.015m T=21.65N z=6.015 m_est=2.210
[INFO] [1789415044.853615702] [acados_nmpc_node]: [attach-window] t=20.65s pos_err=0.016m T=21.64N z=6.016 m_est=2.210
[INFO] [1789415044.907632695] [acados_nmpc_node]: [attach-window] t=20.70s pos_err=0.016m T=21.64N z=6.016 m_est=2.210
[INFO] [1789415044.908116512] [acados_nmpc_node]: t=20.7s | pos_err=0.016m | T=21.64N | tau=[r-0.215 p-0.022 y0.003]Nm | res_stat=4.126e-07(peak 9.953e-07) sqp_iter=2 | solve=1.3ms
[INFO] [1789415044.908319797] [acados_nmpc_node]: [flight-diag] t=20.7s | om_scale=3.083(lo 1.190 hi 4.041) | tilt_max=2.50deg | w_max=[r0.359 p0.776 y0.340]rad/s | u_frac=[T0.698 r0.441 p1.000 y0.606] | u_sat=[T0.0 r0.0 p1.0 y0.0]% | mot_peak=1.000 mot_sat=5.0% | health=1 age=0.000s conf=0.000 | n=100
[INFO] [1789415044.941983853] [acados_nmpc_node]: [wcmd] raw=[+0.004,+0.005,-0.000] w=[+0.005,+0.003,-0.009] err=[-0.001,+0.001] scaled=[+0.001,+0.007] s=3.09
[INFO] [1789415044.953624974] [acados_nmpc_node]: [attach-window] t=20.75s pos_err=0.016m T=21.64N z=6.016 m_est=2.210
[INFO] [1789415045.007945853] [acados_nmpc_node]: [attach-window] t=20.80s pos_err=0.017m T=21.63N z=6.016 m_est=2.210
[INFO] [1789415045.056518420] [acados_nmpc_node]: t=20.8s | DYNAMIC: switch to figure8 (r=10.0 w=0.1415) centered at [1.00,0.10] z=6.0, tracking with payload
[INFO] [1789415045.058663098] [acados_nmpc_node]: [attach-window] t=20.85s pos_err=0.017m T=21.62N z=6.017 m_est=2.210
[INFO] [1789415045.107751091] [acados_nmpc_node]: [attach-window] t=20.90s pos_err=0.017m T=21.63N z=6.017 m_est=2.210
[INFO] [1789415045.141928916] [acados_nmpc_node]: [wcmd] raw=[+0.005,-0.015,+0.003] w=[+0.006,-0.003,-0.006] err=[-0.001,-0.013] scaled=[+0.003,-0.042] s=3.09
[INFO] [1789415045.153713637] [acados_nmpc_node]: [attach-window] t=20.95s pos_err=0.017m T=21.63N z=6.017 m_est=2.210
[INFO] [1789415045.207647797] [acados_nmpc_node]: [attach-window] t=21.00s pos_err=0.017m T=21.63N z=6.017 m_est=2.210
[INFO] [1789415045.253647638] [acados_nmpc_node]: [attach-window] t=21.05s pos_err=0.017m T=21.63N z=6.017 m_est=2.210
[INFO] [1789415045.307771121] [acados_nmpc_node]: [attach-window] t=21.10s pos_err=0.017m T=21.63N z=6.017 m_est=2.210
[INFO] [1789415045.341996391] [acados_nmpc_node]: [wcmd] raw=[-0.000,+0.002,+0.007] w=[+0.003,+0.006,+0.003] err=[-0.004,-0.004] scaled=[-0.008,-0.007] s=3.10
[INFO] [1789415045.353653393] [acados_nmpc_node]: [attach-window] t=21.15s pos_err=0.017m T=21.63N z=6.017 m_est=2.210
[INFO] [1789415045.407819591] [acados_nmpc_node]: [attach-window] t=21.20s pos_err=0.017m T=21.63N z=6.017 m_est=2.210
[INFO] [1789415045.453691466] [acados_nmpc_node]: [attach-window] t=21.25s pos_err=0.017m T=21.62N z=6.017 m_est=2.210
[INFO] [1789415045.506576794] [acados_nmpc_node]: [attach-window] t=21.30s pos_err=0.017m T=21.62N z=6.017 m_est=2.210
[INFO] [1789415045.542007000] [acados_nmpc_node]: [wcmd] raw=[+0.001,-0.009,+0.006] w=[-0.002,-0.025,-0.003] err=[+0.004,+0.016] scaled=[+0.009,+0.024] s=3.10
[INFO] [1789415045.553714826] [acados_nmpc_node]: [attach-window] t=21.35s pos_err=0.017m T=21.63N z=6.017 m_est=2.210
[INFO] [1789415045.607798778] [acados_nmpc_node]: [attach-window] t=21.40s pos_err=0.017m T=21.63N z=6.017 m_est=2.210
[INFO] [1789415045.653809162] [acados_nmpc_node]: [attach-window] t=21.45s pos_err=0.017m T=21.65N z=6.017 m_est=2.210
[INFO] [1789415045.708061820] [acados_nmpc_node]: [attach-window] t=21.50s pos_err=0.017m T=21.66N z=6.017 m_est=2.210
[INFO] [1789415045.742072607] [acados_nmpc_node]: [wcmd] raw=[+0.005,-0.007,+0.005] w=[+0.008,+0.004,+0.009] err=[-0.003,-0.012] scaled=[+0.000,-0.032] s=3.10
[INFO] [1789415045.753707557] [acados_nmpc_node]: [attach-window] t=21.55s pos_err=0.016m T=21.67N z=6.016 m_est=2.210
[INFO] [1789415045.807720497] [acados_nmpc_node]: [attach-window] t=21.60s pos_err=0.016m T=21.67N z=6.016 m_est=2.210
[INFO] [1789415045.853639722] [acados_nmpc_node]: [attach-window] t=21.65s pos_err=0.015m T=21.68N z=6.015 m_est=2.210
[INFO] [1789415045.907734792] [acados_nmpc_node]: [attach-window] t=21.70s pos_err=0.015m T=21.69N z=6.014 m_est=2.210
[INFO] [1789415045.942001938] [acados_nmpc_node]: [wcmd] raw=[-0.006,+0.006,+0.003] w=[-0.001,+0.003,+0.009] err=[-0.005,+0.003] scaled=[-0.016,+0.012] s=3.11
[INFO] [1789415045.953673349] [acados_nmpc_node]: [attach-window] t=21.75s pos_err=0.015m T=21.70N z=6.014 m_est=2.210
[INFO] [1789415046.008248481] [acados_nmpc_node]: [attach-window] t=21.80s pos_err=0.015m T=21.70N z=6.013 m_est=2.210
[INFO] [1789415046.053668278] [acados_nmpc_node]: [attach-window] t=21.85s pos_err=0.014m T=21.70N z=6.013 m_est=2.210
[INFO] [1789415046.105831835] [acados_nmpc_node]: [attach-window] t=21.90s pos_err=0.014m T=21.70N z=6.012 m_est=2.210
[INFO] [1789415046.141931886] [acados_nmpc_node]: [wcmd] raw=[-0.004,-0.005,-0.002] w=[-0.007,-0.011,+0.003] err=[+0.003,+0.006] scaled=[+0.003,+0.008] s=3.11
[INFO] [1789415046.153746342] [acados_nmpc_node]: [attach-window] t=21.95s pos_err=0.015m T=21.71N z=6.011 m_est=2.210
[INFO] [1789415046.207765255] [acados_nmpc_node]: [attach-window] t=22.00s pos_err=0.015m T=21.71N z=6.011 m_est=2.210
[INFO] [1789415046.253889350] [acados_nmpc_node]: [attach-window] t=22.05s pos_err=0.015m T=21.72N z=6.009 m_est=2.210
[INFO] [1789415046.308095856] [acados_nmpc_node]: [attach-window] t=22.10s pos_err=0.016m T=21.73N z=6.009 m_est=2.210
[INFO] [1789415046.342055438] [acados_nmpc_node]: [wcmd] raw=[-0.002,-0.008,-0.003] w=[-0.003,-0.001,+0.003] err=[+0.001,-0.007] scaled=[+0.000,-0.022] s=3.11
[INFO] [1789415046.353780746] [acados_nmpc_node]: [attach-window] t=22.15s pos_err=0.016m T=21.73N z=6.008 m_est=2.210
[INFO] [1789415046.408233267] [acados_nmpc_node]: [attach-window] t=22.20s pos_err=0.017m T=21.74N z=6.007 m_est=2.210
[INFO] [1789415046.453948017] [acados_nmpc_node]: [attach-window] t=22.25s pos_err=0.017m T=21.75N z=6.005 m_est=2.210
[INFO] [1789415046.507673361] [acados_nmpc_node]: [attach-window] t=22.30s pos_err=0.017m T=21.76N z=6.005 m_est=2.210
[INFO] [1789415046.542027056] [acados_nmpc_node]: [wcmd] raw=[+0.003,+0.002,-0.002] w=[-0.000,-0.001,+0.001] err=[+0.003,+0.003] scaled=[+0.010,+0.008] s=3.11
[INFO] [1789415046.562260918] [acados_nmpc_node]: [attach-window] t=22.35s pos_err=0.018m T=21.77N z=6.003 m_est=2.210
[INFO] [1789415046.610078766] [acados_nmpc_node]: [attach-window] t=22.40s pos_err=0.018m T=21.77N z=6.003 m_est=2.210
[INFO] [1789415046.654611333] [acados_nmpc_node]: [attach-window] t=22.45s pos_err=0.018m T=21.74N z=6.002 m_est=2.210
[INFO] [1789415046.711315159] [acados_nmpc_node]: [attach-window] t=22.50s pos_err=0.018m T=21.72N z=6.001 m_est=2.210
[INFO] [1789415046.741991664] [acados_nmpc_node]: [wcmd] raw=[+0.000,+0.005,+0.267] w=[-0.001,+0.005,+0.036] err=[+0.001,+0.000] scaled=[+0.003,+0.006] s=3.11
[INFO] [1789415046.754988304] [acados_nmpc_node]: [attach-window] t=22.55s pos_err=0.018m T=21.69N z=6.001 m_est=2.211
[INFO] [1789415046.808948354] [acados_nmpc_node]: [attach-window] t=22.60s pos_err=0.018m T=21.68N z=6.001 m_est=2.211
[INFO] [1789415046.854925921] [acados_nmpc_node]: [attach-window] t=22.65s pos_err=0.017m T=21.65N z=6.001 m_est=2.211
[INFO] [1789415046.908978540] [acados_nmpc_node]: [attach-window] t=22.70s pos_err=0.017m T=21.65N z=6.001 m_est=2.211
[INFO] [1789415046.941970717] [acados_nmpc_node]: [wcmd] raw=[+0.013,+0.007,+0.370] w=[+0.000,+0.008,+0.146] err=[+0.013,-0.001] scaled=[+0.040,+0.005] s=3.11
[INFO] [1789415046.954622639] [acados_nmpc_node]: [attach-window] t=22.75s pos_err=0.016m T=21.63N z=6.002 m_est=2.211
[INFO] [1789415047.006710502] [acados_nmpc_node]: [attach-window] t=22.80s pos_err=0.015m T=21.61N z=6.002 m_est=2.211
[INFO] [1789415047.054533867] [acados_nmpc_node]: [attach-window] t=22.85s pos_err=0.014m T=21.59N z=6.004 m_est=2.211
[INFO] [1789415047.108276679] [acados_nmpc_node]: [attach-window] t=22.90s pos_err=0.013m T=21.57N z=6.004 m_est=2.211
[INFO] [1789415047.141957647] [acados_nmpc_node]: [wcmd] raw=[+0.007,+0.014,+0.579] w=[+0.009,+0.021,+0.266] err=[-0.001,-0.007] scaled=[+0.004,-0.002] s=3.11
[INFO] [1789415047.154648197] [acados_nmpc_node]: [attach-window] t=22.95s pos_err=0.013m T=21.54N z=6.006 m_est=2.211
[INFO] [1789415047.208631327] [acados_nmpc_node]: [attach-window] t=23.00s pos_err=0.012m T=21.52N z=6.007 m_est=2.212
[INFO] [1789415047.254531972] [acados_nmpc_node]: [attach-window] t=23.05s pos_err=0.013m T=21.49N z=6.009 m_est=2.212
[INFO] [1789415047.309067042] [acados_nmpc_node]: [attach-window] t=23.10s pos_err=0.013m T=21.47N z=6.009 m_est=2.212
[INFO] [1789415047.341950970] [acados_nmpc_node]: [wcmd] raw=[+0.004,+0.014,+0.983] w=[-0.005,+0.013,+0.418] err=[+0.009,+0.001] scaled=[+0.023,+0.016] s=3.11
[INFO] [1789415047.354777765] [acados_nmpc_node]: [attach-window] t=23.15s pos_err=0.014m T=21.43N z=6.011 m_est=2.212
[INFO] [1789415047.408694408] [acados_nmpc_node]: [attach-window] t=23.20s pos_err=0.015m T=21.41N z=6.012 m_est=2.212
[INFO] [1789415047.454643607] [acados_nmpc_node]: [attach-window] t=23.25s pos_err=0.017m T=21.33N z=6.014 m_est=2.212
[INFO] [1789415047.508844256] [acados_nmpc_node]: [attach-window] t=23.30s pos_err=0.018m T=21.29N z=6.016 m_est=2.212
[INFO] [1789415047.541930493] [acados_nmpc_node]: [wcmd] raw=[+0.005,+0.009,+1.228] w=[-0.004,+0.021,+0.678] err=[+0.009,-0.012] scaled=[+0.024,-0.016] s=3.11
[INFO] [1789415047.554913393] [acados_nmpc_node]: [attach-window] t=23.35s pos_err=0.021m T=21.22N z=6.018 m_est=2.211
[INFO] [1789415047.608875787] [acados_nmpc_node]: [attach-window] t=23.40s pos_err=0.023m T=21.20N z=6.020 m_est=2.211
[INFO] [1789415047.654325129] [acados_nmpc_node]: [attach-window] t=23.45s pos_err=0.026m T=21.16N z=6.023 m_est=2.211
[INFO] [1789415047.709047202] [acados_nmpc_node]: [attach-window] t=23.50s pos_err=0.027m T=21.16N z=6.024 m_est=2.211
[INFO] [1789415047.742046964] [acados_nmpc_node]: [wcmd] raw=[-0.001,+0.023,+0.956] w=[-0.014,+0.018,+0.950] err=[+0.013,+0.005] scaled=[+0.027,+0.033] s=3.11
[INFO] [1789415047.754424979] [acados_nmpc_node]: [attach-window] t=23.55s pos_err=0.030m T=21.18N z=6.026 m_est=2.210
[INFO] [1789415047.808970088] [acados_nmpc_node]: [attach-window] t=23.60s pos_err=0.030m T=21.21N z=6.027 m_est=2.210
[INFO] [1789415047.854817749] [acados_nmpc_node]: [attach-window] t=23.65s pos_err=0.032m T=21.29N z=6.027 m_est=2.210
[INFO] [1789415047.909357196] [acados_nmpc_node]: [attach-window] t=23.70s pos_err=0.031m T=21.35N z=6.027 m_est=2.209
[INFO] [1789415047.942171827] [acados_nmpc_node]: [wcmd] raw=[-0.007,+0.051,+0.495] w=[+0.006,+0.018,+1.012] err=[-0.014,+0.033] scaled=[-0.036,+0.121] s=3.11
[INFO] [1789415047.954853200] [acados_nmpc_node]: [attach-window] t=23.75s pos_err=0.032m T=21.43N z=6.027 m_est=2.208
[INFO] [1789415048.009225063] [acados_nmpc_node]: [attach-window] t=23.80s pos_err=0.031m T=21.48N z=6.026 m_est=2.208
[INFO] [1789415048.055089738] [acados_nmpc_node]: [attach-window] t=23.85s pos_err=0.031m T=21.53N z=6.025 m_est=2.207
[INFO] [1789415048.109469209] [acados_nmpc_node]: [attach-window] t=23.90s pos_err=0.029m T=21.55N z=6.024 m_est=2.206
[INFO] [1789415048.142066995] [acados_nmpc_node]: [wcmd] raw=[-0.028,+0.072,+0.121] w=[+0.003,+0.044,+0.827] err=[-0.031,+0.028] scaled=[-0.093,+0.131] s=3.11
[INFO] [1789415048.154832441] [acados_nmpc_node]: [attach-window] t=23.95s pos_err=0.030m T=21.56N z=6.024 m_est=2.206
[INFO] [1789415048.209069095] [acados_nmpc_node]: [attach-window] t=24.00s pos_err=0.028m T=21.56N z=6.023 m_est=2.205
[INFO] [1789415048.254949130] [acados_nmpc_node]: [attach-window] t=24.05s pos_err=0.030m T=21.54N z=6.023 m_est=2.204
[INFO] [1789415048.309369857] [acados_nmpc_node]: [attach-window] t=24.10s pos_err=0.027m T=21.54N z=6.022 m_est=2.204
[INFO] [1789415048.342003907] [acados_nmpc_node]: [wcmd] raw=[-0.020,+0.079,-0.198] w=[-0.002,+0.064,+0.532] err=[-0.018,+0.016] scaled=[-0.057,+0.112] s=3.11
[INFO] [1789415048.354812536] [acados_nmpc_node]: [attach-window] t=24.15s pos_err=0.028m T=21.52N z=6.022 m_est=2.203
[INFO] [1789415048.409068349] [acados_nmpc_node]: [attach-window] t=24.20s pos_err=0.025m T=21.52N z=6.021 m_est=2.202
[INFO] [1789415048.454635757] [acados_nmpc_node]: [attach-window] t=24.25s pos_err=0.028m T=21.49N z=6.021 m_est=2.202
[INFO] [1789415048.509171669] [acados_nmpc_node]: [attach-window] t=24.30s pos_err=0.024m T=21.51N z=6.021 m_est=2.201
[INFO] [1789415048.542037458] [acados_nmpc_node]: [wcmd] raw=[-0.012,+0.072,-0.445] w=[+0.009,+0.052,+0.205] err=[-0.021,+0.020] scaled=[-0.055,+0.114] s=3.08
[INFO] [1789415048.554728084] [acados_nmpc_node]: [attach-window] t=24.35s pos_err=0.026m T=21.49N z=6.020 m_est=2.201
[INFO] [1789415048.609079035] [acados_nmpc_node]: [attach-window] t=24.40s pos_err=0.022m T=21.50N z=6.020 m_est=2.201
[INFO] [1789415048.654688259] [acados_nmpc_node]: [attach-window] t=24.45s pos_err=0.027m T=21.48N z=6.020 m_est=2.200
[INFO] [1789415048.725086519] [acados_nmpc_node]: [attach-window] t=24.50s pos_err=0.022m T=21.50N z=6.021 m_est=2.200
[INFO] [1789415048.754650377] [acados_nmpc_node]: [attach-window] t=24.55s pos_err=0.026m T=21.48N z=6.021 m_est=2.200
[INFO] [1789415048.761995724] [acados_nmpc_node]: [wcmd] raw=[-0.010,+0.024,-0.579] w=[+0.001,+0.025,-0.170] err=[-0.011,-0.001] scaled=[-0.034,+0.022] s=3.06
[INFO] [1789415048.808821871] [acados_nmpc_node]: [attach-window] t=24.60s pos_err=0.020m T=21.49N z=6.022 m_est=2.200
[INFO] [1789415048.854375541] [acados_nmpc_node]: [attach-window] t=24.65s pos_err=0.029m T=21.48N z=6.023 m_est=2.200
[INFO] [1789415048.908578904] [acados_nmpc_node]: [attach-window] t=24.70s pos_err=0.022m T=21.51N z=6.023 m_est=2.200
[INFO] [1789415048.954285101] [acados_nmpc_node]: [attach-window] t=24.75s pos_err=0.029m T=21.51N z=6.024 m_est=2.199
[INFO] [1789415048.961994534] [acados_nmpc_node]: [wcmd] raw=[+0.006,-0.006,-0.495] w=[+0.011,+0.039,-0.407] err=[-0.004,-0.045] scaled=[-0.002,-0.098] s=3.05
[INFO] [1789415049.008722790] [acados_nmpc_node]: [attach-window] t=24.80s pos_err=0.021m T=21.55N z=6.025 m_est=2.199
[INFO] [1789415049.054366747] [acados_nmpc_node]: [attach-window] t=24.85s pos_err=0.034m T=21.55N z=6.027 m_est=2.199
[INFO] [1789415049.108572431] [acados_nmpc_node]: [attach-window] t=24.90s pos_err=0.025m T=21.60N z=6.028 m_est=2.200
[INFO] [1789415049.154329982] [acados_nmpc_node]: [attach-window] t=24.95s pos_err=0.037m T=21.60N z=6.029 m_est=2.200
[INFO] [1789415049.161945192] [acados_nmpc_node]: [wcmd] raw=[+0.027,-0.020,-0.321] w=[+0.012,+0.013,-0.509] err=[+0.015,-0.033] scaled=[+0.057,-0.088] s=3.04
[INFO] [1789415049.208427293] [acados_nmpc_node]: [attach-window] t=25.00s pos_err=0.027m T=21.66N z=6.030 m_est=2.200
[INFO] [1789415049.254659616] [acados_nmpc_node]: [attach-window] t=25.05s pos_err=0.045m T=21.63N z=6.032 m_est=2.200
[INFO] [1789415049.308890755] [acados_nmpc_node]: [attach-window] t=25.10s pos_err=0.033m T=21.69N z=6.033 m_est=2.200
[INFO] [1789415049.355016672] [acados_nmpc_node]: [attach-window] t=25.15s pos_err=0.049m T=21.65N z=6.036 m_est=2.200
[INFO] [1789415049.361987549] [acados_nmpc_node]: [wcmd] raw=[+0.029,-0.046,-0.127] w=[+0.022,-0.018,-0.467] err=[+0.007,-0.028] scaled=[+0.044,-0.103] s=3.03
[INFO] [1789415049.409073568] [acados_nmpc_node]: [attach-window] t=25.20s pos_err=0.036m T=21.70N z=6.037 m_est=2.200
[INFO] [1789415049.454894250] [acados_nmpc_node]: [attach-window] t=25.25s pos_err=0.058m T=21.65N z=6.039 m_est=2.200
[INFO] [1789415049.507004433] [acados_nmpc_node]: [attach-window] t=25.30s pos_err=0.044m T=21.70N z=6.041 m_est=2.200
[INFO] [1789415049.553996984] [acados_nmpc_node]: [attach-window] t=25.35s pos_err=0.060m T=21.64N z=6.043 m_est=2.200
[INFO] [1789415049.561891319] [acados_nmpc_node]: [wcmd] raw=[+0.033,-0.041,+0.035] w=[+0.013,+0.012,-0.308] err=[+0.020,-0.053] scaled=[+0.074,-0.149] s=3.03
[INFO] [1789415049.607011694] [acados_nmpc_node]: [attach-window] t=25.40s pos_err=0.052m T=21.67N z=6.045 m_est=2.200
[INFO] [1789415049.654775070] [acados_nmpc_node]: [attach-window] t=25.45s pos_err=0.069m T=21.62N z=6.049 m_est=2.200
[INFO] [1789415049.708781535] [acados_nmpc_node]: [attach-window] t=25.50s pos_err=0.050m T=21.67N z=6.051 m_est=2.200
[INFO] [1789415049.754732993] [acados_nmpc_node]: [attach-window] t=25.55s pos_err=0.076m T=21.60N z=6.054 m_est=2.199
[INFO] [1789415049.761953452] [acados_nmpc_node]: [wcmd] raw=[+0.026,-0.037,+0.118] w=[+0.023,-0.014,-0.145] err=[+0.003,-0.024] scaled=[+0.031,-0.085] s=3.03
[INFO] [1789415049.808552863] [acados_nmpc_node]: [attach-window] t=25.60s pos_err=0.056m T=21.66N z=6.056 m_est=2.199
[INFO] [1789415049.854482797] [acados_nmpc_node]: [attach-window] t=25.65s pos_err=0.074m T=21.59N z=6.060 m_est=2.199
[INFO] [1789415049.908372987] [acados_nmpc_node]: [attach-window] t=25.70s pos_err=0.052m T=21.66N z=6.062 m_est=2.199
[INFO] [1789415049.908854902] [acados_nmpc_node]: t=25.7s | pos_err=0.052m | T=21.66N | tau=[r-0.206 p0.038 y0.068]Nm | res_stat=1.746e-07(peak 9.972e-07) sqp_iter=4 | solve=1.8ms
[INFO] [1789415049.909058065] [acados_nmpc_node]: [flight-diag] t=25.7s | om_scale=3.025(lo 3.025 hi 3.108) | tilt_max=4.00deg | w_max=[r0.023 p0.054 y1.023]rad/s | u_frac=[T0.694 r0.490 p0.120 y1.000] | u_sat=[T0.0 r0.0 p0.0 y22.0]% | mot_peak=0.907 mot_sat=0.0% | health=1 age=0.000s conf=0.000 | n=100
[INFO] [1789415049.954514430] [acados_nmpc_node]: [attach-window] t=25.75s pos_err=0.079m T=21.58N z=6.067 m_est=2.199
[INFO] [1789415049.961902718] [acados_nmpc_node]: [wcmd] raw=[+0.017,-0.042,+0.123] w=[+0.013,+0.004,-0.000] err=[+0.005,-0.046] scaled=[+0.027,-0.136] s=3.02
[INFO] [1789415050.008335784] [acados_nmpc_node]: [attach-window] t=25.80s pos_err=0.047m T=21.67N z=6.069 m_est=2.198
[INFO] [1789415050.054320560] [acados_nmpc_node]: [attach-window] t=25.85s pos_err=0.075m T=21.58N z=6.074 m_est=2.198
[INFO] [1789415050.108464786] [acados_nmpc_node]: [attach-window] t=25.90s pos_err=0.049m T=21.66N z=6.076 m_est=2.198
[INFO] [1789415050.154436391] [acados_nmpc_node]: [attach-window] t=25.95s pos_err=0.070m T=21.60N z=6.081 m_est=2.198
[INFO] [1789415050.161962677] [acados_nmpc_node]: [wcmd] raw=[+0.013,-0.032,+0.073] w=[+0.010,+0.033,+0.084] err=[+0.003,-0.065] scaled=[+0.019,-0.163] s=3.02
[INFO] [1789415050.208731116] [acados_nmpc_node]: [attach-window] t=26.00s pos_err=0.043m T=21.69N z=6.083 m_est=2.197
[INFO] [1789415050.254336171] [acados_nmpc_node]: [attach-window] t=26.05s pos_err=0.074m T=21.60N z=6.089 m_est=2.197
[INFO] [1789415050.308689029] [acados_nmpc_node]: [attach-window] t=26.10s pos_err=0.044m T=21.69N z=6.091 m_est=2.197
[INFO] [1789415050.354420299] [acados_nmpc_node]: [attach-window] t=26.15s pos_err=0.066m T=21.61N z=6.096 m_est=2.197
[INFO] [1789415050.361988638] [acados_nmpc_node]: [wcmd] raw=[-0.001,-0.040,-0.005] w=[+0.011,-0.027,+0.076] err=[-0.012,-0.013] scaled=[-0.024,-0.067] s=3.01
[INFO] [1789415050.408674233] [acados_nmpc_node]: [attach-window] t=26.20s pos_err=0.034m T=21.71N z=6.099 m_est=2.196
[INFO] [1789415050.454382575] [acados_nmpc_node]: [attach-window] t=26.25s pos_err=0.067m T=21.61N z=6.105 m_est=2.196
[INFO] [1789415050.508758752] [acados_nmpc_node]: [attach-window] t=26.30s pos_err=0.033m T=21.71N z=6.108 m_est=2.196
[INFO] [1789415050.554269274] [acados_nmpc_node]: [attach-window] t=26.35s pos_err=0.055m T=21.61N z=6.114 m_est=2.196
[INFO] [1789415050.561960630] [acados_nmpc_node]: [wcmd] raw=[-0.004,-0.050,-0.082] w=[+0.000,-0.003,+0.050] err=[-0.004,-0.047] scaled=[-0.013,-0.143] s=2.99
[INFO] [1789415050.608538758] [acados_nmpc_node]: [attach-window] t=26.40s pos_err=0.021m T=21.71N z=6.117 m_est=2.196
[INFO] [1789415050.654215472] [acados_nmpc_node]: [attach-window] t=26.45s pos_err=0.054m T=21.59N z=6.124 m_est=2.196
[INFO] [1789415050.708691971] [acados_nmpc_node]: [attach-window] t=26.50s pos_err=0.018m T=21.69N z=6.127 m_est=2.196
[INFO] [1789415050.754265970] [acados_nmpc_node]: [attach-window] t=26.55s pos_err=0.041m T=21.58N z=6.134 m_est=2.196
[INFO] [1789415050.761990294] [acados_nmpc_node]: [wcmd] raw=[-0.005,-0.046,-0.140] w=[+0.003,-0.014,-0.017] err=[-0.008,-0.032] scaled=[-0.021,-0.110] s=2.97
[INFO] [1789415050.808674218] [acados_nmpc_node]: [attach-window] t=26.60s pos_err=0.009m T=21.68N z=6.138 m_est=2.196
[INFO] [1789415050.854250560] [acados_nmpc_node]: [attach-window] t=26.65s pos_err=0.040m T=21.54N z=6.146 m_est=2.196
[INFO] [1789415050.908427040] [acados_nmpc_node]: [attach-window] t=26.70s pos_err=0.010m T=21.66N z=6.150 m_est=2.196
[INFO] [1789415050.954206289] [acados_nmpc_node]: [attach-window] t=26.75s pos_err=0.027m T=21.54N z=6.157 m_est=2.196
[INFO] [1789415050.961983868] [acados_nmpc_node]: [wcmd] raw=[+0.002,-0.068,-0.174] w=[+0.006,-0.028,-0.089] err=[-0.004,-0.041] scaled=[-0.005,-0.148] s=2.96
[INFO] [1789415051.008365746] [acados_nmpc_node]: [attach-window] t=26.80s pos_err=0.020m T=21.65N z=6.161 m_est=2.196
[INFO] [1789415051.054439234] [acados_nmpc_node]: [attach-window] t=26.85s pos_err=0.027m T=21.52N z=6.170 m_est=2.196
[INFO] [1789415051.108531914] [acados_nmpc_node]: [attach-window] t=26.90s pos_err=0.023m T=21.64N z=6.174 m_est=2.197
[INFO] [1789415051.154329218] [acados_nmpc_node]: [attach-window] t=26.95s pos_err=0.016m T=21.54N z=6.182 m_est=2.197
[INFO] [1789415051.161983948] [acados_nmpc_node]: [wcmd] raw=[+0.015,-0.070,-0.180] w=[+0.017,-0.034,-0.140] err=[-0.002,-0.036] scaled=[+0.011,-0.140] s=2.95
[INFO] [1789415051.208562602] [acados_nmpc_node]: [attach-window] t=27.00s pos_err=0.039m T=21.66N z=6.185 m_est=2.197
[INFO] [1789415051.254004659] [acados_nmpc_node]: [attach-window] t=27.05s pos_err=0.016m T=21.53N z=6.194 m_est=2.197
[INFO] [1789415051.308748940] [acados_nmpc_node]: [attach-window] t=27.10s pos_err=0.042m T=21.66N z=6.198 m_est=2.197
[INFO] [1789415051.354291086] [acados_nmpc_node]: [attach-window] t=27.15s pos_err=0.017m T=21.55N z=6.206 m_est=2.197
[INFO] [1789415051.361988957] [acados_nmpc_node]: [wcmd] raw=[+0.037,-0.076,-0.175] w=[+0.032,-0.045,-0.174] err=[+0.005,-0.031] scaled=[+0.046,-0.138] s=2.95
[INFO] [1789415051.408600262] [acados_nmpc_node]: [attach-window] t=27.20s pos_err=0.044m T=21.62N z=6.211 m_est=2.197
[INFO] [1789415051.454017173] [acados_nmpc_node]: [attach-window] t=27.25s pos_err=0.017m T=21.53N z=6.220 m_est=2.197
[INFO] [1789415051.508681354] [acados_nmpc_node]: [attach-window] t=27.30s pos_err=0.060m T=21.66N z=6.225 m_est=2.197
[INFO] [1789415051.554250769] [acados_nmpc_node]: [attach-window] t=27.35s pos_err=0.030m T=21.56N z=6.233 m_est=2.197
[INFO] [1789415051.561995914] [acados_nmpc_node]: [wcmd] raw=[+0.032,-0.058,-0.162] w=[+0.050,-0.081,-0.194] err=[-0.017,+0.023] scaled=[-0.002,-0.014] s=2.94
[INFO] [1789415051.608659166] [acados_nmpc_node]: [attach-window] t=27.40s pos_err=0.061m T=21.62N z=6.239 m_est=2.197
[INFO] [1789415051.653995474] [acados_nmpc_node]: [attach-window] t=27.45s pos_err=0.030m T=21.51N z=6.249 m_est=2.197
[INFO] [1789415051.708780123] [acados_nmpc_node]: [attach-window] t=27.50s pos_err=0.077m T=21.64N z=6.253 m_est=2.197
[INFO] [1789415051.753955876] [acados_nmpc_node]: [attach-window] t=27.55s pos_err=0.043m T=21.51N z=6.263 m_est=2.197
[INFO] [1789415051.762028069] [acados_nmpc_node]: [wcmd] raw=[+0.022,-0.093,-0.155] w=[+0.028,-0.081,-0.189] err=[-0.006,-0.013] scaled=[+0.009,-0.118] s=2.94
[INFO] [1789415051.808722868] [acados_nmpc_node]: [attach-window] t=27.60s pos_err=0.075m T=21.58N z=6.269 m_est=2.197
[INFO] [1789415051.853988958] [acados_nmpc_node]: [attach-window] t=27.65s pos_err=0.040m T=21.48N z=6.278 m_est=2.197
[INFO] [1789415051.908795494] [acados_nmpc_node]: [attach-window] t=27.70s pos_err=0.089m T=21.61N z=6.283 m_est=2.197
[INFO] [1789415051.953946166] [acados_nmpc_node]: [attach-window] t=27.75s pos_err=0.037m T=21.46N z=6.293 m_est=2.197
[INFO] [1789415051.961937807] [acados_nmpc_node]: [wcmd] raw=[+0.002,-0.133,-0.146] w=[+0.019,-0.090,-0.179] err=[-0.017,-0.042] scaled=[-0.032,-0.215] s=2.94
[INFO] [1789415052.008690613] [acados_nmpc_node]: [attach-window] t=27.80s pos_err=0.085m T=21.57N z=6.298 m_est=2.196
[INFO] [1789415052.054305431] [acados_nmpc_node]: [attach-window] t=27.85s pos_err=0.050m T=21.45N z=6.308 m_est=2.196
[INFO] [1789415052.108841564] [acados_nmpc_node]: [attach-window] t=27.90s pos_err=0.100m T=21.56N z=6.313 m_est=2.196
[INFO] [1789415052.154309847] [acados_nmpc_node]: [attach-window] t=27.95s pos_err=0.064m T=21.47N z=6.323 m_est=2.196
[INFO] [1789415052.162024080] [acados_nmpc_node]: [wcmd] raw=[+0.004,-0.068,-0.150] w=[+0.003,-0.055,-0.156] err=[+0.001,-0.013] scaled=[+0.007,-0.094] s=2.94
[INFO] [1789415052.209190798] [acados_nmpc_node]: [attach-window] t=28.00s pos_err=0.114m T=21.56N z=6.329 m_est=2.196
[INFO] [1789415052.254250191] [acados_nmpc_node]: [attach-window] t=28.05s pos_err=0.061m T=21.42N z=6.340 m_est=2.196
[INFO] [1789415052.309030415] [acados_nmpc_node]: [attach-window] t=28.10s pos_err=0.111m T=21.53N z=6.345 m_est=2.196
[INFO] [1789415052.354371558] [acados_nmpc_node]: [attach-window] t=28.15s pos_err=0.058m T=21.36N z=6.357 m_est=2.196
[INFO] [1789415052.361999169] [acados_nmpc_node]: [wcmd] raw=[-0.009,-0.161,-0.170] w=[+0.013,-0.087,-0.169] err=[-0.022,-0.074] scaled=[-0.052,-0.304] s=2.94
[INFO] [1789415052.409052496] [acados_nmpc_node]: [attach-window] t=28.20s pos_err=0.125m T=21.51N z=6.360 m_est=2.196
[INFO] [1789415052.454354313] [acados_nmpc_node]: [attach-window] t=28.25s pos_err=0.073m T=21.41N z=6.371 m_est=2.196
[INFO] [1789415052.509266688] [acados_nmpc_node]: [attach-window] t=28.30s pos_err=0.123m T=21.49N z=6.376 m_est=2.196
[INFO] [1789415052.554567709] [acados_nmpc_node]: [attach-window] t=28.35s pos_err=0.087m T=21.45N z=6.385 m_est=2.196
[INFO] [1789415052.561953650] [acados_nmpc_node]: [wcmd] raw=[-0.007,-0.074,-0.184] w=[-0.004,-0.006,-0.144] err=[-0.004,-0.068] scaled=[-0.014,-0.205] s=2.94
[INFO] [1789415052.609342828] [acados_nmpc_node]: [attach-window] t=28.40s pos_err=0.137m T=21.56N z=6.390 m_est=2.196
[INFO] [1789415052.654354072] [acados_nmpc_node]: [attach-window] t=28.45s pos_err=0.085m T=21.45N z=6.400 m_est=2.196
[INFO] [1789415052.706750406] [acados_nmpc_node]: [attach-window] t=28.50s pos_err=0.130m T=21.55N z=6.404 m_est=2.196
[INFO] [1789415052.754481388] [acados_nmpc_node]: [attach-window] t=28.55s pos_err=0.098m T=21.48N z=6.413 m_est=2.196
[INFO] [1789415052.761895752] [acados_nmpc_node]: [wcmd] raw=[+0.010,-0.093,-0.220] w=[+0.014,-0.135,-0.206] err=[-0.003,+0.042] scaled=[+0.004,-0.011] s=2.94
[INFO] [1789415052.808994705] [acados_nmpc_node]: [attach-window] t=28.60s pos_err=0.146m T=21.57N z=6.417 m_est=2.196
[INFO] [1789415052.854483725] [acados_nmpc_node]: [attach-window] t=28.65s pos_err=0.094m T=21.50N z=6.428 m_est=2.196
[INFO] [1789415052.908972890] [acados_nmpc_node]: [attach-window] t=28.70s pos_err=0.140m T=21.57N z=6.433 m_est=2.196
[INFO] [1789415052.954499229] [acados_nmpc_node]: [attach-window] t=28.75s pos_err=0.090m T=21.43N z=6.444 m_est=2.196
[INFO] [1789415052.961980489] [acados_nmpc_node]: [wcmd] raw=[+0.006,-0.156,-0.247] w=[+0.030,-0.027,-0.193] err=[-0.024,-0.129] scaled=[-0.041,-0.406] s=2.94
[INFO] [1789415053.009312849] [acados_nmpc_node]: [attach-window] t=28.80s pos_err=0.135m T=21.51N z=6.449 m_est=2.196
[INFO] [1789415053.054465359] [acados_nmpc_node]: [attach-window] t=28.85s pos_err=0.100m T=21.42N z=6.459 m_est=2.195
[INFO] [1789415053.108932793] [acados_nmpc_node]: [attach-window] t=28.90s pos_err=0.143m T=21.47N z=6.465 m_est=2.195
[INFO] [1789415053.154403591] [acados_nmpc_node]: [attach-window] t=28.95s pos_err=0.109m T=21.43N z=6.475 m_est=2.195
[INFO] [1789415053.161958067] [acados_nmpc_node]: [wcmd] raw=[+0.013,-0.038,-0.281] w=[+0.023,-0.069,-0.232] err=[-0.010,+0.031] scaled=[-0.007,+0.021] s=2.94
[INFO] [1789415053.209393558] [acados_nmpc_node]: [attach-window] t=29.00s pos_err=0.151m T=21.50N z=6.480 m_est=2.195
[INFO] [1789415053.254542891] [acados_nmpc_node]: [attach-window] t=29.05s pos_err=0.102m T=21.42N z=6.491 m_est=2.195
[INFO] [1789415053.309285523] [acados_nmpc_node]: [attach-window] t=29.10s pos_err=0.143m T=21.50N z=6.496 m_est=2.195
[INFO] [1789415053.354501858] [acados_nmpc_node]: [attach-window] t=29.15s pos_err=0.109m T=21.42N z=6.505 m_est=2.195
[INFO] [1789415053.361941227] [acados_nmpc_node]: [wcmd] raw=[+0.013,-0.115,-0.336] w=[+0.027,-0.135,-0.295] err=[-0.014,+0.021] scaled=[-0.014,-0.075] s=2.94
[INFO] [1789415053.409041304] [acados_nmpc_node]: [attach-window] t=29.20s pos_err=0.149m T=21.48N z=6.510 m_est=2.195
[INFO] [1789415053.454517063] [acados_nmpc_node]: [attach-window] t=29.25s pos_err=0.103m T=21.44N z=6.520 m_est=2.195
[INFO] [1789415053.509204656] [acados_nmpc_node]: [attach-window] t=29.30s pos_err=0.141m T=21.50N z=6.524 m_est=2.195
[INFO] [1789415053.554520160] [acados_nmpc_node]: [attach-window] t=29.35s pos_err=0.110m T=21.47N z=6.533 m_est=2.195
[INFO] [1789415053.562004581] [acados_nmpc_node]: [wcmd] raw=[-0.001,-0.077,-0.371] w=[+0.028,+0.041,-0.275] err=[-0.029,-0.119] scaled=[-0.057,-0.307] s=2.94
[INFO] [1789415053.609012858] [acados_nmpc_node]: [attach-window] t=29.40s pos_err=0.147m T=21.54N z=6.537 m_est=2.195
[INFO] [1789415053.654502383] [acados_nmpc_node]: [attach-window] t=29.45s pos_err=0.105m T=21.47N z=6.547 m_est=2.195
[INFO] [1789415053.709050398] [acados_nmpc_node]: [attach-window] t=29.50s pos_err=0.140m T=21.53N z=6.551 m_est=2.195
[INFO] [1789415053.754554619] [acados_nmpc_node]: [attach-window] t=29.55s pos_err=0.112m T=21.53N z=6.559 m_est=2.195
[INFO] [1789415053.761981687] [acados_nmpc_node]: [wcmd] raw=[-0.011,-0.043,-0.425] w=[+0.008,-0.113,-0.378] err=[-0.019,+0.071] scaled=[-0.047,+0.094] s=2.94
[INFO] [1789415053.809288625] [acados_nmpc_node]: [attach-window] t=29.60s pos_err=0.133m T=21.57N z=6.563 m_est=2.195
[INFO] [1789415053.854521037] [acados_nmpc_node]: [attach-window] t=29.65s pos_err=0.108m T=21.58N z=6.571 m_est=2.195
[INFO] [1789415053.909254297] [acados_nmpc_node]: [attach-window] t=29.70s pos_err=0.140m T=21.64N z=6.574 m_est=2.195
[INFO] [1789415053.953757920] [acados_nmpc_node]: [attach-window] t=29.75s pos_err=0.106m T=21.57N z=6.582 m_est=2.195
[INFO] [1789415053.961897047] [acados_nmpc_node]: [wcmd] raw=[-0.030,-0.094,-0.484] w=[-0.009,-0.056,-0.411] err=[-0.022,-0.038] scaled=[-0.073,-0.168] s=2.94
[INFO] [1789415054.008866446] [acados_nmpc_node]: [attach-window] t=29.80s pos_err=0.134m T=21.62N z=6.586 m_est=2.195
[INFO] [1789415054.054639014] [acados_nmpc_node]: [attach-window] t=29.85s pos_err=0.113m T=21.59N z=6.593 m_est=2.195
[INFO] [1789415054.109032048] [acados_nmpc_node]: [attach-window] t=29.90s pos_err=0.139m T=21.62N z=6.597 m_est=2.195
[INFO] [1789415054.154598384] [acados_nmpc_node]: [attach-window] t=29.95s pos_err=0.118m T=21.60N z=6.604 m_est=2.195
[INFO] [1789415054.161934506] [acados_nmpc_node]: [wcmd] raw=[-0.009,-0.027,-0.546] w=[-0.003,-0.007,-0.451] err=[-0.006,-0.020] scaled=[-0.021,-0.067] s=2.94
[INFO] [1789415054.209288108] [acados_nmpc_node]: [attach-window] t=30.00s pos_err=0.144m T=21.63N z=6.608 m_est=2.195
[INFO] [1789415054.253814446] [acados_nmpc_node]: [attach-window] t=30.05s pos_err=0.115m T=21.55N z=6.616 m_est=2.195
[INFO] [1789415054.309019277] [acados_nmpc_node]: [attach-window] t=30.10s pos_err=0.137m T=21.59N z=6.620 m_est=2.195
[INFO] [1789415054.354832724] [acados_nmpc_node]: [attach-window] t=30.15s pos_err=0.118m T=21.51N z=6.628 m_est=2.195
[INFO] [1789415054.362119184] [acados_nmpc_node]: [wcmd] raw=[-0.006,-0.063,-0.615] w=[+0.014,-0.082,-0.546] err=[-0.020,+0.020] scaled=[-0.045,-0.025] s=2.94
[INFO] [1789415054.409729850] [acados_nmpc_node]: [attach-window] t=30.20s pos_err=0.139m T=21.53N z=6.632 m_est=2.195
[INFO] [1789415054.454935092] [acados_nmpc_node]: [attach-window] t=30.25s pos_err=0.114m T=21.48N z=6.641 m_est=2.195
[INFO] [1789415054.509801869] [acados_nmpc_node]: [attach-window] t=30.30s pos_err=0.131m T=21.51N z=6.645 m_est=2.195
[INFO] [1789415054.554780630] [acados_nmpc_node]: [attach-window] t=30.35s pos_err=0.114m T=21.47N z=6.652 m_est=2.195
[INFO] [1789415054.562001003] [acados_nmpc_node]: [wcmd] raw=[-0.013,-0.063,-0.663] w=[+0.011,+0.008,-0.583] err=[-0.024,-0.071] scaled=[-0.061,-0.200] s=2.94
[INFO] [1789415054.609725112] [acados_nmpc_node]: [attach-window] t=30.40s pos_err=0.123m T=21.50N z=6.657 m_est=2.195
[INFO] [1789415054.654719410] [acados_nmpc_node]: [attach-window] t=30.45s pos_err=0.108m T=21.47N z=6.664 m_est=2.196
[INFO] [1789415054.709655995] [acados_nmpc_node]: [attach-window] t=30.50s pos_err=0.120m T=21.52N z=6.667 m_est=2.196
[INFO] [1789415054.754646610] [acados_nmpc_node]: [attach-window] t=30.55s pos_err=0.102m T=21.52N z=6.674 m_est=2.196
[INFO] [1789415054.761983599] [acados_nmpc_node]: [wcmd] raw=[-0.017,-0.051,-0.698] w=[+0.002,-0.072,-0.671] err=[-0.019,+0.020] scaled=[-0.054,-0.012] s=2.94
[INFO] [1789415054.809411637] [acados_nmpc_node]: [attach-window] t=30.60s pos_err=0.116m T=21.57N z=6.676 m_est=2.196
[INFO] [1789415054.854659776] [acados_nmpc_node]: [attach-window] t=30.65s pos_err=0.098m T=21.55N z=6.682 m_est=2.196
[INFO] [1789415054.909151286] [acados_nmpc_node]: [attach-window] t=30.70s pos_err=0.106m T=21.60N z=6.685 m_est=2.196
[INFO] [1789415054.909640461] [acados_nmpc_node]: t=30.7s | pos_err=0.106m | T=21.60N | tau=[r-0.188 p0.119 y-0.032]Nm | res_stat=9.514e-07(peak 9.972e-07) sqp_iter=5 | solve=2.0ms
[INFO] [1789415054.909849657] [acados_nmpc_node]: [flight-diag] t=30.7s | om_scale=2.937(lo 2.937 hi 3.024) | tilt_max=4.99deg | w_max=[r0.051 p0.169 y0.672]rad/s | u_frac=[T0.693 r0.454 p0.627 y0.306] | u_sat=[T0.0 r0.0 p0.0 y0.0]% | mot_peak=0.878 mot_sat=0.0% | health=1 age=0.000s conf=0.000 | n=100
[INFO] [1789415054.954472433] [acados_nmpc_node]: [attach-window] t=30.75s pos_err=0.094m T=21.56N z=6.690 m_est=2.196
[INFO] [1789415054.961936172] [acados_nmpc_node]: [wcmd] raw=[-0.014,-0.056,-0.707] w=[+0.007,-0.010,-0.702] err=[-0.021,-0.046] scaled=[-0.056,-0.146] s=2.94
[INFO] [1789415055.009212682] [acados_nmpc_node]: [attach-window] t=30.80s pos_err=0.100m T=21.60N z=6.692 m_est=2.196
[INFO] [1789415055.054573217] [acados_nmpc_node]: [attach-window] t=30.85s pos_err=0.087m T=21.57N z=6.698 m_est=2.197
[INFO] [1789415055.108859902] [acados_nmpc_node]: [attach-window] t=30.90s pos_err=0.090m T=21.61N z=6.700 m_est=2.197
[INFO] [1789415055.154253857] [acados_nmpc_node]: [attach-window] t=30.95s pos_err=0.082m T=21.58N z=6.705 m_est=2.197
[INFO] [1789415055.161959605] [acados_nmpc_node]: [wcmd] raw=[-0.031,-0.058,-0.678] w=[-0.009,-0.017,-0.734] err=[-0.021,-0.041] scaled=[-0.072,-0.138] s=2.94
[INFO] [1789415055.209001245] [acados_nmpc_node]: [attach-window] t=31.00s pos_err=0.083m T=21.62N z=6.707 m_est=2.197
[INFO] [1789415055.254336668] [acados_nmpc_node]: [attach-window] t=31.05s pos_err=0.075m T=21.56N z=6.713 m_est=2.197
[INFO] [1789415055.308800233] [acados_nmpc_node]: [attach-window] t=31.10s pos_err=0.072m T=21.60N z=6.715 m_est=2.197
[INFO] [1789415055.354336490] [acados_nmpc_node]: [attach-window] t=31.15s pos_err=0.068m T=21.55N z=6.720 m_est=2.198
[INFO] [1789415055.361944380] [acados_nmpc_node]: [wcmd] raw=[-0.016,-0.075,-0.615] w=[-0.019,-0.065,-0.751] err=[+0.004,-0.010] scaled=[-0.008,-0.094] s=2.94
[INFO] [1789415055.408811233] [acados_nmpc_node]: [attach-window] t=31.20s pos_err=0.062m T=21.58N z=6.722 m_est=2.198
[INFO] [1789415055.454309027] [acados_nmpc_node]: [attach-window] t=31.25s pos_err=0.065m T=21.55N z=6.727 m_est=2.198
[INFO] [1789415055.508811182] [acados_nmpc_node]: [attach-window] t=31.30s pos_err=0.053m T=21.59N z=6.729 m_est=2.198
[INFO] [1789415055.554441545] [acados_nmpc_node]: [attach-window] t=31.35s pos_err=0.059m T=21.54N z=6.733 m_est=2.198
[INFO] [1789415055.561927472] [acados_nmpc_node]: [wcmd] raw=[-0.032,-0.084,-0.515] w=[-0.010,-0.036,-0.702] err=[-0.022,-0.048] scaled=[-0.075,-0.176] s=2.94
[INFO] [1789415055.608961665] [acados_nmpc_node]: [attach-window] t=31.40s pos_err=0.044m T=21.58N z=6.735 m_est=2.199
[INFO] [1789415055.654238551] [acados_nmpc_node]: [attach-window] t=31.45s pos_err=0.061m T=21.53N z=6.740 m_est=2.199
[INFO] [1789415055.709149179] [acados_nmpc_node]: [attach-window] t=31.50s pos_err=0.040m T=21.55N z=6.742 m_est=2.199
[INFO] [1789415055.754295213] [acados_nmpc_node]: [attach-window] t=31.55s pos_err=0.064m T=21.50N z=6.747 m_est=2.199
[INFO] [1789415055.761932944] [acados_nmpc_node]: [wcmd] raw=[-0.060,-0.080,-0.394] w=[-0.051,-0.034,-0.625] err=[-0.009,-0.046] scaled=[-0.076,-0.169] s=2.94
[INFO] [1789415055.809116935] [acados_nmpc_node]: [attach-window] t=31.60s pos_err=0.031m T=21.53N z=6.748 m_est=2.199
[INFO] [1789415055.854274041] [acados_nmpc_node]: [attach-window] t=31.65s pos_err=0.057m T=21.47N z=6.753 m_est=2.199
[INFO] [1789415055.908974381] [acados_nmpc_node]: [attach-window] t=31.70s pos_err=0.029m T=21.48N z=6.755 m_est=2.200
[INFO] [1789415055.954018641] [acados_nmpc_node]: [attach-window] t=31.75s pos_err=0.050m T=21.45N z=6.759 m_est=2.200
[INFO] [1789415055.962123457] [acados_nmpc_node]: [wcmd] raw=[-0.035,-0.028,-0.272] w=[-0.054,+0.008,-0.508] err=[+0.019,-0.036] scaled=[+0.002,-0.098] s=2.94
[INFO] [1789415056.009112207] [acados_nmpc_node]: [attach-window] t=31.80s pos_err=0.021m T=21.47N z=6.761 m_est=2.200
[INFO] [1789415056.054210798] [acados_nmpc_node]: [attach-window] t=31.85s pos_err=0.052m T=21.45N z=6.764 m_est=2.200
[INFO] [1789415056.108841103] [acados_nmpc_node]: [attach-window] t=31.90s pos_err=0.025m T=21.48N z=6.766 m_est=2.200
[INFO] [1789415056.154301666] [acados_nmpc_node]: [attach-window] t=31.95s pos_err=0.056m T=21.45N z=6.769 m_est=2.200
[INFO] [1789415056.161953366] [acados_nmpc_node]: [wcmd] raw=[-0.029,-0.073,-0.164] w=[-0.032,-0.014,-0.405] err=[+0.003,-0.059] scaled=[-0.022,-0.188] s=2.94
[INFO] [1789415056.209292189] [acados_nmpc_node]: [attach-window] t=32.00s pos_err=0.023m T=21.48N z=6.770 m_est=2.200
[INFO] [1789415056.254166656] [acados_nmpc_node]: [attach-window] t=32.05s pos_err=0.052m T=21.45N z=6.773 m_est=2.200
[INFO] [1789415056.309029340] [acados_nmpc_node]: [attach-window] t=32.10s pos_err=0.033m T=21.46N z=6.774 m_est=2.201
[INFO] [1789415056.354152865] [acados_nmpc_node]: [attach-window] t=32.15s pos_err=0.050m T=21.44N z=6.777 m_est=2.201
[INFO] [1789415056.362001087] [acados_nmpc_node]: [wcmd] raw=[-0.008,-0.042,-0.087] w=[-0.025,+0.017,-0.273] err=[+0.017,-0.059] scaled=[+0.025,-0.156] s=2.94
[INFO] [1789415056.409019822] [acados_nmpc_node]: [attach-window] t=32.20s pos_err=0.039m T=21.48N z=6.778 m_est=2.201
[INFO] [1789415056.454155647] [acados_nmpc_node]: [attach-window] t=32.25s pos_err=0.058m T=21.46N z=6.780 m_est=2.201
[INFO] [1789415056.508885963] [acados_nmpc_node]: [attach-window] t=32.30s pos_err=0.048m T=21.50N z=6.781 m_est=2.201
[INFO] [1789415056.554108476] [acados_nmpc_node]: [attach-window] t=32.35s pos_err=0.061m T=21.49N z=6.783 m_est=2.201
[INFO] [1789415056.562035079] [acados_nmpc_node]: [wcmd] raw=[+0.009,-0.051,-0.056] w=[+0.001,-0.055,-0.196] err=[+0.008,+0.003] scaled=[+0.024,-0.045] s=2.94
[INFO] [1789415056.608954900] [acados_nmpc_node]: [attach-window] t=32.40s pos_err=0.057m T=21.52N z=6.784 m_est=2.200
[INFO] [1789415056.654017879] [acados_nmpc_node]: [attach-window] t=32.45s pos_err=0.070m T=21.52N z=6.785 m_est=2.200
[INFO] [1789415056.709065209] [acados_nmpc_node]: [attach-window] t=32.50s pos_err=0.066m T=21.55N z=6.786 m_est=2.200
[INFO] [1789415056.753987167] [acados_nmpc_node]: [attach-window] t=32.55s pos_err=0.074m T=21.53N z=6.787 m_est=2.200
[INFO] [1789415056.761955482] [acados_nmpc_node]: [wcmd] raw=[+0.009,-0.063,-0.058] w=[+0.011,-0.014,-0.106] err=[-0.003,-0.049] scaled=[+0.003,-0.159] s=2.94
[INFO] [1789415056.808974940] [acados_nmpc_node]: [attach-window] t=32.60s pos_err=0.074m T=21.55N z=6.787 m_est=2.200
[INFO] [1789415056.854056183] [acados_nmpc_node]: [attach-window] t=32.65s pos_err=0.081m T=21.54N z=6.789 m_est=2.200
[INFO] [1789415056.908743007] [acados_nmpc_node]: [attach-window] t=32.70s pos_err=0.080m T=21.55N z=6.789 m_est=2.200
[INFO] [1789415056.954004416] [acados_nmpc_node]: [attach-window] t=32.75s pos_err=0.083m T=21.53N z=6.790 m_est=2.200
[INFO] [1789415056.962060605] [acados_nmpc_node]: [wcmd] raw=[-0.019,-0.042,-0.084] w=[+0.001,-0.016,-0.067] err=[-0.020,-0.026] scaled=[-0.059,-0.093] s=2.94
[INFO] [1789415057.008833492] [acados_nmpc_node]: [attach-window] t=32.80s pos_err=0.085m T=21.55N z=6.791 m_est=2.200
[INFO] [1789415057.054184732] [acados_nmpc_node]: [attach-window] t=32.85s pos_err=0.085m T=21.51N z=6.792 m_est=2.200
[INFO] [1789415057.108892272] [acados_nmpc_node]: [attach-window] t=32.90s pos_err=0.086m T=21.53N z=6.793 m_est=2.200
[INFO] [1789415057.153373738] [acados_nmpc_node]: [attach-window] t=32.95s pos_err=0.084m T=21.49N z=6.795 m_est=2.200
[INFO] [1789415057.161901488] [acados_nmpc_node]: [wcmd] raw=[-0.032,-0.053,-0.124] w=[-0.031,-0.042,-0.076] err=[-0.001,-0.011] scaled=[-0.034,-0.075] s=2.94
[INFO] [1789415057.206955441] [acados_nmpc_node]: [attach-window] t=33.00s pos_err=0.087m T=21.50N z=6.796 m_est=2.200
[INFO] [1789415057.253308218] [acados_nmpc_node]: [attach-window] t=33.05s pos_err=0.083m T=21.48N z=6.797 m_est=2.200
[INFO] [1789415057.306535632] [acados_nmpc_node]: [attach-window] t=33.10s pos_err=0.083m T=21.50N z=6.798 m_est=2.200
[INFO] [1789415057.353366296] [acados_nmpc_node]: [attach-window] t=33.15s pos_err=0.079m T=21.48N z=6.799 m_est=2.200
[INFO] [1789415057.361842694] [acados_nmpc_node]: [wcmd] raw=[-0.029,-0.051,-0.156] w=[-0.031,-0.012,-0.086] err=[+0.002,-0.039] scaled=[-0.026,-0.128] s=2.94
[INFO] [1789415057.408795939] [acados_nmpc_node]: [attach-window] t=33.20s pos_err=0.084m T=21.50N z=6.799 m_est=2.200
[INFO] [1789415057.453945925] [acados_nmpc_node]: [attach-window] t=33.25s pos_err=0.075m T=21.49N z=6.800 m_est=2.200
[INFO] [1789415057.508916293] [acados_nmpc_node]: [attach-window] t=33.30s pos_err=0.079m T=21.51N z=6.801 m_est=2.200
[INFO] [1789415057.553934876] [acados_nmpc_node]: [attach-window] t=33.35s pos_err=0.071m T=21.50N z=6.801 m_est=2.200
[INFO] [1789415057.561952148] [acados_nmpc_node]: [wcmd] raw=[-0.015,-0.042,-0.177] w=[-0.020,-0.030,-0.123] err=[+0.005,-0.012] scaled=[-0.006,-0.066] s=2.94
[INFO] [1789415057.608912770] [acados_nmpc_node]: [attach-window] t=33.40s pos_err=0.079m T=21.51N z=6.802 m_est=2.200
[INFO] [1789415057.653274289] [acados_nmpc_node]: [attach-window] t=33.45s pos_err=0.066m T=21.51N z=6.802 m_est=2.200
[INFO] [1789415057.706959686] [acados_nmpc_node]: [attach-window] t=33.50s pos_err=0.073m T=21.52N z=6.803 m_est=2.200
[INFO] [1789415057.753301454] [acados_nmpc_node]: [attach-window] t=33.55s pos_err=0.063m T=21.50N z=6.803 m_est=2.200
[INFO] [1789415057.761893211] [acados_nmpc_node]: [wcmd] raw=[-0.010,-0.045,-0.183] w=[-0.006,-0.010,-0.148] err=[-0.004,-0.034] scaled=[-0.018,-0.111] s=2.94
[INFO] [1789415057.808895466] [acados_nmpc_node]: [attach-window] t=33.60s pos_err=0.068m T=21.52N z=6.803 m_est=2.200
[INFO] [1789415057.853987431] [acados_nmpc_node]: [attach-window] t=33.65s pos_err=0.057m T=21.54N z=6.803 m_est=2.200
[INFO] [1789415057.908686522] [acados_nmpc_node]: [attach-window] t=33.70s pos_err=0.068m T=21.56N z=6.803 m_est=2.200
[INFO] [1789415057.953984597] [acados_nmpc_node]: [attach-window] t=33.75s pos_err=0.055m T=21.58N z=6.802 m_est=2.200
[INFO] [1789415057.962017507] [acados_nmpc_node]: [wcmd] raw=[-0.002,-0.023,-0.178] w=[-0.008,-0.036,-0.176] err=[+0.005,+0.013] scaled=[+0.008,+0.002] s=2.94
[INFO] [1789415058.008826718] [acados_nmpc_node]: [attach-window] t=33.80s pos_err=0.070m T=21.59N z=6.801 m_est=2.200
[INFO] [1789415058.053957051] [acados_nmpc_node]: [attach-window] t=33.85s pos_err=0.051m T=21.59N z=6.801 m_est=2.200
[INFO] [1789415058.108990485] [acados_nmpc_node]: [attach-window] t=33.90s pos_err=0.066m T=21.60N z=6.800 m_est=2.200
[INFO] [1789415058.153961560] [acados_nmpc_node]: [attach-window] t=33.95s pos_err=0.050m T=21.55N z=6.800 m_est=2.200
[INFO] [1789415058.161985577] [acados_nmpc_node]: [wcmd] raw=[+0.007,-0.063,-0.166] w=[+0.010,-0.031,-0.184] err=[-0.003,-0.032] scaled=[+0.000,-0.124] s=2.94
[INFO] [1789415058.209321675] [acados_nmpc_node]: [attach-window] t=34.00s pos_err=0.070m T=21.54N z=6.800 m_est=2.200
[INFO] [1789415058.254013100] [acados_nmpc_node]: [attach-window] t=34.05s pos_err=0.047m T=21.53N z=6.800 m_est=2.200
[INFO] [1789415058.309235216] [acados_nmpc_node]: [attach-window] t=34.10s pos_err=0.066m T=21.53N z=6.800 m_est=2.200
[INFO] [1789415058.353992339] [acados_nmpc_node]: [attach-window] t=34.15s pos_err=0.049m T=21.53N z=6.800 m_est=2.200
[INFO] [1789415058.361996905] [acados_nmpc_node]: [wcmd] raw=[+0.013,-0.050,-0.146] w=[+0.012,-0.001,-0.170] err=[+0.001,-0.049] scaled=[+0.015,-0.146] s=2.94
[INFO] [1789415058.409243462] [acados_nmpc_node]: [attach-window] t=34.20s pos_err=0.071m T=21.53N z=6.800 m_est=2.200
[INFO] [1789415058.454071512] [acados_nmpc_node]: [attach-window] t=34.25s pos_err=0.047m T=21.54N z=6.799 m_est=2.200
[INFO] [1789415058.509051564] [acados_nmpc_node]: [attach-window] t=34.30s pos_err=0.068m T=21.55N z=6.799 m_est=2.200
[INFO] [1789415058.554133089] [acados_nmpc_node]: [attach-window] t=34.35s pos_err=0.050m T=21.55N z=6.798 m_est=2.200
[INFO] [1789415058.562003246] [acados_nmpc_node]: [wcmd] raw=[+0.012,-0.043,-0.137] w=[+0.020,-0.041,-0.172] err=[-0.007,-0.002] scaled=[-0.002,-0.047] s=2.94
[INFO] [1789415058.609123644] [acados_nmpc_node]: [attach-window] t=34.40s pos_err=0.074m T=21.55N z=6.798 m_est=2.200
[INFO] [1789415058.654029776] [acados_nmpc_node]: [attach-window] t=34.45s pos_err=0.048m T=21.56N z=6.797 m_est=2.200
[INFO] [1789415058.709308189] [acados_nmpc_node]: [attach-window] t=34.50s pos_err=0.070m T=21.56N z=6.797 m_est=2.200
[INFO] [1789415058.753991983] [acados_nmpc_node]: [attach-window] t=34.55s pos_err=0.051m T=21.54N z=6.796 m_est=2.200
[INFO] [1789415058.761955474] [acados_nmpc_node]: [wcmd] raw=[-0.008,-0.054,-0.133] w=[+0.005,-0.019,-0.152] err=[-0.013,-0.035] scaled=[-0.033,-0.123] s=2.94
[INFO] [1789415058.808919193] [acados_nmpc_node]: [attach-window] t=34.60s pos_err=0.075m T=21.53N z=6.796 m_est=2.200
[INFO] [1789415058.853984513] [acados_nmpc_node]: [attach-window] t=34.65s pos_err=0.046m T=21.52N z=6.795 m_est=2.200
[INFO] [1789415058.908890088] [acados_nmpc_node]: [attach-window] t=34.70s pos_err=0.071m T=21.52N z=6.795 m_est=2.200
[INFO] [1789415058.953285142] [acados_nmpc_node]: [attach-window] t=34.75s pos_err=0.050m T=21.51N z=6.795 m_est=2.201
[INFO] [1789415058.961893346] [acados_nmpc_node]: [wcmd] raw=[-0.010,-0.037,-0.135] w=[-0.015,-0.012,-0.140] err=[+0.005,-0.026] scaled=[-0.001,-0.087] s=2.94
[INFO] [1789415059.008992962] [acados_nmpc_node]: [attach-window] t=34.80s pos_err=0.077m T=21.51N z=6.795 m_est=2.201
[INFO] [1789415059.053947539] [acados_nmpc_node]: [attach-window] t=34.85s pos_err=0.046m T=21.52N z=6.794 m_est=2.201
[INFO] [1789415059.109006391] [acados_nmpc_node]: [attach-window] t=34.90s pos_err=0.073m T=21.52N z=6.793 m_est=2.201
[INFO] [1789415059.153895786] [acados_nmpc_node]: [attach-window] t=34.95s pos_err=0.051m T=21.52N z=6.792 m_est=2.201
[INFO] [1789415059.161965217] [acados_nmpc_node]: [wcmd] raw=[+0.005,-0.045,-0.147] w=[+0.002,-0.025,-0.143] err=[+0.004,-0.020] scaled=[+0.012,-0.084] s=2.94
[INFO] [1789415059.208965270] [acados_nmpc_node]: [attach-window] t=35.00s pos_err=0.079m T=21.52N z=6.792 m_est=2.201
[INFO] [1789415059.254050776] [acados_nmpc_node]: [attach-window] t=35.05s pos_err=0.046m T=21.52N z=6.791 m_est=2.201
[INFO] [1789415059.309022344] [acados_nmpc_node]: [attach-window] t=35.10s pos_err=0.074m T=21.51N z=6.791 m_est=2.201
[INFO] [1789415059.353974517] [acados_nmpc_node]: [attach-window] t=35.15s pos_err=0.051m T=21.49N z=6.791 m_est=2.201
[INFO] [1789415059.361998463] [acados_nmpc_node]: [wcmd] raw=[-0.006,-0.045,-0.160] w=[+0.010,-0.017,-0.145] err=[-0.016,-0.029] scaled=[-0.036,-0.101] s=2.94
[INFO] [1789415059.409189845] [acados_nmpc_node]: [attach-window] t=35.20s pos_err=0.080m T=21.47N z=6.791 m_est=2.201
[INFO] [1789415059.453985417] [acados_nmpc_node]: [attach-window] t=35.25s pos_err=0.045m T=21.46N z=6.791 m_est=2.201
[INFO] [1789415059.509559406] [acados_nmpc_node]: [attach-window] t=35.30s pos_err=0.075m T=21.45N z=6.791 m_est=2.201
[INFO] [1789415059.554201340] [acados_nmpc_node]: [attach-window] t=35.35s pos_err=0.050m T=21.44N z=6.791 m_est=2.201
[INFO] [1789415059.562006148] [acados_nmpc_node]: [wcmd] raw=[-0.010,-0.047,-0.176] w=[-0.011,-0.033,-0.161] err=[+0.000,-0.014] scaled=[-0.010,-0.073] s=2.94
[INFO] [1789415059.609325389] [acados_nmpc_node]: [attach-window] t=35.40s pos_err=0.080m T=21.42N z=6.790 m_est=2.201
[INFO] [1789415059.654048499] [acados_nmpc_node]: [attach-window] t=35.45s pos_err=0.044m T=21.44N z=6.790 m_est=2.200
[INFO] [1789415059.709270252] [acados_nmpc_node]: [attach-window] t=35.50s pos_err=0.074m T=21.43N z=6.790 m_est=2.200
[INFO] [1789415059.754010105] [acados_nmpc_node]: [attach-window] t=35.55s pos_err=0.048m T=21.43N z=6.790 m_est=2.200
[INFO] [1789415059.761938480] [acados_nmpc_node]: [wcmd] raw=[+0.001,-0.052,-0.190] w=[+0.001,-0.019,-0.169] err=[+0.000,-0.034] scaled=[+0.002,-0.117] s=2.94
[INFO] [1789415059.809356019] [acados_nmpc_node]: [attach-window] t=35.60s pos_err=0.067m T=21.43N z=6.789 m_est=2.200
[INFO] [1789415059.854143958] [acados_nmpc_node]: [attach-window] t=35.65s pos_err=0.041m T=21.44N z=6.789 m_est=2.200
[INFO] [1789415059.909231984] [acados_nmpc_node]: [attach-window] t=35.70s pos_err=0.069m T=21.44N z=6.788 m_est=2.200
[INFO] [1789415059.909716257] [acados_nmpc_node]: t=35.7s | pos_err=0.069m | T=21.44N | tau=[r-0.199 p0.150 y-0.012]Nm | res_stat=4.730e-07(peak 9.981e-07) sqp_iter=4 | solve=1.8ms
[INFO] [1789415059.909923812] [acados_nmpc_node]: [flight-diag] t=35.7s | om_scale=2.937(lo 2.937 hi 2.937) | tilt_max=5.09deg | w_max=[r0.065 p0.065 y0.751]rad/s | u_frac=[T0.690 r0.448 p0.347 y0.492] | u_sat=[T0.0 r0.0 p0.0 y0.0]% | mot_peak=0.860 mot_sat=0.0% | health=1 age=0.000s conf=0.000 | n=100
[INFO] [1789415059.953965736] [acados_nmpc_node]: [attach-window] t=35.75s pos_err=0.044m T=21.46N z=6.788 m_est=2.200
[INFO] [1789415059.961948903] [acados_nmpc_node]: [wcmd] raw=[+0.001,-0.035,-0.202] w=[+0.006,-0.055,-0.193] err=[-0.005,+0.020] scaled=[-0.008,+0.005] s=2.94
[INFO] [1789415060.009067338] [acados_nmpc_node]: [attach-window] t=35.80s pos_err=0.071m T=21.44N z=6.787 m_est=2.199
[INFO] [1789415060.054087377] [acados_nmpc_node]: [attach-window] t=35.85s pos_err=0.036m T=21.46N z=6.786 m_est=2.199
[INFO] [1789415060.109286747] [acados_nmpc_node]: [attach-window] t=35.90s pos_err=0.064m T=21.46N z=6.785 m_est=2.199
[INFO] [1789415060.154008434] [acados_nmpc_node]: [attach-window] t=35.95s pos_err=0.039m T=21.47N z=6.783 m_est=2.199
[INFO] [1789415060.161913873] [acados_nmpc_node]: [wcmd] raw=[+0.005,-0.057,-0.218] w=[+0.009,-0.032,-0.202] err=[-0.004,-0.025] scaled=[-0.003,-0.105] s=2.94
[INFO] [1789415060.209346495] [acados_nmpc_node]: [attach-window] t=36.00s pos_err=0.066m T=21.46N z=6.782 m_est=2.199
[INFO] [1789415060.254186092] [acados_nmpc_node]: [attach-window] t=36.05s pos_err=0.033m T=21.52N z=6.779 m_est=2.199
[INFO] [1789415060.309408735] [acados_nmpc_node]: [attach-window] t=36.10s pos_err=0.059m T=21.51N z=6.778 m_est=2.198
[INFO] [1789415060.354014186] [acados_nmpc_node]: [attach-window] t=36.15s pos_err=0.035m T=21.54N z=6.775 m_est=2.198
[INFO] [1789415060.361945131] [acados_nmpc_node]: [wcmd] raw=[-0.006,-0.033,-0.230] w=[+0.009,+0.005,-0.204] err=[-0.015,-0.039] scaled=[-0.035,-0.108] s=2.94
[INFO] [1789415060.409265223] [acados_nmpc_node]: [attach-window] t=36.20s pos_err=0.062m T=21.53N z=6.773 m_est=2.198
[INFO] [1789415060.454138270] [acados_nmpc_node]: [attach-window] t=36.25s pos_err=0.029m T=21.57N z=6.770 m_est=2.198
[INFO] [1789415060.509521730] [acados_nmpc_node]: [attach-window] t=36.30s pos_err=0.055m T=21.57N z=6.768 m_est=2.198
[INFO] [1789415060.554195214] [acados_nmpc_node]: [attach-window] t=36.35s pos_err=0.031m T=21.61N z=6.764 m_est=2.198
[INFO] [1789415060.561968517] [acados_nmpc_node]: [wcmd] raw=[-0.012,-0.038,-0.250] w=[-0.005,-0.043,-0.238] err=[-0.007,+0.005] scaled=[-0.025,-0.029] s=2.94
[INFO] [1789415060.609594598] [acados_nmpc_node]: [attach-window] t=36.40s pos_err=0.057m T=21.60N z=6.762 m_est=2.197
[INFO] [1789415060.654181443] [acados_nmpc_node]: [attach-window] t=36.45s pos_err=0.024m T=21.67N z=6.756 m_est=2.197
[INFO] [1789415060.709492185] [acados_nmpc_node]: [attach-window] t=36.50s pos_err=0.049m T=21.67N z=6.754 m_est=2.197
[INFO] [1789415060.754070451] [acados_nmpc_node]: [attach-window] t=36.55s pos_err=0.027m T=21.69N z=6.749 m_est=2.197
[INFO] [1789415060.762040386] [acados_nmpc_node]: [wcmd] raw=[-0.005,-0.044,-0.267] w=[-0.005,-0.011,-0.245] err=[-0.000,-0.033] scaled=[-0.006,-0.109] s=2.94
[INFO] [1789415060.809749748] [acados_nmpc_node]: [attach-window] t=36.60s pos_err=0.052m T=21.68N z=6.746 m_est=2.197
[INFO] [1789415060.854068344] [acados_nmpc_node]: [attach-window] t=36.65s pos_err=0.022m T=21.72N z=6.741 m_est=2.197
[INFO] [1789415060.909411883] [acados_nmpc_node]: [attach-window] t=36.70s pos_err=0.045m T=21.70N z=6.738 m_est=2.198
[INFO] [1789415060.954270437] [acados_nmpc_node]: [attach-window] t=36.75s pos_err=0.026m T=21.71N z=6.734 m_est=2.198
[INFO] [1789415060.962024822] [acados_nmpc_node]: [wcmd] raw=[-0.005,-0.034,-0.286] w=[+0.007,-0.018,-0.266] err=[-0.011,-0.016] scaled=[-0.027,-0.065] s=2.94
[INFO] [1789415061.009539873] [acados_nmpc_node]: [attach-window] t=36.80s pos_err=0.048m T=21.68N z=6.732 m_est=2.198
[INFO] [1789415061.054347669] [acados_nmpc_node]: [attach-window] t=36.85s pos_err=0.023m T=21.69N z=6.727 m_est=2.198
[INFO] [1789415061.109718534] [acados_nmpc_node]: [attach-window] t=36.90s pos_err=0.042m T=21.67N z=6.725 m_est=2.198
[INFO] [1789415061.154188043] [acados_nmpc_node]: [attach-window] t=36.95s pos_err=0.026m T=21.66N z=6.722 m_est=2.199
[INFO] [1789415061.161992714] [acados_nmpc_node]: [wcmd] raw=[-0.008,-0.040,-0.309] w=[+0.000,-0.030,-0.291] err=[-0.008,-0.010] scaled=[-0.022,-0.060] s=2.94
[INFO] [1789415061.209593854] [acados_nmpc_node]: [attach-window] t=37.00s pos_err=0.045m T=21.63N z=6.720 m_est=2.199
[INFO] [1789415061.254248772] [acados_nmpc_node]: [attach-window] t=37.05s pos_err=0.026m T=21.65N z=6.716 m_est=2.199
[INFO] [1789415061.309801371] [acados_nmpc_node]: [attach-window] t=37.10s pos_err=0.041m T=21.62N z=6.714 m_est=2.200
[INFO] [1789415061.354259657] [acados_nmpc_node]: [attach-window] t=37.15s pos_err=0.030m T=21.63N z=6.711 m_est=2.200
[INFO] [1789415061.362096476] [acados_nmpc_node]: [wcmd] raw=[-0.014,-0.032,-0.331] w=[-0.002,-0.008,-0.305] err=[-0.012,-0.025] scaled=[-0.037,-0.080] s=2.94
[INFO] [1789415061.410159412] [acados_nmpc_node]: [attach-window] t=37.20s pos_err=0.046m T=21.61N z=6.709 m_est=2.200
[INFO] [1789415061.453580226] [acados_nmpc_node]: [attach-window] t=37.25s pos_err=0.032m T=21.63N z=6.705 m_est=2.201
[INFO] [1789415061.507199600] [acados_nmpc_node]: [attach-window] t=37.30s pos_err=0.042m T=21.61N z=6.704 m_est=2.201
[INFO] [1789415061.554406830] [acados_nmpc_node]: [attach-window] t=37.35s pos_err=0.035m T=21.60N z=6.701 m_est=2.202
[INFO] [1789415061.561952565] [acados_nmpc_node]: [wcmd] raw=[-0.009,-0.025,-0.355] w=[-0.004,-0.009,-0.331] err=[-0.005,-0.016] scaled=[-0.018,-0.056] s=2.94
[INFO] [1789415061.609457318] [acados_nmpc_node]: [attach-window] t=37.40s pos_err=0.042m T=21.58N z=6.699 m_est=2.202
[INFO] [1789415061.654289315] [acados_nmpc_node]: [attach-window] t=37.45s pos_err=0.035m T=21.60N z=6.696 m_est=2.202
[INFO] [1789415061.709448219] [acados_nmpc_node]: [attach-window] t=37.50s pos_err=0.045m T=21.58N z=6.694 m_est=2.202
[INFO] [1789415061.754207306] [acados_nmpc_node]: [attach-window] t=37.55s pos_err=0.036m T=21.59N z=6.691 m_est=2.203
[INFO] [1789415061.761938989] [acados_nmpc_node]: [wcmd] raw=[+0.012,-0.011,-0.383] w=[+0.006,-0.014,-0.357] err=[+0.006,+0.003] scaled=[+0.023,-0.005] s=2.94
[INFO] [1789415061.809313940] [acados_nmpc_node]: [attach-window] t=37.60s pos_err=0.047m T=21.56N z=6.690 m_est=2.203
[INFO] [1789415061.854154039] [acados_nmpc_node]: [attach-window] t=37.65s pos_err=0.035m T=21.58N z=6.686 m_est=2.203
[INFO] [1789415061.909362293] [acados_nmpc_node]: [attach-window] t=37.70s pos_err=0.043m T=21.56N z=6.685 m_est=2.203
[INFO] [1789415061.953982590] [acados_nmpc_node]: [attach-window] t=37.75s pos_err=0.033m T=21.56N z=6.682 m_est=2.203
[INFO] [1789415061.962059837] [acados_nmpc_node]: [wcmd] raw=[+0.015,-0.032,-0.408] w=[+0.029,-0.010,-0.387] err=[-0.013,-0.022] scaled=[-0.011,-0.075] s=2.96
[INFO] [1789415062.009244766] [acados_nmpc_node]: [attach-window] t=37.80s pos_err=0.039m T=21.54N z=6.680 m_est=2.203
[INFO] [1789415062.054044810] [acados_nmpc_node]: [attach-window] t=37.85s pos_err=0.030m T=21.57N z=6.677 m_est=2.203
[INFO] [1789415062.109579258] [acados_nmpc_node]: [attach-window] t=37.90s pos_err=0.039m T=21.55N z=6.675 m_est=2.203
[INFO] [1789415062.153941249] [acados_nmpc_node]: [attach-window] t=37.95s pos_err=0.027m T=21.59N z=6.671 m_est=2.203
[INFO] [1789415062.161945002] [acados_nmpc_node]: [wcmd] raw=[+0.003,-0.040,-0.420] w=[+0.021,-0.006,-0.412] err=[-0.019,-0.034] scaled=[-0.034,-0.107] s=2.98
[INFO] [1789415062.209776977] [acados_nmpc_node]: [attach-window] t=38.00s pos_err=0.034m T=21.56N z=6.669 m_est=2.203
[INFO] [1789415062.254199479] [acados_nmpc_node]: [attach-window] t=38.05s pos_err=0.025m T=21.57N z=6.665 m_est=2.203
[INFO] [1789415062.309824917] [acados_nmpc_node]: [attach-window] t=38.10s pos_err=0.035m T=21.55N z=6.663 m_est=2.203
[INFO] [1789415062.354071345] [acados_nmpc_node]: [attach-window] t=38.15s pos_err=0.023m T=21.60N z=6.658 m_est=2.203
[INFO] [1789415062.361954119] [acados_nmpc_node]: [wcmd] raw=[-0.006,-0.038,-0.433] w=[+0.007,-0.030,-0.441] err=[-0.013,-0.009] scaled=[-0.032,-0.056] s=2.99
[INFO] [1789415062.409777287] [acados_nmpc_node]: [attach-window] t=38.20s pos_err=0.030m T=21.58N z=6.656 m_est=2.203
[INFO] [1789415062.454066461] [acados_nmpc_node]: [attach-window] t=38.25s pos_err=0.021m T=21.61N z=6.652 m_est=2.203
[INFO] [1789415062.509330877] [acados_nmpc_node]: [attach-window] t=38.30s pos_err=0.031m T=21.59N z=6.649 m_est=2.203
[INFO] [1789415062.554063144] [acados_nmpc_node]: [attach-window] t=38.35s pos_err=0.019m T=21.61N z=6.645 m_est=2.202
[INFO] [1789415062.561962434] [acados_nmpc_node]: [wcmd] raw=[+0.007,-0.021,-0.444] w=[+0.004,-0.012,-0.450] err=[+0.003,-0.008] scaled=[+0.014,-0.038] s=3.00
[INFO] [1789415062.609227485] [acados_nmpc_node]: [attach-window] t=38.40s pos_err=0.032m T=21.59N z=6.643 m_est=2.202
[INFO] [1789415062.654083566] [acados_nmpc_node]: [attach-window] t=38.45s pos_err=0.016m T=21.62N z=6.638 m_est=2.202
[INFO] [1789415062.709307991] [acados_nmpc_node]: [attach-window] t=38.50s pos_err=0.026m T=21.60N z=6.636 m_est=2.202
[INFO] [1789415062.753986922] [acados_nmpc_node]: [attach-window] t=38.55s pos_err=0.014m T=21.60N z=6.631 m_est=2.202
[INFO] [1789415062.761990558] [acados_nmpc_node]: [wcmd] raw=[+0.002,-0.045,-0.447] w=[+0.018,-0.019,-0.468] err=[-0.016,-0.025] scaled=[-0.030,-0.095] s=3.01
[INFO] [1789415062.809341243] [acados_nmpc_node]: [attach-window] t=38.60s pos_err=0.026m T=21.57N z=6.629 m_est=2.202
[INFO] [1789415062.854105035] [acados_nmpc_node]: [attach-window] t=38.65s pos_err=0.012m T=21.61N z=6.624 m_est=2.202
[INFO] [1789415062.909375246] [acados_nmpc_node]: [attach-window] t=38.70s pos_err=0.020m T=21.60N z=6.622 m_est=2.202
[INFO] [1789415062.954014693] [acados_nmpc_node]: [attach-window] t=38.75s pos_err=0.011m T=21.62N z=6.617 m_est=2.202
[INFO] [1789415062.961951308] [acados_nmpc_node]: [wcmd] raw=[-0.010,-0.042,-0.437] w=[+0.001,-0.015,-0.472] err=[-0.011,-0.027] scaled=[-0.032,-0.095] s=3.01
[INFO] [1789415063.009148379] [acados_nmpc_node]: [attach-window] t=38.80s pos_err=0.022m T=21.60N z=6.614 m_est=2.202
[INFO] [1789415063.054139996] [acados_nmpc_node]: [attach-window] t=38.85s pos_err=0.013m T=21.63N z=6.609 m_est=2.202
[INFO] [1789415063.109254224] [acados_nmpc_node]: [attach-window] t=38.90s pos_err=0.017m T=21.61N z=6.606 m_est=2.202
[INFO] [1789415063.154008099] [acados_nmpc_node]: [attach-window] t=38.95s pos_err=0.012m T=21.62N z=6.602 m_est=2.202
[INFO] [1789415063.161939223] [acados_nmpc_node]: [wcmd] raw=[-0.015,-0.036,-0.422] w=[-0.010,-0.028,-0.473] err=[-0.005,-0.008] scaled=[-0.024,-0.052] s=3.01
[INFO] [1789415063.209152650] [acados_nmpc_node]: [attach-window] t=39.00s pos_err=0.019m T=21.59N z=6.599 m_est=2.202
[INFO] [1789415063.254319858] [acados_nmpc_node]: [attach-window] t=39.05s pos_err=0.015m T=21.61N z=6.594 m_est=2.202
[INFO] [1789415063.309267735] [acados_nmpc_node]: [attach-window] t=39.10s pos_err=0.016m T=21.59N z=6.592 m_est=2.202
[INFO] [1789415063.354297556] [acados_nmpc_node]: [attach-window] t=39.15s pos_err=0.015m T=21.58N z=6.587 m_est=2.202
[INFO] [1789415063.361954689] [acados_nmpc_node]: [wcmd] raw=[-0.016,-0.034,-0.399] w=[-0.010,-0.010,-0.457] err=[-0.007,-0.024] scaled=[-0.030,-0.083] s=3.02
[INFO] [1789415063.410121922] [acados_nmpc_node]: [attach-window] t=39.20s pos_err=0.019m T=21.55N z=6.585 m_est=2.203
[INFO] [1789415063.454387364] [acados_nmpc_node]: [attach-window] t=39.25s pos_err=0.019m T=21.58N z=6.580 m_est=2.203
[INFO] [1789415063.509360417] [acados_nmpc_node]: [attach-window] t=39.30s pos_err=0.017m T=21.56N z=6.578 m_est=2.203
[INFO] [1789415063.554304014] [acados_nmpc_node]: [attach-window] t=39.35s pos_err=0.018m T=21.57N z=6.573 m_est=2.203
[INFO] [1789415063.561950180] [acados_nmpc_node]: [wcmd] raw=[-0.010,-0.032,-0.372] w=[-0.010,-0.000,-0.438] err=[-0.000,-0.032] scaled=[-0.011,-0.097] s=3.02
[INFO] [1789415063.609308182] [acados_nmpc_node]: [attach-window] t=39.40s pos_err=0.020m T=21.55N z=6.571 m_est=2.203
[INFO] [1789415063.654233954] [acados_nmpc_node]: [attach-window] t=39.45s pos_err=0.022m T=21.57N z=6.566 m_est=2.203
[INFO] [1789415063.709479403] [acados_nmpc_node]: [attach-window] t=39.50s pos_err=0.019m T=21.54N z=6.563 m_est=2.203
[INFO] [1789415063.754203867] [acados_nmpc_node]: [attach-window] t=39.55s pos_err=0.020m T=21.54N z=6.559 m_est=2.203
[INFO] [1789415063.761948927] [acados_nmpc_node]: [wcmd] raw=[+0.002,-0.027,-0.341] w=[+0.004,-0.014,-0.420] err=[-0.002,-0.013] scaled=[-0.001,-0.054] s=3.02
[INFO] [1789415063.809423539] [acados_nmpc_node]: [attach-window] t=39.60s pos_err=0.021m T=21.50N z=6.557 m_est=2.203
[INFO] [1789415063.854205311] [acados_nmpc_node]: [attach-window] t=39.65s pos_err=0.024m T=21.52N z=6.553 m_est=2.203
[INFO] [1789415063.909448102] [acados_nmpc_node]: [attach-window] t=39.70s pos_err=0.019m T=21.49N z=6.551 m_est=2.203
[INFO] [1789415063.954195737] [acados_nmpc_node]: [attach-window] t=39.75s pos_err=0.029m T=21.49N z=6.547 m_est=2.203
[INFO] [1789415063.961901678] [acados_nmpc_node]: [wcmd] raw=[-0.008,-0.070,-0.304] w=[+0.010,-0.007,-0.388] err=[-0.018,-0.063] scaled=[-0.044,-0.198] s=3.02
[INFO] [1789415064.009426926] [acados_nmpc_node]: [attach-window] t=39.80s pos_err=0.019m T=21.46N z=6.545 m_est=2.203
[INFO] [1789415064.054325913] [acados_nmpc_node]: [attach-window] t=39.85s pos_err=0.027m T=21.47N z=6.541 m_est=2.203
[INFO] [1789415064.109402470] [acados_nmpc_node]: [attach-window] t=39.90s pos_err=0.020m T=21.44N z=6.539 m_est=2.203
[INFO] [1789415064.154271373] [acados_nmpc_node]: [attach-window] t=39.95s pos_err=0.025m T=21.47N z=6.535 m_est=2.203
[INFO] [1789415064.161975734] [acados_nmpc_node]: [wcmd] raw=[+0.004,-0.006,-0.271] w=[-0.003,-0.005,-0.352] err=[+0.007,-0.002] scaled=[+0.017,-0.010] s=3.02
[INFO] [1789415064.209561071] [acados_nmpc_node]: [attach-window] t=40.00s pos_err=0.022m T=21.45N z=6.533 m_est=2.202
[INFO] [1789415064.254360431] [acados_nmpc_node]: [attach-window] t=40.05s pos_err=0.028m T=21.48N z=6.528 m_est=2.202
[INFO] [1789415064.309623231] [acados_nmpc_node]: [attach-window] t=40.10s pos_err=0.021m T=21.46N z=6.526 m_est=2.202
[INFO] [1789415064.354118339] [acados_nmpc_node]: [attach-window] t=40.15s pos_err=0.024m T=21.46N z=6.521 m_est=2.202
[INFO] [1789415064.361958017] [acados_nmpc_node]: [wcmd] raw=[+0.002,-0.042,-0.249] w=[+0.016,-0.040,-0.331] err=[-0.014,-0.002] scaled=[-0.027,-0.047] s=3.02
[INFO] [1789415064.409383456] [acados_nmpc_node]: [attach-window] t=40.20s pos_err=0.023m T=21.43N z=6.518 m_est=2.202
[INFO] [1789415064.454412595] [acados_nmpc_node]: [attach-window] t=40.25s pos_err=0.025m T=21.50N z=6.512 m_est=2.201
[INFO] [1789415064.509345479] [acados_nmpc_node]: [attach-window] t=40.30s pos_err=0.021m T=21.48N z=6.510 m_est=2.201
[INFO] [1789415064.554170716] [acados_nmpc_node]: [attach-window] t=40.35s pos_err=0.020m T=21.52N z=6.504 m_est=2.201
[INFO] [1789415064.561924056] [acados_nmpc_node]: [wcmd] raw=[+0.001,-0.034,-0.219] w=[-0.001,+0.045,-0.268] err=[+0.002,-0.079] scaled=[+0.005,-0.193] s=3.02
[INFO] [1789415064.609487559] [acados_nmpc_node]: [attach-window] t=40.40s pos_err=0.024m T=21.51N z=6.501 m_est=2.201
[INFO] [1789415064.654104247] [acados_nmpc_node]: [attach-window] t=40.45s pos_err=0.019m T=21.55N z=6.494 m_est=2.200
[INFO] [1789415064.709346584] [acados_nmpc_node]: [attach-window] t=40.50s pos_err=0.021m T=21.53N z=6.491 m_est=2.200
[INFO] [1789415064.754046618] [acados_nmpc_node]: [attach-window] t=40.55s pos_err=0.014m T=21.56N z=6.484 m_est=2.200
[INFO] [1789415064.761986559] [acados_nmpc_node]: [wcmd] raw=[+0.001,-0.021,-0.201] w=[+0.012,-0.031,-0.264] err=[-0.011,+0.010] scaled=[-0.022,+0.000] s=3.02
[INFO] [1789415064.809528508] [acados_nmpc_node]: [attach-window] t=40.60s pos_err=0.026m T=21.54N z=6.481 m_est=2.200
[INFO] [1789415064.854009202] [acados_nmpc_node]: [attach-window] t=40.65s pos_err=0.014m T=21.58N z=6.473 m_est=2.199
[INFO] [1789415064.909421781] [acados_nmpc_node]: [attach-window] t=40.70s pos_err=0.022m T=21.57N z=6.470 m_est=2.199
[INFO] [1789415064.909917692] [acados_nmpc_node]: t=40.7s | pos_err=0.022m | T=21.57N | tau=[r-0.199 p0.076 y0.009]Nm | res_stat=3.698e-07(peak 9.981e-07) sqp_iter=3 | solve=1.5ms
[INFO] [1789415064.910132649] [acados_nmpc_node]: [flight-diag] t=40.7s | om_scale=3.019(lo 2.937 hi 3.019) | tilt_max=3.09deg | w_max=[r0.030 p0.059 y0.478]rad/s | u_frac=[T0.693 r0.437 p0.336 y0.197] | u_sat=[T0.0 r0.0 p0.0 y0.0]% | mot_peak=0.851 mot_sat=0.0% | health=1 age=0.000s conf=0.000 | n=100
[INFO] [1789415064.954080123] [acados_nmpc_node]: [attach-window] t=40.75s pos_err=0.009m T=21.57N z=6.463 m_est=2.199
[INFO] [1789415064.961982483] [acados_nmpc_node]: [wcmd] raw=[-0.004,-0.057,-0.182] w=[+0.001,-0.022,-0.234] err=[-0.005,-0.035] scaled=[-0.014,-0.129] s=3.02
[INFO] [1789415065.009336267] [acados_nmpc_node]: [attach-window] t=40.80s pos_err=0.018m T=21.56N z=6.459 m_est=2.199
[INFO] [1789415065.054031235] [acados_nmpc_node]: [attach-window] t=40.85s pos_err=0.010m T=21.60N z=6.452 m_est=2.198
[INFO] [1789415065.109473080] [acados_nmpc_node]: [attach-window] t=40.90s pos_err=0.023m T=21.58N z=6.449 m_est=2.198
[INFO] [1789415065.153332560] [acados_nmpc_node]: [attach-window] t=40.95s pos_err=0.005m T=21.61N z=6.442 m_est=2.198
[INFO] [1789415065.161898144] [acados_nmpc_node]: [wcmd] raw=[-0.004,-0.033,-0.163] w=[-0.004,-0.017,-0.206] err=[-0.000,-0.016] scaled=[-0.005,-0.065] s=3.02
[INFO] [1789415065.209301538] [acados_nmpc_node]: [attach-window] t=41.00s pos_err=0.028m T=21.58N z=6.439 m_est=2.198
[INFO] [1789415065.254146782] [acados_nmpc_node]: [attach-window] t=41.05s pos_err=0.010m T=21.59N z=6.431 m_est=2.198
[INFO] [1789415065.309487625] [acados_nmpc_node]: [attach-window] t=41.10s pos_err=0.023m T=21.57N z=6.428 m_est=2.198
[INFO] [1789415065.354212423] [acados_nmpc_node]: [attach-window] t=41.15s pos_err=0.006m T=21.55N z=6.422 m_est=2.198
[INFO] [1789415065.362041673] [acados_nmpc_node]: [wcmd] raw=[-0.012,-0.063,-0.154] w=[+0.000,-0.060,-0.199] err=[-0.012,-0.003] scaled=[-0.037,-0.069] s=3.02
[INFO] [1789415065.409742379] [acados_nmpc_node]: [attach-window] t=41.20s pos_err=0.028m T=21.51N z=6.419 m_est=2.198
[INFO] [1789415065.454041675] [acados_nmpc_node]: [attach-window] t=41.25s pos_err=0.011m T=21.55N z=6.412 m_est=2.198
[INFO] [1789415065.509452305] [acados_nmpc_node]: [attach-window] t=41.30s pos_err=0.022m T=21.52N z=6.409 m_est=2.198
[INFO] [1789415065.554148867] [acados_nmpc_node]: [attach-window] t=41.35s pos_err=0.007m T=21.52N z=6.403 m_est=2.198
[INFO] [1789415065.561946379] [acados_nmpc_node]: [wcmd] raw=[-0.005,-0.057,-0.138] w=[-0.013,+0.010,-0.156] err=[+0.007,-0.068] scaled=[+0.010,-0.194] s=3.02
[INFO] [1789415065.609245247] [acados_nmpc_node]: [attach-window] t=41.40s pos_err=0.017m T=21.52N z=6.399 m_est=2.198
[INFO] [1789415065.653950924] [acados_nmpc_node]: [attach-window] t=41.45s pos_err=0.011m T=21.53N z=6.393 m_est=2.198
[INFO] [1789415065.709418539] [acados_nmpc_node]: [attach-window] t=41.50s pos_err=0.024m T=21.51N z=6.390 m_est=2.198
[INFO] [1789415065.754133793] [acados_nmpc_node]: [attach-window] t=41.55s pos_err=0.005m T=21.54N z=6.384 m_est=2.198
[INFO] [1789415065.762013263] [acados_nmpc_node]: [wcmd] raw=[+0.008,-0.005,-0.127] w=[+0.007,-0.043,-0.156] err=[+0.001,+0.037] scaled=[+0.009,+0.070] s=3.02
[INFO] [1789415065.809636036] [acados_nmpc_node]: [attach-window] t=41.60s pos_err=0.032m T=21.50N z=6.381 m_est=2.199
[INFO] [1789415065.854086676] [acados_nmpc_node]: [attach-window] t=41.65s pos_err=0.008m T=21.52N z=6.375 m_est=2.199
[INFO] [1789415065.909268198] [acados_nmpc_node]: [attach-window] t=41.70s pos_err=0.030m T=21.50N z=6.372 m_est=2.199
[INFO] [1789415065.953971368] [acados_nmpc_node]: [attach-window] t=41.75s pos_err=0.008m T=21.45N z=6.367 m_est=2.199
[INFO] [1789415065.961905245] [acados_nmpc_node]: [wcmd] raw=[-0.001,-0.053,-0.127] w=[+0.010,-0.019,-0.141] err=[-0.012,-0.034] scaled=[-0.025,-0.123] s=3.02
[INFO] [1789415066.009868705] [acados_nmpc_node]: [attach-window] t=41.80s pos_err=0.040m T=21.40N z=6.365 m_est=2.199
[INFO] [1789415066.054168833] [acados_nmpc_node]: [attach-window] t=41.85s pos_err=0.009m T=21.44N z=6.359 m_est=2.199
[INFO] [1789415066.109643066] [acados_nmpc_node]: [attach-window] t=41.90s pos_err=0.038m T=21.41N z=6.356 m_est=2.199
[INFO] [1789415066.154270861] [acados_nmpc_node]: [attach-window] t=41.95s pos_err=0.013m T=21.43N z=6.350 m_est=2.199
[INFO] [1789415066.162014932] [acados_nmpc_node]: [wcmd] raw=[-0.020,-0.042,-0.113] w=[-0.011,+0.047,-0.110] err=[-0.009,-0.089] scaled=[-0.038,-0.222] s=3.02
[INFO] [1789415066.210126401] [acados_nmpc_node]: [attach-window] t=42.00s pos_err=0.048m T=21.42N z=6.347 m_est=2.198
[INFO] [1789415066.254200987] [acados_nmpc_node]: [attach-window] t=42.05s pos_err=0.012m T=21.44N z=6.340 m_est=2.198
[INFO] [1789415066.309344084] [acados_nmpc_node]: [attach-window] t=42.10s pos_err=0.045m T=21.43N z=6.337 m_est=2.198
[INFO] [1789415066.354127092] [acados_nmpc_node]: [attach-window] t=42.15s pos_err=0.010m T=21.46N z=6.330 m_est=2.198
[INFO] [1789415066.361996887] [acados_nmpc_node]: [wcmd] raw=[-0.013,-0.083,-0.106] w=[-0.017,-0.070,-0.142] err=[+0.004,-0.013] scaled=[-0.005,-0.109] s=3.02
[INFO] [1789415066.409817779] [acados_nmpc_node]: [attach-window] t=42.20s pos_err=0.042m T=21.45N z=6.326 m_est=2.198
[INFO] [1789415066.454178027] [acados_nmpc_node]: [attach-window] t=42.25s pos_err=0.014m T=21.48N z=6.319 m_est=2.197
[INFO] [1789415066.509874323] [acados_nmpc_node]: [attach-window] t=42.30s pos_err=0.050m T=21.46N z=6.316 m_est=2.197
[INFO] [1789415066.554333703] [acados_nmpc_node]: [attach-window] t=42.35s pos_err=0.021m T=21.51N z=6.308 m_est=2.197
[INFO] [1789415066.561981095] [acados_nmpc_node]: [wcmd] raw=[-0.004,-0.031,-0.089] w=[-0.004,+0.003,-0.103] err=[-0.000,-0.034] scaled=[-0.005,-0.100] s=3.02
[INFO] [1789415066.609860306] [acados_nmpc_node]: [attach-window] t=42.40s pos_err=0.059m T=21.49N z=6.305 m_est=2.197
[INFO] [1789415066.653942797] [acados_nmpc_node]: [attach-window] t=42.45s pos_err=0.016m T=21.52N z=6.296 m_est=2.196
[INFO] [1789415066.709428827] [acados_nmpc_node]: [attach-window] t=42.50s pos_err=0.054m T=21.51N z=6.293 m_est=2.196
[INFO] [1789415066.753311844] [acados_nmpc_node]: [attach-window] t=42.55s pos_err=0.022m T=21.49N z=6.286 m_est=2.196
[INFO] [1789415066.761894002] [acados_nmpc_node]: [wcmd] raw=[-0.005,-0.069,-0.084] w=[-0.001,-0.059,-0.114] err=[-0.003,-0.010] scaled=[-0.011,-0.089] s=2.99
[INFO] [1789415066.807520673] [acados_nmpc_node]: [attach-window] t=42.60s pos_err=0.059m T=21.47N z=6.283 m_est=2.195
[INFO] [1789415066.853299346] [acados_nmpc_node]: [attach-window] t=42.65s pos_err=0.016m T=21.51N z=6.274 m_est=2.195
[INFO] [1789415066.907044993] [acados_nmpc_node]: [attach-window] t=42.70s pos_err=0.052m T=21.51N z=6.271 m_est=2.195
[INFO] [1789415066.953365184] [acados_nmpc_node]: [attach-window] t=42.75s pos_err=0.022m T=21.51N z=6.263 m_est=2.195
[INFO] [1789415066.961896991] [acados_nmpc_node]: [wcmd] raw=[-0.001,-0.072,-0.069] w=[-0.002,-0.005,-0.082] err=[+0.001,-0.067] scaled=[+0.000,-0.203] s=2.97
[INFO] [1789415067.007621928] [acados_nmpc_node]: [attach-window] t=42.80s pos_err=0.060m T=21.50N z=6.260 m_est=2.195
[INFO] [1789415067.054102152] [acados_nmpc_node]: [attach-window] t=42.85s pos_err=0.016m T=21.53N z=6.251 m_est=2.194
[INFO] [1789415067.110018161] [acados_nmpc_node]: [attach-window] t=42.90s pos_err=0.057m T=21.52N z=6.247 m_est=2.194
[INFO] [1789415067.153963413] [acados_nmpc_node]: [attach-window] t=42.95s pos_err=0.023m T=21.55N z=6.240 m_est=2.194
[INFO] [1789415067.161984199] [acados_nmpc_node]: [wcmd] raw=[-0.007,-0.051,-0.059] w=[+0.000,-0.031,-0.077] err=[-0.008,-0.020] scaled=[-0.022,-0.090] s=2.96
[INFO] [1789415067.209616860] [acados_nmpc_node]: [attach-window] t=43.00s pos_err=0.065m T=21.52N z=6.236 m_est=2.194
[INFO] [1789415067.253961120] [acados_nmpc_node]: [attach-window] t=43.05s pos_err=0.017m T=21.56N z=6.227 m_est=2.194
[INFO] [1789415067.309229885] [acados_nmpc_node]: [attach-window] t=43.10s pos_err=0.058m T=21.55N z=6.223 m_est=2.194
[INFO] [1789415067.354192881] [acados_nmpc_node]: [attach-window] t=43.15s pos_err=0.025m T=21.55N z=6.215 m_est=2.194
[INFO] [1789415067.361979964] [acados_nmpc_node]: [wcmd] raw=[-0.023,-0.069,-0.056] w=[-0.014,-0.041,-0.071] err=[-0.009,-0.028] scaled=[-0.040,-0.125] s=2.95
[INFO] [1789415067.410006358] [acados_nmpc_node]: [attach-window] t=43.20s pos_err=0.067m T=21.52N z=6.211 m_est=2.194
[INFO] [1789415067.453981743] [acados_nmpc_node]: [attach-window] t=43.25s pos_err=0.021m T=21.57N z=6.203 m_est=2.194
[INFO] [1789415067.509584549] [acados_nmpc_node]: [attach-window] t=43.30s pos_err=0.061m T=21.54N z=6.199 m_est=2.194
[INFO] [1789415067.554061719] [acados_nmpc_node]: [attach-window] t=43.35s pos_err=0.030m T=21.55N z=6.191 m_est=2.194
[INFO] [1789415067.561957719] [acados_nmpc_node]: [wcmd] raw=[-0.014,-0.050,-0.047] w=[-0.024,+0.005,-0.045] err=[+0.010,-0.055] scaled=[+0.006,-0.158] s=2.95
[INFO] [1789415067.609746624] [acados_nmpc_node]: [attach-window] t=43.40s pos_err=0.072m T=21.53N z=6.187 m_est=2.194
[INFO] [1789415067.654216987] [acados_nmpc_node]: [attach-window] t=43.45s pos_err=0.028m T=21.57N z=6.178 m_est=2.194
[INFO] [1789415067.710073988] [acados_nmpc_node]: [attach-window] t=43.50s pos_err=0.069m T=21.54N z=6.175 m_est=2.194
[INFO] [1789415067.754396534] [acados_nmpc_node]: [attach-window] t=43.55s pos_err=0.037m T=21.56N z=6.167 m_est=2.194
[INFO] [1789415067.762040336] [acados_nmpc_node]: [wcmd] raw=[+0.002,-0.041,-0.046] w=[-0.000,-0.025,-0.052] err=[+0.002,-0.017] scaled=[+0.006,-0.074] s=2.95
[INFO] [1789415067.810164546] [acados_nmpc_node]: [attach-window] t=43.60s pos_err=0.080m T=21.52N z=6.163 m_est=2.194
[INFO] [1789415067.854201454] [acados_nmpc_node]: [attach-window] t=43.65s pos_err=0.034m T=21.57N z=6.154 m_est=2.194
[INFO] [1789415067.909857876] [acados_nmpc_node]: [attach-window] t=43.70s pos_err=0.076m T=21.54N z=6.150 m_est=2.195
[INFO] [1789415067.954258997] [acados_nmpc_node]: [attach-window] t=43.75s pos_err=0.042m T=21.53N z=6.143 m_est=2.195
[INFO] [1789415067.962009709] [acados_nmpc_node]: [wcmd] raw=[+0.012,-0.064,-0.044] w=[+0.010,-0.016,-0.047] err=[+0.002,-0.048] scaled=[+0.017,-0.157] s=2.94
[INFO] [1789415068.010160714] [acados_nmpc_node]: [attach-window] t=43.80s pos_err=0.086m T=21.50N z=6.139 m_est=2.195
[INFO] [1789415068.054085776] [acados_nmpc_node]: [attach-window] t=43.85s pos_err=0.035m T=21.53N z=6.131 m_est=2.195
[INFO] [1789415068.109855393] [acados_nmpc_node]: [attach-window] t=43.90s pos_err=0.079m T=21.50N z=6.128 m_est=2.195
[INFO] [1789415068.154174589] [acados_nmpc_node]: [attach-window] t=43.95s pos_err=0.042m T=21.49N z=6.121 m_est=2.195
[INFO] [1789415068.161947343] [acados_nmpc_node]: [wcmd] raw=[-0.001,-0.076,-0.036] w=[+0.014,-0.027,-0.045] err=[-0.015,-0.048] scaled=[-0.031,-0.169] s=2.94
[INFO] [1789415068.209676239] [acados_nmpc_node]: [attach-window] t=44.00s pos_err=0.071m T=21.48N z=6.116 m_est=2.195
[INFO] [1789415068.254004027] [acados_nmpc_node]: [attach-window] t=44.05s pos_err=0.034m T=21.50N z=6.109 m_est=2.195
[INFO] [1789415068.309664560] [acados_nmpc_node]: [attach-window] t=44.10s pos_err=0.078m T=21.48N z=6.106 m_est=2.195
[INFO] [1789415068.354017439] [acados_nmpc_node]: [attach-window] t=44.15s pos_err=0.040m T=21.50N z=6.099 m_est=2.195
[INFO] [1789415068.362003525] [acados_nmpc_node]: [wcmd] raw=[-0.008,-0.045,-0.024] w=[-0.012,-0.072,-0.051] err=[+0.004,+0.027] scaled=[-0.001,+0.006] s=2.94
[INFO] [1789415068.409507608] [acados_nmpc_node]: [attach-window] t=44.20s pos_err=0.084m T=21.46N z=6.096 m_est=2.195
[INFO] [1789415068.454033401] [acados_nmpc_node]: [attach-window] t=44.25s pos_err=0.032m T=21.52N z=6.088 m_est=2.195
[INFO] [1789415068.509272998] [acados_nmpc_node]: [attach-window] t=44.30s pos_err=0.076m T=21.50N z=6.084 m_est=2.195
[INFO] [1789415068.554140776] [acados_nmpc_node]: [attach-window] t=44.35s pos_err=0.039m T=21.49N z=6.077 m_est=2.195
[INFO] [1789415068.561886213] [acados_nmpc_node]: [wcmd] raw=[-0.002,-0.082,-0.020] w=[-0.005,-0.024,-0.027] err=[+0.003,-0.057] scaled=[+0.003,-0.193] s=2.94
[INFO] [1789415068.609576355] [acados_nmpc_node]: [attach-window] t=44.40s pos_err=0.070m T=21.48N z=6.072 m_est=2.195
[INFO] [1789415068.653966198] [acados_nmpc_node]: [attach-window] t=44.45s pos_err=0.032m T=21.52N z=6.064 m_est=2.195
[INFO] [1789415068.709496474] [acados_nmpc_node]: [attach-window] t=44.50s pos_err=0.078m T=21.49N z=6.061 m_est=2.195
[INFO] [1789415068.754006078] [acados_nmpc_node]: [attach-window] t=44.55s pos_err=0.042m T=21.56N z=6.052 m_est=2.195
[INFO] [1789415068.761962549] [acados_nmpc_node]: [wcmd] raw=[-0.016,-0.017,-0.010] w=[-0.007,-0.016,-0.013] err=[-0.009,-0.001] scaled=[-0.034,-0.019] s=2.94
[INFO] [1789415068.809684818] [acados_nmpc_node]: [attach-window] t=44.60s pos_err=0.088m T=21.53N z=6.048 m_est=2.195
[INFO] [1789415068.854031988] [acados_nmpc_node]: [attach-window] t=44.65s pos_err=0.036m T=21.60N z=6.038 m_est=2.195
[INFO] [1789415068.909619590] [acados_nmpc_node]: [attach-window] t=44.70s pos_err=0.082m T=21.58N z=6.034 m_est=2.195
[INFO] [1789415068.954124719] [acados_nmpc_node]: [attach-window] t=44.75s pos_err=0.031m T=21.57N z=6.025 m_est=2.195
[INFO] [1789415068.962046211] [acados_nmpc_node]: [wcmd] raw=[-0.022,-0.123,-0.015] w=[-0.021,-0.060,-0.029] err=[-0.001,-0.063] scaled=[-0.023,-0.245] s=2.94
[INFO] [1789415069.009595255] [acados_nmpc_node]: [attach-window] t=44.80s pos_err=0.090m T=21.52N z=6.022 m_est=2.195
[INFO] [1789415069.053922767] [acados_nmpc_node]: [attach-window] t=44.85s pos_err=0.038m T=21.55N z=6.013 m_est=2.194
[INFO] [1789415069.109519031] [acados_nmpc_node]: [attach-window] t=44.90s pos_err=0.082m T=21.49N z=6.009 m_est=2.194
[INFO] [1789415069.154021106] [acados_nmpc_node]: [attach-window] t=44.95s pos_err=0.045m T=21.53N z=6.001 m_est=2.194
[INFO] [1789415069.161972608] [acados_nmpc_node]: [wcmd] raw=[-0.008,-0.061,+0.000] w=[-0.020,+0.033,+0.010] err=[+0.013,-0.095] scaled=[+0.017,-0.245] s=2.94
[INFO] [1789415069.209654070] [acados_nmpc_node]: [attach-window] t=45.00s pos_err=0.089m T=21.51N z=5.997 m_est=2.194
[INFO] [1789415069.253957275] [acados_nmpc_node]: [attach-window] t=45.05s pos_err=0.038m T=21.52N z=5.989 m_est=2.194
[INFO] [1789415069.309232591] [acados_nmpc_node]: [attach-window] t=45.10s pos_err=0.080m T=21.50N z=5.985 m_est=2.194
[INFO] [1789415069.354139860] [acados_nmpc_node]: [attach-window] t=45.15s pos_err=0.045m T=21.51N z=5.978 m_est=2.194
[INFO] [1789415069.361936889] [acados_nmpc_node]: [wcmd] raw=[+0.001,-0.058,+0.001] w=[+0.004,-0.105,-0.032] err=[-0.003,+0.047] scaled=[-0.004,+0.033] s=2.94
[INFO] [1789415069.409725047] [acados_nmpc_node]: [attach-window] t=45.20s pos_err=0.089m T=21.45N z=5.975 m_est=2.194
[INFO] [1789415069.453979520] [acados_nmpc_node]: [attach-window] t=45.25s pos_err=0.038m T=21.53N z=5.967 m_est=2.194
[INFO] [1789415069.509543386] [acados_nmpc_node]: [attach-window] t=45.30s pos_err=0.081m T=21.49N z=5.964 m_est=2.194
[INFO] [1789415069.554007059] [acados_nmpc_node]: [attach-window] t=45.35s pos_err=0.045m T=21.49N z=5.957 m_est=2.194
[INFO] [1789415069.561890204] [acados_nmpc_node]: [wcmd] raw=[+0.003,-0.073,+0.010] w=[+0.002,+0.010,+0.014] err=[+0.002,-0.083] scaled=[+0.007,-0.234] s=2.94
[INFO] [1789415069.609655751] [acados_nmpc_node]: [attach-window] t=45.40s pos_err=0.090m T=21.44N z=5.954 m_est=2.194
[INFO] [1789415069.653963622] [acados_nmpc_node]: [attach-window] t=45.45s pos_err=0.039m T=21.48N z=5.946 m_est=2.194
[INFO] [1789415069.709695658] [acados_nmpc_node]: [attach-window] t=45.50s pos_err=0.084m T=21.43N z=5.943 m_est=2.194
[INFO] [1789415069.754067433] [acados_nmpc_node]: [attach-window] t=45.55s pos_err=0.047m T=21.47N z=5.937 m_est=2.194
[INFO] [1789415069.761910613] [acados_nmpc_node]: [wcmd] raw=[+0.003,-0.041,+0.017] w=[+0.002,-0.007,+0.014] err=[+0.001,-0.034] scaled=[+0.005,-0.107] s=2.94
[INFO] [1789415069.809933624] [acados_nmpc_node]: [attach-window] t=45.60s pos_err=0.093m T=21.42N z=5.934 m_est=2.194
[INFO] [1789415069.854106878] [acados_nmpc_node]: [attach-window] t=45.65s pos_err=0.041m T=21.48N z=5.926 m_est=2.194
[INFO] [1789415069.909956729] [acados_nmpc_node]: [attach-window] t=45.70s pos_err=0.087m T=21.44N z=5.923 m_est=2.194
[INFO] [1789415069.910442898] [acados_nmpc_node]: t=45.7s | pos_err=0.087m | T=21.44N | tau=[r-0.200 p0.191 y-0.002]Nm | res_stat=3.494e-07(peak 9.981e-07) sqp_iter=4 | solve=1.8ms
[INFO] [1789415069.910644934] [acados_nmpc_node]: [flight-diag] t=45.7s | om_scale=2.938(lo 2.938 hi 3.019) | tilt_max=3.21deg | w_max=[r0.025 p0.105 y0.234]rad/s | u_frac=[T0.689 r0.432 p0.614 y0.121] | u_sat=[T0.0 r0.0 p0.0 y0.0]% | mot_peak=0.858 mot_sat=0.0% | health=1 age=0.000s conf=0.000 | n=100
[INFO] [1789415069.953994749] [acados_nmpc_node]: [attach-window] t=45.75s pos_err=0.035m T=21.46N z=5.916 m_est=2.194
[INFO] [1789415069.962009675] [acados_nmpc_node]: [wcmd] raw=[+0.010,-0.103,+0.018] w=[+0.007,-0.045,+0.005] err=[+0.002,-0.058] scaled=[+0.014,-0.216] s=2.94
[INFO] [1789415070.009850955] [acados_nmpc_node]: [attach-window] t=45.80s pos_err=0.097m T=21.41N z=5.914 m_est=2.194
[INFO] [1789415070.054131469] [acados_nmpc_node]: [attach-window] t=45.85s pos_err=0.045m T=21.45N z=5.906 m_est=2.194
[INFO] [1789415070.109711726] [acados_nmpc_node]: [attach-window] t=45.90s pos_err=0.092m T=21.40N z=5.903 m_est=2.194
[INFO] [1789415070.154183344] [acados_nmpc_node]: [attach-window] t=45.95s pos_err=0.056m T=21.45N z=5.896 m_est=2.194
[INFO] [1789415070.161964586] [acados_nmpc_node]: [wcmd] raw=[-0.006,-0.040,+0.030] w=[-0.001,+0.035,+0.038] err=[-0.005,-0.075] scaled=[-0.015,-0.184] s=2.94
[INFO] [1789415070.209799392] [acados_nmpc_node]: [attach-window] t=46.00s pos_err=0.103m T=21.42N z=5.893 m_est=2.194
[INFO] [1789415070.254000389] [acados_nmpc_node]: [attach-window] t=46.05s pos_err=0.051m T=21.47N z=5.885 m_est=2.193
[INFO] [1789415070.310331907] [acados_nmpc_node]: [attach-window] t=46.10s pos_err=0.099m T=21.45N z=5.881 m_est=2.193
[INFO] [1789415070.354120675] [acados_nmpc_node]: [attach-window] t=46.15s pos_err=0.062m T=21.50N z=5.874 m_est=2.193
[INFO] [1789415070.361958221] [acados_nmpc_node]: [wcmd] raw=[-0.010,-0.051,+0.031] w=[-0.012,-0.080,+0.002] err=[+0.002,+0.029] scaled=[-0.006,+0.006] s=2.94
[INFO] [1789415070.410124557] [acados_nmpc_node]: [attach-window] t=46.20s pos_err=0.109m T=21.46N z=5.870 m_est=2.193
[INFO] [1789415070.454067607] [acados_nmpc_node]: [attach-window] t=46.25s pos_err=0.058m T=21.57N z=5.860 m_est=2.193
[INFO] [1789415070.509855060] [acados_nmpc_node]: [attach-window] t=46.30s pos_err=0.104m T=21.55N z=5.856 m_est=2.193
[INFO] [1789415070.554208375] [acados_nmpc_node]: [attach-window] t=46.35s pos_err=0.068m T=21.57N z=5.848 m_est=2.192
[INFO] [1789415070.562005828] [acados_nmpc_node]: [wcmd] raw=[-0.007,-0.076,+0.042] w=[-0.014,+0.003,+0.037] err=[+0.007,-0.079] scaled=[+0.006,-0.229] s=2.94
[INFO] [1789415070.609902083] [acados_nmpc_node]: [attach-window] t=46.40s pos_err=0.114m T=21.54N z=5.844 m_est=2.192
[INFO] [1789415070.654051594] [acados_nmpc_node]: [attach-window] t=46.45s pos_err=0.062m T=21.59N z=5.835 m_est=2.192
[INFO] [1789415070.709572506] [acados_nmpc_node]: [attach-window] t=46.50s pos_err=0.106m T=21.55N z=5.831 m_est=2.192
[INFO] [1789415070.754051289] [acados_nmpc_node]: [attach-window] t=46.55s pos_err=0.055m T=21.60N z=5.822 m_est=2.192
[INFO] [1789415070.761899809] [acados_nmpc_node]: [wcmd] raw=[-0.003,-0.100,+0.053] w=[-0.009,-0.035,+0.034] err=[+0.006,-0.065] scaled=[+0.009,-0.225] s=2.94
[INFO] [1789415070.809554028] [acados_nmpc_node]: [attach-window] t=46.60s pos_err=0.098m T=21.57N z=5.818 m_est=2.192
[INFO] [1789415070.854089142] [acados_nmpc_node]: [attach-window] t=46.65s pos_err=0.062m T=21.57N z=5.811 m_est=2.192
[INFO] [1789415070.909997896] [acados_nmpc_node]: [attach-window] t=46.70s pos_err=0.105m T=21.53N z=5.807 m_est=2.192
[INFO] [1789415070.954292156] [acados_nmpc_node]: [attach-window] t=46.75s pos_err=0.053m T=21.59N z=5.799 m_est=2.192
[INFO] [1789415070.961909147] [acados_nmpc_node]: [wcmd] raw=[-0.002,-0.074,+0.066] w=[-0.006,-0.047,+0.044] err=[+0.004,-0.027] scaled=[+0.006,-0.126] s=2.94
[INFO] [1789415071.009520821] [acados_nmpc_node]: [attach-window] t=46.80s pos_err=0.095m T=21.55N z=5.795 m_est=2.192
[INFO] [1789415071.054007958] [acados_nmpc_node]: [attach-window] t=46.85s pos_err=0.059m T=21.56N z=5.788 m_est=2.192
[INFO] [1789415071.109510597] [acados_nmpc_node]: [attach-window] t=46.90s pos_err=0.100m T=21.52N z=5.785 m_est=2.192
[INFO] [1789415071.153994562] [acados_nmpc_node]: [attach-window] t=46.95s pos_err=0.050m T=21.57N z=5.777 m_est=2.192
[INFO] [1789415071.162017996] [acados_nmpc_node]: [wcmd] raw=[+0.001,-0.075,+0.073] w=[-0.003,-0.049,+0.056] err=[+0.005,-0.026] scaled=[+0.010,-0.125] s=2.94
[INFO] [1789415071.209594774] [acados_nmpc_node]: [attach-window] t=47.00s pos_err=0.091m T=21.52N z=5.774 m_est=2.192
[INFO] [1789415071.254070483] [acados_nmpc_node]: [attach-window] t=47.05s pos_err=0.056m T=21.55N z=5.767 m_est=2.192
[INFO] [1789415071.309702903] [acados_nmpc_node]: [attach-window] t=47.10s pos_err=0.097m T=21.50N z=5.764 m_est=2.192
[INFO] [1789415071.354128733] [acados_nmpc_node]: [attach-window] t=47.15s pos_err=0.049m T=21.57N z=5.757 m_est=2.192
[INFO] [1789415071.361981363] [acados_nmpc_node]: [wcmd] raw=[+0.004,-0.068,+0.082] w=[-0.002,-0.011,+0.077] err=[+0.006,-0.057] scaled=[+0.016,-0.180] s=2.94
[INFO] [1789415071.409612813] [acados_nmpc_node]: [attach-window] t=47.20s pos_err=0.089m T=21.53N z=5.753 m_est=2.193
[INFO] [1789415071.454043163] [acados_nmpc_node]: [attach-window] t=47.25s pos_err=0.056m T=21.54N z=5.747 m_est=2.193
[INFO] [1789415071.509475566] [acados_nmpc_node]: [attach-window] t=47.30s pos_err=0.095m T=21.48N z=5.744 m_est=2.193
[INFO] [1789415071.554022635] [acados_nmpc_node]: [attach-window] t=47.35s pos_err=0.063m T=21.53N z=5.738 m_est=2.193
[INFO] [1789415071.561936279] [acados_nmpc_node]: [wcmd] raw=[+0.001,-0.015,+0.090] w=[+0.000,-0.034,+0.075] err=[+0.001,+0.019] scaled=[+0.003,+0.023] s=2.94
[INFO] [1789415071.609968098] [acados_nmpc_node]: [attach-window] t=47.40s pos_err=0.089m T=21.49N z=5.735 m_est=2.193
[INFO] [1789415071.654062190] [acados_nmpc_node]: [attach-window] t=47.45s pos_err=0.057m T=21.54N z=5.729 m_est=2.193
[INFO] [1789415071.709555305] [acados_nmpc_node]: [attach-window] t=47.50s pos_err=0.095m T=21.50N z=5.726 m_est=2.193
[INFO] [1789415071.754078875] [acados_nmpc_node]: [attach-window] t=47.55s pos_err=0.063m T=21.51N z=5.720 m_est=2.194
[INFO] [1789415071.761972114] [acados_nmpc_node]: [wcmd] raw=[+0.005,-0.050,+0.096] w=[+0.001,-0.052,+0.074] err=[+0.004,+0.003] scaled=[+0.013,-0.044] s=2.94
[INFO] [1789415071.809792734] [acados_nmpc_node]: [attach-window] t=47.60s pos_err=0.101m T=21.45N z=5.717 m_est=2.194
[INFO] [1789415071.854101799] [acados_nmpc_node]: [attach-window] t=47.65s pos_err=0.056m T=21.52N z=5.711 m_est=2.194
[INFO] [1789415071.909466851] [acados_nmpc_node]: [attach-window] t=47.70s pos_err=0.092m T=21.48N z=5.708 m_est=2.194
[INFO] [1789415071.954063049] [acados_nmpc_node]: [attach-window] t=47.75s pos_err=0.060m T=21.51N z=5.701 m_est=2.194
[INFO] [1789415071.961931681] [acados_nmpc_node]: [wcmd] raw=[-0.007,-0.074,+0.112] w=[-0.004,-0.002,+0.100] err=[-0.003,-0.072] scaled=[-0.012,-0.214] s=2.94
[INFO] [1789415072.009729017] [acados_nmpc_node]: [attach-window] t=47.80s pos_err=0.096m T=21.47N z=5.698 m_est=2.194
[INFO] [1789415072.053961597] [acados_nmpc_node]: [attach-window] t=47.85s pos_err=0.051m T=21.55N z=5.691 m_est=2.194
[INFO] [1789415072.107421627] [acados_nmpc_node]: [attach-window] t=47.90s pos_err=0.082m T=21.52N z=5.688 m_est=2.194
[INFO] [1789415072.153399741] [acados_nmpc_node]: [attach-window] t=47.95s pos_err=0.053m T=21.57N z=5.681 m_est=2.194
[INFO] [1789415072.161904646] [acados_nmpc_node]: [wcmd] raw=[-0.022,-0.054,+0.130] w=[-0.024,-0.046,+0.099] err=[+0.002,-0.007] scaled=[-0.019,-0.068] s=2.94
[INFO] [1789415072.207197934] [acados_nmpc_node]: [attach-window] t=48.00s pos_err=0.084m T=21.54N z=5.677 m_est=2.194
[INFO] [1789415072.253276760] [acados_nmpc_node]: [attach-window] t=48.05s pos_err=0.043m T=21.62N z=5.669 m_est=2.194
[INFO] [1789415072.307776251] [acados_nmpc_node]: [attach-window] t=48.10s pos_err=0.075m T=21.59N z=5.666 m_est=2.194
[INFO] [1789415072.353340560] [acados_nmpc_node]: [attach-window] t=48.15s pos_err=0.045m T=21.62N z=5.658 m_est=2.194
[INFO] [1789415072.362003336] [acados_nmpc_node]: [wcmd] raw=[-0.021,-0.053,+0.145] w=[-0.030,-0.034,+0.120] err=[+0.009,-0.019] scaled=[-0.004,-0.090] s=2.94
[INFO] [1789415072.410207911] [acados_nmpc_node]: [attach-window] t=48.20s pos_err=0.080m T=21.57N z=5.655 m_est=2.194
[INFO] [1789415072.454132692] [acados_nmpc_node]: [attach-window] t=48.25s pos_err=0.037m T=21.66N z=5.646 m_est=2.194
[INFO] [1789415072.509875102] [acados_nmpc_node]: [attach-window] t=48.30s pos_err=0.071m T=21.62N z=5.643 m_est=2.194
[INFO] [1789415072.554195463] [acados_nmpc_node]: [attach-window] t=48.35s pos_err=0.041m T=21.67N z=5.635 m_est=2.194
[INFO] [1789415072.562032455] [acados_nmpc_node]: [wcmd] raw=[-0.010,-0.041,+0.161] w=[-0.024,+0.009,+0.149] err=[+0.014,-0.050] scaled=[+0.018,-0.139] s=2.94
[INFO] [1789415072.609772645] [acados_nmpc_node]: [attach-window] t=48.40s pos_err=0.076m T=21.63N z=5.631 m_est=2.194
[INFO] [1789415072.654093255] [acados_nmpc_node]: [attach-window] t=48.45s pos_err=0.035m T=21.70N z=5.623 m_est=2.194
[INFO] [1789415072.709828487] [acados_nmpc_node]: [attach-window] t=48.50s pos_err=0.070m T=21.66N z=5.619 m_est=2.194
[INFO] [1789415072.753333341] [acados_nmpc_node]: [attach-window] t=48.55s pos_err=0.041m T=21.70N z=5.611 m_est=2.194
[INFO] [1789415072.761891840] [acados_nmpc_node]: [wcmd] raw=[+0.015,-0.031,+0.175] w=[-0.001,-0.029,+0.149] err=[+0.016,-0.002] scaled=[+0.046,-0.035] s=2.94
[INFO] [1789415072.807250734] [acados_nmpc_node]: [attach-window] t=48.60s pos_err=0.073m T=21.65N z=5.608 m_est=2.194
[INFO] [1789415072.853280041] [acados_nmpc_node]: [attach-window] t=48.65s pos_err=0.037m T=21.70N z=5.600 m_est=2.194
[INFO] [1789415072.907080244] [acados_nmpc_node]: [attach-window] t=48.70s pos_err=0.067m T=21.66N z=5.597 m_est=2.194
[INFO] [1789415072.953294097] [acados_nmpc_node]: [attach-window] t=48.75s pos_err=0.042m T=21.66N z=5.590 m_est=2.195
[INFO] [1789415072.961888368] [acados_nmpc_node]: [wcmd] raw=[+0.017,-0.046,+0.194] w=[+0.021,-0.019,+0.167] err=[-0.004,-0.028] scaled=[+0.009,-0.100] s=2.94
[INFO] [1789415073.007331165] [acados_nmpc_node]: [attach-window] t=48.80s pos_err=0.072m T=21.61N z=5.587 m_est=2.195
[INFO] [1789415073.053377375] [acados_nmpc_node]: [attach-window] t=48.85s pos_err=0.037m T=21.66N z=5.580 m_est=2.195
[INFO] [1789415073.107362018] [acados_nmpc_node]: [attach-window] t=48.90s pos_err=0.066m T=21.61N z=5.577 m_est=2.195
[INFO] [1789415073.153302777] [acados_nmpc_node]: [attach-window] t=48.95s pos_err=0.043m T=21.62N z=5.572 m_est=2.196
[INFO] [1789415073.161897366] [acados_nmpc_node]: [wcmd] raw=[+0.010,-0.039,+0.218] w=[+0.007,-0.004,+0.190] err=[+0.004,-0.035] scaled=[+0.018,-0.108] s=2.94
[INFO] [1789415073.206994240] [acados_nmpc_node]: [attach-window] t=49.00s pos_err=0.071m T=21.58N z=5.569 m_est=2.196
[INFO] [1789415073.254014966] [acados_nmpc_node]: [attach-window] t=49.05s pos_err=0.039m T=21.61N z=5.563 m_est=2.196
[INFO] [1789415073.309512821] [acados_nmpc_node]: [attach-window] t=49.10s pos_err=0.069m T=21.56N z=5.560 m_est=2.197
[INFO] [1789415073.354081383] [acados_nmpc_node]: [attach-window] t=49.15s pos_err=0.046m T=21.59N z=5.555 m_est=2.197
[INFO] [1789415073.361961958] [acados_nmpc_node]: [wcmd] raw=[+0.010,-0.028,+0.241] w=[+0.006,-0.028,+0.203] err=[+0.004,+0.001] scaled=[+0.018,-0.026] s=2.94
[INFO] [1789415073.409561226] [acados_nmpc_node]: [attach-window] t=49.20s pos_err=0.076m T=21.54N z=5.552 m_est=2.197
[INFO] [1789415073.454034970] [acados_nmpc_node]: [attach-window] t=49.25s pos_err=0.044m T=21.62N z=5.546 m_est=2.197
[INFO] [1789415073.509670712] [acados_nmpc_node]: [attach-window] t=49.30s pos_err=0.073m T=21.59N z=5.543 m_est=2.198
[INFO] [1789415073.554224921] [acados_nmpc_node]: [attach-window] t=49.35s pos_err=0.051m T=21.62N z=5.537 m_est=2.198
[INFO] [1789415073.561962762] [acados_nmpc_node]: [wcmd] raw=[+0.002,-0.031,+0.265] w=[-0.003,+0.002,+0.236] err=[+0.004,-0.033] scaled=[+0.010,-0.096] s=2.94
[INFO] [1789415073.609936989] [acados_nmpc_node]: [attach-window] t=49.40s pos_err=0.080m T=21.59N z=5.534 m_est=2.198
[INFO] [1789415073.654127338] [acados_nmpc_node]: [attach-window] t=49.45s pos_err=0.050m T=21.66N z=5.527 m_est=2.198
[INFO] [1789415073.710092472] [acados_nmpc_node]: [attach-window] t=49.50s pos_err=0.078m T=21.62N z=5.524 m_est=2.199
[INFO] [1789415073.754485344] [acados_nmpc_node]: [attach-window] t=49.55s pos_err=0.058m T=21.66N z=5.518 m_est=2.199
[INFO] [1789415073.762066476] [acados_nmpc_node]: [wcmd] raw=[+0.000,-0.022,+0.291] w=[-0.009,-0.002,+0.257] err=[+0.010,-0.020] scaled=[+0.019,-0.061] s=2.94
[INFO] [1789415073.809792554] [acados_nmpc_node]: [attach-window] t=49.60s pos_err=0.085m T=21.61N z=5.515 m_est=2.199
[INFO] [1789415073.854431899] [acados_nmpc_node]: [attach-window] t=49.65s pos_err=0.056m T=21.66N z=5.509 m_est=2.199
[INFO] [1789415073.909866521] [acados_nmpc_node]: [attach-window] t=49.70s pos_err=0.082m T=21.62N z=5.506 m_est=2.199
[INFO] [1789415073.954342022] [acados_nmpc_node]: [attach-window] t=49.75s pos_err=0.061m T=21.63N z=5.500 m_est=2.199
[INFO] [1789415073.961936616] [acados_nmpc_node]: [wcmd] raw=[-0.008,-0.035,+0.317] w=[-0.012,-0.018,+0.277] err=[+0.004,-0.017] scaled=[-0.001,-0.069] s=2.94
[INFO] [1789415074.009590631] [acados_nmpc_node]: [attach-window] t=49.80s pos_err=0.086m T=21.59N z=5.498 m_est=2.199
[INFO] [1789415074.054240542] [acados_nmpc_node]: [attach-window] t=49.85s pos_err=0.057m T=21.63N z=5.492 m_est=2.199
[INFO] [1789415074.109587421] [acados_nmpc_node]: [attach-window] t=49.90s pos_err=0.081m T=21.59N z=5.490 m_est=2.199
[INFO] [1789415074.154483955] [acados_nmpc_node]: [attach-window] t=49.95s pos_err=0.060m T=21.59N z=5.485 m_est=2.199
[INFO] [1789415074.161967424] [acados_nmpc_node]: [wcmd] raw=[-0.003,-0.044,+0.347] w=[-0.021,-0.014,+0.308] err=[+0.018,-0.030] scaled=[+0.032,-0.102] s=2.94
[INFO] [1789415074.209614649] [acados_nmpc_node]: [attach-window] t=50.00s pos_err=0.084m T=21.55N z=5.483 m_est=2.199
[INFO] [1789415074.254244303] [acados_nmpc_node]: [attach-window] t=50.05s pos_err=0.054m T=21.58N z=5.478 m_est=2.199
[INFO] [1789415074.310330134] [acados_nmpc_node]: [attach-window] t=50.10s pos_err=0.077m T=21.54N z=5.476 m_est=2.199
[INFO] [1789415074.354296029] [acados_nmpc_node]: [attach-window] t=50.15s pos_err=0.048m T=21.57N z=5.471 m_est=2.199
[INFO] [1789415074.362158871] [acados_nmpc_node]: [wcmd] raw=[+0.001,-0.066,+0.378] w=[-0.011,-0.035,+0.332] err=[+0.012,-0.031] scaled=[+0.025,-0.125] s=2.94
[INFO] [1789415074.410082867] [acados_nmpc_node]: [attach-window] t=50.20s pos_err=0.078m T=21.52N z=5.469 m_est=2.199
[INFO] [1789415074.454130149] [acados_nmpc_node]: [attach-window] t=50.25s pos_err=0.048m T=21.57N z=5.464 m_est=2.199
[INFO] [1789415074.510245522] [acados_nmpc_node]: [attach-window] t=50.30s pos_err=0.070m T=21.54N z=5.462 m_est=2.199
[INFO] [1789415074.554398637] [acados_nmpc_node]: [attach-window] t=50.35s pos_err=0.049m T=21.60N z=5.456 m_est=2.199
[INFO] [1789415074.561985103] [acados_nmpc_node]: [wcmd] raw=[-0.003,-0.032,+0.407] w=[-0.018,-0.008,+0.374] err=[+0.015,-0.025] scaled=[+0.025,-0.080] s=2.94
[INFO] [1789415074.610152936] [acados_nmpc_node]: [attach-window] t=50.40s pos_err=0.071m T=21.58N z=5.454 m_est=2.199
[INFO] [1789415074.654180159] [acados_nmpc_node]: [attach-window] t=50.45s pos_err=0.042m T=21.66N z=5.447 m_est=2.199
[INFO] [1789415074.710323394] [acados_nmpc_node]: [attach-window] t=50.50s pos_err=0.063m T=21.65N z=5.444 m_est=2.199
[INFO] [1789415074.754127927] [acados_nmpc_node]: [attach-window] t=50.55s pos_err=0.042m T=21.70N z=5.437 m_est=2.199
[INFO] [1789415074.762025974] [acados_nmpc_node]: [wcmd] raw=[+0.009,-0.037,+0.427] w=[-0.004,-0.036,+0.396] err=[+0.013,-0.000] scaled=[+0.035,-0.038] s=2.94
[INFO] [1789415074.809925772] [acados_nmpc_node]: [attach-window] t=50.60s pos_err=0.063m T=21.68N z=5.434 m_est=2.199
[INFO] [1789415074.854071144] [acados_nmpc_node]: [attach-window] t=50.65s pos_err=0.035m T=21.76N z=5.426 m_est=2.199
[INFO] [1789415074.909705086] [acados_nmpc_node]: [attach-window] t=50.70s pos_err=0.055m T=21.74N z=5.423 m_est=2.199
[INFO] [1789415074.910193776] [acados_nmpc_node]: t=50.7s | pos_err=0.055m | T=21.74N | tau=[r-0.224 p0.110 y0.019]Nm | res_stat=5.126e-07(peak 9.981e-07) sqp_iter=4 | solve=1.8ms
[INFO] [1789415074.910400203] [acados_nmpc_node]: [flight-diag] t=50.7s | om_scale=2.938(lo 2.938 hi 2.938) | tilt_max=2.51deg | w_max=[r0.034 p0.080 y0.425]rad/s | u_frac=[T0.694 r0.449 p0.595 y0.153] | u_sat=[T0.0 r0.0 p0.0 y0.0]% | mot_peak=0.855 mot_sat=0.0% | health=1 age=0.000s conf=0.000 | n=100
[INFO] [1789415074.954198298] [acados_nmpc_node]: [attach-window] t=50.75s pos_err=0.035m T=21.76N z=5.416 m_est=2.199
[INFO] [1789415074.962064981] [acados_nmpc_node]: [wcmd] raw=[+0.003,-0.039,+0.445] w=[+0.002,-0.013,+0.430] err=[+0.000,-0.027] scaled=[+0.003,-0.091] s=2.94
[INFO] [1789415075.009447568] [acados_nmpc_node]: [attach-window] t=50.80s pos_err=0.055m T=21.73N z=5.413 m_est=2.199
[INFO] [1789415075.054078327] [acados_nmpc_node]: [attach-window] t=50.85s pos_err=0.030m T=21.76N z=5.406 m_est=2.199
[INFO] [1789415075.109362837] [acados_nmpc_node]: [attach-window] t=50.90s pos_err=0.049m T=21.72N z=5.404 m_est=2.199
[INFO] [1789415075.153978728] [acados_nmpc_node]: [attach-window] t=50.95s pos_err=0.031m T=21.72N z=5.399 m_est=2.200
[INFO] [1789415075.161923437] [acados_nmpc_node]: [wcmd] raw=[-0.004,-0.019,+0.455] w=[-0.012,-0.005,+0.455] err=[+0.008,-0.014] scaled=[+0.010,-0.046] s=2.94
[INFO] [1789415075.209364109] [acados_nmpc_node]: [attach-window] t=51.00s pos_err=0.044m T=21.69N z=5.396 m_est=2.200
[INFO] [1789415075.253951809] [acados_nmpc_node]: [attach-window] t=51.05s pos_err=0.026m T=21.68N z=5.392 m_est=2.200
[INFO] [1789415075.309155705] [acados_nmpc_node]: [attach-window] t=51.10s pos_err=0.046m T=21.65N z=5.390 m_est=2.200
[INFO] [1789415075.354082863] [acados_nmpc_node]: [attach-window] t=51.15s pos_err=0.029m T=21.66N z=5.386 m_est=2.200
[INFO] [1789415075.362018745] [acados_nmpc_node]: [wcmd] raw=[+0.007,-0.011,+0.450] w=[-0.003,-0.021,+0.462] err=[+0.010,+0.010] scaled=[+0.027,+0.007] s=2.94
[INFO] [1789415075.409496649] [acados_nmpc_node]: [attach-window] t=51.20s pos_err=0.043m T=21.63N z=5.383 m_est=2.201
[INFO] [1789415075.453936152] [acados_nmpc_node]: [attach-window] t=51.25s pos_err=0.025m T=21.65N z=5.379 m_est=2.201
[INFO] [1789415075.509560839] [acados_nmpc_node]: [attach-window] t=51.30s pos_err=0.047m T=21.63N z=5.377 m_est=2.201
[INFO] [1789415075.554003484] [acados_nmpc_node]: [attach-window] t=51.35s pos_err=0.023m T=21.64N z=5.373 m_est=2.201
[INFO] [1789415075.561918227] [acados_nmpc_node]: [wcmd] raw=[+0.027,-0.039,+0.442] w=[+0.014,-0.010,+0.469] err=[+0.013,-0.029] scaled=[+0.052,-0.096] s=2.94
[INFO] [1789415075.609696562] [acados_nmpc_node]: [attach-window] t=51.40s pos_err=0.051m T=21.60N z=5.371 m_est=2.201
[INFO] [1789415075.653976640] [acados_nmpc_node]: [attach-window] t=51.45s pos_err=0.026m T=21.61N z=5.367 m_est=2.202
[INFO] [1789415075.709360646] [acados_nmpc_node]: [attach-window] t=51.50s pos_err=0.047m T=21.58N z=5.365 m_est=2.202
[INFO] [1789415075.754160209] [acados_nmpc_node]: [attach-window] t=51.55s pos_err=0.030m T=21.60N z=5.362 m_est=2.202
[INFO] [1789415075.761949808] [acados_nmpc_node]: [wcmd] raw=[+0.012,-0.026,+0.433] w=[+0.013,+0.009,+0.475] err=[-0.001,-0.035] scaled=[+0.009,-0.094] s=2.94
[INFO] [1789415075.809332899] [acados_nmpc_node]: [attach-window] t=51.60s pos_err=0.051m T=21.58N z=5.360 m_est=2.202
[INFO] [1789415075.853955173] [acados_nmpc_node]: [attach-window] t=51.65s pos_err=0.028m T=21.60N z=5.356 m_est=2.202
[INFO] [1789415075.909310684] [acados_nmpc_node]: [attach-window] t=51.70s pos_err=0.048m T=21.58N z=5.354 m_est=2.202
[INFO] [1789415075.953952823] [acados_nmpc_node]: [attach-window] t=51.75s pos_err=0.032m T=21.58N z=5.351 m_est=2.202
[INFO] [1789415075.961986428] [acados_nmpc_node]: [wcmd] raw=[+0.015,-0.030,+0.411] w=[+0.003,-0.033,+0.455] err=[+0.012,+0.003] scaled=[+0.038,-0.024] s=2.94
[INFO] [1789415076.009484559] [acados_nmpc_node]: [attach-window] t=51.80s pos_err=0.046m T=21.56N z=5.349 m_est=2.203
[INFO] [1789415076.053988159] [acados_nmpc_node]: [attach-window] t=51.85s pos_err=0.031m T=21.58N z=5.346 m_est=2.203
[INFO] [1789415076.109607688] [acados_nmpc_node]: [attach-window] t=51.90s pos_err=0.050m T=21.57N z=5.345 m_est=2.203
[INFO] [1789415076.154132544] [acados_nmpc_node]: [attach-window] t=51.95s pos_err=0.035m T=21.59N z=5.342 m_est=2.203
[INFO] [1789415076.161979082] [acados_nmpc_node]: [wcmd] raw=[+0.003,-0.016,+0.385] w=[+0.011,-0.014,+0.447] err=[-0.008,-0.002] scaled=[-0.013,-0.021] s=2.94
[INFO] [1789415076.209222247] [acados_nmpc_node]: [attach-window] t=52.00s pos_err=0.054m T=21.57N z=5.340 m_est=2.203
[INFO] [1789415076.253939811] [acados_nmpc_node]: [attach-window] t=52.05s pos_err=0.034m T=21.61N z=5.336 m_est=2.203
[INFO] [1789415076.309297792] [acados_nmpc_node]: [attach-window] t=52.10s pos_err=0.053m T=21.61N z=5.334 m_est=2.203
[INFO] [1789415076.354108927] [acados_nmpc_node]: [attach-window] t=52.15s pos_err=0.039m T=21.62N z=5.329 m_est=2.202
[INFO] [1789415076.361949737] [acados_nmpc_node]: [wcmd] raw=[+0.004,-0.028,+0.352] w=[-0.012,-0.003,+0.427] err=[+0.016,-0.025] scaled=[+0.034,-0.076] s=2.94
[INFO] [1789415076.407481545] [acados_nmpc_node]: [attach-window] t=52.20s pos_err=0.050m T=21.63N z=5.327 m_est=2.202
[INFO] [1789415076.453949749] [acados_nmpc_node]: [attach-window] t=52.25s pos_err=0.038m T=21.66N z=5.323 m_est=2.202
[INFO] [1789415076.509620327] [acados_nmpc_node]: [attach-window] t=52.30s pos_err=0.057m T=21.66N z=5.320 m_est=2.202
[INFO] [1789415076.554184918] [acados_nmpc_node]: [attach-window] t=52.35s pos_err=0.038m T=21.69N z=5.315 m_est=2.202
[INFO] [1789415076.561939909] [acados_nmpc_node]: [wcmd] raw=[+0.017,-0.036,+0.318] w=[+0.009,-0.016,+0.392] err=[+0.007,-0.020] scaled=[+0.031,-0.076] s=2.94
[INFO] [1789415076.609729195] [acados_nmpc_node]: [attach-window] t=52.40s pos_err=0.055m T=21.67N z=5.313 m_est=2.202
[INFO] [1789415076.654111573] [acados_nmpc_node]: [attach-window] t=52.45s pos_err=0.042m T=21.67N z=5.309 m_est=2.202
[INFO] [1789415076.707233164] [acados_nmpc_node]: [attach-window] t=52.50s pos_err=0.058m T=21.65N z=5.307 m_est=2.202
[INFO] [1789415076.753302814] [acados_nmpc_node]: [attach-window] t=52.55s pos_err=0.044m T=21.65N z=5.304 m_est=2.201
[INFO] [1789415076.761848362] [acados_nmpc_node]: [wcmd] raw=[-0.009,-0.021,+0.289] w=[+0.001,-0.012,+0.362] err=[-0.010,-0.009] scaled=[-0.028,-0.038] s=2.94
[INFO] [1789415076.807117951] [acados_nmpc_node]: [attach-window] t=52.60s pos_err=0.054m T=21.65N z=5.301 m_est=2.201
[INFO] [1789415076.853319002] [acados_nmpc_node]: [attach-window] t=52.65s pos_err=0.040m T=21.65N z=5.298 m_est=2.201
[INFO] [1789415076.909255603] [acados_nmpc_node]: [attach-window] t=52.70s pos_err=0.056m T=21.65N z=5.296 m_est=2.201
[INFO] [1789415076.954155616] [acados_nmpc_node]: [attach-window] t=52.75s pos_err=0.037m T=21.64N z=5.293 m_est=2.201
[INFO] [1789415076.961939299] [acados_nmpc_node]: [wcmd] raw=[-0.007,-0.057,+0.263] w=[-0.019,-0.047,+0.315] err=[+0.012,-0.010] scaled=[+0.017,-0.076] s=2.94
[INFO] [1789415077.009320107] [acados_nmpc_node]: [attach-window] t=52.80s pos_err=0.051m T=21.62N z=5.292 m_est=2.201
[INFO] [1789415077.053978739] [acados_nmpc_node]: [attach-window] t=52.85s pos_err=0.036m T=21.61N z=5.289 m_est=2.201
[INFO] [1789415077.109354840] [acados_nmpc_node]: [attach-window] t=52.90s pos_err=0.051m T=21.60N z=5.288 m_est=2.201
[INFO] [1789415077.153915202] [acados_nmpc_node]: [attach-window] t=52.95s pos_err=0.031m T=21.60N z=5.284 m_est=2.201
[INFO] [1789415077.161891568] [acados_nmpc_node]: [wcmd] raw=[-0.005,-0.053,+0.246] w=[-0.013,-0.005,+0.301] err=[+0.008,-0.049] scaled=[+0.010,-0.148] s=2.94
[INFO] [1789415077.209443914] [acados_nmpc_node]: [attach-window] t=53.00s pos_err=0.045m T=21.60N z=5.283 m_est=2.202
[INFO] [1789415077.253971060] [acados_nmpc_node]: [attach-window] t=53.05s pos_err=0.030m T=21.61N z=5.280 m_est=2.202
[INFO] [1789415077.309431511] [acados_nmpc_node]: [attach-window] t=53.10s pos_err=0.045m T=21.61N z=5.278 m_est=2.202
[INFO] [1789415077.354189605] [acados_nmpc_node]: [attach-window] t=53.15s pos_err=0.028m T=21.64N z=5.274 m_est=2.202
[INFO] [1789415077.361963252] [acados_nmpc_node]: [wcmd] raw=[-0.002,-0.022,+0.232] w=[-0.010,-0.035,+0.267] err=[+0.008,+0.013] scaled=[+0.013,+0.003] s=2.94
[INFO] [1789415077.409507046] [acados_nmpc_node]: [attach-window] t=53.20s pos_err=0.045m T=21.64N z=5.273 m_est=2.202
[INFO] [1789415077.454000196] [acados_nmpc_node]: [attach-window] t=53.25s pos_err=0.024m T=21.67N z=5.268 m_est=2.202
[INFO] [1789415077.509639462] [acados_nmpc_node]: [attach-window] t=53.30s pos_err=0.039m T=21.68N z=5.267 m_est=2.202
[INFO] [1789415077.554081642] [acados_nmpc_node]: [attach-window] t=53.35s pos_err=0.024m T=21.66N z=5.263 m_est=2.202
[INFO] [1789415077.561926282] [acados_nmpc_node]: [wcmd] raw=[+0.015,-0.062,+0.215] w=[+0.003,-0.034,+0.246] err=[+0.012,-0.028] scaled=[+0.039,-0.117] s=2.94
[INFO] [1789415077.609282981] [acados_nmpc_node]: [attach-window] t=53.40s pos_err=0.040m T=21.65N z=5.261 m_est=2.202
[INFO] [1789415077.654059918] [acados_nmpc_node]: [attach-window] t=53.45s pos_err=0.023m T=21.66N z=5.258 m_est=2.203
[INFO] [1789415077.709561580] [acados_nmpc_node]: [attach-window] t=53.50s pos_err=0.036m T=21.65N z=5.256 m_est=2.203
[INFO] [1789415077.754097389] [acados_nmpc_node]: [attach-window] t=53.55s pos_err=0.025m T=21.65N z=5.253 m_est=2.203
[INFO] [1789415077.761898927] [acados_nmpc_node]: [wcmd] raw=[+0.022,-0.037,+0.208] w=[+0.016,+0.013,+0.245] err=[+0.006,-0.050] scaled=[+0.033,-0.134] s=2.94
[INFO] [1789415077.809613929] [acados_nmpc_node]: [attach-window] t=53.60s pos_err=0.041m T=21.65N z=5.252 m_est=2.203
[INFO] [1789415077.853990493] [acados_nmpc_node]: [attach-window] t=53.65s pos_err=0.027m T=21.64N z=5.248 m_est=2.203
[INFO] [1789415077.909467955] [acados_nmpc_node]: [attach-window] t=53.70s pos_err=0.040m T=21.64N z=5.247 m_est=2.203
[INFO] [1789415077.953958691] [acados_nmpc_node]: [attach-window] t=53.75s pos_err=0.033m T=21.64N z=5.244 m_est=2.203
[INFO] [1789415077.961973590] [acados_nmpc_node]: [wcmd] raw=[+0.040,-0.050,+0.191] w=[+0.024,-0.037,+0.212] err=[+0.015,-0.013] scaled=[+0.070,-0.075] s=2.97
[INFO] [1789415078.009334701] [acados_nmpc_node]: [attach-window] t=53.80s pos_err=0.043m T=21.64N z=5.242 m_est=2.203
[INFO] [1789415078.053922640] [acados_nmpc_node]: [attach-window] t=53.85s pos_err=0.038m T=21.64N z=5.240 m_est=2.203
[INFO] [1789415078.109225270] [acados_nmpc_node]: [attach-window] t=53.90s pos_err=0.052m T=21.63N z=5.238 m_est=2.203
[INFO] [1789415078.154147384] [acados_nmpc_node]: [attach-window] t=53.95s pos_err=0.043m T=21.63N z=5.236 m_est=2.203
[INFO] [1789415078.162040889] [acados_nmpc_node]: [wcmd] raw=[+0.022,-0.030,+0.184] w=[+0.033,+0.019,+0.216] err=[-0.011,-0.049] scaled=[+0.001,-0.128] s=2.98
[INFO] [1789415078.209304017] [acados_nmpc_node]: [attach-window] t=54.00s pos_err=0.055m T=21.63N z=5.235 m_est=2.203
[INFO] [1789415078.253993493] [acados_nmpc_node]: [attach-window] t=54.05s pos_err=0.048m T=21.60N z=5.233 m_est=2.203
[INFO] [1789415078.309250406] [acados_nmpc_node]: [attach-window] t=54.10s pos_err=0.062m T=21.59N z=5.232 m_est=2.203
[INFO] [1789415078.354064331] [acados_nmpc_node]: [attach-window] t=54.15s pos_err=0.051m T=21.59N z=5.230 m_est=2.203
[INFO] [1789415078.362056492] [acados_nmpc_node]: [wcmd] raw=[+0.000,-0.039,+0.169] w=[-0.000,-0.017,+0.188] err=[+0.000,-0.022] scaled=[+0.001,-0.083] s=2.99
[INFO] [1789415078.409363124] [acados_nmpc_node]: [attach-window] t=54.20s pos_err=0.063m T=21.59N z=5.229 m_est=2.203
[INFO] [1789415078.454007815] [acados_nmpc_node]: [attach-window] t=54.25s pos_err=0.053m T=21.58N z=5.227 m_est=2.203
[INFO] [1789415078.509735885] [acados_nmpc_node]: [attach-window] t=54.30s pos_err=0.067m T=21.59N z=5.227 m_est=2.203
[INFO] [1789415078.554244637] [acados_nmpc_node]: [attach-window] t=54.35s pos_err=0.054m T=21.59N z=5.225 m_est=2.203
[INFO] [1789415078.562217513] [acados_nmpc_node]: [wcmd] raw=[-0.018,-0.037,+0.162] w=[-0.018,-0.029,+0.172] err=[-0.000,-0.008] scaled=[-0.018,-0.053] s=3.00
[INFO] [1789415078.609759515] [acados_nmpc_node]: [attach-window] t=54.40s pos_err=0.070m T=21.59N z=5.224 m_est=2.203
[INFO] [1789415078.653998329] [acados_nmpc_node]: [attach-window] t=54.45s pos_err=0.051m T=21.59N z=5.222 m_est=2.202
[INFO] [1789415078.709340424] [acados_nmpc_node]: [attach-window] t=54.50s pos_err=0.064m T=21.61N z=5.221 m_est=2.202
[INFO] [1789415078.753976487] [acados_nmpc_node]: [attach-window] t=54.55s pos_err=0.050m T=21.58N z=5.219 m_est=2.202
[INFO] [1789415078.761981260] [acados_nmpc_node]: [wcmd] raw=[-0.011,-0.072,+0.156] w=[-0.030,-0.043,+0.158] err=[+0.019,-0.029] scaled=[+0.027,-0.131] s=3.01
[INFO] [1789415078.809337834] [acados_nmpc_node]: [attach-window] t=54.60s pos_err=0.065m T=21.59N z=5.219 m_est=2.202
[INFO] [1789415078.853963941] [acados_nmpc_node]: [attach-window] t=54.65s pos_err=0.045m T=21.58N z=5.218 m_est=2.202
[INFO] [1789415078.909528523] [acados_nmpc_node]: [attach-window] t=54.70s pos_err=0.059m T=21.57N z=5.217 m_est=2.202
[INFO] [1789415078.954107663] [acados_nmpc_node]: [attach-window] t=54.75s pos_err=0.043m T=21.55N z=5.217 m_est=2.202
[INFO] [1789415078.961973119] [acados_nmpc_node]: [wcmd] raw=[-0.003,-0.051,+0.157] w=[-0.013,-0.013,+0.166] err=[+0.009,-0.038] scaled=[+0.015,-0.127] s=3.01
[INFO] [1789415079.009780501] [acados_nmpc_node]: [attach-window] t=54.80s pos_err=0.060m T=21.54N z=5.217 m_est=2.202
[INFO] [1789415079.054413827] [acados_nmpc_node]: [attach-window] t=54.85s pos_err=0.038m T=21.51N z=5.217 m_est=2.202
[INFO] [1789415079.109468651] [acados_nmpc_node]: [attach-window] t=54.90s pos_err=0.053m T=21.51N z=5.217 m_est=2.202
[INFO] [1789415079.153954474] [acados_nmpc_node]: [attach-window] t=54.95s pos_err=0.037m T=21.48N z=5.217 m_est=2.201
[INFO] [1789415079.161973579] [acados_nmpc_node]: [wcmd] raw=[+0.002,-0.050,+0.151] w=[-0.007,-0.051,+0.150] err=[+0.009,+0.001] scaled=[+0.021,-0.047] s=3.01
[INFO] [1789415079.209269488] [acados_nmpc_node]: [attach-window] t=55.00s pos_err=0.056m T=21.48N z=5.218 m_est=2.201
[INFO] [1789415079.253971953] [acados_nmpc_node]: [attach-window] t=55.05s pos_err=0.034m T=21.49N z=5.217 m_est=2.201
[INFO] [1789415079.309205944] [acados_nmpc_node]: [attach-window] t=55.10s pos_err=0.050m T=21.50N z=5.217 m_est=2.201
[INFO] [1789415079.353471277] [acados_nmpc_node]: [attach-window] t=55.15s pos_err=0.035m T=21.49N z=5.217 m_est=2.201
[INFO] [1789415079.361886547] [acados_nmpc_node]: [wcmd] raw=[+0.016,-0.050,+0.146] w=[+0.005,-0.005,+0.161] err=[+0.010,-0.046] scaled=[+0.037,-0.142] s=3.02
[INFO] [1789415079.409181049] [acados_nmpc_node]: [attach-window] t=55.20s pos_err=0.054m T=21.51N z=5.217 m_est=2.201
[INFO] [1789415079.453947944] [acados_nmpc_node]: [attach-window] t=55.25s pos_err=0.032m T=21.51N z=5.216 m_est=2.200
[INFO] [1789415079.509330355] [acados_nmpc_node]: [attach-window] t=55.30s pos_err=0.050m T=21.53N z=5.216 m_est=2.200
[INFO] [1789415079.554008631] [acados_nmpc_node]: [attach-window] t=55.35s pos_err=0.033m T=21.54N z=5.215 m_est=2.200
[INFO] [1789415079.561989764] [acados_nmpc_node]: [wcmd] raw=[+0.005,-0.037,+0.141] w=[+0.011,-0.017,+0.151] err=[-0.006,-0.020] scaled=[-0.007,-0.078] s=3.02
[INFO] [1789415079.609368130] [acados_nmpc_node]: [attach-window] t=55.40s pos_err=0.055m T=21.56N z=5.214 m_est=2.200
[INFO] [1789415079.653972549] [acados_nmpc_node]: [attach-window] t=55.45s pos_err=0.031m T=21.58N z=5.212 m_est=2.200
[INFO] [1789415079.709385867] [acados_nmpc_node]: [attach-window] t=55.50s pos_err=0.051m T=21.61N z=5.212 m_est=2.199
[INFO] [1789415079.754030786] [acados_nmpc_node]: [attach-window] t=55.55s pos_err=0.032m T=21.61N z=5.210 m_est=2.199
[INFO] [1789415079.761932762] [acados_nmpc_node]: [wcmd] raw=[+0.003,-0.042,+0.135] w=[-0.004,-0.025,+0.142] err=[+0.006,-0.017] scaled=[+0.015,-0.077] s=3.02
[INFO] [1789415079.809586043] [acados_nmpc_node]: [attach-window] t=55.60s pos_err=0.056m T=21.63N z=5.209 m_est=2.199
[INFO] [1789415079.853919486] [acados_nmpc_node]: [attach-window] t=55.65s pos_err=0.028m T=21.65N z=5.206 m_est=2.199
[INFO] [1789415079.909382265] [acados_nmpc_node]: [attach-window] t=55.70s pos_err=0.052m T=21.67N z=5.205 m_est=2.199
[INFO] [1789415079.909865146] [acados_nmpc_node]: t=55.7s | pos_err=0.052m | T=21.67N | tau=[r-0.219 p0.146 y-0.000]Nm | res_stat=4.033e-07(peak 9.981e-07) sqp_iter=3 | solve=1.5ms
[INFO] [1789415079.910075907] [acados_nmpc_node]: [flight-diag] t=55.7s | om_scale=3.017(lo 2.938 hi 3.017) | tilt_max=2.71deg | w_max=[r0.036 p0.070 y0.478]rad/s | u_frac=[T0.694 r0.477 p0.356 y0.154] | u_sat=[T0.0 r0.0 p0.0 y0.0]% | mot_peak=0.846 mot_sat=0.0% | health=1 age=0.000s conf=0.000 | n=100
[INFO] [1789415079.953995728] [acados_nmpc_node]: [attach-window] t=55.75s pos_err=0.030m T=21.65N z=5.204 m_est=2.198
[INFO] [1789415079.962004129] [acados_nmpc_node]: [wcmd] raw=[-0.003,-0.051,+0.132] w=[-0.003,-0.004,+0.143] err=[-0.000,-0.047] scaled=[-0.004,-0.147] s=3.02
[INFO] [1789415080.009190771] [acados_nmpc_node]: [attach-window] t=55.80s pos_err=0.057m T=21.66N z=5.203 m_est=2.198
[INFO] [1789415080.054022951] [acados_nmpc_node]: [attach-window] t=55.85s pos_err=0.025m T=21.64N z=5.202 m_est=2.198
[INFO] [1789415080.109421582] [acados_nmpc_node]: [attach-window] t=55.90s pos_err=0.051m T=21.65N z=5.202 m_est=2.198
[INFO] [1789415080.154024153] [acados_nmpc_node]: [attach-window] t=55.95s pos_err=0.027m T=21.62N z=5.201 m_est=2.198
[INFO] [1789415080.161976345] [acados_nmpc_node]: [wcmd] raw=[-0.005,-0.053,+0.132] w=[-0.012,-0.037,+0.129] err=[+0.007,-0.016] scaled=[+0.009,-0.086] s=3.02
[INFO] [1789415080.209468607] [acados_nmpc_node]: [attach-window] t=56.00s pos_err=0.055m T=21.63N z=5.201 m_est=2.198
[INFO] [1789415080.253926971] [acados_nmpc_node]: [attach-window] t=56.05s pos_err=0.021m T=21.62N z=5.200 m_est=2.198
[INFO] [1789415080.309374707] [acados_nmpc_node]: [attach-window] t=56.10s pos_err=0.048m T=21.63N z=5.200 m_est=2.198
[INFO] [1789415080.354042202] [acados_nmpc_node]: [attach-window] t=56.15s pos_err=0.024m T=21.61N z=5.199 m_est=2.198
[INFO] [1789415080.362017501] [acados_nmpc_node]: [wcmd] raw=[+0.011,-0.066,+0.134] w=[-0.003,-0.039,+0.127] err=[+0.014,-0.027] scaled=[+0.039,-0.121] s=3.02
[INFO] [1789415080.407472394] [acados_nmpc_node]: t=56.2s | DROP command issued; waiting for MHE no-payload confidence >= 0.90 for 1.00s
[INFO] [1789415080.409996806] [acados_nmpc_node]: [attach-window] t=56.20s pos_err=0.042m T=21.62N z=5.199 m_est=2.199
[INFO] [1789415080.454073163] [acados_nmpc_node]: [attach-window] t=56.25s pos_err=0.019m T=21.38N z=5.200 m_est=2.199
[INFO] [1789415080.509917962] [acados_nmpc_node]: [attach-window] t=56.30s pos_err=0.046m T=21.13N z=5.201 m_est=2.199
[INFO] [1789415080.554538332] [acados_nmpc_node]: [attach-window] t=56.35s pos_err=0.023m T=20.53N z=5.205 m_est=2.199
[INFO] [1789415080.561997877] [acados_nmpc_node]: [wcmd] raw=[+0.194,-0.033,+0.143] w=[+0.090,-0.091,+0.126] err=[+0.104,+0.058] scaled=[+0.404,+0.085] s=3.02
[INFO] [1789415080.609840708] [acados_nmpc_node]: [attach-window] t=56.40s pos_err=0.052m T=20.28N z=5.208 m_est=2.199
[INFO] [1789415080.654286078] [acados_nmpc_node]: [attach-window] t=56.45s pos_err=0.029m T=19.87N z=5.217 m_est=2.199
[INFO] [1789415080.709614309] [acados_nmpc_node]: [attach-window] t=56.50s pos_err=0.051m T=19.75N z=5.222 m_est=2.199
[INFO] [1789415080.754274227] [acados_nmpc_node]: [attach-window] t=56.55s pos_err=0.042m T=19.49N z=5.231 m_est=2.198
[INFO] [1789415080.762000225] [acados_nmpc_node]: [wcmd] raw=[+0.228,-0.017,+0.153] w=[-0.067,-0.199,+0.130] err=[+0.295,+0.182] scaled=[+0.823,+0.351] s=3.02
[INFO] [1789415080.809721865] [acados_nmpc_node]: [attach-window] t=56.60s pos_err=0.057m T=19.40N z=5.237 m_est=2.198
[INFO] [1789415080.854466236] [acados_nmpc_node]: [attach-window] t=56.65s pos_err=0.056m T=19.37N z=5.247 m_est=2.198
[INFO] [1789415080.909660138] [acados_nmpc_node]: [attach-window] t=56.70s pos_err=0.072m T=19.39N z=5.251 m_est=2.196
[INFO] [1789415080.954947190] [acados_nmpc_node]: [attach-window] t=56.75s pos_err=0.069m T=19.33N z=5.259 m_est=2.195
[INFO] [1789415080.961937241] [acados_nmpc_node]: [wcmd] raw=[+0.167,+0.046,+0.161] w=[-0.384,-0.346,+0.127] err=[+0.551,+0.392] scaled=[+1.272,+0.832] s=3.01
[INFO] [1789415081.009671551] [acados_nmpc_node]: [attach-window] t=56.80s pos_err=0.080m T=19.24N z=5.264 m_est=2.193
[INFO] [1789415081.054676399] [acados_nmpc_node]: [attach-window] t=56.85s pos_err=0.080m T=19.03N z=5.271 m_est=2.191
[INFO] [1789415081.109933055] [acados_nmpc_node]: [attach-window] t=56.90s pos_err=0.092m T=19.01N z=5.275 m_est=2.187
[INFO] [1789415081.161872417] [acados_nmpc_node]: [attach-window] t=56.95s pos_err=0.090m T=19.00N z=5.281 m_est=2.184
[INFO] [1789415081.162421307] [acados_nmpc_node]: [wcmd] raw=[-0.003,-0.052,+0.175] w=[-0.614,-0.650,+0.126] err=[+0.612,+0.598] scaled=[+1.196,+1.119] s=2.96
[INFO] [1789415081.209904892] [acados_nmpc_node]: [attach-window] t=57.00s pos_err=0.102m T=19.00N z=5.285 m_est=2.178
[INFO] [1789415081.254741312] [acados_nmpc_node]: [attach-window] t=57.05s pos_err=0.098m T=18.96N z=5.291 m_est=2.173
[INFO] [1789415081.310119662] [acados_nmpc_node]: [attach-window] t=57.10s pos_err=0.107m T=18.64N z=5.294 m_est=2.165
[INFO] [1789415081.356280207] [acados_nmpc_node]: [attach-window] t=57.15s pos_err=0.104m T=17.71N z=5.300 m_est=2.159
[INFO] [1789415081.362057569] [acados_nmpc_node]: [wcmd] raw=[-0.123,-0.597,+0.193] w=[-0.562,-1.316,+0.137] err=[+0.439,+0.719] scaled=[+0.684,+0.726] s=2.84
[INFO] [1789415081.410544170] [acados_nmpc_node]: [attach-window] t=57.20s pos_err=0.115m T=17.97N z=5.303 m_est=2.149
[INFO] [1789415081.454325587] [acados_nmpc_node]: [attach-window] t=57.25s pos_err=0.109m T=18.71N z=5.308 m_est=2.141
[INFO] [1789415081.509659371] [acados_nmpc_node]: [attach-window] t=57.30s pos_err=0.117m T=18.75N z=5.310 m_est=2.131
[INFO] [1789415081.554562225] [acados_nmpc_node]: [attach-window] t=57.35s pos_err=0.111m T=18.91N z=5.312 m_est=2.123
[INFO] [1789415081.561998242] [acados_nmpc_node]: [wcmd] raw=[-0.178,+0.230,+0.201] w=[-0.057,-0.094,+0.174] err=[-0.121,+0.324] scaled=[-0.371,+0.748] s=2.60
[INFO] [1789415081.610061311] [acados_nmpc_node]: [attach-window] t=57.40s pos_err=0.121m T=18.98N z=5.313 m_est=2.115
[INFO] [1789415081.654363466] [acados_nmpc_node]: [attach-window] t=57.45s pos_err=0.107m T=19.33N z=5.312 m_est=2.109
[INFO] [1789415081.709844045] [acados_nmpc_node]: [attach-window] t=57.50s pos_err=0.117m T=19.45N z=5.311 m_est=2.102
[INFO] [1789415081.754857590] [acados_nmpc_node]: [attach-window] t=57.55s pos_err=0.103m T=19.50N z=5.308 m_est=2.097
[INFO] [1789415081.761945252] [acados_nmpc_node]: [wcmd] raw=[-0.115,+0.124,+0.199] w=[+0.545,-0.640,+0.206] err=[-0.659,+0.765] scaled=[-0.974,+1.121] s=2.30
[INFO] [1789415081.810191153] [acados_nmpc_node]: [attach-window] t=57.60s pos_err=0.115m T=19.47N z=5.307 m_est=2.092
[INFO] [1789415081.854251987] [acados_nmpc_node]: [attach-window] t=57.65s pos_err=0.095m T=19.67N z=5.303 m_est=2.088
[INFO] [1789415081.909671270] [acados_nmpc_node]: [attach-window] t=57.70s pos_err=0.107m T=19.74N z=5.302 m_est=2.084
[INFO] [1789415081.955347232] [acados_nmpc_node]: [attach-window] t=57.75s pos_err=0.089m T=19.60N z=5.299 m_est=2.081
[INFO] [1789415081.962079155] [acados_nmpc_node]: [wcmd] raw=[+0.091,+0.052,+0.183] w=[+0.360,-1.034,+0.230] err=[-0.268,+1.086] scaled=[-0.179,+1.146] s=2.01
[INFO] [1789415082.010795342] [acados_nmpc_node]: [attach-window] t=57.80s pos_err=0.104m T=19.53N z=5.298 m_est=2.078
[INFO] [1789415082.054246799] [acados_nmpc_node]: [attach-window] t=57.85s pos_err=0.081m T=19.54N z=5.296 m_est=2.076
[INFO] [1789415082.109434662] [acados_nmpc_node]: [attach-window] t=57.90s pos_err=0.095m T=19.60N z=5.295 m_est=2.074
[INFO] [1789415082.154370346] [acados_nmpc_node]: [attach-window] t=57.95s pos_err=0.077m T=19.56N z=5.293 m_est=2.073
[INFO] [1789415082.161977207] [acados_nmpc_node]: [wcmd] raw=[+0.058,-0.065,+0.168] w=[-0.143,-0.803,+0.217] err=[+0.201,+0.738] scaled=[+0.208,+0.484] s=1.75
[INFO] [1789415082.209533018] [acados_nmpc_node]: [attach-window] t=58.00s pos_err=0.093m T=19.60N z=5.293 m_est=2.071
[INFO] [1789415082.253995617] [acados_nmpc_node]: [attach-window] t=58.05s pos_err=0.068m T=19.72N z=5.291 m_est=2.070
[INFO] [1789415082.309432468] [acados_nmpc_node]: [attach-window] t=58.10s pos_err=0.082m T=19.83N z=5.290 m_est=2.069
[INFO] [1789415082.354127285] [acados_nmpc_node]: [attach-window] t=58.15s pos_err=0.064m T=19.94N z=5.287 m_est=2.068
[INFO] [1789415082.362022945] [acados_nmpc_node]: [wcmd] raw=[+0.006,-0.088,+0.170] w=[+0.001,-0.219,+0.191] err=[+0.005,+0.131] scaled=[+0.009,-0.016] s=1.54
[INFO] [1789415082.410197897] [acados_nmpc_node]: [attach-window] t=58.20s pos_err=0.080m T=20.04N z=5.286 m_est=2.068
[INFO] [1789415082.454083107] [acados_nmpc_node]: [attach-window] t=58.25s pos_err=0.053m T=20.20N z=5.282 m_est=2.067
[INFO] [1789415082.509777859] [acados_nmpc_node]: [attach-window] t=58.30s pos_err=0.068m T=20.28N z=5.281 m_est=2.067
[INFO] [1789415082.554262827] [acados_nmpc_node]: [attach-window] t=58.35s pos_err=0.048m T=20.35N z=5.278 m_est=2.066
[INFO] [1789415082.562072342] [acados_nmpc_node]: [wcmd] raw=[+0.035,-0.043,+0.190] w=[+0.013,-0.051,+0.179] err=[+0.021,+0.008] scaled=[+0.043,-0.040] s=1.38
[INFO] [1789415082.609910004] [acados_nmpc_node]: [attach-window] t=58.40s pos_err=0.067m T=20.40N z=5.276 m_est=2.066
[INFO] [1789415082.654103587] [acados_nmpc_node]: [attach-window] t=58.45s pos_err=0.038m T=20.42N z=5.273 m_est=2.066
[INFO] [1789415082.707408354] [acados_nmpc_node]: [attach-window] t=58.50s pos_err=0.056m T=20.45N z=5.272 m_est=2.065
[INFO] [1789415082.753373601] [acados_nmpc_node]: [attach-window] t=58.55s pos_err=0.036m T=20.43N z=5.270 m_est=2.065
[INFO] [1789415082.761966813] [acados_nmpc_node]: [wcmd] raw=[+0.028,-0.036,+0.219] w=[+0.011,-0.037,+0.185] err=[+0.016,+0.001] scaled=[+0.032,-0.036] s=1.26
[INFO] [1789415082.809486484] [acados_nmpc_node]: [attach-window] t=58.60s pos_err=0.058m T=20.45N z=5.269 m_est=2.065
[INFO] [1789415082.853967731] [acados_nmpc_node]: [attach-window] t=58.65s pos_err=0.028m T=20.42N z=5.268 m_est=2.065
[INFO] [1789415082.909600686] [acados_nmpc_node]: [attach-window] t=58.70s pos_err=0.051m T=20.44N z=5.267 m_est=2.065
[INFO] [1789415082.954172277] [acados_nmpc_node]: [attach-window] t=58.75s pos_err=0.029m T=20.41N z=5.267 m_est=2.065
[INFO] [1789415082.961985608] [acados_nmpc_node]: [wcmd] raw=[+0.032,-0.033,+0.253] w=[+0.011,-0.035,+0.205] err=[+0.021,+0.002] scaled=[+0.036,-0.033] s=1.17
[INFO] [1789415083.009474388] [acados_nmpc_node]: [attach-window] t=58.80s pos_err=0.054m T=20.42N z=5.266 m_est=2.065
[INFO] [1789415083.053981755] [acados_nmpc_node]: [attach-window] t=58.85s pos_err=0.023m T=20.37N z=5.267 m_est=2.065
[INFO] [1789415083.109633776] [acados_nmpc_node]: [attach-window] t=58.90s pos_err=0.049m T=20.38N z=5.267 m_est=2.065
[INFO] [1789415083.153983971] [acados_nmpc_node]: [attach-window] t=58.95s pos_err=0.028m T=20.32N z=5.269 m_est=2.064
[INFO] [1789415083.162051876] [acados_nmpc_node]: [wcmd] raw=[+0.019,-0.028,+0.285] w=[+0.010,-0.031,+0.233] err=[+0.008,+0.003] scaled=[+0.020,-0.028] s=1.11
[INFO] [1789415083.209590897] [acados_nmpc_node]: [attach-window] t=59.00s pos_err=0.054m T=20.33N z=5.269 m_est=2.064
[INFO] [1789415083.253998271] [acados_nmpc_node]: [attach-window] t=59.05s pos_err=0.026m T=20.27N z=5.272 m_est=2.064
[INFO] [1789415083.309389441] [acados_nmpc_node]: [attach-window] t=59.10s pos_err=0.051m T=20.29N z=5.273 m_est=2.064
[INFO] [1789415083.354177326] [acados_nmpc_node]: [attach-window] t=59.15s pos_err=0.032m T=20.24N z=5.275 m_est=2.064
[INFO] [1789415083.361999751] [acados_nmpc_node]: [wcmd] raw=[+0.004,-0.024,+0.312] w=[-0.008,-0.020,+0.268] err=[+0.012,-0.004] scaled=[+0.005,-0.024] s=1.08
[INFO] [1789415083.409747346] [acados_nmpc_node]: [attach-window] t=59.20s pos_err=0.058m T=20.25N z=5.277 m_est=2.064
[INFO] [1789415083.453972596] [acados_nmpc_node]: [attach-window] t=59.25s pos_err=0.030m T=20.21N z=5.280 m_est=2.064
[INFO] [1789415083.509645056] [acados_nmpc_node]: [attach-window] t=59.30s pos_err=0.055m T=20.23N z=5.282 m_est=2.064
[INFO] [1789415083.553976277] [acados_nmpc_node]: [attach-window] t=59.35s pos_err=0.036m T=20.20N z=5.285 m_est=2.064
[INFO] [1789415083.561938442] [acados_nmpc_node]: [wcmd] raw=[+0.007,-0.031,+0.339] w=[-0.011,-0.024,+0.300] err=[+0.018,-0.007] scaled=[+0.008,-0.032] s=1.05
[INFO] [1789415083.609692831] [acados_nmpc_node]: [attach-window] t=59.40s pos_err=0.061m T=20.22N z=5.286 m_est=2.064
[INFO] [1789415083.654049449] [acados_nmpc_node]: [attach-window] t=59.45s pos_err=0.033m T=20.19N z=5.290 m_est=2.064
[INFO] [1789415083.709694191] [acados_nmpc_node]: [attach-window] t=59.50s pos_err=0.057m T=20.21N z=5.292 m_est=2.064
[INFO] [1789415083.754102413] [acados_nmpc_node]: [attach-window] t=59.55s pos_err=0.037m T=20.17N z=5.296 m_est=2.064
[INFO] [1789415083.761980892] [acados_nmpc_node]: [wcmd] raw=[+0.007,-0.046,+0.361] w=[-0.006,-0.038,+0.331] err=[+0.013,-0.009] scaled=[+0.008,-0.047] s=1.03
[INFO] [1789415083.809795400] [acados_nmpc_node]: [attach-window] t=59.60s pos_err=0.060m T=20.19N z=5.298 m_est=2.064
[INFO] [1789415083.854033308] [acados_nmpc_node]: [attach-window] t=59.65s pos_err=0.033m T=20.13N z=5.303 m_est=2.064
[INFO] [1789415083.909409673] [acados_nmpc_node]: [attach-window] t=59.70s pos_err=0.054m T=20.15N z=5.306 m_est=2.064
[INFO] [1789415083.953987597] [acados_nmpc_node]: [attach-window] t=59.75s pos_err=0.036m T=20.10N z=5.311 m_est=2.064
[INFO] [1789415083.961986753] [acados_nmpc_node]: [wcmd] raw=[+0.005,-0.048,+0.381] w=[-0.006,-0.047,+0.358] err=[+0.011,-0.002] scaled=[+0.005,-0.048] s=1.02
[INFO] [1789415084.009599624] [acados_nmpc_node]: [attach-window] t=59.80s pos_err=0.057m T=20.12N z=5.313 m_est=2.064
[INFO] [1789415084.053965870] [acados_nmpc_node]: [attach-window] t=59.85s pos_err=0.032m T=20.08N z=5.319 m_est=2.064
[INFO] [1789415084.109552441] [acados_nmpc_node]: [attach-window] t=59.90s pos_err=0.052m T=20.11N z=5.322 m_est=2.064
[INFO] [1789415084.154371816] [acados_nmpc_node]: [attach-window] t=59.95s pos_err=0.036m T=20.09N z=5.326 m_est=2.064
[INFO] [1789415084.162199943] [acados_nmpc_node]: [wcmd] raw=[+0.020,-0.039,+0.400] w=[+0.001,-0.036,+0.382] err=[+0.020,-0.003] scaled=[+0.021,-0.039] s=1.02
[INFO] [1789415084.209436545] [acados_nmpc_node]: [attach-window] t=60.00s pos_err=0.054m T=20.13N z=5.329 m_est=2.064
[INFO] [1789415084.254160621] [acados_nmpc_node]: [attach-window] t=60.05s pos_err=0.035m T=20.09N z=5.334 m_est=2.064
[INFO] [1789415084.309485300] [acados_nmpc_node]: [attach-window] t=60.10s pos_err=0.052m T=20.13N z=5.337 m_est=2.064
[INFO] [1789415084.354111199] [acados_nmpc_node]: [attach-window] t=60.15s pos_err=0.040m T=20.11N z=5.341 m_est=2.064
[INFO] [1789415084.361956218] [acados_nmpc_node]: [wcmd] raw=[+0.034,-0.027,+0.418] w=[+0.018,-0.027,+0.404] err=[+0.016,+0.000] scaled=[+0.034,-0.027] s=1.01
[INFO] [1789415084.409775207] [acados_nmpc_node]: [attach-window] t=60.20s pos_err=0.056m T=20.15N z=5.343 m_est=2.064
[INFO] [1789415084.454314133] [acados_nmpc_node]: [attach-window] t=60.25s pos_err=0.042m T=20.13N z=5.348 m_est=2.064
[INFO] [1789415084.509571944] [acados_nmpc_node]: [attach-window] t=60.30s pos_err=0.054m T=20.18N z=5.350 m_est=2.064
[INFO] [1789415084.554596150] [acados_nmpc_node]: [attach-window] t=60.35s pos_err=0.046m T=20.16N z=5.354 m_est=2.064
[INFO] [1789415084.562004932] [acados_nmpc_node]: [wcmd] raw=[+0.016,-0.026,+0.432] w=[+0.022,-0.021,+0.424] err=[-0.006,-0.006] scaled=[+0.016,-0.026] s=1.01
[INFO] [1789415084.609964328] [acados_nmpc_node]: [attach-window] t=60.40s pos_err=0.058m T=20.20N z=5.356 m_est=2.064
[INFO] [1789415084.654423145] [acados_nmpc_node]: [attach-window] t=60.45s pos_err=0.048m T=20.18N z=5.360 m_est=2.064
[INFO] [1789415084.710130584] [acados_nmpc_node]: [attach-window] t=60.50s pos_err=0.057m T=20.22N z=5.362 m_est=2.064
[INFO] [1789415084.753665870] [acados_nmpc_node]: [attach-window] t=60.55s pos_err=0.049m T=20.21N z=5.365 m_est=2.064
[INFO] [1789415084.761978405] [acados_nmpc_node]: [wcmd] raw=[-0.014,-0.025,+0.440] w=[-0.006,-0.021,+0.442] err=[-0.007,-0.004] scaled=[-0.014,-0.025] s=1.00
[INFO] [1789415084.807491420] [acados_nmpc_node]: [attach-window] t=60.60s pos_err=0.057m T=20.25N z=5.366 m_est=2.064
[INFO] [1789415084.853485570] [acados_nmpc_node]: [attach-window] t=60.65s pos_err=0.047m T=20.22N z=5.370 m_est=2.064
[INFO] [1789415084.907205269] [acados_nmpc_node]: [attach-window] t=60.70s pos_err=0.052m T=20.26N z=5.372 m_est=2.064
[INFO] [1789415084.907560736] [acados_nmpc_node]: t=60.7s | pos_err=0.052m | T=20.26N | tau=[r-0.003 p0.001 y0.010]Nm | res_stat=5.622e-07(peak 9.981e-07) sqp_iter=4 | solve=1.3ms
[INFO] [1789415084.907718182] [acados_nmpc_node]: [flight-diag] t=60.7s | om_scale=1.004(lo 1.004 hi 3.018) | tilt_max=3.32deg | w_max=[r0.727 p1.316 y0.450]rad/s | u_frac=[T0.691 r1.000 p1.000 y0.152] | u_sat=[T0.0 r4.0 p4.0 y0.0]% | mot_peak=0.970 mot_sat=0.0% | health=1 age=0.000s conf=0.984 | n=100
[INFO] [1789415084.954270698] [acados_nmpc_node]: [attach-window] t=60.75s pos_err=0.045m T=20.24N z=5.375 m_est=2.064
[INFO] [1789415084.961945837] [acados_nmpc_node]: [wcmd] raw=[-0.022,-0.031,+0.440] w=[-0.031,-0.018,+0.455] err=[+0.009,-0.013] scaled=[-0.022,-0.031] s=1.00
[INFO] [1789415085.009654097] [acados_nmpc_node]: [attach-window] t=60.80s pos_err=0.052m T=20.28N z=5.377 m_est=2.064
[INFO] [1789415085.054305029] [acados_nmpc_node]: [attach-window] t=60.85s pos_err=0.042m T=20.24N z=5.381 m_est=2.064
[INFO] [1789415085.109518368] [acados_nmpc_node]: [attach-window] t=60.90s pos_err=0.045m T=20.28N z=5.383 m_est=2.064
[INFO] [1789415085.154218942] [acados_nmpc_node]: [attach-window] t=60.95s pos_err=0.037m T=20.26N z=5.386 m_est=2.064
[INFO] [1789415085.161969368] [acados_nmpc_node]: [wcmd] raw=[-0.015,-0.022,+0.433] w=[-0.029,-0.023,+0.461] err=[+0.014,+0.001] scaled=[-0.015,-0.022] s=1.00
[INFO] [1789415085.209422240] [acados_nmpc_node]: [attach-window] t=61.00s pos_err=0.043m T=20.30N z=5.388 m_est=2.064
[INFO] [1789415085.254266089] [acados_nmpc_node]: [attach-window] t=61.05s pos_err=0.032m T=20.26N z=5.392 m_est=2.064
[INFO] [1789415085.309208053] [acados_nmpc_node]: [attach-window] t=61.10s pos_err=0.037m T=20.30N z=5.394 m_est=2.064
[INFO] [1789415085.354415584] [acados_nmpc_node]: [attach-window] t=61.15s pos_err=0.029m T=20.27N z=5.397 m_est=2.064
[INFO] [1789415085.361988022] [acados_nmpc_node]: [wcmd] raw=[-0.003,-0.011,+0.416] w=[-0.016,-0.006,+0.460] err=[+0.013,-0.005] scaled=[-0.003,-0.011] s=1.00
[INFO] [1789415085.409318697] [acados_nmpc_node]: [attach-window] t=61.20s pos_err=0.038m T=20.31N z=5.399 m_est=2.064
[INFO] [1789415085.451874234] [acados_nmpc_node]: DROP complete: MHE no-payload confidence 0.998 persisted for 1.00s; adaptive states reset
[INFO] [1789415085.454474609] [acados_nmpc_node]: [attach-window] t=61.25s pos_err=0.025m T=20.27N z=5.404 m_est=2.064
[INFO] [1789415085.509596617] [acados_nmpc_node]: [attach-window] t=61.30s pos_err=0.036m T=20.31N z=5.406 m_est=2.064
[INFO] [1789415085.554229516] [acados_nmpc_node]: [attach-window] t=61.35s pos_err=0.025m T=20.26N z=5.410 m_est=2.064
[INFO] [1789415085.561923230] [acados_nmpc_node]: [wcmd] raw=[+0.016,-0.029,+0.391] w=[+0.005,-0.012,+0.450] err=[+0.012,-0.017] scaled=[+0.016,-0.029] s=1.00
[INFO] [1789415085.609521624] [acados_nmpc_node]: [attach-window] t=61.40s pos_err=0.039m T=20.31N z=5.412 m_est=2.064
[INFO] [1789415085.654280798] [acados_nmpc_node]: [attach-window] t=61.45s pos_err=0.023m T=20.24N z=5.417 m_est=2.064
[INFO] [1789415085.709554813] [acados_nmpc_node]: [attach-window] t=61.50s pos_err=0.036m T=20.28N z=5.419 m_est=2.064
[INFO] [1789415085.754464053] [acados_nmpc_node]: [attach-window] t=61.55s pos_err=0.024m T=20.22N z=5.424 m_est=2.064
[INFO] [1789415085.761990185] [acados_nmpc_node]: [wcmd] raw=[+0.008,-0.047,+0.362] w=[+0.017,-0.037,+0.431] err=[-0.009,-0.009] scaled=[+0.008,-0.047] s=1.00
[INFO] [1789415085.809586464] [acados_nmpc_node]: [attach-window] t=61.60s pos_err=0.039m T=20.26N z=5.426 m_est=2.064
[INFO] [1789415085.854243672] [acados_nmpc_node]: [attach-window] t=61.65s pos_err=0.023m T=20.18N z=5.432 m_est=2.064
[INFO] [1789415085.909201094] [acados_nmpc_node]: [attach-window] t=61.70s pos_err=0.036m T=20.22N z=5.435 m_est=2.064
[INFO] [1789415085.954208836] [acados_nmpc_node]: [attach-window] t=61.75s pos_err=0.024m T=20.16N z=5.441 m_est=2.064
[INFO] [1789415085.962014973] [acados_nmpc_node]: [wcmd] raw=[-0.006,-0.040,+0.330] w=[+0.003,-0.041,+0.405] err=[-0.009,+0.001] scaled=[-0.006,-0.040] s=1.00
[INFO] [1789415086.009433071] [acados_nmpc_node]: [attach-window] t=61.80s pos_err=0.039m T=20.20N z=5.444 m_est=2.064
[INFO] [1789415086.054298211] [acados_nmpc_node]: [attach-window] t=61.85s pos_err=0.022m T=20.13N z=5.451 m_est=2.064
[INFO] [1789415086.109398811] [acados_nmpc_node]: [attach-window] t=61.90s pos_err=0.036m T=20.18N z=5.454 m_est=2.064
[INFO] [1789415086.153376046] [acados_nmpc_node]: [attach-window] t=61.95s pos_err=0.023m T=20.14N z=5.460 m_est=2.064
[INFO] [1789415086.161885008] [acados_nmpc_node]: [wcmd] raw=[-0.007,-0.028,+0.298] w=[-0.009,-0.024,+0.372] err=[+0.002,-0.004] scaled=[-0.007,-0.028] s=1.00
[INFO] [1789415086.207202648] [acados_nmpc_node]: [attach-window] t=62.00s pos_err=0.032m T=20.17N z=5.463 m_est=2.064
[INFO] [1789415086.254194931] [acados_nmpc_node]: [attach-window] t=62.05s pos_err=0.022m T=20.14N z=5.469 m_est=2.064
[INFO] [1789415086.309399126] [acados_nmpc_node]: [attach-window] t=62.10s pos_err=0.036m T=20.20N z=5.472 m_est=2.064
[INFO] [1789415086.353973841] [acados_nmpc_node]: [attach-window] t=62.15s pos_err=0.023m T=20.17N z=5.477 m_est=2.064
[INFO] [1789415086.361966200] [acados_nmpc_node]: [wcmd] raw=[+0.001,-0.020,+0.267] w=[-0.002,-0.019,+0.339] err=[+0.002,-0.000] scaled=[+0.001,-0.020] s=1.00
[INFO] [1789415086.409428806] [acados_nmpc_node]: [attach-window] t=62.20s pos_err=0.040m T=20.23N z=5.480 m_est=2.064
[INFO] [1789415086.454260446] [acados_nmpc_node]: [attach-window] t=62.25s pos_err=0.021m T=20.19N z=5.486 m_est=2.064
[INFO] [1789415086.509363681] [acados_nmpc_node]: [attach-window] t=62.30s pos_err=0.036m T=20.25N z=5.488 m_est=2.064
[INFO] [1789415086.554292683] [acados_nmpc_node]: [attach-window] t=62.35s pos_err=0.022m T=20.21N z=5.493 m_est=2.064
[INFO] [1789415086.562062200] [acados_nmpc_node]: [wcmd] raw=[+0.010,-0.042,+0.240] w=[+0.001,-0.024,+0.306] err=[+0.009,-0.018] scaled=[+0.010,-0.042] s=1.00
[INFO] [1789415086.609436744] [acados_nmpc_node]: [attach-window] t=62.40s pos_err=0.040m T=20.27N z=5.495 m_est=2.064
[INFO] [1789415086.654301220] [acados_nmpc_node]: [attach-window] t=62.45s pos_err=0.022m T=20.20N z=5.501 m_est=2.064
[INFO] [1789415086.709313385] [acados_nmpc_node]: [attach-window] t=62.50s pos_err=0.037m T=20.26N z=5.504 m_est=2.064
[INFO] [1789415086.754318364] [acados_nmpc_node]: [attach-window] t=62.55s pos_err=0.025m T=20.19N z=5.509 m_est=2.064
[INFO] [1789415086.761969938] [acados_nmpc_node]: [wcmd] raw=[+0.022,-0.049,+0.217] w=[+0.015,-0.046,+0.274] err=[+0.007,-0.004] scaled=[+0.022,-0.049] s=1.00
[INFO] [1789415086.809627551] [acados_nmpc_node]: [attach-window] t=62.60s pos_err=0.042m T=20.24N z=5.512 m_est=2.064
[INFO] [1789415086.854272887] [acados_nmpc_node]: [attach-window] t=62.65s pos_err=0.026m T=20.16N z=5.519 m_est=2.064
[INFO] [1789415086.909351329] [acados_nmpc_node]: [attach-window] t=62.70s pos_err=0.039m T=20.21N z=5.522 m_est=2.064
[INFO] [1789415086.954370787] [acados_nmpc_node]: [attach-window] t=62.75s pos_err=0.028m T=20.15N z=5.528 m_est=2.064
[INFO] [1789415086.961976770] [acados_nmpc_node]: [wcmd] raw=[+0.008,-0.046,+0.196] w=[+0.016,-0.045,+0.245] err=[-0.008,-0.001] scaled=[+0.008,-0.046] s=1.00
[INFO] [1789415087.006892144] [acados_nmpc_node]: [attach-window] t=62.80s pos_err=0.041m T=20.20N z=5.531 m_est=2.064
[INFO] [1789415087.054239964] [acados_nmpc_node]: [attach-window] t=62.85s pos_err=0.030m T=20.12N z=5.538 m_est=2.064
[INFO] [1789415087.109302674] [acados_nmpc_node]: [attach-window] t=62.90s pos_err=0.039m T=20.19N z=5.541 m_est=2.064
[INFO] [1789415087.153924684] [acados_nmpc_node]: [attach-window] t=62.95s pos_err=0.030m T=20.14N z=5.547 m_est=2.064
[INFO] [1789415087.162035416] [acados_nmpc_node]: [wcmd] raw=[-0.009,-0.028,+0.179] w=[-0.003,-0.037,+0.220] err=[-0.006,+0.008] scaled=[-0.009,-0.028] s=1.00
[INFO] [1789415087.209335579] [acados_nmpc_node]: [attach-window] t=63.00s pos_err=0.043m T=20.20N z=5.550 m_est=2.064
[INFO] [1789415087.253952347] [acados_nmpc_node]: [attach-window] t=63.05s pos_err=0.029m T=20.14N z=5.557 m_est=2.064
[INFO] [1789415087.309450409] [acados_nmpc_node]: [attach-window] t=63.10s pos_err=0.040m T=20.21N z=5.559 m_est=2.064
[INFO] [1789415087.354145746] [acados_nmpc_node]: [attach-window] t=63.15s pos_err=0.029m T=20.17N z=5.565 m_est=2.064
[INFO] [1789415087.361942528] [acados_nmpc_node]: [wcmd] raw=[+0.000,-0.022,+0.163] w=[-0.015,-0.017,+0.198] err=[+0.015,-0.004] scaled=[+0.000,-0.022] s=1.00
[INFO] [1789415087.409633826] [acados_nmpc_node]: [attach-window] t=63.20s pos_err=0.045m T=20.23N z=5.568 m_est=2.064
[INFO] [1789415087.453988048] [acados_nmpc_node]: [attach-window] t=63.25s pos_err=0.028m T=20.16N z=5.575 m_est=2.064
[INFO] [1789415087.509281184] [acados_nmpc_node]: [attach-window] t=63.30s pos_err=0.043m T=20.22N z=5.578 m_est=2.064
[INFO] [1789415087.553967175] [acados_nmpc_node]: [attach-window] t=63.35s pos_err=0.029m T=20.15N z=5.584 m_est=2.064
[INFO] [1789415087.562171319] [acados_nmpc_node]: [wcmd] raw=[+0.019,-0.042,+0.149] w=[+0.003,-0.026,+0.179] err=[+0.015,-0.016] scaled=[+0.019,-0.042] s=1.00
[INFO] [1789415087.609787670] [acados_nmpc_node]: [attach-window] t=63.40s pos_err=0.049m T=20.21N z=5.587 m_est=2.064
[INFO] [1789415087.653998173] [acados_nmpc_node]: [attach-window] t=63.45s pos_err=0.029m T=20.12N z=5.595 m_est=2.064
[INFO] [1789415087.707274441] [acados_nmpc_node]: [attach-window] t=63.50s pos_err=0.044m T=20.18N z=5.598 m_est=2.064
[INFO] [1789415087.754110211] [acados_nmpc_node]: [attach-window] t=63.55s pos_err=0.030m T=20.08N z=5.606 m_est=2.064
[INFO] [1789415087.761945476] [acados_nmpc_node]: [wcmd] raw=[+0.019,-0.101,+0.134] w=[+0.012,-0.034,+0.162] err=[+0.007,-0.067] scaled=[+0.019,-0.101] s=1.00
[INFO] [1789415087.809507643] [acados_nmpc_node]: [attach-window] t=63.60s pos_err=0.051m T=20.18N z=5.609 m_est=2.064
[INFO] [1789415087.854006960] [acados_nmpc_node]: [attach-window] t=63.65s pos_err=0.031m T=20.09N z=5.616 m_est=2.064
[INFO] [1789415087.909149602] [acados_nmpc_node]: [attach-window] t=63.70s pos_err=0.047m T=20.16N z=5.619 m_est=2.064
[INFO] [1789415087.953938186] [acados_nmpc_node]: [attach-window] t=63.75s pos_err=0.034m T=20.07N z=5.627 m_est=2.064
[INFO] [1789415087.961951450] [acados_nmpc_node]: [wcmd] raw=[+0.020,-0.084,+0.122] w=[+0.010,-0.036,+0.146] err=[+0.010,-0.048] scaled=[+0.020,-0.084] s=1.00
[INFO] [1789415088.009732473] [acados_nmpc_node]: [attach-window] t=63.80s pos_err=0.054m T=20.16N z=5.630 m_est=2.064
[INFO] [1789415088.053996889] [acados_nmpc_node]: [attach-window] t=63.85s pos_err=0.035m T=20.08N z=5.637 m_est=2.064
[INFO] [1789415088.109560578] [acados_nmpc_node]: [attach-window] t=63.90s pos_err=0.052m T=20.15N z=5.640 m_est=2.064
[INFO] [1789415088.154184206] [acados_nmpc_node]: [attach-window] t=63.95s pos_err=0.037m T=20.09N z=5.647 m_est=2.064
[INFO] [1789415088.161980591] [acados_nmpc_node]: [wcmd] raw=[+0.014,-0.067,+0.112] w=[+0.011,-0.024,+0.134] err=[+0.003,-0.043] scaled=[+0.014,-0.067] s=1.00
[INFO] [1789415088.209334552] [acados_nmpc_node]: [attach-window] t=64.00s pos_err=0.050m T=20.17N z=5.650 m_est=2.064
[INFO] [1789415088.253907773] [acados_nmpc_node]: [attach-window] t=64.05s pos_err=0.037m T=20.12N z=5.657 m_est=2.064
[INFO] [1789415088.309492449] [acados_nmpc_node]: [attach-window] t=64.10s pos_err=0.055m T=20.20N z=5.660 m_est=2.064
[INFO] [1789415088.354017316] [acados_nmpc_node]: [attach-window] t=64.15s pos_err=0.037m T=20.16N z=5.666 m_est=2.064
[INFO] [1789415088.361979194] [acados_nmpc_node]: [wcmd] raw=[-0.017,-0.011,+0.101] w=[-0.004,-0.021,+0.120] err=[-0.013,+0.009] scaled=[-0.017,-0.011] s=1.00
[INFO] [1789415088.409679929] [acados_nmpc_node]: [attach-window] t=64.20s pos_err=0.061m T=20.23N z=5.669 m_est=2.064
[INFO] [1789415088.454128969] [acados_nmpc_node]: [attach-window] t=64.25s pos_err=0.032m T=20.16N z=5.675 m_est=2.064
[INFO] [1789415088.509808421] [acados_nmpc_node]: [attach-window] t=64.30s pos_err=0.056m T=20.24N z=5.678 m_est=2.064
[INFO] [1789415088.554089502] [acados_nmpc_node]: [attach-window] t=64.35s pos_err=0.030m T=20.17N z=5.684 m_est=2.064
[INFO] [1789415088.561997170] [acados_nmpc_node]: [wcmd] raw=[-0.026,-0.065,+0.091] w=[-0.031,-0.031,+0.107] err=[+0.005,-0.034] scaled=[-0.026,-0.065] s=1.00
[INFO] [1789415088.609996199] [acados_nmpc_node]: [attach-window] t=64.40s pos_err=0.060m T=20.25N z=5.687 m_est=2.064
[INFO] [1789415088.654110910] [acados_nmpc_node]: [attach-window] t=64.45s pos_err=0.023m T=20.15N z=5.694 m_est=2.064
[INFO] [1789415088.709557539] [acados_nmpc_node]: [attach-window] t=64.50s pos_err=0.052m T=20.22N z=5.697 m_est=2.064
[INFO] [1789415088.753996398] [acados_nmpc_node]: [attach-window] t=64.55s pos_err=0.023m T=20.13N z=5.705 m_est=2.064
[INFO] [1789415088.761957530] [acados_nmpc_node]: [wcmd] raw=[+0.002,-0.075,+0.081] w=[-0.023,-0.076,+0.097] err=[+0.025,+0.001] scaled=[+0.002,-0.075] s=1.00
[INFO] [1789415088.809536325] [acados_nmpc_node]: [attach-window] t=64.60s pos_err=0.057m T=20.19N z=5.708 m_est=2.064
[INFO] [1789415088.854058939] [acados_nmpc_node]: [attach-window] t=64.65s pos_err=0.016m T=20.07N z=5.717 m_est=2.064
[INFO] [1789415088.909403086] [acados_nmpc_node]: [attach-window] t=64.70s pos_err=0.049m T=20.14N z=5.721 m_est=2.064
[INFO] [1789415088.954045296] [acados_nmpc_node]: [attach-window] t=64.75s pos_err=0.012m T=20.02N z=5.729 m_est=2.064
[INFO] [1789415088.961933911] [acados_nmpc_node]: [wcmd] raw=[+0.030,-0.109,+0.072] w=[+0.012,-0.058,+0.086] err=[+0.018,-0.051] scaled=[+0.030,-0.109] s=1.00
[INFO] [1789415089.009198538] [acados_nmpc_node]: [attach-window] t=64.80s pos_err=0.042m T=20.11N z=5.733 m_est=2.064
[INFO] [1789415089.053922960] [acados_nmpc_node]: [attach-window] t=64.85s pos_err=0.013m T=20.06N z=5.740 m_est=2.064
[INFO] [1789415089.109553008] [acados_nmpc_node]: [attach-window] t=64.90s pos_err=0.047m T=20.13N z=5.743 m_est=2.064
[INFO] [1789415089.153848344] [acados_nmpc_node]: [attach-window] t=64.95s pos_err=0.016m T=20.09N z=5.750 m_est=2.064
[INFO] [1789415089.161980896] [acados_nmpc_node]: [wcmd] raw=[+0.020,-0.024,+0.064] w=[+0.027,-0.044,+0.077] err=[-0.006,+0.020] scaled=[+0.020,-0.024] s=1.00
[INFO] [1789415089.209683539] [acados_nmpc_node]: [attach-window] t=65.00s pos_err=0.053m T=20.16N z=5.754 m_est=2.064
[INFO] [1789415089.253991549] [acados_nmpc_node]: [attach-window] t=65.05s pos_err=0.012m T=20.09N z=5.762 m_est=2.064
[INFO] [1789415089.309537327] [acados_nmpc_node]: [attach-window] t=65.10s pos_err=0.046m T=20.16N z=5.765 m_est=2.064
[INFO] [1789415089.354130723] [acados_nmpc_node]: [attach-window] t=65.15s pos_err=0.016m T=20.09N z=5.772 m_est=2.064
[INFO] [1789415089.361976445] [acados_nmpc_node]: [wcmd] raw=[+0.014,-0.059,+0.056] w=[+0.017,-0.036,+0.068] err=[-0.003,-0.022] scaled=[+0.014,-0.059] s=1.00
[INFO] [1789415089.409590012] [acados_nmpc_node]: [attach-window] t=65.20s pos_err=0.054m T=20.16N z=5.776 m_est=2.064
[INFO] [1789415089.453984421] [acados_nmpc_node]: [attach-window] t=65.25s pos_err=0.014m T=20.06N z=5.785 m_est=2.064
[INFO] [1789415089.509587340] [acados_nmpc_node]: [attach-window] t=65.30s pos_err=0.049m T=20.13N z=5.788 m_est=2.064
[INFO] [1789415089.553969984] [acados_nmpc_node]: [attach-window] t=65.35s pos_err=0.020m T=20.05N z=5.796 m_est=2.064
[INFO] [1789415089.561960364] [acados_nmpc_node]: [wcmd] raw=[+0.013,-0.055,+0.048] w=[+0.012,-0.056,+0.059] err=[+0.001,+0.001] scaled=[+0.013,-0.055] s=1.00
[INFO] [1789415089.609900388] [acados_nmpc_node]: [attach-window] t=65.40s pos_err=0.058m T=20.12N z=5.800 m_est=2.064
[INFO] [1789415089.653994667] [acados_nmpc_node]: [attach-window] t=65.45s pos_err=0.019m T=20.03N z=5.809 m_est=2.064
[INFO] [1789415089.709786268] [acados_nmpc_node]: [attach-window] t=65.50s pos_err=0.053m T=20.11N z=5.813 m_est=2.064
[INFO] [1789415089.754139199] [acados_nmpc_node]: [attach-window] t=65.55s pos_err=0.024m T=20.05N z=5.820 m_est=2.064
[INFO] [1789415089.761932851] [acados_nmpc_node]: [wcmd] raw=[+0.010,-0.058,+0.042] w=[+0.007,-0.049,+0.050] err=[+0.003,-0.009] scaled=[+0.010,-0.058] s=1.00
[INFO] [1789415089.807317459] [acados_nmpc_node]: [attach-window] t=65.60s pos_err=0.045m T=20.11N z=5.824 m_est=2.064
[INFO] [1789415089.853336390] [acados_nmpc_node]: [attach-window] t=65.65s pos_err=0.021m T=20.08N z=5.831 m_est=2.064
[INFO] [1789415089.906925403] [acados_nmpc_node]: [attach-window] t=65.70s pos_err=0.052m T=20.17N z=5.834 m_est=2.064
[INFO] [1789415089.907289673] [acados_nmpc_node]: t=65.7s | pos_err=0.052m | T=20.17N | tau=[r0.000 p0.015 y-0.002]Nm | res_stat=8.978e-07(peak 9.991e-07) sqp_iter=3 | solve=1.1ms
[INFO] [1789415089.907442761] [acados_nmpc_node]: [flight-diag] t=65.7s | om_scale=1.000(lo 1.000 hi 1.003) | tilt_max=3.05deg | w_max=[r0.037 p0.080 y0.463]rad/s | u_frac=[T0.648 r0.015 p0.060 y0.151] | u_sat=[T0.0 r0.0 p0.0 y0.0]% | mot_peak=0.788 mot_sat=0.0% | health=1 age=0.000s conf=1.000 | n=100
[INFO] [1789415089.953303555] [acados_nmpc_node]: [attach-window] t=65.75s pos_err=0.026m T=20.15N z=5.839 m_est=2.064
[INFO] [1789415089.961866774] [acados_nmpc_node]: [wcmd] raw=[+0.008,-0.040,+0.036] w=[+0.009,-0.052,+0.043] err=[-0.000,+0.012] scaled=[+0.008,-0.040] s=1.00
[INFO] [1789415090.006918091] [acados_nmpc_node]: [attach-window] t=65.80s pos_err=0.047m T=20.21N z=5.843 m_est=2.064
[INFO] [1789415090.053885932] [acados_nmpc_node]: [attach-window] t=65.85s pos_err=0.022m T=20.17N z=5.849 m_est=2.064
[INFO] [1789415090.109469091] [acados_nmpc_node]: [attach-window] t=65.90s pos_err=0.059m T=20.25N z=5.852 m_est=2.064
[INFO] [1789415090.154096251] [acados_nmpc_node]: [attach-window] t=65.95s pos_err=0.028m T=20.20N z=5.858 m_est=2.064
[INFO] [1789415090.162036045] [acados_nmpc_node]: [wcmd] raw=[-0.006,-0.021,+0.030] w=[+0.001,-0.025,+0.037] err=[-0.006,+0.004] scaled=[-0.006,-0.021] s=1.00
[INFO] [1789415090.209399537] [acados_nmpc_node]: [attach-window] t=66.00s pos_err=0.055m T=20.24N z=5.862 m_est=2.064
[INFO] [1789415090.253907987] [acados_nmpc_node]: [attach-window] t=66.05s pos_err=0.023m T=20.16N z=5.869 m_est=2.064
[INFO] [1789415090.309502690] [acados_nmpc_node]: [attach-window] t=66.10s pos_err=0.064m T=20.22N z=5.872 m_est=2.064
[INFO] [1789415090.353913578] [acados_nmpc_node]: [attach-window] t=66.15s pos_err=0.030m T=20.14N z=5.879 m_est=2.064
[INFO] [1789415090.361947331] [acados_nmpc_node]: [wcmd] raw=[-0.011,-0.040,+0.026] w=[-0.013,-0.035,+0.031] err=[+0.002,-0.005] scaled=[-0.011,-0.040] s=1.00
[INFO] [1789415090.409632332] [acados_nmpc_node]: [attach-window] t=66.20s pos_err=0.059m T=20.18N z=5.884 m_est=2.064
[INFO] [1789415090.454007497] [acados_nmpc_node]: [attach-window] t=66.25s pos_err=0.024m T=20.10N z=5.891 m_est=2.064
[INFO] [1789415090.509721302] [acados_nmpc_node]: [attach-window] t=66.30s pos_err=0.068m T=20.19N z=5.894 m_est=2.064
[INFO] [1789415090.554171925] [acados_nmpc_node]: [attach-window] t=66.35s pos_err=0.018m T=20.09N z=5.902 m_est=2.064
[INFO] [1789415090.562048883] [acados_nmpc_node]: [wcmd] raw=[-0.004,-0.102,+0.020] w=[-0.009,-0.047,+0.026] err=[+0.005,-0.054] scaled=[-0.004,-0.102] s=1.00
[INFO] [1789415090.609934920] [acados_nmpc_node]: [attach-window] t=66.40s pos_err=0.063m T=20.18N z=5.905 m_est=2.064
[INFO] [1789415090.654076268] [acados_nmpc_node]: [attach-window] t=66.45s pos_err=0.026m T=20.11N z=5.912 m_est=2.064
[INFO] [1789415090.709591858] [acados_nmpc_node]: [attach-window] t=66.50s pos_err=0.073m T=20.18N z=5.915 m_est=2.064
[INFO] [1789415090.754028841] [acados_nmpc_node]: [attach-window] t=66.55s pos_err=0.036m T=20.13N z=5.922 m_est=2.064
[INFO] [1789415090.761922165] [acados_nmpc_node]: [wcmd] raw=[-0.002,-0.026,+0.014] w=[-0.005,-0.042,+0.020] err=[+0.003,+0.016] scaled=[-0.002,-0.026] s=1.00
[INFO] [1789415090.809697949] [acados_nmpc_node]: [attach-window] t=66.60s pos_err=0.083m T=20.20N z=5.925 m_est=2.064
[INFO] [1789415090.854094727] [acados_nmpc_node]: [attach-window] t=66.65s pos_err=0.031m T=20.12N z=5.932 m_est=2.064
[INFO] [1789415090.909687660] [acados_nmpc_node]: [attach-window] t=66.70s pos_err=0.078m T=20.20N z=5.936 m_est=2.064
[INFO] [1789415090.954159240] [acados_nmpc_node]: [attach-window] t=66.75s pos_err=0.042m T=20.13N z=5.942 m_est=2.064
[INFO] [1789415090.961905731] [acados_nmpc_node]: [wcmd] raw=[+0.014,-0.069,+0.008] w=[+0.006,-0.033,+0.015] err=[+0.008,-0.036] scaled=[+0.014,-0.069] s=1.00
[INFO] [1789415091.009534315] [acados_nmpc_node]: [attach-window] t=66.80s pos_err=0.089m T=20.21N z=5.946 m_est=2.064
[INFO] [1789415091.053996628] [acados_nmpc_node]: [attach-window] t=66.85s pos_err=0.036m T=20.13N z=5.953 m_est=2.064
[INFO] [1789415091.109555889] [acados_nmpc_node]: [attach-window] t=66.90s pos_err=0.083m T=20.21N z=5.956 m_est=2.064
[INFO] [1789415091.153969610] [acados_nmpc_node]: [attach-window] t=66.95s pos_err=0.045m T=20.15N z=5.962 m_est=2.064
[INFO] [1789415091.161945854] [acados_nmpc_node]: [wcmd] raw=[+0.014,-0.080,+0.002] w=[+0.019,-0.075,+0.009] err=[-0.005,-0.004] scaled=[+0.014,-0.080] s=1.00
[INFO] [1789415091.209514498] [acados_nmpc_node]: [attach-window] t=67.00s pos_err=0.092m T=20.23N z=5.965 m_est=2.064
[INFO] [1789415091.253867046] [acados_nmpc_node]: [attach-window] t=67.05s pos_err=0.038m T=20.13N z=5.973 m_est=2.064
[INFO] [1789415091.309535250] [acados_nmpc_node]: [attach-window] t=67.10s pos_err=0.084m T=20.21N z=5.976 m_est=2.064
[INFO] [1789415091.354105917] [acados_nmpc_node]: [attach-window] t=67.15s pos_err=0.046m T=20.14N z=5.983 m_est=2.064
[INFO] [1789415091.361914347] [acados_nmpc_node]: [wcmd] raw=[-0.003,-0.075,-0.004] w=[+0.010,-0.076,+0.003] err=[-0.013,+0.001] scaled=[-0.003,-0.075] s=1.00
[INFO] [1789415091.410288330] [acados_nmpc_node]: [attach-window] t=67.20s pos_err=0.092m T=20.20N z=5.987 m_est=2.064
[INFO] [1789415091.454144557] [acados_nmpc_node]: [attach-window] t=67.25s pos_err=0.037m T=20.10N z=5.995 m_est=2.064
[INFO] [1789415091.509515753] [acados_nmpc_node]: [attach-window] t=67.30s pos_err=0.082m T=20.16N z=5.999 m_est=2.064
[INFO] [1789415091.554042899] [acados_nmpc_node]: [attach-window] t=67.35s pos_err=0.044m T=20.09N z=6.006 m_est=2.064
[INFO] [1789415091.561923388] [acados_nmpc_node]: [wcmd] raw=[-0.003,-0.073,-0.011] w=[-0.002,-0.069,-0.003] err=[-0.001,-0.004] scaled=[-0.003,-0.073] s=1.00
[INFO] [1789415091.609925953] [acados_nmpc_node]: [attach-window] t=67.40s pos_err=0.089m T=20.15N z=6.010 m_est=2.064
[INFO] [1789415091.654036983] [acados_nmpc_node]: [attach-window] t=67.45s pos_err=0.035m T=20.06N z=6.019 m_est=2.064
[INFO] [1789415091.709580617] [acados_nmpc_node]: [attach-window] t=67.50s pos_err=0.080m T=20.13N z=6.023 m_est=2.064
[INFO] [1789415091.754225969] [acados_nmpc_node]: [attach-window] t=67.55s pos_err=0.041m T=20.07N z=6.030 m_est=2.064
[INFO] [1789415091.762070877] [acados_nmpc_node]: [wcmd] raw=[+0.014,-0.062,-0.016] w=[+0.007,-0.063,-0.010] err=[+0.007,+0.002] scaled=[+0.014,-0.062] s=1.00
[INFO] [1789415091.809832259] [acados_nmpc_node]: [attach-window] t=67.60s pos_err=0.087m T=20.13N z=6.034 m_est=2.064
[INFO] [1789415091.853980449] [acados_nmpc_node]: [attach-window] t=67.65s pos_err=0.033m T=20.05N z=6.043 m_est=2.064
[INFO] [1789415091.909535953] [acados_nmpc_node]: [attach-window] t=67.70s pos_err=0.077m T=20.11N z=6.047 m_est=2.064
[INFO] [1789415091.953953611] [acados_nmpc_node]: [attach-window] t=67.75s pos_err=0.039m T=20.04N z=6.056 m_est=2.064
[INFO] [1789415091.961874758] [acados_nmpc_node]: [wcmd] raw=[+0.015,-0.062,-0.022] w=[+0.019,-0.045,-0.016] err=[-0.004,-0.016] scaled=[+0.015,-0.062] s=1.00
[INFO] [1789415092.009541295] [acados_nmpc_node]: [attach-window] t=67.80s pos_err=0.085m T=20.09N z=6.060 m_est=2.064
[INFO] [1789415092.053965104] [acados_nmpc_node]: [attach-window] t=67.85s pos_err=0.032m T=20.01N z=6.070 m_est=2.064
[INFO] [1789415092.109602668] [acados_nmpc_node]: [attach-window] t=67.90s pos_err=0.078m T=20.07N z=6.074 m_est=2.064
[INFO] [1789415092.154027302] [acados_nmpc_node]: [attach-window] t=67.95s pos_err=0.040m T=20.02N z=6.082 m_est=2.064
[INFO] [1789415092.161937648] [acados_nmpc_node]: [wcmd] raw=[+0.007,-0.052,-0.028] w=[+0.016,-0.049,-0.023] err=[-0.009,-0.003] scaled=[+0.007,-0.052] s=1.00
[INFO] [1789415092.209607127] [acados_nmpc_node]: [attach-window] t=68.00s pos_err=0.086m T=20.08N z=6.086 m_est=2.064
[INFO] [1789415092.253972535] [acados_nmpc_node]: [attach-window] t=68.05s pos_err=0.034m T=20.01N z=6.096 m_est=2.064
[INFO] [1789415092.309838520] [acados_nmpc_node]: [attach-window] t=68.10s pos_err=0.080m T=20.08N z=6.100 m_est=2.064
[INFO] [1789415092.354002974] [acados_nmpc_node]: [attach-window] t=68.15s pos_err=0.044m T=20.02N z=6.108 m_est=2.064
[INFO] [1789415092.361967492] [acados_nmpc_node]: [wcmd] raw=[+0.008,-0.051,-0.033] w=[+0.009,-0.047,-0.028] err=[-0.001,-0.004] scaled=[+0.008,-0.051] s=1.00
[INFO] [1789415092.409716575] [acados_nmpc_node]: [attach-window] t=68.20s pos_err=0.090m T=20.08N z=6.112 m_est=2.064
[INFO] [1789415092.454161988] [acados_nmpc_node]: [attach-window] t=68.25s pos_err=0.040m T=20.00N z=6.122 m_est=2.064
[INFO] [1789415092.509871666] [acados_nmpc_node]: [attach-window] t=68.30s pos_err=0.086m T=20.06N z=6.126 m_est=2.064
[INFO] [1789415092.554204594] [acados_nmpc_node]: [attach-window] t=68.35s pos_err=0.050m T=20.01N z=6.134 m_est=2.064
[INFO] [1789415092.561974213] [acados_nmpc_node]: [wcmd] raw=[+0.007,-0.051,-0.039] w=[+0.010,-0.044,-0.034] err=[-0.003,-0.006] scaled=[+0.007,-0.051] s=1.00
[INFO] [1789415092.609995688] [acados_nmpc_node]: [attach-window] t=68.40s pos_err=0.096m T=20.07N z=6.138 m_est=2.064
[INFO] [1789415092.654048564] [acados_nmpc_node]: [attach-window] t=68.45s pos_err=0.045m T=20.01N z=6.147 m_est=2.064
[INFO] [1789415092.709703746] [acados_nmpc_node]: [attach-window] t=68.50s pos_err=0.090m T=20.07N z=6.151 m_est=2.064
[INFO] [1789415092.754013670] [acados_nmpc_node]: [attach-window] t=68.55s pos_err=0.054m T=20.02N z=6.159 m_est=2.064
[INFO] [1789415092.761966193] [acados_nmpc_node]: [wcmd] raw=[-0.004,-0.066,-0.046] w=[+0.003,-0.054,-0.040] err=[-0.007,-0.012] scaled=[-0.004,-0.066] s=1.00
[INFO] [1789415092.810018559] [acados_nmpc_node]: [attach-window] t=68.60s pos_err=0.099m T=20.09N z=6.162 m_est=2.064
[INFO] [1789415092.853324680] [acados_nmpc_node]: [attach-window] t=68.65s pos_err=0.048m T=20.03N z=6.171 m_est=2.064
[INFO] [1789415092.909604528] [acados_nmpc_node]: [attach-window] t=68.70s pos_err=0.091m T=20.10N z=6.175 m_est=2.064
[INFO] [1789415092.954036944] [acados_nmpc_node]: [attach-window] t=68.75s pos_err=0.056m T=20.05N z=6.182 m_est=2.064
[INFO] [1789415092.961955506] [acados_nmpc_node]: [wcmd] raw=[+0.005,-0.070,-0.053] w=[-0.000,-0.057,-0.047] err=[+0.006,-0.013] scaled=[+0.005,-0.070] s=1.00
[INFO] [1789415093.009496482] [acados_nmpc_node]: [attach-window] t=68.80s pos_err=0.098m T=20.11N z=6.186 m_est=2.064
[INFO] [1789415093.053958689] [acados_nmpc_node]: [attach-window] t=68.85s pos_err=0.049m T=20.05N z=6.194 m_est=2.064
[INFO] [1789415093.109579116] [acados_nmpc_node]: [attach-window] t=68.90s pos_err=0.091m T=20.12N z=6.197 m_est=2.064
[INFO] [1789415093.153950949] [acados_nmpc_node]: [attach-window] t=68.95s pos_err=0.056m T=20.07N z=6.204 m_est=2.064
[INFO] [1789415093.161931892] [acados_nmpc_node]: [wcmd] raw=[+0.021,-0.060,-0.060] w=[+0.016,-0.061,-0.052] err=[+0.005,+0.001] scaled=[+0.021,-0.060] s=1.00
[INFO] [1789415093.209909020] [acados_nmpc_node]: [attach-window] t=69.00s pos_err=0.083m T=20.12N z=6.208 m_est=2.064
[INFO] [1789415093.254119364] [acados_nmpc_node]: [attach-window] t=69.05s pos_err=0.049m T=20.08N z=6.216 m_est=2.064
[INFO] [1789415093.310090588] [acados_nmpc_node]: [attach-window] t=69.10s pos_err=0.090m T=20.14N z=6.219 m_est=2.064
[INFO] [1789415093.354366493] [acados_nmpc_node]: [attach-window] t=69.15s pos_err=0.056m T=20.10N z=6.226 m_est=2.064
[INFO] [1789415093.361908158] [acados_nmpc_node]: [wcmd] raw=[+0.003,-0.039,-0.069] w=[+0.020,-0.055,-0.060] err=[-0.017,+0.016] scaled=[+0.003,-0.039] s=1.00
[INFO] [1789415093.410382411] [acados_nmpc_node]: [attach-window] t=69.20s pos_err=0.083m T=20.14N z=6.231 m_est=2.064
[INFO] [1789415093.454152864] [acados_nmpc_node]: [attach-window] t=69.25s pos_err=0.049m T=20.10N z=6.238 m_est=2.064
[INFO] [1789415093.510173644] [acados_nmpc_node]: [attach-window] t=69.30s pos_err=0.089m T=20.15N z=6.241 m_est=2.064
[INFO] [1789415093.554322861] [acados_nmpc_node]: [attach-window] t=69.35s pos_err=0.054m T=20.11N z=6.248 m_est=2.064
[INFO] [1789415093.562021913] [acados_nmpc_node]: [wcmd] raw=[-0.019,-0.043,-0.078] w=[-0.007,-0.044,-0.068] err=[-0.012,+0.000] scaled=[-0.019,-0.043] s=1.00
[INFO] [1789415093.610015946] [acados_nmpc_node]: [attach-window] t=69.40s pos_err=0.079m T=20.14N z=6.253 m_est=2.064
[INFO] [1789415093.654090808] [acados_nmpc_node]: [attach-window] t=69.45s pos_err=0.045m T=20.09N z=6.259 m_est=2.064
[INFO] [1789415093.709697701] [acados_nmpc_node]: [attach-window] t=69.50s pos_err=0.083m T=20.16N z=6.262 m_est=2.064
[INFO] [1789415093.754166438] [acados_nmpc_node]: [attach-window] t=69.55s pos_err=0.035m T=20.11N z=6.269 m_est=2.064
[INFO] [1789415093.761872972] [acados_nmpc_node]: [wcmd] raw=[-0.007,-0.101,-0.089] w=[-0.017,-0.050,-0.078] err=[+0.010,-0.051] scaled=[-0.007,-0.101] s=1.00
[INFO] [1789415093.809600070] [acados_nmpc_node]: [attach-window] t=69.60s pos_err=0.072m T=20.17N z=6.272 m_est=2.064
[INFO] [1789415093.853989326] [acados_nmpc_node]: [attach-window] t=69.65s pos_err=0.038m T=20.14N z=6.278 m_est=2.064
[INFO] [1789415093.909747160] [acados_nmpc_node]: [attach-window] t=69.70s pos_err=0.075m T=20.19N z=6.281 m_est=2.064
[INFO] [1789415093.954327610] [acados_nmpc_node]: [attach-window] t=69.75s pos_err=0.040m T=20.16N z=6.287 m_est=2.064
[INFO] [1789415093.962036846] [acados_nmpc_node]: [wcmd] raw=[+0.015,-0.040,-0.102] w=[+0.006,-0.050,-0.089] err=[+0.009,+0.010] scaled=[+0.015,-0.040] s=1.00
[INFO] [1789415094.009602823] [acados_nmpc_node]: [attach-window] t=69.80s pos_err=0.077m T=20.21N z=6.290 m_est=2.064
[INFO] [1789415094.054140513] [acados_nmpc_node]: [attach-window] t=69.85s pos_err=0.030m T=20.16N z=6.297 m_est=2.064
[INFO] [1789415094.109574786] [acados_nmpc_node]: [attach-window] t=69.90s pos_err=0.066m T=20.21N z=6.300 m_est=2.064
[INFO] [1789415094.154131380] [acados_nmpc_node]: [attach-window] t=69.95s pos_err=0.033m T=20.16N z=6.306 m_est=2.064
[INFO] [1789415094.162051961] [acados_nmpc_node]: [wcmd] raw=[+0.008,-0.065,-0.114] w=[+0.019,-0.039,-0.100] err=[-0.011,-0.027] scaled=[+0.008,-0.065] s=1.00
[INFO] [1789415094.209469897] [acados_nmpc_node]: [attach-window] t=70.00s pos_err=0.068m T=20.20N z=6.310 m_est=2.064
[INFO] [1789415094.253938066] [acados_nmpc_node]: [attach-window] t=70.05s pos_err=0.023m T=20.14N z=6.317 m_est=2.064
[INFO] [1789415094.309732516] [acados_nmpc_node]: [attach-window] t=70.10s pos_err=0.058m T=20.19N z=6.320 m_est=2.064
[INFO] [1789415094.353995521] [acados_nmpc_node]: [attach-window] t=70.15s pos_err=0.026m T=20.15N z=6.326 m_est=2.064
[INFO] [1789415094.362010104] [acados_nmpc_node]: [wcmd] raw=[-0.009,-0.056,-0.128] w=[+0.007,-0.059,-0.112] err=[-0.016,+0.003] scaled=[-0.009,-0.056] s=1.00
[INFO] [1789415094.409630569] [acados_nmpc_node]: [attach-window] t=70.20s pos_err=0.049m T=20.18N z=6.330 m_est=2.064
[INFO] [1789415094.454049890] [acados_nmpc_node]: [attach-window] t=70.25s pos_err=0.019m T=20.15N z=6.336 m_est=2.064
[INFO] [1789415094.509562838] [acados_nmpc_node]: [attach-window] t=70.30s pos_err=0.053m T=20.19N z=6.339 m_est=2.064
[INFO] [1789415094.554130290] [acados_nmpc_node]: [attach-window] t=70.35s pos_err=0.022m T=20.17N z=6.345 m_est=2.064
[INFO] [1789415094.561925866] [acados_nmpc_node]: [wcmd] raw=[-0.007,-0.026,-0.142] w=[-0.009,-0.031,-0.127] err=[+0.001,+0.006] scaled=[-0.007,-0.026] s=1.00
[INFO] [1789415094.610048617] [acados_nmpc_node]: [attach-window] t=70.40s pos_err=0.058m T=20.21N z=6.348 m_est=2.064
[INFO] [1789415094.654000279] [acados_nmpc_node]: [attach-window] t=70.45s pos_err=0.016m T=20.17N z=6.355 m_est=2.064
[INFO] [1789415094.709649677] [acados_nmpc_node]: [attach-window] t=70.50s pos_err=0.050m T=20.20N z=6.358 m_est=2.064
[INFO] [1789415094.754000838] [acados_nmpc_node]: [attach-window] t=70.55s pos_err=0.022m T=20.16N z=6.364 m_est=2.064
[INFO] [1789415094.762079070] [acados_nmpc_node]: [wcmd] raw=[+0.008,-0.035,-0.157] w=[+0.004,-0.012,-0.141] err=[+0.004,-0.023] scaled=[+0.008,-0.035] s=1.00
[INFO] [1789415094.809548844] [acados_nmpc_node]: [attach-window] t=70.60s pos_err=0.056m T=20.19N z=6.367 m_est=2.064
[INFO] [1789415094.854045787] [acados_nmpc_node]: [attach-window] t=70.65s pos_err=0.017m T=20.13N z=6.375 m_est=2.064
[INFO] [1789415094.909625625] [acados_nmpc_node]: [attach-window] t=70.70s pos_err=0.050m T=20.17N z=6.378 m_est=2.064
[INFO] [1789415094.910107577] [acados_nmpc_node]: t=70.7s | pos_err=0.050m | T=20.17N | tau=[r0.000 p0.004 y-0.013]Nm | res_stat=4.447e-07(peak 9.991e-07) sqp_iter=4 | solve=1.7ms
[INFO] [1789415094.910317519] [acados_nmpc_node]: [flight-diag] t=70.7s | om_scale=1.000(lo 1.000 hi 1.000) | tilt_max=2.24deg | w_max=[r0.025 p0.076 y0.149]rad/s | u_frac=[T0.646 r0.013 p0.063 y0.066] | u_sat=[T0.0 r0.0 p0.0 y0.0]% | mot_peak=0.789 mot_sat=0.0% | health=1 age=0.000s conf=1.000 | n=100
[INFO] [1789415094.954146651] [acados_nmpc_node]: [attach-window] t=70.75s pos_err=0.023m T=20.13N z=6.384 m_est=2.064
[INFO] [1789415094.962009226] [acados_nmpc_node]: [wcmd] raw=[+0.003,-0.041,-0.174] w=[+0.012,-0.034,-0.156] err=[-0.009,-0.007] scaled=[+0.003,-0.041] s=1.00
[INFO] [1789415095.009456665] [acados_nmpc_node]: [attach-window] t=70.80s pos_err=0.057m T=20.17N z=6.387 m_est=2.064
[INFO] [1789415095.053938715] [acados_nmpc_node]: [attach-window] t=70.85s pos_err=0.020m T=20.13N z=6.394 m_est=2.064
[INFO] [1789415095.109645681] [acados_nmpc_node]: [attach-window] t=70.90s pos_err=0.053m T=20.17N z=6.397 m_est=2.064
[INFO] [1789415095.153962367] [acados_nmpc_node]: [attach-window] t=70.95s pos_err=0.028m T=20.14N z=6.403 m_est=2.064
[INFO] [1789415095.161930240] [acados_nmpc_node]: [wcmd] raw=[-0.006,-0.031,-0.193] w=[+0.005,-0.030,-0.174] err=[-0.010,-0.001] scaled=[-0.006,-0.031] s=1.00
[INFO] [1789415095.210086619] [acados_nmpc_node]: [attach-window] t=71.00s pos_err=0.062m T=20.18N z=6.406 m_est=2.064
[INFO] [1789415095.254157527] [acados_nmpc_node]: [attach-window] t=71.05s pos_err=0.026m T=20.14N z=6.413 m_est=2.064
[INFO] [1789415095.309820486] [acados_nmpc_node]: [attach-window] t=71.10s pos_err=0.059m T=20.19N z=6.415 m_est=2.064
[INFO] [1789415095.354201316] [acados_nmpc_node]: [attach-window] t=71.15s pos_err=0.034m T=20.16N z=6.421 m_est=2.064
[INFO] [1789415095.361973127] [acados_nmpc_node]: [wcmd] raw=[-0.018,-0.029,-0.212] w=[-0.005,-0.020,-0.192] err=[-0.013,-0.010] scaled=[-0.018,-0.029] s=1.00
[INFO] [1789415095.410029141] [acados_nmpc_node]: [attach-window] t=71.20s pos_err=0.067m T=20.20N z=6.424 m_est=2.064
[INFO] [1789415095.454167025] [acados_nmpc_node]: [attach-window] t=71.25s pos_err=0.032m T=20.16N z=6.430 m_est=2.064
[INFO] [1789415095.509744577] [acados_nmpc_node]: [attach-window] t=71.30s pos_err=0.064m T=20.20N z=6.433 m_est=2.064
[INFO] [1789415095.554371637] [acados_nmpc_node]: [attach-window] t=71.35s pos_err=0.040m T=20.16N z=6.439 m_est=2.064
[INFO] [1789415095.562096493] [acados_nmpc_node]: [wcmd] raw=[-0.021,-0.042,-0.235] w=[-0.014,-0.031,-0.211] err=[-0.007,-0.011] scaled=[-0.021,-0.042] s=1.00
[INFO] [1789415095.609850653] [acados_nmpc_node]: [attach-window] t=71.40s pos_err=0.061m T=20.18N z=6.443 m_est=2.064
[INFO] [1789415095.654182994] [acados_nmpc_node]: [attach-window] t=71.45s pos_err=0.037m T=20.14N z=6.449 m_est=2.064
[INFO] [1789415095.709582007] [acados_nmpc_node]: [attach-window] t=71.50s pos_err=0.067m T=20.17N z=6.452 m_est=2.064
[INFO] [1789415095.754120605] [acados_nmpc_node]: [attach-window] t=71.55s pos_err=0.034m T=20.11N z=6.460 m_est=2.064
[INFO] [1789415095.761924824] [acados_nmpc_node]: [wcmd] raw=[-0.014,-0.069,-0.259] w=[-0.012,-0.045,-0.233] err=[-0.002,-0.024] scaled=[-0.014,-0.069] s=1.00
[INFO] [1789415095.809754286] [acados_nmpc_node]: [attach-window] t=71.60s pos_err=0.062m T=20.15N z=6.463 m_est=2.064
[INFO] [1789415095.854215424] [acados_nmpc_node]: [attach-window] t=71.65s pos_err=0.039m T=20.10N z=6.470 m_est=2.064
[INFO] [1789415095.909463712] [acados_nmpc_node]: [attach-window] t=71.70s pos_err=0.065m T=20.12N z=6.473 m_est=2.064
[INFO] [1789415095.953976673] [acados_nmpc_node]: [attach-window] t=71.75s pos_err=0.034m T=20.07N z=6.481 m_est=2.064
[INFO] [1789415095.961931488] [acados_nmpc_node]: [wcmd] raw=[+0.013,-0.058,-0.284] w=[+0.010,-0.028,-0.256] err=[+0.002,-0.030] scaled=[+0.013,-0.058] s=1.00
[INFO] [1789415096.009385637] [acados_nmpc_node]: [attach-window] t=71.80s pos_err=0.067m T=20.11N z=6.484 m_est=2.064
[INFO] [1789415096.053951448] [acados_nmpc_node]: [attach-window] t=71.85s pos_err=0.036m T=20.06N z=6.492 m_est=2.064
[INFO] [1789415096.109325132] [acados_nmpc_node]: [attach-window] t=71.90s pos_err=0.059m T=20.09N z=6.496 m_est=2.064
[INFO] [1789415096.154138555] [acados_nmpc_node]: [attach-window] t=71.95s pos_err=0.037m T=20.05N z=6.503 m_est=2.064
[INFO] [1789415096.161924433] [acados_nmpc_node]: [wcmd] raw=[+0.022,-0.044,-0.315] w=[+0.036,-0.017,-0.280] err=[-0.014,-0.027] scaled=[+0.022,-0.044] s=1.00
[INFO] [1789415096.209642894] [acados_nmpc_node]: [attach-window] t=72.00s pos_err=0.060m T=20.08N z=6.506 m_est=2.064
[INFO] [1789415096.254025072] [acados_nmpc_node]: [attach-window] t=72.05s pos_err=0.030m T=20.05N z=6.514 m_est=2.064
[INFO] [1789415096.309508112] [acados_nmpc_node]: [attach-window] t=72.10s pos_err=0.051m T=20.10N z=6.517 m_est=2.064
[INFO] [1789415096.354006555] [acados_nmpc_node]: [attach-window] t=72.15s pos_err=0.030m T=20.08N z=6.523 m_est=2.064
[INFO] [1789415096.361958828] [acados_nmpc_node]: [wcmd] raw=[-0.003,-0.050,-0.345] w=[+0.023,-0.043,-0.311] err=[-0.027,-0.007] scaled=[-0.003,-0.050] s=1.00
[INFO] [1789415096.409757075] [acados_nmpc_node]: [attach-window] t=72.20s pos_err=0.043m T=20.12N z=6.526 m_est=2.064
[INFO] [1789415096.454068237] [acados_nmpc_node]: [attach-window] t=72.25s pos_err=0.024m T=20.11N z=6.532 m_est=2.064
[INFO] [1789415096.509736400] [acados_nmpc_node]: [attach-window] t=72.30s pos_err=0.045m T=20.16N z=6.535 m_est=2.064
[INFO] [1789415096.554286487] [acados_nmpc_node]: [attach-window] t=72.35s pos_err=0.026m T=20.14N z=6.540 m_est=2.064
[INFO] [1789415096.562007429] [acados_nmpc_node]: [wcmd] raw=[-0.016,-0.016,-0.373] w=[-0.003,-0.032,-0.340] err=[-0.014,+0.016] scaled=[-0.016,-0.016] s=1.00
[INFO] [1789415096.609738776] [acados_nmpc_node]: [attach-window] t=72.40s pos_err=0.046m T=20.18N z=6.543 m_est=2.064
[INFO] [1789415096.654038668] [acados_nmpc_node]: [attach-window] t=72.45s pos_err=0.022m T=20.13N z=6.549 m_est=2.064
[INFO] [1789415096.709610445] [acados_nmpc_node]: [attach-window] t=72.50s pos_err=0.042m T=20.16N z=6.552 m_est=2.064
[INFO] [1789415096.753976048] [acados_nmpc_node]: [attach-window] t=72.55s pos_err=0.026m T=20.12N z=6.558 m_est=2.064
[INFO] [1789415096.762028291] [acados_nmpc_node]: [wcmd] raw=[-0.023,-0.016,-0.399] w=[-0.011,-0.005,-0.372] err=[-0.012,-0.010] scaled=[-0.023,-0.016] s=1.00
[INFO] [1789415096.809603607] [acados_nmpc_node]: [attach-window] t=72.60s pos_err=0.046m T=20.15N z=6.561 m_est=2.064
[INFO] [1789415096.854019792] [acados_nmpc_node]: [attach-window] t=72.65s pos_err=0.025m T=20.10N z=6.567 m_est=2.064
[INFO] [1789415096.909746376] [acados_nmpc_node]: [attach-window] t=72.70s pos_err=0.043m T=20.14N z=6.570 m_est=2.064
[INFO] [1789415096.954046729] [acados_nmpc_node]: [attach-window] t=72.75s pos_err=0.028m T=20.11N z=6.575 m_est=2.064
[INFO] [1789415096.961936526] [acados_nmpc_node]: [wcmd] raw=[-0.017,-0.029,-0.417] w=[-0.015,-0.012,-0.401] err=[-0.002,-0.017] scaled=[-0.017,-0.029] s=1.00
[INFO] [1789415097.009929198] [acados_nmpc_node]: [attach-window] t=72.80s pos_err=0.040m T=20.15N z=6.578 m_est=2.064
[INFO] [1789415097.053373197] [acados_nmpc_node]: [attach-window] t=72.85s pos_err=0.026m T=20.14N z=6.582 m_est=2.064
[INFO] [1789415097.109327887] [acados_nmpc_node]: [attach-window] t=72.90s pos_err=0.043m T=20.19N z=6.584 m_est=2.064
[INFO] [1789415097.154107463] [acados_nmpc_node]: [attach-window] t=72.95s pos_err=0.028m T=20.19N z=6.587 m_est=2.064
[INFO] [1789415097.162051757] [acados_nmpc_node]: [wcmd] raw=[-0.005,-0.028,-0.437] w=[-0.008,-0.029,-0.427] err=[+0.003,+0.001] scaled=[-0.005,-0.028] s=1.00
[INFO] [1789415097.209505463] [acados_nmpc_node]: [attach-window] t=73.00s pos_err=0.046m T=20.24N z=6.589 m_est=2.064
[INFO] [1789415097.254165757] [acados_nmpc_node]: [attach-window] t=73.05s pos_err=0.026m T=20.21N z=6.593 m_est=2.064
[INFO] [1789415097.309383242] [acados_nmpc_node]: [attach-window] t=73.10s pos_err=0.042m T=20.25N z=6.595 m_est=2.064
[INFO] [1789415097.354304753] [acados_nmpc_node]: [attach-window] t=73.15s pos_err=0.029m T=20.22N z=6.599 m_est=2.064
[INFO] [1789415097.361973918] [acados_nmpc_node]: [wcmd] raw=[-0.014,-0.033,-0.447] w=[-0.001,-0.025,-0.448] err=[-0.013,-0.008] scaled=[-0.014,-0.033] s=1.00
[INFO] [1789415097.409589415] [acados_nmpc_node]: [attach-window] t=73.20s pos_err=0.045m T=20.25N z=6.601 m_est=2.064
[INFO] [1789415097.454239216] [acados_nmpc_node]: [attach-window] t=73.25s pos_err=0.028m T=20.19N z=6.606 m_est=2.064
[INFO] [1789415097.509415297] [acados_nmpc_node]: [attach-window] t=73.30s pos_err=0.041m T=20.22N z=6.608 m_est=2.064
[INFO] [1789415097.554241090] [acados_nmpc_node]: [attach-window] t=73.35s pos_err=0.029m T=20.17N z=6.612 m_est=2.064
[INFO] [1789415097.562031481] [acados_nmpc_node]: [wcmd] raw=[-0.006,-0.033,-0.444] w=[-0.008,-0.030,-0.464] err=[+0.002,-0.003] scaled=[-0.006,-0.033] s=1.00
[INFO] [1789415097.609806038] [acados_nmpc_node]: [attach-window] t=73.40s pos_err=0.043m T=20.20N z=6.615 m_est=2.064
[INFO] [1789415097.654106481] [acados_nmpc_node]: [attach-window] t=73.45s pos_err=0.028m T=20.14N z=6.620 m_est=2.064
[INFO] [1789415097.709628474] [acados_nmpc_node]: [attach-window] t=73.50s pos_err=0.038m T=20.17N z=6.623 m_est=2.064
[INFO] [1789415097.754262129] [acados_nmpc_node]: [attach-window] t=73.55s pos_err=0.028m T=20.13N z=6.628 m_est=2.064
[INFO] [1789415097.761928131] [acados_nmpc_node]: [wcmd] raw=[+0.001,-0.061,-0.442] w=[+0.007,-0.030,-0.469] err=[-0.006,-0.031] scaled=[+0.001,-0.061] s=1.00
[INFO] [1789415097.809661354] [acados_nmpc_node]: [attach-window] t=73.60s pos_err=0.038m T=20.17N z=6.630 m_est=2.064
[INFO] [1789415097.854288461] [acados_nmpc_node]: [attach-window] t=73.65s pos_err=0.028m T=20.14N z=6.634 m_est=2.064
[INFO] [1789415097.909288669] [acados_nmpc_node]: [attach-window] t=73.70s pos_err=0.034m T=20.17N z=6.637 m_est=2.064
[INFO] [1789415097.954223249] [acados_nmpc_node]: [attach-window] t=73.75s pos_err=0.028m T=20.15N z=6.641 m_est=2.064
[INFO] [1789415097.961931143] [acados_nmpc_node]: [wcmd] raw=[-0.012,-0.034,-0.423] w=[+0.006,-0.022,-0.470] err=[-0.018,-0.012] scaled=[-0.012,-0.034] s=1.00
[INFO] [1789415098.009485810] [acados_nmpc_node]: [attach-window] t=73.80s pos_err=0.031m T=20.17N z=6.644 m_est=2.064
[INFO] [1789415098.054209989] [acados_nmpc_node]: [attach-window] t=73.85s pos_err=0.030m T=20.14N z=6.648 m_est=2.064
[INFO] [1789415098.109737388] [acados_nmpc_node]: [attach-window] t=73.90s pos_err=0.031m T=20.17N z=6.651 m_est=2.064
[INFO] [1789415098.154334463] [acados_nmpc_node]: [attach-window] t=73.95s pos_err=0.033m T=20.13N z=6.656 m_est=2.064
[INFO] [1789415098.162064909] [acados_nmpc_node]: [wcmd] raw=[-0.014,-0.055,-0.401] w=[-0.014,-0.030,-0.462] err=[-0.000,-0.025] scaled=[-0.014,-0.055] s=1.00
[INFO] [1789415098.209573535] [acados_nmpc_node]: [attach-window] t=74.00s pos_err=0.028m T=20.16N z=6.658 m_est=2.064
[INFO] [1789415098.254080822] [acados_nmpc_node]: [attach-window] t=74.05s pos_err=0.032m T=20.12N z=6.663 m_est=2.064
[INFO] [1789415098.309327829] [acados_nmpc_node]: [attach-window] t=74.10s pos_err=0.027m T=20.15N z=6.665 m_est=2.064
[INFO] [1789415098.353980252] [acados_nmpc_node]: [attach-window] t=74.15s pos_err=0.030m T=20.12N z=6.670 m_est=2.064
[INFO] [1789415098.361932197] [acados_nmpc_node]: [wcmd] raw=[+0.015,-0.011,-0.375] w=[+0.002,-0.011,-0.445] err=[+0.013,+0.000] scaled=[+0.015,-0.011] s=1.00
[INFO] [1789415098.409390030] [acados_nmpc_node]: [attach-window] t=74.20s pos_err=0.025m T=20.13N z=6.673 m_est=2.064
[INFO] [1789415098.454045712] [acados_nmpc_node]: [attach-window] t=74.25s pos_err=0.031m T=20.10N z=6.678 m_est=2.064
[INFO] [1789415098.509613002] [acados_nmpc_node]: [attach-window] t=74.30s pos_err=0.022m T=20.13N z=6.680 m_est=2.064
[INFO] [1789415098.554187470] [acados_nmpc_node]: [attach-window] t=74.35s pos_err=0.033m T=20.09N z=6.686 m_est=2.064
[INFO] [1789415098.561908717] [acados_nmpc_node]: [wcmd] raw=[+0.005,-0.043,-0.346] w=[+0.015,-0.005,-0.419] err=[-0.010,-0.037] scaled=[+0.005,-0.043] s=1.00
[INFO] [1789415098.609530853] [acados_nmpc_node]: [attach-window] t=74.40s pos_err=0.020m T=20.12N z=6.688 m_est=2.064
[INFO] [1789415098.654149980] [acados_nmpc_node]: [attach-window] t=74.45s pos_err=0.029m T=20.09N z=6.693 m_est=2.064
[INFO] [1789415098.709411654] [acados_nmpc_node]: [attach-window] t=74.50s pos_err=0.019m T=20.11N z=6.695 m_est=2.064
[INFO] [1789415098.754011445] [acados_nmpc_node]: [attach-window] t=74.55s pos_err=0.032m T=20.07N z=6.701 m_est=2.064
[INFO] [1789415098.762027487] [acados_nmpc_node]: [wcmd] raw=[-0.010,-0.046,-0.317] w=[+0.003,-0.008,-0.389] err=[-0.012,-0.038] scaled=[-0.010,-0.046] s=1.00
[INFO] [1789415098.809587710] [acados_nmpc_node]: [attach-window] t=74.60s pos_err=0.018m T=20.10N z=6.703 m_est=2.064
[INFO] [1789415098.854052143] [acados_nmpc_node]: [attach-window] t=74.65s pos_err=0.029m T=20.07N z=6.707 m_est=2.064
[INFO] [1789415098.909594510] [acados_nmpc_node]: [attach-window] t=74.70s pos_err=0.018m T=20.10N z=6.710 m_est=2.064
[INFO] [1789415098.954126450] [acados_nmpc_node]: [attach-window] t=74.75s pos_err=0.032m T=20.08N z=6.714 m_est=2.064
[INFO] [1789415098.962029637] [acados_nmpc_node]: [wcmd] raw=[-0.016,-0.053,-0.290] w=[-0.009,-0.015,-0.358] err=[-0.006,-0.038] scaled=[-0.016,-0.053] s=1.00
[INFO] [1789415099.009441784] [acados_nmpc_node]: [attach-window] t=74.80s pos_err=0.018m T=20.11N z=6.716 m_est=2.064
[INFO] [1789415099.053982788] [acados_nmpc_node]: [attach-window] t=74.85s pos_err=0.029m T=20.09N z=6.720 m_est=2.064
[INFO] [1789415099.109767336] [acados_nmpc_node]: [attach-window] t=74.90s pos_err=0.018m T=20.13N z=6.721 m_est=2.064
[INFO] [1789415099.154109572] [acados_nmpc_node]: [attach-window] t=74.95s pos_err=0.031m T=20.10N z=6.725 m_est=2.064
[INFO] [1789415099.161967393] [acados_nmpc_node]: [wcmd] raw=[-0.001,-0.051,-0.269] w=[-0.009,-0.018,-0.329] err=[+0.008,-0.033] scaled=[-0.001,-0.051] s=1.00
[INFO] [1789415099.209545826] [acados_nmpc_node]: [attach-window] t=75.00s pos_err=0.016m T=20.14N z=6.726 m_est=2.064
[INFO] [1789415099.254033211] [acados_nmpc_node]: [attach-window] t=75.05s pos_err=0.026m T=20.13N z=6.729 m_est=2.064
[INFO] [1789415099.310278915] [acados_nmpc_node]: [attach-window] t=75.10s pos_err=0.015m T=20.17N z=6.731 m_est=2.064
[INFO] [1789415099.354255007] [acados_nmpc_node]: [attach-window] t=75.15s pos_err=0.028m T=20.14N z=6.734 m_est=2.064
[INFO] [1789415099.361954193] [acados_nmpc_node]: [wcmd] raw=[+0.011,-0.045,-0.245] w=[+0.012,-0.011,-0.299] err=[-0.001,-0.034] scaled=[+0.011,-0.045] s=1.00
[INFO] [1789415099.409702418] [acados_nmpc_node]: [attach-window] t=75.20s pos_err=0.013m T=20.17N z=6.735 m_est=2.064
[INFO] [1789415099.454054342] [acados_nmpc_node]: [attach-window] t=75.25s pos_err=0.022m T=20.15N z=6.738 m_est=2.064
[INFO] [1789415099.509626297] [acados_nmpc_node]: [attach-window] t=75.30s pos_err=0.015m T=20.18N z=6.739 m_est=2.064
[INFO] [1789415099.554069209] [acados_nmpc_node]: [attach-window] t=75.35s pos_err=0.024m T=20.15N z=6.741 m_est=2.064
[INFO] [1789415099.561987657] [acados_nmpc_node]: [wcmd] raw=[-0.005,-0.054,-0.227] w=[+0.010,-0.010,-0.274] err=[-0.014,-0.045] scaled=[-0.005,-0.054] s=1.00
[INFO] [1789415099.609473241] [acados_nmpc_node]: [attach-window] t=75.40s pos_err=0.018m T=20.20N z=6.742 m_est=2.064
[INFO] [1789415099.654037899] [acados_nmpc_node]: [attach-window] t=75.45s pos_err=0.020m T=20.16N z=6.745 m_est=2.064
[INFO] [1789415099.709313568] [acados_nmpc_node]: [attach-window] t=75.50s pos_err=0.015m T=20.18N z=6.746 m_est=2.064
[INFO] [1789415099.753525008] [acados_nmpc_node]: [attach-window] t=75.55s pos_err=0.015m T=20.14N z=6.749 m_est=2.064
[INFO] [1789415099.761866136] [acados_nmpc_node]: [wcmd] raw=[-0.016,-0.048,-0.214] w=[-0.007,-0.031,-0.253] err=[-0.009,-0.017] scaled=[-0.016,-0.048] s=1.00
[INFO] [1789415099.807272606] [acados_nmpc_node]: [attach-window] t=75.60s pos_err=0.018m T=20.17N z=6.750 m_est=2.064
[INFO] [1789415099.854160037] [acados_nmpc_node]: [attach-window] t=75.65s pos_err=0.018m T=20.12N z=6.753 m_est=2.064
[INFO] [1789415099.909857358] [acados_nmpc_node]: [attach-window] t=75.70s pos_err=0.016m T=20.15N z=6.754 m_est=2.064
[INFO] [1789415099.910364536] [acados_nmpc_node]: t=75.7s | pos_err=0.016m | T=20.15N | tau=[r0.001 p0.003 y0.007]Nm | res_stat=9.839e-07(peak 9.991e-07) sqp_iter=3 | solve=1.6ms
[INFO] [1789415099.910574232] [acados_nmpc_node]: [flight-diag] t=75.7s | om_scale=1.000(lo 1.000 hi 1.000) | tilt_max=2.70deg | w_max=[r0.041 p0.046 y0.472]rad/s | u_frac=[T0.646 r0.018 p0.035 y0.150] | u_sat=[T0.0 r0.0 p0.0 y0.0]% | mot_peak=0.793 mot_sat=0.0% | health=1 age=0.000s conf=1.000 | n=100
[INFO] [1789415099.954125130] [acados_nmpc_node]: [attach-window] t=75.75s pos_err=0.014m T=20.12N z=6.757 m_est=2.064
[INFO] [1789415099.961938116] [acados_nmpc_node]: [wcmd] raw=[-0.014,-0.056,-0.199] w=[-0.017,-0.048,-0.233] err=[+0.003,-0.008] scaled=[-0.014,-0.056] s=1.00
[INFO] [1789415100.009778033] [acados_nmpc_node]: [attach-window] t=75.80s pos_err=0.013m T=20.15N z=6.758 m_est=2.064
[INFO] [1789415100.054250441] [acados_nmpc_node]: [attach-window] t=75.85s pos_err=0.017m T=20.14N z=6.760 m_est=2.064
[INFO] [1789415100.109930619] [acados_nmpc_node]: [attach-window] t=75.90s pos_err=0.017m T=20.19N z=6.760 m_est=2.064
[INFO] [1789415100.154468958] [acados_nmpc_node]: [attach-window] t=75.95s pos_err=0.012m T=20.19N z=6.761 m_est=2.064
[INFO] [1789415100.162023668] [acados_nmpc_node]: [wcmd] raw=[-0.019,-0.026,-0.189] w=[-0.015,-0.038,-0.216] err=[-0.004,+0.012] scaled=[-0.019,-0.026] s=1.00
[INFO] [1789415100.210265791] [acados_nmpc_node]: [attach-window] t=76.00s pos_err=0.015m T=20.22N z=6.762 m_est=2.064
[INFO] [1789415100.254159736] [acados_nmpc_node]: [attach-window] t=76.05s pos_err=0.015m T=20.21N z=6.763 m_est=2.064
[INFO] [1789415100.310055462] [acados_nmpc_node]: [attach-window] t=76.10s pos_err=0.023m T=20.25N z=6.763 m_est=2.064
[INFO] [1789415100.354068415] [acados_nmpc_node]: [attach-window] t=76.15s pos_err=0.020m T=20.23N z=6.763 m_est=2.064
[INFO] [1789415100.361983703] [acados_nmpc_node]: [wcmd] raw=[-0.030,-0.044,-0.177] w=[-0.024,-0.010,-0.201] err=[-0.007,-0.033] scaled=[-0.030,-0.044] s=1.00
[INFO] [1789415100.409654377] [acados_nmpc_node]: [attach-window] t=76.20s pos_err=0.025m T=20.26N z=6.764 m_est=2.064
[INFO] [1789415100.454044149] [acados_nmpc_node]: [attach-window] t=76.25s pos_err=0.021m T=20.23N z=6.764 m_est=2.064
[INFO] [1789415100.509515007] [acados_nmpc_node]: [attach-window] t=76.30s pos_err=0.034m T=20.25N z=6.765 m_est=2.064
[INFO] [1789415100.554319648] [acados_nmpc_node]: [attach-window] t=76.35s pos_err=0.026m T=20.23N z=6.766 m_est=2.064
[INFO] [1789415100.561921603] [acados_nmpc_node]: [wcmd] raw=[-0.009,-0.010,-0.171] w=[-0.020,-0.009,-0.190] err=[+0.011,-0.002] scaled=[-0.009,-0.010] s=1.00
[INFO] [1789415100.609697182] [acados_nmpc_node]: [attach-window] t=76.40s pos_err=0.044m T=20.24N z=6.766 m_est=2.064
[INFO] [1789415100.654097560] [acados_nmpc_node]: [attach-window] t=76.45s pos_err=0.029m T=20.19N z=6.768 m_est=2.064
[INFO] [1789415100.707377976] [acados_nmpc_node]: [attach-window] t=76.50s pos_err=0.043m T=20.20N z=6.769 m_est=2.064
[INFO] [1789415100.753368343] [acados_nmpc_node]: [attach-window] t=76.55s pos_err=0.033m T=20.13N z=6.772 m_est=2.064
[INFO] [1789415100.761955529] [acados_nmpc_node]: [wcmd] raw=[+0.013,-0.053,-0.164] w=[+0.008,-0.024,-0.181] err=[+0.005,-0.029] scaled=[+0.013,-0.053] s=1.00
[INFO] [1789415100.809454992] [acados_nmpc_node]: [attach-window] t=76.60s pos_err=0.051m T=20.13N z=6.773 m_est=2.064
[INFO] [1789415100.853972447] [acados_nmpc_node]: [attach-window] t=76.65s pos_err=0.033m T=20.05N z=6.777 m_est=2.064
[INFO] [1789415100.909416402] [acados_nmpc_node]: [attach-window] t=76.70s pos_err=0.049m T=20.06N z=6.779 m_est=2.064
[INFO] [1789415100.954083509] [acados_nmpc_node]: [attach-window] t=76.75s pos_err=0.035m T=20.00N z=6.783 m_est=2.064
[INFO] [1789415100.961922708] [acados_nmpc_node]: [wcmd] raw=[+0.017,-0.055,-0.156] w=[+0.024,-0.051,-0.171] err=[-0.007,-0.004] scaled=[+0.017,-0.055] s=1.00
[INFO] [1789415101.009425316] [acados_nmpc_node]: [attach-window] t=76.80s pos_err=0.054m T=20.01N z=6.785 m_est=2.064
[INFO] [1789415101.053975181] [acados_nmpc_node]: [attach-window] t=76.85s pos_err=0.032m T=19.97N z=6.789 m_est=2.064
[INFO] [1789415101.109437882] [acados_nmpc_node]: [attach-window] t=76.90s pos_err=0.051m T=20.00N z=6.790 m_est=2.064
[INFO] [1789415101.154049087] [acados_nmpc_node]: [attach-window] t=76.95s pos_err=0.034m T=19.99N z=6.793 m_est=2.064
[INFO] [1789415101.161950118] [acados_nmpc_node]: [wcmd] raw=[+0.009,-0.040,-0.150] w=[+0.021,-0.047,-0.164] err=[-0.013,+0.007] scaled=[+0.009,-0.040] s=1.00
[INFO] [1789415101.209590644] [acados_nmpc_node]: [attach-window] t=77.00s pos_err=0.056m T=20.03N z=6.794 m_est=2.064
[INFO] [1789415101.254002618] [acados_nmpc_node]: [attach-window] t=77.05s pos_err=0.030m T=20.04N z=6.796 m_est=2.064
[INFO] [1789415101.309453528] [acados_nmpc_node]: [attach-window] t=77.10s pos_err=0.052m T=20.07N z=6.796 m_est=2.064
[INFO] [1789415101.354136206] [acados_nmpc_node]: [attach-window] t=77.15s pos_err=0.031m T=20.08N z=6.797 m_est=2.064
[INFO] [1789415101.361943623] [acados_nmpc_node]: [wcmd] raw=[+0.004,-0.048,-0.144] w=[+0.010,-0.039,-0.157] err=[-0.007,-0.009] scaled=[+0.004,-0.048] s=1.00
[INFO] [1789415101.409383575] [acados_nmpc_node]: [attach-window] t=77.20s pos_err=0.056m T=20.12N z=6.798 m_est=2.064
[INFO] [1789415101.453957967] [acados_nmpc_node]: [attach-window] t=77.25s pos_err=0.025m T=20.11N z=6.798 m_est=2.064
[INFO] [1789415101.509337701] [acados_nmpc_node]: [attach-window] t=77.30s pos_err=0.050m T=20.14N z=6.799 m_est=2.064
[INFO] [1789415101.554049936] [acados_nmpc_node]: [attach-window] t=77.35s pos_err=0.027m T=20.12N z=6.800 m_est=2.064
[INFO] [1789415101.561952460] [acados_nmpc_node]: [wcmd] raw=[-0.004,-0.061,-0.140] w=[+0.004,-0.054,-0.150] err=[-0.008,-0.006] scaled=[-0.004,-0.061] s=1.00
[INFO] [1789415101.609348199] [acados_nmpc_node]: [attach-window] t=77.40s pos_err=0.054m T=20.14N z=6.800 m_est=2.064
[INFO] [1789415101.653928621] [acados_nmpc_node]: [attach-window] t=77.45s pos_err=0.021m T=20.11N z=6.801 m_est=2.064
[INFO] [1789415101.709475789] [acados_nmpc_node]: [attach-window] t=77.50s pos_err=0.048m T=20.13N z=6.802 m_est=2.064
[INFO] [1789415101.754109686] [acados_nmpc_node]: [attach-window] t=77.55s pos_err=0.023m T=20.10N z=6.803 m_est=2.064
[INFO] [1789415101.761948438] [acados_nmpc_node]: [wcmd] raw=[-0.011,-0.057,-0.138] w=[-0.007,-0.059,-0.145] err=[-0.003,+0.001] scaled=[-0.011,-0.057] s=1.00
[INFO] [1789415101.809572621] [acados_nmpc_node]: [attach-window] t=77.60s pos_err=0.052m T=20.12N z=6.803 m_est=2.064
[INFO] [1789415101.853976048] [acados_nmpc_node]: [attach-window] t=77.65s pos_err=0.018m T=20.09N z=6.804 m_est=2.064
[INFO] [1789415101.909488713] [acados_nmpc_node]: [attach-window] t=77.70s pos_err=0.045m T=20.11N z=6.805 m_est=2.064
[INFO] [1789415101.953937986] [acados_nmpc_node]: [attach-window] t=77.75s pos_err=0.019m T=20.09N z=6.805 m_est=2.064
[INFO] [1789415101.961929395] [acados_nmpc_node]: [wcmd] raw=[+0.001,-0.057,-0.136] w=[-0.006,-0.051,-0.141] err=[+0.007,-0.005] scaled=[+0.001,-0.057] s=1.00
[INFO] [1789415102.009407336] [acados_nmpc_node]: [attach-window] t=77.80s pos_err=0.048m T=20.11N z=6.806 m_est=2.064
[INFO] [1789415102.053945587] [acados_nmpc_node]: [attach-window] t=77.85s pos_err=0.013m T=20.09N z=6.806 m_est=2.064
[INFO] [1789415102.109491161] [acados_nmpc_node]: [attach-window] t=77.90s pos_err=0.040m T=20.11N z=6.807 m_est=2.064
[INFO] [1789415102.154071471] [acados_nmpc_node]: [attach-window] t=77.95s pos_err=0.013m T=20.10N z=6.807 m_est=2.064
[INFO] [1789415102.161956257] [acados_nmpc_node]: [wcmd] raw=[+0.001,-0.065,-0.136] w=[+0.008,-0.058,-0.139] err=[-0.006,-0.007] scaled=[+0.001,-0.065] s=1.00
[INFO] [1789415102.210438799] [acados_nmpc_node]: [attach-window] t=78.00s pos_err=0.043m T=20.11N z=6.807 m_est=2.064
[INFO] [1789415102.254018503] [acados_nmpc_node]: [attach-window] t=78.05s pos_err=0.010m T=20.08N z=6.808 m_est=2.064
[INFO] [1789415102.309468589] [acados_nmpc_node]: [attach-window] t=78.10s pos_err=0.033m T=20.09N z=6.809 m_est=2.064
[INFO] [1789415102.353995710] [acados_nmpc_node]: [attach-window] t=78.15s pos_err=0.011m T=20.07N z=6.809 m_est=2.064
[INFO] [1789415102.361937080] [acados_nmpc_node]: [wcmd] raw=[-0.012,-0.057,-0.137] w=[-0.002,-0.060,-0.139] err=[-0.010,+0.002] scaled=[-0.012,-0.057] s=1.00
[INFO] [1789415102.409466940] [acados_nmpc_node]: [attach-window] t=78.20s pos_err=0.037m T=20.07N z=6.810 m_est=2.064
[INFO] [1789415102.454014543] [acados_nmpc_node]: [attach-window] t=78.25s pos_err=0.013m T=20.06N z=6.811 m_est=2.064
[INFO] [1789415102.509718284] [acados_nmpc_node]: [attach-window] t=78.30s pos_err=0.031m T=20.06N z=6.811 m_est=2.064
[INFO] [1789415102.554268175] [acados_nmpc_node]: [attach-window] t=78.35s pos_err=0.012m T=20.06N z=6.812 m_est=2.064
[INFO] [1789415102.562005605] [acados_nmpc_node]: [wcmd] raw=[-0.011,-0.036,-0.139] w=[-0.010,-0.039,-0.139] err=[-0.001,+0.003] scaled=[-0.011,-0.036] s=1.00
[INFO] [1789415102.609468722] [acados_nmpc_node]: [attach-window] t=78.40s pos_err=0.035m T=20.06N z=6.812 m_est=2.064
[INFO] [1789415102.654072328] [acados_nmpc_node]: [attach-window] t=78.45s pos_err=0.014m T=20.08N z=6.812 m_est=2.064
[INFO] [1789415102.709423034] [acados_nmpc_node]: [attach-window] t=78.50s pos_err=0.029m T=20.10N z=6.812 m_est=2.064
[INFO] [1789415102.754038033] [acados_nmpc_node]: [attach-window] t=78.55s pos_err=0.011m T=20.11N z=6.811 m_est=2.064
[INFO] [1789415102.761922737] [acados_nmpc_node]: [wcmd] raw=[-0.001,-0.041,-0.142] w=[-0.004,-0.033,-0.141] err=[+0.004,-0.008] scaled=[-0.001,-0.041] s=1.00
[INFO] [1789415102.809565378] [acados_nmpc_node]: [attach-window] t=78.60s pos_err=0.034m T=20.12N z=6.810 m_est=2.064
[INFO] [1789415102.854016374] [acados_nmpc_node]: [attach-window] t=78.65s pos_err=0.011m T=20.15N z=6.809 m_est=2.064
[INFO] [1789415102.909548752] [acados_nmpc_node]: [attach-window] t=78.70s pos_err=0.029m T=20.16N z=6.808 m_est=2.064
[INFO] [1789415102.954095496] [acados_nmpc_node]: [attach-window] t=78.75s pos_err=0.008m T=20.18N z=6.806 m_est=2.064
[INFO] [1789415102.961938615] [acados_nmpc_node]: [wcmd] raw=[+0.001,-0.045,-0.146] w=[+0.003,-0.038,-0.142] err=[-0.003,-0.008] scaled=[+0.001,-0.045] s=1.00
[INFO] [1789415103.009718765] [acados_nmpc_node]: [attach-window] t=78.80s pos_err=0.035m T=20.19N z=6.805 m_est=2.064
[INFO] [1789415103.054020323] [acados_nmpc_node]: [attach-window] t=78.85s pos_err=0.007m T=20.19N z=6.803 m_est=2.064
[INFO] [1789415103.109446519] [acados_nmpc_node]: [attach-window] t=78.90s pos_err=0.029m T=20.20N z=6.802 m_est=2.064
[INFO] [1789415103.153951417] [acados_nmpc_node]: [attach-window] t=78.95s pos_err=0.005m T=20.20N z=6.800 m_est=2.064
[INFO] [1789415103.161918790] [acados_nmpc_node]: [wcmd] raw=[-0.013,-0.049,-0.150] w=[+0.000,-0.043,-0.146] err=[-0.013,-0.007] scaled=[-0.013,-0.049] s=1.00
[INFO] [1789415103.209258840] [acados_nmpc_node]: [attach-window] t=79.00s pos_err=0.035m T=20.21N z=6.799 m_est=2.064
[INFO] [1789415103.253951141] [acados_nmpc_node]: [attach-window] t=79.05s pos_err=0.006m T=20.22N z=6.797 m_est=2.064
[INFO] [1789415103.309498321] [acados_nmpc_node]: [attach-window] t=79.10s pos_err=0.030m T=20.22N z=6.796 m_est=2.064
[INFO] [1789415103.354101961] [acados_nmpc_node]: [attach-window] t=79.15s pos_err=0.008m T=20.22N z=6.794 m_est=2.064
[INFO] [1789415103.361916774] [acados_nmpc_node]: [wcmd] raw=[-0.021,-0.054,-0.155] w=[-0.015,-0.047,-0.151] err=[-0.007,-0.007] scaled=[-0.021,-0.054] s=1.00
[INFO] [1789415103.409359623] [acados_nmpc_node]: [attach-window] t=79.20s pos_err=0.035m T=20.21N z=6.793 m_est=2.064
[INFO] [1789415103.453962605] [acados_nmpc_node]: [attach-window] t=79.25s pos_err=0.012m T=20.20N z=6.791 m_est=2.064
[INFO] [1789415103.509504484] [acados_nmpc_node]: [attach-window] t=79.30s pos_err=0.030m T=20.19N z=6.790 m_est=2.064
[INFO] [1789415103.554057591] [acados_nmpc_node]: [attach-window] t=79.35s pos_err=0.013m T=20.17N z=6.789 m_est=2.064
[INFO] [1789415103.561968825] [acados_nmpc_node]: [wcmd] raw=[-0.006,-0.054,-0.161] w=[-0.013,-0.051,-0.155] err=[+0.007,-0.003] scaled=[-0.006,-0.054] s=1.00
[INFO] [1789415103.609644330] [acados_nmpc_node]: [attach-window] t=79.40s pos_err=0.035m T=20.16N z=6.789 m_est=2.064
[INFO] [1789415103.654088915] [acados_nmpc_node]: [attach-window] t=79.45s pos_err=0.016m T=20.14N z=6.788 m_est=2.064
[INFO] [1789415103.709107722] [acados_nmpc_node]: [attach-window] t=79.50s pos_err=0.030m T=20.13N z=6.787 m_est=2.064
[INFO] [1789415103.754126124] [acados_nmpc_node]: [attach-window] t=79.55s pos_err=0.017m T=20.12N z=6.786 m_est=2.064
[INFO] [1789415103.761962511] [acados_nmpc_node]: [wcmd] raw=[+0.004,-0.049,-0.168] w=[+0.005,-0.039,-0.161] err=[-0.002,-0.010] scaled=[+0.004,-0.049] s=1.00
[INFO] [1789415103.807435602] [acados_nmpc_node]: [attach-window] t=79.60s pos_err=0.034m T=20.12N z=6.786 m_est=2.064
[INFO] [1789415103.853398521] [acados_nmpc_node]: [attach-window] t=79.65s pos_err=0.020m T=20.13N z=6.784 m_est=2.064
[INFO] [1789415103.906994052] [acados_nmpc_node]: [attach-window] t=79.70s pos_err=0.029m T=20.13N z=6.783 m_est=2.064
[INFO] [1789415103.953342549] [acados_nmpc_node]: [attach-window] t=79.75s pos_err=0.021m T=20.15N z=6.781 m_est=2.064
[INFO] [1789415103.961868761] [acados_nmpc_node]: [wcmd] raw=[-0.009,-0.050,-0.177] w=[+0.008,-0.037,-0.168] err=[-0.017,-0.014] scaled=[-0.009,-0.050] s=1.00
[INFO] [1789415104.009551526] [acados_nmpc_node]: [attach-window] t=79.80s pos_err=0.035m T=20.15N z=6.780 m_est=2.064
[INFO] [1789415104.054016165] [acados_nmpc_node]: [attach-window] t=79.85s pos_err=0.024m T=20.17N z=6.778 m_est=2.064
[INFO] [1789415104.109417236] [acados_nmpc_node]: [attach-window] t=79.90s pos_err=0.031m T=20.16N z=6.777 m_est=2.064
[INFO] [1789415104.154048801] [acados_nmpc_node]: [attach-window] t=79.95s pos_err=0.024m T=20.17N z=6.775 m_est=2.064
[INFO] [1789415104.161923684] [acados_nmpc_node]: [wcmd] raw=[-0.008,-0.050,-0.187] w=[-0.003,-0.038,-0.176] err=[-0.006,-0.012] scaled=[-0.008,-0.050] s=1.00
[INFO] [1789415104.209483146] [acados_nmpc_node]: [attach-window] t=80.00s pos_err=0.028m T=20.16N z=6.774 m_est=2.064
[INFO] [1789415104.253976712] [acados_nmpc_node]: [attach-window] t=80.05s pos_err=0.027m T=20.17N z=6.772 m_est=2.064
[INFO] [1789415104.309380696] [acados_nmpc_node]: [attach-window] t=80.10s pos_err=0.031m T=20.15N z=6.771 m_est=2.064
[INFO] [1789415104.353942408] [acados_nmpc_node]: [attach-window] t=80.15s pos_err=0.025m T=20.16N z=6.770 m_est=2.064
[INFO] [1789415104.361944167] [acados_nmpc_node]: [wcmd] raw=[+0.004,-0.022,-0.197] w=[+0.003,-0.033,-0.186] err=[+0.002,+0.011] scaled=[+0.004,-0.022] s=1.00
[INFO] [1789415104.409421733] [acados_nmpc_node]: [attach-window] t=80.20s pos_err=0.034m T=20.14N z=6.769 m_est=2.064
[INFO] [1789415104.453992556] [acados_nmpc_node]: [attach-window] t=80.25s pos_err=0.026m T=20.15N z=6.767 m_est=2.064
[INFO] [1789415104.510278315] [acados_nmpc_node]: [attach-window] t=80.30s pos_err=0.032m T=20.14N z=6.766 m_est=2.064
[INFO] [1789415104.554349630] [acados_nmpc_node]: [attach-window] t=80.35s pos_err=0.025m T=20.15N z=6.764 m_est=2.064
[INFO] [1789415104.562032949] [acados_nmpc_node]: [wcmd] raw=[-0.005,-0.029,-0.213] w=[+0.013,-0.012,-0.198] err=[-0.017,-0.017] scaled=[-0.005,-0.029] s=1.00
[INFO] [1789415104.609758460] [acados_nmpc_node]: [attach-window] t=80.40s pos_err=0.038m T=20.13N z=6.763 m_est=2.064
[INFO] [1789415104.654020020] [acados_nmpc_node]: [attach-window] t=80.45s pos_err=0.027m T=20.15N z=6.761 m_est=2.064
[INFO] [1789415104.709675715] [acados_nmpc_node]: [attach-window] t=80.50s pos_err=0.037m T=20.14N z=6.760 m_est=2.064
[INFO] [1789415104.754071408] [acados_nmpc_node]: [attach-window] t=80.55s pos_err=0.029m T=20.14N z=6.757 m_est=2.064
[INFO] [1789415104.761966354] [acados_nmpc_node]: [wcmd] raw=[-0.025,-0.071,-0.228] w=[-0.005,-0.026,-0.212] err=[-0.020,-0.045] scaled=[-0.025,-0.071] s=1.00
[INFO] [1789415104.809818545] [acados_nmpc_node]: [attach-window] t=80.60s pos_err=0.036m T=20.13N z=6.756 m_est=2.064
[INFO] [1789415104.854037423] [acados_nmpc_node]: [attach-window] t=80.65s pos_err=0.029m T=20.13N z=6.755 m_est=2.064
[INFO] [1789415104.909611718] [acados_nmpc_node]: [attach-window] t=80.70s pos_err=0.041m T=20.11N z=6.754 m_est=2.064
[INFO] [1789415104.910091112] [acados_nmpc_node]: t=80.7s | pos_err=0.041m | T=20.11N | tau=[r0.003 p0.016 y-0.016]Nm | res_stat=5.069e-07(peak 9.991e-07) sqp_iter=4 | solve=1.7ms
[INFO] [1789415104.910298791] [acados_nmpc_node]: [flight-diag] t=80.7s | om_scale=1.000(lo 1.000 hi 1.000) | tilt_max=2.52deg | w_max=[r0.027 p0.060 y0.233]rad/s | u_frac=[T0.646 r0.016 p0.043 y0.079] | u_sat=[T0.0 r0.0 p0.0 y0.0]% | mot_peak=0.786 mot_sat=0.0% | health=1 age=0.000s conf=1.000 | n=100
[INFO] [1789415104.954188209] [acados_nmpc_node]: [attach-window] t=80.75s pos_err=0.031m T=20.12N z=6.752 m_est=2.064
[INFO] [1789415104.961935325] [acados_nmpc_node]: [wcmd] raw=[-0.008,-0.056,-0.245] w=[-0.007,-0.030,-0.225] err=[-0.001,-0.026] scaled=[-0.008,-0.056] s=1.00
[INFO] [1789415105.009776181] [acados_nmpc_node]: [attach-window] t=80.80s pos_err=0.039m T=20.11N z=6.751 m_est=2.064
[INFO] [1789415105.053963914] [acados_nmpc_node]: [attach-window] t=80.85s pos_err=0.032m T=20.12N z=6.749 m_est=2.064
[INFO] [1789415105.109384223] [acados_nmpc_node]: [attach-window] t=80.90s pos_err=0.043m T=20.11N z=6.747 m_est=2.064
[INFO] [1789415105.154027451] [acados_nmpc_node]: [attach-window] t=80.95s pos_err=0.032m T=20.15N z=6.744 m_est=2.064
[INFO] [1789415105.161925615] [acados_nmpc_node]: [wcmd] raw=[+0.005,-0.045,-0.265] w=[+0.010,-0.017,-0.243] err=[-0.006,-0.028] scaled=[+0.005,-0.045] s=1.00
[INFO] [1789415105.209791581] [acados_nmpc_node]: [attach-window] t=81.00s pos_err=0.041m T=20.14N z=6.743 m_est=2.064
[INFO] [1789415105.253346946] [acados_nmpc_node]: [attach-window] t=81.05s pos_err=0.031m T=20.17N z=6.740 m_est=2.064
[INFO] [1789415105.309404172] [acados_nmpc_node]: [attach-window] t=81.10s pos_err=0.044m T=20.16N z=6.738 m_est=2.064
[INFO] [1789415105.354074438] [acados_nmpc_node]: [attach-window] t=81.15s pos_err=0.032m T=20.19N z=6.735 m_est=2.064
[INFO] [1789415105.362037157] [acados_nmpc_node]: [wcmd] raw=[+0.007,-0.012,-0.289] w=[+0.019,-0.013,-0.263] err=[-0.012,+0.001] scaled=[+0.007,-0.012] s=1.00
[INFO] [1789415105.409731197] [acados_nmpc_node]: [attach-window] t=81.20s pos_err=0.049m T=20.17N z=6.733 m_est=2.064
[INFO] [1789415105.454002842] [acados_nmpc_node]: [attach-window] t=81.25s pos_err=0.030m T=20.20N z=6.730 m_est=2.064
[INFO] [1789415105.509574914] [acados_nmpc_node]: [attach-window] t=81.30s pos_err=0.045m T=20.18N z=6.728 m_est=2.064
[INFO] [1789415105.554081107] [acados_nmpc_node]: [attach-window] t=81.35s pos_err=0.030m T=20.17N z=6.725 m_est=2.064
[INFO] [1789415105.561981803] [acados_nmpc_node]: [wcmd] raw=[-0.001,-0.046,-0.311] w=[+0.013,-0.023,-0.286] err=[-0.014,-0.023] scaled=[-0.001,-0.046] s=1.00
[INFO] [1789415105.609839093] [acados_nmpc_node]: [attach-window] t=81.40s pos_err=0.048m T=20.15N z=6.724 m_est=2.064
[INFO] [1789415105.654361955] [acados_nmpc_node]: [attach-window] t=81.45s pos_err=0.092m T=20.09N z=6.724 m_est=2.064
[ros2run]: Killed
