[INFO] [1789058112.247214716] [acados_nmpc_node]: acados NMPC node starting, building/loading solver...
Code reuse possible, skipping code generation.
acados was compiled without OpenMP.
[INFO] [1789058112.254167600] [acados_nmpc_node]: OMEGA SCALE: on (source=djest, tau=0.50s, cap=5.0) — 增益调度走 setpoint 侧,PX4 参数不动
[WARN] [1789058112.262823895] [acados_nmpc_node]: omega_scale_enable=true → 自动关闭 scale_px4_rate_gains(两者补同一件事,同时开是双重补偿)
[INFO] [1789058112.265911795] [acados_nmpc_node]: GRIPPER MODE: hover over box (1.0,0.1) z 0.55->6.0m, lift after 3.0s, empty m_est=2.06kg, attach J bootstrap=True (0.30kg envelope)
[INFO] [1789058112.266649107] [acados_nmpc_node]: Warming up acados solver...
[INFO] [1789058112.273542575] [acados_nmpc_node]: Solver warmup complete, took 6.2 ms
[INFO] [1789058112.280501655] [acados_nmpc_node]: Decoupled publish enabled: solve @20Hz, body_rate/thrust @50Hz (trajectory interpolation)
[INFO] [1789058112.281325419] [acados_nmpc_node]: [GEOM-TRUTH] 检查通过:geom_source=online (载荷几何不来自真值)
[INFO] [1789058112.282120497] [acados_nmpc_node]: acados NMPC node initialized! Waiting for EKF2 convergence...
[INFO] [1789058122.281460153] [acados_nmpc_node]: Waiting for EKF2 convergence... 5/10 s
[INFO] [1789058127.281832924] [acados_nmpc_node]: Waiting for EKF2 convergence... 10/10 s
[INFO] [1789058127.382038802] [acados_nmpc_node]: Switching to OFFBOARD mode
[INFO] [1789058128.181928228] [acados_nmpc_node]: Sending arm command
[INFO] [1789058129.182035545] [acados_nmpc_node]: Armed, preparing to move to trajectory start...
[INFO] [1789058131.582209614] [acados_nmpc_node]: Gripper approach (climb): rising at spawn to z=1.50m | z=0.06m v=0.42m/s
[INFO] [1789058134.082329001] [acados_nmpc_node]: Gripper approach (climb): rising at spawn to z=1.50m | z=1.03m v=0.21m/s
[INFO] [1789058136.082483520] [acados_nmpc_node]: Gripper approach: climbed to safe altitude at spawn, now translating over box
[INFO] [1789058136.582563164] [acados_nmpc_node]: Gripper approach (high): aligning over box at z=1.50m | xy=0.964m z_err=0.150m v=0.35m/s
[INFO] [1789058138.382852101] [acados_nmpc_node]: Gripper approach: aligned above box, NMPC will take over here (z=1.50m), settle 3.0s then descend to z=0.55m to trigger attach
[INFO] [1789058138.430485384] [acados_nmpc_node]: Reached trajectory start, NMPC tracking begins!
[INFO] [1789058138.620271663] [acados_nmpc_node]: [wcmd] raw=[+0.002,-0.014,+0.004] w=[+0.001,+0.028,+0.077] err=[+0.001,-0.042] scaled=[+0.002,-0.014] s=1.00
[INFO] [1789058138.820205823] [acados_nmpc_node]: [wcmd] raw=[-0.006,-0.051,+0.007] w=[-0.004,+0.013,+0.060] err=[-0.002,-0.064] scaled=[-0.006,-0.051] s=1.00
[INFO] [1789058139.020198580] [acados_nmpc_node]: [wcmd] raw=[-0.041,+0.039,-0.003] w=[-0.015,-0.032,+0.035] err=[-0.026,+0.071] scaled=[-0.041,+0.039] s=1.00
[INFO] [1789058139.032077314] [acados_nmpc_node]: t=0.6s | pos_err=0.065m | T=20.24N | tau=[r-0.013 p0.030 y-0.015]Nm | res_stat=1.761e-07(peak 7.828e-07) sqp_iter=3 | solve=1.5ms
[INFO] [1789058139.032322390] [acados_nmpc_node]: [flight-diag] t=0.6s | om_scale=1.000(lo 1.000 hi 1.000) | tilt_max=2.13deg | w_max=[r0.015 p0.048 y0.080]rad/s | u_frac=[T0.674 r0.036 p0.169 y0.089] | u_sat=[T0.0 r0.0 p0.0 y0.0]% | mot_peak=0.886 mot_sat=0.0% | health=na age=na conf=na | n=13
[INFO] [1789058139.220164967] [acados_nmpc_node]: [wcmd] raw=[-0.045,+0.134,-0.015] w=[-0.058,+0.139,+0.016] err=[+0.012,-0.005] scaled=[-0.045,+0.134] s=1.00
[INFO] [1789058139.420198705] [acados_nmpc_node]: [wcmd] raw=[+0.011,+0.024,-0.022] w=[-0.022,+0.094,+0.002] err=[+0.033,-0.070] scaled=[+0.011,+0.024] s=1.00
[INFO] [1789058139.620199247] [acados_nmpc_node]: [wcmd] raw=[+0.035,-0.038,-0.022] w=[+0.034,-0.023,-0.011] err=[+0.002,-0.014] scaled=[+0.035,-0.038] s=1.00
[INFO] [1789058139.820192709] [acados_nmpc_node]: [wcmd] raw=[+0.011,-0.022,-0.019] w=[+0.029,-0.037,-0.016] err=[-0.019,+0.014] scaled=[+0.011,-0.022] s=1.00
[INFO] [1789058140.020168675] [acados_nmpc_node]: [wcmd] raw=[-0.007,-0.010,-0.013] w=[-0.000,-0.017,-0.019] err=[-0.007,+0.007] scaled=[-0.007,-0.010] s=1.00
[INFO] [1789058140.220220224] [acados_nmpc_node]: [wcmd] raw=[-0.005,-0.007,-0.008] w=[-0.010,-0.010,-0.017] err=[+0.005,+0.003] scaled=[-0.005,-0.007] s=1.00
[INFO] [1789058140.420355633] [acados_nmpc_node]: [wcmd] raw=[+0.006,+0.008,-0.004] w=[-0.004,-0.001,-0.011] err=[+0.010,+0.009] scaled=[+0.006,+0.008] s=1.00
[INFO] [1789058140.620511516] [acados_nmpc_node]: [wcmd] raw=[+0.008,+0.021,-0.001] w=[+0.009,+0.020,-0.006] err=[-0.000,+0.001] scaled=[+0.008,+0.021] s=1.00
[INFO] [1789058140.820186259] [acados_nmpc_node]: [wcmd] raw=[+0.002,+0.002,+0.000] w=[+0.004,+0.013,-0.004] err=[-0.002,-0.011] scaled=[+0.002,+0.002] s=1.00
[INFO] [1789058141.020271048] [acados_nmpc_node]: [wcmd] raw=[-0.003,-0.009,+0.001] w=[-0.002,-0.010,-0.000] err=[-0.001,+0.001] scaled=[-0.003,-0.009] s=1.00
[INFO] [1789058141.220192483] [acados_nmpc_node]: [wcmd] raw=[+0.002,-0.005,+0.001] w=[-0.004,-0.009,+0.001] err=[+0.006,+0.004] scaled=[+0.002,-0.005] s=1.00
[INFO] [1789058141.420439320] [acados_nmpc_node]: [wcmd] raw=[+0.002,-0.002,+0.000] w=[+0.005,-0.005,+0.002] err=[-0.003,+0.003] scaled=[+0.002,-0.002] s=1.00
[INFO] [1789058141.483097478] [acados_nmpc_node]: t=3.1s | DESCEND: settle done, lowering 1.5->0.55m, will enable gripper at bottom
[INFO] [1789058141.620276820] [acados_nmpc_node]: [wcmd] raw=[+0.001,+0.011,-0.001] w=[+0.000,+0.002,+0.001] err=[+0.001,+0.009] scaled=[+0.001,+0.011] s=1.00
[INFO] [1789058141.820182988] [acados_nmpc_node]: [wcmd] raw=[+0.009,+0.018,-0.001] w=[+0.006,+0.018,+0.001] err=[+0.003,+0.001] scaled=[+0.009,+0.018] s=1.00
[INFO] [1789058142.020287189] [acados_nmpc_node]: [wcmd] raw=[+0.002,+0.010,-0.002] w=[+0.009,+0.018,+0.000] err=[-0.007,-0.007] scaled=[+0.002,+0.010] s=1.00
[INFO] [1789058142.220173355] [acados_nmpc_node]: [wcmd] raw=[-0.013,-0.003,-0.002] w=[-0.006,+0.003,-0.001] err=[-0.007,-0.006] scaled=[-0.013,-0.003] s=1.00
[INFO] [1789058142.420173492] [acados_nmpc_node]: [wcmd] raw=[-0.007,-0.007,-0.002] w=[-0.017,-0.009,-0.000] err=[+0.009,+0.002] scaled=[-0.007,-0.007] s=1.00
[INFO] [1789058142.620207882] [acados_nmpc_node]: [wcmd] raw=[+0.020,+0.005,-0.001] w=[+0.006,-0.001,-0.001] err=[+0.014,+0.006] scaled=[+0.020,+0.005] s=1.00
[INFO] [1789058142.820182983] [acados_nmpc_node]: [wcmd] raw=[+0.025,+0.008,-0.001] w=[+0.028,+0.009,-0.001] err=[-0.004,-0.001] scaled=[+0.025,+0.008] s=1.00
[INFO] [1789058143.020205182] [acados_nmpc_node]: [wcmd] raw=[-0.002,-0.005,-0.001] w=[+0.017,+0.004,-0.001] err=[-0.019,-0.009] scaled=[-0.002,-0.005] s=1.00
[INFO] [1789058143.220197795] [acados_nmpc_node]: [wcmd] raw=[-0.027,-0.013,-0.001] w=[-0.015,-0.011,-0.001] err=[-0.012,-0.001] scaled=[-0.027,-0.013] s=1.00
[INFO] [1789058143.420407229] [acados_nmpc_node]: [wcmd] raw=[-0.023,-0.005,+0.000] w=[-0.033,-0.007,-0.000] err=[+0.010,+0.002] scaled=[-0.023,-0.005] s=1.00
[INFO] [1789058143.620182976] [acados_nmpc_node]: [wcmd] raw=[-0.000,-0.006,+0.001] w=[-0.016,-0.004,+0.001] err=[+0.016,-0.002] scaled=[-0.000,-0.006] s=1.00
[INFO] [1789058143.820192023] [acados_nmpc_node]: [wcmd] raw=[+0.006,-0.006,+0.001] w=[+0.006,-0.010,+0.001] err=[+0.000,+0.003] scaled=[+0.006,-0.006] s=1.00
[INFO] [1789058144.020215153] [acados_nmpc_node]: [wcmd] raw=[-0.001,+0.003,+0.001] w=[+0.002,-0.002,+0.001] err=[-0.003,+0.005] scaled=[-0.001,+0.003] s=1.00
[INFO] [1789058144.031826185] [acados_nmpc_node]: t=5.6s | pos_err=0.066m | T=20.47N | tau=[r-0.001 p0.003 y0.000]Nm | res_stat=7.607e-07(peak 9.952e-07) sqp_iter=2 | solve=1.3ms
[INFO] [1789058144.032077481] [acados_nmpc_node]: [flight-diag] t=5.6s | om_scale=1.000(lo 1.000 hi 1.000) | tilt_max=1.92deg | w_max=[r0.058 p0.154 y0.030]rad/s | u_frac=[T0.704 r0.023 p0.064 y0.072] | u_sat=[T0.0 r0.0 p0.0 y0.0]% | mot_peak=0.803 mot_sat=0.0% | health=na age=na conf=na | n=100
[INFO] [1789058144.220180425] [acados_nmpc_node]: [wcmd] raw=[+0.008,+0.015,+0.001] w=[+0.003,+0.013,+0.000] err=[+0.005,+0.001] scaled=[+0.008,+0.015] s=1.00
[INFO] [1789058144.420163502] [acados_nmpc_node]: [wcmd] raw=[+0.017,+0.003,-0.000] w=[+0.016,+0.013,+0.002] err=[+0.001,-0.010] scaled=[+0.017,+0.003] s=1.00
[INFO] [1789058144.620350434] [acados_nmpc_node]: [wcmd] raw=[+0.011,-0.015,-0.002] w=[+0.017,-0.009,+0.001] err=[-0.007,-0.006] scaled=[+0.011,-0.015] s=1.00
[INFO] [1789058144.820163449] [acados_nmpc_node]: [wcmd] raw=[-0.002,-0.015,-0.003] w=[+0.007,-0.020,-0.000] err=[-0.009,+0.005] scaled=[-0.002,-0.015] s=1.00
[INFO] [1789058144.982962230] [acados_nmpc_node]: t=6.6s | DESCEND done at z=0.570m (target 0.550m, z_err=0.020m, v=0.06m/s), gripper ENABLED (attach will trigger now)
[INFO] [1789058145.020148592] [acados_nmpc_node]: [wcmd] raw=[-0.009,-0.000,-0.003] w=[-0.006,-0.008,-0.002] err=[-0.003,+0.008] scaled=[-0.009,-0.000] s=1.00
[INFO] [1789058145.020572481] [acados_nmpc_node]: attach offset received: box-drone = [-0.031, -0.084, -0.459] m
[INFO] [1789058145.030057541] [acados_nmpc_node]: t=6.6s | ATTACH (geom_source=online): model dJ from floor(ratchet starts at 0) m_p=0.05kg arm=0.47m (dJ=0.0108, dj_track=True); rate gains from envelope(rack spec) m_p=0.30kg; c_xy refine online, attach truth eval-only
[INFO] [1789058145.030298673] [acados_nmpc_node]: [dJ_online] m_est=2.045 m_p=0.000 ratchet=0.000 floor=0.050 -> m_p_model=0.050(floor) dJ=0.0108 | gain_base=0.300 c_xy=[-0.00,+0.00]cm
[INFO] [1789058145.032286459] [acados_nmpc_node]: [attach-window] t=6.60s pos_err=0.020m T=20.39N z=0.567 m_est=2.045
[INFO] [1789058145.085012773] [acados_nmpc_node]: [attach-window] t=6.65s pos_err=0.020m T=19.69N z=0.566 m_est=2.045
[INFO] [1789058145.132042621] [acados_nmpc_node]: [attach-window] t=6.70s pos_err=0.020m T=19.68N z=0.567 m_est=2.045
[INFO] [1789058145.185060252] [acados_nmpc_node]: [attach-window] t=6.75s pos_err=0.021m T=19.68N z=0.568 m_est=2.045
[INFO] [1789058145.220204311] [acados_nmpc_node]: [wcmd] raw=[+0.003,+0.048,+0.004] w=[-0.003,-0.009,-0.065] err=[+0.006,+0.057] scaled=[+0.004,+0.062] s=1.25
[INFO] [1789058145.232222825] [acados_nmpc_node]: [attach-window] t=6.80s pos_err=0.022m T=19.63N z=0.569 m_est=2.044
[INFO] [1789058145.283421967] [acados_nmpc_node]: [attach-window] t=6.85s pos_err=0.024m T=19.59N z=0.571 m_est=2.044
[INFO] [1789058145.331407756] [acados_nmpc_node]: [attach-window] t=6.90s pos_err=0.024m T=19.58N z=0.571 m_est=2.042
[INFO] [1789058145.383433646] [acados_nmpc_node]: [attach-window] t=6.95s pos_err=0.026m T=19.54N z=0.573 m_est=2.042
[INFO] [1789058145.420231118] [acados_nmpc_node]: [wcmd] raw=[-0.013,+0.057,+0.011] w=[+0.007,-0.005,+0.007] err=[-0.019,+0.062] scaled=[-0.021,+0.083] s=1.42
[INFO] [1789058145.431603629] [acados_nmpc_node]: [attach-window] t=7.00s pos_err=0.026m T=19.51N z=0.573 m_est=2.041
[INFO] [1789058145.483767255] [acados_nmpc_node]: [attach-window] t=7.05s pos_err=0.027m T=19.51N z=0.574 m_est=2.041
[INFO] [1789058145.531370781] [acados_nmpc_node]: [attach-window] t=7.10s pos_err=0.028m T=19.47N z=0.574 m_est=2.037
[INFO] [1789058145.585312766] [acados_nmpc_node]: [attach-window] t=7.15s pos_err=0.028m T=19.46N z=0.574 m_est=2.037
[INFO] [1789058145.620235394] [acados_nmpc_node]: [wcmd] raw=[-0.002,+0.061,+0.006] w=[+0.003,+0.001,-0.000] err=[-0.005,+0.060] scaled=[-0.005,+0.093] s=1.53
[INFO] [1789058145.632160175] [acados_nmpc_node]: [attach-window] t=7.20s pos_err=0.029m T=19.42N z=0.574 m_est=2.032
[INFO] [1789058145.685334168] [acados_nmpc_node]: [attach-window] t=7.25s pos_err=0.030m T=19.42N z=0.574 m_est=2.032
[INFO] [1789058145.732004341] [acados_nmpc_node]: [attach-window] t=7.30s pos_err=0.030m T=19.34N z=0.574 m_est=2.024
[INFO] [1789058145.785330325] [acados_nmpc_node]: [attach-window] t=7.35s pos_err=0.030m T=19.36N z=0.574 m_est=2.024
[INFO] [1789058145.820235039] [acados_nmpc_node]: [wcmd] raw=[+0.031,+0.049,+0.005] w=[-0.006,+0.001,+0.000] err=[+0.037,+0.049] scaled=[+0.054,+0.079] s=1.61
[INFO] [1789058145.832059048] [acados_nmpc_node]: [attach-window] t=7.40s pos_err=0.030m T=19.24N z=0.573 m_est=2.013
[INFO] [1789058145.885172617] [acados_nmpc_node]: [attach-window] t=7.45s pos_err=0.031m T=19.25N z=0.573 m_est=2.013
[INFO] [1789058145.932054657] [acados_nmpc_node]: [attach-window] t=7.50s pos_err=0.031m T=19.12N z=0.573 m_est=1.999
[INFO] [1789058145.983796320] [acados_nmpc_node]: [attach-window] t=7.55s pos_err=0.031m T=19.12N z=0.573 m_est=1.999
[INFO] [1789058146.020085654] [acados_nmpc_node]: [wcmd] raw=[+0.040,+0.035,+0.005] w=[-0.000,+0.000,+0.001] err=[+0.041,+0.035] scaled=[+0.067,+0.058] s=1.66
[INFO] [1789058146.031321740] [acados_nmpc_node]: [attach-window] t=7.60s pos_err=0.032m T=18.98N z=0.573 m_est=1.985
[INFO] [1789058146.083727395] [acados_nmpc_node]: [attach-window] t=7.65s pos_err=0.032m T=18.97N z=0.574 m_est=1.985
[INFO] [1789058146.132002687] [acados_nmpc_node]: [attach-window] t=7.70s pos_err=0.032m T=18.83N z=0.574 m_est=1.970
[INFO] [1789058146.185200884] [acados_nmpc_node]: [attach-window] t=7.75s pos_err=0.033m T=18.81N z=0.575 m_est=1.970
[INFO] [1789058146.220209861] [acados_nmpc_node]: [wcmd] raw=[+0.038,+0.024,+0.005] w=[-0.000,-0.001,-0.000] err=[+0.038,+0.025] scaled=[+0.064,+0.041] s=1.69
[INFO] [1789058146.231994453] [acados_nmpc_node]: [attach-window] t=7.80s pos_err=0.033m T=18.70N z=0.575 m_est=1.961
[INFO] [1789058146.285295924] [acados_nmpc_node]: [attach-window] t=7.85s pos_err=0.034m T=18.68N z=0.576 m_est=1.961
[INFO] [1789058146.332118785] [acados_nmpc_node]: [attach-window] t=7.90s pos_err=0.034m T=18.67N z=0.577 m_est=1.961
[INFO] [1789058146.385193251] [acados_nmpc_node]: [attach-window] t=7.95s pos_err=0.035m T=18.64N z=0.578 m_est=1.961
[INFO] [1789058146.420192683] [acados_nmpc_node]: [wcmd] raw=[+0.028,+0.007,+0.006] w=[-0.000,+0.000,+0.000] err=[+0.028,+0.006] scaled=[+0.048,+0.011] s=1.71
[INFO] [1789058146.432000602] [acados_nmpc_node]: [attach-window] t=8.00s pos_err=0.036m T=18.63N z=0.579 m_est=1.961
[INFO] [1789058146.485108362] [acados_nmpc_node]: [attach-window] t=8.05s pos_err=0.037m T=18.60N z=0.580 m_est=1.961
[INFO] [1789058146.531998052] [acados_nmpc_node]: [attach-window] t=8.10s pos_err=0.038m T=18.58N z=0.581 m_est=1.961
[INFO] [1789058146.585241501] [acados_nmpc_node]: [attach-window] t=8.15s pos_err=0.039m T=18.55N z=0.583 m_est=1.961
[INFO] [1789058146.620224927] [acados_nmpc_node]: [wcmd] raw=[+0.023,-0.012,+0.006] w=[+0.000,-0.000,-0.001] err=[+0.022,-0.012] scaled=[+0.039,-0.020] s=1.73
[INFO] [1789058146.632111199] [acados_nmpc_node]: [attach-window] t=8.20s pos_err=0.040m T=18.52N z=0.584 m_est=1.961
[INFO] [1789058146.685496314] [acados_nmpc_node]: [attach-window] t=8.25s pos_err=0.042m T=18.49N z=0.585 m_est=1.961
[INFO] [1789058146.732216926] [acados_nmpc_node]: [attach-window] t=8.30s pos_err=0.042m T=18.48N z=0.586 m_est=1.961
[INFO] [1789058146.785561648] [acados_nmpc_node]: [attach-window] t=8.35s pos_err=0.044m T=18.46N z=0.587 m_est=1.961
[INFO] [1789058146.820258759] [acados_nmpc_node]: [wcmd] raw=[+0.029,-0.022,+0.006] w=[-0.000,+0.000,+0.000] err=[+0.029,-0.022] scaled=[+0.050,-0.038] s=1.74
[INFO] [1789058146.832255353] [acados_nmpc_node]: [attach-window] t=8.40s pos_err=0.044m T=18.45N z=0.587 m_est=1.961
[INFO] [1789058146.884019587] [acados_nmpc_node]: [attach-window] t=8.45s pos_err=0.045m T=18.45N z=0.588 m_est=1.961
[INFO] [1789058146.931661796] [acados_nmpc_node]: [attach-window] t=8.50s pos_err=0.046m T=18.45N z=0.588 m_est=1.961
[INFO] [1789058146.983888214] [acados_nmpc_node]: [attach-window] t=8.55s pos_err=0.046m T=18.44N z=0.588 m_est=1.961
[INFO] [1789058147.020122437] [acados_nmpc_node]: [wcmd] raw=[+0.045,-0.020,+0.005] w=[+0.001,+0.000,-0.000] err=[+0.045,-0.020] scaled=[+0.079,-0.036] s=1.75
[INFO] [1789058147.031466425] [acados_nmpc_node]: [attach-window] t=8.60s pos_err=0.047m T=18.44N z=0.588 m_est=1.961
[INFO] [1789058147.085339651] [acados_nmpc_node]: [attach-window] t=8.65s pos_err=0.048m T=18.43N z=0.588 m_est=1.961
[INFO] [1789058147.132068075] [acados_nmpc_node]: [attach-window] t=8.70s pos_err=0.048m T=18.43N z=0.589 m_est=1.961
[INFO] [1789058147.185463766] [acados_nmpc_node]: [attach-window] t=8.75s pos_err=0.049m T=18.43N z=0.589 m_est=1.961
[INFO] [1789058147.220291868] [acados_nmpc_node]: [wcmd] raw=[+0.059,-0.019,+0.005] w=[-0.001,+0.000,+0.001] err=[+0.060,-0.019] scaled=[+0.104,-0.032] s=1.75
[INFO] [1789058147.232116684] [acados_nmpc_node]: [attach-window] t=8.80s pos_err=0.049m T=18.43N z=0.589 m_est=1.961
[INFO] [1789058147.285278881] [acados_nmpc_node]: [attach-window] t=8.85s pos_err=0.050m T=18.43N z=0.589 m_est=1.961
[INFO] [1789058147.332121917] [acados_nmpc_node]: [attach-window] t=8.90s pos_err=0.050m T=18.43N z=0.589 m_est=1.961
[INFO] [1789058147.385295768] [acados_nmpc_node]: [attach-window] t=8.95s pos_err=0.050m T=18.43N z=0.589 m_est=1.961
[INFO] [1789058147.420510602] [acados_nmpc_node]: [wcmd] raw=[+0.064,-0.018,+0.005] w=[+0.001,-0.001,+0.000] err=[+0.063,-0.018] scaled=[+0.111,-0.032] s=1.75
[INFO] [1789058147.432082293] [acados_nmpc_node]: [attach-window] t=9.00s pos_err=0.051m T=18.42N z=0.590 m_est=1.961
[INFO] [1789058147.485784652] [acados_nmpc_node]: [attach-window] t=9.05s pos_err=0.052m T=18.42N z=0.590 m_est=1.961
[INFO] [1789058147.532341174] [acados_nmpc_node]: [attach-window] t=9.10s pos_err=0.052m T=18.41N z=0.590 m_est=1.961
[INFO] [1789058147.585588990] [acados_nmpc_node]: [attach-window] t=9.15s pos_err=0.053m T=18.41N z=0.590 m_est=1.961
[INFO] [1789058147.620252490] [acados_nmpc_node]: [wcmd] raw=[+0.075,-0.014,+0.005] w=[+0.001,+0.000,-0.000] err=[+0.074,-0.014] scaled=[+0.131,-0.025] s=1.76
[INFO] [1789058147.632482718] [acados_nmpc_node]: [attach-window] t=9.20s pos_err=0.053m T=18.41N z=0.590 m_est=1.961
[INFO] [1789058147.685853279] [acados_nmpc_node]: [attach-window] t=9.25s pos_err=0.054m T=18.41N z=0.590 m_est=1.961
[INFO] [1789058147.732377657] [acados_nmpc_node]: [attach-window] t=9.30s pos_err=0.054m T=18.40N z=0.591 m_est=1.961
[INFO] [1789058147.785757918] [acados_nmpc_node]: [attach-window] t=9.35s pos_err=0.054m T=18.41N z=0.591 m_est=1.961
[INFO] [1789058147.820242066] [acados_nmpc_node]: [wcmd] raw=[+0.086,-0.004,+0.005] w=[+0.000,+0.000,-0.000] err=[+0.086,-0.004] scaled=[+0.151,-0.007] s=1.76
[INFO] [1789058147.832341242] [acados_nmpc_node]: [attach-window] t=9.40s pos_err=0.055m T=18.41N z=0.590 m_est=1.961
[INFO] [1789058147.885653066] [acados_nmpc_node]: [attach-window] t=9.45s pos_err=0.055m T=18.41N z=0.590 m_est=1.961
[INFO] [1789058147.932305130] [acados_nmpc_node]: [attach-window] t=9.50s pos_err=0.056m T=18.41N z=0.590 m_est=1.961
[INFO] [1789058147.985604470] [acados_nmpc_node]: [attach-window] t=9.55s pos_err=0.056m T=18.41N z=0.590 m_est=1.961
[INFO] [1789058148.020199926] [acados_nmpc_node]: [wcmd] raw=[+0.099,+0.015,+0.005] w=[+0.000,-0.000,+0.001] err=[+0.099,+0.015] scaled=[+0.174,+0.026] s=1.76
[INFO] [1789058148.032281382] [acados_nmpc_node]: [attach-window] t=9.60s pos_err=0.057m T=18.42N z=0.590 m_est=1.961
[INFO] [1789058148.083219689] [acados_nmpc_node]: t=9.7s | LIFT: raising hover 0.55->6.0m to lift payload
[INFO] [1789058148.085784671] [acados_nmpc_node]: [attach-window] t=9.65s pos_err=0.057m T=18.42N z=0.590 m_est=1.961
[INFO] [1789058148.132318816] [acados_nmpc_node]: [attach-window] t=9.70s pos_err=0.058m T=18.43N z=0.590 m_est=1.961
[INFO] [1789058148.185693083] [acados_nmpc_node]: [attach-window] t=9.75s pos_err=0.058m T=18.44N z=0.590 m_est=1.961
[INFO] [1789058148.220197513] [acados_nmpc_node]: [wcmd] raw=[+0.108,+0.036,+0.005] w=[+0.001,-0.001,-0.001] err=[+0.108,+0.037] scaled=[+0.190,+0.064] s=1.76
[INFO] [1789058148.232452293] [acados_nmpc_node]: [attach-window] t=9.80s pos_err=0.058m T=18.45N z=0.589 m_est=1.961
[INFO] [1789058148.285425577] [acados_nmpc_node]: [attach-window] t=9.85s pos_err=0.057m T=18.48N z=0.589 m_est=1.961
[INFO] [1789058148.332313770] [acados_nmpc_node]: [attach-window] t=9.90s pos_err=0.057m T=18.50N z=0.589 m_est=1.961
[INFO] [1789058148.385422767] [acados_nmpc_node]: [attach-window] t=9.95s pos_err=0.056m T=18.53N z=0.588 m_est=1.961
[INFO] [1789058148.420173052] [acados_nmpc_node]: [wcmd] raw=[+0.113,+0.046,+0.005] w=[-0.001,-0.000,-0.000] err=[+0.114,+0.046] scaled=[+0.200,+0.080] s=1.76
[INFO] [1789058148.432294190] [acados_nmpc_node]: [attach-window] t=10.00s pos_err=0.056m T=18.56N z=0.588 m_est=1.961
[INFO] [1789058148.485536746] [acados_nmpc_node]: [attach-window] t=10.05s pos_err=0.055m T=18.61N z=0.588 m_est=1.961
[INFO] [1789058148.532278677] [acados_nmpc_node]: [attach-window] t=10.10s pos_err=0.054m T=18.66N z=0.588 m_est=1.961
[INFO] [1789058148.585464223] [acados_nmpc_node]: [attach-window] t=10.15s pos_err=0.053m T=18.73N z=0.588 m_est=1.961
[INFO] [1789058148.620191405] [acados_nmpc_node]: [wcmd] raw=[+0.122,+0.047,+0.005] w=[-0.000,+0.001,+0.001] err=[+0.122,+0.046] scaled=[+0.215,+0.081] s=1.76
[INFO] [1789058148.632261542] [acados_nmpc_node]: [attach-window] t=10.20s pos_err=0.051m T=18.80N z=0.588 m_est=1.961
[INFO] [1789058148.685456572] [acados_nmpc_node]: [attach-window] t=10.25s pos_err=0.050m T=18.90N z=0.588 m_est=1.961
[INFO] [1789058148.732311022] [acados_nmpc_node]: [attach-window] t=10.30s pos_err=0.049m T=18.99N z=0.588 m_est=1.961
[INFO] [1789058148.785469162] [acados_nmpc_node]: [attach-window] t=10.35s pos_err=0.048m T=19.12N z=0.587 m_est=1.961
[INFO] [1789058148.820184082] [acados_nmpc_node]: [wcmd] raw=[+0.124,+0.039,+0.005] w=[+0.002,-0.000,+0.000] err=[+0.122,+0.039] scaled=[+0.217,+0.069] s=1.76
[INFO] [1789058148.832297126] [acados_nmpc_node]: [attach-window] t=10.40s pos_err=0.047m T=19.24N z=0.587 m_est=1.961
[INFO] [1789058148.885780624] [acados_nmpc_node]: [attach-window] t=10.45s pos_err=0.047m T=19.39N z=0.588 m_est=1.961
[INFO] [1789058148.932338649] [acados_nmpc_node]: [attach-window] t=10.50s pos_err=0.049m T=19.53N z=0.588 m_est=1.961
[INFO] [1789058148.985891233] [acados_nmpc_node]: [attach-window] t=10.55s pos_err=0.051m T=19.71N z=0.588 m_est=1.961
[INFO] [1789058149.020185978] [acados_nmpc_node]: [wcmd] raw=[+0.079,+0.023,+0.006] w=[+0.012,-0.001,-0.001] err=[+0.067,+0.025] scaled=[+0.130,+0.042] s=1.76
[INFO] [1789058149.032274668] [acados_nmpc_node]: [attach-window] t=10.60s pos_err=0.055m T=19.88N z=0.588 m_est=1.961
[INFO] [1789058149.032757780] [acados_nmpc_node]: t=10.6s | pos_err=0.055m | T=19.88N | tau=[r0.254 p0.087 y0.002]Nm | res_stat=2.985e-07(peak 9.952e-07) sqp_iter=4 | solve=1.8ms
[INFO] [1789058149.032956858] [acados_nmpc_node]: [flight-diag] t=10.6s | om_scale=1.759(lo 1.000 hi 1.759) | tilt_max=0.36deg | w_max=[r0.020 p0.021 y0.065]rad/s | u_frac=[T0.650 r0.552 p0.181 y0.138] | u_sat=[T0.0 r0.0 p0.0 y0.0]% | mot_peak=0.816 mot_sat=0.0% | health=na age=na conf=na | n=100
[INFO] [1789058149.085489697] [acados_nmpc_node]: [attach-window] t=10.65s pos_err=0.061m T=20.08N z=0.589 m_est=1.961
[INFO] [1789058149.132038900] [acados_nmpc_node]: [attach-window] t=10.70s pos_err=0.069m T=20.28N z=0.590 m_est=1.961
[INFO] [1789058149.185379322] [acados_nmpc_node]: [attach-window] t=10.75s pos_err=0.079m T=20.52N z=0.591 m_est=1.961
[INFO] [1789058149.220385283] [acados_nmpc_node]: [wcmd] raw=[-0.044,-0.001,+0.006] w=[+0.038,-0.003,+0.000] err=[-0.083,+0.003] scaled=[-0.107,+0.001] s=1.76
[INFO] [1789058149.232050770] [acados_nmpc_node]: [attach-window] t=10.80s pos_err=0.090m T=20.74N z=0.591 m_est=1.961
[INFO] [1789058149.284061115] [acados_nmpc_node]: [attach-window] t=10.85s pos_err=0.103m T=21.00N z=0.592 m_est=1.961
[INFO] [1789058149.331554455] [acados_nmpc_node]: [attach-window] t=10.90s pos_err=0.117m T=21.26N z=0.592 m_est=1.961
[INFO] [1789058149.384010095] [acados_nmpc_node]: [attach-window] t=10.95s pos_err=0.133m T=21.52N z=0.594 m_est=1.961
[INFO] [1789058149.420267938] [acados_nmpc_node]: [wcmd] raw=[-0.242,-0.012,+0.007] w=[+0.076,-0.006,+0.001] err=[-0.317,-0.006] scaled=[-0.483,-0.016] s=1.76
[INFO] [1789058149.432560084] [acados_nmpc_node]: [attach-window] t=11.00s pos_err=0.149m T=21.79N z=0.595 m_est=1.961
[INFO] [1789058149.485948022] [acados_nmpc_node]: [attach-window] t=11.05s pos_err=0.168m T=22.08N z=0.596 m_est=1.961
[INFO] [1789058149.532699016] [acados_nmpc_node]: [attach-window] t=11.10s pos_err=0.187m T=22.36N z=0.597 m_est=1.961
[INFO] [1789058149.585900904] [acados_nmpc_node]: [attach-window] t=11.15s pos_err=0.209m T=22.65N z=0.598 m_est=1.961
[INFO] [1789058149.620170990] [acados_nmpc_node]: [wcmd] raw=[-0.540,-0.008,+0.007] w=[+0.124,-0.009,+0.003] err=[-0.664,+0.000] scaled=[-1.044,-0.008] s=1.76
[INFO] [1789058149.632868444] [acados_nmpc_node]: [attach-window] t=11.20s pos_err=0.230m T=22.97N z=0.599 m_est=1.961
[INFO] [1789058149.686301639] [acados_nmpc_node]: [attach-window] t=11.25s pos_err=0.256m T=23.40N z=0.599 m_est=1.961
[INFO] [1789058149.733159595] [acados_nmpc_node]: [attach-window] t=11.30s pos_err=0.279m T=23.85N z=0.599 m_est=1.961
[INFO] [1789058149.786376782] [acados_nmpc_node]: [attach-window] t=11.35s pos_err=0.309m T=24.38N z=0.598 m_est=1.961
[INFO] [1789058149.820194108] [acados_nmpc_node]: [wcmd] raw=[-0.741,+0.009,+0.011] w=[-0.241,+0.010,-0.031] err=[-0.499,-0.001] scaled=[-1.120,+0.009] s=1.76
[INFO] [1789058149.832884922] [acados_nmpc_node]: [attach-window] t=11.40s pos_err=0.336m T=24.85N z=0.598 m_est=1.961
[INFO] [1789058149.886204749] [acados_nmpc_node]: [attach-window] t=11.45s pos_err=0.367m T=25.33N z=0.598 m_est=1.961
[INFO] [1789058149.932801081] [acados_nmpc_node]: [attach-window] t=11.50s pos_err=0.394m T=25.80N z=0.599 m_est=1.961
[INFO] [1789058149.985865116] [acados_nmpc_node]: [attach-window] t=11.55s pos_err=0.424m T=26.05N z=0.603 m_est=1.961
[INFO] [1789058150.020331378] [acados_nmpc_node]: [wcmd] raw=[-0.241,+0.001,+0.027] w=[-0.464,+0.024,-0.020] err=[+0.223,-0.022] scaled=[-0.072,-0.016] s=1.76
[INFO] [1789058150.029996212] [acados_nmpc_node]: [dJ_online] m_est=1.961 m_p=0.000 ratchet=0.000 floor=0.050 -> m_p_model=0.050(floor) dJ=0.0108 | gain_base=0.300 c_xy=[-0.51,+1.13]cm
[INFO] [1789058150.032797771] [acados_nmpc_node]: [attach-window] t=11.60s pos_err=0.450m T=26.26N z=0.607 m_est=1.961
[INFO] [1789058150.086000215] [acados_nmpc_node]: [attach-window] t=11.65s pos_err=0.475m T=25.98N z=0.617 m_est=1.961
[INFO] [1789058150.132830521] [acados_nmpc_node]: [attach-window] t=11.70s pos_err=0.500m T=25.99N z=0.624 m_est=1.961
[INFO] [1789058150.186903557] [acados_nmpc_node]: [attach-window] t=11.75s pos_err=0.520m T=27.50N z=0.641 m_est=2.160
[INFO] [1789058150.220222903] [acados_nmpc_node]: [wcmd] raw=[+0.386,-0.016,+0.024] w=[+0.039,+0.005,+0.078] err=[+0.347,-0.021] scaled=[+0.675,-0.034] s=1.83
[INFO] [1789058150.240607851] [acados_nmpc_node]: [attach-window] t=11.80s pos_err=0.539m T=28.25N z=0.654 m_est=2.249
[INFO] [1789058150.286293545] [acados_nmpc_node]: [attach-window] t=11.85s pos_err=0.553m T=27.66N z=0.679 m_est=2.249
[INFO] [1789058150.332673287] [acados_nmpc_node]: [attach-window] t=11.90s pos_err=0.568m T=27.20N z=0.698 m_est=2.249
[INFO] [1789058150.385814726] [acados_nmpc_node]: [attach-window] t=11.95s pos_err=0.577m T=27.05N z=0.730 m_est=2.320
[INFO] [1789058150.420212688] [acados_nmpc_node]: [wcmd] raw=[+0.282,-0.006,-0.020] w=[+0.567,-0.021,+0.123] err=[-0.286,+0.014] scaled=[-0.150,+0.015] s=2.51
[INFO] [1789058150.432363705] [acados_nmpc_node]: [attach-window] t=12.00s pos_err=0.586m T=26.63N z=0.757 m_est=2.320
[INFO] [1789058150.486273293] [acados_nmpc_node]: [attach-window] t=12.05s pos_err=0.581m T=25.51N z=0.805 m_est=2.320
[INFO] [1789058150.532577638] [acados_nmpc_node]: [attach-window] t=12.10s pos_err=0.593m T=26.62N z=0.832 m_est=2.463
[INFO] [1789058150.586354780] [acados_nmpc_node]: [attach-window] t=12.15s pos_err=0.581m T=25.47N z=0.889 m_est=2.463
[INFO] [1789058150.620146569] [acados_nmpc_node]: [wcmd] raw=[-0.294,+0.027,-0.069] w=[+0.240,+0.005,+0.020] err=[-0.534,+0.022] scaled=[-1.501,+0.077] s=3.26
[INFO] [1789058150.632084326] [acados_nmpc_node]: [attach-window] t=12.20s pos_err=0.583m T=24.57N z=0.927 m_est=2.435
[INFO] [1789058150.686279139] [acados_nmpc_node]: [attach-window] t=12.25s pos_err=0.566m T=23.36N z=0.992 m_est=2.435
[INFO] [1789058150.732696157] [acados_nmpc_node]: [attach-window] t=12.30s pos_err=0.575m T=23.08N z=1.025 m_est=2.412
[INFO] [1789058150.785573596] [acados_nmpc_node]: [attach-window] t=12.35s pos_err=0.556m T=22.58N z=1.094 m_est=2.412
[INFO] [1789058150.820148611] [acados_nmpc_node]: [wcmd] raw=[-0.340,+0.003,-0.058] w=[-0.522,+0.026,-0.115] err=[+0.182,-0.023] scaled=[+0.177,-0.064] s=3.84
[INFO] [1789058150.832934907] [acados_nmpc_node]: [attach-window] t=12.40s pos_err=0.558m T=22.36N z=1.137 m_est=2.381
[INFO] [1789058150.886462124] [acados_nmpc_node]: [attach-window] t=12.45s pos_err=0.541m T=21.80N z=1.206 m_est=2.381
[INFO] [1789058150.932949313] [acados_nmpc_node]: [attach-window] t=12.50s pos_err=0.545m T=21.80N z=1.247 m_est=2.356
[INFO] [1789058150.986572404] [acados_nmpc_node]: [attach-window] t=12.55s pos_err=0.543m T=22.12N z=1.304 m_est=2.356
[INFO] [1789058151.020178844] [acados_nmpc_node]: [wcmd] raw=[+0.008,+0.003,-0.011] w=[-0.220,+0.003,-0.050] err=[+0.229,-0.001] scaled=[+0.745,+0.001] s=4.22
[INFO] [1789058151.032861904] [acados_nmpc_node]: [attach-window] t=12.60s pos_err=0.551m T=22.33N z=1.343 m_est=2.337
[INFO] [1789058151.086187977] [acados_nmpc_node]: [attach-window] t=12.65s pos_err=0.546m T=22.65N z=1.404 m_est=2.337
[INFO] [1789058151.132761918] [acados_nmpc_node]: [attach-window] t=12.70s pos_err=0.558m T=23.05N z=1.441 m_est=2.324
[INFO] [1789058151.186087492] [acados_nmpc_node]: [attach-window] t=12.75s pos_err=0.557m T=23.36N z=1.498 m_est=2.324
[INFO] [1789058151.220245647] [acados_nmpc_node]: [wcmd] raw=[+0.324,-0.014,-0.002] w=[+0.310,-0.004,+0.040] err=[+0.014,-0.010] scaled=[+0.370,-0.049] s=4.37
[INFO] [1789058151.232374126] [acados_nmpc_node]: [attach-window] t=12.80s pos_err=0.578m T=23.81N z=1.527 m_est=2.316
[INFO] [1789058151.285898499] [acados_nmpc_node]: [attach-window] t=12.85s pos_err=0.580m T=23.94N z=1.583 m_est=2.316
[INFO] [1789058151.332313882] [acados_nmpc_node]: [attach-window] t=12.90s pos_err=0.603m T=24.31N z=1.611 m_est=2.311
[INFO] [1789058151.386175658] [acados_nmpc_node]: [attach-window] t=12.95s pos_err=0.606m T=24.12N z=1.668 m_est=2.311
[INFO] [1789058151.420199167] [acados_nmpc_node]: [wcmd] raw=[-0.143,-0.006,-0.020] w=[+0.157,-0.015,-0.003] err=[-0.300,+0.009] scaled=[-1.165,+0.024] s=4.41
[INFO] [1789058151.432346639] [acados_nmpc_node]: [attach-window] t=13.00s pos_err=0.621m T=24.25N z=1.705 m_est=2.312
[INFO] [1789058151.485917772] [acados_nmpc_node]: [attach-window] t=13.05s pos_err=0.622m T=23.95N z=1.764 m_est=2.312
[INFO] [1789058151.532854597] [acados_nmpc_node]: [attach-window] t=13.10s pos_err=0.645m T=24.27N z=1.795 m_est=2.318
[INFO] [1789058151.584453303] [acados_nmpc_node]: [attach-window] t=13.15s pos_err=0.643m T=23.88N z=1.857 m_est=2.318
[INFO] [1789058151.620393971] [acados_nmpc_node]: [wcmd] raw=[+0.029,-0.016,-0.002] w=[-0.211,-0.016,-0.050] err=[+0.240,+0.001] scaled=[+0.852,-0.013] s=4.43
[INFO] [1789058151.631905428] [acados_nmpc_node]: [attach-window] t=13.20s pos_err=0.658m T=24.07N z=1.897 m_est=2.322
[INFO] [1789058151.684293136] [acados_nmpc_node]: [attach-window] t=13.25s pos_err=0.655m T=23.88N z=1.962 m_est=2.322
[INFO] [1789058151.732328669] [acados_nmpc_node]: [attach-window] t=13.30s pos_err=0.678m T=24.27N z=1.995 m_est=2.325
[INFO] [1789058151.785756677] [acados_nmpc_node]: [attach-window] t=13.35s pos_err=0.674m T=24.08N z=2.062 m_est=2.325
[INFO] [1789058151.820198871] [acados_nmpc_node]: [wcmd] raw=[+0.017,-0.006,+0.007] w=[+0.191,+0.009,+0.032] err=[-0.174,-0.015] scaled=[-0.586,-0.058] s=4.47
[INFO] [1789058151.832327366] [acados_nmpc_node]: [attach-window] t=13.40s pos_err=0.687m T=24.22N z=2.105 m_est=2.327
[INFO] [1789058151.885811099] [acados_nmpc_node]: [attach-window] t=13.45s pos_err=0.682m T=23.88N z=2.174 m_est=2.327
[INFO] [1789058151.932334934] [acados_nmpc_node]: [attach-window] t=13.50s pos_err=0.703m T=24.19N z=2.209 m_est=2.329
[INFO] [1789058151.985968771] [acados_nmpc_node]: [attach-window] t=13.55s pos_err=0.697m T=23.88N z=2.279 m_est=2.329
[INFO] [1789058152.020211076] [acados_nmpc_node]: [wcmd] raw=[-0.071,+0.003,-0.000] w=[-0.167,-0.015,-0.029] err=[+0.095,+0.019] scaled=[+0.264,+0.070] s=4.51
[INFO] [1789058152.032537446] [acados_nmpc_node]: [attach-window] t=13.60s pos_err=0.708m T=23.98N z=2.324 m_est=2.332
[INFO] [1789058152.086690969] [acados_nmpc_node]: [attach-window] t=13.65s pos_err=0.701m T=23.66N z=2.396 m_est=2.332
[INFO] [1789058152.132911300] [acados_nmpc_node]: [attach-window] t=13.70s pos_err=0.721m T=23.99N z=2.432 m_est=2.334
[INFO] [1789058152.185748206] [acados_nmpc_node]: [attach-window] t=13.75s pos_err=0.704m T=23.56N z=2.514 m_est=2.334
[INFO] [1789058152.220194647] [acados_nmpc_node]: [wcmd] raw=[+0.048,-0.019,+0.006] w=[+0.093,-0.008,+0.022] err=[-0.045,-0.011] scaled=[-0.114,-0.059] s=4.57
[INFO] [1789058152.232347268] [acados_nmpc_node]: [attach-window] t=13.80s pos_err=0.724m T=23.92N z=2.551 m_est=2.337
[INFO] [1789058152.285880744] [acados_nmpc_node]: [attach-window] t=13.85s pos_err=0.715m T=23.69N z=2.625 m_est=2.337
[INFO] [1789058152.332385145] [acados_nmpc_node]: [attach-window] t=13.90s pos_err=0.735m T=24.05N z=2.662 m_est=2.343
[INFO] [1789058152.386038582] [acados_nmpc_node]: [attach-window] t=13.95s pos_err=0.716m T=23.56N z=2.746 m_est=2.343
[INFO] [1789058152.420221193] [acados_nmpc_node]: [wcmd] raw=[-0.066,+0.011,-0.002] w=[-0.060,+0.030,+0.014] err=[-0.006,-0.019] scaled=[-0.090,-0.056] s=4.63
[INFO] [1789058152.432378848] [acados_nmpc_node]: [attach-window] t=14.00s pos_err=0.735m T=23.92N z=2.783 m_est=2.352
[INFO] [1789058152.486047731] [acados_nmpc_node]: [attach-window] t=14.05s pos_err=0.724m T=23.63N z=2.858 m_est=2.352
[INFO] [1789058152.532709540] [acados_nmpc_node]: [attach-window] t=14.10s pos_err=0.743m T=23.98N z=2.896 m_est=2.358
[INFO] [1789058152.585901290] [acados_nmpc_node]: [attach-window] t=14.15s pos_err=0.732m T=23.68N z=2.971 m_est=2.358
[INFO] [1789058152.620230991] [acados_nmpc_node]: [wcmd] raw=[+0.046,+0.000,-0.005] w=[+0.021,-0.061,-0.005] err=[+0.025,+0.061] scaled=[+0.141,+0.229] s=4.74
[INFO] [1789058152.632345861] [acados_nmpc_node]: [attach-window] t=14.20s pos_err=0.740m T=23.81N z=3.019 m_est=2.363
[INFO] [1789058152.685921728] [acados_nmpc_node]: [attach-window] t=14.25s pos_err=0.726m T=23.47N z=3.096 m_est=2.363
[INFO] [1789058152.732563106] [acados_nmpc_node]: [attach-window] t=14.30s pos_err=0.743m T=23.78N z=3.135 m_est=2.368
[INFO] [1789058152.785915901] [acados_nmpc_node]: [attach-window] t=14.35s pos_err=0.728m T=23.43N z=3.213 m_est=2.368
[INFO] [1789058152.820147464] [acados_nmpc_node]: [wcmd] raw=[-0.050,-0.020,-0.013] w=[-0.005,+0.068,+0.025] err=[-0.045,-0.088] scaled=[-0.221,-0.356] s=4.83
[INFO] [1789058152.832279262] [acados_nmpc_node]: [attach-window] t=14.40s pos_err=0.733m T=23.49N z=3.262 m_est=2.371
[INFO] [1789058152.885869152] [acados_nmpc_node]: [attach-window] t=14.45s pos_err=0.716m T=23.10N z=3.341 m_est=2.371
[INFO] [1789058152.932562410] [acados_nmpc_node]: [attach-window] t=14.50s pos_err=0.731m T=23.35N z=3.380 m_est=2.370
[INFO] [1789058152.985918054] [acados_nmpc_node]: [attach-window] t=14.55s pos_err=0.713m T=23.04N z=3.459 m_est=2.370
[INFO] [1789058153.020173147] [acados_nmpc_node]: [wcmd] raw=[+0.049,+0.043,-0.006] w=[-0.004,+0.020,+0.001] err=[+0.052,+0.023] scaled=[+0.252,+0.132] s=4.88
[INFO] [1789058153.032111385] [acados_nmpc_node]: [attach-window] t=14.60s pos_err=0.717m T=23.13N z=3.508 m_est=2.368
[INFO] [1789058153.086086725] [acados_nmpc_node]: [attach-window] t=14.65s pos_err=0.699m T=22.88N z=3.586 m_est=2.368
[INFO] [1789058153.132381919] [acados_nmpc_node]: [attach-window] t=14.70s pos_err=0.711m T=23.13N z=3.625 m_est=2.365
[INFO] [1789058153.185841263] [acados_nmpc_node]: [attach-window] t=14.75s pos_err=0.683m T=22.66N z=3.712 m_est=2.365
[INFO] [1789058153.220200477] [acados_nmpc_node]: [wcmd] raw=[-0.030,-0.032,-0.015] w=[+0.032,-0.148,-0.066] err=[-0.063,+0.116] scaled=[-0.276,+0.424] s=4.92
[INFO] [1789058153.232282863] [acados_nmpc_node]: [attach-window] t=14.80s pos_err=0.695m T=22.90N z=3.751 m_est=2.362
[INFO] [1789058153.286831661] [acados_nmpc_node]: [attach-window] t=14.85s pos_err=0.677m T=22.63N z=3.827 m_est=2.362
[INFO] [1789058153.332438179] [acados_nmpc_node]: [attach-window] t=14.90s pos_err=0.688m T=22.87N z=3.865 m_est=2.360
[INFO] [1789058153.386017382] [acados_nmpc_node]: [attach-window] t=14.95s pos_err=0.661m T=22.50N z=3.949 m_est=2.360
[INFO] [1789058153.420130455] [acados_nmpc_node]: [wcmd] raw=[+0.032,-0.039,+0.004] w=[-0.023,+0.250,+0.071] err=[+0.055,-0.289] scaled=[+0.247,-1.179] s=4.95
[INFO] [1789058153.431662175] [acados_nmpc_node]: [attach-window] t=15.00s pos_err=0.671m T=22.73N z=3.986 m_est=2.358
[INFO] [1789058153.484243501] [acados_nmpc_node]: [attach-window] t=15.05s pos_err=0.651m T=22.41N z=4.060 m_est=2.358
[INFO] [1789058153.531606895] [acados_nmpc_node]: [attach-window] t=15.10s pos_err=0.662m T=22.68N z=4.096 m_est=2.358
[INFO] [1789058153.584696095] [acados_nmpc_node]: [attach-window] t=15.15s pos_err=0.642m T=22.32N z=4.169 m_est=2.358
[INFO] [1789058153.620054145] [acados_nmpc_node]: [wcmd] raw=[-0.019,+0.115,+0.011] w=[+0.040,-0.191,-0.056] err=[-0.059,+0.306] scaled=[-0.252,+1.327] s=4.97
[INFO] [1789058153.631781311] [acados_nmpc_node]: [attach-window] t=15.20s pos_err=0.642m T=22.32N z=4.214 m_est=2.356
[INFO] [1789058153.683989765] [acados_nmpc_node]: [attach-window] t=15.25s pos_err=0.620m T=22.08N z=4.286 m_est=2.356
[INFO] [1789058153.732453674] [acados_nmpc_node]: [attach-window] t=15.30s pos_err=0.629m T=22.33N z=4.322 m_est=2.355
[INFO] [1789058153.785898886] [acados_nmpc_node]: [attach-window] t=15.35s pos_err=0.607m T=22.04N z=4.393 m_est=2.355
[INFO] [1789058153.820158329] [acados_nmpc_node]: [wcmd] raw=[+0.008,-0.144,-0.012] w=[-0.057,-0.035,-0.023] err=[+0.065,-0.110] scaled=[+0.266,-0.580] s=4.98
[INFO] [1789058153.832271796] [acados_nmpc_node]: [attach-window] t=15.40s pos_err=0.605m T=22.03N z=4.436 m_est=2.352
[INFO] [1789058153.886673924] [acados_nmpc_node]: [attach-window] t=15.45s pos_err=0.583m T=21.54N z=4.506 m_est=2.352
[INFO] [1789058153.942933012] [acados_nmpc_node]: [attach-window] t=15.50s pos_err=0.588m T=21.48N z=4.540 m_est=2.346
[INFO] [1789058153.986750545] [acados_nmpc_node]: [attach-window] t=15.55s pos_err=0.565m T=21.51N z=4.609 m_est=2.346
[INFO] [1789058154.020191126] [acados_nmpc_node]: [wcmd] raw=[-0.005,+0.239,+0.025] w=[+0.071,+0.305,+0.134] err=[-0.075,-0.066] scaled=[-0.303,-0.021] s=4.96
[INFO] [1789058154.032289305] [acados_nmpc_node]: [attach-window] t=15.60s pos_err=0.560m T=21.70N z=4.651 m_est=2.344
[INFO] [1789058154.032770872] [acados_nmpc_node]: t=15.6s | pos_err=0.560m | T=21.70N | tau=[r0.136 p-0.054 y-0.042]Nm | res_stat=3.281e-07(peak 9.952e-07) sqp_iter=4 | solve=1.8ms
[INFO] [1789058154.032969574] [acados_nmpc_node]: [flight-diag] t=15.6s | om_scale=4.959(lo 1.759 hi 4.981) | tilt_max=5.39deg | w_max=[r0.608 p0.507 y0.176]rad/s | u_frac=[T0.901 r1.000 p1.000 y0.321] | u_sat=[T0.0 r18.0 p4.0 y0.0]% | mot_peak=1.000 mot_sat=1.6% | health=na age=na conf=na | n=100
[INFO] [1789058154.086128060] [acados_nmpc_node]: [attach-window] t=15.65s pos_err=0.537m T=21.67N z=4.717 m_est=2.344
[WARN] [1789058154.100181502] [acados_nmpc_node]: [omega_scale] body-rate headroom limited scale 4.94->4.75 (guard ±1.90, hard ±2.00rad/s)
[INFO] [1789058154.132612138] [acados_nmpc_node]: [attach-window] t=15.70s pos_err=0.541m T=21.76N z=4.749 m_est=2.340
[INFO] [1789058154.185998319] [acados_nmpc_node]: [attach-window] t=15.75s pos_err=0.519m T=21.51N z=4.812 m_est=2.340
[INFO] [1789058154.220178207] [acados_nmpc_node]: [wcmd] raw=[-0.010,-0.090,-0.030] w=[-0.097,-0.403,-0.171] err=[+0.087,+0.313] scaled=[+0.333,+1.137] s=4.93
[INFO] [1789058154.233025675] [acados_nmpc_node]: [attach-window] t=15.80s pos_err=0.514m T=21.49N z=4.851 m_est=2.335
[INFO] [1789058154.286858779] [acados_nmpc_node]: [attach-window] t=15.85s pos_err=0.492m T=21.12N z=4.912 m_est=2.335
[INFO] [1789058154.332653474] [acados_nmpc_node]: [attach-window] t=15.90s pos_err=0.494m T=21.34N z=4.942 m_est=2.330
[INFO] [1789058154.385986917] [acados_nmpc_node]: [attach-window] t=15.95s pos_err=0.472m T=21.39N z=5.001 m_est=2.330
[INFO] [1789058154.420279058] [acados_nmpc_node]: [wcmd] raw=[+0.007,+0.033,+0.012] w=[+0.084,+0.428,+0.152] err=[-0.077,-0.394] scaled=[-0.292,-1.490] s=4.86
[INFO] [1789058154.432630561] [acados_nmpc_node]: [attach-window] t=16.00s pos_err=0.466m T=21.52N z=5.036 m_est=2.325
[INFO] [1789058154.486056280] [acados_nmpc_node]: [attach-window] t=16.05s pos_err=0.445m T=21.39N z=5.091 m_est=2.325
[INFO] [1789058154.532306157] [acados_nmpc_node]: [attach-window] t=16.10s pos_err=0.446m T=21.55N z=5.118 m_est=2.321
[INFO] [1789058154.586682259] [acados_nmpc_node]: [attach-window] t=16.15s pos_err=0.426m T=21.32N z=5.170 m_est=2.321
[INFO] [1789058154.620229585] [acados_nmpc_node]: [wcmd] raw=[-0.011,+0.029,+0.005] w=[-0.078,-0.333,-0.139] err=[+0.068,+0.363] scaled=[+0.245,+1.399] s=4.78
[INFO] [1789058154.632625896] [acados_nmpc_node]: [attach-window] t=16.20s pos_err=0.420m T=21.27N z=5.201 m_est=2.315
[INFO] [1789058154.686066183] [acados_nmpc_node]: [attach-window] t=16.25s pos_err=0.400m T=21.35N z=5.251 m_est=2.315
[INFO] [1789058154.732251384] [acados_nmpc_node]: [attach-window] t=16.30s pos_err=0.400m T=21.58N z=5.275 m_est=2.312
[INFO] [1789058154.784649391] [acados_nmpc_node]: [attach-window] t=16.35s pos_err=0.374m T=21.59N z=5.326 m_est=2.312
[INFO] [1789058154.820155875] [acados_nmpc_node]: [wcmd] raw=[+0.011,-0.121,+0.004] w=[+0.062,+0.236,+0.083] err=[-0.052,-0.358] scaled=[-0.179,-1.436] s=4.68
[INFO] [1789058154.832331756] [acados_nmpc_node]: [attach-window] t=16.40s pos_err=0.375m T=21.68N z=5.348 m_est=2.307
[INFO] [1789058154.886217631] [acados_nmpc_node]: [attach-window] t=16.45s pos_err=0.356m T=21.50N z=5.391 m_est=2.307
[INFO] [1789058154.933023316] [acados_nmpc_node]: [attach-window] t=16.50s pos_err=0.355m T=21.46N z=5.412 m_est=2.303
[INFO] [1789058154.986610092] [acados_nmpc_node]: [attach-window] t=16.55s pos_err=0.330m T=21.25N z=5.459 m_est=2.303
[INFO] [1789058155.020163461] [acados_nmpc_node]: [wcmd] raw=[+0.004,+0.195,+0.029] w=[-0.030,+0.080,+0.037] err=[+0.034,+0.115] scaled=[+0.125,+0.607] s=4.58
[INFO] [1789058155.029961450] [acados_nmpc_node]: [dJ_online] m_est=2.303 m_p=0.238 ratchet=0.398 floor=0.050 -> m_p_model=0.238(track) dJ=0.0472 | gain_base=0.398 c_xy=[-0.51,+1.13]cm
[INFO] [1789058155.032464378] [acados_nmpc_node]: [attach-window] t=16.60s pos_err=0.328m T=21.42N z=5.479 m_est=2.303
[INFO] [1789058155.086247307] [acados_nmpc_node]: [attach-window] t=16.65s pos_err=0.310m T=21.50N z=5.517 m_est=2.303
[INFO] [1789058155.132673998] [acados_nmpc_node]: [attach-window] t=16.70s pos_err=0.302m T=21.48N z=5.540 m_est=2.297
[INFO] [1789058155.185982321] [acados_nmpc_node]: [attach-window] t=16.75s pos_err=0.284m T=21.25N z=5.576 m_est=2.297
[INFO] [1789058155.220162472] [acados_nmpc_node]: [wcmd] raw=[+0.023,-0.115,-0.013] w=[+0.032,-0.336,-0.110] err=[-0.009,+0.221] scaled=[-0.009,+0.657] s=4.49
[INFO] [1789058155.232751007] [acados_nmpc_node]: [attach-window] t=16.80s pos_err=0.280m T=21.34N z=5.594 m_est=2.299
[INFO] [1789058155.286775979] [acados_nmpc_node]: [attach-window] t=16.85s pos_err=0.262m T=21.14N z=5.628 m_est=2.299
[INFO] [1789058155.332630375] [acados_nmpc_node]: [attach-window] t=16.90s pos_err=0.258m T=21.24N z=5.644 m_est=2.299
[INFO] [1789058155.384317417] [acados_nmpc_node]: [attach-window] t=16.95s pos_err=0.239m T=21.37N z=5.676 m_est=2.299
[INFO] [1789058155.420179067] [acados_nmpc_node]: [wcmd] raw=[-0.010,+0.077,+0.017] w=[+0.016,+0.397,+0.159] err=[-0.026,-0.321] scaled=[-0.098,-1.018] s=4.41
[INFO] [1789058155.432336754] [acados_nmpc_node]: [attach-window] t=17.00s pos_err=0.231m T=21.49N z=5.694 m_est=2.297
[INFO] [1789058155.486066866] [acados_nmpc_node]: [attach-window] t=17.05s pos_err=0.215m T=21.51N z=5.722 m_est=2.297
[INFO] [1789058155.532013120] [acados_nmpc_node]: [attach-window] t=17.10s pos_err=0.211m T=21.60N z=5.735 m_est=2.299
[INFO] [1789058155.584638613] [acados_nmpc_node]: [attach-window] t=17.15s pos_err=0.195m T=21.57N z=5.759 m_est=2.299
[INFO] [1789058155.620163689] [acados_nmpc_node]: [wcmd] raw=[-0.004,+0.036,-0.012] w=[-0.030,-0.413,-0.144] err=[+0.026,+0.449] scaled=[+0.083,+1.546] s=4.36
[INFO] [1789058155.632641374] [acados_nmpc_node]: [attach-window] t=17.20s pos_err=0.188m T=21.50N z=5.774 m_est=2.298
[INFO] [1789058155.685852199] [acados_nmpc_node]: [attach-window] t=17.25s pos_err=0.173m T=21.51N z=5.796 m_est=2.298
[INFO] [1789058155.732096749] [acados_nmpc_node]: [attach-window] t=17.30s pos_err=0.168m T=21.64N z=5.806 m_est=2.301
[INFO] [1789058155.786184245] [acados_nmpc_node]: [attach-window] t=17.35s pos_err=0.154m T=21.78N z=5.826 m_est=2.301
[INFO] [1789058155.820131559] [acados_nmpc_node]: [wcmd] raw=[-0.019,-0.094,-0.005] w=[+0.007,+0.307,+0.107] err=[-0.026,-0.401] scaled=[-0.105,-1.426] s=4.33
[INFO] [1789058155.832349202] [acados_nmpc_node]: [attach-window] t=17.40s pos_err=0.147m T=21.77N z=5.837 m_est=2.302
[INFO] [1789058155.885840239] [acados_nmpc_node]: [attach-window] t=17.45s pos_err=0.134m T=21.65N z=5.855 m_est=2.302
[INFO] [1789058155.932549474] [acados_nmpc_node]: [attach-window] t=17.50s pos_err=0.129m T=21.66N z=5.863 m_est=2.304
[INFO] [1789058155.986656815] [acados_nmpc_node]: [attach-window] t=17.55s pos_err=0.115m T=21.50N z=5.881 m_est=2.304
[INFO] [1789058156.020199422] [acados_nmpc_node]: [wcmd] raw=[+0.009,+0.134,+0.007] w=[-0.021,-0.174,-0.059] err=[+0.030,+0.309] scaled=[+0.109,+1.158] s=4.32
[INFO] [1789058156.032719140] [acados_nmpc_node]: [attach-window] t=17.60s pos_err=0.110m T=21.55N z=5.889 m_est=2.307
[INFO] [1789058156.085973282] [acados_nmpc_node]: [attach-window] t=17.65s pos_err=0.098m T=21.68N z=5.903 m_est=2.307
[INFO] [1789058156.132205191] [acados_nmpc_node]: [attach-window] t=17.70s pos_err=0.091m T=21.77N z=5.911 m_est=2.309
[INFO] [1789058156.186494830] [acados_nmpc_node]: [attach-window] t=17.75s pos_err=0.081m T=21.78N z=5.923 m_est=2.309
[INFO] [1789058156.220148821] [acados_nmpc_node]: [wcmd] raw=[-0.000,-0.125,-0.018] w=[+0.018,-0.001,-0.008] err=[-0.018,-0.123] scaled=[-0.060,-0.535] s=4.33
[INFO] [1789058156.232077679] [acados_nmpc_node]: [attach-window] t=17.80s pos_err=0.077m T=21.83N z=5.928 m_est=2.310
[INFO] [1789058156.286570334] [acados_nmpc_node]: [attach-window] t=17.85s pos_err=0.069m T=21.82N z=5.938 m_est=2.310
[INFO] [1789058156.332694889] [acados_nmpc_node]: [attach-window] t=17.90s pos_err=0.066m T=21.74N z=5.942 m_est=2.309
[INFO] [1789058156.386140783] [acados_nmpc_node]: [attach-window] t=17.95s pos_err=0.059m T=21.80N z=5.951 m_est=2.309
[INFO] [1789058156.420168911] [acados_nmpc_node]: [wcmd] raw=[+0.011,+0.164,+0.015] w=[+0.012,+0.209,+0.078] err=[-0.002,-0.046] scaled=[+0.005,+0.011] s=4.33
[INFO] [1789058156.432053909] [acados_nmpc_node]: [attach-window] t=18.00s pos_err=0.055m T=21.88N z=5.956 m_est=2.311
[INFO] [1789058156.486566967] [acados_nmpc_node]: [attach-window] t=18.05s pos_err=0.050m T=22.03N z=5.964 m_est=2.311
[INFO] [1789058156.532724315] [acados_nmpc_node]: [attach-window] t=18.10s pos_err=0.047m T=21.98N z=5.967 m_est=2.310
[INFO] [1789058156.585984478] [acados_nmpc_node]: [attach-window] t=18.15s pos_err=0.043m T=21.88N z=5.973 m_est=2.310
[INFO] [1789058156.620211608] [acados_nmpc_node]: [wcmd] raw=[-0.008,-0.093,-0.021] w=[-0.011,-0.395,-0.154] err=[+0.002,+0.302] scaled=[-0.001,+0.923] s=4.36
[INFO] [1789058156.632661184] [acados_nmpc_node]: [attach-window] t=18.20s pos_err=0.041m T=21.87N z=5.977 m_est=2.312
[INFO] [1789058156.686767673] [acados_nmpc_node]: [attach-window] t=18.25s pos_err=0.038m T=21.74N z=5.983 m_est=2.312
[INFO] [1789058156.739981052] [acados_nmpc_node]: [attach-window] t=18.30s pos_err=0.036m T=21.82N z=5.986 m_est=2.312
[INFO] [1789058156.786128485] [acados_nmpc_node]: [attach-window] t=18.35s pos_err=0.033m T=21.95N z=5.991 m_est=2.312
[INFO] [1789058156.820177459] [acados_nmpc_node]: [wcmd] raw=[-0.010,+0.078,+0.018] w=[+0.007,+0.407,+0.146] err=[-0.017,-0.329] scaled=[-0.069,-1.035] s=4.38
[INFO] [1789058156.832076617] [acados_nmpc_node]: [attach-window] t=18.40s pos_err=0.031m T=22.02N z=5.994 m_est=2.309
[INFO] [1789058156.886524626] [acados_nmpc_node]: [attach-window] t=18.45s pos_err=0.028m T=22.03N z=5.997 m_est=2.309
[INFO] [1789058156.932153473] [acados_nmpc_node]: [attach-window] t=18.50s pos_err=0.027m T=22.01N z=5.999 m_est=2.309
[INFO] [1789058156.986786639] [acados_nmpc_node]: [attach-window] t=18.55s pos_err=0.025m T=21.99N z=6.002 m_est=2.309
[INFO] [1789058157.020244476] [acados_nmpc_node]: [wcmd] raw=[-0.015,+0.015,-0.007] w=[-0.038,-0.492,-0.180] err=[+0.024,+0.507] scaled=[+0.066,+1.737] s=4.40
[INFO] [1789058157.032707209] [acados_nmpc_node]: [attach-window] t=18.60s pos_err=0.025m T=21.82N z=6.004 m_est=2.308
[INFO] [1789058157.086805145] [acados_nmpc_node]: [attach-window] t=18.65s pos_err=0.024m T=21.95N z=6.007 m_est=2.308
[INFO] [1789058157.132039665] [acados_nmpc_node]: [attach-window] t=18.70s pos_err=0.023m T=22.08N z=6.009 m_est=2.310
[INFO] [1789058157.186725208] [acados_nmpc_node]: [attach-window] t=18.75s pos_err=0.022m T=22.27N z=6.010 m_est=2.310
[INFO] [1789058157.220172994] [acados_nmpc_node]: [wcmd] raw=[-0.005,-0.064,+0.010] w=[+0.017,+0.412,+0.152] err=[-0.022,-0.476] scaled=[-0.080,-1.684] s=4.41
[WARN] [1789058157.279988629] [acados_nmpc_node]: t=0.00s | KKT residual abnormal! res_stat=2.921e-06 res_eq=6.027e-11 res_ineq=0.000e+00 res_comp=8.081e-07 | sqp_iter=100 | peak res_stat=2.921e-06
[WARN] [1789058157.280535733] [acados_nmpc_node]: acados solve failed [status=2, 1 consecutive] | x_cur pos=[0.99341023 0.11690991 6.0109725 ] vel=[ 0.02246253 -0.03013835  0.01817718] |q|=1.0000
[INFO] [1789058157.281088861] [acados_nmpc_node]: [attach-window] t=18.80s pos_err=0.021m T=22.27N z=6.011 m_est=2.309
[INFO] [1789058157.294551164] [acados_nmpc_node]: [attach-window] t=18.86s pos_err=0.021m T=22.25N z=6.011 m_est=2.309
[INFO] [1789058157.331919314] [acados_nmpc_node]: [attach-window] t=18.90s pos_err=0.021m T=22.10N z=6.013 m_est=2.309
[INFO] [1789058157.385699219] [acados_nmpc_node]: [attach-window] t=18.95s pos_err=0.023m T=21.24N z=6.014 m_est=2.309
[INFO] [1789058157.432263347] [acados_nmpc_node]: [attach-window] t=19.00s pos_err=0.024m T=21.74N z=6.014 m_est=2.307
[INFO] [1789058157.460277844] [acados_nmpc_node]: [wcmd] raw=[+0.028,+0.096,+0.034] w=[-0.004,+0.002,+0.033] err=[+0.032,+0.094] scaled=[+0.136,+0.419] s=4.41
[INFO] [1789058157.484951537] [acados_nmpc_node]: [attach-window] t=19.05s pos_err=0.024m T=22.52N z=6.012 m_est=2.307
[INFO] [1789058157.532378554] [acados_nmpc_node]: [attach-window] t=19.10s pos_err=0.024m T=22.69N z=6.011 m_est=2.305
[INFO] [1789058157.586179799] [acados_nmpc_node]: [attach-window] t=19.15s pos_err=0.025m T=22.92N z=6.007 m_est=2.305
[INFO] [1789058157.632248749] [acados_nmpc_node]: [attach-window] t=19.20s pos_err=0.026m T=23.05N z=6.004 m_est=2.305
[INFO] [1789058157.660207379] [acados_nmpc_node]: [wcmd] raw=[+0.007,+0.069,-0.005] w=[+0.069,+0.539,+0.203] err=[-0.062,-0.470] scaled=[-0.206,-1.538] s=4.42
[INFO] [1789058157.686618999] [acados_nmpc_node]: [attach-window] t=19.25s pos_err=0.027m T=23.01N z=6.000 m_est=2.305
[INFO] [1789058157.732148700] [acados_nmpc_node]: [attach-window] t=19.30s pos_err=0.029m T=22.96N z=5.998 m_est=2.306
[INFO] [1789058157.786647859] [acados_nmpc_node]: [attach-window] t=19.35s pos_err=0.032m T=22.77N z=5.995 m_est=2.306
[INFO] [1789058157.835044582] [acados_nmpc_node]: [attach-window] t=19.40s pos_err=0.034m T=22.50N z=5.994 m_est=2.306
[INFO] [1789058157.860241733] [acados_nmpc_node]: [wcmd] raw=[+0.002,+0.035,-0.026] w=[-0.034,-0.273,-0.125] err=[+0.036,+0.308] scaled=[+0.123,+1.090] s=4.42
[INFO] [1789058157.886762921] [acados_nmpc_node]: [attach-window] t=19.45s pos_err=0.036m T=22.47N z=5.993 m_est=2.306
[INFO] [1789058157.932157003] [acados_nmpc_node]: [attach-window] t=19.50s pos_err=0.036m T=22.56N z=5.993 m_est=2.311
[INFO] [1789058157.986461184] [acados_nmpc_node]: [attach-window] t=19.55s pos_err=0.035m T=22.66N z=5.993 m_est=2.311
[INFO] [1789058158.032904321] [acados_nmpc_node]: [attach-window] t=19.60s pos_err=0.033m T=22.59N z=5.994 m_est=2.312
[INFO] [1789058158.060209507] [acados_nmpc_node]: [wcmd] raw=[-0.026,-0.168,-0.019] w=[+0.013,+0.135,+0.012] err=[-0.039,-0.304] scaled=[-0.160,-1.208] s=4.42
[INFO] [1789058158.086043136] [acados_nmpc_node]: [attach-window] t=19.65s pos_err=0.031m T=22.41N z=5.994 m_est=2.312
[INFO] [1789058158.132439815] [acados_nmpc_node]: [attach-window] t=19.70s pos_err=0.030m T=22.38N z=5.995 m_est=2.314
[INFO] [1789058158.187037651] [acados_nmpc_node]: [attach-window] t=19.75s pos_err=0.029m T=22.15N z=5.996 m_est=2.314
[INFO] [1789058158.232850218] [acados_nmpc_node]: [attach-window] t=19.80s pos_err=0.028m T=22.27N z=5.997 m_est=2.316
[INFO] [1789058158.260200333] [acados_nmpc_node]: [wcmd] raw=[-0.007,+0.132,+0.024] w=[-0.044,+0.049,+0.005] err=[+0.037,+0.083] scaled=[+0.119,+0.416] s=4.42
[INFO] [1789058158.286175243] [acados_nmpc_node]: [attach-window] t=19.85s pos_err=0.024m T=22.44N z=5.998 m_est=2.316
[INFO] [1789058158.332140781] [acados_nmpc_node]: [attach-window] t=19.90s pos_err=0.022m T=22.49N z=5.999 m_est=2.316
[INFO] [1789058158.386226047] [acados_nmpc_node]: [attach-window] t=19.95s pos_err=0.017m T=22.54N z=5.999 m_est=2.316
[INFO] [1789058158.432195115] [acados_nmpc_node]: [attach-window] t=20.00s pos_err=0.016m T=22.55N z=5.999 m_est=2.316
[INFO] [1789058158.460175384] [acados_nmpc_node]: [wcmd] raw=[-0.006,-0.132,+0.003] w=[+0.009,-0.238,-0.079] err=[-0.015,+0.106] scaled=[-0.057,+0.232] s=4.42
[INFO] [1789058158.486423380] [acados_nmpc_node]: [attach-window] t=20.05s pos_err=0.013m T=22.54N z=5.999 m_est=2.316
[INFO] [1789058158.532725216] [acados_nmpc_node]: [attach-window] t=20.10s pos_err=0.013m T=22.44N z=5.999 m_est=2.316
[INFO] [1789058158.586240277] [acados_nmpc_node]: [attach-window] t=20.15s pos_err=0.011m T=22.43N z=5.999 m_est=2.316
[INFO] [1789058158.632057898] [acados_nmpc_node]: [attach-window] t=20.20s pos_err=0.010m T=22.46N z=6.000 m_est=2.317
[INFO] [1789058158.660197159] [acados_nmpc_node]: [wcmd] raw=[-0.001,+0.051,+0.030] w=[-0.007,+0.324,+0.138] err=[+0.006,-0.273] scaled=[+0.020,-0.885] s=4.43
[INFO] [1789058158.686685743] [acados_nmpc_node]: [attach-window] t=20.25s pos_err=0.007m T=22.51N z=6.000 m_est=2.317
[INFO] [1789058158.732385409] [acados_nmpc_node]: [attach-window] t=20.30s pos_err=0.007m T=22.44N z=6.001 m_est=2.315
[INFO] [1789058158.786276483] [acados_nmpc_node]: [attach-window] t=20.35s pos_err=0.008m T=22.33N z=6.002 m_est=2.315
[INFO] [1789058158.832287947] [acados_nmpc_node]: [attach-window] t=20.40s pos_err=0.009m T=22.28N z=6.003 m_est=2.316
[INFO] [1789058158.860184900] [acados_nmpc_node]: [wcmd] raw=[+0.011,+0.012,-0.002] w=[+0.004,-0.434,-0.124] err=[+0.008,+0.446] scaled=[+0.039,+1.538] s=4.43
[INFO] [1789058158.886807778] [acados_nmpc_node]: [attach-window] t=20.45s pos_err=0.010m T=22.16N z=6.004 m_est=2.316
[INFO] [1789058158.932510878] [acados_nmpc_node]: [attach-window] t=20.50s pos_err=0.011m T=22.21N z=6.005 m_est=2.315
[INFO] [1789058158.986088731] [acados_nmpc_node]: [attach-window] t=20.55s pos_err=0.013m T=22.32N z=6.006 m_est=2.315
[INFO] [1789058159.032656996] [acados_nmpc_node]: [attach-window] t=20.60s pos_err=0.015m T=22.31N z=6.006 m_est=2.311
[INFO] [1789058159.033157735] [acados_nmpc_node]: t=20.6s | pos_err=0.015m | T=22.31N | tau=[r0.212 p-0.441 y-0.067]Nm | res_stat=5.446e-08(peak 2.921e-06) sqp_iter=4 | solve=2.1ms
[INFO] [1789058159.033362881] [acados_nmpc_node]: [flight-diag] t=20.6s | om_scale=4.426(lo 4.312 hi 4.951) | tilt_max=2.96deg | w_max=[r0.097 p0.686 y0.231]rad/s | u_frac=[T0.735 r0.744 p1.000 y0.461] | u_sat=[T0.0 r0.0 p38.0 y0.0]% | mot_peak=1.000 mot_sat=15.4% | health=na age=na conf=na | n=100
[INFO] [1789058159.060361117] [acados_nmpc_node]: [wcmd] raw=[-0.008,-0.071,-0.002] w=[+0.013,+0.311,+0.130] err=[-0.021,-0.382] scaled=[-0.080,-1.380] s=4.43
[INFO] [1789058159.086466956] [acados_nmpc_node]: [attach-window] t=20.65s pos_err=0.016m T=22.26N z=6.007 m_est=2.311
[INFO] [1789058159.131999355] [acados_nmpc_node]: [attach-window] t=20.70s pos_err=0.017m T=22.28N z=6.008 m_est=2.312
[INFO] [1789058159.186633985] [acados_nmpc_node]: [attach-window] t=20.75s pos_err=0.018m T=22.17N z=6.009 m_est=2.312
[INFO] [1789058159.232092794] [acados_nmpc_node]: [attach-window] t=20.80s pos_err=0.018m T=22.09N z=6.009 m_est=2.311
[INFO] [1789058159.260100729] [acados_nmpc_node]: [wcmd] raw=[+0.012,+0.153,-0.002] w=[-0.003,-0.068,-0.011] err=[+0.015,+0.222] scaled=[+0.062,+0.912] s=4.43
[INFO] [1789058159.286122547] [acados_nmpc_node]: [attach-window] t=20.85s pos_err=0.019m T=22.26N z=6.010 m_est=2.311
[INFO] [1789058159.332109716] [acados_nmpc_node]: [attach-window] t=20.90s pos_err=0.019m T=22.34N z=6.010 m_est=2.310
[INFO] [1789058159.386244055] [acados_nmpc_node]: [attach-window] t=20.95s pos_err=0.020m T=22.50N z=6.010 m_est=2.310
[INFO] [1789058159.432140857] [acados_nmpc_node]: [attach-window] t=21.00s pos_err=0.019m T=22.46N z=6.010 m_est=2.308
[INFO] [1789058159.460155587] [acados_nmpc_node]: [wcmd] raw=[-0.012,-0.116,-0.032] w=[-0.002,-0.007,-0.020] err=[-0.010,-0.109] scaled=[-0.048,-0.490] s=4.43
[INFO] [1789058159.488800050] [acados_nmpc_node]: t=21.1s | DYNAMIC: switch to figure8 (r=10.0 w=0.283) centered at [1.00,0.08] z=6.0, tracking with payload
[INFO] [1789058159.491196361] [acados_nmpc_node]: [attach-window] t=21.05s pos_err=0.010m T=22.37N z=6.010 m_est=2.308
[INFO] [1789058159.532750155] [acados_nmpc_node]: [attach-window] t=21.10s pos_err=0.011m T=22.25N z=6.011 m_est=2.304
[INFO] [1789058159.587128285] [acados_nmpc_node]: [attach-window] t=21.15s pos_err=0.013m T=22.13N z=6.011 m_est=2.304
[INFO] [1789058159.632424363] [acados_nmpc_node]: [attach-window] t=21.20s pos_err=0.015m T=22.20N z=6.012 m_est=2.304
[INFO] [1789058159.660162139] [acados_nmpc_node]: [wcmd] raw=[+0.042,+0.191,+0.003] w=[+0.070,+0.284,+0.094] err=[-0.028,-0.093] scaled=[-0.051,-0.126] s=4.41
[INFO] [1789058159.686329966] [acados_nmpc_node]: [attach-window] t=21.25s pos_err=0.017m T=22.34N z=6.014 m_est=2.304
[WARN] [1789058159.779681987] [acados_nmpc_node]: t=21.30s | KKT residual abnormal! res_stat=1.495e-06 res_eq=5.285e-11 res_ineq=0.000e+00 res_comp=3.652e-07 | sqp_iter=100 | peak res_stat=2.921e-06
[WARN] [1789058159.780487592] [acados_nmpc_node]: acados solve failed [status=2, 1 consecutive] | x_cur pos=[0.98898304 0.0852933  6.01435328] vel=[0.00112827 0.01043436 0.00067088] |q|=1.0000
[INFO] [1789058159.780976210] [acados_nmpc_node]: [attach-window] t=21.30s pos_err=0.018m T=22.34N z=6.014 m_est=2.302
[INFO] [1789058159.787843877] [acados_nmpc_node]: [attach-window] t=21.35s pos_err=0.018m T=22.34N z=6.014 m_est=2.302
[INFO] [1789058159.831512500] [acados_nmpc_node]: [attach-window] t=21.40s pos_err=0.022m T=22.18N z=6.018 m_est=2.303
[INFO] [1789058159.885263843] [acados_nmpc_node]: [attach-window] t=21.45s pos_err=0.026m T=21.78N z=6.020 m_est=2.303
[INFO] [1789058159.900187156] [acados_nmpc_node]: [wcmd] raw=[-0.029,-0.161,-0.019] w=[-0.063,-0.585,-0.250] err=[+0.034,+0.424] scaled=[+0.088,+1.272] s=4.38
[INFO] [1789058159.934614400] [acados_nmpc_node]: [attach-window] t=21.50s pos_err=0.029m T=21.87N z=6.021 m_est=2.300
[INFO] [1789058159.986569084] [acados_nmpc_node]: [attach-window] t=21.55s pos_err=0.032m T=22.20N z=6.023 m_est=2.300
[INFO] [1789058160.030026004] [acados_nmpc_node]: [dJ_online] m_est=2.300 m_p=0.236 ratchet=0.398 floor=0.050 -> m_p_model=0.236(track) dJ=0.0468 | gain_base=0.398 c_xy=[-0.51,+1.13]cm
[INFO] [1789058160.032359593] [acados_nmpc_node]: [attach-window] t=21.60s pos_err=0.033m T=22.33N z=6.023 m_est=2.300
[INFO] [1789058160.086251946] [acados_nmpc_node]: [attach-window] t=21.65s pos_err=0.033m T=22.60N z=6.022 m_est=2.300
[INFO] [1789058160.100139518] [acados_nmpc_node]: [wcmd] raw=[-0.006,+0.027,+0.020] w=[+0.005,+0.394,+0.132] err=[-0.011,-0.367] scaled=[-0.042,-1.208] s=4.37
[INFO] [1789058160.132134716] [acados_nmpc_node]: [attach-window] t=21.70s pos_err=0.033m T=22.67N z=6.021 m_est=2.302
[INFO] [1789058160.186432930] [acados_nmpc_node]: [attach-window] t=21.75s pos_err=0.034m T=22.66N z=6.020 m_est=2.302
[INFO] [1789058160.232262567] [acados_nmpc_node]: [attach-window] t=21.80s pos_err=0.034m T=22.64N z=6.019 m_est=2.300
[INFO] [1789058160.286687325] [acados_nmpc_node]: [attach-window] t=21.85s pos_err=0.035m T=22.56N z=6.017 m_est=2.300
[INFO] [1789058160.300166650] [acados_nmpc_node]: [wcmd] raw=[-0.017,+0.048,+0.003] w=[-0.029,-0.322,-0.123] err=[+0.011,+0.369] scaled=[+0.021,+1.288] s=4.36
[INFO] [1789058160.332703484] [acados_nmpc_node]: [attach-window] t=21.90s pos_err=0.036m T=22.54N z=6.017 m_est=2.299
[INFO] [1789058160.386212839] [acados_nmpc_node]: [attach-window] t=21.95s pos_err=0.035m T=22.61N z=6.016 m_est=2.299
[INFO] [1789058160.432207401] [acados_nmpc_node]: [attach-window] t=22.00s pos_err=0.034m T=22.64N z=6.015 m_est=2.299
[INFO] [1789058160.486504743] [acados_nmpc_node]: [attach-window] t=22.05s pos_err=0.032m T=22.55N z=6.014 m_est=2.299
[INFO] [1789058160.500286677] [acados_nmpc_node]: [wcmd] raw=[+0.013,-0.181,+0.000] w=[+0.011,-0.068,-0.025] err=[+0.002,-0.113] scaled=[+0.021,-0.560] s=4.35
[INFO] [1789058160.532079187] [acados_nmpc_node]: [attach-window] t=22.10s pos_err=0.031m T=22.54N z=6.014 m_est=2.303
[INFO] [1789058160.586570548] [acados_nmpc_node]: [attach-window] t=22.15s pos_err=0.030m T=22.46N z=6.014 m_est=2.303
[INFO] [1789058160.632924031] [acados_nmpc_node]: [attach-window] t=22.20s pos_err=0.030m T=22.37N z=6.015 m_est=2.304
[INFO] [1789058160.686296142] [acados_nmpc_node]: [attach-window] t=22.25s pos_err=0.029m T=22.38N z=6.015 m_est=2.304
[INFO] [1789058160.700290079] [acados_nmpc_node]: [wcmd] raw=[+0.008,+0.091,+0.028] w=[+0.020,-0.060,+0.004] err=[-0.012,+0.151] scaled=[-0.033,+0.596] s=4.35
[INFO] [1789058160.732158780] [acados_nmpc_node]: [attach-window] t=22.30s pos_err=0.028m T=22.40N z=6.016 m_est=2.304
[INFO] [1789058160.784779139] [acados_nmpc_node]: [attach-window] t=22.35s pos_err=0.025m T=22.49N z=6.016 m_est=2.304
[INFO] [1789058160.832293755] [acados_nmpc_node]: [attach-window] t=22.40s pos_err=0.023m T=22.48N z=6.016 m_est=2.306
[INFO] [1789058160.887798519] [acados_nmpc_node]: [attach-window] t=22.45s pos_err=0.021m T=22.41N z=6.017 m_est=2.306
[INFO] [1789058160.900139798] [acados_nmpc_node]: [wcmd] raw=[+0.004,-0.092,+0.204] w=[-0.008,-0.182,-0.047] err=[+0.012,+0.090] scaled=[+0.043,+0.208] s=4.35
[INFO] [1789058160.933097256] [acados_nmpc_node]: [attach-window] t=22.50s pos_err=0.021m T=22.40N z=6.017 m_est=2.309
[INFO] [1789058160.987614595] [acados_nmpc_node]: [attach-window] t=22.55s pos_err=0.020m T=22.31N z=6.016 m_est=2.309
[INFO] [1789058161.033409771] [acados_nmpc_node]: [attach-window] t=22.60s pos_err=0.019m T=22.40N z=6.016 m_est=2.308
[INFO] [1789058161.087733170] [acados_nmpc_node]: [attach-window] t=22.65s pos_err=0.017m T=22.54N z=6.015 m_est=2.308
[INFO] [1789058161.100286268] [acados_nmpc_node]: [wcmd] raw=[+0.019,+0.052,+0.289] w=[+0.004,+0.360,+0.206] err=[+0.015,-0.307] scaled=[+0.069,-0.975] s=4.34
[INFO] [1789058161.133123656] [acados_nmpc_node]: [attach-window] t=22.70s pos_err=0.017m T=22.51N z=6.015 m_est=2.305
[INFO] [1789058161.187283246] [acados_nmpc_node]: [attach-window] t=22.75s pos_err=0.015m T=22.43N z=6.014 m_est=2.305
[INFO] [1789058161.233500136] [acados_nmpc_node]: [attach-window] t=22.80s pos_err=0.015m T=22.45N z=6.014 m_est=2.308
[INFO] [1789058161.311889219] [acados_nmpc_node]: [attach-window] t=22.85s pos_err=0.014m T=22.32N z=6.014 m_est=2.308
[INFO] [1789058161.320245424] [acados_nmpc_node]: [wcmd] raw=[-0.006,+0.064,+0.392] w=[-0.006,-0.393,+0.056] err=[+0.000,+0.458] scaled=[-0.005,+1.595] s=4.34
[INFO] [1789058161.333193412] [acados_nmpc_node]: [attach-window] t=22.90s pos_err=0.014m T=22.23N z=6.014 m_est=2.310
[INFO] [1789058161.387274414] [acados_nmpc_node]: [attach-window] t=22.95s pos_err=0.014m T=22.53N z=6.013 m_est=2.310
[INFO] [1789058161.432869979] [acados_nmpc_node]: [attach-window] t=23.00s pos_err=0.013m T=22.66N z=6.013 m_est=2.311
[INFO] [1789058161.486864639] [acados_nmpc_node]: [attach-window] t=23.05s pos_err=0.012m T=22.81N z=6.011 m_est=2.311
[INFO] [1789058161.520160032] [acados_nmpc_node]: [wcmd] raw=[+0.030,-0.020,+0.633] w=[+0.036,+0.394,+0.446] err=[-0.007,-0.414] scaled=[+0.008,-1.410] s=4.36
[INFO] [1789058161.533058256] [acados_nmpc_node]: [attach-window] t=23.10s pos_err=0.011m T=22.76N z=6.010 m_est=2.309
[INFO] [1789058161.587230764] [acados_nmpc_node]: [attach-window] t=23.15s pos_err=0.011m T=22.59N z=6.009 m_est=2.309
[INFO] [1789058161.633318975] [acados_nmpc_node]: [attach-window] t=23.20s pos_err=0.011m T=22.54N z=6.009 m_est=2.312
[INFO] [1789058161.687382141] [acados_nmpc_node]: [attach-window] t=23.25s pos_err=0.013m T=22.45N z=6.010 m_est=2.312
[INFO] [1789058161.720303932] [acados_nmpc_node]: [wcmd] raw=[-0.041,+0.150,+1.036] w=[-0.069,-0.175,+0.404] err=[+0.029,+0.325] scaled=[+0.056,+1.248] s=4.38
[INFO] [1789058161.733209318] [acados_nmpc_node]: [attach-window] t=23.30s pos_err=0.012m T=22.99N z=6.009 m_est=2.318
[INFO] [1789058161.787589844] [acados_nmpc_node]: [attach-window] t=23.35s pos_err=0.010m T=23.82N z=6.004 m_est=2.318
[INFO] [1789058161.833229312] [acados_nmpc_node]: [attach-window] t=23.40s pos_err=0.008m T=23.88N z=6.000 m_est=2.316
[INFO] [1789058161.885300454] [acados_nmpc_node]: [attach-window] t=23.45s pos_err=0.009m T=23.69N z=5.994 m_est=2.316
[INFO] [1789058161.920214294] [acados_nmpc_node]: [wcmd] raw=[+0.004,-0.141,+1.150] w=[+0.076,+0.111,+0.775] err=[-0.072,-0.251] scaled=[-0.244,-1.001] s=4.42
[INFO] [1789058161.932761710] [acados_nmpc_node]: [attach-window] t=23.50s pos_err=0.010m T=23.71N z=5.991 m_est=2.318
[INFO] [1789058161.987452070] [acados_nmpc_node]: [attach-window] t=23.55s pos_err=0.013m T=23.53N z=5.988 m_est=2.318
[INFO] [1789058162.033224635] [acados_nmpc_node]: [attach-window] t=23.60s pos_err=0.015m T=23.60N z=5.986 m_est=2.320
[INFO] [1789058162.087533002] [acados_nmpc_node]: [attach-window] t=23.65s pos_err=0.022m T=24.92N z=5.979 m_est=2.320
[INFO] [1789058162.120230178] [acados_nmpc_node]: [wcmd] raw=[-0.052,+0.257,+0.784] w=[-0.187,+0.140,+1.016] err=[+0.135,+0.117] scaled=[+0.413,+0.661] s=4.45
[INFO] [1789058162.133167047] [acados_nmpc_node]: [attach-window] t=23.70s pos_err=0.027m T=25.15N z=5.974 m_est=2.319
[INFO] [1789058162.187382218] [acados_nmpc_node]: [attach-window] t=23.75s pos_err=0.037m T=24.96N z=5.963 m_est=2.319
[INFO] [1789058162.233056037] [acados_nmpc_node]: [attach-window] t=23.80s pos_err=0.042m T=24.63N z=5.959 m_est=2.318
[INFO] [1789058162.287132448] [acados_nmpc_node]: [attach-window] t=23.85s pos_err=0.046m T=23.89N z=5.955 m_est=2.318
[INFO] [1789058162.320230424] [acados_nmpc_node]: [wcmd] raw=[+0.040,-0.110,+0.304] w=[+0.118,-0.219,+0.868] err=[-0.079,+0.109] scaled=[-0.233,+0.268] s=4.47
[INFO] [1789058162.332838157] [acados_nmpc_node]: [attach-window] t=23.90s pos_err=0.045m T=23.54N z=5.956 m_est=2.323
[INFO] [1789058162.385529165] [acados_nmpc_node]: [attach-window] t=23.95s pos_err=0.042m T=22.75N z=5.960 m_est=2.323
[INFO] [1789058162.432307803] [acados_nmpc_node]: [attach-window] t=24.00s pos_err=0.039m T=22.83N z=5.963 m_est=2.326
[INFO] [1789058162.485387070] [acados_nmpc_node]: [attach-window] t=24.05s pos_err=0.034m T=22.93N z=5.969 m_est=2.326
[INFO] [1789058162.520215031] [acados_nmpc_node]: [wcmd] raw=[-0.051,+0.261,-0.011] w=[-0.014,+0.249,+0.787] err=[-0.037,+0.012] scaled=[-0.180,+0.302] s=4.50
[INFO] [1789058162.532854188] [acados_nmpc_node]: [attach-window] t=24.10s pos_err=0.031m T=22.83N z=5.973 m_est=2.329
[INFO] [1789058162.587345123] [acados_nmpc_node]: [attach-window] t=24.15s pos_err=0.027m T=22.69N z=5.980 m_est=2.329
[INFO] [1789058162.632899358] [acados_nmpc_node]: [attach-window] t=24.20s pos_err=0.024m T=22.65N z=5.983 m_est=2.332
[INFO] [1789058162.706217155] [acados_nmpc_node]: [attach-window] t=24.25s pos_err=0.022m T=22.46N z=5.990 m_est=2.332
[INFO] [1789058162.732994793] [acados_nmpc_node]: [attach-window] t=24.30s pos_err=0.018m T=22.41N z=5.994 m_est=2.333
[INFO] [1789058162.740161652] [acados_nmpc_node]: [wcmd] raw=[+0.052,+0.055,-0.224] w=[+0.004,-0.144,+0.255] err=[+0.048,+0.199] scaled=[+0.222,+0.762] s=4.54
[INFO] [1789058162.787180884] [acados_nmpc_node]: [attach-window] t=24.35s pos_err=0.020m T=22.28N z=6.002 m_est=2.333
[INFO] [1789058162.832846367] [acados_nmpc_node]: [attach-window] t=24.40s pos_err=0.017m T=22.21N z=6.005 m_est=2.331
[INFO] [1789058162.887548519] [acados_nmpc_node]: [attach-window] t=24.45s pos_err=0.023m T=22.23N z=6.012 m_est=2.331
[INFO] [1789058162.933225649] [acados_nmpc_node]: [attach-window] t=24.50s pos_err=0.021m T=22.27N z=6.015 m_est=2.332
[INFO] [1789058162.940297323] [acados_nmpc_node]: [wcmd] raw=[-0.011,+0.037,-0.402] w=[+0.093,+0.270,+0.070] err=[-0.104,-0.233] scaled=[-0.383,-0.795] s=4.57
[INFO] [1789058162.987472920] [acados_nmpc_node]: [attach-window] t=24.55s pos_err=0.029m T=22.34N z=6.021 m_est=2.332
[INFO] [1789058163.032876233] [acados_nmpc_node]: [attach-window] t=24.60s pos_err=0.029m T=22.44N z=6.025 m_est=2.330
[INFO] [1789058163.087338481] [acados_nmpc_node]: [attach-window] t=24.65s pos_err=0.036m T=22.39N z=6.029 m_est=2.330
[INFO] [1789058163.133180957] [acados_nmpc_node]: [attach-window] t=24.70s pos_err=0.031m T=22.22N z=6.031 m_est=2.323
[INFO] [1789058163.140179164] [acados_nmpc_node]: [wcmd] raw=[+0.073,+0.045,-0.759] w=[-0.006,-0.102,-0.374] err=[+0.079,+0.146] scaled=[+0.358,+0.570] s=4.59
[INFO] [1789058163.187384212] [acados_nmpc_node]: [attach-window] t=24.75s pos_err=0.038m T=22.50N z=6.035 m_est=2.323
[INFO] [1789058163.233155847] [acados_nmpc_node]: [attach-window] t=24.80s pos_err=0.037m T=22.65N z=6.037 m_est=2.322
[INFO] [1789058163.287657055] [acados_nmpc_node]: [attach-window] t=24.85s pos_err=0.045m T=22.73N z=6.039 m_est=2.322
[INFO] [1789058163.332468258] [acados_nmpc_node]: [attach-window] t=24.90s pos_err=0.038m T=22.98N z=6.040 m_est=2.322
[INFO] [1789058163.340177663] [acados_nmpc_node]: [wcmd] raw=[+0.002,-0.106,-0.690] w=[+0.030,-0.054,-0.625] err=[-0.028,-0.052] scaled=[-0.098,-0.292] s=4.60
[INFO] [1789058163.386806220] [acados_nmpc_node]: [attach-window] t=24.95s pos_err=0.044m T=23.69N z=6.039 m_est=2.322
[INFO] [1789058163.433168586] [acados_nmpc_node]: [attach-window] t=25.00s pos_err=0.038m T=23.59N z=6.037 m_est=2.314
[INFO] [1789058163.487462315] [acados_nmpc_node]: [attach-window] t=25.05s pos_err=0.043m T=23.33N z=6.035 m_est=2.314
[INFO] [1789058163.532596516] [acados_nmpc_node]: [attach-window] t=25.10s pos_err=0.031m T=23.24N z=6.034 m_est=2.309
[INFO] [1789058163.540169459] [acados_nmpc_node]: [wcmd] raw=[+0.116,+0.211,-0.490] w=[+0.092,+0.329,-0.560] err=[+0.024,-0.118] scaled=[+0.201,-0.210] s=4.57
[INFO] [1789058163.587510606] [acados_nmpc_node]: [attach-window] t=25.15s pos_err=0.048m T=23.12N z=6.036 m_est=2.309
[INFO] [1789058163.632973002] [acados_nmpc_node]: [attach-window] t=25.20s pos_err=0.036m T=23.10N z=6.037 m_est=2.308
[INFO] [1789058163.686832105] [acados_nmpc_node]: [attach-window] t=25.25s pos_err=0.046m T=22.97N z=6.041 m_est=2.308
[INFO] [1789058163.732701592] [acados_nmpc_node]: [attach-window] t=25.30s pos_err=0.032m T=22.93N z=6.043 m_est=2.305
[INFO] [1789058163.740195733] [acados_nmpc_node]: [wcmd] raw=[+0.058,-0.036,-0.347] w=[+0.054,-0.504,-0.814] err=[+0.004,+0.468] scaled=[+0.074,+1.617] s=4.53
[INFO] [1789058163.787668405] [acados_nmpc_node]: [attach-window] t=25.35s pos_err=0.047m T=22.56N z=6.049 m_est=2.305
[INFO] [1789058163.833581134] [acados_nmpc_node]: [attach-window] t=25.40s pos_err=0.031m T=22.83N z=6.051 m_est=2.298
[INFO] [1789058163.887334823] [acados_nmpc_node]: [attach-window] t=25.45s pos_err=0.039m T=23.32N z=6.054 m_est=2.298
[INFO] [1789058163.932672295] [acados_nmpc_node]: [attach-window] t=25.50s pos_err=0.022m T=23.40N z=6.055 m_est=2.297
[INFO] [1789058163.940382641] [acados_nmpc_node]: [wcmd] raw=[+0.086,+0.227,-0.137] w=[+0.039,+0.384,-0.339] err=[+0.047,-0.157] scaled=[+0.247,-0.317] s=4.46
[INFO] [1789058163.986672821] [acados_nmpc_node]: [attach-window] t=25.55s pos_err=0.039m T=23.43N z=6.058 m_est=2.297
[INFO] [1789058164.032527668] [acados_nmpc_node]: [attach-window] t=25.60s pos_err=0.022m T=23.49N z=6.059 m_est=2.297
[INFO] [1789058164.033016936] [acados_nmpc_node]: t=25.6s | pos_err=0.022m | T=23.49N | tau=[r0.261 p-0.280 y0.077]Nm | res_stat=3.622e-07(peak 2.921e-06) sqp_iter=4 | solve=1.8ms
[INFO] [1789058164.033225086] [acados_nmpc_node]: [flight-diag] t=25.6s | om_scale=4.428(lo 4.343 hi 4.600) | tilt_max=6.56deg | w_max=[r0.188 p0.585 y1.151]rad/s | u_frac=[T0.802 r1.000 p1.000 y1.000] | u_sat=[T0.0 r1.0 p29.0 y25.0]% | mot_peak=1.000 mot_sat=26.1% | health=na age=na conf=na | n=100
[INFO] [1789058164.086968402] [acados_nmpc_node]: [attach-window] t=25.65s pos_err=0.028m T=23.19N z=6.064 m_est=2.297
[INFO] [1789058164.133215262] [acados_nmpc_node]: [attach-window] t=25.70s pos_err=0.019m T=23.05N z=6.068 m_est=2.296
[INFO] [1789058164.140204394] [acados_nmpc_node]: [wcmd] raw=[+0.037,+0.035,-0.117] w=[+0.088,-0.328,-0.420] err=[-0.051,+0.362] scaled=[-0.138,+1.265] s=4.39
[INFO] [1789058164.187558921] [acados_nmpc_node]: [attach-window] t=25.75s pos_err=0.022m T=22.81N z=6.075 m_est=2.296
[INFO] [1789058164.232859622] [acados_nmpc_node]: [attach-window] t=25.80s pos_err=0.012m T=23.06N z=6.079 m_est=2.299
[INFO] [1789058164.287593061] [acados_nmpc_node]: [attach-window] t=25.85s pos_err=0.011m T=23.18N z=6.085 m_est=2.299
[INFO] [1789058164.332686012] [acados_nmpc_node]: [attach-window] t=25.90s pos_err=0.020m T=23.29N z=6.089 m_est=2.302
[INFO] [1789058164.340182067] [acados_nmpc_node]: [wcmd] raw=[+0.080,-0.032,-0.104] w=[-0.003,+0.289,-0.093] err=[+0.082,-0.321] scaled=[+0.356,-1.109] s=4.35
[INFO] [1789058164.387591757] [acados_nmpc_node]: [attach-window] t=25.95s pos_err=0.010m T=23.01N z=6.096 m_est=2.302
[INFO] [1789058164.433063568] [acados_nmpc_node]: [attach-window] t=26.00s pos_err=0.017m T=22.98N z=6.102 m_est=2.307
[INFO] [1789058164.487906989] [acados_nmpc_node]: [attach-window] t=26.05s pos_err=0.006m T=22.70N z=6.111 m_est=2.307
[INFO] [1789058164.532366732] [acados_nmpc_node]: [attach-window] t=26.10s pos_err=0.029m T=22.53N z=6.117 m_est=2.310
[INFO] [1789058164.540079727] [acados_nmpc_node]: [wcmd] raw=[+0.087,-0.081,-0.206] w=[+0.163,-0.200,-0.163] err=[-0.076,+0.118] scaled=[-0.166,+0.315] s=4.35
[INFO] [1789058164.587222678] [acados_nmpc_node]: [attach-window] t=26.15s pos_err=0.014m T=22.54N z=6.127 m_est=2.310
[INFO] [1789058164.633342960] [acados_nmpc_node]: [attach-window] t=26.20s pos_err=0.025m T=22.62N z=6.134 m_est=2.314
[INFO] [1789058164.687492957] [acados_nmpc_node]: [attach-window] t=26.25s pos_err=0.011m T=22.62N z=6.145 m_est=2.314
[INFO] [1789058164.733225912] [acados_nmpc_node]: [attach-window] t=26.30s pos_err=0.033m T=22.70N z=6.150 m_est=2.314
[INFO] [1789058164.740137886] [acados_nmpc_node]: [wcmd] raw=[+0.063,-0.130,-0.338] w=[-0.009,-0.040,-0.171] err=[+0.072,-0.089] scaled=[+0.306,-0.431] s=4.38
[INFO] [1789058164.787724440] [acados_nmpc_node]: [attach-window] t=26.35s pos_err=0.020m T=22.56N z=6.160 m_est=2.314
[INFO] [1789058164.833454592] [acados_nmpc_node]: [attach-window] t=26.40s pos_err=0.030m T=22.56N z=6.167 m_est=2.317
[INFO] [1789058164.888015824] [acados_nmpc_node]: [attach-window] t=26.45s pos_err=0.022m T=22.45N z=6.178 m_est=2.317
[INFO] [1789058164.933458012] [acados_nmpc_node]: [attach-window] t=26.50s pos_err=0.043m T=22.51N z=6.183 m_est=2.318
[INFO] [1789058164.940176403] [acados_nmpc_node]: [wcmd] raw=[+0.090,+0.118,-0.445] w=[+0.174,+0.092,-0.169] err=[-0.084,+0.026] scaled=[-0.195,+0.208] s=4.40
[INFO] [1789058164.987773258] [acados_nmpc_node]: [attach-window] t=26.55s pos_err=0.033m T=22.55N z=6.194 m_est=2.318
[INFO] [1789058165.030046803] [acados_nmpc_node]: [dJ_online] m_est=2.317 m_p=0.253 ratchet=0.398 floor=0.050 -> m_p_model=0.253(track) dJ=0.0497 | gain_base=0.398 c_xy=[-0.51,+1.13]cm
[INFO] [1789058165.059111207] [acados_nmpc_node]: [attach-window] t=26.60s pos_err=0.043m T=22.64N z=6.201 m_est=2.317
[INFO] [1789058165.087716453] [acados_nmpc_node]: [attach-window] t=26.65s pos_err=0.038m T=22.55N z=6.211 m_est=2.317
[INFO] [1789058165.133336461] [acados_nmpc_node]: [attach-window] t=26.70s pos_err=0.055m T=22.66N z=6.217 m_est=2.318
[INFO] [1789058165.140283110] [acados_nmpc_node]: [wcmd] raw=[+0.045,-0.104,-0.576] w=[-0.066,-0.341,-0.492] err=[+0.110,+0.237] scaled=[+0.423,+0.708] s=4.42
[INFO] [1789058165.188066347] [acados_nmpc_node]: [attach-window] t=26.75s pos_err=0.050m T=22.54N z=6.228 m_est=2.318
[INFO] [1789058165.233629271] [acados_nmpc_node]: [attach-window] t=26.80s pos_err=0.059m T=22.39N z=6.235 m_est=2.318
[INFO] [1789058165.287608846] [acados_nmpc_node]: [attach-window] t=26.85s pos_err=0.056m T=22.41N z=6.247 m_est=2.318
[INFO] [1789058165.333291884] [acados_nmpc_node]: [attach-window] t=26.90s pos_err=0.073m T=22.51N z=6.253 m_est=2.318
[INFO] [1789058165.340167358] [acados_nmpc_node]: [wcmd] raw=[+0.089,+0.101,-0.586] w=[+0.189,+0.311,-0.325] err=[-0.100,-0.211] scaled=[-0.253,-0.624] s=4.44
[INFO] [1789058165.387823261] [acados_nmpc_node]: [attach-window] t=26.95s pos_err=0.064m T=22.53N z=6.266 m_est=2.318
[INFO] [1789058165.433269871] [acados_nmpc_node]: [attach-window] t=27.00s pos_err=0.077m T=22.59N z=6.271 m_est=2.313
[INFO] [1789058165.487661793] [acados_nmpc_node]: [attach-window] t=27.05s pos_err=0.074m T=22.84N z=6.282 m_est=2.313
[INFO] [1789058165.533147610] [acados_nmpc_node]: [attach-window] t=27.10s pos_err=0.089m T=22.86N z=6.286 m_est=2.310
[INFO] [1789058165.540134047] [acados_nmpc_node]: [wcmd] raw=[+0.074,-0.071,-0.652] w=[-0.042,-0.448,-0.730] err=[+0.117,+0.377] scaled=[+0.475,+1.226] s=4.44
[INFO] [1789058165.587664377] [acados_nmpc_node]: [attach-window] t=27.15s pos_err=0.084m T=22.70N z=6.296 m_est=2.310
[INFO] [1789058165.633249513] [acados_nmpc_node]: [attach-window] t=27.20s pos_err=0.093m T=22.65N z=6.302 m_est=2.307
[INFO] [1789058165.687593193] [acados_nmpc_node]: [attach-window] t=27.25s pos_err=0.090m T=22.64N z=6.312 m_est=2.307
[INFO] [1789058165.766309534] [acados_nmpc_node]: [attach-window] t=27.30s pos_err=0.106m T=22.71N z=6.318 m_est=2.301
[INFO] [1789058165.766907530] [acados_nmpc_node]: [wcmd] raw=[+0.085,-0.108,-0.611] w=[+0.159,+0.405,-0.434] err=[-0.074,-0.512] scaled=[-0.169,-1.864] s=4.43
[INFO] [1789058165.787617608] [acados_nmpc_node]: [attach-window] t=27.35s pos_err=0.100m T=22.60N z=6.329 m_est=2.301
[INFO] [1789058165.833028767] [acados_nmpc_node]: [attach-window] t=27.40s pos_err=0.109m T=22.62N z=6.336 m_est=2.296
[INFO] [1789058165.887676996] [acados_nmpc_node]: [attach-window] t=27.45s pos_err=0.105m T=22.25N z=6.348 m_est=2.296
[INFO] [1789058165.961553798] [acados_nmpc_node]: [attach-window] t=27.50s pos_err=0.122m T=21.97N z=6.354 m_est=2.290
[INFO] [1789058165.987689452] [acados_nmpc_node]: [attach-window] t=27.55s pos_err=0.116m T=22.24N z=6.366 m_est=2.290
[INFO] [1789058165.988107636] [acados_nmpc_node]: [wcmd] raw=[+0.052,+0.239,-0.530] w=[+0.065,-0.042,-0.613] err=[-0.013,+0.280] scaled=[+0.009,+1.184] s=4.37
[INFO] [1789058166.058893703] [acados_nmpc_node]: [attach-window] t=27.60s pos_err=0.125m T=22.39N z=6.374 m_est=2.288
[INFO] [1789058166.087565122] [acados_nmpc_node]: [attach-window] t=27.65s pos_err=0.118m T=22.53N z=6.386 m_est=2.288
[INFO] [1789058166.133122288] [acados_nmpc_node]: [attach-window] t=27.70s pos_err=0.134m T=22.59N z=6.392 m_est=2.284
[INFO] [1789058166.187425641] [acados_nmpc_node]: [attach-window] t=27.75s pos_err=0.125m T=22.58N z=6.403 m_est=2.284
[INFO] [1789058166.187833774] [acados_nmpc_node]: [wcmd] raw=[+0.060,-0.343,-0.558] w=[+0.009,+0.029,-0.609] err=[+0.050,-0.372] scaled=[+0.226,-1.570] s=4.30
[INFO] [1789058166.233168921] [acados_nmpc_node]: [attach-window] t=27.80s pos_err=0.132m T=22.60N z=6.410 m_est=2.280
[INFO] [1789058166.287882122] [acados_nmpc_node]: [attach-window] t=27.85s pos_err=0.124m T=22.45N z=6.420 m_est=2.280
[INFO] [1789058166.333250739] [acados_nmpc_node]: [attach-window] t=27.90s pos_err=0.140m T=22.21N z=6.426 m_est=2.275
[INFO] [1789058166.387616481] [acados_nmpc_node]: [attach-window] t=27.95s pos_err=0.130m T=22.33N z=6.437 m_est=2.275
[INFO] [1789058166.388035353] [acados_nmpc_node]: [wcmd] raw=[+0.056,+0.098,-0.459] w=[+0.164,-0.144,-0.580] err=[-0.108,+0.242] scaled=[-0.292,+0.876] s=4.22
[INFO] [1789058166.433263040] [acados_nmpc_node]: [attach-window] t=28.00s pos_err=0.137m T=22.44N z=6.443 m_est=2.274
[INFO] [1789058166.487770417] [acados_nmpc_node]: [attach-window] t=28.05s pos_err=0.126m T=22.57N z=6.453 m_est=2.274
[INFO] [1789058166.533207653] [acados_nmpc_node]: [attach-window] t=28.10s pos_err=0.131m T=22.65N z=6.459 m_est=2.271
[INFO] [1789058166.587581884] [acados_nmpc_node]: [attach-window] t=28.15s pos_err=0.127m T=22.57N z=6.468 m_est=2.271
[INFO] [1789058166.587991647] [acados_nmpc_node]: [wcmd] raw=[+0.019,-0.202,-0.468] w=[-0.049,-0.099,-0.562] err=[+0.068,-0.103] scaled=[+0.232,-0.526] s=4.14
[INFO] [1789058166.633432615] [acados_nmpc_node]: [attach-window] t=28.20s pos_err=0.132m T=22.62N z=6.474 m_est=2.273
[INFO] [1789058166.687783196] [acados_nmpc_node]: [attach-window] t=28.25s pos_err=0.122m T=22.49N z=6.483 m_est=2.273
[INFO] [1789058166.733230095] [acados_nmpc_node]: [attach-window] t=28.30s pos_err=0.134m T=22.44N z=6.488 m_est=2.273
[INFO] [1789058166.787562391] [acados_nmpc_node]: [attach-window] t=28.35s pos_err=0.116m T=22.50N z=6.498 m_est=2.273
[INFO] [1789058166.787975525] [acados_nmpc_node]: [wcmd] raw=[+0.042,-0.038,-0.406] w=[+0.111,+0.090,-0.405] err=[-0.069,-0.128] scaled=[-0.170,-0.432] s=4.08
[INFO] [1789058166.833191037] [acados_nmpc_node]: [attach-window] t=28.40s pos_err=0.125m T=22.66N z=6.503 m_est=2.272
[INFO] [1789058166.887669259] [acados_nmpc_node]: [attach-window] t=28.45s pos_err=0.114m T=22.59N z=6.512 m_est=2.272
[INFO] [1789058166.933228527] [acados_nmpc_node]: [attach-window] t=28.50s pos_err=0.125m T=22.71N z=6.516 m_est=2.272
[INFO] [1789058166.988051521] [acados_nmpc_node]: [attach-window] t=28.55s pos_err=0.112m T=22.58N z=6.526 m_est=2.272
[INFO] [1789058166.988479410] [acados_nmpc_node]: [wcmd] raw=[+0.007,-0.113,-0.460] w=[-0.011,-0.462,-0.608] err=[+0.017,+0.348] scaled=[+0.060,+0.945] s=4.04
[INFO] [1789058167.033373146] [acados_nmpc_node]: [attach-window] t=28.60s pos_err=0.117m T=22.42N z=6.531 m_est=2.275
[INFO] [1789058167.087798407] [acados_nmpc_node]: [attach-window] t=28.65s pos_err=0.106m T=22.30N z=6.541 m_est=2.275
[INFO] [1789058167.133214768] [acados_nmpc_node]: [attach-window] t=28.70s pos_err=0.122m T=22.35N z=6.546 m_est=2.277
[INFO] [1789058167.187970554] [acados_nmpc_node]: [attach-window] t=28.75s pos_err=0.110m T=22.44N z=6.556 m_est=2.277
[INFO] [1789058167.188404923] [acados_nmpc_node]: [wcmd] raw=[-0.005,-0.068,-0.399] w=[+0.034,+0.308,-0.287] err=[-0.040,-0.376] scaled=[-0.125,-1.202] s=4.01
[INFO] [1789058167.233214496] [acados_nmpc_node]: [attach-window] t=28.80s pos_err=0.117m T=22.47N z=6.562 m_est=2.271
[INFO] [1789058167.287808280] [acados_nmpc_node]: [attach-window] t=28.85s pos_err=0.106m T=22.33N z=6.570 m_est=2.271
[INFO] [1789058167.333072976] [acados_nmpc_node]: [attach-window] t=28.90s pos_err=0.124m T=22.47N z=6.574 m_est=2.275
[INFO] [1789058167.387818945] [acados_nmpc_node]: [attach-window] t=28.95s pos_err=0.111m T=22.39N z=6.582 m_est=2.275
[INFO] [1789058167.388237403] [acados_nmpc_node]: [wcmd] raw=[-0.005,-0.234,-0.449] w=[-0.029,-0.595,-0.613] err=[+0.025,+0.362] scaled=[+0.069,+0.849] s=3.99
[INFO] [1789058167.433276070] [acados_nmpc_node]: [attach-window] t=29.00s pos_err=0.120m T=22.31N z=6.586 m_est=2.281
[INFO] [1789058167.487719237] [acados_nmpc_node]: [attach-window] t=29.05s pos_err=0.108m T=22.35N z=6.593 m_est=2.281
[INFO] [1789058167.533118970] [acados_nmpc_node]: [attach-window] t=29.10s pos_err=0.129m T=22.39N z=6.597 m_est=2.279
[INFO] [1789058167.587840569] [acados_nmpc_node]: [attach-window] t=29.15s pos_err=0.102m T=22.43N z=6.603 m_est=2.279
[INFO] [1789058167.588272289] [acados_nmpc_node]: [wcmd] raw=[-0.025,-0.222,-0.427] w=[+0.009,+0.239,-0.292] err=[-0.034,-0.461] scaled=[-0.128,-1.607] s=4.01
[INFO] [1789058167.633021533] [acados_nmpc_node]: [attach-window] t=29.20s pos_err=0.121m T=22.52N z=6.606 m_est=2.278
[INFO] [1789058167.687766087] [acados_nmpc_node]: [attach-window] t=29.25s pos_err=0.106m T=22.42N z=6.611 m_est=2.278
[INFO] [1789058167.733866151] [acados_nmpc_node]: [attach-window] t=29.30s pos_err=0.115m T=22.53N z=6.615 m_est=2.289
[INFO] [1789058167.787957362] [acados_nmpc_node]: [attach-window] t=29.35s pos_err=0.101m T=22.46N z=6.620 m_est=2.289
[INFO] [1789058167.788403427] [acados_nmpc_node]: [wcmd] raw=[+0.030,-0.129,-0.481] w=[+0.018,-0.465,-0.540] err=[+0.011,+0.336] scaled=[+0.064,+0.890] s=4.03
[INFO] [1789058167.833656521] [acados_nmpc_node]: [attach-window] t=29.40s pos_err=0.123m T=22.47N z=6.622 m_est=2.293
[INFO] [1789058167.887700226] [acados_nmpc_node]: [attach-window] t=29.45s pos_err=0.106m T=22.51N z=6.627 m_est=2.293
[INFO] [1789058167.933441385] [acados_nmpc_node]: [attach-window] t=29.50s pos_err=0.130m T=22.54N z=6.629 m_est=2.291
[INFO] [1789058167.987989275] [acados_nmpc_node]: [attach-window] t=29.55s pos_err=0.111m T=22.48N z=6.634 m_est=2.291
[INFO] [1789058167.988412040] [acados_nmpc_node]: [wcmd] raw=[+0.013,-0.239,-0.540] w=[+0.029,+0.048,-0.384] err=[-0.016,-0.288] scaled=[-0.035,-1.123] s=4.07
[INFO] [1789058168.033351903] [acados_nmpc_node]: [attach-window] t=29.60s pos_err=0.121m T=22.60N z=6.636 m_est=2.299
[INFO] [1789058168.087818113] [acados_nmpc_node]: [attach-window] t=29.65s pos_err=0.104m T=22.64N z=6.639 m_est=2.299
[INFO] [1789058168.133728809] [acados_nmpc_node]: [attach-window] t=29.70s pos_err=0.115m T=22.65N z=6.641 m_est=2.306
[INFO] [1789058168.188204266] [acados_nmpc_node]: [attach-window] t=29.75s pos_err=0.114m T=22.64N z=6.643 m_est=2.306
[INFO] [1789058168.188624314] [acados_nmpc_node]: [wcmd] raw=[+0.026,-0.028,-0.603] w=[+0.062,-0.193,-0.499] err=[-0.036,+0.166] scaled=[-0.086,+0.494] s=4.15
[INFO] [1789058168.233611899] [acados_nmpc_node]: [attach-window] t=29.80s pos_err=0.125m T=22.68N z=6.645 m_est=2.307
[INFO] [1789058168.288219037] [acados_nmpc_node]: [attach-window] t=29.85s pos_err=0.107m T=22.73N z=6.646 m_est=2.307
[INFO] [1789058168.333548098] [acados_nmpc_node]: [attach-window] t=29.90s pos_err=0.133m T=22.69N z=6.647 m_est=2.304
[INFO] [1789058168.387911717] [acados_nmpc_node]: [attach-window] t=29.95s pos_err=0.116m T=22.63N z=6.648 m_est=2.304
[INFO] [1789058168.388340129] [acados_nmpc_node]: [wcmd] raw=[+0.006,-0.224,-0.745] w=[-0.020,-0.188,-0.586] err=[+0.026,-0.036] scaled=[+0.089,-0.340] s=4.22
[INFO] [1789058168.433399833] [acados_nmpc_node]: [attach-window] t=30.00s pos_err=0.127m T=22.66N z=6.648 m_est=2.308
[INFO] [1789058168.488283731] [acados_nmpc_node]: [attach-window] t=30.05s pos_err=0.113m T=22.62N z=6.649 m_est=2.308
[INFO] [1789058168.533806008] [acados_nmpc_node]: [attach-window] t=30.10s pos_err=0.138m T=22.58N z=6.649 m_est=2.311
[INFO] [1789058168.588246227] [acados_nmpc_node]: [attach-window] t=30.15s pos_err=0.123m T=22.62N z=6.649 m_est=2.311
[INFO] [1789058168.588664416] [acados_nmpc_node]: [wcmd] raw=[-0.011,-0.067,-0.848] w=[+0.087,+0.110,-0.546] err=[-0.098,-0.176] scaled=[-0.331,-0.642] s=4.27
[INFO] [1789058168.641181707] [acados_nmpc_node]: [attach-window] t=30.20s pos_err=0.133m T=22.60N z=6.649 m_est=2.310
[INFO] [1789058168.695611941] [acados_nmpc_node]: [attach-window] t=30.25s pos_err=0.119m T=22.52N z=6.649 m_est=2.310
[INFO] [1789058168.733318301] [acados_nmpc_node]: [attach-window] t=30.30s pos_err=0.140m T=22.52N z=6.649 m_est=2.311
[INFO] [1789058168.788134235] [acados_nmpc_node]: [attach-window] t=30.35s pos_err=0.128m T=22.49N z=6.648 m_est=2.311
[INFO] [1789058168.788552964] [acados_nmpc_node]: [wcmd] raw=[+0.014,-0.234,-1.084] w=[-0.097,-0.554,-0.940] err=[+0.112,+0.321] scaled=[+0.382,+0.824] s=4.30
[INFO] [1789058168.833529224] [acados_nmpc_node]: [attach-window] t=30.40s pos_err=0.137m T=22.36N z=6.647 m_est=2.314
[INFO] [1789058168.886027138] [acados_nmpc_node]: [attach-window] t=30.45s pos_err=0.124m T=22.41N z=6.646 m_est=2.314
[INFO] [1789058168.932543522] [acados_nmpc_node]: [attach-window] t=30.50s pos_err=0.143m T=22.43N z=6.645 m_est=2.314
[INFO] [1789058168.986338242] [acados_nmpc_node]: [attach-window] t=30.55s pos_err=0.129m T=22.49N z=6.643 m_est=2.314
[INFO] [1789058168.986652540] [acados_nmpc_node]: [wcmd] raw=[-0.054,-0.127,-1.256] w=[+0.090,+0.285,-0.776] err=[-0.144,-0.412] scaled=[-0.537,-1.505] s=4.35
[INFO] [1789058169.032762890] [acados_nmpc_node]: [attach-window] t=30.60s pos_err=0.136m T=22.42N z=6.642 m_est=2.310
[INFO] [1789058169.033106005] [acados_nmpc_node]: t=30.6s | pos_err=0.136m | T=22.42N | tau=[r0.206 p-0.333 y-0.195]Nm | res_stat=5.605e-07(peak 2.921e-06) sqp_iter=6 | solve=2.3ms
[INFO] [1789058169.033258843] [acados_nmpc_node]: [flight-diag] t=30.6s | om_scale=4.354(lo 3.991 hi 4.447) | tilt_max=11.18deg | w_max=[r0.187 p0.696 y0.952]rad/s | u_frac=[T0.743 r0.859 p1.000 y0.993] | u_sat=[T0.0 r0.0 p29.0 y1.0]% | mot_peak=1.000 mot_sat=19.8% | health=na age=na conf=na | n=100
[INFO] [1789058169.085741285] [acados_nmpc_node]: [attach-window] t=30.65s pos_err=0.123m T=22.91N z=6.637 m_est=2.310
[INFO] [1789058169.133568327] [acados_nmpc_node]: [attach-window] t=30.70s pos_err=0.129m T=22.99N z=6.633 m_est=2.309
[INFO] [1789058169.188518479] [acados_nmpc_node]: [attach-window] t=30.75s pos_err=0.126m T=22.91N z=6.627 m_est=2.309
[INFO] [1789058169.188945184] [acados_nmpc_node]: [wcmd] raw=[+0.079,-0.152,-1.501] w=[-0.050,-0.483,-1.262] err=[+0.129,+0.330] scaled=[+0.517,+0.966] s=4.38
[INFO] [1789058169.233639642] [acados_nmpc_node]: [attach-window] t=30.80s pos_err=0.129m T=23.25N z=6.621 m_est=2.311
[INFO] [1789058169.289093852] [acados_nmpc_node]: [attach-window] t=30.86s pos_err=0.120m T=23.63N z=6.611 m_est=2.311
[INFO] [1789058169.334148560] [acados_nmpc_node]: [attach-window] t=30.90s pos_err=0.127m T=23.63N z=6.606 m_est=2.308
[INFO] [1789058169.388531597] [acados_nmpc_node]: [attach-window] t=30.95s pos_err=0.118m T=24.01N z=6.594 m_est=2.308
[INFO] [1789058169.388956125] [acados_nmpc_node]: [wcmd] raw=[-0.037,-0.207,-1.601] w=[+0.078,+0.234,-1.230] err=[-0.116,-0.441] scaled=[-0.431,-1.710] s=4.41
[INFO] [1789058169.434858050] [acados_nmpc_node]: [attach-window] t=31.00s pos_err=0.118m T=24.56N z=6.586 m_est=2.304
[INFO] [1789058169.489289007] [acados_nmpc_node]: [attach-window] t=31.05s pos_err=0.112m T=25.12N z=6.568 m_est=2.304
[INFO] [1789058169.533420442] [acados_nmpc_node]: [attach-window] t=31.10s pos_err=0.116m T=24.72N z=6.559 m_est=2.298
[INFO] [1789058169.588478991] [acados_nmpc_node]: [attach-window] t=31.15s pos_err=0.111m T=25.13N z=6.541 m_est=2.298
[INFO] [1789058169.588905939] [acados_nmpc_node]: [wcmd] raw=[+0.062,+0.079,-1.485] w=[+0.063,-0.241,-1.565] err=[-0.001,+0.319] scaled=[+0.060,+1.162] s=4.39
[INFO] [1789058169.633454291] [acados_nmpc_node]: [attach-window] t=31.20s pos_err=0.112m T=25.12N z=6.530 m_est=2.296
[INFO] [1789058169.688230744] [acados_nmpc_node]: [attach-window] t=31.25s pos_err=0.110m T=24.78N z=6.515 m_est=2.296
[INFO] [1789058169.733571760] [acados_nmpc_node]: [attach-window] t=31.30s pos_err=0.110m T=24.56N z=6.508 m_est=2.294
[INFO] [1789058169.788041311] [acados_nmpc_node]: [attach-window] t=31.35s pos_err=0.106m T=24.98N z=6.495 m_est=2.294
[INFO] [1789058169.788457366] [acados_nmpc_node]: [wcmd] raw=[-0.017,-0.236,-1.220] w=[-0.097,+0.010,-1.580] err=[+0.080,-0.246] scaled=[+0.251,-1.059] s=4.35
[INFO] [1789058169.833344909] [acados_nmpc_node]: [attach-window] t=31.40s pos_err=0.104m T=24.83N z=6.487 m_est=2.290
[INFO] [1789058169.888465388] [acados_nmpc_node]: [attach-window] t=31.45s pos_err=0.102m T=24.06N z=6.475 m_est=2.290
[INFO] [1789058169.933290392] [acados_nmpc_node]: [attach-window] t=31.50s pos_err=0.098m T=23.95N z=6.469 m_est=2.287
[INFO] [1789058169.987914114] [acados_nmpc_node]: [attach-window] t=31.55s pos_err=0.096m T=23.87N z=6.460 m_est=2.287
[INFO] [1789058169.988346077] [acados_nmpc_node]: [wcmd] raw=[+0.055,+0.114,-0.875] w=[+0.123,+0.061,-1.368] err=[-0.069,+0.053] scaled=[-0.172,+0.289] s=4.30
[INFO] [1789058170.030062385] [acados_nmpc_node]: [dJ_online] m_est=2.283 m_p=0.219 ratchet=0.398 floor=0.050 -> m_p_model=0.219(track) dJ=0.0437 | gain_base=0.398 c_xy=[-0.51,+1.13]cm
[INFO] [1789058170.033523220] [acados_nmpc_node]: [attach-window] t=31.60s pos_err=0.089m T=23.73N z=6.456 m_est=2.283
[INFO] [1789058170.088062837] [acados_nmpc_node]: [attach-window] t=31.65s pos_err=0.084m T=23.51N z=6.449 m_est=2.283
[INFO] [1789058170.133196174] [acados_nmpc_node]: [attach-window] t=31.70s pos_err=0.079m T=23.40N z=6.446 m_est=2.279
[INFO] [1789058170.188046440] [acados_nmpc_node]: [attach-window] t=31.75s pos_err=0.071m T=23.01N z=6.440 m_est=2.279
[INFO] [1789058170.188470891] [acados_nmpc_node]: [wcmd] raw=[+0.004,-0.085,-0.705] w=[-0.029,-0.089,-1.211] err=[+0.033,+0.004] scaled=[+0.112,-0.073] s=4.23
[INFO] [1789058170.233384019] [acados_nmpc_node]: [attach-window] t=31.80s pos_err=0.065m T=22.82N z=6.438 m_est=2.280
[INFO] [1789058170.288385948] [acados_nmpc_node]: [attach-window] t=31.85s pos_err=0.056m T=22.58N z=6.433 m_est=2.280
[INFO] [1789058170.333450880] [acados_nmpc_node]: [attach-window] t=31.90s pos_err=0.058m T=22.58N z=6.431 m_est=2.281
[INFO] [1789058170.388164870] [acados_nmpc_node]: [attach-window] t=31.95s pos_err=0.045m T=22.58N z=6.426 m_est=2.281
[INFO] [1789058170.388580928] [acados_nmpc_node]: [wcmd] raw=[+0.081,-0.027,-0.284] w=[+0.020,+0.155,-0.782] err=[+0.061,-0.183] scaled=[+0.274,-0.604] s=4.16
[INFO] [1789058170.433318179] [acados_nmpc_node]: [attach-window] t=32.00s pos_err=0.048m T=22.66N z=6.422 m_est=2.279
[INFO] [1789058170.487956406] [acados_nmpc_node]: [attach-window] t=32.05s pos_err=0.035m T=22.58N z=6.415 m_est=2.279
[INFO] [1789058170.533322134] [acados_nmpc_node]: [attach-window] t=32.10s pos_err=0.056m T=22.69N z=6.412 m_est=2.278
[INFO] [1789058170.588137501] [acados_nmpc_node]: [attach-window] t=32.15s pos_err=0.042m T=22.60N z=6.404 m_est=2.278
[INFO] [1789058170.588550672] [acados_nmpc_node]: [wcmd] raw=[+0.010,-0.063,-0.148] w=[+0.128,-0.377,-0.648] err=[-0.119,+0.315] scaled=[-0.359,+0.916] s=4.11
[INFO] [1789058170.633271177] [acados_nmpc_node]: [attach-window] t=32.20s pos_err=0.057m T=22.81N z=6.399 m_est=2.283
[INFO] [1789058170.687969776] [acados_nmpc_node]: [attach-window] t=32.25s pos_err=0.046m T=23.63N z=6.387 m_est=2.283
[INFO] [1789058170.733333655] [acados_nmpc_node]: [attach-window] t=32.30s pos_err=0.080m T=23.84N z=6.379 m_est=2.281
[INFO] [1789058170.788110147] [acados_nmpc_node]: [attach-window] t=32.35s pos_err=0.056m T=23.67N z=6.362 m_est=2.281
[INFO] [1789058170.788520411] [acados_nmpc_node]: [wcmd] raw=[+0.046,-0.197,+0.259] w=[-0.079,+0.242,-0.134] err=[+0.125,-0.439] scaled=[+0.433,-1.551] s=4.08
[INFO] [1789058170.833054421] [acados_nmpc_node]: [attach-window] t=32.40s pos_err=0.087m T=23.65N z=6.354 m_est=2.277
[INFO] [1789058170.887660402] [acados_nmpc_node]: [attach-window] t=32.45s pos_err=0.076m T=23.33N z=6.340 m_est=2.277
[INFO] [1789058170.932969112] [acados_nmpc_node]: [attach-window] t=32.50s pos_err=0.111m T=23.23N z=6.334 m_est=2.283
[INFO] [1789058171.021562132] [acados_nmpc_node]: [attach-window] t=32.55s pos_err=0.099m T=23.00N z=6.324 m_est=2.283
[INFO] [1789058171.022017591] [acados_nmpc_node]: [wcmd] raw=[-0.041,+0.098,+0.241] w=[+0.095,-0.393,-0.044] err=[-0.136,+0.490] scaled=[-0.459,+1.596] s=4.06
[INFO] [1789058171.033198212] [acados_nmpc_node]: [attach-window] t=32.60s pos_err=0.117m T=23.52N z=6.316 m_est=2.290
[INFO] [1789058171.087477312] [acados_nmpc_node]: [attach-window] t=32.65s pos_err=0.105m T=24.39N z=6.301 m_est=2.290
[INFO] [1789058171.133131311] [acados_nmpc_node]: [attach-window] t=32.70s pos_err=0.142m T=24.46N z=6.292 m_est=2.284
[INFO] [1789058171.187738190] [acados_nmpc_node]: [attach-window] t=32.75s pos_err=0.128m T=24.02N z=6.275 m_est=2.284
[INFO] [1789058171.220179459] [acados_nmpc_node]: [wcmd] raw=[-0.013,-0.246,+0.075] w=[-0.069,-0.105,+0.191] err=[+0.055,-0.141] scaled=[+0.157,-0.682] s=4.09
[INFO] [1789058171.232826718] [acados_nmpc_node]: [attach-window] t=32.80s pos_err=0.147m T=23.77N z=6.266 m_est=2.286
[INFO] [1789058171.288126275] [acados_nmpc_node]: [attach-window] t=32.85s pos_err=0.131m T=23.19N z=6.254 m_est=2.286
[INFO] [1789058171.333277612] [acados_nmpc_node]: [attach-window] t=32.90s pos_err=0.170m T=22.86N z=6.249 m_est=2.296
[INFO] [1789058171.387976184] [acados_nmpc_node]: [attach-window] t=32.95s pos_err=0.151m T=22.60N z=6.242 m_est=2.296
[INFO] [1789058171.420209418] [acados_nmpc_node]: [wcmd] raw=[-0.060,+0.108,-0.047] w=[+0.019,+0.076,+0.282] err=[-0.080,+0.032] scaled=[-0.309,+0.207] s=4.12
[INFO] [1789058171.432992807] [acados_nmpc_node]: [attach-window] t=33.00s pos_err=0.168m T=22.53N z=6.237 m_est=2.300
[INFO] [1789058171.487548111] [acados_nmpc_node]: [attach-window] t=33.05s pos_err=0.146m T=22.43N z=6.230 m_est=2.300
[INFO] [1789058171.533160477] [acados_nmpc_node]: [attach-window] t=33.10s pos_err=0.187m T=22.45N z=6.227 m_est=2.297
[INFO] [1789058171.587503202] [acados_nmpc_node]: [attach-window] t=33.15s pos_err=0.164m T=22.22N z=6.219 m_est=2.297
[INFO] [1789058171.620191099] [acados_nmpc_node]: [wcmd] raw=[-0.051,-0.184,-0.213] w=[-0.144,-0.326,-0.012] err=[+0.093,+0.142] scaled=[+0.245,+0.268] s=4.18
[INFO] [1789058171.633064706] [acados_nmpc_node]: [attach-window] t=33.20s pos_err=0.184m T=22.17N z=6.215 m_est=2.303
[INFO] [1789058171.687926026] [acados_nmpc_node]: [attach-window] t=33.25s pos_err=0.162m T=22.01N z=6.207 m_est=2.303
[INFO] [1789058171.738528926] [acados_nmpc_node]: [attach-window] t=33.30s pos_err=0.206m T=21.93N z=6.203 m_est=2.309
[INFO] [1789058171.787506337] [acados_nmpc_node]: [attach-window] t=33.35s pos_err=0.158m T=22.05N z=6.193 m_est=2.309
[INFO] [1789058171.820192374] [acados_nmpc_node]: [wcmd] raw=[-0.043,-0.117,-0.239] w=[+0.072,+0.248,+0.109] err=[-0.114,-0.365] scaled=[-0.413,-1.297] s=4.24
[INFO] [1789058171.833087793] [acados_nmpc_node]: [attach-window] t=33.40s pos_err=0.199m T=22.18N z=6.188 m_est=2.308
[INFO] [1789058171.887448638] [acados_nmpc_node]: [attach-window] t=33.45s pos_err=0.173m T=22.08N z=6.178 m_est=2.308
[INFO] [1789058171.932716589] [acados_nmpc_node]: [attach-window] t=33.50s pos_err=0.216m T=22.14N z=6.173 m_est=2.307
[INFO] [1789058171.988360919] [acados_nmpc_node]: [attach-window] t=33.56s pos_err=0.192m T=22.05N z=6.162 m_est=2.307
[INFO] [1789058172.020219238] [acados_nmpc_node]: [wcmd] raw=[-0.062,-0.015,-0.248] w=[-0.141,-0.421,-0.273] err=[+0.079,+0.405] scaled=[+0.198,+1.319] s=4.29
[INFO] [1789058172.033407275] [acados_nmpc_node]: [attach-window] t=33.60s pos_err=0.210m T=21.83N z=6.155 m_est=2.308
[INFO] [1789058172.087630600] [acados_nmpc_node]: [attach-window] t=33.65s pos_err=0.185m T=21.92N z=6.144 m_est=2.308
[INFO] [1789058172.132969403] [acados_nmpc_node]: [attach-window] t=33.70s pos_err=0.229m T=22.00N z=6.138 m_est=2.308
[INFO] [1789058172.185502554] [acados_nmpc_node]: [attach-window] t=33.75s pos_err=0.198m T=22.18N z=6.126 m_est=2.308
[INFO] [1789058172.220100560] [acados_nmpc_node]: [wcmd] raw=[-0.044,-0.195,-0.178] w=[+0.000,+0.156,-0.096] err=[-0.044,-0.351] scaled=[-0.190,-1.362] s=4.33
[INFO] [1789058172.232797803] [acados_nmpc_node]: [attach-window] t=33.80s pos_err=0.220m T=22.32N z=6.117 m_est=2.307
[INFO] [1789058172.287773051] [acados_nmpc_node]: [attach-window] t=33.85s pos_err=0.196m T=22.29N z=6.103 m_est=2.307
[INFO] [1789058172.342604897] [acados_nmpc_node]: [attach-window] t=33.90s pos_err=0.241m T=22.22N z=6.096 m_est=2.306
[INFO] [1789058172.413001769] [acados_nmpc_node]: [attach-window] t=33.96s pos_err=0.216m T=22.19N z=6.082 m_est=2.306
[INFO] [1789058172.433464056] [acados_nmpc_node]: [attach-window] t=34.00s pos_err=0.236m T=22.17N z=6.072 m_est=2.306
[INFO] [1789058172.440166922] [acados_nmpc_node]: [wcmd] raw=[-0.024,+0.154,-0.068] w=[-0.062,+0.178,-0.076] err=[+0.038,-0.024] scaled=[+0.103,+0.075] s=4.36
[INFO] [1789058172.487682396] [acados_nmpc_node]: [attach-window] t=34.05s pos_err=0.210m T=22.29N z=6.057 m_est=2.306
[INFO] [1789058172.532761350] [acados_nmpc_node]: [attach-window] t=34.10s pos_err=0.254m T=22.34N z=6.049 m_est=2.302
[INFO] [1789058172.587872398] [acados_nmpc_node]: [attach-window] t=34.16s pos_err=0.227m T=22.26N z=6.034 m_est=2.302
[INFO] [1789058172.632827137] [acados_nmpc_node]: [attach-window] t=34.20s pos_err=0.245m T=22.26N z=6.024 m_est=2.302
[INFO] [1789058172.640212246] [acados_nmpc_node]: [wcmd] raw=[-0.038,-0.132,-0.019] w=[-0.028,-0.490,-0.253] err=[-0.010,+0.358] scaled=[-0.070,+1.068] s=4.35
[INFO] [1789058172.688098867] [acados_nmpc_node]: [attach-window] t=34.25s pos_err=0.218m T=22.21N z=6.009 m_est=2.302
[INFO] [1789058172.733345666] [acados_nmpc_node]: [attach-window] t=34.30s pos_err=0.264m T=22.00N z=6.002 m_est=2.301
[INFO] [1789058172.787879734] [acados_nmpc_node]: [attach-window] t=34.36s pos_err=0.236m T=22.32N z=5.986 m_est=2.301
[INFO] [1789058172.832760379] [acados_nmpc_node]: [attach-window] t=34.40s pos_err=0.254m T=22.43N z=5.976 m_est=2.300
[INFO] [1789058172.840137240] [acados_nmpc_node]: [wcmd] raw=[-0.064,+0.105,+0.104] w=[-0.082,+0.273,+0.096] err=[+0.018,-0.169] scaled=[-0.004,-0.459] s=4.34
[INFO] [1789058172.887875881] [acados_nmpc_node]: [attach-window] t=34.46s pos_err=0.225m T=22.66N z=5.959 m_est=2.300
[INFO] [1789058172.932809579] [acados_nmpc_node]: [attach-window] t=34.50s pos_err=0.269m T=22.71N z=5.950 m_est=2.298
[INFO] [1789058172.987712700] [acados_nmpc_node]: [attach-window] t=34.55s pos_err=0.238m T=22.64N z=5.933 m_est=2.298
[INFO] [1789058173.033208306] [acados_nmpc_node]: [attach-window] t=34.60s pos_err=0.257m T=22.59N z=5.922 m_est=2.300
[INFO] [1789058173.040151627] [acados_nmpc_node]: [wcmd] raw=[-0.049,-0.062,+0.111] w=[-0.056,-0.452,-0.078] err=[+0.008,+0.390] scaled=[-0.023,+1.240] s=4.33
[INFO] [1789058173.107920838] [acados_nmpc_node]: [attach-window] t=34.65s pos_err=0.228m T=22.54N z=5.905 m_est=2.300
[INFO] [1789058173.133414879] [acados_nmpc_node]: [attach-window] t=34.70s pos_err=0.273m T=22.51N z=5.897 m_est=2.301
[INFO] [1789058173.187685418] [acados_nmpc_node]: [attach-window] t=34.75s pos_err=0.215m T=22.73N z=5.878 m_est=2.301
[INFO] [1789058173.232762271] [acados_nmpc_node]: [attach-window] t=34.80s pos_err=0.258m T=22.75N z=5.870 m_est=2.301
[INFO] [1789058173.260206866] [acados_nmpc_node]: [wcmd] raw=[-0.066,-0.151,+0.165] w=[-0.061,+0.216,+0.216] err=[-0.006,-0.367] scaled=[-0.085,-1.371] s=4.33
[INFO] [1789058173.287891574] [acados_nmpc_node]: [attach-window] t=34.86s pos_err=0.227m T=22.63N z=5.853 m_est=2.301
[INFO] [1789058173.332830734] [acados_nmpc_node]: [attach-window] t=34.90s pos_err=0.243m T=22.64N z=5.843 m_est=2.305
[INFO] [1789058173.385884389] [acados_nmpc_node]: [attach-window] t=34.95s pos_err=0.236m T=22.53N z=5.830 m_est=2.305
[INFO] [1789058173.432561619] [acados_nmpc_node]: [attach-window] t=35.00s pos_err=0.259m T=22.35N z=5.820 m_est=2.311
[INFO] [1789058173.460076830] [acados_nmpc_node]: [wcmd] raw=[-0.054,+0.033,+0.193] w=[-0.059,-0.182,+0.138] err=[+0.006,+0.215] scaled=[-0.035,+0.748] s=4.33
[INFO] [1789058173.485486630] [acados_nmpc_node]: [attach-window] t=35.05s pos_err=0.225m T=22.50N z=5.806 m_est=2.311
[INFO] [1789058173.532191472] [acados_nmpc_node]: [attach-window] t=35.10s pos_err=0.273m T=22.50N z=5.799 m_est=2.316
[INFO] [1789058173.585435839] [acados_nmpc_node]: [attach-window] t=35.15s pos_err=0.238m T=22.72N z=5.784 m_est=2.316
[INFO] [1789058173.632863167] [acados_nmpc_node]: [attach-window] t=35.20s pos_err=0.259m T=22.80N z=5.775 m_est=2.318
[INFO] [1789058173.660160102] [acados_nmpc_node]: [wcmd] raw=[-0.068,-0.128,+0.186] w=[-0.045,+0.016,+0.221] err=[-0.023,-0.144] scaled=[-0.146,-0.612] s=4.37
[INFO] [1789058173.688009754] [acados_nmpc_node]: [attach-window] t=35.25s pos_err=0.231m T=22.82N z=5.760 m_est=2.318
[INFO] [1789058173.733596769] [acados_nmpc_node]: [attach-window] t=35.30s pos_err=0.274m T=22.76N z=5.752 m_est=2.319
[INFO] [1789058173.815671053] [acados_nmpc_node]: [attach-window] t=35.35s pos_err=0.222m T=22.82N z=5.735 m_est=2.319
[INFO] [1789058173.833283924] [acados_nmpc_node]: [attach-window] t=35.40s pos_err=0.264m T=22.69N z=5.728 m_est=2.322
[INFO] [1789058173.887610958] [acados_nmpc_node]: [attach-window] t=35.45s pos_err=0.235m T=22.73N z=5.714 m_est=2.322
[INFO] [1789058173.888019730] [acados_nmpc_node]: [wcmd] raw=[-0.031,-0.043,+0.232] w=[-0.066,+0.233,+0.308] err=[+0.035,-0.277] scaled=[+0.087,-0.991] s=4.42
[INFO] [1789058173.933063173] [acados_nmpc_node]: [attach-window] t=35.50s pos_err=0.275m T=22.68N z=5.707 m_est=2.321
[INFO] [1789058173.987840161] [acados_nmpc_node]: [attach-window] t=35.55s pos_err=0.247m T=22.65N z=5.694 m_est=2.321
[INFO] [1789058174.033095457] [acados_nmpc_node]: [attach-window] t=35.60s pos_err=0.262m T=22.64N z=5.686 m_est=2.322
[INFO] [1789058174.033591350] [acados_nmpc_node]: t=35.6s | pos_err=0.262m | T=22.64N | tau=[r0.241 p0.253 y0.027]Nm | res_stat=3.969e-07(peak 2.921e-06) sqp_iter=6 | solve=2.4ms
[INFO] [1789058174.033794929] [acados_nmpc_node]: [flight-diag] t=35.6s | om_scale=4.442(lo 4.058 hi 4.442) | tilt_max=13.49deg | w_max=[r0.205 p0.637 y1.751]rad/s | u_frac=[T0.802 r1.000 p1.000 y1.000] | u_sat=[T0.0 r4.0 p29.0 y20.0]% | mot_peak=1.000 mot_sat=28.7% | health=na age=na conf=na | n=100
[INFO] [1789058174.088544750] [acados_nmpc_node]: [attach-window] t=35.66s pos_err=0.236m T=22.64N z=5.673 m_est=2.322
[INFO] [1789058174.088950344] [acados_nmpc_node]: [wcmd] raw=[-0.049,-0.154,+0.238] w=[-0.053,-0.463,+0.081] err=[+0.004,+0.310] scaled=[-0.035,+0.915] s=4.45
[INFO] [1789058174.133435966] [acados_nmpc_node]: [attach-window] t=35.70s pos_err=0.273m T=22.45N z=5.666 m_est=2.323
[INFO] [1789058174.187968813] [acados_nmpc_node]: [attach-window] t=35.75s pos_err=0.246m T=22.60N z=5.653 m_est=2.323
[INFO] [1789058174.232991911] [acados_nmpc_node]: [attach-window] t=35.80s pos_err=0.258m T=22.65N z=5.645 m_est=2.321
[INFO] [1789058174.288204065] [acados_nmpc_node]: [attach-window] t=35.86s pos_err=0.230m T=22.80N z=5.632 m_est=2.321
[INFO] [1789058174.288627077] [acados_nmpc_node]: [wcmd] raw=[-0.062,-0.124,+0.331] w=[-0.061,+0.274,+0.362] err=[-0.001,-0.398] scaled=[-0.065,-1.503] s=4.47
[INFO] [1789058174.333122366] [acados_nmpc_node]: [attach-window] t=35.90s pos_err=0.264m T=22.78N z=5.626 m_est=2.319
[INFO] [1789058174.388100216] [acados_nmpc_node]: [attach-window] t=35.95s pos_err=0.237m T=22.80N z=5.612 m_est=2.319
[INFO] [1789058174.433355630] [acados_nmpc_node]: [attach-window] t=36.00s pos_err=0.250m T=22.68N z=5.604 m_est=2.318
[INFO] [1789058174.488578434] [acados_nmpc_node]: [attach-window] t=36.06s pos_err=0.225m T=22.68N z=5.592 m_est=2.318
[INFO] [1789058174.488991215] [acados_nmpc_node]: [wcmd] raw=[-0.051,+0.025,+0.419] w=[-0.099,-0.280,+0.214] err=[+0.048,+0.306] scaled=[+0.114,+1.089] s=4.48
[INFO] [1789058174.532982551] [acados_nmpc_node]: [attach-window] t=36.10s pos_err=0.236m T=22.70N z=5.584 m_est=2.319
[INFO] [1789058174.585628450] [acados_nmpc_node]: [attach-window] t=36.15s pos_err=0.227m T=22.80N z=5.574 m_est=2.319
[INFO] [1789058174.632351490] [acados_nmpc_node]: [attach-window] t=36.20s pos_err=0.241m T=22.75N z=5.566 m_est=2.315
[INFO] [1789058174.685890671] [acados_nmpc_node]: [attach-window] t=36.25s pos_err=0.212m T=22.69N z=5.555 m_est=2.315
[INFO] [1789058174.686209104] [acados_nmpc_node]: [wcmd] raw=[-0.036,-0.162,+0.509] w=[-0.010,-0.043,+0.372] err=[-0.025,-0.119] scaled=[-0.124,-0.578] s=4.49
[INFO] [1789058174.732527059] [acados_nmpc_node]: [attach-window] t=36.30s pos_err=0.246m T=22.65N z=5.550 m_est=2.315
[INFO] [1789058174.786007882] [acados_nmpc_node]: [attach-window] t=36.35s pos_err=0.219m T=22.57N z=5.539 m_est=2.315
[INFO] [1789058174.832441003] [acados_nmpc_node]: [attach-window] t=36.40s pos_err=0.234m T=23.01N z=5.531 m_est=2.316
[INFO] [1789058174.885955018] [acados_nmpc_node]: [attach-window] t=36.45s pos_err=0.206m T=23.54N z=5.516 m_est=2.316
[INFO] [1789058174.886277274] [acados_nmpc_node]: [wcmd] raw=[+0.018,+0.085,+0.683] w=[-0.106,+0.162,+0.535] err=[+0.124,-0.077] scaled=[+0.452,-0.183] s=4.50
[INFO] [1789058174.932150671] [acados_nmpc_node]: [attach-window] t=36.50s pos_err=0.235m T=23.56N z=5.509 m_est=2.314
[INFO] [1789058174.985720532] [acados_nmpc_node]: [attach-window] t=36.55s pos_err=0.207m T=23.55N z=5.493 m_est=2.314
[INFO] [1789058175.029940734] [acados_nmpc_node]: [dJ_online] m_est=2.315 m_p=0.250 ratchet=0.398 floor=0.050 -> m_p_model=0.250(track) dJ=0.0493 | gain_base=0.398 c_xy=[-0.51,+1.13]cm
[INFO] [1789058175.032429122] [acados_nmpc_node]: [attach-window] t=36.60s pos_err=0.217m T=23.50N z=5.484 m_est=2.315
[INFO] [1789058175.086067543] [acados_nmpc_node]: [attach-window] t=36.65s pos_err=0.191m T=23.33N z=5.470 m_est=2.315
[INFO] [1789058175.086396269] [acados_nmpc_node]: [wcmd] raw=[-0.014,-0.097,+0.773] w=[+0.086,-0.400,+0.476] err=[-0.100,+0.303] scaled=[-0.363,+0.963] s=4.50
[INFO] [1789058175.132739651] [acados_nmpc_node]: [attach-window] t=36.70s pos_err=0.219m T=23.08N z=5.464 m_est=2.315
[INFO] [1789058175.188020288] [acados_nmpc_node]: [attach-window] t=36.75s pos_err=0.197m T=23.63N z=5.451 m_est=2.315
[INFO] [1789058175.232778125] [acados_nmpc_node]: [attach-window] t=36.80s pos_err=0.204m T=23.92N z=5.442 m_est=2.318
[INFO] [1789058175.288185754] [acados_nmpc_node]: [attach-window] t=36.85s pos_err=0.181m T=23.95N z=5.427 m_est=2.318
[INFO] [1789058175.288594535] [acados_nmpc_node]: [wcmd] raw=[+0.031,-0.073,+0.937] w=[-0.113,+0.422,+0.855] err=[+0.145,-0.494] scaled=[+0.538,-1.805] s=4.50
[INFO] [1789058175.333427414] [acados_nmpc_node]: [attach-window] t=36.90s pos_err=0.186m T=23.75N z=5.419 m_est=2.318
[INFO] [1789058175.387812529] [acados_nmpc_node]: [attach-window] t=36.95s pos_err=0.165m T=23.54N z=5.407 m_est=2.318
[INFO] [1789058175.433142550] [acados_nmpc_node]: [attach-window] t=37.00s pos_err=0.184m T=23.41N z=5.402 m_est=2.319
[INFO] [1789058175.488394145] [acados_nmpc_node]: [attach-window] t=37.06s pos_err=0.166m T=23.19N z=5.393 m_est=2.319
[INFO] [1789058175.488811128] [acados_nmpc_node]: [wcmd] raw=[-0.044,-0.244,+1.010] w=[+0.057,-0.560,+0.687] err=[-0.101,+0.316] scaled=[-0.399,+0.864] s=4.51
[INFO] [1789058175.533187152] [acados_nmpc_node]: [attach-window] t=37.10s pos_err=0.184m T=23.79N z=5.387 m_est=2.321
[INFO] [1789058175.585666727] [acados_nmpc_node]: [attach-window] t=37.15s pos_err=0.163m T=24.52N z=5.373 m_est=2.321
[INFO] [1789058175.632279522] [acados_nmpc_node]: [attach-window] t=37.20s pos_err=0.171m T=24.51N z=5.364 m_est=2.320
[INFO] [1789058175.688072765] [acados_nmpc_node]: [attach-window] t=37.26s pos_err=0.153m T=24.31N z=5.350 m_est=2.320
[INFO] [1789058175.688497446] [acados_nmpc_node]: [wcmd] raw=[+0.049,+0.029,+1.059] w=[-0.047,+0.319,+1.087] err=[+0.096,-0.290] scaled=[+0.386,-0.987] s=4.51
[INFO] [1789058175.732714728] [acados_nmpc_node]: [attach-window] t=37.30s pos_err=0.171m T=24.20N z=5.345 m_est=2.320
[INFO] [1789058175.787616322] [acados_nmpc_node]: [attach-window] t=37.35s pos_err=0.154m T=23.84N z=5.336 m_est=2.320
[INFO] [1789058175.832702930] [acados_nmpc_node]: [attach-window] t=37.40s pos_err=0.161m T=23.63N z=5.332 m_est=2.324
[INFO] [1789058175.888648191] [acados_nmpc_node]: [attach-window] t=37.46s pos_err=0.146m T=23.29N z=5.328 m_est=2.324
[INFO] [1789058175.889309884] [acados_nmpc_node]: [wcmd] raw=[-0.036,+0.054,+0.959] w=[+0.008,-0.221,+0.964] err=[-0.044,+0.275] scaled=[-0.191,+1.018] s=4.51
[INFO] [1789058175.932750016] [acados_nmpc_node]: [attach-window] t=37.50s pos_err=0.165m T=23.20N z=5.326 m_est=2.327
[INFO] [1789058175.987788274] [acados_nmpc_node]: [attach-window] t=37.55s pos_err=0.150m T=23.06N z=5.324 m_est=2.327
[INFO] [1789058176.032892131] [acados_nmpc_node]: [attach-window] t=37.60s pos_err=0.157m T=23.02N z=5.323 m_est=2.328
[INFO] [1789058176.085853993] [acados_nmpc_node]: [attach-window] t=37.65s pos_err=0.139m T=22.74N z=5.321 m_est=2.328
[INFO] [1789058176.086171821] [acados_nmpc_node]: [wcmd] raw=[+0.029,-0.188,+0.800] w=[-0.029,+0.122,+1.050] err=[+0.058,-0.310] scaled=[+0.235,-1.285] s=4.54
[INFO] [1789058176.131890664] [acados_nmpc_node]: [attach-window] t=37.70s pos_err=0.149m T=22.70N z=5.321 m_est=2.329
[INFO] [1789058176.196283837] [acados_nmpc_node]: [attach-window] t=37.75s pos_err=0.146m T=22.51N z=5.319 m_est=2.329
[INFO] [1789058176.232199007] [acados_nmpc_node]: [attach-window] t=37.80s pos_err=0.157m T=22.22N z=5.319 m_est=2.328
[INFO] [1789058176.286009301] [acados_nmpc_node]: [attach-window] t=37.85s pos_err=0.141m T=22.25N z=5.318 m_est=2.328
[INFO] [1789058176.286352218] [acados_nmpc_node]: [wcmd] raw=[+0.008,+0.115,+0.663] w=[+0.018,-0.012,+0.965] err=[-0.010,+0.127] scaled=[-0.027,+0.569] s=4.57
[INFO] [1789058176.332138024] [acados_nmpc_node]: [attach-window] t=37.90s pos_err=0.166m T=22.33N z=5.317 m_est=2.327
[INFO] [1789058176.386223972] [acados_nmpc_node]: [attach-window] t=37.95s pos_err=0.136m T=22.50N z=5.314 m_est=2.327
[INFO] [1789058176.433289778] [acados_nmpc_node]: [attach-window] t=38.00s pos_err=0.160m T=22.64N z=5.312 m_est=2.325
[INFO] [1789058176.488028289] [acados_nmpc_node]: [attach-window] t=38.05s pos_err=0.146m T=22.53N z=5.308 m_est=2.325
[INFO] [1789058176.488450358] [acados_nmpc_node]: [wcmd] raw=[+0.004,-0.104,+0.424] w=[-0.023,-0.184,+0.736] err=[+0.027,+0.079] scaled=[+0.102,+0.181] s=4.58
[INFO] [1789058176.533075966] [acados_nmpc_node]: [attach-window] t=38.10s pos_err=0.170m T=22.44N z=5.307 m_est=2.321
[INFO] [1789058176.603234516] [acados_nmpc_node]: [attach-window] t=38.16s pos_err=0.157m T=22.33N z=5.303 m_est=2.321
[INFO] [1789058176.632985407] [acados_nmpc_node]: [attach-window] t=38.20s pos_err=0.168m T=22.33N z=5.300 m_est=2.318
[INFO] [1789058176.688296339] [acados_nmpc_node]: [attach-window] t=38.25s pos_err=0.152m T=22.43N z=5.296 m_est=2.318
[INFO] [1789058176.700185734] [acados_nmpc_node]: [wcmd] raw=[+0.003,-0.076,+0.298] w=[+0.063,+0.387,+0.774] err=[-0.060,-0.463] scaled=[-0.214,-1.732] s=4.58
[INFO] [1789058176.740890771] [acados_nmpc_node]: [attach-window] t=38.30s pos_err=0.177m T=22.55N z=5.294 m_est=2.317
[INFO] [1789058176.788279174] [acados_nmpc_node]: [attach-window] t=38.36s pos_err=0.160m T=22.93N z=5.290 m_est=2.317
[INFO] [1789058176.832742910] [acados_nmpc_node]: [attach-window] t=38.40s pos_err=0.170m T=23.18N z=5.286 m_est=2.312
[INFO] [1789058176.888405518] [acados_nmpc_node]: [attach-window] t=38.46s pos_err=0.155m T=22.89N z=5.278 m_est=2.312
[INFO] [1789058176.900151452] [acados_nmpc_node]: [wcmd] raw=[+0.005,-0.309,+0.182] w=[-0.125,-0.702,+0.189] err=[+0.130,+0.392] scaled=[+0.466,+1.087] s=4.56
[INFO] [1789058176.933124808] [acados_nmpc_node]: [attach-window] t=38.50s pos_err=0.166m T=22.80N z=5.274 m_est=2.305
[INFO] [1789058176.988052515] [acados_nmpc_node]: [attach-window] t=38.56s pos_err=0.149m T=22.99N z=5.266 m_est=2.305
[INFO] [1789058177.032863346] [acados_nmpc_node]: [attach-window] t=38.60s pos_err=0.176m T=23.05N z=5.263 m_est=2.303
[INFO] [1789058177.088080847] [acados_nmpc_node]: [attach-window] t=38.66s pos_err=0.157m T=23.18N z=5.256 m_est=2.303
[INFO] [1789058177.100228255] [acados_nmpc_node]: [wcmd] raw=[-0.016,+0.048,+0.189] w=[+0.114,+0.221,+0.431] err=[-0.130,-0.173] scaled=[-0.469,-0.557] s=4.49
[INFO] [1789058177.132929262] [acados_nmpc_node]: [attach-window] t=38.70s pos_err=0.185m T=23.36N z=5.252 m_est=2.307
[INFO] [1789058177.188187662] [acados_nmpc_node]: [attach-window] t=38.76s pos_err=0.167m T=23.32N z=5.245 m_est=2.307
[INFO] [1789058177.232800335] [acados_nmpc_node]: [attach-window] t=38.80s pos_err=0.178m T=23.32N z=5.241 m_est=2.307
[INFO] [1789058177.288059964] [acados_nmpc_node]: [attach-window] t=38.86s pos_err=0.159m T=23.20N z=5.235 m_est=2.307
[INFO] [1789058177.300156304] [acados_nmpc_node]: [wcmd] raw=[-0.020,-0.079,+0.157] w=[-0.142,-0.257,+0.102] err=[+0.123,+0.178] scaled=[+0.403,+0.533] s=4.45
[INFO] [1789058177.333033274] [acados_nmpc_node]: [attach-window] t=38.90s pos_err=0.172m T=23.12N z=5.231 m_est=2.305
[INFO] [1789058177.388177629] [acados_nmpc_node]: [attach-window] t=38.96s pos_err=0.153m T=23.07N z=5.227 m_est=2.305
[INFO] [1789058177.432768345] [acados_nmpc_node]: [attach-window] t=39.00s pos_err=0.183m T=23.23N z=5.224 m_est=2.309
[INFO] [1789058177.488085321] [acados_nmpc_node]: [attach-window] t=39.06s pos_err=0.162m T=23.19N z=5.220 m_est=2.309
[INFO] [1789058177.500256337] [acados_nmpc_node]: [wcmd] raw=[+0.014,-0.171,+0.218] w=[+0.090,+0.064,+0.226] err=[-0.075,-0.236] scaled=[-0.243,-0.976] s=4.42
[INFO] [1789058177.532793317] [acados_nmpc_node]: [attach-window] t=39.10s pos_err=0.174m T=23.22N z=5.218 m_est=2.309
[INFO] [1789058177.588042895] [acados_nmpc_node]: [attach-window] t=39.16s pos_err=0.172m T=23.16N z=5.215 m_est=2.309
[INFO] [1789058177.633267234] [acados_nmpc_node]: [attach-window] t=39.20s pos_err=0.185m T=23.06N z=5.214 m_est=2.308
[INFO] [1789058177.687931804] [acados_nmpc_node]: [attach-window] t=39.26s pos_err=0.164m T=22.91N z=5.212 m_est=2.308
[INFO] [1789058177.700179918] [acados_nmpc_node]: [wcmd] raw=[-0.031,-0.029,+0.269] w=[-0.075,-0.166,+0.137] err=[+0.045,+0.136] scaled=[+0.120,+0.434] s=4.39
[INFO] [1789058177.732772729] [acados_nmpc_node]: [attach-window] t=39.30s pos_err=0.197m T=22.95N z=5.211 m_est=2.310
[INFO] [1789058177.788398613] [acados_nmpc_node]: [attach-window] t=39.36s pos_err=0.175m T=22.91N z=5.211 m_est=2.310
[INFO] [1789058177.832708227] [acados_nmpc_node]: [attach-window] t=39.40s pos_err=0.187m T=22.94N z=5.210 m_est=2.311
[INFO] [1789058177.888101590] [acados_nmpc_node]: [attach-window] t=39.46s pos_err=0.164m T=22.79N z=5.210 m_est=2.311
[INFO] [1789058177.900395484] [acados_nmpc_node]: [wcmd] raw=[+0.031,-0.225,+0.286] w=[+0.046,-0.361,+0.143] err=[-0.015,+0.136] scaled=[-0.022,+0.234] s=4.38
[INFO] [1789058177.933337304] [acados_nmpc_node]: [attach-window] t=39.50s pos_err=0.199m T=22.86N z=5.210 m_est=2.315
[INFO] [1789058178.013336482] [acados_nmpc_node]: [attach-window] t=39.56s pos_err=0.178m T=22.71N z=5.210 m_est=2.315
[INFO] [1789058178.033159717] [acados_nmpc_node]: [attach-window] t=39.60s pos_err=0.191m T=22.85N z=5.211 m_est=2.318
[INFO] [1789058178.087934873] [acados_nmpc_node]: [attach-window] t=39.66s pos_err=0.167m T=22.90N z=5.210 m_est=2.318
[INFO] [1789058178.120187390] [acados_nmpc_node]: [wcmd] raw=[-0.028,-0.149,+0.328] w=[-0.032,+0.300,+0.405] err=[+0.004,-0.449] scaled=[-0.013,-1.680] s=4.41
[INFO] [1789058178.132700594] [acados_nmpc_node]: [attach-window] t=39.70s pos_err=0.201m T=22.96N z=5.210 m_est=2.317
[INFO] [1789058178.187838782] [acados_nmpc_node]: [attach-window] t=39.76s pos_err=0.177m T=22.75N z=5.210 m_est=2.317
[INFO] [1789058178.232772658] [acados_nmpc_node]: [attach-window] t=39.80s pos_err=0.190m T=22.73N z=5.211 m_est=2.319
[INFO] [1789058178.288755437] [acados_nmpc_node]: [attach-window] t=39.86s pos_err=0.171m T=22.53N z=5.212 m_est=2.319
[INFO] [1789058178.320314066] [acados_nmpc_node]: [wcmd] raw=[+0.020,-0.098,+0.324] w=[-0.026,-0.506,+0.160] err=[+0.045,+0.408] scaled=[+0.175,+1.301] s=4.43
[INFO] [1789058178.333392392] [acados_nmpc_node]: [attach-window] t=39.90s pos_err=0.206m T=22.32N z=5.214 m_est=2.322
[INFO] [1789058178.388266281] [acados_nmpc_node]: [attach-window] t=39.96s pos_err=0.185m T=22.38N z=5.217 m_est=2.322
[INFO] [1789058178.432969838] [acados_nmpc_node]: [attach-window] t=40.00s pos_err=0.199m T=22.45N z=5.219 m_est=2.323
[INFO] [1789058178.488430166] [acados_nmpc_node]: [attach-window] t=40.06s pos_err=0.179m T=22.60N z=5.222 m_est=2.323
[INFO] [1789058178.520354747] [acados_nmpc_node]: [wcmd] raw=[-0.009,-0.127,+0.330] w=[+0.040,+0.248,+0.444] err=[-0.050,-0.376] scaled=[-0.181,-1.432] s=4.47
[INFO] [1789058178.532874182] [acados_nmpc_node]: [attach-window] t=40.10s pos_err=0.213m T=22.68N z=5.224 m_est=2.321
[INFO] [1789058178.588181636] [acados_nmpc_node]: [attach-window] t=40.16s pos_err=0.193m T=22.63N z=5.226 m_est=2.321
[INFO] [1789058178.633025412] [acados_nmpc_node]: [attach-window] t=40.20s pos_err=0.206m T=22.62N z=5.228 m_est=2.321
[INFO] [1789058178.688675686] [acados_nmpc_node]: [attach-window] t=40.26s pos_err=0.187m T=22.52N z=5.231 m_est=2.321
[INFO] [1789058178.720201042] [acados_nmpc_node]: [wcmd] raw=[-0.001,-0.018,+0.338] w=[-0.053,-0.153,+0.285] err=[+0.051,+0.135] scaled=[+0.179,+0.455] s=4.50
[INFO] [1789058178.732876593] [acados_nmpc_node]: [attach-window] t=40.30s pos_err=0.221m T=22.51N z=5.233 m_est=2.321
[INFO] [1789058178.788054135] [acados_nmpc_node]: [attach-window] t=40.36s pos_err=0.200m T=22.59N z=5.236 m_est=2.321
[INFO] [1789058178.832702608] [acados_nmpc_node]: [attach-window] t=40.40s pos_err=0.211m T=22.62N z=5.237 m_est=2.317
[INFO] [1789058178.887891242] [acados_nmpc_node]: [attach-window] t=40.46s pos_err=0.189m T=22.53N z=5.240 m_est=2.317
[INFO] [1789058178.920309512] [acados_nmpc_node]: [wcmd] raw=[-0.030,-0.313,+0.352] w=[+0.015,-0.274,+0.251] err=[-0.044,-0.039] scaled=[-0.186,-0.450] s=4.52
[INFO] [1789058178.933001855] [acados_nmpc_node]: [attach-window] t=40.50s pos_err=0.219m T=22.60N z=5.242 m_est=2.315
[INFO] [1789058178.988439634] [acados_nmpc_node]: [attach-window] t=40.56s pos_err=0.199m T=22.50N z=5.244 m_est=2.315
[INFO] [1789058179.033521481] [acados_nmpc_node]: [attach-window] t=40.60s pos_err=0.211m T=22.60N z=5.246 m_est=2.313
[INFO] [1789058179.034007758] [acados_nmpc_node]: t=40.6s | pos_err=0.211m | T=22.60N | tau=[r0.269 p0.500 y0.094]Nm | res_stat=2.202e-07(peak 2.921e-06) sqp_iter=6 | solve=2.8ms
[INFO] [1789058179.034210559] [acados_nmpc_node]: [flight-diag] t=40.6s | om_scale=4.528(lo 4.379 hi 4.592) | tilt_max=10.93deg | w_max=[r0.146 p0.702 y1.132]rad/s | u_frac=[T0.782 r0.901 p1.000 y0.958] | u_sat=[T0.0 r0.0 p27.0 y0.0]% | mot_peak=1.000 mot_sat=20.6% | health=na age=na conf=na | n=100
[INFO] [1789058179.088178601] [acados_nmpc_node]: [attach-window] t=40.66s pos_err=0.191m T=22.94N z=5.246 m_est=2.313
[INFO] [1789058179.120198820] [acados_nmpc_node]: [wcmd] raw=[+0.001,+0.081,+0.460] w=[-0.070,+0.118,+0.428] err=[+0.071,-0.036] scaled=[+0.252,-0.046] s=4.52
[INFO] [1789058179.132990930] [acados_nmpc_node]: [attach-window] t=40.70s pos_err=0.219m T=23.01N z=5.246 m_est=2.312
[INFO] [1789058179.185976770] [acados_nmpc_node]: [attach-window] t=40.75s pos_err=0.196m T=23.19N z=5.246 m_est=2.312
[INFO] [1789058179.232987952] [acados_nmpc_node]: [attach-window] t=40.80s pos_err=0.209m T=23.26N z=5.246 m_est=2.310
[INFO] [1789058179.285937192] [acados_nmpc_node]: [attach-window] t=40.85s pos_err=0.187m T=23.19N z=5.246 m_est=2.310
[INFO] [1789058179.320163667] [acados_nmpc_node]: [wcmd] raw=[-0.047,-0.177,+0.489] w=[+0.027,-0.261,+0.336] err=[-0.074,+0.084] scaled=[-0.304,+0.116] s=4.50
[INFO] [1789058179.333034739] [acados_nmpc_node]: [attach-window] t=40.90s pos_err=0.217m T=23.24N z=5.247 m_est=2.312
[INFO] [1789058179.388516530] [acados_nmpc_node]: [attach-window] t=40.96s pos_err=0.199m T=23.13N z=5.248 m_est=2.312
[INFO] [1789058179.433504959] [acados_nmpc_node]: [attach-window] t=41.00s pos_err=0.209m T=23.32N z=5.249 m_est=2.314
[INFO] [1789058179.488334058] [acados_nmpc_node]: [attach-window] t=41.06s pos_err=0.192m T=23.47N z=5.251 m_est=2.314
[INFO] [1789058179.520221758] [acados_nmpc_node]: [wcmd] raw=[-0.029,-0.043,+0.617] w=[-0.112,+0.319,+0.574] err=[+0.084,-0.362] scaled=[+0.263,-1.304] s=4.48
[INFO] [1789058179.533162144] [acados_nmpc_node]: [attach-window] t=41.10s pos_err=0.216m T=23.51N z=5.252 m_est=2.313
[INFO] [1789058179.588366740] [acados_nmpc_node]: [attach-window] t=41.16s pos_err=0.197m T=23.33N z=5.255 m_est=2.313
[INFO] [1789058179.633101413] [acados_nmpc_node]: [attach-window] t=41.20s pos_err=0.205m T=23.29N z=5.257 m_est=2.315
[INFO] [1789058179.688821993] [acados_nmpc_node]: [attach-window] t=41.26s pos_err=0.189m T=23.05N z=5.263 m_est=2.315
[INFO] [1789058179.720190245] [acados_nmpc_node]: [wcmd] raw=[-0.055,-0.056,+0.711] w=[-0.018,-0.491,+0.395] err=[-0.037,+0.436] scaled=[-0.182,+1.458] s=4.47
[INFO] [1789058179.733598887] [acados_nmpc_node]: [attach-window] t=41.30s pos_err=0.210m T=22.92N z=5.266 m_est=2.320
[INFO] [1789058179.789005810] [acados_nmpc_node]: [attach-window] t=41.36s pos_err=0.194m T=23.26N z=5.273 m_est=2.320
[INFO] [1789058179.833166280] [acados_nmpc_node]: [attach-window] t=41.40s pos_err=0.200m T=23.40N z=5.277 m_est=2.322
[INFO] [1789058179.888575255] [acados_nmpc_node]: [attach-window] t=41.46s pos_err=0.182m T=23.36N z=5.283 m_est=2.322
[INFO] [1789058179.920156918] [acados_nmpc_node]: [wcmd] raw=[-0.014,-0.115,+0.853] w=[-0.062,+0.278,+0.752] err=[+0.048,-0.393] scaled=[+0.154,-1.489] s=4.49
[INFO] [1789058179.933075939] [acados_nmpc_node]: [attach-window] t=41.50s pos_err=0.200m T=23.35N z=5.287 m_est=2.321
[INFO] [1789058179.988759472] [acados_nmpc_node]: [attach-window] t=41.56s pos_err=0.183m T=23.11N z=5.294 m_est=2.321
[INFO] [1789058180.030003266] [acados_nmpc_node]: [dJ_online] m_est=2.323 m_p=0.259 ratchet=0.398 floor=0.050 -> m_p_model=0.259(track) dJ=0.0508 | gain_base=0.398 c_xy=[-0.51,+1.13]cm
[INFO] [1789058180.032884251] [acados_nmpc_node]: [attach-window] t=41.60s pos_err=0.187m T=23.03N z=5.300 m_est=2.323
[INFO] [1789058180.086182955] [acados_nmpc_node]: [attach-window] t=41.65s pos_err=0.170m T=22.84N z=5.309 m_est=2.323
[INFO] [1789058180.120075536] [acados_nmpc_node]: [wcmd] raw=[-0.061,+0.044,+0.964] w=[-0.081,-0.220,+0.699] err=[+0.020,+0.264] scaled=[+0.010,+0.969] s=4.51
[INFO] [1789058180.132573915] [acados_nmpc_node]: [attach-window] t=41.70s pos_err=0.188m T=23.22N z=5.314 m_est=2.325
[INFO] [1789058180.188100848] [acados_nmpc_node]: [attach-window] t=41.76s pos_err=0.171m T=23.59N z=5.321 m_est=2.325
[INFO] [1789058180.233101932] [acados_nmpc_node]: [attach-window] t=41.80s pos_err=0.173m T=23.64N z=5.325 m_est=2.324
[INFO] [1789058180.288733144] [acados_nmpc_node]: [attach-window] t=41.86s pos_err=0.157m T=23.39N z=5.332 m_est=2.324
[INFO] [1789058180.320225979] [acados_nmpc_node]: [wcmd] raw=[-0.021,-0.256,+1.008] w=[-0.005,-0.035,+0.871] err=[-0.016,-0.221] scaled=[-0.078,-1.033] s=4.52
[INFO] [1789058180.332912955] [acados_nmpc_node]: [attach-window] t=41.90s pos_err=0.169m T=23.40N z=5.336 m_est=2.326
[INFO] [1789058180.388981737] [acados_nmpc_node]: [attach-window] t=41.96s pos_err=0.153m T=23.07N z=5.345 m_est=2.326
[INFO] [1789058180.433233541] [acados_nmpc_node]: [attach-window] t=42.00s pos_err=0.155m T=23.01N z=5.351 m_est=2.329
[INFO] [1789058180.488819779] [acados_nmpc_node]: [attach-window] t=42.06s pos_err=0.141m T=23.74N z=5.359 m_est=2.329
[INFO] [1789058180.520233043] [acados_nmpc_node]: [wcmd] raw=[-0.012,+0.154,+1.059] w=[-0.142,+0.078,+1.018] err=[+0.130,+0.077] scaled=[+0.449,+0.426] s=4.55
[INFO] [1789058180.533294488] [acados_nmpc_node]: [attach-window] t=42.10s pos_err=0.142m T=23.97N z=5.363 m_est=2.331
[INFO] [1789058180.586186244] [acados_nmpc_node]: [attach-window] t=42.15s pos_err=0.134m T=23.94N z=5.368 m_est=2.331
[INFO] [1789058180.632348660] [acados_nmpc_node]: [attach-window] t=42.20s pos_err=0.136m T=23.85N z=5.372 m_est=2.330
[INFO] [1789058180.685879039] [acados_nmpc_node]: [attach-window] t=42.25s pos_err=0.122m T=23.36N z=5.381 m_est=2.330
[INFO] [1789058180.720229148] [acados_nmpc_node]: [wcmd] raw=[-0.036,-0.165,+0.915] w=[+0.115,-0.251,+0.972] err=[-0.151,+0.087] scaled=[-0.577,+0.145] s=4.58
[INFO] [1789058180.732881688] [acados_nmpc_node]: [attach-window] t=42.30s pos_err=0.123m T=23.24N z=5.388 m_est=2.331
[INFO] [1789058180.788644697] [acados_nmpc_node]: [attach-window] t=42.36s pos_err=0.113m T=22.89N z=5.400 m_est=2.331
[INFO] [1789058180.833453143] [acados_nmpc_node]: [attach-window] t=42.40s pos_err=0.119m T=23.15N z=5.406 m_est=2.332
[INFO] [1789058180.888645667] [acados_nmpc_node]: [attach-window] t=42.46s pos_err=0.109m T=23.38N z=5.417 m_est=2.332
[INFO] [1789058180.920210777] [acados_nmpc_node]: [wcmd] raw=[-0.001,+0.119,+0.798] w=[-0.133,+0.296,+1.110] err=[+0.132,-0.177] scaled=[+0.476,-0.518] s=4.60
[INFO] [1789058180.933142537] [acados_nmpc_node]: [attach-window] t=42.50s pos_err=0.116m T=23.50N z=5.422 m_est=2.332
[INFO] [1789058180.988461947] [acados_nmpc_node]: [attach-window] t=42.56s pos_err=0.105m T=23.42N z=5.432 m_est=2.332
[INFO] [1789058181.033329916] [acados_nmpc_node]: [attach-window] t=42.60s pos_err=0.106m T=23.39N z=5.439 m_est=2.331
[INFO] [1789058181.088468254] [acados_nmpc_node]: [attach-window] t=42.66s pos_err=0.097m T=23.05N z=5.451 m_est=2.331
[INFO] [1789058181.120205167] [acados_nmpc_node]: [wcmd] raw=[-0.012,-0.074,+0.558] w=[+0.062,-0.356,+0.804] err=[-0.074,+0.282] scaled=[-0.279,+0.946] s=4.62
[INFO] [1789058181.133187662] [acados_nmpc_node]: [attach-window] t=42.70s pos_err=0.097m T=22.90N z=5.460 m_est=2.331
[INFO] [1789058181.188497473] [acados_nmpc_node]: [attach-window] t=42.76s pos_err=0.091m T=22.61N z=5.475 m_est=2.331
[INFO] [1789058181.233120521] [acados_nmpc_node]: [attach-window] t=42.80s pos_err=0.096m T=22.66N z=5.483 m_est=2.330
[INFO] [1789058181.289338239] [acados_nmpc_node]: [attach-window] t=42.86s pos_err=0.088m T=22.62N z=5.498 m_est=2.330
[INFO] [1789058181.320209640] [acados_nmpc_node]: [wcmd] raw=[-0.021,-0.051,+0.375] w=[-0.007,+0.390,+0.879] err=[-0.014,-0.442] scaled=[-0.070,-1.655] s=4.63
[INFO] [1789058181.333534326] [acados_nmpc_node]: [attach-window] t=42.90s pos_err=0.094m T=22.76N z=5.506 m_est=2.331
[INFO] [1789058181.388508619] [acados_nmpc_node]: [attach-window] t=42.96s pos_err=0.086m T=22.60N z=5.522 m_est=2.331
[INFO] [1789058181.433005405] [acados_nmpc_node]: [attach-window] t=43.00s pos_err=0.087m T=22.62N z=5.532 m_est=2.329
[INFO] [1789058181.488939039] [acados_nmpc_node]: [attach-window] t=43.06s pos_err=0.080m T=22.37N z=5.547 m_est=2.329
[INFO] [1789058181.520231702] [acados_nmpc_node]: [wcmd] raw=[+0.024,+0.001,+0.209] w=[-0.038,-0.353,+0.434] err=[+0.062,+0.354] scaled=[+0.249,+1.290] s=4.64
[INFO] [1789058181.551092734] [acados_nmpc_node]: [attach-window] t=43.10s pos_err=0.087m T=22.27N z=5.555 m_est=2.325
[INFO] [1789058181.586062627] [acados_nmpc_node]: [attach-window] t=43.15s pos_err=0.077m T=22.36N z=5.570 m_est=2.325
[INFO] [1789058181.632246775] [acados_nmpc_node]: [attach-window] t=43.20s pos_err=0.090m T=22.58N z=5.578 m_est=2.324
[INFO] [1789058181.686139310] [acados_nmpc_node]: [attach-window] t=43.25s pos_err=0.073m T=22.36N z=5.594 m_est=2.324
[INFO] [1789058181.720084526] [acados_nmpc_node]: [wcmd] raw=[-0.054,-0.235,+0.090] w=[+0.021,+0.055,+0.377] err=[-0.075,-0.290] scaled=[-0.329,-1.292] s=4.64
[INFO] [1789058181.731808066] [acados_nmpc_node]: [attach-window] t=43.30s pos_err=0.081m T=22.61N z=5.602 m_est=2.322
[INFO] [1789058181.788274912] [acados_nmpc_node]: [attach-window] t=43.36s pos_err=0.069m T=22.54N z=5.616 m_est=2.322
[INFO] [1789058181.833709135] [acados_nmpc_node]: [attach-window] t=43.40s pos_err=0.074m T=22.43N z=5.623 m_est=2.312
[INFO] [1789058181.888202249] [acados_nmpc_node]: [attach-window] t=43.46s pos_err=0.065m T=22.44N z=5.635 m_est=2.312
[INFO] [1789058181.920241325] [acados_nmpc_node]: [wcmd] raw=[+0.058,+0.076,+0.087] w=[+0.009,+0.077,+0.248] err=[+0.050,-0.001] scaled=[+0.236,+0.074] s=4.59
[INFO] [1789058181.932773758] [acados_nmpc_node]: [attach-window] t=43.50s pos_err=0.078m T=22.58N z=5.641 m_est=2.306
[INFO] [1789058181.987958566] [acados_nmpc_node]: [attach-window] t=43.56s pos_err=0.064m T=22.69N z=5.653 m_est=2.306
[INFO] [1789058182.032767441] [acados_nmpc_node]: [attach-window] t=43.60s pos_err=0.085m T=22.91N z=5.658 m_est=2.301
[INFO] [1789058182.087898480] [acados_nmpc_node]: [attach-window] t=43.66s pos_err=0.056m T=22.74N z=5.671 m_est=2.301
[INFO] [1789058182.120228748] [acados_nmpc_node]: [wcmd] raw=[-0.009,-0.157,+0.053] w=[+0.007,-0.232,+0.034] err=[-0.016,+0.075] scaled=[-0.065,+0.107] s=4.52
[INFO] [1789058182.132970826] [acados_nmpc_node]: [attach-window] t=43.70s pos_err=0.077m T=22.83N z=5.677 m_est=2.297
[INFO] [1789058182.198019964] [acados_nmpc_node]: [attach-window] t=43.76s pos_err=0.059m T=22.77N z=5.688 m_est=2.297
[INFO] [1789058182.233193721] [acados_nmpc_node]: [attach-window] t=43.80s pos_err=0.090m T=22.80N z=5.694 m_est=2.291
[INFO] [1789058182.287954695] [acados_nmpc_node]: [attach-window] t=43.86s pos_err=0.050m T=22.72N z=5.707 m_est=2.291
[INFO] [1789058182.320271518] [acados_nmpc_node]: [wcmd] raw=[+0.049,-0.137,+0.091] w=[+0.032,+0.259,+0.170] err=[+0.017,-0.396] scaled=[+0.107,-1.493] s=4.43
[INFO] [1789058182.332572351] [acados_nmpc_node]: [attach-window] t=43.90s pos_err=0.080m T=22.95N z=5.713 m_est=2.287
[INFO] [1789058182.387913826] [acados_nmpc_node]: [attach-window] t=43.96s pos_err=0.056m T=22.72N z=5.725 m_est=2.287
[INFO] [1789058182.432864538] [acados_nmpc_node]: [attach-window] t=44.00s pos_err=0.093m T=22.90N z=5.731 m_est=2.291
[INFO] [1789058182.488905634] [acados_nmpc_node]: [attach-window] t=44.06s pos_err=0.045m T=22.61N z=5.746 m_est=2.291
[INFO] [1789058182.520122619] [acados_nmpc_node]: [wcmd] raw=[+0.016,-0.044,+0.106] w=[+0.022,-0.298,-0.019] err=[-0.006,+0.254] scaled=[-0.006,+0.806] s=4.34
[INFO] [1789058182.532317344] [acados_nmpc_node]: [attach-window] t=44.10s pos_err=0.083m T=22.65N z=5.752 m_est=2.288
[INFO] [1789058182.587857076] [acados_nmpc_node]: [attach-window] t=44.16s pos_err=0.055m T=22.63N z=5.765 m_est=2.288
[INFO] [1789058182.632937599] [acados_nmpc_node]: [attach-window] t=44.20s pos_err=0.098m T=22.82N z=5.772 m_est=2.286
[INFO] [1789058182.688106960] [acados_nmpc_node]: [attach-window] t=44.26s pos_err=0.042m T=22.64N z=5.787 m_est=2.286
[INFO] [1789058182.720181102] [acados_nmpc_node]: [wcmd] raw=[+0.032,-0.245,+0.104] w=[+0.013,-0.004,+0.094] err=[+0.019,-0.242] scaled=[+0.094,-1.040] s=4.29
[INFO] [1789058182.732434776] [acados_nmpc_node]: [attach-window] t=44.30s pos_err=0.085m T=22.88N z=5.793 m_est=2.287
[INFO] [1789058182.787756304] [acados_nmpc_node]: [attach-window] t=44.36s pos_err=0.056m T=22.78N z=5.806 m_est=2.287
[INFO] [1789058182.844224103] [acados_nmpc_node]: [attach-window] t=44.40s pos_err=0.104m T=22.79N z=5.813 m_est=2.288
[INFO] [1789058182.887955790] [acados_nmpc_node]: [attach-window] t=44.46s pos_err=0.047m T=22.63N z=5.828 m_est=2.288
[INFO] [1789058182.920212903] [acados_nmpc_node]: [wcmd] raw=[+0.052,-0.023,+0.108] w=[+0.056,+0.036,+0.143] err=[-0.004,-0.059] scaled=[+0.039,-0.215] s=4.25
[INFO] [1789058182.932718540] [acados_nmpc_node]: [attach-window] t=44.50s pos_err=0.095m T=22.77N z=5.835 m_est=2.291
[INFO] [1789058182.987730888] [acados_nmpc_node]: [attach-window] t=44.56s pos_err=0.065m T=22.66N z=5.849 m_est=2.291
[INFO] [1789058183.032815549] [acados_nmpc_node]: [attach-window] t=44.60s pos_err=0.114m T=22.86N z=5.856 m_est=2.292
[INFO] [1789058183.087675629] [acados_nmpc_node]: [attach-window] t=44.66s pos_err=0.056m T=22.63N z=5.872 m_est=2.292
[INFO] [1789058183.120167384] [acados_nmpc_node]: [wcmd] raw=[+0.040,-0.196,+0.051] w=[+0.028,-0.260,+0.022] err=[+0.012,+0.064] scaled=[+0.080,+0.009] s=4.23
[INFO] [1789058183.132929832] [acados_nmpc_node]: [attach-window] t=44.70s pos_err=0.106m T=22.76N z=5.879 m_est=2.296
[INFO] [1789058183.188101235] [acados_nmpc_node]: [attach-window] t=44.76s pos_err=0.077m T=22.71N z=5.893 m_est=2.296
[INFO] [1789058183.232535994] [acados_nmpc_node]: [attach-window] t=44.80s pos_err=0.097m T=22.75N z=5.901 m_est=2.299
[INFO] [1789058183.287624361] [acados_nmpc_node]: [attach-window] t=44.86s pos_err=0.066m T=22.71N z=5.915 m_est=2.299
[INFO] [1789058183.320197069] [acados_nmpc_node]: [wcmd] raw=[+0.048,-0.157,+0.027] w=[+0.060,+0.103,+0.143] err=[-0.012,-0.261] scaled=[+0.010,-0.999] s=4.23
[INFO] [1789058183.332492680] [acados_nmpc_node]: [attach-window] t=44.90s pos_err=0.116m T=22.92N z=5.921 m_est=2.302
[INFO] [1789058183.387997792] [acados_nmpc_node]: [attach-window] t=44.96s pos_err=0.085m T=22.83N z=5.934 m_est=2.302
[INFO] [1789058183.432765977] [acados_nmpc_node]: [attach-window] t=45.00s pos_err=0.105m T=22.88N z=5.942 m_est=2.306
[INFO] [1789058183.487938688] [acados_nmpc_node]: [attach-window] t=45.06s pos_err=0.075m T=22.79N z=5.956 m_est=2.306
[INFO] [1789058183.520235685] [acados_nmpc_node]: [wcmd] raw=[+0.040,-0.080,-0.014] w=[+0.046,-0.153,+0.024] err=[-0.006,+0.073] scaled=[+0.020,+0.157] s=4.26
[INFO] [1789058183.532740256] [acados_nmpc_node]: [attach-window] t=45.10s pos_err=0.126m T=22.87N z=5.963 m_est=2.308
[INFO] [1789058183.587816096] [acados_nmpc_node]: [attach-window] t=45.16s pos_err=0.066m T=22.76N z=5.978 m_est=2.308
[INFO] [1789058183.632743965] [acados_nmpc_node]: [attach-window] t=45.20s pos_err=0.115m T=22.91N z=5.985 m_est=2.309
[INFO] [1789058183.688007669] [acados_nmpc_node]: [attach-window] t=45.26s pos_err=0.086m T=22.76N z=5.999 m_est=2.309
[INFO] [1789058183.720326195] [acados_nmpc_node]: [wcmd] raw=[+0.028,-0.169,-0.057] w=[+0.026,-0.150,-0.015] err=[+0.002,-0.020] scaled=[+0.035,-0.234] s=4.30
[INFO] [1789058183.732882458] [acados_nmpc_node]: [attach-window] t=45.30s pos_err=0.136m T=22.86N z=6.006 m_est=2.311
[INFO] [1789058183.787784696] [acados_nmpc_node]: [attach-window] t=45.36s pos_err=0.078m T=22.70N z=6.023 m_est=2.311
[INFO] [1789058183.832047524] [acados_nmpc_node]: [attach-window] t=45.40s pos_err=0.127m T=22.71N z=6.030 m_est=2.312
[INFO] [1789058183.886039819] [acados_nmpc_node]: [attach-window] t=45.45s pos_err=0.093m T=22.63N z=6.046 m_est=2.312
[INFO] [1789058183.920158558] [acados_nmpc_node]: [wcmd] raw=[+0.040,-0.110,-0.078] w=[+0.049,+0.045,+0.024] err=[-0.009,-0.155] scaled=[+0.011,-0.626] s=4.32
[INFO] [1789058183.931936740] [acados_nmpc_node]: [attach-window] t=45.50s pos_err=0.147m T=22.76N z=6.053 m_est=2.312
[INFO] [1789058183.985852949] [acados_nmpc_node]: [attach-window] t=45.55s pos_err=0.085m T=22.64N z=6.070 m_est=2.312
[INFO] [1789058184.032087035] [acados_nmpc_node]: [attach-window] t=45.60s pos_err=0.136m T=22.74N z=6.077 m_est=2.313
[INFO] [1789058184.032434918] [acados_nmpc_node]: t=45.6s | pos_err=0.136m | T=22.74N | tau=[r0.256 p0.186 y-0.022]Nm | res_stat=2.048e-07(peak 2.921e-06) sqp_iter=5 | solve=1.7ms
[INFO] [1789058184.032583906] [acados_nmpc_node]: [flight-diag] t=45.6s | om_scale=4.341(lo 4.218 hi 4.643) | tilt_max=11.40deg | w_max=[r0.142 p0.541 y1.162]rad/s | u_frac=[T0.764 r0.914 p1.000 y1.000] | u_sat=[T0.0 r0.0 p20.0 y2.0]% | mot_peak=1.000 mot_sat=16.2% | health=na age=na conf=na | n=100
[INFO] [1789058184.086461021] [acados_nmpc_node]: [attach-window] t=45.65s pos_err=0.105m T=22.71N z=6.091 m_est=2.313
[INFO] [1789058184.120405435] [acados_nmpc_node]: [wcmd] raw=[+0.046,-0.099,-0.109] w=[+0.035,-0.187,-0.097] err=[+0.010,+0.088] scaled=[+0.080,+0.197] s=4.36
[INFO] [1789058184.132233352] [acados_nmpc_node]: [attach-window] t=45.70s pos_err=0.156m T=22.74N z=6.098 m_est=2.313
[INFO] [1789058184.186307564] [acados_nmpc_node]: [attach-window] t=45.75s pos_err=0.123m T=22.77N z=6.112 m_est=2.313
[INFO] [1789058184.232337637] [acados_nmpc_node]: [attach-window] t=45.80s pos_err=0.174m T=22.85N z=6.119 m_est=2.314
[INFO] [1789058184.288357140] [acados_nmpc_node]: [attach-window] t=45.86s pos_err=0.118m T=22.77N z=6.134 m_est=2.314
[INFO] [1789058184.320200525] [acados_nmpc_node]: [wcmd] raw=[+0.041,-0.190,-0.136] w=[+0.057,+0.047,-0.048] err=[-0.016,-0.237] scaled=[-0.014,-0.992] s=4.39
[INFO] [1789058184.333298015] [acados_nmpc_node]: [attach-window] t=45.90s pos_err=0.163m T=22.89N z=6.141 m_est=2.315
[INFO] [1789058184.388538134] [acados_nmpc_node]: [attach-window] t=45.96s pos_err=0.135m T=22.81N z=6.155 m_est=2.315
[INFO] [1789058184.433297505] [acados_nmpc_node]: [attach-window] t=46.00s pos_err=0.180m T=22.84N z=6.162 m_est=2.317
[INFO] [1789058184.488755728] [acados_nmpc_node]: [attach-window] t=46.06s pos_err=0.127m T=22.72N z=6.177 m_est=2.317
[INFO] [1789058184.520173962] [acados_nmpc_node]: [wcmd] raw=[+0.050,-0.091,-0.153] w=[+0.049,-0.099,-0.128] err=[+0.000,+0.008] scaled=[+0.051,-0.064] s=4.41
[INFO] [1789058184.533422026] [acados_nmpc_node]: [attach-window] t=46.10s pos_err=0.169m T=22.70N z=6.184 m_est=2.317
[INFO] [1789058184.588463669] [acados_nmpc_node]: [attach-window] t=46.16s pos_err=0.140m T=22.62N z=6.199 m_est=2.317
[INFO] [1789058184.633369655] [acados_nmpc_node]: [attach-window] t=46.20s pos_err=0.183m T=22.73N z=6.206 m_est=2.319
[INFO] [1789058184.688744379] [acados_nmpc_node]: [attach-window] t=46.26s pos_err=0.131m T=22.69N z=6.221 m_est=2.319
[INFO] [1789058184.720146140] [acados_nmpc_node]: [wcmd] raw=[+0.042,-0.208,-0.191] w=[+0.037,-0.223,-0.203] err=[+0.005,+0.016] scaled=[+0.061,-0.155] s=4.43
[INFO] [1789058184.733192586] [acados_nmpc_node]: [attach-window] t=46.30s pos_err=0.170m T=22.76N z=6.227 m_est=2.320
[INFO] [1789058184.789083853] [acados_nmpc_node]: [attach-window] t=46.36s pos_err=0.145m T=22.81N z=6.240 m_est=2.320
[INFO] [1789058184.833592132] [acados_nmpc_node]: [attach-window] t=46.40s pos_err=0.183m T=22.80N z=6.246 m_est=2.319
[INFO] [1789058184.888680828] [acados_nmpc_node]: [attach-window] t=46.46s pos_err=0.134m T=22.84N z=6.260 m_est=2.319
[INFO] [1789058184.920281432] [acados_nmpc_node]: [wcmd] raw=[+0.041,-0.122,-0.211] w=[+0.070,+0.115,-0.100] err=[-0.029,-0.237] scaled=[-0.060,-0.942] s=4.47
[INFO] [1789058184.933335699] [acados_nmpc_node]: [attach-window] t=46.50s pos_err=0.171m T=22.94N z=6.266 m_est=2.321
[INFO] [1789058184.988415001] [acados_nmpc_node]: [attach-window] t=46.56s pos_err=0.126m T=22.83N z=6.280 m_est=2.321
[INFO] [1789058185.030038558] [acados_nmpc_node]: [dJ_online] m_est=2.322 m_p=0.258 ratchet=0.398 floor=0.050 -> m_p_model=0.258(track) dJ=0.0506 | gain_base=0.398 c_xy=[-0.51,+1.13]cm
[INFO] [1789058185.033928736] [acados_nmpc_node]: [attach-window] t=46.60s pos_err=0.160m T=22.89N z=6.287 m_est=2.322
[INFO] [1789058185.088537104] [acados_nmpc_node]: [attach-window] t=46.66s pos_err=0.139m T=22.85N z=6.300 m_est=2.322
[INFO] [1789058185.120187357] [acados_nmpc_node]: [wcmd] raw=[+0.045,-0.039,-0.271] w=[+0.026,-0.259,-0.274] err=[+0.019,+0.220] scaled=[+0.113,+0.728] s=4.49
[INFO] [1789058185.133519184] [acados_nmpc_node]: [attach-window] t=46.70s pos_err=0.173m T=22.76N z=6.306 m_est=2.323
[INFO] [1789058185.188501829] [acados_nmpc_node]: [attach-window] t=46.76s pos_err=0.151m T=22.77N z=6.320 m_est=2.323
[INFO] [1789058185.233066426] [acados_nmpc_node]: [attach-window] t=46.80s pos_err=0.163m T=22.81N z=6.328 m_est=2.323
[INFO] [1789058185.286198006] [acados_nmpc_node]: [attach-window] t=46.85s pos_err=0.138m T=22.77N z=6.341 m_est=2.323
[INFO] [1789058185.320099023] [acados_nmpc_node]: [wcmd] raw=[+0.036,-0.190,-0.342] w=[+0.052,+0.025,-0.220] err=[-0.015,-0.216] scaled=[-0.018,-0.945] s=4.50
[INFO] [1789058185.334186914] [acados_nmpc_node]: [attach-window] t=46.90s pos_err=0.172m T=22.80N z=6.348 m_est=2.323
[INFO] [1789058185.385848698] [acados_nmpc_node]: [attach-window] t=46.95s pos_err=0.147m T=22.76N z=6.361 m_est=2.323
[INFO] [1789058185.432691725] [acados_nmpc_node]: [attach-window] t=47.00s pos_err=0.162m T=22.70N z=6.369 m_est=2.324
[INFO] [1789058185.486382959] [acados_nmpc_node]: [attach-window] t=47.05s pos_err=0.139m T=22.68N z=6.382 m_est=2.324
[INFO] [1789058185.520140889] [acados_nmpc_node]: [wcmd] raw=[+0.054,+0.008,-0.412] w=[+0.085,+0.096,-0.246] err=[-0.031,-0.088] scaled=[-0.055,-0.300] s=4.51
[INFO] [1789058185.532820017] [acados_nmpc_node]: [attach-window] t=47.10s pos_err=0.170m T=22.73N z=6.389 m_est=2.324
[INFO] [1789058185.585976796] [acados_nmpc_node]: [attach-window] t=47.15s pos_err=0.146m T=22.76N z=6.401 m_est=2.324
[INFO] [1789058185.633388181] [acados_nmpc_node]: [attach-window] t=47.20s pos_err=0.177m T=22.81N z=6.407 m_est=2.322
[INFO] [1789058185.688831951] [acados_nmpc_node]: [attach-window] t=47.26s pos_err=0.140m T=22.85N z=6.420 m_est=2.322
[INFO] [1789058185.720202829] [acados_nmpc_node]: [wcmd] raw=[+0.042,-0.093,-0.533] w=[+0.030,-0.226,-0.453] err=[+0.012,+0.133] scaled=[+0.086,+0.376] s=4.52
[INFO] [1789058185.733353186] [acados_nmpc_node]: [attach-window] t=47.30s pos_err=0.166m T=22.86N z=6.426 m_est=2.323
[INFO] [1789058185.788514482] [acados_nmpc_node]: [attach-window] t=47.36s pos_err=0.132m T=22.91N z=6.439 m_est=2.323
[INFO] [1789058185.833482610] [acados_nmpc_node]: [attach-window] t=47.40s pos_err=0.156m T=22.95N z=6.444 m_est=2.323
[INFO] [1789058185.888445514] [acados_nmpc_node]: [attach-window] t=47.46s pos_err=0.138m T=22.96N z=6.455 m_est=2.323
[INFO] [1789058185.920218363] [acados_nmpc_node]: [wcmd] raw=[+0.008,-0.107,-0.634] w=[+0.034,+0.072,-0.440] err=[-0.026,-0.179] scaled=[-0.082,-0.736] s=4.52
[INFO] [1789058185.934329796] [acados_nmpc_node]: [attach-window] t=47.50s pos_err=0.161m T=23.00N z=6.460 m_est=2.323
[INFO] [1789058185.988260665] [acados_nmpc_node]: [attach-window] t=47.56s pos_err=0.143m T=23.02N z=6.471 m_est=2.323
[INFO] [1789058186.033852651] [acados_nmpc_node]: [attach-window] t=47.60s pos_err=0.166m T=23.03N z=6.476 m_est=2.323
[INFO] [1789058186.088267368] [acados_nmpc_node]: [attach-window] t=47.66s pos_err=0.134m T=23.02N z=6.488 m_est=2.323
[INFO] [1789058186.120218920] [acados_nmpc_node]: [wcmd] raw=[+0.029,-0.008,-0.756] w=[+0.062,+0.008,-0.556] err=[-0.033,-0.017] scaled=[-0.086,-0.067] s=4.52
[INFO] [1789058186.133129449] [acados_nmpc_node]: [attach-window] t=47.70s pos_err=0.155m T=23.05N z=6.493 m_est=2.323
[INFO] [1789058186.188456048] [acados_nmpc_node]: [attach-window] t=47.76s pos_err=0.138m T=23.02N z=6.504 m_est=2.323
[INFO] [1789058186.233211072] [acados_nmpc_node]: [attach-window] t=47.80s pos_err=0.143m T=23.04N z=6.511 m_est=2.325
[INFO] [1789058186.288733954] [acados_nmpc_node]: [attach-window] t=47.86s pos_err=0.129m T=22.98N z=6.522 m_est=2.325
[INFO] [1789058186.320196633] [acados_nmpc_node]: [wcmd] raw=[-0.003,-0.114,-0.886] w=[-0.018,-0.210,-0.771] err=[+0.015,+0.096] scaled=[+0.051,+0.225] s=4.52
[INFO] [1789058186.333019507] [acados_nmpc_node]: [attach-window] t=47.90s pos_err=0.145m T=23.00N z=6.528 m_est=2.326
[INFO] [1789058186.388616669] [acados_nmpc_node]: [attach-window] t=47.96s pos_err=0.130m T=22.93N z=6.539 m_est=2.326
[INFO] [1789058186.433058364] [acados_nmpc_node]: [attach-window] t=48.00s pos_err=0.146m T=22.92N z=6.545 m_est=2.326
[INFO] [1789058186.488304147] [acados_nmpc_node]: [attach-window] t=48.06s pos_err=0.121m T=22.87N z=6.557 m_est=2.326
[INFO] [1789058186.520211109] [acados_nmpc_node]: [wcmd] raw=[-0.006,-0.100,-0.972] w=[+0.055,+0.180,-0.736] err=[-0.061,-0.281] scaled=[-0.222,-1.098] s=4.55
[INFO] [1789058186.533015318] [acados_nmpc_node]: [attach-window] t=48.10s pos_err=0.133m T=22.93N z=6.563 m_est=2.327
[INFO] [1789058186.588485333] [acados_nmpc_node]: [attach-window] t=48.16s pos_err=0.111m T=22.74N z=6.576 m_est=2.327
[INFO] [1789058186.633457574] [acados_nmpc_node]: [attach-window] t=48.20s pos_err=0.121m T=22.77N z=6.582 m_est=2.327
[INFO] [1789058186.688899058] [acados_nmpc_node]: [attach-window] t=48.26s pos_err=0.109m T=22.70N z=6.594 m_est=2.327
[INFO] [1789058186.720175478] [acados_nmpc_node]: [wcmd] raw=[+0.018,+0.016,-1.016] w=[-0.004,-0.206,-0.990] err=[+0.023,+0.222] scaled=[+0.099,+0.810] s=4.57
[INFO] [1789058186.733376358] [acados_nmpc_node]: [attach-window] t=48.30s pos_err=0.117m T=22.64N z=6.599 m_est=2.324
[INFO] [1789058186.788442104] [acados_nmpc_node]: [attach-window] t=48.36s pos_err=0.106m T=22.65N z=6.611 m_est=2.324
[INFO] [1789058186.864857226] [acados_nmpc_node]: [attach-window] t=48.40s pos_err=0.113m T=22.73N z=6.617 m_est=2.325
[INFO] [1789058186.888741235] [acados_nmpc_node]: [attach-window] t=48.46s pos_err=0.096m T=22.62N z=6.630 m_est=2.325
[INFO] [1789058186.932290941] [acados_nmpc_node]: [attach-window] t=48.50s pos_err=0.099m T=22.69N z=6.635 m_est=2.324
[INFO] [1789058186.940085340] [acados_nmpc_node]: [wcmd] raw=[+0.038,-0.080,-0.998] w=[-0.023,-0.238,-1.099] err=[+0.060,+0.158] scaled=[+0.255,+0.488] s=4.59
[INFO] [1789058186.986557947] [acados_nmpc_node]: [attach-window] t=48.55s pos_err=0.089m T=22.65N z=6.645 m_est=2.324
[INFO] [1789058187.032532961] [acados_nmpc_node]: [attach-window] t=48.60s pos_err=0.093m T=22.61N z=6.651 m_est=2.323
[INFO] [1789058187.088948057] [acados_nmpc_node]: [attach-window] t=48.66s pos_err=0.079m T=22.65N z=6.661 m_est=2.323
[INFO] [1789058187.133274780] [acados_nmpc_node]: [attach-window] t=48.70s pos_err=0.080m T=22.78N z=6.666 m_est=2.323
[INFO] [1789058187.140164611] [acados_nmpc_node]: [wcmd] raw=[+0.026,+0.023,-0.840] w=[+0.067,+0.297,-0.905] err=[-0.040,-0.274] scaled=[-0.119,-0.963] s=4.60
[INFO] [1789058187.188976244] [acados_nmpc_node]: [attach-window] t=48.76s pos_err=0.071m T=22.66N z=6.676 m_est=2.323
[INFO] [1789058187.233277474] [acados_nmpc_node]: [attach-window] t=48.80s pos_err=0.067m T=22.73N z=6.681 m_est=2.323
[INFO] [1789058187.288785780] [acados_nmpc_node]: [attach-window] t=48.86s pos_err=0.061m T=22.63N z=6.690 m_est=2.323
[INFO] [1789058187.333692410] [acados_nmpc_node]: [attach-window] t=48.90s pos_err=0.059m T=22.55N z=6.694 m_est=2.322
[INFO] [1789058187.340188345] [acados_nmpc_node]: [wcmd] raw=[+0.043,-0.007,-0.696] w=[-0.005,-0.171,-1.012] err=[+0.049,+0.165] scaled=[+0.219,+0.586] s=4.60
[INFO] [1789058187.388831345] [acados_nmpc_node]: [attach-window] t=48.96s pos_err=0.052m T=22.53N z=6.703 m_est=2.322
[INFO] [1789058187.459061557] [acados_nmpc_node]: [attach-window] t=49.00s pos_err=0.054m T=22.62N z=6.707 m_est=2.321
[INFO] [1789058187.488779712] [acados_nmpc_node]: [attach-window] t=49.06s pos_err=0.045m T=22.61N z=6.716 m_est=2.321
[INFO] [1789058187.533363370] [acados_nmpc_node]: [attach-window] t=49.10s pos_err=0.043m T=22.74N z=6.720 m_est=2.320
[INFO] [1789058187.540276526] [acados_nmpc_node]: [wcmd] raw=[+0.020,-0.105,-0.496] w=[+0.024,+0.008,-0.815] err=[-0.004,-0.112] scaled=[+0.007,-0.510] s=4.61
[INFO] [1789058187.588630565] [acados_nmpc_node]: [attach-window] t=49.16s pos_err=0.036m T=22.62N z=6.727 m_est=2.320
[INFO] [1789058187.633316307] [acados_nmpc_node]: [attach-window] t=49.20s pos_err=0.040m T=22.63N z=6.730 m_est=2.320
[INFO] [1789058187.696466162] [acados_nmpc_node]: [attach-window] t=49.26s pos_err=0.029m T=22.48N z=6.738 m_est=2.320
[INFO] [1789058187.732813406] [acados_nmpc_node]: [attach-window] t=49.30s pos_err=0.031m T=22.67N z=6.741 m_est=2.319
[INFO] [1789058187.740173395] [acados_nmpc_node]: [wcmd] raw=[+0.017,+0.087,-0.314] w=[-0.009,+0.212,-0.564] err=[+0.025,-0.124] scaled=[+0.108,-0.361] s=4.61
[INFO] [1789058187.788339375] [acados_nmpc_node]: [attach-window] t=49.36s pos_err=0.020m T=22.84N z=6.746 m_est=2.319
[INFO] [1789058187.832041085] [acados_nmpc_node]: [attach-window] t=49.40s pos_err=0.034m T=22.92N z=6.748 m_est=2.316
[INFO] [1789058187.885738935] [acados_nmpc_node]: [attach-window] t=49.45s pos_err=0.017m T=22.63N z=6.754 m_est=2.316
[INFO] [1789058187.932215027] [acados_nmpc_node]: [attach-window] t=49.50s pos_err=0.026m T=22.69N z=6.757 m_est=2.317
[INFO] [1789058187.940080877] [acados_nmpc_node]: [wcmd] raw=[+0.031,-0.076,-0.225] w=[+0.049,-0.426,-0.596] err=[-0.018,+0.350] scaled=[-0.033,+1.176] s=4.58
[INFO] [1789058187.986102941] [acados_nmpc_node]: [attach-window] t=49.55s pos_err=0.013m T=22.53N z=6.763 m_est=2.317
[INFO] [1789058188.031885206] [acados_nmpc_node]: [attach-window] t=49.60s pos_err=0.023m T=22.73N z=6.766 m_est=2.317
[INFO] [1789058188.085658914] [acados_nmpc_node]: [attach-window] t=49.65s pos_err=0.014m T=22.84N z=6.770 m_est=2.317
[INFO] [1789058188.131861502] [acados_nmpc_node]: [attach-window] t=49.70s pos_err=0.037m T=22.94N z=6.772 m_est=2.316
[INFO] [1789058188.140109524] [acados_nmpc_node]: [wcmd] raw=[+0.007,-0.014,-0.134] w=[-0.026,+0.202,-0.219] err=[+0.033,-0.216] scaled=[+0.126,-0.785] s=4.56
[INFO] [1789058188.187872213] [acados_nmpc_node]: [attach-window] t=49.76s pos_err=0.022m T=22.76N z=6.776 m_est=2.316
[INFO] [1789058188.233148046] [acados_nmpc_node]: [attach-window] t=49.80s pos_err=0.052m T=22.81N z=6.777 m_est=2.318
[INFO] [1789058188.288191634] [acados_nmpc_node]: [attach-window] t=49.86s pos_err=0.024m T=22.63N z=6.782 m_est=2.318
[INFO] [1789058188.333377664] [acados_nmpc_node]: [attach-window] t=49.90s pos_err=0.053m T=22.57N z=6.784 m_est=2.318
[INFO] [1789058188.340148758] [acados_nmpc_node]: [wcmd] raw=[+0.008,+0.072,-0.147] w=[+0.036,-0.003,-0.170] err=[-0.028,+0.075] scaled=[-0.092,+0.340] s=4.55
[INFO] [1789058188.388104426] [acados_nmpc_node]: [attach-window] t=49.96s pos_err=0.039m T=22.56N z=6.787 m_est=2.318
[INFO] [1789058188.433000802] [acados_nmpc_node]: [attach-window] t=50.00s pos_err=0.071m T=22.68N z=6.789 m_est=2.319
[INFO] [1789058188.487954013] [acados_nmpc_node]: [attach-window] t=50.06s pos_err=0.038m T=22.57N z=6.792 m_est=2.319
[INFO] [1789058188.533058780] [acados_nmpc_node]: [attach-window] t=50.10s pos_err=0.070m T=22.68N z=6.793 m_est=2.320
[INFO] [1789058188.540188973] [acados_nmpc_node]: [wcmd] raw=[-0.009,-0.102,-0.201] w=[-0.039,-0.266,-0.239] err=[+0.031,+0.163] scaled=[+0.099,+0.477] s=4.54
[INFO] [1789058188.588204320] [acados_nmpc_node]: [attach-window] t=50.16s pos_err=0.055m T=22.63N z=6.796 m_est=2.320
[INFO] [1789058188.634335395] [acados_nmpc_node]: [attach-window] t=50.20s pos_err=0.090m T=22.55N z=6.797 m_est=2.321
[INFO] [1789058188.688296994] [acados_nmpc_node]: [attach-window] t=50.26s pos_err=0.054m T=22.52N z=6.800 m_est=2.321
[INFO] [1789058188.733017065] [acados_nmpc_node]: [attach-window] t=50.30s pos_err=0.088m T=22.59N z=6.801 m_est=2.320
[INFO] [1789058188.740172122] [acados_nmpc_node]: [wcmd] raw=[+0.000,+0.014,-0.220] w=[+0.026,+0.211,-0.051] err=[-0.026,-0.196] scaled=[-0.093,-0.681] s=4.54
[INFO] [1789058188.788221198] [acados_nmpc_node]: [attach-window] t=50.36s pos_err=0.069m T=22.54N z=6.803 m_est=2.320
[INFO] [1789058188.833010792] [acados_nmpc_node]: [attach-window] t=50.40s pos_err=0.104m T=22.62N z=6.804 m_est=2.321
[INFO] [1789058188.885588371] [acados_nmpc_node]: [attach-window] t=50.45s pos_err=0.059m T=22.53N z=6.806 m_est=2.321
[INFO] [1789058188.932341028] [acados_nmpc_node]: [attach-window] t=50.50s pos_err=0.100m T=22.50N z=6.807 m_est=2.321
[INFO] [1789058188.940357213] [acados_nmpc_node]: [wcmd] raw=[-0.004,-0.015,-0.290] w=[-0.023,-0.236,-0.246] err=[+0.019,+0.222] scaled=[+0.063,+0.770] s=4.53
[INFO] [1789058188.985846713] [acados_nmpc_node]: [attach-window] t=50.55s pos_err=0.075m T=22.52N z=6.808 m_est=2.321
[INFO] [1789058189.032325976] [acados_nmpc_node]: [attach-window] t=50.60s pos_err=0.116m T=22.56N z=6.808 m_est=2.320
[INFO] [1789058189.032670375] [acados_nmpc_node]: t=50.6s | pos_err=0.116m | T=22.56N | tau=[r0.271 p0.218 y-0.045]Nm | res_stat=6.002e-08(peak 2.921e-06) sqp_iter=5 | solve=2.0ms
[INFO] [1789058189.032817537] [acados_nmpc_node]: [flight-diag] t=50.6s | om_scale=4.534(lo 4.349 hi 4.609) | tilt_max=10.30deg | w_max=[r0.085 p0.417 y1.126]rad/s | u_frac=[T0.735 r0.699 p1.000 y0.957] | u_sat=[T0.0 r0.0 p12.0 y0.0]% | mot_peak=1.000 mot_sat=4.3% | health=na age=na conf=na | n=100
[INFO] [1789058189.088538724] [acados_nmpc_node]: [attach-window] t=50.66s pos_err=0.072m T=22.56N z=6.809 m_est=2.320
[INFO] [1789058189.133207725] [acados_nmpc_node]: [attach-window] t=50.70s pos_err=0.107m T=22.65N z=6.809 m_est=2.320
[INFO] [1789058189.140196420] [acados_nmpc_node]: [wcmd] raw=[-0.002,-0.119,-0.314] w=[-0.009,-0.041,-0.217] err=[+0.008,-0.078] scaled=[+0.026,-0.397] s=4.53
[INFO] [1789058189.188984572] [acados_nmpc_node]: [attach-window] t=50.76s pos_err=0.086m T=22.61N z=6.808 m_est=2.320
[INFO] [1789058189.233206887] [acados_nmpc_node]: [attach-window] t=50.80s pos_err=0.121m T=22.61N z=6.807 m_est=2.320
[INFO] [1789058189.288557209] [acados_nmpc_node]: [attach-window] t=50.86s pos_err=0.078m T=22.54N z=6.806 m_est=2.320
[INFO] [1789058189.333348736] [acados_nmpc_node]: [attach-window] t=50.90s pos_err=0.115m T=22.48N z=6.806 m_est=2.320
[INFO] [1789058189.340138178] [acados_nmpc_node]: [wcmd] raw=[+0.026,+0.028,-0.326] w=[+0.043,+0.098,-0.191] err=[-0.017,-0.070] scaled=[-0.034,-0.219] s=4.53
[INFO] [1789058189.388795407] [acados_nmpc_node]: [attach-window] t=50.96s pos_err=0.092m T=22.46N z=6.805 m_est=2.320
[INFO] [1789058189.433447851] [acados_nmpc_node]: [attach-window] t=51.00s pos_err=0.128m T=22.50N z=6.805 m_est=2.320
[INFO] [1789058189.489398242] [acados_nmpc_node]: [attach-window] t=51.06s pos_err=0.083m T=22.45N z=6.804 m_est=2.320
[INFO] [1789058189.566165866] [acados_nmpc_node]: [attach-window] t=51.10s pos_err=0.119m T=22.48N z=6.803 m_est=2.319
[INFO] [1789058189.566740116] [acados_nmpc_node]: [wcmd] raw=[+0.035,-0.101,-0.364] w=[-0.005,-0.244,-0.355] err=[+0.040,+0.142] scaled=[+0.176,+0.400] s=4.53
[INFO] [1789058189.588596965] [acados_nmpc_node]: [attach-window] t=51.16s pos_err=0.075m T=22.55N z=6.801 m_est=2.319
[INFO] [1789058189.633152247] [acados_nmpc_node]: [attach-window] t=51.20s pos_err=0.133m T=22.50N z=6.800 m_est=2.320
[INFO] [1789058189.688409016] [acados_nmpc_node]: [attach-window] t=51.26s pos_err=0.089m T=22.62N z=6.797 m_est=2.320
[INFO] [1789058189.733244407] [acados_nmpc_node]: [attach-window] t=51.30s pos_err=0.125m T=22.64N z=6.796 m_est=2.319
[INFO] [1789058189.760260585] [acados_nmpc_node]: [wcmd] raw=[+0.036,+0.031,-0.355] w=[+0.062,+0.246,-0.191] err=[-0.026,-0.215] scaled=[-0.056,-0.727] s=4.53
[INFO] [1789058189.788637163] [acados_nmpc_node]: [attach-window] t=51.36s pos_err=0.102m T=22.66N z=6.792 m_est=2.319
[INFO] [1789058189.833447211] [acados_nmpc_node]: [attach-window] t=51.40s pos_err=0.136m T=22.64N z=6.791 m_est=2.317
[INFO] [1789058189.888564981] [acados_nmpc_node]: [attach-window] t=51.46s pos_err=0.094m T=22.63N z=6.787 m_est=2.317
[INFO] [1789058189.933183058] [acados_nmpc_node]: [attach-window] t=51.50s pos_err=0.128m T=22.60N z=6.785 m_est=2.319
[INFO] [1789058189.960231968] [acados_nmpc_node]: [wcmd] raw=[+0.038,-0.025,-0.403] w=[+0.013,-0.288,-0.421] err=[+0.026,+0.263] scaled=[+0.129,+0.904] s=4.53
[INFO] [1789058189.988558674] [acados_nmpc_node]: [attach-window] t=51.56s pos_err=0.108m T=22.63N z=6.781 m_est=2.319
[INFO] [1789058190.030018856] [acados_nmpc_node]: [dJ_online] m_est=2.318 m_p=0.254 ratchet=0.398 floor=0.050 -> m_p_model=0.254(track) dJ=0.0499 | gain_base=0.398 c_xy=[-0.51,+1.13]cm
[INFO] [1789058190.067398302] [acados_nmpc_node]: [attach-window] t=51.60s pos_err=0.122m T=22.61N z=6.778 m_est=2.318
[INFO] [1789058190.117913999] [acados_nmpc_node]: [attach-window] t=51.66s pos_err=0.101m T=22.67N z=6.774 m_est=2.318
[INFO] [1789058190.132188028] [acados_nmpc_node]: [attach-window] t=51.70s pos_err=0.133m T=22.73N z=6.771 m_est=2.318
[INFO] [1789058190.188737110] [acados_nmpc_node]: [attach-window] t=51.76s pos_err=0.112m T=22.70N z=6.765 m_est=2.318
[INFO] [1789058190.200225146] [acados_nmpc_node]: [wcmd] raw=[+0.008,-0.300,-0.458] w=[+0.008,-0.109,-0.408] err=[+0.000,-0.191] scaled=[+0.008,-0.976] s=4.53
[INFO] [1789058190.233140225] [acados_nmpc_node]: [attach-window] t=51.80s pos_err=0.142m T=22.65N z=6.763 m_est=2.317
[INFO] [1789058190.288618277] [acados_nmpc_node]: [attach-window] t=51.86s pos_err=0.104m T=22.57N z=6.757 m_est=2.317
[INFO] [1789058190.333247827] [acados_nmpc_node]: [attach-window] t=51.90s pos_err=0.135m T=22.36N z=6.755 m_est=2.318
[INFO] [1789058190.388607812] [acados_nmpc_node]: [attach-window] t=51.96s pos_err=0.116m T=22.37N z=6.750 m_est=2.318
[INFO] [1789058190.400231877] [acados_nmpc_node]: [wcmd] raw=[+0.019,+0.031,-0.490] w=[+0.069,+0.032,-0.365] err=[-0.051,-0.002] scaled=[-0.161,+0.025] s=4.53
[INFO] [1789058190.433090058] [acados_nmpc_node]: [attach-window] t=52.00s pos_err=0.144m T=22.34N z=6.749 m_est=2.320
[INFO] [1789058190.488453482] [acados_nmpc_node]: [attach-window] t=52.06s pos_err=0.107m T=22.49N z=6.744 m_est=2.320
[INFO] [1789058190.533036694] [acados_nmpc_node]: [attach-window] t=52.10s pos_err=0.133m T=22.50N z=6.742 m_est=2.318
[INFO] [1789058190.588506187] [acados_nmpc_node]: [attach-window] t=52.16s pos_err=0.115m T=22.55N z=6.738 m_est=2.318
[INFO] [1789058190.600268450] [acados_nmpc_node]: [wcmd] raw=[+0.017,-0.131,-0.607] w=[-0.029,-0.248,-0.540] err=[+0.046,+0.116] scaled=[+0.180,+0.279] s=4.53
[INFO] [1789058190.633116969] [acados_nmpc_node]: [attach-window] t=52.20s pos_err=0.141m T=22.52N z=6.735 m_est=2.318
[INFO] [1789058190.688658710] [acados_nmpc_node]: [attach-window] t=52.26s pos_err=0.109m T=22.60N z=6.729 m_est=2.318
[INFO] [1789058190.733033766] [acados_nmpc_node]: [attach-window] t=52.30s pos_err=0.132m T=22.57N z=6.727 m_est=2.321
[INFO] [1789058190.788405134] [acados_nmpc_node]: [attach-window] t=52.36s pos_err=0.115m T=22.64N z=6.722 m_est=2.321
[INFO] [1789058190.800184985] [acados_nmpc_node]: [wcmd] raw=[+0.019,-0.071,-0.699] w=[+0.087,+0.184,-0.451] err=[-0.068,-0.255] scaled=[-0.222,-0.972] s=4.53
[INFO] [1789058190.833001903] [acados_nmpc_node]: [attach-window] t=52.40s pos_err=0.136m T=22.64N z=6.719 m_est=2.322
[INFO] [1789058190.888487125] [acados_nmpc_node]: [attach-window] t=52.46s pos_err=0.105m T=22.66N z=6.712 m_est=2.322
[INFO] [1789058190.933176749] [acados_nmpc_node]: [attach-window] t=52.50s pos_err=0.124m T=22.65N z=6.709 m_est=2.321
[INFO] [1789058190.988808240] [acados_nmpc_node]: [attach-window] t=52.56s pos_err=0.107m T=22.70N z=6.702 m_est=2.321
[INFO] [1789058191.000167937] [acados_nmpc_node]: [wcmd] raw=[+0.040,-0.025,-0.843] w=[+0.031,-0.212,-0.705] err=[+0.009,+0.187] scaled=[+0.071,+0.635] s=4.53
[INFO] [1789058191.033312573] [acados_nmpc_node]: [attach-window] t=52.60s pos_err=0.125m T=22.62N z=6.698 m_est=2.321
[INFO] [1789058191.088470382] [acados_nmpc_node]: [attach-window] t=52.66s pos_err=0.098m T=22.74N z=6.690 m_est=2.321
[INFO] [1789058191.133024217] [acados_nmpc_node]: [attach-window] t=52.70s pos_err=0.112m T=22.78N z=6.686 m_est=2.323
[INFO] [1789058191.188620118] [acados_nmpc_node]: [attach-window] t=52.76s pos_err=0.097m T=22.73N z=6.678 m_est=2.323
[INFO] [1789058191.200192989] [acados_nmpc_node]: [wcmd] raw=[+0.012,-0.167,-0.958] w=[+0.003,-0.145,-0.812] err=[+0.009,-0.022] scaled=[+0.042,-0.243] s=4.53
[INFO] [1789058191.232181535] [acados_nmpc_node]: [attach-window] t=52.80s pos_err=0.109m T=22.71N z=6.674 m_est=2.323
[INFO] [1789058191.289142955] [acados_nmpc_node]: [attach-window] t=52.86s pos_err=0.089m T=22.73N z=6.665 m_est=2.323
[INFO] [1789058191.333256320] [acados_nmpc_node]: [attach-window] t=52.90s pos_err=0.098m T=22.61N z=6.661 m_est=2.320
[INFO] [1789058191.388498944] [acados_nmpc_node]: [attach-window] t=52.96s pos_err=0.087m T=22.72N z=6.652 m_est=2.320
[INFO] [1789058191.400232057] [acados_nmpc_node]: [wcmd] raw=[+0.018,+0.000,-1.017] w=[+0.095,+0.192,-0.791] err=[-0.077,-0.192] scaled=[-0.253,-0.676] s=4.53
[INFO] [1789058191.433259335] [acados_nmpc_node]: [attach-window] t=53.00s pos_err=0.094m T=22.77N z=6.648 m_est=2.321
[INFO] [1789058191.488448480] [acados_nmpc_node]: [attach-window] t=53.06s pos_err=0.080m T=22.80N z=6.637 m_est=2.321
[INFO] [1789058191.533153267] [acados_nmpc_node]: [attach-window] t=53.10s pos_err=0.083m T=22.82N z=6.633 m_est=2.321
[INFO] [1789058191.588633490] [acados_nmpc_node]: [attach-window] t=53.16s pos_err=0.076m T=22.84N z=6.623 m_est=2.321
[INFO] [1789058191.600207188] [acados_nmpc_node]: [wcmd] raw=[+0.034,-0.045,-1.059] w=[-0.019,-0.325,-1.098] err=[+0.053,+0.279] scaled=[+0.222,+0.940] s=4.53
[INFO] [1789058191.633162891] [acados_nmpc_node]: [attach-window] t=53.20s pos_err=0.078m T=22.67N z=6.619 m_est=2.317
[INFO] [1789058191.688818705] [acados_nmpc_node]: [attach-window] t=53.26s pos_err=0.072m T=22.76N z=6.608 m_est=2.317
[INFO] [1789058191.733280266] [acados_nmpc_node]: [attach-window] t=53.30s pos_err=0.069m T=22.81N z=6.603 m_est=2.319
[INFO] [1789058191.788660305] [acados_nmpc_node]: [attach-window] t=53.36s pos_err=0.067m T=22.83N z=6.594 m_est=2.319
[INFO] [1789058191.800133853] [acados_nmpc_node]: [wcmd] raw=[-0.005,-0.097,-0.964] w=[+0.035,+0.132,-0.991] err=[-0.040,-0.229] scaled=[-0.147,-0.905] s=4.53
[INFO] [1789058191.833271791] [acados_nmpc_node]: [attach-window] t=53.40s pos_err=0.062m T=22.82N z=6.589 m_est=2.320
[INFO] [1789058191.886257280] [acados_nmpc_node]: [attach-window] t=53.45s pos_err=0.068m T=22.77N z=6.579 m_est=2.320
[INFO] [1789058191.933366932] [acados_nmpc_node]: [attach-window] t=53.50s pos_err=0.055m T=22.71N z=6.575 m_est=2.321
[INFO] [1789058191.988942407] [acados_nmpc_node]: [attach-window] t=53.56s pos_err=0.058m T=22.73N z=6.566 m_est=2.321
[INFO] [1789058192.000148195] [acados_nmpc_node]: [wcmd] raw=[+0.028,+0.074,-0.809] w=[+0.029,+0.050,-1.001] err=[-0.000,+0.024] scaled=[+0.028,+0.159] s=4.53
[INFO] [1789058192.033332524] [acados_nmpc_node]: [attach-window] t=53.60s pos_err=0.048m T=22.76N z=6.562 m_est=2.322
[INFO] [1789058192.088894540] [acados_nmpc_node]: [attach-window] t=53.66s pos_err=0.061m T=22.83N z=6.552 m_est=2.322
[INFO] [1789058192.133442865] [acados_nmpc_node]: [attach-window] t=53.70s pos_err=0.045m T=22.87N z=6.547 m_est=2.322
[INFO] [1789058192.188721845] [acados_nmpc_node]: [attach-window] t=53.76s pos_err=0.067m T=22.72N z=6.536 m_est=2.322
[INFO] [1789058192.200239876] [acados_nmpc_node]: [wcmd] raw=[-0.020,-0.172,-0.629] w=[-0.004,-0.256,-1.029] err=[-0.016,+0.083] scaled=[-0.077,+0.122] s=4.53
[INFO] [1789058192.233312769] [acados_nmpc_node]: [attach-window] t=53.80s pos_err=0.037m T=22.72N z=6.533 m_est=2.324
[INFO] [1789058192.289004044] [acados_nmpc_node]: [attach-window] t=53.86s pos_err=0.057m T=22.66N z=6.522 m_est=2.324
[INFO] [1789058192.339499761] [acados_nmpc_node]: [attach-window] t=53.90s pos_err=0.035m T=22.73N z=6.517 m_est=2.322
[INFO] [1789058192.388837242] [acados_nmpc_node]: [attach-window] t=53.96s pos_err=0.062m T=22.91N z=6.504 m_est=2.322
[INFO] [1789058192.400154096] [acados_nmpc_node]: [wcmd] raw=[-0.008,-0.055,-0.381] w=[-0.013,+0.405,-0.620] err=[+0.005,-0.460] scaled=[+0.011,-1.679] s=4.53
[INFO] [1789058192.433059603] [acados_nmpc_node]: [attach-window] t=54.00s pos_err=0.026m T=22.99N z=6.499 m_est=2.323
[INFO] [1789058192.488507304] [acados_nmpc_node]: [attach-window] t=54.06s pos_err=0.053m T=22.62N z=6.486 m_est=2.323
[INFO] [1789058192.533232381] [acados_nmpc_node]: [attach-window] t=54.10s pos_err=0.027m T=22.59N z=6.481 m_est=2.323
[INFO] [1789058192.588984530] [acados_nmpc_node]: [attach-window] t=54.16s pos_err=0.058m T=22.44N z=6.469 m_est=2.323
[INFO] [1789058192.600202628] [acados_nmpc_node]: [wcmd] raw=[-0.005,-0.105,-0.256] w=[+0.032,-0.308,-0.664] err=[-0.037,+0.203] scaled=[-0.135,+0.611] s=4.53
[INFO] [1789058192.633558628] [acados_nmpc_node]: [attach-window] t=54.20s pos_err=0.028m T=22.64N z=6.463 m_est=2.319
[INFO] [1789058192.688498428] [acados_nmpc_node]: [attach-window] t=54.26s pos_err=0.045m T=23.02N z=6.450 m_est=2.319
[INFO] [1789058192.732117426] [acados_nmpc_node]: [attach-window] t=54.30s pos_err=0.013m T=23.11N z=6.442 m_est=2.318
[INFO] [1789058192.786001337] [acados_nmpc_node]: [attach-window] t=54.35s pos_err=0.056m T=23.11N z=6.425 m_est=2.318
[INFO] [1789058192.800078270] [acados_nmpc_node]: [wcmd] raw=[-0.003,-0.131,-0.110] w=[-0.018,+0.081,-0.333] err=[+0.015,-0.212] scaled=[+0.049,-0.880] s=4.53
[INFO] [1789058192.831727128] [acados_nmpc_node]: [attach-window] t=54.40s pos_err=0.016m T=23.21N z=6.418 m_est=2.318
[INFO] [1789058192.888373651] [acados_nmpc_node]: [attach-window] t=54.46s pos_err=0.036m T=23.11N z=6.403 m_est=2.318
[INFO] [1789058192.933175667] [acados_nmpc_node]: [attach-window] t=54.50s pos_err=0.008m T=23.00N z=6.396 m_est=2.319
[INFO] [1789058192.988232138] [acados_nmpc_node]: [attach-window] t=54.56s pos_err=0.018m T=22.94N z=6.383 m_est=2.319
[INFO] [1789058193.000170695] [acados_nmpc_node]: [wcmd] raw=[-0.023,+0.091,-0.063] w=[-0.001,+0.112,-0.158] err=[-0.023,-0.021] scaled=[-0.104,+0.019] s=4.53
[INFO] [1789058193.032775941] [acados_nmpc_node]: [attach-window] t=54.60s pos_err=0.026m T=22.97N z=6.376 m_est=2.319
[INFO] [1789058193.087838527] [acados_nmpc_node]: [attach-window] t=54.66s pos_err=0.024m T=22.92N z=6.362 m_est=2.319
[INFO] [1789058193.132464728] [acados_nmpc_node]: [attach-window] t=54.70s pos_err=0.025m T=22.98N z=6.356 m_est=2.317
[INFO] [1789058193.187926543] [acados_nmpc_node]: [attach-window] t=54.76s pos_err=0.017m T=22.73N z=6.344 m_est=2.317
[INFO] [1789058193.200135339] [acados_nmpc_node]: [wcmd] raw=[-0.017,-0.144,-0.089] w=[-0.035,-0.334,-0.232] err=[+0.018,+0.190] scaled=[+0.045,+0.527] s=4.53
[INFO] [1789058193.233220068] [acados_nmpc_node]: [attach-window] t=54.80s pos_err=0.045m T=22.69N z=6.339 m_est=2.320
[INFO] [1789058193.288764131] [acados_nmpc_node]: [attach-window] t=54.86s pos_err=0.020m T=22.46N z=6.327 m_est=2.320
[INFO] [1789058193.332996287] [acados_nmpc_node]: [attach-window] t=54.90s pos_err=0.044m T=22.48N z=6.322 m_est=2.321
[INFO] [1789058193.387765385] [acados_nmpc_node]: [attach-window] t=54.96s pos_err=0.027m T=22.51N z=6.311 m_est=2.321
[INFO] [1789058193.400256796] [acados_nmpc_node]: [wcmd] raw=[-0.026,-0.069,-0.073] w=[-0.007,+0.263,+0.042] err=[-0.019,-0.332] scaled=[-0.095,-1.240] s=4.53
[INFO] [1789058193.432937132] [acados_nmpc_node]: [attach-window] t=55.00s pos_err=0.063m T=22.57N z=6.306 m_est=2.317
[INFO] [1789058193.487817952] [acados_nmpc_node]: [attach-window] t=55.06s pos_err=0.029m T=22.34N z=6.295 m_est=2.317
[INFO] [1789058193.532684615] [acados_nmpc_node]: [attach-window] t=55.10s pos_err=0.059m T=22.40N z=6.290 m_est=2.319
[INFO] [1789058193.588710802] [acados_nmpc_node]: [attach-window] t=55.16s pos_err=0.043m T=22.32N z=6.280 m_est=2.319
[INFO] [1789058193.600188720] [acados_nmpc_node]: [wcmd] raw=[-0.017,-0.060,-0.119] w=[-0.028,-0.260,-0.130] err=[+0.012,+0.201] scaled=[+0.024,+0.649] s=4.53
[INFO] [1789058193.648972938] [acados_nmpc_node]: [attach-window] t=55.20s pos_err=0.080m T=22.19N z=6.275 m_est=2.318
[INFO] [1789058193.687721154] [acados_nmpc_node]: [attach-window] t=55.26s pos_err=0.043m T=22.25N z=6.263 m_est=2.318
[INFO] [1789058193.732511258] [acados_nmpc_node]: [attach-window] t=55.30s pos_err=0.076m T=22.33N z=6.257 m_est=2.317
[INFO] [1789058193.788286464] [acados_nmpc_node]: [attach-window] t=55.36s pos_err=0.045m T=22.09N z=6.244 m_est=2.317
[INFO] [1789058193.800208982] [acados_nmpc_node]: [wcmd] raw=[-0.052,-0.293,-0.126] w=[-0.034,-0.117,-0.095] err=[-0.018,-0.175] scaled=[-0.115,-0.912] s=4.53
[INFO] [1789058193.832903013] [acados_nmpc_node]: [attach-window] t=55.40s pos_err=0.093m T=22.24N z=6.239 m_est=2.317
[INFO] [1789058193.888714400] [acados_nmpc_node]: [attach-window] t=55.46s pos_err=0.055m T=22.10N z=6.226 m_est=2.317
[INFO] [1789058193.934044380] [acados_nmpc_node]: [attach-window] t=55.50s pos_err=0.089m T=21.81N z=6.220 m_est=2.313
[INFO] [1789058193.987946102] [acados_nmpc_node]: [attach-window] t=55.56s pos_err=0.054m T=21.95N z=6.207 m_est=2.313
[INFO] [1789058194.000203754] [acados_nmpc_node]: [wcmd] raw=[-0.047,-0.016,-0.094] w=[-0.032,+0.128,+0.002] err=[-0.016,-0.144] scaled=[-0.103,-0.523] s=4.53
[INFO] [1789058194.032724527] [acados_nmpc_node]: [attach-window] t=55.60s pos_err=0.108m T=22.00N z=6.202 m_est=2.312
[INFO] [1789058194.033217064] [acados_nmpc_node]: t=55.6s | pos_err=0.108m | T=22.00N | tau=[r0.246 p0.179 y-0.038]Nm | res_stat=6.869e-07(peak 2.921e-06) sqp_iter=5 | solve=2.1ms
[INFO] [1789058194.033425779] [acados_nmpc_node]: [flight-diag] t=55.6s | om_scale=4.528(lo 4.528 hi 4.533) | tilt_max=11.16deg | w_max=[r0.098 p0.547 y1.159]rad/s | u_frac=[T0.740 r0.746 p1.000 y1.000] | u_sat=[T0.0 r0.0 p19.0 y2.0]% | mot_peak=1.000 mot_sat=7.9% | health=na age=na conf=na | n=100
[INFO] [1789058194.085672095] [acados_nmpc_node]: [attach-window] t=55.65s pos_err=0.061m T=22.19N z=6.187 m_est=2.312
[INFO] [1789058194.132699624] [acados_nmpc_node]: [attach-window] t=55.70s pos_err=0.101m T=22.32N z=6.180 m_est=2.312
[INFO] [1789058194.187996564] [acados_nmpc_node]: [attach-window] t=55.76s pos_err=0.079m T=22.46N z=6.166 m_est=2.312
[INFO] [1789058194.200172626] [acados_nmpc_node]: [wcmd] raw=[-0.054,-0.057,-0.107] w=[-0.070,-0.186,-0.130] err=[+0.017,+0.130] scaled=[+0.005,+0.397] s=4.50
[INFO] [1789058194.233376252] [acados_nmpc_node]: [attach-window] t=55.80s pos_err=0.121m T=22.44N z=6.158 m_est=2.309
[INFO] [1789058194.288135506] [acados_nmpc_node]: [attach-window] t=55.86s pos_err=0.074m T=22.61N z=6.139 m_est=2.309
[INFO] [1789058194.332861488] [acados_nmpc_node]: [attach-window] t=55.90s pos_err=0.115m T=22.64N z=6.130 m_est=2.306
[INFO] [1789058194.387933667] [acados_nmpc_node]: [attach-window] t=55.96s pos_err=0.089m T=22.67N z=6.113 m_est=2.306
[INFO] [1789058194.400276045] [acados_nmpc_node]: [wcmd] raw=[-0.047,-0.143,-0.071] w=[-0.040,+0.027,-0.052] err=[-0.007,-0.170] scaled=[-0.070,-0.733] s=4.47
[INFO] [1789058194.432739217] [acados_nmpc_node]: [attach-window] t=56.00s pos_err=0.134m T=22.75N z=6.104 m_est=2.303
[INFO] [1789058194.488024899] [acados_nmpc_node]: [attach-window] t=56.06s pos_err=0.081m T=22.78N z=6.084 m_est=2.303
[INFO] [1789058194.533064968] [acados_nmpc_node]: [attach-window] t=56.10s pos_err=0.125m T=22.79N z=6.075 m_est=2.304
[INFO] [1789058194.587874451] [acados_nmpc_node]: [attach-window] t=56.16s pos_err=0.073m T=22.88N z=6.054 m_est=2.304
[INFO] [1789058194.600203312] [acados_nmpc_node]: [wcmd] raw=[-0.046,-0.145,-0.032] w=[-0.050,-0.077,-0.065] err=[+0.004,-0.068] scaled=[-0.032,-0.377] s=4.44
[INFO] [1789058194.632903460] [acados_nmpc_node]: [attach-window] t=56.20s pos_err=0.146m T=22.89N z=6.047 m_est=2.304
[INFO] [1789058194.688041353] [acados_nmpc_node]: [attach-window] t=56.26s pos_err=0.090m T=22.91N z=6.026 m_est=2.304
[INFO] [1789058194.732743798] [acados_nmpc_node]: [attach-window] t=56.30s pos_err=0.136m T=22.93N z=6.017 m_est=2.304
[INFO] [1789058194.787897550] [acados_nmpc_node]: [attach-window] t=56.36s pos_err=0.083m T=22.91N z=5.997 m_est=2.304
[INFO] [1789058194.800181068] [acados_nmpc_node]: [wcmd] raw=[-0.033,-0.205,+0.006] w=[-0.044,-0.159,-0.059] err=[+0.011,-0.046] scaled=[+0.005,-0.361] s=4.41
[INFO] [1789058194.832695728] [acados_nmpc_node]: [attach-window] t=56.40s pos_err=0.128m T=22.94N z=5.989 m_est=2.305
[INFO] [1789058194.887925104] [acados_nmpc_node]: [attach-window] t=56.46s pos_err=0.103m T=22.97N z=5.972 m_est=2.305
[INFO] [1789058194.933025016] [acados_nmpc_node]: [attach-window] t=56.50s pos_err=0.150m T=22.93N z=5.963 m_est=2.307
[INFO] [1789058194.987902994] [acados_nmpc_node]: [attach-window] t=56.56s pos_err=0.098m T=23.00N z=5.945 m_est=2.307
[INFO] [1789058195.000177614] [acados_nmpc_node]: [wcmd] raw=[-0.027,-0.109,+0.057] w=[-0.024,+0.045,+0.061] err=[-0.003,-0.154] scaled=[-0.038,-0.633] s=4.40
[INFO] [1789058195.030302901] [acados_nmpc_node]: [dJ_online] m_est=2.309 m_p=0.245 ratchet=0.398 floor=0.050 -> m_p_model=0.245(track) dJ=0.0483 | gain_base=0.398 c_xy=[-0.51,+1.13]cm
[INFO] [1789058195.033425902] [acados_nmpc_node]: [attach-window] t=56.60s pos_err=0.172m T=22.99N z=5.939 m_est=2.309
[INFO] [1789058195.088218951] [acados_nmpc_node]: [attach-window] t=56.66s pos_err=0.118m T=22.94N z=5.921 m_est=2.309
[INFO] [1789058195.132793194] [acados_nmpc_node]: [attach-window] t=56.70s pos_err=0.163m T=22.92N z=5.913 m_est=2.311
[INFO] [1789058195.188236878] [acados_nmpc_node]: [attach-window] t=56.76s pos_err=0.138m T=22.91N z=5.898 m_est=2.311
[INFO] [1789058195.200199169] [acados_nmpc_node]: [wcmd] raw=[-0.039,-0.088,+0.072] w=[-0.046,-0.171,+0.011] err=[+0.007,+0.084] scaled=[-0.013,+0.196] s=4.39
[INFO] [1789058195.232735819] [acados_nmpc_node]: [attach-window] t=56.80s pos_err=0.183m T=22.86N z=5.891 m_est=2.314
[INFO] [1789058195.288385742] [acados_nmpc_node]: [attach-window] t=56.86s pos_err=0.130m T=22.94N z=5.874 m_est=2.314
[INFO] [1789058195.332774205] [acados_nmpc_node]: [attach-window] t=56.90s pos_err=0.174m T=22.95N z=5.866 m_est=2.316
[INFO] [1789058195.388168386] [acados_nmpc_node]: [attach-window] t=56.96s pos_err=0.147m T=22.89N z=5.851 m_est=2.316
[INFO] [1789058195.400199677] [acados_nmpc_node]: [wcmd] raw=[-0.044,-0.161,+0.106] w=[-0.046,-0.088,+0.072] err=[+0.002,-0.073] scaled=[-0.038,-0.408] s=4.41
[INFO] [1789058195.432785312] [acados_nmpc_node]: [attach-window] t=57.00s pos_err=0.163m T=22.92N z=5.842 m_est=2.319
[INFO] [1789058195.488051227] [acados_nmpc_node]: [attach-window] t=57.06s pos_err=0.137m T=22.95N z=5.828 m_est=2.319
[INFO] [1789058195.532850345] [acados_nmpc_node]: [attach-window] t=57.10s pos_err=0.180m T=22.90N z=5.821 m_est=2.322
[INFO] [1789058195.587918894] [acados_nmpc_node]: [attach-window] t=57.16s pos_err=0.153m T=22.97N z=5.806 m_est=2.322
[INFO] [1789058195.600220204] [acados_nmpc_node]: [wcmd] raw=[-0.044,-0.048,+0.147] w=[-0.051,-0.036,+0.129] err=[+0.007,-0.012] scaled=[-0.022,-0.089] s=4.44
[INFO] [1789058195.632737085] [acados_nmpc_node]: [attach-window] t=57.20s pos_err=0.196m T=22.91N z=5.799 m_est=2.323
[INFO] [1789058195.685642941] [acados_nmpc_node]: [attach-window] t=57.25s pos_err=0.139m T=22.96N z=5.784 m_est=2.323
[INFO] [1789058195.731979855] [acados_nmpc_node]: [attach-window] t=57.30s pos_err=0.185m T=22.95N z=5.777 m_est=2.323
[INFO] [1789058195.786229768] [acados_nmpc_node]: [attach-window] t=57.35s pos_err=0.155m T=22.91N z=5.764 m_est=2.323
[INFO] [1789058195.800270950] [acados_nmpc_node]: [wcmd] raw=[-0.042,-0.144,+0.170] w=[-0.053,-0.239,+0.086] err=[+0.012,+0.096] scaled=[+0.000,+0.190] s=4.48
[INFO] [1789058195.832422355] [acados_nmpc_node]: [attach-window] t=57.40s pos_err=0.199m T=22.81N z=5.757 m_est=2.325
[INFO] [1789058195.885772604] [acados_nmpc_node]: [attach-window] t=57.45s pos_err=0.145m T=22.84N z=5.743 m_est=2.325
[INFO] [1789058195.932157496] [acados_nmpc_node]: [attach-window] t=57.50s pos_err=0.188m T=22.69N z=5.737 m_est=2.325
[INFO] [1789058195.988399030] [acados_nmpc_node]: [attach-window] t=57.56s pos_err=0.163m T=22.68N z=5.726 m_est=2.325
[INFO] [1789058196.000188004] [acados_nmpc_node]: [wcmd] raw=[-0.043,-0.089,+0.226] w=[-0.042,+0.108,+0.243] err=[-0.001,-0.197] scaled=[-0.047,-0.781] s=4.51
[INFO] [1789058196.032988432] [acados_nmpc_node]: [attach-window] t=57.60s pos_err=0.200m T=22.65N z=5.720 m_est=2.324
[INFO] [1789058196.088109908] [acados_nmpc_node]: [attach-window] t=57.66s pos_err=0.151m T=22.74N z=5.707 m_est=2.324
[INFO] [1789058196.133023401] [acados_nmpc_node]: [attach-window] t=57.70s pos_err=0.187m T=22.72N z=5.701 m_est=2.325
[INFO] [1789058196.188200210] [acados_nmpc_node]: [attach-window] t=57.76s pos_err=0.141m T=22.89N z=5.686 m_est=2.325
[INFO] [1789058196.200235306] [acados_nmpc_node]: [wcmd] raw=[-0.034,-0.115,+0.266] w=[-0.064,-0.158,+0.180] err=[+0.031,+0.043] scaled=[+0.074,+0.038] s=4.53
[INFO] [1789058196.233194398] [acados_nmpc_node]: [attach-window] t=57.80s pos_err=0.197m T=22.77N z=5.681 m_est=2.325
[INFO] [1789058196.288109389] [acados_nmpc_node]: [attach-window] t=57.86s pos_err=0.150m T=22.94N z=5.666 m_est=2.325
[INFO] [1789058196.333071012] [acados_nmpc_node]: [attach-window] t=57.90s pos_err=0.183m T=22.95N z=5.660 m_est=2.325
[INFO] [1789058196.389074858] [acados_nmpc_node]: [attach-window] t=57.96s pos_err=0.139m T=23.07N z=5.644 m_est=2.325
[INFO] [1789058196.400319276] [acados_nmpc_node]: [wcmd] raw=[-0.029,-0.157,+0.334] w=[-0.038,-0.063,+0.260] err=[+0.008,-0.095] scaled=[+0.001,-0.493] s=4.54
[INFO] [1789058196.433298007] [acados_nmpc_node]: [attach-window] t=58.00s pos_err=0.189m T=23.04N z=5.639 m_est=2.327
[INFO] [1789058196.488630108] [acados_nmpc_node]: [attach-window] t=58.06s pos_err=0.145m T=23.19N z=5.623 m_est=2.327
[INFO] [1789058196.533246139] [acados_nmpc_node]: [attach-window] t=58.10s pos_err=0.174m T=23.10N z=5.616 m_est=2.327
[INFO] [1789058196.589265511] [acados_nmpc_node]: [attach-window] t=58.16s pos_err=0.153m T=23.21N z=5.602 m_est=2.327
[INFO] [1789058196.600315946] [acados_nmpc_node]: [wcmd] raw=[-0.031,-0.034,+0.425] w=[-0.054,+0.044,+0.352] err=[+0.024,-0.077] scaled=[+0.054,-0.309] s=4.55
[INFO] [1789058196.633574393] [acados_nmpc_node]: [attach-window] t=58.20s pos_err=0.180m T=23.22N z=5.595 m_est=2.328
[INFO] [1789058196.688468084] [acados_nmpc_node]: [attach-window] t=58.26s pos_err=0.138m T=23.34N z=5.578 m_est=2.328
[INFO] [1789058196.733391427] [acados_nmpc_node]: [attach-window] t=58.30s pos_err=0.165m T=23.35N z=5.571 m_est=2.330
[INFO] [1789058196.788273923] [acados_nmpc_node]: [attach-window] t=58.36s pos_err=0.129m T=23.42N z=5.555 m_est=2.330
[INFO] [1789058196.800181286] [acados_nmpc_node]: [wcmd] raw=[+0.003,-0.132,+0.508] w=[-0.019,-0.241,+0.326] err=[+0.023,+0.108] scaled=[+0.084,+0.253] s=4.57
[INFO] [1789058196.833234548] [acados_nmpc_node]: [attach-window] t=58.40s pos_err=0.153m T=23.36N z=5.548 m_est=2.331
[INFO] [1789058196.888360259] [acados_nmpc_node]: [attach-window] t=58.46s pos_err=0.136m T=23.36N z=5.535 m_est=2.331
[INFO] [1789058196.933046872] [acados_nmpc_node]: [attach-window] t=58.50s pos_err=0.159m T=23.28N z=5.529 m_est=2.332
[INFO] [1789058196.988189199] [acados_nmpc_node]: [attach-window] t=58.56s pos_err=0.141m T=23.28N z=5.517 m_est=2.332
[INFO] [1789058197.000217703] [acados_nmpc_node]: [wcmd] raw=[-0.020,-0.042,+0.638] w=[-0.014,+0.146,+0.542] err=[-0.006,-0.189] scaled=[-0.042,-0.721] s=4.60
[INFO] [1789058197.033496009] [acados_nmpc_node]: [attach-window] t=58.60s pos_err=0.163m T=23.23N z=5.511 m_est=2.333
[INFO] [1789058197.086280381] [acados_nmpc_node]: [attach-window] t=58.65s pos_err=0.131m T=23.23N z=5.498 m_est=2.333
[INFO] [1789058197.132232700] [acados_nmpc_node]: [attach-window] t=58.70s pos_err=0.152m T=23.19N z=5.493 m_est=2.335
[INFO] [1789058197.186038288] [acados_nmpc_node]: [attach-window] t=58.75s pos_err=0.135m T=23.19N z=5.483 m_est=2.335
[INFO] [1789058197.200093907] [acados_nmpc_node]: [wcmd] raw=[-0.014,+0.000,+0.749] w=[-0.051,-0.117,+0.536] err=[+0.037,+0.118] scaled=[+0.121,+0.426] s=4.62
[INFO] [1789058197.232247884] [acados_nmpc_node]: [attach-window] t=58.80s pos_err=0.156m T=23.10N z=5.478 m_est=2.336
[INFO] [1789058197.288298387] [acados_nmpc_node]: [attach-window] t=58.86s pos_err=0.129m T=23.14N z=5.467 m_est=2.336
[INFO] [1789058197.332840183] [acados_nmpc_node]: [attach-window] t=58.90s pos_err=0.145m T=23.13N z=5.463 m_est=2.335
[INFO] [1789058197.388457373] [acados_nmpc_node]: [attach-window] t=58.96s pos_err=0.130m T=23.05N z=5.454 m_est=2.335
[INFO] [1789058197.400225198] [acados_nmpc_node]: [wcmd] raw=[-0.021,-0.116,+0.877] w=[+0.001,-0.110,+0.655] err=[-0.022,-0.006] scaled=[-0.103,-0.137] s=4.63
[INFO] [1789058197.433039051] [acados_nmpc_node]: [attach-window] t=59.00s pos_err=0.145m T=23.03N z=5.450 m_est=2.336
[INFO] [1789058197.488957887] [acados_nmpc_node]: [attach-window] t=59.06s pos_err=0.121m T=23.00N z=5.441 m_est=2.336
[INFO] [1789058197.532404636] [acados_nmpc_node]: [attach-window] t=59.10s pos_err=0.134m T=22.95N z=5.437 m_est=2.336
[INFO] [1789058197.588353942] [acados_nmpc_node]: [attach-window] t=59.16s pos_err=0.120m T=22.99N z=5.429 m_est=2.336
[INFO] [1789058197.600182431] [acados_nmpc_node]: [wcmd] raw=[+0.002,-0.007,+1.005] w=[-0.072,+0.204,+0.883] err=[+0.073,-0.211] scaled=[+0.269,-0.778] s=4.65
[INFO] [1789058197.632795356] [acados_nmpc_node]: [attach-window] t=59.20s pos_err=0.132m T=23.02N z=5.425 m_est=2.336
[INFO] [1789058197.688230622] [acados_nmpc_node]: [attach-window] t=59.26s pos_err=0.110m T=22.94N z=5.416 m_est=2.336
[INFO] [1789058197.732828215] [acados_nmpc_node]: [attach-window] t=59.30s pos_err=0.120m T=22.96N z=5.413 m_est=2.336
[INFO] [1789058197.788498210] [acados_nmpc_node]: [attach-window] t=59.36s pos_err=0.108m T=22.95N z=5.406 m_est=2.336
[INFO] [1789058197.800246429] [acados_nmpc_node]: [wcmd] raw=[-0.011,-0.036,+1.043] w=[+0.007,-0.284,+0.849] err=[-0.018,+0.248] scaled=[-0.077,+0.876] s=4.68
[INFO] [1789058197.833433453] [acados_nmpc_node]: [attach-window] t=59.40s pos_err=0.118m T=22.84N z=5.402 m_est=2.335
[INFO] [1789058197.888445252] [acados_nmpc_node]: [attach-window] t=59.46s pos_err=0.100m T=22.88N z=5.394 m_est=2.335
[INFO] [1789058197.932813901] [acados_nmpc_node]: [attach-window] t=59.50s pos_err=0.106m T=22.91N z=5.391 m_est=2.334
[INFO] [1789058197.988146079] [acados_nmpc_node]: [attach-window] t=59.56s pos_err=0.095m T=22.86N z=5.384 m_est=2.334
[INFO] [1789058198.000198836] [acados_nmpc_node]: [wcmd] raw=[+0.014,-0.133,+1.030] w=[+0.000,+0.038,+1.042] err=[+0.014,-0.171] scaled=[+0.064,-0.766] s=4.70
[INFO] [1789058198.032851114] [acados_nmpc_node]: [attach-window] t=59.60s pos_err=0.101m T=22.86N z=5.380 m_est=2.332
[INFO] [1789058198.087986043] [acados_nmpc_node]: [attach-window] t=59.66s pos_err=0.086m T=22.81N z=5.373 m_est=2.332
[INFO] [1789058198.133325004] [acados_nmpc_node]: [attach-window] t=59.70s pos_err=0.089m T=22.70N z=5.370 m_est=2.330
[INFO] [1789058198.188525250] [acados_nmpc_node]: [attach-window] t=59.76s pos_err=0.081m T=22.73N z=5.364 m_est=2.330
[INFO] [1789058198.200194482] [acados_nmpc_node]: [wcmd] raw=[-0.001,+0.062,+0.929] w=[-0.035,+0.123,+1.108] err=[+0.034,-0.061] scaled=[+0.126,-0.166] s=4.71
[INFO] [1789058198.232943503] [acados_nmpc_node]: [attach-window] t=59.80s pos_err=0.085m T=22.79N z=5.360 m_est=2.327
[INFO] [1789058198.288587223] [acados_nmpc_node]: [attach-window] t=59.86s pos_err=0.073m T=22.85N z=5.352 m_est=2.327
[INFO] [1789058198.332928852] [acados_nmpc_node]: [attach-window] t=59.90s pos_err=0.075m T=22.91N z=5.348 m_est=2.324
[INFO] [1789058198.388143645] [acados_nmpc_node]: [attach-window] t=59.96s pos_err=0.067m T=22.89N z=5.341 m_est=2.324
[INFO] [1789058198.400209461] [acados_nmpc_node]: [wcmd] raw=[+0.005,-0.098,+0.725] w=[+0.005,-0.333,+0.895] err=[-0.000,+0.235] scaled=[+0.005,+0.767] s=4.69
[INFO] [1789058198.433253727] [acados_nmpc_node]: [attach-window] t=60.00s pos_err=0.072m T=22.85N z=5.337 m_est=2.322
[INFO] [1789058198.488854677] [acados_nmpc_node]: [attach-window] t=60.06s pos_err=0.061m T=22.80N z=5.329 m_est=2.322
[INFO] [1789058198.533090333] [acados_nmpc_node]: [attach-window] t=60.10s pos_err=0.065m T=22.81N z=5.326 m_est=2.320
[INFO] [1789058198.588610833] [acados_nmpc_node]: [attach-window] t=60.16s pos_err=0.057m T=22.83N z=5.320 m_est=2.320
[INFO] [1789058198.600228189] [acados_nmpc_node]: [wcmd] raw=[+0.006,-0.065,+0.552] w=[+0.030,+0.255,+0.972] err=[-0.024,-0.320] scaled=[-0.082,-1.234] s=4.66
[INFO] [1789058198.633472703] [acados_nmpc_node]: [attach-window] t=60.20s pos_err=0.066m T=22.88N z=5.317 m_est=2.319
[INFO] [1789058198.688471618] [acados_nmpc_node]: [attach-window] t=60.26s pos_err=0.052m T=22.75N z=5.310 m_est=2.319
[INFO] [1789058198.733177397] [acados_nmpc_node]: [attach-window] t=60.30s pos_err=0.060m T=22.76N z=5.307 m_est=2.318
[INFO] [1789058198.788898351] [acados_nmpc_node]: [attach-window] t=60.36s pos_err=0.052m T=22.68N z=5.302 m_est=2.318
[INFO] [1789058198.800245133] [acados_nmpc_node]: [wcmd] raw=[+0.008,-0.007,+0.361] w=[-0.018,-0.152,+0.654] err=[+0.026,+0.145] scaled=[+0.101,+0.519] s=4.62
[INFO] [1789058198.838063022] [acados_nmpc_node]: [attach-window] t=60.40s pos_err=0.067m T=22.64N z=5.299 m_est=2.316
[INFO] [1789058198.888749092] [acados_nmpc_node]: [attach-window] t=60.46s pos_err=0.047m T=22.68N z=5.293 m_est=2.316
[INFO] [1789058198.931995089] [acados_nmpc_node]: [attach-window] t=60.50s pos_err=0.062m T=22.81N z=5.290 m_est=2.316
[INFO] [1789058198.985893108] [acados_nmpc_node]: [attach-window] t=60.55s pos_err=0.048m T=22.77N z=5.284 m_est=2.316
[INFO] [1789058199.000110322] [acados_nmpc_node]: [wcmd] raw=[-0.032,-0.197,+0.223] w=[-0.020,-0.208,+0.436] err=[-0.012,+0.011] scaled=[-0.074,-0.157] s=4.59
[INFO] [1789058199.031990193] [acados_nmpc_node]: [attach-window] t=60.60s pos_err=0.071m T=22.85N z=5.281 m_est=2.314
[INFO] [1789058199.032333728] [acados_nmpc_node]: t=60.6s | pos_err=0.071m | T=22.85N | tau=[r0.228 p0.310 y-0.093]Nm | res_stat=9.356e-07(peak 2.921e-06) sqp_iter=5 | solve=1.6ms
[INFO] [1789058199.032479792] [acados_nmpc_node]: [flight-diag] t=60.6s | om_scale=4.593(lo 4.385 hi 4.713) | tilt_max=10.15deg | w_max=[r0.087 p0.346 y1.149]rad/s | u_frac=[T0.747 r0.754 p1.000 y0.927] | u_sat=[T0.0 r0.0 p5.0 y0.0]% | mot_peak=1.000 mot_sat=5.4% | health=na age=na conf=na | n=100
[INFO] [1789058199.088721284] [acados_nmpc_node]: [attach-window] t=60.66s pos_err=0.046m T=22.68N z=5.275 m_est=2.314
[INFO] [1789058199.140849463] [acados_nmpc_node]: [attach-window] t=60.70s pos_err=0.069m T=22.56N z=5.273 m_est=2.312
[INFO] [1789058199.188112011] [acados_nmpc_node]: [attach-window] t=60.76s pos_err=0.056m T=22.59N z=5.268 m_est=2.312
[INFO] [1789058199.200184498] [acados_nmpc_node]: [wcmd] raw=[+0.016,+0.023,+0.195] w=[+0.037,+0.286,+0.472] err=[-0.021,-0.264] scaled=[-0.060,-0.917] s=4.56
[INFO] [1789058199.232839121] [acados_nmpc_node]: [attach-window] t=60.80s pos_err=0.083m T=22.71N z=5.266 m_est=2.311
[INFO] [1789058199.288168664] [acados_nmpc_node]: [attach-window] t=60.86s pos_err=0.051m T=22.59N z=5.262 m_est=2.311
[INFO] [1789058199.332691131] [acados_nmpc_node]: [attach-window] t=60.90s pos_err=0.079m T=22.68N z=5.260 m_est=2.310
[INFO] [1789058199.388483529] [acados_nmpc_node]: [attach-window] t=60.96s pos_err=0.064m T=22.60N z=5.256 m_est=2.310
[INFO] [1789058199.400224032] [acados_nmpc_node]: [wcmd] raw=[-0.017,-0.082,+0.149] w=[-0.054,-0.450,+0.088] err=[+0.038,+0.367] scaled=[+0.116,+1.210] s=4.52
[INFO] [1789058199.433665565] [acados_nmpc_node]: [attach-window] t=61.00s pos_err=0.096m T=22.43N z=5.255 m_est=2.306
[INFO] [1789058199.488030066] [acados_nmpc_node]: [attach-window] t=61.06s pos_err=0.063m T=22.39N z=5.251 m_est=2.306
[INFO] [1789058199.532725493] [acados_nmpc_node]: [attach-window] t=61.10s pos_err=0.094m T=22.50N z=5.250 m_est=2.307
[INFO] [1789058199.588195010] [acados_nmpc_node]: [attach-window] t=61.16s pos_err=0.076m T=22.54N z=5.247 m_est=2.307
[INFO] [1789058199.600210787] [acados_nmpc_node]: [wcmd] raw=[+0.014,-0.144,+0.204] w=[+0.034,+0.119,+0.249] err=[-0.020,-0.263] scaled=[-0.055,-1.062] s=4.49
[INFO] [1789058199.632673652] [acados_nmpc_node]: [attach-window] t=61.20s pos_err=0.108m T=22.66N z=5.246 m_est=2.305
[INFO] [1789058199.687949396] [acados_nmpc_node]: [attach-window] t=61.26s pos_err=0.071m T=22.63N z=5.242 m_est=2.305
[INFO] [1789058199.733178632] [acados_nmpc_node]: [attach-window] t=61.30s pos_err=0.104m T=22.66N z=5.241 m_est=2.306
[INFO] [1789058199.787991187] [acados_nmpc_node]: [attach-window] t=61.36s pos_err=0.067m T=22.66N z=5.237 m_est=2.306
[INFO] [1789058199.800178251] [acados_nmpc_node]: [wcmd] raw=[+0.020,-0.068,+0.241] w=[-0.013,-0.044,+0.190] err=[+0.033,-0.024] scaled=[+0.135,-0.151] s=4.47
[INFO] [1789058199.832970142] [acados_nmpc_node]: [attach-window] t=61.40s pos_err=0.120m T=22.76N z=5.235 m_est=2.307
[INFO] [1789058199.887887037] [acados_nmpc_node]: [attach-window] t=61.46s pos_err=0.079m T=22.79N z=5.231 m_est=2.307
[INFO] [1789058199.932152718] [acados_nmpc_node]: [attach-window] t=61.50s pos_err=0.112m T=22.93N z=5.229 m_est=2.304
[INFO] [1789058199.988147314] [acados_nmpc_node]: [attach-window] t=61.56s pos_err=0.071m T=22.87N z=5.225 m_est=2.304
[INFO] [1789058200.000169232] [acados_nmpc_node]: [wcmd] raw=[+0.011,-0.227,+0.270] w=[+0.015,-0.262,+0.141] err=[-0.004,+0.035] scaled=[-0.003,-0.105] s=4.45
[INFO] [1789058200.030072537] [acados_nmpc_node]: [dJ_online] m_est=2.304 m_p=0.240 ratchet=0.398 floor=0.050 -> m_p_model=0.240(track) dJ=0.0475 | gain_base=0.398 c_xy=[-0.51,+1.13]cm
[INFO] [1789058200.033096328] [acados_nmpc_node]: [attach-window] t=61.60s pos_err=0.105m T=22.96N z=5.223 m_est=2.304
[INFO] [1789058200.088593138] [acados_nmpc_node]: [attach-window] t=61.66s pos_err=0.085m T=22.97N z=5.219 m_est=2.304
[INFO] [1789058200.133381164] [acados_nmpc_node]: [attach-window] t=61.70s pos_err=0.121m T=22.95N z=5.217 m_est=2.305
[INFO] [1789058200.188399883] [acados_nmpc_node]: [attach-window] t=61.76s pos_err=0.080m T=22.96N z=5.213 m_est=2.305
[INFO] [1789058200.200197860] [acados_nmpc_node]: [wcmd] raw=[+0.018,-0.091,+0.325] w=[-0.005,+0.176,+0.338] err=[+0.023,-0.267] scaled=[+0.095,-1.001] s=4.41
[INFO] [1789058200.232930245] [acados_nmpc_node]: [attach-window] t=61.80s pos_err=0.136m T=23.08N z=5.212 m_est=2.304
[INFO] [1789058200.288218953] [acados_nmpc_node]: [attach-window] t=61.86s pos_err=0.092m T=22.95N z=5.209 m_est=2.304
[INFO] [1789058200.332776056] [acados_nmpc_node]: [attach-window] t=61.90s pos_err=0.128m T=23.01N z=5.208 m_est=2.304
[INFO] [1789058200.388050099] [acados_nmpc_node]: [attach-window] t=61.96s pos_err=0.086m T=22.92N z=5.206 m_est=2.304
[INFO] [1789058200.400259974] [acados_nmpc_node]: [wcmd] raw=[+0.004,-0.125,+0.314] w=[-0.005,-0.272,+0.218] err=[+0.008,+0.147] scaled=[+0.032,+0.373] s=4.39
[INFO] [1789058200.433176307] [acados_nmpc_node]: [attach-window] t=62.00s pos_err=0.121m T=22.92N z=5.205 m_est=2.306
[INFO] [1789058200.488274185] [acados_nmpc_node]: [attach-window] t=62.06s pos_err=0.101m T=22.96N z=5.204 m_est=2.306
[INFO] [1789058200.532729663] [acados_nmpc_node]: [attach-window] t=62.10s pos_err=0.136m T=23.08N z=5.204 m_est=2.307
[INFO] [1789058200.588230119] [acados_nmpc_node]: [attach-window] t=62.16s pos_err=0.094m T=23.06N z=5.203 m_est=2.307
[INFO] [1789058200.600432035] [acados_nmpc_node]: [wcmd] raw=[-0.014,-0.175,+0.331] w=[-0.018,-0.036,+0.322] err=[+0.004,-0.139] scaled=[+0.001,-0.643] s=4.38
[INFO] [1789058200.632872909] [acados_nmpc_node]: [attach-window] t=62.20s pos_err=0.129m T=23.19N z=5.203 m_est=2.310
[INFO] [1789058200.688308459] [acados_nmpc_node]: [attach-window] t=62.26s pos_err=0.110m T=23.20N z=5.201 m_est=2.310
[INFO] [1789058200.733257553] [acados_nmpc_node]: [attach-window] t=62.30s pos_err=0.145m T=23.22N z=5.201 m_est=2.313
[INFO] [1789058200.788324436] [acados_nmpc_node]: [attach-window] t=62.36s pos_err=0.126m T=23.19N z=5.201 m_est=2.313
[INFO] [1789058200.800187143] [acados_nmpc_node]: [wcmd] raw=[-0.023,-0.005,+0.348] w=[-0.032,+0.009,+0.358] err=[+0.009,-0.013] scaled=[+0.008,-0.050] s=4.38
[INFO] [1789058200.832822879] [acados_nmpc_node]: [attach-window] t=62.40s pos_err=0.161m T=23.23N z=5.201 m_est=2.315
[INFO] [1789058200.888720028] [acados_nmpc_node]: [attach-window] t=62.46s pos_err=0.122m T=23.17N z=5.202 m_est=2.315
[INFO] [1789058200.932847499] [acados_nmpc_node]: [attach-window] t=62.50s pos_err=0.155m T=23.24N z=5.202 m_est=2.317
[INFO] [1789058200.988443974] [acados_nmpc_node]: [attach-window] t=62.56s pos_err=0.136m T=23.14N z=5.204 m_est=2.317
[INFO] [1789058201.000216722] [acados_nmpc_node]: [wcmd] raw=[-0.016,-0.156,+0.348] w=[-0.026,-0.264,+0.266] err=[+0.010,+0.108] scaled=[+0.019,+0.212] s=4.40
[INFO] [1789058201.032996443] [acados_nmpc_node]: [attach-window] t=62.60s pos_err=0.149m T=23.13N z=5.205 m_est=2.320
[INFO] [1789058201.088337977] [acados_nmpc_node]: [attach-window] t=62.66s pos_err=0.131m T=23.03N z=5.208 m_est=2.320
[INFO] [1789058201.132804872] [acados_nmpc_node]: [attach-window] t=62.70s pos_err=0.163m T=23.04N z=5.209 m_est=2.322
[INFO] [1789058201.188291895] [acados_nmpc_node]: [attach-window] t=62.76s pos_err=0.143m T=23.03N z=5.213 m_est=2.322
[INFO] [1789058201.200185734] [acados_nmpc_node]: [wcmd] raw=[-0.009,-0.088,+0.406] w=[-0.003,+0.100,+0.416] err=[-0.006,-0.188] scaled=[-0.031,-0.737] s=4.45
[INFO] [1789058201.232850292] [acados_nmpc_node]: [attach-window] t=62.80s pos_err=0.174m T=23.10N z=5.214 m_est=2.323
[INFO] [1789058201.288300343] [acados_nmpc_node]: [attach-window] t=62.86s pos_err=0.135m T=23.03N z=5.218 m_est=2.323
[INFO] [1789058201.332861190] [acados_nmpc_node]: [attach-window] t=62.90s pos_err=0.164m T=23.10N z=5.220 m_est=2.324
[INFO] [1789058201.388935973] [acados_nmpc_node]: [attach-window] t=62.96s pos_err=0.130m T=23.07N z=5.224 m_est=2.324
[INFO] [1789058201.400283004] [acados_nmpc_node]: [wcmd] raw=[-0.005,-0.130,+0.447] w=[-0.041,-0.249,+0.315] err=[+0.037,+0.120] scaled=[+0.123,+0.286] s=4.48
[INFO] [1789058201.433636011] [acados_nmpc_node]: [attach-window] t=63.00s pos_err=0.173m T=23.10N z=5.225 m_est=2.325
[INFO] [1789058201.488550430] [acados_nmpc_node]: [attach-window] t=63.06s pos_err=0.139m T=23.12N z=5.229 m_est=2.325
[INFO] [1789058201.532936739] [acados_nmpc_node]: [attach-window] t=63.10s pos_err=0.164m T=23.23N z=5.231 m_est=2.327
[INFO] [1789058201.588515852] [acados_nmpc_node]: [attach-window] t=63.16s pos_err=0.146m T=23.20N z=5.234 m_est=2.327
[INFO] [1789058201.600363465] [acados_nmpc_node]: [wcmd] raw=[-0.013,-0.148,+0.543] w=[-0.005,-0.051,+0.437] err=[-0.007,-0.097] scaled=[-0.039,-0.490] s=4.51
[INFO] [1789058201.633259726] [acados_nmpc_node]: [attach-window] t=63.20s pos_err=0.170m T=23.28N z=5.236 m_est=2.328
[INFO] [1789058201.688217334] [acados_nmpc_node]: [attach-window] t=63.26s pos_err=0.139m T=23.26N z=5.240 m_est=2.328
[INFO] [1789058201.733272274] [acados_nmpc_node]: [attach-window] t=63.30s pos_err=0.160m T=23.26N z=5.242 m_est=2.329
[INFO] [1789058201.788083885] [acados_nmpc_node]: [attach-window] t=63.36s pos_err=0.145m T=23.26N z=5.246 m_est=2.329
[INFO] [1789058201.800184780] [acados_nmpc_node]: [wcmd] raw=[-0.017,-0.038,+0.652] w=[-0.051,+0.006,+0.523] err=[+0.034,-0.044] scaled=[+0.103,-0.195] s=4.55
[INFO] [1789058201.833176420] [acados_nmpc_node]: [attach-window] t=63.40s pos_err=0.165m T=23.34N z=5.249 m_est=2.330
[INFO] [1789058201.885860905] [acados_nmpc_node]: [attach-window] t=63.45s pos_err=0.136m T=23.26N z=5.255 m_est=2.330
[INFO] [1789058201.933090918] [acados_nmpc_node]: [attach-window] t=63.50s pos_err=0.155m T=23.33N z=5.258 m_est=2.331
[INFO] [1789058201.988691113] [acados_nmpc_node]: [attach-window] t=63.56s pos_err=0.142m T=23.27N z=5.264 m_est=2.331
[INFO] [1789058202.000207223] [acados_nmpc_node]: [wcmd] raw=[-0.040,-0.089,+0.757] w=[-0.020,-0.249,+0.524] err=[-0.020,+0.160] scaled=[-0.111,+0.482] s=4.57
[INFO] [1789058202.033802714] [acados_nmpc_node]: [attach-window] t=63.60s pos_err=0.159m T=23.26N z=5.267 m_est=2.332
[INFO] [1789058202.088386130] [acados_nmpc_node]: [attach-window] t=63.66s pos_err=0.137m T=23.12N z=5.276 m_est=2.332
[INFO] [1789058202.133171928] [acados_nmpc_node]: [attach-window] t=63.70s pos_err=0.151m T=23.12N z=5.280 m_est=2.332
[INFO] [1789058202.188521549] [acados_nmpc_node]: [attach-window] t=63.76s pos_err=0.140m T=23.02N z=5.289 m_est=2.332
[INFO] [1789058202.200250512] [acados_nmpc_node]: [wcmd] raw=[-0.022,-0.082,+0.886] w=[-0.060,+0.143,+0.756] err=[+0.038,-0.226] scaled=[+0.115,-0.893] s=4.59
[INFO] [1789058202.233094696] [acados_nmpc_node]: [attach-window] t=63.80s pos_err=0.143m T=23.02N z=5.294 m_est=2.332
[INFO] [1789058202.288622767] [acados_nmpc_node]: [attach-window] t=63.86s pos_err=0.134m T=22.95N z=5.304 m_est=2.332
[INFO] [1789058202.333173927] [acados_nmpc_node]: [attach-window] t=63.90s pos_err=0.145m T=22.99N z=5.309 m_est=2.333
[INFO] [1789058202.388500928] [acados_nmpc_node]: [attach-window] t=63.96s pos_err=0.129m T=22.89N z=5.320 m_est=2.333
[INFO] [1789058202.400214883] [acados_nmpc_node]: [wcmd] raw=[-0.019,+0.021,+0.981] w=[-0.057,-0.037,+0.813] err=[+0.038,+0.059] scaled=[+0.116,+0.232] s=4.60
[INFO] [1789058202.432813117] [acados_nmpc_node]: [attach-window] t=64.00s pos_err=0.145m T=23.00N z=5.323 m_est=2.332
[INFO] [1789058202.488552688] [acados_nmpc_node]: [attach-window] t=64.06s pos_err=0.128m T=23.00N z=5.335 m_est=2.332
[INFO] [1789058202.532813416] [acados_nmpc_node]: [attach-window] t=64.10s pos_err=0.136m T=23.08N z=5.340 m_est=2.330
[INFO] [1789058202.588204351] [acados_nmpc_node]: [attach-window] t=64.16s pos_err=0.126m T=22.98N z=5.350 m_est=2.330
[INFO] [1789058202.600257728] [acados_nmpc_node]: [wcmd] raw=[-0.045,-0.107,+1.022] w=[-0.032,-0.169,+0.864] err=[-0.013,+0.062] scaled=[-0.094,+0.117] s=4.61
[INFO] [1789058202.632982355] [acados_nmpc_node]: [attach-window] t=64.20s pos_err=0.134m T=23.03N z=5.355 m_est=2.330
[INFO] [1789058202.688830062] [acados_nmpc_node]: [attach-window] t=64.26s pos_err=0.120m T=22.90N z=5.367 m_est=2.330
[INFO] [1789058202.732842631] [acados_nmpc_node]: [attach-window] t=64.30s pos_err=0.126m T=23.00N z=5.372 m_est=2.328
[INFO] [1789058202.788286126] [acados_nmpc_node]: [attach-window] t=64.36s pos_err=0.118m T=23.04N z=5.381 m_est=2.328
[INFO] [1789058202.800151880] [acados_nmpc_node]: [wcmd] raw=[-0.000,-0.019,+1.017] w=[-0.060,+0.228,+1.080] err=[+0.060,-0.247] scaled=[+0.215,-0.912] s=4.61
[INFO] [1789058202.832047006] [acados_nmpc_node]: [attach-window] t=64.40s pos_err=0.118m T=23.12N z=5.387 m_est=2.328
[INFO] [1789058202.885892086] [acados_nmpc_node]: [attach-window] t=64.45s pos_err=0.112m T=22.99N z=5.397 m_est=2.328
[INFO] [1789058202.932024203] [acados_nmpc_node]: [attach-window] t=64.50s pos_err=0.114m T=23.13N z=5.402 m_est=2.327
[INFO] [1789058202.986076108] [acados_nmpc_node]: [attach-window] t=64.55s pos_err=0.108m T=23.01N z=5.413 m_est=2.327
[INFO] [1789058203.000196358] [acados_nmpc_node]: [wcmd] raw=[-0.030,-0.020,+0.883] w=[-0.008,-0.263,+0.949] err=[-0.023,+0.243] scaled=[-0.112,+0.858] s=4.62
[INFO] [1789058203.032270667] [acados_nmpc_node]: [attach-window] t=64.60s pos_err=0.110m T=22.96N z=5.419 m_est=2.325
[INFO] [1789058203.085848851] [acados_nmpc_node]: [attach-window] t=64.65s pos_err=0.104m T=22.87N z=5.432 m_est=2.325
[INFO] [1789058203.132020121] [acados_nmpc_node]: [attach-window] t=64.70s pos_err=0.101m T=23.00N z=5.438 m_est=2.325
[INFO] [1789058203.186348624] [acados_nmpc_node]: [attach-window] t=64.75s pos_err=0.098m T=22.82N z=5.450 m_est=2.325
[INFO] [1789058203.200175869] [acados_nmpc_node]: [wcmd] raw=[-0.016,-0.138,+0.709] w=[-0.024,-0.049,+0.958] err=[+0.008,-0.089] scaled=[+0.013,-0.458] s=4.62
[INFO] [1789058203.232837679] [acados_nmpc_node]: [attach-window] t=64.80s pos_err=0.094m T=22.95N z=5.456 m_est=2.324
[INFO] [1789058203.288718410] [acados_nmpc_node]: [attach-window] t=64.86s pos_err=0.094m T=22.77N z=5.470 m_est=2.324
[INFO] [1789058203.333167458] [acados_nmpc_node]: [attach-window] t=64.90s pos_err=0.085m T=22.71N z=5.477 m_est=2.321
[INFO] [1789058203.388401791] [acados_nmpc_node]: [attach-window] t=64.96s pos_err=0.085m T=22.74N z=5.489 m_est=2.321
[INFO] [1789058203.400312027] [acados_nmpc_node]: [wcmd] raw=[-0.021,+0.028,+0.526] w=[-0.010,+0.194,+0.926] err=[-0.012,-0.166] scaled=[-0.064,-0.575] s=4.62
[INFO] [1789058203.433371411] [acados_nmpc_node]: [attach-window] t=65.00s pos_err=0.075m T=22.90N z=5.496 m_est=2.319
[INFO] [1789058203.488737642] [acados_nmpc_node]: [attach-window] t=65.06s pos_err=0.085m T=22.77N z=5.509 m_est=2.319
[INFO] [1789058203.533293668] [acados_nmpc_node]: [attach-window] t=65.10s pos_err=0.067m T=22.93N z=5.515 m_est=2.318
[INFO] [1789058203.588340926] [acados_nmpc_node]: [attach-window] t=65.16s pos_err=0.073m T=22.86N z=5.527 m_est=2.318
[INFO] [1789058203.600196005] [acados_nmpc_node]: [wcmd] raw=[-0.030,-0.059,+0.310] w=[-0.066,-0.329,+0.550] err=[+0.035,+0.270] scaled=[+0.095,+0.913] s=4.59
[INFO] [1789058203.633174941] [acados_nmpc_node]: [attach-window] t=65.20s pos_err=0.053m T=22.84N z=5.532 m_est=2.315
[INFO] [1789058203.688639524] [acados_nmpc_node]: [attach-window] t=65.26s pos_err=0.073m T=22.75N z=5.545 m_est=2.315
[INFO] [1789058203.733017752] [acados_nmpc_node]: [attach-window] t=65.30s pos_err=0.047m T=22.91N z=5.551 m_est=2.315
[INFO] [1789058203.788811025] [acados_nmpc_node]: [attach-window] t=65.36s pos_err=0.061m T=22.84N z=5.563 m_est=2.315
[INFO] [1789058203.800188085] [acados_nmpc_node]: [wcmd] raw=[-0.017,-0.085,+0.186] w=[+0.023,+0.131,+0.525] err=[-0.040,-0.216] scaled=[-0.158,-0.857] s=4.57
[INFO] [1789058203.832875212] [acados_nmpc_node]: [attach-window] t=65.40s pos_err=0.032m T=22.99N z=5.569 m_est=2.314
[INFO] [1789058203.888456660] [acados_nmpc_node]: [attach-window] t=65.46s pos_err=0.067m T=22.78N z=5.582 m_est=2.314
[INFO] [1789058203.941416902] [acados_nmpc_node]: [attach-window] t=65.50s pos_err=0.033m T=22.85N z=5.589 m_est=2.314
[INFO] [1789058203.988138715] [acados_nmpc_node]: [attach-window] t=65.56s pos_err=0.054m T=22.80N z=5.601 m_est=2.314
[INFO] [1789058204.000201664] [acados_nmpc_node]: [wcmd] raw=[+0.014,+0.037,+0.092] w=[-0.007,+0.014,+0.312] err=[+0.021,+0.023] scaled=[+0.089,+0.120] s=4.56
[INFO] [1789058204.032665021] [acados_nmpc_node]: [attach-window] t=65.60s pos_err=0.019m T=22.91N z=5.608 m_est=2.314
[INFO] [1789058204.033146241] [acados_nmpc_node]: t=65.6s | pos_err=0.019m | T=22.91N | tau=[r0.279 p0.276 y-0.089]Nm | res_stat=8.325e-07(peak 2.921e-06) sqp_iter=5 | solve=2.0ms
[INFO] [1789058204.033347099] [acados_nmpc_node]: [flight-diag] t=65.6s | om_scale=4.559(lo 4.369 hi 4.621) | tilt_max=10.72deg | w_max=[r0.092 p0.459 y1.102]rad/s | u_frac=[T0.744 r0.761 p1.000 y0.914] | u_sat=[T0.0 r0.0 p11.0 y0.0]% | mot_peak=1.000 mot_sat=5.8% | health=na age=na conf=na | n=100
[INFO] [1789058204.088051353] [acados_nmpc_node]: [attach-window] t=65.66s pos_err=0.065m T=22.76N z=5.623 m_est=2.314
[INFO] [1789058204.131822126] [acados_nmpc_node]: [attach-window] t=65.70s pos_err=0.031m T=22.95N z=5.630 m_est=2.314
[INFO] [1789058204.187880913] [acados_nmpc_node]: [attach-window] t=65.76s pos_err=0.055m T=22.71N z=5.644 m_est=2.314
[INFO] [1789058204.200179467] [acados_nmpc_node]: [wcmd] raw=[+0.005,-0.157,+0.037] w=[-0.000,-0.307,+0.059] err=[+0.006,+0.150] scaled=[+0.025,+0.377] s=4.55
[INFO] [1789058204.244777003] [acados_nmpc_node]: [attach-window] t=65.80s pos_err=0.028m T=22.78N z=5.651 m_est=2.313
[INFO] [1789058204.288928339] [acados_nmpc_node]: [attach-window] t=65.86s pos_err=0.065m T=22.50N z=5.667 m_est=2.313
[INFO] [1789058204.333301195] [acados_nmpc_node]: [attach-window] t=65.90s pos_err=0.038m T=22.52N z=5.674 m_est=2.312
[INFO] [1789058204.388187274] [acados_nmpc_node]: [attach-window] t=65.96s pos_err=0.056m T=22.47N z=5.689 m_est=2.312
[INFO] [1789058204.400171067] [acados_nmpc_node]: [wcmd] raw=[+0.051,-0.024,+0.075] w=[+0.065,+0.291,+0.207] err=[-0.014,-0.315] scaled=[+0.002,-1.132] s=4.52
[INFO] [1789058204.432506243] [acados_nmpc_node]: [attach-window] t=66.00s pos_err=0.040m T=22.68N z=5.696 m_est=2.311
[INFO] [1789058204.487826099] [acados_nmpc_node]: [attach-window] t=66.06s pos_err=0.068m T=22.40N z=5.713 m_est=2.311
[INFO] [1789058204.532570278] [acados_nmpc_node]: [attach-window] t=66.10s pos_err=0.046m T=22.57N z=5.720 m_est=2.309
[INFO] [1789058204.588758710] [acados_nmpc_node]: [attach-window] t=66.16s pos_err=0.059m T=22.49N z=5.735 m_est=2.309
[INFO] [1789058204.600204950] [acados_nmpc_node]: [wcmd] raw=[+0.043,-0.042,+0.063] w=[+0.033,-0.292,-0.034] err=[+0.009,+0.250] scaled=[+0.076,+0.833] s=4.50
[INFO] [1789058204.649598557] [acados_nmpc_node]: [attach-window] t=66.20s pos_err=0.051m T=22.45N z=5.742 m_est=2.307
[INFO] [1789058204.687901789] [acados_nmpc_node]: [attach-window] t=66.26s pos_err=0.066m T=22.43N z=5.758 m_est=2.307
[INFO] [1789058204.732396845] [acados_nmpc_node]: [attach-window] t=66.30s pos_err=0.054m T=22.63N z=5.765 m_est=2.306
[INFO] [1789058204.787703257] [acados_nmpc_node]: [attach-window] t=66.36s pos_err=0.059m T=22.47N z=5.778 m_est=2.306
[INFO] [1789058204.800241480] [acados_nmpc_node]: [wcmd] raw=[+0.034,-0.183,+0.091] w=[+0.048,-0.010,+0.060] err=[-0.014,-0.173] scaled=[-0.015,-0.783] s=4.47
[INFO] [1789058204.832654786] [acados_nmpc_node]: [attach-window] t=66.40s pos_err=0.064m T=22.67N z=5.785 m_est=2.305
[INFO] [1789058204.888250569] [acados_nmpc_node]: [attach-window] t=66.46s pos_err=0.064m T=22.43N z=5.800 m_est=2.305
[INFO] [1789058204.943348745] [acados_nmpc_node]: [attach-window] t=66.50s pos_err=0.065m T=22.39N z=5.807 m_est=2.304
[INFO] [1789058204.988267831] [acados_nmpc_node]: [attach-window] t=66.56s pos_err=0.061m T=22.43N z=5.821 m_est=2.304
[INFO] [1789058205.000218305] [acados_nmpc_node]: [wcmd] raw=[+0.045,+0.031,+0.114] w=[+0.041,+0.152,+0.141] err=[+0.004,-0.121] scaled=[+0.059,-0.385] s=4.44
[INFO] [1789058205.029994969] [acados_nmpc_node]: [dJ_online] m_est=2.303 m_p=0.239 ratchet=0.398 floor=0.050 -> m_p_model=0.239(track) dJ=0.0473 | gain_base=0.398 c_xy=[-0.51,+1.13]cm
[INFO] [1789058205.032989531] [acados_nmpc_node]: [attach-window] t=66.60s pos_err=0.077m T=22.61N z=5.827 m_est=2.303
[INFO] [1789058205.088388151] [acados_nmpc_node]: [attach-window] t=66.66s pos_err=0.063m T=22.49N z=5.841 m_est=2.303
[INFO] [1789058205.132423533] [acados_nmpc_node]: [attach-window] t=66.70s pos_err=0.073m T=22.71N z=5.848 m_est=2.301
[INFO] [1789058205.188106377] [acados_nmpc_node]: [attach-window] t=66.76s pos_err=0.064m T=22.61N z=5.860 m_est=2.301
[INFO] [1789058205.200213629] [acados_nmpc_node]: [wcmd] raw=[+0.037,-0.164,+0.070] w=[+0.034,-0.429,-0.056] err=[+0.003,+0.265] scaled=[+0.045,+0.740] s=4.41
[INFO] [1789058205.248184553] [acados_nmpc_node]: [attach-window] t=66.80s pos_err=0.087m T=22.64N z=5.866 m_est=2.302
[INFO] [1789058205.288442832] [acados_nmpc_node]: [attach-window] t=66.86s pos_err=0.065m T=22.48N z=5.880 m_est=2.302
[INFO] [1789058205.332705708] [acados_nmpc_node]: [attach-window] t=66.90s pos_err=0.083m T=22.55N z=5.886 m_est=2.302
[INFO] [1789058205.387870337] [acados_nmpc_node]: [attach-window] t=66.96s pos_err=0.070m T=22.51N z=5.899 m_est=2.302
[INFO] [1789058205.400382411] [acados_nmpc_node]: [wcmd] raw=[+0.033,-0.113,+0.080] w=[+0.055,+0.232,+0.192] err=[-0.021,-0.345] scaled=[-0.040,-1.285] s=4.40
[INFO] [1789058205.432650034] [acados_nmpc_node]: [attach-window] t=67.00s pos_err=0.098m T=22.68N z=5.905 m_est=2.299
[INFO] [1789058205.487668378] [acados_nmpc_node]: [attach-window] t=67.06s pos_err=0.069m T=22.44N z=5.919 m_est=2.299
[INFO] [1789058205.532545478] [acados_nmpc_node]: [attach-window] t=67.10s pos_err=0.092m T=22.58N z=5.926 m_est=2.300
[INFO] [1789058205.586260099] [acados_nmpc_node]: [attach-window] t=67.15s pos_err=0.074m T=22.50N z=5.939 m_est=2.300
[INFO] [1789058205.600081194] [acados_nmpc_node]: [wcmd] raw=[+0.047,-0.048,+0.025] w=[+0.030,-0.270,+0.005] err=[+0.016,+0.222] scaled=[+0.101,+0.699] s=4.36
[INFO] [1789058205.641596745] [acados_nmpc_node]: [attach-window] t=67.20s pos_err=0.110m T=22.47N z=5.946 m_est=2.300
[INFO] [1789058205.685638138] [acados_nmpc_node]: [attach-window] t=67.25s pos_err=0.071m T=22.42N z=5.962 m_est=2.300
[INFO] [1789058205.731947177] [acados_nmpc_node]: [attach-window] t=67.30s pos_err=0.102m T=22.57N z=5.970 m_est=2.300
[INFO] [1789058205.785629510] [acados_nmpc_node]: [attach-window] t=67.35s pos_err=0.078m T=22.27N z=5.985 m_est=2.300
[INFO] [1789058205.800102799] [acados_nmpc_node]: [wcmd] raw=[+0.043,-0.238,-0.020] w=[+0.053,-0.156,+0.014] err=[-0.010,-0.082] scaled=[+0.008,-0.512] s=4.33
[INFO] [1789058205.832174755] [acados_nmpc_node]: [attach-window] t=67.40s pos_err=0.118m T=22.41N z=5.993 m_est=2.302
[INFO] [1789058205.888344041] [acados_nmpc_node]: [attach-window] t=67.46s pos_err=0.076m T=22.19N z=6.011 m_est=2.302
[INFO] [1789058205.933055611] [acados_nmpc_node]: [attach-window] t=67.50s pos_err=0.111m T=22.04N z=6.019 m_est=2.302
[INFO] [1789058205.988071127] [acados_nmpc_node]: [attach-window] t=67.56s pos_err=0.089m T=22.07N z=6.036 m_est=2.302
[INFO] [1789058206.000146350] [acados_nmpc_node]: [wcmd] raw=[+0.062,+0.026,-0.035] w=[+0.080,+0.152,+0.104] err=[-0.018,-0.126] scaled=[+0.003,-0.393] s=4.31
[INFO] [1789058206.032677771] [acados_nmpc_node]: [attach-window] t=67.60s pos_err=0.130m T=22.21N z=6.044 m_est=2.303
[INFO] [1789058206.088145967] [acados_nmpc_node]: [attach-window] t=67.66s pos_err=0.082m T=22.25N z=6.062 m_est=2.303
[INFO] [1789058206.132767000] [acados_nmpc_node]: [attach-window] t=67.70s pos_err=0.121m T=22.44N z=6.070 m_est=2.302
[INFO] [1789058206.188234783] [acados_nmpc_node]: [attach-window] t=67.76s pos_err=0.097m T=22.48N z=6.084 m_est=2.302
[INFO] [1789058206.200202795] [acados_nmpc_node]: [wcmd] raw=[+0.041,-0.131,-0.105] w=[+0.034,-0.302,-0.119] err=[+0.008,+0.172] scaled=[+0.067,+0.436] s=4.30
[INFO] [1789058206.233373914] [acados_nmpc_node]: [attach-window] t=67.80s pos_err=0.141m T=22.54N z=6.091 m_est=2.302
[INFO] [1789058206.288457550] [acados_nmpc_node]: [attach-window] t=67.86s pos_err=0.090m T=22.51N z=6.106 m_est=2.302
[INFO] [1789058206.332910062] [acados_nmpc_node]: [attach-window] t=67.90s pos_err=0.134m T=22.55N z=6.112 m_est=2.302
[INFO] [1789058206.388549795] [acados_nmpc_node]: [attach-window] t=67.96s pos_err=0.107m T=22.53N z=6.125 m_est=2.302
[INFO] [1789058206.400445838] [acados_nmpc_node]: [wcmd] raw=[+0.041,-0.113,-0.111] w=[+0.065,+0.123,-0.004] err=[-0.024,-0.236] scaled=[-0.039,-0.890] s=4.29
[INFO] [1789058206.433093923] [acados_nmpc_node]: [attach-window] t=68.00s pos_err=0.152m T=22.66N z=6.132 m_est=2.301
[INFO] [1789058206.488694644] [acados_nmpc_node]: [attach-window] t=68.06s pos_err=0.099m T=22.61N z=6.146 m_est=2.301
[INFO] [1789058206.533196656] [acados_nmpc_node]: [attach-window] t=68.10s pos_err=0.144m T=22.70N z=6.152 m_est=2.302
[INFO] [1789058206.588393930] [acados_nmpc_node]: [attach-window] t=68.16s pos_err=0.117m T=22.76N z=6.164 m_est=2.302
[INFO] [1789058206.600185089] [acados_nmpc_node]: [wcmd] raw=[+0.043,-0.054,-0.146] w=[+0.042,-0.176,-0.144] err=[+0.001,+0.123] scaled=[+0.048,+0.349] s=4.29
[INFO] [1789058206.632443665] [acados_nmpc_node]: [attach-window] t=68.20s pos_err=0.163m T=22.77N z=6.169 m_est=2.301
[INFO] [1789058206.686314516] [acados_nmpc_node]: [attach-window] t=68.25s pos_err=0.104m T=22.81N z=6.182 m_est=2.301
[INFO] [1789058206.733142946] [acados_nmpc_node]: [attach-window] t=68.30s pos_err=0.153m T=22.94N z=6.188 m_est=2.301
[INFO] [1789058206.789226214] [acados_nmpc_node]: [attach-window] t=68.36s pos_err=0.126m T=22.84N z=6.199 m_est=2.301
[INFO] [1789058206.800192127] [acados_nmpc_node]: [wcmd] raw=[+0.027,-0.179,-0.171] w=[+0.030,-0.161,-0.174] err=[-0.003,-0.018] scaled=[+0.018,-0.238] s=4.28
[INFO] [1789058206.833349418] [acados_nmpc_node]: [attach-window] t=68.40s pos_err=0.169m T=22.91N z=6.205 m_est=2.302
[INFO] [1789058206.888854867] [acados_nmpc_node]: [attach-window] t=68.46s pos_err=0.116m T=22.83N z=6.218 m_est=2.302
[INFO] [1789058206.933217007] [acados_nmpc_node]: [attach-window] t=68.50s pos_err=0.159m T=22.79N z=6.225 m_est=2.303
[INFO] [1789058206.988609117] [acados_nmpc_node]: [attach-window] t=68.56s pos_err=0.132m T=22.78N z=6.238 m_est=2.303
[INFO] [1789058207.000234206] [acados_nmpc_node]: [wcmd] raw=[+0.028,-0.057,-0.182] w=[+0.053,+0.086,-0.098] err=[-0.025,-0.143] scaled=[-0.054,-0.524] s=4.28
[INFO] [1789058207.033482948] [acados_nmpc_node]: [attach-window] t=68.60s pos_err=0.175m T=22.87N z=6.244 m_est=2.305
[INFO] [1789058207.088677787] [acados_nmpc_node]: [attach-window] t=68.66s pos_err=0.123m T=22.82N z=6.259 m_est=2.305
[INFO] [1789058207.133205943] [acados_nmpc_node]: [attach-window] t=68.70s pos_err=0.163m T=22.90N z=6.265 m_est=2.306
[INFO] [1789058207.188785813] [acados_nmpc_node]: [attach-window] t=68.76s pos_err=0.139m T=22.91N z=6.278 m_est=2.306
[INFO] [1789058207.200185747] [acados_nmpc_node]: [wcmd] raw=[+0.026,-0.105,-0.242] w=[+0.013,-0.273,-0.263] err=[+0.013,+0.167] scaled=[+0.069,+0.446] s=4.29
[INFO] [1789058207.233839542] [acados_nmpc_node]: [attach-window] t=68.80s pos_err=0.178m T=22.90N z=6.284 m_est=2.308
[INFO] [1789058207.288781460] [acados_nmpc_node]: [attach-window] t=68.86s pos_err=0.131m T=22.88N z=6.298 m_est=2.308
[INFO] [1789058207.333953346] [acados_nmpc_node]: [attach-window] t=68.90s pos_err=0.167m T=22.92N z=6.305 m_est=2.312
[INFO] [1789058207.388577866] [acados_nmpc_node]: [attach-window] t=68.96s pos_err=0.143m T=22.86N z=6.317 m_est=2.312
[INFO] [1789058207.400279322] [acados_nmpc_node]: [wcmd] raw=[+0.032,-0.122,-0.282] w=[+0.052,+0.076,-0.169] err=[-0.020,-0.198] scaled=[-0.034,-0.778] s=4.32
[INFO] [1789058207.435446694] [acados_nmpc_node]: [attach-window] t=69.00s pos_err=0.179m T=22.93N z=6.324 m_est=2.315
[INFO] [1789058207.488794751] [acados_nmpc_node]: [attach-window] t=69.06s pos_err=0.135m T=22.91N z=6.338 m_est=2.315
[INFO] [1789058207.535291029] [acados_nmpc_node]: [attach-window] t=69.10s pos_err=0.169m T=22.95N z=6.344 m_est=2.319
[INFO] [1789058207.589183984] [acados_nmpc_node]: [attach-window] t=69.16s pos_err=0.149m T=22.96N z=6.355 m_est=2.319
[INFO] [1789058207.600183714] [acados_nmpc_node]: [wcmd] raw=[+0.040,-0.004,-0.360] w=[+0.056,-0.082,-0.270] err=[-0.016,+0.078] scaled=[-0.015,+0.258] s=4.37
[INFO] [1789058207.635373337] [acados_nmpc_node]: [attach-window] t=69.20s pos_err=0.181m T=22.97N z=6.361 m_est=2.320
[INFO] [1789058207.688695303] [acados_nmpc_node]: [attach-window] t=69.26s pos_err=0.140m T=22.97N z=6.374 m_est=2.320
[INFO] [1789058207.733476583] [acados_nmpc_node]: [attach-window] t=69.30s pos_err=0.170m T=23.03N z=6.380 m_est=2.323
[INFO] [1789058207.788561050] [acados_nmpc_node]: [attach-window] t=69.36s pos_err=0.149m T=22.94N z=6.393 m_est=2.323
[INFO] [1789058207.800214143] [acados_nmpc_node]: [wcmd] raw=[+0.029,-0.136,-0.461] w=[+0.016,-0.172,-0.387] err=[+0.013,+0.037] scaled=[+0.073,-0.010] s=4.42
[INFO] [1789058207.833645237] [acados_nmpc_node]: [attach-window] t=69.40s pos_err=0.179m T=22.95N z=6.399 m_est=2.325
[INFO] [1789058207.888893809] [acados_nmpc_node]: [attach-window] t=69.46s pos_err=0.142m T=22.86N z=6.413 m_est=2.325
[INFO] [1789058207.933538216] [acados_nmpc_node]: [attach-window] t=69.50s pos_err=0.170m T=22.78N z=6.420 m_est=2.325
[INFO] [1789058207.988808743] [acados_nmpc_node]: [attach-window] t=69.56s pos_err=0.152m T=22.78N z=6.433 m_est=2.325
[INFO] [1789058208.000206258] [acados_nmpc_node]: [wcmd] raw=[+0.032,-0.003,-0.546] w=[+0.085,+0.193,-0.325] err=[-0.053,-0.196] scaled=[-0.151,-0.683] s=4.47
[INFO] [1789058208.035155046] [acados_nmpc_node]: [attach-window] t=69.60s pos_err=0.178m T=22.84N z=6.439 m_est=2.327
[INFO] [1789058208.088573437] [acados_nmpc_node]: [attach-window] t=69.66s pos_err=0.145m T=22.77N z=6.453 m_est=2.327
[INFO] [1789058208.134754148] [acados_nmpc_node]: [attach-window] t=69.70s pos_err=0.170m T=22.82N z=6.460 m_est=2.327
[INFO] [1789058208.188491494] [acados_nmpc_node]: [attach-window] t=69.76s pos_err=0.154m T=22.82N z=6.472 m_est=2.327
[INFO] [1789058208.200222323] [acados_nmpc_node]: [wcmd] raw=[+0.028,-0.025,-0.691] w=[+0.012,-0.232,-0.594] err=[+0.015,+0.207] scaled=[+0.082,+0.701] s=4.50
[INFO] [1789058208.233967970] [acados_nmpc_node]: [attach-window] t=69.80s pos_err=0.178m T=22.78N z=6.478 m_est=2.326
[INFO] [1789058208.288507402] [acados_nmpc_node]: [attach-window] t=69.86s pos_err=0.149m T=22.79N z=6.492 m_est=2.326
[INFO] [1789058208.333528905] [acados_nmpc_node]: [attach-window] t=69.90s pos_err=0.170m T=22.87N z=6.498 m_est=2.326
[INFO] [1789058208.388314602] [acados_nmpc_node]: [attach-window] t=69.96s pos_err=0.153m T=22.83N z=6.509 m_est=2.326
[INFO] [1789058208.400173110] [acados_nmpc_node]: [wcmd] raw=[+0.005,-0.110,-0.804] w=[+0.019,+0.042,-0.618] err=[-0.014,-0.152] scaled=[-0.043,-0.646] s=4.53
[INFO] [1789058208.432949694] [acados_nmpc_node]: [attach-window] t=70.00s pos_err=0.159m T=22.83N z=6.516 m_est=2.327
[INFO] [1789058208.488691477] [acados_nmpc_node]: [attach-window] t=70.06s pos_err=0.144m T=22.78N z=6.527 m_est=2.327
[INFO] [1789058208.533673628] [acados_nmpc_node]: [attach-window] t=70.10s pos_err=0.162m T=22.77N z=6.533 m_est=2.325
[INFO] [1789058208.589004519] [acados_nmpc_node]: [attach-window] t=70.16s pos_err=0.136m T=22.77N z=6.544 m_est=2.325
[INFO] [1789058208.600170531] [acados_nmpc_node]: [wcmd] raw=[+0.018,+0.000,-0.913] w=[+0.072,+0.067,-0.715] err=[-0.055,-0.067] scaled=[-0.176,-0.237] s=4.54
[INFO] [1789058208.633145525] [acados_nmpc_node]: [attach-window] t=70.20s pos_err=0.162m T=22.86N z=6.548 m_est=2.325
[INFO] [1789058208.688628808] [acados_nmpc_node]: [attach-window] t=70.26s pos_err=0.135m T=22.86N z=6.559 m_est=2.325
[INFO] [1789058208.733011468] [acados_nmpc_node]: [attach-window] t=70.30s pos_err=0.148m T=22.94N z=6.564 m_est=2.326
[INFO] [1789058208.788505010] [acados_nmpc_node]: [attach-window] t=70.36s pos_err=0.123m T=22.89N z=6.575 m_est=2.326
[INFO] [1789058208.800190119] [acados_nmpc_node]: [wcmd] raw=[+0.003,-0.118,-1.010] w=[-0.007,-0.238,-0.962] err=[+0.011,+0.119] scaled=[+0.042,+0.306] s=4.55
[INFO] [1789058208.833022032] [acados_nmpc_node]: [attach-window] t=70.40s pos_err=0.145m T=22.92N z=6.579 m_est=2.325
[INFO] [1789058208.888570025] [acados_nmpc_node]: [attach-window] t=70.46s pos_err=0.121m T=22.88N z=6.590 m_est=2.325
[INFO] [1789058208.933069065] [acados_nmpc_node]: [attach-window] t=70.50s pos_err=0.132m T=22.88N z=6.595 m_est=2.323
[INFO] [1789058208.988328790] [acados_nmpc_node]: [attach-window] t=70.56s pos_err=0.110m T=22.82N z=6.606 m_est=2.323
[INFO] [1789058209.000173677] [acados_nmpc_node]: [wcmd] raw=[-0.024,-0.082,-0.999] w=[+0.054,+0.181,-0.900] err=[-0.077,-0.263] scaled=[-0.299,-1.018] s=4.56
[INFO] [1789058209.032243452] [acados_nmpc_node]: [attach-window] t=70.60s pos_err=0.128m T=22.94N z=6.609 m_est=2.324
[INFO] [1789058209.032584710] [acados_nmpc_node]: t=70.6s | pos_err=0.128m | T=22.94N | tau=[r0.227 p-0.152 y-0.042]Nm | res_stat=2.681e-07(peak 2.921e-06) sqp_iter=5 | solve=1.9ms
[INFO] [1789058209.032729341] [acados_nmpc_node]: [flight-diag] t=70.6s | om_scale=4.559(lo 4.279 hi 4.559) | tilt_max=10.52deg | w_max=[r0.087 p0.473 y0.971]rad/s | u_frac=[T0.735 r0.696 p1.000 y0.559] | u_sat=[T0.0 r0.0 p14.0 y0.0]% | mot_peak=1.000 mot_sat=3.4% | health=na age=na conf=na | n=100
[INFO] [1789058209.086167315] [acados_nmpc_node]: [attach-window] t=70.65s pos_err=0.107m T=22.81N z=6.620 m_est=2.324
[INFO] [1789058209.132212481] [acados_nmpc_node]: [attach-window] t=70.70s pos_err=0.117m T=22.82N z=6.624 m_est=2.323
[INFO] [1789058209.186291690] [acados_nmpc_node]: [attach-window] t=70.75s pos_err=0.100m T=22.74N z=6.634 m_est=2.323
[INFO] [1789058209.200201205] [acados_nmpc_node]: [wcmd] raw=[-0.015,+0.008,-0.924] w=[+0.004,-0.055,-1.041] err=[-0.018,+0.063] scaled=[-0.080,+0.234] s=4.56
[INFO] [1789058209.233150928] [acados_nmpc_node]: [attach-window] t=70.80s pos_err=0.117m T=22.78N z=6.638 m_est=2.321
[INFO] [1789058209.288635903] [acados_nmpc_node]: [attach-window] t=70.86s pos_err=0.100m T=22.80N z=6.648 m_est=2.321
[INFO] [1789058209.333393842] [acados_nmpc_node]: [attach-window] t=70.90s pos_err=0.109m T=22.93N z=6.652 m_est=2.322
[INFO] [1789058209.388382706] [acados_nmpc_node]: [attach-window] t=70.96s pos_err=0.100m T=22.87N z=6.660 m_est=2.322
[INFO] [1789058209.400184596] [acados_nmpc_node]: [wcmd] raw=[-0.008,-0.095,-0.801] w=[-0.027,-0.128,-1.057] err=[+0.019,+0.033] scaled=[+0.060,+0.024] s=4.57
[INFO] [1789058209.433275387] [acados_nmpc_node]: [attach-window] t=71.00s pos_err=0.111m T=22.92N z=6.664 m_est=2.321
[INFO] [1789058209.488466274] [acados_nmpc_node]: [attach-window] t=71.06s pos_err=0.094m T=22.81N z=6.673 m_est=2.321
[INFO] [1789058209.533147426] [acados_nmpc_node]: [attach-window] t=71.10s pos_err=0.104m T=22.79N z=6.677 m_est=2.319
[INFO] [1789058209.589003740] [acados_nmpc_node]: [attach-window] t=71.16s pos_err=0.089m T=22.76N z=6.685 m_est=2.319
[INFO] [1789058209.600245475] [acados_nmpc_node]: [wcmd] raw=[-0.019,-0.079,-0.589] w=[+0.013,+0.201,-0.837] err=[-0.032,-0.280] scaled=[-0.134,-1.079] s=4.57
[INFO] [1789058209.632385813] [acados_nmpc_node]: [attach-window] t=71.20s pos_err=0.106m T=22.92N z=6.688 m_est=2.320
[INFO] [1789058209.686459315] [acados_nmpc_node]: [attach-window] t=71.25s pos_err=0.087m T=22.72N z=6.697 m_est=2.320
[INFO] [1789058209.733345795] [acados_nmpc_node]: [attach-window] t=71.30s pos_err=0.099m T=22.77N z=6.700 m_est=2.320
[INFO] [1789058209.788891399] [acados_nmpc_node]: [attach-window] t=71.36s pos_err=0.089m T=22.70N z=6.708 m_est=2.320
[INFO] [1789058209.800164013] [acados_nmpc_node]: [wcmd] raw=[+0.018,-0.008,-0.427] w=[+0.007,-0.175,-0.812] err=[+0.010,+0.167] scaled=[+0.055,+0.589] s=4.57
[INFO] [1789058209.833466190] [acados_nmpc_node]: [attach-window] t=71.40s pos_err=0.102m T=22.67N z=6.711 m_est=2.320
[INFO] [1789058209.888980339] [acados_nmpc_node]: [attach-window] t=71.46s pos_err=0.082m T=22.64N z=6.719 m_est=2.320
[INFO] [1789058209.933376632] [acados_nmpc_node]: [attach-window] t=71.50s pos_err=0.094m T=22.77N z=6.723 m_est=2.320
[INFO] [1789058209.989079401] [acados_nmpc_node]: [attach-window] t=71.56s pos_err=0.081m T=22.63N z=6.729 m_est=2.320
[INFO] [1789058210.000206210] [acados_nmpc_node]: [wcmd] raw=[+0.022,-0.171,-0.277] w=[+0.025,-0.144,-0.616] err=[-0.003,-0.027] scaled=[+0.010,-0.267] s=4.57
[INFO] [1789058210.030080911] [acados_nmpc_node]: [dJ_online] m_est=2.320 m_p=0.255 ratchet=0.398 floor=0.050 -> m_p_model=0.255(track) dJ=0.0502 | gain_base=0.398 c_xy=[-0.51,+1.13]cm
[INFO] [1789058210.033687228] [acados_nmpc_node]: [attach-window] t=71.60s pos_err=0.085m T=22.65N z=6.733 m_est=2.320
[INFO] [1789058210.090406941] [acados_nmpc_node]: [attach-window] t=71.66s pos_err=0.074m T=22.54N z=6.739 m_est=2.320
[INFO] [1789058210.133274382] [acados_nmpc_node]: [attach-window] t=71.70s pos_err=0.089m T=22.50N z=6.743 m_est=2.319
[INFO] [1789058210.188732144] [acados_nmpc_node]: [attach-window] t=71.76s pos_err=0.066m T=22.49N z=6.750 m_est=2.319
[INFO] [1789058210.200188426] [acados_nmpc_node]: [wcmd] raw=[+0.006,-0.071,-0.159] w=[+0.002,+0.173,-0.322] err=[+0.004,-0.244] scaled=[+0.022,-0.943] s=4.57
[INFO] [1789058210.233293011] [acados_nmpc_node]: [attach-window] t=71.80s pos_err=0.094m T=22.63N z=6.752 m_est=2.318
[INFO] [1789058210.288476279] [acados_nmpc_node]: [attach-window] t=71.86s pos_err=0.066m T=22.47N z=6.759 m_est=2.318
[INFO] [1789058210.333182966] [acados_nmpc_node]: [attach-window] t=71.90s pos_err=0.085m T=22.56N z=6.762 m_est=2.317
[INFO] [1789058210.388173288] [acados_nmpc_node]: [attach-window] t=71.96s pos_err=0.069m T=22.51N z=6.768 m_est=2.317
[INFO] [1789058210.400205309] [acados_nmpc_node]: [wcmd] raw=[+0.016,-0.067,-0.153] w=[+0.039,-0.267,-0.333] err=[-0.023,+0.201] scaled=[-0.067,+0.650] s=4.57
[INFO] [1789058210.433209649] [acados_nmpc_node]: [attach-window] t=72.00s pos_err=0.077m T=22.46N z=6.772 m_est=2.317
[INFO] [1789058210.488263427] [acados_nmpc_node]: [attach-window] t=72.06s pos_err=0.062m T=22.48N z=6.777 m_est=2.317
[INFO] [1789058210.533198297] [acados_nmpc_node]: [attach-window] t=72.10s pos_err=0.085m T=22.59N z=6.779 m_est=2.315
[INFO] [1789058210.588228223] [acados_nmpc_node]: [attach-window] t=72.16s pos_err=0.054m T=22.48N z=6.784 m_est=2.315
[INFO] [1789058210.600225767] [acados_nmpc_node]: [wcmd] raw=[-0.020,-0.212,-0.157] w=[-0.023,-0.071,-0.191] err=[+0.003,-0.141] scaled=[-0.008,-0.715] s=4.56
[INFO] [1789058210.633373449] [acados_nmpc_node]: [attach-window] t=72.20s pos_err=0.077m T=22.60N z=6.786 m_est=2.314
[INFO] [1789058210.688074764] [acados_nmpc_node]: [attach-window] t=72.26s pos_err=0.060m T=22.56N z=6.790 m_est=2.314
[INFO] [1789058210.733241058] [acados_nmpc_node]: [attach-window] t=72.30s pos_err=0.088m T=22.52N z=6.792 m_est=2.315
[INFO] [1789058210.788100381] [acados_nmpc_node]: [attach-window] t=72.36s pos_err=0.054m T=22.52N z=6.795 m_est=2.315
[INFO] [1789058210.800208238] [acados_nmpc_node]: [wcmd] raw=[-0.002,-0.036,-0.183] w=[+0.023,+0.082,-0.084] err=[-0.024,-0.119] scaled=[-0.088,-0.455] s=4.53
[INFO] [1789058210.833150049] [acados_nmpc_node]: [attach-window] t=72.40s pos_err=0.083m T=22.60N z=6.797 m_est=2.314
[INFO] [1789058210.888758955] [acados_nmpc_node]: [attach-window] t=72.46s pos_err=0.065m T=22.54N z=6.800 m_est=2.314
[INFO] [1789058210.933180765] [acados_nmpc_node]: [attach-window] t=72.50s pos_err=0.097m T=22.61N z=6.801 m_est=2.314
[INFO] [1789058210.988424470] [acados_nmpc_node]: [attach-window] t=72.56s pos_err=0.061m T=22.53N z=6.804 m_est=2.314
[INFO] [1789058211.000082177] [acados_nmpc_node]: [wcmd] raw=[-0.009,-0.120,-0.259] w=[-0.016,-0.269,-0.235] err=[+0.007,+0.149] scaled=[+0.015,+0.402] s=4.51
[INFO] [1789058211.032382099] [acados_nmpc_node]: [attach-window] t=72.60s pos_err=0.093m T=22.54N z=6.805 m_est=2.315
[INFO] [1789058211.088924332] [acados_nmpc_node]: [attach-window] t=72.66s pos_err=0.076m T=22.57N z=6.807 m_est=2.315
[INFO] [1789058211.133120717] [acados_nmpc_node]: [attach-window] t=72.70s pos_err=0.110m T=22.64N z=6.808 m_est=2.315
[INFO] [1789058211.188538661] [acados_nmpc_node]: [attach-window] t=72.76s pos_err=0.071m T=22.64N z=6.808 m_est=2.315
[INFO] [1789058211.200169082] [acados_nmpc_node]: [wcmd] raw=[-0.011,-0.151,-0.288] w=[+0.015,+0.074,-0.146] err=[-0.026,-0.225] scaled=[-0.103,-0.941] s=4.50
[INFO] [1789058211.233207019] [acados_nmpc_node]: [attach-window] t=72.80s pos_err=0.107m T=22.73N z=6.808 m_est=2.314
[INFO] [1789058211.288668775] [acados_nmpc_node]: [attach-window] t=72.86s pos_err=0.089m T=22.68N z=6.808 m_est=2.314
[INFO] [1789058211.333443498] [acados_nmpc_node]: [attach-window] t=72.90s pos_err=0.125m T=22.67N z=6.808 m_est=2.316
[INFO] [1789058211.388797174] [acados_nmpc_node]: [attach-window] t=72.96s pos_err=0.108m T=22.61N z=6.808 m_est=2.316
[INFO] [1789058211.400204627] [acados_nmpc_node]: [wcmd] raw=[+0.006,+0.003,-0.326] w=[+0.012,-0.078,-0.242] err=[-0.006,+0.082] scaled=[-0.014,+0.290] s=4.49
[INFO] [1789058211.432466795] [acados_nmpc_node]: [attach-window] t=73.00s pos_err=0.144m T=22.57N z=6.808 m_est=2.317
[INFO] [1789058211.488867351] [acados_nmpc_node]: [attach-window] t=73.06s pos_err=0.103m T=22.54N z=6.808 m_est=2.317
[INFO] [1789058211.533396805] [acados_nmpc_node]: [attach-window] t=73.10s pos_err=0.139m T=22.58N z=6.807 m_est=2.316
[INFO] [1789058211.588997427] [acados_nmpc_node]: [attach-window] t=73.16s pos_err=0.119m T=22.42N z=6.807 m_est=2.316
[INFO] [1789058211.600153705] [acados_nmpc_node]: [wcmd] raw=[-0.007,-0.215,-0.361] w=[-0.030,-0.335,-0.391] err=[+0.022,+0.121] scaled=[+0.071,+0.206] s=4.49
[INFO] [1789058211.633267892] [acados_nmpc_node]: [attach-window] t=73.20s pos_err=0.154m T=22.42N z=6.807 m_est=2.319
[INFO] [1789058211.688848792] [acados_nmpc_node]: [attach-window] t=73.26s pos_err=0.114m T=22.27N z=6.807 m_est=2.319
[INFO] [1789058211.733470744] [acados_nmpc_node]: [attach-window] t=73.30s pos_err=0.149m T=22.15N z=6.807 m_est=2.319
[INFO] [1789058211.788670687] [acados_nmpc_node]: [attach-window] t=73.36s pos_err=0.127m T=22.14N z=6.808 m_est=2.319
[INFO] [1789058211.800210172] [acados_nmpc_node]: [wcmd] raw=[+0.010,-0.089,-0.332] w=[+0.045,+0.190,-0.212] err=[-0.036,-0.278] scaled=[-0.115,-1.059] s=4.49
[INFO] [1789058211.833343844] [acados_nmpc_node]: [attach-window] t=73.40s pos_err=0.161m T=22.19N z=6.808 m_est=2.318
[INFO] [1789058211.888612761] [acados_nmpc_node]: [attach-window] t=73.46s pos_err=0.117m T=22.20N z=6.807 m_est=2.318
[INFO] [1789058211.933132872] [acados_nmpc_node]: [attach-window] t=73.50s pos_err=0.150m T=22.28N z=6.806 m_est=2.319
[INFO] [1789058211.986728053] [acados_nmpc_node]: [attach-window] t=73.55s pos_err=0.126m T=22.39N z=6.804 m_est=2.319
[INFO] [1789058212.000097160] [acados_nmpc_node]: [wcmd] raw=[+0.018,-0.096,-0.368] w=[+0.003,-0.342,-0.423] err=[+0.015,+0.246] scaled=[+0.071,+0.761] s=4.48
[INFO] [1789058212.032264673] [acados_nmpc_node]: [attach-window] t=73.60s pos_err=0.162m T=22.30N z=6.802 m_est=2.319
[INFO] [1789058212.086358983] [acados_nmpc_node]: [attach-window] t=73.65s pos_err=0.117m T=22.46N z=6.798 m_est=2.319
[INFO] [1789058212.160053907] [acados_nmpc_node]: [attach-window] t=73.70s pos_err=0.151m T=22.51N z=6.796 m_est=2.318
[INFO] [1789058212.209677624] [acados_nmpc_node]: [attach-window] t=73.75s pos_err=0.107m T=22.54N z=6.790 m_est=2.318
[INFO] [1789058212.232236747] [acados_nmpc_node]: [attach-window] t=73.80s pos_err=0.141m T=22.61N z=6.788 m_est=2.318
[INFO] [1789058212.240083205] [acados_nmpc_node]: [wcmd] raw=[+0.013,-0.133,-0.402] w=[-0.006,-0.305,-0.428] err=[+0.019,+0.172] scaled=[+0.080,+0.465] s=4.48
[INFO] [1789058212.286508213] [acados_nmpc_node]: [attach-window] t=73.85s pos_err=0.119m T=22.67N z=6.782 m_est=2.318
[INFO] [1789058212.333253649] [acados_nmpc_node]: [attach-window] t=73.90s pos_err=0.153m T=22.50N z=6.779 m_est=2.318
[INFO] [1789058212.388663979] [acados_nmpc_node]: [attach-window] t=73.96s pos_err=0.118m T=22.57N z=6.772 m_est=2.318
[INFO] [1789058212.433219432] [acados_nmpc_node]: [attach-window] t=74.00s pos_err=0.145m T=22.55N z=6.769 m_est=2.315
[INFO] [1789058212.440199796] [acados_nmpc_node]: [wcmd] raw=[+0.018,+0.036,-0.423] w=[+0.043,+0.247,-0.240] err=[-0.025,-0.211] scaled=[-0.069,-0.697] s=4.48
[INFO] [1789058212.488631799] [acados_nmpc_node]: [attach-window] t=74.06s pos_err=0.128m T=22.60N z=6.763 m_est=2.315
[INFO] [1789058212.533145980] [acados_nmpc_node]: [attach-window] t=74.10s pos_err=0.154m T=22.59N z=6.760 m_est=2.312
[INFO] [1789058212.588723419] [acados_nmpc_node]: [attach-window] t=74.16s pos_err=0.122m T=22.69N z=6.753 m_est=2.312
[INFO] [1789058212.633475359] [acados_nmpc_node]: [attach-window] t=74.20s pos_err=0.147m T=22.66N z=6.750 m_est=2.312
[INFO] [1789058212.640138978] [acados_nmpc_node]: [wcmd] raw=[+0.048,+0.008,-0.534] w=[+0.028,-0.200,-0.450] err=[+0.020,+0.208] scaled=[+0.118,+0.732] s=4.48
[INFO] [1789058212.688469141] [acados_nmpc_node]: [attach-window] t=74.26s pos_err=0.131m T=22.77N z=6.743 m_est=2.312
[INFO] [1789058212.733085812] [acados_nmpc_node]: [attach-window] t=74.30s pos_err=0.155m T=22.76N z=6.740 m_est=2.309
[INFO] [1789058212.788632987] [acados_nmpc_node]: [attach-window] t=74.36s pos_err=0.138m T=22.85N z=6.732 m_est=2.309
[INFO] [1789058212.833055233] [acados_nmpc_node]: [attach-window] t=74.40s pos_err=0.145m T=22.86N z=6.728 m_est=2.308
[INFO] [1789058212.840169751] [acados_nmpc_node]: [wcmd] raw=[+0.041,-0.115,-0.636] w=[+0.039,-0.037,-0.472] err=[+0.003,-0.079] scaled=[+0.050,-0.389] s=4.48
[INFO] [1789058212.888597026] [acados_nmpc_node]: [attach-window] t=74.46s pos_err=0.129m T=22.90N z=6.721 m_est=2.308
[INFO] [1789058212.933081855] [acados_nmpc_node]: [attach-window] t=74.50s pos_err=0.150m T=22.90N z=6.717 m_est=2.310
[INFO] [1789058212.988530998] [acados_nmpc_node]: [attach-window] t=74.56s pos_err=0.122m T=22.93N z=6.709 m_est=2.310
[INFO] [1789058213.033192097] [acados_nmpc_node]: [attach-window] t=74.60s pos_err=0.140m T=22.86N z=6.705 m_est=2.310
[INFO] [1789058213.040165185] [acados_nmpc_node]: [wcmd] raw=[+0.057,+0.017,-0.743] w=[+0.095,+0.066,-0.516] err=[-0.037,-0.049] scaled=[-0.072,-0.152] s=4.45
[INFO] [1789058213.088637387] [acados_nmpc_node]: [attach-window] t=74.66s pos_err=0.125m T=22.89N z=6.698 m_est=2.310
[INFO] [1789058213.133032760] [acados_nmpc_node]: [attach-window] t=74.70s pos_err=0.142m T=22.90N z=6.694 m_est=2.313
[INFO] [1789058213.188549246] [acados_nmpc_node]: [attach-window] t=74.76s pos_err=0.115m T=22.92N z=6.686 m_est=2.313
[INFO] [1789058213.232997357] [acados_nmpc_node]: [attach-window] t=74.80s pos_err=0.142m T=22.91N z=6.683 m_est=2.316
[INFO] [1789058213.240396465] [acados_nmpc_node]: [wcmd] raw=[+0.082,-0.030,-0.883] w=[+0.023,-0.238,-0.748] err=[+0.059,+0.208] scaled=[+0.283,+0.685] s=4.43
[INFO] [1789058213.288610548] [acados_nmpc_node]: [attach-window] t=74.86s pos_err=0.117m T=22.97N z=6.675 m_est=2.316
[INFO] [1789058213.333066895] [acados_nmpc_node]: [attach-window] t=74.90s pos_err=0.131m T=22.89N z=6.671 m_est=2.316
[INFO] [1789058213.388689024] [acados_nmpc_node]: [attach-window] t=74.96s pos_err=0.108m T=22.95N z=6.663 m_est=2.316
[INFO] [1789058213.433135624] [acados_nmpc_node]: [attach-window] t=75.00s pos_err=0.130m T=22.96N z=6.660 m_est=2.319
[INFO] [1789058213.440197965] [acados_nmpc_node]: [wcmd] raw=[+0.051,-0.031,-0.981] w=[+0.063,+0.090,-0.757] err=[-0.013,-0.121] scaled=[+0.007,-0.448] s=4.45
[INFO] [1789058213.488792780] [acados_nmpc_node]: [attach-window] t=75.06s pos_err=0.108m T=22.90N z=6.652 m_est=2.319
[INFO] [1789058213.533008319] [acados_nmpc_node]: [attach-window] t=75.10s pos_err=0.119m T=22.89N z=6.649 m_est=2.323
[INFO] [1789058213.588361492] [acados_nmpc_node]: [attach-window] t=75.16s pos_err=0.101m T=22.90N z=6.640 m_est=2.323
[INFO] [1789058213.633086707] [acados_nmpc_node]: [attach-window] t=75.20s pos_err=0.118m T=22.81N z=6.638 m_est=2.322
[INFO] [1789058213.640178551] [acados_nmpc_node]: [wcmd] raw=[+0.066,+0.060,-1.051] w=[+0.051,-0.003,-0.906] err=[+0.015,+0.063] scaled=[+0.120,+0.278] s=4.48
[INFO] [1789058213.688652793] [acados_nmpc_node]: [attach-window] t=75.26s pos_err=0.100m T=22.89N z=6.629 m_est=2.322
[INFO] [1789058213.733133994] [acados_nmpc_node]: [attach-window] t=75.30s pos_err=0.107m T=22.93N z=6.625 m_est=2.323
[INFO] [1789058213.788422454] [acados_nmpc_node]: [attach-window] t=75.36s pos_err=0.098m T=22.93N z=6.617 m_est=2.323
[INFO] [1789058213.832445555] [acados_nmpc_node]: [attach-window] t=75.40s pos_err=0.105m T=22.94N z=6.613 m_est=2.324
[INFO] [1789058213.840087450] [acados_nmpc_node]: [wcmd] raw=[+0.055,-0.035,-1.054] w=[-0.002,-0.183,-1.069] err=[+0.058,+0.149] scaled=[+0.258,+0.488] s=4.52
[INFO] [1789058213.888706992] [acados_nmpc_node]: [attach-window] t=75.46s pos_err=0.093m T=22.97N z=6.603 m_est=2.324
[INFO] [1789058213.933255633] [acados_nmpc_node]: [attach-window] t=75.50s pos_err=0.097m T=22.90N z=6.599 m_est=2.324
[INFO] [1789058213.988675553] [acados_nmpc_node]: [attach-window] t=75.56s pos_err=0.090m T=22.96N z=6.591 m_est=2.324
[INFO] [1789058214.033244677] [acados_nmpc_node]: [attach-window] t=75.60s pos_err=0.094m T=23.02N z=6.586 m_est=2.325
[INFO] [1789058214.033726260] [acados_nmpc_node]: t=75.6s | pos_err=0.094m | T=23.02N | tau=[r0.243 p0.009 y0.017]Nm | res_stat=2.935e-07(peak 2.921e-06) sqp_iter=5 | solve=2.5ms
[INFO] [1789058214.033926268] [acados_nmpc_node]: [flight-diag] t=75.6s | om_scale=4.535(lo 4.432 hi 4.571) | tilt_max=10.01deg | w_max=[r0.103 p0.443 y1.095]rad/s | u_frac=[T0.734 r0.683 p1.000 y0.922] | u_sat=[T0.0 r0.0 p7.0 y0.0]% | mot_peak=1.000 mot_sat=2.7% | health=na age=na conf=na | n=100
[INFO] [1789058214.040171465] [acados_nmpc_node]: [wcmd] raw=[+0.040,+0.048,-0.935] w=[+0.047,+0.188,-0.970] err=[-0.007,-0.140] scaled=[+0.015,-0.447] s=4.54
[INFO] [1789058214.088749325] [acados_nmpc_node]: [attach-window] t=75.66s pos_err=0.085m T=23.03N z=6.576 m_est=2.325
[INFO] [1789058214.133253344] [acados_nmpc_node]: [attach-window] t=75.70s pos_err=0.085m T=23.07N z=6.571 m_est=2.326
[INFO] [1789058214.188637088] [acados_nmpc_node]: [attach-window] t=75.76s pos_err=0.080m T=23.05N z=6.561 m_est=2.326
[INFO] [1789058214.248842243] [acados_nmpc_node]: [attach-window] t=75.80s pos_err=0.082m T=23.00N z=6.556 m_est=2.328
[INFO] [1789058214.249424383] [acados_nmpc_node]: [wcmd] raw=[+0.064,+0.106,-0.779] w=[-0.009,-0.197,-1.095] err=[+0.074,+0.303] scaled=[+0.327,+1.181] s=4.55
[INFO] [1789058214.289843437] [acados_nmpc_node]: [attach-window] t=75.86s pos_err=0.076m T=23.03N z=6.545 m_est=2.328
[INFO] [1789058214.333501475] [acados_nmpc_node]: [attach-window] t=75.90s pos_err=0.075m T=23.04N z=6.540 m_est=2.329
[INFO] [1789058214.388916701] [acados_nmpc_node]: [attach-window] t=75.96s pos_err=0.070m T=22.98N z=6.530 m_est=2.329
[INFO] [1789058214.433395674] [acados_nmpc_node]: [attach-window] t=76.00s pos_err=0.071m T=23.00N z=6.525 m_est=2.330
[INFO] [1789058214.440190714] [acados_nmpc_node]: [wcmd] raw=[+0.032,-0.031,-0.585] w=[+0.017,-0.058,-0.924] err=[+0.015,+0.027] scaled=[+0.086,+0.066] s=4.56
[INFO] [1789058214.486391564] [acados_nmpc_node]: [attach-window] t=76.05s pos_err=0.067m T=22.86N z=6.515 m_est=2.330
[INFO] [1789058214.533503537] [acados_nmpc_node]: [attach-window] t=76.10s pos_err=0.064m T=22.82N z=6.510 m_est=2.331
[INFO] [1789058214.588830732] [acados_nmpc_node]: [attach-window] t=76.16s pos_err=0.060m T=22.80N z=6.500 m_est=2.331
[INFO] [1789058214.633380640] [acados_nmpc_node]: [attach-window] t=76.20s pos_err=0.063m T=22.79N z=6.495 m_est=2.330
[INFO] [1789058214.640196633] [acados_nmpc_node]: [wcmd] raw=[+0.031,+0.131,-0.375] w=[-0.000,+0.206,-0.656] err=[+0.031,-0.074] scaled=[+0.143,-0.136] s=4.60
[INFO] [1789058214.688942479] [acados_nmpc_node]: [attach-window] t=76.26s pos_err=0.055m T=22.80N z=6.485 m_est=2.330
[INFO] [1789058214.733086317] [acados_nmpc_node]: [attach-window] t=76.30s pos_err=0.055m T=22.87N z=6.480 m_est=2.330
[INFO] [1789058214.788494067] [acados_nmpc_node]: [attach-window] t=76.36s pos_err=0.053m T=22.67N z=6.469 m_est=2.330
[INFO] [1789058214.833242456] [acados_nmpc_node]: [attach-window] t=76.40s pos_err=0.056m T=22.71N z=6.465 m_est=2.330
[INFO] [1789058214.840138715] [acados_nmpc_node]: [wcmd] raw=[+0.025,+0.026,-0.238] w=[+0.037,-0.325,-0.643] err=[-0.012,+0.351] scaled=[-0.017,+1.298] s=4.62
[INFO] [1789058214.888912012] [acados_nmpc_node]: [attach-window] t=76.46s pos_err=0.044m T=22.62N z=6.455 m_est=2.330
[INFO] [1789058214.933353113] [acados_nmpc_node]: [attach-window] t=76.50s pos_err=0.049m T=22.80N z=6.450 m_est=2.329
[INFO] [1789058214.988286859] [acados_nmpc_node]: [attach-window] t=76.56s pos_err=0.038m T=23.06N z=6.438 m_est=2.329
[INFO] [1789058215.030041227] [acados_nmpc_node]: [dJ_online] m_est=2.328 m_p=0.264 ratchet=0.398 floor=0.050 -> m_p_model=0.264(track) dJ=0.0516 | gain_base=0.398 c_xy=[-0.51,+1.13]cm
[INFO] [1789058215.033332052] [acados_nmpc_node]: [attach-window] t=76.60s pos_err=0.052m T=23.16N z=6.432 m_est=2.328
[INFO] [1789058215.040170622] [acados_nmpc_node]: [wcmd] raw=[+0.020,+0.042,-0.103] w=[-0.019,+0.239,-0.255] err=[+0.039,-0.197] scaled=[+0.161,-0.674] s=4.63
[INFO] [1789058215.088233298] [acados_nmpc_node]: [attach-window] t=76.66s pos_err=0.031m T=22.95N z=6.417 m_est=2.328
[INFO] [1789058215.132795644] [acados_nmpc_node]: [attach-window] t=76.70s pos_err=0.041m T=22.98N z=6.411 m_est=2.329
[INFO] [1789058215.189134101] [acados_nmpc_node]: [attach-window] t=76.76s pos_err=0.026m T=22.82N z=6.399 m_est=2.329
[INFO] [1789058215.251216456] [acados_nmpc_node]: [attach-window] t=76.80s pos_err=0.052m T=22.63N z=6.394 m_est=2.329
[INFO] [1789058215.251787811] [acados_nmpc_node]: [wcmd] raw=[-0.005,+0.077,-0.062] w=[+0.041,-0.304,-0.309] err=[-0.045,+0.380] scaled=[-0.169,+1.462] s=4.64
[INFO] [1789058215.288390407] [acados_nmpc_node]: [attach-window] t=76.86s pos_err=0.019m T=22.62N z=6.382 m_est=2.329
[INFO] [1789058215.332497536] [acados_nmpc_node]: [attach-window] t=76.90s pos_err=0.042m T=22.68N z=6.376 m_est=2.328
[INFO] [1789058215.387893460] [acados_nmpc_node]: [attach-window] t=76.96s pos_err=0.021m T=22.44N z=6.365 m_est=2.328
[INFO] [1789058215.432967542] [acados_nmpc_node]: [attach-window] t=77.00s pos_err=0.055m T=22.47N z=6.360 m_est=2.328
[INFO] [1789058215.440145274] [acados_nmpc_node]: [wcmd] raw=[-0.009,-0.067,-0.082] w=[-0.038,-0.333,-0.212] err=[+0.030,+0.266] scaled=[+0.100,+0.905] s=4.65
[INFO] [1789058215.490581025] [acados_nmpc_node]: [attach-window] t=77.06s pos_err=0.020m T=22.28N z=6.349 m_est=2.328
[INFO] [1789058215.533290471] [acados_nmpc_node]: [attach-window] t=77.10s pos_err=0.050m T=22.10N z=6.344 m_est=2.327
[INFO] [1789058215.588033575] [acados_nmpc_node]: [attach-window] t=77.16s pos_err=0.031m T=22.18N z=6.334 m_est=2.327
[INFO] [1789058215.632618676] [acados_nmpc_node]: [attach-window] t=77.20s pos_err=0.068m T=22.26N z=6.328 m_est=2.324
[INFO] [1789058215.640147169] [acados_nmpc_node]: [wcmd] raw=[-0.035,+0.108,-0.069] w=[-0.012,+0.248,+0.057] err=[-0.023,-0.140] scaled=[-0.118,-0.405] s=4.65
[INFO] [1789058215.688086334] [acados_nmpc_node]: [attach-window] t=77.26s pos_err=0.028m T=22.35N z=6.315 m_est=2.324
[INFO] [1789058215.732453616] [acados_nmpc_node]: [attach-window] t=77.30s pos_err=0.062m T=22.49N z=6.308 m_est=2.321
[INFO] [1789058215.788061168] [acados_nmpc_node]: [attach-window] t=77.36s pos_err=0.041m T=22.54N z=6.294 m_est=2.321
[INFO] [1789058215.851779669] [acados_nmpc_node]: [attach-window] t=77.40s pos_err=0.083m T=22.47N z=6.287 m_est=2.320
[INFO] [1789058215.852355751] [acados_nmpc_node]: [wcmd] raw=[-0.027,+0.049,-0.122] w=[-0.078,-0.327,-0.157] err=[+0.051,+0.376] scaled=[+0.158,+1.415] s=4.63
[INFO] [1789058215.888261368] [acados_nmpc_node]: [attach-window] t=77.46s pos_err=0.038m T=22.50N z=6.271 m_est=2.320
[INFO] [1789058215.932761500] [acados_nmpc_node]: [attach-window] t=77.50s pos_err=0.080m T=22.50N z=6.264 m_est=2.318
[INFO] [1789058215.987886967] [acados_nmpc_node]: [attach-window] t=77.56s pos_err=0.057m T=22.52N z=6.251 m_est=2.318
[INFO] [1789058216.032749841] [acados_nmpc_node]: [attach-window] t=77.60s pos_err=0.103m T=22.59N z=6.244 m_est=2.314
[INFO] [1789058216.040307811] [acados_nmpc_node]: [wcmd] raw=[-0.039,+0.003,-0.128] w=[-0.036,+0.024,-0.044] err=[-0.003,-0.021] scaled=[-0.051,-0.071] s=4.60
[INFO] [1789058216.088001416] [acados_nmpc_node]: [attach-window] t=77.66s pos_err=0.054m T=22.51N z=6.228 m_est=2.314
[INFO] [1789058216.133133313] [acados_nmpc_node]: [attach-window] t=77.70s pos_err=0.100m T=22.52N z=6.221 m_est=2.314
[INFO] [1789058216.193049300] [acados_nmpc_node]: [attach-window] t=77.76s pos_err=0.077m T=22.53N z=6.207 m_est=2.314
[INFO] [1789058216.233237394] [acados_nmpc_node]: [attach-window] t=77.80s pos_err=0.125m T=22.47N z=6.200 m_est=2.313
[INFO] [1789058216.240164358] [acados_nmpc_node]: [wcmd] raw=[-0.027,+0.149,-0.118] w=[-0.033,+0.114,-0.025] err=[+0.006,+0.035] scaled=[-0.004,+0.273] s=4.56
[INFO] [1789058216.287918630] [acados_nmpc_node]: [attach-window] t=77.86s pos_err=0.071m T=22.53N z=6.183 m_est=2.313
[INFO] [1789058216.332428874] [acados_nmpc_node]: [attach-window] t=77.90s pos_err=0.118m T=22.64N z=6.176 m_est=2.310
[INFO] [1789058216.387780070] [acados_nmpc_node]: [attach-window] t=77.96s pos_err=0.092m T=22.51N z=6.160 m_est=2.310
[INFO] [1789058216.432812495] [acados_nmpc_node]: [attach-window] t=78.00s pos_err=0.141m T=22.53N z=6.153 m_est=2.311
[INFO] [1789058216.440162604] [acados_nmpc_node]: [wcmd] raw=[-0.036,-0.028,-0.122] w=[-0.061,-0.412,-0.228] err=[+0.025,+0.384] scaled=[+0.052,+1.325] s=4.53
[INFO] [1789058216.488450227] [acados_nmpc_node]: [attach-window] t=78.06s pos_err=0.087m T=22.41N z=6.137 m_est=2.311
[INFO] [1789058216.533277803] [acados_nmpc_node]: [attach-window] t=78.10s pos_err=0.136m T=22.26N z=6.130 m_est=2.310
[INFO] [1789058216.587967206] [acados_nmpc_node]: [attach-window] t=78.16s pos_err=0.080m T=22.27N z=6.115 m_est=2.310
[INFO] [1789058216.632669002] [acados_nmpc_node]: [attach-window] t=78.20s pos_err=0.128m T=22.36N z=6.108 m_est=2.309
[INFO] [1789058216.640252719] [acados_nmpc_node]: [wcmd] raw=[-0.037,-0.072,-0.050] w=[-0.029,+0.139,-0.010] err=[-0.008,-0.211] scaled=[-0.065,-0.812] s=4.51
[INFO] [1789058216.687993230] [acados_nmpc_node]: [attach-window] t=78.26s pos_err=0.101m T=22.26N z=6.095 m_est=2.309
[INFO] [1789058216.732819164] [acados_nmpc_node]: [attach-window] t=78.30s pos_err=0.151m T=22.29N z=6.088 m_est=2.310
[INFO] [1789058216.788451873] [acados_nmpc_node]: [attach-window] t=78.36s pos_err=0.095m T=22.26N z=6.073 m_est=2.310
[INFO] [1789058216.833232751] [acados_nmpc_node]: [attach-window] t=78.40s pos_err=0.145m T=22.15N z=6.066 m_est=2.308
[INFO] [1789058216.840160859] [acados_nmpc_node]: [wcmd] raw=[-0.036,+0.077,-0.009] w=[-0.042,+0.041,-0.008] err=[+0.006,+0.037] scaled=[-0.013,+0.206] s=4.49
[INFO] [1789058216.887753342] [acados_nmpc_node]: [attach-window] t=78.46s pos_err=0.115m T=22.25N z=6.052 m_est=2.308
[INFO] [1789058216.932760284] [acados_nmpc_node]: [attach-window] t=78.50s pos_err=0.166m T=22.33N z=6.044 m_est=2.306
[INFO] [1789058216.988167935] [acados_nmpc_node]: [attach-window] t=78.56s pos_err=0.137m T=22.41N z=6.030 m_est=2.306
[INFO] [1789058217.032942890] [acados_nmpc_node]: [attach-window] t=78.60s pos_err=0.188m T=22.47N z=6.022 m_est=2.306
[INFO] [1789058217.040189099] [acados_nmpc_node]: [wcmd] raw=[-0.050,+0.009,+0.011] w=[-0.052,-0.220,-0.075] err=[+0.003,+0.228] scaled=[-0.041,+0.799] s=4.46
[INFO] [1789058217.088260242] [acados_nmpc_node]: [attach-window] t=78.66s pos_err=0.129m T=22.58N z=6.005 m_est=2.306
[INFO] [1789058217.132990999] [acados_nmpc_node]: [attach-window] t=78.70s pos_err=0.179m T=22.52N z=5.997 m_est=2.307
[INFO] [1789058217.188385419] [acados_nmpc_node]: [attach-window] t=78.76s pos_err=0.150m T=22.61N z=5.981 m_est=2.307
[INFO] [1789058217.232840640] [acados_nmpc_node]: [attach-window] t=78.80s pos_err=0.199m T=22.68N z=5.973 m_est=2.306
[INFO] [1789058217.240185751] [acados_nmpc_node]: [wcmd] raw=[-0.051,+0.008,+0.060] w=[-0.050,+0.092,+0.072] err=[-0.001,-0.084] scaled=[-0.055,-0.279] s=4.43
[INFO] [1789058217.288429226] [acados_nmpc_node]: [attach-window] t=78.86s pos_err=0.138m T=22.76N z=5.954 m_est=2.306
[INFO] [1789058217.332848394] [acados_nmpc_node]: [attach-window] t=78.90s pos_err=0.186m T=22.82N z=5.945 m_est=2.306
[INFO] [1789058217.388108366] [acados_nmpc_node]: [attach-window] t=78.96s pos_err=0.154m T=22.89N z=5.928 m_est=2.306
[INFO] [1789058217.433678178] [acados_nmpc_node]: [attach-window] t=79.00s pos_err=0.204m T=22.83N z=5.919 m_est=2.308
[INFO] [1789058217.440167906] [acados_nmpc_node]: [wcmd] raw=[-0.054,+0.014,+0.082] w=[-0.052,-0.222,+0.005] err=[-0.002,+0.236] scaled=[-0.061,+0.819] s=4.41
[INFO] [1789058217.488287153] [acados_nmpc_node]: [attach-window] t=79.06s pos_err=0.142m T=22.93N z=5.899 m_est=2.308
[INFO] [1789058217.532821613] [acados_nmpc_node]: [attach-window] t=79.10s pos_err=0.189m T=22.91N z=5.890 m_est=2.308
[INFO] [1789058217.588306309] [acados_nmpc_node]: [attach-window] t=79.16s pos_err=0.157m T=22.89N z=5.873 m_est=2.308
[INFO] [1789058217.632832200] [acados_nmpc_node]: [attach-window] t=79.20s pos_err=0.203m T=22.90N z=5.864 m_est=2.308
[INFO] [1789058217.640143000] [acados_nmpc_node]: [wcmd] raw=[-0.060,-0.081,+0.117] w=[-0.057,-0.142,+0.067] err=[-0.003,+0.061] scaled=[-0.070,+0.127] s=4.39
[INFO] [1789058217.688311069] [acados_nmpc_node]: [attach-window] t=79.26s pos_err=0.141m T=22.97N z=5.845 m_est=2.308
[INFO] [1789058217.733058578] [acados_nmpc_node]: [attach-window] t=79.30s pos_err=0.187m T=22.91N z=5.837 m_est=2.310
[INFO] [1789058217.788277789] [acados_nmpc_node]: [attach-window] t=79.36s pos_err=0.156m T=22.97N z=5.820 m_est=2.310
[INFO] [1789058217.832896795] [acados_nmpc_node]: [attach-window] t=79.40s pos_err=0.200m T=22.92N z=5.812 m_est=2.311
[INFO] [1789058217.840185452] [acados_nmpc_node]: [wcmd] raw=[-0.043,+0.048,+0.163] w=[-0.040,+0.088,+0.194] err=[-0.002,-0.040] scaled=[-0.050,-0.088] s=4.39
[INFO] [1789058217.888352677] [acados_nmpc_node]: [attach-window] t=79.46s pos_err=0.140m T=23.00N z=5.794 m_est=2.311
[INFO] [1789058217.932710716] [acados_nmpc_node]: [attach-window] t=79.50s pos_err=0.182m T=23.02N z=5.786 m_est=2.312
[INFO] [1789058217.988102688] [acados_nmpc_node]: [attach-window] t=79.56s pos_err=0.124m T=23.03N z=5.768 m_est=2.312
[INFO] [1789058218.033162935] [acados_nmpc_node]: [attach-window] t=79.60s pos_err=0.194m T=22.99N z=5.762 m_est=2.316
[INFO] [1789058218.040169647] [acados_nmpc_node]: [wcmd] raw=[-0.052,-0.029,+0.173] w=[-0.043,-0.338,+0.069] err=[-0.009,+0.310] scaled=[-0.083,+1.019] s=4.38
[INFO] [1789058218.088615688] [acados_nmpc_node]: [attach-window] t=79.66s pos_err=0.138m T=23.06N z=5.744 m_est=2.316
[INFO] [1789058218.133554282] [acados_nmpc_node]: [attach-window] t=79.70s pos_err=0.180m T=22.90N z=5.737 m_est=2.319
[INFO] [1789058218.188304877] [acados_nmpc_node]: [attach-window] t=79.76s pos_err=0.126m T=22.94N z=5.720 m_est=2.319
[INFO] [1789058218.233135023] [acados_nmpc_node]: [attach-window] t=79.80s pos_err=0.191m T=22.88N z=5.715 m_est=2.320
[INFO] [1789058218.240192084] [acados_nmpc_node]: [wcmd] raw=[-0.051,-0.007,+0.233] w=[-0.037,+0.168,+0.275] err=[-0.014,-0.175] scaled=[-0.100,-0.606] s=4.42
[INFO] [1789058218.288360180] [acados_nmpc_node]: [attach-window] t=79.86s pos_err=0.138m T=22.85N z=5.700 m_est=2.320
[INFO] [1789058218.332983157] [acados_nmpc_node]: [attach-window] t=79.90s pos_err=0.176m T=22.83N z=5.693 m_est=2.324
[INFO] [1789058218.388739543] [acados_nmpc_node]: [attach-window] t=79.96s pos_err=0.150m T=22.88N z=5.680 m_est=2.324
[INFO] [1789058218.433487616] [acados_nmpc_node]: [attach-window] t=80.00s pos_err=0.165m T=22.81N z=5.671 m_est=2.327
[INFO] [1789058218.440172675] [acados_nmpc_node]: [wcmd] raw=[-0.040,+0.049,+0.275] w=[-0.054,-0.022,+0.238] err=[+0.014,+0.071] scaled=[+0.007,+0.295] s=4.46
[INFO] [1789058218.488086646] [acados_nmpc_node]: [attach-window] t=80.06s pos_err=0.140m T=22.87N z=5.659 m_est=2.327
[INFO] [1789058218.533036425] [acados_nmpc_node]: [attach-window] t=80.10s pos_err=0.176m T=22.85N z=5.652 m_est=2.328
[INFO] [1789058218.588293783] [acados_nmpc_node]: [attach-window] t=80.16s pos_err=0.151m T=22.85N z=5.640 m_est=2.328
[INFO] [1789058218.633291283] [acados_nmpc_node]: [attach-window] t=80.20s pos_err=0.185m T=22.84N z=5.634 m_est=2.329
[INFO] [1789058218.640203594] [acados_nmpc_node]: [wcmd] raw=[-0.045,-0.058,+0.332] w=[-0.031,-0.232,+0.196] err=[-0.014,+0.174] scaled=[-0.095,+0.554] s=4.51
[INFO] [1789058218.688509940] [acados_nmpc_node]: [attach-window] t=80.26s pos_err=0.143m T=22.96N z=5.619 m_est=2.329
[INFO] [1789058218.733493625] [acados_nmpc_node]: [attach-window] t=80.30s pos_err=0.175m T=22.87N z=5.613 m_est=2.331
[INFO] [1789058218.788326724] [acados_nmpc_node]: [attach-window] t=80.36s pos_err=0.153m T=22.98N z=5.600 m_est=2.331
[INFO] [1789058218.833063377] [acados_nmpc_node]: [attach-window] t=80.40s pos_err=0.183m T=22.97N z=5.594 m_est=2.329
[INFO] [1789058218.840166487] [acados_nmpc_node]: [wcmd] raw=[-0.028,+0.007,+0.441] w=[-0.019,+0.169,+0.395] err=[-0.009,-0.162] scaled=[-0.060,-0.568] s=4.54
[INFO] [1789058218.888301262] [acados_nmpc_node]: [attach-window] t=80.46s pos_err=0.143m T=23.06N z=5.579 m_est=2.329
[INFO] [1789058218.933064226] [acados_nmpc_node]: [attach-window] t=80.50s pos_err=0.170m T=23.06N z=5.573 m_est=2.329
[INFO] [1789058218.986239816] [acados_nmpc_node]: [attach-window] t=80.55s pos_err=0.147m T=23.12N z=5.561 m_est=2.329
[INFO] [1789058219.033907671] [acados_nmpc_node]: [attach-window] t=80.60s pos_err=0.175m T=23.03N z=5.555 m_est=2.330
[INFO] [1789058219.034395955] [acados_nmpc_node]: t=80.6s | pos_err=0.175m | T=23.03N | tau=[r0.232 p0.500 y0.099]Nm | res_stat=2.663e-07(peak 2.921e-06) sqp_iter=6 | solve=3.3ms
[INFO] [1789058219.034597334] [acados_nmpc_node]: [flight-diag] t=80.6s | om_scale=4.552(lo 4.380 hi 4.656) | tilt_max=11.13deg | w_max=[r0.078 p0.426 y1.095]rad/s | u_frac=[T0.739 r0.698 p1.000 y0.913] | u_sat=[T0.0 r0.0 p16.0 y0.0]% | mot_peak=1.000 mot_sat=7.4% | health=na age=na conf=na | n=100
[INFO] [1789058219.040217695] [acados_nmpc_node]: [wcmd] raw=[-0.045,-0.002,+0.531] w=[-0.031,-0.236,+0.325] err=[-0.014,+0.234] scaled=[-0.097,+0.831] s=4.55
[INFO] [1789058219.088463535] [acados_nmpc_node]: [attach-window] t=80.66s pos_err=0.142m T=23.07N z=5.542 m_est=2.330
[INFO] [1789058219.133242015] [acados_nmpc_node]: [attach-window] t=80.70s pos_err=0.163m T=23.00N z=5.536 m_est=2.329
[INFO] [1789058219.188723901] [acados_nmpc_node]: [attach-window] t=80.76s pos_err=0.146m T=22.97N z=5.525 m_est=2.329
[INFO] [1789058219.233131411] [acados_nmpc_node]: [attach-window] t=80.80s pos_err=0.164m T=22.92N z=5.520 m_est=2.329
[INFO] [1789058219.240206513] [acados_nmpc_node]: [wcmd] raw=[-0.042,-0.088,+0.661] w=[-0.014,-0.086,+0.471] err=[-0.028,-0.003] scaled=[-0.142,-0.097] s=4.57
[INFO] [1789058219.288415645] [acados_nmpc_node]: [attach-window] t=80.86s pos_err=0.136m T=23.00N z=5.508 m_est=2.329
[INFO] [1789058219.333422584] [acados_nmpc_node]: [attach-window] t=80.90s pos_err=0.152m T=22.96N z=5.503 m_est=2.329
[INFO] [1789058219.388600734] [acados_nmpc_node]: [attach-window] t=80.96s pos_err=0.138m T=23.01N z=5.492 m_est=2.329
[INFO] [1789058219.432957742] [acados_nmpc_node]: [attach-window] t=81.00s pos_err=0.152m T=22.97N z=5.487 m_est=2.328
[INFO] [1789058219.440347475] [acados_nmpc_node]: [wcmd] raw=[-0.052,+0.075,+0.806] w=[-0.066,+0.174,+0.670] err=[+0.014,-0.099] scaled=[-0.001,-0.280] s=4.58
[INFO] [1789058219.488582852] [acados_nmpc_node]: [attach-window] t=81.06s pos_err=0.129m T=23.06N z=5.475 m_est=2.328
[INFO] [1789058219.532855791] [acados_nmpc_node]: [attach-window] t=81.10s pos_err=0.139m T=23.05N z=5.470 m_est=2.327
[INFO] [1789058219.588123286] [acados_nmpc_node]: [attach-window] t=81.16s pos_err=0.126m T=23.03N z=5.460 m_est=2.327
[INFO] [1789058219.632957104] [acados_nmpc_node]: [attach-window] t=81.20s pos_err=0.136m T=23.01N z=5.455 m_est=2.328
[INFO] [1789058219.640189289] [acados_nmpc_node]: [wcmd] raw=[-0.060,-0.024,+0.907] w=[-0.016,-0.325,+0.621] err=[-0.045,+0.301] scaled=[-0.220,+1.053] s=4.58
[INFO] [1789058219.688994216] [acados_nmpc_node]: [attach-window] t=81.26s pos_err=0.117m T=23.00N z=5.444 m_est=2.328
[INFO] [1789058219.732979058] [acados_nmpc_node]: [attach-window] t=81.30s pos_err=0.123m T=23.15N z=5.440 m_est=2.328
[INFO] [1789058219.788243475] [acados_nmpc_node]: [attach-window] t=81.36s pos_err=0.112m T=23.35N z=5.429 m_est=2.328
[INFO] [1789058219.832907679] [acados_nmpc_node]: [attach-window] t=81.40s pos_err=0.117m T=23.35N z=5.424 m_est=2.328
[INFO] [1789058219.840172955] [acados_nmpc_node]: [wcmd] raw=[-0.031,-0.035,+1.028] w=[-0.021,+0.191,+0.919] err=[-0.010,-0.227] scaled=[-0.067,-0.848] s=4.58
[INFO] [1789058219.888339806] [acados_nmpc_node]: [attach-window] t=81.46s pos_err=0.102m T=23.23N z=5.413 m_est=2.328
[INFO] [1789058219.932753611] [acados_nmpc_node]: [attach-window] t=81.50s pos_err=0.103m T=23.21N z=5.408 m_est=2.329
[INFO] [1789058219.988509583] [acados_nmpc_node]: [attach-window] t=81.56s pos_err=0.094m T=23.11N z=5.400 m_est=2.329
[INFO] [1789058220.030043620] [acados_nmpc_node]: [dJ_online] m_est=2.330 m_p=0.266 ratchet=0.398 floor=0.050 -> m_p_model=0.266(track) dJ=0.0520 | gain_base=0.398 c_xy=[-0.51,+1.13]cm
[INFO] [1789058220.032596188] [acados_nmpc_node]: [attach-window] t=81.60s pos_err=0.094m T=23.14N z=5.396 m_est=2.330
[INFO] [1789058220.040081422] [acados_nmpc_node]: [wcmd] raw=[-0.060,+0.065,+1.063] w=[-0.071,-0.018,+0.961] err=[+0.011,+0.083] scaled=[-0.019,+0.364] s=4.59
[INFO] [1789058220.085869079] [acados_nmpc_node]: [attach-window] t=81.65s pos_err=0.085m T=23.32N z=5.386 m_est=2.330
[INFO] [1789058220.132218557] [acados_nmpc_node]: [attach-window] t=81.70s pos_err=0.082m T=23.35N z=5.382 m_est=2.330
[INFO] [1789058220.186270529] [acados_nmpc_node]: [attach-window] t=81.75s pos_err=0.080m T=23.13N z=5.373 m_est=2.330
[INFO] [1789058220.232065453] [acados_nmpc_node]: [attach-window] t=81.80s pos_err=0.071m T=23.14N z=5.370 m_est=2.331
[INFO] [1789058220.240311497] [acados_nmpc_node]: [wcmd] raw=[-0.012,-0.100,+0.998] w=[+0.046,-0.262,+0.959] err=[-0.058,+0.162] scaled=[-0.218,+0.482] s=4.59
[INFO] [1789058220.288840523] [acados_nmpc_node]: [attach-window] t=81.86s pos_err=0.068m T=23.03N z=5.363 m_est=2.331
[INFO] [1789058220.333168776] [acados_nmpc_node]: [attach-window] t=81.90s pos_err=0.060m T=22.89N z=5.360 m_est=2.331
[INFO] [1789058220.388022864] [acados_nmpc_node]: [attach-window] t=81.96s pos_err=0.057m T=22.88N z=5.354 m_est=2.331
[INFO] [1789058220.432751966] [acados_nmpc_node]: [attach-window] t=82.00s pos_err=0.049m T=22.92N z=5.351 m_est=2.330
[INFO] [1789058220.440229588] [acados_nmpc_node]: [wcmd] raw=[-0.050,+0.095,+0.909] w=[-0.050,+0.309,+1.154] err=[-0.000,-0.214] scaled=[-0.051,-0.674] s=4.59
[INFO] [1789058220.488391903] [acados_nmpc_node]: [attach-window] t=82.06s pos_err=0.053m T=22.90N z=5.344 m_est=2.330
[INFO] [1789058220.532829881] [acados_nmpc_node]: [attach-window] t=82.10s pos_err=0.039m T=22.96N z=5.340 m_est=2.329
[INFO] [1789058220.586096358] [acados_nmpc_node]: [attach-window] t=82.15s pos_err=0.043m T=22.91N z=5.334 m_est=2.329
[INFO] [1789058220.633345289] [acados_nmpc_node]: [attach-window] t=82.20s pos_err=0.029m T=22.88N z=5.331 m_est=2.328
[INFO] [1789058220.640128148] [acados_nmpc_node]: [wcmd] raw=[-0.029,-0.024,+0.700] w=[-0.018,-0.329,+0.868] err=[-0.011,+0.305] scaled=[-0.070,+1.070] s=4.59
[INFO] [1789058220.688727220] [acados_nmpc_node]: [attach-window] t=82.26s pos_err=0.040m T=22.83N z=5.324 m_est=2.328
[INFO] [1789058220.732997976] [acados_nmpc_node]: [attach-window] t=82.30s pos_err=0.023m T=22.85N z=5.321 m_est=2.327
[INFO] [1789058220.788743571] [acados_nmpc_node]: [attach-window] t=82.36s pos_err=0.032m T=22.82N z=5.315 m_est=2.327
[INFO] [1789058220.832799825] [acados_nmpc_node]: [attach-window] t=82.40s pos_err=0.020m T=22.86N z=5.312 m_est=2.325
[INFO] [1789058220.840137898] [acados_nmpc_node]: [wcmd] raw=[-0.032,-0.063,+0.522] w=[+0.008,+0.005,+0.846] err=[-0.041,-0.068] scaled=[-0.179,-0.308] s=4.59
[INFO] [1789058220.886093079] [acados_nmpc_node]: [attach-window] t=82.45s pos_err=0.042m T=22.75N z=5.307 m_est=2.325
[INFO] [1789058220.932147018] [acados_nmpc_node]: [attach-window] t=82.50s pos_err=0.024m T=22.77N z=5.304 m_est=2.324
[INFO] [1789058220.989093305] [acados_nmpc_node]: [attach-window] t=82.55s pos_err=0.036m T=22.74N z=5.299 m_est=2.324
[INFO] [1789058221.033104844] [acados_nmpc_node]: [attach-window] t=82.60s pos_err=0.030m T=22.72N z=5.297 m_est=2.322
[INFO] [1789058221.040201722] [acados_nmpc_node]: [wcmd] raw=[-0.002,+0.107,+0.367] w=[+0.027,+0.134,+0.730] err=[-0.029,-0.028] scaled=[-0.107,+0.008] s=4.59
[INFO] [1789058221.088385070] [acados_nmpc_node]: [attach-window] t=82.66s pos_err=0.041m T=22.72N z=5.292 m_est=2.322
[INFO] [1789058221.132842729] [acados_nmpc_node]: [attach-window] t=82.70s pos_err=0.034m T=22.82N z=5.290 m_est=2.321
[INFO] [1789058221.188176560] [acados_nmpc_node]: [attach-window] t=82.76s pos_err=0.039m T=22.71N z=5.285 m_est=2.321
[INFO] [1789058221.232771554] [acados_nmpc_node]: [attach-window] t=82.80s pos_err=0.041m T=22.74N z=5.283 m_est=2.319
[INFO] [1789058221.240230004] [acados_nmpc_node]: [wcmd] raw=[-0.032,-0.053,+0.221] w=[-0.050,-0.454,+0.331] err=[+0.017,+0.401] scaled=[+0.029,+1.387] s=4.59
[INFO] [1789058221.288632139] [acados_nmpc_node]: [attach-window] t=82.86s pos_err=0.043m T=22.58N z=5.277 m_est=2.319
[INFO] [1789058221.333175612] [acados_nmpc_node]: [attach-window] t=82.90s pos_err=0.043m T=22.51N z=5.275 m_est=2.316
[INFO] [1789058221.387965052] [acados_nmpc_node]: [attach-window] t=82.96s pos_err=0.046m T=22.52N z=5.270 m_est=2.316
[INFO] [1789058221.432808086] [acados_nmpc_node]: [attach-window] t=83.00s pos_err=0.051m T=22.67N z=5.268 m_est=2.315
[INFO] [1789058221.440141127] [acados_nmpc_node]: [wcmd] raw=[+0.009,+0.009,+0.199] w=[+0.063,+0.174,+0.422] err=[-0.054,-0.165] scaled=[-0.182,-0.582] s=4.57
[INFO] [1789058221.487952105] [acados_nmpc_node]: [attach-window] t=83.06s pos_err=0.041m T=22.58N z=5.263 m_est=2.315
[INFO] [1789058221.532532155] [acados_nmpc_node]: [attach-window] t=83.10s pos_err=0.049m T=22.63N z=5.261 m_est=2.312
[INFO] [1789058221.588658766] [acados_nmpc_node]: [attach-window] t=83.16s pos_err=0.041m T=22.64N z=5.257 m_est=2.312
[INFO] [1789058221.633193696] [acados_nmpc_node]: [attach-window] t=83.20s pos_err=0.062m T=22.56N z=5.254 m_est=2.308
[INFO] [1789058221.640190803] [acados_nmpc_node]: [wcmd] raw=[+0.008,+0.083,+0.176] w=[+0.006,-0.015,+0.252] err=[+0.002,+0.098] scaled=[+0.016,+0.430] s=4.54
[INFO] [1789058221.687975599] [acados_nmpc_node]: [attach-window] t=83.26s pos_err=0.038m T=22.67N z=5.249 m_est=2.308
[INFO] [1789058221.732773991] [acados_nmpc_node]: [attach-window] t=83.30s pos_err=0.061m T=22.83N z=5.247 m_est=2.308
[INFO] [1789058221.788095013] [acados_nmpc_node]: [attach-window] t=83.36s pos_err=0.046m T=22.78N z=5.242 m_est=2.308
[INFO] [1789058221.832901275] [acados_nmpc_node]: [attach-window] t=83.40s pos_err=0.076m T=22.87N z=5.240 m_est=2.306
[INFO] [1789058221.840192631] [acados_nmpc_node]: [wcmd] raw=[-0.004,-0.075,+0.180] w=[+0.015,-0.322,+0.085] err=[-0.018,+0.248] scaled=[-0.068,+0.791] s=4.49
[INFO] [1789058221.889098307] [acados_nmpc_node]: [attach-window] t=83.46s pos_err=0.044m T=22.79N z=5.235 m_est=2.306
[INFO] [1789058221.933147177] [acados_nmpc_node]: [attach-window] t=83.50s pos_err=0.076m T=22.71N z=5.233 m_est=2.307
[INFO] [1789058221.988142208] [acados_nmpc_node]: [attach-window] t=83.56s pos_err=0.060m T=22.76N z=5.230 m_est=2.307
[INFO] [1789058222.032797217] [acados_nmpc_node]: [attach-window] t=83.60s pos_err=0.074m T=22.87N z=5.227 m_est=2.308
[INFO] [1789058222.040177513] [acados_nmpc_node]: [wcmd] raw=[+0.007,-0.043,+0.248] w=[+0.017,+0.224,+0.274] err=[-0.011,-0.267] scaled=[-0.031,-0.967] s=4.46
[INFO] [1789058222.088064597] [acados_nmpc_node]: [attach-window] t=83.66s pos_err=0.055m T=22.84N z=5.224 m_est=2.308
[INFO] [1789058222.132843283] [acados_nmpc_node]: [attach-window] t=83.70s pos_err=0.091m T=22.92N z=5.223 m_est=2.306
[INFO] [1789058222.188701550] [acados_nmpc_node]: [attach-window] t=83.76s pos_err=0.074m T=22.85N z=5.220 m_est=2.306
[INFO] [1789058222.233216250] [acados_nmpc_node]: [attach-window] t=83.80s pos_err=0.112m T=22.77N z=5.219 m_est=2.308
[INFO] [1789058222.240211632] [acados_nmpc_node]: [wcmd] raw=[-0.025,-0.034,+0.275] w=[-0.017,-0.204,+0.150] err=[-0.007,+0.170] scaled=[-0.050,+0.550] s=4.44
[INFO] [1789058222.288337291] [acados_nmpc_node]: [attach-window] t=83.86s pos_err=0.073m T=22.70N z=5.218 m_est=2.308
[INFO] [1789058222.332797375] [acados_nmpc_node]: [attach-window] t=83.90s pos_err=0.110m T=22.77N z=5.217 m_est=2.308
[INFO] [1789058222.388380931] [acados_nmpc_node]: [attach-window] t=83.96s pos_err=0.092m T=22.72N z=5.217 m_est=2.308
[INFO] [1789058222.432805278] [acados_nmpc_node]: [attach-window] t=84.00s pos_err=0.107m T=22.74N z=5.217 m_est=2.305
[INFO] [1789058222.440356132] [acados_nmpc_node]: [wcmd] raw=[-0.002,-0.140,+0.312] w=[-0.001,-0.154,+0.207] err=[-0.001,+0.015] scaled=[-0.005,-0.090] s=4.42
[INFO] [1789058222.488421411] [acados_nmpc_node]: [attach-window] t=84.06s pos_err=0.089m T=22.73N z=5.217 m_est=2.305
[INFO] [1789058222.533339839] [acados_nmpc_node]: [attach-window] t=84.10s pos_err=0.127m T=22.75N z=5.217 m_est=2.305
[INFO] [1789058222.585727272] [acados_nmpc_node]: t=84.2s | DROP: mass_event **未发布**(drop_publish_mass_event=false) — MHE 须自行从 T_phys 残差检测
[INFO] [1789058222.585986436] [acados_nmpc_node]: t=84.2s | DROP: released gripper (enable=false), payload detached; geometry -> empty, rate gains reset
[INFO] [1789058222.589090251] [acados_nmpc_node]: [attach-window] t=84.16s pos_err=0.088m T=22.73N z=5.217 m_est=2.305
[INFO] [1789058222.632994724] [acados_nmpc_node]: [attach-window] t=84.20s pos_err=0.146m T=22.76N z=5.217 m_est=2.303
[INFO] [1789058222.640163670] [acados_nmpc_node]: [wcmd] raw=[-0.017,+0.123,+0.349] w=[-0.274,+0.898,+0.325] err=[+0.257,-0.775] scaled=[+0.653,-1.900] s=4.30
[INFO] [1789058222.688285749] [acados_nmpc_node]: [attach-window] t=84.26s pos_err=0.106m T=21.31N z=5.221 m_est=2.303
[INFO] [1789058222.732754675] [acados_nmpc_node]: [attach-window] t=84.30s pos_err=0.142m T=20.73N z=5.226 m_est=2.300
[INFO] [1789058222.788334167] [acados_nmpc_node]: [attach-window] t=84.36s pos_err=0.125m T=19.44N z=5.240 m_est=2.300
[INFO] [1789058222.832831987] [acados_nmpc_node]: [attach-window] t=84.40s pos_err=0.161m T=19.04N z=5.249 m_est=2.290
[INFO] [1789058222.840202462] [acados_nmpc_node]: [wcmd] raw=[-0.033,-0.103,+0.343] w=[-0.125,+1.660,+0.332] err=[+0.092,-1.764] scaled=[+0.061,-1.900] s=4.00
[INFO] [1789058222.888474238] [acados_nmpc_node]: [attach-window] t=84.46s pos_err=0.134m T=18.05N z=5.272 m_est=2.290
[INFO] [1789058222.932870320] [acados_nmpc_node]: [attach-window] t=84.50s pos_err=0.167m T=18.07N z=5.282 m_est=2.279
[INFO] [1789058222.988868071] [acados_nmpc_node]: [attach-window] t=84.56s pos_err=0.161m T=17.88N z=5.302 m_est=2.279
[INFO] [1789058223.033251836] [acados_nmpc_node]: [attach-window] t=84.60s pos_err=0.190m T=17.24N z=5.312 m_est=2.200
[INFO] [1789058223.040353192] [acados_nmpc_node]: [wcmd] raw=[-0.028,-0.339,+0.342] w=[+0.565,+1.545,+0.302] err=[-0.592,-1.884] scaled=[-0.518,-1.900] s=3.70
[INFO] [1789058223.088535421] [acados_nmpc_node]: [attach-window] t=84.66s pos_err=0.171m T=16.83N z=5.330 m_est=2.200
[INFO] [1789058223.132891542] [acados_nmpc_node]: [attach-window] t=84.70s pos_err=0.194m T=17.55N z=5.336 m_est=2.200
[INFO] [1789058223.188204308] [acados_nmpc_node]: [attach-window] t=84.76s pos_err=0.184m T=18.22N z=5.346 m_est=2.200
[INFO] [1789058223.233043690] [acados_nmpc_node]: [attach-window] t=84.80s pos_err=0.203m T=16.13N z=5.350 m_est=1.961
[INFO] [1789058223.240204199] [acados_nmpc_node]: [wcmd] raw=[+0.066,-0.284,+0.378] w=[+0.507,+1.510,+0.281] err=[-0.440,-1.794] scaled=[-0.330,-1.900] s=3.40
[INFO] [1789058223.288800319] [acados_nmpc_node]: [attach-window] t=84.86s pos_err=0.181m T=15.84N z=5.355 m_est=1.961
[INFO] [1789058223.332848751] [acados_nmpc_node]: [attach-window] t=84.90s pos_err=0.195m T=16.77N z=5.356 m_est=1.961
[INFO] [1789058223.388129331] [acados_nmpc_node]: [attach-window] t=84.96s pos_err=0.178m T=17.97N z=5.354 m_est=1.961
[INFO] [1789058223.432965553] [acados_nmpc_node]: [attach-window] t=85.00s pos_err=0.189m T=18.48N z=5.351 m_est=1.961
[INFO] [1789058223.440163526] [acados_nmpc_node]: [wcmd] raw=[+0.154,-0.151,+0.452] w=[-0.221,+1.452,+0.319] err=[+0.375,-1.603] scaled=[+0.563,-1.900] s=3.10
[INFO] [1789058223.485949611] [acados_nmpc_node]: [attach-window] t=85.05s pos_err=0.156m T=19.13N z=5.339 m_est=1.961
[INFO] [1789058223.532791406] [acados_nmpc_node]: [attach-window] t=85.10s pos_err=0.164m T=19.91N z=5.332 m_est=1.961
[INFO] [1789058223.588291209] [acados_nmpc_node]: [attach-window] t=85.16s pos_err=0.142m T=20.39N z=5.317 m_est=1.961
[INFO] [1789058223.633270682] [acados_nmpc_node]: [attach-window] t=85.20s pos_err=0.151m T=20.64N z=5.310 m_est=1.961
[INFO] [1789058223.640183662] [acados_nmpc_node]: [wcmd] raw=[+0.047,+0.038,+0.534] w=[-0.756,+1.593,+0.408] err=[+0.804,-1.555] scaled=[+1.049,-1.900] s=2.80
[INFO] [1789058223.688200647] [acados_nmpc_node]: [attach-window] t=85.26s pos_err=0.123m T=20.76N z=5.293 m_est=1.961
[INFO] [1789058223.733117264] [acados_nmpc_node]: [attach-window] t=85.30s pos_err=0.133m T=21.19N z=5.285 m_est=1.961
[INFO] [1789058223.788567870] [acados_nmpc_node]: [attach-window] t=85.36s pos_err=0.121m T=21.07N z=5.272 m_est=1.961
[INFO] [1789058223.833523567] [acados_nmpc_node]: [attach-window] t=85.40s pos_err=0.136m T=21.11N z=5.267 m_est=1.961
[INFO] [1789058223.840217783] [acados_nmpc_node]: [wcmd] raw=[-0.110,+0.129,+0.606] w=[-0.591,+1.566,+0.500] err=[+0.481,-1.437] scaled=[+0.568,-1.900] s=2.50
[INFO] [1789058223.888796945] [acados_nmpc_node]: [attach-window] t=85.46s pos_err=0.120m T=20.72N z=5.258 m_est=1.961
[INFO] [1789058223.933126550] [acados_nmpc_node]: [attach-window] t=85.50s pos_err=0.135m T=20.82N z=5.256 m_est=1.961
[INFO] [1789058223.988631363] [acados_nmpc_node]: [attach-window] t=85.56s pos_err=0.130m T=20.54N z=5.253 m_est=1.982
[INFO] [1789058224.032994385] [acados_nmpc_node]: [attach-window] t=85.60s pos_err=0.146m T=20.53N z=5.254 m_est=1.983
[INFO] [1789058224.033486246] [acados_nmpc_node]: t=85.6s | pos_err=0.146m | T=20.53N | tau=[r-0.058 p-0.164 y0.050]Nm | res_stat=4.903e-07(peak 2.921e-06) sqp_iter=6 | solve=2.3ms
[INFO] [1789058224.033689106] [acados_nmpc_node]: [flight-diag] t=85.6s | om_scale=2.228(lo 2.228 hi 4.592) | tilt_max=10.40deg | w_max=[r0.708 p1.414 y1.141]rad/s | u_frac=[T0.745 r0.776 p1.000 y0.881] | u_sat=[T0.0 r0.0 p15.0 y0.0]% | mot_peak=1.000 mot_sat=14.2% | health=na age=na conf=na | n=100
[INFO] [1789058224.040151186] [acados_nmpc_node]: [wcmd] raw=[-0.083,+0.247,+0.682] w=[-0.159,+1.332,+0.568] err=[+0.076,-1.085] scaled=[+0.007,-1.053] s=2.20
[INFO] [1789058224.088638556] [acados_nmpc_node]: [attach-window] t=85.66s pos_err=0.135m T=20.17N z=5.256 m_est=1.983
[INFO] [1789058224.132997468] [acados_nmpc_node]: [attach-window] t=85.70s pos_err=0.149m T=20.07N z=5.259 m_est=1.971
[INFO] [1789058224.188513199] [acados_nmpc_node]: [attach-window] t=85.76s pos_err=0.138m T=19.83N z=5.265 m_est=1.971
[INFO] [1789058224.233118367] [acados_nmpc_node]: [attach-window] t=85.80s pos_err=0.159m T=19.81N z=5.268 m_est=1.968
[INFO] [1789058224.240176097] [acados_nmpc_node]: [wcmd] raw=[-0.021,+0.242,+0.780] w=[-0.036,+0.636,+0.628] err=[+0.015,-0.394] scaled=[-0.008,-0.112] s=1.90
[INFO] [1789058224.288622536] [acados_nmpc_node]: [attach-window] t=85.86s pos_err=0.146m T=19.87N z=5.276 m_est=1.968
[INFO] [1789058224.333008806] [acados_nmpc_node]: [attach-window] t=85.90s pos_err=0.159m T=19.94N z=5.279 m_est=1.961
[INFO] [1789058224.388432964] [acados_nmpc_node]: [attach-window] t=85.96s pos_err=0.153m T=20.04N z=5.285 m_est=1.961
[INFO] [1789058224.433107375] [acados_nmpc_node]: [attach-window] t=86.00s pos_err=0.164m T=20.17N z=5.287 m_est=1.961
[INFO] [1789058224.440136396] [acados_nmpc_node]: [wcmd] raw=[-0.080,+0.021,+0.892] w=[-0.112,-0.048,+0.709] err=[+0.032,+0.070] scaled=[-0.060,+0.064] s=1.61
[INFO] [1789058224.488593066] [acados_nmpc_node]: [attach-window] t=86.06s pos_err=0.150m T=20.33N z=5.292 m_est=1.961
[INFO] [1789058224.532207100] [acados_nmpc_node]: [attach-window] t=86.10s pos_err=0.158m T=20.48N z=5.294 m_est=1.961
[INFO] [1789058224.586224435] [acados_nmpc_node]: [attach-window] t=86.15s pos_err=0.150m T=20.59N z=5.297 m_est=1.961
[INFO] [1789058224.632276486] [acados_nmpc_node]: [attach-window] t=86.20s pos_err=0.158m T=20.72N z=5.299 m_est=1.961
[INFO] [1789058224.640092417] [acados_nmpc_node]: [wcmd] raw=[-0.057,-0.028,+0.993] w=[-0.054,-0.075,+0.808] err=[-0.003,+0.047] scaled=[-0.058,-0.008] s=1.41
[INFO] [1789058224.686427946] [acados_nmpc_node]: [attach-window] t=86.25s pos_err=0.146m T=20.74N z=5.302 m_est=1.961
[INFO] [1789058224.733036082] [acados_nmpc_node]: [attach-window] t=86.30s pos_err=0.152m T=20.84N z=5.304 m_est=1.962
[INFO] [1789058224.788427650] [acados_nmpc_node]: [attach-window] t=86.36s pos_err=0.146m T=20.82N z=5.308 m_est=1.962
[INFO] [1789058224.833050662] [acados_nmpc_node]: [attach-window] t=86.40s pos_err=0.151m T=20.93N z=5.311 m_est=1.965
[INFO] [1789058224.840158425] [acados_nmpc_node]: [wcmd] raw=[-0.056,+0.011,+1.036] w=[-0.070,-0.027,+0.912] err=[+0.014,+0.039] scaled=[-0.052,+0.022] s=1.28
[INFO] [1789058224.888426981] [acados_nmpc_node]: [attach-window] t=86.46s pos_err=0.143m T=20.83N z=5.317 m_est=1.965
[INFO] [1789058224.932981915] [acados_nmpc_node]: [attach-window] t=86.50s pos_err=0.144m T=20.92N z=5.320 m_est=1.969
[INFO] [1789058224.988430819] [acados_nmpc_node]: [attach-window] t=86.56s pos_err=0.140m T=20.77N z=5.328 m_est=1.969
[INFO] [1789058225.032805209] [acados_nmpc_node]: [attach-window] t=86.60s pos_err=0.140m T=20.99N z=5.330 m_est=1.979
[INFO] [1789058225.040152421] [acados_nmpc_node]: [wcmd] raw=[-0.038,+0.003,+1.004] w=[-0.028,-0.060,+0.992] err=[-0.011,+0.062] scaled=[-0.040,+0.014] s=1.18
[INFO] [1789058225.088279716] [acados_nmpc_node]: [attach-window] t=86.66s pos_err=0.136m T=20.82N z=5.340 m_est=1.979
[INFO] [1789058225.132668664] [acados_nmpc_node]: [attach-window] t=86.70s pos_err=0.133m T=21.00N z=5.344 m_est=1.993
[INFO] [1789058225.188329674] [acados_nmpc_node]: [attach-window] t=86.76s pos_err=0.131m T=20.86N z=5.354 m_est=1.993
[INFO] [1789058225.232735683] [acados_nmpc_node]: [attach-window] t=86.80s pos_err=0.127m T=21.03N z=5.359 m_est=2.007
[INFO] [1789058225.240191797] [acados_nmpc_node]: [wcmd] raw=[-0.067,+0.028,+0.894] w=[-0.044,-0.010,+1.008] err=[-0.023,+0.038] scaled=[-0.070,+0.033] s=1.12
[INFO] [1789058225.288413644] [acados_nmpc_node]: [attach-window] t=86.86s pos_err=0.129m T=20.80N z=5.371 m_est=2.007
[INFO] [1789058225.332695054] [acados_nmpc_node]: [attach-window] t=86.90s pos_err=0.121m T=20.89N z=5.376 m_est=2.012
[INFO] [1789058225.388424001] [acados_nmpc_node]: [attach-window] t=86.96s pos_err=0.123m T=20.69N z=5.389 m_est=2.012
[INFO] [1789058225.432926950] [acados_nmpc_node]: [attach-window] t=87.00s pos_err=0.112m T=20.72N z=5.396 m_est=2.012
[INFO] [1789058225.440298044] [acados_nmpc_node]: [wcmd] raw=[-0.054,+0.012,+0.713] w=[-0.030,-0.043,+0.946] err=[-0.025,+0.056] scaled=[-0.056,+0.017] s=1.08
[INFO] [1789058225.488340787] [acados_nmpc_node]: [attach-window] t=87.06s pos_err=0.125m T=20.45N z=5.411 m_est=2.012
[INFO] [1789058225.532878193] [acados_nmpc_node]: [attach-window] t=87.10s pos_err=0.109m T=20.58N z=5.418 m_est=2.020
[INFO] [1789058225.588387568] [acados_nmpc_node]: [attach-window] t=87.16s pos_err=0.117m T=20.44N z=5.432 m_est=2.020
[INFO] [1789058225.633016588] [acados_nmpc_node]: [attach-window] t=87.20s pos_err=0.098m T=20.54N z=5.440 m_est=2.022
[INFO] [1789058225.640183611] [acados_nmpc_node]: [wcmd] raw=[-0.070,+0.036,+0.511] w=[-0.021,-0.038,+0.817] err=[-0.049,+0.075] scaled=[-0.072,+0.040] s=1.06
[INFO] [1789058225.688649152] [acados_nmpc_node]: [attach-window] t=87.26s pos_err=0.121m T=20.34N z=5.456 m_est=2.022
[INFO] [1789058225.732341176] [acados_nmpc_node]: [attach-window] t=87.30s pos_err=0.097m T=20.52N z=5.464 m_est=2.032
[INFO] [1789058225.786419293] [acados_nmpc_node]: [attach-window] t=87.35s pos_err=0.114m T=20.39N z=5.479 m_est=2.032
[INFO] [1789058225.832456548] [acados_nmpc_node]: [attach-window] t=87.40s pos_err=0.084m T=20.54N z=5.486 m_est=2.038
[INFO] [1789058225.840173817] [acados_nmpc_node]: [wcmd] raw=[-0.076,+0.084,+0.325] w=[-0.039,-0.017,+0.640] err=[-0.037,+0.101] scaled=[-0.078,+0.088] s=1.04
[INFO] [1789058225.888982703] [acados_nmpc_node]: [attach-window] t=87.46s pos_err=0.116m T=20.33N z=5.504 m_est=2.038
[INFO] [1789058225.933333885] [acados_nmpc_node]: [attach-window] t=87.50s pos_err=0.086m T=20.45N z=5.512 m_est=2.042
[INFO] [1789058225.988770608] [acados_nmpc_node]: [attach-window] t=87.56s pos_err=0.103m T=20.32N z=5.528 m_est=2.042
[INFO] [1789058226.033070122] [acados_nmpc_node]: [attach-window] t=87.60s pos_err=0.071m T=20.43N z=5.536 m_est=2.046
[INFO] [1789058226.040139667] [acados_nmpc_node]: [wcmd] raw=[-0.021,+0.107,+0.184] w=[-0.020,+0.026,+0.445] err=[-0.001,+0.081] scaled=[-0.021,+0.109] s=1.02
[INFO] [1789058226.088414454] [acados_nmpc_node]: [attach-window] t=87.66s pos_err=0.109m T=20.21N z=5.554 m_est=2.046
[INFO] [1789058226.132841439] [acados_nmpc_node]: [attach-window] t=87.70s pos_err=0.075m T=20.32N z=5.562 m_est=2.046
[INFO] [1789058226.188215848] [acados_nmpc_node]: [attach-window] t=87.76s pos_err=0.094m T=20.18N z=5.578 m_est=2.046
[INFO] [1789058226.232693646] [acados_nmpc_node]: [attach-window] t=87.80s pos_err=0.080m T=20.22N z=5.588 m_est=2.046
[INFO] [1789058226.240195550] [acados_nmpc_node]: [wcmd] raw=[+0.046,-0.012,+0.094] w=[+0.043,-0.004,+0.278] err=[+0.004,-0.008] scaled=[+0.047,-0.012] s=1.02
[INFO] [1789058226.288146269] [acados_nmpc_node]: [attach-window] t=87.86s pos_err=0.100m T=20.11N z=5.604 m_est=2.046
[INFO] [1789058226.332704128] [acados_nmpc_node]: [attach-window] t=87.90s pos_err=0.065m T=20.24N z=5.612 m_est=2.044
[INFO] [1789058226.388082667] [acados_nmpc_node]: [attach-window] t=87.96s pos_err=0.084m T=20.17N z=5.626 m_est=2.044
[INFO] [1789058226.432671104] [acados_nmpc_node]: [attach-window] t=88.00s pos_err=0.050m T=20.31N z=5.634 m_est=2.043
[INFO] [1789058226.440220178] [acados_nmpc_node]: [wcmd] raw=[+0.043,+0.107,+0.063] w=[+0.064,-0.014,+0.153] err=[-0.021,+0.122] scaled=[+0.043,+0.109] s=1.01
[INFO] [1789058226.488299645] [acados_nmpc_node]: [attach-window] t=88.06s pos_err=0.088m T=20.15N z=5.650 m_est=2.043
[INFO] [1789058226.532658398] [acados_nmpc_node]: [attach-window] t=88.10s pos_err=0.052m T=20.28N z=5.657 m_est=2.041
[INFO] [1789058226.588133013] [acados_nmpc_node]: [attach-window] t=88.16s pos_err=0.069m T=20.20N z=5.671 m_est=2.041
[INFO] [1789058226.632887455] [acados_nmpc_node]: [attach-window] t=88.20s pos_err=0.039m T=20.34N z=5.677 m_est=2.041
[INFO] [1789058226.640206058] [acados_nmpc_node]: [wcmd] raw=[+0.030,+0.093,+0.065] w=[+0.042,-0.008,+0.079] err=[-0.012,+0.102] scaled=[+0.030,+0.094] s=1.01
[INFO] [1789058226.688193464] [acados_nmpc_node]: [attach-window] t=88.26s pos_err=0.071m T=20.16N z=5.693 m_est=2.041
[INFO] [1789058226.732042136] [acados_nmpc_node]: [attach-window] t=88.30s pos_err=0.040m T=20.30N z=5.700 m_est=2.040
[INFO] [1789058226.785622365] [acados_nmpc_node]: [attach-window] t=88.35s pos_err=0.058m T=20.17N z=5.715 m_est=2.040
[INFO] [1789058226.832805928] [acados_nmpc_node]: [attach-window] t=88.40s pos_err=0.039m T=20.33N z=5.722 m_est=2.040
[INFO] [1789058226.840195369] [acados_nmpc_node]: [wcmd] raw=[+0.031,+0.077,+0.083] w=[+0.028,-0.042,+0.049] err=[+0.003,+0.119] scaled=[+0.031,+0.077] s=1.01
[INFO] [1789058226.887952932] [acados_nmpc_node]: [attach-window] t=88.46s pos_err=0.057m T=20.12N z=5.738 m_est=2.040
[INFO] [1789058226.932815223] [acados_nmpc_node]: [attach-window] t=88.50s pos_err=0.040m T=20.26N z=5.746 m_est=2.039
[INFO] [1789058226.988249568] [acados_nmpc_node]: [attach-window] t=88.56s pos_err=0.045m T=20.15N z=5.760 m_est=2.039
[INFO] [1789058227.032882668] [acados_nmpc_node]: [attach-window] t=88.60s pos_err=0.053m T=20.28N z=5.768 m_est=2.039
[INFO] [1789058227.040158785] [acados_nmpc_node]: [wcmd] raw=[+0.023,+0.087,+0.101] w=[+0.024,-0.034,+0.050] err=[-0.001,+0.121] scaled=[+0.023,+0.088] s=1.00
[INFO] [1789058227.088063578] [acados_nmpc_node]: [attach-window] t=88.66s pos_err=0.050m T=20.08N z=5.784 m_est=2.039
[INFO] [1789058227.132675841] [acados_nmpc_node]: [attach-window] t=88.70s pos_err=0.054m T=20.23N z=5.791 m_est=2.039
[INFO] [1789058227.187819248] [acados_nmpc_node]: [attach-window] t=88.76s pos_err=0.049m T=20.12N z=5.805 m_est=2.039
[INFO] [1789058227.232784324] [acados_nmpc_node]: [attach-window] t=88.80s pos_err=0.073m T=20.26N z=5.812 m_est=2.038
[INFO] [1789058227.240159084] [acados_nmpc_node]: [wcmd] raw=[+0.022,+0.076,+0.106] w=[+0.018,-0.043,+0.063] err=[+0.004,+0.119] scaled=[+0.022,+0.077] s=1.00
[INFO] [1789058227.288246150] [acados_nmpc_node]: [attach-window] t=88.86s pos_err=0.054m T=20.07N z=5.828 m_est=2.038
[INFO] [1789058227.332693197] [acados_nmpc_node]: [attach-window] t=88.90s pos_err=0.073m T=20.22N z=5.835 m_est=2.038
[INFO] [1789058227.387756345] [acados_nmpc_node]: [attach-window] t=88.96s pos_err=0.062m T=20.12N z=5.849 m_est=2.038
[INFO] [1789058227.432849374] [acados_nmpc_node]: [attach-window] t=89.00s pos_err=0.094m T=20.26N z=5.856 m_est=2.038
[INFO] [1789058227.440145843] [acados_nmpc_node]: [wcmd] raw=[+0.030,+0.067,+0.095] w=[+0.028,-0.057,+0.077] err=[+0.002,+0.124] scaled=[+0.030,+0.067] s=1.00
[INFO] [1789058227.488013214] [acados_nmpc_node]: [attach-window] t=89.06s pos_err=0.065m T=20.08N z=5.871 m_est=2.038
[INFO] [1789058227.532779670] [acados_nmpc_node]: [attach-window] t=89.10s pos_err=0.094m T=20.23N z=5.878 m_est=2.038
[INFO] [1789058227.588169434] [acados_nmpc_node]: [attach-window] t=89.16s pos_err=0.079m T=20.14N z=5.891 m_est=2.038
[INFO] [1789058227.632815726] [acados_nmpc_node]: [attach-window] t=89.20s pos_err=0.115m T=20.27N z=5.897 m_est=2.038
[INFO] [1789058227.640231894] [acados_nmpc_node]: [wcmd] raw=[+0.030,+0.065,+0.068] w=[+0.036,-0.061,+0.077] err=[-0.006,+0.125] scaled=[+0.030,+0.065] s=1.00
[INFO] [1789058227.687868804] [acados_nmpc_node]: [attach-window] t=89.26s pos_err=0.079m T=20.09N z=5.912 m_est=2.038
[INFO] [1789058227.732716673] [acados_nmpc_node]: [attach-window] t=89.30s pos_err=0.112m T=20.23N z=5.919 m_est=2.038
[INFO] [1789058227.787913840] [acados_nmpc_node]: [attach-window] t=89.36s pos_err=0.095m T=20.13N z=5.932 m_est=2.038
[INFO] [1789058227.832856465] [acados_nmpc_node]: [attach-window] t=89.40s pos_err=0.133m T=20.25N z=5.939 m_est=2.038
[INFO] [1789058227.840170565] [acados_nmpc_node]: [wcmd] raw=[+0.037,+0.057,+0.031] w=[+0.040,-0.076,+0.064] err=[-0.002,+0.133] scaled=[+0.037,+0.057] s=1.00
[INFO] [1789058227.887987038] [acados_nmpc_node]: [attach-window] t=89.46s pos_err=0.092m T=20.08N z=5.954 m_est=2.038
[INFO] [1789058227.932731871] [acados_nmpc_node]: [attach-window] t=89.50s pos_err=0.127m T=20.20N z=5.961 m_est=2.038
[INFO] [1789058227.988074354] [acados_nmpc_node]: [attach-window] t=89.56s pos_err=0.106m T=20.10N z=5.974 m_est=2.038
[INFO] [1789058228.032704015] [acados_nmpc_node]: [attach-window] t=89.60s pos_err=0.146m T=20.21N z=5.981 m_est=2.038
[INFO] [1789058228.040143437] [acados_nmpc_node]: [wcmd] raw=[+0.052,+0.047,-0.009] w=[+0.056,-0.072,+0.036] err=[-0.005,+0.119] scaled=[+0.052,+0.047] s=1.00
[INFO] [1789058228.087719187] [acados_nmpc_node]: [attach-window] t=89.66s pos_err=0.100m T=20.04N z=5.997 m_est=2.038
[INFO] [1789058228.132678902] [acados_nmpc_node]: [attach-window] t=89.70s pos_err=0.138m T=20.14N z=6.004 m_est=2.038
[INFO] [1789058228.188281839] [acados_nmpc_node]: [attach-window] t=89.76s pos_err=0.115m T=20.06N z=6.018 m_est=2.038
[INFO] [1789058228.232948444] [acados_nmpc_node]: [attach-window] t=89.80s pos_err=0.155m T=20.15N z=6.025 m_est=2.039
[INFO] [1789058228.240187576] [acados_nmpc_node]: [wcmd] raw=[+0.047,+0.048,-0.047] w=[+0.059,-0.083,+0.002] err=[-0.012,+0.131] scaled=[+0.047,+0.048] s=1.00
[INFO] [1789058228.288272114] [acados_nmpc_node]: [attach-window] t=89.86s pos_err=0.107m T=20.01N z=6.041 m_est=2.039
[INFO] [1789058228.332753379] [acados_nmpc_node]: [attach-window] t=89.90s pos_err=0.145m T=20.10N z=6.049 m_est=2.039
[INFO] [1789058228.388346425] [acados_nmpc_node]: [attach-window] t=89.96s pos_err=0.120m T=20.03N z=6.063 m_est=2.039
[INFO] [1789058228.432754475] [acados_nmpc_node]: [attach-window] t=90.00s pos_err=0.161m T=20.11N z=6.070 m_est=2.039
[INFO] [1789058228.440205899] [acados_nmpc_node]: [wcmd] raw=[+0.053,+0.046,-0.081] w=[+0.055,-0.066,-0.035] err=[-0.002,+0.112] scaled=[+0.053,+0.046] s=1.00
[INFO] [1789058228.488122370] [acados_nmpc_node]: [attach-window] t=90.06s pos_err=0.111m T=19.99N z=6.087 m_est=2.039
[INFO] [1789058228.532743000] [acados_nmpc_node]: [attach-window] t=90.10s pos_err=0.151m T=20.08N z=6.094 m_est=2.038
[INFO] [1789058228.587967750] [acados_nmpc_node]: [attach-window] t=90.16s pos_err=0.102m T=19.95N z=6.110 m_est=2.038
[INFO] [1789058228.632954094] [acados_nmpc_node]: [attach-window] t=90.20s pos_err=0.140m T=20.05N z=6.117 m_est=2.038
[INFO] [1789058228.640245061] [acados_nmpc_node]: [wcmd] raw=[+0.053,-0.048,-0.111] w=[+0.057,-0.107,-0.072] err=[-0.005,+0.058] scaled=[+0.053,-0.048] s=1.00
[INFO] [1789058228.688110195] [acados_nmpc_node]: [attach-window] t=90.26s pos_err=0.115m T=20.01N z=6.132 m_est=2.038
[INFO] [1789058228.732732277] [acados_nmpc_node]: [attach-window] t=90.30s pos_err=0.156m T=20.09N z=6.139 m_est=2.039
[INFO] [1789058228.788566692] [acados_nmpc_node]: [attach-window] t=90.36s pos_err=0.132m T=20.09N z=6.152 m_est=2.039
[INFO] [1789058228.832889415] [acados_nmpc_node]: [attach-window] t=90.40s pos_err=0.173m T=20.14N z=6.159 m_est=2.038
[INFO] [1789058228.840227901] [acados_nmpc_node]: [wcmd] raw=[+0.050,+0.108,-0.138] w=[+0.056,-0.007,-0.104] err=[-0.006,+0.114] scaled=[+0.050,+0.108] s=1.00
[INFO] [1789058228.888217068] [acados_nmpc_node]: [attach-window] t=90.46s pos_err=0.123m T=20.12N z=6.174 m_est=2.038
[INFO] [1789058228.932914816] [acados_nmpc_node]: [attach-window] t=90.50s pos_err=0.164m T=20.19N z=6.180 m_est=2.037
[INFO] [1789058228.988162573] [acados_nmpc_node]: [attach-window] t=90.56s pos_err=0.115m T=20.11N z=6.194 m_est=2.037
[INFO] [1789058229.033014931] [acados_nmpc_node]: [attach-window] t=90.60s pos_err=0.155m T=20.19N z=6.200 m_est=2.037
[INFO] [1789058229.033498333] [acados_nmpc_node]: t=90.6s | pos_err=0.155m | T=20.19N | tau=[r-0.006 p-0.008 y-0.015]Nm | res_stat=2.055e-07(peak 2.921e-06) sqp_iter=6 | solve=2.4ms
[INFO] [1789058229.033698302] [acados_nmpc_node]: [flight-diag] t=90.6s | om_scale=1.000(lo 1.000 hi 2.168) | tilt_max=10.31deg | w_max=[r0.179 p0.808 y1.012]rad/s | u_frac=[T0.671 r0.114 p0.680 y0.726] | u_sat=[T0.0 r0.0 p0.0 y0.0]% | mot_peak=0.904 mot_sat=0.0% | health=na age=na conf=na | n=100
[INFO] [1789058229.040131055] [acados_nmpc_node]: [wcmd] raw=[+0.029,-0.069,-0.166] w=[+0.040,-0.063,-0.134] err=[-0.011,-0.006] scaled=[+0.029,-0.069] s=1.00
[INFO] [1789058229.088200901] [acados_nmpc_node]: [attach-window] t=90.66s pos_err=0.131m T=20.16N z=6.213 m_est=2.037
[INFO] [1789058229.132960048] [acados_nmpc_node]: [attach-window] t=90.70s pos_err=0.171m T=20.22N z=6.219 m_est=2.037
[INFO] [1789058229.188209367] [acados_nmpc_node]: [attach-window] t=90.76s pos_err=0.147m T=20.21N z=6.232 m_est=2.037
[INFO] [1789058229.232980278] [acados_nmpc_node]: [attach-window] t=90.80s pos_err=0.187m T=20.26N z=6.238 m_est=2.037
[INFO] [1789058229.240148368] [acados_nmpc_node]: [wcmd] raw=[+0.060,+0.071,-0.202] w=[+0.044,-0.042,-0.163] err=[+0.016,+0.112] scaled=[+0.060,+0.071] s=1.00
[INFO] [1789058229.286400394] [acados_nmpc_node]: [attach-window] t=90.85s pos_err=0.135m T=20.22N z=6.252 m_est=2.037
[INFO] [1789058229.333137288] [acados_nmpc_node]: [attach-window] t=90.90s pos_err=0.178m T=20.27N z=6.258 m_est=2.037
[INFO] [1789058229.388499023] [acados_nmpc_node]: [attach-window] t=90.96s pos_err=0.154m T=20.25N z=6.271 m_est=2.037
[INFO] [1789058229.433152121] [acados_nmpc_node]: [attach-window] t=91.00s pos_err=0.192m T=20.29N z=6.277 m_est=2.037
[INFO] [1789058229.440243487] [acados_nmpc_node]: [wcmd] raw=[+0.074,+0.030,-0.247] w=[+0.068,-0.033,-0.194] err=[+0.006,+0.063] scaled=[+0.074,+0.030] s=1.00
[INFO] [1789058229.488416321] [acados_nmpc_node]: [attach-window] t=91.06s pos_err=0.145m T=20.24N z=6.291 m_est=2.037
[INFO] [1789058229.532270666] [acados_nmpc_node]: [attach-window] t=91.10s pos_err=0.183m T=20.29N z=6.297 m_est=2.038
[INFO] [1789058229.585927372] [acados_nmpc_node]: [attach-window] t=91.15s pos_err=0.154m T=20.26N z=6.309 m_est=2.038
[INFO] [1789058229.632912727] [acados_nmpc_node]: [attach-window] t=91.20s pos_err=0.195m T=20.32N z=6.315 m_est=2.039
[INFO] [1789058229.640197341] [acados_nmpc_node]: [wcmd] raw=[+0.056,+0.005,-0.305] w=[+0.062,-0.067,-0.235] err=[-0.006,+0.072] scaled=[+0.056,+0.005] s=1.00
[INFO] [1789058229.688393210] [acados_nmpc_node]: [attach-window] t=91.26s pos_err=0.150m T=20.27N z=6.329 m_est=2.039
[INFO] [1789058229.733002494] [acados_nmpc_node]: [attach-window] t=91.30s pos_err=0.184m T=20.32N z=6.335 m_est=2.040
[INFO] [1789058229.788388660] [acados_nmpc_node]: [attach-window] t=91.36s pos_err=0.162m T=20.30N z=6.347 m_est=2.040
[INFO] [1789058229.833121652] [acados_nmpc_node]: [attach-window] t=91.40s pos_err=0.196m T=20.35N z=6.354 m_est=2.042
[INFO] [1789058229.840169359] [acados_nmpc_node]: [wcmd] raw=[+0.042,+0.017,-0.378] w=[+0.046,-0.052,-0.284] err=[-0.004,+0.069] scaled=[+0.042,+0.017] s=1.00
[INFO] [1789058229.888383945] [acados_nmpc_node]: [attach-window] t=91.46s pos_err=0.152m T=20.31N z=6.367 m_est=2.042
[INFO] [1789058229.932111520] [acados_nmpc_node]: [attach-window] t=91.50s pos_err=0.184m T=20.36N z=6.373 m_est=2.043
[INFO] [1789058229.988223303] [acados_nmpc_node]: [attach-window] t=91.56s pos_err=0.162m T=20.33N z=6.385 m_est=2.043
[INFO] [1789058230.032925100] [acados_nmpc_node]: [attach-window] t=91.60s pos_err=0.194m T=20.37N z=6.392 m_est=2.045
[INFO] [1789058230.040165679] [acados_nmpc_node]: [wcmd] raw=[+0.040,+0.010,-0.469] w=[+0.036,-0.043,-0.348] err=[+0.005,+0.053] scaled=[+0.040,+0.010] s=1.00
[INFO] [1789058230.088410353] [acados_nmpc_node]: [attach-window] t=91.66s pos_err=0.153m T=20.32N z=6.405 m_est=2.045
[INFO] [1789058230.132967135] [acados_nmpc_node]: [attach-window] t=91.70s pos_err=0.182m T=20.37N z=6.411 m_est=2.046
[INFO] [1789058230.188593096] [acados_nmpc_node]: [attach-window] t=91.76s pos_err=0.161m T=20.34N z=6.423 m_est=2.046
[INFO] [1789058230.233167319] [acados_nmpc_node]: [attach-window] t=91.80s pos_err=0.188m T=20.37N z=6.429 m_est=2.047
[INFO] [1789058230.240173230] [acados_nmpc_node]: [wcmd] raw=[+0.052,+0.007,-0.578] w=[+0.043,-0.041,-0.427] err=[+0.010,+0.048] scaled=[+0.052,+0.007] s=1.00
[INFO] [1789058230.288609883] [acados_nmpc_node]: [attach-window] t=91.86s pos_err=0.150m T=20.33N z=6.442 m_est=2.047
[INFO] [1789058230.333026218] [acados_nmpc_node]: [attach-window] t=91.90s pos_err=0.175m T=20.38N z=6.448 m_est=2.048
[INFO] [1789058230.388750608] [acados_nmpc_node]: [attach-window] t=91.96s pos_err=0.156m T=20.36N z=6.460 m_est=2.048
[INFO] [1789058230.433038215] [acados_nmpc_node]: [attach-window] t=92.00s pos_err=0.179m T=20.40N z=6.465 m_est=2.049
[INFO] [1789058230.440153316] [acados_nmpc_node]: [wcmd] raw=[+0.056,+0.009,-0.703] w=[+0.055,-0.037,-0.526] err=[+0.001,+0.047] scaled=[+0.056,+0.009] s=1.00
[INFO] [1789058230.488664916] [acados_nmpc_node]: [attach-window] t=92.06s pos_err=0.144m T=20.35N z=6.478 m_est=2.049
[INFO] [1789058230.533117857] [acados_nmpc_node]: [attach-window] t=92.10s pos_err=0.166m T=20.38N z=6.484 m_est=2.049
[INFO] [1789058230.588511189] [acados_nmpc_node]: [attach-window] t=92.16s pos_err=0.147m T=20.34N z=6.496 m_est=2.049
[INFO] [1789058230.633205212] [acados_nmpc_node]: [attach-window] t=92.20s pos_err=0.169m T=20.38N z=6.501 m_est=2.050
[INFO] [1789058230.640158798] [acados_nmpc_node]: [wcmd] raw=[+0.033,+0.017,-0.835] w=[+0.044,-0.029,-0.643] err=[-0.011,+0.046] scaled=[+0.033,+0.017] s=1.00
[INFO] [1789058230.688544197] [acados_nmpc_node]: [attach-window] t=92.26s pos_err=0.137m T=20.30N z=6.515 m_est=2.050
[INFO] [1789058230.733345634] [acados_nmpc_node]: [attach-window] t=92.30s pos_err=0.158m T=20.33N z=6.520 m_est=2.050
[INFO] [1789058230.788813634] [acados_nmpc_node]: [attach-window] t=92.36s pos_err=0.141m T=20.27N z=6.532 m_est=2.050
[INFO] [1789058230.833038570] [acados_nmpc_node]: [attach-window] t=92.40s pos_err=0.160m T=20.31N z=6.538 m_est=2.050
[INFO] [1789058230.840184777] [acados_nmpc_node]: [wcmd] raw=[+0.015,+0.029,-0.953] w=[+0.017,-0.013,-0.768] err=[-0.002,+0.042] scaled=[+0.015,+0.029] s=1.00
[INFO] [1789058230.888403244] [acados_nmpc_node]: [attach-window] t=92.46s pos_err=0.132m T=20.22N z=6.552 m_est=2.050
[INFO] [1789058230.933168738] [acados_nmpc_node]: [attach-window] t=92.50s pos_err=0.150m T=20.27N z=6.558 m_est=2.050
[INFO] [1789058230.988334150] [acados_nmpc_node]: [attach-window] t=92.56s pos_err=0.135m T=20.23N z=6.569 m_est=2.050
[INFO] [1789058231.032932444] [acados_nmpc_node]: [attach-window] t=92.60s pos_err=0.152m T=20.27N z=6.575 m_est=2.050
[INFO] [1789058231.040179481] [acados_nmpc_node]: [wcmd] raw=[+0.038,+0.029,-1.028] w=[+0.013,-0.007,-0.890] err=[+0.025,+0.036] scaled=[+0.038,+0.029] s=1.00
[INFO] [1789058231.088770642] [acados_nmpc_node]: [attach-window] t=92.66s pos_err=0.126m T=20.21N z=6.588 m_est=2.050
[INFO] [1789058231.132177592] [acados_nmpc_node]: [attach-window] t=92.70s pos_err=0.141m T=20.26N z=6.593 m_est=2.050
[INFO] [1789058231.185891161] [acados_nmpc_node]: [attach-window] t=92.75s pos_err=0.123m T=20.22N z=6.604 m_est=2.050
[INFO] [1789058231.232815575] [acados_nmpc_node]: [attach-window] t=92.80s pos_err=0.140m T=20.30N z=6.608 m_est=2.050
[INFO] [1789058231.240192392] [acados_nmpc_node]: [wcmd] raw=[+0.059,+0.019,-1.030] w=[+0.032,-0.023,-0.988] err=[+0.027,+0.042] scaled=[+0.059,+0.019] s=1.00
[INFO] [1789058231.288282354] [acados_nmpc_node]: [attach-window] t=92.86s pos_err=0.114m T=20.25N z=6.619 m_est=2.050
[INFO] [1789058231.332704280] [acados_nmpc_node]: [attach-window] t=92.90s pos_err=0.127m T=20.33N z=6.624 m_est=2.050
[INFO] [1789058231.388120685] [acados_nmpc_node]: [attach-window] t=92.96s pos_err=0.102m T=20.27N z=6.633 m_est=2.050
[INFO] [1789058231.432838853] [acados_nmpc_node]: [attach-window] t=93.00s pos_err=0.124m T=20.39N z=6.637 m_est=2.050
[INFO] [1789058231.440193515] [acados_nmpc_node]: [wcmd] raw=[+0.061,+0.024,-0.937] w=[+0.023,-0.053,-1.033] err=[+0.037,+0.077] scaled=[+0.061,+0.024] s=1.00
[INFO] [1789058231.488194732] [acados_nmpc_node]: [attach-window] t=93.06s pos_err=0.098m T=20.32N z=6.646 m_est=2.050
[INFO] [1789058231.532792382] [acados_nmpc_node]: [attach-window] t=93.10s pos_err=0.110m T=20.38N z=6.650 m_est=2.049
[INFO] [1789058231.588399187] [acados_nmpc_node]: [attach-window] t=93.16s pos_err=0.085m T=20.28N z=6.660 m_est=2.049
[INFO] [1789058231.632914670] [acados_nmpc_node]: [attach-window] t=93.20s pos_err=0.108m T=20.37N z=6.664 m_est=2.049
[INFO] [1789058231.640255529] [acados_nmpc_node]: [wcmd] raw=[+0.074,+0.055,-0.790] w=[+0.022,-0.032,-1.001] err=[+0.053,+0.087] scaled=[+0.074,+0.055] s=1.00
[INFO] [1789058231.688537027] [acados_nmpc_node]: [attach-window] t=93.26s pos_err=0.082m T=20.27N z=6.674 m_est=2.049
[INFO] [1789058231.732892921] [acados_nmpc_node]: [attach-window] t=93.30s pos_err=0.095m T=20.31N z=6.678 m_est=2.048
[INFO] [1789058231.788622977] [acados_nmpc_node]: [attach-window] t=93.36s pos_err=0.079m T=20.24N z=6.687 m_est=2.048
[INFO] [1789058231.833259804] [acados_nmpc_node]: [attach-window] t=93.40s pos_err=0.095m T=20.29N z=6.691 m_est=2.046
[INFO] [1789058231.840137998] [acados_nmpc_node]: [wcmd] raw=[+0.065,+0.052,-0.599] w=[+0.024,-0.004,-0.896] err=[+0.041,+0.056] scaled=[+0.065,+0.052] s=1.00
[INFO] [1789058231.888978226] [acados_nmpc_node]: [attach-window] t=93.46s pos_err=0.069m T=20.17N z=6.701 m_est=2.046
[INFO] [1789058231.933200648] [acados_nmpc_node]: [attach-window] t=93.50s pos_err=0.084m T=20.23N z=6.705 m_est=2.045
[INFO] [1789058231.988810479] [acados_nmpc_node]: [attach-window] t=93.56s pos_err=0.069m T=20.17N z=6.713 m_est=2.045
[INFO] [1789058232.033069690] [acados_nmpc_node]: [attach-window] t=93.60s pos_err=0.088m T=20.22N z=6.717 m_est=2.044
[INFO] [1789058232.040239165] [acados_nmpc_node]: [wcmd] raw=[+0.051,+0.020,-0.414] w=[+0.002,-0.048,-0.735] err=[+0.050,+0.068] scaled=[+0.051,+0.020] s=1.00
[INFO] [1789058232.088568614] [acados_nmpc_node]: [attach-window] t=93.66s pos_err=0.060m T=20.11N z=6.725 m_est=2.044
[INFO] [1789058232.133135763] [acados_nmpc_node]: [attach-window] t=93.70s pos_err=0.080m T=20.18N z=6.729 m_est=2.043
[INFO] [1789058232.188589134] [acados_nmpc_node]: [attach-window] t=93.76s pos_err=0.064m T=20.13N z=6.735 m_est=2.043
[INFO] [1789058232.233301959] [acados_nmpc_node]: [attach-window] t=93.80s pos_err=0.087m T=20.20N z=6.738 m_est=2.042
[INFO] [1789058232.240142817] [acados_nmpc_node]: [wcmd] raw=[+0.050,+0.029,-0.270] w=[+0.002,-0.054,-0.556] err=[+0.048,+0.082] scaled=[+0.050,+0.029] s=1.00
[INFO] [1789058232.288502250] [acados_nmpc_node]: [attach-window] t=93.86s pos_err=0.057m T=20.12N z=6.744 m_est=2.042
[INFO] [1789058232.333079828] [acados_nmpc_node]: [attach-window] t=93.90s pos_err=0.080m T=20.21N z=6.747 m_est=2.042
[INFO] [1789058232.388378713] [acados_nmpc_node]: [attach-window] t=93.96s pos_err=0.050m T=20.10N z=6.752 m_est=2.042
[INFO] [1789058232.432725767] [acados_nmpc_node]: [attach-window] t=94.00s pos_err=0.073m T=20.20N z=6.754 m_est=2.043
[INFO] [1789058232.440305770] [acados_nmpc_node]: [wcmd] raw=[+0.016,-0.049,-0.179] w=[+0.004,-0.080,-0.387] err=[+0.012,+0.030] scaled=[+0.016,-0.049] s=1.00
[INFO] [1789058232.488059124] [acados_nmpc_node]: [attach-window] t=94.06s pos_err=0.057m T=20.16N z=6.757 m_est=2.043
[INFO] [1789058232.532863906] [acados_nmpc_node]: [attach-window] t=94.10s pos_err=0.083m T=20.25N z=6.759 m_est=2.044
[INFO] [1789058232.588326603] [acados_nmpc_node]: [attach-window] t=94.16s pos_err=0.052m T=20.17N z=6.762 m_est=2.044
[INFO] [1789058232.632966811] [acados_nmpc_node]: [attach-window] t=94.20s pos_err=0.094m T=20.29N z=6.763 m_est=2.045
[INFO] [1789058232.640278405] [acados_nmpc_node]: [wcmd] raw=[+0.013,+0.079,-0.152] w=[-0.009,-0.041,-0.258] err=[+0.022,+0.120] scaled=[+0.013,+0.079] s=1.00
[INFO] [1789058232.688158316] [acados_nmpc_node]: [attach-window] t=94.26s pos_err=0.060m T=20.20N z=6.767 m_est=2.045
[INFO] [1789058232.732743124] [acados_nmpc_node]: [attach-window] t=94.30s pos_err=0.088m T=20.26N z=6.768 m_est=2.046
[INFO] [1789058232.788436427] [acados_nmpc_node]: [attach-window] t=94.36s pos_err=0.071m T=20.20N z=6.770 m_est=2.046
[INFO] [1789058232.832759928] [acados_nmpc_node]: [attach-window] t=94.40s pos_err=0.100m T=20.26N z=6.772 m_est=2.047
[INFO] [1789058232.840284280] [acados_nmpc_node]: [wcmd] raw=[+0.008,+0.031,-0.170] w=[-0.002,-0.022,-0.184] err=[+0.009,+0.054] scaled=[+0.008,+0.031] s=1.00
[INFO] [1789058232.888181278] [acados_nmpc_node]: [attach-window] t=94.46s pos_err=0.065m T=20.15N z=6.774 m_est=2.047
[INFO] [1789058232.932046313] [acados_nmpc_node]: [attach-window] t=94.50s pos_err=0.093m T=20.22N z=6.775 m_est=2.047
[INFO] [1789058232.985910843] [acados_nmpc_node]: [attach-window] t=94.55s pos_err=0.071m T=20.14N z=6.777 m_est=2.047
[INFO] [1789058233.032838642] [acados_nmpc_node]: [attach-window] t=94.60s pos_err=0.104m T=20.22N z=6.778 m_est=2.048
[INFO] [1789058233.040168619] [acados_nmpc_node]: [wcmd] raw=[+0.005,-0.017,-0.210] w=[+0.000,-0.110,-0.160] err=[+0.004,+0.094] scaled=[+0.005,-0.017] s=1.00
[INFO] [1789058233.088208088] [acados_nmpc_node]: [attach-window] t=94.66s pos_err=0.067m T=20.11N z=6.780 m_est=2.048
[INFO] [1789058233.132810455] [acados_nmpc_node]: [attach-window] t=94.70s pos_err=0.095m T=20.16N z=6.781 m_est=2.048
[INFO] [1789058233.188393189] [acados_nmpc_node]: [attach-window] t=94.76s pos_err=0.076m T=20.10N z=6.782 m_est=2.048
[INFO] [1789058233.232804621] [acados_nmpc_node]: [attach-window] t=94.80s pos_err=0.106m T=20.14N z=6.783 m_est=2.049
[INFO] [1789058233.240166580] [acados_nmpc_node]: [wcmd] raw=[+0.005,+0.013,-0.256] w=[+0.006,-0.089,-0.175] err=[-0.001,+0.102] scaled=[+0.005,+0.013] s=1.00
[INFO] [1789058233.288382592] [acados_nmpc_node]: [attach-window] t=94.86s pos_err=0.068m T=20.06N z=6.785 m_est=2.049
[INFO] [1789058233.332749625] [acados_nmpc_node]: [attach-window] t=94.90s pos_err=0.097m T=20.10N z=6.786 m_est=2.049
[INFO] [1789058233.388203819] [acados_nmpc_node]: [attach-window] t=94.96s pos_err=0.060m T=20.01N z=6.787 m_est=2.049
[INFO] [1789058233.432941941] [acados_nmpc_node]: [attach-window] t=95.00s pos_err=0.088m T=20.05N z=6.788 m_est=2.049
[INFO] [1789058233.440151089] [acados_nmpc_node]: [wcmd] raw=[-0.006,-0.061,-0.292] w=[-0.000,-0.106,-0.212] err=[-0.005,+0.045] scaled=[-0.006,-0.061] s=1.00
[INFO] [1789058233.486108627] [acados_nmpc_node]: [attach-window] t=95.05s pos_err=0.066m T=20.01N z=6.789 m_est=2.049
[INFO] [1789058233.532107345] [acados_nmpc_node]: [attach-window] t=95.10s pos_err=0.099m T=20.04N z=6.790 m_est=2.049
[INFO] [1789058233.588523440] [acados_nmpc_node]: [attach-window] t=95.16s pos_err=0.080m T=20.01N z=6.791 m_est=2.049
[INFO] [1789058233.632754296] [acados_nmpc_node]: [attach-window] t=95.20s pos_err=0.112m T=20.01N z=6.792 m_est=2.049
[INFO] [1789058233.640189330] [acados_nmpc_node]: [wcmd] raw=[+0.034,+0.080,-0.321] w=[+0.016,-0.031,-0.252] err=[+0.018,+0.111] scaled=[+0.034,+0.080] s=1.00
[INFO] [1789058233.688376746] [acados_nmpc_node]: [attach-window] t=95.26s pos_err=0.074m T=19.99N z=6.793 m_est=2.049
[INFO] [1789058233.732804398] [acados_nmpc_node]: [attach-window] t=95.30s pos_err=0.105m T=20.01N z=6.793 m_est=2.048
[INFO] [1789058233.788415100] [acados_nmpc_node]: [attach-window] t=95.36s pos_err=0.087m T=20.01N z=6.793 m_est=2.048
[INFO] [1789058233.832931941] [acados_nmpc_node]: [attach-window] t=95.40s pos_err=0.120m T=20.03N z=6.793 m_est=2.048
[INFO] [1789058233.840175736] [acados_nmpc_node]: [wcmd] raw=[+0.028,+0.006,-0.337] w=[+0.027,-0.037,-0.289] err=[+0.002,+0.043] scaled=[+0.028,+0.006] s=1.00
[INFO] [1789058233.888406008] [acados_nmpc_node]: [attach-window] t=95.46s pos_err=0.081m T=20.02N z=6.792 m_est=2.048
[INFO] [1789058233.932735429] [acados_nmpc_node]: [attach-window] t=95.50s pos_err=0.113m T=20.05N z=6.791 m_est=2.047
[INFO] [1789058233.988285704] [acados_nmpc_node]: [attach-window] t=95.56s pos_err=0.094m T=20.04N z=6.790 m_est=2.047
[INFO] [1789058234.032842128] [acados_nmpc_node]: [attach-window] t=95.60s pos_err=0.127m T=20.06N z=6.789 m_est=2.046
[INFO] [1789058234.033337270] [acados_nmpc_node]: t=95.6s | pos_err=0.127m | T=20.06N | tau=[r0.005 p0.024 y-0.016]Nm | res_stat=4.829e-07(peak 2.921e-06) sqp_iter=5 | solve=2.1ms
[INFO] [1789058234.033540713] [acados_nmpc_node]: [flight-diag] t=95.6s | om_scale=1.000(lo 1.000 hi 1.000) | tilt_max=9.84deg | w_max=[r0.073 p0.150 y1.033]rad/s | u_frac=[T0.651 r0.042 p0.099 y0.734] | u_sat=[T0.0 r0.0 p0.0 y0.0]% | mot_peak=0.831 mot_sat=0.0% | health=na age=na conf=na | n=100
[INFO] [1789058234.040162371] [acados_nmpc_node]: [wcmd] raw=[+0.028,-0.031,-0.350] w=[+0.012,-0.107,-0.315] err=[+0.016,+0.077] scaled=[+0.028,-0.031] s=1.00
[INFO] [1789058234.088227672] [acados_nmpc_node]: [attach-window] t=95.66s pos_err=0.088m T=20.05N z=6.786 m_est=2.046
[INFO] [1789058234.132847317] [acados_nmpc_node]: [attach-window] t=95.70s pos_err=0.120m T=20.07N z=6.785 m_est=2.045
[INFO] [1789058234.188340768] [acados_nmpc_node]: [attach-window] t=95.76s pos_err=0.101m T=20.07N z=6.783 m_est=2.045
[INFO] [1789058234.232932284] [acados_nmpc_node]: [attach-window] t=95.80s pos_err=0.133m T=20.07N z=6.782 m_est=2.045
[INFO] [1789058234.240154381] [acados_nmpc_node]: [wcmd] raw=[+0.048,+0.003,-0.367] w=[+0.026,-0.092,-0.334] err=[+0.022,+0.095] scaled=[+0.048,+0.003] s=1.00
[INFO] [1789058234.288159294] [acados_nmpc_node]: [attach-window] t=95.86s pos_err=0.095m T=20.08N z=6.779 m_est=2.045
[INFO] [1789058234.332731367] [acados_nmpc_node]: [attach-window] t=95.90s pos_err=0.127m T=20.08N z=6.778 m_est=2.045
[INFO] [1789058234.388239910] [acados_nmpc_node]: [attach-window] t=95.96s pos_err=0.109m T=20.10N z=6.775 m_est=2.045
[INFO] [1789058234.433227755] [acados_nmpc_node]: [attach-window] t=96.00s pos_err=0.140m T=20.09N z=6.773 m_est=2.045
[INFO] [1789058234.440397243] [acados_nmpc_node]: [wcmd] raw=[+0.044,+0.008,-0.398] w=[+0.036,-0.059,-0.351] err=[+0.008,+0.066] scaled=[+0.044,+0.008] s=1.00
[INFO] [1789058234.488462666] [acados_nmpc_node]: [attach-window] t=96.06s pos_err=0.103m T=20.11N z=6.770 m_est=2.045
[INFO] [1789058234.533102113] [acados_nmpc_node]: [attach-window] t=96.10s pos_err=0.133m T=20.11N z=6.768 m_est=2.045
[INFO] [1789058234.588081159] [acados_nmpc_node]: [attach-window] t=96.16s pos_err=0.096m T=20.12N z=6.764 m_est=2.045
[INFO] [1789058234.633163555] [acados_nmpc_node]: [attach-window] t=96.20s pos_err=0.143m T=20.12N z=6.762 m_est=2.046
[INFO] [1789058234.640161607] [acados_nmpc_node]: [wcmd] raw=[+0.031,-0.033,-0.448] w=[+0.019,-0.108,-0.377] err=[+0.012,+0.075] scaled=[+0.031,-0.033] s=1.00
[INFO] [1789058234.685955875] [acados_nmpc_node]: [attach-window] t=96.25s pos_err=0.103m T=20.14N z=6.757 m_est=2.046
[INFO] [1789058234.732239496] [acados_nmpc_node]: [attach-window] t=96.30s pos_err=0.133m T=20.14N z=6.755 m_est=2.047
[INFO] [1789058234.788276599] [acados_nmpc_node]: [attach-window] t=96.36s pos_err=0.113m T=20.17N z=6.750 m_est=2.047
[INFO] [1789058234.833052718] [acados_nmpc_node]: [attach-window] t=96.40s pos_err=0.139m T=20.18N z=6.747 m_est=2.048
[INFO] [1789058234.840127124] [acados_nmpc_node]: [wcmd] raw=[+0.047,-0.020,-0.522] w=[+0.026,-0.083,-0.418] err=[+0.020,+0.063] scaled=[+0.047,-0.020] s=1.00
[INFO] [1789058234.888301825] [acados_nmpc_node]: [attach-window] t=96.46s pos_err=0.104m T=20.23N z=6.740 m_est=2.048
[INFO] [1789058234.933088613] [acados_nmpc_node]: [attach-window] t=96.50s pos_err=0.127m T=20.25N z=6.737 m_est=2.049
[INFO] [1789058234.988696884] [acados_nmpc_node]: [attach-window] t=96.56s pos_err=0.110m T=20.29N z=6.730 m_est=2.049
[INFO] [1789058235.033107254] [acados_nmpc_node]: [attach-window] t=96.60s pos_err=0.131m T=20.30N z=6.726 m_est=2.050
[INFO] [1789058235.040123274] [acados_nmpc_node]: [wcmd] raw=[+0.048,-0.031,-0.620] w=[+0.044,-0.078,-0.477] err=[+0.003,+0.048] scaled=[+0.048,-0.031] s=1.00
[INFO] [1789058235.088943828] [acados_nmpc_node]: [attach-window] t=96.66s pos_err=0.102m T=20.35N z=6.718 m_est=2.050
[INFO] [1789058235.133067511] [acados_nmpc_node]: [attach-window] t=96.70s pos_err=0.120m T=20.35N z=6.714 m_est=2.052
[INFO] [1789058235.188788337] [acados_nmpc_node]: [attach-window] t=96.76s pos_err=0.106m T=20.36N z=6.707 m_est=2.052
[INFO] [1789058235.233126229] [acados_nmpc_node]: [attach-window] t=96.80s pos_err=0.124m T=20.35N z=6.703 m_est=2.053
[INFO] [1789058235.240232006] [acados_nmpc_node]: [wcmd] raw=[+0.028,-0.023,-0.739] w=[+0.036,-0.073,-0.560] err=[-0.008,+0.049] scaled=[+0.028,-0.023] s=1.00
[INFO] [1789058235.288728337] [acados_nmpc_node]: [attach-window] t=96.86s pos_err=0.100m T=20.37N z=6.694 m_est=2.053
[INFO] [1789058235.333040560] [acados_nmpc_node]: [attach-window] t=96.90s pos_err=0.114m T=20.35N z=6.691 m_est=2.054
[INFO] [1789058235.388579851] [acados_nmpc_node]: [attach-window] t=96.96s pos_err=0.103m T=20.34N z=6.684 m_est=2.054
[INFO] [1789058235.433276896] [acados_nmpc_node]: [attach-window] t=97.00s pos_err=0.117m T=20.32N z=6.680 m_est=2.055
[INFO] [1789058235.440143361] [acados_nmpc_node]: [wcmd] raw=[+0.028,-0.004,-0.867] w=[+0.023,-0.054,-0.667] err=[+0.005,+0.050] scaled=[+0.028,-0.004] s=1.00
[INFO] [1789058235.486477716] [acados_nmpc_node]: [attach-window] t=97.05s pos_err=0.098m T=20.32N z=6.672 m_est=2.055
[INFO] [1789058235.533011106] [acados_nmpc_node]: [attach-window] t=97.10s pos_err=0.109m T=20.29N z=6.668 m_est=2.055
[INFO] [1789058235.588888989] [acados_nmpc_node]: [attach-window] t=97.16s pos_err=0.101m T=20.28N z=6.661 m_est=2.055
[INFO] [1789058235.633054879] [acados_nmpc_node]: [attach-window] t=97.20s pos_err=0.104m T=20.27N z=6.657 m_est=2.055
[INFO] [1789058235.640217044] [acados_nmpc_node]: [wcmd] raw=[+0.020,-0.020,-0.983] w=[+0.031,-0.032,-0.789] err=[-0.011,+0.012] scaled=[+0.020,-0.020] s=1.00
[INFO] [1789058235.688678521] [acados_nmpc_node]: [attach-window] t=97.26s pos_err=0.098m T=20.27N z=6.649 m_est=2.055
[INFO] [1789058235.732995576] [acados_nmpc_node]: [attach-window] t=97.30s pos_err=0.104m T=20.26N z=6.646 m_est=2.056
[INFO] [1789058235.788945910] [acados_nmpc_node]: [attach-window] t=97.36s pos_err=0.098m T=20.27N z=6.638 m_est=2.056
[INFO] [1789058235.833350343] [acados_nmpc_node]: [attach-window] t=97.40s pos_err=0.102m T=20.24N z=6.635 m_est=2.056
[INFO] [1789058235.840149242] [acados_nmpc_node]: [wcmd] raw=[+0.072,+0.050,-1.057] w=[+0.054,-0.003,-0.909] err=[+0.018,+0.053] scaled=[+0.072,+0.050] s=1.00
[INFO] [1789058235.888682467] [acados_nmpc_node]: [attach-window] t=97.46s pos_err=0.094m T=20.25N z=6.627 m_est=2.056
[INFO] [1789058235.932917853] [acados_nmpc_node]: [attach-window] t=97.50s pos_err=0.095m T=20.23N z=6.623 m_est=2.055
[INFO] [1789058235.988639738] [acados_nmpc_node]: [attach-window] t=97.56s pos_err=0.090m T=20.22N z=6.616 m_est=2.055
[INFO] [1789058236.032818387] [acados_nmpc_node]: [attach-window] t=97.60s pos_err=0.091m T=20.21N z=6.612 m_est=2.055
[INFO] [1789058236.040201423] [acados_nmpc_node]: [wcmd] raw=[+0.059,+0.043,-1.056] w=[+0.054,+0.005,-1.005] err=[+0.005,+0.038] scaled=[+0.059,+0.043] s=1.00
[INFO] [1789058236.088380338] [acados_nmpc_node]: [attach-window] t=97.66s pos_err=0.087m T=20.22N z=6.604 m_est=2.055
[INFO] [1789058236.132772698] [acados_nmpc_node]: [attach-window] t=97.70s pos_err=0.085m T=20.23N z=6.600 m_est=2.055
[INFO] [1789058236.188830600] [acados_nmpc_node]: [attach-window] t=97.76s pos_err=0.083m T=20.25N z=6.591 m_est=2.055
[INFO] [1789058236.232917833] [acados_nmpc_node]: [attach-window] t=97.80s pos_err=0.082m T=20.27N z=6.586 m_est=2.054
[INFO] [1789058236.240175556] [acados_nmpc_node]: [wcmd] raw=[+0.050,+0.048,-0.966] w=[+0.021,-0.007,-1.048] err=[+0.029,+0.055] scaled=[+0.050,+0.048] s=1.00
[INFO] [1789058236.288222316] [acados_nmpc_node]: [attach-window] t=97.86s pos_err=0.080m T=20.31N z=6.575 m_est=2.054
[INFO] [1789058236.332788391] [acados_nmpc_node]: [attach-window] t=97.90s pos_err=0.075m T=20.34N z=6.570 m_est=2.054
[INFO] [1789058236.388423272] [acados_nmpc_node]: [attach-window] t=97.96s pos_err=0.073m T=20.37N z=6.560 m_est=2.054
[INFO] [1789058236.432847323] [acados_nmpc_node]: [attach-window] t=98.00s pos_err=0.069m T=20.38N z=6.554 m_est=2.054
[INFO] [1789058236.440135539] [acados_nmpc_node]: [wcmd] raw=[+0.086,+0.064,-0.800] w=[+0.023,-0.008,-1.017] err=[+0.063,+0.073] scaled=[+0.086,+0.064] s=1.00
[INFO] [1789058236.488839600] [acados_nmpc_node]: [attach-window] t=98.06s pos_err=0.070m T=20.40N z=6.542 m_est=2.054
[INFO] [1789058236.532905656] [acados_nmpc_node]: [attach-window] t=98.10s pos_err=0.062m T=20.42N z=6.536 m_est=2.054
[INFO] [1789058236.588447820] [acados_nmpc_node]: [attach-window] t=98.16s pos_err=0.061m T=20.42N z=6.525 m_est=2.054
[INFO] [1789058236.633329506] [acados_nmpc_node]: [attach-window] t=98.20s pos_err=0.055m T=20.43N z=6.519 m_est=2.053
[INFO] [1789058236.640190484] [acados_nmpc_node]: [wcmd] raw=[+0.095,+0.080,-0.593] w=[+0.046,+0.004,-0.904] err=[+0.049,+0.076] scaled=[+0.095,+0.080] s=1.00
[INFO] [1789058236.688689549] [acados_nmpc_node]: [attach-window] t=98.26s pos_err=0.058m T=20.41N z=6.506 m_est=2.053
[INFO] [1789058236.733166051] [acados_nmpc_node]: [attach-window] t=98.30s pos_err=0.048m T=20.43N z=6.501 m_est=2.052
[INFO] [1789058236.788697223] [acados_nmpc_node]: [attach-window] t=98.36s pos_err=0.048m T=20.41N z=6.489 m_est=2.052
[INFO] [1789058236.833193271] [acados_nmpc_node]: [attach-window] t=98.40s pos_err=0.042m T=20.41N z=6.483 m_est=2.051
[INFO] [1789058236.840184288] [acados_nmpc_node]: [wcmd] raw=[+0.065,+0.084,-0.390] w=[+0.029,+0.007,-0.734] err=[+0.036,+0.077] scaled=[+0.065,+0.084] s=1.00
[INFO] [1789058236.888561819] [acados_nmpc_node]: [attach-window] t=98.46s pos_err=0.045m T=20.35N z=6.470 m_est=2.051
[INFO] [1789058236.933147176] [acados_nmpc_node]: [attach-window] t=98.50s pos_err=0.034m T=20.37N z=6.465 m_est=2.050
[INFO] [1789058236.988694139] [acados_nmpc_node]: [attach-window] t=98.56s pos_err=0.033m T=20.32N z=6.454 m_est=2.050
[INFO] [1789058237.033358052] [acados_nmpc_node]: [attach-window] t=98.60s pos_err=0.033m T=20.32N z=6.448 m_est=2.049
[INFO] [1789058237.040141662] [acados_nmpc_node]: [wcmd] raw=[+0.049,+0.084,-0.227] w=[+0.004,-0.005,-0.535] err=[+0.044,+0.090] scaled=[+0.049,+0.084] s=1.00
[INFO] [1789058237.089278087] [acados_nmpc_node]: [attach-window] t=98.66s pos_err=0.029m T=20.24N z=6.436 m_est=2.049
[INFO] [1789058237.133141921] [acados_nmpc_node]: [attach-window] t=98.70s pos_err=0.025m T=20.27N z=6.431 m_est=2.049
[INFO] [1789058237.188703146] [acados_nmpc_node]: [attach-window] t=98.76s pos_err=0.017m T=20.22N z=6.420 m_est=2.049
[INFO] [1789058237.232991829] [acados_nmpc_node]: [attach-window] t=98.80s pos_err=0.034m T=20.24N z=6.415 m_est=2.048
[INFO] [1789058237.240150698] [acados_nmpc_node]: [wcmd] raw=[+0.038,+0.084,-0.121] w=[+0.007,-0.020,-0.345] err=[+0.031,+0.103] scaled=[+0.038,+0.084] s=1.00
[INFO] [1789058237.288603428] [acados_nmpc_node]: [attach-window] t=98.86s pos_err=0.013m T=20.17N z=6.402 m_est=2.048
[INFO] [1789058237.332777409] [acados_nmpc_node]: [attach-window] t=98.90s pos_err=0.029m T=20.22N z=6.397 m_est=2.048
[INFO] [1789058237.388912731] [acados_nmpc_node]: [attach-window] t=98.96s pos_err=0.012m T=20.18N z=6.386 m_est=2.048
[INFO] [1789058237.432960645] [acados_nmpc_node]: [attach-window] t=99.00s pos_err=0.048m T=20.22N z=6.381 m_est=2.048
[INFO] [1789058237.440382251] [acados_nmpc_node]: [wcmd] raw=[-0.002,+0.092,-0.073] w=[-0.005,-0.015,-0.202] err=[+0.003,+0.107] scaled=[-0.002,+0.092] s=1.00
[INFO] [1789058237.488492317] [acados_nmpc_node]: [attach-window] t=99.06s pos_err=0.007m T=20.15N z=6.368 m_est=2.048
[INFO] [1789058237.532775224] [acados_nmpc_node]: [attach-window] t=99.10s pos_err=0.045m T=20.20N z=6.362 m_est=2.048
[INFO] [1789058237.588325392] [acados_nmpc_node]: [attach-window] t=99.16s pos_err=0.005m T=20.10N z=6.350 m_est=2.048
[INFO] [1789058237.632907330] [acados_nmpc_node]: [attach-window] t=99.20s pos_err=0.066m T=20.21N z=6.345 m_est=2.049
[INFO] [1789058237.640246638] [acados_nmpc_node]: [wcmd] raw=[-0.037,+0.087,-0.068] w=[-0.040,-0.067,-0.107] err=[+0.004,+0.155] scaled=[-0.037,+0.087] s=1.00
[INFO] [1789058237.688068420] [acados_nmpc_node]: [attach-window] t=99.26s pos_err=0.021m T=20.11N z=6.333 m_est=2.049
[INFO] [1789058237.732849414] [acados_nmpc_node]: [attach-window] t=99.30s pos_err=0.063m T=20.14N z=6.327 m_est=2.049
[INFO] [1789058237.788435379] [acados_nmpc_node]: [attach-window] t=99.36s pos_err=0.018m T=20.05N z=6.314 m_est=2.049
[INFO] [1789058237.833080157] [acados_nmpc_node]: [attach-window] t=99.40s pos_err=0.086m T=20.12N z=6.309 m_est=2.048
[INFO] [1789058237.840125159] [acados_nmpc_node]: [wcmd] raw=[-0.040,+0.127,-0.087] w=[-0.051,-0.021,-0.065] err=[+0.011,+0.148] scaled=[-0.040,+0.127] s=1.00
[INFO] [1789058237.888819610] [acados_nmpc_node]: [attach-window] t=99.46s pos_err=0.040m T=20.06N z=6.296 m_est=2.048
[INFO] [1789058237.931999287] [acados_nmpc_node]: [attach-window] t=99.50s pos_err=0.083m T=20.08N z=6.290 m_est=2.046
[INFO] [1789058237.988392863] [acados_nmpc_node]: [attach-window] t=99.56s pos_err=0.060m T=20.06N z=6.277 m_est=2.046
[INFO] [1789058238.032714992] [acados_nmpc_node]: [attach-window] t=99.60s pos_err=0.106m T=20.08N z=6.271 m_est=2.044
[INFO] [1789058238.040116614] [acados_nmpc_node]: [wcmd] raw=[-0.040,+0.113,-0.109] w=[-0.042,+0.013,-0.060] err=[+0.003,+0.100] scaled=[-0.040,+0.113] s=1.00
[INFO] [1789058238.088173814] [acados_nmpc_node]: [attach-window] t=99.66s pos_err=0.056m T=20.04N z=6.257 m_est=2.044
[INFO] [1789058238.132780179] [acados_nmpc_node]: [attach-window] t=99.70s pos_err=0.103m T=20.10N z=6.250 m_est=2.042
[INFO] [1789058238.187947491] [acados_nmpc_node]: [attach-window] t=99.76s pos_err=0.077m T=20.07N z=6.237 m_est=2.042
[INFO] [1789058238.232956434] [acados_nmpc_node]: [attach-window] t=99.80s pos_err=0.126m T=20.11N z=6.230 m_est=2.041
[INFO] [1789058238.240201638] [acados_nmpc_node]: [wcmd] raw=[-0.044,+0.057,-0.120] w=[-0.046,-0.063,-0.074] err=[+0.002,+0.120] scaled=[-0.044,+0.057] s=1.00
[INFO] [1789058238.288034522] [acados_nmpc_node]: [attach-window] t=99.86s pos_err=0.070m T=20.03N z=6.215 m_est=2.041
[INFO] [1789058238.332720382] [acados_nmpc_node]: [attach-window] t=99.90s pos_err=0.118m T=20.09N z=6.208 m_est=2.040
[INFO] [1789058238.387822135] [acados_nmpc_node]: [attach-window] t=99.96s pos_err=0.090m T=20.04N z=6.195 m_est=2.040
[INFO] [1789058238.432826219] [acados_nmpc_node]: [attach-window] t=100.00s pos_err=0.139m T=20.08N z=6.188 m_est=2.039
[INFO] [1789058238.440142899] [acados_nmpc_node]: [wcmd] raw=[-0.035,+0.056,-0.113] w=[-0.045,-0.089,-0.089] err=[+0.011,+0.145] scaled=[-0.035,+0.056] s=1.00
[INFO] [1789058238.488127207] [acados_nmpc_node]: [attach-window] t=100.06s pos_err=0.081m T=20.02N z=6.172 m_est=2.039
[INFO] [1789058238.532795945] [acados_nmpc_node]: [attach-window] t=100.10s pos_err=0.129m T=20.08N z=6.164 m_est=2.039
[INFO] [1789058238.588178087] [acados_nmpc_node]: [attach-window] t=100.16s pos_err=0.070m T=20.02N z=6.148 m_est=2.039
[INFO] [1789058238.632832153] [acados_nmpc_node]: [attach-window] t=100.20s pos_err=0.149m T=20.10N z=6.142 m_est=2.039
[INFO] [1789058238.640159827] [acados_nmpc_node]: [wcmd] raw=[-0.017,+0.070,-0.089] w=[-0.034,-0.094,-0.095] err=[+0.017,+0.164] scaled=[-0.017,+0.070] s=1.00
[INFO] [1789058238.688366278] [acados_nmpc_node]: [attach-window] t=100.26s pos_err=0.089m T=20.07N z=6.125 m_est=2.039
[INFO] [1789058238.732737704] [acados_nmpc_node]: [attach-window] t=100.30s pos_err=0.138m T=20.09N z=6.118 m_est=2.039
[INFO] [1789058238.788233685] [acados_nmpc_node]: [attach-window] t=100.36s pos_err=0.109m T=20.09N z=6.102 m_est=2.039
[INFO] [1789058238.832766513] [acados_nmpc_node]: [attach-window] t=100.40s pos_err=0.159m T=20.11N z=6.095 m_est=2.040
[INFO] [1789058238.840156960] [acados_nmpc_node]: [wcmd] raw=[-0.002,+0.108,-0.051] w=[-0.012,-0.023,-0.083] err=[+0.010,+0.131] scaled=[-0.002,+0.108] s=1.00
[INFO] [1789058238.888205962] [acados_nmpc_node]: [attach-window] t=100.46s pos_err=0.099m T=20.11N z=6.078 m_est=2.040
[INFO] [1789058238.932735023] [acados_nmpc_node]: [attach-window] t=100.50s pos_err=0.150m T=20.15N z=6.070 m_est=2.040
[INFO] [1789058238.988164204] [acados_nmpc_node]: [attach-window] t=100.56s pos_err=0.089m T=20.11N z=6.052 m_est=2.040
[INFO] [1789058239.032838754] [acados_nmpc_node]: [attach-window] t=100.60s pos_err=0.140m T=20.16N z=6.045 m_est=2.041
[INFO] [1789058239.033324925] [acados_nmpc_node]: t=100.6s | pos_err=0.140m | T=20.16N | tau=[r-0.003 p0.001 y0.021]Nm | res_stat=6.926e-07(peak 2.921e-06) sqp_iter=5 | solve=2.2ms
[INFO] [1789058239.033521827] [acados_nmpc_node]: [flight-diag] t=100.6s | om_scale=1.000(lo 1.000 hi 1.000) | tilt_max=10.61deg | w_max=[r0.064 p0.183 y1.049]rad/s | u_frac=[T0.652 r0.047 p0.101 y0.775] | u_sat=[T0.0 r0.0 p0.0 y0.0]% | mot_peak=0.829 mot_sat=0.0% | health=na age=na conf=na | n=100
[INFO] [1789058239.040171012] [acados_nmpc_node]: [wcmd] raw=[-0.032,-0.062,-0.010] w=[-0.024,-0.106,-0.057] err=[-0.008,+0.044] scaled=[-0.032,-0.062] s=1.00
[INFO] [1789058239.088137058] [acados_nmpc_node]: [attach-window] t=100.66s pos_err=0.109m T=20.12N z=6.029 m_est=2.041
[INFO] [1789058239.132728379] [acados_nmpc_node]: [attach-window] t=100.70s pos_err=0.160m T=20.14N z=6.022 m_est=2.041
[INFO] [1789058239.188323433] [acados_nmpc_node]: [attach-window] t=100.76s pos_err=0.130m T=20.14N z=6.006 m_est=2.041
[INFO] [1789058239.232745448] [acados_nmpc_node]: [attach-window] t=100.80s pos_err=0.181m T=20.12N z=5.999 m_est=2.042
[INFO] [1789058239.240129627] [acados_nmpc_node]: [wcmd] raw=[-0.050,+0.119,+0.031] w=[-0.054,-0.035,-0.022] err=[+0.004,+0.154] scaled=[-0.050,+0.119] s=1.00
[INFO] [1789058239.288170345] [acados_nmpc_node]: [attach-window] t=100.86s pos_err=0.119m T=20.14N z=5.981 m_est=2.042
[INFO] [1789058239.332706647] [acados_nmpc_node]: [attach-window] t=100.90s pos_err=0.170m T=20.15N z=5.974 m_est=2.041
[INFO] [1789058239.388465680] [acados_nmpc_node]: [attach-window] t=100.96s pos_err=0.141m T=20.15N z=5.958 m_est=2.041
[INFO] [1789058239.432909489] [acados_nmpc_node]: [attach-window] t=101.00s pos_err=0.190m T=20.15N z=5.950 m_est=2.042
[INFO] [1789058239.440151085] [acados_nmpc_node]: [wcmd] raw=[-0.041,+0.040,+0.068] w=[-0.054,-0.041,+0.016] err=[+0.013,+0.080] scaled=[-0.041,+0.040] s=1.00
[INFO] [1789058239.488457452] [acados_nmpc_node]: [attach-window] t=101.06s pos_err=0.130m T=20.14N z=5.933 m_est=2.042
[INFO] [1789058239.532812160] [acados_nmpc_node]: [attach-window] t=101.10s pos_err=0.179m T=20.14N z=5.926 m_est=2.042
[INFO] [1789058239.588320382] [acados_nmpc_node]: [attach-window] t=101.16s pos_err=0.117m T=20.10N z=5.909 m_est=2.042
[INFO] [1789058239.632731200] [acados_nmpc_node]: [attach-window] t=101.20s pos_err=0.196m T=20.10N z=5.904 m_est=2.042
[INFO] [1789058239.640168500] [acados_nmpc_node]: [wcmd] raw=[-0.047,+0.008,+0.099] w=[-0.043,-0.150,+0.056] err=[-0.004,+0.158] scaled=[-0.047,+0.008] s=1.00
[INFO] [1789058239.688541720] [acados_nmpc_node]: [attach-window] t=101.26s pos_err=0.135m T=20.09N z=5.888 m_est=2.042
[INFO] [1789058239.732838815] [acados_nmpc_node]: [attach-window] t=101.30s pos_err=0.182m T=20.06N z=5.881 m_est=2.043
[INFO] [1789058239.788506608] [acados_nmpc_node]: [attach-window] t=101.36s pos_err=0.121m T=20.08N z=5.865 m_est=2.043
[INFO] [1789058239.833319698] [acados_nmpc_node]: [attach-window] t=101.40s pos_err=0.197m T=20.04N z=5.860 m_est=2.043
[INFO] [1789058239.840129829] [acados_nmpc_node]: [wcmd] raw=[-0.057,+0.055,+0.129] w=[-0.051,-0.092,+0.091] err=[-0.005,+0.146] scaled=[-0.057,+0.055] s=1.00
[INFO] [1789058239.888755580] [acados_nmpc_node]: [attach-window] t=101.46s pos_err=0.138m T=20.09N z=5.844 m_est=2.043
[INFO] [1789058239.933058846] [acados_nmpc_node]: [attach-window] t=101.50s pos_err=0.183m T=20.06N z=5.837 m_est=2.044
[INFO] [1789058239.988239140] [acados_nmpc_node]: [attach-window] t=101.56s pos_err=0.152m T=20.09N z=5.824 m_est=2.044
[INFO] [1789058240.033096150] [acados_nmpc_node]: [attach-window] t=101.60s pos_err=0.198m T=20.06N z=5.817 m_est=2.044
[INFO] [1789058240.040144475] [acados_nmpc_node]: [wcmd] raw=[-0.047,+0.050,+0.157] w=[-0.050,-0.036,+0.122] err=[+0.003,+0.087] scaled=[-0.047,+0.050] s=1.00
[INFO] [1789058240.088261521] [acados_nmpc_node]: [attach-window] t=101.66s pos_err=0.140m T=20.14N z=5.801 m_est=2.044
[INFO] [1789058240.133035001] [acados_nmpc_node]: [attach-window] t=101.70s pos_err=0.183m T=20.12N z=5.794 m_est=2.045
[INFO] [1789058240.188679365] [acados_nmpc_node]: [attach-window] t=101.76s pos_err=0.155m T=20.16N z=5.780 m_est=2.045
[INFO] [1789058240.233297308] [acados_nmpc_node]: [attach-window] t=101.80s pos_err=0.197m T=20.13N z=5.773 m_est=2.045
[INFO] [1789058240.240150329] [acados_nmpc_node]: [wcmd] raw=[-0.040,-0.000,+0.191] w=[-0.038,-0.074,+0.152] err=[-0.002,+0.074] scaled=[-0.040,-0.000] s=1.00
[INFO] [1789058240.288489888] [acados_nmpc_node]: [attach-window] t=101.86s pos_err=0.142m T=20.22N z=5.757 m_est=2.045
[INFO] [1789058240.332978579] [acados_nmpc_node]: [attach-window] t=101.90s pos_err=0.182m T=20.20N z=5.750 m_est=2.046
[INFO] [1789058240.388484015] [acados_nmpc_node]: [attach-window] t=101.96s pos_err=0.155m T=20.25N z=5.736 m_est=2.046
[INFO] [1789058240.433110963] [acados_nmpc_node]: [attach-window] t=102.00s pos_err=0.168m T=20.26N z=5.726 m_est=2.046
[INFO] [1789058240.440153309] [acados_nmpc_node]: [wcmd] raw=[-0.033,-0.067,+0.234] w=[-0.034,-0.094,+0.185] err=[+0.001,+0.026] scaled=[-0.033,-0.067] s=1.00
[INFO] [1789058240.488432982] [acados_nmpc_node]: [attach-window] t=102.06s pos_err=0.142m T=20.34N z=5.711 m_est=2.046
[INFO] [1789058240.533231806] [acados_nmpc_node]: [attach-window] t=102.10s pos_err=0.179m T=20.32N z=5.704 m_est=2.045
[INFO] [1789058240.588634393] [acados_nmpc_node]: [attach-window] t=102.16s pos_err=0.131m T=20.43N z=5.687 m_est=2.045
[INFO] [1789058240.633214773] [acados_nmpc_node]: [attach-window] t=102.20s pos_err=0.165m T=20.38N z=5.679 m_est=2.044
[INFO] [1789058240.640161048] [acados_nmpc_node]: [wcmd] raw=[-0.044,-0.018,+0.289] w=[-0.042,-0.063,+0.221] err=[-0.002,+0.045] scaled=[-0.044,-0.018] s=1.00
[INFO] [1789058240.688534510] [acados_nmpc_node]: [attach-window] t=102.26s pos_err=0.141m T=20.42N z=5.664 m_est=2.044
[INFO] [1789058240.733064891] [acados_nmpc_node]: [attach-window] t=102.30s pos_err=0.174m T=20.35N z=5.657 m_est=2.042
[INFO] [1789058240.788605228] [acados_nmpc_node]: [attach-window] t=102.36s pos_err=0.151m T=20.41N z=5.643 m_est=2.042
[INFO] [1789058240.833071709] [acados_nmpc_node]: [attach-window] t=102.40s pos_err=0.184m T=20.33N z=5.636 m_est=2.040
[INFO] [1789058240.840135944] [acados_nmpc_node]: [wcmd] raw=[-0.055,+0.062,+0.358] w=[-0.052,+0.003,+0.268] err=[-0.003,+0.060] scaled=[-0.055,+0.062] s=1.00
[INFO] [1789058240.888586996] [acados_nmpc_node]: [attach-window] t=102.46s pos_err=0.142m T=20.44N z=5.620 m_est=2.040
[INFO] [1789058240.933119691] [acados_nmpc_node]: [attach-window] t=102.50s pos_err=0.173m T=20.37N z=5.613 m_est=2.037
[INFO] [1789058240.988795637] [acados_nmpc_node]: [attach-window] t=102.56s pos_err=0.153m T=20.42N z=5.599 m_est=2.037
[INFO] [1789058241.033240211] [acados_nmpc_node]: [attach-window] t=102.60s pos_err=0.181m T=20.37N z=5.592 m_est=2.036
[INFO] [1789058241.040307246] [acados_nmpc_node]: [wcmd] raw=[-0.033,-0.009,+0.443] w=[-0.037,-0.035,+0.328] err=[+0.004,+0.026] scaled=[-0.033,-0.009] s=1.00
[INFO] [1789058241.088891977] [acados_nmpc_node]: [attach-window] t=102.66s pos_err=0.144m T=20.46N z=5.577 m_est=2.036
[INFO] [1789058241.133168783] [acados_nmpc_node]: [attach-window] t=102.70s pos_err=0.169m T=20.43N z=5.570 m_est=2.036
[INFO] [1789058241.186447341] [acados_nmpc_node]: [attach-window] t=102.75s pos_err=0.147m T=20.50N z=5.557 m_est=2.036
[INFO] [1789058241.233182342] [acados_nmpc_node]: [attach-window] t=102.80s pos_err=0.157m T=20.51N z=5.548 m_est=2.037
[INFO] [1789058241.240163063] [acados_nmpc_node]: [wcmd] raw=[-0.023,-0.068,+0.541] w=[-0.026,-0.082,+0.405] err=[+0.002,+0.014] scaled=[-0.023,-0.068] s=1.00
[INFO] [1789058241.288678078] [acados_nmpc_node]: [attach-window] t=102.86s pos_err=0.140m T=20.57N z=5.534 m_est=2.037
[INFO] [1789058241.333085971] [acados_nmpc_node]: [attach-window] t=102.90s pos_err=0.160m T=20.58N z=5.527 m_est=2.041
[INFO] [1789058241.388701141] [acados_nmpc_node]: [attach-window] t=102.96s pos_err=0.143m T=20.63N z=5.514 m_est=2.041
[INFO] [1789058241.433240622] [acados_nmpc_node]: [attach-window] t=103.00s pos_err=0.161m T=20.63N z=5.508 m_est=2.045
[INFO] [1789058241.440121193] [acados_nmpc_node]: [wcmd] raw=[-0.065,+0.019,+0.661] w=[-0.049,-0.037,+0.492] err=[-0.015,+0.056] scaled=[-0.065,+0.019] s=1.00
[INFO] [1789058241.488815828] [acados_nmpc_node]: [attach-window] t=103.06s pos_err=0.133m T=20.67N z=5.494 m_est=2.045
[INFO] [1789058241.533161665] [acados_nmpc_node]: [attach-window] t=103.10s pos_err=0.148m T=20.67N z=5.488 m_est=2.049
[INFO] [1789058241.588707046] [acados_nmpc_node]: [attach-window] t=103.16s pos_err=0.133m T=20.65N z=5.476 m_est=2.049
[INFO] [1789058241.633049760] [acados_nmpc_node]: [attach-window] t=103.20s pos_err=0.146m T=20.63N z=5.470 m_est=2.053
[INFO] [1789058241.640207099] [acados_nmpc_node]: [wcmd] raw=[-0.036,-0.003,+0.789] w=[-0.047,-0.027,+0.601] err=[+0.011,+0.024] scaled=[-0.036,-0.003] s=1.00
[INFO] [1789058241.688824921] [acados_nmpc_node]: [attach-window] t=103.26s pos_err=0.124m T=20.62N z=5.458 m_est=2.053
[INFO] [1789058241.733083192] [acados_nmpc_node]: [attach-window] t=103.30s pos_err=0.134m T=20.60N z=5.453 m_est=2.056
[INFO] [1789058241.788658541] [acados_nmpc_node]: [attach-window] t=103.36s pos_err=0.122m T=20.56N z=5.443 m_est=2.056
[INFO] [1789058241.832382966] [acados_nmpc_node]: [attach-window] t=103.40s pos_err=0.130m T=20.53N z=5.439 m_est=2.058
[INFO] [1789058241.840265246] [acados_nmpc_node]: [wcmd] raw=[-0.024,-0.005,+0.914] w=[-0.017,-0.041,+0.722] err=[-0.007,+0.036] scaled=[-0.024,-0.005] s=1.00
[INFO] [1789058241.886118688] [acados_nmpc_node]: [attach-window] t=103.45s pos_err=0.114m T=20.52N z=5.429 m_est=2.058
[INFO] [1789058241.932865633] [acados_nmpc_node]: [attach-window] t=103.50s pos_err=0.119m T=20.49N z=5.424 m_est=2.059
[INFO] [1789058241.986074859] [acados_nmpc_node]: [attach-window] t=103.55s pos_err=0.110m T=20.47N z=5.416 m_est=2.059
[INFO] [1789058242.032897658] [acados_nmpc_node]: [attach-window] t=103.60s pos_err=0.113m T=20.45N z=5.411 m_est=2.059
[INFO] [1789058242.040176352] [acados_nmpc_node]: [wcmd] raw=[-0.046,+0.031,+1.011] w=[-0.016,-0.025,+0.847] err=[-0.030,+0.055] scaled=[-0.046,+0.031] s=1.00
[INFO] [1789058242.088424928] [acados_nmpc_node]: [attach-window] t=103.66s pos_err=0.104m T=20.46N z=5.402 m_est=2.059
[INFO] [1789058242.133081975] [acados_nmpc_node]: [attach-window] t=103.70s pos_err=0.103m T=20.44N z=5.398 m_est=2.059
[INFO] [1789058242.188503158] [acados_nmpc_node]: [attach-window] t=103.76s pos_err=0.097m T=20.45N z=5.390 m_est=2.059
[INFO] [1789058242.233034022] [acados_nmpc_node]: [attach-window] t=103.80s pos_err=0.095m T=20.44N z=5.386 m_est=2.059
[INFO] [1789058242.240158803] [acados_nmpc_node]: [wcmd] raw=[-0.052,+0.036,+1.053] w=[-0.036,+0.012,+0.958] err=[-0.015,+0.025] scaled=[-0.052,+0.036] s=1.00
[INFO] [1789058242.288465392] [acados_nmpc_node]: [attach-window] t=103.86s pos_err=0.089m T=20.47N z=5.376 m_est=2.059
[INFO] [1789058242.332736301] [acados_nmpc_node]: [attach-window] t=103.90s pos_err=0.083m T=20.48N z=5.372 m_est=2.058
[INFO] [1789058242.388492132] [acados_nmpc_node]: [attach-window] t=103.96s pos_err=0.078m T=20.49N z=5.364 m_est=2.058
[INFO] [1789058242.432793586] [acados_nmpc_node]: [attach-window] t=104.00s pos_err=0.072m T=20.50N z=5.359 m_est=2.057
[INFO] [1789058242.440201020] [acados_nmpc_node]: [wcmd] raw=[-0.027,-0.038,+1.002] w=[-0.023,-0.018,+1.030] err=[-0.004,-0.020] scaled=[-0.027,-0.038] s=1.00
[INFO] [1789058242.488353128] [acados_nmpc_node]: [attach-window] t=104.06s pos_err=0.071m T=20.51N z=5.351 m_est=2.057
[INFO] [1789058242.532837710] [acados_nmpc_node]: [attach-window] t=104.10s pos_err=0.059m T=20.52N z=5.347 m_est=2.057
[INFO] [1789058242.588493917] [acados_nmpc_node]: [attach-window] t=104.16s pos_err=0.058m T=20.54N z=5.340 m_est=2.057
[INFO] [1789058242.633084251] [acados_nmpc_node]: [attach-window] t=104.20s pos_err=0.049m T=20.54N z=5.335 m_est=2.056
[INFO] [1789058242.640287060] [acados_nmpc_node]: [wcmd] raw=[-0.057,-0.009,+0.888] w=[-0.025,-0.024,+1.037] err=[-0.032,+0.014] scaled=[-0.057,-0.009] s=1.00
[INFO] [1789058242.688535360] [acados_nmpc_node]: [attach-window] t=104.26s pos_err=0.052m T=20.54N z=5.328 m_est=2.056
[INFO] [1789058242.732828322] [acados_nmpc_node]: [attach-window] t=104.30s pos_err=0.034m T=20.56N z=5.324 m_est=2.055
[INFO] [1789058242.788734315] [acados_nmpc_node]: [attach-window] t=104.36s pos_err=0.037m T=20.55N z=5.318 m_est=2.055
[INFO] [1789058242.833001536] [acados_nmpc_node]: [attach-window] t=104.40s pos_err=0.018m T=20.57N z=5.314 m_est=2.054
[INFO] [1789058242.840219625] [acados_nmpc_node]: [wcmd] raw=[-0.082,+0.060,+0.711] w=[-0.033,+0.003,+0.971] err=[-0.049,+0.057] scaled=[-0.082,+0.060] s=1.00
[INFO] [1789058242.888552953] [acados_nmpc_node]: [attach-window] t=104.46s pos_err=0.036m T=20.54N z=5.307 m_est=2.054
[INFO] [1789058242.932243199] [acados_nmpc_node]: [attach-window] t=104.50s pos_err=0.009m T=20.57N z=5.304 m_est=2.054
[INFO] [1789058242.988537336] [acados_nmpc_node]: [attach-window] t=104.56s pos_err=0.023m T=20.53N z=5.297 m_est=2.054
[INFO] [1789058243.033248086] [acados_nmpc_node]: [attach-window] t=104.60s pos_err=0.010m T=20.56N z=5.294 m_est=2.054
[INFO] [1789058243.040200874] [acados_nmpc_node]: [wcmd] raw=[-0.056,+0.026,+0.518] w=[-0.010,-0.020,+0.837] err=[-0.046,+0.046] scaled=[-0.056,+0.026] s=1.00
[INFO] [1789058243.088912596] [acados_nmpc_node]: [attach-window] t=104.66s pos_err=0.027m T=20.47N z=5.288 m_est=2.054
[INFO] [1789058243.133148544] [acados_nmpc_node]: [attach-window] t=104.70s pos_err=0.019m T=20.51N z=5.285 m_est=2.054
[INFO] [1789058243.188685373] [acados_nmpc_node]: [attach-window] t=104.76s pos_err=0.024m T=20.44N z=5.281 m_est=2.054
[INFO] [1789058243.233229389] [acados_nmpc_node]: [attach-window] t=104.80s pos_err=0.035m T=20.47N z=5.278 m_est=2.054
[INFO] [1789058243.240189748] [acados_nmpc_node]: [wcmd] raw=[-0.054,+0.025,+0.349] w=[+0.004,-0.048,+0.661] err=[-0.058,+0.073] scaled=[-0.054,+0.025] s=1.00
[INFO] [1789058243.288783185] [acados_nmpc_node]: [attach-window] t=104.86s pos_err=0.031m T=20.36N z=5.274 m_est=2.054
[INFO] [1789058243.333063051] [acados_nmpc_node]: [attach-window] t=104.90s pos_err=0.041m T=20.40N z=5.272 m_est=2.053
[INFO] [1789058243.388472856] [acados_nmpc_node]: [attach-window] t=104.96s pos_err=0.037m T=20.28N z=5.268 m_est=2.053
[INFO] [1789058243.433189076] [acados_nmpc_node]: [attach-window] t=105.00s pos_err=0.058m T=20.36N z=5.266 m_est=2.053
[INFO] [1789058243.440146381] [acados_nmpc_node]: [wcmd] raw=[-0.052,+0.036,+0.227] w=[-0.007,-0.076,+0.476] err=[-0.045,+0.112] scaled=[-0.052,+0.036] s=1.00
[INFO] [1789058243.489344971] [acados_nmpc_node]: [attach-window] t=105.06s pos_err=0.043m T=20.27N z=5.262 m_est=2.053
[INFO] [1789058243.532869489] [acados_nmpc_node]: [attach-window] t=105.10s pos_err=0.063m T=20.30N z=5.261 m_est=2.052
[INFO] [1789058243.588181718] [acados_nmpc_node]: [attach-window] t=105.16s pos_err=0.055m T=20.26N z=5.258 m_est=2.052
[INFO] [1789058243.632781759] [acados_nmpc_node]: [attach-window] t=105.20s pos_err=0.081m T=20.30N z=5.256 m_est=2.050
[INFO] [1789058243.640190613] [acados_nmpc_node]: [wcmd] raw=[-0.024,+0.062,+0.174] w=[-0.010,-0.017,+0.328] err=[-0.014,+0.080] scaled=[-0.024,+0.062] s=1.00
[INFO] [1789058243.688036362] [acados_nmpc_node]: [attach-window] t=105.26s pos_err=0.057m T=20.25N z=5.252 m_est=2.050
[INFO] [1789058243.732787931] [acados_nmpc_node]: [attach-window] t=105.30s pos_err=0.084m T=20.31N z=5.251 m_est=2.049
[INFO] [1789058243.788046502] [acados_nmpc_node]: [attach-window] t=105.36s pos_err=0.071m T=20.28N z=5.248 m_est=2.049
[INFO] [1789058243.832931631] [acados_nmpc_node]: [attach-window] t=105.40s pos_err=0.102m T=20.33N z=5.246 m_est=2.047
[INFO] [1789058243.840123093] [acados_nmpc_node]: [wcmd] raw=[+0.020,+0.022,+0.167] w=[+0.019,-0.051,+0.225] err=[+0.000,+0.073] scaled=[+0.020,+0.022] s=1.00
[INFO] [1789058243.888271017] [acados_nmpc_node]: [attach-window] t=105.46s pos_err=0.071m T=20.24N z=5.243 m_est=2.047
[INFO] [1789058243.932745201] [acados_nmpc_node]: [attach-window] t=105.50s pos_err=0.102m T=20.31N z=5.242 m_est=2.046
[INFO] [1789058243.988311647] [acados_nmpc_node]: [attach-window] t=105.56s pos_err=0.087m T=20.26N z=5.239 m_est=2.046
[INFO] [1789058244.032727288] [acados_nmpc_node]: [attach-window] t=105.60s pos_err=0.120m T=20.32N z=5.237 m_est=2.046
[INFO] [1789058244.033219927] [acados_nmpc_node]: t=105.6s | pos_err=0.120m | T=20.32N | tau=[r-0.005 p0.033 y0.004]Nm | res_stat=8.229e-07(peak 2.921e-06) sqp_iter=5 | solve=2.0ms
[INFO] [1789058244.033423168] [acados_nmpc_node]: [flight-diag] t=105.6s | om_scale=1.000(lo 1.000 hi 1.000) | tilt_max=10.05deg | w_max=[r0.060 p0.220 y1.043]rad/s | u_frac=[T0.659 r0.041 p0.125 y0.728] | u_sat=[T0.0 r0.0 p0.0 y0.0]% | mot_peak=0.832 mot_sat=0.0% | health=na age=na conf=na | n=100
[INFO] [1789058244.040144946] [acados_nmpc_node]: [wcmd] raw=[+0.018,+0.010,+0.194] w=[+0.033,-0.079,+0.176] err=[-0.016,+0.089] scaled=[+0.018,+0.010] s=1.00
[INFO] [1789058244.088233036] [acados_nmpc_node]: [attach-window] t=105.66s pos_err=0.083m T=20.24N z=5.234 m_est=2.046
[INFO] [1789058244.132826804] [acados_nmpc_node]: [attach-window] t=105.70s pos_err=0.116m T=20.31N z=5.233 m_est=2.045
[INFO] [1789058244.188262789] [acados_nmpc_node]: [attach-window] t=105.76s pos_err=0.077m T=20.22N z=5.230 m_est=2.045
[INFO] [1789058244.232980665] [acados_nmpc_node]: [attach-window] t=105.80s pos_err=0.132m T=20.34N z=5.229 m_est=2.045
[INFO] [1789058244.240144680] [acados_nmpc_node]: [wcmd] raw=[+0.003,+0.008,+0.237] w=[+0.013,-0.110,+0.172] err=[-0.010,+0.117] scaled=[+0.003,+0.008] s=1.00
[INFO] [1789058244.288451533] [acados_nmpc_node]: [attach-window] t=105.86s pos_err=0.091m T=20.26N z=5.226 m_est=2.045
[INFO] [1789058244.332733066] [acados_nmpc_node]: [attach-window] t=105.90s pos_err=0.126m T=20.32N z=5.224 m_est=2.045
[INFO] [1789058244.388585098] [acados_nmpc_node]: [attach-window] t=105.96s pos_err=0.107m T=20.30N z=5.222 m_est=2.045
[INFO] [1789058244.432917164] [acados_nmpc_node]: [attach-window] t=106.00s pos_err=0.120m T=20.33N z=5.220 m_est=2.046
[INFO] [1789058244.440162150] [acados_nmpc_node]: [wcmd] raw=[+0.004,-0.040,+0.278] w=[-0.006,-0.060,+0.198] err=[+0.010,+0.020] scaled=[+0.004,-0.040] s=1.00
[INFO] [1789058244.488328754] [acados_nmpc_node]: [attach-window] t=106.06s pos_err=0.100m T=20.31N z=5.218 m_est=2.046
[INFO] [1789058244.532675974] [acados_nmpc_node]: [attach-window] t=106.10s pos_err=0.136m T=20.38N z=5.217 m_est=2.046
[INFO] [1789058244.588045819] [acados_nmpc_node]: [attach-window] t=106.16s pos_err=0.116m T=20.35N z=5.215 m_est=2.046
[INFO] [1789058244.632832853] [acados_nmpc_node]: [attach-window] t=106.20s pos_err=0.131m T=20.37N z=5.214 m_est=2.045
[INFO] [1789058244.640181987] [acados_nmpc_node]: [wcmd] raw=[-0.007,-0.032,+0.313] w=[-0.015,-0.058,+0.236] err=[+0.007,+0.026] scaled=[-0.007,-0.032] s=1.00
[INFO] [1789058244.688166734] [acados_nmpc_node]: [attach-window] t=106.26s pos_err=0.111m T=20.32N z=5.214 m_est=2.045
[INFO] [1789058244.732871586] [acados_nmpc_node]: [attach-window] t=106.30s pos_err=0.148m T=20.35N z=5.214 m_est=2.045
[INFO] [1789058244.788329351] [acados_nmpc_node]: [attach-window] t=106.36s pos_err=0.128m T=20.31N z=5.214 m_est=2.045
[INFO] [1789058244.832694254] [acados_nmpc_node]: [attach-window] t=106.40s pos_err=0.164m T=20.33N z=5.214 m_est=2.043
[INFO] [1789058244.840170268] [acados_nmpc_node]: [wcmd] raw=[-0.038,+0.039,+0.332] w=[-0.028,-0.049,+0.276] err=[-0.011,+0.089] scaled=[-0.038,+0.039] s=1.00
[INFO] [1789058244.888156511] [acados_nmpc_node]: [attach-window] t=106.46s pos_err=0.122m T=20.25N z=5.215 m_est=2.043
[INFO] [1789058244.932650119] [acados_nmpc_node]: [attach-window] t=106.50s pos_err=0.158m T=20.28N z=5.215 m_est=2.042
[INFO] [1789058244.988018352] [acados_nmpc_node]: [attach-window] t=106.56s pos_err=0.137m T=20.25N z=5.216 m_est=2.042
[INFO] [1789058245.032728269] [acados_nmpc_node]: [attach-window] t=106.60s pos_err=0.172m T=20.28N z=5.216 m_est=2.041
[INFO] [1789058245.040138416] [acados_nmpc_node]: [wcmd] raw=[-0.037,-0.014,+0.346] w=[-0.034,-0.079,+0.306] err=[-0.003,+0.065] scaled=[-0.037,-0.014] s=1.00
[INFO] [1789058245.087960762] [acados_nmpc_node]: [attach-window] t=106.66s pos_err=0.129m T=20.24N z=5.217 m_est=2.041
[INFO] [1789058245.132628565] [acados_nmpc_node]: [attach-window] t=106.70s pos_err=0.164m T=20.29N z=5.217 m_est=2.040
[INFO] [1789058245.188168064] [acados_nmpc_node]: [attach-window] t=106.76s pos_err=0.143m T=20.27N z=5.218 m_est=2.040
[INFO] [1789058245.232663940] [acados_nmpc_node]: [attach-window] t=106.80s pos_err=0.176m T=20.32N z=5.219 m_est=2.040
[INFO] [1789058245.240148660] [acados_nmpc_node]: [wcmd] raw=[-0.037,-0.022,+0.356] w=[-0.026,-0.106,+0.328] err=[-0.011,+0.085] scaled=[-0.037,-0.022] s=1.00
[INFO] [1789058245.287781511] [acados_nmpc_node]: [attach-window] t=106.86s pos_err=0.133m T=20.29N z=5.221 m_est=2.040
[INFO] [1789058245.332646842] [acados_nmpc_node]: [attach-window] t=106.90s pos_err=0.167m T=20.35N z=5.221 m_est=2.040
[INFO] [1789058245.388050902] [acados_nmpc_node]: [attach-window] t=106.96s pos_err=0.126m T=20.30N z=5.223 m_est=2.040
[INFO] [1789058245.432987713] [acados_nmpc_node]: [attach-window] t=107.00s pos_err=0.178m T=20.38N z=5.224 m_est=2.041
[INFO] [1789058245.440234890] [acados_nmpc_node]: [wcmd] raw=[-0.041,+0.001,+0.376] w=[-0.026,-0.115,+0.345] err=[-0.015,+0.116] scaled=[-0.041,+0.001] s=1.00
[INFO] [1789058245.487989451] [acados_nmpc_node]: [attach-window] t=107.06s pos_err=0.138m T=20.36N z=5.226 m_est=2.041
[INFO] [1789058245.532844217] [acados_nmpc_node]: [attach-window] t=107.10s pos_err=0.170m T=20.41N z=5.227 m_est=2.042
[INFO] [1789058245.587753651] [acados_nmpc_node]: [attach-window] t=107.16s pos_err=0.151m T=20.41N z=5.228 m_est=2.042
[INFO] [1789058245.632884440] [acados_nmpc_node]: [attach-window] t=107.20s pos_err=0.183m T=20.46N z=5.229 m_est=2.044
[INFO] [1789058245.640169942] [acados_nmpc_node]: [wcmd] raw=[-0.032,+0.031,+0.417] w=[-0.029,-0.039,+0.363] err=[-0.003,+0.070] scaled=[-0.032,+0.031] s=1.00
[INFO] [1789058245.688101009] [acados_nmpc_node]: [attach-window] t=107.26s pos_err=0.146m T=20.46N z=5.231 m_est=2.044
[INFO] [1789058245.732966416] [acados_nmpc_node]: [attach-window] t=107.30s pos_err=0.176m T=20.52N z=5.232 m_est=2.045
[INFO] [1789058245.788593791] [acados_nmpc_node]: [attach-window] t=107.36s pos_err=0.159m T=20.51N z=5.234 m_est=2.045
[INFO] [1789058245.833019159] [acados_nmpc_node]: [attach-window] t=107.40s pos_err=0.188m T=20.56N z=5.235 m_est=2.047
[INFO] [1789058245.840224503] [acados_nmpc_node]: [wcmd] raw=[-0.020,-0.013,+0.476] w=[-0.013,-0.056,+0.393] err=[-0.007,+0.042] scaled=[-0.020,-0.013] s=1.00
[INFO] [1789058245.885899629] [acados_nmpc_node]: [attach-window] t=107.45s pos_err=0.150m T=20.51N z=5.238 m_est=2.047
[INFO] [1789058245.932090446] [acados_nmpc_node]: [attach-window] t=107.50s pos_err=0.181m T=20.56N z=5.239 m_est=2.048
[INFO] [1789058245.985694657] [acados_nmpc_node]: [attach-window] t=107.55s pos_err=0.160m T=20.51N z=5.243 m_est=2.048
[INFO] [1789058246.032860521] [acados_nmpc_node]: [attach-window] t=107.60s pos_err=0.190m T=20.55N z=5.244 m_est=2.049
[INFO] [1789058246.040302811] [acados_nmpc_node]: [wcmd] raw=[-0.043,-0.023,+0.560] w=[-0.015,-0.095,+0.442] err=[-0.028,+0.072] scaled=[-0.043,-0.023] s=1.00
[INFO] [1789058246.088224007] [acados_nmpc_node]: [attach-window] t=107.66s pos_err=0.158m T=20.48N z=5.249 m_est=2.049
[INFO] [1789058246.132912250] [acados_nmpc_node]: [attach-window] t=107.70s pos_err=0.181m T=20.51N z=5.252 m_est=2.050
[INFO] [1789058246.188441386] [acados_nmpc_node]: [attach-window] t=107.76s pos_err=0.165m T=20.47N z=5.257 m_est=2.050
[INFO] [1789058246.233033205] [acados_nmpc_node]: [attach-window] t=107.80s pos_err=0.186m T=20.50N z=5.259 m_est=2.050
[INFO] [1789058246.240110325] [acados_nmpc_node]: [wcmd] raw=[-0.065,-0.005,+0.666] w=[-0.054,-0.059,+0.508] err=[-0.011,+0.054] scaled=[-0.065,-0.005] s=1.00
[INFO] [1789058246.288484854] [acados_nmpc_node]: [attach-window] t=107.86s pos_err=0.156m T=20.44N z=5.266 m_est=2.050
[INFO] [1789058246.332950879] [acados_nmpc_node]: [attach-window] t=107.90s pos_err=0.175m T=20.48N z=5.269 m_est=2.050
[INFO] [1789058246.388536249] [acados_nmpc_node]: [attach-window] t=107.96s pos_err=0.158m T=20.46N z=5.275 m_est=2.050
[INFO] [1789058246.432924752] [acados_nmpc_node]: [attach-window] t=108.00s pos_err=0.175m T=20.51N z=5.278 m_est=2.051
[INFO] [1789058246.440176762] [acados_nmpc_node]: [wcmd] raw=[-0.065,-0.022,+0.789] w=[-0.063,-0.065,+0.603] err=[-0.002,+0.043] scaled=[-0.065,-0.022] s=1.00
[INFO] [1789058246.488280235] [acados_nmpc_node]: [attach-window] t=108.06s pos_err=0.147m T=20.46N z=5.285 m_est=2.051
[INFO] [1789058246.532916415] [acados_nmpc_node]: [attach-window] t=108.10s pos_err=0.161m T=20.52N z=5.288 m_est=2.051
[INFO] [1789058246.588208697] [acados_nmpc_node]: [attach-window] t=108.16s pos_err=0.146m T=20.50N z=5.295 m_est=2.051
[INFO] [1789058246.633095367] [acados_nmpc_node]: [attach-window] t=108.20s pos_err=0.159m T=20.55N z=5.298 m_est=2.051
[INFO] [1789058246.640106223] [acados_nmpc_node]: [wcmd] raw=[-0.063,-0.004,+0.912] w=[-0.064,-0.060,+0.713] err=[+0.001,+0.056] scaled=[-0.063,-0.004] s=1.00
[INFO] [1789058246.688131972] [acados_nmpc_node]: [attach-window] t=108.26s pos_err=0.135m T=20.50N z=5.306 m_est=2.051
[INFO] [1789058246.733170991] [acados_nmpc_node]: [attach-window] t=108.30s pos_err=0.145m T=20.57N z=5.309 m_est=2.051
[INFO] [1789058246.788783198] [acados_nmpc_node]: [attach-window] t=108.36s pos_err=0.133m T=20.54N z=5.317 m_est=2.051
[INFO] [1789058246.832960587] [acados_nmpc_node]: [attach-window] t=108.40s pos_err=0.141m T=20.60N z=5.320 m_est=2.051
[INFO] [1789058246.840159903] [acados_nmpc_node]: [wcmd] raw=[-0.044,+0.009,+1.010] w=[-0.044,-0.038,+0.837] err=[-0.000,+0.047] scaled=[-0.044,+0.009] s=1.00
[INFO] [1789058246.888497192] [acados_nmpc_node]: [attach-window] t=108.46s pos_err=0.124m T=20.53N z=5.329 m_est=2.051
[INFO] [1789058246.933002092] [acados_nmpc_node]: [attach-window] t=108.50s pos_err=0.130m T=20.60N z=5.332 m_est=2.052
[INFO] [1789058246.989171203] [acados_nmpc_node]: [attach-window] t=108.56s pos_err=0.121m T=20.56N z=5.340 m_est=2.052
[INFO] [1789058247.033244588] [acados_nmpc_node]: [attach-window] t=108.60s pos_err=0.121m T=20.59N z=5.345 m_est=2.052
[INFO] [1789058247.040198335] [acados_nmpc_node]: [wcmd] raw=[-0.005,-0.041,+1.042] w=[-0.022,-0.038,+0.945] err=[+0.017,-0.003] scaled=[-0.005,-0.041] s=1.00
[INFO] [1789058247.088505116] [acados_nmpc_node]: [attach-window] t=108.66s pos_err=0.116m T=20.54N z=5.353 m_est=2.052
[INFO] [1789058247.132726825] [acados_nmpc_node]: [attach-window] t=108.70s pos_err=0.117m T=20.62N z=5.357 m_est=2.052
[INFO] [1789058247.188520369] [acados_nmpc_node]: [attach-window] t=108.76s pos_err=0.114m T=20.58N z=5.366 m_est=2.052
[INFO] [1789058247.232760184] [acados_nmpc_node]: [attach-window] t=108.80s pos_err=0.113m T=20.65N z=5.370 m_est=2.052
[INFO] [1789058247.240199462] [acados_nmpc_node]: [wcmd] raw=[-0.059,+0.044,+1.010] w=[-0.019,-0.024,+1.014] err=[-0.040,+0.068] scaled=[-0.059,+0.044] s=1.00
[INFO] [1789058247.288375573] [acados_nmpc_node]: [attach-window] t=108.86s pos_err=0.113m T=20.55N z=5.380 m_est=2.052
[INFO] [1789058247.332716408] [acados_nmpc_node]: [attach-window] t=108.90s pos_err=0.108m T=20.62N z=5.385 m_est=2.053
[INFO] [1789058247.388458772] [acados_nmpc_node]: [attach-window] t=108.96s pos_err=0.108m T=20.57N z=5.394 m_est=2.053
[INFO] [1789058247.432255343] [acados_nmpc_node]: [attach-window] t=109.00s pos_err=0.105m T=20.59N z=5.400 m_est=2.052
[INFO] [1789058247.440062313] [acados_nmpc_node]: [wcmd] raw=[-0.029,+0.000,+0.885] w=[-0.026,+0.000,+1.025] err=[-0.003,-0.000] scaled=[-0.029,+0.000] s=1.00
[INFO] [1789058247.488199723] [acados_nmpc_node]: [attach-window] t=109.06s pos_err=0.109m T=20.53N z=5.410 m_est=2.052
[INFO] [1789058247.532712093] [acados_nmpc_node]: [attach-window] t=109.10s pos_err=0.099m T=20.63N z=5.415 m_est=2.052
[INFO] [1789058247.588092194] [acados_nmpc_node]: [attach-window] t=109.16s pos_err=0.112m T=20.51N z=5.426 m_est=2.052
[INFO] [1789058247.632785672] [acados_nmpc_node]: [attach-window] t=109.20s pos_err=0.097m T=20.61N z=5.431 m_est=2.052
[INFO] [1789058247.640215758] [acados_nmpc_node]: [wcmd] raw=[-0.044,+0.026,+0.690] w=[-0.005,-0.005,+0.960] err=[-0.039,+0.031] scaled=[-0.044,+0.026] s=1.00
[INFO] [1789058247.688259292] [acados_nmpc_node]: [attach-window] t=109.26s pos_err=0.104m T=20.54N z=5.441 m_est=2.052
[INFO] [1789058247.732918318] [acados_nmpc_node]: [attach-window] t=109.30s pos_err=0.088m T=20.62N z=5.447 m_est=2.052
[INFO] [1789058247.788385664] [acados_nmpc_node]: [attach-window] t=109.36s pos_err=0.093m T=20.55N z=5.458 m_est=2.052
[INFO] [1789058247.833024750] [acados_nmpc_node]: [attach-window] t=109.40s pos_err=0.076m T=20.63N z=5.463 m_est=2.051
[INFO] [1789058247.840110508] [acados_nmpc_node]: [wcmd] raw=[-0.092,+0.150,+0.492] w=[-0.032,+0.066,+0.816] err=[-0.060,+0.084] scaled=[-0.092,+0.150] s=1.00
[INFO] [1789058247.888322188] [acados_nmpc_node]: [attach-window] t=109.46s pos_err=0.092m T=20.49N z=5.476 m_est=2.051
[INFO] [1789058247.932945251] [acados_nmpc_node]: [attach-window] t=109.50s pos_err=0.071m T=20.59N z=5.482 m_est=2.051
[INFO] [1789058247.988372843] [acados_nmpc_node]: [attach-window] t=109.56s pos_err=0.077m T=20.49N z=5.494 m_est=2.051
[INFO] [1789058248.032937393] [acados_nmpc_node]: [attach-window] t=109.60s pos_err=0.056m T=20.60N z=5.500 m_est=2.051
[INFO] [1789058248.040149545] [acados_nmpc_node]: [wcmd] raw=[-0.063,+0.072,+0.303] w=[-0.034,+0.033,+0.631] err=[-0.028,+0.039] scaled=[-0.063,+0.072] s=1.00
[INFO] [1789058248.088458267] [acados_nmpc_node]: [attach-window] t=109.66s pos_err=0.077m T=20.39N z=5.514 m_est=2.051
[INFO] [1789058248.133143732] [acados_nmpc_node]: [attach-window] t=109.70s pos_err=0.051m T=20.51N z=5.521 m_est=2.050
[INFO] [1789058248.189041868] [acados_nmpc_node]: [attach-window] t=109.76s pos_err=0.061m T=20.39N z=5.533 m_est=2.050
[INFO] [1789058248.233162877] [acados_nmpc_node]: [attach-window] t=109.80s pos_err=0.037m T=20.50N z=5.540 m_est=2.049
[INFO] [1789058248.240155388] [acados_nmpc_node]: [wcmd] raw=[-0.040,+0.043,+0.163] w=[-0.012,-0.037,+0.437] err=[-0.028,+0.080] scaled=[-0.040,+0.043] s=1.00
[INFO] [1789058248.288277596] [acados_nmpc_node]: [attach-window] t=109.86s pos_err=0.066m T=20.28N z=5.554 m_est=2.049
[INFO] [1789058248.332846597] [acados_nmpc_node]: [attach-window] t=109.90s pos_err=0.036m T=20.41N z=5.561 m_est=2.047
[INFO] [1789058248.388198385] [acados_nmpc_node]: [attach-window] t=109.96s pos_err=0.053m T=20.30N z=5.574 m_est=2.047
[INFO] [1789058248.432651507] [acados_nmpc_node]: [attach-window] t=110.00s pos_err=0.023m T=20.42N z=5.580 m_est=2.045
[INFO] [1789058248.440140821] [acados_nmpc_node]: [wcmd] raw=[-0.024,+0.061,+0.083] w=[-0.004,-0.048,+0.267] err=[-0.020,+0.109] scaled=[-0.024,+0.061] s=1.00
[INFO] [1789058248.488211708] [acados_nmpc_node]: [attach-window] t=110.06s pos_err=0.062m T=20.23N z=5.595 m_est=2.045
[INFO] [1789058248.532642899] [acados_nmpc_node]: [attach-window] t=110.10s pos_err=0.028m T=20.36N z=5.602 m_est=2.043
[INFO] [1789058248.587604831] [acados_nmpc_node]: [attach-window] t=110.16s pos_err=0.051m T=20.25N z=5.616 m_est=2.043
[INFO] [1789058248.632720693] [acados_nmpc_node]: [attach-window] t=110.20s pos_err=0.021m T=20.37N z=5.623 m_est=2.041
[INFO] [1789058248.640155859] [acados_nmpc_node]: [wcmd] raw=[+0.001,+0.078,+0.054] w=[+0.002,-0.035,+0.143] err=[-0.000,+0.113] scaled=[+0.001,+0.078] s=1.00
[INFO] [1789058248.687786987] [acados_nmpc_node]: [attach-window] t=110.26s pos_err=0.061m T=20.17N z=5.639 m_est=2.041
[INFO] [1789058248.732669086] [acados_nmpc_node]: [attach-window] t=110.30s pos_err=0.029m T=20.29N z=5.646 m_est=2.039
[INFO] [1789058248.788090378] [acados_nmpc_node]: [attach-window] t=110.36s pos_err=0.048m T=20.19N z=5.661 m_est=2.039
[INFO] [1789058248.832696526] [acados_nmpc_node]: [attach-window] t=110.40s pos_err=0.028m T=20.31N z=5.668 m_est=2.038
[INFO] [1789058248.840127575] [acados_nmpc_node]: [wcmd] raw=[+0.040,+0.092,+0.061] w=[+0.025,-0.024,+0.072] err=[+0.015,+0.116] scaled=[+0.040,+0.092] s=1.00
[INFO] [1789058248.887859345] [acados_nmpc_node]: [attach-window] t=110.46s pos_err=0.057m T=20.11N z=5.685 m_est=2.038
[INFO] [1789058248.932702024] [acados_nmpc_node]: [attach-window] t=110.50s pos_err=0.032m T=20.25N z=5.693 m_est=2.037
[INFO] [1789058248.987819614] [acados_nmpc_node]: [attach-window] t=110.56s pos_err=0.045m T=20.13N z=5.708 m_est=2.037
[INFO] [1789058249.032030259] [acados_nmpc_node]: [attach-window] t=110.60s pos_err=0.038m T=20.26N z=5.716 m_est=2.037
[INFO] [1789058249.032389735] [acados_nmpc_node]: t=110.6s | pos_err=0.038m | T=20.26N | tau=[r0.002 p0.042 y0.013]Nm | res_stat=3.229e-07(peak 2.921e-06) sqp_iter=5 | solve=1.6ms
[INFO] [1789058249.032539720] [acados_nmpc_node]: [flight-diag] t=110.6s | om_scale=1.000(lo 1.000 hi 1.000) | tilt_max=10.65deg | w_max=[r0.068 p0.176 y1.030]rad/s | u_frac=[T0.659 r0.049 p0.085 y0.757] | u_sat=[T0.0 r0.0 p0.0 y0.0]% | mot_peak=0.833 mot_sat=0.0% | health=na age=na conf=na | n=100
[INFO] [1789058249.040357060] [acados_nmpc_node]: [wcmd] raw=[+0.060,+0.090,+0.083] w=[+0.057,-0.024,+0.047] err=[+0.003,+0.114] scaled=[+0.060,+0.090] s=1.00
[INFO] [1789058249.085552698] [acados_nmpc_node]: [attach-window] t=110.65s pos_err=0.055m T=20.03N z=5.733 m_est=2.037
[INFO] [1789058249.131791092] [acados_nmpc_node]: [attach-window] t=110.70s pos_err=0.038m T=20.19N z=5.741 m_est=2.037
[INFO] [1789058249.185510829] [acados_nmpc_node]: [attach-window] t=110.75s pos_err=0.044m T=20.05N z=5.757 m_est=2.037
[INFO] [1789058249.232004940] [acados_nmpc_node]: [attach-window] t=110.80s pos_err=0.050m T=20.19N z=5.766 m_est=2.037
[INFO] [1789058249.240075430] [acados_nmpc_node]: [wcmd] raw=[+0.040,+0.101,+0.101] w=[+0.054,-0.047,+0.052] err=[-0.014,+0.148] scaled=[+0.040,+0.101] s=1.00
[INFO] [1789058249.285866640] [acados_nmpc_node]: [attach-window] t=110.85s pos_err=0.050m T=19.96N z=5.784 m_est=2.037
[INFO] [1789058249.332148467] [acados_nmpc_node]: [attach-window] t=110.90s pos_err=0.049m T=20.12N z=5.792 m_est=2.037
[INFO] [1789058249.388151783] [acados_nmpc_node]: [attach-window] t=110.96s pos_err=0.044m T=20.03N z=5.807 m_est=2.037
[INFO] [1789058249.432980891] [acados_nmpc_node]: [attach-window] t=111.00s pos_err=0.064m T=20.16N z=5.815 m_est=2.037
[INFO] [1789058249.440179851] [acados_nmpc_node]: [wcmd] raw=[+0.027,+0.098,+0.105] w=[+0.033,-0.024,+0.067] err=[-0.005,+0.122] scaled=[+0.027,+0.098] s=1.00
[INFO] [1789058249.488455424] [acados_nmpc_node]: [attach-window] t=111.06s pos_err=0.048m T=20.00N z=5.831 m_est=2.037
[INFO] [1789058249.532746095] [acados_nmpc_node]: [attach-window] t=111.10s pos_err=0.060m T=20.15N z=5.839 m_est=2.036
[INFO] [1789058249.587775738] [acados_nmpc_node]: [attach-window] t=111.16s pos_err=0.050m T=20.06N z=5.853 m_est=2.036
[INFO] [1789058249.632377932] [acados_nmpc_node]: [attach-window] t=111.20s pos_err=0.057m T=20.11N z=5.862 m_est=2.036
[INFO] [1789058249.640128544] [acados_nmpc_node]: [wcmd] raw=[+0.034,-0.069,+0.092] w=[+0.031,-0.074,+0.080] err=[+0.003,+0.005] scaled=[+0.034,-0.069] s=1.00
[INFO] [1789058249.687707317] [acados_nmpc_node]: [attach-window] t=111.26s pos_err=0.053m T=20.01N z=5.876 m_est=2.036
[INFO] [1789058249.732615965] [acados_nmpc_node]: [attach-window] t=111.30s pos_err=0.071m T=20.17N z=5.883 m_est=2.035
[INFO] [1789058249.787664095] [acados_nmpc_node]: [attach-window] t=111.36s pos_err=0.059m T=20.00N z=5.899 m_est=2.035
[INFO] [1789058249.832444387] [acados_nmpc_node]: [attach-window] t=111.40s pos_err=0.067m T=20.15N z=5.906 m_est=2.034
[INFO] [1789058249.840147984] [acados_nmpc_node]: [wcmd] raw=[+0.028,-0.014,+0.063] w=[+0.036,-0.117,+0.080] err=[-0.008,+0.103] scaled=[+0.028,-0.014] s=1.00
[INFO] [1789058249.887826031] [acados_nmpc_node]: [attach-window] t=111.46s pos_err=0.060m T=20.08N z=5.919 m_est=2.034
[INFO] [1789058249.932682224] [acados_nmpc_node]: [attach-window] t=111.50s pos_err=0.082m T=20.19N z=5.926 m_est=2.034
[INFO] [1789058249.987880986] [acados_nmpc_node]: [attach-window] t=111.56s pos_err=0.068m T=20.15N z=5.939 m_est=2.034
[INFO] [1789058250.032581555] [acados_nmpc_node]: [attach-window] t=111.60s pos_err=0.101m T=20.24N z=5.945 m_est=2.033
[INFO] [1789058250.040235751] [acados_nmpc_node]: [wcmd] raw=[+0.030,+0.164,+0.027] w=[+0.035,+0.032,+0.065] err=[-0.005,+0.132] scaled=[+0.030,+0.164] s=1.00
[INFO] [1789058250.085487235] [acados_nmpc_node]: [attach-window] t=111.65s pos_err=0.067m T=20.13N z=5.960 m_est=2.033
[INFO] [1789058250.131799674] [acados_nmpc_node]: [attach-window] t=111.70s pos_err=0.098m T=20.25N z=5.966 m_est=2.032
[INFO] [1789058250.187571355] [acados_nmpc_node]: [attach-window] t=111.76s pos_err=0.080m T=20.18N z=5.979 m_est=2.032
[INFO] [1789058250.232722688] [acados_nmpc_node]: [attach-window] t=111.80s pos_err=0.119m T=20.29N z=5.985 m_est=2.032
[INFO] [1789058250.240121248] [acados_nmpc_node]: [wcmd] raw=[+0.041,+0.062,-0.013] w=[+0.045,-0.031,+0.037] err=[-0.003,+0.093] scaled=[+0.041,+0.062] s=1.00
[INFO] [1789058250.287689340] [acados_nmpc_node]: [attach-window] t=111.86s pos_err=0.079m T=20.12N z=5.999 m_est=2.032
[INFO] [1789058250.332603044] [acados_nmpc_node]: [attach-window] t=111.90s pos_err=0.114m T=20.23N z=6.006 m_est=2.033
[INFO] [1789058250.387530360] [acados_nmpc_node]: [attach-window] t=111.96s pos_err=0.076m T=20.02N z=6.021 m_est=2.033
[INFO] [1789058250.432583378] [acados_nmpc_node]: [attach-window] t=112.00s pos_err=0.132m T=20.23N z=6.026 m_est=2.034
[INFO] [1789058250.440153597] [acados_nmpc_node]: [wcmd] raw=[+0.047,+0.021,-0.051] w=[+0.052,-0.138,+0.000] err=[-0.005,+0.159] scaled=[+0.047,+0.021] s=1.00
[INFO] [1789058250.487993210] [acados_nmpc_node]: [attach-window] t=112.06s pos_err=0.087m T=20.06N z=6.042 m_est=2.034
[INFO] [1789058250.532645395] [acados_nmpc_node]: [attach-window] t=112.10s pos_err=0.125m T=20.15N z=6.049 m_est=2.035
[INFO] [1789058250.587812059] [acados_nmpc_node]: [attach-window] t=112.16s pos_err=0.101m T=20.06N z=6.063 m_est=2.035
[INFO] [1789058250.632769523] [acados_nmpc_node]: [attach-window] t=112.20s pos_err=0.142m T=20.13N z=6.070 m_est=2.036
[INFO] [1789058250.640207582] [acados_nmpc_node]: [wcmd] raw=[+0.055,+0.075,-0.084] w=[+0.058,-0.052,-0.038] err=[-0.003,+0.127] scaled=[+0.055,+0.075] s=1.00
[INFO] [1789058250.687855294] [acados_nmpc_node]: [attach-window] t=112.26s pos_err=0.094m T=20.02N z=6.087 m_est=2.036
[INFO] [1789058250.732643839] [acados_nmpc_node]: [attach-window] t=112.30s pos_err=0.133m T=20.11N z=6.094 m_est=2.038
[INFO] [1789058250.788402561] [acados_nmpc_node]: [attach-window] t=112.36s pos_err=0.109m T=20.05N z=6.109 m_est=2.038
[INFO] [1789058250.832672323] [acados_nmpc_node]: [attach-window] t=112.40s pos_err=0.124m T=20.08N z=6.118 m_est=2.039
[INFO] [1789058250.840148146] [acados_nmpc_node]: [wcmd] raw=[+0.053,-0.057,-0.113] w=[+0.061,-0.061,-0.073] err=[-0.008,+0.004] scaled=[+0.053,-0.057] s=1.00
[INFO] [1789058250.888046040] [acados_nmpc_node]: [attach-window] t=112.46s pos_err=0.101m T=20.02N z=6.132 m_est=2.039
[INFO] [1789058250.932617465] [acados_nmpc_node]: [attach-window] t=112.50s pos_err=0.142m T=20.12N z=6.139 m_est=2.040
[INFO] [1789058250.988007854] [acados_nmpc_node]: [attach-window] t=112.56s pos_err=0.117m T=20.10N z=6.153 m_est=2.040
[INFO] [1789058251.032737256] [acados_nmpc_node]: [attach-window] t=112.60s pos_err=0.133m T=20.13N z=6.162 m_est=2.040
[INFO] [1789058251.040145815] [acados_nmpc_node]: [wcmd] raw=[+0.048,-0.024,-0.140] w=[+0.057,-0.063,-0.106] err=[-0.009,+0.040] scaled=[+0.048,-0.024] s=1.00
[INFO] [1789058251.088201123] [acados_nmpc_node]: [attach-window] t=112.66s pos_err=0.109m T=20.10N z=6.176 m_est=2.040
[INFO] [1789058251.132931820] [acados_nmpc_node]: [attach-window] t=112.70s pos_err=0.151m T=20.17N z=6.182 m_est=2.039
[INFO] [1789058251.187989394] [acados_nmpc_node]: [attach-window] t=112.76s pos_err=0.126m T=20.17N z=6.195 m_est=2.039
[INFO] [1789058251.232840566] [acados_nmpc_node]: [attach-window] t=112.80s pos_err=0.168m T=20.20N z=6.202 m_est=2.036
[INFO] [1789058251.240121690] [acados_nmpc_node]: [wcmd] raw=[+0.040,+0.067,-0.169] w=[+0.042,-0.029,-0.133] err=[-0.002,+0.097] scaled=[+0.040,+0.067] s=1.00
[INFO] [1789058251.287976614] [acados_nmpc_node]: [attach-window] t=112.86s pos_err=0.120m T=20.17N z=6.215 m_est=2.036
[INFO] [1789058251.332866321] [acados_nmpc_node]: [attach-window] t=112.90s pos_err=0.161m T=20.19N z=6.222 m_est=2.032
[INFO] [1789058251.388116083] [acados_nmpc_node]: [attach-window] t=112.96s pos_err=0.115m T=20.12N z=6.235 m_est=2.032
[INFO] [1789058251.432990596] [acados_nmpc_node]: [attach-window] t=113.00s pos_err=0.178m T=20.20N z=6.240 m_est=2.029
[INFO] [1789058251.440143583] [acados_nmpc_node]: [wcmd] raw=[+0.041,+0.017,-0.204] w=[+0.033,-0.084,-0.164] err=[+0.009,+0.101] scaled=[+0.041,+0.017] s=1.00
[INFO] [1789058251.487937456] [acados_nmpc_node]: [attach-window] t=113.06s pos_err=0.131m T=20.15N z=6.254 m_est=2.029
[INFO] [1789058251.532818409] [acados_nmpc_node]: [attach-window] t=113.10s pos_err=0.170m T=20.18N z=6.260 m_est=2.027
[INFO] [1789058251.587942708] [acados_nmpc_node]: [attach-window] t=113.16s pos_err=0.125m T=20.14N z=6.274 m_est=2.027
[INFO] [1789058251.632827740] [acados_nmpc_node]: [attach-window] t=113.20s pos_err=0.185m T=20.22N z=6.278 m_est=2.027
[INFO] [1789058251.640131304] [acados_nmpc_node]: [wcmd] raw=[+0.057,+0.032,-0.248] w=[+0.044,-0.066,-0.195] err=[+0.013,+0.098] scaled=[+0.057,+0.032] s=1.00
[INFO] [1789058251.688324822] [acados_nmpc_node]: [attach-window] t=113.26s pos_err=0.140m T=20.20N z=6.292 m_est=2.027
[INFO] [1789058251.732889310] [acados_nmpc_node]: [attach-window] t=113.30s pos_err=0.177m T=20.26N z=6.298 m_est=2.027
[INFO] [1789058251.788231275] [acados_nmpc_node]: [attach-window] t=113.36s pos_err=0.134m T=20.24N z=6.311 m_est=2.027
[INFO] [1789058251.832987567] [acados_nmpc_node]: [attach-window] t=113.40s pos_err=0.168m T=20.32N z=6.316 m_est=2.029
[INFO] [1789058251.840149670] [acados_nmpc_node]: [wcmd] raw=[+0.043,-0.027,-0.304] w=[+0.053,-0.053,-0.234] err=[-0.009,+0.026] scaled=[+0.043,-0.027] s=1.00
[INFO] [1789058251.888416332] [acados_nmpc_node]: [attach-window] t=113.46s pos_err=0.148m T=20.33N z=6.327 m_est=2.029
[INFO] [1789058251.932902732] [acados_nmpc_node]: [attach-window] t=113.50s pos_err=0.181m T=20.41N z=6.333 m_est=2.032
[INFO] [1789058251.988285016] [acados_nmpc_node]: [attach-window] t=113.56s pos_err=0.140m T=20.40N z=6.344 m_est=2.032
[INFO] [1789058252.032948836] [acados_nmpc_node]: [attach-window] t=113.60s pos_err=0.193m T=20.50N z=6.348 m_est=2.036
[INFO] [1789058252.040126285] [acados_nmpc_node]: [wcmd] raw=[+0.066,+0.049,-0.380] w=[+0.055,-0.033,-0.283] err=[+0.011,+0.082] scaled=[+0.066,+0.049] s=1.00
[INFO] [1789058252.088053315] [acados_nmpc_node]: [attach-window] t=113.66s pos_err=0.151m T=20.46N z=6.360 m_est=2.036
[INFO] [1789058252.132917264] [acados_nmpc_node]: [attach-window] t=113.70s pos_err=0.182m T=20.54N z=6.365 m_est=2.042
[INFO] [1789058252.188375134] [acados_nmpc_node]: [attach-window] t=113.76s pos_err=0.161m T=20.49N z=6.376 m_est=2.042
[INFO] [1789058252.233090754] [acados_nmpc_node]: [attach-window] t=113.80s pos_err=0.190m T=20.54N z=6.382 m_est=2.045
[INFO] [1789058252.240169965] [acados_nmpc_node]: [wcmd] raw=[+0.079,+0.018,-0.471] w=[+0.074,-0.015,-0.348] err=[+0.005,+0.033] scaled=[+0.079,+0.018] s=1.00
[INFO] [1789058252.288501763] [acados_nmpc_node]: [attach-window] t=113.86s pos_err=0.150m T=20.45N z=6.395 m_est=2.045
[INFO] [1789058252.332914175] [acados_nmpc_node]: [attach-window] t=113.90s pos_err=0.178m T=20.49N z=6.401 m_est=2.048
[INFO] [1789058252.388311056] [acados_nmpc_node]: [attach-window] t=113.96s pos_err=0.138m T=20.39N z=6.415 m_est=2.048
[INFO] [1789058252.432890803] [acados_nmpc_node]: [attach-window] t=114.00s pos_err=0.164m T=20.42N z=6.421 m_est=2.050
[INFO] [1789058252.440188031] [acados_nmpc_node]: [wcmd] raw=[+0.047,-0.059,-0.576] w=[+0.073,-0.069,-0.429] err=[-0.026,+0.011] scaled=[+0.047,-0.059] s=1.00
[INFO] [1789058252.488236647] [acados_nmpc_node]: [attach-window] t=114.06s pos_err=0.143m T=20.36N z=6.433 m_est=2.050
[INFO] [1789058252.532892468] [acados_nmpc_node]: [attach-window] t=114.10s pos_err=0.169m T=20.39N z=6.439 m_est=2.050
[INFO] [1789058252.588190008] [acados_nmpc_node]: [attach-window] t=114.16s pos_err=0.132m T=20.32N z=6.454 m_est=2.050
[INFO] [1789058252.633067326] [acados_nmpc_node]: [attach-window] t=114.20s pos_err=0.173m T=20.38N z=6.458 m_est=2.051
[INFO] [1789058252.640105545] [acados_nmpc_node]: [wcmd] raw=[+0.049,+0.038,-0.700] w=[+0.050,-0.032,-0.524] err=[-0.001,+0.070] scaled=[+0.049,+0.038] s=1.00
[INFO] [1789058252.688339313] [acados_nmpc_node]: [attach-window] t=114.26s pos_err=0.137m T=20.32N z=6.472 m_est=2.051
[INFO] [1789058252.732935411] [acados_nmpc_node]: [attach-window] t=114.30s pos_err=0.160m T=20.35N z=6.478 m_est=2.050
[INFO] [1789058252.789623699] [acados_nmpc_node]: [attach-window] t=114.36s pos_err=0.144m T=20.32N z=6.490 m_est=2.050
[INFO] [1789058252.832959606] [acados_nmpc_node]: [attach-window] t=114.40s pos_err=0.164m T=20.35N z=6.495 m_est=2.050
[INFO] [1789058252.840124569] [acados_nmpc_node]: [wcmd] raw=[+0.022,+0.022,-0.835] w=[+0.031,-0.003,-0.640] err=[-0.009,+0.025] scaled=[+0.022,+0.022] s=1.00
[INFO] [1789058252.888312626] [acados_nmpc_node]: [attach-window] t=114.46s pos_err=0.132m T=20.28N z=6.509 m_est=2.050
[INFO] [1789058252.933062346] [acados_nmpc_node]: [attach-window] t=114.50s pos_err=0.153m T=20.33N z=6.514 m_est=2.050
[INFO] [1789058252.988162350] [acados_nmpc_node]: [attach-window] t=114.56s pos_err=0.136m T=20.28N z=6.526 m_est=2.050
[INFO] [1789058253.033067363] [acados_nmpc_node]: [attach-window] t=114.60s pos_err=0.143m T=20.29N z=6.533 m_est=2.049
[INFO] [1789058253.040123678] [acados_nmpc_node]: [wcmd] raw=[-0.025,-0.047,-0.947] w=[-0.001,-0.043,-0.768] err=[-0.025,-0.004] scaled=[-0.025,-0.047] s=1.00
[INFO] [1789058253.087853760] [acados_nmpc_node]: [attach-window] t=114.66s pos_err=0.128m T=20.25N z=6.544 m_est=2.049
[INFO] [1789058253.132903309] [acados_nmpc_node]: [attach-window] t=114.70s pos_err=0.146m T=20.30N z=6.549 m_est=2.049
[INFO] [1789058253.188028731] [acados_nmpc_node]: [attach-window] t=114.76s pos_err=0.133m T=20.26N z=6.560 m_est=2.049
[INFO] [1789058253.232660858] [acados_nmpc_node]: [attach-window] t=114.80s pos_err=0.150m T=20.31N z=6.566 m_est=2.049
[INFO] [1789058253.240164320] [acados_nmpc_node]: [wcmd] raw=[+0.022,+0.041,-1.029] w=[-0.003,-0.025,-0.888] err=[+0.024,+0.066] scaled=[+0.022,+0.041] s=1.00
[INFO] [1789058253.287892724] [acados_nmpc_node]: [attach-window] t=114.86s pos_err=0.127m T=20.24N z=6.577 m_est=2.049
[INFO] [1789058253.332637145] [acados_nmpc_node]: [attach-window] t=114.90s pos_err=0.143m T=20.29N z=6.583 m_est=2.050
[INFO] [1789058253.387989282] [acados_nmpc_node]: [attach-window] t=114.96s pos_err=0.132m T=20.25N z=6.593 m_est=2.050
[INFO] [1789058253.432723111] [acados_nmpc_node]: [attach-window] t=115.00s pos_err=0.146m T=20.31N z=6.598 m_est=2.050
[INFO] [1789058253.440107449] [acados_nmpc_node]: [wcmd] raw=[+0.018,+0.044,-1.033] w=[+0.005,+0.008,-0.986] err=[+0.014,+0.036] scaled=[+0.018,+0.044] s=1.00
[INFO] [1789058253.488075492] [acados_nmpc_node]: [attach-window] t=115.06s pos_err=0.127m T=20.24N z=6.609 m_est=2.050
[INFO] [1789058253.532643304] [acados_nmpc_node]: [attach-window] t=115.10s pos_err=0.139m T=20.30N z=6.613 m_est=2.050
[INFO] [1789058253.588049520] [acados_nmpc_node]: [attach-window] t=115.16s pos_err=0.122m T=20.22N z=6.624 m_est=2.050
[INFO] [1789058253.632582744] [acados_nmpc_node]: [attach-window] t=115.20s pos_err=0.131m T=20.29N z=6.628 m_est=2.050
[INFO] [1789058253.640111524] [acados_nmpc_node]: [wcmd] raw=[+0.016,-0.026,-0.940] w=[-0.011,-0.040,-1.033] err=[+0.027,+0.013] scaled=[+0.016,-0.026] s=1.00
[INFO] [1789058253.688043698] [acados_nmpc_node]: [attach-window] t=115.26s pos_err=0.122m T=20.26N z=6.637 m_est=2.050
[INFO] [1789058253.732729188] [acados_nmpc_node]: [attach-window] t=115.30s pos_err=0.131m T=20.32N z=6.641 m_est=2.049
[INFO] [1789058253.787957653] [acados_nmpc_node]: [attach-window] t=115.36s pos_err=0.116m T=20.25N z=6.651 m_est=2.049
[INFO] [1789058253.831988644] [acados_nmpc_node]: [attach-window] t=115.40s pos_err=0.121m T=20.31N z=6.655 m_est=2.049
[INFO] [1789058253.840134469] [acados_nmpc_node]: [wcmd] raw=[+0.075,+0.014,-0.793] w=[+0.029,-0.024,-1.001] err=[+0.046,+0.038] scaled=[+0.075,+0.014] s=1.00
[INFO] [1789058253.888205210] [acados_nmpc_node]: [attach-window] t=115.46s pos_err=0.111m T=20.28N z=6.663 m_est=2.049
[INFO] [1789058253.932837164] [acados_nmpc_node]: [attach-window] t=115.50s pos_err=0.116m T=20.33N z=6.668 m_est=2.048
[INFO] [1789058253.988244522] [acados_nmpc_node]: [attach-window] t=115.56s pos_err=0.105m T=20.30N z=6.676 m_est=2.048
[INFO] [1789058254.032944284] [acados_nmpc_node]: [attach-window] t=115.60s pos_err=0.104m T=20.31N z=6.681 m_est=2.048
[INFO] [1789058254.033433357] [acados_nmpc_node]: t=115.6s | pos_err=0.104m | T=20.31N | tau=[r0.011 p0.009 y0.129]Nm | res_stat=1.129e-07(peak 2.921e-06) sqp_iter=5 | solve=2.3ms
[INFO] [1789058254.033634005] [acados_nmpc_node]: [flight-diag] t=115.6s | om_scale=1.000(lo 1.000 hi 1.000) | tilt_max=9.22deg | w_max=[r0.079 p0.211 y1.034]rad/s | u_frac=[T0.655 r0.047 p0.130 y0.644] | u_sat=[T0.0 r0.0 p0.0 y0.0]% | mot_peak=0.830 mot_sat=0.0% | health=na age=na conf=na | n=100
[INFO] [1789058254.040152685] [acados_nmpc_node]: [wcmd] raw=[+0.082,+0.035,-0.603] w=[+0.060,+0.028,-0.895] err=[+0.023,+0.007] scaled=[+0.082,+0.035] s=1.00
[INFO] [1789058254.088719025] [acados_nmpc_node]: [attach-window] t=115.66s pos_err=0.094m T=20.26N z=6.689 m_est=2.048
[INFO] [1789058254.132951605] [acados_nmpc_node]: [attach-window] t=115.70s pos_err=0.098m T=20.33N z=6.693 m_est=2.048
[INFO] [1789058254.188287031] [acados_nmpc_node]: [attach-window] t=115.76s pos_err=0.086m T=20.27N z=6.701 m_est=2.048
[INFO] [1789058254.233038136] [acados_nmpc_node]: [attach-window] t=115.80s pos_err=0.094m T=20.33N z=6.705 m_est=2.048
[INFO] [1789058254.240204173] [acados_nmpc_node]: [wcmd] raw=[+0.064,+0.053,-0.419] w=[+0.031,-0.001,-0.739] err=[+0.033,+0.055] scaled=[+0.064,+0.053] s=1.00
[INFO] [1789058254.288283436] [acados_nmpc_node]: [attach-window] t=115.86s pos_err=0.075m T=20.20N z=6.713 m_est=2.048
[INFO] [1789058254.332942475] [acados_nmpc_node]: [attach-window] t=115.90s pos_err=0.082m T=20.26N z=6.717 m_est=2.048
[INFO] [1789058254.388337369] [acados_nmpc_node]: [attach-window] t=115.96s pos_err=0.069m T=20.17N z=6.725 m_est=2.048
[INFO] [1789058254.432956603] [acados_nmpc_node]: [attach-window] t=116.00s pos_err=0.082m T=20.23N z=6.728 m_est=2.048
[INFO] [1789058254.440105584] [acados_nmpc_node]: [wcmd] raw=[+0.055,+0.009,-0.274] w=[+0.014,-0.058,-0.555] err=[+0.040,+0.067] scaled=[+0.055,+0.009] s=1.00
[INFO] [1789058254.488388775] [acados_nmpc_node]: [attach-window] t=116.06s pos_err=0.059m T=20.09N z=6.736 m_est=2.048
[INFO] [1789058254.532793573] [acados_nmpc_node]: [attach-window] t=116.10s pos_err=0.071m T=20.17N z=6.739 m_est=2.048
[INFO] [1789058254.588167869] [acados_nmpc_node]: [attach-window] t=116.16s pos_err=0.057m T=20.09N z=6.745 m_est=2.048
[INFO] [1789058254.632688127] [acados_nmpc_node]: [attach-window] t=116.20s pos_err=0.075m T=20.16N z=6.748 m_est=2.048
[INFO] [1789058254.640143525] [acados_nmpc_node]: [wcmd] raw=[+0.042,+0.009,-0.187] w=[+0.013,-0.081,-0.391] err=[+0.030,+0.090] scaled=[+0.042,+0.009] s=1.00
[INFO] [1789058254.688331371] [acados_nmpc_node]: [attach-window] t=116.26s pos_err=0.048m T=20.05N z=6.755 m_est=2.048
[INFO] [1789058254.732624971] [acados_nmpc_node]: [attach-window] t=116.30s pos_err=0.065m T=20.12N z=6.758 m_est=2.048
[INFO] [1789058254.788195662] [acados_nmpc_node]: [attach-window] t=116.36s pos_err=0.049m T=20.06N z=6.763 m_est=2.048
[INFO] [1789058254.832669538] [acados_nmpc_node]: [attach-window] t=116.40s pos_err=0.072m T=20.13N z=6.765 m_est=2.047
[INFO] [1789058254.840117608] [acados_nmpc_node]: [wcmd] raw=[+0.015,+0.014,-0.156] w=[+0.006,-0.069,-0.262] err=[+0.009,+0.083] scaled=[+0.015,+0.014] s=1.00
[INFO] [1789058254.887815908] [acados_nmpc_node]: [attach-window] t=116.46s pos_err=0.042m T=20.04N z=6.770 m_est=2.047
[INFO] [1789058254.932604268] [acados_nmpc_node]: [attach-window] t=116.50s pos_err=0.064m T=20.11N z=6.772 m_est=2.047
[INFO] [1789058254.987980569] [acados_nmpc_node]: [attach-window] t=116.56s pos_err=0.049m T=20.07N z=6.776 m_est=2.047
[INFO] [1789058255.032698253] [acados_nmpc_node]: [attach-window] t=116.60s pos_err=0.076m T=20.13N z=6.778 m_est=2.047
[INFO] [1789058255.040117529] [acados_nmpc_node]: [wcmd] raw=[-0.020,+0.022,-0.169] w=[-0.019,-0.079,-0.186] err=[-0.001,+0.100] scaled=[-0.020,+0.022] s=1.00
[INFO] [1789058255.087838014] [acados_nmpc_node]: [attach-window] t=116.66s pos_err=0.044m T=20.05N z=6.782 m_est=2.047
[INFO] [1789058255.132605214] [acados_nmpc_node]: [attach-window] t=116.70s pos_err=0.070m T=20.12N z=6.783 m_est=2.047
[INFO] [1789058255.187996041] [acados_nmpc_node]: [attach-window] t=116.76s pos_err=0.054m T=20.08N z=6.785 m_est=2.047
[INFO] [1789058255.231833948] [acados_nmpc_node]: [attach-window] t=116.80s pos_err=0.083m T=20.14N z=6.786 m_est=2.046
[INFO] [1789058255.240060023] [acados_nmpc_node]: [wcmd] raw=[-0.016,+0.024,-0.208] w=[-0.030,-0.063,-0.162] err=[+0.014,+0.087] scaled=[-0.016,+0.024] s=1.00
[INFO] [1789058255.285750811] [acados_nmpc_node]: [attach-window] t=116.85s pos_err=0.047m T=20.06N z=6.788 m_est=2.046
[INFO] [1789058255.331843749] [acados_nmpc_node]: [attach-window] t=116.90s pos_err=0.078m T=20.13N z=6.789 m_est=2.046
[INFO] [1789058255.387846730] [acados_nmpc_node]: [attach-window] t=116.96s pos_err=0.061m T=20.10N z=6.790 m_est=2.046
[INFO] [1789058255.432720277] [acados_nmpc_node]: [attach-window] t=117.00s pos_err=0.093m T=20.14N z=6.791 m_est=2.046
[INFO] [1789058255.440105844] [acados_nmpc_node]: [wcmd] raw=[+0.019,+0.036,-0.252] w=[+0.001,-0.072,-0.175] err=[+0.018,+0.109] scaled=[+0.019,+0.036] s=1.00
[INFO] [1789058255.487960935] [acados_nmpc_node]: [attach-window] t=117.06s pos_err=0.058m T=20.08N z=6.792 m_est=2.046
[INFO] [1789058255.532588512] [acados_nmpc_node]: [attach-window] t=117.10s pos_err=0.089m T=20.12N z=6.793 m_est=2.046
[INFO] [1789058255.587794139] [acados_nmpc_node]: [attach-window] t=117.16s pos_err=0.055m T=20.04N z=6.794 m_est=2.046
[INFO] [1789058255.632588914] [acados_nmpc_node]: [attach-window] t=117.20s pos_err=0.105m T=20.12N z=6.794 m_est=2.046
[INFO] [1789058255.640155477] [acados_nmpc_node]: [wcmd] raw=[+0.016,+0.030,-0.292] w=[+0.018,-0.072,-0.209] err=[-0.002,+0.102] scaled=[+0.016,+0.030] s=1.00
[INFO] [1789058255.688134307] [acados_nmpc_node]: [attach-window] t=117.26s pos_err=0.069m T=20.05N z=6.795 m_est=2.046
[INFO] [1789058255.732624503] [acados_nmpc_node]: [attach-window] t=117.30s pos_err=0.101m T=20.08N z=6.795 m_est=2.047
[INFO] [1789058255.787920574] [acados_nmpc_node]: [attach-window] t=117.36s pos_err=0.084m T=20.03N z=6.796 m_est=2.047
[INFO] [1789058255.832721573] [acados_nmpc_node]: [attach-window] t=117.40s pos_err=0.118m T=20.05N z=6.796 m_est=2.047
[INFO] [1789058255.840102601] [acados_nmpc_node]: [wcmd] raw=[+0.016,+0.033,-0.320] w=[+0.013,-0.041,-0.251] err=[+0.003,+0.074] scaled=[+0.016,+0.033] s=1.00
[INFO] [1789058255.888192357] [acados_nmpc_node]: [attach-window] t=117.46s pos_err=0.080m T=19.99N z=6.797 m_est=2.047
[INFO] [1789058255.932645023] [acados_nmpc_node]: [attach-window] t=117.50s pos_err=0.113m T=20.02N z=6.797 m_est=2.048
[INFO] [1789058255.988002582] [acados_nmpc_node]: [attach-window] t=117.56s pos_err=0.094m T=19.99N z=6.798 m_est=2.048
[INFO] [1789058256.032621965] [acados_nmpc_node]: [attach-window] t=117.60s pos_err=0.127m T=20.02N z=6.797 m_est=2.048
[INFO] [1789058256.040117573] [acados_nmpc_node]: [wcmd] raw=[+0.026,-0.019,-0.334] w=[+0.012,-0.083,-0.287] err=[+0.014,+0.064] scaled=[+0.026,-0.019] s=1.00
[INFO] [1789058256.087920909] [acados_nmpc_node]: [attach-window] t=117.66s pos_err=0.087m T=19.99N z=6.797 m_est=2.048
[INFO] [1789058256.132651920] [acados_nmpc_node]: [attach-window] t=117.70s pos_err=0.120m T=20.02N z=6.796 m_est=2.047
[INFO] [1789058256.187916766] [acados_nmpc_node]: [attach-window] t=117.76s pos_err=0.080m T=20.00N z=6.794 m_est=2.047
[INFO] [1789058256.232723926] [acados_nmpc_node]: [attach-window] t=117.80s pos_err=0.132m T=20.05N z=6.794 m_est=2.047
[INFO] [1789058256.240279247] [acados_nmpc_node]: [wcmd] raw=[+0.053,-0.023,-0.349] w=[+0.026,-0.128,-0.313] err=[+0.027,+0.105] scaled=[+0.053,-0.023] s=1.00
[INFO] [1789058256.288080744] [acados_nmpc_node]: [attach-window] t=117.86s pos_err=0.091m T=20.05N z=6.791 m_est=2.047
[INFO] [1789058256.332572491] [acados_nmpc_node]: [attach-window] t=117.90s pos_err=0.123m T=20.07N z=6.790 m_est=2.048
[INFO] [1789058256.388002998] [acados_nmpc_node]: [attach-window] t=117.96s pos_err=0.103m T=20.09N z=6.787 m_est=2.048
[INFO] [1789058256.431918336] [acados_nmpc_node]: [attach-window] t=118.00s pos_err=0.135m T=20.09N z=6.786 m_est=2.048
[INFO] [1789058256.440065573] [acados_nmpc_node]: [wcmd] raw=[+0.063,+0.026,-0.367] w=[+0.052,-0.061,-0.333] err=[+0.010,+0.087] scaled=[+0.063,+0.026] s=1.00
[INFO] [1789058256.488078657] [acados_nmpc_node]: [attach-window] t=118.06s pos_err=0.095m T=20.12N z=6.782 m_est=2.048
[INFO] [1789058256.532661307] [acados_nmpc_node]: [attach-window] t=118.10s pos_err=0.126m T=20.13N z=6.781 m_est=2.048
[INFO] [1789058256.587971549] [acados_nmpc_node]: [attach-window] t=118.16s pos_err=0.106m T=20.14N z=6.777 m_est=2.048
[INFO] [1789058256.632741087] [acados_nmpc_node]: [attach-window] t=118.20s pos_err=0.138m T=20.13N z=6.776 m_est=2.048
[INFO] [1789058256.640201321] [acados_nmpc_node]: [wcmd] raw=[+0.029,-0.015,-0.398] w=[+0.035,-0.071,-0.352] err=[-0.006,+0.056] scaled=[+0.029,-0.015] s=1.00
[INFO] [1789058256.687985537] [acados_nmpc_node]: [attach-window] t=118.26s pos_err=0.100m T=20.14N z=6.772 m_est=2.048
[INFO] [1789058256.732888950] [acados_nmpc_node]: [attach-window] t=118.30s pos_err=0.130m T=20.14N z=6.770 m_est=2.048
[INFO] [1789058256.788443379] [acados_nmpc_node]: [attach-window] t=118.36s pos_err=0.113m T=20.14N z=6.766 m_est=2.048
[INFO] [1789058256.832987567] [acados_nmpc_node]: [attach-window] t=118.40s pos_err=0.142m T=20.13N z=6.764 m_est=2.048
[INFO] [1789058256.840176562] [acados_nmpc_node]: [wcmd] raw=[+0.012,-0.030,-0.448] w=[+0.002,-0.092,-0.378] err=[+0.009,+0.062] scaled=[+0.012,-0.030] s=1.00
[INFO] [1789058256.888046501] [acados_nmpc_node]: [attach-window] t=118.46s pos_err=0.106m T=20.14N z=6.759 m_est=2.048
[INFO] [1789058256.932934491] [acados_nmpc_node]: [attach-window] t=118.50s pos_err=0.134m T=20.12N z=6.757 m_est=2.047
[INFO] [1789058256.988019044] [acados_nmpc_node]: [attach-window] t=118.56s pos_err=0.117m T=20.12N z=6.753 m_est=2.047
[INFO] [1789058257.033086602] [acados_nmpc_node]: [attach-window] t=118.60s pos_err=0.143m T=20.09N z=6.751 m_est=2.047
[INFO] [1789058257.040184051] [acados_nmpc_node]: [wcmd] raw=[+0.033,-0.017,-0.522] w=[+0.010,-0.079,-0.417] err=[+0.023,+0.062] scaled=[+0.033,-0.017] s=1.00
[INFO] [1789058257.085759516] [acados_nmpc_node]: [attach-window] t=118.65s pos_err=0.108m T=20.12N z=6.746 m_est=2.047
[INFO] [1789058257.132096228] [acados_nmpc_node]: [attach-window] t=118.70s pos_err=0.135m T=20.10N z=6.744 m_est=2.046
[INFO] [1789058257.188271182] [acados_nmpc_node]: [attach-window] t=118.76s pos_err=0.119m T=20.13N z=6.739 m_est=2.046
[INFO] [1789058257.232884328] [acados_nmpc_node]: [attach-window] t=118.80s pos_err=0.142m T=20.11N z=6.736 m_est=2.046
[INFO] [1789058257.240110259] [acados_nmpc_node]: [wcmd] raw=[+0.060,-0.004,-0.620] w=[+0.040,-0.071,-0.477] err=[+0.020,+0.067] scaled=[+0.060,-0.004] s=1.00
[INFO] [1789058257.288378583] [acados_nmpc_node]: [attach-window] t=118.86s pos_err=0.112m T=20.18N z=6.730 m_est=2.046
[INFO] [1789058257.332878936] [acados_nmpc_node]: [attach-window] t=118.90s pos_err=0.133m T=20.18N z=6.726 m_est=2.046
[INFO] [1789058257.388074878] [acados_nmpc_node]: [attach-window] t=118.96s pos_err=0.117m T=20.23N z=6.719 m_est=2.046
[INFO] [1789058257.433034403] [acados_nmpc_node]: [attach-window] t=119.00s pos_err=0.138m T=20.23N z=6.716 m_est=2.046
[INFO] [1789058257.440141936] [acados_nmpc_node]: [wcmd] raw=[+0.056,-0.003,-0.739] w=[+0.059,-0.050,-0.560] err=[-0.003,+0.047] scaled=[+0.056,-0.003] s=1.00
[INFO] [1789058257.488268509] [acados_nmpc_node]: [attach-window] t=119.06s pos_err=0.111m T=20.31N z=6.707 m_est=2.046
[INFO] [1789058257.532870553] [acados_nmpc_node]: [attach-window] t=119.10s pos_err=0.129m T=20.32N z=6.702 m_est=2.047
[INFO] [1789058257.588178546] [acados_nmpc_node]: [attach-window] t=119.16s pos_err=0.106m T=20.37N z=6.692 m_est=2.047
[INFO] [1789058257.632996257] [acados_nmpc_node]: [attach-window] t=119.20s pos_err=0.133m T=20.36N z=6.689 m_est=2.048
[INFO] [1789058257.640158817] [acados_nmpc_node]: [wcmd] raw=[+0.037,-0.001,-0.867] w=[+0.039,-0.057,-0.666] err=[-0.002,+0.057] scaled=[+0.037,-0.001] s=1.00
[INFO] [1789058257.688354103] [acados_nmpc_node]: [attach-window] t=119.26s pos_err=0.110m T=20.41N z=6.678 m_est=2.048
[INFO] [1789058257.732954866] [acados_nmpc_node]: [attach-window] t=119.30s pos_err=0.125m T=20.41N z=6.673 m_est=2.050
[INFO] [1789058257.788510264] [acados_nmpc_node]: [attach-window] t=119.36s pos_err=0.114m T=20.42N z=6.664 m_est=2.050
[INFO] [1789058257.833062559] [acados_nmpc_node]: [attach-window] t=119.40s pos_err=0.127m T=20.41N z=6.659 m_est=2.051
[INFO] [1789058257.840111047] [acados_nmpc_node]: [wcmd] raw=[+0.049,+0.020,-0.982] w=[+0.042,-0.022,-0.787] err=[+0.008,+0.042] scaled=[+0.049,+0.020] s=1.00
[INFO] [1789058257.888452064] [acados_nmpc_node]: [attach-window] t=119.46s pos_err=0.109m T=20.42N z=6.649 m_est=2.051
[INFO] [1789058257.932871322] [acados_nmpc_node]: [attach-window] t=119.50s pos_err=0.119m T=20.42N z=6.644 m_est=2.053
[INFO] [1789058257.988179136] [acados_nmpc_node]: [attach-window] t=119.56s pos_err=0.110m T=20.40N z=6.635 m_est=2.053
[INFO] [1789058258.032864227] [acados_nmpc_node]: [attach-window] t=119.60s pos_err=0.112m T=20.39N z=6.630 m_est=2.055
[INFO] [1789058258.040138722] [acados_nmpc_node]: [wcmd] raw=[+0.022,-0.035,-1.055] w=[+0.039,-0.034,-0.909] err=[-0.017,-0.001] scaled=[+0.022,-0.035] s=1.00
[INFO] [1789058258.088017751] [acados_nmpc_node]: [attach-window] t=119.66s pos_err=0.104m T=20.37N z=6.621 m_est=2.055
[INFO] [1789058258.133070611] [acados_nmpc_node]: [attach-window] t=119.70s pos_err=0.111m T=20.37N z=6.617 m_est=2.056
[INFO] [1789058258.188222208] [acados_nmpc_node]: [attach-window] t=119.76s pos_err=0.100m T=20.36N z=6.608 m_est=2.056
[INFO] [1789058258.232752642] [acados_nmpc_node]: [attach-window] t=119.80s pos_err=0.103m T=20.35N z=6.603 m_est=2.057
[INFO] [1789058258.240260647] [acados_nmpc_node]: [wcmd] raw=[+0.044,+0.004,-1.055] w=[+0.036,-0.036,-1.003] err=[+0.008,+0.040] scaled=[+0.044,+0.004] s=1.00
[INFO] [1789058258.288044765] [acados_nmpc_node]: [attach-window] t=119.86s pos_err=0.098m T=20.33N z=6.595 m_est=2.057
[INFO] [1789058258.332656640] [acados_nmpc_node]: [attach-window] t=119.90s pos_err=0.100m T=20.31N z=6.591 m_est=2.057
[INFO] [1789058258.387844037] [acados_nmpc_node]: [attach-window] t=119.96s pos_err=0.094m T=20.31N z=6.583 m_est=2.057
[INFO] [1789058258.432598606] [acados_nmpc_node]: [attach-window] t=120.00s pos_err=0.092m T=20.31N z=6.578 m_est=2.057
[INFO] [1789058258.440364465] [acados_nmpc_node]: [wcmd] raw=[+0.056,+0.033,-0.958] w=[+0.057,+0.035,-1.042] err=[-0.000,-0.002] scaled=[+0.056,+0.033] s=1.00
[INFO] [1789058258.485703800] [acados_nmpc_node]: [attach-window] t=120.05s pos_err=0.089m T=20.32N z=6.569 m_est=2.057
[INFO] [1789058258.531861767] [acados_nmpc_node]: [attach-window] t=120.10s pos_err=0.087m T=20.34N z=6.564 m_est=2.057
[INFO] [1789058258.585390450] [acados_nmpc_node]: [attach-window] t=120.15s pos_err=0.086m T=20.34N z=6.553 m_est=2.057
[INFO] [1789058258.632682194] [acados_nmpc_node]: [attach-window] t=120.20s pos_err=0.079m T=20.36N z=6.549 m_est=2.057
[INFO] [1789058258.640104273] [acados_nmpc_node]: [wcmd] raw=[+0.057,+0.013,-0.804] w=[+0.025,-0.023,-1.012] err=[+0.032,+0.036] scaled=[+0.057,+0.013] s=1.00
[INFO] [1789058258.688044369] [acados_nmpc_node]: [attach-window] t=120.26s pos_err=0.076m T=20.35N z=6.539 m_est=2.057
[INFO] [1789058258.732726072] [acados_nmpc_node]: [attach-window] t=120.30s pos_err=0.071m T=20.35N z=6.534 m_est=2.057
[INFO] [1789058258.788481765] [acados_nmpc_node]: [attach-window] t=120.36s pos_err=0.066m T=20.36N z=6.524 m_est=2.057
[INFO] [1789058258.833042047] [acados_nmpc_node]: [attach-window] t=120.40s pos_err=0.061m T=20.37N z=6.517 m_est=2.057
[INFO] [1789058258.840171590] [acados_nmpc_node]: [wcmd] raw=[+0.089,+0.070,-0.600] w=[+0.050,+0.053,-0.900] err=[+0.039,+0.017] scaled=[+0.089,+0.070] s=1.00
[INFO] [1789058258.888715528] [acados_nmpc_node]: [attach-window] t=120.46s pos_err=0.058m T=20.39N z=6.506 m_est=2.057
[INFO] [1789058258.933014407] [acados_nmpc_node]: [attach-window] t=120.50s pos_err=0.053m T=20.42N z=6.501 m_est=2.056
[INFO] [1789058258.988507750] [acados_nmpc_node]: [attach-window] t=120.56s pos_err=0.052m T=20.39N z=6.489 m_est=2.056
[INFO] [1789058259.033080530] [acados_nmpc_node]: [attach-window] t=120.60s pos_err=0.042m T=20.42N z=6.483 m_est=2.056
[INFO] [1789058259.033562558] [acados_nmpc_node]: t=120.6s | pos_err=0.042m | T=20.42N | tau=[r0.008 p0.002 y0.153]Nm | res_stat=5.773e-08(peak 2.921e-06) sqp_iter=5 | solve=2.5ms
[INFO] [1789058259.033759454] [acados_nmpc_node]: [flight-diag] t=120.6s | om_scale=1.000(lo 1.000 hi 1.000) | tilt_max=10.69deg | w_max=[r0.061 p0.179 y1.043]rad/s | u_frac=[T0.651 r0.052 p0.080 y0.767] | u_sat=[T0.0 r0.0 p0.0 y0.0]% | mot_peak=0.832 mot_sat=0.0% | health=na age=na conf=na | n=100
[INFO] [1789058259.040109682] [acados_nmpc_node]: [wcmd] raw=[+0.060,+0.034,-0.392] w=[+0.038,+0.010,-0.731] err=[+0.021,+0.024] scaled=[+0.060,+0.034] s=1.00
[INFO] [1789058259.088413177] [acados_nmpc_node]: [attach-window] t=120.66s pos_err=0.039m T=20.37N z=6.473 m_est=2.056
[INFO] [1789058259.132898028] [acados_nmpc_node]: [attach-window] t=120.70s pos_err=0.039m T=20.37N z=6.467 m_est=2.055
[INFO] [1789058259.188135485] [acados_nmpc_node]: [attach-window] t=120.76s pos_err=0.034m T=20.28N z=6.456 m_est=2.055
[INFO] [1789058259.232998965] [acados_nmpc_node]: [attach-window] t=120.80s pos_err=0.030m T=20.30N z=6.450 m_est=2.054
[INFO] [1789058259.240142496] [acados_nmpc_node]: [wcmd] raw=[+0.041,+0.032,-0.230] w=[+0.011,-0.009,-0.534] err=[+0.030,+0.041] scaled=[+0.041,+0.032] s=1.00
[INFO] [1789058259.288432803] [acados_nmpc_node]: [attach-window] t=120.86s pos_err=0.022m T=20.24N z=6.440 m_est=2.054
[INFO] [1789058259.332798995] [acados_nmpc_node]: [attach-window] t=120.90s pos_err=0.037m T=20.25N z=6.435 m_est=2.053
[INFO] [1789058259.388517740] [acados_nmpc_node]: [attach-window] t=120.96s pos_err=0.021m T=20.22N z=6.424 m_est=2.053
[INFO] [1789058259.432937089] [acados_nmpc_node]: [attach-window] t=121.00s pos_err=0.050m T=20.23N z=6.419 m_est=2.052
[INFO] [1789058259.440135235] [acados_nmpc_node]: [wcmd] raw=[+0.026,+0.125,-0.129] w=[-0.001,+0.030,-0.354] err=[+0.027,+0.096] scaled=[+0.026,+0.125] s=1.00
[INFO] [1789058259.488304184] [acados_nmpc_node]: [attach-window] t=121.06s pos_err=0.014m T=20.17N z=6.407 m_est=2.052
[INFO] [1789058259.532626195] [acados_nmpc_node]: [attach-window] t=121.10s pos_err=0.046m T=20.21N z=6.401 m_est=2.051
[INFO] [1789058259.588189699] [acados_nmpc_node]: [attach-window] t=121.16s pos_err=0.026m T=20.16N z=6.390 m_est=2.051
[INFO] [1789058259.632606728] [acados_nmpc_node]: [attach-window] t=121.20s pos_err=0.062m T=20.19N z=6.385 m_est=2.049
[INFO] [1789058259.640173618] [acados_nmpc_node]: [wcmd] raw=[-0.018,+0.042,-0.079] w=[-0.021,-0.027,-0.206] err=[+0.003,+0.069] scaled=[-0.018,+0.042] s=1.00
[INFO] [1789058259.688021389] [acados_nmpc_node]: [attach-window] t=121.26s pos_err=0.018m T=20.08N z=6.372 m_est=2.049
[INFO] [1789058259.732668105] [acados_nmpc_node]: [attach-window] t=121.30s pos_err=0.055m T=20.13N z=6.367 m_est=2.048
[INFO] [1789058259.787851367] [acados_nmpc_node]: [attach-window] t=121.36s pos_err=0.031m T=20.06N z=6.356 m_est=2.048
[INFO] [1789058259.832726185] [acados_nmpc_node]: [attach-window] t=121.40s pos_err=0.070m T=20.10N z=6.350 m_est=2.046
[INFO] [1789058259.840155457] [acados_nmpc_node]: [wcmd] raw=[-0.031,+0.040,-0.072] w=[-0.046,-0.086,-0.115] err=[+0.015,+0.125] scaled=[-0.031,+0.040] s=1.00
[INFO] [1789058259.885483352] [acados_nmpc_node]: [attach-window] t=121.45s pos_err=0.015m T=20.02N z=6.337 m_est=2.046
[INFO] [1789058259.931917087] [acados_nmpc_node]: [attach-window] t=121.50s pos_err=0.059m T=20.09N z=6.330 m_est=2.045
[INFO] [1789058259.985460125] [acados_nmpc_node]: [attach-window] t=121.55s pos_err=0.027m T=20.06N z=6.318 m_est=2.045
[INFO] [1789058260.031639879] [acados_nmpc_node]: [attach-window] t=121.60s pos_err=0.048m T=20.08N z=6.309 m_est=2.044
[INFO] [1789058260.040285143] [acados_nmpc_node]: [wcmd] raw=[-0.019,-0.010,-0.088] w=[-0.029,-0.080,-0.070] err=[+0.010,+0.070] scaled=[-0.019,-0.010] s=1.00
[INFO] [1789058260.085652811] [acados_nmpc_node]: [attach-window] t=121.65s pos_err=0.016m T=20.06N z=6.296 m_est=2.044
[INFO] [1789058260.131938248] [acados_nmpc_node]: [attach-window] t=121.70s pos_err=0.064m T=20.12N z=6.290 m_est=2.043
[INFO] [1789058260.185648935] [acados_nmpc_node]: [attach-window] t=121.75s pos_err=0.031m T=20.12N z=6.276 m_est=2.043
[INFO] [1789058260.231853711] [acados_nmpc_node]: [attach-window] t=121.80s pos_err=0.080m T=20.15N z=6.270 m_est=2.042
[INFO] [1789058260.240055336] [acados_nmpc_node]: [wcmd] raw=[-0.020,+0.160,-0.108] w=[-0.015,-0.007,-0.062] err=[-0.005,+0.167] scaled=[-0.020,+0.160] s=1.00
[INFO] [1789058260.285479060] [acados_nmpc_node]: [attach-window] t=121.85s pos_err=0.021m T=20.12N z=6.254 m_est=2.042
[INFO] [1789058260.332586626] [acados_nmpc_node]: [attach-window] t=121.90s pos_err=0.072m T=20.18N z=6.247 m_est=2.042
[INFO] [1789058260.387636676] [acados_nmpc_node]: [attach-window] t=121.96s pos_err=0.045m T=20.15N z=6.234 m_est=2.042
[INFO] [1789058260.432572035] [acados_nmpc_node]: [attach-window] t=122.00s pos_err=0.093m T=20.18N z=6.227 m_est=2.042
[INFO] [1789058260.440152491] [acados_nmpc_node]: [wcmd] raw=[-0.057,+0.107,-0.119] w=[-0.044,+0.012,-0.073] err=[-0.013,+0.095] scaled=[-0.057,+0.107] s=1.00
[INFO] [1789058260.487606279] [acados_nmpc_node]: [attach-window] t=122.06s pos_err=0.036m T=20.11N z=6.211 m_est=2.042
[INFO] [1789058260.532616954] [acados_nmpc_node]: [attach-window] t=122.10s pos_err=0.085m T=20.16N z=6.204 m_est=2.042
[INFO] [1789058260.587504064] [acados_nmpc_node]: [attach-window] t=122.16s pos_err=0.056m T=20.11N z=6.190 m_est=2.042
[INFO] [1789058260.632712633] [acados_nmpc_node]: [attach-window] t=122.20s pos_err=0.107m T=20.15N z=6.183 m_est=2.042
[INFO] [1789058260.640119326] [acados_nmpc_node]: [wcmd] raw=[-0.051,+0.060,-0.112] w=[-0.067,-0.056,-0.090] err=[+0.016,+0.117] scaled=[-0.051,+0.060] s=1.00
[INFO] [1789058260.687708727] [acados_nmpc_node]: [attach-window] t=122.26s pos_err=0.048m T=20.08N z=6.167 m_est=2.042
[INFO] [1789058260.732622608] [acados_nmpc_node]: [attach-window] t=122.30s pos_err=0.098m T=20.14N z=6.160 m_est=2.043
[INFO] [1789058260.787887120] [acados_nmpc_node]: [attach-window] t=122.36s pos_err=0.070m T=20.10N z=6.145 m_est=2.043
[INFO] [1789058260.832756305] [acados_nmpc_node]: [attach-window] t=122.40s pos_err=0.120m T=20.13N z=6.138 m_est=2.043
[INFO] [1789058260.840119653] [acados_nmpc_node]: [wcmd] raw=[-0.024,+0.076,-0.088] w=[-0.045,-0.064,-0.093] err=[+0.021,+0.140] scaled=[-0.024,+0.076] s=1.00
[INFO] [1789058260.887946640] [acados_nmpc_node]: [attach-window] t=122.46s pos_err=0.060m T=20.08N z=6.122 m_est=2.043
[INFO] [1789058260.932568782] [acados_nmpc_node]: [attach-window] t=122.50s pos_err=0.111m T=20.12N z=6.114 m_est=2.043
[INFO] [1789058260.987458980] [acados_nmpc_node]: [attach-window] t=122.56s pos_err=0.080m T=20.08N z=6.100 m_est=2.043
[INFO] [1789058261.032726209] [acados_nmpc_node]: [attach-window] t=122.60s pos_err=0.133m T=20.10N z=6.093 m_est=2.043
[INFO] [1789058261.040248973] [acados_nmpc_node]: [wcmd] raw=[-0.016,+0.071,-0.052] w=[-0.023,-0.056,-0.083] err=[+0.007,+0.128] scaled=[-0.016,+0.071] s=1.00
[INFO] [1789058261.087690560] [acados_nmpc_node]: [attach-window] t=122.66s pos_err=0.073m T=20.07N z=6.077 m_est=2.043
[INFO] [1789058261.132543032] [acados_nmpc_node]: [attach-window] t=122.70s pos_err=0.126m T=20.10N z=6.069 m_est=2.044
[INFO] [1789058261.187697446] [acados_nmpc_node]: [attach-window] t=122.76s pos_err=0.066m T=20.04N z=6.053 m_est=2.044
[INFO] [1789058261.232553993] [acados_nmpc_node]: [attach-window] t=122.80s pos_err=0.118m T=20.07N z=6.046 m_est=2.044
[INFO] [1789058261.240183075] [acados_nmpc_node]: [wcmd] raw=[-0.038,-0.028,-0.010] w=[-0.034,-0.081,-0.059] err=[-0.004,+0.052] scaled=[-0.038,-0.028] s=1.00
[INFO] [1789058261.288263924] [acados_nmpc_node]: [attach-window] t=122.86s pos_err=0.091m T=20.04N z=6.032 m_est=2.044
[INFO] [1789058261.332620975] [acados_nmpc_node]: [attach-window] t=122.90s pos_err=0.142m T=20.03N z=6.025 m_est=2.044
[INFO] [1789058261.388062216] [acados_nmpc_node]: [attach-window] t=122.96s pos_err=0.113m T=20.04N z=6.011 m_est=2.044
[INFO] [1789058261.432742970] [acados_nmpc_node]: [attach-window] t=123.00s pos_err=0.135m T=20.04N z=6.003 m_est=2.044
[INFO] [1789058261.440148071] [acados_nmpc_node]: [wcmd] raw=[-0.034,+0.036,+0.030] w=[-0.048,-0.001,-0.023] err=[+0.014,+0.037] scaled=[-0.034,+0.036] s=1.00
[INFO] [1789058261.485602004] [acados_nmpc_node]: [attach-window] t=123.05s pos_err=0.099m T=20.06N z=5.988 m_est=2.044
[INFO] [1789058261.532003457] [acados_nmpc_node]: [attach-window] t=123.10s pos_err=0.159m T=20.08N z=5.981 m_est=2.044
[INFO] [1789058261.585494877] [acados_nmpc_node]: [attach-window] t=123.15s pos_err=0.123m T=20.12N z=5.965 m_est=2.044
[INFO] [1789058261.631883161] [acados_nmpc_node]: [attach-window] t=123.20s pos_err=0.182m T=20.10N z=5.958 m_est=2.043
[INFO] [1789058261.640157389] [acados_nmpc_node]: [wcmd] raw=[-0.031,+0.086,+0.067] w=[-0.033,-0.035,+0.016] err=[+0.003,+0.121] scaled=[-0.031,+0.086] s=1.00
[INFO] [1789058261.685454570] [acados_nmpc_node]: [attach-window] t=123.25s pos_err=0.115m T=20.11N z=5.941 m_est=2.043
[INFO] [1789058261.731859342] [acados_nmpc_node]: [attach-window] t=123.30s pos_err=0.174m T=20.11N z=5.933 m_est=2.041
[INFO] [1789058261.785499466] [acados_nmpc_node]: [attach-window] t=123.35s pos_err=0.138m T=20.10N z=5.918 m_est=2.041
[INFO] [1789058261.832785676] [acados_nmpc_node]: [attach-window] t=123.40s pos_err=0.195m T=20.08N z=5.910 m_est=2.041
[INFO] [1789058261.840129293] [acados_nmpc_node]: [wcmd] raw=[-0.046,+0.037,+0.099] w=[-0.037,-0.079,+0.055] err=[-0.009,+0.116] scaled=[-0.046,+0.037] s=1.00
[INFO] [1789058261.888042958] [acados_nmpc_node]: [attach-window] t=123.46s pos_err=0.134m T=20.10N z=5.893 m_est=2.041
[INFO] [1789058261.932644810] [acados_nmpc_node]: [attach-window] t=123.50s pos_err=0.184m T=20.10N z=5.885 m_est=2.040
[INFO] [1789058261.988084790] [acados_nmpc_node]: [attach-window] t=123.56s pos_err=0.153m T=20.12N z=5.869 m_est=2.040
[INFO] [1789058262.032875327] [acados_nmpc_node]: [attach-window] t=123.60s pos_err=0.201m T=20.11N z=5.862 m_est=2.040
[INFO] [1789058262.040117167] [acados_nmpc_node]: [wcmd] raw=[-0.050,+0.008,+0.128] w=[-0.051,-0.087,+0.090] err=[+0.001,+0.095] scaled=[-0.050,+0.008] s=1.00
[INFO] [1789058262.088061947] [acados_nmpc_node]: [attach-window] t=123.66s pos_err=0.140m T=20.17N z=5.844 m_est=2.040
[INFO] [1789058262.132990675] [acados_nmpc_node]: [attach-window] t=123.70s pos_err=0.186m T=20.17N z=5.836 m_est=2.041
[INFO] [1789058262.188652890] [acados_nmpc_node]: [attach-window] t=123.76s pos_err=0.156m T=20.21N z=5.820 m_est=2.041
[INFO] [1789058262.254010997] [acados_nmpc_node]: [attach-window] t=123.80s pos_err=0.170m T=20.22N z=5.811 m_est=2.042
[INFO] [1789058262.254629900] [acados_nmpc_node]: [wcmd] raw=[-0.031,-0.109,+0.159] w=[-0.041,-0.114,+0.115] err=[+0.010,+0.005] scaled=[-0.031,-0.109] s=1.00
[INFO] [1789058262.288052981] [acados_nmpc_node]: [attach-window] t=123.86s pos_err=0.139m T=20.26N z=5.795 m_est=2.042
[INFO] [1789058262.332902601] [acados_nmpc_node]: [attach-window] t=123.90s pos_err=0.181m T=20.27N z=5.788 m_est=2.043
[INFO] [1789058262.387761477] [acados_nmpc_node]: [attach-window] t=123.96s pos_err=0.149m T=20.32N z=5.773 m_est=2.043
[INFO] [1789058262.432922532] [acados_nmpc_node]: [attach-window] t=124.00s pos_err=0.191m T=20.27N z=5.765 m_est=2.045
[INFO] [1789058262.440106846] [acados_nmpc_node]: [wcmd] raw=[-0.046,+0.041,+0.191] w=[-0.029,-0.075,+0.151] err=[-0.016,+0.116] scaled=[-0.046,+0.041] s=1.00
[INFO] [1789058262.487845386] [acados_nmpc_node]: [attach-window] t=124.06s pos_err=0.134m T=20.35N z=5.749 m_est=2.045
[INFO] [1789058262.533014522] [acados_nmpc_node]: [attach-window] t=124.10s pos_err=0.174m T=20.31N z=5.742 m_est=2.045
[INFO] [1789058262.587930824] [acados_nmpc_node]: [attach-window] t=124.16s pos_err=0.121m T=20.36N z=5.725 m_est=2.045
[INFO] [1789058262.632899559] [acados_nmpc_node]: [attach-window] t=124.20s pos_err=0.182m T=20.29N z=5.720 m_est=2.046
[INFO] [1789058262.640202818] [acados_nmpc_node]: [wcmd] raw=[-0.069,+0.010,+0.234] w=[-0.051,-0.074,+0.182] err=[-0.018,+0.084] scaled=[-0.069,+0.010] s=1.00
[INFO] [1789058262.688300830] [acados_nmpc_node]: [attach-window] t=124.26s pos_err=0.130m T=20.34N z=5.704 m_est=2.046
[INFO] [1789058262.732189976] [acados_nmpc_node]: [attach-window] t=124.30s pos_err=0.165m T=20.29N z=5.697 m_est=2.047
[INFO] [1789058262.785565737] [acados_nmpc_node]: [attach-window] t=124.35s pos_err=0.112m T=20.38N z=5.681 m_est=2.047
[INFO] [1789058262.832223391] [acados_nmpc_node]: [attach-window] t=124.40s pos_err=0.148m T=20.34N z=5.675 m_est=2.048
[INFO] [1789058262.840199461] [acados_nmpc_node]: [wcmd] raw=[-0.056,-0.038,+0.287] w=[-0.063,-0.078,+0.220] err=[+0.007,+0.041] scaled=[-0.056,-0.038] s=1.00
[INFO] [1789058262.886036380] [acados_nmpc_node]: [attach-window] t=124.45s pos_err=0.120m T=20.38N z=5.661 m_est=2.048
[INFO] [1789058262.932993014] [acados_nmpc_node]: [attach-window] t=124.50s pos_err=0.155m T=20.33N z=5.654 m_est=2.049
[INFO] [1789058262.987846040] [acados_nmpc_node]: [attach-window] t=124.55s pos_err=0.128m T=20.39N z=5.641 m_est=2.049
[INFO] [1789058263.032864769] [acados_nmpc_node]: [attach-window] t=124.60s pos_err=0.161m T=20.33N z=5.635 m_est=2.050
[INFO] [1789058263.040110953] [acados_nmpc_node]: [wcmd] raw=[-0.081,+0.072,+0.357] w=[-0.068,+0.001,+0.267] err=[-0.012,+0.070] scaled=[-0.081,+0.072] s=1.00
[INFO] [1789058263.087740453] [acados_nmpc_node]: [attach-window] t=124.66s pos_err=0.116m T=20.44N z=5.620 m_est=2.050
[INFO] [1789058263.132874216] [acados_nmpc_node]: [attach-window] t=124.70s pos_err=0.146m T=20.40N z=5.614 m_est=2.051
[INFO] [1789058263.188203195] [acados_nmpc_node]: [attach-window] t=124.76s pos_err=0.123m T=20.45N z=5.601 m_est=2.051
[INFO] [1789058263.232986612] [acados_nmpc_node]: [attach-window] t=124.80s pos_err=0.133m T=20.45N z=5.593 m_est=2.051
[INFO] [1789058263.240143713] [acados_nmpc_node]: [wcmd] raw=[-0.032,-0.049,+0.439] w=[-0.061,-0.025,+0.328] err=[+0.028,-0.024] scaled=[-0.032,-0.049] s=1.00
[INFO] [1789058263.288592962] [acados_nmpc_node]: [attach-window] t=124.86s pos_err=0.112m T=20.49N z=5.580 m_est=2.051
[INFO] [1789058263.333010002] [acados_nmpc_node]: [attach-window] t=124.90s pos_err=0.139m T=20.46N z=5.573 m_est=2.052
[INFO] [1789058263.388314019] [acados_nmpc_node]: [attach-window] t=124.96s pos_err=0.102m T=20.53N z=5.559 m_est=2.052
[INFO] [1789058263.432886394] [acados_nmpc_node]: [attach-window] t=125.00s pos_err=0.127m T=20.49N z=5.553 m_est=2.052
[INFO] [1789058263.440148326] [acados_nmpc_node]: [wcmd] raw=[-0.012,-0.034,+0.539] w=[-0.024,-0.065,+0.402] err=[+0.012,+0.031] scaled=[-0.012,-0.034] s=1.00
[INFO] [1789058263.488562606] [acados_nmpc_node]: [attach-window] t=125.06s pos_err=0.109m T=20.52N z=5.540 m_est=2.052
[INFO] [1789058263.532871253] [acados_nmpc_node]: [attach-window] t=125.10s pos_err=0.132m T=20.48N z=5.534 m_est=2.053
[INFO] [1789058263.588586692] [acados_nmpc_node]: [attach-window] t=125.16s pos_err=0.114m T=20.52N z=5.522 m_est=2.053
[INFO] [1789058263.632969568] [acados_nmpc_node]: [attach-window] t=125.20s pos_err=0.137m T=20.48N z=5.516 m_est=2.053
[INFO] [1789058263.640149071] [acados_nmpc_node]: [wcmd] raw=[-0.050,+0.045,+0.653] w=[-0.030,+0.001,+0.493] err=[-0.020,+0.044] scaled=[-0.050,+0.045] s=1.00
[INFO] [1789058263.688358967] [acados_nmpc_node]: [attach-window] t=125.26s pos_err=0.105m T=20.55N z=5.502 m_est=2.053
[INFO] [1789058263.733030210] [acados_nmpc_node]: [attach-window] t=125.30s pos_err=0.125m T=20.52N z=5.496 m_est=2.053
[INFO] [1789058263.788260415] [acados_nmpc_node]: [attach-window] t=125.36s pos_err=0.097m T=20.56N z=5.483 m_est=2.053
[INFO] [1789058263.832921546] [acados_nmpc_node]: [attach-window] t=125.40s pos_err=0.127m T=20.52N z=5.478 m_est=2.053
[INFO] [1789058263.840146103] [acados_nmpc_node]: [wcmd] raw=[-0.033,-0.027,+0.779] w=[-0.026,-0.046,+0.597] err=[-0.007,+0.020] scaled=[-0.033,-0.027] s=1.00
[INFO] [1789058263.887923749] [acados_nmpc_node]: [attach-window] t=125.46s pos_err=0.098m T=20.54N z=5.466 m_est=2.053
[INFO] [1789058263.932073595] [acados_nmpc_node]: [attach-window] t=125.50s pos_err=0.113m T=20.52N z=5.460 m_est=2.054
[INFO] [1789058263.985743938] [acados_nmpc_node]: [attach-window] t=125.55s pos_err=0.097m T=20.53N z=5.449 m_est=2.054
[INFO] [1789058264.031924143] [acados_nmpc_node]: [attach-window] t=125.60s pos_err=0.111m T=20.51N z=5.444 m_est=2.054
[INFO] [1789058264.032283652] [acados_nmpc_node]: t=125.6s | pos_err=0.111m | T=20.51N | tau=[r-0.006 p0.016 y0.087]Nm | res_stat=9.146e-07(peak 2.921e-06) sqp_iter=5 | solve=1.6ms
[INFO] [1789058264.032432223] [acados_nmpc_node]: [flight-diag] t=125.6s | om_scale=1.000(lo 1.000 hi 1.000) | tilt_max=10.82deg | w_max=[r0.074 p0.171 y0.715]rad/s | u_frac=[T0.656 r0.038 p0.122 y0.758] | u_sat=[T0.0 r0.0 p0.0 y0.0]% | mot_peak=0.832 mot_sat=0.0% | health=na age=na conf=na | n=100
[INFO] [1789058264.040241395] [acados_nmpc_node]: [wcmd] raw=[-0.039,-0.022,+0.910] w=[-0.021,-0.067,+0.718] err=[-0.018,+0.046] scaled=[-0.039,-0.022] s=1.00
[INFO] [1789058264.085960697] [acados_nmpc_node]: [attach-window] t=125.65s pos_err=0.127m T=20.48N z=5.437 m_est=2.054
[INFO] [1789058264.132711083] [acados_nmpc_node]: [attach-window] t=125.70s pos_err=0.206m T=20.31N z=5.437 m_est=2.055
[ros2run]: Killed
