[INFO] [1789412700.083988760] [acados_nmpc_node]: acados NMPC node starting, building/loading solver...
Code reuse possible, skipping code generation.
acados was compiled without OpenMP.
[INFO] [1789412700.091196591] [acados_nmpc_node]: OMEGA SCALE: on (source=djest, tau=0.50s, cap=5.0) — 增益调度走 setpoint 侧,PX4 参数不动
[INFO] [1789412700.102522289] [acados_nmpc_node]: GRIPPER MODE: hover over box (1.0,0.1) z 0.55->6.0m, lift after 3.0s, empty m_est=2.06kg, attach J bootstrap=True (0.30kg envelope)
[INFO] [1789412700.103258753] [acados_nmpc_node]: Warming up acados solver...
[INFO] [1789412700.109643834] [acados_nmpc_node]: Solver warmup complete, took 5.6 ms
[INFO] [1789412700.116627579] [acados_nmpc_node]: Decoupled publish enabled: solve @20Hz, body_rate/thrust @50Hz (trajectory interpolation)
[INFO] [1789412700.117455119] [acados_nmpc_node]: [GEOM-TRUTH] 检查通过:geom_source=estimate (载荷几何不来自真值)
[INFO] [1789412700.118268908] [acados_nmpc_node]: acados NMPC node initialized! Waiting for EKF2 convergence...
[INFO] [1789412710.117690194] [acados_nmpc_node]: Waiting for EKF2 convergence... 5/10 s
[INFO] [1789412715.118151517] [acados_nmpc_node]: Waiting for EKF2 convergence... 10/10 s
[INFO] [1789412715.166248495] [acados_nmpc_node]: Switching to OFFBOARD mode
[INFO] [1789412716.118263362] [acados_nmpc_node]: Sending arm command
[INFO] [1789412717.117499602] [acados_nmpc_node]: Armed, preparing to move to trajectory start...
[INFO] [1789412719.566200490] [acados_nmpc_node]: Gripper approach (climb): rising at spawn to z=1.50m | z=0.04m v=0.42m/s
[INFO] [1789412722.066241587] [acados_nmpc_node]: Gripper approach (climb): rising at spawn to z=1.50m | z=1.02m v=0.22m/s
[INFO] [1789412724.166255757] [acados_nmpc_node]: Gripper approach: climbed to safe altitude at spawn, now translating over box
[INFO] [1789412724.566123986] [acados_nmpc_node]: Gripper approach (high): aligning over box at z=1.50m | xy=0.979m z_err=0.155m v=0.22m/s
[INFO] [1789412726.418877405] [acados_nmpc_node]: Gripper approach: aligned above box, NMPC will take over here (z=1.50m), settle 3.0s then descend to z=0.55m to trigger attach
[INFO] [1789412726.466586300] [acados_nmpc_node]: Reached trajectory start, NMPC tracking begins!
[INFO] [1789412726.466805487] [acados_nmpc_node]: [payload-health] healthy/fresh; model updates enabled
[INFO] [1789412726.656353084] [acados_nmpc_node]: [wcmd] raw=[-0.001,-0.015,+0.006] w=[-0.000,+0.038,+0.107] err=[-0.000,-0.053] scaled=[-0.001,-0.015] s=1.00
[INFO] [1789412726.856267474] [acados_nmpc_node]: [wcmd] raw=[-0.016,-0.031,+0.016] w=[+0.005,-0.026,+0.086] err=[-0.021,-0.005] scaled=[-0.016,-0.031] s=1.00
[INFO] [1789412727.021085820] [acados_nmpc_node]: t=0.6s | pos_err=0.069m | T=20.05N | tau=[r-0.011 p0.044 y-0.017]Nm | res_stat=4.253e-07(peak 8.130e-07) sqp_iter=3 | solve=1.5ms
[INFO] [1789412727.021324180] [acados_nmpc_node]: [flight-diag] t=0.6s | om_scale=1.000(lo 1.000 hi 1.000) | tilt_max=2.47deg | w_max=[r0.019 p0.050 y0.109]rad/s | u_frac=[T0.675 r0.030 p0.208 y0.103] | u_sat=[T0.0 r0.0 p0.0 y0.0]% | mot_peak=0.885 mot_sat=0.0% | health=1 age=0.000s conf=1.000 | n=12
[INFO] [1789412727.056367452] [acados_nmpc_node]: [wcmd] raw=[-0.044,+0.117,+0.009] w=[-0.026,+0.043,+0.052] err=[-0.017,+0.074] scaled=[-0.044,+0.117] s=1.00
[INFO] [1789412727.256295388] [acados_nmpc_node]: [wcmd] raw=[-0.011,+0.131,-0.006] w=[-0.035,+0.186,+0.030] err=[+0.024,-0.055] scaled=[-0.011,+0.131] s=1.00
[INFO] [1789412727.456317873] [acados_nmpc_node]: [wcmd] raw=[+0.017,-0.016,-0.024] w=[+0.009,+0.055,+0.012] err=[+0.008,-0.071] scaled=[+0.017,-0.016] s=1.00
[INFO] [1789412727.656332313] [acados_nmpc_node]: [wcmd] raw=[+0.015,-0.045,-0.032] w=[+0.024,-0.045,-0.007] err=[-0.009,+0.001] scaled=[+0.015,-0.045] s=1.00
[INFO] [1789412727.856457069] [acados_nmpc_node]: [wcmd] raw=[-0.001,-0.024,-0.028] w=[+0.007,-0.034,-0.019] err=[-0.008,+0.009] scaled=[-0.001,-0.024] s=1.00
[INFO] [1789412728.056327920] [acados_nmpc_node]: [wcmd] raw=[+0.009,-0.023,-0.016] w=[-0.001,-0.027,-0.025] err=[+0.010,+0.004] scaled=[+0.009,-0.023] s=1.00
[INFO] [1789412728.256391591] [acados_nmpc_node]: [wcmd] raw=[+0.017,-0.013,-0.004] w=[+0.015,-0.021,-0.020] err=[+0.002,+0.008] scaled=[+0.017,-0.013] s=1.00
[INFO] [1789412728.456244635] [acados_nmpc_node]: [wcmd] raw=[+0.001,-0.002,+0.005] w=[+0.009,-0.010,-0.012] err=[-0.008,+0.008] scaled=[+0.001,-0.002] s=1.00
[INFO] [1789412728.656603737] [acados_nmpc_node]: [wcmd] raw=[-0.009,+0.000,+0.009] w=[-0.007,-0.002,-0.002] err=[-0.001,+0.002] scaled=[-0.009,+0.000] s=1.00
[INFO] [1789412728.856556309] [acados_nmpc_node]: [wcmd] raw=[-0.008,+0.004,+0.009] w=[-0.013,-0.000,+0.005] err=[+0.005,+0.004] scaled=[-0.008,+0.004] s=1.00
[INFO] [1789412729.056523468] [acados_nmpc_node]: [wcmd] raw=[+0.004,+0.011,+0.005] w=[-0.002,+0.006,+0.008] err=[+0.006,+0.005] scaled=[+0.004,+0.011] s=1.00
[INFO] [1789412729.256279491] [acados_nmpc_node]: [wcmd] raw=[-0.005,+0.011,-0.000] w=[+0.002,+0.012,+0.009] err=[-0.007,-0.001] scaled=[-0.005,+0.011] s=1.00
[INFO] [1789412729.456447357] [acados_nmpc_node]: [wcmd] raw=[-0.017,+0.004,-0.005] w=[-0.015,+0.005,+0.005] err=[-0.003,-0.000] scaled=[-0.017,+0.004] s=1.00
[INFO] [1789412729.518896585] [acados_nmpc_node]: t=3.1s | DESCEND: settle done, lowering 1.5->0.55m, will enable gripper at bottom
[INFO] [1789412729.656267217] [acados_nmpc_node]: [wcmd] raw=[-0.004,+0.010,-0.008] w=[-0.016,+0.004,+0.001] err=[+0.012,+0.006] scaled=[-0.004,+0.010] s=1.00
[INFO] [1789412729.856449804] [acados_nmpc_node]: [wcmd] raw=[+0.015,+0.017,-0.008] w=[+0.009,+0.016,-0.004] err=[+0.006,+0.001] scaled=[+0.015,+0.017] s=1.00
[INFO] [1789412730.056369720] [acados_nmpc_node]: [wcmd] raw=[+0.011,+0.008,-0.006] w=[+0.016,+0.016,-0.005] err=[-0.006,-0.008] scaled=[+0.011,+0.008] s=1.00
[INFO] [1789412730.256450457] [acados_nmpc_node]: [wcmd] raw=[+0.008,-0.016,-0.003] w=[+0.008,-0.009,-0.006] err=[-0.000,-0.007] scaled=[+0.008,-0.016] s=1.00
[INFO] [1789412730.456406610] [acados_nmpc_node]: [wcmd] raw=[+0.010,-0.017,+0.001] w=[+0.011,-0.023,-0.004] err=[-0.001,+0.006] scaled=[+0.010,-0.017] s=1.00
[INFO] [1789412730.656557971] [acados_nmpc_node]: [wcmd] raw=[+0.002,-0.004,+0.003] w=[+0.007,-0.014,-0.002] err=[-0.006,+0.010] scaled=[+0.002,-0.004] s=1.00
[INFO] [1789412730.856338654] [acados_nmpc_node]: [wcmd] raw=[-0.005,+0.005,+0.003] w=[-0.001,+0.001,+0.001] err=[-0.004,+0.004] scaled=[-0.005,+0.005] s=1.00
[INFO] [1789412731.056227713] [acados_nmpc_node]: [wcmd] raw=[-0.013,+0.008,+0.003] w=[-0.010,+0.005,+0.002] err=[-0.003,+0.003] scaled=[-0.013,+0.008] s=1.00
[INFO] [1789412731.256270421] [acados_nmpc_node]: [wcmd] raw=[-0.009,+0.007,+0.001] w=[-0.014,+0.009,+0.004] err=[+0.005,-0.002] scaled=[-0.009,+0.007] s=1.00
[INFO] [1789412731.456319212] [acados_nmpc_node]: [wcmd] raw=[-0.002,+0.005,-0.000] w=[-0.006,+0.003,+0.003] err=[+0.004,+0.002] scaled=[-0.002,+0.005] s=1.00
[INFO] [1789412731.656299885] [acados_nmpc_node]: [wcmd] raw=[+0.007,+0.005,-0.001] w=[+0.002,+0.004,+0.002] err=[+0.004,+0.001] scaled=[+0.007,+0.005] s=1.00
[INFO] [1789412731.856312853] [acados_nmpc_node]: [wcmd] raw=[+0.010,-0.003,-0.002] w=[+0.013,-0.000,+0.000] err=[-0.003,-0.003] scaled=[+0.010,-0.003] s=1.03
[INFO] [1789412732.020948233] [acados_nmpc_node]: t=5.6s | pos_err=0.061m | T=20.54N | tau=[r-0.000 p-0.000 y-0.001]Nm | res_stat=4.674e-08(peak 9.851e-07) sqp_iter=3 | solve=1.5ms
[INFO] [1789412732.021189663] [acados_nmpc_node]: [flight-diag] t=5.6s | om_scale=1.059(lo 1.000 hi 1.059) | tilt_max=1.96deg | w_max=[r0.041 p0.186 y0.052]rad/s | u_frac=[T0.702 r0.017 p0.090 y0.082] | u_sat=[T0.0 r0.0 p0.0 y0.0]% | mot_peak=0.802 mot_sat=0.0% | health=1 age=0.000s conf=0.937 | n=100
[INFO] [1789412732.056483464] [acados_nmpc_node]: [wcmd] raw=[+0.005,-0.006,-0.003] w=[+0.008,-0.010,-0.001] err=[-0.004,+0.003] scaled=[+0.004,-0.006] s=1.07
[INFO] [1789412732.256230748] [acados_nmpc_node]: [wcmd] raw=[+0.002,+0.007,-0.003] w=[+0.007,-0.001,-0.002] err=[-0.005,+0.008] scaled=[+0.001,+0.008] s=1.10
[INFO] [1789412732.456400968] [acados_nmpc_node]: [wcmd] raw=[-0.019,+0.005,-0.002] w=[-0.008,+0.009,-0.003] err=[-0.010,-0.004] scaled=[-0.020,+0.004] s=1.12
[INFO] [1789412732.656308048] [acados_nmpc_node]: [wcmd] raw=[-0.024,+0.001,-0.000] w=[-0.030,-0.001,-0.001] err=[+0.006,+0.002] scaled=[-0.023,+0.001] s=1.13
[INFO] [1789412732.856298743] [acados_nmpc_node]: [wcmd] raw=[+0.001,+0.009,+0.001] w=[-0.016,+0.007,-0.000] err=[+0.017,+0.002] scaled=[+0.004,+0.009] s=1.14
[INFO] [1789412733.056291328] [acados_nmpc_node]: [wcmd] raw=[+0.023,+0.008,+0.001] w=[+0.016,+0.009,-0.000] err=[+0.006,-0.001] scaled=[+0.023,+0.008] s=1.12
[INFO] [1789412733.119458858] [acados_nmpc_node]: t=6.7s | DESCEND done at z=0.568m (target 0.550m, z_err=0.018m, v=0.04m/s), gripper ENABLED (attach will trigger now)
[INFO] [1789412733.119659981] [acados_nmpc_node]: ATTACH J bootstrap armed: m_p,envelope=0.300kg, dJxx=dJyy=0.0579kg m^2, Jxx=0.0721, Jyy=0.0721; m/s_xy remain MHE-only
[INFO] [1789412733.119804411] [acados_nmpc_node]: t=6.7s | ATTACH command issued; m/s remain on continuous MHE estimates, J safety bootstrap active (no attach notification subscription)
[INFO] [1789412733.121933026] [acados_nmpc_node]: [attach-window] t=6.65s pos_err=0.020m T=20.33N z=0.568 m_est=2.066
[INFO] [1789412733.167953861] [acados_nmpc_node]: [attach-window] t=6.70s pos_err=0.019m T=20.33N z=0.567 m_est=2.066
[INFO] [1789412733.221651851] [acados_nmpc_node]: [attach-window] t=6.75s pos_err=0.017m T=19.94N z=0.566 m_est=2.066
[INFO] [1789412733.256283430] [acados_nmpc_node]: [wcmd] raw=[+0.020,-0.011,+0.000] w=[-0.014,+0.001,-0.000] err=[+0.034,-0.012] scaled=[+0.028,-0.014] s=1.25
[INFO] [1789412733.267905503] [acados_nmpc_node]: [attach-window] t=6.80s pos_err=0.018m T=19.93N z=0.566 m_est=2.065
[INFO] [1789412733.321300314] [acados_nmpc_node]: [attach-window] t=6.85s pos_err=0.018m T=19.91N z=0.567 m_est=2.065
[INFO] [1789412733.368097267] [acados_nmpc_node]: [attach-window] t=6.90s pos_err=0.018m T=19.90N z=0.567 m_est=2.065
[INFO] [1789412733.421250069] [acados_nmpc_node]: [attach-window] t=6.95s pos_err=0.019m T=19.87N z=0.568 m_est=2.065
[INFO] [1789412733.456459002] [acados_nmpc_node]: [wcmd] raw=[+0.030,-0.010,-0.001] w=[-0.005,+0.001,+0.000] err=[+0.035,-0.011] scaled=[+0.056,-0.018] s=1.71
[INFO] [1789412733.468239308] [acados_nmpc_node]: [attach-window] t=7.00s pos_err=0.020m T=19.86N z=0.569 m_est=2.065
[INFO] [1789412733.521104838] [acados_nmpc_node]: [attach-window] t=7.05s pos_err=0.021m T=19.84N z=0.570 m_est=2.065
[INFO] [1789412733.568123656] [acados_nmpc_node]: [attach-window] t=7.10s pos_err=0.021m T=19.83N z=0.570 m_est=2.065
[INFO] [1789412733.621320764] [acados_nmpc_node]: [attach-window] t=7.15s pos_err=0.022m T=19.81N z=0.571 m_est=2.065
[INFO] [1789412733.656297220] [acados_nmpc_node]: [wcmd] raw=[+0.032,-0.013,-0.001] w=[+0.002,-0.000,-0.000] err=[+0.030,-0.013] scaled=[+0.073,-0.031] s=2.39
[INFO] [1789412733.668040094] [acados_nmpc_node]: [attach-window] t=7.20s pos_err=0.022m T=19.80N z=0.571 m_est=2.065
[INFO] [1789412733.720965182] [acados_nmpc_node]: [attach-window] t=7.25s pos_err=0.023m T=19.79N z=0.572 m_est=2.065
[INFO] [1789412733.767947105] [acados_nmpc_node]: [attach-window] t=7.30s pos_err=0.023m T=19.78N z=0.572 m_est=2.064
[INFO] [1789412733.820913158] [acados_nmpc_node]: [attach-window] t=7.35s pos_err=0.024m T=19.77N z=0.572 m_est=2.064
[INFO] [1789412733.856254856] [acados_nmpc_node]: [wcmd] raw=[+0.012,-0.020,-0.002] w=[+0.012,+0.000,-0.001] err=[-0.000,-0.020] scaled=[+0.011,-0.063] s=3.11
[INFO] [1789412733.868060901] [acados_nmpc_node]: [attach-window] t=7.40s pos_err=0.024m T=19.77N z=0.573 m_est=2.064
[INFO] [1789412733.921234398] [acados_nmpc_node]: [attach-window] t=7.45s pos_err=0.025m T=19.75N z=0.573 m_est=2.064
[INFO] [1789412733.968208439] [acados_nmpc_node]: [attach-window] t=7.50s pos_err=0.025m T=19.72N z=0.574 m_est=2.064
[INFO] [1789412734.021444811] [acados_nmpc_node]: [attach-window] t=7.55s pos_err=0.027m T=19.73N z=0.574 m_est=2.064
[INFO] [1789412734.056410158] [acados_nmpc_node]: [wcmd] raw=[-0.011,-0.034,-0.001] w=[+0.002,-0.001,-0.012] err=[-0.013,-0.033] scaled=[-0.046,-0.124] s=3.69
[INFO] [1789412734.068246080] [acados_nmpc_node]: [attach-window] t=7.60s pos_err=0.027m T=19.74N z=0.574 m_est=2.064
[INFO] [1789412734.121469270] [acados_nmpc_node]: [attach-window] t=7.65s pos_err=0.028m T=19.75N z=0.575 m_est=2.064
[INFO] [1789412734.168201528] [acados_nmpc_node]: [attach-window] t=7.70s pos_err=0.029m T=19.74N z=0.575 m_est=2.064
[INFO] [1789412734.221469744] [acados_nmpc_node]: [attach-window] t=7.75s pos_err=0.030m T=19.74N z=0.575 m_est=2.064
[INFO] [1789412734.256519931] [acados_nmpc_node]: [wcmd] raw=[+0.004,-0.049,+0.012] w=[-0.009,-0.007,-0.045] err=[+0.013,-0.042] scaled=[+0.045,-0.179] s=4.12
[INFO] [1789412734.268593294] [acados_nmpc_node]: [attach-window] t=7.80s pos_err=0.030m T=19.73N z=0.574 m_est=2.064
[INFO] [1789412734.321468589] [acados_nmpc_node]: [attach-window] t=7.85s pos_err=0.031m T=19.74N z=0.574 m_est=2.064
[INFO] [1789412734.367801882] [acados_nmpc_node]: [attach-window] t=7.90s pos_err=0.031m T=19.74N z=0.574 m_est=2.064
[INFO] [1789412734.421195943] [acados_nmpc_node]: [attach-window] t=7.95s pos_err=0.032m T=19.75N z=0.574 m_est=2.064
[INFO] [1789412734.456298127] [acados_nmpc_node]: [wcmd] raw=[-0.034,-0.046,+0.021] w=[+0.010,-0.009,+0.029] err=[-0.043,-0.037] scaled=[-0.181,-0.172] s=4.41
[INFO] [1789412734.468174307] [acados_nmpc_node]: [attach-window] t=8.00s pos_err=0.033m T=19.75N z=0.573 m_est=2.064
[INFO] [1789412734.521287514] [acados_nmpc_node]: [attach-window] t=8.05s pos_err=0.035m T=19.76N z=0.573 m_est=2.064
[INFO] [1789412734.567573502] [acados_nmpc_node]: [attach-window] t=8.10s pos_err=0.035m T=19.76N z=0.573 m_est=2.064
[INFO] [1789412734.621184428] [acados_nmpc_node]: [attach-window] t=8.15s pos_err=0.036m T=19.75N z=0.574 m_est=2.064
[INFO] [1789412734.656268172] [acados_nmpc_node]: [wcmd] raw=[-0.033,-0.028,+0.024] w=[-0.009,-0.021,-0.021] err=[-0.024,-0.007] scaled=[-0.120,-0.051] s=4.61
[INFO] [1789412734.668064980] [acados_nmpc_node]: [attach-window] t=8.20s pos_err=0.036m T=19.76N z=0.573 m_est=2.064
[INFO] [1789412734.721484286] [acados_nmpc_node]: [attach-window] t=8.25s pos_err=0.036m T=19.76N z=0.573 m_est=2.064
[INFO] [1789412734.768258233] [acados_nmpc_node]: [attach-window] t=8.30s pos_err=0.036m T=19.77N z=0.573 m_est=2.064
[INFO] [1789412734.821475115] [acados_nmpc_node]: [attach-window] t=8.35s pos_err=0.035m T=19.78N z=0.573 m_est=2.064
[INFO] [1789412734.856265053] [acados_nmpc_node]: [wcmd] raw=[-0.018,+0.009,+0.028] w=[-0.008,-0.025,+0.023] err=[-0.009,+0.033] scaled=[-0.053,+0.133] s=4.74
[INFO] [1789412734.868123177] [acados_nmpc_node]: [attach-window] t=8.40s pos_err=0.035m T=19.78N z=0.572 m_est=2.064
[INFO] [1789412734.921529053] [acados_nmpc_node]: [attach-window] t=8.45s pos_err=0.034m T=19.79N z=0.572 m_est=2.064
[INFO] [1789412734.968149703] [acados_nmpc_node]: [attach-window] t=8.50s pos_err=0.033m T=19.80N z=0.572 m_est=2.064
[INFO] [1789412735.021513220] [acados_nmpc_node]: [attach-window] t=8.55s pos_err=0.032m T=19.81N z=0.572 m_est=2.064
[INFO] [1789412735.056237146] [acados_nmpc_node]: [wcmd] raw=[+0.013,+0.036,+0.008] w=[-0.003,-0.018,+0.084] err=[+0.017,+0.054] scaled=[+0.076,+0.242] s=4.82
[INFO] [1789412735.068157657] [acados_nmpc_node]: [attach-window] t=8.60s pos_err=0.031m T=19.82N z=0.571 m_est=2.064
[INFO] [1789412735.121591154] [acados_nmpc_node]: [attach-window] t=8.65s pos_err=0.030m T=19.84N z=0.571 m_est=2.064
[INFO] [1789412735.168161470] [acados_nmpc_node]: [attach-window] t=8.70s pos_err=0.029m T=19.84N z=0.571 m_est=2.064
[INFO] [1789412735.221431963] [acados_nmpc_node]: [attach-window] t=8.75s pos_err=0.029m T=19.84N z=0.571 m_est=2.064
[INFO] [1789412735.256350876] [acados_nmpc_node]: [wcmd] raw=[+0.023,+0.039,-0.040] w=[+0.007,-0.007,+0.144] err=[+0.016,+0.046] scaled=[+0.085,+0.219] s=4.88
[INFO] [1789412735.268333794] [acados_nmpc_node]: [attach-window] t=8.80s pos_err=0.029m T=19.84N z=0.571 m_est=2.064
[INFO] [1789412735.321768286] [acados_nmpc_node]: [attach-window] t=8.85s pos_err=0.030m T=19.84N z=0.571 m_est=2.064
[INFO] [1789412735.368471513] [acados_nmpc_node]: [attach-window] t=8.90s pos_err=0.030m T=19.84N z=0.571 m_est=2.064
[INFO] [1789412735.421967567] [acados_nmpc_node]: [attach-window] t=8.95s pos_err=0.032m T=19.83N z=0.572 m_est=2.064
[INFO] [1789412735.456381931] [acados_nmpc_node]: [wcmd] raw=[-0.006,+0.020,-0.109] w=[+0.014,-0.001,+0.141] err=[-0.019,+0.021] scaled=[-0.081,+0.104] s=4.92
[INFO] [1789412735.468479483] [acados_nmpc_node]: [attach-window] t=9.00s pos_err=0.033m T=19.83N z=0.572 m_est=2.064
[INFO] [1789412735.521737084] [acados_nmpc_node]: [attach-window] t=9.05s pos_err=0.034m T=19.82N z=0.572 m_est=2.064
[INFO] [1789412735.568437264] [acados_nmpc_node]: [attach-window] t=9.10s pos_err=0.035m T=19.83N z=0.572 m_est=2.064
[INFO] [1789412735.621702280] [acados_nmpc_node]: [attach-window] t=9.15s pos_err=0.036m T=19.84N z=0.572 m_est=2.064
[INFO] [1789412735.656423885] [acados_nmpc_node]: [wcmd] raw=[-0.030,+0.010,-0.162] w=[-0.006,-0.007,+0.041] err=[-0.024,+0.017] scaled=[-0.125,+0.075] s=4.95
[INFO] [1789412735.668465045] [acados_nmpc_node]: [attach-window] t=9.20s pos_err=0.036m T=19.84N z=0.572 m_est=2.064
[INFO] [1789412735.721678663] [acados_nmpc_node]: [attach-window] t=9.25s pos_err=0.037m T=19.86N z=0.571 m_est=2.064
[INFO] [1789412735.768246137] [acados_nmpc_node]: [attach-window] t=9.30s pos_err=0.037m T=19.86N z=0.571 m_est=2.064
[INFO] [1789412735.821532091] [acados_nmpc_node]: [attach-window] t=9.35s pos_err=0.037m T=19.88N z=0.570 m_est=2.064
[INFO] [1789412735.856394013] [acados_nmpc_node]: [wcmd] raw=[-0.018,+0.021,-0.167] w=[-0.018,-0.012,-0.043] err=[+0.001,+0.033] scaled=[-0.015,+0.151] s=4.96
[INFO] [1789412735.868274204] [acados_nmpc_node]: [attach-window] t=9.40s pos_err=0.037m T=19.90N z=0.569 m_est=2.064
[INFO] [1789412735.921516554] [acados_nmpc_node]: [attach-window] t=9.45s pos_err=0.036m T=19.92N z=0.568 m_est=2.064
[INFO] [1789412735.968139573] [acados_nmpc_node]: [attach-window] t=9.50s pos_err=0.036m T=19.93N z=0.568 m_est=2.064
[INFO] [1789412736.021501810] [acados_nmpc_node]: [attach-window] t=9.55s pos_err=0.036m T=19.95N z=0.567 m_est=2.064
[INFO] [1789412736.056334327] [acados_nmpc_node]: [wcmd] raw=[+0.005,+0.035,-0.143] w=[-0.022,-0.009,-0.059] err=[+0.028,+0.044] scaled=[+0.115,+0.210] s=4.98
[INFO] [1789412736.068268988] [acados_nmpc_node]: [attach-window] t=9.60s pos_err=0.035m T=19.96N z=0.567 m_est=2.064
[INFO] [1789412736.119456659] [acados_nmpc_node]: t=9.7s | LIFT: raising hover 0.55->6.0m to lift payload
[INFO] [1789412736.121918848] [acados_nmpc_node]: [attach-window] t=9.65s pos_err=0.035m T=19.99N z=0.566 m_est=2.064
[INFO] [1789412736.168343535] [acados_nmpc_node]: [attach-window] t=9.70s pos_err=0.035m T=19.99N z=0.565 m_est=2.064
[INFO] [1789412736.221501161] [acados_nmpc_node]: [attach-window] t=9.75s pos_err=0.034m T=20.01N z=0.565 m_est=2.064
[INFO] [1789412736.256328554] [acados_nmpc_node]: [wcmd] raw=[+0.035,+0.035,-0.121] w=[-0.019,-0.001,-0.013] err=[+0.053,+0.036] scaled=[+0.247,+0.177] s=4.98
[INFO] [1789412736.268248133] [acados_nmpc_node]: [attach-window] t=9.80s pos_err=0.034m T=20.02N z=0.565 m_est=2.064
[INFO] [1789412736.321773883] [acados_nmpc_node]: [attach-window] t=9.85s pos_err=0.033m T=20.04N z=0.564 m_est=2.064
[INFO] [1789412736.368440254] [acados_nmpc_node]: [attach-window] t=9.90s pos_err=0.032m T=20.06N z=0.564 m_est=2.064
[INFO] [1789412736.421461133] [acados_nmpc_node]: [attach-window] t=9.95s pos_err=0.031m T=20.09N z=0.563 m_est=2.064
[INFO] [1789412736.456233199] [acados_nmpc_node]: [wcmd] raw=[+0.060,+0.021,-0.126] w=[-0.008,+0.009,+0.058] err=[+0.068,+0.012] scaled=[+0.330,+0.069] s=4.99
[INFO] [1789412736.468226014] [acados_nmpc_node]: [attach-window] t=10.00s pos_err=0.031m T=20.12N z=0.563 m_est=2.064
[INFO] [1789412736.521417314] [acados_nmpc_node]: [attach-window] t=10.05s pos_err=0.029m T=20.16N z=0.563 m_est=2.064
[INFO] [1789412736.568255720] [acados_nmpc_node]: [attach-window] t=10.10s pos_err=0.029m T=20.20N z=0.563 m_est=2.064
[INFO] [1789412736.621691556] [acados_nmpc_node]: [attach-window] t=10.15s pos_err=0.028m T=20.26N z=0.562 m_est=2.064
[INFO] [1789412736.656274468] [acados_nmpc_node]: [wcmd] raw=[+0.061,+0.007,-0.161] w=[+0.006,+0.012,+0.108] err=[+0.055,-0.005] scaled=[+0.281,-0.014] s=4.99
[INFO] [1789412736.668360493] [acados_nmpc_node]: [attach-window] t=10.20s pos_err=0.028m T=20.32N z=0.562 m_est=2.064
[INFO] [1789412736.721498645] [acados_nmpc_node]: [attach-window] t=10.25s pos_err=0.029m T=20.39N z=0.562 m_est=2.064
[INFO] [1789412736.768265133] [acados_nmpc_node]: [attach-window] t=10.30s pos_err=0.030m T=20.47N z=0.562 m_est=2.064
[INFO] [1789412736.821717720] [acados_nmpc_node]: [attach-window] t=10.35s pos_err=0.032m T=20.57N z=0.563 m_est=2.064
[INFO] [1789412736.856309360] [acados_nmpc_node]: [wcmd] raw=[+0.040,-0.004,-0.213] w=[+0.015,+0.007,+0.098] err=[+0.025,-0.011] scaled=[+0.140,-0.047] s=5.00
[INFO] [1789412736.868410059] [acados_nmpc_node]: [attach-window] t=10.40s pos_err=0.035m T=20.66N z=0.563 m_est=2.064
[INFO] [1789412736.921518504] [acados_nmpc_node]: [attach-window] t=10.45s pos_err=0.039m T=20.78N z=0.564 m_est=2.064
[INFO] [1789412736.968281274] [acados_nmpc_node]: [attach-window] t=10.50s pos_err=0.044m T=20.90N z=0.564 m_est=2.064
[INFO] [1789412737.021807305] [acados_nmpc_node]: [attach-window] t=10.55s pos_err=0.051m T=21.05N z=0.565 m_est=2.064
[INFO] [1789412737.022307400] [acados_nmpc_node]: t=10.6s | pos_err=0.051m | T=21.05N | tau=[r-0.012 p0.079 y-0.113]Nm | res_stat=5.004e-07(peak 9.851e-07) sqp_iter=3 | solve=1.7ms
[INFO] [1789412737.022512185] [acados_nmpc_node]: [flight-diag] t=10.6s | om_scale=4.996(lo 1.071 hi 4.996) | tilt_max=1.33deg | w_max=[r0.031 p0.025 y0.155]rad/s | u_frac=[T0.672 r0.143 p0.202 y0.614] | u_sat=[T0.0 r0.0 p0.0 y0.0]% | mot_peak=0.876 mot_sat=0.0% | health=1 age=0.000s conf=0.073 | n=100
[INFO] [1789412737.056251549] [acados_nmpc_node]: [wcmd] raw=[+0.004,-0.002,-0.252] w=[+0.018,-0.006,+0.022] err=[-0.014,+0.004] scaled=[-0.053,+0.012] s=5.00
[INFO] [1789412737.068259838] [acados_nmpc_node]: [attach-window] t=10.60s pos_err=0.059m T=21.21N z=0.565 m_est=2.064
[INFO] [1789412737.121490360] [acados_nmpc_node]: [attach-window] t=10.65s pos_err=0.068m T=21.41N z=0.565 m_est=2.064
[INFO] [1789412737.168285597] [acados_nmpc_node]: [attach-window] t=10.70s pos_err=0.078m T=21.60N z=0.565 m_est=2.064
[INFO] [1789412737.221771246] [acados_nmpc_node]: [attach-window] t=10.75s pos_err=0.090m T=21.88N z=0.565 m_est=2.064
[INFO] [1789412737.256320420] [acados_nmpc_node]: [wcmd] raw=[-0.045,+0.018,-0.248] w=[+0.108,+0.048,-0.102] err=[-0.154,-0.030] scaled=[-0.660,-0.101] s=5.00
[INFO] [1789412737.268450529] [acados_nmpc_node]: [attach-window] t=10.80s pos_err=0.102m T=22.06N z=0.564 m_est=2.064
[INFO] [1789412737.320256057] [acados_nmpc_node]: [attach-window] t=10.85s pos_err=0.117m T=22.26N z=0.564 m_est=2.064
[INFO] [1789412737.367787497] [acados_nmpc_node]: [attach-window] t=10.90s pos_err=0.131m T=22.48N z=0.563 m_est=2.064
[INFO] [1789412737.421907809] [acados_nmpc_node]: [attach-window] t=10.95s pos_err=0.147m T=22.61N z=0.564 m_est=2.064
[INFO] [1789412737.456320828] [acados_nmpc_node]: [wcmd] raw=[-0.087,+0.012,-0.194] w=[-0.008,+0.056,-0.230] err=[-0.079,-0.045] scaled=[-0.403,-0.167] s=5.00
[INFO] [1789412737.468349675] [acados_nmpc_node]: [attach-window] t=11.00s pos_err=0.161m T=22.79N z=0.565 m_est=2.064
[INFO] [1789412737.521696667] [acados_nmpc_node]: [attach-window] t=11.05s pos_err=0.177m T=22.83N z=0.569 m_est=2.064
[INFO] [1789412737.568421066] [acados_nmpc_node]: [attach-window] t=11.10s pos_err=0.192m T=22.98N z=0.571 m_est=2.064
[INFO] [1789412737.621768922] [acados_nmpc_node]: [attach-window] t=11.15s pos_err=0.207m T=22.96N z=0.577 m_est=2.064
[INFO] [1789412737.656269071] [acados_nmpc_node]: [wcmd] raw=[-0.048,+0.023,-0.067] w=[-0.007,+0.077,-0.309] err=[-0.041,-0.054] scaled=[-0.211,-0.191] s=5.00
[INFO] [1789412737.668410583] [acados_nmpc_node]: [attach-window] t=11.20s pos_err=0.222m T=23.05N z=0.583 m_est=2.064
[INFO] [1789412737.721852546] [acados_nmpc_node]: [attach-window] t=11.25s pos_err=0.235m T=22.97N z=0.593 m_est=2.064
[INFO] [1789412737.768622645] [acados_nmpc_node]: [attach-window] t=11.30s pos_err=0.252m T=23.09N z=0.599 m_est=2.064
[INFO] [1789412737.822107724] [acados_nmpc_node]: [attach-window] t=11.35s pos_err=0.264m T=22.95N z=0.612 m_est=2.064
[INFO] [1789412737.856214190] [acados_nmpc_node]: [wcmd] raw=[-0.035,+0.028,+0.080] w=[-0.020,-0.058,-0.308] err=[-0.014,+0.085] scaled=[-0.092,+0.368] s=5.00
[INFO] [1789412737.868675398] [acados_nmpc_node]: [attach-window] t=11.40s pos_err=0.279m T=22.97N z=0.622 m_est=2.064
[INFO] [1789412737.922111572] [acados_nmpc_node]: [attach-window] t=11.45s pos_err=0.289m T=22.81N z=0.640 m_est=2.064
[INFO] [1789412737.968656208] [acados_nmpc_node]: [attach-window] t=11.50s pos_err=0.303m T=22.81N z=0.652 m_est=2.064
[INFO] [1789412738.022073920] [acados_nmpc_node]: [attach-window] t=11.55s pos_err=0.315m T=22.69N z=0.671 m_est=2.064
[INFO] [1789412738.056238901] [acados_nmpc_node]: [wcmd] raw=[-0.012,-0.032,+0.198] w=[+0.061,-0.176,-0.219] err=[-0.073,+0.144] scaled=[-0.303,+0.545] s=5.00
[INFO] [1789412738.068819229] [acados_nmpc_node]: [attach-window] t=11.60s pos_err=0.328m T=22.72N z=0.686 m_est=2.064
[INFO] [1789412738.122287979] [acados_nmpc_node]: [attach-window] t=11.65s pos_err=0.337m T=22.51N z=0.711 m_est=2.064
[INFO] [1789412738.168746598] [acados_nmpc_node]: [attach-window] t=11.70s pos_err=0.350m T=22.61N z=0.728 m_est=2.064
[INFO] [1789412738.222366005] [acados_nmpc_node]: [attach-window] t=11.75s pos_err=0.362m T=22.55N z=0.753 m_est=2.064
[INFO] [1789412738.256292025] [acados_nmpc_node]: [wcmd] raw=[-0.002,-0.119,+0.259] w=[-0.020,+0.119,-0.009] err=[+0.018,-0.238] scaled=[+0.072,-1.072] s=5.00
[INFO] [1789412738.268616821] [acados_nmpc_node]: [attach-window] t=11.80s pos_err=0.376m T=22.49N z=0.771 m_est=2.064
[INFO] [1789412738.322534517] [acados_nmpc_node]: [attach-window] t=11.85s pos_err=0.382m T=21.97N z=0.803 m_est=2.064
[INFO] [1789412738.369166807] [acados_nmpc_node]: [attach-window] t=11.90s pos_err=0.399m T=21.94N z=0.821 m_est=2.064
[INFO] [1789412738.421895824] [acados_nmpc_node]: [attach-window] t=11.95s pos_err=0.402m T=21.88N z=0.858 m_est=2.064
[INFO] [1789412738.456368136] [acados_nmpc_node]: [wcmd] raw=[-0.029,+0.154,+0.278] w=[-0.038,+0.289,+0.160] err=[+0.009,-0.135] scaled=[+0.007,-0.388] s=5.00
[INFO] [1789412738.468460415] [acados_nmpc_node]: [attach-window] t=12.00s pos_err=0.414m T=22.00N z=0.882 m_est=2.064
[INFO] [1789412738.522005319] [acados_nmpc_node]: [attach-window] t=12.05s pos_err=0.417m T=21.96N z=0.921 m_est=2.064
[INFO] [1789412738.568360958] [acados_nmpc_node]: [attach-window] t=12.10s pos_err=0.435m T=22.21N z=0.942 m_est=2.064
[INFO] [1789412738.622211706] [acados_nmpc_node]: [attach-window] t=12.15s pos_err=0.439m T=22.02N z=0.982 m_est=2.064
[INFO] [1789412738.656390374] [acados_nmpc_node]: [wcmd] raw=[-0.006,+0.069,+0.214] w=[+0.056,-0.312,+0.070] err=[-0.062,+0.381] scaled=[-0.252,+1.594] s=5.00
[INFO] [1789412738.697312621] [acados_nmpc_node]: [attach-window] t=12.20s pos_err=0.453m T=22.03N z=1.009 m_est=2.064
[INFO] [1789412738.721896828] [acados_nmpc_node]: [attach-window] t=12.25s pos_err=0.457m T=21.95N z=1.052 m_est=2.064
[WARN] [1789412738.756191083] [acados_nmpc_node]: [omega_scale] body-rate headroom limited scale 5.00->4.46 (guard ±1.90, hard ±2.00rad/s)
[INFO] [1789412738.768271156] [acados_nmpc_node]: [attach-window] t=12.30s pos_err=0.476m T=22.34N z=1.075 m_est=2.064
[INFO] [1789412738.820448211] [acados_nmpc_node]: [attach-window] t=12.35s pos_err=0.478m T=21.85N z=1.120 m_est=2.066
[INFO] [1789412738.868057562] [acados_nmpc_node]: [attach-window] t=12.40s pos_err=0.493m T=21.89N z=1.150 m_est=2.068
[INFO] [1789412738.876187930] [acados_nmpc_node]: [wcmd] raw=[-0.009,-0.382,+0.106] w=[-0.052,-0.574,-0.028] err=[+0.042,+0.192] scaled=[+0.159,+0.386] s=5.00
[INFO] [1789412738.922280483] [acados_nmpc_node]: [attach-window] t=12.45s pos_err=0.495m T=21.86N z=1.199 m_est=2.075
[INFO] [1789412738.968754063] [acados_nmpc_node]: [attach-window] t=12.50s pos_err=0.516m T=22.14N z=1.224 m_est=2.081
[INFO] [1789412739.021856052] [acados_nmpc_node]: [attach-window] t=12.55s pos_err=0.517m T=22.09N z=1.274 m_est=2.091
[INFO] [1789412739.068450387] [acados_nmpc_node]: [attach-window] t=12.60s pos_err=0.532m T=22.28N z=1.307 m_est=2.099
[INFO] [1789412739.076315754] [acados_nmpc_node]: [wcmd] raw=[-0.025,+0.037,+0.102] w=[+0.036,+0.216,+0.175] err=[-0.061,-0.179] scaled=[-0.269,-0.680] s=5.00
[INFO] [1789412739.121750168] [acados_nmpc_node]: [attach-window] t=12.65s pos_err=0.534m T=22.26N z=1.359 m_est=2.108
[INFO] [1789412739.168494586] [acados_nmpc_node]: [attach-window] t=12.70s pos_err=0.556m T=22.63N z=1.385 m_est=2.116
[INFO] [1789412739.222178149] [acados_nmpc_node]: [attach-window] t=12.75s pos_err=0.558m T=22.50N z=1.439 m_est=2.123
[INFO] [1789412739.268846666] [acados_nmpc_node]: [attach-window] t=12.80s pos_err=0.574m T=22.56N z=1.473 m_est=2.129
[INFO] [1789412739.276346146] [acados_nmpc_node]: [wcmd] raw=[+0.020,+0.064,+0.047] w=[+0.019,+0.075,+0.090] err=[+0.001,-0.011] scaled=[+0.024,+0.019] s=5.00
[INFO] [1789412739.322202722] [acados_nmpc_node]: [attach-window] t=12.85s pos_err=0.575m T=22.26N z=1.529 m_est=2.135
[INFO] [1789412739.368820106] [acados_nmpc_node]: [attach-window] t=12.90s pos_err=0.589m T=22.33N z=1.566 m_est=2.139
[INFO] [1789412739.421859615] [acados_nmpc_node]: [attach-window] t=12.95s pos_err=0.595m T=22.16N z=1.618 m_est=2.143
[INFO] [1789412739.466171803] [acados_nmpc_node]: ATTACH J bootstrap handoff: persistent MHE payload evidence, blending floor 0.0579 -> MHE dJ 0.0192kg m^2 over 0.50s
[INFO] [1789412739.468735787] [acados_nmpc_node]: [attach-window] t=13.00s pos_err=0.608m T=22.30N z=1.657 m_est=2.145
[INFO] [1789412739.476236072] [acados_nmpc_node]: [wcmd] raw=[-0.039,-0.028,+0.002] w=[-0.099,-0.496,-0.128] err=[+0.061,+0.469] scaled=[+0.205,+1.847] s=5.00
[INFO] [1789412739.522505717] [acados_nmpc_node]: [attach-window] t=13.05s pos_err=0.606m T=21.82N z=1.719 m_est=2.147
[INFO] [1789412739.568422534] [acados_nmpc_node]: [attach-window] t=13.10s pos_err=0.619m T=21.84N z=1.759 m_est=2.149
[INFO] [1789412739.643679580] [acados_nmpc_node]: [attach-window] t=13.15s pos_err=0.622m T=21.74N z=1.817 m_est=2.150
[INFO] [1789412739.668904691] [acados_nmpc_node]: [attach-window] t=13.20s pos_err=0.634m T=21.75N z=1.859 m_est=2.150
[INFO] [1789412739.696298883] [acados_nmpc_node]: [wcmd] raw=[+0.002,-0.093,+0.010] w=[+0.112,+0.099,+0.004] err=[-0.110,-0.191] scaled=[-0.427,-0.837] s=4.89
[INFO] [1789412739.721950341] [acados_nmpc_node]: [attach-window] t=13.25s pos_err=0.627m T=21.46N z=1.928 m_est=2.150
[INFO] [1789412739.768794815] [acados_nmpc_node]: [attach-window] t=13.30s pos_err=0.647m T=21.77N z=1.962 m_est=2.150
[INFO] [1789412739.822080429] [acados_nmpc_node]: [attach-window] t=13.35s pos_err=0.641m T=21.40N z=2.032 m_est=2.149
[INFO] [1789412739.868415090] [acados_nmpc_node]: [attach-window] t=13.40s pos_err=0.652m T=21.53N z=2.076 m_est=2.149
[INFO] [1789412739.896293516] [acados_nmpc_node]: [wcmd] raw=[+0.024,+0.155,+0.042] w=[-0.088,+0.716,+0.145] err=[+0.113,-0.561] scaled=[+0.429,-1.864] s=4.60
[INFO] [1789412739.922702668] [acados_nmpc_node]: [attach-window] t=13.45s pos_err=0.645m T=21.25N z=2.147 m_est=2.148
[INFO] [1789412739.966163764] [acados_nmpc_node]: ATTACH J bootstrap released; NMPC J is now MHE-only
[INFO] [1789412739.969245489] [acados_nmpc_node]: [attach-window] t=13.50s pos_err=0.665m T=21.32N z=2.182 m_est=2.147
[INFO] [1789412740.021881884] [acados_nmpc_node]: [attach-window] t=13.55s pos_err=0.656m T=21.05N z=2.255 m_est=2.146
[INFO] [1789412740.069000295] [acados_nmpc_node]: [attach-window] t=13.60s pos_err=0.667m T=21.25N z=2.301 m_est=2.145
[INFO] [1789412740.096262028] [acados_nmpc_node]: [wcmd] raw=[-0.023,+0.014,+0.032] w=[+0.073,-0.574,-0.171] err=[-0.096,+0.588] scaled=[-0.330,+1.900] s=4.30
[INFO] [1789412740.122400990] [acados_nmpc_node]: [attach-window] t=13.65s pos_err=0.659m T=21.00N z=2.374 m_est=2.143
[INFO] [1789412740.168443788] [acados_nmpc_node]: [attach-window] t=13.70s pos_err=0.678m T=21.39N z=2.410 m_est=2.142
[INFO] [1789412740.222633147] [acados_nmpc_node]: [attach-window] t=13.75s pos_err=0.671m T=21.14N z=2.483 m_est=2.141
[INFO] [1789412740.269250270] [acados_nmpc_node]: [attach-window] t=13.80s pos_err=0.681m T=21.02N z=2.529 m_est=2.140
[INFO] [1789412740.296303554] [acados_nmpc_node]: [wcmd] raw=[+0.028,-0.414,+0.038] w=[-0.063,-0.156,-0.057] err=[+0.092,-0.259] scaled=[+0.303,-1.189] s=4.00
[INFO] [1789412740.322240308] [acados_nmpc_node]: [attach-window] t=13.85s pos_err=0.672m T=20.86N z=2.603 m_est=2.137
[INFO] [1789412740.368928456] [acados_nmpc_node]: [attach-window] t=13.90s pos_err=0.691m T=21.33N z=2.641 m_est=2.135
[INFO] [1789412740.422332853] [acados_nmpc_node]: [attach-window] t=13.95s pos_err=0.673m T=20.93N z=2.724 m_est=2.132
[INFO] [1789412740.468404680] [acados_nmpc_node]: [attach-window] t=14.00s pos_err=0.692m T=21.31N z=2.761 m_est=2.129
[INFO] [1789412740.496243926] [acados_nmpc_node]: [wcmd] raw=[-0.028,+0.223,+0.086] w=[+0.060,+0.521,+0.168] err=[-0.088,-0.298] scaled=[-0.264,-0.580] s=3.70
[INFO] [1789412740.522350236] [acados_nmpc_node]: [attach-window] t=14.05s pos_err=0.683m T=21.15N z=2.835 m_est=2.125
[INFO] [1789412740.569186896] [acados_nmpc_node]: [attach-window] t=14.10s pos_err=0.702m T=21.36N z=2.872 m_est=2.122
[INFO] [1789412740.621923665] [acados_nmpc_node]: [attach-window] t=14.15s pos_err=0.693m T=21.06N z=2.946 m_est=2.116
[INFO] [1789412740.667731617] [acados_nmpc_node]: [attach-window] t=14.20s pos_err=0.702m T=21.25N z=2.993 m_est=2.111
[INFO] [1789412740.696294891] [acados_nmpc_node]: [wcmd] raw=[+0.019,+0.031,+0.040] w=[-0.072,-0.759,-0.181] err=[+0.091,+0.790] scaled=[+0.234,+1.900] s=3.40
[INFO] [1789412740.722650543] [acados_nmpc_node]: [attach-window] t=14.25s pos_err=0.692m T=20.84N z=3.067 m_est=2.105
[INFO] [1789412740.768443803] [acados_nmpc_node]: [attach-window] t=14.30s pos_err=0.710m T=21.09N z=3.104 m_est=2.101
[INFO] [1789412740.822044761] [acados_nmpc_node]: [attach-window] t=14.35s pos_err=0.699m T=21.00N z=3.179 m_est=2.096
[INFO] [1789412740.868374660] [acados_nmpc_node]: [attach-window] t=14.40s pos_err=0.706m T=21.16N z=3.226 m_est=2.092
[INFO] [1789412740.896298924] [acados_nmpc_node]: [wcmd] raw=[+0.002,-0.147,+0.044] w=[+0.072,+0.564,+0.167] err=[-0.070,-0.711] scaled=[-0.144,-1.637] s=3.10
[INFO] [1789412740.921916136] [acados_nmpc_node]: [attach-window] t=14.45s pos_err=0.694m T=20.82N z=3.302 m_est=2.088
[INFO] [1789412740.968349215] [acados_nmpc_node]: [attach-window] t=14.50s pos_err=0.710m T=21.16N z=3.339 m_est=2.085
[INFO] [1789412741.022350182] [acados_nmpc_node]: [attach-window] t=14.55s pos_err=0.697m T=20.98N z=3.414 m_est=2.082
[INFO] [1789412741.068797211] [acados_nmpc_node]: [attach-window] t=14.60s pos_err=0.704m T=20.99N z=3.461 m_est=2.079
[INFO] [1789412741.096289626] [acados_nmpc_node]: [wcmd] raw=[-0.001,+0.341,+0.040] w=[-0.038,-0.062,-0.006] err=[+0.037,+0.403] scaled=[+0.066,+1.065] s=2.80
[INFO] [1789412741.122053413] [acados_nmpc_node]: [attach-window] t=14.65s pos_err=0.690m T=20.73N z=3.535 m_est=2.077
[INFO] [1789412741.168385606] [acados_nmpc_node]: [attach-window] t=14.70s pos_err=0.705m T=21.14N z=3.573 m_est=2.075
[INFO] [1789412741.221990346] [acados_nmpc_node]: [attach-window] t=14.75s pos_err=0.691m T=21.03N z=3.646 m_est=2.073
[INFO] [1789412741.268394216] [acados_nmpc_node]: [attach-window] t=14.80s pos_err=0.697m T=21.13N z=3.692 m_est=2.072
[INFO] [1789412741.296363447] [acados_nmpc_node]: [wcmd] raw=[+0.018,-0.321,+0.003] w=[+0.024,-0.139,-0.045] err=[-0.006,-0.182] scaled=[+0.010,-0.593] s=2.50
[INFO] [1789412741.322346510] [acados_nmpc_node]: [attach-window] t=14.85s pos_err=0.683m T=20.94N z=3.764 m_est=2.071
[INFO] [1789412741.368450858] [acados_nmpc_node]: [attach-window] t=14.90s pos_err=0.696m T=21.28N z=3.801 m_est=2.070
[INFO] [1789412741.420316256] [acados_nmpc_node]: [attach-window] t=14.95s pos_err=0.680m T=21.11N z=3.872 m_est=2.069
[INFO] [1789412741.467829032] [acados_nmpc_node]: [attach-window] t=15.00s pos_err=0.686m T=21.30N z=3.917 m_est=2.068
[INFO] [1789412741.496360008] [acados_nmpc_node]: [wcmd] raw=[+0.005,+0.224,+0.042] w=[+0.024,+0.169,+0.055] err=[-0.019,+0.055] scaled=[-0.018,+0.291] s=2.20
[INFO] [1789412741.520050069] [acados_nmpc_node]: [attach-window] t=15.05s pos_err=0.670m T=21.20N z=3.987 m_est=2.067
[INFO] [1789412741.567783118] [acados_nmpc_node]: [attach-window] t=15.10s pos_err=0.675m T=21.43N z=4.030 m_est=2.067
[INFO] [1789412741.620178070] [acados_nmpc_node]: [attach-window] t=15.15s pos_err=0.660m T=21.33N z=4.097 m_est=2.066
[INFO] [1789412741.668364205] [acados_nmpc_node]: [attach-window] t=15.20s pos_err=0.674m T=21.68N z=4.131 m_est=2.066
[INFO] [1789412741.696238284] [acados_nmpc_node]: [wcmd] raw=[-0.019,-0.162,+0.014] w=[-0.003,-0.053,-0.015] err=[-0.016,-0.109] scaled=[-0.034,-0.260] s=1.90
[INFO] [1789412741.721895250] [acados_nmpc_node]: [attach-window] t=15.25s pos_err=0.661m T=21.62N z=4.196 m_est=2.066
[INFO] [1789412741.768355482] [acados_nmpc_node]: [attach-window] t=15.30s pos_err=0.673m T=21.93N z=4.228 m_est=2.066
[INFO] [1789412741.822066016] [acados_nmpc_node]: [attach-window] t=15.35s pos_err=0.659m T=21.79N z=4.292 m_est=2.065
[INFO] [1789412741.868403203] [acados_nmpc_node]: [attach-window] t=15.40s pos_err=0.662m T=21.89N z=4.332 m_est=2.065
[INFO] [1789412741.896312896] [acados_nmpc_node]: [wcmd] raw=[-0.011,+0.055,+0.030] w=[-0.014,-0.079,-0.013] err=[+0.004,+0.135] scaled=[-0.009,+0.138] s=1.61
[INFO] [1789412741.922277388] [acados_nmpc_node]: [attach-window] t=15.45s pos_err=0.647m T=21.69N z=4.395 m_est=2.065
[INFO] [1789412741.968583795] [acados_nmpc_node]: [attach-window] t=15.50s pos_err=0.656m T=21.91N z=4.426 m_est=2.065
[INFO] [1789412742.022360017] [acados_nmpc_node]: [attach-window] t=15.55s pos_err=0.640m T=21.71N z=4.489 m_est=2.065
[INFO] [1789412742.022864794] [acados_nmpc_node]: t=15.6s | pos_err=0.640m | T=21.71N | tau=[r-0.082 p0.051 y-0.000]Nm | res_stat=7.725e-07(peak 9.900e-07) sqp_iter=3 | solve=1.6ms
[INFO] [1789412742.023071129] [acados_nmpc_node]: [flight-diag] t=15.6s | om_scale=1.500(lo 1.500 hi 5.000) | tilt_max=3.39deg | w_max=[r0.122 p0.849 y0.340]rad/s | u_frac=[T0.736 r0.557 p1.000 y0.822] | u_sat=[T0.0 r0.0 p23.0 y0.0]% | mot_peak=1.000 mot_sat=8.8% | health=1 age=0.000s conf=0.000 | n=100
[INFO] [1789412742.068357703] [acados_nmpc_node]: [attach-window] t=15.60s pos_err=0.640m T=21.76N z=4.528 m_est=2.065
[INFO] [1789412742.096401656] [acados_nmpc_node]: [wcmd] raw=[+0.002,-0.002,+0.029] w=[+0.002,+0.073,+0.036] err=[+0.001,-0.075] scaled=[+0.002,-0.033] s=1.41
[INFO] [1789412742.122401628] [acados_nmpc_node]: [attach-window] t=15.65s pos_err=0.622m T=21.54N z=4.590 m_est=2.065
[INFO] [1789412742.168648158] [acados_nmpc_node]: [attach-window] t=15.70s pos_err=0.628m T=21.72N z=4.621 m_est=2.066
[INFO] [1789412742.222361845] [acados_nmpc_node]: [attach-window] t=15.75s pos_err=0.602m T=21.41N z=4.689 m_est=2.069
[INFO] [1789412742.268616338] [acados_nmpc_node]: [attach-window] t=15.80s pos_err=0.607m T=21.60N z=4.719 m_est=2.072
[INFO] [1789412742.296414304] [acados_nmpc_node]: [wcmd] raw=[-0.015,-0.064,+0.017] w=[+0.006,-0.046,+0.002] err=[-0.022,-0.018] scaled=[-0.022,-0.069] s=1.28
[INFO] [1789412742.322314181] [acados_nmpc_node]: [attach-window] t=15.85s pos_err=0.588m T=21.46N z=4.778 m_est=2.078
[INFO] [1789412742.368532162] [acados_nmpc_node]: [attach-window] t=15.90s pos_err=0.592m T=21.67N z=4.807 m_est=2.083
[INFO] [1789412742.421873142] [acados_nmpc_node]: [attach-window] t=15.95s pos_err=0.571m T=21.52N z=4.865 m_est=2.091
[INFO] [1789412742.468204421] [acados_nmpc_node]: [attach-window] t=16.00s pos_err=0.567m T=21.58N z=4.900 m_est=2.097
[INFO] [1789412742.496300578] [acados_nmpc_node]: [wcmd] raw=[-0.041,+0.028,+0.018] w=[-0.015,-0.046,+0.002] err=[-0.026,+0.074] scaled=[-0.049,+0.050] s=1.30
[INFO] [1789412742.521840145] [acados_nmpc_node]: [attach-window] t=16.05s pos_err=0.546m T=21.40N z=4.956 m_est=2.105
[INFO] [1789412742.568184005] [acados_nmpc_node]: [attach-window] t=16.10s pos_err=0.541m T=21.45N z=4.991 m_est=2.111
[INFO] [1789412742.622031780] [acados_nmpc_node]: [attach-window] t=16.15s pos_err=0.519m T=21.28N z=5.045 m_est=2.118
[INFO] [1789412742.668204495] [acados_nmpc_node]: [attach-window] t=16.20s pos_err=0.519m T=21.43N z=5.072 m_est=2.124
[INFO] [1789412742.696227159] [acados_nmpc_node]: [wcmd] raw=[-0.026,+0.068,+0.014] w=[-0.039,+0.063,+0.028] err=[+0.013,+0.005] scaled=[-0.020,+0.071] s=1.45
[INFO] [1789412742.722026865] [acados_nmpc_node]: [attach-window] t=16.25s pos_err=0.497m T=21.27N z=5.125 m_est=2.131
[INFO] [1789412742.768110231] [acados_nmpc_node]: [attach-window] t=16.30s pos_err=0.490m T=21.30N z=5.157 m_est=2.136
[INFO] [1789412742.821893648] [acados_nmpc_node]: [attach-window] t=16.35s pos_err=0.473m T=21.22N z=5.202 m_est=2.142
[INFO] [1789412742.868078857] [acados_nmpc_node]: [attach-window] t=16.40s pos_err=0.464m T=21.24N z=5.233 m_est=2.147
[INFO] [1789412742.896460794] [acados_nmpc_node]: [wcmd] raw=[+0.026,-0.001,+0.002] w=[-0.014,+0.053,+0.015] err=[+0.040,-0.054] scaled=[+0.053,-0.037] s=1.66
[INFO] [1789412742.921966676] [acados_nmpc_node]: [attach-window] t=16.45s pos_err=0.441m T=21.06N z=5.282 m_est=2.152
[INFO] [1789412742.967523577] [acados_nmpc_node]: [attach-window] t=16.50s pos_err=0.438m T=21.15N z=5.306 m_est=2.156
[INFO] [1789412743.020050594] [acados_nmpc_node]: [attach-window] t=16.55s pos_err=0.414m T=20.98N z=5.353 m_est=2.161
[INFO] [1789412743.067581994] [acados_nmpc_node]: [attach-window] t=16.60s pos_err=0.405m T=21.00N z=5.382 m_est=2.165
[INFO] [1789412743.096359430] [acados_nmpc_node]: [wcmd] raw=[+0.032,-0.024,-0.002] w=[+0.037,-0.028,-0.012] err=[-0.005,+0.004] scaled=[+0.027,-0.021] s=1.90
[INFO] [1789412743.122104353] [acados_nmpc_node]: [attach-window] t=16.65s pos_err=0.381m T=20.87N z=5.426 m_est=2.169
[INFO] [1789412743.168131630] [acados_nmpc_node]: [attach-window] t=16.70s pos_err=0.377m T=20.96N z=5.447 m_est=2.172
[INFO] [1789412743.221915014] [acados_nmpc_node]: [attach-window] t=16.75s pos_err=0.354m T=20.85N z=5.489 m_est=2.175
[INFO] [1789412743.268093262] [acados_nmpc_node]: [attach-window] t=16.80s pos_err=0.343m T=20.88N z=5.514 m_est=2.178
[INFO] [1789412743.296361417] [acados_nmpc_node]: [wcmd] raw=[-0.016,+0.003,+0.003] w=[+0.021,-0.006,-0.008] err=[-0.037,+0.010] scaled=[-0.057,+0.014] s=2.13
[INFO] [1789412743.322017669] [acados_nmpc_node]: [attach-window] t=16.85s pos_err=0.321m T=20.78N z=5.553 m_est=2.181
[INFO] [1789412743.368300273] [acados_nmpc_node]: [attach-window] t=16.90s pos_err=0.316m T=20.86N z=5.571 m_est=2.184
[INFO] [1789412743.421933635] [acados_nmpc_node]: [attach-window] t=16.95s pos_err=0.294m T=20.80N z=5.607 m_est=2.186
[INFO] [1789412743.468212369] [acados_nmpc_node]: [attach-window] t=17.00s pos_err=0.284m T=20.83N z=5.628 m_est=2.188
[INFO] [1789412743.496303652] [acados_nmpc_node]: [wcmd] raw=[-0.020,-0.009,+0.007] w=[-0.031,-0.001,-0.008] err=[+0.011,-0.008] scaled=[-0.005,-0.019] s=2.33
[INFO] [1789412743.521871358] [acados_nmpc_node]: [attach-window] t=17.05s pos_err=0.264m T=20.78N z=5.660 m_est=2.190
[INFO] [1789412743.568109186] [acados_nmpc_node]: [attach-window] t=17.10s pos_err=0.258m T=20.84N z=5.676 m_est=2.191
[INFO] [1789412743.621908684] [acados_nmpc_node]: [attach-window] t=17.15s pos_err=0.239m T=20.81N z=5.705 m_est=2.192
[INFO] [1789412743.668104722] [acados_nmpc_node]: [attach-window] t=17.20s pos_err=0.230m T=20.84N z=5.722 m_est=2.194
[INFO] [1789412743.696317688] [acados_nmpc_node]: [wcmd] raw=[+0.026,-0.009,+0.012] w=[-0.001,-0.012,-0.004] err=[+0.028,+0.003] scaled=[+0.067,-0.004] s=2.49
[INFO] [1789412743.721733887] [acados_nmpc_node]: [attach-window] t=17.25s pos_err=0.212m T=20.82N z=5.748 m_est=2.195
[INFO] [1789412743.767558418] [acados_nmpc_node]: [attach-window] t=17.30s pos_err=0.205m T=20.86N z=5.761 m_est=2.196
[INFO] [1789412743.822004773] [acados_nmpc_node]: [attach-window] t=17.35s pos_err=0.185m T=20.82N z=5.788 m_est=2.197
[INFO] [1789412743.868197097] [acados_nmpc_node]: [attach-window] t=17.40s pos_err=0.179m T=20.85N z=5.799 m_est=2.198
[INFO] [1789412743.896261875] [acados_nmpc_node]: [wcmd] raw=[+0.017,-0.002,+0.013] w=[+0.037,-0.006,+0.004] err=[-0.020,+0.004] scaled=[-0.015,+0.005] s=2.63
[INFO] [1789412743.921865799] [acados_nmpc_node]: [attach-window] t=17.45s pos_err=0.162m T=20.84N z=5.820 m_est=2.198
[INFO] [1789412743.968103695] [acados_nmpc_node]: [attach-window] t=17.50s pos_err=0.156m T=20.87N z=5.830 m_est=2.199
[INFO] [1789412744.021703411] [acados_nmpc_node]: [attach-window] t=17.55s pos_err=0.140m T=20.87N z=5.849 m_est=2.200
[INFO] [1789412744.067828438] [acados_nmpc_node]: [attach-window] t=17.60s pos_err=0.132m T=20.89N z=5.860 m_est=2.200
[INFO] [1789412744.096256807] [acados_nmpc_node]: [wcmd] raw=[-0.002,+0.005,+0.011] w=[+0.004,+0.006,+0.006] err=[-0.006,-0.001] scaled=[-0.013,+0.004] s=2.72
[INFO] [1789412744.121680256] [acados_nmpc_node]: [attach-window] t=17.65s pos_err=0.118m T=20.90N z=5.877 m_est=2.201
[INFO] [1789412744.168014991] [acados_nmpc_node]: [attach-window] t=17.70s pos_err=0.111m T=20.92N z=5.885 m_est=2.201
[INFO] [1789412744.221773903] [acados_nmpc_node]: [attach-window] t=17.75s pos_err=0.098m T=20.94N z=5.899 m_est=2.202
[INFO] [1789412744.267862500] [acados_nmpc_node]: [attach-window] t=17.80s pos_err=0.091m T=20.96N z=5.908 m_est=2.202
[INFO] [1789412744.296379476] [acados_nmpc_node]: [wcmd] raw=[+0.002,+0.003,+0.008] w=[-0.001,+0.006,+0.005] err=[+0.003,-0.003] scaled=[+0.008,-0.002] s=2.81
[INFO] [1789412744.321790817] [acados_nmpc_node]: [attach-window] t=17.85s pos_err=0.080m T=21.00N z=5.920 m_est=2.203
[INFO] [1789412744.367950634] [acados_nmpc_node]: [attach-window] t=17.90s pos_err=0.073m T=21.03N z=5.927 m_est=2.203
[INFO] [1789412744.420234572] [acados_nmpc_node]: [attach-window] t=17.95s pos_err=0.063m T=21.06N z=5.937 m_est=2.204
[INFO] [1789412744.467879269] [acados_nmpc_node]: [attach-window] t=18.00s pos_err=0.059m T=21.09N z=5.941 m_est=2.204
[INFO] [1789412744.496289051] [acados_nmpc_node]: [wcmd] raw=[-0.012,+0.002,+0.005] w=[-0.002,+0.002,+0.004] err=[-0.010,+0.000] scaled=[-0.030,+0.003] s=2.87
[INFO] [1789412744.521769823] [acados_nmpc_node]: [attach-window] t=18.05s pos_err=0.050m T=21.14N z=5.950 m_est=2.205
[INFO] [1789412744.567946403] [acados_nmpc_node]: [attach-window] t=18.10s pos_err=0.047m T=21.17N z=5.953 m_est=2.205
[INFO] [1789412744.621844898] [acados_nmpc_node]: [attach-window] t=18.15s pos_err=0.040m T=21.23N z=5.960 m_est=2.206
[INFO] [1789412744.667931436] [acados_nmpc_node]: [attach-window] t=18.20s pos_err=0.037m T=21.27N z=5.963 m_est=2.206
[INFO] [1789412744.696263764] [acados_nmpc_node]: [wcmd] raw=[-0.018,+0.002,+0.004] w=[-0.022,+0.001,+0.001] err=[+0.003,+0.002] scaled=[-0.012,+0.006] s=2.91
[INFO] [1789412744.721767290] [acados_nmpc_node]: [attach-window] t=18.25s pos_err=0.032m T=21.33N z=5.968 m_est=2.207
[INFO] [1789412744.767900114] [acados_nmpc_node]: [attach-window] t=18.30s pos_err=0.030m T=21.36N z=5.971 m_est=2.207
[INFO] [1789412744.821664747] [acados_nmpc_node]: [attach-window] t=18.35s pos_err=0.026m T=21.42N z=5.974 m_est=2.207
[INFO] [1789412744.867959509] [acados_nmpc_node]: [attach-window] t=18.40s pos_err=0.025m T=21.45N z=5.976 m_est=2.208
[INFO] [1789412744.896430248] [acados_nmpc_node]: [wcmd] raw=[-0.004,+0.007,+0.004] w=[-0.012,+0.007,+0.003] err=[+0.009,-0.001] scaled=[+0.014,+0.005] s=2.96
[INFO] [1789412744.921636132] [acados_nmpc_node]: [attach-window] t=18.45s pos_err=0.023m T=21.49N z=5.979 m_est=2.208
[INFO] [1789412744.967969035] [acados_nmpc_node]: [attach-window] t=18.50s pos_err=0.022m T=21.52N z=5.980 m_est=2.209
[INFO] [1789412745.020102492] [acados_nmpc_node]: [attach-window] t=18.55s pos_err=0.021m T=21.55N z=5.982 m_est=2.209
[INFO] [1789412745.068210414] [acados_nmpc_node]: [attach-window] t=18.60s pos_err=0.021m T=21.57N z=5.983 m_est=2.210
[INFO] [1789412745.096270595] [acados_nmpc_node]: [wcmd] raw=[-0.000,+0.010,+0.003] w=[+0.002,+0.009,+0.003] err=[-0.002,+0.000] scaled=[-0.005,+0.010] s=3.00
[INFO] [1789412745.122007618] [acados_nmpc_node]: [attach-window] t=18.65s pos_err=0.021m T=21.59N z=5.984 m_est=2.210
[INFO] [1789412745.168180166] [acados_nmpc_node]: [attach-window] t=18.70s pos_err=0.021m T=21.61N z=5.985 m_est=2.211
[INFO] [1789412745.221822978] [acados_nmpc_node]: [attach-window] t=18.75s pos_err=0.021m T=21.63N z=5.986 m_est=2.211
[INFO] [1789412745.267933387] [acados_nmpc_node]: [attach-window] t=18.80s pos_err=0.022m T=21.64N z=5.986 m_est=2.212
[INFO] [1789412745.296204036] [acados_nmpc_node]: [wcmd] raw=[-0.000,+0.003,+0.002] w=[-0.001,+0.009,+0.001] err=[+0.001,-0.006] scaled=[+0.003,-0.010] s=3.02
[INFO] [1789412745.321855977] [acados_nmpc_node]: [attach-window] t=18.85s pos_err=0.022m T=21.64N z=5.987 m_est=2.212
[INFO] [1789412745.368009924] [acados_nmpc_node]: [attach-window] t=18.90s pos_err=0.022m T=21.65N z=5.988 m_est=2.213
[INFO] [1789412745.421917262] [acados_nmpc_node]: [attach-window] t=18.95s pos_err=0.022m T=21.67N z=5.988 m_est=2.213
[INFO] [1789412745.467923963] [acados_nmpc_node]: [attach-window] t=19.00s pos_err=0.022m T=21.68N z=5.988 m_est=2.214
[INFO] [1789412745.496296350] [acados_nmpc_node]: [wcmd] raw=[+0.004,-0.010,+0.002] w=[+0.004,-0.009,-0.004] err=[-0.001,-0.001] scaled=[+0.002,-0.011] s=3.06
[INFO] [1789412745.521832460] [acados_nmpc_node]: [attach-window] t=19.05s pos_err=0.021m T=21.69N z=5.988 m_est=2.214
[INFO] [1789412745.567905374] [acados_nmpc_node]: [attach-window] t=19.10s pos_err=0.021m T=21.70N z=5.988 m_est=2.214
[INFO] [1789412745.621960890] [acados_nmpc_node]: [attach-window] t=19.15s pos_err=0.020m T=21.71N z=5.988 m_est=2.215
[INFO] [1789412745.667907681] [acados_nmpc_node]: [attach-window] t=19.20s pos_err=0.020m T=21.71N z=5.989 m_est=2.215
[INFO] [1789412745.696288820] [acados_nmpc_node]: [wcmd] raw=[+0.002,-0.017,+0.005] w=[+0.005,-0.016,-0.004] err=[-0.003,-0.001] scaled=[-0.004,-0.018] s=3.09
[INFO] [1789412745.721802418] [acados_nmpc_node]: [attach-window] t=19.25s pos_err=0.019m T=21.71N z=5.989 m_est=2.215
[INFO] [1789412745.767902152] [acados_nmpc_node]: [attach-window] t=19.30s pos_err=0.018m T=21.71N z=5.989 m_est=2.216
[INFO] [1789412745.821927925] [acados_nmpc_node]: [attach-window] t=19.35s pos_err=0.017m T=21.71N z=5.989 m_est=2.216
[INFO] [1789412745.867818237] [acados_nmpc_node]: [attach-window] t=19.40s pos_err=0.016m T=21.71N z=5.989 m_est=2.216
[INFO] [1789412745.896253925] [acados_nmpc_node]: [wcmd] raw=[+0.007,-0.008,+0.007] w=[+0.003,-0.013,+0.001] err=[+0.004,+0.005] scaled=[+0.016,+0.001] s=3.11
[INFO] [1789412745.921816214] [acados_nmpc_node]: [attach-window] t=19.45s pos_err=0.015m T=21.69N z=5.990 m_est=2.216
[INFO] [1789412745.967898287] [acados_nmpc_node]: [attach-window] t=19.50s pos_err=0.014m T=21.69N z=5.990 m_est=2.216
[INFO] [1789412746.021935735] [acados_nmpc_node]: [attach-window] t=19.55s pos_err=0.012m T=21.68N z=5.990 m_est=2.217
[INFO] [1789412746.068043711] [acados_nmpc_node]: [attach-window] t=19.60s pos_err=0.011m T=21.67N z=5.991 m_est=2.217
[INFO] [1789412746.096317087] [acados_nmpc_node]: [wcmd] raw=[+0.015,-0.009,+0.006] w=[+0.018,-0.011,+0.003] err=[-0.003,+0.002] scaled=[+0.009,-0.004] s=3.12
[INFO] [1789412746.121820318] [acados_nmpc_node]: [attach-window] t=19.65s pos_err=0.010m T=21.67N z=5.991 m_est=2.217
[INFO] [1789412746.167394072] [acados_nmpc_node]: [attach-window] t=19.70s pos_err=0.010m T=21.67N z=5.991 m_est=2.217
[INFO] [1789412746.220153072] [acados_nmpc_node]: [attach-window] t=19.75s pos_err=0.010m T=21.67N z=5.992 m_est=2.217
[INFO] [1789412746.267910986] [acados_nmpc_node]: [attach-window] t=19.80s pos_err=0.010m T=21.66N z=5.992 m_est=2.217
[INFO] [1789412746.296263390] [acados_nmpc_node]: [wcmd] raw=[-0.001,+0.001,+0.004] w=[+0.009,+0.001,+0.006] err=[-0.010,+0.001] scaled=[-0.022,+0.003] s=3.13
[INFO] [1789412746.321836470] [acados_nmpc_node]: [attach-window] t=19.85s pos_err=0.011m T=21.65N z=5.993 m_est=2.217
[INFO] [1789412746.368030396] [acados_nmpc_node]: [attach-window] t=19.90s pos_err=0.011m T=21.64N z=5.994 m_est=2.217
[INFO] [1789412746.422080642] [acados_nmpc_node]: [attach-window] t=19.95s pos_err=0.011m T=21.62N z=5.995 m_est=2.217
[INFO] [1789412746.467926241] [acados_nmpc_node]: [attach-window] t=20.00s pos_err=0.011m T=21.61N z=5.996 m_est=2.217
[INFO] [1789412746.496278370] [acados_nmpc_node]: [wcmd] raw=[-0.002,+0.007,+0.001] w=[-0.007,+0.001,+0.003] err=[+0.005,+0.005] scaled=[+0.008,+0.017] s=3.14
[INFO] [1789412746.521843820] [acados_nmpc_node]: [attach-window] t=20.05s pos_err=0.012m T=21.59N z=5.998 m_est=2.216
[INFO] [1789412746.568049374] [acados_nmpc_node]: [attach-window] t=20.10s pos_err=0.012m T=21.58N z=5.999 m_est=2.216
[INFO] [1789412746.622081529] [acados_nmpc_node]: [attach-window] t=20.15s pos_err=0.013m T=21.57N z=6.000 m_est=2.216
[INFO] [1789412746.668063714] [acados_nmpc_node]: [attach-window] t=20.20s pos_err=0.013m T=21.56N z=6.002 m_est=2.216
[INFO] [1789412746.696341968] [acados_nmpc_node]: [wcmd] raw=[+0.002,+0.009,-0.001] w=[+0.005,+0.012,+0.004] err=[-0.003,-0.004] scaled=[-0.005,+0.001] s=3.14
[INFO] [1789412746.722039466] [acados_nmpc_node]: [attach-window] t=20.25s pos_err=0.014m T=21.54N z=6.004 m_est=2.216
[INFO] [1789412746.767846428] [acados_nmpc_node]: [attach-window] t=20.30s pos_err=0.015m T=21.53N z=6.005 m_est=2.215
[INFO] [1789412746.822071928] [acados_nmpc_node]: [attach-window] t=20.35s pos_err=0.016m T=21.53N z=6.007 m_est=2.215
[INFO] [1789412746.867354865] [acados_nmpc_node]: [attach-window] t=20.40s pos_err=0.016m T=21.52N z=6.008 m_est=2.215
[INFO] [1789412746.896263598] [acados_nmpc_node]: [wcmd] raw=[-0.010,+0.005,-0.002] w=[-0.007,+0.002,-0.002] err=[-0.003,+0.003] scaled=[-0.016,+0.010] s=3.14
[INFO] [1789412746.921846808] [acados_nmpc_node]: [attach-window] t=20.45s pos_err=0.017m T=21.53N z=6.009 m_est=2.214
[INFO] [1789412746.967907140] [acados_nmpc_node]: [attach-window] t=20.50s pos_err=0.017m T=21.53N z=6.010 m_est=2.214
[INFO] [1789412747.021750935] [acados_nmpc_node]: [attach-window] t=20.55s pos_err=0.018m T=21.54N z=6.012 m_est=2.214
[INFO] [1789412747.022232791] [acados_nmpc_node]: t=20.6s | pos_err=0.018m | T=21.54N | tau=[r-0.153 p0.046 y0.001]Nm | res_stat=8.163e-08(peak 9.900e-07) sqp_iter=2 | solve=1.2ms
[INFO] [1789412747.022435345] [acados_nmpc_node]: [flight-diag] t=20.6s | om_scale=3.144(lo 1.271 hi 3.144) | tilt_max=0.73deg | w_max=[r0.042 p0.077 y0.037]rad/s | u_frac=[T0.694 r0.339 p0.157 y0.043] | u_sat=[T0.0 r0.0 p0.0 y0.0]% | mot_peak=0.823 mot_sat=0.0% | health=1 age=0.000s conf=0.000 | n=100
[INFO] [1789412747.067870231] [acados_nmpc_node]: [attach-window] t=20.60s pos_err=0.018m T=21.54N z=6.012 m_est=2.213
[INFO] [1789412747.096287510] [acados_nmpc_node]: [wcmd] raw=[-0.007,+0.001,-0.001] w=[-0.013,+0.003,-0.003] err=[+0.006,-0.002] scaled=[+0.007,-0.003] s=3.14
[INFO] [1789412747.122238026] [acados_nmpc_node]: [attach-window] t=20.65s pos_err=0.019m T=21.55N z=6.013 m_est=2.213
[INFO] [1789412747.167918097] [acados_nmpc_node]: [attach-window] t=20.70s pos_err=0.019m T=21.55N z=6.014 m_est=2.212
[INFO] [1789412747.221890271] [acados_nmpc_node]: [attach-window] t=20.75s pos_err=0.019m T=21.57N z=6.015 m_est=2.212
[INFO] [1789412747.267816906] [acados_nmpc_node]: [attach-window] t=20.80s pos_err=0.020m T=21.57N z=6.015 m_est=2.212
[INFO] [1789412747.296281892] [acados_nmpc_node]: [wcmd] raw=[+0.004,+0.004,+0.001] w=[+0.001,+0.003,-0.002] err=[+0.003,+0.001] scaled=[+0.011,+0.006] s=3.15
[INFO] [1789412747.321881252] [acados_nmpc_node]: [attach-window] t=20.85s pos_err=0.020m T=21.60N z=6.015 m_est=2.211
[INFO] [1789412747.367904433] [acados_nmpc_node]: [attach-window] t=20.90s pos_err=0.020m T=21.61N z=6.015 m_est=2.211
[INFO] [1789412747.422029423] [acados_nmpc_node]: [attach-window] t=20.95s pos_err=0.019m T=21.64N z=6.014 m_est=2.210
[INFO] [1789412747.467940794] [acados_nmpc_node]: [attach-window] t=21.00s pos_err=0.019m T=21.66N z=6.013 m_est=2.210
[INFO] [1789412747.496257550] [acados_nmpc_node]: [wcmd] raw=[+0.003,+0.001,+0.002] w=[+0.009,-0.000,-0.002] err=[-0.006,+0.001] scaled=[-0.009,+0.003] s=3.15
[INFO] [1789412747.524733383] [acados_nmpc_node]: t=21.1s | DYNAMIC: switch to figure8 (r=10.0 w=0.283) centered at [1.01,0.11] z=6.0, tracking with payload
[INFO] [1789412747.527102647] [acados_nmpc_node]: [attach-window] t=21.05s pos_err=0.012m T=21.69N z=6.012 m_est=2.210
[INFO] [1789412747.568141904] [acados_nmpc_node]: [attach-window] t=21.10s pos_err=0.011m T=21.71N z=6.011 m_est=2.209
[INFO] [1789412747.622481612] [acados_nmpc_node]: [attach-window] t=21.15s pos_err=0.010m T=21.73N z=6.010 m_est=2.209
[INFO] [1789412747.668039140] [acados_nmpc_node]: [attach-window] t=21.20s pos_err=0.009m T=21.73N z=6.009 m_est=2.209
[INFO] [1789412747.696231588] [acados_nmpc_node]: [wcmd] raw=[-0.018,-0.000,+0.003] w=[-0.035,+0.037,+0.006] err=[+0.017,-0.037] scaled=[+0.020,-0.079] s=3.15
[INFO] [1789412747.722319087] [acados_nmpc_node]: [attach-window] t=21.25s pos_err=0.008m T=21.73N z=6.007 m_est=2.209
[INFO] [1789412747.768241744] [acados_nmpc_node]: [attach-window] t=21.30s pos_err=0.007m T=21.73N z=6.007 m_est=2.209
[INFO] [1789412747.821939010] [acados_nmpc_node]: [attach-window] t=21.35s pos_err=0.007m T=21.71N z=6.006 m_est=2.208
[INFO] [1789412747.867973466] [acados_nmpc_node]: [attach-window] t=21.40s pos_err=0.007m T=21.70N z=6.006 m_est=2.208
[INFO] [1789412747.896350967] [acados_nmpc_node]: [wcmd] raw=[+0.023,-0.012,+0.003] w=[+0.020,-0.049,-0.010] err=[+0.003,+0.037] scaled=[+0.029,+0.067] s=3.15
[INFO] [1789412747.921943534] [acados_nmpc_node]: [attach-window] t=21.45s pos_err=0.007m T=21.68N z=6.005 m_est=2.208
[INFO] [1789412747.967942118] [acados_nmpc_node]: [attach-window] t=21.50s pos_err=0.008m T=21.68N z=6.005 m_est=2.208
[INFO] [1789412748.022291223] [acados_nmpc_node]: [attach-window] t=21.55s pos_err=0.009m T=21.69N z=6.004 m_est=2.208
[INFO] [1789412748.067579727] [acados_nmpc_node]: [attach-window] t=21.60s pos_err=0.009m T=21.69N z=6.003 m_est=2.208
[INFO] [1789412748.096299610] [acados_nmpc_node]: [wcmd] raw=[-0.008,-0.020,+0.004] w=[+0.008,-0.001,+0.004] err=[-0.017,-0.019] scaled=[-0.044,-0.061] s=3.15
[INFO] [1789412748.122200156] [acados_nmpc_node]: [attach-window] t=21.65s pos_err=0.010m T=21.71N z=6.002 m_est=2.209
[INFO] [1789412748.168021305] [acados_nmpc_node]: [attach-window] t=21.70s pos_err=0.010m T=21.73N z=6.001 m_est=2.209
[INFO] [1789412748.222289195] [acados_nmpc_node]: [attach-window] t=21.75s pos_err=0.011m T=21.75N z=6.000 m_est=2.209
[INFO] [1789412748.268108874] [acados_nmpc_node]: [attach-window] t=21.80s pos_err=0.011m T=21.76N z=5.998 m_est=2.209
[INFO] [1789412748.296284738] [acados_nmpc_node]: [wcmd] raw=[+0.001,+0.015,+0.004] w=[-0.011,+0.007,+0.006] err=[+0.012,+0.008] scaled=[+0.027,+0.031] s=3.15
[INFO] [1789412748.322241317] [acados_nmpc_node]: [attach-window] t=21.85s pos_err=0.013m T=21.79N z=5.996 m_est=2.209
[INFO] [1789412748.368161115] [acados_nmpc_node]: [attach-window] t=21.90s pos_err=0.013m T=21.80N z=5.995 m_est=2.209
[INFO] [1789412748.422376552] [acados_nmpc_node]: [attach-window] t=21.95s pos_err=0.015m T=21.81N z=5.993 m_est=2.210
[INFO] [1789412748.468195390] [acados_nmpc_node]: [attach-window] t=22.00s pos_err=0.016m T=21.82N z=5.992 m_est=2.210
[INFO] [1789412748.496258050] [acados_nmpc_node]: [wcmd] raw=[-0.003,-0.011,+0.001] w=[+0.006,-0.021,-0.001] err=[-0.008,+0.010] scaled=[-0.021,+0.011] s=3.15
[INFO] [1789412748.522187794] [acados_nmpc_node]: [attach-window] t=22.05s pos_err=0.018m T=21.82N z=5.990 m_est=2.210
[INFO] [1789412748.567998801] [acados_nmpc_node]: [attach-window] t=22.10s pos_err=0.019m T=21.82N z=5.989 m_est=2.210
[INFO] [1789412748.621975999] [acados_nmpc_node]: [attach-window] t=22.15s pos_err=0.019m T=21.81N z=5.988 m_est=2.210
[INFO] [1789412748.667981743] [acados_nmpc_node]: [attach-window] t=22.20s pos_err=0.019m T=21.80N z=5.987 m_est=2.211
[INFO] [1789412748.696270504] [acados_nmpc_node]: [wcmd] raw=[-0.002,+0.016,+0.001] w=[-0.009,+0.035,+0.011] err=[+0.006,-0.019] scaled=[+0.011,-0.025] s=3.15
[INFO] [1789412748.721970623] [acados_nmpc_node]: [attach-window] t=22.25s pos_err=0.019m T=21.78N z=5.987 m_est=2.211
[INFO] [1789412748.767937626] [acados_nmpc_node]: [attach-window] t=22.30s pos_err=0.019m T=21.76N z=5.987 m_est=2.211
[INFO] [1789412748.822372611] [acados_nmpc_node]: [attach-window] t=22.35s pos_err=0.018m T=21.72N z=5.987 m_est=2.211
[INFO] [1789412748.868046516] [acados_nmpc_node]: [attach-window] t=22.40s pos_err=0.017m T=21.71N z=5.987 m_est=2.212
[INFO] [1789412748.896265109] [acados_nmpc_node]: [wcmd] raw=[-0.001,+0.014,-0.003] w=[+0.002,-0.003,-0.002] err=[-0.003,+0.017] scaled=[-0.009,+0.050] s=3.15
[INFO] [1789412748.923569413] [acados_nmpc_node]: [attach-window] t=22.45s pos_err=0.016m T=21.67N z=5.988 m_est=2.212
[INFO] [1789412748.968907977] [acados_nmpc_node]: [attach-window] t=22.50s pos_err=0.015m T=21.66N z=5.989 m_est=2.212
[INFO] [1789412749.023809959] [acados_nmpc_node]: [attach-window] t=22.55s pos_err=0.013m T=21.62N z=5.990 m_est=2.212
[INFO] [1789412749.072958714] [acados_nmpc_node]: [attach-window] t=22.60s pos_err=0.013m T=21.60N z=5.991 m_est=2.212
[INFO] [1789412749.096268090] [acados_nmpc_node]: [wcmd] raw=[+0.005,-0.004,+0.259] w=[-0.002,+0.017,+0.041] err=[+0.006,-0.021] scaled=[+0.018,-0.048] s=3.15
[INFO] [1789412749.121364518] [acados_nmpc_node]: [attach-window] t=22.65s pos_err=0.010m T=21.56N z=5.993 m_est=2.212
[INFO] [1789412749.169211001] [acados_nmpc_node]: [attach-window] t=22.70s pos_err=0.009m T=21.54N z=5.994 m_est=2.212
[INFO] [1789412749.223269472] [acados_nmpc_node]: [attach-window] t=22.75s pos_err=0.007m T=21.52N z=5.996 m_est=2.212
[INFO] [1789412749.269568645] [acados_nmpc_node]: [attach-window] t=22.80s pos_err=0.006m T=21.51N z=5.997 m_est=2.212
[INFO] [1789412749.296309019] [acados_nmpc_node]: [wcmd] raw=[+0.016,+0.004,+0.361] w=[+0.004,+0.000,+0.146] err=[+0.012,+0.004] scaled=[+0.043,+0.013] s=3.15
[INFO] [1789412749.323516550] [acados_nmpc_node]: [attach-window] t=22.85s pos_err=0.005m T=21.50N z=6.000 m_est=2.212
[INFO] [1789412749.368778658] [acados_nmpc_node]: [attach-window] t=22.90s pos_err=0.005m T=21.49N z=6.001 m_est=2.212
[INFO] [1789412749.423326871] [acados_nmpc_node]: [attach-window] t=22.95s pos_err=0.006m T=21.49N z=6.003 m_est=2.212
[INFO] [1789412749.468662616] [acados_nmpc_node]: [attach-window] t=23.00s pos_err=0.006m T=21.49N z=6.004 m_est=2.212
[INFO] [1789412749.496277105] [acados_nmpc_node]: [wcmd] raw=[-0.002,-0.009,+0.562] w=[+0.008,-0.008,+0.261] err=[-0.010,-0.001] scaled=[-0.024,-0.010] s=3.15
[INFO] [1789412749.523003469] [acados_nmpc_node]: [attach-window] t=23.05s pos_err=0.008m T=21.49N z=6.005 m_est=2.212
[INFO] [1789412749.568857557] [acados_nmpc_node]: [attach-window] t=23.10s pos_err=0.009m T=21.49N z=6.006 m_est=2.211
[INFO] [1789412749.623314037] [acados_nmpc_node]: [attach-window] t=23.15s pos_err=0.011m T=21.49N z=6.008 m_est=2.211
[INFO] [1789412749.669168541] [acados_nmpc_node]: [attach-window] t=23.20s pos_err=0.012m T=21.48N z=6.008 m_est=2.211
[INFO] [1789412749.696304164] [acados_nmpc_node]: [wcmd] raw=[-0.001,+0.009,+0.957] w=[-0.023,+0.022,+0.429] err=[+0.021,-0.013] scaled=[+0.044,-0.019] s=3.15
[INFO] [1789412749.746772018] [acados_nmpc_node]: [attach-window] t=23.25s pos_err=0.015m T=21.45N z=6.010 m_est=2.211
[INFO] [1789412749.769001050] [acados_nmpc_node]: [attach-window] t=23.30s pos_err=0.016m T=21.43N z=6.010 m_est=2.210
[INFO] [1789412749.823197614] [acados_nmpc_node]: [attach-window] t=23.35s pos_err=0.019m T=21.36N z=6.012 m_est=2.210
[INFO] [1789412749.868882964] [acados_nmpc_node]: [attach-window] t=23.40s pos_err=0.020m T=21.31N z=6.014 m_est=2.209
[INFO] [1789412749.923464695] [acados_nmpc_node]: [attach-window] t=23.45s pos_err=0.024m T=21.25N z=6.016 m_est=2.209
[INFO] [1789412749.923875401] [acados_nmpc_node]: [wcmd] raw=[-0.004,+0.013,+1.191] w=[-0.018,+0.012,+0.716] err=[+0.014,+0.001] scaled=[+0.027,+0.016] s=3.15
[INFO] [1789412749.968843071] [acados_nmpc_node]: [attach-window] t=23.50s pos_err=0.025m T=21.23N z=6.017 m_est=2.209
[INFO] [1789412750.020696707] [acados_nmpc_node]: [attach-window] t=23.55s pos_err=0.029m T=21.20N z=6.020 m_est=2.208
[INFO] [1789412750.068502303] [acados_nmpc_node]: [attach-window] t=23.60s pos_err=0.030m T=21.20N z=6.021 m_est=2.208
[INFO] [1789412750.122760976] [acados_nmpc_node]: [attach-window] t=23.65s pos_err=0.033m T=21.22N z=6.023 m_est=2.208
[INFO] [1789412750.123173854] [acados_nmpc_node]: [wcmd] raw=[+0.005,+0.030,+0.845] w=[-0.014,+0.037,+0.982] err=[+0.019,-0.007] scaled=[+0.046,+0.014] s=3.15
[INFO] [1789412750.168638810] [acados_nmpc_node]: [attach-window] t=23.70s pos_err=0.034m T=21.24N z=6.024 m_est=2.207
[INFO] [1789412750.223457844] [acados_nmpc_node]: [attach-window] t=23.75s pos_err=0.036m T=21.31N z=6.025 m_est=2.207
[INFO] [1789412750.269110281] [acados_nmpc_node]: [attach-window] t=23.80s pos_err=0.036m T=21.36N z=6.025 m_est=2.206
[INFO] [1789412750.323175929] [acados_nmpc_node]: [attach-window] t=23.85s pos_err=0.037m T=21.45N z=6.025 m_est=2.206
[INFO] [1789412750.323594600] [acados_nmpc_node]: [wcmd] raw=[-0.010,+0.073,+0.500] w=[+0.018,+0.061,+0.993] err=[-0.028,+0.012] scaled=[-0.069,+0.099] s=3.14
[INFO] [1789412750.368936622] [acados_nmpc_node]: [attach-window] t=23.90s pos_err=0.036m T=21.49N z=6.025 m_est=2.205
[INFO] [1789412750.423245027] [acados_nmpc_node]: [attach-window] t=23.95s pos_err=0.036m T=21.55N z=6.024 m_est=2.204
[INFO] [1789412750.469152352] [acados_nmpc_node]: [attach-window] t=24.00s pos_err=0.034m T=21.58N z=6.023 m_est=2.204
[INFO] [1789412750.523591065] [acados_nmpc_node]: [attach-window] t=24.05s pos_err=0.035m T=21.62N z=6.022 m_est=2.203
[INFO] [1789412750.524000131] [acados_nmpc_node]: [wcmd] raw=[-0.019,+0.075,+0.250] w=[+0.009,+0.072,+0.756] err=[-0.028,+0.002] scaled=[-0.079,+0.079] s=3.11
[INFO] [1789412750.569102123] [acados_nmpc_node]: [attach-window] t=24.10s pos_err=0.033m T=21.64N z=6.021 m_est=2.203
[INFO] [1789412750.623655919] [acados_nmpc_node]: [attach-window] t=24.15s pos_err=0.033m T=21.64N z=6.020 m_est=2.202
[INFO] [1789412750.669060461] [acados_nmpc_node]: [attach-window] t=24.20s pos_err=0.033m T=21.64N z=6.019 m_est=2.202
[INFO] [1789412750.723713185] [acados_nmpc_node]: [attach-window] t=24.25s pos_err=0.035m T=21.62N z=6.019 m_est=2.201
[INFO] [1789412750.724125859] [acados_nmpc_node]: [wcmd] raw=[-0.022,+0.055,-0.072] w=[+0.011,+0.077,+0.437] err=[-0.033,-0.022] scaled=[-0.092,+0.009] s=3.10
[INFO] [1789412750.769159135] [acados_nmpc_node]: [attach-window] t=24.30s pos_err=0.033m T=21.62N z=6.019 m_est=2.201
[INFO] [1789412750.823833865] [acados_nmpc_node]: [attach-window] t=24.35s pos_err=0.037m T=21.58N z=6.020 m_est=2.201
[INFO] [1789412750.869270824] [acados_nmpc_node]: [attach-window] t=24.40s pos_err=0.037m T=21.56N z=6.021 m_est=2.200
[INFO] [1789412750.923887657] [acados_nmpc_node]: [attach-window] t=24.45s pos_err=0.042m T=21.51N z=6.022 m_est=2.200
[INFO] [1789412750.924296789] [acados_nmpc_node]: [wcmd] raw=[-0.006,+0.025,-0.404] w=[+0.011,+0.039,+0.093] err=[-0.017,-0.014] scaled=[-0.041,-0.004] s=3.08
[INFO] [1789412750.969334229] [acados_nmpc_node]: [attach-window] t=24.50s pos_err=0.039m T=21.51N z=6.023 m_est=2.200
[INFO] [1789412751.021590001] [acados_nmpc_node]: [attach-window] t=24.55s pos_err=0.047m T=21.47N z=6.025 m_est=2.200
[INFO] [1789412751.068314764] [acados_nmpc_node]: [attach-window] t=24.60s pos_err=0.047m T=21.47N z=6.027 m_est=2.200
[INFO] [1789412751.121663690] [acados_nmpc_node]: [attach-window] t=24.65s pos_err=0.055m T=21.44N z=6.029 m_est=2.200
[INFO] [1789412751.121991272] [acados_nmpc_node]: [wcmd] raw=[+0.007,-0.015,-0.711] w=[+0.025,+0.014,-0.233] err=[-0.018,-0.029] scaled=[-0.031,-0.074] s=3.05
[INFO] [1789412751.169391879] [acados_nmpc_node]: [attach-window] t=24.70s pos_err=0.050m T=21.47N z=6.031 m_est=2.199
[INFO] [1789412751.223352263] [acados_nmpc_node]: [attach-window] t=24.75s pos_err=0.063m T=21.44N z=6.034 m_est=2.199
[INFO] [1789412751.269062886] [acados_nmpc_node]: [attach-window] t=24.80s pos_err=0.057m T=21.48N z=6.035 m_est=2.199
[INFO] [1789412751.323130715] [acados_nmpc_node]: [attach-window] t=24.85s pos_err=0.065m T=21.49N z=6.038 m_est=2.199
[INFO] [1789412751.323541365] [acados_nmpc_node]: [wcmd] raw=[+0.045,-0.004,-0.670] w=[+0.037,+0.003,-0.511] err=[+0.009,-0.007] scaled=[+0.063,-0.019] s=3.03
[INFO] [1789412751.368806520] [acados_nmpc_node]: [attach-window] t=24.90s pos_err=0.058m T=21.55N z=6.039 m_est=2.198
[INFO] [1789412751.423148896] [acados_nmpc_node]: [attach-window] t=24.95s pos_err=0.065m T=21.60N z=6.041 m_est=2.198
[INFO] [1789412751.468902426] [acados_nmpc_node]: [attach-window] t=25.00s pos_err=0.062m T=21.65N z=6.042 m_est=2.198
[INFO] [1789412751.523498684] [acados_nmpc_node]: [attach-window] t=25.05s pos_err=0.069m T=21.70N z=6.044 m_est=2.198
[INFO] [1789412751.523919798] [acados_nmpc_node]: [wcmd] raw=[+0.084,-0.009,-0.526] w=[+0.070,+0.037,-0.636] err=[+0.014,-0.046] scaled=[+0.112,-0.102] s=3.01
[INFO] [1789412751.568870678] [acados_nmpc_node]: [attach-window] t=25.10s pos_err=0.064m T=21.76N z=6.045 m_est=2.197
[INFO] [1789412751.623238283] [acados_nmpc_node]: [attach-window] t=25.15s pos_err=0.065m T=21.82N z=6.047 m_est=2.197
[INFO] [1789412751.668560329] [acados_nmpc_node]: [attach-window] t=25.20s pos_err=0.059m T=21.88N z=6.048 m_est=2.197
[INFO] [1789412751.723339221] [acados_nmpc_node]: [attach-window] t=25.25s pos_err=0.067m T=21.91N z=6.050 m_est=2.197
[INFO] [1789412751.723738128] [acados_nmpc_node]: [wcmd] raw=[+0.094,+0.014,-0.351] w=[+0.077,+0.007,-0.631] err=[+0.016,+0.007] scaled=[+0.126,+0.027] s=3.00
[INFO] [1789412751.768631303] [acados_nmpc_node]: [attach-window] t=25.30s pos_err=0.053m T=21.99N z=6.050 m_est=2.196
[INFO] [1789412751.823366507] [acados_nmpc_node]: [attach-window] t=25.35s pos_err=0.070m T=21.96N z=6.052 m_est=2.196
[INFO] [1789412751.868672264] [acados_nmpc_node]: [attach-window] t=25.40s pos_err=0.055m T=22.03N z=6.054 m_est=2.196
[INFO] [1789412751.923058101] [acados_nmpc_node]: [attach-window] t=25.45s pos_err=0.063m T=21.98N z=6.056 m_est=2.196
[INFO] [1789412751.923472537] [acados_nmpc_node]: [wcmd] raw=[+0.080,-0.026,-0.209] w=[+0.083,+0.007,-0.517] err=[-0.004,-0.033] scaled=[+0.073,-0.091] s=3.00
[INFO] [1789412751.968759058] [acados_nmpc_node]: [attach-window] t=25.50s pos_err=0.056m T=21.99N z=6.058 m_est=2.196
[INFO] [1789412752.023067818] [acados_nmpc_node]: [attach-window] t=25.55s pos_err=0.056m T=21.98N z=6.061 m_est=2.196
[INFO] [1789412752.023569272] [acados_nmpc_node]: t=25.6s | pos_err=0.056m | T=21.98N | tau=[r-0.163 p0.066 y0.122]Nm | res_stat=4.511e-07(peak 9.981e-07) sqp_iter=4 | solve=2.0ms
[INFO] [1789412752.023775416] [acados_nmpc_node]: [flight-diag] t=25.6s | om_scale=2.996(lo 2.996 hi 3.148) | tilt_max=5.79deg | w_max=[r0.084 p0.079 y1.023]rad/s | u_frac=[T0.703 r0.376 p0.174 y1.000] | u_sat=[T0.0 r0.0 p0.0 y23.0]% | mot_peak=0.910 mot_sat=0.0% | health=1 age=0.000s conf=0.000 | n=100
[INFO] [1789412752.068722492] [acados_nmpc_node]: [attach-window] t=25.60s pos_err=0.048m T=22.00N z=6.064 m_est=2.197
[INFO] [1789412752.123043861] [acados_nmpc_node]: [attach-window] t=25.65s pos_err=0.054m T=21.95N z=6.069 m_est=2.197
[INFO] [1789412752.123447769] [acados_nmpc_node]: [wcmd] raw=[+0.040,-0.007,-0.128] w=[+0.049,+0.033,-0.360] err=[-0.009,-0.039] scaled=[+0.021,-0.085] s=2.99
[INFO] [1789412752.168596627] [acados_nmpc_node]: [attach-window] t=25.70s pos_err=0.046m T=21.96N z=6.073 m_est=2.197
[INFO] [1789412752.223164866] [acados_nmpc_node]: [attach-window] t=25.75s pos_err=0.044m T=21.91N z=6.079 m_est=2.197
[INFO] [1789412752.268638151] [acados_nmpc_node]: [attach-window] t=25.80s pos_err=0.035m T=21.92N z=6.083 m_est=2.197
[INFO] [1789412752.323174038] [acados_nmpc_node]: [attach-window] t=25.85s pos_err=0.040m T=21.82N z=6.090 m_est=2.198
[INFO] [1789412752.323589921] [acados_nmpc_node]: [wcmd] raw=[+0.032,-0.052,-0.126] w=[+0.024,-0.078,-0.263] err=[+0.008,+0.026] scaled=[+0.048,+0.001] s=2.99
[INFO] [1789412752.368646602] [acados_nmpc_node]: [attach-window] t=25.90s pos_err=0.026m T=21.87N z=6.094 m_est=2.198
[INFO] [1789412752.423282864] [acados_nmpc_node]: [attach-window] t=25.95s pos_err=0.029m T=21.79N z=6.102 m_est=2.198
[INFO] [1789412752.468936521] [acados_nmpc_node]: [attach-window] t=26.00s pos_err=0.020m T=21.80N z=6.108 m_est=2.198
[INFO] [1789412752.523102820] [acados_nmpc_node]: [attach-window] t=26.05s pos_err=0.027m T=21.71N z=6.116 m_est=2.198
[INFO] [1789412752.523513058] [acados_nmpc_node]: [wcmd] raw=[+0.044,-0.109,-0.182] w=[+0.044,+0.006,-0.161] err=[+0.000,-0.115] scaled=[+0.045,-0.338] s=2.99
[INFO] [1789412752.568821024] [acados_nmpc_node]: [attach-window] t=26.10s pos_err=0.016m T=21.75N z=6.122 m_est=2.198
[INFO] [1789412752.621359917] [acados_nmpc_node]: [attach-window] t=26.15s pos_err=0.029m T=21.66N z=6.130 m_est=2.199
[INFO] [1789412752.668044882] [acados_nmpc_node]: [attach-window] t=26.20s pos_err=0.003m T=21.76N z=6.135 m_est=2.199
[INFO] [1789412752.723184253] [acados_nmpc_node]: [attach-window] t=26.25s pos_err=0.018m T=21.71N z=6.144 m_est=2.199
[INFO] [1789412752.723588548] [acados_nmpc_node]: [wcmd] raw=[+0.053,-0.031,-0.288] w=[+0.060,-0.166,-0.192] err=[-0.007,+0.135] scaled=[+0.038,+0.238] s=2.99
[INFO] [1789412752.768911746] [acados_nmpc_node]: [attach-window] t=26.30s pos_err=0.011m T=21.76N z=6.148 m_est=2.199
[INFO] [1789412752.823306616] [acados_nmpc_node]: [attach-window] t=26.35s pos_err=0.024m T=21.66N z=6.159 m_est=2.199
[INFO] [1789412752.868921365] [acados_nmpc_node]: [attach-window] t=26.40s pos_err=0.016m T=21.75N z=6.163 m_est=2.199
[INFO] [1789412752.923271813] [acados_nmpc_node]: [attach-window] t=26.45s pos_err=0.021m T=21.66N z=6.173 m_est=2.200
[INFO] [1789412752.923677429] [acados_nmpc_node]: [wcmd] raw=[+0.056,-0.095,-0.408] w=[+0.069,+0.005,-0.201] err=[-0.013,-0.100] scaled=[+0.031,-0.293] s=2.99
[INFO] [1789412752.968831770] [acados_nmpc_node]: [attach-window] t=26.50s pos_err=0.029m T=21.74N z=6.178 m_est=2.200
[INFO] [1789412753.023364061] [acados_nmpc_node]: [attach-window] t=26.55s pos_err=0.028m T=21.66N z=6.188 m_est=2.200
[INFO] [1789412753.068894437] [acados_nmpc_node]: [attach-window] t=26.60s pos_err=0.036m T=21.65N z=6.195 m_est=2.200
[INFO] [1789412753.123492887] [acados_nmpc_node]: [attach-window] t=26.65s pos_err=0.037m T=21.58N z=6.206 m_est=2.200
[INFO] [1789412753.123924270] [acados_nmpc_node]: [wcmd] raw=[+0.036,-0.038,-0.506] w=[+0.101,+0.014,-0.296] err=[-0.065,-0.052] scaled=[-0.093,-0.141] s=2.99
[INFO] [1789412753.168853075] [acados_nmpc_node]: [attach-window] t=26.70s pos_err=0.051m T=21.68N z=6.211 m_est=2.200
[INFO] [1789412753.223287131] [acados_nmpc_node]: [attach-window] t=26.75s pos_err=0.049m T=21.60N z=6.222 m_est=2.200
[INFO] [1789412753.268811452] [acados_nmpc_node]: [attach-window] t=26.80s pos_err=0.058m T=21.63N z=6.229 m_est=2.200
[INFO] [1789412753.323355400] [acados_nmpc_node]: [attach-window] t=26.85s pos_err=0.059m T=21.56N z=6.240 m_est=2.199
[INFO] [1789412753.323762367] [acados_nmpc_node]: [wcmd] raw=[+0.032,-0.094,-0.584] w=[+0.038,-0.116,-0.450] err=[-0.006,+0.022] scaled=[+0.020,-0.052] s=2.99
[INFO] [1789412753.368848494] [acados_nmpc_node]: [attach-window] t=26.90s pos_err=0.066m T=21.60N z=6.247 m_est=2.199
[INFO] [1789412753.423273054] [acados_nmpc_node]: [attach-window] t=26.95s pos_err=0.069m T=21.56N z=6.258 m_est=2.199
[INFO] [1789412753.468890832] [acados_nmpc_node]: [attach-window] t=27.00s pos_err=0.079m T=21.67N z=6.264 m_est=2.198
[INFO] [1789412753.521327162] [acados_nmpc_node]: [attach-window] t=27.05s pos_err=0.078m T=21.63N z=6.274 m_est=2.198
[INFO] [1789412753.521634961] [acados_nmpc_node]: [wcmd] raw=[+0.053,-0.064,-0.610] w=[+0.063,-0.075,-0.523] err=[-0.010,+0.011] scaled=[+0.032,-0.042] s=2.99
[INFO] [1789412753.568045307] [acados_nmpc_node]: [attach-window] t=27.10s pos_err=0.085m T=21.67N z=6.281 m_est=2.198
[INFO] [1789412753.620879060] [acados_nmpc_node]: [attach-window] t=27.15s pos_err=0.088m T=21.66N z=6.291 m_est=2.197
[INFO] [1789412753.668035230] [acados_nmpc_node]: [attach-window] t=27.20s pos_err=0.097m T=21.71N z=6.298 m_est=2.197
[INFO] [1789412753.723193175] [acados_nmpc_node]: [attach-window] t=27.25s pos_err=0.096m T=21.67N z=6.309 m_est=2.196
[INFO] [1789412753.723600561] [acados_nmpc_node]: [wcmd] raw=[+0.060,-0.055,-0.613] w=[+0.078,-0.040,-0.578] err=[-0.018,-0.015] scaled=[+0.026,-0.086] s=2.99
[INFO] [1789412753.768818609] [acados_nmpc_node]: [attach-window] t=27.30s pos_err=0.108m T=21.76N z=6.315 m_est=2.196
[INFO] [1789412753.823299340] [acados_nmpc_node]: [attach-window] t=27.35s pos_err=0.105m T=21.70N z=6.326 m_est=2.195
[INFO] [1789412753.868909114] [acados_nmpc_node]: [attach-window] t=27.40s pos_err=0.113m T=21.72N z=6.333 m_est=2.195
[INFO] [1789412753.923319888] [acados_nmpc_node]: [attach-window] t=27.45s pos_err=0.113m T=21.64N z=6.345 m_est=2.194
[INFO] [1789412753.923723191] [acados_nmpc_node]: [wcmd] raw=[+0.027,-0.097,-0.593] w=[+0.081,-0.021,-0.609] err=[-0.053,-0.076] scaled=[-0.078,-0.247] s=2.98
[INFO] [1789412753.968976316] [acados_nmpc_node]: [attach-window] t=27.50s pos_err=0.125m T=21.74N z=6.351 m_est=2.194
[INFO] [1789412754.023665803] [acados_nmpc_node]: [attach-window] t=27.55s pos_err=0.123m T=21.67N z=6.362 m_est=2.194
[INFO] [1789412754.068938294] [acados_nmpc_node]: [attach-window] t=27.60s pos_err=0.130m T=21.68N z=6.369 m_est=2.193
[INFO] [1789412754.121620597] [acados_nmpc_node]: [attach-window] t=27.65s pos_err=0.129m T=21.62N z=6.380 m_est=2.193
[INFO] [1789412754.121986106] [acados_nmpc_node]: [wcmd] raw=[+0.016,-0.087,-0.549] w=[+0.041,-0.047,-0.620] err=[-0.025,-0.040] scaled=[-0.033,-0.165] s=2.96
[INFO] [1789412754.168335713] [acados_nmpc_node]: [attach-window] t=27.70s pos_err=0.140m T=21.74N z=6.386 m_est=2.193
[INFO] [1789412754.221316942] [acados_nmpc_node]: [attach-window] t=27.75s pos_err=0.137m T=21.67N z=6.397 m_est=2.192
[INFO] [1789412754.268145232] [acados_nmpc_node]: [attach-window] t=27.80s pos_err=0.144m T=21.71N z=6.404 m_est=2.192
[INFO] [1789412754.321331266] [acados_nmpc_node]: [attach-window] t=27.85s pos_err=0.141m T=21.63N z=6.414 m_est=2.192
[INFO] [1789412754.321642577] [acados_nmpc_node]: [wcmd] raw=[+0.035,-0.100,-0.504] w=[+0.046,-0.055,-0.597] err=[-0.011,-0.045] scaled=[+0.013,-0.187] s=2.94
[INFO] [1789412754.368789713] [acados_nmpc_node]: [attach-window] t=27.90s pos_err=0.151m T=21.74N z=6.420 m_est=2.192
[INFO] [1789412754.423317736] [acados_nmpc_node]: [attach-window] t=27.95s pos_err=0.145m T=21.60N z=6.432 m_est=2.192
[INFO] [1789412754.468784917] [acados_nmpc_node]: [attach-window] t=28.00s pos_err=0.152m T=21.69N z=6.438 m_est=2.192
[INFO] [1789412754.523495004] [acados_nmpc_node]: [attach-window] t=28.05s pos_err=0.148m T=21.60N z=6.449 m_est=2.191
[INFO] [1789412754.523911165] [acados_nmpc_node]: [wcmd] raw=[+0.033,-0.093,-0.469] w=[+0.059,-0.071,-0.558] err=[-0.026,-0.021] scaled=[-0.017,-0.134] s=2.93
[INFO] [1789412754.568852477] [acados_nmpc_node]: [attach-window] t=28.10s pos_err=0.156m T=21.69N z=6.454 m_est=2.191
[INFO] [1789412754.623650391] [acados_nmpc_node]: [attach-window] t=28.15s pos_err=0.151m T=21.63N z=6.465 m_est=2.191
[INFO] [1789412754.668874829] [acados_nmpc_node]: [attach-window] t=28.20s pos_err=0.153m T=21.66N z=6.472 m_est=2.191
[INFO] [1789412754.723636861] [acados_nmpc_node]: [attach-window] t=28.25s pos_err=0.148m T=21.59N z=6.482 m_est=2.191
[INFO] [1789412754.724043668] [acados_nmpc_node]: [wcmd] raw=[+0.031,-0.133,-0.444] w=[+0.053,-0.028,-0.502] err=[-0.022,-0.105] scaled=[-0.012,-0.334] s=2.92
[INFO] [1789412754.768788272] [acados_nmpc_node]: [attach-window] t=28.30s pos_err=0.149m T=21.65N z=6.488 m_est=2.191
[INFO] [1789412754.823762874] [acados_nmpc_node]: [attach-window] t=28.35s pos_err=0.146m T=21.66N z=6.497 m_est=2.191
[INFO] [1789412754.869059671] [acados_nmpc_node]: [attach-window] t=28.40s pos_err=0.148m T=21.71N z=6.503 m_est=2.191
[INFO] [1789412754.923621322] [acados_nmpc_node]: [attach-window] t=28.45s pos_err=0.140m T=21.65N z=6.512 m_est=2.191
[INFO] [1789412754.924092745] [acados_nmpc_node]: [wcmd] raw=[+0.027,-0.075,-0.428] w=[+0.046,-0.160,-0.497] err=[-0.019,+0.085] scaled=[-0.008,+0.088] s=2.91
[INFO] [1789412754.969047982] [acados_nmpc_node]: [attach-window] t=28.50s pos_err=0.147m T=21.72N z=6.516 m_est=2.192
[INFO] [1789412755.024154430] [acados_nmpc_node]: [attach-window] t=28.55s pos_err=0.137m T=21.66N z=6.526 m_est=2.192
[INFO] [1789412755.069141769] [acados_nmpc_node]: [attach-window] t=28.60s pos_err=0.139m T=21.69N z=6.531 m_est=2.192
[INFO] [1789412755.123605992] [acados_nmpc_node]: [attach-window] t=28.65s pos_err=0.129m T=21.60N z=6.540 m_est=2.192
[INFO] [1789412755.124047462] [acados_nmpc_node]: [wcmd] raw=[+0.013,-0.159,-0.419] w=[+0.041,-0.028,-0.437] err=[-0.028,-0.130] scaled=[-0.040,-0.408] s=2.91
[INFO] [1789412755.169014114] [acados_nmpc_node]: [attach-window] t=28.70s pos_err=0.138m T=21.69N z=6.545 m_est=2.192
[INFO] [1789412755.223773568] [acados_nmpc_node]: [attach-window] t=28.75s pos_err=0.126m T=21.61N z=6.554 m_est=2.192
[INFO] [1789412755.268916266] [acados_nmpc_node]: [attach-window] t=28.80s pos_err=0.129m T=21.59N z=6.559 m_est=2.192
[INFO] [1789412755.323592131] [acados_nmpc_node]: [attach-window] t=28.85s pos_err=0.117m T=21.53N z=6.568 m_est=2.192
[INFO] [1789412755.324004468] [acados_nmpc_node]: [wcmd] raw=[+0.011,-0.125,-0.422] w=[+0.036,-0.108,-0.439] err=[-0.025,-0.017] scaled=[-0.037,-0.158] s=2.91
[INFO] [1789412755.368881859] [acados_nmpc_node]: [attach-window] t=28.90s pos_err=0.119m T=21.56N z=6.573 m_est=2.192
[INFO] [1789412755.423481644] [acados_nmpc_node]: [attach-window] t=28.95s pos_err=0.108m T=21.49N z=6.581 m_est=2.192
[INFO] [1789412755.468811897] [acados_nmpc_node]: [attach-window] t=29.00s pos_err=0.120m T=21.58N z=6.585 m_est=2.192
[INFO] [1789412755.523619025] [acados_nmpc_node]: [attach-window] t=29.05s pos_err=0.106m T=21.54N z=6.592 m_est=2.192
[INFO] [1789412755.524042398] [acados_nmpc_node]: [wcmd] raw=[+0.015,-0.136,-0.439] w=[+0.008,-0.227,-0.459] err=[+0.007,+0.091] scaled=[+0.028,+0.037] s=2.91
[INFO] [1789412755.568950248] [acados_nmpc_node]: [attach-window] t=29.10s pos_err=0.111m T=21.53N z=6.596 m_est=2.192
[INFO] [1789412755.623315037] [acados_nmpc_node]: [attach-window] t=29.15s pos_err=0.107m T=21.54N z=6.601 m_est=2.192
[INFO] [1789412755.669037381] [acados_nmpc_node]: [attach-window] t=29.20s pos_err=0.114m T=21.58N z=6.605 m_est=2.192
[INFO] [1789412755.721139473] [acados_nmpc_node]: [attach-window] t=29.25s pos_err=0.096m T=21.56N z=6.609 m_est=2.192
[INFO] [1789412755.721446930] [acados_nmpc_node]: [wcmd] raw=[+0.004,-0.173,-0.455] w=[+0.030,-0.053,-0.406] err=[-0.026,-0.120] scaled=[-0.045,-0.402] s=2.91
[INFO] [1789412755.768320954] [acados_nmpc_node]: [attach-window] t=29.30s pos_err=0.120m T=21.64N z=6.612 m_est=2.192
[INFO] [1789412755.821549796] [acados_nmpc_node]: [attach-window] t=29.35s pos_err=0.100m T=21.60N z=6.616 m_est=2.192
[INFO] [1789412755.869167569] [acados_nmpc_node]: [attach-window] t=29.40s pos_err=0.113m T=21.61N z=6.618 m_est=2.192
[INFO] [1789412755.923585523] [acados_nmpc_node]: [attach-window] t=29.45s pos_err=0.095m T=21.59N z=6.621 m_est=2.192
[INFO] [1789412755.923992561] [acados_nmpc_node]: [wcmd] raw=[-0.004,-0.162,-0.505] w=[+0.022,-0.198,-0.458] err=[-0.026,+0.036] scaled=[-0.053,-0.093] s=2.91
[INFO] [1789412755.969125380] [acados_nmpc_node]: [attach-window] t=29.50s pos_err=0.121m T=21.64N z=6.623 m_est=2.192
[INFO] [1789412756.023860993] [acados_nmpc_node]: [attach-window] t=29.55s pos_err=0.104m T=21.63N z=6.625 m_est=2.192
[INFO] [1789412756.069065156] [acados_nmpc_node]: [attach-window] t=29.60s pos_err=0.116m T=21.64N z=6.627 m_est=2.192
[INFO] [1789412756.123847173] [acados_nmpc_node]: [attach-window] t=29.65s pos_err=0.100m T=21.61N z=6.629 m_est=2.192
[INFO] [1789412756.124259204] [acados_nmpc_node]: [wcmd] raw=[-0.018,-0.183,-0.566] w=[+0.011,-0.117,-0.466] err=[-0.030,-0.066] scaled=[-0.075,-0.310] s=2.90
[INFO] [1789412756.169358698] [acados_nmpc_node]: [attach-window] t=29.70s pos_err=0.128m T=21.65N z=6.630 m_est=2.193
[INFO] [1789412756.224012979] [acados_nmpc_node]: [attach-window] t=29.75s pos_err=0.113m T=21.64N z=6.632 m_est=2.193
[INFO] [1789412756.269410830] [acados_nmpc_node]: [attach-window] t=29.80s pos_err=0.126m T=21.62N z=6.633 m_est=2.193
[INFO] [1789412756.324144674] [acados_nmpc_node]: [attach-window] t=29.85s pos_err=0.112m T=21.60N z=6.635 m_est=2.193
[INFO] [1789412756.324558142] [acados_nmpc_node]: [wcmd] raw=[-0.025,-0.134,-0.649] w=[+0.006,-0.145,-0.522] err=[-0.031,+0.011] scaled=[-0.085,-0.114] s=2.90
[INFO] [1789412756.368519611] [acados_nmpc_node]: [attach-window] t=29.90s pos_err=0.124m T=21.60N z=6.636 m_est=2.194
[INFO] [1789412756.424200203] [acados_nmpc_node]: [attach-window] t=29.95s pos_err=0.125m T=21.59N z=6.637 m_est=2.194
[INFO] [1789412756.469381339] [acados_nmpc_node]: [attach-window] t=30.00s pos_err=0.137m T=21.59N z=6.638 m_est=2.195
[INFO] [1789412756.524163414] [acados_nmpc_node]: [attach-window] t=30.05s pos_err=0.123m T=21.60N z=6.638 m_est=2.195
[INFO] [1789412756.524573941] [acados_nmpc_node]: [wcmd] raw=[-0.002,-0.140,-0.776] w=[-0.010,-0.164,-0.598] err=[+0.009,+0.024] scaled=[+0.015,-0.093] s=2.90
[INFO] [1789412756.569499981] [acados_nmpc_node]: [attach-window] t=30.10s pos_err=0.134m T=21.60N z=6.639 m_est=2.195
[INFO] [1789412756.624140474] [acados_nmpc_node]: [attach-window] t=30.15s pos_err=0.121m T=21.61N z=6.638 m_est=2.195
[INFO] [1789412756.669358917] [acados_nmpc_node]: [attach-window] t=30.20s pos_err=0.145m T=21.62N z=6.638 m_est=2.196
[INFO] [1789412756.724241178] [acados_nmpc_node]: [attach-window] t=30.25s pos_err=0.131m T=21.64N z=6.637 m_est=2.196
[INFO] [1789412756.724642099] [acados_nmpc_node]: [wcmd] raw=[+0.011,-0.124,-0.950] w=[+0.026,-0.146,-0.691] err=[-0.015,+0.023] scaled=[-0.019,-0.081] s=2.90
[INFO] [1789412756.769554955] [acados_nmpc_node]: [attach-window] t=30.30s pos_err=0.141m T=21.64N z=6.636 m_est=2.196
[INFO] [1789412756.824358910] [acados_nmpc_node]: [attach-window] t=30.35s pos_err=0.129m T=21.65N z=6.634 m_est=2.197
[INFO] [1789412756.869758353] [acados_nmpc_node]: [attach-window] t=30.40s pos_err=0.148m T=21.66N z=6.633 m_est=2.197
[INFO] [1789412756.924387748] [acados_nmpc_node]: [attach-window] t=30.45s pos_err=0.136m T=21.67N z=6.630 m_est=2.197
[INFO] [1789412756.924794368] [acados_nmpc_node]: [wcmd] raw=[+0.003,-0.119,-1.167] w=[+0.026,-0.127,-0.830] err=[-0.023,+0.009] scaled=[-0.041,-0.102] s=2.90
[INFO] [1789412756.969730797] [acados_nmpc_node]: [attach-window] t=30.50s pos_err=0.154m T=21.67N z=6.629 m_est=2.197
[INFO] [1789412757.022404793] [acados_nmpc_node]: [attach-window] t=30.55s pos_err=0.141m T=21.66N z=6.625 m_est=2.197
[INFO] [1789412757.022754989] [acados_nmpc_node]: t=30.6s | pos_err=0.141m | T=21.66N | tau=[r-0.195 p0.073 y-0.145]Nm | res_stat=9.442e-07(peak 9.981e-07) sqp_iter=6 | solve=2.0ms
[INFO] [1789412757.022908099] [acados_nmpc_node]: [flight-diag] t=30.6s | om_scale=2.904(lo 2.904 hi 2.995) | tilt_max=10.72deg | w_max=[r0.101 p0.227 y0.922]rad/s | u_frac=[T0.702 r0.434 p0.301 y0.750] | u_sat=[T0.0 r0.0 p0.0 y0.0]% | mot_peak=0.881 mot_sat=0.0% | health=1 age=0.000s conf=0.000 | n=100
[INFO] [1789412757.069812153] [acados_nmpc_node]: [attach-window] t=30.60s pos_err=0.148m T=21.66N z=6.623 m_est=2.197
[INFO] [1789412757.124479669] [acados_nmpc_node]: [attach-window] t=30.65s pos_err=0.136m T=21.64N z=6.620 m_est=2.198
[INFO] [1789412757.124907443] [acados_nmpc_node]: [wcmd] raw=[-0.010,-0.124,-1.399] w=[+0.053,-0.074,-1.005] err=[-0.063,-0.050] scaled=[-0.129,-0.220] s=2.90
[INFO] [1789412757.169773052] [acados_nmpc_node]: [attach-window] t=30.70s pos_err=0.149m T=21.66N z=6.618 m_est=2.198
[INFO] [1789412757.224892330] [acados_nmpc_node]: [attach-window] t=30.76s pos_err=0.137m T=21.65N z=6.614 m_est=2.198
[INFO] [1789412757.269680419] [acados_nmpc_node]: [attach-window] t=30.80s pos_err=0.139m T=21.65N z=6.611 m_est=2.198
[INFO] [1789412757.324356278] [acados_nmpc_node]: [attach-window] t=30.85s pos_err=0.126m T=21.66N z=6.605 m_est=2.198
[INFO] [1789412757.324768858] [acados_nmpc_node]: [wcmd] raw=[+0.001,-0.130,-1.573] w=[+0.036,-0.126,-1.248] err=[-0.034,-0.004] scaled=[-0.064,-0.138] s=2.90
[INFO] [1789412757.369525736] [acados_nmpc_node]: [attach-window] t=30.90s pos_err=0.133m T=21.70N z=6.602 m_est=2.199
[INFO] [1789412757.421814888] [acados_nmpc_node]: [attach-window] t=30.95s pos_err=0.119m T=21.72N z=6.596 m_est=2.199
[INFO] [1789412757.468337120] [acados_nmpc_node]: [attach-window] t=31.00s pos_err=0.119m T=21.75N z=6.592 m_est=2.199
[INFO] [1789412757.521491073] [acados_nmpc_node]: [attach-window] t=31.05s pos_err=0.107m T=21.76N z=6.585 m_est=2.199
[INFO] [1789412757.521795085] [acados_nmpc_node]: [wcmd] raw=[+0.008,-0.134,-1.575] w=[+0.047,-0.099,-1.449] err=[-0.039,-0.035] scaled=[-0.066,-0.200] s=2.90
[INFO] [1789412757.568007682] [acados_nmpc_node]: [attach-window] t=31.10s pos_err=0.109m T=21.82N z=6.582 m_est=2.199
[INFO] [1789412757.621494758] [acados_nmpc_node]: [attach-window] t=31.15s pos_err=0.097m T=21.83N z=6.575 m_est=2.199
[INFO] [1789412757.667987947] [acados_nmpc_node]: [attach-window] t=31.20s pos_err=0.094m T=21.85N z=6.570 m_est=2.199
[INFO] [1789412757.721214647] [acados_nmpc_node]: [attach-window] t=31.25s pos_err=0.086m T=21.86N z=6.562 m_est=2.199
[INFO] [1789412757.721526227] [acados_nmpc_node]: [wcmd] raw=[+0.004,-0.092,-1.368] w=[+0.042,-0.043,-1.551] err=[-0.037,-0.049] scaled=[-0.067,-0.186] s=2.90
[INFO] [1789412757.768042715] [acados_nmpc_node]: [attach-window] t=31.30s pos_err=0.082m T=21.91N z=6.557 m_est=2.199
[INFO] [1789412757.821425089] [acados_nmpc_node]: [attach-window] t=31.35s pos_err=0.077m T=21.90N z=6.548 m_est=2.199
[INFO] [1789412757.868352961] [acados_nmpc_node]: [attach-window] t=31.40s pos_err=0.072m T=21.97N z=6.544 m_est=2.199
[INFO] [1789412757.923867352] [acados_nmpc_node]: [attach-window] t=31.45s pos_err=0.066m T=21.94N z=6.535 m_est=2.199
[INFO] [1789412757.924281920] [acados_nmpc_node]: [wcmd] raw=[+0.022,-0.037,-1.038] w=[-0.023,-0.105,-1.525] err=[+0.045,+0.069] scaled=[+0.107,+0.094] s=2.90
[INFO] [1789412757.969225423] [acados_nmpc_node]: [attach-window] t=31.50s pos_err=0.063m T=21.96N z=6.530 m_est=2.199
[INFO] [1789412758.023967965] [acados_nmpc_node]: [attach-window] t=31.55s pos_err=0.055m T=21.94N z=6.521 m_est=2.198
[INFO] [1789412758.069332294] [acados_nmpc_node]: [attach-window] t=31.60s pos_err=0.053m T=21.96N z=6.515 m_est=2.198
[INFO] [1789412758.124179074] [acados_nmpc_node]: [attach-window] t=31.65s pos_err=0.046m T=21.89N z=6.505 m_est=2.198
[INFO] [1789412758.124578567] [acados_nmpc_node]: [wcmd] raw=[+0.028,-0.119,-0.754] w=[+0.037,+0.093,-1.249] err=[-0.009,-0.212] scaled=[+0.010,-0.523] s=2.90
[INFO] [1789412758.169228961] [acados_nmpc_node]: [attach-window] t=31.70s pos_err=0.050m T=21.95N z=6.500 m_est=2.198
[INFO] [1789412758.224103449] [acados_nmpc_node]: [attach-window] t=31.75s pos_err=0.038m T=21.74N z=6.490 m_est=2.198
[INFO] [1789412758.269336124] [acados_nmpc_node]: [attach-window] t=31.80s pos_err=0.041m T=21.76N z=6.485 m_est=2.198
[INFO] [1789412758.324393902] [acados_nmpc_node]: [attach-window] t=31.85s pos_err=0.030m T=21.62N z=6.477 m_est=2.199
[INFO] [1789412758.324854899] [acados_nmpc_node]: [wcmd] raw=[+0.012,-0.089,-0.527] w=[+0.010,-0.152,-1.030] err=[+0.002,+0.063] scaled=[+0.015,+0.032] s=2.90
[INFO] [1789412758.369439036] [acados_nmpc_node]: [attach-window] t=31.90s pos_err=0.047m T=21.63N z=6.472 m_est=2.199
[INFO] [1789412758.424447767] [acados_nmpc_node]: [attach-window] t=31.96s pos_err=0.031m T=21.55N z=6.464 m_est=2.199
[INFO] [1789412758.469360694] [acados_nmpc_node]: [attach-window] t=32.00s pos_err=0.041m T=21.56N z=6.458 m_est=2.199
[INFO] [1789412758.521678000] [acados_nmpc_node]: [attach-window] t=32.05s pos_err=0.018m T=21.45N z=6.449 m_est=2.199
[INFO] [1789412758.521999346] [acados_nmpc_node]: [wcmd] raw=[+0.054,-0.179,-0.165] w=[+0.013,+0.036,-0.655] err=[+0.041,-0.215] scaled=[+0.132,-0.588] s=2.90
[INFO] [1789412758.568438692] [acados_nmpc_node]: [attach-window] t=32.10s pos_err=0.055m T=21.55N z=6.444 m_est=2.199
[INFO] [1789412758.621867853] [acados_nmpc_node]: [attach-window] t=32.15s pos_err=0.031m T=21.45N z=6.434 m_est=2.199
[INFO] [1789412758.668299593] [acados_nmpc_node]: [attach-window] t=32.20s pos_err=0.051m T=21.42N z=6.428 m_est=2.199
[INFO] [1789412758.723809049] [acados_nmpc_node]: [attach-window] t=32.25s pos_err=0.031m T=21.39N z=6.417 m_est=2.199
[INFO] [1789412758.724217954] [acados_nmpc_node]: [wcmd] raw=[+0.034,-0.083,+0.104] w=[+0.049,-0.122,-0.381] err=[-0.014,+0.039] scaled=[+0.007,-0.009] s=2.90
[INFO] [1789412758.769471097] [acados_nmpc_node]: [attach-window] t=32.30s pos_err=0.070m T=21.47N z=6.412 m_est=2.198
[INFO] [1789412758.824240900] [acados_nmpc_node]: [attach-window] t=32.35s pos_err=0.052m T=21.45N z=6.401 m_est=2.198
[INFO] [1789412758.869082835] [acados_nmpc_node]: [attach-window] t=32.40s pos_err=0.070m T=21.49N z=6.394 m_est=2.198
[INFO] [1789412758.923345231] [acados_nmpc_node]: [attach-window] t=32.45s pos_err=0.053m T=21.44N z=6.382 m_est=2.197
[INFO] [1789412758.923747274] [acados_nmpc_node]: [wcmd] raw=[+0.024,-0.139,+0.218] w=[+0.015,-0.035,-0.070] err=[+0.009,-0.105] scaled=[+0.041,-0.338] s=2.90
[INFO] [1789412758.968815424] [acados_nmpc_node]: [attach-window] t=32.50s pos_err=0.092m T=21.53N z=6.376 m_est=2.197
[INFO] [1789412759.023434184] [acados_nmpc_node]: [attach-window] t=32.55s pos_err=0.057m T=21.43N z=6.363 m_est=2.197
[INFO] [1789412759.068839203] [acados_nmpc_node]: [attach-window] t=32.60s pos_err=0.093m T=21.47N z=6.357 m_est=2.196
[INFO] [1789412759.123552605] [acados_nmpc_node]: [attach-window] t=32.65s pos_err=0.076m T=21.43N z=6.345 m_est=2.196
[INFO] [1789412759.123965012] [acados_nmpc_node]: [wcmd] raw=[-0.020,-0.056,+0.158] w=[-0.004,-0.079,+0.120] err=[-0.017,+0.023] scaled=[-0.052,-0.013] s=2.90
[INFO] [1789412759.168838606] [acados_nmpc_node]: [attach-window] t=32.70s pos_err=0.115m T=21.47N z=6.339 m_est=2.195
[INFO] [1789412759.223665716] [acados_nmpc_node]: [attach-window] t=32.76s pos_err=0.077m T=21.43N z=6.325 m_est=2.194
[INFO] [1789412759.268748227] [acados_nmpc_node]: [attach-window] t=32.80s pos_err=0.114m T=21.50N z=6.319 m_est=2.194
[INFO] [1789412759.323588598] [acados_nmpc_node]: [attach-window] t=32.85s pos_err=0.095m T=21.43N z=6.307 m_est=2.193
[INFO] [1789412759.324006186] [acados_nmpc_node]: [wcmd] raw=[-0.029,-0.100,+0.031] w=[-0.037,-0.033,+0.198] err=[+0.008,-0.066] scaled=[-0.015,-0.226] s=2.90
[INFO] [1789412759.368839805] [acados_nmpc_node]: [attach-window] t=32.90s pos_err=0.135m T=21.48N z=6.301 m_est=2.193
[INFO] [1789412759.423993097] [acados_nmpc_node]: [attach-window] t=32.96s pos_err=0.115m T=21.45N z=6.288 m_est=2.192
[INFO] [1789412759.468919576] [acados_nmpc_node]: [attach-window] t=33.00s pos_err=0.133m T=21.43N z=6.280 m_est=2.192
[INFO] [1789412759.523723754] [acados_nmpc_node]: [attach-window] t=33.05s pos_err=0.113m T=21.40N z=6.268 m_est=2.191
[INFO] [1789412759.524133017] [acados_nmpc_node]: [wcmd] raw=[-0.049,-0.087,-0.094] w=[-0.024,+0.037,+0.178] err=[-0.026,-0.124] scaled=[-0.098,-0.322] s=2.90
[INFO] [1789412759.568995172] [acados_nmpc_node]: [attach-window] t=33.10s pos_err=0.154m T=21.49N z=6.261 m_est=2.191
[INFO] [1789412759.623651044] [acados_nmpc_node]: [attach-window] t=33.15s pos_err=0.133m T=21.43N z=6.248 m_est=2.190
[INFO] [1789412759.668856597] [acados_nmpc_node]: [attach-window] t=33.20s pos_err=0.152m T=21.42N z=6.240 m_est=2.189
[INFO] [1789412759.723495515] [acados_nmpc_node]: [attach-window] t=33.25s pos_err=0.131m T=21.36N z=6.228 m_est=2.189
[INFO] [1789412759.723906512] [acados_nmpc_node]: [wcmd] raw=[-0.036,-0.101,-0.194] w=[-0.055,-0.130,+0.025] err=[+0.019,+0.028] scaled=[+0.001,-0.047] s=2.90
[INFO] [1789412759.768560289] [acados_nmpc_node]: [attach-window] t=33.30s pos_err=0.149m T=21.37N z=6.220 m_est=2.188
[INFO] [1789412759.823566119] [acados_nmpc_node]: [attach-window] t=33.35s pos_err=0.151m T=21.37N z=6.208 m_est=2.188
[INFO] [1789412759.868784449] [acados_nmpc_node]: [attach-window] t=33.40s pos_err=0.170m T=21.40N z=6.200 m_est=2.187
[INFO] [1789412759.923511826] [acados_nmpc_node]: [attach-window] t=33.45s pos_err=0.148m T=21.42N z=6.186 m_est=2.187
[INFO] [1789412759.923915175] [acados_nmpc_node]: [wcmd] raw=[-0.043,-0.069,-0.220] w=[-0.035,-0.052,-0.059] err=[-0.008,-0.017] scaled=[-0.058,-0.100] s=2.88
[INFO] [1789412759.968793347] [acados_nmpc_node]: [attach-window] t=33.50s pos_err=0.191m T=21.48N z=6.178 m_est=2.186
[INFO] [1789412760.023490213] [acados_nmpc_node]: [attach-window] t=33.55s pos_err=0.144m T=21.42N z=6.162 m_est=2.186
[INFO] [1789412760.068855654] [acados_nmpc_node]: [attach-window] t=33.60s pos_err=0.187m T=21.47N z=6.155 m_est=2.185
[INFO] [1789412760.123530348] [acados_nmpc_node]: [attach-window] t=33.65s pos_err=0.163m T=21.40N z=6.140 m_est=2.185
[INFO] [1789412760.123935588] [acados_nmpc_node]: [wcmd] raw=[-0.047,-0.096,-0.202] w=[-0.062,-0.107,-0.156] err=[+0.015,+0.012] scaled=[-0.019,-0.074] s=2.86
[INFO] [1789412760.168780219] [acados_nmpc_node]: [attach-window] t=33.70s pos_err=0.208m T=21.40N z=6.133 m_est=2.185
[INFO] [1789412760.223542680] [acados_nmpc_node]: [attach-window] t=33.75s pos_err=0.157m T=21.37N z=6.117 m_est=2.184
[INFO] [1789412760.269006514] [acados_nmpc_node]: [attach-window] t=33.80s pos_err=0.201m T=21.39N z=6.109 m_est=2.184
[INFO] [1789412760.323956163] [acados_nmpc_node]: [attach-window] t=33.86s pos_err=0.176m T=21.36N z=6.095 m_est=2.184
[INFO] [1789412760.324380932] [acados_nmpc_node]: [wcmd] raw=[-0.038,-0.096,-0.131] w=[-0.051,+0.005,-0.151] err=[+0.012,-0.101] scaled=[-0.016,-0.282] s=2.84
[INFO] [1789412760.368845012] [acados_nmpc_node]: [attach-window] t=33.90s pos_err=0.221m T=21.39N z=6.088 m_est=2.184
[INFO] [1789412760.423730416] [acados_nmpc_node]: [attach-window] t=33.95s pos_err=0.193m T=21.39N z=6.073 m_est=2.184
[INFO] [1789412760.468880874] [acados_nmpc_node]: [attach-window] t=34.00s pos_err=0.212m T=21.38N z=6.064 m_est=2.183
[INFO] [1789412760.523935576] [acados_nmpc_node]: [attach-window] t=34.06s pos_err=0.185m T=21.38N z=6.050 m_est=2.183
[INFO] [1789412760.524356997] [acados_nmpc_node]: [wcmd] raw=[-0.029,-0.129,-0.048] w=[-0.053,-0.052,-0.145] err=[+0.023,-0.077] scaled=[+0.013,-0.271] s=2.84
[INFO] [1789412760.568793988] [acados_nmpc_node]: [attach-window] t=34.10s pos_err=0.230m T=21.42N z=6.042 m_est=2.183
[INFO] [1789412760.623967951] [acados_nmpc_node]: [attach-window] t=34.15s pos_err=0.201m T=21.42N z=6.028 m_est=2.183
[INFO] [1789412760.668856145] [acados_nmpc_node]: [attach-window] t=34.20s pos_err=0.219m T=21.42N z=6.019 m_est=2.183
[INFO] [1789412760.723877629] [acados_nmpc_node]: [attach-window] t=34.25s pos_err=0.191m T=21.42N z=6.004 m_est=2.183
[INFO] [1789412760.724300172] [acados_nmpc_node]: [wcmd] raw=[-0.022,-0.150,+0.033] w=[-0.043,-0.098,-0.096] err=[+0.021,-0.052] scaled=[+0.018,-0.244] s=2.83
[INFO] [1789412760.768793984] [acados_nmpc_node]: [attach-window] t=34.30s pos_err=0.236m T=21.45N z=5.996 m_est=2.183
[INFO] [1789412760.823748646] [acados_nmpc_node]: [attach-window] t=34.35s pos_err=0.181m T=21.46N z=5.978 m_est=2.183
[INFO] [1789412760.868807619] [acados_nmpc_node]: [attach-window] t=34.40s pos_err=0.225m T=21.47N z=5.971 m_est=2.183
[INFO] [1789412760.923678497] [acados_nmpc_node]: [attach-window] t=34.45s pos_err=0.197m T=21.47N z=5.955 m_est=2.183
[INFO] [1789412760.924084098] [acados_nmpc_node]: [wcmd] raw=[-0.021,-0.106,+0.101] w=[-0.039,-0.124,-0.022] err=[+0.017,+0.018] scaled=[+0.010,-0.073] s=2.83
[INFO] [1789412760.968784380] [acados_nmpc_node]: [attach-window] t=34.50s pos_err=0.216m T=21.46N z=5.945 m_est=2.184
[INFO] [1789412761.023993960] [acados_nmpc_node]: [attach-window] t=34.55s pos_err=0.189m T=21.50N z=5.930 m_est=2.184
[INFO] [1789412761.068820834] [acados_nmpc_node]: [attach-window] t=34.60s pos_err=0.233m T=21.49N z=5.922 m_est=2.184
[INFO] [1789412761.123701056] [acados_nmpc_node]: [attach-window] t=34.65s pos_err=0.205m T=21.54N z=5.907 m_est=2.184
[INFO] [1789412761.124106813] [acados_nmpc_node]: [wcmd] raw=[-0.029,-0.047,+0.147] w=[-0.038,-0.081,+0.069] err=[+0.009,+0.034] scaled=[-0.012,+0.014] s=2.82
[INFO] [1789412761.169132707] [acados_nmpc_node]: [attach-window] t=34.70s pos_err=0.225m T=21.53N z=5.897 m_est=2.184
[INFO] [1789412761.224393050] [acados_nmpc_node]: [attach-window] t=34.76s pos_err=0.224m T=21.56N z=5.883 m_est=2.184
[INFO] [1789412761.269159784] [acados_nmpc_node]: [attach-window] t=34.80s pos_err=0.241m T=21.57N z=5.874 m_est=2.184
[INFO] [1789412761.324239602] [acados_nmpc_node]: [attach-window] t=34.86s pos_err=0.214m T=21.63N z=5.858 m_est=2.185
[INFO] [1789412761.324659026] [acados_nmpc_node]: [wcmd] raw=[-0.052,-0.079,+0.166] w=[-0.054,-0.030,+0.135] err=[+0.002,-0.049] scaled=[-0.049,-0.168] s=2.82
[INFO] [1789412761.369108315] [acados_nmpc_node]: [attach-window] t=34.90s pos_err=0.258m T=21.61N z=5.851 m_est=2.185
[INFO] [1789412761.423726407] [acados_nmpc_node]: [attach-window] t=34.95s pos_err=0.229m T=21.65N z=5.835 m_est=2.185
[INFO] [1789412761.469099696] [acados_nmpc_node]: [attach-window] t=35.00s pos_err=0.247m T=21.62N z=5.825 m_est=2.185
[INFO] [1789412761.524223894] [acados_nmpc_node]: [attach-window] t=35.06s pos_err=0.219m T=21.67N z=5.810 m_est=2.185
[INFO] [1789412761.524679421] [acados_nmpc_node]: [wcmd] raw=[-0.059,-0.112,+0.176] w=[-0.078,-0.053,+0.161] err=[+0.018,-0.060] scaled=[-0.026,-0.221] s=2.82
[INFO] [1789412761.569297057] [acados_nmpc_node]: [attach-window] t=35.10s pos_err=0.262m T=21.65N z=5.802 m_est=2.185
[INFO] [1789412761.624777099] [acados_nmpc_node]: [attach-window] t=35.16s pos_err=0.234m T=21.71N z=5.786 m_est=2.185
[INFO] [1789412761.669330418] [acados_nmpc_node]: [attach-window] t=35.20s pos_err=0.248m T=21.69N z=5.776 m_est=2.185
[INFO] [1789412761.724931364] [acados_nmpc_node]: [attach-window] t=35.26s pos_err=0.220m T=21.75N z=5.760 m_est=2.185
[INFO] [1789412761.725404465] [acados_nmpc_node]: [wcmd] raw=[-0.053,-0.114,+0.196] w=[-0.074,-0.068,+0.184] err=[+0.021,-0.046] scaled=[-0.016,-0.198] s=2.82
[INFO] [1789412761.769536922] [acados_nmpc_node]: [attach-window] t=35.30s pos_err=0.260m T=21.73N z=5.752 m_est=2.185
[INFO] [1789412761.824725862] [acados_nmpc_node]: [attach-window] t=35.36s pos_err=0.232m T=21.79N z=5.736 m_est=2.185
[INFO] [1789412761.869330086] [acados_nmpc_node]: [attach-window] t=35.40s pos_err=0.246m T=21.77N z=5.727 m_est=2.185
[INFO] [1789412761.924819773] [acados_nmpc_node]: [attach-window] t=35.46s pos_err=0.219m T=21.83N z=5.712 m_est=2.185
[INFO] [1789412761.925310484] [acados_nmpc_node]: [wcmd] raw=[-0.046,-0.096,+0.226] w=[-0.064,-0.072,+0.206] err=[+0.019,-0.024] scaled=[-0.012,-0.139] s=2.82
[INFO] [1789412761.969382769] [acados_nmpc_node]: [attach-window] t=35.50s pos_err=0.258m T=21.79N z=5.704 m_est=2.185
[INFO] [1789412762.024247590] [acados_nmpc_node]: [attach-window] t=35.55s pos_err=0.229m T=21.84N z=5.690 m_est=2.186
[INFO] [1789412762.024735408] [acados_nmpc_node]: t=35.6s | pos_err=0.229m | T=21.84N | tau=[r-0.129 p0.065 y0.012]Nm | res_stat=2.708e-07(peak 9.981e-07) sqp_iter=6 | solve=2.5ms
[INFO] [1789412762.024942872] [acados_nmpc_node]: [flight-diag] t=35.6s | om_scale=2.818(lo 2.818 hi 2.904) | tilt_max=12.83deg | w_max=[r0.079 p0.209 y1.553]rad/s | u_frac=[T0.701 r0.463 p0.378 y1.000] | u_sat=[T0.0 r0.0 p0.0 y18.0]% | mot_peak=0.926 mot_sat=0.0% | health=1 age=0.000s conf=0.000 | n=100
[INFO] [1789412762.069591739] [acados_nmpc_node]: [attach-window] t=35.60s pos_err=0.245m T=21.80N z=5.681 m_est=2.186
[INFO] [1789412762.124408934] [acados_nmpc_node]: [attach-window] t=35.65s pos_err=0.218m T=21.84N z=5.668 m_est=2.187
[INFO] [1789412762.124819396] [acados_nmpc_node]: [wcmd] raw=[-0.043,-0.074,+0.269] w=[-0.060,-0.046,+0.234] err=[+0.016,-0.029] scaled=[-0.014,-0.126] s=2.82
[INFO] [1789412762.169575452] [acados_nmpc_node]: [attach-window] t=35.70s pos_err=0.257m T=21.79N z=5.662 m_est=2.187
[INFO] [1789412762.224407173] [acados_nmpc_node]: [attach-window] t=35.75s pos_err=0.230m T=21.82N z=5.649 m_est=2.188
[INFO] [1789412762.269637136] [acados_nmpc_node]: [attach-window] t=35.80s pos_err=0.244m T=21.79N z=5.641 m_est=2.189
[INFO] [1789412762.324775410] [acados_nmpc_node]: [attach-window] t=35.86s pos_err=0.219m T=21.84N z=5.628 m_est=2.189
[INFO] [1789412762.325195691] [acados_nmpc_node]: [wcmd] raw=[-0.031,-0.072,+0.331] w=[-0.056,-0.033,+0.266] err=[+0.025,-0.039] scaled=[+0.014,-0.143] s=2.82
[INFO] [1789412762.369684695] [acados_nmpc_node]: [attach-window] t=35.90s pos_err=0.254m T=21.80N z=5.622 m_est=2.190
[INFO] [1789412762.424892463] [acados_nmpc_node]: [attach-window] t=35.96s pos_err=0.229m T=21.86N z=5.609 m_est=2.191
[INFO] [1789412762.469671992] [acados_nmpc_node]: [attach-window] t=36.00s pos_err=0.241m T=21.85N z=5.601 m_est=2.192
[INFO] [1789412762.525065300] [acados_nmpc_node]: [attach-window] t=36.06s pos_err=0.218m T=21.92N z=5.588 m_est=2.192
[INFO] [1789412762.525476065] [acados_nmpc_node]: [wcmd] raw=[-0.017,-0.068,+0.418] w=[-0.043,-0.048,+0.306] err=[+0.026,-0.020] scaled=[+0.031,-0.104] s=2.82
[INFO] [1789412762.569887454] [acados_nmpc_node]: [attach-window] t=36.10s pos_err=0.251m T=21.89N z=5.581 m_est=2.193
[INFO] [1789412762.625043617] [acados_nmpc_node]: [attach-window] t=36.16s pos_err=0.228m T=21.97N z=5.568 m_est=2.193
[INFO] [1789412762.670005965] [acados_nmpc_node]: [attach-window] t=36.20s pos_err=0.239m T=21.97N z=5.559 m_est=2.194
[INFO] [1789412762.724948572] [acados_nmpc_node]: [attach-window] t=36.25s pos_err=0.216m T=22.04N z=5.545 m_est=2.195
[INFO] [1789412762.725362257] [acados_nmpc_node]: [wcmd] raw=[-0.018,-0.060,+0.529] w=[-0.036,-0.023,+0.379] err=[+0.018,-0.037] scaled=[+0.015,-0.128] s=2.83
[INFO] [1789412762.769916942] [acados_nmpc_node]: [attach-window] t=36.30s pos_err=0.246m T=22.02N z=5.538 m_est=2.195
[INFO] [1789412762.825020817] [acados_nmpc_node]: [attach-window] t=36.36s pos_err=0.223m T=22.07N z=5.524 m_est=2.196
[INFO] [1789412762.869792393] [acados_nmpc_node]: [attach-window] t=36.40s pos_err=0.232m T=22.06N z=5.516 m_est=2.196
[INFO] [1789412762.925079466] [acados_nmpc_node]: [attach-window] t=36.46s pos_err=0.209m T=22.11N z=5.503 m_est=2.197
[INFO] [1789412762.925483828] [acados_nmpc_node]: [wcmd] raw=[-0.030,-0.069,+0.657] w=[-0.048,-0.036,+0.462] err=[+0.019,-0.032] scaled=[+0.005,-0.128] s=2.85
[INFO] [1789412762.970010343] [acados_nmpc_node]: [attach-window] t=36.50s pos_err=0.217m T=22.11N z=5.495 m_est=2.197
[INFO] [1789412763.024950842] [acados_nmpc_node]: [attach-window] t=36.55s pos_err=0.194m T=22.12N z=5.482 m_est=2.197
[INFO] [1789412763.069980361] [acados_nmpc_node]: [attach-window] t=36.60s pos_err=0.218m T=22.09N z=5.477 m_est=2.198
[INFO] [1789412763.125042104] [acados_nmpc_node]: [attach-window] t=36.66s pos_err=0.195m T=22.08N z=5.465 m_est=2.198
[INFO] [1789412763.125449972] [acados_nmpc_node]: [wcmd] raw=[-0.029,-0.041,+0.793] w=[-0.036,-0.098,+0.565] err=[+0.007,+0.057] scaled=[-0.015,+0.065] s=2.87
[INFO] [1789412763.169902790] [acados_nmpc_node]: [attach-window] t=36.70s pos_err=0.202m T=22.05N z=5.459 m_est=2.199
[INFO] [1789412763.224531847] [acados_nmpc_node]: [attach-window] t=36.76s pos_err=0.180m T=22.04N z=5.448 m_est=2.199
[INFO] [1789412763.269838903] [acados_nmpc_node]: [attach-window] t=36.80s pos_err=0.202m T=22.01N z=5.444 m_est=2.200
[INFO] [1789412763.324968734] [acados_nmpc_node]: [attach-window] t=36.86s pos_err=0.182m T=22.00N z=5.434 m_est=2.200
[INFO] [1789412763.325416625] [acados_nmpc_node]: [wcmd] raw=[-0.017,-0.036,+0.924] w=[-0.038,-0.023,+0.713] err=[+0.021,-0.013] scaled=[+0.022,-0.060] s=2.88
[INFO] [1789412763.369746429] [acados_nmpc_node]: [attach-window] t=36.90s pos_err=0.203m T=21.97N z=5.430 m_est=2.200
[INFO] [1789412763.424426281] [acados_nmpc_node]: [attach-window] t=36.96s pos_err=0.168m T=21.97N z=5.420 m_est=2.201
[INFO] [1789412763.468376075] [acados_nmpc_node]: [attach-window] t=37.00s pos_err=0.189m T=21.95N z=5.415 m_est=2.201
[INFO] [1789412763.521644146] [acados_nmpc_node]: [attach-window] t=37.05s pos_err=0.168m T=21.93N z=5.407 m_est=2.202
[INFO] [1789412763.521954409] [acados_nmpc_node]: [wcmd] raw=[+0.025,-0.044,+1.009] w=[-0.033,-0.010,+0.849] err=[+0.057,-0.033] scaled=[+0.135,-0.108] s=2.91
[INFO] [1789412763.569072258] [acados_nmpc_node]: [attach-window] t=37.10s pos_err=0.177m T=21.92N z=5.402 m_est=2.202
[INFO] [1789412763.624728561] [acados_nmpc_node]: [attach-window] t=37.16s pos_err=0.174m T=21.91N z=5.395 m_est=2.202
[INFO] [1789412763.669308767] [acados_nmpc_node]: [attach-window] t=37.20s pos_err=0.180m T=21.90N z=5.390 m_est=2.202
[INFO] [1789412763.724437695] [acados_nmpc_node]: [attach-window] t=37.26s pos_err=0.164m T=21.91N z=5.382 m_est=2.203
[INFO] [1789412763.724869767] [acados_nmpc_node]: [wcmd] raw=[+0.017,-0.008,+1.042] w=[+0.014,-0.020,+0.962] err=[+0.003,+0.013] scaled=[+0.022,+0.017] s=2.94
[INFO] [1789412763.769166531] [acados_nmpc_node]: [attach-window] t=37.30s pos_err=0.183m T=21.92N z=5.378 m_est=2.203
[INFO] [1789412763.824394628] [acados_nmpc_node]: [attach-window] t=37.36s pos_err=0.156m T=21.93N z=5.369 m_est=2.203
[INFO] [1789412763.869133512] [acados_nmpc_node]: [attach-window] t=37.40s pos_err=0.174m T=21.96N z=5.365 m_est=2.203
[INFO] [1789412763.923991094] [acados_nmpc_node]: [attach-window] t=37.46s pos_err=0.159m T=21.95N z=5.357 m_est=2.203
[INFO] [1789412763.924406187] [acados_nmpc_node]: [wcmd] raw=[+0.012,-0.043,+0.962] w=[-0.007,-0.039,+1.021] err=[+0.019,-0.004] scaled=[+0.049,-0.050] s=2.95
[INFO] [1789412763.968905891] [acados_nmpc_node]: [attach-window] t=37.50s pos_err=0.165m T=21.96N z=5.352 m_est=2.203
[INFO] [1789412764.024203298] [acados_nmpc_node]: [attach-window] t=37.56s pos_err=0.151m T=21.97N z=5.344 m_est=2.203
[INFO] [1789412764.068845927] [acados_nmpc_node]: [attach-window] t=37.60s pos_err=0.168m T=22.00N z=5.340 m_est=2.203
[INFO] [1789412764.121638017] [acados_nmpc_node]: [attach-window] t=37.65s pos_err=0.151m T=22.01N z=5.332 m_est=2.203
[INFO] [1789412764.121958661] [acados_nmpc_node]: [wcmd] raw=[-0.006,-0.017,+0.823] w=[+0.002,-0.016,+1.027] err=[-0.008,-0.002] scaled=[-0.022,-0.021] s=2.96
[INFO] [1789412764.168117657] [acados_nmpc_node]: [attach-window] t=37.70s pos_err=0.171m T=22.03N z=5.328 m_est=2.202
[INFO] [1789412764.221860084] [acados_nmpc_node]: [attach-window] t=37.75s pos_err=0.153m T=22.03N z=5.320 m_est=2.202
[INFO] [1789412764.269038377] [acados_nmpc_node]: [attach-window] t=37.80s pos_err=0.161m T=22.04N z=5.315 m_est=2.202
[INFO] [1789412764.324726912] [acados_nmpc_node]: [attach-window] t=37.86s pos_err=0.146m T=22.02N z=5.307 m_est=2.202
[INFO] [1789412764.325166452] [acados_nmpc_node]: [wcmd] raw=[-0.010,-0.072,+0.645] w=[-0.035,-0.007,+0.945] err=[+0.025,-0.065] scaled=[+0.038,-0.199] s=2.97
[INFO] [1789412764.369163566] [acados_nmpc_node]: [attach-window] t=37.90s pos_err=0.164m T=22.06N z=5.303 m_est=2.201
[INFO] [1789412764.424455877] [acados_nmpc_node]: [attach-window] t=37.96s pos_err=0.136m T=21.97N z=5.296 m_est=2.201
[INFO] [1789412764.469091787] [acados_nmpc_node]: [attach-window] t=38.00s pos_err=0.155m T=21.98N z=5.293 m_est=2.201
[INFO] [1789412764.524411662] [acados_nmpc_node]: [attach-window] t=38.06s pos_err=0.138m T=21.89N z=5.287 m_est=2.201
[INFO] [1789412764.524815905] [acados_nmpc_node]: [wcmd] raw=[+0.009,-0.069,+0.454] w=[+0.005,-0.073,+0.791] err=[+0.003,+0.005] scaled=[+0.016,-0.060] s=2.97
[INFO] [1789412764.569085209] [acados_nmpc_node]: [attach-window] t=38.10s pos_err=0.144m T=21.86N z=5.284 m_est=2.200
[INFO] [1789412764.624237851] [acados_nmpc_node]: [attach-window] t=38.15s pos_err=0.128m T=21.79N z=5.280 m_est=2.200
[INFO] [1789412764.669092663] [acados_nmpc_node]: [attach-window] t=38.20s pos_err=0.148m T=21.83N z=5.278 m_est=2.200
[INFO] [1789412764.724369734] [acados_nmpc_node]: [attach-window] t=38.26s pos_err=0.131m T=21.78N z=5.273 m_est=2.199
[INFO] [1789412764.724774336] [acados_nmpc_node]: [wcmd] raw=[-0.028,-0.049,+0.308] w=[+0.003,-0.107,+0.611] err=[-0.031,+0.057] scaled=[-0.088,+0.064] s=2.98
[INFO] [1789412764.769072079] [acados_nmpc_node]: [attach-window] t=38.30s pos_err=0.152m T=21.80N z=5.271 m_est=2.199
[INFO] [1789412764.824498920] [acados_nmpc_node]: [attach-window] t=38.36s pos_err=0.135m T=21.77N z=5.267 m_est=2.199
[INFO] [1789412764.868977026] [acados_nmpc_node]: [attach-window] t=38.40s pos_err=0.143m T=21.78N z=5.264 m_est=2.198
[INFO] [1789412764.924091215] [acados_nmpc_node]: [attach-window] t=38.46s pos_err=0.125m T=21.72N z=5.261 m_est=2.198
[INFO] [1789412764.924509012] [acados_nmpc_node]: [wcmd] raw=[-0.011,-0.105,+0.210] w=[-0.036,+0.050,+0.477] err=[+0.025,-0.155] scaled=[+0.037,-0.410] s=2.98
[INFO] [1789412764.968942041] [acados_nmpc_node]: [attach-window] t=38.50s pos_err=0.150m T=21.80N z=5.259 m_est=2.198
[INFO] [1789412765.024006361] [acados_nmpc_node]: [attach-window] t=38.56s pos_err=0.116m T=21.65N z=5.256 m_est=2.198
[INFO] [1789412765.068790895] [acados_nmpc_node]: [attach-window] t=38.60s pos_err=0.141m T=21.68N z=5.255 m_est=2.197
[INFO] [1789412765.124058224] [acados_nmpc_node]: [attach-window] t=38.66s pos_err=0.123m T=21.63N z=5.252 m_est=2.197
[INFO] [1789412765.124468741] [acados_nmpc_node]: [wcmd] raw=[+0.015,-0.071,+0.164] w=[+0.006,-0.144,+0.290] err=[+0.009,+0.073] scaled=[+0.034,+0.074] s=2.98
[INFO] [1789412765.168793505] [acados_nmpc_node]: [attach-window] t=38.70s pos_err=0.149m T=21.67N z=5.250 m_est=2.197
[INFO] [1789412765.224506006] [acados_nmpc_node]: [attach-window] t=38.76s pos_err=0.132m T=21.67N z=5.247 m_est=2.197
[INFO] [1789412765.268927476] [acados_nmpc_node]: [attach-window] t=38.80s pos_err=0.142m T=21.71N z=5.245 m_est=2.197
[INFO] [1789412765.321902403] [acados_nmpc_node]: [attach-window] t=38.85s pos_err=0.120m T=21.69N z=5.241 m_est=2.196
[INFO] [1789412765.322227991] [acados_nmpc_node]: [wcmd] raw=[-0.001,-0.145,+0.166] w=[+0.003,+0.018,+0.240] err=[-0.004,-0.162] scaled=[-0.010,-0.465] s=2.98
[INFO] [1789412765.368850576] [acados_nmpc_node]: [attach-window] t=38.90s pos_err=0.152m T=21.80N z=5.239 m_est=2.196
[INFO] [1789412765.424210636] [acados_nmpc_node]: [attach-window] t=38.96s pos_err=0.134m T=21.76N z=5.236 m_est=2.196
[INFO] [1789412765.468887218] [acados_nmpc_node]: [attach-window] t=39.00s pos_err=0.147m T=21.74N z=5.234 m_est=2.196
[INFO] [1789412765.524188540] [acados_nmpc_node]: [attach-window] t=39.06s pos_err=0.129m T=21.69N z=5.232 m_est=2.195
[INFO] [1789412765.524606814] [acados_nmpc_node]: [wcmd] raw=[+0.018,-0.056,+0.200] w=[-0.016,-0.084,+0.169] err=[+0.034,+0.028] scaled=[+0.085,+0.000] s=2.98
[INFO] [1789412765.568808367] [acados_nmpc_node]: [attach-window] t=39.10s pos_err=0.142m T=21.72N z=5.230 m_est=2.195
[INFO] [1789412765.624164337] [acados_nmpc_node]: [attach-window] t=39.16s pos_err=0.125m T=21.67N z=5.229 m_est=2.195
[INFO] [1789412765.668839028] [acados_nmpc_node]: [attach-window] t=39.20s pos_err=0.158m T=21.75N z=5.228 m_est=2.195
[INFO] [1789412765.724351649] [acados_nmpc_node]: [attach-window] t=39.26s pos_err=0.140m T=21.68N z=5.227 m_est=2.194
[INFO] [1789412765.724783302] [acados_nmpc_node]: [wcmd] raw=[+0.005,-0.076,+0.234] w=[+0.020,-0.175,+0.148] err=[-0.015,+0.100] scaled=[-0.024,+0.122] s=2.98
[INFO] [1789412765.768861415] [acados_nmpc_node]: [attach-window] t=39.30s pos_err=0.174m T=21.67N z=5.226 m_est=2.194
[INFO] [1789412765.824042080] [acados_nmpc_node]: [attach-window] t=39.36s pos_err=0.155m T=21.63N z=5.226 m_est=2.194
[INFO] [1789412765.868976548] [acados_nmpc_node]: [attach-window] t=39.40s pos_err=0.171m T=21.64N z=5.226 m_est=2.193
[INFO] [1789412765.924130220] [acados_nmpc_node]: [attach-window] t=39.46s pos_err=0.151m T=21.59N z=5.225 m_est=2.193
[INFO] [1789412765.924549994] [acados_nmpc_node]: [wcmd] raw=[-0.004,-0.126,+0.280] w=[-0.025,+0.115,+0.244] err=[+0.021,-0.241] scaled=[+0.038,-0.598] s=2.96
[INFO] [1789412765.968814469] [acados_nmpc_node]: [attach-window] t=39.50s pos_err=0.186m T=21.67N z=5.225 m_est=2.193
[INFO] [1789412766.024232411] [acados_nmpc_node]: [attach-window] t=39.56s pos_err=0.165m T=21.59N z=5.225 m_est=2.192
[INFO] [1789412766.068836101] [acados_nmpc_node]: [attach-window] t=39.60s pos_err=0.179m T=21.57N z=5.225 m_est=2.192
[INFO] [1789412766.124126218] [acados_nmpc_node]: [attach-window] t=39.66s pos_err=0.157m T=21.53N z=5.225 m_est=2.191
[INFO] [1789412766.124531898] [acados_nmpc_node]: [wcmd] raw=[-0.001,-0.105,+0.302] w=[-0.020,-0.202,+0.198] err=[+0.018,+0.097] scaled=[+0.034,+0.083] s=2.94
[INFO] [1789412766.168787034] [acados_nmpc_node]: [attach-window] t=39.70s pos_err=0.192m T=21.59N z=5.225 m_est=2.191
[INFO] [1789412766.224019440] [acados_nmpc_node]: [attach-window] t=39.76s pos_err=0.168m T=21.60N z=5.225 m_est=2.191
[INFO] [1789412766.268903726] [acados_nmpc_node]: [attach-window] t=39.80s pos_err=0.181m T=21.65N z=5.225 m_est=2.190
[INFO] [1789412766.324453447] [acados_nmpc_node]: [attach-window] t=39.86s pos_err=0.158m T=21.64N z=5.225 m_est=2.190
[INFO] [1789412766.324874448] [acados_nmpc_node]: [wcmd] raw=[-0.004,-0.180,+0.326] w=[-0.017,-0.063,+0.277] err=[+0.013,-0.117] scaled=[+0.021,-0.406] s=2.92
[INFO] [1789412766.368883615] [acados_nmpc_node]: [attach-window] t=39.90s pos_err=0.192m T=21.73N z=5.224 m_est=2.190
[INFO] [1789412766.424421407] [acados_nmpc_node]: [attach-window] t=39.96s pos_err=0.147m T=21.71N z=5.223 m_est=2.189
[INFO] [1789412766.468877069] [acados_nmpc_node]: [attach-window] t=40.00s pos_err=0.180m T=21.76N z=5.222 m_est=2.189
[INFO] [1789412766.524282097] [acados_nmpc_node]: [attach-window] t=40.06s pos_err=0.157m T=21.77N z=5.222 m_est=2.189
[INFO] [1789412766.524691825] [acados_nmpc_node]: [wcmd] raw=[+0.005,-0.081,+0.346] w=[-0.014,-0.143,+0.295] err=[+0.019,+0.061] scaled=[+0.042,+0.036] s=2.92
[INFO] [1789412766.568812934] [acados_nmpc_node]: [attach-window] t=40.10s pos_err=0.191m T=21.82N z=5.221 m_est=2.189
[INFO] [1789412766.624557895] [acados_nmpc_node]: [attach-window] t=40.16s pos_err=0.169m T=21.86N z=5.220 m_est=2.189
[INFO] [1789412766.668865130] [acados_nmpc_node]: [attach-window] t=40.20s pos_err=0.181m T=21.90N z=5.219 m_est=2.189
[INFO] [1789412766.724306152] [acados_nmpc_node]: [attach-window] t=40.26s pos_err=0.160m T=21.91N z=5.218 m_est=2.188
[INFO] [1789412766.724723848] [acados_nmpc_node]: [wcmd] raw=[-0.006,-0.128,+0.356] w=[-0.012,-0.037,+0.345] err=[+0.006,-0.090] scaled=[+0.006,-0.300] s=2.91
[INFO] [1789412766.768901170] [acados_nmpc_node]: [attach-window] t=40.30s pos_err=0.193m T=21.98N z=5.218 m_est=2.188
[INFO] [1789412766.824180853] [acados_nmpc_node]: [attach-window] t=40.36s pos_err=0.153m T=21.93N z=5.217 m_est=2.188
[INFO] [1789412766.868921910] [acados_nmpc_node]: [attach-window] t=40.40s pos_err=0.186m T=21.96N z=5.218 m_est=2.188
[INFO] [1789412766.924277560] [acados_nmpc_node]: [attach-window] t=40.46s pos_err=0.165m T=21.93N z=5.218 m_est=2.189
[INFO] [1789412766.924683041] [acados_nmpc_node]: [wcmd] raw=[-0.008,-0.058,+0.376] w=[-0.019,-0.098,+0.345] err=[+0.011,+0.040] scaled=[+0.013,+0.017] s=2.91
[INFO] [1789412766.969284341] [acados_nmpc_node]: [attach-window] t=40.50s pos_err=0.198m T=21.96N z=5.219 m_est=2.189
[INFO] [1789412767.024600271] [acados_nmpc_node]: [attach-window] t=40.56s pos_err=0.177m T=21.95N z=5.220 m_est=2.189
[INFO] [1789412767.025072134] [acados_nmpc_node]: t=40.6s | pos_err=0.177m | T=21.95N | tau=[r-0.135 p0.023 y0.011]Nm | res_stat=7.174e-07(peak 9.981e-07) sqp_iter=5 | solve=2.5ms
[INFO] [1789412767.025276321] [acados_nmpc_node]: [flight-diag] t=40.6s | om_scale=2.904(lo 2.817 hi 2.981) | tilt_max=9.92deg | w_max=[r0.060 p0.222 y1.029]rad/s | u_frac=[T0.706 r0.311 p0.490 y0.704] | u_sat=[T0.0 r0.0 p0.0 y0.0]% | mot_peak=0.892 mot_sat=0.0% | health=1 age=0.000s conf=0.000 | n=100
[INFO] [1789412767.069433404] [acados_nmpc_node]: [attach-window] t=40.60s pos_err=0.189m T=21.97N z=5.221 m_est=2.189
[INFO] [1789412767.124847755] [acados_nmpc_node]: [attach-window] t=40.66s pos_err=0.169m T=21.95N z=5.222 m_est=2.190
[INFO] [1789412767.125263059] [acados_nmpc_node]: [wcmd] raw=[-0.030,-0.120,+0.417] w=[-0.035,-0.033,+0.374] err=[+0.005,-0.087] scaled=[-0.020,-0.286] s=2.90
[INFO] [1789412767.168681455] [acados_nmpc_node]: [attach-window] t=40.70s pos_err=0.199m T=22.00N z=5.223 m_est=2.190
[INFO] [1789412767.222453196] [acados_nmpc_node]: [attach-window] t=40.75s pos_err=0.175m T=21.97N z=5.226 m_est=2.190
[INFO] [1789412767.269509341] [acados_nmpc_node]: [attach-window] t=40.80s pos_err=0.189m T=21.97N z=5.228 m_est=2.191
[INFO] [1789412767.324540382] [acados_nmpc_node]: [attach-window] t=40.86s pos_err=0.169m T=21.93N z=5.232 m_est=2.191
[INFO] [1789412767.324949624] [acados_nmpc_node]: [wcmd] raw=[-0.031,-0.079,+0.484] w=[-0.055,-0.085,+0.387] err=[+0.024,+0.006] scaled=[+0.014,-0.067] s=2.90
[INFO] [1789412767.369693151] [acados_nmpc_node]: [attach-window] t=40.90s pos_err=0.180m T=21.94N z=5.235 m_est=2.191
[INFO] [1789412767.424721616] [acados_nmpc_node]: [attach-window] t=40.96s pos_err=0.161m T=21.90N z=5.240 m_est=2.192
[INFO] [1789412767.469782140] [acados_nmpc_node]: [attach-window] t=41.00s pos_err=0.188m T=21.94N z=5.243 m_est=2.192
[INFO] [1789412767.524942297] [acados_nmpc_node]: [attach-window] t=41.06s pos_err=0.170m T=21.91N z=5.249 m_est=2.193
[INFO] [1789412767.525357340] [acados_nmpc_node]: [wcmd] raw=[-0.032,-0.058,+0.570] w=[-0.035,-0.126,+0.428] err=[+0.003,+0.069] scaled=[-0.025,+0.072] s=2.90
[INFO] [1789412767.569649464] [acados_nmpc_node]: [attach-window] t=41.10s pos_err=0.197m T=21.92N z=5.252 m_est=2.193
[INFO] [1789412767.625312523] [acados_nmpc_node]: [attach-window] t=41.16s pos_err=0.179m T=21.90N z=5.258 m_est=2.193
[INFO] [1789412767.669607683] [acados_nmpc_node]: [attach-window] t=41.20s pos_err=0.188m T=21.91N z=5.262 m_est=2.194
[INFO] [1789412767.725562852] [acados_nmpc_node]: [attach-window] t=41.26s pos_err=0.171m T=21.88N z=5.268 m_est=2.194
[INFO] [1789412767.725980424] [acados_nmpc_node]: [wcmd] raw=[-0.019,-0.091,+0.689] w=[-0.064,+0.036,+0.536] err=[+0.045,-0.127] scaled=[+0.067,-0.332] s=2.90
[INFO] [1789412767.769638929] [acados_nmpc_node]: [attach-window] t=41.30s pos_err=0.180m T=21.90N z=5.273 m_est=2.195
[INFO] [1789412767.825322181] [acados_nmpc_node]: [attach-window] t=41.36s pos_err=0.179m T=21.91N z=5.278 m_est=2.195
[INFO] [1789412767.869855865] [acados_nmpc_node]: [attach-window] t=41.40s pos_err=0.187m T=21.92N z=5.282 m_est=2.195
[INFO] [1789412767.925336017] [acados_nmpc_node]: [attach-window] t=41.46s pos_err=0.171m T=21.89N z=5.289 m_est=2.196
[INFO] [1789412767.925739062] [acados_nmpc_node]: [wcmd] raw=[-0.004,-0.043,+0.812] w=[-0.028,-0.128,+0.591] err=[+0.024,+0.084] scaled=[+0.040,+0.117] s=2.90
[INFO] [1789412767.969612787] [acados_nmpc_node]: [attach-window] t=41.50s pos_err=0.192m T=21.94N z=5.292 m_est=2.196
[INFO] [1789412768.024970360] [acados_nmpc_node]: [attach-window] t=41.56s pos_err=0.176m T=21.92N z=5.299 m_est=2.196
[INFO] [1789412768.069639095] [acados_nmpc_node]: [attach-window] t=41.60s pos_err=0.183m T=21.95N z=5.304 m_est=2.196
[INFO] [1789412768.125374872] [acados_nmpc_node]: [attach-window] t=41.66s pos_err=0.168m T=21.91N z=5.311 m_est=2.196
[INFO] [1789412768.125783963] [acados_nmpc_node]: [wcmd] raw=[-0.000,-0.109,+0.932] w=[-0.034,-0.010,+0.731] err=[+0.034,-0.099] scaled=[+0.064,-0.297] s=2.90
[INFO] [1789412768.168585304] [acados_nmpc_node]: [attach-window] t=41.70s pos_err=0.186m T=21.98N z=5.315 m_est=2.197
[INFO] [1789412768.222092386] [acados_nmpc_node]: [attach-window] t=41.75s pos_err=0.168m T=21.95N z=5.322 m_est=2.197
[INFO] [1789412768.268776241] [acados_nmpc_node]: [attach-window] t=41.80s pos_err=0.176m T=21.96N z=5.326 m_est=2.197
[INFO] [1789412768.325428395] [acados_nmpc_node]: [attach-window] t=41.86s pos_err=0.162m T=21.95N z=5.333 m_est=2.197
[INFO] [1789412768.325856174] [acados_nmpc_node]: [wcmd] raw=[-0.000,-0.045,+1.022] w=[-0.042,-0.053,+0.843] err=[+0.042,+0.008] scaled=[+0.079,-0.031] s=2.90
[INFO] [1789412768.369563498] [acados_nmpc_node]: [attach-window] t=41.90s pos_err=0.165m T=21.99N z=5.338 m_est=2.197
[INFO] [1789412768.425129502] [acados_nmpc_node]: [attach-window] t=41.96s pos_err=0.152m T=21.95N z=5.346 m_est=2.197
[INFO] [1789412768.469479388] [acados_nmpc_node]: [attach-window] t=42.00s pos_err=0.165m T=22.03N z=5.350 m_est=2.197
[INFO] [1789412768.524649689] [acados_nmpc_node]: [attach-window] t=42.06s pos_err=0.152m T=21.98N z=5.358 m_est=2.197
[INFO] [1789412768.525057765] [acados_nmpc_node]: [wcmd] raw=[-0.009,-0.050,+1.036] w=[-0.003,-0.106,+0.942] err=[-0.006,+0.056] scaled=[-0.021,+0.056] s=2.90
[INFO] [1789412768.569033153] [acados_nmpc_node]: [attach-window] t=42.10s pos_err=0.155m T=21.98N z=5.364 m_est=2.197
[INFO] [1789412768.624202073] [acados_nmpc_node]: [attach-window] t=42.16s pos_err=0.144m T=21.94N z=5.373 m_est=2.197
[INFO] [1789412768.668962368] [acados_nmpc_node]: [attach-window] t=42.20s pos_err=0.153m T=22.02N z=5.378 m_est=2.197
[INFO] [1789412768.724312816] [acados_nmpc_node]: [attach-window] t=42.26s pos_err=0.143m T=21.98N z=5.388 m_est=2.197
[INFO] [1789412768.724716126] [acados_nmpc_node]: [wcmd] raw=[-0.009,-0.021,+0.975] w=[-0.039,+0.020,+1.036] err=[+0.030,-0.041] scaled=[+0.048,-0.098] s=2.90
[INFO] [1789412768.768908425] [acados_nmpc_node]: [attach-window] t=42.30s pos_err=0.144m T=22.01N z=5.394 m_est=2.197
[INFO] [1789412768.824181038] [acados_nmpc_node]: [attach-window] t=42.36s pos_err=0.137m T=21.95N z=5.404 m_est=2.197
[INFO] [1789412768.868837628] [acados_nmpc_node]: [attach-window] t=42.40s pos_err=0.142m T=22.05N z=5.409 m_est=2.197
[INFO] [1789412768.924118414] [acados_nmpc_node]: [attach-window] t=42.46s pos_err=0.135m T=21.99N z=5.419 m_est=2.197
[INFO] [1789412768.924531107] [acados_nmpc_node]: [wcmd] raw=[+0.000,-0.009,+0.825] w=[-0.008,-0.060,+1.013] err=[+0.008,+0.051] scaled=[+0.016,+0.088] s=2.90
[INFO] [1789412768.968855471] [acados_nmpc_node]: [attach-window] t=42.50s pos_err=0.139m T=22.06N z=5.424 m_est=2.197
[INFO] [1789412769.024421026] [acados_nmpc_node]: [attach-window] t=42.56s pos_err=0.131m T=22.02N z=5.434 m_est=2.197
[INFO] [1789412769.069256259] [acados_nmpc_node]: [attach-window] t=42.60s pos_err=0.131m T=22.07N z=5.440 m_est=2.197
[INFO] [1789412769.124574399] [acados_nmpc_node]: [attach-window] t=42.66s pos_err=0.125m T=21.99N z=5.450 m_est=2.197
[INFO] [1789412769.124980697] [acados_nmpc_node]: [wcmd] raw=[-0.008,-0.060,+0.620] w=[-0.024,+0.090,+0.960] err=[+0.016,-0.150] scaled=[+0.023,-0.345] s=2.90
[INFO] [1789412769.169165522] [acados_nmpc_node]: [attach-window] t=42.70s pos_err=0.126m T=22.11N z=5.455 m_est=2.197
[INFO] [1789412769.224863319] [acados_nmpc_node]: [attach-window] t=42.76s pos_err=0.120m T=21.91N z=5.467 m_est=2.197
[INFO] [1789412769.269224603] [acados_nmpc_node]: [attach-window] t=42.80s pos_err=0.117m T=22.00N z=5.472 m_est=2.197
[INFO] [1789412769.324533738] [acados_nmpc_node]: [attach-window] t=42.86s pos_err=0.112m T=21.90N z=5.483 m_est=2.197
[INFO] [1789412769.324942683] [acados_nmpc_node]: [wcmd] raw=[-0.010,-0.016,+0.424] w=[-0.006,-0.081,+0.764] err=[-0.004,+0.065] scaled=[-0.018,+0.108] s=2.90
[INFO] [1789412769.369158486] [acados_nmpc_node]: [attach-window] t=42.90s pos_err=0.110m T=21.99N z=5.489 m_est=2.197
[INFO] [1789412769.424556751] [acados_nmpc_node]: [attach-window] t=42.96s pos_err=0.103m T=21.92N z=5.500 m_est=2.197
[INFO] [1789412769.469270137] [acados_nmpc_node]: [attach-window] t=43.00s pos_err=0.100m T=21.96N z=5.508 m_est=2.197
[INFO] [1789412769.524636936] [acados_nmpc_node]: [attach-window] t=43.06s pos_err=0.095m T=21.86N z=5.519 m_est=2.196
[INFO] [1789412769.525034831] [acados_nmpc_node]: [wcmd] raw=[-0.031,-0.083,+0.251] w=[-0.021,+0.077,+0.613] err=[-0.011,-0.160] scaled=[-0.052,-0.387] s=2.90
[INFO] [1789412769.569117651] [acados_nmpc_node]: [attach-window] t=43.10s pos_err=0.090m T=21.91N z=5.527 m_est=2.196
[INFO] [1789412769.624474185] [acados_nmpc_node]: [attach-window] t=43.16s pos_err=0.086m T=21.89N z=5.537 m_est=2.196
[INFO] [1789412769.668944044] [acados_nmpc_node]: [attach-window] t=43.20s pos_err=0.082m T=21.91N z=5.545 m_est=2.196
[INFO] [1789412769.724238987] [acados_nmpc_node]: [attach-window] t=43.26s pos_err=0.078m T=21.78N z=5.558 m_est=2.196
[INFO] [1789412769.724650141] [acados_nmpc_node]: [wcmd] raw=[+0.013,-0.012,+0.142] w=[-0.021,-0.104,+0.385] err=[+0.033,+0.092] scaled=[+0.076,+0.163] s=2.90
[INFO] [1789412769.768834122] [acados_nmpc_node]: [attach-window] t=43.30s pos_err=0.075m T=21.89N z=5.564 m_est=2.196
[INFO] [1789412769.824668992] [acados_nmpc_node]: [attach-window] t=43.36s pos_err=0.068m T=21.81N z=5.577 m_est=2.195
[INFO] [1789412769.868978468] [acados_nmpc_node]: [attach-window] t=43.40s pos_err=0.071m T=21.94N z=5.584 m_est=2.195
[INFO] [1789412769.924355626] [acados_nmpc_node]: [attach-window] t=43.46s pos_err=0.060m T=21.70N z=5.599 m_est=2.195
[INFO] [1789412769.924759105] [acados_nmpc_node]: [wcmd] raw=[+0.001,-0.129,+0.075] w=[+0.023,+0.022,+0.259] err=[-0.023,-0.151] scaled=[-0.043,-0.415] s=2.90
[INFO] [1789412769.968778723] [acados_nmpc_node]: [attach-window] t=43.50s pos_err=0.059m T=21.83N z=5.606 m_est=2.195
[INFO] [1789412770.023989113] [acados_nmpc_node]: [attach-window] t=43.56s pos_err=0.049m T=21.68N z=5.620 m_est=2.195
[INFO] [1789412770.068797028] [acados_nmpc_node]: [attach-window] t=43.60s pos_err=0.059m T=21.79N z=5.627 m_est=2.194
[INFO] [1789412770.124216964] [acados_nmpc_node]: [attach-window] t=43.66s pos_err=0.041m T=21.58N z=5.643 m_est=2.194
[INFO] [1789412770.124625801] [acados_nmpc_node]: [wcmd] raw=[+0.015,-0.085,+0.059] w=[-0.006,-0.102,+0.115] err=[+0.021,+0.017] scaled=[+0.055,-0.053] s=2.90
[INFO] [1789412770.168782816] [acados_nmpc_node]: [attach-window] t=43.70s pos_err=0.047m T=21.71N z=5.650 m_est=2.194
[INFO] [1789412770.224124773] [acados_nmpc_node]: [attach-window] t=43.76s pos_err=0.036m T=21.47N z=5.667 m_est=2.194
[INFO] [1789412770.267959025] [acados_nmpc_node]: [attach-window] t=43.80s pos_err=0.035m T=21.65N z=5.674 m_est=2.193
[INFO] [1789412770.324136460] [acados_nmpc_node]: [attach-window] t=43.86s pos_err=0.021m T=21.51N z=5.689 m_est=2.193
[INFO] [1789412770.324563415] [acados_nmpc_node]: [wcmd] raw=[+0.026,-0.110,+0.065] w=[+0.023,-0.138,+0.053] err=[+0.003,+0.028] scaled=[+0.031,-0.057] s=2.90
[INFO] [1789412770.368863671] [acados_nmpc_node]: [attach-window] t=43.90s pos_err=0.045m T=21.63N z=5.697 m_est=2.193
[INFO] [1789412770.424358487] [acados_nmpc_node]: [attach-window] t=43.96s pos_err=0.022m T=21.54N z=5.712 m_est=2.192
[INFO] [1789412770.468812053] [acados_nmpc_node]: [attach-window] t=44.00s pos_err=0.063m T=21.64N z=5.719 m_est=2.192
[INFO] [1789412770.523930193] [acados_nmpc_node]: [attach-window] t=44.06s pos_err=0.011m T=21.47N z=5.736 m_est=2.192
[INFO] [1789412770.524340534] [acados_nmpc_node]: [wcmd] raw=[+0.035,-0.092,+0.094] w=[+0.028,+0.145,+0.110] err=[+0.007,-0.237] scaled=[+0.049,-0.541] s=2.90
[INFO] [1789412770.568776997] [acados_nmpc_node]: [attach-window] t=44.10s pos_err=0.055m T=21.65N z=5.744 m_est=2.191
[INFO] [1789412770.624068881] [acados_nmpc_node]: [attach-window] t=44.16s pos_err=0.030m T=21.46N z=5.759 m_est=2.191
[INFO] [1789412770.668618672] [acados_nmpc_node]: [attach-window] t=44.20s pos_err=0.048m T=21.49N z=5.769 m_est=2.190
[INFO] [1789412770.724010244] [acados_nmpc_node]: [attach-window] t=44.26s pos_err=0.023m T=21.34N z=5.785 m_est=2.190
[INFO] [1789412770.724432092] [acados_nmpc_node]: [wcmd] raw=[+0.054,-0.122,+0.086] w=[+0.036,-0.271,+0.001] err=[+0.018,+0.148] scaled=[+0.089,+0.159] s=2.90
[INFO] [1789412770.768825020] [acados_nmpc_node]: [attach-window] t=44.30s pos_err=0.070m T=21.44N z=5.792 m_est=2.189
[INFO] [1789412770.824110486] [acados_nmpc_node]: [attach-window] t=44.36s pos_err=0.020m T=21.29N z=5.810 m_est=2.188
[INFO] [1789412770.868818152] [acados_nmpc_node]: [attach-window] t=44.40s pos_err=0.092m T=21.51N z=5.815 m_est=2.188
[INFO] [1789412770.923768161] [acados_nmpc_node]: [attach-window] t=44.46s pos_err=0.038m T=21.34N z=5.832 m_est=2.187
[INFO] [1789412770.924177204] [acados_nmpc_node]: [wcmd] raw=[+0.048,-0.117,+0.097] w=[+0.063,+0.079,+0.113] err=[-0.015,-0.196] scaled=[+0.020,-0.486] s=2.89
[INFO] [1789412770.968845367] [acados_nmpc_node]: [attach-window] t=44.50s pos_err=0.086m T=21.51N z=5.839 m_est=2.187
[INFO] [1789412771.023761336] [acados_nmpc_node]: [attach-window] t=44.56s pos_err=0.033m T=21.25N z=5.855 m_est=2.186
[INFO] [1789412771.068828928] [acados_nmpc_node]: [attach-window] t=44.60s pos_err=0.079m T=21.42N z=5.863 m_est=2.185
[INFO] [1789412771.123779327] [acados_nmpc_node]: [attach-window] t=44.66s pos_err=0.053m T=21.33N z=5.877 m_est=2.184
[INFO] [1789412771.124200243] [acados_nmpc_node]: [wcmd] raw=[+0.042,-0.086,+0.068] w=[+0.043,-0.218,+0.038] err=[-0.001,+0.132] scaled=[+0.040,+0.160] s=2.86
[INFO] [1789412771.168757107] [acados_nmpc_node]: [attach-window] t=44.70s pos_err=0.102m T=21.43N z=5.884 m_est=2.183
[INFO] [1789412771.223995930] [acados_nmpc_node]: [attach-window] t=44.76s pos_err=0.047m T=21.32N z=5.900 m_est=2.183
[INFO] [1789412771.268061797] [acados_nmpc_node]: [attach-window] t=44.80s pos_err=0.095m T=21.47N z=5.907 m_est=2.182
[INFO] [1789412771.321671111] [acados_nmpc_node]: [attach-window] t=44.85s pos_err=0.063m T=21.35N z=5.921 m_est=2.181
[INFO] [1789412771.321981071] [acados_nmpc_node]: [wcmd] raw=[+0.038,-0.133,+0.047] w=[+0.048,+0.047,+0.105] err=[-0.009,-0.180] scaled=[+0.021,-0.462] s=2.83
[INFO] [1789412771.368781103] [acados_nmpc_node]: [attach-window] t=44.90s pos_err=0.118m T=21.52N z=5.928 m_est=2.180
[INFO] [1789412771.424214465] [acados_nmpc_node]: [attach-window] t=44.96s pos_err=0.092m T=21.44N z=5.942 m_est=2.180
[INFO] [1789412771.468964602] [acados_nmpc_node]: [attach-window] t=45.00s pos_err=0.143m T=21.50N z=5.950 m_est=2.179
[INFO] [1789412771.524070440] [acados_nmpc_node]: [attach-window] t=45.06s pos_err=0.087m T=21.36N z=5.966 m_est=2.179
[INFO] [1789412771.524490777] [acados_nmpc_node]: [wcmd] raw=[+0.025,-0.074,+0.009] w=[+0.042,-0.039,+0.062] err=[-0.017,-0.035] scaled=[-0.005,-0.137] s=2.80
[INFO] [1789412771.568854937] [acados_nmpc_node]: [attach-window] t=45.10s pos_err=0.138m T=21.47N z=5.973 m_est=2.178
[INFO] [1789412771.624034544] [acados_nmpc_node]: [attach-window] t=45.16s pos_err=0.110m T=21.35N z=5.987 m_est=2.177
[INFO] [1789412771.668846032] [acados_nmpc_node]: [attach-window] t=45.20s pos_err=0.161m T=21.48N z=5.994 m_est=2.177
[INFO] [1789412771.724601613] [acados_nmpc_node]: [attach-window] t=45.26s pos_err=0.106m T=21.30N z=6.011 m_est=2.176
[INFO] [1789412771.725074125] [acados_nmpc_node]: [wcmd] raw=[+0.027,-0.162,-0.039] w=[+0.023,-0.163,-0.004] err=[+0.003,+0.001] scaled=[+0.033,-0.160] s=2.78
[INFO] [1789412771.768943693] [acados_nmpc_node]: [attach-window] t=45.30s pos_err=0.155m T=21.39N z=6.018 m_est=2.176
[INFO] [1789412771.824744668] [acados_nmpc_node]: [attach-window] t=45.36s pos_err=0.129m T=21.33N z=6.032 m_est=2.176
[INFO] [1789412771.869031582] [acados_nmpc_node]: [attach-window] t=45.40s pos_err=0.178m T=21.42N z=6.040 m_est=2.175
[INFO] [1789412771.924436243] [acados_nmpc_node]: [attach-window] t=45.46s pos_err=0.119m T=21.33N z=6.055 m_est=2.175
[INFO] [1789412771.924867920] [acados_nmpc_node]: [wcmd] raw=[+0.040,-0.142,-0.062] w=[+0.046,-0.053,-0.003] err=[-0.006,-0.089] scaled=[+0.029,-0.298] s=2.74
[INFO] [1789412771.968870854] [acados_nmpc_node]: [attach-window] t=45.50s pos_err=0.169m T=21.45N z=6.062 m_est=2.175
[INFO] [1789412772.024328792] [acados_nmpc_node]: [attach-window] t=45.56s pos_err=0.141m T=21.39N z=6.075 m_est=2.175
[INFO] [1789412772.024815367] [acados_nmpc_node]: t=45.6s | pos_err=0.141m | T=21.39N | tau=[r-0.135 p-0.073 y-0.025]Nm | res_stat=9.585e-08(peak 9.981e-07) sqp_iter=5 | solve=2.1ms
[INFO] [1789412772.025019454] [acados_nmpc_node]: [flight-diag] t=45.6s | om_scale=2.726(lo 2.726 hi 2.904) | tilt_max=10.35deg | w_max=[r0.064 p0.271 y1.040]rad/s | u_frac=[T0.705 r0.299 p0.579 y0.754] | u_sat=[T0.0 r0.0 p0.0 y0.0]% | mot_peak=0.895 mot_sat=0.0% | health=1 age=0.000s conf=0.000 | n=100
[INFO] [1789412772.068943014] [acados_nmpc_node]: [attach-window] t=45.60s pos_err=0.190m T=21.51N z=6.081 m_est=2.175
[INFO] [1789412772.124192429] [acados_nmpc_node]: [attach-window] t=45.66s pos_err=0.132m T=21.44N z=6.095 m_est=2.174
[INFO] [1789412772.124620802] [acados_nmpc_node]: [wcmd] raw=[+0.040,-0.146,-0.096] w=[+0.051,-0.156,-0.063] err=[-0.011,+0.010] scaled=[+0.021,-0.130] s=2.71
[INFO] [1789412772.168839263] [acados_nmpc_node]: [attach-window] t=45.70s pos_err=0.181m T=21.54N z=6.101 m_est=2.174
[INFO] [1789412772.224329744] [acados_nmpc_node]: [attach-window] t=45.76s pos_err=0.152m T=21.51N z=6.113 m_est=2.174
[INFO] [1789412772.268942509] [acados_nmpc_node]: [attach-window] t=45.80s pos_err=0.200m T=21.60N z=6.119 m_est=2.174
[INFO] [1789412772.324597584] [acados_nmpc_node]: [attach-window] t=45.86s pos_err=0.143m T=21.52N z=6.133 m_est=2.174
[INFO] [1789412772.325070848] [acados_nmpc_node]: [wcmd] raw=[+0.031,-0.136,-0.120] w=[+0.050,-0.075,-0.073] err=[-0.020,-0.061] scaled=[-0.003,-0.238] s=2.69
[INFO] [1789412772.369046017] [acados_nmpc_node]: [attach-window] t=45.90s pos_err=0.190m T=21.60N z=6.139 m_est=2.174
[INFO] [1789412772.424903486] [acados_nmpc_node]: [attach-window] t=45.96s pos_err=0.134m T=21.47N z=6.154 m_est=2.174
[INFO] [1789412772.469255875] [acados_nmpc_node]: [attach-window] t=46.00s pos_err=0.207m T=21.59N z=6.159 m_est=2.174
[INFO] [1789412772.524767314] [acados_nmpc_node]: [attach-window] t=46.06s pos_err=0.150m T=21.49N z=6.174 m_est=2.174
[INFO] [1789412772.525226050] [acados_nmpc_node]: [wcmd] raw=[+0.039,-0.112,-0.149] w=[+0.039,-0.167,-0.130] err=[+0.001,+0.055] scaled=[+0.041,-0.020] s=2.67
[INFO] [1789412772.569282242] [acados_nmpc_node]: [attach-window] t=46.10s pos_err=0.194m T=21.52N z=6.181 m_est=2.174
[INFO] [1789412772.624663563] [acados_nmpc_node]: [attach-window] t=46.16s pos_err=0.139m T=21.43N z=6.196 m_est=2.175
[INFO] [1789412772.669500298] [acados_nmpc_node]: [attach-window] t=46.20s pos_err=0.181m T=21.51N z=6.203 m_est=2.175
[INFO] [1789412772.724752323] [acados_nmpc_node]: [attach-window] t=46.26s pos_err=0.153m T=21.48N z=6.216 m_est=2.175
[INFO] [1789412772.725205559] [acados_nmpc_node]: [wcmd] raw=[+0.041,-0.120,-0.177] w=[+0.058,-0.076,-0.132] err=[-0.017,-0.044] scaled=[+0.013,-0.193] s=2.67
[INFO] [1789412772.769464614] [acados_nmpc_node]: [attach-window] t=46.30s pos_err=0.195m T=21.55N z=6.223 m_est=2.175
[INFO] [1789412772.824276368] [acados_nmpc_node]: [attach-window] t=46.36s pos_err=0.165m T=21.57N z=6.236 m_est=2.176
[INFO] [1789412772.869177504] [acados_nmpc_node]: [attach-window] t=46.40s pos_err=0.206m T=21.61N z=6.242 m_est=2.176
[INFO] [1789412772.924870832] [acados_nmpc_node]: [attach-window] t=46.46s pos_err=0.152m T=21.59N z=6.256 m_est=2.176
[INFO] [1789412772.925364448] [acados_nmpc_node]: [wcmd] raw=[+0.028,-0.097,-0.212] w=[+0.058,-0.023,-0.149] err=[-0.031,-0.074] scaled=[-0.024,-0.221] s=2.66
[INFO] [1789412772.969180749] [acados_nmpc_node]: [attach-window] t=46.50s pos_err=0.190m T=21.65N z=6.262 m_est=2.176
[INFO] [1789412773.024602016] [acados_nmpc_node]: [attach-window] t=46.56s pos_err=0.162m T=21.61N z=6.275 m_est=2.177
[INFO] [1789412773.069290973] [acados_nmpc_node]: [attach-window] t=46.60s pos_err=0.198m T=21.68N z=6.281 m_est=2.177
[INFO] [1789412773.124358222] [acados_nmpc_node]: [attach-window] t=46.66s pos_err=0.146m T=21.64N z=6.295 m_est=2.177
[INFO] [1789412773.124768851] [acados_nmpc_node]: [wcmd] raw=[+0.021,-0.147,-0.270] w=[+0.036,-0.155,-0.224] err=[-0.015,+0.007] scaled=[-0.003,-0.135] s=2.66
[INFO] [1789412773.169152191] [acados_nmpc_node]: [attach-window] t=46.70s pos_err=0.182m T=21.68N z=6.301 m_est=2.178
[INFO] [1789412773.224564131] [acados_nmpc_node]: [attach-window] t=46.76s pos_err=0.154m T=21.68N z=6.313 m_est=2.178
[INFO] [1789412773.269215656] [acados_nmpc_node]: [attach-window] t=46.80s pos_err=0.188m T=21.72N z=6.319 m_est=2.179
[INFO] [1789412773.324299767] [acados_nmpc_node]: [attach-window] t=46.86s pos_err=0.140m T=21.70N z=6.333 m_est=2.179
[INFO] [1789412773.324721725] [acados_nmpc_node]: [wcmd] raw=[+0.021,-0.104,-0.323] w=[+0.046,-0.054,-0.238] err=[-0.025,-0.050] scaled=[-0.021,-0.187] s=2.65
[INFO] [1789412773.369111686] [acados_nmpc_node]: [attach-window] t=46.90s pos_err=0.172m T=21.75N z=6.338 m_est=2.180
[INFO] [1789412773.424456460] [acados_nmpc_node]: [attach-window] t=46.96s pos_err=0.147m T=21.74N z=6.350 m_est=2.180
[INFO] [1789412773.469271464] [acados_nmpc_node]: [attach-window] t=47.00s pos_err=0.178m T=21.78N z=6.356 m_est=2.181
[INFO] [1789412773.524310329] [acados_nmpc_node]: [attach-window] t=47.06s pos_err=0.135m T=21.78N z=6.369 m_est=2.181
[INFO] [1789412773.524719573] [acados_nmpc_node]: [wcmd] raw=[+0.018,-0.083,-0.403] w=[+0.043,-0.094,-0.304] err=[-0.024,+0.012] scaled=[-0.022,-0.063] s=2.65
[INFO] [1789412773.569038539] [acados_nmpc_node]: [attach-window] t=47.10s pos_err=0.164m T=21.81N z=6.375 m_est=2.182
[INFO] [1789412773.624633076] [acados_nmpc_node]: [attach-window] t=47.16s pos_err=0.141m T=21.80N z=6.386 m_est=2.182
[INFO] [1789412773.669126556] [acados_nmpc_node]: [attach-window] t=47.20s pos_err=0.151m T=21.81N z=6.394 m_est=2.183
[INFO] [1789412773.724674497] [acados_nmpc_node]: [attach-window] t=47.26s pos_err=0.131m T=21.81N z=6.405 m_est=2.183
[INFO] [1789412773.725082438] [acados_nmpc_node]: [wcmd] raw=[+0.008,-0.059,-0.493] w=[+0.041,-0.028,-0.358] err=[-0.033,-0.032] scaled=[-0.047,-0.112] s=2.67
[INFO] [1789412773.769069115] [acados_nmpc_node]: [attach-window] t=47.30s pos_err=0.157m T=21.85N z=6.411 m_est=2.184
[INFO] [1789412773.825049333] [acados_nmpc_node]: [attach-window] t=47.36s pos_err=0.138m T=21.85N z=6.422 m_est=2.184
[INFO] [1789412773.868377979] [acados_nmpc_node]: [attach-window] t=47.40s pos_err=0.162m T=21.87N z=6.428 m_est=2.185
[INFO] [1789412773.921634205] [acados_nmpc_node]: [attach-window] t=47.45s pos_err=0.124m T=21.82N z=6.440 m_est=2.186
[INFO] [1789412773.921941693] [acados_nmpc_node]: [wcmd] raw=[+0.003,-0.056,-0.605] w=[+0.036,-0.015,-0.441] err=[-0.033,-0.041] scaled=[-0.053,-0.126] s=2.69
[INFO] [1789412773.969025794] [acados_nmpc_node]: [attach-window] t=47.50s pos_err=0.150m T=21.85N z=6.446 m_est=2.186
[INFO] [1789412774.024394446] [acados_nmpc_node]: [attach-window] t=47.56s pos_err=0.132m T=21.79N z=6.458 m_est=2.187
[INFO] [1789412774.069120906] [acados_nmpc_node]: [attach-window] t=47.60s pos_err=0.154m T=21.82N z=6.464 m_est=2.187
[INFO] [1789412774.124178726] [acados_nmpc_node]: [attach-window] t=47.66s pos_err=0.123m T=21.76N z=6.477 m_est=2.188
[INFO] [1789412774.124585545] [acados_nmpc_node]: [wcmd] raw=[-0.008,-0.068,-0.736] w=[+0.029,-0.062,-0.559] err=[-0.037,-0.006] scaled=[-0.071,-0.077] s=2.71
[INFO] [1789412774.169060851] [acados_nmpc_node]: [attach-window] t=47.70s pos_err=0.142m T=21.79N z=6.482 m_est=2.188
[INFO] [1789412774.224383285] [acados_nmpc_node]: [attach-window] t=47.76s pos_err=0.115m T=21.71N z=6.495 m_est=2.189
[INFO] [1789412774.269284362] [acados_nmpc_node]: [attach-window] t=47.80s pos_err=0.143m T=21.79N z=6.500 m_est=2.189
[INFO] [1789412774.324511335] [acados_nmpc_node]: [attach-window] t=47.86s pos_err=0.117m T=21.71N z=6.513 m_est=2.190
[INFO] [1789412774.324923031] [acados_nmpc_node]: [wcmd] raw=[-0.023,-0.069,-0.862] w=[+0.005,-0.067,-0.683] err=[-0.027,-0.002] scaled=[-0.070,-0.073] s=2.74
[INFO] [1789412774.369037509] [acados_nmpc_node]: [attach-window] t=47.90s pos_err=0.131m T=21.74N z=6.519 m_est=2.190
[INFO] [1789412774.424442406] [acados_nmpc_node]: [attach-window] t=47.96s pos_err=0.118m T=21.69N z=6.530 m_est=2.191
[INFO] [1789412774.468915751] [acados_nmpc_node]: [attach-window] t=48.00s pos_err=0.131m T=21.74N z=6.536 m_est=2.191
[INFO] [1789412774.524289853] [acados_nmpc_node]: [attach-window] t=48.06s pos_err=0.111m T=21.66N z=6.549 m_est=2.192
[INFO] [1789412774.524696272] [acados_nmpc_node]: [wcmd] raw=[-0.020,-0.074,-0.958] w=[+0.015,-0.025,-0.792] err=[-0.034,-0.049] scaled=[-0.081,-0.159] s=2.77
[INFO] [1789412774.568849521] [acados_nmpc_node]: [attach-window] t=48.10s pos_err=0.120m T=21.70N z=6.555 m_est=2.192
[INFO] [1789412774.624299451] [acados_nmpc_node]: [attach-window] t=48.16s pos_err=0.105m T=21.61N z=6.568 m_est=2.193
[INFO] [1789412774.668965534] [acados_nmpc_node]: [attach-window] t=48.20s pos_err=0.110m T=21.67N z=6.574 m_est=2.193
[INFO] [1789412774.724238007] [acados_nmpc_node]: [attach-window] t=48.26s pos_err=0.103m T=21.65N z=6.584 m_est=2.194
[INFO] [1789412774.724639499] [acados_nmpc_node]: [wcmd] raw=[-0.015,-0.051,-1.016] w=[-0.004,-0.094,-0.930] err=[-0.011,+0.043] scaled=[-0.034,+0.025] s=2.78
[INFO] [1789412774.768994125] [acados_nmpc_node]: [attach-window] t=48.30s pos_err=0.106m T=21.70N z=6.589 m_est=2.194
[INFO] [1789412774.824092425] [acados_nmpc_node]: [attach-window] t=48.36s pos_err=0.098m T=21.67N z=6.600 m_est=2.194
[INFO] [1789412774.868850805] [acados_nmpc_node]: [attach-window] t=48.40s pos_err=0.101m T=21.76N z=6.604 m_est=2.194
[INFO] [1789412774.924190747] [acados_nmpc_node]: [attach-window] t=48.46s pos_err=0.093m T=21.70N z=6.614 m_est=2.194
[INFO] [1789412774.924594156] [acados_nmpc_node]: [wcmd] raw=[+0.001,-0.037,-0.992] w=[+0.017,+0.042,-0.976] err=[-0.016,-0.079] scaled=[-0.027,-0.179] s=2.80
[INFO] [1789412774.968886913] [acados_nmpc_node]: [attach-window] t=48.50s pos_err=0.092m T=21.77N z=6.619 m_est=2.194
[INFO] [1789412775.021895659] [acados_nmpc_node]: [attach-window] t=48.55s pos_err=0.089m T=21.67N z=6.629 m_est=2.194
[INFO] [1789412775.069022674] [acados_nmpc_node]: [attach-window] t=48.60s pos_err=0.083m T=21.74N z=6.633 m_est=2.194
[INFO] [1789412775.124388156] [acados_nmpc_node]: [attach-window] t=48.66s pos_err=0.080m T=21.70N z=6.642 m_est=2.194
[INFO] [1789412775.124805564] [acados_nmpc_node]: [wcmd] raw=[-0.002,-0.034,-0.908] w=[+0.007,-0.076,-1.050] err=[-0.008,+0.043] scaled=[-0.017,+0.045] s=2.84
[INFO] [1789412775.168907875] [acados_nmpc_node]: [attach-window] t=48.70s pos_err=0.074m T=21.75N z=6.646 m_est=2.194
[INFO] [1789412775.224628763] [acados_nmpc_node]: [attach-window] t=48.76s pos_err=0.069m T=21.74N z=6.655 m_est=2.194
[INFO] [1789412775.268967871] [acados_nmpc_node]: [attach-window] t=48.80s pos_err=0.065m T=21.80N z=6.659 m_est=2.194
[INFO] [1789412775.324521962] [acados_nmpc_node]: [attach-window] t=48.86s pos_err=0.059m T=21.73N z=6.668 m_est=2.194
[INFO] [1789412775.324945974] [acados_nmpc_node]: [wcmd] raw=[+0.018,-0.049,-0.737] w=[+0.023,+0.105,-0.965] err=[-0.005,-0.154] scaled=[+0.009,-0.335] s=2.86
[INFO] [1789412775.368974612] [acados_nmpc_node]: [attach-window] t=48.90s pos_err=0.053m T=21.82N z=6.672 m_est=2.194
[INFO] [1789412775.424600959] [acados_nmpc_node]: [attach-window] t=48.96s pos_err=0.050m T=21.67N z=6.681 m_est=2.194
[INFO] [1789412775.469326241] [acados_nmpc_node]: [attach-window] t=49.00s pos_err=0.041m T=21.75N z=6.685 m_est=2.194
[INFO] [1789412775.524828884] [acados_nmpc_node]: [attach-window] t=49.06s pos_err=0.035m T=21.66N z=6.693 m_est=2.193
[INFO] [1789412775.525243331] [acados_nmpc_node]: [wcmd] raw=[+0.020,-0.055,-0.555] w=[+0.018,-0.159,-0.931] err=[+0.002,+0.104] scaled=[+0.024,+0.141] s=2.87
[INFO] [1789412775.569192128] [acados_nmpc_node]: [attach-window] t=49.10s pos_err=0.035m T=21.70N z=6.697 m_est=2.193
[INFO] [1789412775.624729053] [acados_nmpc_node]: [attach-window] t=49.16s pos_err=0.023m T=21.64N z=6.705 m_est=2.193
[INFO] [1789412775.669157664] [acados_nmpc_node]: [attach-window] t=49.20s pos_err=0.039m T=21.71N z=6.708 m_est=2.193
[INFO] [1789412775.724642439] [acados_nmpc_node]: [attach-window] t=49.26s pos_err=0.013m T=21.58N z=6.717 m_est=2.193
[INFO] [1789412775.725046134] [acados_nmpc_node]: [wcmd] raw=[+0.028,-0.101,-0.365] w=[+0.022,+0.106,-0.696] err=[+0.006,-0.208] scaled=[+0.039,-0.492] s=2.88
[INFO] [1789412775.769092986] [acados_nmpc_node]: [attach-window] t=49.30s pos_err=0.033m T=21.67N z=6.721 m_est=2.193
[INFO] [1789412775.824381231] [acados_nmpc_node]: [attach-window] t=49.36s pos_err=0.018m T=21.55N z=6.728 m_est=2.193
[INFO] [1789412775.869282253] [acados_nmpc_node]: [attach-window] t=49.40s pos_err=0.047m T=21.61N z=6.731 m_est=2.193
[INFO] [1789412775.924339326] [acados_nmpc_node]: [attach-window] t=49.46s pos_err=0.014m T=21.45N z=6.739 m_est=2.193
[INFO] [1789412775.924750151] [acados_nmpc_node]: [wcmd] raw=[-0.007,-0.117,-0.240] w=[+0.029,-0.188,-0.591] err=[-0.036,+0.070] scaled=[-0.076,+0.016] s=2.89
[INFO] [1789412775.969051510] [acados_nmpc_node]: [attach-window] t=49.50s pos_err=0.044m T=21.50N z=6.742 m_est=2.193
[INFO] [1789412776.024120676] [acados_nmpc_node]: [attach-window] t=49.56s pos_err=0.027m T=21.44N z=6.748 m_est=2.193
[INFO] [1789412776.069014898] [acados_nmpc_node]: [attach-window] t=49.60s pos_err=0.058m T=21.54N z=6.750 m_est=2.193
[INFO] [1789412776.121678067] [acados_nmpc_node]: [attach-window] t=49.65s pos_err=0.020m T=21.42N z=6.756 m_est=2.193
[INFO] [1789412776.122013191] [acados_nmpc_node]: [wcmd] raw=[-0.004,-0.179,-0.155] w=[-0.021,-0.050,-0.380] err=[+0.017,-0.129] scaled=[+0.028,-0.423] s=2.89
[INFO] [1789412776.167977420] [acados_nmpc_node]: [attach-window] t=49.70s pos_err=0.053m T=21.53N z=6.758 m_est=2.193
[INFO] [1789412776.221872329] [acados_nmpc_node]: [attach-window] t=49.75s pos_err=0.033m T=21.45N z=6.763 m_est=2.193
[INFO] [1789412776.268134141] [acados_nmpc_node]: [attach-window] t=49.80s pos_err=0.068m T=21.52N z=6.765 m_est=2.193
[INFO] [1789412776.321704003] [acados_nmpc_node]: [attach-window] t=49.85s pos_err=0.030m T=21.43N z=6.770 m_est=2.192
[INFO] [1789412776.322020420] [acados_nmpc_node]: [wcmd] raw=[+0.000,-0.105,-0.130] w=[+0.013,-0.149,-0.259] err=[-0.013,+0.045] scaled=[-0.024,-0.020] s=2.89
[INFO] [1789412776.368262501] [acados_nmpc_node]: [attach-window] t=49.90s pos_err=0.064m T=21.51N z=6.772 m_est=2.192
[INFO] [1789412776.421743076] [acados_nmpc_node]: [attach-window] t=49.95s pos_err=0.028m T=21.40N z=6.776 m_est=2.192
[INFO] [1789412776.468735125] [acados_nmpc_node]: [attach-window] t=50.00s pos_err=0.080m T=21.55N z=6.777 m_est=2.192
[INFO] [1789412776.524000982] [acados_nmpc_node]: [attach-window] t=50.06s pos_err=0.045m T=21.45N z=6.780 m_est=2.192
[INFO] [1789412776.524416304] [acados_nmpc_node]: [wcmd] raw=[-0.010,-0.105,-0.163] w=[-0.006,-0.127,-0.177] err=[-0.004,+0.022] scaled=[-0.017,-0.064] s=2.90
[INFO] [1789412776.568780701] [acados_nmpc_node]: [attach-window] t=50.10s pos_err=0.077m T=21.48N z=6.782 m_est=2.192
[INFO] [1789412776.623818215] [acados_nmpc_node]: [attach-window] t=50.16s pos_err=0.060m T=21.45N z=6.784 m_est=2.191
[INFO] [1789412776.668857441] [acados_nmpc_node]: [attach-window] t=50.20s pos_err=0.094m T=21.50N z=6.786 m_est=2.191
[INFO] [1789412776.723879006] [acados_nmpc_node]: [attach-window] t=50.26s pos_err=0.056m T=21.43N z=6.789 m_est=2.191
[INFO] [1789412776.724289753] [acados_nmpc_node]: [wcmd] raw=[-0.018,-0.114,-0.209] w=[+0.002,+0.010,-0.119] err=[-0.020,-0.124] scaled=[-0.057,-0.348] s=2.90
[INFO] [1789412776.768711519] [acados_nmpc_node]: [attach-window] t=50.30s pos_err=0.090m T=21.50N z=6.790 m_est=2.191
[INFO] [1789412776.824427057] [acados_nmpc_node]: [attach-window] t=50.36s pos_err=0.071m T=21.42N z=6.792 m_est=2.190
[INFO] [1789412776.868893876] [acados_nmpc_node]: [attach-window] t=50.40s pos_err=0.106m T=21.46N z=6.793 m_est=2.190
[INFO] [1789412776.924132442] [acados_nmpc_node]: [attach-window] t=50.46s pos_err=0.064m T=21.37N z=6.796 m_est=2.190
[INFO] [1789412776.924565126] [acados_nmpc_node]: [wcmd] raw=[-0.030,-0.125,-0.270] w=[-0.014,-0.188,-0.197] err=[-0.016,+0.063] scaled=[-0.061,-0.006] s=2.90
[INFO] [1789412776.968861147] [acados_nmpc_node]: [attach-window] t=50.50s pos_err=0.099m T=21.40N z=6.796 m_est=2.190
[INFO] [1789412777.024229861] [acados_nmpc_node]: [attach-window] t=50.56s pos_err=0.076m T=21.35N z=6.798 m_est=2.189
[INFO] [1789412777.024709528] [acados_nmpc_node]: t=50.6s | pos_err=0.076m | T=21.35N | tau=[r-0.189 p-0.039 y-0.042]Nm | res_stat=9.443e-07(peak 1.000e-06) sqp_iter=5 | solve=2.1ms
[INFO] [1789412777.024916757] [acados_nmpc_node]: [flight-diag] t=50.6s | om_scale=2.898(lo 2.651 hi 2.898) | tilt_max=10.11deg | w_max=[r0.059 p0.188 y1.051]rad/s | u_frac=[T0.698 r0.437 p0.404 y0.794] | u_sat=[T0.0 r0.0 p0.0 y0.0]% | mot_peak=0.903 mot_sat=0.0% | health=1 age=0.000s conf=0.000 | n=100
[INFO] [1789412777.069024309] [acados_nmpc_node]: [attach-window] t=50.60s pos_err=0.112m T=21.40N z=6.799 m_est=2.189
[INFO] [1789412777.121749238] [acados_nmpc_node]: [attach-window] t=50.65s pos_err=0.062m T=21.34N z=6.800 m_est=2.189
[INFO] [1789412777.122061180] [acados_nmpc_node]: [wcmd] raw=[-0.034,-0.175,-0.305] w=[-0.019,-0.069,-0.206] err=[-0.015,-0.105] scaled=[-0.062,-0.375] s=2.90
[INFO] [1789412777.168016596] [acados_nmpc_node]: [attach-window] t=50.70s pos_err=0.103m T=21.40N z=6.800 m_est=2.188
[INFO] [1789412777.222010199] [acados_nmpc_node]: [attach-window] t=50.75s pos_err=0.076m T=21.35N z=6.801 m_est=2.188
[INFO] [1789412777.268047586] [acados_nmpc_node]: [attach-window] t=50.80s pos_err=0.116m T=21.37N z=6.801 m_est=2.188
[INFO] [1789412777.321987118] [acados_nmpc_node]: [attach-window] t=50.85s pos_err=0.066m T=21.35N z=6.801 m_est=2.188
[INFO] [1789412777.322305995] [acados_nmpc_node]: [wcmd] raw=[-0.013,-0.112,-0.330] w=[-0.010,-0.152,-0.269] err=[-0.003,+0.039] scaled=[-0.019,-0.039] s=2.88
[INFO] [1789412777.368096644] [acados_nmpc_node]: [attach-window] t=50.90s pos_err=0.107m T=21.38N z=6.801 m_est=2.187
[INFO] [1789412777.424154314] [acados_nmpc_node]: [attach-window] t=50.96s pos_err=0.083m T=21.36N z=6.800 m_est=2.187
[INFO] [1789412777.469038600] [acados_nmpc_node]: [attach-window] t=51.00s pos_err=0.120m T=21.40N z=6.800 m_est=2.187
[INFO] [1789412777.524350008] [acados_nmpc_node]: [attach-window] t=51.06s pos_err=0.076m T=21.40N z=6.798 m_est=2.187
[INFO] [1789412777.524773153] [acados_nmpc_node]: [wcmd] raw=[+0.003,-0.136,-0.349] w=[+0.009,-0.086,-0.289] err=[-0.006,-0.050] scaled=[-0.009,-0.230] s=2.86
[INFO] [1789412777.568795184] [acados_nmpc_node]: [attach-window] t=51.10s pos_err=0.112m T=21.44N z=6.797 m_est=2.187
[INFO] [1789412777.624287848] [acados_nmpc_node]: [attach-window] t=51.16s pos_err=0.091m T=21.46N z=6.795 m_est=2.186
[INFO] [1789412777.668831578] [acados_nmpc_node]: [attach-window] t=51.20s pos_err=0.127m T=21.47N z=6.794 m_est=2.186
[INFO] [1789412777.724151499] [acados_nmpc_node]: [attach-window] t=51.26s pos_err=0.084m T=21.51N z=6.790 m_est=2.186
[INFO] [1789412777.724560516] [acados_nmpc_node]: [wcmd] raw=[+0.021,-0.101,-0.362] w=[+0.027,-0.088,-0.320] err=[-0.006,-0.013] scaled=[+0.011,-0.126] s=2.85
[INFO] [1789412777.768945464] [acados_nmpc_node]: [attach-window] t=51.30s pos_err=0.120m T=21.53N z=6.789 m_est=2.186
[INFO] [1789412777.824274860] [acados_nmpc_node]: [attach-window] t=51.36s pos_err=0.100m T=21.53N z=6.785 m_est=2.186
[INFO] [1789412777.869060942] [acados_nmpc_node]: [attach-window] t=51.40s pos_err=0.135m T=21.55N z=6.783 m_est=2.186
[INFO] [1789412777.924136044] [acados_nmpc_node]: [attach-window] t=51.46s pos_err=0.094m T=21.59N z=6.779 m_est=2.186
[INFO] [1789412777.924553455] [acados_nmpc_node]: [wcmd] raw=[+0.017,-0.116,-0.383] w=[+0.038,-0.095,-0.346] err=[-0.022,-0.021] scaled=[-0.023,-0.154] s=2.84
[INFO] [1789412777.968835855] [acados_nmpc_node]: [attach-window] t=51.50s pos_err=0.129m T=21.60N z=6.776 m_est=2.187
[INFO] [1789412778.024247851] [acados_nmpc_node]: [attach-window] t=51.56s pos_err=0.088m T=21.60N z=6.772 m_est=2.187
[INFO] [1789412778.068824987] [acados_nmpc_node]: [attach-window] t=51.60s pos_err=0.121m T=21.61N z=6.769 m_est=2.187
[INFO] [1789412778.124499636] [acados_nmpc_node]: [attach-window] t=51.66s pos_err=0.102m T=21.61N z=6.765 m_est=2.187
[INFO] [1789412778.124927046] [acados_nmpc_node]: [wcmd] raw=[+0.011,-0.095,-0.412] w=[+0.023,-0.126,-0.379] err=[-0.011,+0.031] scaled=[-0.010,-0.039] s=2.83
[INFO] [1789412778.168859089] [acados_nmpc_node]: [attach-window] t=51.70s pos_err=0.134m T=21.61N z=6.763 m_est=2.187
[INFO] [1789412778.224119517] [acados_nmpc_node]: [attach-window] t=51.76s pos_err=0.094m T=21.64N z=6.757 m_est=2.188
[INFO] [1789412778.269248492] [acados_nmpc_node]: [attach-window] t=51.80s pos_err=0.145m T=21.62N z=6.755 m_est=2.188
[INFO] [1789412778.324710661] [acados_nmpc_node]: [attach-window] t=51.86s pos_err=0.106m T=21.63N z=6.750 m_est=2.188
[INFO] [1789412778.325131800] [acados_nmpc_node]: [wcmd] raw=[+0.022,-0.099,-0.462] w=[+0.031,-0.028,-0.377] err=[-0.009,-0.070] scaled=[+0.006,-0.227] s=2.83
[INFO] [1789412778.368920809] [acados_nmpc_node]: [attach-window] t=51.90s pos_err=0.135m T=21.62N z=6.747 m_est=2.189
[INFO] [1789412778.424476567] [acados_nmpc_node]: [attach-window] t=51.96s pos_err=0.096m T=21.60N z=6.742 m_est=2.189
[INFO] [1789412778.469172997] [acados_nmpc_node]: [attach-window] t=52.00s pos_err=0.144m T=21.59N z=6.740 m_est=2.189
[INFO] [1789412778.524239976] [acados_nmpc_node]: [attach-window] t=52.06s pos_err=0.105m T=21.60N z=6.735 m_est=2.190
[INFO] [1789412778.524653812] [acados_nmpc_node]: [wcmd] raw=[+0.001,-0.108,-0.542] w=[+0.032,-0.152,-0.451] err=[-0.030,+0.045] scaled=[-0.054,-0.026] s=2.82
[INFO] [1789412778.569096298] [acados_nmpc_node]: [attach-window] t=52.10s pos_err=0.133m T=21.57N z=6.733 m_est=2.190
[INFO] [1789412778.624374728] [acados_nmpc_node]: [attach-window] t=52.16s pos_err=0.113m T=21.58N z=6.728 m_est=2.191
[INFO] [1789412778.669213693] [acados_nmpc_node]: [attach-window] t=52.20s pos_err=0.139m T=21.57N z=6.726 m_est=2.191
[INFO] [1789412778.724204919] [acados_nmpc_node]: [attach-window] t=52.26s pos_err=0.103m T=21.59N z=6.721 m_est=2.192
[INFO] [1789412778.724610317] [acados_nmpc_node]: [wcmd] raw=[-0.004,-0.111,-0.637] w=[+0.024,-0.037,-0.478] err=[-0.028,-0.074] scaled=[-0.055,-0.247] s=2.82
[INFO] [1789412778.769073872] [acados_nmpc_node]: [attach-window] t=52.30s pos_err=0.127m T=21.59N z=6.718 m_est=2.193
[INFO] [1789412778.824371124] [acados_nmpc_node]: [attach-window] t=52.36s pos_err=0.109m T=21.60N z=6.713 m_est=2.193
[INFO] [1789412778.869084059] [acados_nmpc_node]: [attach-window] t=52.40s pos_err=0.132m T=21.59N z=6.710 m_est=2.194
[INFO] [1789412778.924334724] [acados_nmpc_node]: [attach-window] t=52.46s pos_err=0.100m T=21.63N z=6.703 m_est=2.194
[INFO] [1789412778.924774904] [acados_nmpc_node]: [wcmd] raw=[+0.002,-0.089,-0.759] w=[+0.026,-0.118,-0.583] err=[-0.024,+0.029] scaled=[-0.041,-0.037] s=2.82
[INFO] [1789412778.969066436] [acados_nmpc_node]: [attach-window] t=52.50s pos_err=0.121m T=21.62N z=6.700 m_est=2.195
[INFO] [1789412779.024241062] [acados_nmpc_node]: [attach-window] t=52.56s pos_err=0.104m T=21.64N z=6.694 m_est=2.195
[INFO] [1789412779.069170844] [acados_nmpc_node]: [attach-window] t=52.60s pos_err=0.124m T=21.63N z=6.690 m_est=2.195
[INFO] [1789412779.121815610] [acados_nmpc_node]: [attach-window] t=52.65s pos_err=0.094m T=21.67N z=6.683 m_est=2.196
[INFO] [1789412779.122124812] [acados_nmpc_node]: [wcmd] raw=[-0.009,-0.095,-0.881] w=[+0.033,-0.052,-0.672] err=[-0.041,-0.043] scaled=[-0.085,-0.174] s=2.85
[INFO] [1789412779.169032485] [acados_nmpc_node]: [attach-window] t=52.70s pos_err=0.114m T=21.66N z=6.679 m_est=2.196
[INFO] [1789412779.221964299] [acados_nmpc_node]: [attach-window] t=52.75s pos_err=0.098m T=21.67N z=6.672 m_est=2.196
[INFO] [1789412779.268799236] [acados_nmpc_node]: [attach-window] t=52.80s pos_err=0.117m T=21.65N z=6.668 m_est=2.197
[INFO] [1789412779.324673441] [acados_nmpc_node]: [attach-window] t=52.86s pos_err=0.094m T=21.68N z=6.660 m_est=2.197
[INFO] [1789412779.325095639] [acados_nmpc_node]: [wcmd] raw=[+0.000,-0.045,-0.994] w=[+0.030,-0.057,-0.799] err=[-0.029,+0.012] scaled=[-0.054,-0.023] s=2.86
[INFO] [1789412779.368869727] [acados_nmpc_node]: [attach-window] t=52.90s pos_err=0.108m T=21.68N z=6.656 m_est=2.197
[INFO] [1789412779.424546582] [acados_nmpc_node]: [attach-window] t=52.96s pos_err=0.097m T=21.69N z=6.647 m_est=2.197
[INFO] [1789412779.469119774] [acados_nmpc_node]: [attach-window] t=53.00s pos_err=0.109m T=21.70N z=6.643 m_est=2.197
[INFO] [1789412779.524829518] [acados_nmpc_node]: [attach-window] t=53.06s pos_err=0.091m T=21.72N z=6.633 m_est=2.197
[INFO] [1789412779.525255209] [acados_nmpc_node]: [wcmd] raw=[-0.004,-0.067,-1.055] w=[+0.025,-0.039,-0.921] err=[-0.030,-0.028] scaled=[-0.060,-0.120] s=2.88
[INFO] [1789412779.569014223] [acados_nmpc_node]: [attach-window] t=53.10s pos_err=0.101m T=21.71N z=6.629 m_est=2.197
[INFO] [1789412779.624604181] [acados_nmpc_node]: [attach-window] t=53.16s pos_err=0.092m T=21.72N z=6.620 m_est=2.197
[INFO] [1789412779.668872354] [acados_nmpc_node]: [attach-window] t=53.20s pos_err=0.101m T=21.72N z=6.616 m_est=2.198
[INFO] [1789412779.724307054] [acados_nmpc_node]: [attach-window] t=53.26s pos_err=0.086m T=21.74N z=6.606 m_est=2.198
[INFO] [1789412779.724720638] [acados_nmpc_node]: [wcmd] raw=[+0.003,-0.051,-1.021] w=[+0.030,-0.013,-1.012] err=[-0.027,-0.038] scaled=[-0.049,-0.122] s=2.88
[INFO] [1789412779.768965973] [acados_nmpc_node]: [attach-window] t=53.30s pos_err=0.092m T=21.76N z=6.601 m_est=2.198
[INFO] [1789412779.824341538] [acados_nmpc_node]: [attach-window] t=53.36s pos_err=0.083m T=21.74N z=6.590 m_est=2.198
[INFO] [1789412779.868987026] [acados_nmpc_node]: [attach-window] t=53.40s pos_err=0.089m T=21.77N z=6.587 m_est=2.198
[INFO] [1789412779.924313901] [acados_nmpc_node]: [attach-window] t=53.46s pos_err=0.079m T=21.74N z=6.576 m_est=2.198
[INFO] [1789412779.924732513] [acados_nmpc_node]: [wcmd] raw=[+0.015,-0.058,-0.922] w=[+0.014,-0.077,-1.068] err=[+0.001,+0.020] scaled=[+0.016,-0.021] s=2.89
[INFO] [1789412779.968841103] [acados_nmpc_node]: [attach-window] t=53.50s pos_err=0.080m T=21.74N z=6.571 m_est=2.198
[INFO] [1789412780.024315093] [acados_nmpc_node]: [attach-window] t=53.56s pos_err=0.074m T=21.74N z=6.561 m_est=2.198
[INFO] [1789412780.068917609] [acados_nmpc_node]: [attach-window] t=53.60s pos_err=0.076m T=21.75N z=6.556 m_est=2.198
[INFO] [1789412780.124456829] [acados_nmpc_node]: [attach-window] t=53.66s pos_err=0.070m T=21.76N z=6.545 m_est=2.198
[INFO] [1789412780.124865275] [acados_nmpc_node]: [wcmd] raw=[+0.015,-0.066,-0.735] w=[+0.043,+0.056,-0.989] err=[-0.028,-0.122] scaled=[-0.038,-0.296] s=2.89
[INFO] [1789412780.168972890] [acados_nmpc_node]: [attach-window] t=53.70s pos_err=0.067m T=21.79N z=6.540 m_est=2.198
[INFO] [1789412780.225200320] [acados_nmpc_node]: [attach-window] t=53.76s pos_err=0.063m T=21.75N z=6.531 m_est=2.198
[INFO] [1789412780.269288751] [acados_nmpc_node]: [attach-window] t=53.80s pos_err=0.062m T=21.76N z=6.526 m_est=2.198
[INFO] [1789412780.324729330] [acados_nmpc_node]: [attach-window] t=53.86s pos_err=0.060m T=21.70N z=6.515 m_est=2.198
[INFO] [1789412780.325142644] [acados_nmpc_node]: [wcmd] raw=[+0.004,-0.063,-0.531] w=[+0.015,-0.081,-0.913] err=[-0.012,+0.018] scaled=[-0.018,-0.030] s=2.89
[INFO] [1789412780.369240547] [acados_nmpc_node]: [attach-window] t=53.90s pos_err=0.053m T=21.70N z=6.510 m_est=2.198
[INFO] [1789412780.425124201] [acados_nmpc_node]: [attach-window] t=53.96s pos_err=0.051m T=21.67N z=6.500 m_est=2.198
[INFO] [1789412780.469267863] [acados_nmpc_node]: [attach-window] t=54.00s pos_err=0.048m T=21.71N z=6.494 m_est=2.198
[INFO] [1789412780.524675396] [acados_nmpc_node]: [attach-window] t=54.06s pos_err=0.050m T=21.67N z=6.482 m_est=2.198
[INFO] [1789412780.525082456] [acados_nmpc_node]: [wcmd] raw=[+0.011,-0.107,-0.333] w=[+0.010,-0.002,-0.711] err=[+0.001,-0.106] scaled=[+0.014,-0.308] s=2.90
[INFO] [1789412780.569171750] [acados_nmpc_node]: [attach-window] t=54.10s pos_err=0.040m T=21.73N z=6.476 m_est=2.198
[INFO] [1789412780.624601318] [acados_nmpc_node]: [attach-window] t=54.16s pos_err=0.040m T=21.69N z=6.463 m_est=2.198
[INFO] [1789412780.669224862] [acados_nmpc_node]: [attach-window] t=54.20s pos_err=0.035m T=21.72N z=6.457 m_est=2.198
[INFO] [1789412780.724676375] [acados_nmpc_node]: [attach-window] t=54.26s pos_err=0.041m T=21.68N z=6.443 m_est=2.198
[INFO] [1789412780.725084180] [acados_nmpc_node]: [wcmd] raw=[-0.005,-0.096,-0.184] w=[+0.011,-0.066,-0.525] err=[-0.016,-0.030] scaled=[-0.036,-0.152] s=2.90
[INFO] [1789412780.769100220] [acados_nmpc_node]: [attach-window] t=54.30s pos_err=0.026m T=21.73N z=6.437 m_est=2.198
[INFO] [1789412780.824453869] [acados_nmpc_node]: [attach-window] t=54.36s pos_err=0.030m T=21.68N z=6.424 m_est=2.198
[INFO] [1789412780.869000733] [acados_nmpc_node]: [attach-window] t=54.40s pos_err=0.024m T=21.73N z=6.418 m_est=2.197
[INFO] [1789412780.924238124] [acados_nmpc_node]: [attach-window] t=54.46s pos_err=0.034m T=21.66N z=6.404 m_est=2.197
[INFO] [1789412780.924643515] [acados_nmpc_node]: [wcmd] raw=[-0.008,-0.107,-0.091] w=[-0.008,-0.067,-0.332] err=[+0.001,-0.040] scaled=[-0.006,-0.183] s=2.90
[INFO] [1789412780.968827224] [acados_nmpc_node]: [attach-window] t=54.50s pos_err=0.013m T=21.71N z=6.397 m_est=2.197
[INFO] [1789412781.021914382] [acados_nmpc_node]: [attach-window] t=54.55s pos_err=0.023m T=21.64N z=6.385 m_est=2.197
[INFO] [1789412781.068883849] [acados_nmpc_node]: [attach-window] t=54.60s pos_err=0.022m T=21.68N z=6.378 m_est=2.197
[INFO] [1789412781.124042710] [acados_nmpc_node]: [attach-window] t=54.66s pos_err=0.026m T=21.62N z=6.364 m_est=2.197
[INFO] [1789412781.124454198] [acados_nmpc_node]: [wcmd] raw=[-0.027,-0.088,-0.059] w=[-0.009,-0.059,-0.186] err=[-0.018,-0.029] scaled=[-0.060,-0.142] s=2.90
[INFO] [1789412781.168745728] [acados_nmpc_node]: [attach-window] t=54.70s pos_err=0.015m T=21.65N z=6.358 m_est=2.197
[INFO] [1789412781.224038717] [acados_nmpc_node]: [attach-window] t=54.76s pos_err=0.010m T=21.59N z=6.345 m_est=2.197
[INFO] [1789412781.268764007] [acados_nmpc_node]: [attach-window] t=54.80s pos_err=0.033m T=21.63N z=6.339 m_est=2.196
[INFO] [1789412781.324377126] [acados_nmpc_node]: [attach-window] t=54.86s pos_err=0.017m T=21.56N z=6.325 m_est=2.196
[INFO] [1789412781.324796087] [acados_nmpc_node]: [wcmd] raw=[-0.035,-0.089,-0.067] w=[-0.035,-0.050,-0.094] err=[+0.000,-0.039] scaled=[-0.035,-0.162] s=2.90
[INFO] [1789412781.368826053] [acados_nmpc_node]: [attach-window] t=54.90s pos_err=0.029m T=21.60N z=6.319 m_est=2.196
[INFO] [1789412781.424285755] [acados_nmpc_node]: [attach-window] t=54.96s pos_err=0.025m T=21.48N z=6.306 m_est=2.196
[INFO] [1789412781.469002998] [acados_nmpc_node]: [attach-window] t=55.00s pos_err=0.050m T=21.58N z=6.301 m_est=2.196
[INFO] [1789412781.524084538] [acados_nmpc_node]: [attach-window] t=55.06s pos_err=0.017m T=21.47N z=6.287 m_est=2.195
[INFO] [1789412781.524494425] [acados_nmpc_node]: [wcmd] raw=[-0.031,-0.078,-0.095] w=[-0.031,-0.130,-0.078] err=[-0.000,+0.053] scaled=[-0.032,+0.022] s=2.90
[INFO] [1789412781.568820367] [acados_nmpc_node]: [attach-window] t=55.10s pos_err=0.047m T=21.46N z=6.281 m_est=2.195
[INFO] [1789412781.624353681] [acados_nmpc_node]: [attach-window] t=55.16s pos_err=0.028m T=21.41N z=6.269 m_est=2.195
[INFO] [1789412781.668951050] [acados_nmpc_node]: [attach-window] t=55.20s pos_err=0.069m T=21.45N z=6.263 m_est=2.194
[INFO] [1789412781.724331871] [acados_nmpc_node]: [attach-window] t=55.26s pos_err=0.027m T=21.40N z=6.249 m_est=2.194
[INFO] [1789412781.724778407] [acados_nmpc_node]: [wcmd] raw=[-0.049,-0.120,-0.115] w=[-0.031,+0.036,-0.032] err=[-0.018,-0.156] scaled=[-0.082,-0.416] s=2.90
[INFO] [1789412781.768940583] [acados_nmpc_node]: [attach-window] t=55.30s pos_err=0.065m T=21.48N z=6.243 m_est=2.194
[INFO] [1789412781.824257084] [acados_nmpc_node]: [attach-window] t=55.36s pos_err=0.044m T=21.42N z=6.230 m_est=2.194
[INFO] [1789412781.869204360] [acados_nmpc_node]: [attach-window] t=55.40s pos_err=0.089m T=21.45N z=6.224 m_est=2.193
[INFO] [1789412781.924355543] [acados_nmpc_node]: [attach-window] t=55.46s pos_err=0.043m T=21.40N z=6.209 m_est=2.193
[INFO] [1789412781.924807415] [acados_nmpc_node]: [wcmd] raw=[-0.037,-0.103,-0.129] w=[-0.049,-0.133,-0.095] err=[+0.012,+0.030] scaled=[-0.013,-0.046] s=2.90
[INFO] [1789412781.968977428] [acados_nmpc_node]: [attach-window] t=55.50s pos_err=0.085m T=21.43N z=6.202 m_est=2.192
[INFO] [1789412782.024285785] [acados_nmpc_node]: [attach-window] t=55.56s pos_err=0.063m T=21.38N z=6.189 m_est=2.192
[INFO] [1789412782.024780021] [acados_nmpc_node]: t=55.6s | pos_err=0.063m | T=21.38N | tau=[r-0.177 p-0.078 y-0.023]Nm | res_stat=4.783e-07(peak 1.000e-06) sqp_iter=4 | solve=1.8ms
[INFO] [1789412782.024985259] [acados_nmpc_node]: [flight-diag] t=55.6s | om_scale=2.898(lo 2.819 hi 2.899) | tilt_max=10.48deg | w_max=[r0.050 p0.178 y1.068]rad/s | u_frac=[T0.695 r0.437 p0.306 y0.797] | u_sat=[T0.0 r0.0 p0.0 y0.0]% | mot_peak=0.898 mot_sat=0.0% | health=1 age=0.000s conf=0.000 | n=100
[INFO] [1789412782.068929037] [acados_nmpc_node]: [attach-window] t=55.60s pos_err=0.109m T=21.44N z=6.182 m_est=2.191
[INFO] [1789412782.124120030] [acados_nmpc_node]: [attach-window] t=55.66s pos_err=0.060m T=21.38N z=6.167 m_est=2.191
[INFO] [1789412782.124537257] [acados_nmpc_node]: [wcmd] raw=[-0.037,-0.145,-0.117] w=[-0.033,-0.066,-0.090] err=[-0.004,-0.080] scaled=[-0.045,-0.297] s=2.90
[INFO] [1789412782.168791320] [acados_nmpc_node]: [attach-window] t=55.70s pos_err=0.105m T=21.43N z=6.160 m_est=2.190
[INFO] [1789412782.224358942] [acados_nmpc_node]: [attach-window] t=55.76s pos_err=0.081m T=21.38N z=6.146 m_est=2.189
[INFO] [1789412782.268756781] [acados_nmpc_node]: [attach-window] t=55.80s pos_err=0.100m T=21.38N z=6.138 m_est=2.189
[INFO] [1789412782.323591397] [acados_nmpc_node]: [attach-window] t=55.86s pos_err=0.074m T=21.38N z=6.124 m_est=2.188
[INFO] [1789412782.324011784] [acados_nmpc_node]: [wcmd] raw=[-0.032,-0.132,-0.088] w=[-0.040,-0.100,-0.104] err=[+0.009,-0.032] scaled=[-0.016,-0.193] s=2.90
[INFO] [1789412782.368761158] [acados_nmpc_node]: [attach-window] t=55.90s pos_err=0.121m T=21.44N z=6.117 m_est=2.188
[INFO] [1789412782.424094326] [acados_nmpc_node]: [attach-window] t=55.96s pos_err=0.095m T=21.43N z=6.103 m_est=2.187
[INFO] [1789412782.468907334] [acados_nmpc_node]: [attach-window] t=56.00s pos_err=0.142m T=21.43N z=6.095 m_est=2.186
[INFO] [1789412782.523982917] [acados_nmpc_node]: [attach-window] t=56.06s pos_err=0.087m T=21.41N z=6.079 m_est=2.186
[INFO] [1789412782.524389380] [acados_nmpc_node]: [wcmd] raw=[-0.030,-0.138,-0.045] w=[-0.033,-0.046,-0.072] err=[+0.004,-0.091] scaled=[-0.023,-0.309] s=2.87
[INFO] [1789412782.568809479] [acados_nmpc_node]: [attach-window] t=56.10s pos_err=0.132m T=21.44N z=6.072 m_est=2.185
[INFO] [1789412782.623857102] [acados_nmpc_node]: [attach-window] t=56.16s pos_err=0.104m T=21.37N z=6.058 m_est=2.185
[INFO] [1789412782.669009016] [acados_nmpc_node]: [attach-window] t=56.20s pos_err=0.151m T=21.40N z=6.050 m_est=2.184
[INFO] [1789412782.724006836] [acados_nmpc_node]: [attach-window] t=56.26s pos_err=0.095m T=21.36N z=6.034 m_est=2.184
[INFO] [1789412782.724423895] [acados_nmpc_node]: [wcmd] raw=[-0.038,-0.168,-0.011] w=[-0.043,-0.187,-0.084] err=[+0.006,+0.019] scaled=[-0.027,-0.133] s=2.85
[INFO] [1789412782.768812042] [acados_nmpc_node]: [attach-window] t=56.30s pos_err=0.139m T=21.36N z=6.027 m_est=2.183
[INFO] [1789412782.824200334] [acados_nmpc_node]: [attach-window] t=56.36s pos_err=0.110m T=21.34N z=6.012 m_est=2.183
[INFO] [1789412782.868871313] [acados_nmpc_node]: [attach-window] t=56.40s pos_err=0.155m T=21.35N z=6.005 m_est=2.183
[INFO] [1789412782.923891317] [acados_nmpc_node]: [attach-window] t=56.46s pos_err=0.099m T=21.38N z=5.988 m_est=2.182
[INFO] [1789412782.924303663] [acados_nmpc_node]: [wcmd] raw=[-0.036,-0.174,+0.036] w=[-0.050,-0.079,-0.015] err=[+0.014,-0.095] scaled=[-0.011,-0.348] s=2.84
[INFO] [1789412782.968852929] [acados_nmpc_node]: [attach-window] t=56.50s pos_err=0.142m T=21.41N z=5.981 m_est=2.182
[INFO] [1789412783.024524592] [acados_nmpc_node]: [attach-window] t=56.56s pos_err=0.089m T=21.41N z=5.963 m_est=2.182
[INFO] [1789412783.068975564] [acados_nmpc_node]: [attach-window] t=56.60s pos_err=0.129m T=21.45N z=5.955 m_est=2.182
[INFO] [1789412783.124410689] [acados_nmpc_node]: [attach-window] t=56.66s pos_err=0.103m T=21.50N z=5.939 m_est=2.182
[INFO] [1789412783.124835631] [acados_nmpc_node]: [wcmd] raw=[-0.038,-0.103,+0.069] w=[-0.046,-0.212,-0.006] err=[+0.008,+0.109] scaled=[-0.024,+0.096] s=2.82
[INFO] [1789412783.168862601] [acados_nmpc_node]: [attach-window] t=56.70s pos_err=0.145m T=21.47N z=5.931 m_est=2.182
[INFO] [1789412783.224247798] [acados_nmpc_node]: [attach-window] t=56.76s pos_err=0.095m T=21.58N z=5.912 m_est=2.182
[INFO] [1789412783.268869363] [acados_nmpc_node]: [attach-window] t=56.80s pos_err=0.135m T=21.57N z=5.904 m_est=2.182
[INFO] [1789412783.324374083] [acados_nmpc_node]: [attach-window] t=56.86s pos_err=0.111m T=21.59N z=5.887 m_est=2.182
[INFO] [1789412783.324809838] [acados_nmpc_node]: [wcmd] raw=[-0.035,-0.090,+0.105] w=[-0.049,+0.040,+0.102] err=[+0.014,-0.130] scaled=[-0.009,-0.323] s=2.79
[INFO] [1789412783.368874572] [acados_nmpc_node]: [attach-window] t=56.90s pos_err=0.153m T=21.59N z=5.879 m_est=2.182
[INFO] [1789412783.424354406] [acados_nmpc_node]: [attach-window] t=56.96s pos_err=0.106m T=21.66N z=5.861 m_est=2.182
[INFO] [1789412783.469027443] [acados_nmpc_node]: [attach-window] t=57.00s pos_err=0.146m T=21.64N z=5.852 m_est=2.183
[INFO] [1789412783.524357821] [acados_nmpc_node]: [attach-window] t=57.06s pos_err=0.123m T=21.67N z=5.836 m_est=2.183
[INFO] [1789412783.524769470] [acados_nmpc_node]: [wcmd] raw=[-0.032,-0.061,+0.124] w=[-0.043,-0.085,+0.095] err=[+0.011,+0.024] scaled=[-0.012,-0.018] s=2.77
[INFO] [1789412783.569126898] [acados_nmpc_node]: [attach-window] t=57.10s pos_err=0.165m T=21.63N z=5.828 m_est=2.183
[INFO] [1789412783.624095880] [acados_nmpc_node]: [attach-window] t=57.16s pos_err=0.141m T=21.69N z=5.812 m_est=2.183
[INFO] [1789412783.668248144] [acados_nmpc_node]: [attach-window] t=57.20s pos_err=0.183m T=21.65N z=5.804 m_est=2.184
[INFO] [1789412783.721930449] [acados_nmpc_node]: [attach-window] t=57.25s pos_err=0.131m T=21.72N z=5.787 m_est=2.184
[INFO] [1789412783.722259963] [acados_nmpc_node]: [wcmd] raw=[-0.021,-0.142,+0.151] w=[-0.045,+0.015,+0.143] err=[+0.023,-0.157] scaled=[+0.020,-0.419] s=2.76
[INFO] [1789412783.768371315] [acados_nmpc_node]: [attach-window] t=57.30s pos_err=0.175m T=21.69N z=5.779 m_est=2.184
[INFO] [1789412783.824728941] [acados_nmpc_node]: [attach-window] t=57.36s pos_err=0.152m T=21.67N z=5.764 m_est=2.184
[INFO] [1789412783.869212951] [acados_nmpc_node]: [attach-window] t=57.40s pos_err=0.190m T=21.61N z=5.757 m_est=2.185
[INFO] [1789412783.924490897] [acados_nmpc_node]: [attach-window] t=57.46s pos_err=0.144m T=21.68N z=5.741 m_est=2.185
[INFO] [1789412783.924923786] [acados_nmpc_node]: [wcmd] raw=[-0.017,-0.128,+0.186] w=[-0.037,-0.161,+0.121] err=[+0.020,+0.033] scaled=[+0.019,-0.070] s=2.75
[INFO] [1789412783.969208704] [acados_nmpc_node]: [attach-window] t=57.50s pos_err=0.180m T=21.63N z=5.734 m_est=2.185
[INFO] [1789412784.024434756] [acados_nmpc_node]: [attach-window] t=57.56s pos_err=0.137m T=21.68N z=5.718 m_est=2.186
[INFO] [1789412784.069381050] [acados_nmpc_node]: [attach-window] t=57.60s pos_err=0.192m T=21.63N z=5.712 m_est=2.186
[INFO] [1789412784.124449172] [acados_nmpc_node]: [attach-window] t=57.66s pos_err=0.148m T=21.71N z=5.696 m_est=2.186
[INFO] [1789412784.124860858] [acados_nmpc_node]: [wcmd] raw=[-0.029,-0.122,+0.238] w=[-0.034,-0.128,+0.165] err=[+0.005,+0.006] scaled=[-0.020,-0.110] s=2.74
[INFO] [1789412784.169335197] [acados_nmpc_node]: [attach-window] t=57.70s pos_err=0.181m T=21.66N z=5.689 m_est=2.187
[INFO] [1789412784.224652580] [acados_nmpc_node]: [attach-window] t=57.76s pos_err=0.142m T=21.77N z=5.673 m_est=2.187
[INFO] [1789412784.269604006] [acados_nmpc_node]: [attach-window] t=57.80s pos_err=0.171m T=21.73N z=5.666 m_est=2.187
[INFO] [1789412784.324915296] [acados_nmpc_node]: [attach-window] t=57.86s pos_err=0.152m T=21.78N z=5.652 m_est=2.188
[INFO] [1789412784.325328631] [acados_nmpc_node]: [wcmd] raw=[-0.030,-0.080,+0.301] w=[-0.053,-0.056,+0.227] err=[+0.023,-0.023] scaled=[+0.011,-0.120] s=2.74
[INFO] [1789412784.369410933] [acados_nmpc_node]: [attach-window] t=57.90s pos_err=0.181m T=21.74N z=5.646 m_est=2.188
[INFO] [1789412784.424706870] [acados_nmpc_node]: [attach-window] t=57.96s pos_err=0.144m T=21.86N z=5.630 m_est=2.189
[INFO] [1789412784.469706275] [acados_nmpc_node]: [attach-window] t=58.00s pos_err=0.191m T=21.77N z=5.625 m_est=2.189
[INFO] [1789412784.525026999] [acados_nmpc_node]: [attach-window] t=58.06s pos_err=0.153m T=21.85N z=5.610 m_est=2.189
[INFO] [1789412784.525441478] [acados_nmpc_node]: [wcmd] raw=[-0.025,-0.064,+0.375] w=[-0.048,-0.045,+0.280] err=[+0.023,-0.020] scaled=[+0.015,-0.099] s=2.77
[INFO] [1789412784.569649501] [acados_nmpc_node]: [attach-window] t=58.10s pos_err=0.180m T=21.79N z=5.604 m_est=2.190
[INFO] [1789412784.625380230] [acados_nmpc_node]: [attach-window] t=58.16s pos_err=0.147m T=21.85N z=5.590 m_est=2.190
[INFO] [1789412784.669967782] [acados_nmpc_node]: [attach-window] t=58.20s pos_err=0.188m T=21.78N z=5.586 m_est=2.191
[INFO] [1789412784.725312474] [acados_nmpc_node]: [attach-window] t=58.26s pos_err=0.154m T=21.84N z=5.572 m_est=2.191
[INFO] [1789412784.725738135] [acados_nmpc_node]: [wcmd] raw=[-0.016,-0.077,+0.459] w=[-0.040,-0.075,+0.330] err=[+0.024,-0.002] scaled=[+0.027,-0.081] s=2.78
[INFO] [1789412784.769931161] [acados_nmpc_node]: [attach-window] t=58.30s pos_err=0.178m T=21.78N z=5.566 m_est=2.192
[INFO] [1789412784.825459002] [acados_nmpc_node]: [attach-window] t=58.36s pos_err=0.160m T=21.82N z=5.555 m_est=2.192
[INFO] [1789412784.869890266] [acados_nmpc_node]: [attach-window] t=58.40s pos_err=0.167m T=21.81N z=5.548 m_est=2.193
[INFO] [1789412784.925464366] [acados_nmpc_node]: [attach-window] t=58.46s pos_err=0.151m T=21.87N z=5.536 m_est=2.193
[INFO] [1789412784.925873585] [acados_nmpc_node]: [wcmd] raw=[-0.015,-0.084,+0.561] w=[-0.045,-0.015,+0.419] err=[+0.030,-0.069] scaled=[+0.038,-0.207] s=2.79
[INFO] [1789412784.968998675] [acados_nmpc_node]: [attach-window] t=58.50s pos_err=0.171m T=21.84N z=5.531 m_est=2.193
[INFO] [1789412785.025558771] [acados_nmpc_node]: [attach-window] t=58.56s pos_err=0.141m T=21.91N z=5.519 m_est=2.194
[INFO] [1789412785.070162716] [acados_nmpc_node]: [attach-window] t=58.60s pos_err=0.172m T=21.84N z=5.515 m_est=2.194
[INFO] [1789412785.125164559] [acados_nmpc_node]: [attach-window] t=58.66s pos_err=0.141m T=21.89N z=5.503 m_est=2.194
[INFO] [1789412785.125570923] [acados_nmpc_node]: [wcmd] raw=[-0.017,-0.064,+0.682] w=[-0.038,-0.084,+0.491] err=[+0.021,+0.020] scaled=[+0.021,-0.029] s=2.82
[INFO] [1789412785.169809893] [acados_nmpc_node]: [attach-window] t=58.70s pos_err=0.158m T=21.85N z=5.497 m_est=2.194
[INFO] [1789412785.225433177] [acados_nmpc_node]: [attach-window] t=58.76s pos_err=0.142m T=21.87N z=5.487 m_est=2.195
[INFO] [1789412785.269631660] [acados_nmpc_node]: [attach-window] t=58.80s pos_err=0.144m T=21.87N z=5.481 m_est=2.195
[INFO] [1789412785.324911182] [acados_nmpc_node]: [attach-window] t=58.86s pos_err=0.129m T=21.90N z=5.471 m_est=2.195
[INFO] [1789412785.325345506] [acados_nmpc_node]: [wcmd] raw=[-0.001,-0.094,+0.811] w=[-0.048,-0.021,+0.612] err=[+0.047,-0.073] scaled=[+0.086,-0.230] s=2.84
[INFO] [1789412785.369344193] [acados_nmpc_node]: [attach-window] t=58.90s pos_err=0.141m T=21.88N z=5.467 m_est=2.195
[INFO] [1789412785.424777624] [acados_nmpc_node]: [attach-window] t=58.96s pos_err=0.118m T=21.92N z=5.456 m_est=2.195
[INFO] [1789412785.469454556] [acados_nmpc_node]: [attach-window] t=59.00s pos_err=0.137m T=21.88N z=5.452 m_est=2.195
[INFO] [1789412785.524609372] [acados_nmpc_node]: [attach-window] t=59.06s pos_err=0.114m T=21.93N z=5.441 m_est=2.195
[INFO] [1789412785.525016807] [acados_nmpc_node]: [wcmd] raw=[+0.007,-0.051,+0.929] w=[-0.020,-0.070,+0.728] err=[+0.027,+0.020] scaled=[+0.058,-0.014] s=2.86
[INFO] [1789412785.569140237] [acados_nmpc_node]: [attach-window] t=59.10s pos_err=0.123m T=21.91N z=5.436 m_est=2.196
[INFO] [1789412785.624331173] [acados_nmpc_node]: [attach-window] t=59.16s pos_err=0.110m T=21.94N z=5.426 m_est=2.196
[INFO] [1789412785.669087475] [acados_nmpc_node]: [attach-window] t=59.20s pos_err=0.118m T=21.94N z=5.420 m_est=2.196
[INFO] [1789412785.721797285] [acados_nmpc_node]: [attach-window] t=59.25s pos_err=0.099m T=21.99N z=5.409 m_est=2.196
[INFO] [1789412785.722116155] [acados_nmpc_node]: [wcmd] raw=[+0.030,-0.091,+1.017] w=[-0.021,-0.034,+0.859] err=[+0.050,-0.058] scaled=[+0.124,-0.199] s=2.87
[INFO] [1789412785.768934088] [acados_nmpc_node]: [attach-window] t=59.30s pos_err=0.105m T=21.99N z=5.404 m_est=2.196
[INFO] [1789412785.824502909] [acados_nmpc_node]: [attach-window] t=59.36s pos_err=0.095m T=22.00N z=5.394 m_est=2.196
[INFO] [1789412785.869019210] [acados_nmpc_node]: [attach-window] t=59.40s pos_err=0.099m T=21.99N z=5.390 m_est=2.196
[INFO] [1789412785.924497920] [acados_nmpc_node]: [attach-window] t=59.46s pos_err=0.086m T=22.00N z=5.380 m_est=2.197
[INFO] [1789412785.924908209] [acados_nmpc_node]: [wcmd] raw=[+0.025,-0.037,+1.046] w=[-0.006,-0.025,+0.969] err=[+0.030,-0.013] scaled=[+0.082,-0.061] s=2.88
[INFO] [1789412785.968820530] [acados_nmpc_node]: [attach-window] t=59.50s pos_err=0.087m T=22.00N z=5.376 m_est=2.197
[INFO] [1789412786.024284085] [acados_nmpc_node]: [attach-window] t=59.56s pos_err=0.078m T=21.97N z=5.368 m_est=2.197
[INFO] [1789412786.068888740] [acados_nmpc_node]: [attach-window] t=59.60s pos_err=0.081m T=21.97N z=5.364 m_est=2.197
[INFO] [1789412786.124359278] [acados_nmpc_node]: [attach-window] t=59.66s pos_err=0.069m T=21.95N z=5.356 m_est=2.197
[INFO] [1789412786.124772835] [acados_nmpc_node]: [wcmd] raw=[+0.011,-0.056,+0.979] w=[-0.001,-0.045,+1.029] err=[+0.012,-0.011] scaled=[+0.032,-0.077] s=2.88
[INFO] [1789412786.168888880] [acados_nmpc_node]: [attach-window] t=59.70s pos_err=0.069m T=21.95N z=5.352 m_est=2.198
[INFO] [1789412786.224485631] [acados_nmpc_node]: [attach-window] t=59.76s pos_err=0.060m T=21.94N z=5.345 m_est=2.198
[INFO] [1789412786.268954994] [acados_nmpc_node]: [attach-window] t=59.80s pos_err=0.063m T=21.96N z=5.342 m_est=2.198
[INFO] [1789412786.324385135] [acados_nmpc_node]: [attach-window] t=59.86s pos_err=0.051m T=21.96N z=5.333 m_est=2.198
[INFO] [1789412786.324793735] [acados_nmpc_node]: [wcmd] raw=[+0.008,-0.059,+0.831] w=[-0.017,-0.007,+1.036] err=[+0.025,-0.052] scaled=[+0.055,-0.157] s=2.89
[INFO] [1789412786.368835130] [acados_nmpc_node]: [attach-window] t=59.90s pos_err=0.052m T=22.00N z=5.330 m_est=2.198
[INFO] [1789412786.424964716] [acados_nmpc_node]: [attach-window] t=59.96s pos_err=0.043m T=22.00N z=5.322 m_est=2.198
[INFO] [1789412786.469084746] [acados_nmpc_node]: [attach-window] t=60.00s pos_err=0.050m T=22.03N z=5.318 m_est=2.198
[INFO] [1789412786.524580060] [acados_nmpc_node]: [attach-window] t=60.06s pos_err=0.035m T=22.00N z=5.309 m_est=2.199
[INFO] [1789412786.524985438] [acados_nmpc_node]: [wcmd] raw=[+0.012,-0.073,+0.653] w=[+0.000,-0.067,+0.945] err=[+0.012,-0.006] scaled=[+0.035,-0.085] s=2.89
[INFO] [1789412786.569128779] [acados_nmpc_node]: [attach-window] t=60.10s pos_err=0.042m T=22.03N z=5.305 m_est=2.199
[INFO] [1789412786.621994276] [acados_nmpc_node]: [attach-window] t=60.15s pos_err=0.030m T=21.98N z=5.298 m_est=2.199
[INFO] [1789412786.668332027] [acados_nmpc_node]: [attach-window] t=60.20s pos_err=0.047m T=22.02N z=5.295 m_est=2.199
[INFO] [1789412786.724563907] [acados_nmpc_node]: [attach-window] t=60.26s pos_err=0.025m T=21.94N z=5.287 m_est=2.199
[INFO] [1789412786.724975242] [acados_nmpc_node]: [wcmd] raw=[+0.002,-0.090,+0.466] w=[+0.009,-0.058,+0.809] err=[-0.007,-0.032] scaled=[-0.012,-0.151] s=2.89
[INFO] [1789412786.769101683] [acados_nmpc_node]: [attach-window] t=60.30s pos_err=0.041m T=21.97N z=5.284 m_est=2.199
[INFO] [1789412786.824626513] [acados_nmpc_node]: [attach-window] t=60.36s pos_err=0.020m T=21.86N z=5.277 m_est=2.199
[INFO] [1789412786.869166027] [acados_nmpc_node]: [attach-window] t=60.40s pos_err=0.052m T=21.94N z=5.274 m_est=2.199
[INFO] [1789412786.924573662] [acados_nmpc_node]: [attach-window] t=60.46s pos_err=0.024m T=21.83N z=5.268 m_est=2.199
[INFO] [1789412786.925023109] [acados_nmpc_node]: [wcmd] raw=[+0.004,-0.080,+0.312] w=[+0.002,-0.098,+0.622] err=[+0.001,+0.017] scaled=[+0.006,-0.048] s=2.89
[INFO] [1789412786.969245096] [acados_nmpc_node]: [attach-window] t=60.50s pos_err=0.049m T=21.84N z=5.266 m_est=2.199
[INFO] [1789412787.024097929] [acados_nmpc_node]: [attach-window] t=60.56s pos_err=0.034m T=21.76N z=5.261 m_est=2.199
[INFO] [1789412787.024604107] [acados_nmpc_node]: t=60.6s | pos_err=0.034m | T=21.76N | tau=[r-0.108 p0.037 y-0.122]Nm | res_stat=9.214e-07(peak 1.000e-06) sqp_iter=4 | solve=1.9ms
[INFO] [1789412787.024811149] [acados_nmpc_node]: [flight-diag] t=60.6s | om_scale=2.892(lo 2.739 hi 2.898) | tilt_max=9.98deg | w_max=[r0.053 p0.212 y1.044]rad/s | u_frac=[T0.703 r0.361 p0.384 y0.715] | u_sat=[T0.0 r0.0 p0.0 y0.0]% | mot_peak=0.896 mot_sat=0.0% | health=1 age=0.000s conf=0.000 | n=100
[INFO] [1789412787.069158056] [acados_nmpc_node]: [attach-window] t=60.60s pos_err=0.063m T=21.80N z=5.259 m_est=2.199
[INFO] [1789412787.124646571] [acados_nmpc_node]: [attach-window] t=60.66s pos_err=0.032m T=21.72N z=5.255 m_est=2.199
[INFO] [1789412787.125120717] [acados_nmpc_node]: [wcmd] raw=[+0.003,-0.103,+0.209] w=[+0.007,-0.022,+0.465] err=[-0.004,-0.081] scaled=[-0.004,-0.257] s=2.89
[INFO] [1789412787.168905169] [acados_nmpc_node]: [attach-window] t=60.70s pos_err=0.060m T=21.77N z=5.253 m_est=2.198
[INFO] [1789412787.224337616] [acados_nmpc_node]: [attach-window] t=60.76s pos_err=0.045m T=21.70N z=5.250 m_est=2.198
[INFO] [1789412787.268811829] [acados_nmpc_node]: [attach-window] t=60.80s pos_err=0.076m T=21.74N z=5.248 m_est=2.198
[INFO] [1789412787.324187659] [acados_nmpc_node]: [attach-window] t=60.86s pos_err=0.043m T=21.67N z=5.245 m_est=2.198
[INFO] [1789412787.324599524] [acados_nmpc_node]: [wcmd] raw=[+0.007,-0.108,+0.167] w=[-0.001,-0.104,+0.301] err=[+0.008,-0.004] scaled=[+0.023,-0.115] s=2.89
[INFO] [1789412787.368913832] [acados_nmpc_node]: [attach-window] t=60.90s pos_err=0.074m T=21.72N z=5.243 m_est=2.198
[INFO] [1789412787.424041349] [acados_nmpc_node]: [attach-window] t=60.96s pos_err=0.058m T=21.67N z=5.240 m_est=2.198
[INFO] [1789412787.469028410] [acados_nmpc_node]: [attach-window] t=61.00s pos_err=0.091m T=21.73N z=5.239 m_est=2.197
[INFO] [1789412787.524015903] [acados_nmpc_node]: [attach-window] t=61.06s pos_err=0.055m T=21.66N z=5.235 m_est=2.197
[INFO] [1789412787.524428498] [acados_nmpc_node]: [wcmd] raw=[+0.009,-0.120,+0.170] w=[+0.001,-0.089,+0.210] err=[+0.008,-0.031] scaled=[+0.023,-0.179] s=2.89
[INFO] [1789412787.568853800] [acados_nmpc_node]: [attach-window] t=61.10s pos_err=0.089m T=21.73N z=5.234 m_est=2.197
[INFO] [1789412787.624204779] [acados_nmpc_node]: [attach-window] t=61.16s pos_err=0.073m T=21.69N z=5.231 m_est=2.196
[INFO] [1789412787.668937639] [acados_nmpc_node]: [attach-window] t=61.20s pos_err=0.107m T=21.75N z=5.229 m_est=2.196
[INFO] [1789412787.724008313] [acados_nmpc_node]: [attach-window] t=61.26s pos_err=0.069m T=21.69N z=5.226 m_est=2.196
[INFO] [1789412787.724433083] [acados_nmpc_node]: [wcmd] raw=[+0.016,-0.116,+0.204] w=[-0.000,-0.084,+0.172] err=[+0.016,-0.033] scaled=[+0.047,-0.178] s=2.89
[INFO] [1789412787.768788271] [acados_nmpc_node]: [attach-window] t=61.30s pos_err=0.104m T=21.75N z=5.225 m_est=2.195
[INFO] [1789412787.824384517] [acados_nmpc_node]: [attach-window] t=61.36s pos_err=0.085m T=21.70N z=5.222 m_est=2.195
[INFO] [1789412787.868930298] [acados_nmpc_node]: [attach-window] t=61.40s pos_err=0.120m T=21.75N z=5.221 m_est=2.194
[INFO] [1789412787.924167625] [acados_nmpc_node]: [attach-window] t=61.46s pos_err=0.079m T=21.68N z=5.218 m_est=2.194
[INFO] [1789412787.924575021] [acados_nmpc_node]: [wcmd] raw=[+0.008,-0.145,+0.245] w=[+0.002,-0.106,+0.168] err=[+0.006,-0.039] scaled=[+0.019,-0.219] s=2.89
[INFO] [1789412787.968854210] [acados_nmpc_node]: [attach-window] t=61.50s pos_err=0.114m T=21.74N z=5.217 m_est=2.194
[INFO] [1789412788.024373517] [acados_nmpc_node]: [attach-window] t=61.56s pos_err=0.094m T=21.70N z=5.215 m_est=2.193
[INFO] [1789412788.068881028] [acados_nmpc_node]: [attach-window] t=61.60s pos_err=0.129m T=21.75N z=5.214 m_est=2.193
[INFO] [1789412788.124292783] [acados_nmpc_node]: [attach-window] t=61.66s pos_err=0.087m T=21.69N z=5.212 m_est=2.192
[INFO] [1789412788.124703385] [acados_nmpc_node]: [wcmd] raw=[-0.005,-0.135,+0.287] w=[-0.016,-0.111,+0.196] err=[+0.011,-0.025] scaled=[+0.016,-0.182] s=2.89
[INFO] [1789412788.168892086] [acados_nmpc_node]: [attach-window] t=61.70s pos_err=0.123m T=21.75N z=5.211 m_est=2.192
[INFO] [1789412788.224454383] [acados_nmpc_node]: [attach-window] t=61.76s pos_err=0.102m T=21.71N z=5.210 m_est=2.192
[INFO] [1789412788.269154070] [acados_nmpc_node]: [attach-window] t=61.80s pos_err=0.138m T=21.76N z=5.209 m_est=2.191
[INFO] [1789412788.324824228] [acados_nmpc_node]: [attach-window] t=61.86s pos_err=0.097m T=21.72N z=5.208 m_est=2.191
[INFO] [1789412788.325273485] [acados_nmpc_node]: [wcmd] raw=[+0.006,-0.127,+0.316] w=[-0.018,-0.113,+0.238] err=[+0.024,-0.014] scaled=[+0.052,-0.153] s=2.89
[INFO] [1789412788.369212967] [acados_nmpc_node]: [attach-window] t=61.90s pos_err=0.133m T=21.78N z=5.207 m_est=2.190
[INFO] [1789412788.425479242] [acados_nmpc_node]: [attach-window] t=61.96s pos_err=0.094m T=21.71N z=5.206 m_est=2.190
[INFO] [1789412788.469065903] [acados_nmpc_node]: [attach-window] t=62.00s pos_err=0.128m T=21.77N z=5.206 m_est=2.190
[INFO] [1789412788.524747686] [acados_nmpc_node]: [attach-window] t=62.06s pos_err=0.109m T=21.74N z=5.205 m_est=2.190
[INFO] [1789412788.525224831] [acados_nmpc_node]: [wcmd] raw=[+0.016,-0.102,+0.332] w=[+0.002,-0.133,+0.274] err=[+0.014,+0.031] scaled=[+0.041,-0.043] s=2.89
[INFO] [1789412788.569089710] [acados_nmpc_node]: [attach-window] t=62.10s pos_err=0.145m T=21.78N z=5.205 m_est=2.189
[INFO] [1789412788.624831565] [acados_nmpc_node]: [attach-window] t=62.16s pos_err=0.126m T=21.78N z=5.205 m_est=2.189
[INFO] [1789412788.669228830] [acados_nmpc_node]: [attach-window] t=62.20s pos_err=0.162m T=21.81N z=5.205 m_est=2.189
[INFO] [1789412788.724640009] [acados_nmpc_node]: [attach-window] t=62.26s pos_err=0.123m T=21.78N z=5.205 m_est=2.189
[INFO] [1789412788.725061903] [acados_nmpc_node]: [wcmd] raw=[+0.013,-0.104,+0.345] w=[-0.004,+0.025,+0.343] err=[+0.017,-0.129] scaled=[+0.045,-0.348] s=2.89
[INFO] [1789412788.768869894] [acados_nmpc_node]: [attach-window] t=62.30s pos_err=0.157m T=21.84N z=5.205 m_est=2.189
[INFO] [1789412788.824355277] [acados_nmpc_node]: [attach-window] t=62.36s pos_err=0.138m T=21.78N z=5.206 m_est=2.189
[INFO] [1789412788.868890018] [acados_nmpc_node]: [attach-window] t=62.40s pos_err=0.173m T=21.82N z=5.206 m_est=2.189
[INFO] [1789412788.924208778] [acados_nmpc_node]: [attach-window] t=62.46s pos_err=0.133m T=21.76N z=5.207 m_est=2.189
[INFO] [1789412788.924614143] [acados_nmpc_node]: [wcmd] raw=[+0.011,-0.121,+0.347] w=[-0.003,-0.208,+0.294] err=[+0.014,+0.087] scaled=[+0.038,+0.043] s=2.89
[INFO] [1789412788.968876646] [acados_nmpc_node]: [attach-window] t=62.50s pos_err=0.166m T=21.78N z=5.208 m_est=2.189
[INFO] [1789412789.024236523] [acados_nmpc_node]: [attach-window] t=62.56s pos_err=0.147m T=21.78N z=5.209 m_est=2.189
[INFO] [1789412789.069085919] [acados_nmpc_node]: [attach-window] t=62.60s pos_err=0.179m T=21.83N z=5.209 m_est=2.189
[INFO] [1789412789.124613565] [acados_nmpc_node]: [attach-window] t=62.66s pos_err=0.141m T=21.81N z=5.211 m_est=2.190
[INFO] [1789412789.125032305] [acados_nmpc_node]: [wcmd] raw=[-0.012,-0.147,+0.378] w=[-0.015,-0.035,+0.355] err=[+0.003,-0.112] scaled=[-0.008,-0.359] s=2.89
[INFO] [1789412789.169051596] [acados_nmpc_node]: [attach-window] t=62.70s pos_err=0.171m T=21.87N z=5.211 m_est=2.190
[INFO] [1789412789.224394744] [acados_nmpc_node]: [attach-window] t=62.76s pos_err=0.133m T=21.82N z=5.213 m_est=2.190
[INFO] [1789412789.269124013] [acados_nmpc_node]: [attach-window] t=62.80s pos_err=0.162m T=21.86N z=5.215 m_est=2.190
[INFO] [1789412789.324552237] [acados_nmpc_node]: [attach-window] t=62.86s pos_err=0.143m T=21.85N z=5.217 m_est=2.190
[INFO] [1789412789.324969718] [acados_nmpc_node]: [wcmd] raw=[-0.027,-0.085,+0.421] w=[-0.039,-0.184,+0.334] err=[+0.012,+0.099] scaled=[-0.003,+0.102] s=2.89
[INFO] [1789412789.369597680] [acados_nmpc_node]: [attach-window] t=62.90s pos_err=0.172m T=21.87N z=5.219 m_est=2.191
[INFO] [1789412789.424760764] [acados_nmpc_node]: [attach-window] t=62.96s pos_err=0.136m T=21.86N z=5.223 m_est=2.191
[INFO] [1789412789.469626823] [acados_nmpc_node]: [attach-window] t=63.00s pos_err=0.180m T=21.91N z=5.224 m_est=2.191
[INFO] [1789412789.524654262] [acados_nmpc_node]: [attach-window] t=63.06s pos_err=0.145m T=21.86N z=5.229 m_est=2.191
[INFO] [1789412789.525068983] [acados_nmpc_node]: [wcmd] raw=[-0.020,-0.097,+0.488] w=[-0.047,+0.004,+0.418] err=[+0.028,-0.101] scaled=[+0.033,-0.289] s=2.89
[INFO] [1789412789.569622731] [acados_nmpc_node]: [attach-window] t=63.10s pos_err=0.171m T=21.89N z=5.231 m_est=2.192
[INFO] [1789412789.625174571] [acados_nmpc_node]: [attach-window] t=63.16s pos_err=0.155m T=21.85N z=5.236 m_est=2.192
[INFO] [1789412789.669637549] [acados_nmpc_node]: [attach-window] t=63.20s pos_err=0.179m T=21.88N z=5.238 m_est=2.192
[INFO] [1789412789.724907972] [acados_nmpc_node]: [attach-window] t=63.26s pos_err=0.148m T=21.85N z=5.244 m_est=2.192
[INFO] [1789412789.725316216] [acados_nmpc_node]: [wcmd] raw=[+0.004,-0.084,+0.577] w=[-0.042,-0.100,+0.436] err=[+0.046,+0.016] scaled=[+0.092,-0.053] s=2.89
[INFO] [1789412789.769701662] [acados_nmpc_node]: [attach-window] t=63.30s pos_err=0.172m T=21.88N z=5.247 m_est=2.193
[INFO] [1789412789.825298962] [acados_nmpc_node]: [attach-window] t=63.36s pos_err=0.157m T=21.84N z=5.253 m_est=2.193
[INFO] [1789412789.869890641] [acados_nmpc_node]: [attach-window] t=63.40s pos_err=0.179m T=21.88N z=5.256 m_est=2.193
[INFO] [1789412789.925216829] [acados_nmpc_node]: [attach-window] t=63.46s pos_err=0.152m T=21.82N z=5.264 m_est=2.193
[INFO] [1789412789.925623805] [acados_nmpc_node]: [wcmd] raw=[+0.013,-0.108,+0.687] w=[-0.011,-0.076,+0.514] err=[+0.023,-0.032] scaled=[+0.057,-0.168] s=2.89
[INFO] [1789412789.969608555] [acados_nmpc_node]: [attach-window] t=63.50s pos_err=0.172m T=21.85N z=5.268 m_est=2.193
[INFO] [1789412790.025091267] [acados_nmpc_node]: [attach-window] t=63.56s pos_err=0.159m T=21.82N z=5.275 m_est=2.194
[INFO] [1789412790.069607330] [acados_nmpc_node]: [attach-window] t=63.60s pos_err=0.177m T=21.85N z=5.279 m_est=2.194
[INFO] [1789412790.125430607] [acados_nmpc_node]: [attach-window] t=63.66s pos_err=0.154m T=21.80N z=5.288 m_est=2.194
[INFO] [1789412790.125843845] [acados_nmpc_node]: [wcmd] raw=[-0.004,-0.078,+0.814] w=[-0.032,-0.057,+0.611] err=[+0.028,-0.021] scaled=[+0.049,-0.117] s=2.89
[INFO] [1789412790.168643911] [acados_nmpc_node]: [attach-window] t=63.70s pos_err=0.169m T=21.85N z=5.291 m_est=2.194
[INFO] [1789412790.225267923] [acados_nmpc_node]: [attach-window] t=63.76s pos_err=0.158m T=21.84N z=5.299 m_est=2.194
[INFO] [1789412790.269731422] [acados_nmpc_node]: [attach-window] t=63.80s pos_err=0.171m T=21.90N z=5.303 m_est=2.194
[INFO] [1789412790.325035068] [acados_nmpc_node]: [attach-window] t=63.86s pos_err=0.152m T=21.87N z=5.311 m_est=2.194
[INFO] [1789412790.325449470] [acados_nmpc_node]: [wcmd] raw=[-0.000,-0.090,+0.931] w=[-0.041,-0.085,+0.717] err=[+0.041,-0.005] scaled=[+0.076,-0.099] s=2.89
[INFO] [1789412790.369406135] [acados_nmpc_node]: [attach-window] t=63.90s pos_err=0.162m T=21.93N z=5.314 m_est=2.194
[INFO] [1789412790.424787489] [acados_nmpc_node]: [attach-window] t=63.96s pos_err=0.147m T=21.89N z=5.322 m_est=2.194
[INFO] [1789412790.469479025] [acados_nmpc_node]: [attach-window] t=64.00s pos_err=0.161m T=21.99N z=5.324 m_est=2.194
[INFO] [1789412790.524937623] [acados_nmpc_node]: [attach-window] t=64.06s pos_err=0.147m T=21.96N z=5.332 m_est=2.193
[INFO] [1789412790.525344837] [acados_nmpc_node]: [wcmd] raw=[-0.001,-0.067,+1.018] w=[-0.028,-0.066,+0.842] err=[+0.027,-0.001] scaled=[+0.050,-0.069] s=2.89
[INFO] [1789412790.569418655] [acados_nmpc_node]: [attach-window] t=64.10s pos_err=0.153m T=22.02N z=5.335 m_est=2.193
[INFO] [1789412790.624945543] [acados_nmpc_node]: [attach-window] t=64.16s pos_err=0.146m T=22.00N z=5.342 m_est=2.193
[INFO] [1789412790.669158617] [acados_nmpc_node]: [attach-window] t=64.20s pos_err=0.150m T=22.07N z=5.346 m_est=2.193
[INFO] [1789412790.724641619] [acados_nmpc_node]: [attach-window] t=64.26s pos_err=0.142m T=22.00N z=5.355 m_est=2.193
[INFO] [1789412790.725047577] [acados_nmpc_node]: [wcmd] raw=[-0.004,-0.075,+1.037] w=[-0.049,-0.008,+0.961] err=[+0.045,-0.068] scaled=[+0.082,-0.203] s=2.89
[INFO] [1789412790.768864520] [acados_nmpc_node]: [attach-window] t=64.30s pos_err=0.142m T=22.08N z=5.359 m_est=2.193
[INFO] [1789412790.824251649] [acados_nmpc_node]: [attach-window] t=64.36s pos_err=0.137m T=22.01N z=5.368 m_est=2.193
[INFO] [1789412790.868918989] [acados_nmpc_node]: [attach-window] t=64.40s pos_err=0.136m T=22.08N z=5.372 m_est=2.193
[INFO] [1789412790.924155164] [acados_nmpc_node]: [attach-window] t=64.46s pos_err=0.134m T=21.98N z=5.383 m_est=2.193
[INFO] [1789412790.924573647] [acados_nmpc_node]: [wcmd] raw=[+0.008,-0.064,+0.970] w=[-0.033,-0.061,+1.013] err=[+0.041,-0.003] scaled=[+0.086,-0.071] s=2.89
[INFO] [1789412790.968800128] [acados_nmpc_node]: [attach-window] t=64.50s pos_err=0.129m T=22.05N z=5.387 m_est=2.193
[INFO] [1789412791.024344315] [acados_nmpc_node]: [attach-window] t=64.56s pos_err=0.129m T=21.98N z=5.397 m_est=2.194
[INFO] [1789412791.068917200] [acados_nmpc_node]: [attach-window] t=64.60s pos_err=0.123m T=22.07N z=5.402 m_est=2.194
[INFO] [1789412791.124426608] [acados_nmpc_node]: [attach-window] t=64.66s pos_err=0.128m T=21.94N z=5.414 m_est=2.194
[INFO] [1789412791.124836176] [acados_nmpc_node]: [wcmd] raw=[+0.011,-0.072,+0.827] w=[-0.014,-0.021,+1.023] err=[+0.025,-0.052] scaled=[+0.059,-0.170] s=2.89
[INFO] [1789412791.168799373] [acados_nmpc_node]: [attach-window] t=64.70s pos_err=0.118m T=22.02N z=5.420 m_est=2.194
[INFO] [1789412791.224556113] [acados_nmpc_node]: [attach-window] t=64.76s pos_err=0.121m T=21.94N z=5.431 m_est=2.194
[INFO] [1789412791.269036550] [acados_nmpc_node]: [attach-window] t=64.80s pos_err=0.109m T=22.02N z=5.436 m_est=2.194
[INFO] [1789412791.324881483] [acados_nmpc_node]: [attach-window] t=64.86s pos_err=0.121m T=21.89N z=5.449 m_est=2.194
[INFO] [1789412791.325297850] [acados_nmpc_node]: [wcmd] raw=[-0.005,-0.060,+0.632] w=[-0.009,-0.034,+0.939] err=[+0.003,-0.027] scaled=[+0.001,-0.111] s=2.89
[INFO] [1789412791.369281384] [acados_nmpc_node]: [attach-window] t=64.90s pos_err=0.105m T=21.98N z=5.455 m_est=2.194
[INFO] [1789412791.424869504] [acados_nmpc_node]: [attach-window] t=64.96s pos_err=0.112m T=21.89N z=5.466 m_est=2.194
[INFO] [1789412791.469303057] [acados_nmpc_node]: [attach-window] t=65.00s pos_err=0.103m T=21.92N z=5.473 m_est=2.194
[INFO] [1789412791.524566299] [acados_nmpc_node]: [attach-window] t=65.06s pos_err=0.113m T=21.84N z=5.485 m_est=2.195
[INFO] [1789412791.524983429] [acados_nmpc_node]: [wcmd] raw=[-0.010,-0.065,+0.423] w=[-0.017,-0.037,+0.785] err=[+0.007,-0.028] scaled=[+0.004,-0.119] s=2.89
[INFO] [1789412791.568299585] [acados_nmpc_node]: [attach-window] t=65.10s pos_err=0.090m T=21.97N z=5.491 m_est=2.195
[INFO] [1789412791.622221711] [acados_nmpc_node]: [attach-window] t=65.15s pos_err=0.102m T=21.90N z=5.502 m_est=2.195
[INFO] [1789412791.668228518] [acados_nmpc_node]: [attach-window] t=65.20s pos_err=0.075m T=22.00N z=5.508 m_est=2.194
[INFO] [1789412791.721974150] [acados_nmpc_node]: [attach-window] t=65.25s pos_err=0.103m T=21.82N z=5.521 m_est=2.194
[INFO] [1789412791.722285005] [acados_nmpc_node]: [wcmd] raw=[-0.009,-0.049,+0.260] w=[-0.002,+0.033,+0.618] err=[-0.008,-0.082] scaled=[-0.024,-0.204] s=2.89
[INFO] [1789412791.768229355] [acados_nmpc_node]: [attach-window] t=65.30s pos_err=0.071m T=21.95N z=5.527 m_est=2.194
[INFO] [1789412791.824683208] [acados_nmpc_node]: [attach-window] t=65.36s pos_err=0.083m T=21.82N z=5.540 m_est=2.194
[INFO] [1789412791.869156264] [acados_nmpc_node]: [attach-window] t=65.40s pos_err=0.054m T=21.92N z=5.546 m_est=2.194
[INFO] [1789412791.924463419] [acados_nmpc_node]: [attach-window] t=65.46s pos_err=0.083m T=21.71N z=5.561 m_est=2.194
[INFO] [1789412791.924865123] [acados_nmpc_node]: [wcmd] raw=[+0.005,-0.056,+0.132] w=[-0.009,-0.053,+0.399] err=[+0.015,-0.003] scaled=[+0.033,-0.061] s=2.89
[INFO] [1789412791.968961915] [acados_nmpc_node]: [attach-window] t=65.50s pos_err=0.051m T=21.81N z=5.568 m_est=2.194
[INFO] [1789412792.023989237] [acados_nmpc_node]: [attach-window] t=65.56s pos_err=0.066m T=21.66N z=5.583 m_est=2.194
[INFO] [1789412792.024477801] [acados_nmpc_node]: t=65.6s | pos_err=0.066m | T=21.66N | tau=[r-0.102 p-0.015 y-0.096]Nm | res_stat=9.355e-07(peak 1.000e-06) sqp_iter=5 | solve=2.0ms
[INFO] [1789412792.024681873] [acados_nmpc_node]: [flight-diag] t=65.6s | om_scale=2.894(lo 2.892 hi 2.894) | tilt_max=10.15deg | w_max=[r0.055 p0.208 y1.036]rad/s | u_frac=[T0.704 r0.299 p0.323 y0.751] | u_sat=[T0.0 r0.0 p0.0 y0.0]% | mot_peak=0.893 mot_sat=0.0% | health=1 age=0.000s conf=0.000 | n=100
[INFO] [1789412792.068749958] [acados_nmpc_node]: [attach-window] t=65.60s pos_err=0.032m T=21.78N z=5.590 m_est=2.193
[INFO] [1789412792.124448080] [acados_nmpc_node]: [attach-window] t=65.66s pos_err=0.067m T=21.55N z=5.608 m_est=2.193
[INFO] [1789412792.124864106] [acados_nmpc_node]: [wcmd] raw=[+0.010,-0.101,+0.068] w=[+0.015,-0.019,+0.245] err=[-0.005,-0.082] scaled=[-0.000,-0.257] s=2.89
[INFO] [1789412792.168783529] [acados_nmpc_node]: [attach-window] t=65.70s pos_err=0.030m T=21.67N z=5.616 m_est=2.193
[INFO] [1789412792.223967225] [acados_nmpc_node]: [attach-window] t=65.76s pos_err=0.050m T=21.53N z=5.631 m_est=2.193
[INFO] [1789412792.269015105] [acados_nmpc_node]: [attach-window] t=65.80s pos_err=0.011m T=21.66N z=5.639 m_est=2.192
[INFO] [1789412792.323970684] [acados_nmpc_node]: [attach-window] t=65.86s pos_err=0.056m T=21.47N z=5.655 m_est=2.192
[INFO] [1789412792.324389256] [acados_nmpc_node]: [wcmd] raw=[+0.023,-0.110,+0.051] w=[+0.009,-0.074,+0.116] err=[+0.014,-0.036] scaled=[+0.049,-0.178] s=2.89
[INFO] [1789412792.368886823] [acados_nmpc_node]: [attach-window] t=65.90s pos_err=0.015m T=21.63N z=5.663 m_est=2.191
[INFO] [1789412792.424121246] [acados_nmpc_node]: [attach-window] t=65.96s pos_err=0.064m T=21.40N z=5.679 m_est=2.191
[INFO] [1789412792.468939482] [acados_nmpc_node]: [attach-window] t=66.00s pos_err=0.007m T=21.69N z=5.684 m_est=2.191
[INFO] [1789412792.524138836] [acados_nmpc_node]: [attach-window] t=66.06s pos_err=0.047m T=21.49N z=5.699 m_est=2.190
[INFO] [1789412792.524556591] [acados_nmpc_node]: [wcmd] raw=[+0.039,-0.122,+0.064] w=[+0.032,-0.140,+0.044] err=[+0.007,+0.018] scaled=[+0.053,-0.088] s=2.89
[INFO] [1789412792.568887959] [acados_nmpc_node]: [attach-window] t=66.10s pos_err=0.010m T=21.61N z=5.706 m_est=2.189
[INFO] [1789412792.625295447] [acados_nmpc_node]: [attach-window] t=66.16s pos_err=0.027m T=21.53N z=5.720 m_est=2.189
[INFO] [1789412792.669074382] [acados_nmpc_node]: [attach-window] t=66.20s pos_err=0.021m T=21.66N z=5.727 m_est=2.188
[INFO] [1789412792.721632157] [acados_nmpc_node]: [attach-window] t=66.25s pos_err=0.044m T=21.46N z=5.742 m_est=2.187
[INFO] [1789412792.721953187] [acados_nmpc_node]: [wcmd] raw=[+0.036,-0.144,+0.091] w=[+0.038,+0.034,+0.075] err=[-0.002,-0.179] scaled=[+0.031,-0.481] s=2.88
[INFO] [1789412792.768693054] [acados_nmpc_node]: [attach-window] t=66.30s pos_err=0.020m T=21.66N z=5.749 m_est=2.186
[INFO] [1789412792.824015777] [acados_nmpc_node]: [attach-window] t=66.36s pos_err=0.023m T=21.52N z=5.763 m_est=2.186
[INFO] [1789412792.868753763] [acados_nmpc_node]: [attach-window] t=66.40s pos_err=0.038m T=21.65N z=5.770 m_est=2.185
[INFO] [1789412792.923758217] [acados_nmpc_node]: [attach-window] t=66.46s pos_err=0.030m T=21.45N z=5.786 m_est=2.184
[INFO] [1789412792.924164486] [acados_nmpc_node]: [wcmd] raw=[+0.043,-0.093,+0.099] w=[+0.032,-0.148,+0.034] err=[+0.011,+0.054] scaled=[+0.062,+0.008] s=2.86
[INFO] [1789412792.968747478] [acados_nmpc_node]: [attach-window] t=66.50s pos_err=0.036m T=21.57N z=5.793 m_est=2.184
[INFO] [1789412793.024008964] [acados_nmpc_node]: [attach-window] t=66.56s pos_err=0.037m T=21.35N z=5.808 m_est=2.183
[INFO] [1789412793.069003233] [acados_nmpc_node]: [attach-window] t=66.60s pos_err=0.058m T=21.63N z=5.813 m_est=2.182
[INFO] [1789412793.124024787] [acados_nmpc_node]: [attach-window] t=66.66s pos_err=0.029m T=21.42N z=5.829 m_est=2.182
[INFO] [1789412793.124435779] [acados_nmpc_node]: [wcmd] raw=[+0.030,-0.132,+0.094] w=[+0.042,-0.106,+0.060] err=[-0.012,-0.025] scaled=[+0.008,-0.178] s=2.84
[INFO] [1789412793.168950539] [acados_nmpc_node]: [attach-window] t=66.70s pos_err=0.056m T=21.53N z=5.836 m_est=2.181
[INFO] [1789412793.224101841] [acados_nmpc_node]: [attach-window] t=66.76s pos_err=0.039m T=21.42N z=5.850 m_est=2.180
[INFO] [1789412793.268829471] [acados_nmpc_node]: [attach-window] t=66.80s pos_err=0.080m T=21.54N z=5.857 m_est=2.180
[INFO] [1789412793.324694751] [acados_nmpc_node]: [attach-window] t=66.86s pos_err=0.042m T=21.39N z=5.874 m_est=2.180
[INFO] [1789412793.325102435] [acados_nmpc_node]: [wcmd] raw=[+0.025,-0.102,+0.082] w=[+0.026,+0.022,+0.103] err=[-0.002,-0.125] scaled=[+0.021,-0.327] s=2.80
[INFO] [1789412793.368777327] [acados_nmpc_node]: [attach-window] t=66.90s pos_err=0.078m T=21.54N z=5.881 m_est=2.179
[INFO] [1789412793.424215518] [acados_nmpc_node]: [attach-window] t=66.96s pos_err=0.059m T=21.42N z=5.895 m_est=2.178
[INFO] [1789412793.468957764] [acados_nmpc_node]: [attach-window] t=67.00s pos_err=0.102m T=21.56N z=5.903 m_est=2.178
[INFO] [1789412793.523853271] [acados_nmpc_node]: [attach-window] t=67.06s pos_err=0.058m T=21.35N z=5.919 m_est=2.177
[INFO] [1789412793.524268111] [acados_nmpc_node]: [wcmd] raw=[+0.035,-0.145,+0.041] w=[+0.030,-0.185,+0.043] err=[+0.005,+0.040] scaled=[+0.044,-0.073] s=2.78
[INFO] [1789412793.568779894] [acados_nmpc_node]: [attach-window] t=67.10s pos_err=0.100m T=21.44N z=5.927 m_est=2.177
[INFO] [1789412793.624089310] [acados_nmpc_node]: [attach-window] t=67.16s pos_err=0.058m T=21.23N z=5.944 m_est=2.176
[INFO] [1789412793.668785307] [acados_nmpc_node]: [attach-window] t=67.20s pos_err=0.096m T=21.37N z=5.951 m_est=2.176
[INFO] [1789412793.724126361] [acados_nmpc_node]: [attach-window] t=67.26s pos_err=0.075m T=21.27N z=5.967 m_est=2.175
[INFO] [1789412793.724536180] [acados_nmpc_node]: [wcmd] raw=[+0.039,-0.120,+0.009] w=[+0.048,-0.097,+0.055] err=[-0.008,-0.024] scaled=[+0.024,-0.161] s=2.75
[INFO] [1789412793.768760449] [acados_nmpc_node]: [attach-window] t=67.30s pos_err=0.117m T=21.39N z=5.975 m_est=2.175
[INFO] [1789412793.823995929] [acados_nmpc_node]: [attach-window] t=67.36s pos_err=0.070m T=21.27N z=5.991 m_est=2.175
[INFO] [1789412793.868881323] [acados_nmpc_node]: [attach-window] t=67.40s pos_err=0.109m T=21.39N z=5.998 m_est=2.175
[INFO] [1789412793.923849611] [acados_nmpc_node]: [attach-window] t=67.46s pos_err=0.084m T=21.32N z=6.013 m_est=2.174
[INFO] [1789412793.924263408] [acados_nmpc_node]: [wcmd] raw=[+0.051,-0.111,-0.026] w=[+0.054,-0.041,+0.044] err=[-0.002,-0.069] scaled=[+0.047,-0.230] s=2.72
[INFO] [1789412793.968801508] [acados_nmpc_node]: [attach-window] t=67.50s pos_err=0.128m T=21.45N z=6.020 m_est=2.174
[INFO] [1789412794.024269968] [acados_nmpc_node]: [attach-window] t=67.56s pos_err=0.101m T=21.42N z=6.034 m_est=2.174
[INFO] [1789412794.068770214] [acados_nmpc_node]: [attach-window] t=67.60s pos_err=0.147m T=21.51N z=6.040 m_est=2.174
[INFO] [1789412794.124148840] [acados_nmpc_node]: [attach-window] t=67.66s pos_err=0.093m T=21.40N z=6.056 m_est=2.174
[INFO] [1789412794.124548437] [acados_nmpc_node]: [wcmd] raw=[+0.034,-0.134,-0.065] w=[+0.064,-0.057,+0.004] err=[-0.029,-0.077] scaled=[-0.016,-0.264] s=2.69
[INFO] [1789412794.168855355] [acados_nmpc_node]: [attach-window] t=67.70s pos_err=0.137m T=21.51N z=6.062 m_est=2.173
[INFO] [1789412794.224494215] [acados_nmpc_node]: [attach-window] t=67.76s pos_err=0.111m T=21.42N z=6.076 m_est=2.173
[INFO] [1789412794.269028425] [acados_nmpc_node]: [attach-window] t=67.80s pos_err=0.156m T=21.52N z=6.083 m_est=2.173
[INFO] [1789412794.321931016] [acados_nmpc_node]: [attach-window] t=67.85s pos_err=0.097m T=21.39N z=6.098 m_est=2.173
[INFO] [1789412794.322248070] [acados_nmpc_node]: [wcmd] raw=[+0.024,-0.177,-0.101] w=[+0.035,-0.154,-0.067] err=[-0.011,-0.022] scaled=[+0.007,-0.214] s=2.68
[INFO] [1789412794.368840049] [acados_nmpc_node]: [attach-window] t=67.90s pos_err=0.146m T=21.49N z=6.105 m_est=2.173
[INFO] [1789412794.424211563] [acados_nmpc_node]: [attach-window] t=67.96s pos_err=0.094m T=21.36N z=6.120 m_est=2.173
[INFO] [1789412794.468854242] [acados_nmpc_node]: [attach-window] t=68.00s pos_err=0.137m T=21.45N z=6.127 m_est=2.173
[INFO] [1789412794.524547711] [acados_nmpc_node]: [attach-window] t=68.06s pos_err=0.112m T=21.42N z=6.140 m_est=2.173
[INFO] [1789412794.524959064] [acados_nmpc_node]: [wcmd] raw=[+0.041,-0.092,-0.122] w=[+0.042,-0.126,-0.090] err=[-0.001,+0.034] scaled=[+0.039,-0.036] s=2.67
[INFO] [1789412794.568821334] [acados_nmpc_node]: [attach-window] t=68.10s pos_err=0.155m T=21.49N z=6.147 m_est=2.173
[INFO] [1789412794.624428560] [acados_nmpc_node]: [attach-window] t=68.16s pos_err=0.130m T=21.50N z=6.160 m_est=2.173
[INFO] [1789412794.668940628] [acados_nmpc_node]: [attach-window] t=68.20s pos_err=0.146m T=21.53N z=6.168 m_est=2.173
[INFO] [1789412794.724478948] [acados_nmpc_node]: [attach-window] t=68.26s pos_err=0.122m T=21.52N z=6.181 m_est=2.173
[INFO] [1789412794.724884003] [acados_nmpc_node]: [wcmd] raw=[+0.033,-0.100,-0.145] w=[+0.059,+0.022,-0.079] err=[-0.027,-0.123] scaled=[-0.011,-0.304] s=2.66
[INFO] [1789412794.768837083] [acados_nmpc_node]: [attach-window] t=68.30s pos_err=0.165m T=21.61N z=6.187 m_est=2.173
[INFO] [1789412794.824766648] [acados_nmpc_node]: [attach-window] t=68.36s pos_err=0.141m T=21.60N z=6.200 m_est=2.173
[INFO] [1789412794.868856227] [acados_nmpc_node]: [attach-window] t=68.40s pos_err=0.156m T=21.61N z=6.208 m_est=2.173
[INFO] [1789412794.924263405] [acados_nmpc_node]: [attach-window] t=68.46s pos_err=0.132m T=21.60N z=6.220 m_est=2.173
[INFO] [1789412794.924667953] [acados_nmpc_node]: [wcmd] raw=[+0.030,-0.095,-0.180] w=[+0.043,-0.095,-0.147] err=[-0.014,-0.000] scaled=[+0.007,-0.095] s=2.66
[INFO] [1789412794.969156425] [acados_nmpc_node]: [attach-window] t=68.50s pos_err=0.174m T=21.68N z=6.226 m_est=2.173
[INFO] [1789412795.024368357] [acados_nmpc_node]: [attach-window] t=68.56s pos_err=0.125m T=21.63N z=6.239 m_est=2.174
[INFO] [1789412795.069257680] [acados_nmpc_node]: [attach-window] t=68.60s pos_err=0.190m T=21.72N z=6.244 m_est=2.174
[INFO] [1789412795.124136090] [acados_nmpc_node]: [attach-window] t=68.66s pos_err=0.139m T=21.65N z=6.257 m_est=2.174
[INFO] [1789412795.124542361] [acados_nmpc_node]: [wcmd] raw=[+0.031,-0.102,-0.215] w=[+0.044,-0.085,-0.175] err=[-0.013,-0.017] scaled=[+0.010,-0.129] s=2.65
[INFO] [1789412795.168368090] [acados_nmpc_node]: [attach-window] t=68.70s pos_err=0.179m T=21.68N z=6.263 m_est=2.175
[INFO] [1789412795.221989115] [acados_nmpc_node]: [attach-window] t=68.75s pos_err=0.127m T=21.60N z=6.276 m_est=2.175
[INFO] [1789412795.269494369] [acados_nmpc_node]: [attach-window] t=68.80s pos_err=0.193m T=21.69N z=6.281 m_est=2.176
[INFO] [1789412795.324879649] [acados_nmpc_node]: [attach-window] t=68.86s pos_err=0.146m T=21.63N z=6.295 m_est=2.176
[INFO] [1789412795.325315052] [acados_nmpc_node]: [wcmd] raw=[+0.023,-0.099,-0.264] w=[+0.041,-0.117,-0.217] err=[-0.018,+0.018] scaled=[-0.007,-0.069] s=2.65
[INFO] [1789412795.369260899] [acados_nmpc_node]: [attach-window] t=68.90s pos_err=0.182m T=21.65N z=6.301 m_est=2.177
[INFO] [1789412795.425051091] [acados_nmpc_node]: [attach-window] t=68.96s pos_err=0.159m T=21.63N z=6.314 m_est=2.177
[INFO] [1789412795.469468365] [acados_nmpc_node]: [attach-window] t=69.00s pos_err=0.171m T=21.65N z=6.322 m_est=2.178
[INFO] [1789412795.525136035] [acados_nmpc_node]: [attach-window] t=69.06s pos_err=0.150m T=21.65N z=6.334 m_est=2.179
[INFO] [1789412795.525582717] [acados_nmpc_node]: [wcmd] raw=[+0.016,-0.100,-0.319] w=[+0.043,-0.020,-0.232] err=[-0.027,-0.081] scaled=[-0.028,-0.233] s=2.65
[INFO] [1789412795.569276489] [acados_nmpc_node]: [attach-window] t=69.10s pos_err=0.183m T=21.72N z=6.340 m_est=2.180
[INFO] [1789412795.625121744] [acados_nmpc_node]: [attach-window] t=69.16s pos_err=0.142m T=21.70N z=6.354 m_est=2.180
[INFO] [1789412795.669226304] [acados_nmpc_node]: [attach-window] t=69.20s pos_err=0.193m T=21.77N z=6.358 m_est=2.181
[INFO] [1789412795.725112378] [acados_nmpc_node]: [attach-window] t=69.26s pos_err=0.153m T=21.77N z=6.371 m_est=2.182
[INFO] [1789412795.725558657] [acados_nmpc_node]: [wcmd] raw=[+0.038,-0.052,-0.397] w=[+0.037,-0.098,-0.304] err=[+0.001,+0.046] scaled=[+0.040,+0.025] s=2.65
[INFO] [1789412795.769221461] [acados_nmpc_node]: [attach-window] t=69.30s pos_err=0.182m T=21.79N z=6.376 m_est=2.183
[INFO] [1789412795.824918745] [acados_nmpc_node]: [attach-window] t=69.36s pos_err=0.161m T=21.78N z=6.387 m_est=2.183
[INFO] [1789412795.869360665] [acados_nmpc_node]: [attach-window] t=69.40s pos_err=0.189m T=21.83N z=6.393 m_est=2.184
[INFO] [1789412795.925009144] [acados_nmpc_node]: [attach-window] t=69.46s pos_err=0.151m T=21.79N z=6.406 m_est=2.185
[INFO] [1789412795.925428520] [acados_nmpc_node]: [wcmd] raw=[+0.037,-0.086,-0.492] w=[+0.070,-0.005,-0.345] err=[-0.033,-0.081] scaled=[-0.019,-0.221] s=2.68
[INFO] [1789412795.969169272] [acados_nmpc_node]: [attach-window] t=69.50s pos_err=0.177m T=21.84N z=6.411 m_est=2.186
[INFO] [1789412796.024768271] [acados_nmpc_node]: [attach-window] t=69.56s pos_err=0.140m T=21.78N z=6.424 m_est=2.186
[INFO] [1789412796.069289680] [acados_nmpc_node]: [attach-window] t=69.60s pos_err=0.183m T=21.85N z=6.428 m_est=2.187
[INFO] [1789412796.124814235] [acados_nmpc_node]: [attach-window] t=69.66s pos_err=0.147m T=21.81N z=6.441 m_est=2.187
[INFO] [1789412796.125235340] [acados_nmpc_node]: [wcmd] raw=[+0.012,-0.050,-0.606] w=[+0.047,-0.108,-0.462] err=[-0.035,+0.058] scaled=[-0.048,+0.049] s=2.70
[INFO] [1789412796.169282601] [acados_nmpc_node]: [attach-window] t=69.70s pos_err=0.171m T=21.83N z=6.447 m_est=2.188
[INFO] [1789412796.224920280] [acados_nmpc_node]: [attach-window] t=69.76s pos_err=0.137m T=21.77N z=6.460 m_est=2.189
[INFO] [1789412796.269415050] [acados_nmpc_node]: [attach-window] t=69.80s pos_err=0.159m T=21.81N z=6.465 m_est=2.189
[INFO] [1789412796.325373590] [acados_nmpc_node]: [attach-window] t=69.86s pos_err=0.141m T=21.77N z=6.477 m_est=2.190
[INFO] [1789412796.325823688] [acados_nmpc_node]: [wcmd] raw=[+0.003,-0.062,-0.728] w=[+0.024,-0.014,-0.541] err=[-0.021,-0.048] scaled=[-0.033,-0.145] s=2.73
[INFO] [1789412796.369174985] [acados_nmpc_node]: [attach-window] t=69.90s pos_err=0.162m T=21.81N z=6.483 m_est=2.190
[INFO] [1789412796.424791868] [acados_nmpc_node]: [attach-window] t=69.96s pos_err=0.145m T=21.79N z=6.494 m_est=2.191
[INFO] [1789412796.469326358] [acados_nmpc_node]: [attach-window] t=70.00s pos_err=0.165m T=21.82N z=6.499 m_est=2.191
[INFO] [1789412796.524650492] [acados_nmpc_node]: [attach-window] t=70.06s pos_err=0.135m T=21.76N z=6.512 m_est=2.192
[INFO] [1789412796.525073003] [acados_nmpc_node]: [wcmd] raw=[+0.005,-0.034,-0.851] w=[+0.043,-0.003,-0.650] err=[-0.038,-0.031] scaled=[-0.061,-0.088] s=2.76
[INFO] [1789412796.569200617] [acados_nmpc_node]: [attach-window] t=70.10s pos_err=0.153m T=21.80N z=6.518 m_est=2.192
[INFO] [1789412796.624602044] [acados_nmpc_node]: [attach-window] t=70.16s pos_err=0.136m T=21.74N z=6.529 m_est=2.192
[INFO] [1789412796.669048540] [acados_nmpc_node]: [attach-window] t=70.20s pos_err=0.154m T=21.80N z=6.534 m_est=2.193
[INFO] [1789412796.724700000] [acados_nmpc_node]: [attach-window] t=70.26s pos_err=0.126m T=21.73N z=6.546 m_est=2.193
[INFO] [1789412796.725107140] [acados_nmpc_node]: [wcmd] raw=[-0.019,-0.072,-0.966] w=[+0.017,-0.072,-0.803] err=[-0.036,+0.000] scaled=[-0.083,-0.071] s=2.78
[INFO] [1789412796.768964519] [acados_nmpc_node]: [attach-window] t=70.30s pos_err=0.142m T=21.78N z=6.551 m_est=2.193
[INFO] [1789412796.825061514] [acados_nmpc_node]: [attach-window] t=70.36s pos_err=0.117m T=21.71N z=6.563 m_est=2.194
[INFO] [1789412796.869101228] [acados_nmpc_node]: [attach-window] t=70.40s pos_err=0.131m T=21.77N z=6.567 m_est=2.194
[INFO] [1789412796.925368208] [acados_nmpc_node]: [attach-window] t=70.46s pos_err=0.118m T=21.75N z=6.577 m_est=2.194
[INFO] [1789412796.925831489] [acados_nmpc_node]: [wcmd] raw=[-0.013,-0.038,-1.019] w=[+0.002,-0.034,-0.911] err=[-0.015,-0.003] scaled=[-0.040,-0.043] s=2.80
[INFO] [1789412796.969075505] [acados_nmpc_node]: [attach-window] t=70.50s pos_err=0.130m T=21.81N z=6.582 m_est=2.194
[INFO] [1789412797.024789735] [acados_nmpc_node]: [attach-window] t=70.56s pos_err=0.117m T=21.79N z=6.591 m_est=2.194
[INFO] [1789412797.025295366] [acados_nmpc_node]: t=70.6s | pos_err=0.117m | T=21.79N | tau=[r-0.165 p0.056 y-0.025]Nm | res_stat=4.285e-07(peak 1.000e-06) sqp_iter=5 | solve=2.1ms
[INFO] [1789412797.025506531] [acados_nmpc_node]: [flight-diag] t=70.6s | om_scale=2.810(lo 2.648 hi 2.894) | tilt_max=10.06deg | w_max=[r0.075 p0.185 y0.959]rad/s | u_frac=[T0.697 r0.430 p0.355 y0.454] | u_sat=[T0.0 r0.0 p0.0 y0.0]% | mot_peak=0.880 mot_sat=0.0% | health=1 age=0.000s conf=0.000 | n=100
[INFO] [1789412797.068485351] [acados_nmpc_node]: [attach-window] t=70.60s pos_err=0.120m T=21.81N z=6.597 m_est=2.195
[INFO] [1789412797.125180274] [acados_nmpc_node]: [attach-window] t=70.66s pos_err=0.109m T=21.77N z=6.606 m_est=2.195
[INFO] [1789412797.125631088] [acados_nmpc_node]: [wcmd] raw=[-0.002,-0.040,-0.997] w=[+0.023,+0.026,-0.983] err=[-0.025,-0.066] scaled=[-0.048,-0.161] s=2.83
[INFO] [1789412797.169060468] [acados_nmpc_node]: [attach-window] t=70.70s pos_err=0.119m T=21.84N z=6.611 m_est=2.195
[INFO] [1789412797.225094041] [acados_nmpc_node]: [attach-window] t=70.76s pos_err=0.107m T=21.80N z=6.620 m_est=2.195
[INFO] [1789412797.269058237] [acados_nmpc_node]: [attach-window] t=70.80s pos_err=0.109m T=21.80N z=6.626 m_est=2.195
[INFO] [1789412797.324714821] [acados_nmpc_node]: [attach-window] t=70.86s pos_err=0.097m T=21.75N z=6.635 m_est=2.195
[INFO] [1789412797.325157814] [acados_nmpc_node]: [wcmd] raw=[-0.003,-0.047,-0.896] w=[+0.013,-0.027,-1.035] err=[-0.016,-0.020] scaled=[-0.032,-0.085] s=2.85
[INFO] [1789412797.368945562] [acados_nmpc_node]: [attach-window] t=70.90s pos_err=0.108m T=21.83N z=6.640 m_est=2.195
[INFO] [1789412797.424685801] [acados_nmpc_node]: [attach-window] t=70.96s pos_err=0.088m T=21.72N z=6.650 m_est=2.196
[INFO] [1789412797.469101643] [acados_nmpc_node]: [attach-window] t=71.00s pos_err=0.098m T=21.78N z=6.655 m_est=2.196
[INFO] [1789412797.524696221] [acados_nmpc_node]: [attach-window] t=71.06s pos_err=0.086m T=21.70N z=6.664 m_est=2.196
[INFO] [1789412797.525119778] [acados_nmpc_node]: [wcmd] raw=[+0.012,-0.050,-0.729] w=[+0.007,-0.022,-0.997] err=[+0.005,-0.028] scaled=[+0.023,-0.102] s=2.87
[INFO] [1789412797.569095721] [acados_nmpc_node]: [attach-window] t=71.10s pos_err=0.098m T=21.76N z=6.669 m_est=2.196
[INFO] [1789412797.625893081] [acados_nmpc_node]: [attach-window] t=71.16s pos_err=0.086m T=21.70N z=6.678 m_est=2.196
[INFO] [1789412797.669393573] [acados_nmpc_node]: [attach-window] t=71.20s pos_err=0.099m T=21.75N z=6.683 m_est=2.196
[INFO] [1789412797.724976874] [acados_nmpc_node]: [attach-window] t=71.26s pos_err=0.076m T=21.63N z=6.692 m_est=2.196
[INFO] [1789412797.725423419] [acados_nmpc_node]: [wcmd] raw=[+0.015,-0.078,-0.534] w=[+0.028,+0.035,-0.864] err=[-0.013,-0.113] scaled=[-0.011,-0.290] s=2.88
[INFO] [1789412797.769295728] [acados_nmpc_node]: [attach-window] t=71.30s pos_err=0.090m T=21.71N z=6.697 m_est=2.196
[INFO] [1789412797.825338637] [acados_nmpc_node]: [attach-window] t=71.36s pos_err=0.076m T=21.60N z=6.705 m_est=2.196
[INFO] [1789412797.869400355] [acados_nmpc_node]: [attach-window] t=71.40s pos_err=0.094m T=21.67N z=6.709 m_est=2.196
[INFO] [1789412797.925199772] [acados_nmpc_node]: [attach-window] t=71.46s pos_err=0.066m T=21.52N z=6.718 m_est=2.196
[INFO] [1789412797.925666132] [acados_nmpc_node]: [wcmd] raw=[+0.005,-0.114,-0.365] w=[+0.014,-0.135,-0.753] err=[-0.009,+0.020] scaled=[-0.013,-0.076] s=2.88
[INFO] [1789412797.969410710] [acados_nmpc_node]: [attach-window] t=71.50s pos_err=0.085m T=21.57N z=6.722 m_est=2.196
[INFO] [1789412798.025096121] [acados_nmpc_node]: [attach-window] t=71.56s pos_err=0.069m T=21.50N z=6.729 m_est=2.196
[INFO] [1789412798.069244576] [acados_nmpc_node]: [attach-window] t=71.60s pos_err=0.090m T=21.58N z=6.732 m_est=2.196
[INFO] [1789412798.124950014] [acados_nmpc_node]: [attach-window] t=71.66s pos_err=0.059m T=21.48N z=6.739 m_est=2.196
[INFO] [1789412798.125374278] [acados_nmpc_node]: [wcmd] raw=[+0.021,-0.127,-0.227] w=[+0.012,-0.045,-0.536] err=[+0.009,-0.083] scaled=[+0.038,-0.283] s=2.89
[INFO] [1789412798.169067098] [acados_nmpc_node]: [attach-window] t=71.70s pos_err=0.081m T=21.57N z=6.742 m_est=2.196
[INFO] [1789412798.224606894] [acados_nmpc_node]: [attach-window] t=71.76s pos_err=0.048m T=21.43N z=6.749 m_est=2.196
[INFO] [1789412798.269206167] [acados_nmpc_node]: [attach-window] t=71.80s pos_err=0.089m T=21.57N z=6.751 m_est=2.196
[INFO] [1789412798.324776510] [acados_nmpc_node]: [attach-window] t=71.86s pos_err=0.054m T=21.48N z=6.756 m_est=2.196
[INFO] [1789412798.325224513] [acados_nmpc_node]: [wcmd] raw=[+0.001,-0.098,-0.157] w=[+0.024,-0.157,-0.394] err=[-0.023,+0.059] scaled=[-0.043,+0.014] s=2.89
[INFO] [1789412798.369017225] [acados_nmpc_node]: [attach-window] t=71.90s pos_err=0.081m T=21.52N z=6.759 m_est=2.195
[INFO] [1789412798.421781873] [acados_nmpc_node]: [attach-window] t=71.95s pos_err=0.059m T=21.47N z=6.763 m_est=2.195
[INFO] [1789412798.468938565] [acados_nmpc_node]: [attach-window] t=72.00s pos_err=0.092m T=21.57N z=6.764 m_est=2.195
[INFO] [1789412798.524758965] [acados_nmpc_node]: [attach-window] t=72.06s pos_err=0.056m T=21.50N z=6.768 m_est=2.195
[INFO] [1789412798.525203956] [acados_nmpc_node]: [wcmd] raw=[-0.017,-0.118,-0.138] w=[-0.008,-0.025,-0.229] err=[-0.009,-0.093] scaled=[-0.035,-0.294] s=2.89
[INFO] [1789412798.568943222] [acados_nmpc_node]: [attach-window] t=72.10s pos_err=0.087m T=21.58N z=6.770 m_est=2.194
[INFO] [1789412798.624387734] [acados_nmpc_node]: [attach-window] t=72.16s pos_err=0.069m T=21.52N z=6.773 m_est=2.194
[INFO] [1789412798.668974835] [acados_nmpc_node]: [attach-window] t=72.20s pos_err=0.101m T=21.58N z=6.774 m_est=2.194
[INFO] [1789412798.724264043] [acados_nmpc_node]: [attach-window] t=72.26s pos_err=0.063m T=21.50N z=6.778 m_est=2.194
[INFO] [1789412798.724691919] [acados_nmpc_node]: [wcmd] raw=[-0.030,-0.104,-0.167] w=[-0.011,-0.113,-0.179] err=[-0.019,+0.008] scaled=[-0.066,-0.088] s=2.90
[INFO] [1789412798.768835074] [acados_nmpc_node]: [attach-window] t=72.30s pos_err=0.096m T=21.55N z=6.779 m_est=2.193
[INFO] [1789412798.824028755] [acados_nmpc_node]: [attach-window] t=72.36s pos_err=0.057m T=21.43N z=6.782 m_est=2.193
[INFO] [1789412798.868813068] [acados_nmpc_node]: [attach-window] t=72.40s pos_err=0.090m T=21.51N z=6.783 m_est=2.193
[INFO] [1789412798.924349851] [acados_nmpc_node]: [attach-window] t=72.46s pos_err=0.071m T=21.44N z=6.785 m_est=2.193
[INFO] [1789412798.924759179] [acados_nmpc_node]: [wcmd] raw=[-0.020,-0.112,-0.215] w=[-0.026,-0.139,-0.167] err=[+0.006,+0.027] scaled=[-0.009,-0.061] s=2.90
[INFO] [1789412798.968986475] [acados_nmpc_node]: [attach-window] t=72.50s pos_err=0.104m T=21.48N z=6.786 m_est=2.193
[INFO] [1789412799.024856220] [acados_nmpc_node]: [attach-window] t=72.56s pos_err=0.064m T=21.42N z=6.788 m_est=2.192
[INFO] [1789412799.069064553] [acados_nmpc_node]: [attach-window] t=72.60s pos_err=0.118m T=21.48N z=6.789 m_est=2.192
[INFO] [1789412799.124471331] [acados_nmpc_node]: [attach-window] t=72.66s pos_err=0.075m T=21.41N z=6.790 m_est=2.192
[INFO] [1789412799.124914816] [acados_nmpc_node]: [wcmd] raw=[-0.008,-0.104,-0.258] w=[+0.007,-0.006,-0.144] err=[-0.015,-0.098] scaled=[-0.037,-0.289] s=2.90
[INFO] [1789412799.168897458] [acados_nmpc_node]: [attach-window] t=72.70s pos_err=0.109m T=21.45N z=6.791 m_est=2.192
[INFO] [1789412799.224387862] [acados_nmpc_node]: [attach-window] t=72.76s pos_err=0.087m T=21.39N z=6.792 m_est=2.192
[INFO] [1789412799.268915352] [acados_nmpc_node]: [attach-window] t=72.80s pos_err=0.122m T=21.43N z=6.793 m_est=2.191
[INFO] [1789412799.324621709] [acados_nmpc_node]: [attach-window] t=72.86s pos_err=0.080m T=21.38N z=6.794 m_est=2.191
[INFO] [1789412799.325046351] [acados_nmpc_node]: [wcmd] raw=[-0.011,-0.139,-0.308] w=[+0.004,-0.155,-0.228] err=[-0.015,+0.017] scaled=[-0.041,-0.107] s=2.90
[INFO] [1789412799.368961299] [acados_nmpc_node]: [attach-window] t=72.90s pos_err=0.113m T=21.41N z=6.794 m_est=2.191
[INFO] [1789412799.424512460] [acados_nmpc_node]: [attach-window] t=72.96s pos_err=0.071m T=21.35N z=6.794 m_est=2.191
[INFO] [1789412799.469032512] [acados_nmpc_node]: [attach-window] t=73.00s pos_err=0.126m T=21.42N z=6.794 m_est=2.191
[INFO] [1789412799.524460225] [acados_nmpc_node]: [attach-window] t=73.06s pos_err=0.083m T=21.39N z=6.793 m_est=2.191
[INFO] [1789412799.524866324] [acados_nmpc_node]: [wcmd] raw=[-0.008,-0.128,-0.332] w=[-0.002,-0.142,-0.268] err=[-0.006,+0.015] scaled=[-0.018,-0.100] s=2.90
[INFO] [1789412799.568822392] [acados_nmpc_node]: [attach-window] t=73.10s pos_err=0.117m T=21.41N z=6.793 m_est=2.190
[INFO] [1789412799.624431000] [acados_nmpc_node]: [attach-window] t=73.16s pos_err=0.096m T=21.42N z=6.792 m_est=2.190
[INFO] [1789412799.668946767] [acados_nmpc_node]: [attach-window] t=73.20s pos_err=0.130m T=21.45N z=6.791 m_est=2.190
[INFO] [1789412799.724374897] [acados_nmpc_node]: [attach-window] t=73.26s pos_err=0.088m T=21.45N z=6.789 m_est=2.190
[INFO] [1789412799.724792937] [acados_nmpc_node]: [wcmd] raw=[-0.001,-0.126,-0.344] w=[+0.019,-0.048,-0.279] err=[-0.020,-0.078] scaled=[-0.038,-0.274] s=2.90
[INFO] [1789412799.769065189] [acados_nmpc_node]: [attach-window] t=73.30s pos_err=0.122m T=21.49N z=6.788 m_est=2.190
[INFO] [1789412799.824475490] [acados_nmpc_node]: [attach-window] t=73.36s pos_err=0.081m T=21.44N z=6.786 m_est=2.189
[INFO] [1789412799.869094351] [acados_nmpc_node]: [attach-window] t=73.40s pos_err=0.114m T=21.47N z=6.785 m_est=2.189
[INFO] [1789412799.924537340] [acados_nmpc_node]: [attach-window] t=73.46s pos_err=0.094m T=21.47N z=6.783 m_est=2.189
[INFO] [1789412799.924955955] [acados_nmpc_node]: [wcmd] raw=[-0.001,-0.094,-0.360] w=[+0.004,-0.198,-0.351] err=[-0.005,+0.105] scaled=[-0.010,+0.105] s=2.90
[INFO] [1789412799.969011595] [acados_nmpc_node]: [attach-window] t=73.50s pos_err=0.127m T=21.46N z=6.782 m_est=2.189
[INFO] [1789412800.024461135] [acados_nmpc_node]: [attach-window] t=73.56s pos_err=0.107m T=21.48N z=6.779 m_est=2.189
[INFO] [1789412800.068952759] [acados_nmpc_node]: [attach-window] t=73.60s pos_err=0.139m T=21.49N z=6.778 m_est=2.189
[INFO] [1789412800.124615855] [acados_nmpc_node]: [attach-window] t=73.66s pos_err=0.099m T=21.52N z=6.773 m_est=2.189
[INFO] [1789412800.125036751] [acados_nmpc_node]: [wcmd] raw=[+0.018,-0.126,-0.370] w=[+0.031,+0.062,-0.298] err=[-0.013,-0.188] scaled=[-0.006,-0.483] s=2.90
[INFO] [1789412800.169013452] [acados_nmpc_node]: [attach-window] t=73.70s pos_err=0.130m T=21.55N z=6.772 m_est=2.189
[INFO] [1789412800.224385876] [acados_nmpc_node]: [attach-window] t=73.76s pos_err=0.109m T=21.53N z=6.768 m_est=2.189
[INFO] [1789412800.269281448] [acados_nmpc_node]: [attach-window] t=73.80s pos_err=0.140m T=21.52N z=6.766 m_est=2.189
[INFO] [1789412800.324998154] [acados_nmpc_node]: [attach-window] t=73.86s pos_err=0.102m T=21.53N z=6.762 m_est=2.189
[INFO] [1789412800.325440616] [acados_nmpc_node]: [wcmd] raw=[+0.018,-0.097,-0.416] w=[+0.036,-0.231,-0.400] err=[-0.018,+0.134] scaled=[-0.017,+0.158] s=2.90
[INFO] [1789412800.368923167] [acados_nmpc_node]: [attach-window] t=73.90s pos_err=0.130m T=21.50N z=6.760 m_est=2.189
[INFO] [1789412800.424600306] [acados_nmpc_node]: [attach-window] t=73.96s pos_err=0.092m T=21.51N z=6.756 m_est=2.189
[INFO] [1789412800.468890361] [acados_nmpc_node]: [attach-window] t=74.00s pos_err=0.119m T=21.52N z=6.754 m_est=2.189
[INFO] [1789412800.524796821] [acados_nmpc_node]: [attach-window] t=74.06s pos_err=0.101m T=21.53N z=6.750 m_est=2.189
[INFO] [1789412800.525257623] [acados_nmpc_node]: [wcmd] raw=[+0.021,-0.131,-0.466] w=[+0.023,-0.074,-0.387] err=[-0.002,-0.057] scaled=[+0.018,-0.238] s=2.90
[INFO] [1789412800.568929223] [acados_nmpc_node]: [attach-window] t=74.10s pos_err=0.127m T=21.53N z=6.748 m_est=2.189
[INFO] [1789412800.624706071] [acados_nmpc_node]: [attach-window] t=74.16s pos_err=0.109m T=21.57N z=6.743 m_est=2.189
[INFO] [1789412800.669309915] [acados_nmpc_node]: [attach-window] t=74.20s pos_err=0.135m T=21.55N z=6.740 m_est=2.189
[INFO] [1789412800.724588130] [acados_nmpc_node]: [attach-window] t=74.26s pos_err=0.099m T=21.62N z=6.734 m_est=2.190
[INFO] [1789412800.725021541] [acados_nmpc_node]: [wcmd] raw=[+0.015,-0.078,-0.536] w=[+0.062,-0.009,-0.404] err=[-0.047,-0.069] scaled=[-0.073,-0.208] s=2.90
[INFO] [1789412800.769277328] [acados_nmpc_node]: [attach-window] t=74.30s pos_err=0.124m T=21.64N z=6.731 m_est=2.190
[INFO] [1789412800.824876980] [acados_nmpc_node]: [attach-window] t=74.36s pos_err=0.107m T=21.64N z=6.725 m_est=2.190
[INFO] [1789412800.869170448] [acados_nmpc_node]: [attach-window] t=74.40s pos_err=0.130m T=21.65N z=6.722 m_est=2.190
[INFO] [1789412800.924602971] [acados_nmpc_node]: [attach-window] t=74.46s pos_err=0.098m T=21.69N z=6.714 m_est=2.190
[INFO] [1789412800.925018942] [acados_nmpc_node]: [wcmd] raw=[-0.013,-0.107,-0.648] w=[+0.015,-0.163,-0.518] err=[-0.029,+0.056] scaled=[-0.068,-0.001] s=2.90
[INFO] [1789412800.969143881] [acados_nmpc_node]: [attach-window] t=74.50s pos_err=0.121m T=21.67N z=6.711 m_est=2.191
[INFO] [1789412801.024456548] [acados_nmpc_node]: [attach-window] t=74.56s pos_err=0.092m T=21.71N z=6.703 m_est=2.191
[INFO] [1789412801.069258800] [acados_nmpc_node]: [attach-window] t=74.60s pos_err=0.128m T=21.69N z=6.701 m_est=2.191
[INFO] [1789412801.124646900] [acados_nmpc_node]: [attach-window] t=74.66s pos_err=0.100m T=21.71N z=6.693 m_est=2.191
[INFO] [1789412801.125068180] [acados_nmpc_node]: [wcmd] raw=[-0.009,-0.080,-0.760] w=[+0.004,-0.044,-0.573] err=[-0.013,-0.036] scaled=[-0.034,-0.147] s=2.90
[INFO] [1789412801.169111573] [acados_nmpc_node]: [attach-window] t=74.70s pos_err=0.120m T=21.70N z=6.689 m_est=2.192
[INFO] [1789412801.224996790] [acados_nmpc_node]: [attach-window] t=74.76s pos_err=0.106m T=21.71N z=6.682 m_est=2.192
[INFO] [1789412801.269221920] [acados_nmpc_node]: [attach-window] t=74.80s pos_err=0.125m T=21.69N z=6.678 m_est=2.193
[INFO] [1789412801.324434336] [acados_nmpc_node]: [attach-window] t=74.86s pos_err=0.101m T=21.72N z=6.670 m_est=2.193
[INFO] [1789412801.324855336] [acados_nmpc_node]: [wcmd] raw=[+0.005,-0.069,-0.885] w=[+0.038,-0.052,-0.676] err=[-0.034,-0.017] scaled=[-0.059,-0.101] s=2.90
[INFO] [1789412801.369239988] [acados_nmpc_node]: [attach-window] t=74.90s pos_err=0.117m T=21.71N z=6.667 m_est=2.193
[INFO] [1789412801.425035616] [acados_nmpc_node]: [attach-window] t=74.96s pos_err=0.105m T=21.70N z=6.659 m_est=2.194
[INFO] [1789412801.469357529] [acados_nmpc_node]: [attach-window] t=75.00s pos_err=0.121m T=21.69N z=6.655 m_est=2.194
[INFO] [1789412801.524605891] [acados_nmpc_node]: [attach-window] t=75.06s pos_err=0.100m T=21.72N z=6.647 m_est=2.195
[INFO] [1789412801.525021587] [acados_nmpc_node]: [wcmd] raw=[-0.005,-0.077,-0.995] w=[+0.031,-0.067,-0.804] err=[-0.037,-0.010] scaled=[-0.076,-0.096] s=2.90
[INFO] [1789412801.568957847] [acados_nmpc_node]: [attach-window] t=75.10s pos_err=0.112m T=21.71N z=6.643 m_est=2.195
[INFO] [1789412801.622400389] [acados_nmpc_node]: [attach-window] t=75.15s pos_err=0.101m T=21.71N z=6.635 m_est=2.195
[INFO] [1789412801.668935858] [acados_nmpc_node]: [attach-window] t=75.20s pos_err=0.113m T=21.70N z=6.631 m_est=2.196
[INFO] [1789412801.724216415] [acados_nmpc_node]: [attach-window] t=75.26s pos_err=0.097m T=21.71N z=6.622 m_est=2.196
[INFO] [1789412801.724642641] [acados_nmpc_node]: [wcmd] raw=[-0.000,-0.069,-1.050] w=[+0.027,-0.044,-0.923] err=[-0.027,-0.025] scaled=[-0.053,-0.116] s=2.90
[INFO] [1789412801.768820648] [acados_nmpc_node]: [attach-window] t=75.30s pos_err=0.105m T=21.71N z=6.618 m_est=2.197
[INFO] [1789412801.824251936] [acados_nmpc_node]: [attach-window] t=75.36s pos_err=0.097m T=21.69N z=6.610 m_est=2.197
[INFO] [1789412801.869141658] [acados_nmpc_node]: [attach-window] t=75.40s pos_err=0.104m T=21.69N z=6.606 m_est=2.197
[INFO] [1789412801.924195346] [acados_nmpc_node]: [attach-window] t=75.46s pos_err=0.093m T=21.68N z=6.598 m_est=2.198
[INFO] [1789412801.924600017] [acados_nmpc_node]: [wcmd] raw=[-0.002,-0.076,-1.028] w=[+0.032,-0.044,-1.016] err=[-0.034,-0.032] scaled=[-0.067,-0.137] s=2.90
[INFO] [1789412801.969000246] [acados_nmpc_node]: [attach-window] t=75.50s pos_err=0.096m T=21.68N z=6.594 m_est=2.198
[INFO] [1789412802.024576571] [acados_nmpc_node]: [attach-window] t=75.56s pos_err=0.091m T=21.66N z=6.585 m_est=2.198
[INFO] [1789412802.025062510] [acados_nmpc_node]: t=75.6s | pos_err=0.091m | T=21.66N | tau=[r-0.218 p-0.030 y0.027]Nm | res_stat=7.099e-07(peak 1.000e-06) sqp_iter=5 | solve=2.1ms
[INFO] [1789412802.025267790] [acados_nmpc_node]: [flight-diag] t=75.6s | om_scale=2.899(lo 2.820 hi 2.899) | tilt_max=9.98deg | w_max=[r0.071 p0.231 y1.041]rad/s | u_frac=[T0.697 r0.436 p0.341 y0.803] | u_sat=[T0.0 r0.0 p0.0 y0.0]% | mot_peak=0.893 mot_sat=0.0% | health=1 age=0.000s conf=0.000 | n=100
[INFO] [1789412802.068927435] [acados_nmpc_node]: [attach-window] t=75.60s pos_err=0.089m T=21.67N z=6.581 m_est=2.198
[INFO] [1789412802.124489294] [acados_nmpc_node]: [attach-window] t=75.66s pos_err=0.086m T=21.67N z=6.572 m_est=2.198
[INFO] [1789412802.124902787] [acados_nmpc_node]: [wcmd] raw=[+0.013,-0.058,-0.909] w=[+0.010,-0.071,-1.063] err=[+0.003,+0.013] scaled=[+0.018,-0.032] s=2.90
[INFO] [1789412802.168967237] [acados_nmpc_node]: [attach-window] t=75.70s pos_err=0.084m T=21.67N z=6.568 m_est=2.198
[INFO] [1789412802.224384716] [acados_nmpc_node]: [attach-window] t=75.76s pos_err=0.085m T=21.69N z=6.558 m_est=2.199
[INFO] [1789412802.269020560] [acados_nmpc_node]: [attach-window] t=75.80s pos_err=0.077m T=21.70N z=6.555 m_est=2.199
[INFO] [1789412802.324887111] [acados_nmpc_node]: [attach-window] t=75.86s pos_err=0.077m T=21.68N z=6.545 m_est=2.199
[INFO] [1789412802.325346156] [acados_nmpc_node]: [wcmd] raw=[+0.041,-0.042,-0.736] w=[+0.039,+0.034,-0.986] err=[+0.002,-0.076] scaled=[+0.045,-0.186] s=2.90
[INFO] [1789412802.369040390] [acados_nmpc_node]: [attach-window] t=75.90s pos_err=0.068m T=21.70N z=6.540 m_est=2.199
[INFO] [1789412802.424705006] [acados_nmpc_node]: [attach-window] t=75.96s pos_err=0.067m T=21.68N z=6.531 m_est=2.199
[INFO] [1789412802.469102661] [acados_nmpc_node]: [attach-window] t=76.00s pos_err=0.058m T=21.71N z=6.527 m_est=2.199
[INFO] [1789412802.522340969] [acados_nmpc_node]: [attach-window] t=76.05s pos_err=0.065m T=21.69N z=6.516 m_est=2.199
[INFO] [1789412802.522661858] [acados_nmpc_node]: [wcmd] raw=[+0.005,-0.069,-0.537] w=[+0.045,-0.022,-0.889] err=[-0.041,-0.047] scaled=[-0.072,-0.159] s=2.90
[INFO] [1789412802.569225547] [acados_nmpc_node]: [attach-window] t=76.10s pos_err=0.049m T=21.72N z=6.511 m_est=2.198
[INFO] [1789412802.624908510] [acados_nmpc_node]: [attach-window] t=76.16s pos_err=0.049m T=21.68N z=6.502 m_est=2.198
[INFO] [1789412802.669269637] [acados_nmpc_node]: [attach-window] t=76.20s pos_err=0.040m T=21.69N z=6.497 m_est=2.198
[INFO] [1789412802.724826611] [acados_nmpc_node]: [attach-window] t=76.26s pos_err=0.045m T=21.64N z=6.486 m_est=2.198
[INFO] [1789412802.725243986] [acados_nmpc_node]: [wcmd] raw=[-0.001,-0.049,-0.344] w=[-0.004,+0.004,-0.718] err=[+0.003,-0.053] scaled=[+0.004,-0.149] s=2.90
[INFO] [1789412802.769233615] [acados_nmpc_node]: [attach-window] t=76.30s pos_err=0.031m T=21.67N z=6.481 m_est=2.198
[INFO] [1789412802.824827079] [acados_nmpc_node]: [attach-window] t=76.36s pos_err=0.031m T=21.60N z=6.472 m_est=2.197
[INFO] [1789412802.869141303] [acados_nmpc_node]: [attach-window] t=76.40s pos_err=0.032m T=21.62N z=6.467 m_est=2.197
[INFO] [1789412802.922176790] [acados_nmpc_node]: [attach-window] t=76.45s pos_err=0.032m T=21.56N z=6.455 m_est=2.197
[INFO] [1789412802.922493041] [acados_nmpc_node]: [wcmd] raw=[-0.019,-0.087,-0.194] w=[+0.001,-0.034,-0.528] err=[-0.020,-0.052] scaled=[-0.058,-0.186] s=2.90
[INFO] [1789412802.968317232] [acados_nmpc_node]: [attach-window] t=76.50s pos_err=0.029m T=21.61N z=6.450 m_est=2.197
[INFO] [1789412803.021907799] [acados_nmpc_node]: [attach-window] t=76.55s pos_err=0.021m T=21.56N z=6.439 m_est=2.196
[INFO] [1789412803.068376514] [acados_nmpc_node]: [attach-window] t=76.60s pos_err=0.042m T=21.61N z=6.433 m_est=2.196
[INFO] [1789412803.124545055] [acados_nmpc_node]: [attach-window] t=76.66s pos_err=0.020m T=21.55N z=6.420 m_est=2.196
[INFO] [1789412803.124960783] [acados_nmpc_node]: [wcmd] raw=[-0.034,-0.081,-0.100] w=[-0.027,-0.043,-0.347] err=[-0.006,-0.038] scaled=[-0.045,-0.153] s=2.90
[INFO] [1789412803.168795322] [acados_nmpc_node]: [attach-window] t=76.70s pos_err=0.039m T=21.61N z=6.414 m_est=2.196
[INFO] [1789412803.224368898] [acados_nmpc_node]: [attach-window] t=76.76s pos_err=0.024m T=21.57N z=6.402 m_est=2.196
[INFO] [1789412803.268824348] [acados_nmpc_node]: [attach-window] t=76.80s pos_err=0.056m T=21.63N z=6.395 m_est=2.195
[INFO] [1789412803.324325530] [acados_nmpc_node]: [attach-window] t=76.86s pos_err=0.019m T=21.56N z=6.381 m_est=2.195
[INFO] [1789412803.324757140] [acados_nmpc_node]: [wcmd] raw=[-0.021,-0.121,-0.061] w=[-0.028,-0.056,-0.202] err=[+0.007,-0.065] scaled=[-0.009,-0.244] s=2.90
[INFO] [1789412803.368901193] [acados_nmpc_node]: [attach-window] t=76.90s pos_err=0.051m T=21.63N z=6.375 m_est=2.195
[INFO] [1789412803.424251014] [acados_nmpc_node]: [attach-window] t=76.96s pos_err=0.030m T=21.56N z=6.362 m_est=2.195
[INFO] [1789412803.469137327] [acados_nmpc_node]: [attach-window] t=77.00s pos_err=0.068m T=21.61N z=6.355 m_est=2.194
[INFO] [1789412803.524259478] [acados_nmpc_node]: [attach-window] t=77.06s pos_err=0.023m T=21.53N z=6.341 m_est=2.194
[INFO] [1789412803.524678267] [acados_nmpc_node]: [wcmd] raw=[-0.027,-0.116,-0.061] w=[-0.014,-0.085,-0.107] err=[-0.013,-0.031] scaled=[-0.051,-0.174] s=2.90
[INFO] [1789412803.568848383] [acados_nmpc_node]: [attach-window] t=77.10s pos_err=0.061m T=21.59N z=6.334 m_est=2.194
[INFO] [1789412803.624242637] [acados_nmpc_node]: [attach-window] t=77.16s pos_err=0.016m T=21.46N z=6.319 m_est=2.194
[INFO] [1789412803.668872918] [acados_nmpc_node]: [attach-window] t=77.20s pos_err=0.077m T=21.57N z=6.315 m_est=2.193
[INFO] [1789412803.724239423] [acados_nmpc_node]: [attach-window] t=77.26s pos_err=0.027m T=21.46N z=6.300 m_est=2.193
[INFO] [1789412803.724652006] [acados_nmpc_node]: [wcmd] raw=[-0.034,-0.108,-0.085] w=[-0.028,-0.152,-0.078] err=[-0.005,+0.044] scaled=[-0.044,-0.024] s=2.90
[INFO] [1789412803.768914948] [acados_nmpc_node]: [attach-window] t=77.30s pos_err=0.069m T=21.46N z=6.293 m_est=2.193
[INFO] [1789412803.824294587] [acados_nmpc_node]: [attach-window] t=77.36s pos_err=0.018m T=21.38N z=6.278 m_est=2.192
[INFO] [1789412803.868961265] [acados_nmpc_node]: [attach-window] t=77.40s pos_err=0.059m T=21.45N z=6.271 m_est=2.192
[INFO] [1789412803.923886102] [acados_nmpc_node]: [attach-window] t=77.46s pos_err=0.031m T=21.41N z=6.258 m_est=2.192
[INFO] [1789412803.924305056] [acados_nmpc_node]: [wcmd] raw=[-0.038,-0.105,-0.106] w=[-0.031,-0.048,-0.040] err=[-0.007,-0.057] scaled=[-0.051,-0.214] s=2.90
[INFO] [1789412803.969063512] [acados_nmpc_node]: [attach-window] t=77.50s pos_err=0.076m T=21.47N z=6.251 m_est=2.191
[INFO] [1789412804.024291016] [acados_nmpc_node]: [attach-window] t=77.56s pos_err=0.022m T=21.43N z=6.235 m_est=2.191
[INFO] [1789412804.068940955] [acados_nmpc_node]: [attach-window] t=77.60s pos_err=0.067m T=21.47N z=6.228 m_est=2.191
[INFO] [1789412804.124195395] [acados_nmpc_node]: [attach-window] t=77.66s pos_err=0.039m T=21.45N z=6.214 m_est=2.190
[INFO] [1789412804.124615089] [acados_nmpc_node]: [wcmd] raw=[-0.041,-0.062,-0.118] w=[-0.035,-0.030,-0.048] err=[-0.007,-0.033] scaled=[-0.054,-0.124] s=2.90
[INFO] [1789412804.168814510] [acados_nmpc_node]: [attach-window] t=77.70s pos_err=0.086m T=21.49N z=6.206 m_est=2.190
[INFO] [1789412804.224035317] [acados_nmpc_node]: [attach-window] t=77.76s pos_err=0.058m T=21.50N z=6.192 m_est=2.190
[INFO] [1789412804.268964294] [acados_nmpc_node]: [attach-window] t=77.80s pos_err=0.107m T=21.53N z=6.184 m_est=2.189
[INFO] [1789412804.324321559] [acados_nmpc_node]: [attach-window] t=77.86s pos_err=0.051m T=21.50N z=6.168 m_est=2.189
[INFO] [1789412804.324741440] [acados_nmpc_node]: [wcmd] raw=[-0.051,-0.103,-0.119] w=[-0.040,-0.004,-0.064] err=[-0.010,-0.099] scaled=[-0.071,-0.291] s=2.90
[INFO] [1789412804.368840953] [acados_nmpc_node]: [attach-window] t=77.90s pos_err=0.101m T=21.54N z=6.160 m_est=2.188
[INFO] [1789412804.424249563] [acados_nmpc_node]: [attach-window] t=77.96s pos_err=0.074m T=21.47N z=6.146 m_est=2.188
[INFO] [1789412804.468596589] [acados_nmpc_node]: [attach-window] t=78.00s pos_err=0.094m T=21.48N z=6.137 m_est=2.187
[INFO] [1789412804.524293242] [acados_nmpc_node]: [attach-window] t=78.06s pos_err=0.067m T=21.45N z=6.122 m_est=2.187
[INFO] [1789412804.524712782] [acados_nmpc_node]: [wcmd] raw=[-0.048,-0.122,-0.100] w=[-0.057,-0.128,-0.114] err=[+0.009,+0.007] scaled=[-0.032,-0.109] s=2.88
[INFO] [1789412804.568873505] [acados_nmpc_node]: [attach-window] t=78.10s pos_err=0.118m T=21.49N z=6.115 m_est=2.186
[INFO] [1789412804.624133225] [acados_nmpc_node]: [attach-window] t=78.16s pos_err=0.090m T=21.50N z=6.100 m_est=2.186
[INFO] [1789412804.668953148] [acados_nmpc_node]: [attach-window] t=78.20s pos_err=0.142m T=21.49N z=6.092 m_est=2.185
[INFO] [1789412804.723892404] [acados_nmpc_node]: [attach-window] t=78.26s pos_err=0.082m T=21.47N z=6.075 m_est=2.185
[INFO] [1789412804.724307162] [acados_nmpc_node]: [wcmd] raw=[-0.031,-0.123,-0.054] w=[-0.041,+0.017,-0.062] err=[+0.010,-0.141] scaled=[-0.013,-0.384] s=2.86
[INFO] [1789412804.769000657] [acados_nmpc_node]: [attach-window] t=78.30s pos_err=0.134m T=21.51N z=6.068 m_est=2.185
[INFO] [1789412804.821997289] [acados_nmpc_node]: [attach-window] t=78.35s pos_err=0.099m T=21.44N z=6.053 m_est=2.184
[INFO] [1789412804.869082645] [acados_nmpc_node]: [attach-window] t=78.40s pos_err=0.157m T=21.46N z=6.045 m_est=2.184
[INFO] [1789412804.924590183] [acados_nmpc_node]: [attach-window] t=78.46s pos_err=0.096m T=21.40N z=6.029 m_est=2.183
[INFO] [1789412804.925043181] [acados_nmpc_node]: [wcmd] raw=[-0.023,-0.138,-0.019] w=[-0.032,-0.211,-0.100] err=[+0.008,+0.073] scaled=[-0.008,-0.004] s=2.84
[INFO] [1789412804.969107866] [acados_nmpc_node]: [attach-window] t=78.50s pos_err=0.146m T=21.38N z=6.021 m_est=2.183
[INFO] [1789412805.024773143] [acados_nmpc_node]: [attach-window] t=78.56s pos_err=0.115m T=21.36N z=6.007 m_est=2.183
[INFO] [1789412805.069254751] [acados_nmpc_node]: [attach-window] t=78.60s pos_err=0.164m T=21.38N z=6.000 m_est=2.182
[INFO] [1789412805.124577589] [acados_nmpc_node]: [attach-window] t=78.66s pos_err=0.102m T=21.39N z=5.983 m_est=2.182
[INFO] [1789412805.125025540] [acados_nmpc_node]: [wcmd] raw=[-0.028,-0.195,+0.031] w=[-0.033,-0.054,-0.020] err=[+0.006,-0.140] scaled=[-0.018,-0.452] s=2.83
[INFO] [1789412805.169110117] [acados_nmpc_node]: [attach-window] t=78.70s pos_err=0.151m T=21.42N z=5.975 m_est=2.182
[INFO] [1789412805.224600585] [acados_nmpc_node]: [attach-window] t=78.76s pos_err=0.089m T=21.40N z=5.958 m_est=2.182
[INFO] [1789412805.268938050] [acados_nmpc_node]: [attach-window] t=78.80s pos_err=0.168m T=21.42N z=5.952 m_est=2.182
[INFO] [1789412805.325132329] [acados_nmpc_node]: [attach-window] t=78.86s pos_err=0.108m T=21.46N z=5.935 m_est=2.182
[INFO] [1789412805.325571845] [acados_nmpc_node]: [wcmd] raw=[-0.034,-0.101,+0.070] w=[-0.038,-0.234,-0.019] err=[+0.004,+0.133] scaled=[-0.028,+0.139] s=2.80
[INFO] [1789412805.368983965] [acados_nmpc_node]: [attach-window] t=78.90s pos_err=0.154m T=21.42N z=5.927 m_est=2.182
[INFO] [1789412805.424564899] [acados_nmpc_node]: [attach-window] t=78.96s pos_err=0.123m T=21.45N z=5.912 m_est=2.182
[INFO] [1789412805.469081455] [acados_nmpc_node]: [attach-window] t=79.00s pos_err=0.170m T=21.45N z=5.904 m_est=2.182
[INFO] [1789412805.522160349] [acados_nmpc_node]: [attach-window] t=79.05s pos_err=0.105m T=21.52N z=5.887 m_est=2.182
[INFO] [1789412805.522476512] [acados_nmpc_node]: [wcmd] raw=[-0.041,-0.183,+0.105] w=[-0.052,+0.002,+0.084] err=[+0.012,-0.185] scaled=[-0.020,-0.512] s=2.78
[INFO] [1789412805.568810699] [acados_nmpc_node]: [attach-window] t=79.10s pos_err=0.157m T=21.53N z=5.880 m_est=2.182
[INFO] [1789412805.624279126] [acados_nmpc_node]: [attach-window] t=79.16s pos_err=0.128m T=21.53N z=5.865 m_est=2.182
[INFO] [1789412805.668854291] [acados_nmpc_node]: [attach-window] t=79.20s pos_err=0.146m T=21.49N z=5.856 m_est=2.183
[INFO] [1789412805.724270589] [acados_nmpc_node]: [attach-window] t=79.26s pos_err=0.118m T=21.54N z=5.842 m_est=2.183
[INFO] [1789412805.724680985] [acados_nmpc_node]: [wcmd] raw=[-0.032,-0.067,+0.132] w=[-0.053,-0.139,+0.083] err=[+0.021,+0.072] scaled=[+0.006,+0.059] s=2.76
[INFO] [1789412805.768803278] [acados_nmpc_node]: [attach-window] t=79.30s pos_err=0.164m T=21.51N z=5.835 m_est=2.183
[INFO] [1789412805.824806561] [acados_nmpc_node]: [attach-window] t=79.36s pos_err=0.111m T=21.59N z=5.819 m_est=2.184
[INFO] [1789412805.869307087] [acados_nmpc_node]: [attach-window] t=79.40s pos_err=0.182m T=21.53N z=5.814 m_est=2.184
[INFO] [1789412805.924460176] [acados_nmpc_node]: [attach-window] t=79.46s pos_err=0.128m T=21.58N z=5.798 m_est=2.184
[INFO] [1789412805.924879635] [acados_nmpc_node]: [wcmd] raw=[-0.035,-0.107,+0.156] w=[-0.038,-0.064,+0.134] err=[+0.003,-0.043] scaled=[-0.030,-0.183] s=2.75
[INFO] [1789412805.969096895] [acados_nmpc_node]: [attach-window] t=79.50s pos_err=0.172m T=21.52N z=5.791 m_est=2.184
[INFO] [1789412806.024392755] [acados_nmpc_node]: [attach-window] t=79.56s pos_err=0.121m T=21.57N z=5.776 m_est=2.184
[INFO] [1789412806.069219423] [acados_nmpc_node]: [attach-window] t=79.60s pos_err=0.190m T=21.50N z=5.770 m_est=2.184
[INFO] [1789412806.124484380] [acados_nmpc_node]: [attach-window] t=79.66s pos_err=0.138m T=21.59N z=5.754 m_est=2.184
[INFO] [1789412806.124894435] [acados_nmpc_node]: [wcmd] raw=[-0.036,-0.087,+0.190] w=[-0.049,-0.089,+0.151] err=[+0.013,+0.003] scaled=[-0.012,-0.082] s=2.75
[INFO] [1789412806.168252090] [acados_nmpc_node]: [attach-window] t=79.70s pos_err=0.179m T=21.54N z=5.747 m_est=2.184
[INFO] [1789412806.222074658] [acados_nmpc_node]: [attach-window] t=79.75s pos_err=0.148m T=21.61N z=5.733 m_est=2.185
[INFO] [1789412806.269317837] [acados_nmpc_node]: [attach-window] t=79.80s pos_err=0.168m T=21.62N z=5.724 m_est=2.185
[INFO] [1789412806.324309239] [acados_nmpc_node]: [attach-window] t=79.86s pos_err=0.142m T=21.71N z=5.709 m_est=2.185
[INFO] [1789412806.324734493] [acados_nmpc_node]: [wcmd] raw=[-0.024,-0.135,+0.234] w=[-0.046,-0.069,+0.183] err=[+0.022,-0.066] scaled=[+0.015,-0.249] s=2.74
[INFO] [1789412806.369340262] [acados_nmpc_node]: [attach-window] t=79.90s pos_err=0.180m T=21.70N z=5.701 m_est=2.185
[INFO] [1789412806.424418417] [acados_nmpc_node]: [attach-window] t=79.96s pos_err=0.153m T=21.80N z=5.686 m_est=2.185
[INFO] [1789412806.469281671] [acados_nmpc_node]: [attach-window] t=80.00s pos_err=0.166m T=21.80N z=5.676 m_est=2.185
[INFO] [1789412806.524784807] [acados_nmpc_node]: [attach-window] t=80.06s pos_err=0.141m T=21.89N z=5.661 m_est=2.185
[INFO] [1789412806.525217041] [acados_nmpc_node]: [wcmd] raw=[-0.025,-0.104,+0.297] w=[-0.043,-0.059,+0.224] err=[+0.018,-0.045] scaled=[+0.006,-0.182] s=2.74
[INFO] [1789412806.569482003] [acados_nmpc_node]: [attach-window] t=80.10s pos_err=0.174m T=21.86N z=5.653 m_est=2.185
[INFO] [1789412806.624997311] [acados_nmpc_node]: [attach-window] t=80.16s pos_err=0.149m T=21.93N z=5.638 m_est=2.185
[INFO] [1789412806.669729184] [acados_nmpc_node]: [attach-window] t=80.20s pos_err=0.181m T=21.89N z=5.630 m_est=2.185
[INFO] [1789412806.725209212] [acados_nmpc_node]: [attach-window] t=80.26s pos_err=0.136m T=22.01N z=5.613 m_est=2.186
[INFO] [1789412806.725696624] [acados_nmpc_node]: [wcmd] raw=[-0.020,-0.117,+0.370] w=[-0.045,-0.090,+0.264] err=[+0.025,-0.026] scaled=[+0.024,-0.163] s=2.74
[INFO] [1789412806.769677681] [acados_nmpc_node]: [attach-window] t=80.30s pos_err=0.164m T=21.97N z=5.605 m_est=2.186
[INFO] [1789412806.825344148] [acados_nmpc_node]: [attach-window] t=80.36s pos_err=0.141m T=22.00N z=5.591 m_est=2.186
[INFO] [1789412806.869660485] [acados_nmpc_node]: [attach-window] t=80.40s pos_err=0.149m T=21.99N z=5.582 m_est=2.187
[INFO] [1789412806.922274277] [acados_nmpc_node]: [attach-window] t=80.45s pos_err=0.125m T=22.05N z=5.569 m_est=2.188
[INFO] [1789412806.922589937] [acados_nmpc_node]: [wcmd] raw=[-0.005,-0.114,+0.459] w=[-0.037,-0.090,+0.329] err=[+0.032,-0.024] scaled=[+0.050,-0.156] s=2.74
[INFO] [1789412806.969629679] [acados_nmpc_node]: [attach-window] t=80.50s pos_err=0.153m T=22.00N z=5.562 m_est=2.188
[INFO] [1789412807.025028417] [acados_nmpc_node]: [attach-window] t=80.56s pos_err=0.132m T=22.04N z=5.549 m_est=2.189
[INFO] [1789412807.025509080] [acados_nmpc_node]: t=80.6s | pos_err=0.132m | T=22.04N | tau=[r-0.139 p0.071 y0.062]Nm | res_stat=1.839e-07(peak 1.000e-06) sqp_iter=6 | solve=2.9ms
[INFO] [1789412807.025714212] [acados_nmpc_node]: [flight-diag] t=80.6s | om_scale=2.744(lo 2.738 hi 2.899) | tilt_max=10.73deg | w_max=[r0.059 p0.234 y1.063]rad/s | u_frac=[T0.703 r0.438 p0.318 y0.777] | u_sat=[T0.0 r0.0 p0.0 y0.0]% | mot_peak=0.890 mot_sat=0.0% | health=1 age=0.000s conf=0.000 | n=100
[INFO] [1789412807.069933050] [acados_nmpc_node]: [attach-window] t=80.60s pos_err=0.156m T=21.98N z=5.542 m_est=2.190
[INFO] [1789412807.124686155] [acados_nmpc_node]: [attach-window] t=80.66s pos_err=0.121m T=22.07N z=5.528 m_est=2.190
[INFO] [1789412807.125094190] [acados_nmpc_node]: [wcmd] raw=[-0.017,-0.056,+0.569] w=[-0.038,-0.021,+0.423] err=[+0.021,-0.035] scaled=[+0.020,-0.117] s=2.76
[INFO] [1789412807.169817326] [acados_nmpc_node]: [attach-window] t=80.70s pos_err=0.142m T=22.03N z=5.521 m_est=2.191
[INFO] [1789412807.224735451] [acados_nmpc_node]: [attach-window] t=80.76s pos_err=0.111m T=22.06N z=5.508 m_est=2.192
[INFO] [1789412807.269799569] [acados_nmpc_node]: [attach-window] t=80.80s pos_err=0.129m T=22.01N z=5.502 m_est=2.192
[INFO] [1789412807.324722319] [acados_nmpc_node]: [attach-window] t=80.86s pos_err=0.114m T=22.00N z=5.491 m_est=2.193
[INFO] [1789412807.325135292] [acados_nmpc_node]: [wcmd] raw=[+0.004,-0.068,+0.675] w=[-0.028,-0.109,+0.490] err=[+0.033,+0.041] scaled=[+0.063,+0.004] s=2.78
[INFO] [1789412807.369681500] [acados_nmpc_node]: [attach-window] t=80.90s pos_err=0.131m T=21.94N z=5.486 m_est=2.194
[INFO] [1789412807.425108007] [acados_nmpc_node]: [attach-window] t=80.96s pos_err=0.117m T=21.95N z=5.475 m_est=2.194
[INFO] [1789412807.469575787] [acados_nmpc_node]: [attach-window] t=81.00s pos_err=0.121m T=21.94N z=5.469 m_est=2.195
[INFO] [1789412807.524725415] [acados_nmpc_node]: [attach-window] t=81.06s pos_err=0.109m T=21.96N z=5.458 m_est=2.196
[INFO] [1789412807.525141246] [acados_nmpc_node]: [wcmd] raw=[+0.021,-0.065,+0.808] w=[-0.028,+0.068,+0.642] err=[+0.049,-0.133] scaled=[+0.110,-0.306] s=2.81
[INFO] [1789412807.569353354] [acados_nmpc_node]: [attach-window] t=81.10s pos_err=0.121m T=21.94N z=5.453 m_est=2.197
[INFO] [1789412807.624795425] [acados_nmpc_node]: [attach-window] t=81.16s pos_err=0.103m T=21.95N z=5.442 m_est=2.197
[INFO] [1789412807.669271300] [acados_nmpc_node]: [attach-window] t=81.20s pos_err=0.121m T=21.91N z=5.438 m_est=2.198
[INFO] [1789412807.724727780] [acados_nmpc_node]: [attach-window] t=81.26s pos_err=0.103m T=21.95N z=5.427 m_est=2.198
[INFO] [1789412807.725157735] [acados_nmpc_node]: [wcmd] raw=[+0.009,-0.056,+0.927] w=[-0.000,-0.121,+0.706] err=[+0.010,+0.065] scaled=[+0.027,+0.063] s=2.84
[INFO] [1789412807.769142686] [acados_nmpc_node]: [attach-window] t=81.30s pos_err=0.109m T=21.92N z=5.422 m_est=2.199
[INFO] [1789412807.824973002] [acados_nmpc_node]: [attach-window] t=81.36s pos_err=0.100m T=21.95N z=5.412 m_est=2.199
[INFO] [1789412807.869256887] [acados_nmpc_node]: [attach-window] t=81.40s pos_err=0.105m T=21.95N z=5.407 m_est=2.200
[INFO] [1789412807.924615740] [acados_nmpc_node]: [attach-window] t=81.46s pos_err=0.092m T=21.98N z=5.396 m_est=2.200
[INFO] [1789412807.925055271] [acados_nmpc_node]: [wcmd] raw=[+0.007,-0.089,+1.021] w=[-0.034,+0.016,+0.862] err=[+0.041,-0.105] scaled=[+0.084,-0.284] s=2.87
[INFO] [1789412807.969060260] [acados_nmpc_node]: [attach-window] t=81.50s pos_err=0.093m T=21.99N z=5.391 m_est=2.201
[INFO] [1789412808.021930757] [acados_nmpc_node]: [attach-window] t=81.55s pos_err=0.086m T=22.00N z=5.382 m_est=2.201
[INFO] [1789412808.068095153] [acados_nmpc_node]: [attach-window] t=81.60s pos_err=0.086m T=21.99N z=5.377 m_est=2.201
[INFO] [1789412808.121765993] [acados_nmpc_node]: [attach-window] t=81.65s pos_err=0.081m T=22.01N z=5.367 m_est=2.202
[INFO] [1789412808.122082164] [acados_nmpc_node]: [wcmd] raw=[+0.023,-0.047,+1.043] w=[-0.023,-0.076,+0.951] err=[+0.046,+0.029] scaled=[+0.110,+0.009] s=2.91
[INFO] [1789412808.168772781] [acados_nmpc_node]: [attach-window] t=81.70s pos_err=0.076m T=22.00N z=5.363 m_est=2.202
[INFO] [1789412808.224313787] [acados_nmpc_node]: [attach-window] t=81.76s pos_err=0.073m T=21.98N z=5.355 m_est=2.202
[INFO] [1789412808.268906757] [acados_nmpc_node]: [attach-window] t=81.80s pos_err=0.069m T=21.98N z=5.351 m_est=2.202
[INFO] [1789412808.324402942] [acados_nmpc_node]: [attach-window] t=81.86s pos_err=0.069m T=21.95N z=5.343 m_est=2.202
[INFO] [1789412808.324820987] [acados_nmpc_node]: [wcmd] raw=[+0.029,-0.079,+0.985] w=[+0.001,-0.007,+1.039] err=[+0.028,-0.072] scaled=[+0.082,-0.218] s=2.93
[INFO] [1789412808.368789965] [acados_nmpc_node]: [attach-window] t=81.90s pos_err=0.061m T=21.96N z=5.339 m_est=2.202
[INFO] [1789412808.424543047] [acados_nmpc_node]: [attach-window] t=81.96s pos_err=0.061m T=21.93N z=5.333 m_est=2.202
[INFO] [1789412808.468862732] [acados_nmpc_node]: [attach-window] t=82.00s pos_err=0.052m T=21.93N z=5.329 m_est=2.202
[INFO] [1789412808.524298709] [acados_nmpc_node]: [attach-window] t=82.06s pos_err=0.059m T=21.90N z=5.322 m_est=2.202
[INFO] [1789412808.524705503] [acados_nmpc_node]: [wcmd] raw=[+0.017,-0.066,+0.847] w=[+0.004,-0.051,+1.033] err=[+0.013,-0.015] scaled=[+0.043,-0.096] s=2.95
[INFO] [1789412808.568930631] [acados_nmpc_node]: [attach-window] t=82.10s pos_err=0.045m T=21.91N z=5.319 m_est=2.202
[INFO] [1789412808.624649711] [acados_nmpc_node]: [attach-window] t=82.16s pos_err=0.049m T=21.88N z=5.313 m_est=2.202
[INFO] [1789412808.669162624] [acados_nmpc_node]: [attach-window] t=82.20s pos_err=0.035m T=21.90N z=5.310 m_est=2.202
[INFO] [1789412808.724640979] [acados_nmpc_node]: [attach-window] t=82.26s pos_err=0.049m T=21.86N z=5.304 m_est=2.202
[INFO] [1789412808.725048959] [acados_nmpc_node]: [wcmd] raw=[+0.010,-0.087,+0.659] w=[+0.001,-0.053,+0.956] err=[+0.009,-0.034] scaled=[+0.029,-0.155] s=2.96
[INFO] [1789412808.769088779] [acados_nmpc_node]: [attach-window] t=82.30s pos_err=0.030m T=21.88N z=5.301 m_est=2.201
[INFO] [1789412808.824848639] [acados_nmpc_node]: [attach-window] t=82.36s pos_err=0.037m T=21.85N z=5.295 m_est=2.201
[INFO] [1789412808.869137534] [acados_nmpc_node]: [attach-window] t=82.40s pos_err=0.027m T=21.85N z=5.292 m_est=2.201
[INFO] [1789412808.924556949] [acados_nmpc_node]: [attach-window] t=82.46s pos_err=0.039m T=21.83N z=5.286 m_est=2.200
[INFO] [1789412808.924968636] [acados_nmpc_node]: [wcmd] raw=[-0.000,-0.079,+0.470] w=[+0.004,-0.048,+0.819] err=[-0.004,-0.030] scaled=[-0.008,-0.138] s=2.97
[INFO] [1789412808.968881585] [acados_nmpc_node]: [attach-window] t=82.50s pos_err=0.014m T=21.88N z=5.283 m_est=2.200
[INFO] [1789412809.022259022] [acados_nmpc_node]: [attach-window] t=82.55s pos_err=0.044m T=21.80N z=5.278 m_est=2.200
[INFO] [1789412809.068042357] [acados_nmpc_node]: [attach-window] t=82.60s pos_err=0.012m T=21.83N z=5.275 m_est=2.199
[INFO] [1789412809.124630174] [acados_nmpc_node]: [attach-window] t=82.66s pos_err=0.026m T=21.78N z=5.270 m_est=2.199
[INFO] [1789412809.125063044] [acados_nmpc_node]: [wcmd] raw=[-0.018,-0.043,+0.314] w=[+0.001,-0.070,+0.637] err=[-0.019,+0.027] scaled=[-0.056,+0.010] s=2.97
[INFO] [1789412809.169162993] [acados_nmpc_node]: [attach-window] t=82.70s pos_err=0.007m T=21.80N z=5.268 m_est=2.199
[INFO] [1789412809.224847983] [acados_nmpc_node]: [attach-window] t=82.76s pos_err=0.028m T=21.75N z=5.263 m_est=2.198
[INFO] [1789412809.269245014] [acados_nmpc_node]: [attach-window] t=82.80s pos_err=0.011m T=21.80N z=5.261 m_est=2.198
[INFO] [1789412809.324367552] [acados_nmpc_node]: [attach-window] t=82.86s pos_err=0.015m T=21.75N z=5.256 m_est=2.198
[INFO] [1789412809.324804303] [acados_nmpc_node]: [wcmd] raw=[-0.012,-0.064,+0.207] w=[-0.012,+0.015,+0.474] err=[-0.000,-0.079] scaled=[-0.013,-0.221] s=2.98
[INFO] [1789412809.368885573] [acados_nmpc_node]: [attach-window] t=82.90s pos_err=0.028m T=21.80N z=5.254 m_est=2.198
[INFO] [1789412809.424475575] [acados_nmpc_node]: [attach-window] t=82.96s pos_err=0.017m T=21.72N z=5.249 m_est=2.197
[INFO] [1789412809.468968612] [acados_nmpc_node]: [attach-window] t=83.00s pos_err=0.029m T=21.77N z=5.247 m_est=2.197
[INFO] [1789412809.524190920] [acados_nmpc_node]: [attach-window] t=83.06s pos_err=0.019m T=21.72N z=5.244 m_est=2.197
[INFO] [1789412809.524608640] [acados_nmpc_node]: [wcmd] raw=[+0.016,-0.075,+0.165] w=[+0.003,-0.050,+0.313] err=[+0.013,-0.025] scaled=[+0.041,-0.124] s=2.98
[INFO] [1789412809.568900983] [acados_nmpc_node]: [attach-window] t=83.10s pos_err=0.047m T=21.78N z=5.242 m_est=2.196
[INFO] [1789412809.624195193] [acados_nmpc_node]: [attach-window] t=83.16s pos_err=0.033m T=21.75N z=5.238 m_est=2.196
[INFO] [1789412809.668807280] [acados_nmpc_node]: [attach-window] t=83.20s pos_err=0.066m T=21.80N z=5.237 m_est=2.196
[INFO] [1789412809.724139580] [acados_nmpc_node]: [attach-window] t=83.26s pos_err=0.032m T=21.72N z=5.233 m_est=2.196
[INFO] [1789412809.724544791] [acados_nmpc_node]: [wcmd] raw=[+0.007,-0.119,+0.169] w=[+0.014,-0.029,+0.220] err=[-0.007,-0.090] scaled=[-0.007,-0.296] s=2.98
[INFO] [1789412809.768881145] [acados_nmpc_node]: [attach-window] t=83.30s pos_err=0.066m T=21.78N z=5.232 m_est=2.195
[INFO] [1789412809.824270940] [acados_nmpc_node]: [attach-window] t=83.36s pos_err=0.050m T=21.69N z=5.230 m_est=2.195
[INFO] [1789412809.868962261] [acados_nmpc_node]: [attach-window] t=83.40s pos_err=0.085m T=21.73N z=5.229 m_est=2.195
[INFO] [1789412809.924121944] [acados_nmpc_node]: [attach-window] t=83.46s pos_err=0.049m T=21.61N z=5.228 m_est=2.195
[INFO] [1789412809.924531964] [acados_nmpc_node]: [wcmd] raw=[+0.013,-0.126,+0.201] w=[-0.009,-0.156,+0.145] err=[+0.022,+0.031] scaled=[+0.056,-0.065] s=2.98
[INFO] [1789412809.968793527] [acados_nmpc_node]: [attach-window] t=83.50s pos_err=0.084m T=21.65N z=5.227 m_est=2.195
[INFO] [1789412810.024003560] [acados_nmpc_node]: [attach-window] t=83.56s pos_err=0.066m T=21.58N z=5.226 m_est=2.194
[INFO] [1789412810.068849756] [acados_nmpc_node]: [attach-window] t=83.60s pos_err=0.102m T=21.64N z=5.226 m_est=2.194
[INFO] [1789412810.124397342] [acados_nmpc_node]: [attach-window] t=83.66s pos_err=0.062m T=21.57N z=5.225 m_est=2.194
[INFO] [1789412810.124846732] [acados_nmpc_node]: [wcmd] raw=[+0.006,-0.153,+0.251] w=[+0.005,-0.079,+0.174] err=[+0.001,-0.075] scaled=[+0.009,-0.300] s=2.96
[INFO] [1789412810.168993653] [acados_nmpc_node]: [attach-window] t=83.70s pos_err=0.098m T=21.64N z=5.224 m_est=2.194
[INFO] [1789412810.224358403] [acados_nmpc_node]: [attach-window] t=83.76s pos_err=0.078m T=21.60N z=5.223 m_est=2.193
[INFO] [1789412810.269025201] [acados_nmpc_node]: [attach-window] t=83.80s pos_err=0.113m T=21.66N z=5.223 m_est=2.193
[INFO] [1789412810.324375592] [acados_nmpc_node]: [attach-window] t=83.86s pos_err=0.070m T=21.63N z=5.221 m_est=2.193
[INFO] [1789412810.324795743] [acados_nmpc_node]: [wcmd] raw=[+0.005,-0.142,+0.293] w=[-0.014,-0.134,+0.192] err=[+0.019,-0.008] scaled=[+0.042,-0.158] s=2.94
[INFO] [1789412810.368851963] [acados_nmpc_node]: [attach-window] t=83.90s pos_err=0.106m T=21.70N z=5.220 m_est=2.193
[INFO] [1789412810.424318942] [acados_nmpc_node]: [attach-window] t=83.96s pos_err=0.062m T=21.62N z=5.219 m_est=2.192
[INFO] [1789412810.468984037] [acados_nmpc_node]: [attach-window] t=84.00s pos_err=0.120m T=21.73N z=5.218 m_est=2.192
[INFO] [1789412810.524373267] [acados_nmpc_node]: [attach-window] t=84.06s pos_err=0.076m T=21.66N z=5.217 m_est=2.192
[INFO] [1789412810.524781692] [acados_nmpc_node]: [wcmd] raw=[+0.017,-0.128,+0.319] w=[+0.005,-0.179,+0.230] err=[+0.012,+0.051] scaled=[+0.039,-0.031] s=2.93
[INFO] [1789412810.568157414] [acados_nmpc_node]: [attach-window] t=84.10s pos_err=0.112m T=21.68N z=5.217 m_est=2.192
[WARN] [1789412810.621687137] [acados_nmpc_node]: t=84.2s | UNCOMMANDED LOSS injected: physical release via /gripper/release; no release command issued
[INFO] [1789412810.624726076] [acados_nmpc_node]: [attach-window] t=84.16s pos_err=0.069m T=21.63N z=5.216 m_est=2.191
[INFO] [1789412810.669047127] [acados_nmpc_node]: [attach-window] t=84.20s pos_err=0.127m T=21.69N z=5.216 m_est=2.191
[INFO] [1789412810.724602603] [acados_nmpc_node]: [attach-window] t=84.26s pos_err=0.086m T=21.04N z=5.218 m_est=2.191
[INFO] [1789412810.725011032] [acados_nmpc_node]: [wcmd] raw=[+0.090,-0.146,+0.339] w=[-0.211,-0.058,+0.303] err=[+0.302,-0.089] scaled=[+0.670,-0.317] s=2.92
[INFO] [1789412810.768792779] [acados_nmpc_node]: [attach-window] t=84.30s pos_err=0.121m T=20.79N z=5.220 m_est=2.190
[INFO] [1789412810.824594547] [acados_nmpc_node]: [attach-window] t=84.36s pos_err=0.084m T=20.16N z=5.227 m_est=2.190
[INFO] [1789412810.868868780] [acados_nmpc_node]: [attach-window] t=84.40s pos_err=0.140m T=20.08N z=5.230 m_est=2.190
[INFO] [1789412810.924272627] [acados_nmpc_node]: [attach-window] t=84.46s pos_err=0.104m T=19.72N z=5.241 m_est=2.189
[INFO] [1789412810.924675090] [acados_nmpc_node]: [wcmd] raw=[+0.086,-0.166,+0.342] w=[-0.062,-0.015,+0.317] err=[+0.148,-0.151] scaled=[+0.369,-0.455] s=2.92
[INFO] [1789412810.968806117] [acados_nmpc_node]: [attach-window] t=84.50s pos_err=0.139m T=19.67N z=5.246 m_est=2.189
[INFO] [1789412811.024550314] [acados_nmpc_node]: [attach-window] t=84.56s pos_err=0.108m T=19.46N z=5.257 m_est=2.188
[INFO] [1789412811.068965165] [acados_nmpc_node]: [attach-window] t=84.60s pos_err=0.141m T=19.43N z=5.262 m_est=2.186
[INFO] [1789412811.124307784] [acados_nmpc_node]: [attach-window] t=84.66s pos_err=0.130m T=19.39N z=5.271 m_est=2.185
[INFO] [1789412811.124717071] [acados_nmpc_node]: [wcmd] raw=[+0.042,-0.191,+0.351] w=[+0.131,+0.119,+0.323] err=[-0.089,-0.310] scaled=[-0.127,-0.777] s=2.89
[INFO] [1789412811.168900032] [acados_nmpc_node]: [attach-window] t=84.70s pos_err=0.162m T=19.46N z=5.275 m_est=2.184
[INFO] [1789412811.225076034] [acados_nmpc_node]: [attach-window] t=84.76s pos_err=0.136m T=19.38N z=5.283 m_est=2.181
[INFO] [1789412811.269319628] [acados_nmpc_node]: [attach-window] t=84.80s pos_err=0.180m T=19.37N z=5.286 m_est=2.177
[INFO] [1789412811.324997582] [acados_nmpc_node]: [attach-window] t=84.86s pos_err=0.154m T=19.02N z=5.293 m_est=2.173
[INFO] [1789412811.325432058] [acados_nmpc_node]: [wcmd] raw=[+0.035,-0.036,+0.385] w=[+0.280,+0.668,+0.326] err=[-0.245,-0.704] scaled=[-0.416,-1.331] s=2.84
[INFO] [1789412811.369318552] [acados_nmpc_node]: [attach-window] t=84.90s pos_err=0.182m T=19.13N z=5.297 m_est=2.168
[INFO] [1789412811.424824389] [acados_nmpc_node]: [attach-window] t=84.96s pos_err=0.158m T=18.87N z=5.305 m_est=2.163
[INFO] [1789412811.472322476] [acados_nmpc_node]: [attach-window] t=85.00s pos_err=0.198m T=18.83N z=5.308 m_est=2.160
[INFO] [1789412811.525721156] [acados_nmpc_node]: [attach-window] t=85.06s pos_err=0.176m T=18.13N z=5.317 m_est=2.153
[INFO] [1789412811.526168237] [acados_nmpc_node]: [wcmd] raw=[+0.060,+0.253,+0.443] w=[+0.234,+1.049,+0.344] err=[-0.174,-0.797] scaled=[-0.238,-1.119] s=2.72
[INFO] [1789412811.569737997] [acados_nmpc_node]: [attach-window] t=85.10s pos_err=0.200m T=18.58N z=5.321 m_est=2.149
[INFO] [1789412811.625237188] [acados_nmpc_node]: [attach-window] t=85.16s pos_err=0.179m T=18.50N z=5.330 m_est=2.140
[INFO] [1789412811.669651047] [acados_nmpc_node]: [attach-window] t=85.20s pos_err=0.212m T=18.55N z=5.333 m_est=2.133
[INFO] [1789412811.728579181] [acados_nmpc_node]: [attach-window] t=85.26s pos_err=0.189m T=18.04N z=5.339 m_est=2.124
[INFO] [1789412811.729039249] [acados_nmpc_node]: [wcmd] raw=[+0.109,-0.047,+0.518] w=[-0.147,+0.967,+0.392] err=[+0.256,-1.014] scaled=[+0.498,-1.591] s=2.52
[INFO] [1789412811.769463348] [acados_nmpc_node]: [attach-window] t=85.30s pos_err=0.206m T=18.65N z=5.341 m_est=2.118
[INFO] [1789412811.825036811] [acados_nmpc_node]: [attach-window] t=85.36s pos_err=0.192m T=18.99N z=5.344 m_est=2.110
[INFO] [1789412811.869479383] [acados_nmpc_node]: [attach-window] t=85.40s pos_err=0.196m T=19.03N z=5.345 m_est=2.105
[INFO] [1789412811.922663055] [acados_nmpc_node]: [attach-window] t=85.45s pos_err=0.180m T=18.77N z=5.347 m_est=2.099
[INFO] [1789412811.922995484] [acados_nmpc_node]: [wcmd] raw=[+0.102,-0.100,+0.601] w=[-0.536,+1.053,+0.462] err=[+0.638,-1.152] scaled=[+0.904,-1.548] s=2.26
[INFO] [1789412811.968290248] [acados_nmpc_node]: [attach-window] t=85.50s pos_err=0.194m T=19.15N z=5.348 m_est=2.093
[INFO] [1789412812.024637204] [acados_nmpc_node]: [attach-window] t=85.56s pos_err=0.179m T=19.45N z=5.349 m_est=2.089
[INFO] [1789412812.025121707] [acados_nmpc_node]: t=85.6s | pos_err=0.179m | T=19.45N | tau=[r-0.254 p0.500 y0.059]Nm | res_stat=9.612e-07(peak 1.000e-06) sqp_iter=5 | solve=2.3ms
[INFO] [1789412812.025326129] [acados_nmpc_node]: [flight-diag] t=85.6s | om_scale=2.150(lo 2.150 hi 2.983) | tilt_max=9.81deg | w_max=[r0.536 p1.416 y1.042]rad/s | u_frac=[T0.704 r0.573 p1.000 y0.723] | u_sat=[T0.0 r0.0 p11.0 y0.0]% | mot_peak=1.000 mot_sat=2.0% | health=1 age=0.000s conf=0.226 | n=100
[INFO] [1789412812.069049038] [acados_nmpc_node]: [attach-window] t=85.60s pos_err=0.190m T=19.40N z=5.349 m_est=2.085
[INFO] [1789412812.124678926] [acados_nmpc_node]: [attach-window] t=85.66s pos_err=0.169m T=19.57N z=5.350 m_est=2.082
[INFO] [1789412812.125084739] [acados_nmpc_node]: [wcmd] raw=[+0.000,-0.206,+0.704] w=[-0.419,+1.132,+0.550] err=[+0.419,-1.338] scaled=[+0.408,-1.508] s=1.97
[INFO] [1789412812.169053549] [acados_nmpc_node]: [attach-window] t=85.70s pos_err=0.179m T=19.70N z=5.351 m_est=2.079
[INFO] [1789412812.224835438] [acados_nmpc_node]: [attach-window] t=85.76s pos_err=0.162m T=19.77N z=5.351 m_est=2.077
[INFO] [1789412812.269258908] [acados_nmpc_node]: [attach-window] t=85.80s pos_err=0.169m T=19.80N z=5.352 m_est=2.075
[INFO] [1789412812.325093297] [acados_nmpc_node]: [attach-window] t=85.86s pos_err=0.162m T=19.89N z=5.354 m_est=2.073
[INFO] [1789412812.325537213] [acados_nmpc_node]: [wcmd] raw=[+0.029,-0.124,+0.808] w=[+0.005,+0.590,+0.641] err=[+0.025,-0.713] scaled=[+0.047,-0.642] s=1.73
[INFO] [1789412812.369281503] [acados_nmpc_node]: [attach-window] t=85.90s pos_err=0.169m T=20.01N z=5.355 m_est=2.072
[INFO] [1789412812.424810122] [acados_nmpc_node]: [attach-window] t=85.96s pos_err=0.162m T=20.11N z=5.358 m_est=2.071
[INFO] [1789412812.469225903] [acados_nmpc_node]: [attach-window] t=86.00s pos_err=0.169m T=20.19N z=5.359 m_est=2.070
[INFO] [1789412812.524944444] [acados_nmpc_node]: [attach-window] t=86.06s pos_err=0.158m T=20.29N z=5.363 m_est=2.069
[INFO] [1789412812.525383118] [acados_nmpc_node]: [wcmd] raw=[+0.041,-0.024,+0.923] w=[-0.081,+0.157,+0.731] err=[+0.122,-0.181] scaled=[+0.106,-0.120] s=1.53
[INFO] [1789412812.569319633] [acados_nmpc_node]: [attach-window] t=86.10s pos_err=0.162m T=20.41N z=5.365 m_est=2.068
[INFO] [1789412812.622171313] [acados_nmpc_node]: [attach-window] t=86.15s pos_err=0.154m T=20.44N z=5.368 m_est=2.067
[INFO] [1789412812.669158786] [acados_nmpc_node]: [attach-window] t=86.20s pos_err=0.159m T=20.58N z=5.369 m_est=2.067
[INFO] [1789412812.724435594] [acados_nmpc_node]: [attach-window] t=86.26s pos_err=0.150m T=20.58N z=5.373 m_est=2.066
[INFO] [1789412812.724837957] [acados_nmpc_node]: [wcmd] raw=[-0.001,-0.048,+1.000] w=[+0.019,-0.116,+0.839] err=[-0.020,+0.069] scaled=[-0.008,-0.022] s=1.37
[INFO] [1789412812.769068824] [acados_nmpc_node]: [attach-window] t=86.30s pos_err=0.151m T=20.65N z=5.375 m_est=2.066
[INFO] [1789412812.824774585] [acados_nmpc_node]: [attach-window] t=86.36s pos_err=0.146m T=20.59N z=5.380 m_est=2.066
[INFO] [1789412812.869078953] [acados_nmpc_node]: [attach-window] t=86.40s pos_err=0.146m T=20.70N z=5.382 m_est=2.066
[INFO] [1789412812.924483224] [acados_nmpc_node]: [attach-window] t=86.46s pos_err=0.140m T=20.62N z=5.388 m_est=2.065
[INFO] [1789412812.924882165] [acados_nmpc_node]: [wcmd] raw=[+0.002,-0.061,+1.032] w=[-0.046,-0.068,+0.938] err=[+0.048,+0.007] scaled=[+0.014,-0.059] s=1.25
[INFO] [1789412812.969123982] [acados_nmpc_node]: [attach-window] t=86.50s pos_err=0.137m T=20.69N z=5.391 m_est=2.065
[INFO] [1789412813.024484665] [acados_nmpc_node]: [attach-window] t=86.56s pos_err=0.134m T=20.64N z=5.397 m_est=2.065
[INFO] [1789412813.068926110] [acados_nmpc_node]: [attach-window] t=86.60s pos_err=0.130m T=20.66N z=5.401 m_est=2.065
[INFO] [1789412813.124411746] [acados_nmpc_node]: [attach-window] t=86.66s pos_err=0.130m T=20.60N z=5.409 m_est=2.065
[INFO] [1789412813.124817038] [acados_nmpc_node]: [wcmd] raw=[+0.013,-0.081,+0.963] w=[-0.035,-0.036,+1.005] err=[+0.048,-0.045] scaled=[+0.021,-0.088] s=1.17
[INFO] [1789412813.168859115] [acados_nmpc_node]: [attach-window] t=86.70s pos_err=0.122m T=20.69N z=5.413 m_est=2.065
[INFO] [1789412813.224579315] [acados_nmpc_node]: [attach-window] t=86.76s pos_err=0.122m T=20.64N z=5.421 m_est=2.065
[INFO] [1789412813.268830432] [acados_nmpc_node]: [attach-window] t=86.80s pos_err=0.114m T=20.72N z=5.425 m_est=2.065
[INFO] [1789412813.324748026] [acados_nmpc_node]: [attach-window] t=86.86s pos_err=0.119m T=20.58N z=5.435 m_est=2.065
[INFO] [1789412813.325196582] [acados_nmpc_node]: [wcmd] raw=[-0.012,-0.066,+0.832] w=[-0.031,-0.011,+1.006] err=[+0.019,-0.055] scaled=[-0.010,-0.072] s=1.11
[INFO] [1789412813.368949970] [acados_nmpc_node]: [attach-window] t=86.90s pos_err=0.107m T=20.67N z=5.439 m_est=2.064
[INFO] [1789412813.424680802] [acados_nmpc_node]: [attach-window] t=86.96s pos_err=0.110m T=20.59N z=5.449 m_est=2.064
[INFO] [1789412813.469272564] [acados_nmpc_node]: [attach-window] t=87.00s pos_err=0.097m T=20.68N z=5.454 m_est=2.064
[INFO] [1789412813.525068252] [acados_nmpc_node]: [attach-window] t=87.06s pos_err=0.108m T=20.53N z=5.465 m_est=2.064
[INFO] [1789412813.525495592] [acados_nmpc_node]: [wcmd] raw=[-0.017,-0.089,+0.643] w=[-0.024,-0.035,+0.933] err=[+0.007,-0.054] scaled=[-0.017,-0.093] s=1.08
[INFO] [1789412813.569213664] [acados_nmpc_node]: [attach-window] t=87.10s pos_err=0.091m T=20.62N z=5.470 m_est=2.064
[INFO] [1789412813.624662165] [acados_nmpc_node]: [attach-window] t=87.16s pos_err=0.097m T=20.53N z=5.480 m_est=2.064
[INFO] [1789412813.669220322] [acados_nmpc_node]: [attach-window] t=87.20s pos_err=0.079m T=20.63N z=5.486 m_est=2.064
[INFO] [1789412813.724626723] [acados_nmpc_node]: [attach-window] t=87.26s pos_err=0.097m T=20.46N z=5.498 m_est=2.064
[INFO] [1789412813.725043069] [acados_nmpc_node]: [wcmd] raw=[-0.017,-0.080,+0.442] w=[-0.016,-0.041,+0.789] err=[-0.001,-0.039] scaled=[-0.017,-0.082] s=1.05
[INFO] [1789412813.769162579] [acados_nmpc_node]: [attach-window] t=87.30s pos_err=0.075m T=20.57N z=5.503 m_est=2.064
[INFO] [1789412813.824452758] [acados_nmpc_node]: [attach-window] t=87.36s pos_err=0.084m T=20.48N z=5.514 m_est=2.064
[INFO] [1789412813.869207366] [acados_nmpc_node]: [attach-window] t=87.40s pos_err=0.062m T=20.59N z=5.520 m_est=2.064
[INFO] [1789412813.924478577] [acados_nmpc_node]: [attach-window] t=87.46s pos_err=0.085m T=20.42N z=5.532 m_est=2.064
[INFO] [1789412813.924885102] [acados_nmpc_node]: [wcmd] raw=[-0.013,-0.085,+0.269] w=[-0.005,-0.027,+0.604] err=[-0.009,-0.058] scaled=[-0.014,-0.087] s=1.03
[INFO] [1789412813.969057650] [acados_nmpc_node]: [attach-window] t=87.50s pos_err=0.059m T=20.54N z=5.538 m_est=2.064
[INFO] [1789412814.024634517] [acados_nmpc_node]: [attach-window] t=87.56s pos_err=0.088m T=20.31N z=5.551 m_est=2.064
[INFO] [1789412814.068956718] [acados_nmpc_node]: [attach-window] t=87.60s pos_err=0.059m T=20.44N z=5.558 m_est=2.064
[INFO] [1789412814.124592334] [acados_nmpc_node]: [attach-window] t=87.66s pos_err=0.075m T=20.33N z=5.570 m_est=2.064
[INFO] [1789412814.124991314] [acados_nmpc_node]: [wcmd] raw=[-0.021,-0.091,+0.144] w=[-0.003,-0.110,+0.416] err=[-0.018,+0.019] scaled=[-0.022,-0.091] s=1.02
[INFO] [1789412814.169011335] [acados_nmpc_node]: [attach-window] t=87.70s pos_err=0.044m T=20.45N z=5.577 m_est=2.064
[INFO] [1789412814.224192030] [acados_nmpc_node]: [attach-window] t=87.76s pos_err=0.062m T=20.35N z=5.590 m_est=2.064
[INFO] [1789412814.268922566] [acados_nmpc_node]: [attach-window] t=87.80s pos_err=0.028m T=20.47N z=5.596 m_est=2.064
[INFO] [1789412814.324254346] [acados_nmpc_node]: [attach-window] t=87.86s pos_err=0.069m T=20.27N z=5.611 m_est=2.064
[INFO] [1789412814.324679603] [acados_nmpc_node]: [wcmd] raw=[-0.006,-0.087,+0.081] w=[-0.013,-0.016,+0.251] err=[+0.007,-0.071] scaled=[-0.006,-0.088] s=1.02
[INFO] [1789412814.368783739] [acados_nmpc_node]: [attach-window] t=87.90s pos_err=0.032m T=20.41N z=5.617 m_est=2.064
[INFO] [1789412814.424362915] [acados_nmpc_node]: [attach-window] t=87.96s pos_err=0.053m T=20.30N z=5.631 m_est=2.064
[INFO] [1789412814.468830327] [acados_nmpc_node]: [attach-window] t=88.00s pos_err=0.015m T=20.44N z=5.637 m_est=2.064
[INFO] [1789412814.524141213] [acados_nmpc_node]: [attach-window] t=88.06s pos_err=0.064m T=20.22N z=5.652 m_est=2.064
[INFO] [1789412814.524566774] [acados_nmpc_node]: [wcmd] raw=[+0.038,-0.156,+0.063] w=[+0.006,-0.071,+0.136] err=[+0.032,-0.085] scaled=[+0.038,-0.157] s=1.01
[INFO] [1789412814.568821155] [acados_nmpc_node]: [attach-window] t=88.10s pos_err=0.025m T=20.37N z=5.659 m_est=2.064
[INFO] [1789412814.624404975] [acados_nmpc_node]: [attach-window] t=88.16s pos_err=0.050m T=20.24N z=5.673 m_est=2.064
[INFO] [1789412814.669036835] [acados_nmpc_node]: [attach-window] t=88.20s pos_err=0.014m T=20.38N z=5.680 m_est=2.064
[INFO] [1789412814.724169594] [acados_nmpc_node]: [attach-window] t=88.26s pos_err=0.064m T=20.15N z=5.695 m_est=2.064
[INFO] [1789412814.724582878] [acados_nmpc_node]: [wcmd] raw=[+0.052,-0.155,+0.073] w=[+0.037,-0.110,+0.074] err=[+0.015,-0.045] scaled=[+0.052,-0.156] s=1.01
[INFO] [1789412814.768792597] [acados_nmpc_node]: [attach-window] t=88.30s pos_err=0.026m T=20.30N z=5.702 m_est=2.064
[INFO] [1789412814.823924643] [acados_nmpc_node]: [attach-window] t=88.36s pos_err=0.052m T=20.17N z=5.717 m_est=2.064
[INFO] [1789412814.868797510] [acados_nmpc_node]: [attach-window] t=88.40s pos_err=0.023m T=20.31N z=5.724 m_est=2.064
[INFO] [1789412814.923884482] [acados_nmpc_node]: [attach-window] t=88.46s pos_err=0.064m T=20.09N z=5.741 m_est=2.064
[INFO] [1789412814.924296675] [acados_nmpc_node]: [wcmd] raw=[+0.042,-0.128,+0.093] w=[+0.035,-0.101,+0.053] err=[+0.007,-0.027] scaled=[+0.042,-0.128] s=1.00
[INFO] [1789412814.968758976] [acados_nmpc_node]: [attach-window] t=88.50s pos_err=0.031m T=20.22N z=5.748 m_est=2.064
[INFO] [1789412815.023844486] [acados_nmpc_node]: [attach-window] t=88.56s pos_err=0.076m T=19.99N z=5.765 m_est=2.064
[INFO] [1789412815.068629153] [acados_nmpc_node]: [attach-window] t=88.60s pos_err=0.040m T=20.14N z=5.773 m_est=2.064
[INFO] [1789412815.124078967] [acados_nmpc_node]: [attach-window] t=88.66s pos_err=0.062m T=20.04N z=5.788 m_est=2.064
[INFO] [1789412815.124494025] [acados_nmpc_node]: [wcmd] raw=[+0.049,-0.092,+0.106] w=[+0.035,-0.147,+0.059] err=[+0.014,+0.056] scaled=[+0.049,-0.091] s=1.00
[INFO] [1789412815.168740832] [acados_nmpc_node]: [attach-window] t=88.70s pos_err=0.038m T=20.16N z=5.796 m_est=2.064
[INFO] [1789412815.224573217] [acados_nmpc_node]: [attach-window] t=88.76s pos_err=0.050m T=20.09N z=5.812 m_est=2.064
[INFO] [1789412815.268772934] [acados_nmpc_node]: [attach-window] t=88.80s pos_err=0.047m T=20.19N z=5.819 m_est=2.064
[INFO] [1789412815.324124968] [acados_nmpc_node]: [attach-window] t=88.86s pos_err=0.059m T=20.03N z=5.837 m_est=2.064
[INFO] [1789412815.324540729] [acados_nmpc_node]: [wcmd] raw=[+0.044,-0.073,+0.104] w=[+0.039,+0.006,+0.073] err=[+0.005,-0.079] scaled=[+0.044,-0.073] s=1.00
[INFO] [1789412815.368767714] [acados_nmpc_node]: [attach-window] t=88.90s pos_err=0.051m T=20.17N z=5.844 m_est=2.064
[INFO] [1789412815.424251779] [acados_nmpc_node]: [attach-window] t=88.96s pos_err=0.067m T=19.96N z=5.861 m_est=2.064
[INFO] [1789412815.468875803] [acados_nmpc_node]: [attach-window] t=89.00s pos_err=0.067m T=20.21N z=5.867 m_est=2.064
[INFO] [1789412815.524678409] [acados_nmpc_node]: [attach-window] t=89.06s pos_err=0.060m T=20.01N z=5.883 m_est=2.064
[INFO] [1789412815.525139662] [acados_nmpc_node]: [wcmd] raw=[+0.031,-0.132,+0.086] w=[+0.038,-0.152,+0.082] err=[-0.007,+0.021] scaled=[+0.031,-0.132] s=1.00
[INFO] [1789412815.568846943] [acados_nmpc_node]: [attach-window] t=89.10s pos_err=0.068m T=20.13N z=5.891 m_est=2.064
[INFO] [1789412815.621854591] [acados_nmpc_node]: [attach-window] t=89.15s pos_err=0.069m T=19.88N z=5.908 m_est=2.064
[INFO] [1789412815.668000975] [acados_nmpc_node]: [attach-window] t=89.20s pos_err=0.069m T=20.04N z=5.916 m_est=2.064
[INFO] [1789412815.721551552] [acados_nmpc_node]: [attach-window] t=89.25s pos_err=0.067m T=19.93N z=5.931 m_est=2.064
[INFO] [1789412815.721867540] [acados_nmpc_node]: [wcmd] raw=[+0.038,-0.121,+0.054] w=[+0.037,-0.193,+0.079] err=[+0.001,+0.072] scaled=[+0.038,-0.121] s=1.00
[INFO] [1789412815.767965994] [acados_nmpc_node]: [attach-window] t=89.30s pos_err=0.085m T=20.06N z=5.939 m_est=2.064
[INFO] [1789412815.824213466] [acados_nmpc_node]: [attach-window] t=89.36s pos_err=0.073m T=20.01N z=5.954 m_est=2.064
[INFO] [1789412815.868869073] [acados_nmpc_node]: [attach-window] t=89.40s pos_err=0.103m T=20.11N z=5.961 m_est=2.064
[INFO] [1789412815.924021520] [acados_nmpc_node]: [attach-window] t=89.46s pos_err=0.074m T=19.99N z=5.977 m_est=2.064
[INFO] [1789412815.924438485] [acados_nmpc_node]: [wcmd] raw=[+0.038,-0.094,+0.017] w=[+0.049,-0.019,+0.061] err=[-0.012,-0.075] scaled=[+0.038,-0.094] s=1.00
[INFO] [1789412815.968741593] [acados_nmpc_node]: [attach-window] t=89.50s pos_err=0.101m T=20.12N z=5.984 m_est=2.064
[INFO] [1789412816.021587971] [acados_nmpc_node]: [attach-window] t=89.55s pos_err=0.076m T=19.92N z=6.000 m_est=2.064
[INFO] [1789412816.068729001] [acados_nmpc_node]: [attach-window] t=89.60s pos_err=0.120m T=20.16N z=6.006 m_est=2.064
[INFO] [1789412816.123977467] [acados_nmpc_node]: [attach-window] t=89.66s pos_err=0.085m T=19.99N z=6.021 m_est=2.064
[INFO] [1789412816.124386546] [acados_nmpc_node]: [wcmd] raw=[+0.023,-0.156,-0.022] w=[+0.041,-0.211,+0.031] err=[-0.018,+0.055] scaled=[+0.023,-0.156] s=1.00
[INFO] [1789412816.168759845] [acados_nmpc_node]: [attach-window] t=89.70s pos_err=0.116m T=20.09N z=6.028 m_est=2.064
[INFO] [1789412816.224064119] [acados_nmpc_node]: [attach-window] t=89.76s pos_err=0.085m T=19.91N z=6.044 m_est=2.064
[INFO] [1789412816.268951891] [acados_nmpc_node]: [attach-window] t=89.80s pos_err=0.135m T=20.09N z=6.050 m_est=2.064
[INFO] [1789412816.324405102] [acados_nmpc_node]: [attach-window] t=89.86s pos_err=0.096m T=19.97N z=6.066 m_est=2.064
[INFO] [1789412816.324817420] [acados_nmpc_node]: [wcmd] raw=[+0.027,-0.114,-0.057] w=[+0.034,-0.171,-0.004] err=[-0.007,+0.058] scaled=[+0.027,-0.114] s=1.00
[INFO] [1789412816.368789366] [acados_nmpc_node]: [attach-window] t=89.90s pos_err=0.130m T=20.06N z=6.072 m_est=2.064
[INFO] [1789412816.424510192] [acados_nmpc_node]: [attach-window] t=89.96s pos_err=0.111m T=20.02N z=6.086 m_est=2.064
[INFO] [1789412816.468825027] [acados_nmpc_node]: [attach-window] t=90.00s pos_err=0.149m T=20.11N z=6.092 m_est=2.064
[INFO] [1789412816.524608735] [acados_nmpc_node]: [attach-window] t=90.06s pos_err=0.109m T=20.04N z=6.107 m_est=2.064
[INFO] [1789412816.525030178] [acados_nmpc_node]: [wcmd] raw=[+0.034,-0.127,-0.088] w=[+0.048,-0.074,-0.043] err=[-0.013,-0.053] scaled=[+0.034,-0.127] s=1.00
[INFO] [1789412816.568834895] [acados_nmpc_node]: [attach-window] t=90.10s pos_err=0.145m T=20.13N z=6.114 m_est=2.064
[INFO] [1789412816.624718512] [acados_nmpc_node]: [attach-window] t=90.16s pos_err=0.125m T=20.09N z=6.127 m_est=2.064
[INFO] [1789412816.669119874] [acados_nmpc_node]: [attach-window] t=90.20s pos_err=0.165m T=20.17N z=6.133 m_est=2.064
[INFO] [1789412816.724412991] [acados_nmpc_node]: [attach-window] t=90.26s pos_err=0.120m T=20.07N z=6.148 m_est=2.064
[INFO] [1789412816.724836763] [acados_nmpc_node]: [wcmd] raw=[+0.035,-0.152,-0.115] w=[+0.052,-0.106,-0.075] err=[-0.017,-0.046] scaled=[+0.035,-0.152] s=1.00
[INFO] [1789412816.768785349] [acados_nmpc_node]: [attach-window] t=90.30s pos_err=0.158m T=20.15N z=6.154 m_est=2.064
[INFO] [1789412816.824283550] [acados_nmpc_node]: [attach-window] t=90.36s pos_err=0.135m T=20.10N z=6.167 m_est=2.064
[INFO] [1789412816.869006405] [acados_nmpc_node]: [attach-window] t=90.40s pos_err=0.174m T=20.17N z=6.173 m_est=2.064
[INFO] [1789412816.924373978] [acados_nmpc_node]: [attach-window] t=90.46s pos_err=0.128m T=20.10N z=6.188 m_est=2.064
[INFO] [1789412816.924780532] [acados_nmpc_node]: [wcmd] raw=[+0.037,-0.143,-0.142] w=[+0.053,-0.119,-0.108] err=[-0.016,-0.025] scaled=[+0.037,-0.143] s=1.00
[INFO] [1789412816.969076306] [acados_nmpc_node]: [attach-window] t=90.50s pos_err=0.165m T=20.17N z=6.194 m_est=2.064
[INFO] [1789412817.024565495] [acados_nmpc_node]: [attach-window] t=90.56s pos_err=0.141m T=20.14N z=6.206 m_est=2.064
[INFO] [1789412817.025049094] [acados_nmpc_node]: t=90.6s | pos_err=0.141m | T=20.14N | tau=[r-0.004 p0.006 y-0.015]Nm | res_stat=5.472e-07(peak 1.000e-06) sqp_iter=5 | solve=2.3ms
[INFO] [1789412817.025259848] [acados_nmpc_node]: [flight-diag] t=90.6s | om_scale=1.000(lo 1.000 hi 2.069) | tilt_max=10.25deg | w_max=[r0.419 p1.132 y1.015]rad/s | u_frac=[T0.661 r0.304 p1.000 y0.724] | u_sat=[T0.0 r0.0 p1.0 y0.0]% | mot_peak=0.943 mot_sat=0.0% | health=1 age=0.000s conf=1.000 | n=100
[INFO] [1789412817.068881594] [acados_nmpc_node]: [attach-window] t=90.60s pos_err=0.155m T=20.17N z=6.214 m_est=2.064
[INFO] [1789412817.124843999] [acados_nmpc_node]: [attach-window] t=90.66s pos_err=0.132m T=20.15N z=6.227 m_est=2.064
[INFO] [1789412817.125269761] [acados_nmpc_node]: [wcmd] raw=[+0.039,-0.136,-0.173] w=[+0.057,-0.110,-0.135] err=[-0.018,-0.026] scaled=[+0.039,-0.136] s=1.00
[INFO] [1789412817.169130930] [acados_nmpc_node]: [attach-window] t=90.70s pos_err=0.168m T=20.22N z=6.233 m_est=2.064
[INFO] [1789412817.224411996] [acados_nmpc_node]: [attach-window] t=90.76s pos_err=0.143m T=20.22N z=6.245 m_est=2.064
[INFO] [1789412817.269085928] [acados_nmpc_node]: [attach-window] t=90.80s pos_err=0.156m T=20.25N z=6.253 m_est=2.064
[INFO] [1789412817.324558494] [acados_nmpc_node]: [attach-window] t=90.86s pos_err=0.133m T=20.24N z=6.265 m_est=2.064
[INFO] [1789412817.324969422] [acados_nmpc_node]: [wcmd] raw=[+0.038,-0.089,-0.210] w=[+0.060,-0.071,-0.165] err=[-0.022,-0.018] scaled=[+0.038,-0.089] s=1.00
[INFO] [1789412817.369195037] [acados_nmpc_node]: [attach-window] t=90.90s pos_err=0.170m T=20.29N z=6.271 m_est=2.064
[INFO] [1789412817.424123734] [acados_nmpc_node]: [attach-window] t=90.96s pos_err=0.124m T=20.26N z=6.284 m_est=2.064
[INFO] [1789412817.469207579] [acados_nmpc_node]: [attach-window] t=91.00s pos_err=0.158m T=20.30N z=6.290 m_est=2.064
[INFO] [1789412817.525055501] [acados_nmpc_node]: [attach-window] t=91.06s pos_err=0.136m T=20.29N z=6.302 m_est=2.064
[INFO] [1789412817.525505343] [acados_nmpc_node]: [wcmd] raw=[+0.037,-0.055,-0.256] w=[+0.052,-0.102,-0.198] err=[-0.015,+0.047] scaled=[+0.037,-0.055] s=1.00
[INFO] [1789412817.569289125] [acados_nmpc_node]: [attach-window] t=91.10s pos_err=0.171m T=20.33N z=6.308 m_est=2.064
[INFO] [1789412817.624720530] [acados_nmpc_node]: [attach-window] t=91.16s pos_err=0.127m T=20.30N z=6.321 m_est=2.064
[INFO] [1789412817.669211392] [acados_nmpc_node]: [attach-window] t=91.20s pos_err=0.183m T=20.35N z=6.325 m_est=2.064
[INFO] [1789412817.724964190] [acados_nmpc_node]: [attach-window] t=91.26s pos_err=0.139m T=20.31N z=6.339 m_est=2.064
[INFO] [1789412817.725402486] [acados_nmpc_node]: [wcmd] raw=[+0.037,-0.050,-0.316] w=[+0.054,-0.067,-0.239] err=[-0.017,+0.017] scaled=[+0.037,-0.050] s=1.00
[INFO] [1789412817.769121902] [acados_nmpc_node]: [attach-window] t=91.30s pos_err=0.173m T=20.32N z=6.345 m_est=2.064
[INFO] [1789412817.824911089] [acados_nmpc_node]: [attach-window] t=91.36s pos_err=0.151m T=20.28N z=6.358 m_est=2.064
[INFO] [1789412817.869251737] [acados_nmpc_node]: [attach-window] t=91.40s pos_err=0.184m T=20.31N z=6.364 m_est=2.064
[INFO] [1789412817.924956273] [acados_nmpc_node]: [attach-window] t=91.46s pos_err=0.141m T=20.24N z=6.379 m_est=2.064
[INFO] [1789412817.925367453] [acados_nmpc_node]: [wcmd] raw=[+0.018,-0.107,-0.392] w=[+0.061,-0.051,-0.291] err=[-0.043,-0.056] scaled=[+0.018,-0.107] s=1.00
[INFO] [1789412817.969078009] [acados_nmpc_node]: [attach-window] t=91.50s pos_err=0.174m T=20.28N z=6.385 m_est=2.064
[INFO] [1789412818.024784039] [acados_nmpc_node]: [attach-window] t=91.56s pos_err=0.151m T=20.24N z=6.398 m_est=2.064
[INFO] [1789412818.069095820] [acados_nmpc_node]: [attach-window] t=91.60s pos_err=0.182m T=20.28N z=6.405 m_est=2.064
[INFO] [1789412818.125140977] [acados_nmpc_node]: [attach-window] t=91.66s pos_err=0.142m T=20.22N z=6.419 m_est=2.064
[INFO] [1789412818.125574615] [acados_nmpc_node]: [wcmd] raw=[-0.006,-0.117,-0.488] w=[+0.038,-0.092,-0.355] err=[-0.044,-0.025] scaled=[-0.006,-0.117] s=1.00
[INFO] [1789412818.169321942] [acados_nmpc_node]: [attach-window] t=91.70s pos_err=0.170m T=20.26N z=6.426 m_est=2.064
[INFO] [1789412818.225099063] [acados_nmpc_node]: [attach-window] t=91.76s pos_err=0.150m T=20.24N z=6.439 m_est=2.064
[INFO] [1789412818.269491741] [acados_nmpc_node]: [attach-window] t=91.80s pos_err=0.178m T=20.27N z=6.445 m_est=2.064
[INFO] [1789412818.325635738] [acados_nmpc_node]: [attach-window] t=91.86s pos_err=0.141m T=20.24N z=6.459 m_est=2.064
[INFO] [1789412818.326110178] [acados_nmpc_node]: [wcmd] raw=[-0.015,-0.076,-0.601] w=[+0.025,-0.073,-0.436] err=[-0.040,-0.003] scaled=[-0.015,-0.076] s=1.00
[INFO] [1789412818.369415123] [acados_nmpc_node]: [attach-window] t=91.90s pos_err=0.166m T=20.29N z=6.465 m_est=2.064
[INFO] [1789412818.424935414] [acados_nmpc_node]: [attach-window] t=91.96s pos_err=0.131m T=20.25N z=6.478 m_est=2.064
[INFO] [1789412818.469264068] [acados_nmpc_node]: [attach-window] t=92.00s pos_err=0.173m T=20.32N z=6.482 m_est=2.064
[INFO] [1789412818.524843744] [acados_nmpc_node]: [attach-window] t=92.06s pos_err=0.140m T=20.28N z=6.495 m_est=2.064
[INFO] [1789412818.525290095] [acados_nmpc_node]: [wcmd] raw=[-0.028,-0.043,-0.722] w=[+0.002,-0.080,-0.538] err=[-0.030,+0.037] scaled=[-0.028,-0.043] s=1.00
[INFO] [1789412818.569157939] [acados_nmpc_node]: [attach-window] t=92.10s pos_err=0.163m T=20.32N z=6.500 m_est=2.064
[INFO] [1789412818.624747660] [acados_nmpc_node]: [attach-window] t=92.16s pos_err=0.147m T=20.30N z=6.511 m_est=2.064
[INFO] [1789412818.669309996] [acados_nmpc_node]: [attach-window] t=92.20s pos_err=0.170m T=20.34N z=6.517 m_est=2.064
[INFO] [1789412818.724686457] [acados_nmpc_node]: [attach-window] t=92.26s pos_err=0.139m T=20.30N z=6.529 m_est=2.064
[INFO] [1789412818.725101473] [acados_nmpc_node]: [wcmd] raw=[-0.031,-0.051,-0.855] w=[+0.020,-0.017,-0.652] err=[-0.050,-0.034] scaled=[-0.031,-0.051] s=1.00
[INFO] [1789412818.769125404] [acados_nmpc_node]: [attach-window] t=92.30s pos_err=0.160m T=20.34N z=6.534 m_est=2.064
[INFO] [1789412818.824676257] [acados_nmpc_node]: [attach-window] t=92.36s pos_err=0.144m T=20.31N z=6.544 m_est=2.064
[INFO] [1789412818.869164436] [acados_nmpc_node]: [attach-window] t=92.40s pos_err=0.163m T=20.36N z=6.549 m_est=2.064
[INFO] [1789412818.924413586] [acados_nmpc_node]: [attach-window] t=92.46s pos_err=0.136m T=20.29N z=6.560 m_est=2.064
[INFO] [1789412818.924836766] [acados_nmpc_node]: [wcmd] raw=[-0.030,-0.074,-0.965] w=[+0.017,-0.041,-0.779] err=[-0.047,-0.033] scaled=[-0.030,-0.074] s=1.00
[INFO] [1789412818.969159715] [acados_nmpc_node]: [attach-window] t=92.50s pos_err=0.153m T=20.34N z=6.565 m_est=2.064
[INFO] [1789412819.024071619] [acados_nmpc_node]: [attach-window] t=92.56s pos_err=0.138m T=20.31N z=6.575 m_est=2.064
[INFO] [1789412819.069031149] [acados_nmpc_node]: [attach-window] t=92.60s pos_err=0.155m T=20.36N z=6.580 m_est=2.064
[INFO] [1789412819.124506935] [acados_nmpc_node]: [attach-window] t=92.66s pos_err=0.130m T=20.29N z=6.591 m_est=2.064
[INFO] [1789412819.124912755] [acados_nmpc_node]: [wcmd] raw=[-0.032,-0.061,-1.025] w=[+0.019,-0.045,-0.901] err=[-0.051,-0.016] scaled=[-0.032,-0.061] s=1.00
[INFO] [1789412819.168794174] [acados_nmpc_node]: [attach-window] t=92.70s pos_err=0.145m T=20.35N z=6.595 m_est=2.064
[INFO] [1789412819.224576976] [acados_nmpc_node]: [attach-window] t=92.76s pos_err=0.132m T=20.32N z=6.604 m_est=2.064
[INFO] [1789412819.268870822] [acados_nmpc_node]: [attach-window] t=92.80s pos_err=0.145m T=20.37N z=6.609 m_est=2.064
[INFO] [1789412819.324478100] [acados_nmpc_node]: [attach-window] t=92.86s pos_err=0.123m T=20.29N z=6.619 m_est=2.064
[INFO] [1789412819.324868889] [acados_nmpc_node]: [wcmd] raw=[-0.035,-0.063,-0.998] w=[+0.004,-0.032,-0.996] err=[-0.039,-0.032] scaled=[-0.035,-0.063] s=1.00
[INFO] [1789412819.368805543] [acados_nmpc_node]: [attach-window] t=92.90s pos_err=0.135m T=20.35N z=6.623 m_est=2.064
[INFO] [1789412819.424485553] [acados_nmpc_node]: [attach-window] t=92.96s pos_err=0.122m T=20.30N z=6.632 m_est=2.064
[INFO] [1789412819.468949826] [acados_nmpc_node]: [attach-window] t=93.00s pos_err=0.133m T=20.36N z=6.637 m_est=2.064
[INFO] [1789412819.524436815] [acados_nmpc_node]: [attach-window] t=93.06s pos_err=0.113m T=20.26N z=6.647 m_est=2.064
[INFO] [1789412819.524825033] [acados_nmpc_node]: [wcmd] raw=[-0.007,-0.085,-0.905] w=[-0.004,-0.044,-1.030] err=[-0.004,-0.040] scaled=[-0.007,-0.085] s=1.00
[INFO] [1789412819.568956811] [acados_nmpc_node]: [attach-window] t=93.10s pos_err=0.122m T=20.32N z=6.652 m_est=2.064
[INFO] [1789412819.624463742] [acados_nmpc_node]: [attach-window] t=93.16s pos_err=0.110m T=20.27N z=6.660 m_est=2.064
[INFO] [1789412819.668932354] [acados_nmpc_node]: [attach-window] t=93.20s pos_err=0.118m T=20.34N z=6.665 m_est=2.064
[INFO] [1789412819.724317381] [acados_nmpc_node]: [attach-window] t=93.26s pos_err=0.100m T=20.24N z=6.674 m_est=2.064
[INFO] [1789412819.724708485] [acados_nmpc_node]: [wcmd] raw=[+0.025,-0.082,-0.739] w=[+0.014,-0.048,-0.995] err=[+0.011,-0.034] scaled=[+0.025,-0.082] s=1.00
[INFO] [1789412819.769002919] [acados_nmpc_node]: [attach-window] t=93.30s pos_err=0.106m T=20.31N z=6.678 m_est=2.064
[INFO] [1789412819.824593172] [acados_nmpc_node]: [attach-window] t=93.36s pos_err=0.090m T=20.20N z=6.688 m_est=2.064
[INFO] [1789412819.869209175] [acados_nmpc_node]: [attach-window] t=93.40s pos_err=0.095m T=20.27N z=6.692 m_est=2.064
[INFO] [1789412819.924663011] [acados_nmpc_node]: [attach-window] t=93.46s pos_err=0.084m T=20.22N z=6.700 m_est=2.064
[INFO] [1789412819.925046317] [acados_nmpc_node]: [wcmd] raw=[+0.034,-0.053,-0.540] w=[+0.009,-0.089,-0.879] err=[+0.025,+0.036] scaled=[+0.034,-0.053] s=1.00
[INFO] [1789412819.969092265] [acados_nmpc_node]: [attach-window] t=93.50s pos_err=0.092m T=20.28N z=6.704 m_est=2.064
[INFO] [1789412820.025125088] [acados_nmpc_node]: [attach-window] t=93.56s pos_err=0.080m T=20.23N z=6.711 m_est=2.064
[INFO] [1789412820.069155703] [acados_nmpc_node]: [attach-window] t=93.60s pos_err=0.081m T=20.24N z=6.716 m_est=2.064
[INFO] [1789412820.122087236] [acados_nmpc_node]: [attach-window] t=93.65s pos_err=0.070m T=20.17N z=6.723 m_est=2.064
[INFO] [1789412820.122385777] [acados_nmpc_node]: [wcmd] raw=[+0.028,-0.072,-0.367] w=[+0.022,+0.001,-0.711] err=[+0.006,-0.073] scaled=[+0.028,-0.072] s=1.00
[INFO] [1789412820.169128180] [acados_nmpc_node]: [attach-window] t=93.70s pos_err=0.082m T=20.25N z=6.727 m_est=2.064
[INFO] [1789412820.224475246] [acados_nmpc_node]: [attach-window] t=93.76s pos_err=0.063m T=20.14N z=6.735 m_est=2.064
[INFO] [1789412820.269150601] [acados_nmpc_node]: [attach-window] t=93.80s pos_err=0.086m T=20.25N z=6.737 m_est=2.064
[INFO] [1789412820.324429480] [acados_nmpc_node]: [attach-window] t=93.86s pos_err=0.063m T=20.12N z=6.745 m_est=2.064
[INFO] [1789412820.324816157] [acados_nmpc_node]: [wcmd] raw=[+0.016,-0.065,-0.247] w=[+0.002,-0.078,-0.532] err=[+0.015,+0.013] scaled=[+0.016,-0.065] s=1.00
[INFO] [1789412820.368937995] [acados_nmpc_node]: [attach-window] t=93.90s pos_err=0.081m T=20.17N z=6.749 m_est=2.064
[INFO] [1789412820.424545292] [acados_nmpc_node]: [attach-window] t=93.96s pos_err=0.069m T=20.07N z=6.756 m_est=2.064
[INFO] [1789412820.468780580] [acados_nmpc_node]: [attach-window] t=94.00s pos_err=0.092m T=20.13N z=6.759 m_est=2.064
[INFO] [1789412820.524266268] [acados_nmpc_node]: [attach-window] t=94.06s pos_err=0.066m T=19.99N z=6.767 m_est=2.064
[INFO] [1789412820.524672507] [acados_nmpc_node]: [wcmd] raw=[-0.006,-0.117,-0.178] w=[+0.001,-0.051,-0.367] err=[-0.007,-0.066] scaled=[-0.006,-0.117] s=1.00
[INFO] [1789412820.568768197] [acados_nmpc_node]: [attach-window] t=94.10s pos_err=0.090m T=20.07N z=6.770 m_est=2.064
[INFO] [1789412820.624679677] [acados_nmpc_node]: [attach-window] t=94.16s pos_err=0.077m T=20.01N z=6.776 m_est=2.064
[INFO] [1789412820.668968394] [acados_nmpc_node]: [attach-window] t=94.20s pos_err=0.103m T=20.08N z=6.779 m_est=2.064
[INFO] [1789412820.724422515] [acados_nmpc_node]: [attach-window] t=94.26s pos_err=0.074m T=19.97N z=6.785 m_est=2.064
[INFO] [1789412820.724822475] [acados_nmpc_node]: [wcmd] raw=[-0.027,-0.154,-0.162] w=[-0.012,-0.107,-0.253] err=[-0.016,-0.048] scaled=[-0.027,-0.154] s=1.00
[INFO] [1789412820.768785510] [acados_nmpc_node]: [attach-window] t=94.30s pos_err=0.100m T=20.05N z=6.787 m_est=2.064
[INFO] [1789412820.824289488] [acados_nmpc_node]: [attach-window] t=94.36s pos_err=0.085m T=19.99N z=6.791 m_est=2.064
[INFO] [1789412820.868805764] [acados_nmpc_node]: [attach-window] t=94.40s pos_err=0.113m T=20.07N z=6.793 m_est=2.064
[INFO] [1789412820.924199734] [acados_nmpc_node]: [attach-window] t=94.46s pos_err=0.079m T=19.99N z=6.797 m_est=2.064
[INFO] [1789412820.924584166] [acados_nmpc_node]: [wcmd] raw=[-0.015,-0.154,-0.181] w=[-0.014,-0.128,-0.188] err=[-0.001,-0.026] scaled=[-0.015,-0.154] s=1.00
[INFO] [1789412820.968794725] [acados_nmpc_node]: [attach-window] t=94.50s pos_err=0.106m T=20.07N z=6.798 m_est=2.064
[INFO] [1789412821.024200915] [acados_nmpc_node]: [attach-window] t=94.56s pos_err=0.087m T=20.02N z=6.801 m_est=2.064
[INFO] [1789412821.068988175] [acados_nmpc_node]: [attach-window] t=94.60s pos_err=0.116m T=20.09N z=6.803 m_est=2.064
[INFO] [1789412821.124212949] [acados_nmpc_node]: [attach-window] t=94.66s pos_err=0.079m T=20.01N z=6.805 m_est=2.064
[INFO] [1789412821.124601138] [acados_nmpc_node]: [wcmd] raw=[+0.000,-0.147,-0.219] w=[+0.011,-0.121,-0.169] err=[-0.010,-0.026] scaled=[+0.000,-0.147] s=1.00
[INFO] [1789412821.168784163] [acados_nmpc_node]: [attach-window] t=94.70s pos_err=0.107m T=20.07N z=6.806 m_est=2.064
[INFO] [1789412821.224284106] [acados_nmpc_node]: [attach-window] t=94.76s pos_err=0.088m T=20.03N z=6.808 m_est=2.064
[INFO] [1789412821.268799845] [acados_nmpc_node]: [attach-window] t=94.80s pos_err=0.118m T=20.09N z=6.809 m_est=2.064
[INFO] [1789412821.324659035] [acados_nmpc_node]: [attach-window] t=94.86s pos_err=0.081m T=20.04N z=6.809 m_est=2.064
[INFO] [1789412821.325045009] [acados_nmpc_node]: [wcmd] raw=[-0.014,-0.126,-0.260] w=[+0.022,-0.105,-0.184] err=[-0.036,-0.021] scaled=[-0.014,-0.126] s=1.00
[INFO] [1789412821.368849181] [acados_nmpc_node]: [attach-window] t=94.90s pos_err=0.111m T=20.10N z=6.810 m_est=2.064
[INFO] [1789412821.424475246] [acados_nmpc_node]: [attach-window] t=94.96s pos_err=0.074m T=20.04N z=6.810 m_est=2.064
[INFO] [1789412821.468867796] [acados_nmpc_node]: [attach-window] t=95.00s pos_err=0.105m T=20.10N z=6.810 m_est=2.064
[INFO] [1789412821.524303620] [acados_nmpc_node]: [attach-window] t=95.06s pos_err=0.087m T=20.08N z=6.810 m_est=2.064
[INFO] [1789412821.524693582] [acados_nmpc_node]: [wcmd] raw=[-0.035,-0.093,-0.294] w=[-0.007,-0.154,-0.218] err=[-0.028,+0.062] scaled=[-0.035,-0.093] s=1.00
[INFO] [1789412821.568863232] [acados_nmpc_node]: [attach-window] t=95.10s pos_err=0.120m T=20.11N z=6.809 m_est=2.064
[INFO] [1789412821.624631297] [acados_nmpc_node]: [attach-window] t=95.16s pos_err=0.103m T=20.11N z=6.809 m_est=2.064
[INFO] [1789412821.668812074] [acados_nmpc_node]: [attach-window] t=95.20s pos_err=0.136m T=20.13N z=6.808 m_est=2.064
[INFO] [1789412821.724283355] [acados_nmpc_node]: [attach-window] t=95.26s pos_err=0.098m T=20.10N z=6.807 m_est=2.064
[INFO] [1789412821.724667362] [acados_nmpc_node]: [wcmd] raw=[-0.023,-0.088,-0.318] w=[-0.006,-0.039,-0.256] err=[-0.016,-0.049] scaled=[-0.023,-0.088] s=1.00
[INFO] [1789412821.768813699] [acados_nmpc_node]: [attach-window] t=95.30s pos_err=0.132m T=20.14N z=6.806 m_est=2.064
[INFO] [1789412821.824279551] [acados_nmpc_node]: [attach-window] t=95.36s pos_err=0.094m T=20.07N z=6.804 m_est=2.064
[INFO] [1789412821.868914618] [acados_nmpc_node]: [attach-window] t=95.40s pos_err=0.126m T=20.11N z=6.803 m_est=2.064
[INFO] [1789412821.922043158] [acados_nmpc_node]: [attach-window] t=95.45s pos_err=0.104m T=20.07N z=6.801 m_est=2.064
[INFO] [1789412821.922334690] [acados_nmpc_node]: [wcmd] raw=[-0.016,-0.161,-0.329] w=[-0.011,-0.165,-0.291] err=[-0.006,+0.005] scaled=[-0.016,-0.161] s=1.00
[INFO] [1789412821.968138735] [acados_nmpc_node]: [attach-window] t=95.50s pos_err=0.140m T=20.10N z=6.800 m_est=2.064
[INFO] [1789412822.022013529] [acados_nmpc_node]: [attach-window] t=95.55s pos_err=0.098m T=20.07N z=6.798 m_est=2.064
[INFO] [1789412822.022365176] [acados_nmpc_node]: t=95.6s | pos_err=0.098m | T=20.07N | tau=[r-0.002 p0.001 y-0.015]Nm | res_stat=1.620e-07(peak 1.000e-06) sqp_iter=5 | solve=1.6ms
[INFO] [1789412822.022519552] [acados_nmpc_node]: [flight-diag] t=95.6s | om_scale=1.000(lo 1.000 hi 1.000) | tilt_max=9.45deg | w_max=[r0.070 p0.170 y1.030]rad/s | u_frac=[T0.650 r0.038 p0.084 y0.727] | u_sat=[T0.0 r0.0 p0.0 y0.0]% | mot_peak=0.831 mot_sat=0.0% | health=1 age=0.000s conf=1.000 | n=100
[INFO] [1789412822.068104117] [acados_nmpc_node]: [attach-window] t=95.60s pos_err=0.153m T=20.10N z=6.797 m_est=2.064
[INFO] [1789412822.121777090] [acados_nmpc_node]: [attach-window] t=95.65s pos_err=0.110m T=20.09N z=6.793 m_est=2.064
[INFO] [1789412822.122061139] [acados_nmpc_node]: [wcmd] raw=[+0.008,-0.098,-0.345] w=[+0.005,-0.165,-0.312] err=[+0.002,+0.067] scaled=[+0.008,-0.098] s=1.00
[INFO] [1789412822.168752111] [acados_nmpc_node]: [attach-window] t=95.70s pos_err=0.145m T=20.09N z=6.792 m_est=2.064
[INFO] [1789412822.224204315] [acados_nmpc_node]: [attach-window] t=95.76s pos_err=0.126m T=20.11N z=6.789 m_est=2.064
[INFO] [1789412822.268962080] [acados_nmpc_node]: [attach-window] t=95.80s pos_err=0.157m T=20.12N z=6.787 m_est=2.064
[INFO] [1789412822.324274087] [acados_nmpc_node]: [attach-window] t=95.86s pos_err=0.120m T=20.15N z=6.782 m_est=2.064
[INFO] [1789412822.324660640] [acados_nmpc_node]: [wcmd] raw=[+0.014,-0.106,-0.369] w=[+0.036,-0.060,-0.331] err=[-0.022,-0.046] scaled=[+0.014,-0.106] s=1.00
[INFO] [1789412822.368751411] [acados_nmpc_node]: [attach-window] t=95.90s pos_err=0.150m T=20.17N z=6.780 m_est=2.064
[INFO] [1789412822.424343776] [acados_nmpc_node]: [attach-window] t=95.96s pos_err=0.114m T=20.19N z=6.775 m_est=2.064
[INFO] [1789412822.468723453] [acados_nmpc_node]: [attach-window] t=96.00s pos_err=0.142m T=20.20N z=6.772 m_est=2.064
[INFO] [1789412822.524598413] [acados_nmpc_node]: [attach-window] t=96.06s pos_err=0.124m T=20.21N z=6.767 m_est=2.064
[INFO] [1789412822.525005250] [acados_nmpc_node]: [wcmd] raw=[+0.013,-0.124,-0.405] w=[+0.025,-0.154,-0.352] err=[-0.012,+0.030] scaled=[+0.013,-0.124] s=1.00
[INFO] [1789412822.569044973] [acados_nmpc_node]: [attach-window] t=96.10s pos_err=0.151m T=20.21N z=6.765 m_est=2.064
[INFO] [1789412822.624913241] [acados_nmpc_node]: [attach-window] t=96.16s pos_err=0.117m T=20.24N z=6.759 m_est=2.064
[INFO] [1789412822.669268878] [acados_nmpc_node]: [attach-window] t=96.20s pos_err=0.142m T=20.24N z=6.756 m_est=2.064
[INFO] [1789412822.724494527] [acados_nmpc_node]: [attach-window] t=96.26s pos_err=0.125m T=20.24N z=6.751 m_est=2.064
[INFO] [1789412822.724895566] [acados_nmpc_node]: [wcmd] raw=[+0.018,-0.076,-0.458] w=[+0.032,-0.118,-0.380] err=[-0.014,+0.042] scaled=[+0.018,-0.076] s=1.00
[INFO] [1789412822.769148533] [acados_nmpc_node]: [attach-window] t=96.30s pos_err=0.150m T=20.22N z=6.749 m_est=2.064
[INFO] [1789412822.822260862] [acados_nmpc_node]: [attach-window] t=96.35s pos_err=0.115m T=20.24N z=6.743 m_est=2.064
[INFO] [1789412822.868230008] [acados_nmpc_node]: [attach-window] t=96.40s pos_err=0.157m T=20.21N z=6.741 m_est=2.064
[INFO] [1789412822.921586082] [acados_nmpc_node]: [attach-window] t=96.45s pos_err=0.121m T=20.22N z=6.736 m_est=2.064
[INFO] [1789412822.921880945] [acados_nmpc_node]: [wcmd] raw=[-0.007,-0.092,-0.537] w=[+0.030,-0.103,-0.422] err=[-0.036,+0.011] scaled=[-0.007,-0.092] s=1.00
[INFO] [1789412822.969057014] [acados_nmpc_node]: [attach-window] t=96.50s pos_err=0.147m T=20.19N z=6.733 m_est=2.064
[INFO] [1789412823.025366765] [acados_nmpc_node]: [attach-window] t=96.56s pos_err=0.132m T=20.19N z=6.728 m_est=2.064
[INFO] [1789412823.069265830] [acados_nmpc_node]: [attach-window] t=96.60s pos_err=0.138m T=20.18N z=6.725 m_est=2.064
[INFO] [1789412823.124694854] [acados_nmpc_node]: [attach-window] t=96.66s pos_err=0.122m T=20.20N z=6.720 m_est=2.064
[INFO] [1789412823.125085727] [acados_nmpc_node]: [wcmd] raw=[-0.012,-0.115,-0.643] w=[+0.033,-0.064,-0.487] err=[-0.044,-0.051] scaled=[-0.012,-0.115] s=1.00
[INFO] [1789412823.169058597] [acados_nmpc_node]: [attach-window] t=96.70s pos_err=0.142m T=20.20N z=6.717 m_est=2.064
[INFO] [1789412823.224613636] [acados_nmpc_node]: [attach-window] t=96.76s pos_err=0.114m T=20.24N z=6.710 m_est=2.064
[INFO] [1789412823.269075493] [acados_nmpc_node]: [attach-window] t=96.80s pos_err=0.145m T=20.22N z=6.708 m_est=2.064
[INFO] [1789412823.324651268] [acados_nmpc_node]: [attach-window] t=96.86s pos_err=0.117m T=20.26N z=6.700 m_est=2.064
[INFO] [1789412823.325044415] [acados_nmpc_node]: [wcmd] raw=[-0.008,-0.097,-0.758] w=[+0.018,-0.129,-0.574] err=[-0.026,+0.033] scaled=[-0.008,-0.097] s=1.00
[INFO] [1789412823.369058905] [acados_nmpc_node]: [attach-window] t=96.90s pos_err=0.133m T=20.24N z=6.696 m_est=2.064
[INFO] [1789412823.424790061] [acados_nmpc_node]: [attach-window] t=96.96s pos_err=0.110m T=20.27N z=6.689 m_est=2.064
[INFO] [1789412823.469279527] [acados_nmpc_node]: [attach-window] t=97.00s pos_err=0.133m T=20.25N z=6.686 m_est=2.064
[INFO] [1789412823.525059075] [acados_nmpc_node]: [attach-window] t=97.06s pos_err=0.110m T=20.28N z=6.678 m_est=2.064
[INFO] [1789412823.525451543] [acados_nmpc_node]: [wcmd] raw=[-0.009,-0.082,-0.883] w=[+0.022,-0.104,-0.681] err=[-0.032,+0.022] scaled=[-0.009,-0.082] s=1.00
[INFO] [1789412823.569191901] [acados_nmpc_node]: [attach-window] t=97.10s pos_err=0.121m T=20.27N z=6.674 m_est=2.064
[INFO] [1789412823.624947704] [acados_nmpc_node]: [attach-window] t=97.16s pos_err=0.109m T=20.28N z=6.667 m_est=2.064
[INFO] [1789412823.669173121] [acados_nmpc_node]: [attach-window] t=97.20s pos_err=0.119m T=20.26N z=6.663 m_est=2.064
[INFO] [1789412823.724740060] [acados_nmpc_node]: [attach-window] t=97.26s pos_err=0.101m T=20.27N z=6.655 m_est=2.064
[INFO] [1789412823.725133238] [acados_nmpc_node]: [wcmd] raw=[-0.010,-0.081,-0.995] w=[+0.044,-0.053,-0.799] err=[-0.053,-0.028] scaled=[-0.010,-0.081] s=1.00
[INFO] [1789412823.769182445] [acados_nmpc_node]: [attach-window] t=97.30s pos_err=0.107m T=20.26N z=6.652 m_est=2.064
[INFO] [1789412823.824712433] [acados_nmpc_node]: [attach-window] t=97.36s pos_err=0.098m T=20.25N z=6.645 m_est=2.064
[INFO] [1789412823.868939285] [acados_nmpc_node]: [attach-window] t=97.40s pos_err=0.104m T=20.23N z=6.642 m_est=2.064
[INFO] [1789412823.924702271] [acados_nmpc_node]: [attach-window] t=97.46s pos_err=0.091m T=20.24N z=6.634 m_est=2.064
[INFO] [1789412823.925087255] [acados_nmpc_node]: [wcmd] raw=[-0.024,-0.062,-1.052] w=[+0.037,-0.044,-0.919] err=[-0.061,-0.017] scaled=[-0.024,-0.062] s=1.00
[INFO] [1789412823.968864633] [acados_nmpc_node]: [attach-window] t=97.50s pos_err=0.094m T=20.24N z=6.630 m_est=2.064
[INFO] [1789412824.024366642] [acados_nmpc_node]: [attach-window] t=97.56s pos_err=0.086m T=20.25N z=6.621 m_est=2.064
[INFO] [1789412824.068823172] [acados_nmpc_node]: [attach-window] t=97.60s pos_err=0.086m T=20.26N z=6.617 m_est=2.064
[INFO] [1789412824.124256182] [acados_nmpc_node]: [attach-window] t=97.66s pos_err=0.081m T=20.27N z=6.609 m_est=2.064
[INFO] [1789412824.124657724] [acados_nmpc_node]: [wcmd] raw=[-0.009,-0.043,-1.030] w=[-0.000,-0.060,-1.011] err=[-0.009,+0.017] scaled=[-0.009,-0.043] s=1.00
[INFO] [1789412824.168761093] [acados_nmpc_node]: [attach-window] t=97.70s pos_err=0.080m T=20.27N z=6.605 m_est=2.064
[INFO] [1789412824.224786906] [acados_nmpc_node]: [attach-window] t=97.76s pos_err=0.076m T=20.31N z=6.595 m_est=2.064
[INFO] [1789412824.268920502] [acados_nmpc_node]: [attach-window] t=97.80s pos_err=0.071m T=20.32N z=6.590 m_est=2.064
[INFO] [1789412824.324485127] [acados_nmpc_node]: [attach-window] t=97.86s pos_err=0.068m T=20.35N z=6.580 m_est=2.064
[INFO] [1789412824.324865394] [acados_nmpc_node]: [wcmd] raw=[+0.040,-0.018,-0.912] w=[+0.022,-0.028,-1.044] err=[+0.018,+0.011] scaled=[+0.040,-0.018] s=1.00
[INFO] [1789412824.368830837] [acados_nmpc_node]: [attach-window] t=97.90s pos_err=0.064m T=20.36N z=6.575 m_est=2.064
[INFO] [1789412824.424265582] [acados_nmpc_node]: [attach-window] t=97.96s pos_err=0.064m T=20.39N z=6.563 m_est=2.064
[INFO] [1789412824.468855574] [acados_nmpc_node]: [attach-window] t=98.00s pos_err=0.058m T=20.42N z=6.559 m_est=2.064
[INFO] [1789412824.524428557] [acados_nmpc_node]: [attach-window] t=98.06s pos_err=0.055m T=20.43N z=6.547 m_est=2.064
[INFO] [1789412824.524813076] [acados_nmpc_node]: [wcmd] raw=[+0.030,-0.026,-0.744] w=[+0.035,-0.022,-1.000] err=[-0.006,-0.004] scaled=[+0.030,-0.026] s=1.00
[INFO] [1789412824.568943580] [acados_nmpc_node]: [attach-window] t=98.10s pos_err=0.050m T=20.44N z=6.542 m_est=2.064
[INFO] [1789412824.624597556] [acados_nmpc_node]: [attach-window] t=98.16s pos_err=0.052m T=20.39N z=6.530 m_est=2.064
[INFO] [1789412824.669338031] [acados_nmpc_node]: [attach-window] t=98.20s pos_err=0.043m T=20.41N z=6.525 m_est=2.064
[INFO] [1789412824.724926894] [acados_nmpc_node]: [attach-window] t=98.26s pos_err=0.043m T=20.36N z=6.515 m_est=2.064
[INFO] [1789412824.725312347] [acados_nmpc_node]: [wcmd] raw=[+0.014,-0.065,-0.532] w=[+0.001,-0.060,-0.878] err=[+0.013,-0.004] scaled=[+0.014,-0.065] s=1.00
[INFO] [1789412824.769106765] [acados_nmpc_node]: [attach-window] t=98.30s pos_err=0.039m T=20.37N z=6.510 m_est=2.064
[INFO] [1789412824.824804265] [acados_nmpc_node]: [attach-window] t=98.36s pos_err=0.042m T=20.29N z=6.499 m_est=2.064
[INFO] [1789412824.869121527] [acados_nmpc_node]: [attach-window] t=98.40s pos_err=0.032m T=20.30N z=6.494 m_est=2.064
[INFO] [1789412824.924508688] [acados_nmpc_node]: [attach-window] t=98.46s pos_err=0.032m T=20.23N z=6.484 m_est=2.064
[INFO] [1789412824.924892189] [acados_nmpc_node]: [wcmd] raw=[+0.051,-0.052,-0.344] w=[+0.000,-0.071,-0.703] err=[+0.050,+0.019] scaled=[+0.051,-0.052] s=1.00
[INFO] [1789412824.969135159] [acados_nmpc_node]: [attach-window] t=98.50s pos_err=0.031m T=20.23N z=6.480 m_est=2.064
[INFO] [1789412825.024677928] [acados_nmpc_node]: [attach-window] t=98.56s pos_err=0.024m T=20.17N z=6.471 m_est=2.064
[INFO] [1789412825.069252751] [acados_nmpc_node]: [attach-window] t=98.60s pos_err=0.023m T=20.17N z=6.465 m_est=2.064
[INFO] [1789412825.124671566] [acados_nmpc_node]: [attach-window] t=98.66s pos_err=0.021m T=20.14N z=6.455 m_est=2.064
[INFO] [1789412825.125059137] [acados_nmpc_node]: [wcmd] raw=[+0.038,-0.072,-0.200] w=[+0.033,+0.001,-0.507] err=[+0.005,-0.072] scaled=[+0.038,-0.072] s=1.00
[INFO] [1789412825.168145918] [acados_nmpc_node]: [attach-window] t=98.70s pos_err=0.029m T=20.20N z=6.450 m_est=2.064
[INFO] [1789412825.224532299] [acados_nmpc_node]: [attach-window] t=98.76s pos_err=0.016m T=20.18N z=6.439 m_est=2.064
[INFO] [1789412825.268816723] [acados_nmpc_node]: [attach-window] t=98.80s pos_err=0.042m T=20.22N z=6.434 m_est=2.064
[INFO] [1789412825.324361625] [acados_nmpc_node]: [attach-window] t=98.86s pos_err=0.015m T=20.15N z=6.422 m_est=2.064
[INFO] [1789412825.324757599] [acados_nmpc_node]: [wcmd] raw=[-0.018,-0.095,-0.117] w=[+0.005,-0.030,-0.332] err=[-0.024,-0.064] scaled=[-0.018,-0.095] s=1.00
[INFO] [1789412825.368781129] [acados_nmpc_node]: [attach-window] t=98.90s pos_err=0.038m T=20.20N z=6.416 m_est=2.064
[INFO] [1789412825.424381792] [acados_nmpc_node]: [attach-window] t=98.96s pos_err=0.021m T=20.15N z=6.405 m_est=2.064
[INFO] [1789412825.468972540] [acados_nmpc_node]: [attach-window] t=99.00s pos_err=0.055m T=20.19N z=6.400 m_est=2.064
[INFO] [1789412825.523991301] [acados_nmpc_node]: [attach-window] t=99.06s pos_err=0.018m T=20.10N z=6.387 m_est=2.064
[INFO] [1789412825.524382837] [acados_nmpc_node]: [wcmd] raw=[-0.044,-0.135,-0.080] w=[-0.037,-0.074,-0.197] err=[-0.007,-0.061] scaled=[-0.044,-0.135] s=1.00
[INFO] [1789412825.568759619] [acados_nmpc_node]: [attach-window] t=99.10s pos_err=0.050m T=20.16N z=6.381 m_est=2.064
[INFO] [1789412825.625336594] [acados_nmpc_node]: [attach-window] t=99.16s pos_err=0.032m T=20.12N z=6.369 m_est=2.064
[INFO] [1789412825.668874304] [acados_nmpc_node]: [attach-window] t=99.20s pos_err=0.067m T=20.16N z=6.363 m_est=2.064
[INFO] [1789412825.724460093] [acados_nmpc_node]: [attach-window] t=99.26s pos_err=0.025m T=20.08N z=6.350 m_est=2.064
[INFO] [1789412825.724852733] [acados_nmpc_node]: [wcmd] raw=[-0.041,-0.131,-0.079] w=[-0.041,-0.080,-0.112] err=[-0.001,-0.051] scaled=[-0.041,-0.131] s=1.00
[INFO] [1789412825.768776560] [acados_nmpc_node]: [attach-window] t=99.30s pos_err=0.060m T=20.14N z=6.343 m_est=2.064
[INFO] [1789412825.824423009] [acados_nmpc_node]: [attach-window] t=99.36s pos_err=0.038m T=20.11N z=6.331 m_est=2.064
[INFO] [1789412825.868986056] [acados_nmpc_node]: [attach-window] t=99.40s pos_err=0.077m T=20.16N z=6.324 m_est=2.064
[INFO] [1789412825.924184949] [acados_nmpc_node]: [attach-window] t=99.46s pos_err=0.030m T=20.10N z=6.309 m_est=2.064
[INFO] [1789412825.924572798] [acados_nmpc_node]: [wcmd] raw=[-0.059,-0.129,-0.095] w=[-0.036,-0.087,-0.074] err=[-0.023,-0.042] scaled=[-0.059,-0.129] s=1.00
[INFO] [1789412825.968783464] [acados_nmpc_node]: [attach-window] t=99.50s pos_err=0.070m T=20.17N z=6.302 m_est=2.064
[INFO] [1789412826.024048213] [acados_nmpc_node]: [attach-window] t=99.56s pos_err=0.024m T=20.09N z=6.286 m_est=2.064
[INFO] [1789412826.068762327] [acados_nmpc_node]: [attach-window] t=99.60s pos_err=0.063m T=20.17N z=6.279 m_est=2.064
[INFO] [1789412826.124176459] [acados_nmpc_node]: [attach-window] t=99.66s pos_err=0.039m T=20.14N z=6.264 m_est=2.064
[INFO] [1789412826.124569294] [acados_nmpc_node]: [wcmd] raw=[-0.063,-0.078,-0.111] w=[-0.054,-0.150,-0.070] err=[-0.009,+0.072] scaled=[-0.063,-0.078] s=1.00
[INFO] [1789412826.168726672] [acados_nmpc_node]: [attach-window] t=99.70s pos_err=0.083m T=20.17N z=6.257 m_est=2.064
[INFO] [1789412826.224661636] [acados_nmpc_node]: [attach-window] t=99.76s pos_err=0.060m T=20.16N z=6.243 m_est=2.064
[INFO] [1789412826.268829361] [acados_nmpc_node]: [attach-window] t=99.80s pos_err=0.105m T=20.17N z=6.236 m_est=2.064
[INFO] [1789412826.324069067] [acados_nmpc_node]: [attach-window] t=99.86s pos_err=0.053m T=20.15N z=6.220 m_est=2.064
[INFO] [1789412826.324460486] [acados_nmpc_node]: [wcmd] raw=[-0.036,-0.060,-0.114] w=[-0.041,+0.011,-0.079] err=[+0.005,-0.071] scaled=[-0.036,-0.060] s=1.00
[INFO] [1789412826.368732654] [acados_nmpc_node]: [attach-window] t=99.90s pos_err=0.101m T=20.19N z=6.213 m_est=2.064
[INFO] [1789412826.424107758] [acados_nmpc_node]: [attach-window] t=99.96s pos_err=0.076m T=20.14N z=6.200 m_est=2.064
[INFO] [1789412826.468760172] [acados_nmpc_node]: [attach-window] t=100.00s pos_err=0.125m T=20.17N z=6.193 m_est=2.064
[INFO] [1789412826.523901600] [acados_nmpc_node]: [attach-window] t=100.06s pos_err=0.070m T=20.06N z=6.178 m_est=2.064
[INFO] [1789412826.524301800] [acados_nmpc_node]: [wcmd] raw=[-0.026,-0.166,-0.100] w=[-0.024,-0.077,-0.087] err=[-0.002,-0.088] scaled=[-0.026,-0.166] s=1.00
[INFO] [1789412826.568754128] [acados_nmpc_node]: [attach-window] t=100.10s pos_err=0.120m T=20.10N z=6.171 m_est=2.064
[INFO] [1789412826.624056464] [acados_nmpc_node]: [attach-window] t=100.16s pos_err=0.063m T=19.94N z=6.157 m_est=2.064
[INFO] [1789412826.669006354] [acados_nmpc_node]: [attach-window] t=100.20s pos_err=0.112m T=20.00N z=6.150 m_est=2.064
[INFO] [1789412826.724233366] [acados_nmpc_node]: [attach-window] t=100.26s pos_err=0.084m T=19.93N z=6.137 m_est=2.064
[INFO] [1789412826.724630137] [acados_nmpc_node]: [wcmd] raw=[-0.026,-0.137,-0.074] w=[-0.028,-0.223,-0.090] err=[+0.002,+0.086] scaled=[-0.026,-0.137] s=1.00
[INFO] [1789412826.768757143] [acados_nmpc_node]: [attach-window] t=100.30s pos_err=0.133m T=19.96N z=6.131 m_est=2.064
[INFO] [1789412826.823830191] [acados_nmpc_node]: [attach-window] t=100.36s pos_err=0.073m T=19.93N z=6.116 m_est=2.064
[INFO] [1789412826.868824904] [acados_nmpc_node]: [attach-window] t=100.40s pos_err=0.155m T=19.97N z=6.110 m_est=2.064
[INFO] [1789412826.924107529] [acados_nmpc_node]: [attach-window] t=100.46s pos_err=0.095m T=19.97N z=6.094 m_est=2.064
[INFO] [1789412826.924503733] [acados_nmpc_node]: [wcmd] raw=[-0.018,-0.059,-0.037] w=[-0.029,-0.138,-0.074] err=[+0.011,+0.079] scaled=[-0.018,-0.059] s=1.00
[INFO] [1789412826.968733436] [acados_nmpc_node]: [attach-window] t=100.50s pos_err=0.145m T=19.99N z=6.087 m_est=2.064
[INFO] [1789412827.023973472] [acados_nmpc_node]: [attach-window] t=100.56s pos_err=0.086m T=19.98N z=6.071 m_est=2.064
[INFO] [1789412827.024459461] [acados_nmpc_node]: t=100.6s | pos_err=0.086m | T=19.98N | tau=[r0.002 p-0.027 y0.019]Nm | res_stat=7.160e-07(peak 1.000e-06) sqp_iter=4 | solve=1.7ms
[INFO] [1789412827.024665980] [acados_nmpc_node]: [flight-diag] t=100.6s | om_scale=1.000(lo 1.000 hi 1.000) | tilt_max=10.66deg | w_max=[r0.063 p0.223 y1.044]rad/s | u_frac=[T0.652 r0.045 p0.124 y0.746] | u_sat=[T0.0 r0.0 p0.0 y0.0]% | mot_peak=0.829 mot_sat=0.0% | health=1 age=0.000s conf=1.000 | n=100
[INFO] [1789412827.068843227] [acados_nmpc_node]: [attach-window] t=100.60s pos_err=0.137m T=20.02N z=6.064 m_est=2.064
[INFO] [1789412827.123993026] [acados_nmpc_node]: [attach-window] t=100.66s pos_err=0.108m T=20.00N z=6.049 m_est=2.064
[INFO] [1789412827.124380448] [acados_nmpc_node]: [wcmd] raw=[-0.023,-0.123,+0.001] w=[-0.028,-0.137,-0.049] err=[+0.005,+0.014] scaled=[-0.023,-0.123] s=1.00
[INFO] [1789412827.168723277] [acados_nmpc_node]: [attach-window] t=100.70s pos_err=0.159m T=20.02N z=6.042 m_est=2.064
[INFO] [1789412827.224014726] [acados_nmpc_node]: [attach-window] t=100.76s pos_err=0.100m T=20.01N z=6.026 m_est=2.064
[INFO] [1789412827.268878328] [acados_nmpc_node]: [attach-window] t=100.80s pos_err=0.150m T=20.03N z=6.019 m_est=2.064
[INFO] [1789412827.324307691] [acados_nmpc_node]: [attach-window] t=100.86s pos_err=0.122m T=20.03N z=6.004 m_est=2.064
[INFO] [1789412827.324693726] [acados_nmpc_node]: [wcmd] raw=[-0.028,-0.097,+0.039] w=[-0.036,-0.149,-0.015] err=[+0.008,+0.052] scaled=[-0.028,-0.097] s=1.00
[INFO] [1789412827.368788167] [acados_nmpc_node]: [attach-window] t=100.90s pos_err=0.172m T=20.03N z=5.996 m_est=2.064
[INFO] [1789412827.424295993] [acados_nmpc_node]: [attach-window] t=100.96s pos_err=0.143m T=20.07N z=5.981 m_est=2.064
[INFO] [1789412827.468960166] [acados_nmpc_node]: [attach-window] t=101.00s pos_err=0.193m T=20.06N z=5.973 m_est=2.064
[INFO] [1789412827.524262459] [acados_nmpc_node]: [attach-window] t=101.06s pos_err=0.135m T=20.12N z=5.956 m_est=2.064
[INFO] [1789412827.524665105] [acados_nmpc_node]: [wcmd] raw=[-0.035,-0.117,+0.073] w=[-0.044,-0.048,+0.022] err=[+0.010,-0.069] scaled=[-0.035,-0.117] s=1.00
[INFO] [1789412827.568793603] [acados_nmpc_node]: [attach-window] t=101.10s pos_err=0.184m T=20.14N z=5.948 m_est=2.064
[INFO] [1789412827.624720445] [acados_nmpc_node]: [attach-window] t=101.16s pos_err=0.156m T=20.15N z=5.931 m_est=2.064
[INFO] [1789412827.668827477] [acados_nmpc_node]: [attach-window] t=101.20s pos_err=0.203m T=20.15N z=5.923 m_est=2.064
[INFO] [1789412827.724844767] [acados_nmpc_node]: [attach-window] t=101.26s pos_err=0.146m T=20.17N z=5.905 m_est=2.064
[INFO] [1789412827.725251470] [acados_nmpc_node]: [wcmd] raw=[-0.042,-0.188,+0.103] w=[-0.053,-0.119,+0.058] err=[+0.011,-0.069] scaled=[-0.042,-0.188] s=1.00
[INFO] [1789412827.768984055] [acados_nmpc_node]: [attach-window] t=101.30s pos_err=0.191m T=20.18N z=5.897 m_est=2.064
[INFO] [1789412827.824454672] [acados_nmpc_node]: [attach-window] t=101.36s pos_err=0.160m T=20.18N z=5.881 m_est=2.064
[INFO] [1789412827.869202407] [acados_nmpc_node]: [attach-window] t=101.40s pos_err=0.205m T=20.16N z=5.873 m_est=2.064
[INFO] [1789412827.924335237] [acados_nmpc_node]: [attach-window] t=101.46s pos_err=0.145m T=20.20N z=5.855 m_est=2.064
[INFO] [1789412827.924721888] [acados_nmpc_node]: [wcmd] raw=[-0.038,-0.179,+0.131] w=[-0.057,-0.156,+0.090] err=[+0.019,-0.023] scaled=[-0.038,-0.179] s=1.00
[INFO] [1789412827.969040368] [acados_nmpc_node]: [attach-window] t=101.50s pos_err=0.189m T=20.19N z=5.847 m_est=2.064
[INFO] [1789412828.024330120] [acados_nmpc_node]: [attach-window] t=101.56s pos_err=0.158m T=20.21N z=5.831 m_est=2.064
[INFO] [1789412828.068213340] [acados_nmpc_node]: [attach-window] t=101.60s pos_err=0.201m T=20.18N z=5.823 m_est=2.064
[INFO] [1789412828.124311023] [acados_nmpc_node]: [attach-window] t=101.66s pos_err=0.145m T=20.26N z=5.806 m_est=2.064
[INFO] [1789412828.124697501] [acados_nmpc_node]: [wcmd] raw=[-0.019,-0.137,+0.162] w=[-0.050,-0.125,+0.122] err=[+0.031,-0.012] scaled=[-0.019,-0.137] s=1.00
[INFO] [1789412828.169048107] [acados_nmpc_node]: [attach-window] t=101.70s pos_err=0.186m T=20.24N z=5.798 m_est=2.064
[INFO] [1789412828.224554020] [acados_nmpc_node]: [attach-window] t=101.76s pos_err=0.159m T=20.29N z=5.782 m_est=2.064
[INFO] [1789412828.269145290] [acados_nmpc_node]: [attach-window] t=101.80s pos_err=0.199m T=20.24N z=5.774 m_est=2.064
[INFO] [1789412828.324596824] [acados_nmpc_node]: [attach-window] t=101.86s pos_err=0.147m T=20.34N z=5.757 m_est=2.064
[INFO] [1789412828.324989321] [acados_nmpc_node]: [wcmd] raw=[-0.004,-0.117,+0.199] w=[-0.031,-0.090,+0.153] err=[+0.027,-0.027] scaled=[-0.004,-0.117] s=1.00
[INFO] [1789412828.369097879] [acados_nmpc_node]: [attach-window] t=101.90s pos_err=0.185m T=20.30N z=5.749 m_est=2.064
[INFO] [1789412828.424427172] [acados_nmpc_node]: [attach-window] t=101.96s pos_err=0.159m T=20.34N z=5.734 m_est=2.064
[INFO] [1789412828.469067406] [acados_nmpc_node]: [attach-window] t=102.00s pos_err=0.197m T=20.29N z=5.727 m_est=2.064
[INFO] [1789412828.524339126] [acados_nmpc_node]: [attach-window] t=102.06s pos_err=0.148m T=20.35N z=5.711 m_est=2.064
[INFO] [1789412828.524736159] [acados_nmpc_node]: [wcmd] raw=[-0.009,-0.124,+0.244] w=[-0.024,-0.089,+0.186] err=[+0.015,-0.035] scaled=[-0.009,-0.124] s=1.00
[INFO] [1789412828.569075484] [acados_nmpc_node]: [attach-window] t=102.10s pos_err=0.183m T=20.31N z=5.704 m_est=2.064
[INFO] [1789412828.624215790] [acados_nmpc_node]: [attach-window] t=102.16s pos_err=0.138m T=20.35N z=5.688 m_est=2.064
[INFO] [1789412828.669289252] [acados_nmpc_node]: [attach-window] t=102.20s pos_err=0.192m T=20.27N z=5.683 m_est=2.064
[INFO] [1789412828.724527266] [acados_nmpc_node]: [attach-window] t=102.26s pos_err=0.147m T=20.33N z=5.668 m_est=2.064
[INFO] [1789412828.724918339] [acados_nmpc_node]: [wcmd] raw=[-0.021,-0.111,+0.301] w=[-0.029,-0.152,+0.225] err=[+0.008,+0.041] scaled=[-0.021,-0.111] s=1.00
[INFO] [1789412828.769096349] [acados_nmpc_node]: [attach-window] t=102.30s pos_err=0.178m T=20.28N z=5.661 m_est=2.064
[INFO] [1789412828.824607059] [acados_nmpc_node]: [attach-window] t=102.36s pos_err=0.155m T=20.32N z=5.648 m_est=2.064
[INFO] [1789412828.869102919] [acados_nmpc_node]: [attach-window] t=102.40s pos_err=0.184m T=20.26N z=5.642 m_est=2.064
[INFO] [1789412828.924575535] [acados_nmpc_node]: [attach-window] t=102.46s pos_err=0.143m T=20.36N z=5.628 m_est=2.064
[INFO] [1789412828.924959766] [acados_nmpc_node]: [wcmd] raw=[-0.018,-0.099,+0.373] w=[-0.049,-0.062,+0.274] err=[+0.031,-0.037] scaled=[-0.018,-0.099] s=1.00
[INFO] [1789412828.969148936] [acados_nmpc_node]: [attach-window] t=102.50s pos_err=0.170m T=20.31N z=5.622 m_est=2.064
[INFO] [1789412829.024781175] [acados_nmpc_node]: [attach-window] t=102.56s pos_err=0.149m T=20.36N z=5.609 m_est=2.064
[INFO] [1789412829.069259821] [acados_nmpc_node]: [attach-window] t=102.60s pos_err=0.174m T=20.31N z=5.603 m_est=2.064
[INFO] [1789412829.124681739] [acados_nmpc_node]: [attach-window] t=102.66s pos_err=0.137m T=20.41N z=5.589 m_est=2.064
[INFO] [1789412829.125062392] [acados_nmpc_node]: [wcmd] raw=[-0.005,-0.109,+0.462] w=[-0.046,-0.076,+0.337] err=[+0.041,-0.033] scaled=[-0.005,-0.109] s=1.00
[INFO] [1789412829.169079055] [acados_nmpc_node]: [attach-window] t=102.70s pos_err=0.159m T=20.39N z=5.583 m_est=2.064
[INFO] [1789412829.224619265] [acados_nmpc_node]: [attach-window] t=102.76s pos_err=0.140m T=20.45N z=5.570 m_est=2.064
[INFO] [1789412829.269102424] [acados_nmpc_node]: [attach-window] t=102.80s pos_err=0.161m T=20.41N z=5.564 m_est=2.064
[INFO] [1789412829.324616515] [acados_nmpc_node]: [attach-window] t=102.86s pos_err=0.129m T=20.51N z=5.549 m_est=2.064
[INFO] [1789412829.324998999] [acados_nmpc_node]: [wcmd] raw=[+0.001,-0.087,+0.565] w=[-0.036,-0.073,+0.415] err=[+0.037,-0.015] scaled=[+0.001,-0.087] s=1.00
[INFO] [1789412829.369042823] [acados_nmpc_node]: [attach-window] t=102.90s pos_err=0.146m T=20.48N z=5.543 m_est=2.064
[INFO] [1789412829.424685633] [acados_nmpc_node]: [attach-window] t=102.96s pos_err=0.130m T=20.53N z=5.530 m_est=2.064
[INFO] [1789412829.469150362] [acados_nmpc_node]: [attach-window] t=103.00s pos_err=0.134m T=20.51N z=5.523 m_est=2.064
[INFO] [1789412829.524485347] [acados_nmpc_node]: [attach-window] t=103.06s pos_err=0.120m T=20.55N z=5.511 m_est=2.064
[INFO] [1789412829.524876346] [acados_nmpc_node]: [wcmd] raw=[+0.016,-0.073,+0.677] w=[-0.033,-0.049,+0.508] err=[+0.050,-0.023] scaled=[+0.016,-0.073] s=1.00
[INFO] [1789412829.569027160] [acados_nmpc_node]: [attach-window] t=103.10s pos_err=0.134m T=20.51N z=5.505 m_est=2.064
[INFO] [1789412829.625071044] [acados_nmpc_node]: [attach-window] t=103.16s pos_err=0.120m T=20.54N z=5.493 m_est=2.064
[INFO] [1789412829.669157669] [acados_nmpc_node]: [attach-window] t=103.20s pos_err=0.133m T=20.50N z=5.488 m_est=2.064
[INFO] [1789412829.724467563] [acados_nmpc_node]: [attach-window] t=103.26s pos_err=0.113m T=20.53N z=5.476 m_est=2.064
[INFO] [1789412829.724860602] [acados_nmpc_node]: [wcmd] raw=[+0.025,-0.061,+0.808] w=[-0.025,-0.026,+0.613] err=[+0.050,-0.035] scaled=[+0.025,-0.061] s=1.00
[INFO] [1789412829.769123016] [acados_nmpc_node]: [attach-window] t=103.30s pos_err=0.122m T=20.50N z=5.471 m_est=2.064
[INFO] [1789412829.824296764] [acados_nmpc_node]: [attach-window] t=103.36s pos_err=0.111m T=20.49N z=5.461 m_est=2.064
[INFO] [1789412829.868989581] [acados_nmpc_node]: [attach-window] t=103.40s pos_err=0.120m T=20.46N z=5.456 m_est=2.064
[INFO] [1789412829.924351496] [acados_nmpc_node]: [attach-window] t=103.46s pos_err=0.105m T=20.47N z=5.445 m_est=2.064
[INFO] [1789412829.924741667] [acados_nmpc_node]: [wcmd] raw=[+0.037,-0.084,+0.928] w=[-0.012,-0.044,+0.734] err=[+0.049,-0.040] scaled=[+0.037,-0.084] s=1.00
[INFO] [1789412829.968829609] [acados_nmpc_node]: [attach-window] t=103.50s pos_err=0.110m T=20.45N z=5.440 m_est=2.064
[INFO] [1789412830.024224475] [acados_nmpc_node]: [attach-window] t=103.56s pos_err=0.102m T=20.46N z=5.431 m_est=2.064
[INFO] [1789412830.068852064] [acados_nmpc_node]: [attach-window] t=103.60s pos_err=0.106m T=20.44N z=5.426 m_est=2.064
[INFO] [1789412830.124512467] [acados_nmpc_node]: [attach-window] t=103.66s pos_err=0.096m T=20.46N z=5.416 m_est=2.064
[INFO] [1789412830.124899070] [acados_nmpc_node]: [wcmd] raw=[+0.030,-0.078,+1.015] w=[-0.006,-0.051,+0.858] err=[+0.036,-0.027] scaled=[+0.030,-0.078] s=1.00
[INFO] [1789412830.168838560] [acados_nmpc_node]: [attach-window] t=103.70s pos_err=0.096m T=20.46N z=5.411 m_est=2.064
[INFO] [1789412830.224761517] [acados_nmpc_node]: [attach-window] t=103.76s pos_err=0.091m T=20.46N z=5.403 m_est=2.064
[INFO] [1789412830.269184774] [acados_nmpc_node]: [attach-window] t=103.80s pos_err=0.090m T=20.46N z=5.398 m_est=2.064
[INFO] [1789412830.324902002] [acados_nmpc_node]: [attach-window] t=103.86s pos_err=0.086m T=20.47N z=5.388 m_est=2.064
[INFO] [1789412830.325303450] [acados_nmpc_node]: [wcmd] raw=[+0.021,-0.080,+1.039] w=[-0.010,-0.040,+0.966] err=[+0.030,-0.040] scaled=[+0.021,-0.080] s=1.00
[INFO] [1789412830.368877131] [acados_nmpc_node]: [attach-window] t=103.90s pos_err=0.081m T=20.49N z=5.384 m_est=2.064
[INFO] [1789412830.424820159] [acados_nmpc_node]: [attach-window] t=103.96s pos_err=0.078m T=20.50N z=5.375 m_est=2.064
[INFO] [1789412830.468894680] [acados_nmpc_node]: [attach-window] t=104.00s pos_err=0.071m T=20.52N z=5.371 m_est=2.064
[INFO] [1789412830.521934946] [acados_nmpc_node]: [attach-window] t=104.05s pos_err=0.076m T=20.52N z=5.361 m_est=2.064
[INFO] [1789412830.522237392] [acados_nmpc_node]: [wcmd] raw=[+0.010,-0.098,+0.976] w=[-0.009,-0.046,+1.034] err=[+0.019,-0.052] scaled=[+0.010,-0.098] s=1.00
[INFO] [1789412830.568051696] [acados_nmpc_node]: [attach-window] t=104.10s pos_err=0.062m T=20.54N z=5.357 m_est=2.064
[INFO] [1789412830.624222304] [acados_nmpc_node]: [attach-window] t=104.16s pos_err=0.072m T=20.53N z=5.348 m_est=2.064
[INFO] [1789412830.669124982] [acados_nmpc_node]: [attach-window] t=104.20s pos_err=0.055m T=20.56N z=5.343 m_est=2.064
[INFO] [1789412830.724401522] [acados_nmpc_node]: [attach-window] t=104.26s pos_err=0.060m T=20.55N z=5.336 m_est=2.064
[INFO] [1789412830.724792685] [acados_nmpc_node]: [wcmd] raw=[-0.026,-0.047,+0.831] w=[+0.003,-0.076,+1.033] err=[-0.029,+0.029] scaled=[-0.026,-0.047] s=1.00
[INFO] [1789412830.768847209] [acados_nmpc_node]: [attach-window] t=104.30s pos_err=0.041m T=20.57N z=5.332 m_est=2.064
[INFO] [1789412830.824640195] [acados_nmpc_node]: [attach-window] t=104.36s pos_err=0.045m T=20.57N z=5.324 m_est=2.064
[INFO] [1789412830.868991189] [acados_nmpc_node]: [attach-window] t=104.40s pos_err=0.034m T=20.58N z=5.319 m_est=2.064
[INFO] [1789412830.924792621] [acados_nmpc_node]: [attach-window] t=104.46s pos_err=0.041m T=20.57N z=5.312 m_est=2.064
[INFO] [1789412830.925180605] [acados_nmpc_node]: [wcmd] raw=[-0.028,-0.033,+0.649] w=[-0.027,+0.016,+0.952] err=[-0.002,-0.049] scaled=[-0.028,-0.033] s=1.00
[INFO] [1789412830.969287949] [acados_nmpc_node]: [attach-window] t=104.50s pos_err=0.016m T=20.60N z=5.309 m_est=2.064
[INFO] [1789412831.025187421] [acados_nmpc_node]: [attach-window] t=104.56s pos_err=0.022m T=20.58N z=5.302 m_est=2.064
[INFO] [1789412831.069462769] [acados_nmpc_node]: [attach-window] t=104.60s pos_err=0.010m T=20.60N z=5.299 m_est=2.064
[INFO] [1789412831.125036404] [acados_nmpc_node]: [attach-window] t=104.66s pos_err=0.020m T=20.51N z=5.293 m_est=2.064
[INFO] [1789412831.125467618] [acados_nmpc_node]: [wcmd] raw=[-0.014,-0.071,+0.471] w=[-0.006,+0.002,+0.811] err=[-0.008,-0.073] scaled=[-0.014,-0.071] s=1.00
[INFO] [1789412831.169327038] [acados_nmpc_node]: [attach-window] t=104.70s pos_err=0.016m T=20.53N z=5.290 m_est=2.064
[INFO] [1789412831.226045135] [acados_nmpc_node]: [attach-window] t=104.76s pos_err=0.014m T=20.46N z=5.285 m_est=2.064
[INFO] [1789412831.269343292] [acados_nmpc_node]: [attach-window] t=104.80s pos_err=0.035m T=20.48N z=5.283 m_est=2.064
[INFO] [1789412831.325448784] [acados_nmpc_node]: [attach-window] t=104.86s pos_err=0.019m T=20.36N z=5.278 m_est=2.064
[INFO] [1789412831.325864564] [acados_nmpc_node]: [wcmd] raw=[-0.013,-0.133,+0.318] w=[+0.007,-0.060,+0.637] err=[-0.020,-0.073] scaled=[-0.013,-0.133] s=1.00
[INFO] [1789412831.369336060] [acados_nmpc_node]: [attach-window] t=104.90s pos_err=0.038m T=20.41N z=5.276 m_est=2.064
[INFO] [1789412831.424865036] [acados_nmpc_node]: [attach-window] t=104.96s pos_err=0.029m T=20.33N z=5.271 m_est=2.064
[INFO] [1789412831.469175051] [acados_nmpc_node]: [attach-window] t=105.00s pos_err=0.055m T=20.37N z=5.270 m_est=2.064
[INFO] [1789412831.524356727] [acados_nmpc_node]: [attach-window] t=105.06s pos_err=0.030m T=20.26N z=5.265 m_est=2.064
[INFO] [1789412831.524757953] [acados_nmpc_node]: [wcmd] raw=[-0.020,-0.146,+0.216] w=[+0.002,-0.115,+0.460] err=[-0.022,-0.032] scaled=[-0.020,-0.146] s=1.00
[INFO] [1789412831.568834895] [acados_nmpc_node]: [attach-window] t=105.10s pos_err=0.055m T=20.32N z=5.264 m_est=2.064
[INFO] [1789412831.624586527] [acados_nmpc_node]: [attach-window] t=105.16s pos_err=0.030m T=20.21N z=5.260 m_est=2.064
[INFO] [1789412831.668952046] [acados_nmpc_node]: [attach-window] t=105.20s pos_err=0.071m T=20.31N z=5.259 m_est=2.064
[INFO] [1789412831.724082277] [acados_nmpc_node]: [attach-window] t=105.26s pos_err=0.040m T=20.23N z=5.255 m_est=2.064
[INFO] [1789412831.724474839] [acados_nmpc_node]: [wcmd] raw=[-0.013,-0.117,+0.171] w=[-0.009,-0.157,+0.319] err=[-0.004,+0.040] scaled=[-0.013,-0.117] s=1.00
[INFO] [1789412831.768897674] [acados_nmpc_node]: [attach-window] t=105.30s pos_err=0.068m T=20.28N z=5.254 m_est=2.064
[INFO] [1789412831.824529632] [acados_nmpc_node]: [attach-window] t=105.36s pos_err=0.053m T=20.24N z=5.251 m_est=2.064
[INFO] [1789412831.868892412] [acados_nmpc_node]: [attach-window] t=105.40s pos_err=0.082m T=20.30N z=5.250 m_est=2.064
[INFO] [1789412831.924014718] [acados_nmpc_node]: [attach-window] t=105.46s pos_err=0.048m T=20.23N z=5.247 m_est=2.064
[INFO] [1789412831.924434237] [acados_nmpc_node]: [wcmd] raw=[+0.019,-0.123,+0.170] w=[-0.012,-0.077,+0.221] err=[+0.031,-0.046] scaled=[+0.019,-0.123] s=1.00
[INFO] [1789412831.968820381] [acados_nmpc_node]: [attach-window] t=105.50s pos_err=0.078m T=20.30N z=5.245 m_est=2.064
[INFO] [1789412832.024049140] [acados_nmpc_node]: [attach-window] t=105.56s pos_err=0.061m T=20.25N z=5.243 m_est=2.064
[INFO] [1789412832.024536716] [acados_nmpc_node]: t=105.6s | pos_err=0.061m | T=20.25N | tau=[r0.009 p-0.001 y-0.004]Nm | res_stat=5.169e-07(peak 1.000e-06) sqp_iter=4 | solve=1.8ms
[INFO] [1789412832.024742394] [acados_nmpc_node]: [flight-diag] t=105.6s | om_scale=1.000(lo 1.000 hi 1.000) | tilt_max=9.96deg | w_max=[r0.060 p0.167 y1.043]rad/s | u_frac=[T0.657 r0.046 p0.091 y0.705] | u_sat=[T0.0 r0.0 p0.0 y0.0]% | mot_peak=0.831 mot_sat=0.0% | health=1 age=0.000s conf=1.000 | n=100
[INFO] [1789412832.068012371] [acados_nmpc_node]: [attach-window] t=105.60s pos_err=0.093m T=20.31N z=5.242 m_est=2.064
[INFO] [1789412832.124278857] [acados_nmpc_node]: [attach-window] t=105.66s pos_err=0.057m T=20.22N z=5.240 m_est=2.064
[INFO] [1789412832.124678655] [acados_nmpc_node]: [wcmd] raw=[+0.050,-0.136,+0.202] w=[+0.016,-0.112,+0.178] err=[+0.033,-0.024] scaled=[+0.050,-0.136] s=1.00
[INFO] [1789412832.168758695] [acados_nmpc_node]: [attach-window] t=105.70s pos_err=0.089m T=20.28N z=5.239 m_est=2.064
[INFO] [1789412832.224179891] [acados_nmpc_node]: [attach-window] t=105.76s pos_err=0.053m T=20.18N z=5.237 m_est=2.064
[INFO] [1789412832.268946079] [acados_nmpc_node]: [attach-window] t=105.80s pos_err=0.106m T=20.28N z=5.237 m_est=2.064
[INFO] [1789412832.324263581] [acados_nmpc_node]: [attach-window] t=105.86s pos_err=0.068m T=20.20N z=5.235 m_est=2.064
[INFO] [1789412832.324652641] [acados_nmpc_node]: [wcmd] raw=[+0.040,-0.095,+0.245] w=[+0.036,-0.152,+0.179] err=[+0.004,+0.057] scaled=[+0.040,-0.095] s=1.00
[INFO] [1789412832.368761676] [acados_nmpc_node]: [attach-window] t=105.90s pos_err=0.103m T=20.24N z=5.235 m_est=2.064
[INFO] [1789412832.424241139] [acados_nmpc_node]: [attach-window] t=105.96s pos_err=0.086m T=20.20N z=5.234 m_est=2.064
[INFO] [1789412832.468752578] [acados_nmpc_node]: [attach-window] t=106.00s pos_err=0.122m T=20.25N z=5.234 m_est=2.064
[INFO] [1789412832.524459562] [acados_nmpc_node]: [attach-window] t=106.06s pos_err=0.084m T=20.20N z=5.233 m_est=2.064
[INFO] [1789412832.524843391] [acados_nmpc_node]: [wcmd] raw=[+0.010,-0.099,+0.285] w=[+0.004,-0.058,+0.205] err=[+0.007,-0.040] scaled=[+0.010,-0.099] s=1.00
[INFO] [1789412832.568761947] [acados_nmpc_node]: [attach-window] t=106.10s pos_err=0.120m T=20.27N z=5.232 m_est=2.064
[INFO] [1789412832.624599233] [acados_nmpc_node]: [attach-window] t=106.16s pos_err=0.101m T=20.25N z=5.231 m_est=2.064
[INFO] [1789412832.668878776] [acados_nmpc_node]: [attach-window] t=106.20s pos_err=0.136m T=20.31N z=5.230 m_est=2.064
[INFO] [1789412832.724602640] [acados_nmpc_node]: [attach-window] t=106.26s pos_err=0.095m T=20.25N z=5.229 m_est=2.064
[INFO] [1789412832.724996453] [acados_nmpc_node]: [wcmd] raw=[-0.003,-0.160,+0.314] w=[-0.021,-0.104,+0.243] err=[+0.017,-0.056] scaled=[-0.003,-0.160] s=1.00
[INFO] [1789412832.768786338] [acados_nmpc_node]: [attach-window] t=106.30s pos_err=0.130m T=20.32N z=5.229 m_est=2.064
[INFO] [1789412832.824863761] [acados_nmpc_node]: [attach-window] t=106.36s pos_err=0.110m T=20.30N z=5.227 m_est=2.064
[INFO] [1789412832.868845286] [acados_nmpc_node]: [attach-window] t=106.40s pos_err=0.144m T=20.35N z=5.227 m_est=2.064
[INFO] [1789412832.924319558] [acados_nmpc_node]: [attach-window] t=106.46s pos_err=0.100m T=20.30N z=5.226 m_est=2.064
[INFO] [1789412832.924712218] [acados_nmpc_node]: [wcmd] raw=[-0.004,-0.163,+0.331] w=[-0.028,-0.141,+0.279] err=[+0.024,-0.023] scaled=[-0.004,-0.163] s=1.00
[INFO] [1789412832.968839882] [acados_nmpc_node]: [attach-window] t=106.50s pos_err=0.134m T=20.36N z=5.225 m_est=2.064
[INFO] [1789412833.024362983] [acados_nmpc_node]: [attach-window] t=106.56s pos_err=0.112m T=20.33N z=5.225 m_est=2.064
[INFO] [1789412833.068897783] [acados_nmpc_node]: [attach-window] t=106.60s pos_err=0.124m T=20.35N z=5.225 m_est=2.064
[INFO] [1789412833.124427388] [acados_nmpc_node]: [attach-window] t=106.66s pos_err=0.102m T=20.34N z=5.225 m_est=2.064
[INFO] [1789412833.124812874] [acados_nmpc_node]: [wcmd] raw=[+0.015,-0.141,+0.343] w=[-0.019,-0.131,+0.308] err=[+0.035,-0.010] scaled=[+0.015,-0.141] s=1.00
[INFO] [1789412833.168782727] [acados_nmpc_node]: [attach-window] t=106.70s pos_err=0.136m T=20.39N z=5.224 m_est=2.064
[INFO] [1789412833.224463751] [acados_nmpc_node]: [attach-window] t=106.76s pos_err=0.114m T=20.39N z=5.225 m_est=2.064
[INFO] [1789412833.268853986] [acados_nmpc_node]: [attach-window] t=106.80s pos_err=0.147m T=20.43N z=5.225 m_est=2.064
[INFO] [1789412833.322225150] [acados_nmpc_node]: [attach-window] t=106.85s pos_err=0.102m T=20.40N z=5.225 m_est=2.064
[INFO] [1789412833.322539794] [acados_nmpc_node]: [wcmd] raw=[+0.025,-0.106,+0.356] w=[-0.001,-0.086,+0.328] err=[+0.026,-0.020] scaled=[+0.025,-0.106] s=1.00
[INFO] [1789412833.368739635] [acados_nmpc_node]: [attach-window] t=106.90s pos_err=0.139m T=20.45N z=5.225 m_est=2.064
[INFO] [1789412833.424153172] [acados_nmpc_node]: [attach-window] t=106.96s pos_err=0.119m T=20.42N z=5.226 m_est=2.064
[INFO] [1789412833.468919359] [acados_nmpc_node]: [attach-window] t=107.00s pos_err=0.152m T=20.45N z=5.226 m_est=2.064
[INFO] [1789412833.524344759] [acados_nmpc_node]: [attach-window] t=107.06s pos_err=0.113m T=20.42N z=5.227 m_est=2.064
[INFO] [1789412833.524736297] [acados_nmpc_node]: [wcmd] raw=[+0.007,-0.108,+0.382] w=[+0.000,-0.076,+0.345] err=[+0.007,-0.033] scaled=[+0.007,-0.108] s=1.00
[INFO] [1789412833.568836577] [acados_nmpc_node]: [attach-window] t=107.10s pos_err=0.145m T=20.46N z=5.228 m_est=2.064
[INFO] [1789412833.624640939] [acados_nmpc_node]: [attach-window] t=107.16s pos_err=0.126m T=20.44N z=5.229 m_est=2.064
[INFO] [1789412833.668816103] [acados_nmpc_node]: [attach-window] t=107.20s pos_err=0.137m T=20.46N z=5.230 m_est=2.064
[INFO] [1789412833.724383446] [acados_nmpc_node]: [attach-window] t=107.26s pos_err=0.119m T=20.44N z=5.232 m_est=2.064
[INFO] [1789412833.724768411] [acados_nmpc_node]: [wcmd] raw=[-0.002,-0.122,+0.421] w=[-0.020,-0.099,+0.366] err=[+0.018,-0.022] scaled=[-0.002,-0.122] s=1.00
[INFO] [1789412833.769029695] [acados_nmpc_node]: [attach-window] t=107.30s pos_err=0.148m T=20.49N z=5.233 m_est=2.064
[INFO] [1789412833.824711937] [acados_nmpc_node]: [attach-window] t=107.36s pos_err=0.131m T=20.48N z=5.236 m_est=2.064
[INFO] [1789412833.869295595] [acados_nmpc_node]: [attach-window] t=107.40s pos_err=0.158m T=20.50N z=5.238 m_est=2.064
[INFO] [1789412833.924334290] [acados_nmpc_node]: [attach-window] t=107.46s pos_err=0.123m T=20.46N z=5.241 m_est=2.064
[INFO] [1789412833.924725551] [acados_nmpc_node]: [wcmd] raw=[-0.015,-0.102,+0.488] w=[-0.034,-0.083,+0.396] err=[+0.019,-0.019] scaled=[-0.015,-0.102] s=1.00
[INFO] [1789412833.969132493] [acados_nmpc_node]: [attach-window] t=107.50s pos_err=0.149m T=20.49N z=5.243 m_est=2.064
[INFO] [1789412834.024371354] [acados_nmpc_node]: [attach-window] t=107.56s pos_err=0.116m T=20.43N z=5.248 m_est=2.064
[INFO] [1789412834.069161738] [acados_nmpc_node]: [attach-window] t=107.60s pos_err=0.156m T=20.49N z=5.249 m_est=2.064
[INFO] [1789412834.124465543] [acados_nmpc_node]: [attach-window] t=107.66s pos_err=0.124m T=20.44N z=5.254 m_est=2.064
[INFO] [1789412834.124848033] [acados_nmpc_node]: [wcmd] raw=[-0.006,-0.098,+0.577] w=[-0.033,-0.123,+0.447] err=[+0.027,+0.025] scaled=[-0.006,-0.098] s=1.00
[INFO] [1789412834.169203927] [acados_nmpc_node]: [attach-window] t=107.70s pos_err=0.147m T=20.47N z=5.257 m_est=2.064
[INFO] [1789412834.221999049] [acados_nmpc_node]: [attach-window] t=107.75s pos_err=0.117m T=20.41N z=5.262 m_est=2.064
[INFO] [1789412834.269319416] [acados_nmpc_node]: [attach-window] t=107.80s pos_err=0.154m T=20.48N z=5.264 m_est=2.064
[INFO] [1789412834.324873864] [acados_nmpc_node]: [attach-window] t=107.86s pos_err=0.127m T=20.44N z=5.270 m_est=2.064
[INFO] [1789412834.325278855] [acados_nmpc_node]: [wcmd] raw=[+0.008,-0.063,+0.688] w=[-0.020,-0.109,+0.519] err=[+0.028,+0.046] scaled=[+0.008,-0.063] s=1.00
[INFO] [1789412834.369060687] [acados_nmpc_node]: [attach-window] t=107.90s pos_err=0.146m T=20.48N z=5.273 m_est=2.064
[INFO] [1789412834.424824110] [acados_nmpc_node]: [attach-window] t=107.96s pos_err=0.124m T=20.43N z=5.279 m_est=2.064
[INFO] [1789412834.469057930] [acados_nmpc_node]: [attach-window] t=108.00s pos_err=0.141m T=20.48N z=5.282 m_est=2.064
[INFO] [1789412834.525023922] [acados_nmpc_node]: [attach-window] t=108.06s pos_err=0.132m T=20.47N z=5.288 m_est=2.064
[INFO] [1789412834.525439398] [acados_nmpc_node]: [wcmd] raw=[+0.019,-0.058,+0.806] w=[-0.016,-0.073,+0.616] err=[+0.035,+0.014] scaled=[+0.019,-0.058] s=1.00
[INFO] [1789412834.569192971] [acados_nmpc_node]: [attach-window] t=108.10s pos_err=0.147m T=20.51N z=5.291 m_est=2.064
[INFO] [1789412834.624784448] [acados_nmpc_node]: [attach-window] t=108.16s pos_err=0.137m T=20.50N z=5.298 m_est=2.064
[INFO] [1789412834.669452422] [acados_nmpc_node]: [attach-window] t=108.20s pos_err=0.152m T=20.54N z=5.301 m_est=2.064
[INFO] [1789412834.725355267] [acados_nmpc_node]: [attach-window] t=108.26s pos_err=0.135m T=20.48N z=5.308 m_est=2.064
[INFO] [1789412834.725761525] [acados_nmpc_node]: [wcmd] raw=[+0.011,-0.067,+0.930] w=[-0.035,-0.031,+0.726] err=[+0.046,-0.036] scaled=[+0.011,-0.067] s=1.00
[INFO] [1789412834.769208803] [acados_nmpc_node]: [attach-window] t=108.30s pos_err=0.146m T=20.53N z=5.312 m_est=2.064
[INFO] [1789412834.824907786] [acados_nmpc_node]: [attach-window] t=108.36s pos_err=0.139m T=20.48N z=5.319 m_est=2.064
[INFO] [1789412834.869130661] [acados_nmpc_node]: [attach-window] t=108.40s pos_err=0.148m T=20.53N z=5.323 m_est=2.064
[INFO] [1789412834.924618774] [acados_nmpc_node]: [attach-window] t=108.46s pos_err=0.136m T=20.44N z=5.332 m_est=2.064
[INFO] [1789412834.925006111] [acados_nmpc_node]: [wcmd] raw=[+0.025,-0.100,+1.014] w=[-0.033,-0.055,+0.847] err=[+0.058,-0.045] scaled=[+0.025,-0.100] s=1.00
[INFO] [1789412834.969085826] [acados_nmpc_node]: [attach-window] t=108.50s pos_err=0.142m T=20.50N z=5.336 m_est=2.064
[INFO] [1789412835.024612116] [acados_nmpc_node]: [attach-window] t=108.56s pos_err=0.137m T=20.45N z=5.345 m_est=2.064
[INFO] [1789412835.069239778] [acados_nmpc_node]: [attach-window] t=108.60s pos_err=0.137m T=20.48N z=5.350 m_est=2.064
[INFO] [1789412835.124706683] [acados_nmpc_node]: [attach-window] t=108.66s pos_err=0.134m T=20.45N z=5.359 m_est=2.064
[INFO] [1789412835.125101916] [acados_nmpc_node]: [wcmd] raw=[+0.005,-0.089,+1.027] w=[-0.024,-0.071,+0.955] err=[+0.029,-0.018] scaled=[+0.005,-0.089] s=1.00
[INFO] [1789412835.169087883] [acados_nmpc_node]: [attach-window] t=108.70s pos_err=0.134m T=20.54N z=5.363 m_est=2.064
[INFO] [1789412835.224596178] [acados_nmpc_node]: [attach-window] t=108.76s pos_err=0.132m T=20.48N z=5.373 m_est=2.064
[INFO] [1789412835.268785544] [acados_nmpc_node]: [attach-window] t=108.80s pos_err=0.127m T=20.57N z=5.377 m_est=2.064
[INFO] [1789412835.324437616] [acados_nmpc_node]: [attach-window] t=108.86s pos_err=0.126m T=20.55N z=5.385 m_est=2.064
[INFO] [1789412835.324842474] [acados_nmpc_node]: [wcmd] raw=[-0.039,-0.035,+0.962] w=[-0.029,-0.068,+1.018] err=[-0.010,+0.033] scaled=[-0.039,-0.035] s=1.00
[INFO] [1789412835.368923981] [acados_nmpc_node]: [attach-window] t=108.90s pos_err=0.119m T=20.64N z=5.389 m_est=2.064
[INFO] [1789412835.424794187] [acados_nmpc_node]: [attach-window] t=108.96s pos_err=0.124m T=20.56N z=5.400 m_est=2.064
[INFO] [1789412835.469041404] [acados_nmpc_node]: [attach-window] t=109.00s pos_err=0.113m T=20.64N z=5.404 m_est=2.064
[INFO] [1789412835.524886419] [acados_nmpc_node]: [attach-window] t=109.06s pos_err=0.116m T=20.60N z=5.414 m_est=2.064
[INFO] [1789412835.525285972] [acados_nmpc_node]: [wcmd] raw=[-0.031,-0.009,+0.818] w=[-0.049,-0.017,+1.012] err=[+0.018,+0.008] scaled=[-0.031,-0.009] s=1.00
[INFO] [1789412835.568156981] [acados_nmpc_node]: [attach-window] t=109.10s pos_err=0.103m T=20.68N z=5.419 m_est=2.064
[INFO] [1789412835.624566023] [acados_nmpc_node]: [attach-window] t=109.16s pos_err=0.106m T=20.62N z=5.429 m_est=2.064
[INFO] [1789412835.669051258] [acados_nmpc_node]: [attach-window] t=109.20s pos_err=0.092m T=20.70N z=5.434 m_est=2.064
[INFO] [1789412835.724715726] [acados_nmpc_node]: [attach-window] t=109.26s pos_err=0.105m T=20.55N z=5.446 m_est=2.064
[INFO] [1789412835.725103933] [acados_nmpc_node]: [wcmd] raw=[-0.003,-0.059,+0.633] w=[-0.027,+0.031,+0.934] err=[+0.024,-0.090] scaled=[-0.003,-0.059] s=1.00
[INFO] [1789412835.769118813] [acados_nmpc_node]: [attach-window] t=109.30s pos_err=0.088m T=20.64N z=5.452 m_est=2.064
[INFO] [1789412835.824798453] [acados_nmpc_node]: [attach-window] t=109.36s pos_err=0.095m T=20.55N z=5.463 m_est=2.064
[INFO] [1789412835.869296370] [acados_nmpc_node]: [attach-window] t=109.40s pos_err=0.077m T=20.65N z=5.468 m_est=2.064
[INFO] [1789412835.924716769] [acados_nmpc_node]: [attach-window] t=109.46s pos_err=0.097m T=20.46N z=5.481 m_est=2.064
[INFO] [1789412835.925117107] [acados_nmpc_node]: [wcmd] raw=[-0.016,-0.123,+0.432] w=[+0.010,-0.045,+0.789] err=[-0.026,-0.078] scaled=[-0.016,-0.123] s=1.00
[INFO] [1789412835.969125451] [acados_nmpc_node]: [attach-window] t=109.50s pos_err=0.075m T=20.56N z=5.487 m_est=2.064
[INFO] [1789412836.024713457] [acados_nmpc_node]: [attach-window] t=109.56s pos_err=0.086m T=20.44N z=5.499 m_est=2.064
[INFO] [1789412836.069105896] [acados_nmpc_node]: [attach-window] t=109.60s pos_err=0.063m T=20.55N z=5.505 m_est=2.064
[INFO] [1789412836.125064697] [acados_nmpc_node]: [attach-window] t=109.66s pos_err=0.090m T=20.34N z=5.519 m_est=2.064
[INFO] [1789412836.125452608] [acados_nmpc_node]: [wcmd] raw=[-0.053,-0.108,+0.254] w=[-0.013,-0.070,+0.602] err=[-0.040,-0.037] scaled=[-0.053,-0.108] s=1.00
[INFO] [1789412836.168278930] [acados_nmpc_node]: [attach-window] t=109.70s pos_err=0.064m T=20.45N z=5.525 m_est=2.064
[INFO] [1789412836.224838515] [acados_nmpc_node]: [attach-window] t=109.76s pos_err=0.080m T=20.32N z=5.539 m_est=2.064
[INFO] [1789412836.269102335] [acados_nmpc_node]: [attach-window] t=109.80s pos_err=0.050m T=20.43N z=5.546 m_est=2.064
[INFO] [1789412836.324665372] [acados_nmpc_node]: [attach-window] t=109.86s pos_err=0.088m T=20.22N z=5.562 m_est=2.064
[INFO] [1789412836.325052280] [acados_nmpc_node]: [wcmd] raw=[-0.034,-0.112,+0.135] w=[-0.032,-0.060,+0.407] err=[-0.002,-0.052] scaled=[-0.034,-0.112] s=1.00
[INFO] [1789412836.368907773] [acados_nmpc_node]: [attach-window] t=109.90s pos_err=0.055m T=20.34N z=5.569 m_est=2.064
[INFO] [1789412836.424630850] [acados_nmpc_node]: [attach-window] t=109.96s pos_err=0.076m T=20.23N z=5.584 m_est=2.064
[INFO] [1789412836.468736084] [acados_nmpc_node]: [attach-window] t=110.00s pos_err=0.042m T=20.35N z=5.591 m_est=2.064
[INFO] [1789412836.524328207] [acados_nmpc_node]: [attach-window] t=110.06s pos_err=0.088m T=20.14N z=5.608 m_est=2.064
[INFO] [1789412836.524731173] [acados_nmpc_node]: [wcmd] raw=[+0.014,-0.128,+0.076] w=[-0.007,-0.067,+0.248] err=[+0.022,-0.061] scaled=[+0.014,-0.128] s=1.00
[INFO] [1789412836.568874590] [acados_nmpc_node]: [attach-window] t=110.10s pos_err=0.051m T=20.27N z=5.616 m_est=2.064
[INFO] [1789412836.624095285] [acados_nmpc_node]: [attach-window] t=110.16s pos_err=0.076m T=20.16N z=5.631 m_est=2.064
[INFO] [1789412836.668604329] [acados_nmpc_node]: [attach-window] t=110.20s pos_err=0.063m T=20.20N z=5.640 m_est=2.064
[INFO] [1789412836.724173382] [acados_nmpc_node]: [attach-window] t=110.26s pos_err=0.087m T=20.09N z=5.655 m_est=2.064
[INFO] [1789412836.724578007] [acados_nmpc_node]: [wcmd] raw=[+0.042,-0.126,+0.060] w=[+0.027,-0.078,+0.136] err=[+0.015,-0.048] scaled=[+0.042,-0.126] s=1.00
[INFO] [1789412836.768811377] [acados_nmpc_node]: [attach-window] t=110.30s pos_err=0.050m T=20.25N z=5.663 m_est=2.064
[INFO] [1789412836.824287088] [acados_nmpc_node]: [attach-window] t=110.36s pos_err=0.098m T=20.06N z=5.680 m_est=2.064
[INFO] [1789412836.868788826] [acados_nmpc_node]: [attach-window] t=110.40s pos_err=0.039m T=20.29N z=5.686 m_est=2.064
[INFO] [1789412836.924023408] [acados_nmpc_node]: [attach-window] t=110.46s pos_err=0.083m T=20.12N z=5.703 m_est=2.064
[INFO] [1789412836.924415821] [acados_nmpc_node]: [wcmd] raw=[+0.047,-0.048,+0.072] w=[+0.041,-0.105,+0.074] err=[+0.006,+0.057] scaled=[+0.047,-0.048] s=1.00
[INFO] [1789412836.968006451] [acados_nmpc_node]: [attach-window] t=110.50s pos_err=0.047m T=20.23N z=5.710 m_est=2.064
[INFO] [1789412837.022064819] [acados_nmpc_node]: [attach-window] t=110.55s pos_err=0.094m T=20.02N z=5.727 m_est=2.064
[INFO] [1789412837.022431821] [acados_nmpc_node]: t=110.6s | pos_err=0.094m | T=20.02N | tau=[r0.005 p-0.026 y0.009]Nm | res_stat=3.692e-07(peak 1.000e-06) sqp_iter=4 | solve=1.3ms
[INFO] [1789412837.022607823] [acados_nmpc_node]: [flight-diag] t=110.6s | om_scale=1.000(lo 1.000 hi 1.000) | tilt_max=10.51deg | w_max=[r0.060 p0.154 y1.024]rad/s | u_frac=[T0.660 r0.047 p0.094 y0.757] | u_sat=[T0.0 r0.0 p0.0 y0.0]% | mot_peak=0.832 mot_sat=0.0% | health=1 age=0.000s conf=1.000 | n=100
[INFO] [1789412837.068002457] [acados_nmpc_node]: [attach-window] t=110.60s pos_err=0.053m T=20.18N z=5.735 m_est=2.064
[INFO] [1789412837.124037874] [acados_nmpc_node]: [attach-window] t=110.66s pos_err=0.072m T=20.11N z=5.749 m_est=2.064
[INFO] [1789412837.124427769] [acados_nmpc_node]: [wcmd] raw=[+0.060,-0.056,+0.091] w=[+0.045,-0.099,+0.054] err=[+0.015,+0.043] scaled=[+0.060,-0.056] s=1.00
[INFO] [1789412837.168679100] [acados_nmpc_node]: [attach-window] t=110.70s pos_err=0.042m T=20.26N z=5.756 m_est=2.064
[INFO] [1789412837.223992381] [acados_nmpc_node]: [attach-window] t=110.76s pos_err=0.055m T=20.20N z=5.770 m_est=2.064
[INFO] [1789412837.268717156] [acados_nmpc_node]: [attach-window] t=110.80s pos_err=0.044m T=20.33N z=5.777 m_est=2.064
[INFO] [1789412837.324183316] [acados_nmpc_node]: [attach-window] t=110.86s pos_err=0.058m T=20.16N z=5.792 m_est=2.064
[INFO] [1789412837.324573961] [acados_nmpc_node]: [wcmd] raw=[+0.058,-0.084,+0.104] w=[+0.051,+0.005,+0.060] err=[+0.008,-0.089] scaled=[+0.058,-0.084] s=1.00
[INFO] [1789412837.368792565] [acados_nmpc_node]: [attach-window] t=110.90s pos_err=0.045m T=20.31N z=5.799 m_est=2.064
[INFO] [1789412837.424309386] [acados_nmpc_node]: [attach-window] t=110.96s pos_err=0.047m T=20.20N z=5.813 m_est=2.064
[INFO] [1789412837.468876082] [acados_nmpc_node]: [attach-window] t=111.00s pos_err=0.059m T=20.34N z=5.820 m_est=2.064
[INFO] [1789412837.524200799] [acados_nmpc_node]: [attach-window] t=111.06s pos_err=0.050m T=20.10N z=5.836 m_est=2.064
[INFO] [1789412837.524593305] [acados_nmpc_node]: [wcmd] raw=[+0.038,-0.173,+0.101] w=[+0.043,-0.095,+0.075] err=[-0.006,-0.078] scaled=[+0.038,-0.173] s=1.00
[INFO] [1789412837.568760761] [acados_nmpc_node]: [attach-window] t=111.10s pos_err=0.058m T=20.25N z=5.843 m_est=2.064
[INFO] [1789412837.624172677] [acados_nmpc_node]: [attach-window] t=111.16s pos_err=0.055m T=19.98N z=5.859 m_est=2.064
[INFO] [1789412837.668927205] [acados_nmpc_node]: [attach-window] t=111.20s pos_err=0.076m T=20.24N z=5.864 m_est=2.064
[INFO] [1789412837.725572398] [acados_nmpc_node]: [attach-window] t=111.26s pos_err=0.053m T=20.04N z=5.880 m_est=2.064
[INFO] [1789412837.726002613] [acados_nmpc_node]: [wcmd] raw=[+0.029,-0.129,+0.082] w=[+0.032,-0.221,+0.082] err=[-0.003,+0.091] scaled=[+0.029,-0.129] s=1.00
[INFO] [1789412837.769044060] [acados_nmpc_node]: [attach-window] t=111.30s pos_err=0.073m T=20.14N z=5.888 m_est=2.064
[INFO] [1789412837.824806960] [acados_nmpc_node]: [attach-window] t=111.36s pos_err=0.060m T=20.03N z=5.902 m_est=2.064
[INFO] [1789412837.869206792] [acados_nmpc_node]: [attach-window] t=111.40s pos_err=0.091m T=20.14N z=5.910 m_est=2.064
[INFO] [1789412837.925428985] [acados_nmpc_node]: [attach-window] t=111.46s pos_err=0.061m T=19.99N z=5.926 m_est=2.064
[INFO] [1789412837.925878977] [acados_nmpc_node]: [wcmd] raw=[+0.025,-0.129,+0.051] w=[+0.028,-0.073,+0.079] err=[-0.004,-0.056] scaled=[+0.025,-0.129] s=1.00
[INFO] [1789412837.969063245] [acados_nmpc_node]: [attach-window] t=111.50s pos_err=0.087m T=20.11N z=5.933 m_est=2.064
[INFO] [1789412838.024533655] [acados_nmpc_node]: [attach-window] t=111.56s pos_err=0.071m T=20.02N z=5.948 m_est=2.064
[INFO] [1789412838.068972949] [acados_nmpc_node]: [attach-window] t=111.60s pos_err=0.106m T=20.15N z=5.955 m_est=2.064
[INFO] [1789412838.124512091] [acados_nmpc_node]: [attach-window] t=111.66s pos_err=0.071m T=19.98N z=5.971 m_est=2.064
[INFO] [1789412838.124929079] [acados_nmpc_node]: [wcmd] raw=[+0.027,-0.180,+0.013] w=[+0.033,-0.117,+0.060] err=[-0.006,-0.063] scaled=[+0.027,-0.180] s=1.00
[INFO] [1789412838.168816281] [acados_nmpc_node]: [attach-window] t=111.70s pos_err=0.100m T=20.10N z=5.978 m_est=2.064
[INFO] [1789412838.224188792] [acados_nmpc_node]: [attach-window] t=111.76s pos_err=0.071m T=19.90N z=5.995 m_est=2.064
[INFO] [1789412838.269038285] [acados_nmpc_node]: [attach-window] t=111.80s pos_err=0.095m T=20.04N z=6.002 m_est=2.064
[INFO] [1789412838.324681792] [acados_nmpc_node]: [attach-window] t=111.86s pos_err=0.081m T=19.97N z=6.016 m_est=2.064
[INFO] [1789412838.325092670] [acados_nmpc_node]: [wcmd] raw=[+0.026,-0.132,-0.025] w=[+0.037,-0.208,+0.031] err=[-0.011,+0.077] scaled=[+0.026,-0.132] s=1.00
[INFO] [1789412838.368799537] [acados_nmpc_node]: [attach-window] t=111.90s pos_err=0.111m T=20.07N z=6.024 m_est=2.064
[INFO] [1789412838.424381358] [acados_nmpc_node]: [attach-window] t=111.96s pos_err=0.093m T=20.03N z=6.038 m_est=2.064
[INFO] [1789412838.468771052] [acados_nmpc_node]: [attach-window] t=112.00s pos_err=0.130m T=20.10N z=6.045 m_est=2.064
[INFO] [1789412838.524345372] [acados_nmpc_node]: [attach-window] t=112.06s pos_err=0.092m T=20.01N z=6.061 m_est=2.064
[INFO] [1789412838.524732939] [acados_nmpc_node]: [wcmd] raw=[+0.028,-0.071,-0.060] w=[+0.041,-0.033,-0.007] err=[-0.013,-0.038] scaled=[+0.028,-0.071] s=1.00
[INFO] [1789412838.568754297] [acados_nmpc_node]: [attach-window] t=112.10s pos_err=0.126m T=20.10N z=6.068 m_est=2.064
[INFO] [1789412838.624660886] [acados_nmpc_node]: [attach-window] t=112.16s pos_err=0.108m T=20.05N z=6.082 m_est=2.064
[INFO] [1789412838.669119700] [acados_nmpc_node]: [attach-window] t=112.20s pos_err=0.147m T=20.13N z=6.089 m_est=2.064
[INFO] [1789412838.724725611] [acados_nmpc_node]: [attach-window] t=112.26s pos_err=0.106m T=20.02N z=6.105 m_est=2.064
[INFO] [1789412838.725159894] [acados_nmpc_node]: [wcmd] raw=[+0.034,-0.147,-0.091] w=[+0.047,-0.067,-0.044] err=[-0.012,-0.080] scaled=[+0.034,-0.147] s=1.00
[INFO] [1789412838.768820888] [acados_nmpc_node]: [attach-window] t=112.30s pos_err=0.143m T=20.12N z=6.112 m_est=2.064
[INFO] [1789412838.824590812] [acados_nmpc_node]: [attach-window] t=112.36s pos_err=0.122m T=20.06N z=6.125 m_est=2.064
[INFO] [1789412838.868903859] [acados_nmpc_node]: [attach-window] t=112.40s pos_err=0.162m T=20.15N z=6.131 m_est=2.064
[INFO] [1789412838.924490400] [acados_nmpc_node]: [attach-window] t=112.46s pos_err=0.117m T=20.06N z=6.146 m_est=2.064
[INFO] [1789412838.924889979] [acados_nmpc_node]: [wcmd] raw=[+0.042,-0.161,-0.117] w=[+0.054,-0.125,-0.078] err=[-0.013,-0.037] scaled=[+0.042,-0.161] s=1.00
[INFO] [1789412838.968801305] [acados_nmpc_node]: [attach-window] t=112.50s pos_err=0.154m T=20.15N z=6.152 m_est=2.064
[INFO] [1789412839.024269912] [acados_nmpc_node]: [attach-window] t=112.56s pos_err=0.131m T=20.12N z=6.164 m_est=2.064
[INFO] [1789412839.069141041] [acados_nmpc_node]: [attach-window] t=112.60s pos_err=0.170m T=20.19N z=6.171 m_est=2.064
[INFO] [1789412839.124439333] [acados_nmpc_node]: [attach-window] t=112.66s pos_err=0.123m T=20.13N z=6.184 m_est=2.064
[INFO] [1789412839.124829569] [acados_nmpc_node]: [wcmd] raw=[+0.049,-0.137,-0.143] w=[+0.061,-0.118,-0.107] err=[-0.011,-0.019] scaled=[+0.049,-0.137] s=1.00
[INFO] [1789412839.168978626] [acados_nmpc_node]: [attach-window] t=112.70s pos_err=0.160m T=20.20N z=6.191 m_est=2.064
[INFO] [1789412839.224385753] [acados_nmpc_node]: [attach-window] t=112.76s pos_err=0.136m T=20.18N z=6.203 m_est=2.064
[INFO] [1789412839.269041060] [acados_nmpc_node]: [attach-window] t=112.80s pos_err=0.175m T=20.24N z=6.209 m_est=2.064
[INFO] [1789412839.324375081] [acados_nmpc_node]: [attach-window] t=112.86s pos_err=0.126m T=20.19N z=6.222 m_est=2.064
[INFO] [1789412839.324772015] [acados_nmpc_node]: [wcmd] raw=[+0.050,-0.123,-0.173] w=[+0.069,-0.097,-0.135] err=[-0.019,-0.026] scaled=[+0.050,-0.123] s=1.00
[INFO] [1789412839.369002512] [acados_nmpc_node]: [attach-window] t=112.90s pos_err=0.164m T=20.25N z=6.228 m_est=2.064
[INFO] [1789412839.424383059] [acados_nmpc_node]: [attach-window] t=112.96s pos_err=0.140m T=20.23N z=6.240 m_est=2.064
[INFO] [1789412839.469150101] [acados_nmpc_node]: [attach-window] t=113.00s pos_err=0.154m T=20.25N z=6.248 m_est=2.064
[INFO] [1789412839.524188190] [acados_nmpc_node]: [attach-window] t=113.06s pos_err=0.130m T=20.23N z=6.260 m_est=2.064
[INFO] [1789412839.524576605] [acados_nmpc_node]: [wcmd] raw=[+0.026,-0.114,-0.209] w=[+0.061,-0.085,-0.164] err=[-0.035,-0.029] scaled=[+0.026,-0.114] s=1.00
[INFO] [1789412839.569083369] [acados_nmpc_node]: [attach-window] t=113.10s pos_err=0.170m T=20.29N z=6.266 m_est=2.064
[INFO] [1789412839.624732872] [acados_nmpc_node]: [attach-window] t=113.16s pos_err=0.146m T=20.28N z=6.278 m_est=2.064
[INFO] [1789412839.668997363] [acados_nmpc_node]: [attach-window] t=113.20s pos_err=0.184m T=20.31N z=6.284 m_est=2.064
[INFO] [1789412839.724416565] [acados_nmpc_node]: [attach-window] t=113.26s pos_err=0.138m T=20.25N z=6.299 m_est=2.064
[INFO] [1789412839.724799207] [acados_nmpc_node]: [wcmd] raw=[+0.015,-0.078,-0.257] w=[+0.045,-0.051,-0.197] err=[-0.030,-0.027] scaled=[+0.015,-0.078] s=1.00
[INFO] [1789412839.769096419] [acados_nmpc_node]: [attach-window] t=113.30s pos_err=0.175m T=20.29N z=6.305 m_est=2.064
[INFO] [1789412839.824750430] [acados_nmpc_node]: [attach-window] t=113.36s pos_err=0.153m T=20.25N z=6.318 m_est=2.064
[INFO] [1789412839.869306942] [acados_nmpc_node]: [attach-window] t=113.40s pos_err=0.190m T=20.28N z=6.324 m_est=2.064
[INFO] [1789412839.924879210] [acados_nmpc_node]: [attach-window] t=113.46s pos_err=0.145m T=20.21N z=6.339 m_est=2.064
[INFO] [1789412839.925271421] [acados_nmpc_node]: [wcmd] raw=[+0.008,-0.115,-0.318] w=[+0.034,-0.067,-0.237] err=[-0.027,-0.047] scaled=[+0.008,-0.115] s=1.00
[INFO] [1789412839.969079874] [acados_nmpc_node]: [attach-window] t=113.50s pos_err=0.179m T=20.25N z=6.345 m_est=2.064
[INFO] [1789412840.024619847] [acados_nmpc_node]: [attach-window] t=113.56s pos_err=0.157m T=20.22N z=6.358 m_est=2.064
[INFO] [1789412840.069034981] [acados_nmpc_node]: [attach-window] t=113.60s pos_err=0.169m T=20.24N z=6.366 m_est=2.064
[INFO] [1789412840.122262170] [acados_nmpc_node]: [attach-window] t=113.65s pos_err=0.144m T=20.22N z=6.378 m_est=2.064
[INFO] [1789412840.122558318] [acados_nmpc_node]: [wcmd] raw=[+0.011,-0.115,-0.392] w=[+0.038,-0.087,-0.289] err=[-0.027,-0.028] scaled=[+0.011,-0.115] s=1.00
[INFO] [1789412840.168225659] [acados_nmpc_node]: [attach-window] t=113.70s pos_err=0.180m T=20.27N z=6.385 m_est=2.064
[INFO] [1789412840.221970019] [acados_nmpc_node]: [attach-window] t=113.75s pos_err=0.153m T=20.27N z=6.397 m_est=2.064
[INFO] [1789412840.269221525] [acados_nmpc_node]: [attach-window] t=113.80s pos_err=0.189m T=20.30N z=6.403 m_est=2.064
[INFO] [1789412840.324512389] [acados_nmpc_node]: [attach-window] t=113.86s pos_err=0.147m T=20.28N z=6.417 m_est=2.064
[INFO] [1789412840.324901849] [acados_nmpc_node]: [wcmd] raw=[+0.030,-0.051,-0.488] w=[+0.050,-0.056,-0.353] err=[-0.020,+0.005] scaled=[+0.030,-0.051] s=1.00
[INFO] [1789412840.369145281] [acados_nmpc_node]: [attach-window] t=113.90s pos_err=0.177m T=20.31N z=6.423 m_est=2.064
[INFO] [1789412840.424834578] [acados_nmpc_node]: [attach-window] t=113.96s pos_err=0.139m T=20.28N z=6.437 m_est=2.064
[INFO] [1789412840.469219885] [acados_nmpc_node]: [attach-window] t=114.00s pos_err=0.186m T=20.34N z=6.441 m_est=2.064
[INFO] [1789412840.524480749] [acados_nmpc_node]: [attach-window] t=114.06s pos_err=0.148m T=20.30N z=6.454 m_est=2.064
[INFO] [1789412840.524864641] [acados_nmpc_node]: [wcmd] raw=[-0.001,-0.056,-0.600] w=[+0.046,-0.066,-0.437] err=[-0.048,+0.010] scaled=[-0.001,-0.056] s=1.00
[INFO] [1789412840.569100995] [acados_nmpc_node]: [attach-window] t=114.10s pos_err=0.176m T=20.34N z=6.460 m_est=2.064
[INFO] [1789412840.624630758] [acados_nmpc_node]: [attach-window] t=114.16s pos_err=0.158m T=20.32N z=6.471 m_est=2.064
[INFO] [1789412840.669225926] [acados_nmpc_node]: [attach-window] t=114.20s pos_err=0.184m T=20.36N z=6.477 m_est=2.064
[INFO] [1789412840.724813253] [acados_nmpc_node]: [attach-window] t=114.26s pos_err=0.151m T=20.32N z=6.489 m_est=2.064
[INFO] [1789412840.725194849] [acados_nmpc_node]: [wcmd] raw=[-0.026,-0.049,-0.726] w=[+0.033,-0.026,-0.536] err=[-0.058,-0.023] scaled=[-0.026,-0.049] s=1.00
[INFO] [1789412840.769107100] [acados_nmpc_node]: [attach-window] t=114.30s pos_err=0.176m T=20.36N z=6.495 m_est=2.064
[INFO] [1789412840.824800631] [acados_nmpc_node]: [attach-window] t=114.36s pos_err=0.144m T=20.29N z=6.507 m_est=2.064
[INFO] [1789412840.869093989] [acados_nmpc_node]: [attach-window] t=114.40s pos_err=0.167m T=20.34N z=6.513 m_est=2.064
[INFO] [1789412840.924755911] [acados_nmpc_node]: [attach-window] t=114.46s pos_err=0.150m T=20.30N z=6.524 m_est=2.064
[INFO] [1789412840.925147291] [acados_nmpc_node]: [wcmd] raw=[-0.023,-0.060,-0.849] w=[-0.003,-0.072,-0.655] err=[-0.020,+0.012] scaled=[-0.023,-0.060] s=1.00
[INFO] [1789412840.969042095] [acados_nmpc_node]: [attach-window] t=114.50s pos_err=0.171m T=20.34N z=6.529 m_est=2.064
[INFO] [1789412841.024933903] [acados_nmpc_node]: [attach-window] t=114.56s pos_err=0.141m T=20.27N z=6.542 m_est=2.064
[INFO] [1789412841.069237572] [acados_nmpc_node]: [attach-window] t=114.60s pos_err=0.160m T=20.31N z=6.548 m_est=2.064
[INFO] [1789412841.124412257] [acados_nmpc_node]: [attach-window] t=114.66s pos_err=0.144m T=20.27N z=6.559 m_est=2.064
[INFO] [1789412841.124796049] [acados_nmpc_node]: [wcmd] raw=[+0.006,-0.045,-0.957] w=[+0.019,-0.059,-0.779] err=[-0.012,+0.014] scaled=[+0.006,-0.045] s=1.00
[INFO] [1789412841.169098687] [acados_nmpc_node]: [attach-window] t=114.70s pos_err=0.162m T=20.31N z=6.564 m_est=2.064
[INFO] [1789412841.224391393] [acados_nmpc_node]: [attach-window] t=114.76s pos_err=0.133m T=20.24N z=6.577 m_est=2.064
[INFO] [1789412841.269042315] [acados_nmpc_node]: [attach-window] t=114.80s pos_err=0.163m T=20.33N z=6.581 m_est=2.064
[INFO] [1789412841.324429648] [acados_nmpc_node]: [attach-window] t=114.86s pos_err=0.134m T=20.27N z=6.592 m_est=2.064
[INFO] [1789412841.324813688] [acados_nmpc_node]: [wcmd] raw=[-0.012,-0.047,-1.025] w=[+0.033,-0.049,-0.896] err=[-0.045,+0.001] scaled=[-0.012,-0.047] s=1.00
[INFO] [1789412841.368793564] [acados_nmpc_node]: [attach-window] t=114.90s pos_err=0.150m T=20.32N z=6.597 m_est=2.064
[INFO] [1789412841.424259654] [acados_nmpc_node]: [attach-window] t=114.96s pos_err=0.134m T=20.28N z=6.607 m_est=2.064
[INFO] [1789412841.468903229] [acados_nmpc_node]: [attach-window] t=115.00s pos_err=0.150m T=20.34N z=6.612 m_est=2.064
[INFO] [1789412841.524417388] [acados_nmpc_node]: [attach-window] t=115.06s pos_err=0.125m T=20.25N z=6.623 m_est=2.064
[INFO] [1789412841.524804938] [acados_nmpc_node]: [wcmd] raw=[-0.048,-0.076,-1.010] w=[+0.014,-0.031,-0.990] err=[-0.062,-0.045] scaled=[-0.048,-0.076] s=1.00
[INFO] [1789412841.568779585] [acados_nmpc_node]: [attach-window] t=115.10s pos_err=0.139m T=20.31N z=6.628 m_est=2.064
[INFO] [1789412841.624324620] [acados_nmpc_node]: [attach-window] t=115.16s pos_err=0.125m T=20.26N z=6.638 m_est=2.064
[INFO] [1789412841.668793180] [acados_nmpc_node]: [attach-window] t=115.20s pos_err=0.139m T=20.33N z=6.642 m_est=2.064
[INFO] [1789412841.724753557] [acados_nmpc_node]: [attach-window] t=115.26s pos_err=0.116m T=20.24N z=6.652 m_est=2.064
[INFO] [1789412841.725148885] [acados_nmpc_node]: [wcmd] raw=[-0.029,-0.087,-0.909] w=[-0.023,-0.052,-1.032] err=[-0.006,-0.035] scaled=[-0.029,-0.087] s=1.00
[INFO] [1789412841.768918655] [acados_nmpc_node]: [attach-window] t=115.30s pos_err=0.128m T=20.31N z=6.657 m_est=2.064
[INFO] [1789412841.824700126] [acados_nmpc_node]: [attach-window] t=115.36s pos_err=0.115m T=20.27N z=6.665 m_est=2.064
[INFO] [1789412841.869073419] [acados_nmpc_node]: [attach-window] t=115.40s pos_err=0.127m T=20.34N z=6.669 m_est=2.064
[INFO] [1789412841.924605668] [acados_nmpc_node]: [attach-window] t=115.46s pos_err=0.105m T=20.26N z=6.677 m_est=2.064
[INFO] [1789412841.924989200] [acados_nmpc_node]: [wcmd] raw=[+0.019,-0.084,-0.742] w=[-0.003,-0.049,-0.997] err=[+0.021,-0.034] scaled=[+0.019,-0.084] s=1.00
[INFO] [1789412841.969048925] [acados_nmpc_node]: [attach-window] t=115.50s pos_err=0.117m T=20.34N z=6.681 m_est=2.064
[INFO] [1789412842.024524099] [acados_nmpc_node]: [attach-window] t=115.56s pos_err=0.104m T=20.30N z=6.688 m_est=2.064
[INFO] [1789412842.025009226] [acados_nmpc_node]: t=115.6s | pos_err=0.104m | T=20.30N | tau=[r0.007 p0.003 y0.126]Nm | res_stat=1.334e-07(peak 1.000e-06) sqp_iter=5 | solve=2.3ms
[INFO] [1789412842.025216888] [acados_nmpc_node]: [flight-diag] t=115.6s | om_scale=1.000(lo 1.000 hi 1.000) | tilt_max=9.81deg | w_max=[r0.074 p0.221 y1.032]rad/s | u_frac=[T0.649 r0.044 p0.116 y0.629] | u_sat=[T0.0 r0.0 p0.0 y0.0]% | mot_peak=0.833 mot_sat=0.0% | health=1 age=0.000s conf=1.000 | n=100
[INFO] [1789412842.069238854] [acados_nmpc_node]: [attach-window] t=115.60s pos_err=0.116m T=20.37N z=6.691 m_est=2.064
[INFO] [1789412842.124792622] [acados_nmpc_node]: [attach-window] t=115.66s pos_err=0.095m T=20.28N z=6.699 m_est=2.064
[INFO] [1789412842.125180581] [acados_nmpc_node]: [wcmd] raw=[+0.028,-0.076,-0.550] w=[+0.019,-0.048,-0.887] err=[+0.010,-0.028] scaled=[+0.028,-0.076] s=1.00
[INFO] [1789412842.169225424] [acados_nmpc_node]: [attach-window] t=115.70s pos_err=0.106m T=20.34N z=6.702 m_est=2.064
[INFO] [1789412842.224920178] [acados_nmpc_node]: [attach-window] t=115.76s pos_err=0.094m T=20.27N z=6.709 m_est=2.064
[INFO] [1789412842.269278591] [acados_nmpc_node]: [attach-window] t=115.80s pos_err=0.108m T=20.32N z=6.713 m_est=2.064
[INFO] [1789412842.324703818] [acados_nmpc_node]: [attach-window] t=115.86s pos_err=0.086m T=20.19N z=6.721 m_est=2.064
[INFO] [1789412842.325091154] [acados_nmpc_node]: [wcmd] raw=[+0.020,-0.088,-0.367] w=[+0.010,-0.048,-0.720] err=[+0.009,-0.039] scaled=[+0.020,-0.088] s=1.00
[INFO] [1789412842.369119771] [acados_nmpc_node]: [attach-window] t=115.90s pos_err=0.099m T=20.24N z=6.725 m_est=2.064
[INFO] [1789412842.424625562] [acados_nmpc_node]: [attach-window] t=115.96s pos_err=0.079m T=20.08N z=6.733 m_est=2.064
[INFO] [1789412842.469216127] [acados_nmpc_node]: [attach-window] t=116.00s pos_err=0.092m T=20.15N z=6.737 m_est=2.064
[INFO] [1789412842.524869371] [acados_nmpc_node]: [attach-window] t=116.06s pos_err=0.080m T=20.06N z=6.744 m_est=2.064
[INFO] [1789412842.525259001] [acados_nmpc_node]: [wcmd] raw=[+0.019,-0.091,-0.238] w=[-0.004,-0.121,-0.534] err=[+0.023,+0.031] scaled=[+0.019,-0.091] s=1.00
[INFO] [1789412842.568976484] [acados_nmpc_node]: [attach-window] t=116.10s pos_err=0.095m T=20.12N z=6.747 m_est=2.064
[INFO] [1789412842.624560770] [acados_nmpc_node]: [attach-window] t=116.16s pos_err=0.073m T=20.01N z=6.755 m_est=2.064
[INFO] [1789412842.668934379] [acados_nmpc_node]: [attach-window] t=116.20s pos_err=0.101m T=20.13N z=6.757 m_est=2.064
[INFO] [1789412842.724573236] [acados_nmpc_node]: [attach-window] t=116.26s pos_err=0.076m T=20.03N z=6.764 m_est=2.064
[INFO] [1789412842.724953270] [acados_nmpc_node]: [wcmd] raw=[+0.021,-0.070,-0.173] w=[+0.007,-0.094,-0.371] err=[+0.013,+0.024] scaled=[+0.021,-0.070] s=1.00
[INFO] [1789412842.768916203] [acados_nmpc_node]: [attach-window] t=116.30s pos_err=0.094m T=20.09N z=6.767 m_est=2.064
[INFO] [1789412842.824710780] [acados_nmpc_node]: [attach-window] t=116.36s pos_err=0.081m T=20.04N z=6.772 m_est=2.064
[INFO] [1789412842.868842977] [acados_nmpc_node]: [attach-window] t=116.40s pos_err=0.104m T=20.10N z=6.775 m_est=2.064
[INFO] [1789412842.924432911] [acados_nmpc_node]: [attach-window] t=116.46s pos_err=0.077m T=20.01N z=6.781 m_est=2.064
[INFO] [1789412842.924834303] [acados_nmpc_node]: [wcmd] raw=[-0.024,-0.124,-0.157] w=[+0.012,-0.051,-0.251] err=[-0.036,-0.073] scaled=[-0.024,-0.124] s=1.00
[INFO] [1789412842.968859439] [acados_nmpc_node]: [attach-window] t=116.50s pos_err=0.100m T=20.09N z=6.783 m_est=2.064
[INFO] [1789412843.024678394] [acados_nmpc_node]: [attach-window] t=116.56s pos_err=0.087m T=20.03N z=6.788 m_est=2.064
[INFO] [1789412843.068955125] [acados_nmpc_node]: [attach-window] t=116.60s pos_err=0.113m T=20.09N z=6.790 m_est=2.064
[INFO] [1789412843.124446162] [acados_nmpc_node]: [attach-window] t=116.66s pos_err=0.084m T=19.99N z=6.794 m_est=2.064
[INFO] [1789412843.124828329] [acados_nmpc_node]: [wcmd] raw=[-0.052,-0.141,-0.178] w=[-0.023,-0.105,-0.184] err=[-0.029,-0.035] scaled=[-0.052,-0.141] s=1.00
[INFO] [1789412843.168787020] [acados_nmpc_node]: [attach-window] t=116.70s pos_err=0.109m T=20.07N z=6.796 m_est=2.064
[INFO] [1789412843.224433205] [acados_nmpc_node]: [attach-window] t=116.76s pos_err=0.095m T=20.01N z=6.799 m_est=2.064
[INFO] [1789412843.268789844] [acados_nmpc_node]: [attach-window] t=116.80s pos_err=0.123m T=20.07N z=6.801 m_est=2.064
[INFO] [1789412843.324320609] [acados_nmpc_node]: [attach-window] t=116.86s pos_err=0.092m T=19.99N z=6.804 m_est=2.064
[INFO] [1789412843.324706109] [acados_nmpc_node]: [wcmd] raw=[-0.040,-0.146,-0.218] w=[-0.029,-0.111,-0.164] err=[-0.010,-0.035] scaled=[-0.040,-0.146] s=1.00
[INFO] [1789412843.368909660] [acados_nmpc_node]: [attach-window] t=116.90s pos_err=0.117m T=20.05N z=6.805 m_est=2.064
[INFO] [1789412843.422001087] [acados_nmpc_node]: [attach-window] t=116.95s pos_err=0.098m T=20.00N z=6.807 m_est=2.064
[INFO] [1789412843.468099467] [acados_nmpc_node]: [attach-window] t=117.00s pos_err=0.128m T=20.06N z=6.808 m_est=2.064
[INFO] [1789412843.521917432] [acados_nmpc_node]: [attach-window] t=117.05s pos_err=0.092m T=19.99N z=6.809 m_est=2.064
[INFO] [1789412843.522210957] [acados_nmpc_node]: [wcmd] raw=[-0.020,-0.166,-0.259] w=[-0.007,-0.138,-0.181] err=[-0.012,-0.028] scaled=[-0.020,-0.166] s=1.00
[INFO] [1789412843.568051335] [acados_nmpc_node]: [attach-window] t=117.10s pos_err=0.120m T=20.05N z=6.810 m_est=2.064
[INFO] [1789412843.621827589] [acados_nmpc_node]: [attach-window] t=117.15s pos_err=0.100m T=20.02N z=6.810 m_est=2.064
[INFO] [1789412843.668073001] [acados_nmpc_node]: [attach-window] t=117.20s pos_err=0.130m T=20.07N z=6.810 m_est=2.064
[INFO] [1789412843.724547062] [acados_nmpc_node]: [attach-window] t=117.26s pos_err=0.096m T=20.04N z=6.810 m_est=2.064
[INFO] [1789412843.724940110] [acados_nmpc_node]: [wcmd] raw=[-0.001,-0.116,-0.295] w=[+0.015,-0.124,-0.216] err=[-0.016,+0.009] scaled=[-0.001,-0.116] s=1.00
[INFO] [1789412843.768842582] [acados_nmpc_node]: [attach-window] t=117.30s pos_err=0.121m T=20.09N z=6.809 m_est=2.064
[INFO] [1789412843.824740586] [acados_nmpc_node]: [attach-window] t=117.36s pos_err=0.104m T=20.08N z=6.808 m_est=2.064
[INFO] [1789412843.868977060] [acados_nmpc_node]: [attach-window] t=117.40s pos_err=0.131m T=20.12N z=6.808 m_est=2.064
[INFO] [1789412843.924224347] [acados_nmpc_node]: [attach-window] t=117.46s pos_err=0.094m T=20.11N z=6.806 m_est=2.064
[INFO] [1789412843.924615227] [acados_nmpc_node]: [wcmd] raw=[+0.008,-0.126,-0.318] w=[+0.027,-0.090,-0.256] err=[-0.019,-0.037] scaled=[+0.008,-0.126] s=1.00
[INFO] [1789412843.968904791] [acados_nmpc_node]: [attach-window] t=117.50s pos_err=0.122m T=20.15N z=6.804 m_est=2.064
[INFO] [1789412844.024645486] [acados_nmpc_node]: [attach-window] t=117.56s pos_err=0.104m T=20.15N z=6.802 m_est=2.064
[INFO] [1789412844.068822418] [acados_nmpc_node]: [attach-window] t=117.60s pos_err=0.133m T=20.18N z=6.801 m_est=2.064
[INFO] [1789412844.124394012] [acados_nmpc_node]: [attach-window] t=117.66s pos_err=0.096m T=20.16N z=6.798 m_est=2.064
[INFO] [1789412844.124775722] [acados_nmpc_node]: [wcmd] raw=[+0.013,-0.123,-0.333] w=[+0.033,-0.101,-0.289] err=[-0.020,-0.022] scaled=[+0.013,-0.123] s=1.00
[INFO] [1789412844.168783305] [acados_nmpc_node]: [attach-window] t=117.70s pos_err=0.125m T=20.18N z=6.797 m_est=2.064
[INFO] [1789412844.224944810] [acados_nmpc_node]: [attach-window] t=117.76s pos_err=0.107m T=20.15N z=6.795 m_est=2.064
[INFO] [1789412844.268912561] [acados_nmpc_node]: [attach-window] t=117.80s pos_err=0.138m T=20.15N z=6.794 m_est=2.064
[INFO] [1789412844.325097826] [acados_nmpc_node]: [attach-window] t=117.86s pos_err=0.101m T=20.12N z=6.791 m_est=2.064
[INFO] [1789412844.325518484] [acados_nmpc_node]: [wcmd] raw=[-0.002,-0.120,-0.348] w=[+0.027,-0.095,-0.314] err=[-0.029,-0.026] scaled=[-0.002,-0.120] s=1.00
[INFO] [1789412844.368997303] [acados_nmpc_node]: [attach-window] t=117.90s pos_err=0.131m T=20.13N z=6.790 m_est=2.064
[INFO] [1789412844.424601358] [acados_nmpc_node]: [attach-window] t=117.96s pos_err=0.094m T=20.09N z=6.788 m_est=2.064
[INFO] [1789412844.469054885] [acados_nmpc_node]: [attach-window] t=118.00s pos_err=0.124m T=20.10N z=6.787 m_est=2.064
[INFO] [1789412844.524807466] [acados_nmpc_node]: [attach-window] t=118.06s pos_err=0.106m T=20.08N z=6.784 m_est=2.064
[INFO] [1789412844.525241236] [acados_nmpc_node]: [wcmd] raw=[-0.012,-0.122,-0.368] w=[+0.000,-0.160,-0.333] err=[-0.013,+0.038] scaled=[-0.012,-0.122] s=1.00
[INFO] [1789412844.569127810] [acados_nmpc_node]: [attach-window] t=118.10s pos_err=0.135m T=20.08N z=6.783 m_est=2.064
[INFO] [1789412844.624777663] [acados_nmpc_node]: [attach-window] t=118.16s pos_err=0.116m T=20.08N z=6.780 m_est=2.064
[INFO] [1789412844.668342386] [acados_nmpc_node]: [attach-window] t=118.20s pos_err=0.127m T=20.07N z=6.779 m_est=2.064
[INFO] [1789412844.725007424] [acados_nmpc_node]: [attach-window] t=118.26s pos_err=0.109m T=20.08N z=6.776 m_est=2.064
[INFO] [1789412844.725425392] [acados_nmpc_node]: [wcmd] raw=[-0.006,-0.113,-0.400] w=[+0.013,-0.075,-0.352] err=[-0.019,-0.038] scaled=[-0.006,-0.113] s=1.00
[INFO] [1789412844.769173061] [acados_nmpc_node]: [attach-window] t=118.30s pos_err=0.136m T=20.08N z=6.774 m_est=2.064
[INFO] [1789412844.825556916] [acados_nmpc_node]: [attach-window] t=118.36s pos_err=0.120m T=20.10N z=6.771 m_est=2.064
[INFO] [1789412844.869148261] [acados_nmpc_node]: [attach-window] t=118.40s pos_err=0.145m T=20.09N z=6.769 m_est=2.064
[INFO] [1789412844.924497379] [acados_nmpc_node]: [attach-window] t=118.46s pos_err=0.111m T=20.12N z=6.765 m_est=2.064
[INFO] [1789412844.924892478] [acados_nmpc_node]: [wcmd] raw=[-0.011,-0.134,-0.459] w=[+0.020,-0.092,-0.378] err=[-0.031,-0.042] scaled=[-0.011,-0.134] s=1.00
[INFO] [1789412844.969149415] [acados_nmpc_node]: [attach-window] t=118.50s pos_err=0.136m T=20.12N z=6.763 m_est=2.064
[INFO] [1789412845.024735207] [acados_nmpc_node]: [attach-window] t=118.56s pos_err=0.105m T=20.14N z=6.758 m_est=2.064
[INFO] [1789412845.069333106] [acados_nmpc_node]: [attach-window] t=118.60s pos_err=0.127m T=20.14N z=6.755 m_est=2.064
[INFO] [1789412845.124780921] [acados_nmpc_node]: [attach-window] t=118.66s pos_err=0.112m T=20.17N z=6.750 m_est=2.064
[INFO] [1789412845.125175592] [acados_nmpc_node]: [wcmd] raw=[-0.004,-0.100,-0.536] w=[+0.008,-0.149,-0.421] err=[-0.012,+0.049] scaled=[-0.004,-0.100] s=1.00
[INFO] [1789412845.169094576] [acados_nmpc_node]: [attach-window] t=118.70s pos_err=0.134m T=20.17N z=6.747 m_est=2.064
[INFO] [1789412845.224630214] [acados_nmpc_node]: [attach-window] t=118.76s pos_err=0.105m T=20.24N z=6.739 m_est=2.064
[INFO] [1789412845.269156441] [acados_nmpc_node]: [attach-window] t=118.80s pos_err=0.139m T=20.21N z=6.737 m_est=2.064
[INFO] [1789412845.324921565] [acados_nmpc_node]: [attach-window] t=118.86s pos_err=0.110m T=20.27N z=6.729 m_est=2.064
[INFO] [1789412845.325310659] [acados_nmpc_node]: [wcmd] raw=[+0.019,-0.051,-0.642] w=[+0.034,-0.078,-0.485] err=[-0.014,+0.027] scaled=[+0.019,-0.051] s=1.00
[INFO] [1789412845.369108166] [acados_nmpc_node]: [attach-window] t=118.90s pos_err=0.129m T=20.26N z=6.726 m_est=2.064
[INFO] [1789412845.424498933] [acados_nmpc_node]: [attach-window] t=118.96s pos_err=0.115m T=20.31N z=6.718 m_est=2.064
[INFO] [1789412845.469259045] [acados_nmpc_node]: [attach-window] t=119.00s pos_err=0.134m T=20.30N z=6.714 m_est=2.064
[INFO] [1789412845.524947419] [acados_nmpc_node]: [attach-window] t=119.06s pos_err=0.110m T=20.36N z=6.704 m_est=2.064
[INFO] [1789412845.525338510] [acados_nmpc_node]: [wcmd] raw=[-0.010,-0.083,-0.762] w=[+0.057,-0.041,-0.574] err=[-0.067,-0.042] scaled=[-0.010,-0.083] s=1.00
[INFO] [1789412845.569103878] [acados_nmpc_node]: [attach-window] t=119.10s pos_err=0.126m T=20.36N z=6.700 m_est=2.064
[INFO] [1789412845.625032084] [acados_nmpc_node]: [attach-window] t=119.16s pos_err=0.114m T=20.38N z=6.691 m_est=2.064
[INFO] [1789412845.669193669] [acados_nmpc_node]: [attach-window] t=119.20s pos_err=0.130m T=20.37N z=6.687 m_est=2.064
[INFO] [1789412845.725090506] [acados_nmpc_node]: [attach-window] t=119.26s pos_err=0.109m T=20.38N z=6.677 m_est=2.064
[INFO] [1789412845.725495989] [acados_nmpc_node]: [wcmd] raw=[-0.037,-0.104,-0.887] w=[+0.026,-0.075,-0.681] err=[-0.063,-0.029] scaled=[-0.037,-0.104] s=1.00
[INFO] [1789412845.769100647] [acados_nmpc_node]: [attach-window] t=119.30s pos_err=0.122m T=20.37N z=6.673 m_est=2.064
[INFO] [1789412845.825128026] [acados_nmpc_node]: [attach-window] t=119.36s pos_err=0.112m T=20.36N z=6.664 m_est=2.064
[INFO] [1789412845.869271618] [acados_nmpc_node]: [attach-window] t=119.40s pos_err=0.124m T=20.34N z=6.660 m_est=2.064
[INFO] [1789412845.924937015] [acados_nmpc_node]: [attach-window] t=119.46s pos_err=0.108m T=20.34N z=6.651 m_est=2.064
[INFO] [1789412845.925325453] [acados_nmpc_node]: [wcmd] raw=[-0.024,-0.080,-0.993] w=[+0.016,-0.070,-0.801] err=[-0.040,-0.010] scaled=[-0.024,-0.080] s=1.00
[INFO] [1789412845.969107550] [acados_nmpc_node]: [attach-window] t=119.50s pos_err=0.117m T=20.32N z=6.647 m_est=2.064
[INFO] [1789412846.024975488] [acados_nmpc_node]: [attach-window] t=119.56s pos_err=0.110m T=20.32N z=6.638 m_est=2.064
[INFO] [1789412846.069101564] [acados_nmpc_node]: [attach-window] t=119.60s pos_err=0.118m T=20.30N z=6.634 m_est=2.064
[INFO] [1789412846.124524643] [acados_nmpc_node]: [attach-window] t=119.66s pos_err=0.106m T=20.32N z=6.625 m_est=2.064
[INFO] [1789412846.124915766] [acados_nmpc_node]: [wcmd] raw=[-0.014,-0.057,-1.049] w=[+0.032,-0.040,-0.921] err=[-0.046,-0.017] scaled=[-0.014,-0.057] s=1.00
[INFO] [1789412846.168314299] [acados_nmpc_node]: [attach-window] t=119.70s pos_err=0.112m T=20.31N z=6.620 m_est=2.064
[INFO] [1789412846.225083140] [acados_nmpc_node]: [attach-window] t=119.76s pos_err=0.106m T=20.31N z=6.612 m_est=2.064
[INFO] [1789412846.268930785] [acados_nmpc_node]: [attach-window] t=119.80s pos_err=0.111m T=20.30N z=6.608 m_est=2.064
[INFO] [1789412846.324924079] [acados_nmpc_node]: [attach-window] t=119.86s pos_err=0.102m T=20.31N z=6.598 m_est=2.064
[INFO] [1789412846.325313201] [acados_nmpc_node]: [wcmd] raw=[-0.014,-0.058,-1.019] w=[+0.030,-0.024,-1.011] err=[-0.044,-0.035] scaled=[-0.014,-0.058] s=1.00
[INFO] [1789412846.368834515] [acados_nmpc_node]: [attach-window] t=119.90s pos_err=0.105m T=20.31N z=6.593 m_est=2.064
[INFO] [1789412846.424625776] [acados_nmpc_node]: [attach-window] t=119.96s pos_err=0.100m T=20.31N z=6.584 m_est=2.064
[INFO] [1789412846.468774124] [acados_nmpc_node]: [attach-window] t=120.00s pos_err=0.100m T=20.31N z=6.579 m_est=2.064
[INFO] [1789412846.524681746] [acados_nmpc_node]: [attach-window] t=120.06s pos_err=0.097m T=20.32N z=6.570 m_est=2.064
[INFO] [1789412846.525066952] [acados_nmpc_node]: [wcmd] raw=[+0.003,-0.055,-0.911] w=[+0.018,-0.029,-1.043] err=[-0.015,-0.027] scaled=[+0.003,-0.055] s=1.00
[INFO] [1789412846.568923792] [acados_nmpc_node]: [attach-window] t=120.10s pos_err=0.096m T=20.33N z=6.566 m_est=2.064
[INFO] [1789412846.624410123] [acados_nmpc_node]: [attach-window] t=120.16s pos_err=0.094m T=20.31N z=6.556 m_est=2.064
[INFO] [1789412846.669001593] [acados_nmpc_node]: [attach-window] t=120.20s pos_err=0.092m T=20.32N z=6.552 m_est=2.064
[INFO] [1789412846.724576094] [acados_nmpc_node]: [attach-window] t=120.26s pos_err=0.087m T=20.31N z=6.542 m_est=2.064
[INFO] [1789412846.724954723] [acados_nmpc_node]: [wcmd] raw=[+0.045,-0.022,-0.744] w=[+0.015,-0.046,-0.999] err=[+0.031,+0.024] scaled=[+0.045,-0.022] s=1.00
[INFO] [1789412846.768997459] [acados_nmpc_node]: [attach-window] t=120.30s pos_err=0.084m T=20.32N z=6.537 m_est=2.064
[INFO] [1789412846.824986227] [acados_nmpc_node]: [attach-window] t=120.36s pos_err=0.080m T=20.32N z=6.527 m_est=2.064
[INFO] [1789412846.869089270] [acados_nmpc_node]: [attach-window] t=120.40s pos_err=0.079m T=20.33N z=6.522 m_est=2.064
[INFO] [1789412846.924870106] [acados_nmpc_node]: [attach-window] t=120.46s pos_err=0.075m T=20.33N z=6.511 m_est=2.064
[INFO] [1789412846.925262351] [acados_nmpc_node]: [wcmd] raw=[+0.044,-0.066,-0.540] w=[+0.047,+0.012,-0.883] err=[-0.004,-0.078] scaled=[+0.044,-0.066] s=1.00
[INFO] [1789412846.969119233] [acados_nmpc_node]: [attach-window] t=120.50s pos_err=0.070m T=20.36N z=6.505 m_est=2.064
[INFO] [1789412847.024883658] [acados_nmpc_node]: [attach-window] t=120.56s pos_err=0.065m T=20.32N z=6.495 m_est=2.064
[INFO] [1789412847.025378666] [acados_nmpc_node]: t=120.6s | pos_err=0.065m | T=20.32N | tau=[r0.001 p-0.005 y0.151]Nm | res_stat=1.892e-07(peak 1.000e-06) sqp_iter=5 | solve=2.4ms
[INFO] [1789412847.025586613] [acados_nmpc_node]: [flight-diag] t=120.6s | om_scale=1.000(lo 1.000 hi 1.000) | tilt_max=10.63deg | w_max=[r0.069 p0.160 y1.043]rad/s | u_frac=[T0.650 r0.043 p0.079 y0.754] | u_sat=[T0.0 r0.0 p0.0 y0.0]% | mot_peak=0.831 mot_sat=0.0% | health=1 age=0.000s conf=1.000 | n=100
[INFO] [1789412847.069291331] [acados_nmpc_node]: [attach-window] t=120.60s pos_err=0.064m T=20.33N z=6.491 m_est=2.064
[INFO] [1789412847.124837607] [acados_nmpc_node]: [attach-window] t=120.66s pos_err=0.060m T=20.25N z=6.480 m_est=2.064
[INFO] [1789412847.125239374] [acados_nmpc_node]: [wcmd] raw=[+0.030,-0.105,-0.349] w=[+0.023,-0.042,-0.709] err=[+0.008,-0.063] scaled=[+0.030,-0.105] s=1.00
[INFO] [1789412847.169226648] [acados_nmpc_node]: [attach-window] t=120.70s pos_err=0.054m T=20.27N z=6.475 m_est=2.064
[INFO] [1789412847.224875737] [acados_nmpc_node]: [attach-window] t=120.76s pos_err=0.050m T=20.21N z=6.466 m_est=2.064
[INFO] [1789412847.269166800] [acados_nmpc_node]: [attach-window] t=120.80s pos_err=0.050m T=20.22N z=6.461 m_est=2.064
[INFO] [1789412847.324674098] [acados_nmpc_node]: [attach-window] t=120.86s pos_err=0.046m T=20.13N z=6.450 m_est=2.064
[INFO] [1789412847.325059509] [acados_nmpc_node]: [wcmd] raw=[+0.022,-0.100,-0.201] w=[+0.010,-0.058,-0.514] err=[+0.013,-0.042] scaled=[+0.022,-0.100] s=1.00
[INFO] [1789412847.369048157] [acados_nmpc_node]: [attach-window] t=120.90s pos_err=0.042m T=20.16N z=6.446 m_est=2.064
[INFO] [1789412847.424648212] [acados_nmpc_node]: [attach-window] t=120.96s pos_err=0.038m T=20.11N z=6.436 m_est=2.064
[INFO] [1789412847.469082447] [acados_nmpc_node]: [attach-window] t=121.00s pos_err=0.043m T=20.14N z=6.431 m_est=2.064
[INFO] [1789412847.524589551] [acados_nmpc_node]: [attach-window] t=121.06s pos_err=0.036m T=20.08N z=6.419 m_est=2.064
[INFO] [1789412847.524975069] [acados_nmpc_node]: [wcmd] raw=[-0.007,-0.107,-0.112] w=[-0.001,-0.057,-0.336] err=[-0.006,-0.050] scaled=[-0.007,-0.107] s=1.00
[INFO] [1789412847.568800625] [acados_nmpc_node]: [attach-window] t=121.10s pos_err=0.036m T=20.13N z=6.414 m_est=2.064
[INFO] [1789412847.624486676] [acados_nmpc_node]: [attach-window] t=121.16s pos_err=0.039m T=20.04N z=6.402 m_est=2.064
[INFO] [1789412847.668808734] [acados_nmpc_node]: [attach-window] t=121.20s pos_err=0.044m T=20.13N z=6.398 m_est=2.064
[INFO] [1789412847.724740097] [acados_nmpc_node]: [attach-window] t=121.26s pos_err=0.029m T=20.06N z=6.386 m_est=2.064
[INFO] [1789412847.725156473] [acados_nmpc_node]: [wcmd] raw=[-0.028,-0.077,-0.073] w=[-0.025,-0.136,-0.197] err=[-0.003,+0.059] scaled=[-0.028,-0.077] s=1.00
[INFO] [1789412847.768797622] [acados_nmpc_node]: [attach-window] t=121.30s pos_err=0.038m T=20.09N z=6.381 m_est=2.064
[INFO] [1789412847.824379719] [acados_nmpc_node]: [attach-window] t=121.36s pos_err=0.026m T=20.06N z=6.369 m_est=2.064
[INFO] [1789412847.868885180] [acados_nmpc_node]: [attach-window] t=121.40s pos_err=0.052m T=20.10N z=6.364 m_est=2.064
[INFO] [1789412847.924108705] [acados_nmpc_node]: [attach-window] t=121.46s pos_err=0.023m T=20.06N z=6.351 m_est=2.064
[INFO] [1789412847.924497572] [acados_nmpc_node]: [wcmd] raw=[-0.021,-0.096,-0.074] w=[-0.025,-0.027,-0.109] err=[+0.004,-0.069] scaled=[-0.021,-0.096] s=1.00
[INFO] [1789412847.968847226] [acados_nmpc_node]: [attach-window] t=121.50s pos_err=0.047m T=20.13N z=6.345 m_est=2.064
[INFO] [1789412848.024111195] [acados_nmpc_node]: [attach-window] t=121.56s pos_err=0.028m T=20.10N z=6.333 m_est=2.064
[INFO] [1789412848.068887140] [acados_nmpc_node]: [attach-window] t=121.60s pos_err=0.064m T=20.16N z=6.326 m_est=2.064
[INFO] [1789412848.121826937] [acados_nmpc_node]: [attach-window] t=121.65s pos_err=0.023m T=20.08N z=6.312 m_est=2.064
[INFO] [1789412848.122124497] [acados_nmpc_node]: [wcmd] raw=[-0.028,-0.163,-0.091] w=[-0.014,-0.075,-0.069] err=[-0.014,-0.088] scaled=[-0.028,-0.163] s=1.00
[INFO] [1789412848.168055032] [acados_nmpc_node]: [attach-window] t=121.70s pos_err=0.058m T=20.16N z=6.305 m_est=2.064
[INFO] [1789412848.224628740] [acados_nmpc_node]: [attach-window] t=121.76s pos_err=0.038m T=20.12N z=6.292 m_est=2.064
[INFO] [1789412848.268984215] [acados_nmpc_node]: [attach-window] t=121.80s pos_err=0.078m T=20.16N z=6.285 m_est=2.064
[INFO] [1789412848.324522782] [acados_nmpc_node]: [attach-window] t=121.86s pos_err=0.032m T=20.10N z=6.270 m_est=2.064
[INFO] [1789412848.324914575] [acados_nmpc_node]: [wcmd] raw=[-0.062,-0.118,-0.110] w=[-0.029,-0.093,-0.065] err=[-0.033,-0.025] scaled=[-0.062,-0.118] s=1.00
[INFO] [1789412848.368795369] [acados_nmpc_node]: [attach-window] t=121.90s pos_err=0.071m T=20.15N z=6.263 m_est=2.064
[INFO] [1789412848.424199577] [acados_nmpc_node]: [attach-window] t=121.96s pos_err=0.048m T=20.12N z=6.249 m_est=2.064
[INFO] [1789412848.468742856] [acados_nmpc_node]: [attach-window] t=122.00s pos_err=0.092m T=20.16N z=6.242 m_est=2.064
[INFO] [1789412848.524226138] [acados_nmpc_node]: [attach-window] t=122.06s pos_err=0.041m T=20.12N z=6.225 m_est=2.064
[INFO] [1789412848.524614596] [acados_nmpc_node]: [wcmd] raw=[-0.087,-0.132,-0.116] w=[-0.065,-0.087,-0.077] err=[-0.022,-0.045] scaled=[-0.087,-0.132] s=1.00
[INFO] [1789412848.568727836] [acados_nmpc_node]: [attach-window] t=122.10s pos_err=0.085m T=20.18N z=6.217 m_est=2.064
[INFO] [1789412848.624064154] [acados_nmpc_node]: [attach-window] t=122.16s pos_err=0.060m T=20.16N z=6.202 m_est=2.064
[INFO] [1789412848.669008067] [acados_nmpc_node]: [attach-window] t=122.20s pos_err=0.108m T=20.21N z=6.194 m_est=2.064
[INFO] [1789412848.724084023] [acados_nmpc_node]: [attach-window] t=122.26s pos_err=0.052m T=20.16N z=6.176 m_est=2.064
[INFO] [1789412848.724473347] [acados_nmpc_node]: [wcmd] raw=[-0.061,-0.135,-0.105] w=[-0.077,-0.094,-0.089] err=[+0.015,-0.042] scaled=[-0.061,-0.135] s=1.00
[INFO] [1789412848.768723759] [acados_nmpc_node]: [attach-window] t=122.30s pos_err=0.100m T=20.21N z=6.168 m_est=2.064
[INFO] [1789412848.824301964] [acados_nmpc_node]: [attach-window] t=122.36s pos_err=0.074m T=20.18N z=6.152 m_est=2.064
[INFO] [1789412848.868816410] [acados_nmpc_node]: [attach-window] t=122.40s pos_err=0.123m T=20.20N z=6.145 m_est=2.064
[INFO] [1789412848.924518806] [acados_nmpc_node]: [attach-window] t=122.46s pos_err=0.067m T=20.14N z=6.128 m_est=2.064
[INFO] [1789412848.924905479] [acados_nmpc_node]: [wcmd] raw=[-0.020,-0.130,-0.077] w=[-0.044,-0.101,-0.092] err=[+0.023,-0.029] scaled=[-0.020,-0.130] s=1.00
[INFO] [1789412848.968786947] [acados_nmpc_node]: [attach-window] t=122.50s pos_err=0.116m T=20.17N z=6.120 m_est=2.064
[INFO] [1789412849.023974125] [acados_nmpc_node]: [attach-window] t=122.56s pos_err=0.058m T=20.08N z=6.103 m_est=2.064
[INFO] [1789412849.068934666] [acados_nmpc_node]: [attach-window] t=122.60s pos_err=0.109m T=20.12N z=6.096 m_est=2.064
[INFO] [1789412849.124224144] [acados_nmpc_node]: [attach-window] t=122.66s pos_err=0.081m T=20.07N z=6.082 m_est=2.064
[INFO] [1789412849.124619803] [acados_nmpc_node]: [wcmd] raw=[-0.027,-0.114,-0.041] w=[-0.026,-0.190,-0.079] err=[-0.002,+0.076] scaled=[-0.027,-0.114] s=1.00
[INFO] [1789412849.168788746] [acados_nmpc_node]: [attach-window] t=122.70s pos_err=0.132m T=20.07N z=6.074 m_est=2.064
[INFO] [1789412849.223990653] [acados_nmpc_node]: [attach-window] t=122.76s pos_err=0.073m T=20.04N z=6.058 m_est=2.064
[INFO] [1789412849.268716345] [acados_nmpc_node]: [attach-window] t=122.80s pos_err=0.125m T=20.06N z=6.051 m_est=2.064
[INFO] [1789412849.324153451] [acados_nmpc_node]: [attach-window] t=122.86s pos_err=0.098m T=20.05N z=6.037 m_est=2.064
[INFO] [1789412849.324544339] [acados_nmpc_node]: [wcmd] raw=[-0.028,-0.042,+0.000] w=[-0.036,-0.108,-0.053] err=[+0.008,+0.067] scaled=[-0.028,-0.042] s=1.00
[INFO] [1789412849.368829155] [acados_nmpc_node]: [attach-window] t=122.90s pos_err=0.150m T=20.04N z=6.030 m_est=2.064
[INFO] [1789412849.424648302] [acados_nmpc_node]: [attach-window] t=122.96s pos_err=0.124m T=20.05N z=6.016 m_est=2.064
[INFO] [1789412849.468108798] [acados_nmpc_node]: [attach-window] t=123.00s pos_err=0.174m T=20.04N z=6.009 m_est=2.064
[INFO] [1789412849.524279648] [acados_nmpc_node]: [attach-window] t=123.06s pos_err=0.115m T=20.05N z=5.994 m_est=2.064
[INFO] [1789412849.524678043] [acados_nmpc_node]: [wcmd] raw=[-0.022,-0.132,+0.039] w=[-0.037,-0.010,-0.017] err=[+0.015,-0.122] scaled=[-0.022,-0.132] s=1.00
[INFO] [1789412849.568764810] [acados_nmpc_node]: [attach-window] t=123.10s pos_err=0.166m T=20.07N z=5.987 m_est=2.064
[INFO] [1789412849.624302332] [acados_nmpc_node]: [attach-window] t=123.16s pos_err=0.136m T=20.02N z=5.973 m_est=2.064
[INFO] [1789412849.668837610] [acados_nmpc_node]: [attach-window] t=123.20s pos_err=0.186m T=20.02N z=5.966 m_est=2.064
[INFO] [1789412849.724388600] [acados_nmpc_node]: [attach-window] t=123.26s pos_err=0.124m T=19.97N z=5.951 m_est=2.064
[INFO] [1789412849.724789485] [acados_nmpc_node]: [wcmd] raw=[-0.027,-0.233,+0.074] w=[-0.035,-0.156,+0.021] err=[+0.008,-0.076] scaled=[-0.027,-0.233] s=1.00
[INFO] [1789412849.768895192] [acados_nmpc_node]: [attach-window] t=123.30s pos_err=0.172m T=19.98N z=5.944 m_est=2.064
[INFO] [1789412849.824552426] [acados_nmpc_node]: [attach-window] t=123.36s pos_err=0.140m T=19.97N z=5.930 m_est=2.064
[INFO] [1789412849.869162708] [acados_nmpc_node]: [attach-window] t=123.40s pos_err=0.187m T=19.97N z=5.923 m_est=2.064
[INFO] [1789412849.924710190] [acados_nmpc_node]: [attach-window] t=123.46s pos_err=0.123m T=20.01N z=5.907 m_est=2.064
[INFO] [1789412849.925092336] [acados_nmpc_node]: [wcmd] raw=[-0.035,-0.185,+0.104] w=[-0.043,-0.181,+0.058] err=[+0.008,-0.004] scaled=[-0.035,-0.185] s=1.00
[INFO] [1789412849.968802130] [acados_nmpc_node]: [attach-window] t=123.50s pos_err=0.169m T=20.02N z=5.900 m_est=2.064
[INFO] [1789412850.024476712] [acados_nmpc_node]: [attach-window] t=123.56s pos_err=0.137m T=20.06N z=5.885 m_est=2.064
[INFO] [1789412850.068812118] [acados_nmpc_node]: [attach-window] t=123.60s pos_err=0.152m T=20.08N z=5.876 m_est=2.064
[INFO] [1789412850.124489327] [acados_nmpc_node]: [attach-window] t=123.66s pos_err=0.120m T=20.14N z=5.861 m_est=2.064
[INFO] [1789412850.124876751] [acados_nmpc_node]: [wcmd] raw=[-0.025,-0.144,+0.133] w=[-0.048,-0.129,+0.092] err=[+0.023,-0.015] scaled=[-0.025,-0.144] s=1.00
[INFO] [1789412850.168812645] [acados_nmpc_node]: [attach-window] t=123.70s pos_err=0.164m T=20.14N z=5.853 m_est=2.064
[INFO] [1789412850.224302038] [acados_nmpc_node]: [attach-window] t=123.76s pos_err=0.132m T=20.21N z=5.838 m_est=2.064
[INFO] [1789412850.282521309] [acados_nmpc_node]: [attach-window] t=123.80s pos_err=0.147m T=20.22N z=5.828 m_est=2.064
[INFO] [1789412850.322024006] [acados_nmpc_node]: [attach-window] t=123.85s pos_err=0.113m T=20.30N z=5.812 m_est=2.064
[INFO] [1789412850.322325316] [acados_nmpc_node]: [wcmd] raw=[-0.016,-0.117,+0.161] w=[-0.037,-0.078,+0.124] err=[+0.021,-0.039] scaled=[-0.016,-0.117] s=1.00
[INFO] [1789412850.369108923] [acados_nmpc_node]: [attach-window] t=123.90s pos_err=0.159m T=20.27N z=5.804 m_est=2.064
[INFO] [1789412850.424142560] [acados_nmpc_node]: [attach-window] t=123.96s pos_err=0.105m T=20.36N z=5.786 m_est=2.064
[INFO] [1789412850.469007894] [acados_nmpc_node]: [attach-window] t=124.00s pos_err=0.171m T=20.28N z=5.780 m_est=2.064
[INFO] [1789412850.524477141] [acados_nmpc_node]: [attach-window] t=124.06s pos_err=0.118m T=20.34N z=5.763 m_est=2.064
[INFO] [1789412850.524862290] [acados_nmpc_node]: [wcmd] raw=[-0.032,-0.068,+0.198] w=[-0.034,-0.110,+0.155] err=[+0.001,+0.042] scaled=[-0.032,-0.068] s=1.00
[INFO] [1789412850.569108424] [acados_nmpc_node]: [attach-window] t=124.10s pos_err=0.156m T=20.29N z=5.755 m_est=2.064
[INFO] [1789412850.624442925] [acados_nmpc_node]: [attach-window] t=124.16s pos_err=0.131m T=20.32N z=5.740 m_est=2.064
[INFO] [1789412850.669043531] [acados_nmpc_node]: [attach-window] t=124.20s pos_err=0.168m T=20.26N z=5.733 m_est=2.064
[INFO] [1789412850.724312356] [acados_nmpc_node]: [attach-window] t=124.26s pos_err=0.120m T=20.33N z=5.717 m_est=2.064
[INFO] [1789412850.724693750] [acados_nmpc_node]: [wcmd] raw=[-0.023,-0.128,+0.244] w=[-0.049,-0.052,+0.186] err=[+0.026,-0.076] scaled=[-0.023,-0.128] s=1.00
[INFO] [1789412850.769064896] [acados_nmpc_node]: [attach-window] t=124.30s pos_err=0.156m T=20.29N z=5.710 m_est=2.064
[INFO] [1789412850.825110683] [acados_nmpc_node]: [attach-window] t=124.36s pos_err=0.133m T=20.31N z=5.696 m_est=2.064
[INFO] [1789412850.869155199] [acados_nmpc_node]: [attach-window] t=124.40s pos_err=0.167m T=20.25N z=5.690 m_est=2.064
[INFO] [1789412850.925233396] [acados_nmpc_node]: [attach-window] t=124.46s pos_err=0.124m T=20.32N z=5.675 m_est=2.064
[INFO] [1789412850.925663110] [acados_nmpc_node]: [wcmd] raw=[-0.005,-0.131,+0.302] w=[-0.038,-0.102,+0.226] err=[+0.033,-0.029] scaled=[-0.005,-0.131] s=1.00
[INFO] [1789412850.969560147] [acados_nmpc_node]: [attach-window] t=124.50s pos_err=0.155m T=20.29N z=5.668 m_est=2.064
[INFO] [1789412851.025245500] [acados_nmpc_node]: [attach-window] t=124.56s pos_err=0.134m T=20.34N z=5.654 m_est=2.064
[INFO] [1789412851.069278855] [acados_nmpc_node]: [attach-window] t=124.60s pos_err=0.164m T=20.30N z=5.648 m_est=2.064
[INFO] [1789412851.125193344] [acados_nmpc_node]: [attach-window] t=124.66s pos_err=0.125m T=20.40N z=5.632 m_est=2.064
[INFO] [1789412851.125631171] [acados_nmpc_node]: [wcmd] raw=[+0.008,-0.114,+0.373] w=[-0.025,-0.090,+0.275] err=[+0.034,-0.024] scaled=[+0.008,-0.114] s=1.00
[INFO] [1789412851.169332925] [acados_nmpc_node]: [attach-window] t=124.70s pos_err=0.152m T=20.37N z=5.625 m_est=2.064
[INFO] [1789412851.222565489] [acados_nmpc_node]: [attach-window] t=124.75s pos_err=0.130m T=20.43N z=5.612 m_est=2.064
[INFO] [1789412851.268424731] [acados_nmpc_node]: [attach-window] t=124.80s pos_err=0.159m T=20.38N z=5.605 m_est=2.064
[INFO] [1789412851.323037073] [acados_nmpc_node]: [attach-window] t=124.85s pos_err=0.124m T=20.46N z=5.590 m_est=2.064
[INFO] [1789412851.323359976] [acados_nmpc_node]: [wcmd] raw=[+0.016,-0.114,+0.459] w=[-0.015,-0.093,+0.337] err=[+0.031,-0.021] scaled=[+0.016,-0.114] s=1.00
[INFO] [1789412851.369391146] [acados_nmpc_node]: [attach-window] t=124.90s pos_err=0.148m T=20.42N z=5.584 m_est=2.064
[INFO] [1789412851.424881350] [acados_nmpc_node]: [attach-window] t=124.96s pos_err=0.132m T=20.45N z=5.571 m_est=2.064
[INFO] [1789412851.469101791] [acados_nmpc_node]: [attach-window] t=125.00s pos_err=0.152m T=20.40N z=5.565 m_est=2.064
[INFO] [1789412851.524944064] [acados_nmpc_node]: [attach-window] t=125.06s pos_err=0.126m T=20.47N z=5.551 m_est=2.064
[INFO] [1789412851.525337232] [acados_nmpc_node]: [wcmd] raw=[-0.002,-0.079,+0.561] w=[-0.027,-0.066,+0.415] err=[+0.025,-0.013] scaled=[-0.002,-0.079] s=1.00
[INFO] [1789412851.569121188] [acados_nmpc_node]: [attach-window] t=125.10s pos_err=0.142m T=20.44N z=5.545 m_est=2.064
[INFO] [1789412851.624847979] [acados_nmpc_node]: [attach-window] t=125.16s pos_err=0.129m T=20.48N z=5.533 m_est=2.064
[INFO] [1789412851.669079086] [acados_nmpc_node]: [attach-window] t=125.20s pos_err=0.144m T=20.44N z=5.527 m_est=2.064
[INFO] [1789412851.724836388] [acados_nmpc_node]: [attach-window] t=125.26s pos_err=0.123m T=20.52N z=5.513 m_est=2.064
[INFO] [1789412851.725222409] [acados_nmpc_node]: [wcmd] raw=[-0.000,-0.060,+0.681] w=[-0.042,-0.042,+0.504] err=[+0.042,-0.018] scaled=[-0.000,-0.060] s=1.00
[INFO] [1789412851.769311811] [acados_nmpc_node]: [attach-window] t=125.30s pos_err=0.135m T=20.49N z=5.507 m_est=2.064
[INFO] [1789412851.824993135] [acados_nmpc_node]: [attach-window] t=125.36s pos_err=0.124m T=20.52N z=5.495 m_est=2.064
[INFO] [1789412851.869109077] [acados_nmpc_node]: [attach-window] t=125.40s pos_err=0.135m T=20.49N z=5.489 m_est=2.064
[INFO] [1789412851.924838648] [acados_nmpc_node]: [attach-window] t=125.46s pos_err=0.118m T=20.54N z=5.476 m_est=2.064
[INFO] [1789412851.925223413] [acados_nmpc_node]: [wcmd] raw=[+0.024,-0.057,+0.807] w=[-0.036,-0.024,+0.613] err=[+0.059,-0.033] scaled=[+0.024,-0.057] s=1.00
[INFO] [1789412851.969092628] [acados_nmpc_node]: [attach-window] t=125.50s pos_err=0.126m T=20.52N z=5.471 m_est=2.064
[INFO] [1789412852.024546849] [acados_nmpc_node]: [attach-window] t=125.56s pos_err=0.113m T=20.54N z=5.458 m_est=2.064
[INFO] [1789412852.025029688] [acados_nmpc_node]: t=125.6s | pos_err=0.113m | T=20.54N | tau=[r0.019 p-0.013 y0.079]Nm | res_stat=9.260e-07(peak 1.000e-06) sqp_iter=5 | solve=2.1ms
[INFO] [1789412852.025249687] [acados_nmpc_node]: [flight-diag] t=125.6s | om_scale=1.000(lo 1.000 hi 1.000) | tilt_max=10.67deg | w_max=[r0.078 p0.208 y0.764]rad/s | u_frac=[T0.655 r0.039 p0.118 y0.747] | u_sat=[T0.0 r0.0 p0.0 y0.0]% | mot_peak=0.828 mot_sat=0.0% | health=1 age=0.000s conf=1.000 | n=100
[INFO] [1789412852.069158003] [acados_nmpc_node]: [attach-window] t=125.60s pos_err=0.124m T=20.50N z=5.454 m_est=2.064
[INFO] [1789412852.124906279] [acados_nmpc_node]: [attach-window] t=125.66s pos_err=0.111m T=20.51N z=5.443 m_est=2.064
[INFO] [1789412852.125303085] [acados_nmpc_node]: [wcmd] raw=[+0.019,-0.056,+0.927] w=[-0.000,-0.060,+0.732] err=[+0.019,+0.004] scaled=[+0.019,-0.056] s=1.00
[INFO] [1789412852.169052032] [acados_nmpc_node]: [attach-window] t=125.70s pos_err=0.115m T=20.48N z=5.438 m_est=2.064
[INFO] [1789412852.224712754] [acados_nmpc_node]: [attach-window] t=125.76s pos_err=0.107m T=20.48N z=5.428 m_est=2.064
[INFO] [1789412852.268879499] [acados_nmpc_node]: [attach-window] t=125.80s pos_err=0.110m T=20.46N z=5.424 m_est=2.064
[INFO] [1789412852.324487901] [acados_nmpc_node]: [attach-window] t=125.86s pos_err=0.100m T=20.48N z=5.413 m_est=2.064
[INFO] [1789412852.324879235] [acados_nmpc_node]: [wcmd] raw=[+0.009,-0.066,+1.014] w=[-0.032,-0.022,+0.856] err=[+0.041,-0.044] scaled=[+0.009,-0.066] s=1.00
[INFO] [1789412852.368911330] [acados_nmpc_node]: [attach-window] t=125.90s pos_err=0.100m T=20.48N z=5.408 m_est=2.064
[INFO] [1789412852.424445409] [acados_nmpc_node]: [attach-window] t=125.96s pos_err=0.093m T=20.49N z=5.399 m_est=2.064
[INFO] [1789412852.468893187] [acados_nmpc_node]: [attach-window] t=126.00s pos_err=0.093m T=20.49N z=5.394 m_est=2.064
[INFO] [1789412852.524733677] [acados_nmpc_node]: [attach-window] t=126.06s pos_err=0.087m T=20.49N z=5.385 m_est=2.064
[INFO] [1789412852.525124366] [acados_nmpc_node]: [wcmd] raw=[+0.025,-0.084,+1.038] w=[-0.022,-0.041,+0.964] err=[+0.048,-0.043] scaled=[+0.025,-0.084] s=1.00
[INFO] [1789412852.568990288] [acados_nmpc_node]: [attach-window] t=126.10s pos_err=0.083m T=20.51N z=5.380 m_est=2.064
[INFO] [1789412852.624530507] [acados_nmpc_node]: [attach-window] t=126.16s pos_err=0.078m T=20.50N z=5.372 m_est=2.064
[INFO] [1789412852.668837504] [acados_nmpc_node]: [attach-window] t=126.20s pos_err=0.074m T=20.51N z=5.368 m_est=2.064
[INFO] [1789412852.724431229] [acados_nmpc_node]: [attach-window] t=126.26s pos_err=0.071m T=20.50N z=5.359 m_est=2.064
[INFO] [1789412852.724821066] [acados_nmpc_node]: [wcmd] raw=[+0.012,-0.082,+0.978] w=[-0.003,-0.048,+1.031] err=[+0.014,-0.034] scaled=[+0.012,-0.082] s=1.00
[INFO] [1789412852.768704550] [acados_nmpc_node]: [attach-window] t=126.30s pos_err=0.063m T=20.53N z=5.354 m_est=2.064
[INFO] [1789412852.822339769] [acados_nmpc_node]: [attach-window] t=126.35s pos_err=0.061m T=20.52N z=5.346 m_est=2.064
[INFO] [1789412852.868910830] [acados_nmpc_node]: [attach-window] t=126.40s pos_err=0.051m T=20.55N z=5.342 m_est=2.064
[INFO] [1789412852.924453159] [acados_nmpc_node]: [attach-window] t=126.46s pos_err=0.052m T=20.53N z=5.334 m_est=2.064
[INFO] [1789412852.924840769] [acados_nmpc_node]: [wcmd] raw=[-0.026,-0.067,+0.841] w=[-0.005,-0.046,+1.032] err=[-0.021,-0.021] scaled=[-0.026,-0.067] s=1.00
[INFO] [1789412852.968958844] [acados_nmpc_node]: [attach-window] t=126.50s pos_err=0.039m T=20.55N z=5.331 m_est=2.064
[INFO] [1789412853.025205533] [acados_nmpc_node]: [attach-window] t=126.56s pos_err=0.036m T=20.53N z=5.324 m_est=2.064
[INFO] [1789412853.069129686] [acados_nmpc_node]: [attach-window] t=126.60s pos_err=0.027m T=20.54N z=5.321 m_est=2.064
[INFO] [1789412853.125175036] [acados_nmpc_node]: [attach-window] t=126.66s pos_err=0.028m T=20.50N z=5.314 m_est=2.064
[INFO] [1789412853.125576594] [acados_nmpc_node]: [wcmd] raw=[-0.043,-0.066,+0.658] w=[-0.029,-0.023,+0.957] err=[-0.014,-0.043] scaled=[-0.043,-0.066] s=1.00
[INFO] [1789412853.169148548] [acados_nmpc_node]: [attach-window] t=126.70s pos_err=0.016m T=20.53N z=5.311 m_est=2.064
[INFO] [1789412853.224669179] [acados_nmpc_node]: [attach-window] t=126.76s pos_err=0.012m T=20.49N z=5.305 m_est=2.064
[INFO] [1789412853.269277469] [acados_nmpc_node]: [attach-window] t=126.80s pos_err=0.024m T=20.52N z=5.302 m_est=2.064
[INFO] [1789412853.324900807] [acados_nmpc_node]: [attach-window] t=126.86s pos_err=0.012m T=20.45N z=5.297 m_est=2.064
[INFO] [1789412853.325294844] [acados_nmpc_node]: [wcmd] raw=[-0.029,-0.090,+0.470] w=[-0.019,-0.042,+0.813] err=[-0.010,-0.048] scaled=[-0.029,-0.090] s=1.00
[INFO] [1789412853.369274024] [acados_nmpc_node]: [attach-window] t=126.90s pos_err=0.028m T=20.49N z=5.294 m_est=2.064
[INFO] [1789412853.422222134] [acados_nmpc_node]: [attach-window] t=126.95s pos_err=0.019m T=20.42N z=5.289 m_est=2.064
[INFO] [1789412853.468258995] [acados_nmpc_node]: [attach-window] t=127.00s pos_err=0.047m T=20.47N z=5.287 m_est=2.064
[INFO] [1789412853.524725874] [acados_nmpc_node]: [attach-window] t=127.06s pos_err=0.026m T=20.37N z=5.281 m_est=2.064
[INFO] [1789412853.525116108] [acados_nmpc_node]: [wcmd] raw=[-0.013,-0.112,+0.315] w=[+0.002,-0.081,+0.639] err=[-0.016,-0.031] scaled=[-0.013,-0.112] s=1.00
[INFO] [1789412853.569126247] [acados_nmpc_node]: [attach-window] t=127.10s pos_err=0.050m T=20.41N z=5.279 m_est=2.064
[INFO] [1789412853.624746717] [acados_nmpc_node]: [attach-window] t=127.16s pos_err=0.041m T=20.34N z=5.275 m_est=2.064
[INFO] [1789412853.668960400] [acados_nmpc_node]: [attach-window] t=127.20s pos_err=0.069m T=20.38N z=5.274 m_est=2.064
[INFO] [1789412853.724679159] [acados_nmpc_node]: [attach-window] t=127.26s pos_err=0.043m T=20.27N z=5.270 m_est=2.064
[INFO] [1789412853.725060278] [acados_nmpc_node]: [wcmd] raw=[-0.020,-0.131,+0.214] w=[+0.003,-0.082,+0.463] err=[-0.023,-0.049] scaled=[-0.020,-0.131] s=1.00
[INFO] [1789412853.768244424] [acados_nmpc_node]: [attach-window] t=127.30s pos_err=0.070m T=20.33N z=5.268 m_est=2.064
[INFO] [1789412853.824444403] [acados_nmpc_node]: [attach-window] t=127.36s pos_err=0.058m T=20.28N z=5.264 m_est=2.064
[INFO] [1789412853.868809354] [acados_nmpc_node]: [attach-window] t=127.40s pos_err=0.087m T=20.34N z=5.262 m_est=2.064
[INFO] [1789412853.924168975] [acados_nmpc_node]: [attach-window] t=127.46s pos_err=0.057m T=20.27N z=5.258 m_est=2.064
[INFO] [1789412853.924557314] [acados_nmpc_node]: [wcmd] raw=[-0.012,-0.140,+0.169] w=[-0.010,-0.100,+0.317] err=[-0.002,-0.039] scaled=[-0.012,-0.140] s=1.00
[INFO] [1789412853.968803819] [acados_nmpc_node]: [attach-window] t=127.50s pos_err=0.086m T=20.34N z=5.256 m_est=2.064
[INFO] [1789412854.024210703] [acados_nmpc_node]: [attach-window] t=127.56s pos_err=0.071m T=20.31N z=5.252 m_est=2.064
[INFO] [1789412854.068773580] [acados_nmpc_node]: [attach-window] t=127.60s pos_err=0.102m T=20.38N z=5.250 m_est=2.064
[INFO] [1789412854.124160111] [acados_nmpc_node]: [attach-window] t=127.66s pos_err=0.068m T=20.31N z=5.246 m_est=2.064
[INFO] [1789412854.124547239] [acados_nmpc_node]: [wcmd] raw=[+0.018,-0.133,+0.172] w=[-0.009,-0.107,+0.221] err=[+0.027,-0.026] scaled=[+0.018,-0.133] s=1.00
[INFO] [1789412854.169021389] [acados_nmpc_node]: [attach-window] t=127.70s pos_err=0.099m T=20.38N z=5.244 m_est=2.064
[INFO] [1789412854.221826854] [acados_nmpc_node]: [attach-window] t=127.75s pos_err=0.077m T=20.34N z=5.240 m_est=2.064
[INFO] [1789412854.267925221] [acados_nmpc_node]: [attach-window] t=127.80s pos_err=0.113m T=20.42N z=5.238 m_est=2.064
[INFO] [1789412854.321622633] [acados_nmpc_node]: [attach-window] t=127.85s pos_err=0.070m T=20.34N z=5.233 m_est=2.064
[INFO] [1789412854.321920868] [acados_nmpc_node]: [wcmd] raw=[+0.069,-0.142,+0.202] w=[+0.022,-0.117,+0.177] err=[+0.046,-0.025] scaled=[+0.069,-0.142] s=1.00
[INFO] [1789412854.367972018] [acados_nmpc_node]: [attach-window] t=127.90s pos_err=0.108m T=20.42N z=5.231 m_est=2.064
[INFO] [1789412854.421826717] [acados_nmpc_node]: [attach-window] t=127.95s pos_err=0.083m T=20.37N z=5.227 m_est=2.064
[INFO] [1789412854.468744778] [acados_nmpc_node]: [attach-window] t=128.00s pos_err=0.123m T=20.43N z=5.225 m_est=2.064
[INFO] [1789412854.524369118] [acados_nmpc_node]: [attach-window] t=128.06s pos_err=0.082m T=20.34N z=5.222 m_est=2.064
[INFO] [1789412854.524760867] [acados_nmpc_node]: [wcmd] raw=[+0.052,-0.105,+0.245] w=[+0.048,-0.105,+0.178] err=[+0.004,-0.000] scaled=[+0.052,-0.105] s=1.00
[INFO] [1789412854.568843819] [acados_nmpc_node]: [attach-window] t=128.10s pos_err=0.118m T=20.38N z=5.221 m_est=2.064
[INFO] [1789412854.624353506] [acados_nmpc_node]: [attach-window] t=128.16s pos_err=0.098m T=20.32N z=5.219 m_est=2.064
[INFO] [1789412854.668793792] [acados_nmpc_node]: [attach-window] t=128.20s pos_err=0.135m T=20.36N z=5.218 m_est=2.064
[INFO] [1789412854.724341202] [acados_nmpc_node]: [attach-window] t=128.26s pos_err=0.094m T=20.27N z=5.217 m_est=2.064
[INFO] [1789412854.724726412] [acados_nmpc_node]: [wcmd] raw=[+0.000,-0.119,+0.283] w=[+0.008,-0.084,+0.204] err=[-0.007,-0.035] scaled=[+0.000,-0.119] s=1.00
[INFO] [1789412854.768783242] [acados_nmpc_node]: [attach-window] t=128.30s pos_err=0.130m T=20.32N z=5.217 m_est=2.064
[INFO] [1789412854.824967805] [acados_nmpc_node]: [attach-window] t=128.36s pos_err=0.112m T=20.27N z=5.216 m_est=2.064
[INFO] [1789412854.868913571] [acados_nmpc_node]: [attach-window] t=128.40s pos_err=0.148m T=20.31N z=5.216 m_est=2.064
[INFO] [1789412854.924382648] [acados_nmpc_node]: [attach-window] t=128.46s pos_err=0.106m T=20.25N z=5.215 m_est=2.064
[INFO] [1789412854.924771706] [acados_nmpc_node]: [wcmd] raw=[-0.011,-0.126,+0.312] w=[-0.034,-0.097,+0.242] err=[+0.022,-0.029] scaled=[-0.011,-0.126] s=1.00
[INFO] [1789412854.969012078] [acados_nmpc_node]: [attach-window] t=128.50s pos_err=0.143m T=20.30N z=5.215 m_est=2.064
[INFO] [1789412855.024622107] [acados_nmpc_node]: [attach-window] t=128.56s pos_err=0.103m T=20.23N z=5.215 m_est=2.064
[INFO] [1789412855.068854248] [acados_nmpc_node]: [attach-window] t=128.60s pos_err=0.139m T=20.30N z=5.215 m_est=2.064
[INFO] [1789412855.124490967] [acados_nmpc_node]: [attach-window] t=128.66s pos_err=0.120m T=20.28N z=5.214 m_est=2.064
[INFO] [1789412855.124871689] [acados_nmpc_node]: [wcmd] raw=[-0.011,-0.098,+0.332] w=[-0.026,-0.151,+0.278] err=[+0.015,+0.053] scaled=[-0.011,-0.098] s=1.00
[INFO] [1789412855.168862965] [acados_nmpc_node]: [attach-window] t=128.70s pos_err=0.157m T=20.34N z=5.214 m_est=2.064
[INFO] [1789412855.224432021] [acados_nmpc_node]: [attach-window] t=128.76s pos_err=0.137m T=20.34N z=5.214 m_est=2.064
[INFO] [1789412855.268821888] [acados_nmpc_node]: [attach-window] t=128.80s pos_err=0.174m T=20.37N z=5.214 m_est=2.064
[INFO] [1789412855.324694921] [acados_nmpc_node]: [attach-window] t=128.86s pos_err=0.132m T=20.34N z=5.215 m_est=2.064
[INFO] [1789412855.325086356] [acados_nmpc_node]: [wcmd] raw=[-0.004,-0.087,+0.344] w=[-0.032,-0.045,+0.308] err=[+0.028,-0.042] scaled=[-0.004,-0.087] s=1.00
[INFO] [1789412855.369013960] [acados_nmpc_node]: [attach-window] t=128.90s pos_err=0.167m T=20.39N z=5.215 m_est=2.064
[INFO] [1789412855.424496316] [acados_nmpc_node]: [attach-window] t=128.96s pos_err=0.125m T=20.31N z=5.216 m_est=2.064
[INFO] [1789412855.468780328] [acados_nmpc_node]: [attach-window] t=129.00s pos_err=0.181m T=20.39N z=5.216 m_est=2.064
[INFO] [1789412855.524214423] [acados_nmpc_node]: [attach-window] t=129.06s pos_err=0.138m T=20.31N z=5.218 m_est=2.064
[INFO] [1789412855.524591314] [acados_nmpc_node]: [wcmd] raw=[+0.014,-0.158,+0.357] w=[-0.005,-0.162,+0.328] err=[+0.020,+0.005] scaled=[+0.014,-0.158] s=1.00
[INFO] [1789412855.568793808] [acados_nmpc_node]: [attach-window] t=129.10s pos_err=0.172m T=20.34N z=5.219 m_est=2.064
[INFO] [1789412855.624704478] [acados_nmpc_node]: [attach-window] t=129.16s pos_err=0.151m T=20.29N z=5.221 m_est=2.064
[INFO] [1789412855.669139264] [acados_nmpc_node]: [attach-window] t=129.20s pos_err=0.183m T=20.32N z=5.223 m_est=2.064
[INFO] [1789412855.722098185] [acados_nmpc_node]: [attach-window] t=129.25s pos_err=0.137m T=20.27N z=5.226 m_est=2.064
[INFO] [1789412855.722391768] [acados_nmpc_node]: [wcmd] raw=[+0.019,-0.152,+0.379] w=[-0.006,-0.128,+0.345] err=[+0.025,-0.024] scaled=[+0.019,-0.152] s=1.00
[INFO] [1789412855.768283007] [acados_nmpc_node]: [attach-window] t=129.30s pos_err=0.173m T=20.33N z=5.227 m_est=2.064
[INFO] [1789412855.825297044] [acados_nmpc_node]: [attach-window] t=129.36s pos_err=0.153m T=20.33N z=5.229 m_est=2.064
[INFO] [1789412855.869223047] [acados_nmpc_node]: [attach-window] t=129.40s pos_err=0.183m T=20.37N z=5.231 m_est=2.064
[INFO] [1789412855.924842708] [acados_nmpc_node]: [attach-window] t=129.46s pos_err=0.144m T=20.36N z=5.234 m_est=2.064
[INFO] [1789412855.925235946] [acados_nmpc_node]: [wcmd] raw=[+0.009,-0.113,+0.424] w=[-0.008,-0.106,+0.365] err=[+0.018,-0.007] scaled=[+0.009,-0.113] s=1.00
[INFO] [1789412855.969087779] [acados_nmpc_node]: [attach-window] t=129.50s pos_err=0.172m T=20.40N z=5.235 m_est=2.064
[INFO] [1789412856.024747452] [acados_nmpc_node]: [attach-window] t=129.56s pos_err=0.153m T=20.39N z=5.238 m_est=2.064
[INFO] [1789412856.069222921] [acados_nmpc_node]: [attach-window] t=129.60s pos_err=0.181m T=20.43N z=5.240 m_est=2.064
[INFO] [1789412856.124821850] [acados_nmpc_node]: [attach-window] t=129.66s pos_err=0.145m T=20.40N z=5.244 m_est=2.064
[INFO] [1789412856.125221361] [acados_nmpc_node]: [wcmd] raw=[-0.004,-0.106,+0.488] w=[-0.022,-0.089,+0.396] err=[+0.018,-0.018] scaled=[-0.004,-0.106] s=1.00
[INFO] [1789412856.169244925] [acados_nmpc_node]: [attach-window] t=129.70s pos_err=0.171m T=20.43N z=5.246 m_est=2.064
[INFO] [1789412856.224779027] [acados_nmpc_node]: [attach-window] t=129.76s pos_err=0.153m T=20.42N z=5.251 m_est=2.064
[INFO] [1789412856.269080008] [acados_nmpc_node]: [attach-window] t=129.80s pos_err=0.178m T=20.45N z=5.253 m_est=2.064
[INFO] [1789412856.324818046] [acados_nmpc_node]: [attach-window] t=129.86s pos_err=0.145m T=20.42N z=5.258 m_est=2.064
[INFO] [1789412856.325205782] [acados_nmpc_node]: [wcmd] raw=[-0.006,-0.097,+0.576] w=[-0.039,-0.085,+0.445] err=[+0.033,-0.013] scaled=[-0.006,-0.097] s=1.00
[INFO] [1789412856.369127764] [acados_nmpc_node]: [attach-window] t=129.90s pos_err=0.169m T=20.46N z=5.260 m_est=2.064
[INFO] [1789412856.424630751] [acados_nmpc_node]: [attach-window] t=129.96s pos_err=0.152m T=20.44N z=5.265 m_est=2.064
[INFO] [1789412856.469038489] [acados_nmpc_node]: [attach-window] t=130.00s pos_err=0.174m T=20.48N z=5.267 m_est=2.064
[INFO] [1789412856.524601863] [acados_nmpc_node]: [attach-window] t=130.06s pos_err=0.145m T=20.43N z=5.273 m_est=2.064
[INFO] [1789412856.524995130] [acados_nmpc_node]: [wcmd] raw=[+0.019,-0.093,+0.686] w=[-0.039,-0.076,+0.517] err=[+0.058,-0.017] scaled=[+0.019,-0.093] s=1.00
[INFO] [1789412856.569179794] [acados_nmpc_node]: [attach-window] t=130.10s pos_err=0.165m T=20.48N z=5.276 m_est=2.064
[INFO] [1789412856.625081380] [acados_nmpc_node]: [attach-window] t=130.16s pos_err=0.141m T=20.43N z=5.282 m_est=2.064
[INFO] [1789412856.669235658] [acados_nmpc_node]: [attach-window] t=130.20s pos_err=0.157m T=20.48N z=5.285 m_est=2.064
[INFO] [1789412856.725029115] [acados_nmpc_node]: [attach-window] t=130.26s pos_err=0.146m T=20.47N z=5.291 m_est=2.064
[INFO] [1789412856.725428198] [acados_nmpc_node]: [wcmd] raw=[+0.028,-0.077,+0.805] w=[-0.003,-0.104,+0.615] err=[+0.031,+0.027] scaled=[+0.028,-0.077] s=1.00
[INFO] [1789412856.769222827] [acados_nmpc_node]: [attach-window] t=130.30s pos_err=0.161m T=20.52N z=5.294 m_est=2.064
[INFO] [1789412856.824815260] [acados_nmpc_node]: [attach-window] t=130.36s pos_err=0.150m T=20.51N z=5.300 m_est=2.064
[INFO] [1789412856.869169511] [acados_nmpc_node]: [attach-window] t=130.40s pos_err=0.164m T=20.56N z=5.303 m_est=2.064
[INFO] [1789412856.925005753] [acados_nmpc_node]: [attach-window] t=130.46s pos_err=0.146m T=20.50N z=5.310 m_est=2.064
[INFO] [1789412856.925407911] [acados_nmpc_node]: [wcmd] raw=[+0.006,-0.062,+0.923] w=[-0.034,-0.039,+0.725] err=[+0.039,-0.023] scaled=[+0.006,-0.062] s=1.00
[INFO] [1789412856.969258651] [acados_nmpc_node]: [attach-window] t=130.50s pos_err=0.156m T=20.55N z=5.314 m_est=2.064
[INFO] [1789412857.024859209] [acados_nmpc_node]: [attach-window] t=130.56s pos_err=0.147m T=20.50N z=5.321 m_est=2.064
[INFO] [1789412857.025345323] [acados_nmpc_node]: t=130.6s | pos_err=0.147m | T=20.50N | tau=[r0.011 p-0.004 y0.080]Nm | res_stat=3.023e-07(peak 1.000e-06) sqp_iter=6 | solve=2.3ms
[INFO] [1789412857.025550664] [acados_nmpc_node]: [flight-diag] t=130.6s | om_scale=1.000(lo 1.000 hi 1.000) | tilt_max=9.99deg | w_max=[r0.053 p0.162 y1.042]rad/s | u_frac=[T0.656 r0.041 p0.084 y0.715] | u_sat=[T0.0 r0.0 p0.0 y0.0]% | mot_peak=0.835 mot_sat=0.0% | health=1 age=0.000s conf=1.000 | n=100
[INFO] [1789412857.069091751] [acados_nmpc_node]: [attach-window] t=130.60s pos_err=0.155m T=20.55N z=5.325 m_est=2.064
[INFO] [1789412857.124997637] [acados_nmpc_node]: [attach-window] t=130.66s pos_err=0.142m T=20.46N z=5.334 m_est=2.064
[INFO] [1789412857.125388798] [acados_nmpc_node]: [wcmd] raw=[+0.009,-0.086,+1.015] w=[-0.044,-0.052,+0.847] err=[+0.053,-0.034] scaled=[+0.009,-0.086] s=1.00
[INFO] [1789412857.169088901] [acados_nmpc_node]: [attach-window] t=130.70s pos_err=0.147m T=20.51N z=5.338 m_est=2.064
[INFO] [1789412857.225007875] [acados_nmpc_node]: [attach-window] t=130.76s pos_err=0.140m T=20.45N z=5.347 m_est=2.064
[INFO] [1789412857.268299573] [acados_nmpc_node]: [attach-window] t=130.80s pos_err=0.139m T=20.47N z=5.353 m_est=2.064
[INFO] [1789412857.324829388] [acados_nmpc_node]: [attach-window] t=130.86s pos_err=0.134m T=20.42N z=5.363 m_est=2.064
[INFO] [1789412857.325224961] [acados_nmpc_node]: [wcmd] raw=[-0.004,-0.078,+1.036] w=[-0.039,-0.051,+0.954] err=[+0.035,-0.026] scaled=[-0.004,-0.078] s=1.00
[INFO] [1789412857.368958910] [acados_nmpc_node]: [attach-window] t=130.90s pos_err=0.132m T=20.50N z=5.368 m_est=2.064
[INFO] [1789412857.424798531] [acados_nmpc_node]: [attach-window] t=130.96s pos_err=0.129m T=20.43N z=5.379 m_est=2.064
[INFO] [1789412857.468782826] [acados_nmpc_node]: [attach-window] t=131.00s pos_err=0.124m T=20.50N z=5.384 m_est=2.064
[INFO] [1789412857.524407667] [acados_nmpc_node]: [attach-window] t=131.06s pos_err=0.121m T=20.48N z=5.393 m_est=2.064
[INFO] [1789412857.524797950] [acados_nmpc_node]: [wcmd] raw=[-0.031,-0.011,+0.963] w=[-0.032,-0.053,+1.020] err=[+0.001,+0.042] scaled=[-0.031,-0.011] s=1.00
[INFO] [1789412857.568994081] [acados_nmpc_node]: [attach-window] t=131.10s pos_err=0.114m T=20.56N z=5.398 m_est=2.064
[INFO] [1789412857.625007262] [acados_nmpc_node]: [attach-window] t=131.16s pos_err=0.112m T=20.53N z=5.409 m_est=2.064
[INFO] [1789412857.669082122] [acados_nmpc_node]: [attach-window] t=131.20s pos_err=0.104m T=20.61N z=5.414 m_est=2.064
[INFO] [1789412857.724932234] [acados_nmpc_node]: [attach-window] t=131.26s pos_err=0.107m T=20.52N z=5.425 m_est=2.064
[INFO] [1789412857.725363586] [acados_nmpc_node]: [wcmd] raw=[-0.010,-0.036,+0.828] w=[-0.052,+0.045,+1.018] err=[+0.042,-0.081] scaled=[-0.010,-0.036] s=1.00
[INFO] [1789412857.769282238] [acados_nmpc_node]: [attach-window] t=131.30s pos_err=0.096m T=20.61N z=5.431 m_est=2.064
[INFO] [1789412857.825327333] [acados_nmpc_node]: [attach-window] t=131.36s pos_err=0.098m T=20.55N z=5.441 m_est=2.064
[INFO] [1789412857.869239537] [acados_nmpc_node]: [attach-window] t=131.40s pos_err=0.086m T=20.64N z=5.446 m_est=2.064
[INFO] [1789412857.925449389] [acados_nmpc_node]: [attach-window] t=131.46s pos_err=0.098m T=20.47N z=5.459 m_est=2.064
[INFO] [1789412857.925868727] [acados_nmpc_node]: [wcmd] raw=[-0.004,-0.132,+0.635] w=[-0.003,-0.038,+0.938] err=[-0.002,-0.095] scaled=[-0.004,-0.132] s=1.00
[INFO] [1789412857.969293599] [acados_nmpc_node]: [attach-window] t=131.50s pos_err=0.082m T=20.57N z=5.464 m_est=2.064
[INFO] [1789412858.025196987] [acados_nmpc_node]: [attach-window] t=131.56s pos_err=0.102m T=20.37N z=5.477 m_est=2.064
[INFO] [1789412858.069197663] [acados_nmpc_node]: [attach-window] t=131.60s pos_err=0.072m T=20.56N z=5.482 m_est=2.064
[INFO] [1789412858.124909768] [acados_nmpc_node]: [attach-window] t=131.66s pos_err=0.095m T=20.38N z=5.495 m_est=2.064
[INFO] [1789412858.125305692] [acados_nmpc_node]: [wcmd] raw=[-0.052,-0.105,+0.434] w=[+0.005,-0.147,+0.788] err=[-0.057,+0.042] scaled=[-0.052,-0.105] s=1.00
[INFO] [1789412858.169361900] [acados_nmpc_node]: [attach-window] t=131.70s pos_err=0.072m T=20.48N z=5.501 m_est=2.064
[INFO] [1789412858.224997333] [acados_nmpc_node]: [attach-window] t=131.76s pos_err=0.086m T=20.38N z=5.512 m_est=2.064
[INFO] [1789412858.269191450] [acados_nmpc_node]: [attach-window] t=131.80s pos_err=0.077m T=20.41N z=5.520 m_est=2.064
[INFO] [1789412858.324963809] [acados_nmpc_node]: [attach-window] t=131.86s pos_err=0.094m T=20.33N z=5.532 m_est=2.064
[INFO] [1789412858.325352835] [acados_nmpc_node]: [wcmd] raw=[-0.046,-0.079,+0.264] w=[-0.039,-0.032,+0.601] err=[-0.007,-0.047] scaled=[-0.046,-0.079] s=1.00
[INFO] [1789412858.369080070] [acados_nmpc_node]: [attach-window] t=131.90s pos_err=0.065m T=20.47N z=5.538 m_est=2.064
[INFO] [1789412858.425101444] [acados_nmpc_node]: [attach-window] t=131.96s pos_err=0.082m T=20.42N z=5.549 m_est=2.064
[INFO] [1789412858.468983915] [acados_nmpc_node]: [attach-window] t=132.00s pos_err=0.051m T=20.54N z=5.555 m_est=2.064
[INFO] [1789412858.524545155] [acados_nmpc_node]: [attach-window] t=132.06s pos_err=0.091m T=20.37N z=5.569 m_est=2.064
[INFO] [1789412858.524932566] [acados_nmpc_node]: [wcmd] raw=[+0.007,-0.079,+0.145] w=[-0.012,-0.012,+0.415] err=[+0.019,-0.067] scaled=[+0.007,-0.079] s=1.00
[INFO] [1789412858.569199483] [acados_nmpc_node]: [attach-window] t=132.10s pos_err=0.057m T=20.50N z=5.575 m_est=2.064
[INFO] [1789412858.621965715] [acados_nmpc_node]: [attach-window] t=132.15s pos_err=0.082m T=20.36N z=5.587 m_est=2.064
[INFO] [1789412858.668790596] [acados_nmpc_node]: [attach-window] t=132.20s pos_err=0.042m T=20.51N z=5.593 m_est=2.064
[INFO] [1789412858.724132844] [acados_nmpc_node]: [attach-window] t=132.26s pos_err=0.086m T=20.29N z=5.608 m_est=2.064
[INFO] [1789412858.724521353] [acados_nmpc_node]: [wcmd] raw=[+0.044,-0.118,+0.080] w=[+0.033,-0.074,+0.252] err=[+0.011,-0.043] scaled=[+0.044,-0.118] s=1.00
[INFO] [1789412858.768735899] [acados_nmpc_node]: [attach-window] t=132.30s pos_err=0.049m T=20.42N z=5.614 m_est=2.064
[INFO] [1789412858.824253130] [acados_nmpc_node]: [attach-window] t=132.36s pos_err=0.095m T=20.17N z=5.630 m_est=2.064
[INFO] [1789412858.868820934] [acados_nmpc_node]: [attach-window] t=132.40s pos_err=0.056m T=20.32N z=5.637 m_est=2.064
[INFO] [1789412858.924045545] [acados_nmpc_node]: [attach-window] t=132.46s pos_err=0.079m T=20.21N z=5.651 m_est=2.064
[INFO] [1789412858.924437445] [acados_nmpc_node]: [wcmd] raw=[+0.041,-0.084,+0.059] w=[+0.048,-0.139,+0.139] err=[-0.006,+0.055] scaled=[+0.041,-0.084] s=1.00
[INFO] [1789412858.968945534] [acados_nmpc_node]: [attach-window] t=132.50s pos_err=0.039m T=20.35N z=5.657 m_est=2.064
[INFO] [1789412859.024220001] [acados_nmpc_node]: [attach-window] t=132.56s pos_err=0.062m T=20.26N z=5.671 m_est=2.064
[INFO] [1789412859.068783312] [acados_nmpc_node]: [attach-window] t=132.60s pos_err=0.022m T=20.38N z=5.678 m_est=2.064
[INFO] [1789412859.124492148] [acados_nmpc_node]: [attach-window] t=132.66s pos_err=0.067m T=20.20N z=5.694 m_est=2.064
[INFO] [1789412859.124880222] [acados_nmpc_node]: [wcmd] raw=[+0.039,-0.057,+0.070] w=[+0.033,+0.002,+0.075] err=[+0.006,-0.060] scaled=[+0.039,-0.057] s=1.00
[INFO] [1789412859.168769471] [acados_nmpc_node]: [attach-window] t=132.70s pos_err=0.027m T=20.34N z=5.701 m_est=2.064
[INFO] [1789412859.224239339] [acados_nmpc_node]: [attach-window] t=132.76s pos_err=0.049m T=20.22N z=5.716 m_est=2.064
[INFO] [1789412859.268777145] [acados_nmpc_node]: [attach-window] t=132.80s pos_err=0.019m T=20.35N z=5.724 m_est=2.064
[INFO] [1789412859.324143742] [acados_nmpc_node]: [attach-window] t=132.86s pos_err=0.057m T=20.10N z=5.741 m_est=2.064
[INFO] [1789412859.324539417] [acados_nmpc_node]: [wcmd] raw=[+0.036,-0.157,+0.088] w=[+0.024,-0.060,+0.054] err=[+0.012,-0.097] scaled=[+0.036,-0.157] s=1.00
[INFO] [1789412859.368999547] [acados_nmpc_node]: [attach-window] t=132.90s pos_err=0.024m T=20.25N z=5.749 m_est=2.064
[INFO] [1789412859.424108268] [acados_nmpc_node]: [attach-window] t=132.96s pos_err=0.042m T=20.11N z=5.764 m_est=2.064
[INFO] [1789412859.468722071] [acados_nmpc_node]: [attach-window] t=133.00s pos_err=0.032m T=20.25N z=5.771 m_est=2.064
[INFO] [1789412859.524246722] [acados_nmpc_node]: [attach-window] t=133.06s pos_err=0.054m T=20.03N z=5.788 m_est=2.064
[INFO] [1789412859.524637955] [acados_nmpc_node]: [wcmd] raw=[+0.027,-0.169,+0.100] w=[+0.019,-0.125,+0.058] err=[+0.008,-0.044] scaled=[+0.027,-0.169] s=1.00
[INFO] [1789412859.568754243] [acados_nmpc_node]: [attach-window] t=133.10s pos_err=0.035m T=20.18N z=5.795 m_est=2.064
[INFO] [1789412859.624274311] [acados_nmpc_node]: [attach-window] t=133.16s pos_err=0.045m T=20.08N z=5.810 m_est=2.064
[INFO] [1789412859.668558155] [acados_nmpc_node]: [attach-window] t=133.20s pos_err=0.042m T=20.12N z=5.819 m_est=2.064
[INFO] [1789412859.723940806] [acados_nmpc_node]: [attach-window] t=133.26s pos_err=0.057m T=20.03N z=5.834 m_est=2.064
[INFO] [1789412859.724334250] [acados_nmpc_node]: [wcmd] raw=[+0.027,-0.148,+0.099] w=[+0.018,-0.113,+0.071] err=[+0.009,-0.035] scaled=[+0.027,-0.148] s=1.00
[INFO] [1789412859.768921092] [acados_nmpc_node]: [attach-window] t=133.30s pos_err=0.051m T=20.19N z=5.841 m_est=2.064
[INFO] [1789412859.824461086] [acados_nmpc_node]: [attach-window] t=133.36s pos_err=0.054m T=20.13N z=5.856 m_est=2.064
[INFO] [1789412859.868921227] [acados_nmpc_node]: [attach-window] t=133.40s pos_err=0.067m T=20.24N z=5.863 m_est=2.064
[INFO] [1789412859.924448365] [acados_nmpc_node]: [attach-window] t=133.46s pos_err=0.061m T=20.08N z=5.879 m_est=2.064
[INFO] [1789412859.924857400] [acados_nmpc_node]: [wcmd] raw=[+0.040,-0.088,+0.081] w=[+0.026,-0.057,+0.081] err=[+0.013,-0.031] scaled=[+0.040,-0.088] s=1.00
[INFO] [1789412859.968973498] [acados_nmpc_node]: [attach-window] t=133.50s pos_err=0.068m T=20.20N z=5.886 m_est=2.064
[INFO] [1789412860.024538429] [acados_nmpc_node]: [attach-window] t=133.56s pos_err=0.063m T=20.11N z=5.901 m_est=2.064
[INFO] [1789412860.068890700] [acados_nmpc_node]: [attach-window] t=133.60s pos_err=0.085m T=20.22N z=5.908 m_est=2.064
[INFO] [1789412860.124236076] [acados_nmpc_node]: [attach-window] t=133.66s pos_err=0.066m T=20.04N z=5.924 m_est=2.064
[INFO] [1789412860.124629965] [acados_nmpc_node]: [wcmd] raw=[+0.053,-0.156,+0.052] w=[+0.049,-0.079,+0.077] err=[+0.004,-0.077] scaled=[+0.053,-0.156] s=1.00
[INFO] [1789412860.168999035] [acados_nmpc_node]: [attach-window] t=133.70s pos_err=0.083m T=20.18N z=5.931 m_est=2.064
[INFO] [1789412860.224382268] [acados_nmpc_node]: [attach-window] t=133.76s pos_err=0.072m T=20.07N z=5.945 m_est=2.064
[INFO] [1789412860.268855279] [acados_nmpc_node]: [attach-window] t=133.80s pos_err=0.100m T=20.19N z=5.952 m_est=2.064
[INFO] [1789412860.324381363] [acados_nmpc_node]: [attach-window] t=133.86s pos_err=0.073m T=20.01N z=5.968 m_est=2.064
[INFO] [1789412860.324779308] [acados_nmpc_node]: [wcmd] raw=[+0.038,-0.169,+0.015] w=[+0.058,-0.115,+0.060] err=[-0.020,-0.053] scaled=[+0.038,-0.169] s=1.00
[INFO] [1789412860.368754744] [acados_nmpc_node]: [attach-window] t=133.90s pos_err=0.096m T=20.13N z=5.975 m_est=2.064
[INFO] [1789412860.424329559] [acados_nmpc_node]: [attach-window] t=133.96s pos_err=0.081m T=20.05N z=5.988 m_est=2.064
[INFO] [1789412860.468788480] [acados_nmpc_node]: [attach-window] t=134.00s pos_err=0.114m T=20.16N z=5.995 m_est=2.064
[INFO] [1789412860.524271267] [acados_nmpc_node]: [attach-window] t=134.06s pos_err=0.080m T=20.02N z=6.011 m_est=2.064
[INFO] [1789412860.524651742] [acados_nmpc_node]: [wcmd] raw=[+0.026,-0.144,-0.023] w=[+0.044,-0.120,+0.031] err=[-0.017,-0.025] scaled=[+0.026,-0.144] s=1.00
[INFO] [1789412860.568970547] [acados_nmpc_node]: [attach-window] t=134.10s pos_err=0.109m T=20.12N z=6.018 m_est=2.064
[INFO] [1789412860.624406420] [acados_nmpc_node]: [attach-window] t=134.16s pos_err=0.091m T=20.04N z=6.032 m_est=2.064
[INFO] [1789412860.668791923] [acados_nmpc_node]: [attach-window] t=134.20s pos_err=0.128m T=20.13N z=6.039 m_est=2.064
[INFO] [1789412860.724327704] [acados_nmpc_node]: [attach-window] t=134.26s pos_err=0.087m T=19.99N z=6.056 m_est=2.064
[INFO] [1789412860.724715673] [acados_nmpc_node]: [wcmd] raw=[+0.039,-0.140,-0.059] w=[+0.043,-0.097,-0.004] err=[-0.005,-0.043] scaled=[+0.039,-0.140] s=1.00
[INFO] [1789412860.768746854] [acados_nmpc_node]: [attach-window] t=134.30s pos_err=0.121m T=20.09N z=6.063 m_est=2.064
[INFO] [1789412860.824327983] [acados_nmpc_node]: [attach-window] t=134.36s pos_err=0.100m T=20.02N z=6.077 m_est=2.064
[INFO] [1789412860.868960100] [acados_nmpc_node]: [attach-window] t=134.40s pos_err=0.140m T=20.10N z=6.084 m_est=2.064
[INFO] [1789412860.924796229] [acados_nmpc_node]: [attach-window] t=134.46s pos_err=0.096m T=20.00N z=6.100 m_est=2.064
[INFO] [1789412860.925199316] [acados_nmpc_node]: [wcmd] raw=[+0.043,-0.137,-0.089] w=[+0.057,-0.107,-0.042] err=[-0.015,-0.030] scaled=[+0.043,-0.137] s=1.00
[INFO] [1789412860.969007996] [acados_nmpc_node]: [attach-window] t=134.50s pos_err=0.133m T=20.09N z=6.107 m_est=2.064
[INFO] [1789412861.024480191] [acados_nmpc_node]: [attach-window] t=134.56s pos_err=0.090m T=19.98N z=6.122 m_est=2.064
[INFO] [1789412861.068853210] [acados_nmpc_node]: [attach-window] t=134.60s pos_err=0.152m T=20.13N z=6.127 m_est=2.064
[INFO] [1789412861.124176625] [acados_nmpc_node]: [attach-window] t=134.66s pos_err=0.104m T=20.03N z=6.143 m_est=2.064
[INFO] [1789412861.124556466] [acados_nmpc_node]: [wcmd] raw=[+0.034,-0.114,-0.117] w=[+0.051,-0.171,-0.075] err=[-0.018,+0.057] scaled=[+0.034,-0.114] s=1.00
[INFO] [1789412861.168813440] [acados_nmpc_node]: [attach-window] t=134.70s pos_err=0.144m T=20.09N z=6.150 m_est=2.064
[INFO] [1789412861.224284160] [acados_nmpc_node]: [attach-window] t=134.76s pos_err=0.098m T=20.00N z=6.165 m_est=2.064
[INFO] [1789412861.269048190] [acados_nmpc_node]: [attach-window] t=134.80s pos_err=0.163m T=20.11N z=6.170 m_est=2.064
[INFO] [1789412861.324681323] [acados_nmpc_node]: [attach-window] t=134.86s pos_err=0.116m T=20.05N z=6.186 m_est=2.064
[INFO] [1789412861.325072444] [acados_nmpc_node]: [wcmd] raw=[+0.037,-0.078,-0.143] w=[+0.046,-0.121,-0.106] err=[-0.009,+0.043] scaled=[+0.037,-0.078] s=1.00
[INFO] [1789412861.369179053] [acados_nmpc_node]: [attach-window] t=134.90s pos_err=0.156m T=20.10N z=6.193 m_est=2.064
[INFO] [1789412861.424825539] [acados_nmpc_node]: [attach-window] t=134.96s pos_err=0.134m T=20.08N z=6.206 m_est=2.064
[INFO] [1789412861.469071543] [acados_nmpc_node]: [attach-window] t=135.00s pos_err=0.175m T=20.14N z=6.213 m_est=2.064
[INFO] [1789412861.524336694] [acados_nmpc_node]: [attach-window] t=135.06s pos_err=0.126m T=20.09N z=6.228 m_est=2.064
[INFO] [1789412861.524720288] [acados_nmpc_node]: [wcmd] raw=[+0.027,-0.126,-0.173] w=[+0.051,-0.051,-0.135] err=[-0.024,-0.076] scaled=[+0.027,-0.126] s=1.00
[INFO] [1789412861.569092591] [acados_nmpc_node]: [attach-window] t=135.10s pos_err=0.168m T=20.16N z=6.234 m_est=2.064
[INFO] [1789412861.624519748] [acados_nmpc_node]: [attach-window] t=135.16s pos_err=0.144m T=20.13N z=6.247 m_est=2.064
[INFO] [1789412861.668284611] [acados_nmpc_node]: [attach-window] t=135.20s pos_err=0.185m T=20.19N z=6.254 m_est=2.064
[INFO] [1789412861.724224305] [acados_nmpc_node]: [attach-window] t=135.26s pos_err=0.136m T=20.13N z=6.268 m_est=2.064
[INFO] [1789412861.724615100] [acados_nmpc_node]: [wcmd] raw=[+0.024,-0.147,-0.209] w=[+0.044,-0.109,-0.163] err=[-0.020,-0.037] scaled=[+0.024,-0.147] s=1.00
[INFO] [1789412861.769150658] [acados_nmpc_node]: [attach-window] t=135.30s pos_err=0.176m T=20.20N z=6.274 m_est=2.064
[INFO] [1789412861.824481131] [acados_nmpc_node]: [attach-window] t=135.36s pos_err=0.130m T=20.14N z=6.288 m_est=2.064
[INFO] [1789412861.869138715] [acados_nmpc_node]: [attach-window] t=135.40s pos_err=0.192m T=20.23N z=6.293 m_est=2.064
[INFO] [1789412861.925104579] [acados_nmpc_node]: [attach-window] t=135.46s pos_err=0.147m T=20.19N z=6.307 m_est=2.064
[INFO] [1789412861.925499385] [acados_nmpc_node]: [wcmd] raw=[+0.012,-0.084,-0.257] w=[+0.035,-0.161,-0.198] err=[-0.023,+0.077] scaled=[+0.012,-0.084] s=1.00
[INFO] [1789412861.969103262] [acados_nmpc_node]: [attach-window] t=135.50s pos_err=0.183m T=20.22N z=6.313 m_est=2.064
[INFO] [1789412862.024717009] [acados_nmpc_node]: [attach-window] t=135.56s pos_err=0.162m T=20.22N z=6.325 m_est=2.064
[INFO] [1789412862.025207489] [acados_nmpc_node]: t=135.6s | pos_err=0.162m | T=20.22N | tau=[r-0.009 p0.013 y-0.029]Nm | res_stat=2.868e-07(peak 1.000e-06) sqp_iter=6 | solve=2.4ms
[INFO] [1789412862.025412554] [acados_nmpc_node]: [flight-diag] t=135.6s | om_scale=1.000(lo 1.000 hi 1.000) | tilt_max=10.53deg | w_max=[r0.062 p0.171 y1.027]rad/s | u_frac=[T0.658 r0.051 p0.106 y0.738] | u_sat=[T0.0 r0.0 p0.0 y0.0]% | mot_peak=0.832 mot_sat=0.0% | health=1 age=0.000s conf=1.000 | n=100
[INFO] [1789412862.069105551] [acados_nmpc_node]: [attach-window] t=135.60s pos_err=0.198m T=20.26N z=6.331 m_est=2.064
[INFO] [1789412862.122080976] [acados_nmpc_node]: [attach-window] t=135.65s pos_err=0.151m T=20.24N z=6.344 m_est=2.064
[INFO] [1789412862.122377025] [acados_nmpc_node]: [wcmd] raw=[-0.013,-0.094,-0.315] w=[+0.030,-0.045,-0.236] err=[-0.043,-0.050] scaled=[-0.013,-0.094] s=1.00
[INFO] [1789412862.168320437] [acados_nmpc_node]: [attach-window] t=135.70s pos_err=0.190m T=20.29N z=6.350 m_est=2.064
[INFO] [1789412862.221965493] [acados_nmpc_node]: [attach-window] t=135.75s pos_err=0.165m T=20.28N z=6.361 m_est=2.064
[INFO] [1789412862.268252016] [acados_nmpc_node]: [attach-window] t=135.80s pos_err=0.203m T=20.33N z=6.366 m_est=2.064
[INFO] [1789412862.324762409] [acados_nmpc_node]: [attach-window] t=135.86s pos_err=0.163m T=20.29N z=6.379 m_est=2.064
[INFO] [1789412862.325153554] [acados_nmpc_node]: [wcmd] raw=[+0.020,-0.092,-0.394] w=[+0.024,-0.076,-0.289] err=[-0.004,-0.015] scaled=[+0.020,-0.092] s=1.00
[INFO] [1789412862.369166012] [acados_nmpc_node]: [attach-window] t=135.90s pos_err=0.193m T=20.32N z=6.385 m_est=2.064
[INFO] [1789412862.424819055] [acados_nmpc_node]: [attach-window] t=135.96s pos_err=0.173m T=20.29N z=6.397 m_est=2.064
[INFO] [1789412862.469110916] [acados_nmpc_node]: [attach-window] t=136.00s pos_err=0.202m T=20.32N z=6.403 m_est=2.064
[INFO] [1789412862.524782686] [acados_nmpc_node]: [attach-window] t=136.06s pos_err=0.163m T=20.28N z=6.417 m_est=2.064
[INFO] [1789412862.525177119] [acados_nmpc_node]: [wcmd] raw=[+0.033,-0.091,-0.488] w=[+0.062,-0.065,-0.354] err=[-0.030,-0.026] scaled=[+0.033,-0.091] s=1.00
[INFO] [1789412862.569214874] [acados_nmpc_node]: [attach-window] t=136.10s pos_err=0.190m T=20.31N z=6.423 m_est=2.064
[INFO] [1789412862.624619870] [acados_nmpc_node]: [attach-window] t=136.16s pos_err=0.170m T=20.30N z=6.434 m_est=2.064
[INFO] [1789412862.669130749] [acados_nmpc_node]: [attach-window] t=136.20s pos_err=0.179m T=20.33N z=6.441 m_est=2.064
[INFO] [1789412862.724830935] [acados_nmpc_node]: [attach-window] t=136.26s pos_err=0.160m T=20.32N z=6.452 m_est=2.064
[INFO] [1789412862.725223531] [acados_nmpc_node]: [wcmd] raw=[-0.005,-0.083,-0.600] w=[+0.061,-0.063,-0.437] err=[-0.066,-0.021] scaled=[-0.005,-0.083] s=1.00
[INFO] [1789412862.769085424] [acados_nmpc_node]: [attach-window] t=136.30s pos_err=0.184m T=20.37N z=6.458 m_est=2.064
[INFO] [1789412862.825961109] [acados_nmpc_node]: [attach-window] t=136.36s pos_err=0.167m T=20.36N z=6.469 m_est=2.064
[INFO] [1789412862.869262531] [acados_nmpc_node]: [attach-window] t=136.40s pos_err=0.188m T=20.39N z=6.474 m_est=2.064
[INFO] [1789412862.925021560] [acados_nmpc_node]: [attach-window] t=136.46s pos_err=0.156m T=20.34N z=6.487 m_est=2.064
[INFO] [1789412862.925424449] [acados_nmpc_node]: [wcmd] raw=[-0.017,-0.045,-0.726] w=[+0.037,-0.031,-0.535] err=[-0.054,-0.015] scaled=[-0.017,-0.045] s=1.00
[INFO] [1789412862.969331600] [acados_nmpc_node]: [attach-window] t=136.50s pos_err=0.177m T=20.37N z=6.493 m_est=2.064
[INFO] [1789412863.024727920] [acados_nmpc_node]: [attach-window] t=136.56s pos_err=0.160m T=20.33N z=6.504 m_est=2.064
[INFO] [1789412863.069094818] [acados_nmpc_node]: [attach-window] t=136.60s pos_err=0.180m T=20.37N z=6.510 m_est=2.064
[INFO] [1789412863.121921948] [acados_nmpc_node]: [attach-window] t=136.65s pos_err=0.149m T=20.29N z=6.522 m_est=2.064
[INFO] [1789412863.122218252] [acados_nmpc_node]: [wcmd] raw=[-0.042,-0.068,-0.850] w=[+0.024,-0.032,-0.654] err=[-0.066,-0.037] scaled=[-0.042,-0.068] s=1.00
[INFO] [1789412863.169216586] [acados_nmpc_node]: [attach-window] t=136.70s pos_err=0.171m T=20.34N z=6.527 m_est=2.064
[INFO] [1789412863.225275692] [acados_nmpc_node]: [attach-window] t=136.76s pos_err=0.157m T=20.32N z=6.538 m_est=2.064
[INFO] [1789412863.269277992] [acados_nmpc_node]: [attach-window] t=136.80s pos_err=0.174m T=20.36N z=6.543 m_est=2.064
[INFO] [1789412863.324926758] [acados_nmpc_node]: [attach-window] t=136.86s pos_err=0.149m T=20.30N z=6.554 m_est=2.064
[INFO] [1789412863.325329222] [acados_nmpc_node]: [wcmd] raw=[-0.037,-0.052,-0.964] w=[+0.014,-0.030,-0.777] err=[-0.051,-0.022] scaled=[-0.037,-0.052] s=1.00
[INFO] [1789412863.369436943] [acados_nmpc_node]: [attach-window] t=136.90s pos_err=0.164m T=20.34N z=6.560 m_est=2.064
[INFO] [1789412863.425029340] [acados_nmpc_node]: [attach-window] t=136.96s pos_err=0.151m T=20.30N z=6.570 m_est=2.064
[INFO] [1789412863.469148568] [acados_nmpc_node]: [attach-window] t=137.00s pos_err=0.165m T=20.35N z=6.575 m_est=2.064
[INFO] [1789412863.524660885] [acados_nmpc_node]: [attach-window] t=137.06s pos_err=0.143m T=20.27N z=6.586 m_est=2.064
[INFO] [1789412863.525056938] [acados_nmpc_node]: [wcmd] raw=[-0.038,-0.062,-1.025] w=[+0.010,-0.030,-0.901] err=[-0.048,-0.032] scaled=[-0.038,-0.062] s=1.00
[INFO] [1789412863.568931988] [acados_nmpc_node]: [attach-window] t=137.10s pos_err=0.156m T=20.32N z=6.591 m_est=2.064
[INFO] [1789412863.622038806] [acados_nmpc_node]: [attach-window] t=137.15s pos_err=0.142m T=20.26N z=6.602 m_est=2.064
[INFO] [1789412863.668771925] [acados_nmpc_node]: [attach-window] t=137.20s pos_err=0.155m T=20.32N z=6.607 m_est=2.064
[INFO] [1789412863.724148145] [acados_nmpc_node]: [attach-window] t=137.26s pos_err=0.135m T=20.24N z=6.618 m_est=2.064
[INFO] [1789412863.724528772] [acados_nmpc_node]: [wcmd] raw=[-0.023,-0.067,-1.007] w=[-0.002,-0.049,-0.994] err=[-0.021,-0.018] scaled=[-0.023,-0.067] s=1.00
[INFO] [1789412863.769021623] [acados_nmpc_node]: [attach-window] t=137.30s pos_err=0.145m T=20.30N z=6.623 m_est=2.064
[INFO] [1789412863.824499870] [acados_nmpc_node]: [attach-window] t=137.36s pos_err=0.133m T=20.26N z=6.632 m_est=2.064
[INFO] [1789412863.868914376] [acados_nmpc_node]: [attach-window] t=137.40s pos_err=0.142m T=20.32N z=6.637 m_est=2.064
[INFO] [1789412863.924515614] [acados_nmpc_node]: [attach-window] t=137.46s pos_err=0.123m T=20.26N z=6.647 m_est=2.064
[INFO] [1789412863.924902325] [acados_nmpc_node]: [wcmd] raw=[+0.005,-0.065,-0.906] w=[+0.015,-0.032,-1.031] err=[-0.010,-0.033] scaled=[+0.005,-0.065] s=1.00
[INFO] [1789412863.968882141] [acados_nmpc_node]: [attach-window] t=137.50s pos_err=0.130m T=20.33N z=6.651 m_est=2.064
[INFO] [1789412864.024980772] [acados_nmpc_node]: [attach-window] t=137.56s pos_err=0.119m T=20.31N z=6.659 m_est=2.064
[INFO] [1789412864.068865494] [acados_nmpc_node]: [attach-window] t=137.60s pos_err=0.127m T=20.38N z=6.663 m_est=2.064
[INFO] [1789412864.124735680] [acados_nmpc_node]: [attach-window] t=137.66s pos_err=0.108m T=20.30N z=6.672 m_est=2.064
[INFO] [1789412864.125120188] [acados_nmpc_node]: [wcmd] raw=[+0.014,-0.086,-0.741] w=[+0.016,-0.036,-0.995] err=[-0.002,-0.050] scaled=[+0.014,-0.086] s=1.00
[INFO] [1789412864.169265603] [acados_nmpc_node]: [attach-window] t=137.70s pos_err=0.114m T=20.37N z=6.676 m_est=2.064
[INFO] [1789412864.225000315] [acados_nmpc_node]: [attach-window] t=137.76s pos_err=0.102m T=20.32N z=6.684 m_est=2.064
[INFO] [1789412864.269340989] [acados_nmpc_node]: [attach-window] t=137.80s pos_err=0.110m T=20.38N z=6.687 m_est=2.064
[INFO] [1789412864.322572937] [acados_nmpc_node]: [attach-window] t=137.85s pos_err=0.091m T=20.24N z=6.696 m_est=2.064
[INFO] [1789412864.322894790] [acados_nmpc_node]: [wcmd] raw=[+0.030,-0.110,-0.541] w=[+0.012,-0.063,-0.883] err=[+0.018,-0.047] scaled=[+0.030,-0.110] s=1.00
[INFO] [1789412864.368456622] [acados_nmpc_node]: [attach-window] t=137.90s pos_err=0.098m T=20.31N z=6.700 m_est=2.064
[INFO] [1789412864.425461121] [acados_nmpc_node]: [attach-window] t=137.96s pos_err=0.086m T=20.23N z=6.708 m_est=2.064
[INFO] [1789412864.469393802] [acados_nmpc_node]: [attach-window] t=138.00s pos_err=0.096m T=20.27N z=6.712 m_est=2.064
[INFO] [1789412864.525420081] [acados_nmpc_node]: [attach-window] t=138.06s pos_err=0.077m T=20.13N z=6.721 m_est=2.064
[INFO] [1789412864.525844048] [acados_nmpc_node]: [wcmd] raw=[+0.035,-0.079,-0.375] w=[+0.020,-0.053,-0.720] err=[+0.016,-0.025] scaled=[+0.035,-0.079] s=1.00
[INFO] [1789412864.569645257] [acados_nmpc_node]: [attach-window] t=138.10s pos_err=0.086m T=20.18N z=6.725 m_est=2.064
[INFO] [1789412864.625046521] [acados_nmpc_node]: [attach-window] t=138.16s pos_err=0.075m T=20.10N z=6.734 m_est=2.064
[INFO] [1789412864.669201249] [acados_nmpc_node]: [attach-window] t=138.20s pos_err=0.088m T=20.15N z=6.738 m_est=2.064
[INFO] [1789412864.724593538] [acados_nmpc_node]: [attach-window] t=138.26s pos_err=0.067m T=20.02N z=6.746 m_est=2.064
[INFO] [1789412864.724984056] [acados_nmpc_node]: [wcmd] raw=[+0.003,-0.114,-0.245] w=[+0.010,-0.056,-0.538] err=[-0.007,-0.058] scaled=[+0.003,-0.114] s=1.00
[INFO] [1789412864.768976426] [acados_nmpc_node]: [attach-window] t=138.30s pos_err=0.081m T=20.09N z=6.750 m_est=2.064
[INFO] [1789412864.824587684] [acados_nmpc_node]: [attach-window] t=138.36s pos_err=0.069m T=20.02N z=6.757 m_est=2.064
[INFO] [1789412864.868830974] [acados_nmpc_node]: [attach-window] t=138.40s pos_err=0.088m T=20.09N z=6.761 m_est=2.064
[INFO] [1789412864.924585496] [acados_nmpc_node]: [attach-window] t=138.46s pos_err=0.065m T=19.99N z=6.768 m_est=2.064
[INFO] [1789412864.924975322] [acados_nmpc_node]: [wcmd] raw=[-0.010,-0.129,-0.174] w=[-0.013,-0.087,-0.375] err=[+0.003,-0.042] scaled=[-0.010,-0.129] s=1.00
[INFO] [1789412864.968961111] [acados_nmpc_node]: [attach-window] t=138.50s pos_err=0.083m T=20.07N z=6.770 m_est=2.064
[INFO] [1789412865.024729179] [acados_nmpc_node]: [attach-window] t=138.56s pos_err=0.072m T=20.03N z=6.775 m_est=2.064
[INFO] [1789412865.068842089] [acados_nmpc_node]: [attach-window] t=138.60s pos_err=0.094m T=20.11N z=6.778 m_est=2.064
[INFO] [1789412865.124379767] [acados_nmpc_node]: [attach-window] t=138.66s pos_err=0.068m T=20.03N z=6.782 m_est=2.064
[INFO] [1789412865.124775756] [acados_nmpc_node]: [wcmd] raw=[-0.024,-0.122,-0.154] w=[-0.014,-0.099,-0.251] err=[-0.010,-0.023] scaled=[-0.024,-0.122] s=1.00
[INFO] [1789412865.168755403] [acados_nmpc_node]: [attach-window] t=138.70s pos_err=0.090m T=20.11N z=6.784 m_est=2.064
[INFO] [1789412865.224348998] [acados_nmpc_node]: [attach-window] t=138.76s pos_err=0.065m T=20.02N z=6.788 m_est=2.064
[INFO] [1789412865.268707630] [acados_nmpc_node]: [attach-window] t=138.80s pos_err=0.101m T=20.14N z=6.789 m_est=2.064
[INFO] [1789412865.324430742] [acados_nmpc_node]: [attach-window] t=138.86s pos_err=0.072m T=20.06N z=6.793 m_est=2.064
[INFO] [1789412865.324829521] [acados_nmpc_node]: [wcmd] raw=[-0.019,-0.110,-0.176] w=[-0.017,-0.159,-0.182] err=[-0.002,+0.049] scaled=[-0.019,-0.110] s=1.00
[INFO] [1789412865.368932687] [acados_nmpc_node]: [attach-window] t=138.90s pos_err=0.096m T=20.11N z=6.794 m_est=2.064
[INFO] [1789412865.424374650] [acados_nmpc_node]: [attach-window] t=138.96s pos_err=0.082m T=20.05N z=6.797 m_est=2.064
[INFO] [1789412865.468862291] [acados_nmpc_node]: [attach-window] t=139.00s pos_err=0.109m T=20.10N z=6.799 m_est=2.064
[INFO] [1789412865.521784904] [acados_nmpc_node]: [attach-window] t=139.05s pos_err=0.075m T=20.00N z=6.802 m_est=2.064
[INFO] [1789412865.522074558] [acados_nmpc_node]: [wcmd] raw=[-0.025,-0.143,-0.216] w=[+0.002,-0.073,-0.163] err=[-0.027,-0.069] scaled=[-0.025,-0.143] s=1.00
[INFO] [1789412865.568030390] [acados_nmpc_node]: [attach-window] t=139.10s pos_err=0.103m T=20.06N z=6.803 m_est=2.064
[INFO] [1789412865.624766334] [acados_nmpc_node]: [attach-window] t=139.16s pos_err=0.162m T=20.13N z=6.805 m_est=2.064
[INFO] [1789412865.669525921] [acados_nmpc_node]: [attach-window] t=139.20s pos_err=0.279m T=20.10N z=6.805 m_est=2.064
[ros2run]: Killed
