[INFO] [1789405452.179740626] [acados_nmpc_node]: acados NMPC node starting, building/loading solver...
Code reuse possible, skipping code generation.
acados was compiled without OpenMP.
[INFO] [1789405452.186893300] [acados_nmpc_node]: OMEGA SCALE: on (source=djest, tau=0.50s, cap=5.0) — 增益调度走 setpoint 侧,PX4 参数不动
[INFO] [1789405452.198037558] [acados_nmpc_node]: GRIPPER MODE: hover over box (1.0,0.1) z 0.55->6.0m, lift after 3.0s, empty m_est=2.06kg, attach J bootstrap=True (0.30kg envelope)
[INFO] [1789405452.198777145] [acados_nmpc_node]: Warming up acados solver...
[INFO] [1789405452.205228062] [acados_nmpc_node]: Solver warmup complete, took 5.7 ms
[INFO] [1789405452.212055572] [acados_nmpc_node]: Decoupled publish enabled: solve @20Hz, body_rate/thrust @50Hz (trajectory interpolation)
[INFO] [1789405452.212900709] [acados_nmpc_node]: [GEOM-TRUTH] 检查通过:geom_source=estimate (载荷几何不来自真值)
[INFO] [1789405452.213707758] [acados_nmpc_node]: acados NMPC node initialized! Waiting for EKF2 convergence...
[INFO] [1789405462.213110059] [acados_nmpc_node]: Waiting for EKF2 convergence... 5/10 s
[INFO] [1789405467.213263696] [acados_nmpc_node]: Waiting for EKF2 convergence... 10/10 s
[INFO] [1789405467.313612940] [acados_nmpc_node]: Switching to OFFBOARD mode
[INFO] [1789405468.213420002] [acados_nmpc_node]: Sending arm command
[INFO] [1789405469.213335522] [acados_nmpc_node]: Armed, preparing to move to trajectory start...
[INFO] [1789405471.613645005] [acados_nmpc_node]: Gripper approach (climb): rising at spawn to z=1.50m | z=-0.03m v=0.37m/s
[INFO] [1789405474.113823154] [acados_nmpc_node]: Gripper approach (climb): rising at spawn to z=1.50m | z=1.02m v=0.22m/s
[INFO] [1789405475.913833923] [acados_nmpc_node]: Gripper approach: climbed to safe altitude at spawn, now translating over box
[INFO] [1789405476.613999686] [acados_nmpc_node]: Gripper approach (high): aligning over box at z=1.50m | xy=0.843m z_err=0.117m v=0.55m/s
[INFO] [1789405478.161703238] [acados_nmpc_node]: Gripper approach: aligned above box, NMPC will take over here (z=1.50m), settle 3.0s then descend to z=0.55m to trigger attach
[INFO] [1789405478.214394325] [acados_nmpc_node]: Reached trajectory start, NMPC tracking begins!
[INFO] [1789405478.214612589] [acados_nmpc_node]: [payload-health] healthy/fresh; model updates enabled
[INFO] [1789405478.391774438] [acados_nmpc_node]: [wcmd] raw=[+0.001,-0.014,+0.002] w=[+0.002,+0.027,+0.061] err=[-0.001,-0.041] scaled=[+0.001,-0.014] s=1.00
[INFO] [1789405478.591736770] [acados_nmpc_node]: [wcmd] raw=[-0.007,-0.029,+0.001] w=[+0.007,-0.028,+0.041] err=[-0.014,-0.000] scaled=[-0.007,-0.029] s=1.00
[INFO] [1789405478.791782047] [acados_nmpc_node]: [wcmd] raw=[-0.037,+0.094,-0.012] w=[-0.020,+0.051,+0.020] err=[-0.017,+0.043] scaled=[-0.037,+0.094] s=1.00
[INFO] [1789405478.991782998] [acados_nmpc_node]: [wcmd] raw=[-0.025,+0.116,-0.022] w=[-0.035,+0.143,+0.004] err=[+0.010,-0.027] scaled=[-0.025,+0.116] s=1.00
[INFO] [1789405479.063645699] [acados_nmpc_node]: t=0.8s | pos_err=0.032m | T=19.94N | tau=[r0.005 p-0.009 y-0.010]Nm | res_stat=7.335e-08(peak 8.878e-07) sqp_iter=3 | solve=1.5ms
[INFO] [1789405479.063879039] [acados_nmpc_node]: [flight-diag] t=0.8s | om_scale=1.000(lo 1.000 hi 1.000) | tilt_max=2.19deg | w_max=[r0.037 p0.146 y0.063]rad/s | u_frac=[T0.677 r0.026 p0.185 y0.084] | u_sat=[T0.0 r0.0 p0.0 y0.0]% | mot_peak=0.883 mot_sat=0.0% | health=1 age=0.000s conf=1.000 | n=18
[INFO] [1789405479.191753608] [acados_nmpc_node]: [wcmd] raw=[+0.002,+0.017,-0.025] w=[-0.006,+0.052,-0.009] err=[+0.008,-0.035] scaled=[+0.002,+0.017] s=1.00
[INFO] [1789405479.391708079] [acados_nmpc_node]: [wcmd] raw=[+0.005,-0.025,-0.021] w=[+0.007,-0.020,-0.017] err=[-0.002,-0.006] scaled=[+0.005,-0.025] s=1.00
[INFO] [1789405479.591710009] [acados_nmpc_node]: [wcmd] raw=[+0.006,-0.024,-0.014] w=[+0.002,-0.028,-0.018] err=[+0.004,+0.004] scaled=[+0.006,-0.024] s=1.00
[INFO] [1789405479.791752660] [acados_nmpc_node]: [wcmd] raw=[+0.022,-0.015,-0.003] w=[+0.016,-0.020,-0.015] err=[+0.005,+0.005] scaled=[+0.022,-0.015] s=1.00
[INFO] [1789405479.991795556] [acados_nmpc_node]: [wcmd] raw=[+0.015,-0.005,+0.007] w=[+0.022,-0.010,-0.007] err=[-0.008,+0.005] scaled=[+0.015,-0.005] s=1.00
[INFO] [1789405480.191788844] [acados_nmpc_node]: [wcmd] raw=[-0.015,-0.005,+0.009] w=[-0.005,-0.006,+0.001] err=[-0.010,+0.002] scaled=[-0.015,-0.005] s=1.00
[INFO] [1789405480.391765699] [acados_nmpc_node]: [wcmd] raw=[-0.010,+0.002,+0.007] w=[-0.017,-0.003,+0.008] err=[+0.007,+0.004] scaled=[-0.010,+0.002] s=1.00
[INFO] [1789405480.591699518] [acados_nmpc_node]: [wcmd] raw=[+0.001,+0.012,+0.003] w=[-0.002,+0.009,+0.009] err=[+0.003,+0.003] scaled=[+0.001,+0.012] s=1.00
[INFO] [1789405480.791738612] [acados_nmpc_node]: [wcmd] raw=[+0.001,+0.009,-0.001] w=[+0.001,+0.011,+0.007] err=[-0.000,-0.002] scaled=[+0.001,+0.009] s=1.00
[INFO] [1789405480.991695002] [acados_nmpc_node]: [wcmd] raw=[+0.002,-0.005,-0.003] w=[+0.002,-0.002,+0.003] err=[-0.000,-0.003] scaled=[+0.002,-0.005] s=1.00
[INFO] [1789405481.191704991] [acados_nmpc_node]: [wcmd] raw=[+0.000,-0.008,-0.004] w=[+0.001,-0.009,+0.000] err=[-0.001,+0.000] scaled=[+0.000,-0.008] s=1.00
[INFO] [1789405481.214236399] [acados_nmpc_node]: t=3.0s | DESCEND: settle done, lowering 1.5->0.55m, will enable gripper at bottom
[INFO] [1789405481.391780360] [acados_nmpc_node]: [wcmd] raw=[-0.005,-0.002,-0.004] w=[-0.003,-0.008,-0.002] err=[-0.002,+0.006] scaled=[-0.005,-0.002] s=1.00
[INFO] [1789405481.591631047] [acados_nmpc_node]: [wcmd] raw=[-0.007,+0.011,-0.003] w=[-0.009,+0.005,-0.003] err=[+0.002,+0.005] scaled=[-0.007,+0.011] s=1.00
[INFO] [1789405481.791770824] [acados_nmpc_node]: [wcmd] raw=[+0.005,+0.014,-0.002] w=[-0.001,+0.015,-0.002] err=[+0.007,-0.001] scaled=[+0.005,+0.014] s=1.00
[INFO] [1789405481.991797670] [acados_nmpc_node]: [wcmd] raw=[+0.012,+0.008,-0.001] w=[+0.010,+0.011,-0.002] err=[+0.002,-0.003] scaled=[+0.012,+0.008] s=1.00
[INFO] [1789405482.191700465] [acados_nmpc_node]: [wcmd] raw=[+0.014,+0.001,+0.000] w=[+0.014,+0.004,-0.001] err=[-0.000,-0.003] scaled=[+0.014,+0.001] s=1.00
[INFO] [1789405482.391759973] [acados_nmpc_node]: [wcmd] raw=[+0.003,-0.007,+0.001] w=[+0.010,-0.004,-0.001] err=[-0.008,-0.003] scaled=[+0.003,-0.007] s=1.00
[INFO] [1789405482.591728373] [acados_nmpc_node]: [wcmd] raw=[-0.014,-0.014,+0.002] w=[-0.009,-0.015,+0.001] err=[-0.005,+0.001] scaled=[-0.014,-0.014] s=1.00
[INFO] [1789405482.791705028] [acados_nmpc_node]: [wcmd] raw=[-0.006,-0.008,+0.002] w=[-0.013,-0.012,+0.001] err=[+0.007,+0.005] scaled=[-0.006,-0.008] s=1.00
[INFO] [1789405482.991696246] [acados_nmpc_node]: [wcmd] raw=[+0.006,+0.006,+0.000] w=[+0.004,+0.001,+0.002] err=[+0.002,+0.005] scaled=[+0.006,+0.006] s=1.00
[INFO] [1789405483.191814353] [acados_nmpc_node]: [wcmd] raw=[+0.006,+0.008,-0.001] w=[+0.007,+0.010,+0.001] err=[-0.001,-0.002] scaled=[+0.006,+0.008] s=1.00
[INFO] [1789405483.391721380] [acados_nmpc_node]: [wcmd] raw=[+0.009,+0.002,-0.002] w=[+0.010,+0.002,+0.001] err=[-0.001,-0.000] scaled=[+0.009,+0.002] s=1.03
[INFO] [1789405483.591747034] [acados_nmpc_node]: [wcmd] raw=[-0.003,-0.001,-0.002] w=[+0.004,+0.000,-0.001] err=[-0.007,-0.001] scaled=[-0.004,-0.001] s=1.09
[INFO] [1789405483.791715037] [acados_nmpc_node]: [wcmd] raw=[-0.015,-0.002,-0.001] w=[-0.013,-0.002,-0.001] err=[-0.002,+0.001] scaled=[-0.015,-0.002] s=1.15
[INFO] [1789405483.991715250] [acados_nmpc_node]: [wcmd] raw=[-0.004,+0.002,-0.001] w=[-0.011,+0.002,-0.002] err=[+0.007,+0.000] scaled=[-0.002,+0.002] s=1.21
[INFO] [1789405484.063299044] [acados_nmpc_node]: t=5.8s | pos_err=0.052m | T=20.32N | tau=[r0.003 p0.001 y0.000]Nm | res_stat=1.204e-07(peak 9.244e-07) sqp_iter=2 | solve=1.2ms
[INFO] [1789405484.063537138] [acados_nmpc_node]: [flight-diag] t=5.8s | om_scale=1.229(lo 1.000 hi 1.229) | tilt_max=0.73deg | w_max=[r0.024 p0.087 y0.019]rad/s | u_frac=[T0.701 r0.010 p0.020 y0.040] | u_sat=[T0.0 r0.0 p0.0 y0.0]% | mot_peak=0.802 mot_sat=0.0% | health=1 age=0.000s conf=0.657 | n=100
[INFO] [1789405484.191721548] [acados_nmpc_node]: [wcmd] raw=[+0.004,+0.005,-0.000] w=[+0.002,+0.006,-0.001] err=[+0.002,-0.001] scaled=[+0.005,+0.005] s=1.26
[INFO] [1789405484.391726583] [acados_nmpc_node]: [wcmd] raw=[+0.003,-0.004,-0.000] w=[+0.002,-0.004,-0.001] err=[+0.001,+0.000] scaled=[+0.003,-0.003] s=1.27
[INFO] [1789405484.591707905] [acados_nmpc_node]: [wcmd] raw=[+0.005,-0.006,-0.001] w=[+0.006,-0.007,-0.000] err=[-0.001,+0.001] scaled=[+0.004,-0.006] s=1.25
[INFO] [1789405484.791732023] [acados_nmpc_node]: [wcmd] raw=[-0.005,-0.004,-0.001] w=[-0.002,-0.007,-0.001] err=[-0.004,+0.002] scaled=[-0.006,-0.004] s=1.22
[INFO] [1789405484.991805769] [acados_nmpc_node]: [wcmd] raw=[-0.011,+0.002,-0.001] w=[-0.012,-0.002,-0.001] err=[+0.001,+0.004] scaled=[-0.011,+0.003] s=1.17
[INFO] [1789405485.161554814] [acados_nmpc_node]: t=6.9s | DESCEND done at z=0.570m (target 0.550m, z_err=0.020m, v=0.04m/s), gripper ENABLED (attach will trigger now)
[INFO] [1789405485.161754991] [acados_nmpc_node]: ATTACH J bootstrap armed: m_p,envelope=0.300kg, dJxx=dJyy=0.0579kg m^2, Jxx=0.0721, Jyy=0.0721; m/s_xy remain MHE-only
[INFO] [1789405485.161902230] [acados_nmpc_node]: t=6.9s | ATTACH command issued; m/s remain on continuous MHE estimates, J safety bootstrap active (no attach notification subscription)
[INFO] [1789405485.163963711] [acados_nmpc_node]: [attach-window] t=6.95s pos_err=0.021m T=20.32N z=0.570 m_est=2.066
[INFO] [1789405485.191781829] [acados_nmpc_node]: [wcmd] raw=[-0.006,+0.007,-0.000] w=[-0.010,+0.007,-0.001] err=[+0.005,+0.000] scaled=[-0.005,+0.007] s=1.13
[INFO] [1789405485.216335976] [acados_nmpc_node]: [attach-window] t=7.00s pos_err=0.019m T=20.33N z=0.567 m_est=2.065
[INFO] [1789405485.263259574] [acados_nmpc_node]: [attach-window] t=7.05s pos_err=0.018m T=20.33N z=0.566 m_est=2.065
[INFO] [1789405485.316377959] [acados_nmpc_node]: [attach-window] t=7.10s pos_err=0.017m T=20.15N z=0.565 m_est=2.065
[INFO] [1789405485.363295523] [acados_nmpc_node]: [attach-window] t=7.15s pos_err=0.017m T=20.15N z=0.565 m_est=2.065
[INFO] [1789405485.391687928] [acados_nmpc_node]: [wcmd] raw=[+0.013,+0.005,+0.000] w=[-0.000,-0.001,-0.001] err=[+0.013,+0.006] scaled=[+0.018,+0.008] s=1.43
[INFO] [1789405485.417145747] [acados_nmpc_node]: [attach-window] t=7.20s pos_err=0.017m T=20.14N z=0.566 m_est=2.065
[INFO] [1789405485.463432882] [acados_nmpc_node]: [attach-window] t=7.25s pos_err=0.017m T=20.13N z=0.566 m_est=2.065
[INFO] [1789405485.516419901] [acados_nmpc_node]: [attach-window] t=7.30s pos_err=0.017m T=20.12N z=0.566 m_est=2.065
[INFO] [1789405485.563347738] [acados_nmpc_node]: [attach-window] t=7.35s pos_err=0.017m T=20.11N z=0.567 m_est=2.065
[INFO] [1789405485.591762528] [acados_nmpc_node]: [wcmd] raw=[+0.022,+0.010,+0.000] w=[-0.000,-0.000,+0.000] err=[+0.022,+0.010] scaled=[+0.043,+0.019] s=1.99
[INFO] [1789405485.616552146] [acados_nmpc_node]: [attach-window] t=7.40s pos_err=0.017m T=20.10N z=0.567 m_est=2.065
[INFO] [1789405485.663610085] [acados_nmpc_node]: [attach-window] t=7.45s pos_err=0.017m T=20.09N z=0.567 m_est=2.064
[INFO] [1789405485.716500163] [acados_nmpc_node]: [attach-window] t=7.50s pos_err=0.017m T=20.09N z=0.567 m_est=2.064
[INFO] [1789405485.763572475] [acados_nmpc_node]: [attach-window] t=7.55s pos_err=0.018m T=20.09N z=0.567 m_est=2.064
[INFO] [1789405485.791790380] [acados_nmpc_node]: [wcmd] raw=[+0.028,+0.012,+0.000] w=[+0.001,+0.000,+0.001] err=[+0.028,+0.012] scaled=[+0.076,+0.033] s=2.72
[INFO] [1789405485.816670286] [acados_nmpc_node]: [attach-window] t=7.60s pos_err=0.018m T=20.09N z=0.567 m_est=2.064
[INFO] [1789405485.863769669] [acados_nmpc_node]: [attach-window] t=7.65s pos_err=0.017m T=20.10N z=0.567 m_est=2.064
[INFO] [1789405485.916882251] [acados_nmpc_node]: [attach-window] t=7.70s pos_err=0.017m T=20.10N z=0.567 m_est=2.064
[INFO] [1789405485.963522128] [acados_nmpc_node]: [attach-window] t=7.75s pos_err=0.017m T=20.11N z=0.566 m_est=2.064
[INFO] [1789405485.991692137] [acados_nmpc_node]: [wcmd] raw=[+0.027,+0.009,+0.000] w=[+0.000,+0.001,+0.000] err=[+0.027,+0.009] scaled=[+0.091,+0.030] s=3.38
[INFO] [1789405486.014908507] [acados_nmpc_node]: [attach-window] t=7.80s pos_err=0.016m T=20.13N z=0.566 m_est=2.064
[INFO] [1789405486.062976379] [acados_nmpc_node]: [attach-window] t=7.85s pos_err=0.016m T=20.15N z=0.565 m_est=2.064
[INFO] [1789405486.116436372] [acados_nmpc_node]: [attach-window] t=7.90s pos_err=0.015m T=20.17N z=0.564 m_est=2.064
[INFO] [1789405486.163549495] [acados_nmpc_node]: [attach-window] t=7.95s pos_err=0.015m T=20.18N z=0.564 m_est=2.064
[INFO] [1789405486.191824159] [acados_nmpc_node]: [wcmd] raw=[+0.028,+0.002,+0.001] w=[+0.000,-0.000,-0.000] err=[+0.028,+0.002] scaled=[+0.109,+0.008] s=3.90
[INFO] [1789405486.216763097] [acados_nmpc_node]: [attach-window] t=8.00s pos_err=0.014m T=20.20N z=0.563 m_est=2.064
[INFO] [1789405486.263591170] [acados_nmpc_node]: [attach-window] t=8.05s pos_err=0.014m T=20.20N z=0.563 m_est=2.064
[INFO] [1789405486.316554641] [acados_nmpc_node]: [attach-window] t=8.10s pos_err=0.014m T=20.22N z=0.562 m_est=2.064
[INFO] [1789405486.363545403] [acados_nmpc_node]: [attach-window] t=8.15s pos_err=0.014m T=20.22N z=0.562 m_est=2.064
[INFO] [1789405486.391772264] [acados_nmpc_node]: [wcmd] raw=[+0.027,-0.007,+0.001] w=[-0.000,+0.001,-0.000] err=[+0.028,-0.008] scaled=[+0.117,-0.035] s=4.26
[INFO] [1789405486.416472525] [acados_nmpc_node]: [attach-window] t=8.20s pos_err=0.015m T=20.24N z=0.562 m_est=2.064
[INFO] [1789405486.463548569] [acados_nmpc_node]: [attach-window] t=8.25s pos_err=0.015m T=20.24N z=0.561 m_est=2.064
[INFO] [1789405486.516628250] [acados_nmpc_node]: [attach-window] t=8.30s pos_err=0.015m T=20.25N z=0.561 m_est=2.064
[INFO] [1789405486.563630201] [acados_nmpc_node]: [attach-window] t=8.35s pos_err=0.015m T=20.26N z=0.561 m_est=2.064
[INFO] [1789405486.591734279] [acados_nmpc_node]: [wcmd] raw=[+0.026,-0.018,+0.001] w=[-0.001,+0.000,-0.001] err=[+0.027,-0.018] scaled=[+0.121,-0.081] s=4.51
[INFO] [1789405486.616798680] [acados_nmpc_node]: [attach-window] t=8.40s pos_err=0.016m T=20.26N z=0.560 m_est=2.064
[INFO] [1789405486.663524501] [acados_nmpc_node]: [attach-window] t=8.45s pos_err=0.016m T=20.26N z=0.560 m_est=2.064
[INFO] [1789405486.716569144] [acados_nmpc_node]: [attach-window] t=8.50s pos_err=0.016m T=20.27N z=0.560 m_est=2.064
[INFO] [1789405486.763978814] [acados_nmpc_node]: [attach-window] t=8.55s pos_err=0.016m T=20.27N z=0.560 m_est=2.064
[INFO] [1789405486.791790017] [acados_nmpc_node]: [wcmd] raw=[+0.030,-0.021,+0.001] w=[+0.000,-0.000,-0.000] err=[+0.030,-0.021] scaled=[+0.139,-0.098] s=4.67
[INFO] [1789405486.816883786] [acados_nmpc_node]: [attach-window] t=8.60s pos_err=0.016m T=20.26N z=0.561 m_est=2.064
[INFO] [1789405486.863680415] [acados_nmpc_node]: [attach-window] t=8.65s pos_err=0.016m T=20.25N z=0.561 m_est=2.064
[INFO] [1789405486.916570617] [acados_nmpc_node]: [attach-window] t=8.70s pos_err=0.017m T=20.24N z=0.561 m_est=2.064
[INFO] [1789405486.963505837] [acados_nmpc_node]: [attach-window] t=8.75s pos_err=0.017m T=20.24N z=0.561 m_est=2.064
[INFO] [1789405486.991750250] [acados_nmpc_node]: [wcmd] raw=[+0.042,-0.017,+0.001] w=[-0.000,-0.001,-0.000] err=[+0.042,-0.017] scaled=[+0.201,-0.080] s=4.78
[INFO] [1789405487.016590218] [acados_nmpc_node]: [attach-window] t=8.80s pos_err=0.018m T=20.24N z=0.561 m_est=2.064
[INFO] [1789405487.063622134] [acados_nmpc_node]: [attach-window] t=8.85s pos_err=0.018m T=20.24N z=0.561 m_est=2.064
[INFO] [1789405487.116644954] [acados_nmpc_node]: [attach-window] t=8.90s pos_err=0.019m T=20.24N z=0.561 m_est=2.064
[INFO] [1789405487.163518298] [acados_nmpc_node]: [attach-window] t=8.95s pos_err=0.019m T=20.24N z=0.561 m_est=2.064
[INFO] [1789405487.191674195] [acados_nmpc_node]: [wcmd] raw=[+0.049,-0.023,+0.002] w=[+0.002,+0.000,-0.001] err=[+0.048,-0.023] scaled=[+0.233,-0.112] s=4.85
[INFO] [1789405487.216689294] [acados_nmpc_node]: [attach-window] t=9.00s pos_err=0.020m T=20.25N z=0.561 m_est=2.064
[INFO] [1789405487.263534269] [acados_nmpc_node]: [attach-window] t=9.05s pos_err=0.021m T=20.25N z=0.561 m_est=2.064
[INFO] [1789405487.316772577] [acados_nmpc_node]: [attach-window] t=9.10s pos_err=0.021m T=20.25N z=0.560 m_est=2.064
[INFO] [1789405487.363568850] [acados_nmpc_node]: [attach-window] t=9.15s pos_err=0.022m T=20.25N z=0.560 m_est=2.064
[INFO] [1789405487.391758692] [acados_nmpc_node]: [wcmd] raw=[+0.040,-0.029,+0.002] w=[+0.010,+0.000,+0.005] err=[+0.031,-0.029] scaled=[+0.160,-0.140] s=4.90
[INFO] [1789405487.416881623] [acados_nmpc_node]: [attach-window] t=9.20s pos_err=0.022m T=20.25N z=0.560 m_est=2.064
[INFO] [1789405487.463640498] [acados_nmpc_node]: [attach-window] t=9.25s pos_err=0.022m T=20.25N z=0.560 m_est=2.064
[INFO] [1789405487.516669721] [acados_nmpc_node]: [attach-window] t=9.30s pos_err=0.022m T=20.24N z=0.561 m_est=2.064
[INFO] [1789405487.563626520] [acados_nmpc_node]: [attach-window] t=9.35s pos_err=0.023m T=20.23N z=0.561 m_est=2.064
[INFO] [1789405487.591770209] [acados_nmpc_node]: [wcmd] raw=[+0.007,-0.024,-0.001] w=[+0.018,-0.004,+0.013] err=[-0.011,-0.021] scaled=[-0.035,-0.106] s=4.93
[INFO] [1789405487.616740898] [acados_nmpc_node]: [attach-window] t=9.40s pos_err=0.023m T=20.22N z=0.561 m_est=2.064
[INFO] [1789405487.663590076] [acados_nmpc_node]: [attach-window] t=9.45s pos_err=0.023m T=20.21N z=0.562 m_est=2.064
[INFO] [1789405487.716984600] [acados_nmpc_node]: [attach-window] t=9.50s pos_err=0.023m T=20.19N z=0.563 m_est=2.064
[INFO] [1789405487.763857107] [acados_nmpc_node]: [attach-window] t=9.55s pos_err=0.023m T=20.18N z=0.563 m_est=2.064
[INFO] [1789405487.791837724] [acados_nmpc_node]: [wcmd] raw=[-0.034,-0.014,-0.004] w=[+0.018,-0.015,-0.016] err=[-0.051,+0.002] scaled=[-0.237,-0.007] s=4.96
[INFO] [1789405487.817172532] [acados_nmpc_node]: [attach-window] t=9.60s pos_err=0.023m T=20.16N z=0.564 m_est=2.064
[INFO] [1789405487.863979183] [acados_nmpc_node]: [attach-window] t=9.65s pos_err=0.023m T=20.15N z=0.564 m_est=2.064
[INFO] [1789405487.917485941] [acados_nmpc_node]: [attach-window] t=9.70s pos_err=0.024m T=20.15N z=0.565 m_est=2.064
[INFO] [1789405487.964089967] [acados_nmpc_node]: [attach-window] t=9.75s pos_err=0.024m T=20.15N z=0.565 m_est=2.064
[INFO] [1789405487.991756297] [acados_nmpc_node]: [wcmd] raw=[-0.063,+0.001,+0.006] w=[+0.007,-0.014,-0.030] err=[-0.069,+0.015] scaled=[-0.339,+0.061] s=4.97
[INFO] [1789405488.017314791] [acados_nmpc_node]: [attach-window] t=9.80s pos_err=0.024m T=20.16N z=0.565 m_est=2.064
[INFO] [1789405488.064152215] [acados_nmpc_node]: [attach-window] t=9.85s pos_err=0.025m T=20.16N z=0.565 m_est=2.064
[INFO] [1789405488.117106509] [acados_nmpc_node]: [attach-window] t=9.90s pos_err=0.025m T=20.16N z=0.566 m_est=2.064
[INFO] [1789405488.161614679] [acados_nmpc_node]: t=9.9s | LIFT: raising hover 0.55->6.0m to lift payload
[INFO] [1789405488.164110950] [acados_nmpc_node]: [attach-window] t=9.95s pos_err=0.025m T=20.16N z=0.566 m_est=2.064
[INFO] [1789405488.191784518] [acados_nmpc_node]: [wcmd] raw=[-0.060,+0.011,+0.019] w=[-0.006,-0.009,-0.018] err=[-0.054,+0.020] scaled=[-0.274,+0.093] s=4.98
[INFO] [1789405488.216833446] [acados_nmpc_node]: [attach-window] t=10.00s pos_err=0.025m T=20.16N z=0.567 m_est=2.064
[INFO] [1789405488.263665832] [acados_nmpc_node]: [attach-window] t=10.05s pos_err=0.025m T=20.16N z=0.567 m_est=2.064
[INFO] [1789405488.316745203] [acados_nmpc_node]: [attach-window] t=10.10s pos_err=0.025m T=20.16N z=0.568 m_est=2.064
[INFO] [1789405488.363563329] [acados_nmpc_node]: [attach-window] t=10.15s pos_err=0.025m T=20.16N z=0.568 m_est=2.064
[INFO] [1789405488.391760473] [acados_nmpc_node]: [wcmd] raw=[-0.023,+0.017,+0.023] w=[-0.013,+0.004,+0.032] err=[-0.009,+0.013] scaled=[-0.060,+0.069] s=4.99
[INFO] [1789405488.416874466] [acados_nmpc_node]: [attach-window] t=10.20s pos_err=0.025m T=20.16N z=0.569 m_est=2.064
[INFO] [1789405488.463370090] [acados_nmpc_node]: [attach-window] t=10.25s pos_err=0.024m T=20.18N z=0.569 m_est=2.064
[INFO] [1789405488.516721566] [acados_nmpc_node]: [attach-window] t=10.30s pos_err=0.024m T=20.19N z=0.569 m_est=2.064
[INFO] [1789405488.563595184] [acados_nmpc_node]: [attach-window] t=10.35s pos_err=0.022m T=20.22N z=0.570 m_est=2.064
[INFO] [1789405488.591712014] [acados_nmpc_node]: [wcmd] raw=[+0.018,+0.008,+0.001] w=[-0.012,+0.014,+0.080] err=[+0.030,-0.006] scaled=[+0.138,-0.016] s=4.99
[INFO] [1789405488.616904945] [acados_nmpc_node]: [attach-window] t=10.40s pos_err=0.021m T=20.26N z=0.570 m_est=2.064
[INFO] [1789405488.663666447] [acados_nmpc_node]: [attach-window] t=10.45s pos_err=0.020m T=20.30N z=0.570 m_est=2.064
[INFO] [1789405488.716825510] [acados_nmpc_node]: [attach-window] t=10.50s pos_err=0.018m T=20.37N z=0.570 m_est=2.064
[INFO] [1789405488.763799158] [acados_nmpc_node]: [attach-window] t=10.55s pos_err=0.017m T=20.44N z=0.570 m_est=2.064
[INFO] [1789405488.791818827] [acados_nmpc_node]: [wcmd] raw=[+0.038,-0.000,-0.038] w=[-0.008,+0.012,+0.092] err=[+0.045,-0.013] scaled=[+0.219,-0.052] s=4.99
[INFO] [1789405488.817175800] [acados_nmpc_node]: [attach-window] t=10.60s pos_err=0.017m T=20.53N z=0.569 m_est=2.064
[INFO] [1789405488.863586732] [acados_nmpc_node]: [attach-window] t=10.65s pos_err=0.019m T=20.63N z=0.569 m_est=2.064
[INFO] [1789405488.917146608] [acados_nmpc_node]: [attach-window] t=10.70s pos_err=0.023m T=20.75N z=0.569 m_est=2.064
[INFO] [1789405488.963636051] [acados_nmpc_node]: [attach-window] t=10.75s pos_err=0.028m T=20.87N z=0.568 m_est=2.064
[INFO] [1789405488.991684937] [acados_nmpc_node]: [wcmd] raw=[+0.030,+0.000,-0.078] w=[+0.000,+0.005,+0.077] err=[+0.030,-0.005] scaled=[+0.148,-0.021] s=5.00
[INFO] [1789405489.016728331] [acados_nmpc_node]: [attach-window] t=10.80s pos_err=0.034m T=21.02N z=0.568 m_est=2.064
[INFO] [1789405489.063693057] [acados_nmpc_node]: [attach-window] t=10.85s pos_err=0.041m T=21.17N z=0.568 m_est=2.064
[INFO] [1789405489.064172841] [acados_nmpc_node]: t=10.8s | pos_err=0.041m | T=21.17N | tau=[r0.118 p-0.098 y-0.063]Nm | res_stat=6.371e-07(peak 9.799e-07) sqp_iter=3 | solve=1.6ms
[INFO] [1789405489.064374281] [acados_nmpc_node]: [flight-diag] t=10.8s | om_scale=4.996(lo 1.120 hi 4.996) | tilt_max=0.61deg | w_max=[r0.019 p0.016 y0.093]rad/s | u_frac=[T0.675 r0.385 p0.236 y0.316] | u_sat=[T0.0 r0.0 p0.0 y0.0]% | mot_peak=0.819 mot_sat=0.0% | health=1 age=0.000s conf=0.000 | n=100
[INFO] [1789405489.116846928] [acados_nmpc_node]: [attach-window] t=10.90s pos_err=0.051m T=21.35N z=0.568 m_est=2.064
[INFO] [1789405489.163632457] [acados_nmpc_node]: [attach-window] t=10.95s pos_err=0.060m T=21.53N z=0.568 m_est=2.064
[INFO] [1789405489.191701773] [acados_nmpc_node]: [wcmd] raw=[-0.009,+0.012,-0.110] w=[+0.014,-0.006,+0.044] err=[-0.023,+0.017] scaled=[-0.103,+0.080] s=5.00
[INFO] [1789405489.216957173] [acados_nmpc_node]: [attach-window] t=11.00s pos_err=0.071m T=21.74N z=0.568 m_est=2.064
[INFO] [1789405489.263702925] [acados_nmpc_node]: [attach-window] t=11.05s pos_err=0.082m T=21.94N z=0.569 m_est=2.064
[INFO] [1789405489.317245238] [acados_nmpc_node]: [attach-window] t=11.10s pos_err=0.095m T=22.19N z=0.569 m_est=2.064
[INFO] [1789405489.363821552] [acados_nmpc_node]: [attach-window] t=11.15s pos_err=0.108m T=22.43N z=0.569 m_est=2.064
[INFO] [1789405489.391737027] [acados_nmpc_node]: [wcmd] raw=[-0.079,+0.033,-0.127] w=[+0.026,-0.012,+0.012] err=[-0.104,+0.045] scaled=[-0.496,+0.212] s=5.00
[INFO] [1789405489.417253767] [acados_nmpc_node]: [attach-window] t=11.20s pos_err=0.125m T=22.72N z=0.569 m_est=2.064
[INFO] [1789405489.463910765] [acados_nmpc_node]: [attach-window] t=11.25s pos_err=0.140m T=22.99N z=0.569 m_est=2.064
[INFO] [1789405489.515388607] [acados_nmpc_node]: [attach-window] t=11.30s pos_err=0.157m T=23.19N z=0.569 m_est=2.064
[INFO] [1789405489.563924863] [acados_nmpc_node]: [attach-window] t=11.35s pos_err=0.174m T=23.38N z=0.570 m_est=2.064
[INFO] [1789405489.591772371] [acados_nmpc_node]: [wcmd] raw=[-0.132,+0.020,-0.123] w=[-0.066,+0.013,-0.083] err=[-0.066,+0.006] scaled=[-0.396,+0.045] s=5.00
[INFO] [1789405489.616922387] [acados_nmpc_node]: [attach-window] t=11.40s pos_err=0.192m T=23.47N z=0.572 m_est=2.064
[INFO] [1789405489.663757328] [acados_nmpc_node]: [attach-window] t=11.45s pos_err=0.209m T=23.65N z=0.574 m_est=2.064
[INFO] [1789405489.717066094] [acados_nmpc_node]: [attach-window] t=11.50s pos_err=0.227m T=23.66N z=0.580 m_est=2.064
[INFO] [1789405489.763894672] [acados_nmpc_node]: [attach-window] t=11.55s pos_err=0.244m T=23.76N z=0.584 m_est=2.064
[INFO] [1789405489.791697036] [acados_nmpc_node]: [wcmd] raw=[-0.064,+0.019,-0.078] w=[-0.012,+0.034,-0.125] err=[-0.052,-0.015] scaled=[-0.274,-0.042] s=5.00
[INFO] [1789405489.817229335] [acados_nmpc_node]: [attach-window] t=11.60s pos_err=0.260m T=23.69N z=0.594 m_est=2.064
[INFO] [1789405489.863767513] [acados_nmpc_node]: [attach-window] t=11.65s pos_err=0.278m T=23.84N z=0.599 m_est=2.064
[INFO] [1789405489.917186661] [acados_nmpc_node]: [attach-window] t=11.70s pos_err=0.291m T=23.66N z=0.614 m_est=2.064
[INFO] [1789405489.963829348] [acados_nmpc_node]: [attach-window] t=11.75s pos_err=0.308m T=23.79N z=0.622 m_est=2.064
[INFO] [1789405489.991717216] [acados_nmpc_node]: [wcmd] raw=[-0.042,+0.027,-0.015] w=[-0.017,-0.004,-0.135] err=[-0.025,+0.031] scaled=[-0.141,+0.150] s=5.00
[INFO] [1789405490.017000865] [acados_nmpc_node]: [attach-window] t=11.80s pos_err=0.321m T=23.65N z=0.639 m_est=2.064
[INFO] [1789405490.063836965] [acados_nmpc_node]: [attach-window] t=11.85s pos_err=0.339m T=23.80N z=0.648 m_est=2.064
[INFO] [1789405490.117043634] [acados_nmpc_node]: [attach-window] t=11.90s pos_err=0.347m T=23.53N z=0.672 m_est=2.064
[INFO] [1789405490.163829131] [acados_nmpc_node]: [attach-window] t=11.95s pos_err=0.368m T=23.78N z=0.681 m_est=2.064
[INFO] [1789405490.191737906] [acados_nmpc_node]: [wcmd] raw=[-0.018,+0.001,+0.039] w=[+0.026,-0.041,-0.104] err=[-0.044,+0.042] scaled=[-0.194,+0.167] s=5.00
[INFO] [1789405490.217049774] [acados_nmpc_node]: [attach-window] t=12.00s pos_err=0.375m T=23.51N z=0.709 m_est=2.064
[INFO] [1789405490.263807086] [acados_nmpc_node]: [attach-window] t=12.05s pos_err=0.393m T=23.68N z=0.722 m_est=2.064
[INFO] [1789405490.317170394] [acados_nmpc_node]: [attach-window] t=12.10s pos_err=0.402m T=23.52N z=0.750 m_est=2.064
[INFO] [1789405490.363839289] [acados_nmpc_node]: [attach-window] t=12.15s pos_err=0.421m T=23.70N z=0.764 m_est=2.064
[INFO] [1789405490.391767447] [acados_nmpc_node]: [wcmd] raw=[-0.011,-0.013,+0.076] w=[+0.001,+0.039,-0.026] err=[-0.012,-0.052] scaled=[-0.060,-0.220] s=5.00
[INFO] [1789405490.417198241] [acados_nmpc_node]: [attach-window] t=12.20s pos_err=0.426m T=23.41N z=0.799 m_est=2.064
[INFO] [1789405490.463706180] [acados_nmpc_node]: [attach-window] t=12.25s pos_err=0.445m T=23.60N z=0.815 m_est=2.064
[INFO] [1789405490.517379841] [acados_nmpc_node]: [attach-window] t=12.30s pos_err=0.453m T=23.43N z=0.849 m_est=2.064
[INFO] [1789405490.564145798] [acados_nmpc_node]: [attach-window] t=12.35s pos_err=0.473m T=23.65N z=0.866 m_est=2.064
[INFO] [1789405490.591730196] [acados_nmpc_node]: [wcmd] raw=[-0.007,+0.033,+0.089] w=[+0.019,+0.075,+0.039] err=[-0.026,-0.043] scaled=[-0.110,-0.138] s=5.00
[INFO] [1789405490.617187788] [acados_nmpc_node]: [attach-window] t=12.40s pos_err=0.476m T=23.37N z=0.907 m_est=2.064
[INFO] [1789405490.663848025] [acados_nmpc_node]: [attach-window] t=12.45s pos_err=0.496m T=23.58N z=0.926 m_est=2.064
[INFO] [1789405490.717187531] [acados_nmpc_node]: [attach-window] t=12.50s pos_err=0.503m T=23.39N z=0.966 m_est=2.064
[INFO] [1789405490.763894452] [acados_nmpc_node]: [attach-window] t=12.55s pos_err=0.523m T=23.61N z=0.986 m_est=2.064
[INFO] [1789405490.791799297] [acados_nmpc_node]: [wcmd] raw=[-0.004,+0.020,+0.075] w=[+0.008,-0.111,+0.009] err=[-0.012,+0.130] scaled=[-0.053,+0.541] s=5.00
[INFO] [1789405490.817349325] [acados_nmpc_node]: [attach-window] t=12.60s pos_err=0.522m T=23.23N z=1.035 m_est=2.068
[INFO] [1789405490.863790570] [acados_nmpc_node]: [attach-window] t=12.65s pos_err=0.543m T=23.49N z=1.057 m_est=2.071
[INFO] [1789405490.917336503] [acados_nmpc_node]: [attach-window] t=12.70s pos_err=0.546m T=23.37N z=1.103 m_est=2.083
[INFO] [1789405490.963833773] [acados_nmpc_node]: [attach-window] t=12.75s pos_err=0.567m T=23.70N z=1.127 m_est=2.093
[INFO] [1789405490.991726678] [acados_nmpc_node]: [wcmd] raw=[-0.008,-0.073,+0.054] w=[+0.005,-0.102,+0.021] err=[-0.014,+0.029] scaled=[-0.063,+0.044] s=5.00
[INFO] [1789405491.017367651] [acados_nmpc_node]: [attach-window] t=12.80s pos_err=0.564m T=23.42N z=1.182 m_est=2.109
[INFO] [1789405491.064068914] [acados_nmpc_node]: [attach-window] t=12.85s pos_err=0.584m T=23.70N z=1.208 m_est=2.121
[INFO] [1789405491.117175334] [acados_nmpc_node]: [attach-window] t=12.90s pos_err=0.585m T=23.40N z=1.261 m_est=2.136
[INFO] [1789405491.163804095] [acados_nmpc_node]: [attach-window] t=12.95s pos_err=0.605m T=23.67N z=1.288 m_est=2.148
[INFO] [1789405491.191675745] [acados_nmpc_node]: [wcmd] raw=[-0.012,-0.025,+0.042] w=[+0.001,+0.238,+0.126] err=[-0.013,-0.262] scaled=[-0.063,-1.074] s=5.00
[INFO] [1789405491.217187905] [acados_nmpc_node]: [attach-window] t=13.00s pos_err=0.595m T=23.04N z=1.353 m_est=2.161
[INFO] [1789405491.263849104] [acados_nmpc_node]: [attach-window] t=13.05s pos_err=0.614m T=23.31N z=1.383 m_est=2.173
[INFO] [1789405491.317936679] [acados_nmpc_node]: [attach-window] t=13.10s pos_err=0.609m T=22.96N z=1.444 m_est=2.183
[INFO] [1789405491.361543632] [acados_nmpc_node]: ATTACH J bootstrap handoff: persistent MHE payload evidence, blending floor 0.0579 -> MHE dJ 0.0326kg m^2 over 0.50s
[INFO] [1789405491.364511931] [acados_nmpc_node]: [attach-window] t=13.15s pos_err=0.628m T=23.17N z=1.476 m_est=2.192
[INFO] [1789405491.391694193] [acados_nmpc_node]: [wcmd] raw=[-0.005,+0.128,+0.023] w=[-0.003,+0.049,+0.056] err=[-0.002,+0.078] scaled=[-0.012,+0.441] s=5.00
[INFO] [1789405491.417487726] [acados_nmpc_node]: [attach-window] t=13.20s pos_err=0.612m T=22.48N z=1.550 m_est=2.199
[INFO] [1789405491.464394721] [acados_nmpc_node]: [attach-window] t=13.25s pos_err=0.629m T=22.64N z=1.584 m_est=2.204
[INFO] [1789405491.517157396] [acados_nmpc_node]: [attach-window] t=13.30s pos_err=0.619m T=22.01N z=1.654 m_est=2.209
[INFO] [1789405491.563823032] [acados_nmpc_node]: [attach-window] t=13.35s pos_err=0.636m T=22.22N z=1.689 m_est=2.213
[INFO] [1789405491.591694407] [acados_nmpc_node]: [wcmd] raw=[-0.001,+0.015,-0.011] w=[-0.003,-0.356,-0.099] err=[+0.002,+0.370] scaled=[+0.008,+1.474] s=4.94
[INFO] [1789405491.617496172] [acados_nmpc_node]: [attach-window] t=13.40s pos_err=0.616m T=21.61N z=1.770 m_est=2.216
[INFO] [1789405491.663967661] [acados_nmpc_node]: [attach-window] t=13.45s pos_err=0.633m T=21.89N z=1.807 m_est=2.219
[INFO] [1789405491.715724268] [acados_nmpc_node]: [attach-window] t=13.50s pos_err=0.620m T=21.73N z=1.879 m_est=2.221
[WARN] [1789405491.731732545] [acados_nmpc_node]: [omega_scale] body-rate headroom limited scale 4.80->4.74 (guard ±1.90, hard ±2.00rad/s)
[INFO] [1789405491.764217467] [acados_nmpc_node]: [attach-window] t=13.55s pos_err=0.640m T=22.04N z=1.915 m_est=2.222
[INFO] [1789405491.791731501] [acados_nmpc_node]: [wcmd] raw=[-0.006,-0.127,-0.012] w=[+0.003,+0.142,+0.034] err=[-0.009,-0.269] scaled=[-0.038,-1.127] s=4.72
[INFO] [1789405491.817266247] [acados_nmpc_node]: [attach-window] t=13.60s pos_err=0.621m T=21.53N z=1.996 m_est=2.223
[INFO] [1789405491.861615582] [acados_nmpc_node]: ATTACH J bootstrap released; NMPC J is now MHE-only
[INFO] [1789405491.864559736] [acados_nmpc_node]: [attach-window] t=13.65s pos_err=0.640m T=21.83N z=2.033 m_est=2.223
[INFO] [1789405491.917327038] [acados_nmpc_node]: [attach-window] t=13.70s pos_err=0.631m T=21.45N z=2.105 m_est=2.223
[INFO] [1789405491.963838245] [acados_nmpc_node]: [attach-window] t=13.75s pos_err=0.650m T=21.80N z=2.142 m_est=2.223
[INFO] [1789405491.991762019] [acados_nmpc_node]: [wcmd] raw=[-0.003,+0.098,+0.012] w=[+0.003,+0.374,+0.104] err=[-0.005,-0.276] scaled=[-0.021,-0.846] s=4.42
[INFO] [1789405492.017581511] [acados_nmpc_node]: [attach-window] t=13.80s pos_err=0.632m T=21.50N z=2.223 m_est=2.222
[INFO] [1789405492.064311534] [acados_nmpc_node]: [attach-window] t=13.85s pos_err=0.653m T=21.83N z=2.259 m_est=2.221
[INFO] [1789405492.117144265] [acados_nmpc_node]: [attach-window] t=13.90s pos_err=0.645m T=21.61N z=2.331 m_est=2.220
[INFO] [1789405492.164320291] [acados_nmpc_node]: [attach-window] t=13.95s pos_err=0.665m T=21.94N z=2.367 m_est=2.219
[INFO] [1789405492.191696441] [acados_nmpc_node]: [wcmd] raw=[-0.002,+0.029,-0.005] w=[-0.008,-0.418,-0.154] err=[+0.006,+0.448] scaled=[+0.016,+1.428] s=4.12
[INFO] [1789405492.217479853] [acados_nmpc_node]: [attach-window] t=14.00s pos_err=0.648m T=21.39N z=2.449 m_est=2.217
[INFO] [1789405492.263861323] [acados_nmpc_node]: [attach-window] t=14.05s pos_err=0.667m T=21.75N z=2.486 m_est=2.215
[INFO] [1789405492.317677829] [acados_nmpc_node]: [attach-window] t=14.10s pos_err=0.659m T=21.65N z=2.559 m_est=2.213
[INFO] [1789405492.364054044] [acados_nmpc_node]: [attach-window] t=14.15s pos_err=0.679m T=22.04N z=2.596 m_est=2.211
[INFO] [1789405492.391681751] [acados_nmpc_node]: [wcmd] raw=[-0.006,-0.188,+0.010] w=[-0.002,-0.008,-0.018] err=[-0.004,-0.180] scaled=[-0.017,-0.699] s=3.84
[INFO] [1789405492.417379480] [acados_nmpc_node]: [attach-window] t=14.20s pos_err=0.662m T=21.69N z=2.678 m_est=2.208
[INFO] [1789405492.464019095] [acados_nmpc_node]: [attach-window] t=14.25s pos_err=0.682m T=22.03N z=2.714 m_est=2.206
[INFO] [1789405492.517276366] [acados_nmpc_node]: [attach-window] t=14.30s pos_err=0.673m T=21.74N z=2.788 m_est=2.204
[INFO] [1789405492.563389673] [acados_nmpc_node]: [attach-window] t=14.35s pos_err=0.693m T=22.11N z=2.825 m_est=2.202
[INFO] [1789405492.591696470] [acados_nmpc_node]: [wcmd] raw=[+0.007,+0.112,+0.039] w=[-0.005,+0.267,+0.094] err=[+0.011,-0.155] scaled=[+0.036,-0.290] s=3.60
[INFO] [1789405492.617374552] [acados_nmpc_node]: [attach-window] t=14.40s pos_err=0.675m T=21.82N z=2.908 m_est=2.199
[INFO] [1789405492.663829616] [acados_nmpc_node]: [attach-window] t=14.45s pos_err=0.694m T=22.17N z=2.945 m_est=2.197
[INFO] [1789405492.717163758] [acados_nmpc_node]: [attach-window] t=14.50s pos_err=0.685m T=21.96N z=3.018 m_est=2.194
[INFO] [1789405492.763861865] [acados_nmpc_node]: [attach-window] t=14.55s pos_err=0.695m T=22.13N z=3.064 m_est=2.192
[INFO] [1789405492.791782787] [acados_nmpc_node]: [wcmd] raw=[+0.017,-0.007,+0.010] w=[+0.021,-0.291,-0.082] err=[-0.005,+0.283] scaled=[+0.005,+0.670] s=3.39
[INFO] [1789405492.817571740] [acados_nmpc_node]: [attach-window] t=14.60s pos_err=0.685m T=21.93N z=3.138 m_est=2.189
[INFO] [1789405492.863997644] [acados_nmpc_node]: [attach-window] t=14.65s pos_err=0.703m T=22.30N z=3.175 m_est=2.187
[INFO] [1789405492.917533318] [acados_nmpc_node]: [attach-window] t=14.70s pos_err=0.693m T=22.20N z=3.248 m_est=2.185
[INFO] [1789405492.964046757] [acados_nmpc_node]: [attach-window] t=14.75s pos_err=0.711m T=22.54N z=3.284 m_est=2.183
[INFO] [1789405492.991781046] [acados_nmpc_node]: [wcmd] raw=[-0.003,-0.024,+0.018] w=[+0.013,+0.208,+0.080] err=[-0.016,-0.232] scaled=[-0.038,-0.535] s=3.20
[INFO] [1789405493.017350024] [acados_nmpc_node]: [attach-window] t=14.80s pos_err=0.691m T=22.11N z=3.366 m_est=2.180
[INFO] [1789405493.063797178] [acados_nmpc_node]: [attach-window] t=14.85s pos_err=0.708m T=22.43N z=3.403 m_est=2.178
[INFO] [1789405493.117372803] [acados_nmpc_node]: [attach-window] t=14.90s pos_err=0.697m T=22.26N z=3.476 m_est=2.176
[INFO] [1789405493.163788380] [acados_nmpc_node]: [attach-window] t=14.95s pos_err=0.713m T=22.58N z=3.512 m_est=2.174
[INFO] [1789405493.191745908] [acados_nmpc_node]: [wcmd] raw=[-0.007,+0.061,+0.006] w=[-0.007,-0.072,-0.017] err=[-0.000,+0.133] scaled=[-0.008,+0.332] s=3.03
[INFO] [1789405493.217224362] [acados_nmpc_node]: [attach-window] t=15.00s pos_err=0.692m T=22.18N z=3.593 m_est=2.172
[INFO] [1789405493.264007546] [acados_nmpc_node]: [attach-window] t=15.05s pos_err=0.708m T=22.48N z=3.629 m_est=2.171
[INFO] [1789405493.317810131] [acados_nmpc_node]: [attach-window] t=15.10s pos_err=0.696m T=22.30N z=3.700 m_est=2.169
[INFO] [1789405493.363792351] [acados_nmpc_node]: [attach-window] t=15.15s pos_err=0.711m T=22.60N z=3.736 m_est=2.168
[INFO] [1789405493.391768823] [acados_nmpc_node]: [wcmd] raw=[-0.002,-0.048,+0.001] w=[-0.002,+0.030,+0.010] err=[-0.000,-0.079] scaled=[-0.003,-0.197] s=2.89
[INFO] [1789405493.417441651] [acados_nmpc_node]: [attach-window] t=15.20s pos_err=0.689m T=22.23N z=3.815 m_est=2.167
[INFO] [1789405493.463843743] [acados_nmpc_node]: [attach-window] t=15.25s pos_err=0.703m T=22.49N z=3.851 m_est=2.166
[INFO] [1789405493.517573127] [acados_nmpc_node]: [attach-window] t=15.30s pos_err=0.688m T=22.28N z=3.922 m_est=2.166
[INFO] [1789405493.563564435] [acados_nmpc_node]: [attach-window] t=15.35s pos_err=0.701m T=22.54N z=3.957 m_est=2.166
[INFO] [1789405493.591817130] [acados_nmpc_node]: [wcmd] raw=[-0.006,+0.005,+0.004] w=[+0.001,-0.030,-0.010] err=[-0.006,+0.036] scaled=[-0.017,+0.069] s=2.78
[INFO] [1789405493.616978536] [acados_nmpc_node]: [attach-window] t=15.40s pos_err=0.676m T=22.15N z=4.036 m_est=2.166
[INFO] [1789405493.663598084] [acados_nmpc_node]: [attach-window] t=15.45s pos_err=0.687m T=22.40N z=4.071 m_est=2.167
[INFO] [1789405493.717111467] [acados_nmpc_node]: [attach-window] t=15.50s pos_err=0.670m T=22.17N z=4.141 m_est=2.168
[INFO] [1789405493.763852354] [acados_nmpc_node]: [attach-window] t=15.55s pos_err=0.680m T=22.42N z=4.176 m_est=2.168
[INFO] [1789405493.791792469] [acados_nmpc_node]: [wcmd] raw=[-0.007,-0.029,+0.005] w=[-0.005,-0.018,-0.004] err=[-0.001,-0.012] scaled=[-0.009,-0.049] s=2.71
[INFO] [1789405493.817340614] [acados_nmpc_node]: [attach-window] t=15.60s pos_err=0.653m T=22.02N z=4.254 m_est=2.170
[INFO] [1789405493.863637022] [acados_nmpc_node]: [attach-window] t=15.65s pos_err=0.662m T=22.24N z=4.289 m_est=2.171
[INFO] [1789405493.917282033] [acados_nmpc_node]: [attach-window] t=15.70s pos_err=0.643m T=22.02N z=4.357 m_est=2.173
[INFO] [1789405493.963744890] [acados_nmpc_node]: [attach-window] t=15.75s pos_err=0.650m T=22.25N z=4.391 m_est=2.174
[INFO] [1789405493.991753825] [acados_nmpc_node]: [wcmd] raw=[-0.009,+0.011,+0.008] w=[-0.006,-0.003,+0.004] err=[-0.003,+0.014] scaled=[-0.013,+0.034] s=2.66
[INFO] [1789405494.015573236] [acados_nmpc_node]: [attach-window] t=15.80s pos_err=0.620m T=21.84N z=4.467 m_est=2.177
[INFO] [1789405494.063734201] [acados_nmpc_node]: [attach-window] t=15.85s pos_err=0.628m T=22.06N z=4.501 m_est=2.178
[INFO] [1789405494.064218794] [acados_nmpc_node]: t=15.8s | pos_err=0.628m | T=22.06N | tau=[r-0.148 p0.017 y-0.001]Nm | res_stat=7.709e-07(peak 9.799e-07) sqp_iter=3 | solve=1.7ms
[INFO] [1789405494.064428820] [acados_nmpc_node]: [flight-diag] t=15.8s | om_scale=2.657(lo 2.657 hi 5.000) | tilt_max=1.32deg | w_max=[r0.086 p0.496 y0.184]rad/s | u_frac=[T0.760 r0.355 p1.000 y0.332] | u_sat=[T0.0 r0.0 p6.0 y0.0]% | mot_peak=1.000 mot_sat=3.6% | health=1 age=0.000s conf=0.000 | n=100
[INFO] [1789405494.117350780] [acados_nmpc_node]: [attach-window] t=15.90s pos_err=0.607m T=21.86N z=4.567 m_est=2.180
[INFO] [1789405494.163528832] [acados_nmpc_node]: [attach-window] t=15.95s pos_err=0.604m T=21.94N z=4.607 m_est=2.182
[INFO] [1789405494.191676602] [acados_nmpc_node]: [wcmd] raw=[-0.007,+0.004,+0.004] w=[-0.010,+0.010,+0.007] err=[+0.003,-0.006] scaled=[-0.002,-0.005] s=2.66
[INFO] [1789405494.217158287] [acados_nmpc_node]: [attach-window] t=16.00s pos_err=0.583m T=21.74N z=4.671 m_est=2.184
[INFO] [1789405494.263713342] [acados_nmpc_node]: [attach-window] t=16.05s pos_err=0.588m T=21.95N z=4.703 m_est=2.186
[INFO] [1789405494.317574150] [acados_nmpc_node]: [attach-window] t=16.10s pos_err=0.559m T=21.65N z=4.773 m_est=2.188
[INFO] [1789405494.364007416] [acados_nmpc_node]: [attach-window] t=16.15s pos_err=0.570m T=21.96N z=4.796 m_est=2.189
[INFO] [1789405494.391789503] [acados_nmpc_node]: [wcmd] raw=[+0.003,+0.006,+0.002] w=[-0.000,+0.007,+0.004] err=[+0.004,-0.001] scaled=[+0.009,+0.004] s=2.69
[INFO] [1789405494.417722324] [acados_nmpc_node]: [attach-window] t=16.20s pos_err=0.541m T=21.65N z=4.864 m_est=2.191
[INFO] [1789405494.463874070] [acados_nmpc_node]: [attach-window] t=16.25s pos_err=0.543m T=21.81N z=4.893 m_est=2.193
[INFO] [1789405494.516037774] [acados_nmpc_node]: [attach-window] t=16.30s pos_err=0.520m T=21.62N z=4.952 m_est=2.195
[INFO] [1789405494.563947385] [acados_nmpc_node]: [attach-window] t=16.35s pos_err=0.522m T=21.78N z=4.980 m_est=2.196
[INFO] [1789405494.591833510] [acados_nmpc_node]: [wcmd] raw=[-0.002,-0.001,+0.000] w=[+0.003,-0.001,-0.002] err=[-0.006,-0.000] scaled=[-0.012,-0.002] s=2.75
[INFO] [1789405494.617569426] [acados_nmpc_node]: [attach-window] t=16.40s pos_err=0.493m T=21.51N z=5.043 m_est=2.198
[INFO] [1789405494.663747141] [acados_nmpc_node]: [attach-window] t=16.45s pos_err=0.493m T=21.65N z=5.071 m_est=2.200
[INFO] [1789405494.717249944] [acados_nmpc_node]: [attach-window] t=16.50s pos_err=0.471m T=21.51N z=5.124 m_est=2.202
[INFO] [1789405494.763560141] [acados_nmpc_node]: [attach-window] t=16.55s pos_err=0.471m T=21.65N z=5.151 m_est=2.203
[INFO] [1789405494.791758531] [acados_nmpc_node]: [wcmd] raw=[+0.001,+0.008,+0.001] w=[-0.003,+0.005,+0.000] err=[+0.003,+0.003] scaled=[+0.007,+0.013] s=2.82
[INFO] [1789405494.817648624] [acados_nmpc_node]: [attach-window] t=16.60s pos_err=0.442m T=21.42N z=5.208 m_est=2.205
[INFO] [1789405494.863705762] [acados_nmpc_node]: [attach-window] t=16.65s pos_err=0.441m T=21.55N z=5.233 m_est=2.207
[INFO] [1789405494.917445496] [acados_nmpc_node]: [attach-window] t=16.70s pos_err=0.420m T=21.44N z=5.281 m_est=2.208
[INFO] [1789405494.963636319] [acados_nmpc_node]: [attach-window] t=16.75s pos_err=0.418m T=21.56N z=5.305 m_est=2.210
[INFO] [1789405494.991707605] [acados_nmpc_node]: [wcmd] raw=[+0.006,-0.002,+0.002] w=[+0.005,+0.003,-0.001] err=[+0.001,-0.005] scaled=[+0.008,-0.012] s=2.89
[INFO] [1789405495.017218515] [acados_nmpc_node]: [attach-window] t=16.80s pos_err=0.391m T=21.38N z=5.356 m_est=2.211
[INFO] [1789405495.063765932] [acados_nmpc_node]: [attach-window] t=16.85s pos_err=0.389m T=21.50N z=5.378 m_est=2.213
[INFO] [1789405495.117541616] [acados_nmpc_node]: [attach-window] t=16.90s pos_err=0.363m T=21.34N z=5.426 m_est=2.215
[INFO] [1789405495.163268133] [acados_nmpc_node]: [attach-window] t=16.95s pos_err=0.365m T=21.51N z=5.442 m_est=2.217
[INFO] [1789405495.191815607] [acados_nmpc_node]: [wcmd] raw=[-0.001,-0.003,+0.003] w=[+0.004,-0.005,-0.003] err=[-0.005,+0.002] scaled=[-0.011,+0.001] s=2.97
[INFO] [1789405495.217375100] [acados_nmpc_node]: [attach-window] t=17.00s pos_err=0.339m T=21.37N z=5.487 m_est=2.218
[INFO] [1789405495.263551835] [acados_nmpc_node]: [attach-window] t=17.05s pos_err=0.336m T=21.45N z=5.507 m_est=2.220
[INFO] [1789405495.317644526] [acados_nmpc_node]: [attach-window] t=17.10s pos_err=0.315m T=21.37N z=5.544 m_est=2.221
[INFO] [1789405495.363628577] [acados_nmpc_node]: [attach-window] t=17.15s pos_err=0.311m T=21.44N z=5.563 m_est=2.223
[INFO] [1789405495.391756472] [acados_nmpc_node]: [wcmd] raw=[+0.004,-0.003,+0.004] w=[-0.001,-0.003,-0.001] err=[+0.006,+0.001] scaled=[+0.016,-0.001] s=3.06
[INFO] [1789405495.417381278] [acados_nmpc_node]: [attach-window] t=17.20s pos_err=0.286m T=21.30N z=5.602 m_est=2.224
[INFO] [1789405495.463588887] [acados_nmpc_node]: [attach-window] t=17.25s pos_err=0.281m T=21.37N z=5.619 m_est=2.225
[INFO] [1789405495.517691529] [acados_nmpc_node]: [attach-window] t=17.30s pos_err=0.262m T=21.32N z=5.652 m_est=2.226
[INFO] [1789405495.563732593] [acados_nmpc_node]: [attach-window] t=17.35s pos_err=0.257m T=21.39N z=5.667 m_est=2.228
[INFO] [1789405495.591786293] [acados_nmpc_node]: [wcmd] raw=[+0.006,+0.004,+0.005] w=[+0.008,+0.001,+0.002] err=[-0.002,+0.003] scaled=[+0.002,+0.009] s=3.14
[INFO] [1789405495.617234168] [acados_nmpc_node]: [attach-window] t=17.40s pos_err=0.235m T=21.31N z=5.700 m_est=2.229
[INFO] [1789405495.663596932] [acados_nmpc_node]: [attach-window] t=17.45s pos_err=0.230m T=21.37N z=5.714 m_est=2.230
[INFO] [1789405495.717293426] [acados_nmpc_node]: [attach-window] t=17.50s pos_err=0.213m T=21.34N z=5.740 m_est=2.231
[INFO] [1789405495.763480761] [acados_nmpc_node]: [attach-window] t=17.55s pos_err=0.207m T=21.40N z=5.753 m_est=2.232
[INFO] [1789405495.791759076] [acados_nmpc_node]: [wcmd] raw=[-0.006,+0.005,+0.003] w=[+0.002,+0.005,+0.004] err=[-0.008,-0.000] scaled=[-0.023,+0.004] s=3.21
[INFO] [1789405495.817429971] [acados_nmpc_node]: [attach-window] t=17.60s pos_err=0.187m T=21.35N z=5.780 m_est=2.233
[INFO] [1789405495.863332402] [acados_nmpc_node]: [attach-window] t=17.65s pos_err=0.182m T=21.38N z=5.791 m_est=2.234
[INFO] [1789405495.917228598] [acados_nmpc_node]: [attach-window] t=17.70s pos_err=0.166m T=21.37N z=5.813 m_est=2.235
[INFO] [1789405495.963379188] [acados_nmpc_node]: [attach-window] t=17.75s pos_err=0.158m T=21.40N z=5.825 m_est=2.236
[INFO] [1789405495.991761383] [acados_nmpc_node]: [wcmd] raw=[-0.005,+0.002,+0.002] w=[-0.009,+0.003,+0.001] err=[+0.004,-0.001] scaled=[+0.004,-0.000] s=3.27
[INFO] [1789405496.016929271] [acados_nmpc_node]: [attach-window] t=17.80s pos_err=0.143m T=21.41N z=5.844 m_est=2.237
[INFO] [1789405496.063343460] [acados_nmpc_node]: [attach-window] t=17.85s pos_err=0.138m T=21.46N z=5.852 m_est=2.239
[INFO] [1789405496.117431515] [acados_nmpc_node]: [attach-window] t=17.90s pos_err=0.125m T=21.48N z=5.868 m_est=2.240
[INFO] [1789405496.163649720] [acados_nmpc_node]: [attach-window] t=17.95s pos_err=0.120m T=21.52N z=5.875 m_est=2.241
[INFO] [1789405496.191764103] [acados_nmpc_node]: [wcmd] raw=[+0.006,-0.001,+0.002] w=[+0.002,-0.000,+0.001] err=[+0.004,-0.001] scaled=[+0.015,-0.003] s=3.34
[INFO] [1789405496.217292727] [acados_nmpc_node]: [attach-window] t=18.00s pos_err=0.107m T=21.54N z=5.890 m_est=2.242
[INFO] [1789405496.263545197] [acados_nmpc_node]: [attach-window] t=18.05s pos_err=0.102m T=21.58N z=5.896 m_est=2.243
[INFO] [1789405496.315591873] [acados_nmpc_node]: [attach-window] t=18.10s pos_err=0.092m T=21.61N z=5.908 m_est=2.244
[INFO] [1789405496.363260432] [acados_nmpc_node]: [attach-window] t=18.15s pos_err=0.088m T=21.63N z=5.913 m_est=2.245
[INFO] [1789405496.391768765] [acados_nmpc_node]: [wcmd] raw=[+0.004,-0.007,+0.002] w=[+0.009,-0.006,-0.001] err=[-0.005,-0.000] scaled=[-0.009,-0.008] s=3.40
[INFO] [1789405496.417445583] [acados_nmpc_node]: [attach-window] t=18.20s pos_err=0.078m T=21.66N z=5.924 m_est=2.246
[INFO] [1789405496.463452532] [acados_nmpc_node]: [attach-window] t=18.25s pos_err=0.074m T=21.68N z=5.928 m_est=2.247
[INFO] [1789405496.516955578] [acados_nmpc_node]: [attach-window] t=18.30s pos_err=0.066m T=21.71N z=5.937 m_est=2.248
[INFO] [1789405496.563402987] [acados_nmpc_node]: [attach-window] t=18.35s pos_err=0.062m T=21.73N z=5.941 m_est=2.249
[INFO] [1789405496.591690820] [acados_nmpc_node]: [wcmd] raw=[-0.006,-0.006,+0.003] w=[-0.002,-0.008,-0.000] err=[-0.004,+0.003] scaled=[-0.015,+0.001] s=3.46
[INFO] [1789405496.617044798] [acados_nmpc_node]: [attach-window] t=18.40s pos_err=0.055m T=21.76N z=5.949 m_est=2.250
[INFO] [1789405496.663407724] [acados_nmpc_node]: [attach-window] t=18.45s pos_err=0.052m T=21.78N z=5.952 m_est=2.251
[INFO] [1789405496.717024523] [acados_nmpc_node]: [attach-window] t=18.50s pos_err=0.046m T=21.82N z=5.958 m_est=2.252
[INFO] [1789405496.763286927] [acados_nmpc_node]: [attach-window] t=18.55s pos_err=0.044m T=21.84N z=5.961 m_est=2.253
[INFO] [1789405496.791684469] [acados_nmpc_node]: [wcmd] raw=[-0.004,-0.005,+0.003] w=[-0.006,-0.007,+0.001] err=[+0.002,+0.002] scaled=[+0.001,+0.001] s=3.52
[INFO] [1789405496.817410294] [acados_nmpc_node]: [attach-window] t=18.60s pos_err=0.039m T=21.87N z=5.966 m_est=2.254
[INFO] [1789405496.863442402] [acados_nmpc_node]: [attach-window] t=18.65s pos_err=0.037m T=21.89N z=5.969 m_est=2.255
[INFO] [1789405496.917275459] [acados_nmpc_node]: [attach-window] t=18.70s pos_err=0.033m T=21.92N z=5.973 m_est=2.256
[INFO] [1789405496.963340977] [acados_nmpc_node]: [attach-window] t=18.75s pos_err=0.031m T=21.94N z=5.975 m_est=2.257
[INFO] [1789405496.991697936] [acados_nmpc_node]: [wcmd] raw=[-0.006,-0.001,+0.002] w=[-0.006,-0.004,+0.002] err=[-0.000,+0.003] scaled=[-0.007,+0.006] s=3.57
[INFO] [1789405497.017063403] [acados_nmpc_node]: [attach-window] t=18.80s pos_err=0.029m T=21.96N z=5.979 m_est=2.258
[INFO] [1789405497.063561377] [acados_nmpc_node]: [attach-window] t=18.85s pos_err=0.027m T=21.97N z=5.981 m_est=2.259
[INFO] [1789405497.117381373] [acados_nmpc_node]: [attach-window] t=18.90s pos_err=0.025m T=21.98N z=5.984 m_est=2.259
[INFO] [1789405497.163395107] [acados_nmpc_node]: [attach-window] t=18.95s pos_err=0.024m T=21.99N z=5.986 m_est=2.260
[INFO] [1789405497.191757955] [acados_nmpc_node]: [wcmd] raw=[-0.003,+0.004,+0.001] w=[-0.003,+0.002,+0.002] err=[-0.000,+0.002] scaled=[-0.005,+0.009] s=3.63
[INFO] [1789405497.217063340] [acados_nmpc_node]: [attach-window] t=19.00s pos_err=0.021m T=21.99N z=5.989 m_est=2.261
[INFO] [1789405497.263414867] [acados_nmpc_node]: [attach-window] t=19.05s pos_err=0.020m T=22.00N z=5.991 m_est=2.261
[INFO] [1789405497.317037900] [acados_nmpc_node]: [attach-window] t=19.10s pos_err=0.017m T=22.00N z=5.994 m_est=2.262
[INFO] [1789405497.363498973] [acados_nmpc_node]: [attach-window] t=19.15s pos_err=0.016m T=22.01N z=5.995 m_est=2.262
[INFO] [1789405497.391693013] [acados_nmpc_node]: [wcmd] raw=[-0.009,+0.011,-0.000] w=[-0.006,+0.009,+0.004] err=[-0.003,+0.001] scaled=[-0.017,+0.014] s=3.67
[INFO] [1789405497.417112249] [acados_nmpc_node]: [attach-window] t=19.20s pos_err=0.014m T=22.02N z=5.997 m_est=2.263
[INFO] [1789405497.463289208] [acados_nmpc_node]: [attach-window] t=19.25s pos_err=0.013m T=22.03N z=5.998 m_est=2.263
[INFO] [1789405497.517086626] [acados_nmpc_node]: [attach-window] t=19.30s pos_err=0.011m T=22.05N z=6.000 m_est=2.264
[INFO] [1789405497.563303750] [acados_nmpc_node]: [attach-window] t=19.35s pos_err=0.010m T=22.06N z=6.001 m_est=2.264
[INFO] [1789405497.591766724] [acados_nmpc_node]: [wcmd] raw=[-0.001,+0.013,-0.002] w=[-0.006,+0.012,+0.001] err=[+0.005,+0.001] scaled=[+0.011,+0.016] s=3.70
[INFO] [1789405497.617155467] [acados_nmpc_node]: [attach-window] t=19.40s pos_err=0.008m T=22.07N z=6.002 m_est=2.264
[INFO] [1789405497.663376897] [acados_nmpc_node]: [attach-window] t=19.45s pos_err=0.008m T=22.08N z=6.003 m_est=2.264
[INFO] [1789405497.715431609] [acados_nmpc_node]: [attach-window] t=19.50s pos_err=0.007m T=22.09N z=6.004 m_est=2.265
[INFO] [1789405497.763382094] [acados_nmpc_node]: [attach-window] t=19.55s pos_err=0.007m T=22.09N z=6.004 m_est=2.265
[INFO] [1789405497.791641180] [acados_nmpc_node]: [wcmd] raw=[+0.008,+0.005,-0.003] w=[+0.005,+0.011,-0.002] err=[+0.003,-0.007] scaled=[+0.016,-0.013] s=3.74
[INFO] [1789405497.815539107] [acados_nmpc_node]: [attach-window] t=19.60s pos_err=0.007m T=22.10N z=6.005 m_est=2.265
[INFO] [1789405497.863033928] [acados_nmpc_node]: [attach-window] t=19.65s pos_err=0.007m T=22.10N z=6.006 m_est=2.265
[INFO] [1789405497.917223903] [acados_nmpc_node]: [attach-window] t=19.70s pos_err=0.007m T=22.11N z=6.006 m_est=2.265
[INFO] [1789405497.963353132] [acados_nmpc_node]: [attach-window] t=19.75s pos_err=0.007m T=22.10N z=6.007 m_est=2.265
[INFO] [1789405497.991780034] [acados_nmpc_node]: [wcmd] raw=[+0.011,-0.004,-0.001] w=[+0.013,-0.006,-0.007] err=[-0.002,+0.002] scaled=[+0.005,+0.003] s=3.77
[INFO] [1789405498.016917308] [acados_nmpc_node]: [attach-window] t=19.80s pos_err=0.008m T=22.10N z=6.008 m_est=2.265
[INFO] [1789405498.063284796] [acados_nmpc_node]: [attach-window] t=19.85s pos_err=0.009m T=22.10N z=6.008 m_est=2.265
[INFO] [1789405498.117183123] [acados_nmpc_node]: [attach-window] t=19.90s pos_err=0.009m T=22.11N z=6.009 m_est=2.264
[INFO] [1789405498.163366493] [acados_nmpc_node]: [attach-window] t=19.95s pos_err=0.010m T=22.11N z=6.009 m_est=2.264
[INFO] [1789405498.191768079] [acados_nmpc_node]: [wcmd] raw=[+0.005,-0.006,+0.002] w=[+0.009,-0.006,-0.005] err=[-0.004,-0.001] scaled=[-0.006,-0.008] s=3.79
[INFO] [1789405498.217255785] [acados_nmpc_node]: [attach-window] t=20.00s pos_err=0.010m T=22.11N z=6.010 m_est=2.264
[INFO] [1789405498.263390162] [acados_nmpc_node]: [attach-window] t=20.05s pos_err=0.011m T=22.11N z=6.010 m_est=2.264
[INFO] [1789405498.317159639] [acados_nmpc_node]: [attach-window] t=20.10s pos_err=0.012m T=22.10N z=6.011 m_est=2.264
[INFO] [1789405498.363336793] [acados_nmpc_node]: [attach-window] t=20.15s pos_err=0.012m T=22.10N z=6.012 m_est=2.264
[INFO] [1789405498.391681109] [acados_nmpc_node]: [wcmd] raw=[-0.004,-0.003,+0.004] w=[+0.000,-0.003,-0.001] err=[-0.004,+0.001] scaled=[-0.014,-0.001] s=3.81
[INFO] [1789405498.417355087] [acados_nmpc_node]: [attach-window] t=20.20s pos_err=0.013m T=22.10N z=6.013 m_est=2.264
[INFO] [1789405498.463260513] [acados_nmpc_node]: [attach-window] t=20.25s pos_err=0.013m T=22.10N z=6.013 m_est=2.264
[INFO] [1789405498.517162644] [acados_nmpc_node]: [attach-window] t=20.30s pos_err=0.014m T=22.10N z=6.014 m_est=2.263
[INFO] [1789405498.563451606] [acados_nmpc_node]: [attach-window] t=20.35s pos_err=0.014m T=22.10N z=6.014 m_est=2.263
[INFO] [1789405498.591720558] [acados_nmpc_node]: [wcmd] raw=[-0.011,+0.001,+0.004] w=[-0.009,-0.001,+0.003] err=[-0.001,+0.002] scaled=[-0.015,+0.005] s=3.81
[INFO] [1789405498.617081612] [acados_nmpc_node]: [attach-window] t=20.40s pos_err=0.014m T=22.11N z=6.014 m_est=2.263
[INFO] [1789405498.663333030] [acados_nmpc_node]: [attach-window] t=20.45s pos_err=0.015m T=22.11N z=6.014 m_est=2.263
[INFO] [1789405498.717357220] [acados_nmpc_node]: [attach-window] t=20.50s pos_err=0.015m T=22.12N z=6.015 m_est=2.263
[INFO] [1789405498.763358288] [acados_nmpc_node]: [attach-window] t=20.55s pos_err=0.015m T=22.12N z=6.015 m_est=2.263
[INFO] [1789405498.791703619] [acados_nmpc_node]: [wcmd] raw=[-0.011,+0.006,+0.003] w=[-0.013,+0.004,+0.005] err=[+0.003,+0.002] scaled=[-0.004,+0.013] s=3.82
[INFO] [1789405498.817172278] [acados_nmpc_node]: [attach-window] t=20.60s pos_err=0.017m T=22.12N z=6.015 m_est=2.263
[INFO] [1789405498.863681881] [acados_nmpc_node]: [attach-window] t=20.65s pos_err=0.017m T=22.12N z=6.015 m_est=2.262
[INFO] [1789405498.917632520] [acados_nmpc_node]: [attach-window] t=20.70s pos_err=0.018m T=22.13N z=6.015 m_est=2.262
[INFO] [1789405498.963754900] [acados_nmpc_node]: [attach-window] t=20.75s pos_err=0.019m T=22.14N z=6.015 m_est=2.262
[INFO] [1789405498.991698255] [acados_nmpc_node]: [wcmd] raw=[-0.010,+0.010,+0.001] w=[-0.012,+0.012,+0.006] err=[+0.002,-0.002] scaled=[-0.003,+0.004] s=3.82
[INFO] [1789405499.017222626] [acados_nmpc_node]: [attach-window] t=20.80s pos_err=0.020m T=22.16N z=6.014 m_est=2.262
[INFO] [1789405499.063735868] [acados_nmpc_node]: [attach-window] t=20.85s pos_err=0.021m T=22.17N z=6.014 m_est=2.262
[INFO] [1789405499.064224018] [acados_nmpc_node]: t=20.8s | pos_err=0.021m | T=22.17N | tau=[r-0.174 p0.032 y-0.002]Nm | res_stat=1.754e-07(peak 9.842e-07) sqp_iter=3 | solve=1.5ms
[INFO] [1789405499.064431537] [acados_nmpc_node]: [flight-diag] t=20.8s | om_scale=3.825(lo 2.657 hi 3.825) | tilt_max=0.29deg | w_max=[r0.014 p0.016 y0.010]rad/s | u_frac=[T0.707 r0.368 p0.075 y0.014] | u_sat=[T0.0 r0.0 p0.0 y0.0]% | mot_peak=0.829 mot_sat=0.0% | health=1 age=0.000s conf=0.000 | n=100
[INFO] [1789405499.117297777] [acados_nmpc_node]: [attach-window] t=20.90s pos_err=0.021m T=22.19N z=6.013 m_est=2.262
[INFO] [1789405499.163489859] [acados_nmpc_node]: [attach-window] t=20.95s pos_err=0.021m T=22.20N z=6.012 m_est=2.262
[INFO] [1789405499.191727547] [acados_nmpc_node]: [wcmd] raw=[+0.005,+0.003,-0.002] w=[-0.002,+0.007,+0.002] err=[+0.007,-0.004] scaled=[+0.025,-0.007] s=3.83
[INFO] [1789405499.217309768] [acados_nmpc_node]: [attach-window] t=21.00s pos_err=0.022m T=22.22N z=6.010 m_est=2.262
[INFO] [1789405499.263447837] [acados_nmpc_node]: [attach-window] t=21.05s pos_err=0.021m T=22.23N z=6.010 m_est=2.261
[INFO] [1789405499.317547743] [acados_nmpc_node]: [attach-window] t=21.10s pos_err=0.021m T=22.23N z=6.008 m_est=2.261
[INFO] [1789405499.363387925] [acados_nmpc_node]: [attach-window] t=21.15s pos_err=0.021m T=22.24N z=6.008 m_est=2.261
[INFO] [1789405499.391701954] [acados_nmpc_node]: [wcmd] raw=[+0.006,-0.013,-0.002] w=[+0.010,-0.011,-0.004] err=[-0.005,-0.002] scaled=[-0.008,-0.017] s=3.83
[INFO] [1789405499.417718235] [acados_nmpc_node]: [attach-window] t=21.20s pos_err=0.020m T=22.24N z=6.006 m_est=2.261
[INFO] [1789405499.463394595] [acados_nmpc_node]: [attach-window] t=21.25s pos_err=0.020m T=22.24N z=6.006 m_est=2.261
[INFO] [1789405499.517456501] [acados_nmpc_node]: [attach-window] t=21.30s pos_err=0.019m T=22.24N z=6.005 m_est=2.261
[INFO] [1789405499.563528532] [acados_nmpc_node]: [attach-window] t=21.35s pos_err=0.019m T=22.25N z=6.004 m_est=2.261
[INFO] [1789405499.591672730] [acados_nmpc_node]: [wcmd] raw=[+0.004,-0.020,+0.001] w=[+0.003,-0.022,-0.006] err=[+0.001,+0.002] scaled=[+0.006,-0.015] s=3.83
[INFO] [1789405499.620355151] [acados_nmpc_node]: t=21.4s | DYNAMIC: switch to figure8 (r=10.0 w=0.1415) centered at [1.00,0.08] z=6.0, tracking with payload
[INFO] [1789405499.622702653] [acados_nmpc_node]: [attach-window] t=21.40s pos_err=0.003m T=22.25N z=6.003 m_est=2.261
[INFO] [1789405499.663560400] [acados_nmpc_node]: [attach-window] t=21.45s pos_err=0.002m T=22.26N z=6.002 m_est=2.261
[INFO] [1789405499.717505585] [acados_nmpc_node]: [attach-window] t=21.50s pos_err=0.003m T=22.24N z=6.001 m_est=2.261
[INFO] [1789405499.763498461] [acados_nmpc_node]: [attach-window] t=21.55s pos_err=0.004m T=22.24N z=6.000 m_est=2.262
[INFO] [1789405499.791764463] [acados_nmpc_node]: [wcmd] raw=[+0.031,-0.011,+0.004] w=[+0.059,-0.026,+0.000] err=[-0.027,+0.015] scaled=[-0.046,+0.032] s=3.83
[INFO] [1789405499.817502318] [acados_nmpc_node]: [attach-window] t=21.60s pos_err=0.007m T=22.23N z=5.999 m_est=2.262
[INFO] [1789405499.863646846] [acados_nmpc_node]: [attach-window] t=21.65s pos_err=0.008m T=22.23N z=5.999 m_est=2.262
[INFO] [1789405499.917486992] [acados_nmpc_node]: [attach-window] t=21.70s pos_err=0.009m T=22.23N z=5.998 m_est=2.262
[INFO] [1789405499.963408055] [acados_nmpc_node]: [attach-window] t=21.75s pos_err=0.010m T=22.22N z=5.998 m_est=2.262
[INFO] [1789405499.991708020] [acados_nmpc_node]: [wcmd] raw=[-0.030,+0.000,+0.003] w=[-0.019,+0.005,+0.005] err=[-0.011,-0.005] scaled=[-0.060,-0.013] s=3.83
[INFO] [1789405500.017419637] [acados_nmpc_node]: [attach-window] t=21.80s pos_err=0.011m T=22.21N z=5.998 m_est=2.262
[INFO] [1789405500.063457458] [acados_nmpc_node]: [attach-window] t=21.85s pos_err=0.011m T=22.19N z=5.998 m_est=2.262
[INFO] [1789405500.117304006] [acados_nmpc_node]: [attach-window] t=21.90s pos_err=0.012m T=22.16N z=5.999 m_est=2.262
[INFO] [1789405500.163340762] [acados_nmpc_node]: [attach-window] t=21.95s pos_err=0.012m T=22.15N z=5.999 m_est=2.263
[INFO] [1789405500.191774925] [acados_nmpc_node]: [wcmd] raw=[-0.014,+0.010,+0.001] w=[-0.028,+0.011,+0.008] err=[+0.013,-0.001] scaled=[+0.023,+0.008] s=3.83
[INFO] [1789405500.217553572] [acados_nmpc_node]: [attach-window] t=22.00s pos_err=0.012m T=22.11N z=6.001 m_est=2.263
[INFO] [1789405500.263700637] [acados_nmpc_node]: [attach-window] t=22.05s pos_err=0.013m T=22.10N z=6.002 m_est=2.263
[INFO] [1789405500.317661682] [acados_nmpc_node]: [attach-window] t=22.10s pos_err=0.014m T=22.07N z=6.004 m_est=2.263
[INFO] [1789405500.363355933] [acados_nmpc_node]: [attach-window] t=22.15s pos_err=0.015m T=22.06N z=6.005 m_est=2.263
[INFO] [1789405500.391738886] [acados_nmpc_node]: [wcmd] raw=[-0.011,+0.003,-0.002] w=[-0.011,+0.001,+0.000] err=[-0.000,+0.002] scaled=[-0.012,+0.008] s=3.83
[INFO] [1789405500.417319775] [acados_nmpc_node]: [attach-window] t=22.20s pos_err=0.017m T=22.04N z=6.007 m_est=2.263
[INFO] [1789405500.463575542] [acados_nmpc_node]: [attach-window] t=22.25s pos_err=0.018m T=22.04N z=6.008 m_est=2.263
[INFO] [1789405500.517280243] [acados_nmpc_node]: [attach-window] t=22.30s pos_err=0.019m T=22.06N z=6.009 m_est=2.263
[INFO] [1789405500.563334181] [acados_nmpc_node]: [attach-window] t=22.35s pos_err=0.019m T=22.07N z=6.009 m_est=2.263
[INFO] [1789405500.591694454] [acados_nmpc_node]: [wcmd] raw=[+0.006,+0.003,-0.002] w=[-0.006,+0.007,+0.001] err=[+0.012,-0.004] scaled=[+0.041,-0.008] s=3.83
[INFO] [1789405500.615731056] [acados_nmpc_node]: [attach-window] t=22.40s pos_err=0.019m T=22.08N z=6.010 m_est=2.263
[INFO] [1789405500.663353946] [acados_nmpc_node]: [attach-window] t=22.45s pos_err=0.020m T=22.08N z=6.011 m_est=2.262
[INFO] [1789405500.717284784] [acados_nmpc_node]: [attach-window] t=22.50s pos_err=0.020m T=22.09N z=6.012 m_est=2.262
[INFO] [1789405500.763341463] [acados_nmpc_node]: [attach-window] t=22.55s pos_err=0.020m T=22.10N z=6.012 m_est=2.262
[INFO] [1789405500.791754497] [acados_nmpc_node]: [wcmd] raw=[+0.014,+0.006,-0.002] w=[+0.018,+0.003,-0.001] err=[-0.005,+0.003] scaled=[+0.001,+0.014] s=3.83
[INFO] [1789405500.817456866] [acados_nmpc_node]: [attach-window] t=22.60s pos_err=0.019m T=22.11N z=6.012 m_est=2.262
[INFO] [1789405500.863632214] [acados_nmpc_node]: [attach-window] t=22.65s pos_err=0.019m T=22.11N z=6.012 m_est=2.262
[INFO] [1789405500.917756878] [acados_nmpc_node]: [attach-window] t=22.70s pos_err=0.019m T=22.11N z=6.013 m_est=2.261
[INFO] [1789405500.963610243] [acados_nmpc_node]: [attach-window] t=22.75s pos_err=0.019m T=22.10N z=6.013 m_est=2.261
[INFO] [1789405500.991879602] [acados_nmpc_node]: [wcmd] raw=[+0.003,+0.006,-0.002] w=[+0.007,+0.005,-0.003] err=[-0.004,+0.001] scaled=[-0.008,+0.008] s=3.83
[INFO] [1789405501.017735507] [acados_nmpc_node]: [attach-window] t=22.80s pos_err=0.018m T=22.10N z=6.014 m_est=2.261
[INFO] [1789405501.063139133] [acados_nmpc_node]: [attach-window] t=22.85s pos_err=0.018m T=22.10N z=6.014 m_est=2.260
[INFO] [1789405501.117160312] [acados_nmpc_node]: [attach-window] t=22.90s pos_err=0.017m T=22.11N z=6.015 m_est=2.260
[INFO] [1789405501.163757424] [acados_nmpc_node]: [attach-window] t=22.95s pos_err=0.017m T=22.11N z=6.015 m_est=2.260
[INFO] [1789405501.191842552] [acados_nmpc_node]: [wcmd] raw=[+0.007,+0.005,+0.238] w=[+0.004,+0.009,+0.002] err=[+0.003,-0.004] scaled=[+0.016,-0.006] s=3.83
[INFO] [1789405501.216817225] [acados_nmpc_node]: [attach-window] t=23.00s pos_err=0.017m T=22.09N z=6.015 m_est=2.260
[INFO] [1789405501.264257859] [acados_nmpc_node]: [attach-window] t=23.05s pos_err=0.017m T=22.08N z=6.015 m_est=2.259
[INFO] [1789405501.316734086] [acados_nmpc_node]: [attach-window] t=23.10s pos_err=0.016m T=22.08N z=6.015 m_est=2.259
[INFO] [1789405501.364478672] [acados_nmpc_node]: [attach-window] t=23.15s pos_err=0.016m T=22.08N z=6.015 m_est=2.259
[INFO] [1789405501.391747927] [acados_nmpc_node]: [wcmd] raw=[+0.007,-0.000,+0.304] w=[+0.004,+0.003,+0.095] err=[+0.004,-0.004] scaled=[+0.018,-0.010] s=3.83
[INFO] [1789405501.418759722] [acados_nmpc_node]: [attach-window] t=23.20s pos_err=0.016m T=22.09N z=6.015 m_est=2.259
[INFO] [1789405501.464727654] [acados_nmpc_node]: [attach-window] t=23.25s pos_err=0.016m T=22.10N z=6.015 m_est=2.259
[INFO] [1789405501.518777822] [acados_nmpc_node]: [attach-window] t=23.30s pos_err=0.016m T=22.10N z=6.015 m_est=2.258
[INFO] [1789405501.564231678] [acados_nmpc_node]: [attach-window] t=23.35s pos_err=0.016m T=22.10N z=6.015 m_est=2.258
[INFO] [1789405501.591706068] [acados_nmpc_node]: [wcmd] raw=[-0.002,+0.001,+0.447] w=[-0.002,+0.006,+0.211] err=[-0.000,-0.005] scaled=[-0.003,-0.012] s=3.83
[INFO] [1789405501.618400580] [acados_nmpc_node]: [attach-window] t=23.40s pos_err=0.016m T=22.11N z=6.015 m_est=2.258
[INFO] [1789405501.664224729] [acados_nmpc_node]: [attach-window] t=23.45s pos_err=0.016m T=22.11N z=6.015 m_est=2.258
[INFO] [1789405501.718180155] [acados_nmpc_node]: [attach-window] t=23.50s pos_err=0.015m T=22.11N z=6.014 m_est=2.258
[INFO] [1789405501.764305541] [acados_nmpc_node]: [attach-window] t=23.55s pos_err=0.015m T=22.11N z=6.014 m_est=2.258
[INFO] [1789405501.791776837] [acados_nmpc_node]: [wcmd] raw=[-0.009,+0.010,+0.727] w=[-0.017,+0.008,+0.344] err=[+0.008,+0.002] scaled=[+0.013,+0.016] s=3.83
[INFO] [1789405501.818619765] [acados_nmpc_node]: [attach-window] t=23.60s pos_err=0.015m T=22.10N z=6.014 m_est=2.258
[INFO] [1789405501.864741986] [acados_nmpc_node]: [attach-window] t=23.65s pos_err=0.015m T=22.09N z=6.014 m_est=2.258
[INFO] [1789405501.918922104] [acados_nmpc_node]: [attach-window] t=23.70s pos_err=0.015m T=22.04N z=6.014 m_est=2.258
[INFO] [1789405501.964485742] [acados_nmpc_node]: [attach-window] t=23.75s pos_err=0.015m T=22.01N z=6.015 m_est=2.258
[INFO] [1789405501.991734811] [acados_nmpc_node]: [wcmd] raw=[-0.009,+0.014,+1.170] w=[-0.018,+0.023,+0.555] err=[+0.009,-0.009] scaled=[+0.017,-0.012] s=3.83
[INFO] [1789405502.018544661] [acados_nmpc_node]: [attach-window] t=23.80s pos_err=0.016m T=21.94N z=6.015 m_est=2.258
[INFO] [1789405502.064307378] [acados_nmpc_node]: [attach-window] t=23.85s pos_err=0.017m T=21.91N z=6.016 m_est=2.259
[INFO] [1789405502.118878757] [acados_nmpc_node]: [attach-window] t=23.90s pos_err=0.019m T=21.82N z=6.018 m_est=2.259
[INFO] [1789405502.164317481] [acados_nmpc_node]: [attach-window] t=23.95s pos_err=0.020m T=21.79N z=6.019 m_est=2.259
[INFO] [1789405502.191786381] [acados_nmpc_node]: [wcmd] raw=[+0.003,+0.021,+1.132] w=[-0.015,+0.020,+0.855] err=[+0.018,+0.000] scaled=[+0.056,+0.022] s=3.83
[INFO] [1789405502.218305556] [acados_nmpc_node]: [attach-window] t=24.00s pos_err=0.023m T=21.74N z=6.022 m_est=2.259
[INFO] [1789405502.264130282] [acados_nmpc_node]: [attach-window] t=24.05s pos_err=0.024m T=21.72N z=6.023 m_est=2.259
[INFO] [1789405502.318116502] [acados_nmpc_node]: [attach-window] t=24.10s pos_err=0.027m T=21.71N z=6.026 m_est=2.259
[INFO] [1789405502.364056002] [acados_nmpc_node]: [attach-window] t=24.15s pos_err=0.029m T=21.73N z=6.028 m_est=2.259
[INFO] [1789405502.391725350] [acados_nmpc_node]: [wcmd] raw=[+0.007,+0.030,+0.715] w=[+0.011,+0.017,+1.023] err=[-0.003,+0.013] scaled=[-0.002,+0.066] s=3.83
[INFO] [1789405502.418764226] [acados_nmpc_node]: [attach-window] t=24.20s pos_err=0.031m T=21.76N z=6.030 m_est=2.259
[INFO] [1789405502.464173716] [acados_nmpc_node]: [attach-window] t=24.25s pos_err=0.032m T=21.79N z=6.031 m_est=2.258
[INFO] [1789405502.518576343] [acados_nmpc_node]: [attach-window] t=24.30s pos_err=0.033m T=21.84N z=6.032 m_est=2.258
[INFO] [1789405502.564193720] [acados_nmpc_node]: [attach-window] t=24.35s pos_err=0.033m T=21.88N z=6.032 m_est=2.258
[INFO] [1789405502.591729326] [acados_nmpc_node]: [wcmd] raw=[-0.022,+0.055,+0.307] w=[+0.009,+0.036,+0.905] err=[-0.030,+0.020] scaled=[-0.108,+0.111] s=3.83
[INFO] [1789405502.618653614] [acados_nmpc_node]: [attach-window] t=24.40s pos_err=0.033m T=21.92N z=6.032 m_est=2.257
[INFO] [1789405502.663925830] [acados_nmpc_node]: [attach-window] t=24.45s pos_err=0.032m T=21.95N z=6.032 m_est=2.257
[INFO] [1789405502.718381643] [acados_nmpc_node]: [attach-window] t=24.50s pos_err=0.032m T=21.97N z=6.032 m_est=2.257
[INFO] [1789405502.764306867] [acados_nmpc_node]: [attach-window] t=24.55s pos_err=0.031m T=21.98N z=6.032 m_est=2.256
[INFO] [1789405502.791746211] [acados_nmpc_node]: [wcmd] raw=[-0.026,+0.070,-0.035] w=[-0.013,+0.044,+0.625] err=[-0.013,+0.026] scaled=[-0.062,+0.142] s=3.80
[INFO] [1789405502.818419143] [acados_nmpc_node]: [attach-window] t=24.60s pos_err=0.031m T=21.99N z=6.032 m_est=2.255
[INFO] [1789405502.864570169] [acados_nmpc_node]: [attach-window] t=24.65s pos_err=0.030m T=21.99N z=6.032 m_est=2.255
[INFO] [1789405502.918753819] [acados_nmpc_node]: [attach-window] t=24.70s pos_err=0.029m T=21.98N z=6.031 m_est=2.254
[INFO] [1789405502.964465890] [acados_nmpc_node]: [attach-window] t=24.75s pos_err=0.029m T=21.99N z=6.031 m_est=2.254
[INFO] [1789405502.991760346] [acados_nmpc_node]: [wcmd] raw=[-0.004,+0.064,-0.310] w=[+0.004,+0.037,+0.292] err=[-0.008,+0.027] scaled=[-0.026,+0.139] s=3.79
[INFO] [1789405503.018571966] [acados_nmpc_node]: [attach-window] t=24.80s pos_err=0.028m T=21.99N z=6.030 m_est=2.253
[INFO] [1789405503.064461042] [acados_nmpc_node]: [attach-window] t=24.85s pos_err=0.027m T=22.00N z=6.030 m_est=2.253
[INFO] [1789405503.118679429] [acados_nmpc_node]: [attach-window] t=24.90s pos_err=0.027m T=22.00N z=6.029 m_est=2.252
[INFO] [1789405503.174296181] [acados_nmpc_node]: [attach-window] t=24.95s pos_err=0.025m T=22.02N z=6.029 m_est=2.252
[INFO] [1789405503.191760090] [acados_nmpc_node]: [wcmd] raw=[+0.011,+0.054,-0.510] w=[+0.021,+0.029,-0.030] err=[-0.010,+0.025] scaled=[-0.015,+0.124] s=3.77
[INFO] [1789405503.216807353] [acados_nmpc_node]: [attach-window] t=25.00s pos_err=0.027m T=22.00N z=6.029 m_est=2.251
[INFO] [1789405503.263941967] [acados_nmpc_node]: [attach-window] t=25.05s pos_err=0.025m T=22.01N z=6.029 m_est=2.251
[INFO] [1789405503.318233212] [acados_nmpc_node]: [attach-window] t=25.10s pos_err=0.027m T=22.00N z=6.029 m_est=2.250
[INFO] [1789405503.364250427] [acados_nmpc_node]: [attach-window] t=25.15s pos_err=0.026m T=22.02N z=6.029 m_est=2.250
[INFO] [1789405503.391711414] [acados_nmpc_node]: [wcmd] raw=[+0.010,+0.049,-0.514] w=[+0.021,+0.036,-0.304] err=[-0.011,+0.012] scaled=[-0.021,+0.082] s=3.74
[INFO] [1789405503.418309497] [acados_nmpc_node]: [attach-window] t=25.20s pos_err=0.030m T=22.01N z=6.030 m_est=2.250
[INFO] [1789405503.464022233] [acados_nmpc_node]: [attach-window] t=25.25s pos_err=0.028m T=22.04N z=6.031 m_est=2.249
[INFO] [1789405503.518300535] [acados_nmpc_node]: [attach-window] t=25.30s pos_err=0.032m T=22.05N z=6.032 m_est=2.249
[INFO] [1789405503.564149102] [acados_nmpc_node]: [attach-window] t=25.35s pos_err=0.029m T=22.09N z=6.033 m_est=2.249
[INFO] [1789405503.591815976] [acados_nmpc_node]: [wcmd] raw=[+0.005,+0.038,-0.378] w=[-0.007,-0.000,-0.459] err=[+0.011,+0.039] scaled=[+0.036,+0.143] s=3.71
[INFO] [1789405503.618525990] [acados_nmpc_node]: [attach-window] t=25.40s pos_err=0.036m T=22.12N z=6.034 m_est=2.248
[INFO] [1789405503.664273850] [acados_nmpc_node]: [attach-window] t=25.45s pos_err=0.032m T=22.16N z=6.034 m_est=2.248
[INFO] [1789405503.718219865] [acados_nmpc_node]: [attach-window] t=25.50s pos_err=0.038m T=22.17N z=6.035 m_est=2.248
[INFO] [1789405503.764160178] [acados_nmpc_node]: [attach-window] t=25.55s pos_err=0.033m T=22.21N z=6.036 m_est=2.248
[INFO] [1789405503.791714471] [acados_nmpc_node]: [wcmd] raw=[+0.013,+0.037,-0.193] w=[-0.003,+0.014,-0.442] err=[+0.016,+0.023] scaled=[+0.055,+0.099] s=3.70
[INFO] [1789405503.818447931] [acados_nmpc_node]: [attach-window] t=25.60s pos_err=0.044m T=22.20N z=6.037 m_est=2.248
[INFO] [1789405503.864209834] [acados_nmpc_node]: [attach-window] t=25.65s pos_err=0.037m T=22.23N z=6.038 m_est=2.247
[INFO] [1789405503.918629797] [acados_nmpc_node]: [attach-window] t=25.70s pos_err=0.045m T=22.22N z=6.040 m_est=2.247
[INFO] [1789405503.964131396] [acados_nmpc_node]: [attach-window] t=25.75s pos_err=0.037m T=22.25N z=6.041 m_est=2.247
[INFO] [1789405503.991723199] [acados_nmpc_node]: [wcmd] raw=[+0.020,+0.054,-0.029] w=[+0.002,+0.024,-0.322] err=[+0.018,+0.030] scaled=[+0.068,+0.136] s=3.69
[INFO] [1789405504.018607993] [acados_nmpc_node]: [attach-window] t=25.80s pos_err=0.050m T=22.21N z=6.043 m_est=2.248
[INFO] [1789405504.064151660] [acados_nmpc_node]: [attach-window] t=25.85s pos_err=0.041m T=22.24N z=6.044 m_est=2.248
[INFO] [1789405504.064637040] [acados_nmpc_node]: t=25.8s | pos_err=0.041m | T=22.24N | tau=[r-0.156 p0.007 y0.115]Nm | res_stat=3.285e-07(peak 9.842e-07) sqp_iter=4 | solve=1.9ms
[INFO] [1789405504.064841752] [acados_nmpc_node]: [flight-diag] t=25.8s | om_scale=3.686(lo 3.686 hi 3.832) | tilt_max=3.64deg | w_max=[r0.059 p0.055 y1.019]rad/s | u_frac=[T0.710 r0.484 p0.150 y1.000] | u_sat=[T0.0 r0.0 p0.0 y18.0]% | mot_peak=0.916 mot_sat=0.0% | health=1 age=0.000s conf=0.000 | n=100
[INFO] [1789405504.118553557] [acados_nmpc_node]: [attach-window] t=25.90s pos_err=0.049m T=22.20N z=6.047 m_est=2.248
[INFO] [1789405504.164147340] [acados_nmpc_node]: [attach-window] t=25.95s pos_err=0.039m T=22.22N z=6.049 m_est=2.248
[INFO] [1789405504.191817566] [acados_nmpc_node]: [wcmd] raw=[+0.023,+0.060,+0.071] w=[+0.019,+0.017,-0.171] err=[+0.004,+0.043] scaled=[+0.035,+0.174] s=3.68
[INFO] [1789405504.218634538] [acados_nmpc_node]: [attach-window] t=26.00s pos_err=0.053m T=22.18N z=6.052 m_est=2.248
[INFO] [1789405504.264021011] [acados_nmpc_node]: [attach-window] t=26.05s pos_err=0.042m T=22.22N z=6.054 m_est=2.248
[INFO] [1789405504.318263518] [acados_nmpc_node]: [attach-window] t=26.10s pos_err=0.049m T=22.18N z=6.057 m_est=2.249
[INFO] [1789405504.363959478] [acados_nmpc_node]: [attach-window] t=26.15s pos_err=0.036m T=22.22N z=6.059 m_est=2.249
[INFO] [1789405504.391762761] [acados_nmpc_node]: [wcmd] raw=[+0.015,+0.070,+0.101] w=[+0.013,+0.035,-0.036] err=[+0.002,+0.034] scaled=[+0.019,+0.162] s=3.68
[INFO] [1789405504.418385816] [acados_nmpc_node]: [attach-window] t=26.20s pos_err=0.051m T=22.17N z=6.064 m_est=2.249
[INFO] [1789405504.464060244] [acados_nmpc_node]: [attach-window] t=26.25s pos_err=0.037m T=22.21N z=6.066 m_est=2.249
[INFO] [1789405504.518290840] [acados_nmpc_node]: [attach-window] t=26.30s pos_err=0.045m T=22.18N z=6.070 m_est=2.249
[INFO] [1789405504.563843295] [acados_nmpc_node]: [attach-window] t=26.35s pos_err=0.030m T=22.23N z=6.072 m_est=2.250
[INFO] [1789405504.591835057] [acados_nmpc_node]: [wcmd] raw=[+0.010,+0.067,+0.072] w=[+0.008,+0.023,+0.041] err=[+0.002,+0.044] scaled=[+0.014,+0.185] s=3.67
[INFO] [1789405504.618301222] [acados_nmpc_node]: [attach-window] t=26.40s pos_err=0.047m T=22.19N z=6.076 m_est=2.250
[INFO] [1789405504.664044223] [acados_nmpc_node]: [attach-window] t=26.45s pos_err=0.031m T=22.24N z=6.078 m_est=2.250
[INFO] [1789405504.718360149] [acados_nmpc_node]: [attach-window] t=26.50s pos_err=0.049m T=22.17N z=6.083 m_est=2.250
[INFO] [1789405504.764078235] [acados_nmpc_node]: [attach-window] t=26.55s pos_err=0.023m T=22.26N z=6.085 m_est=2.250
[INFO] [1789405504.791706709] [acados_nmpc_node]: [wcmd] raw=[+0.016,+0.055,+0.009] w=[+0.013,-0.016,+0.057] err=[+0.002,+0.071] scaled=[+0.022,+0.243] s=3.67
[INFO] [1789405504.818584806] [acados_nmpc_node]: [attach-window] t=26.60s pos_err=0.042m T=22.19N z=6.090 m_est=2.250
[INFO] [1789405504.864079311] [acados_nmpc_node]: [attach-window] t=26.65s pos_err=0.025m T=22.23N z=6.092 m_est=2.250
[INFO] [1789405504.918650470] [acados_nmpc_node]: [attach-window] t=26.70s pos_err=0.036m T=22.19N z=6.097 m_est=2.250
[INFO] [1789405504.963969874] [acados_nmpc_node]: [attach-window] t=26.75s pos_err=0.018m T=22.25N z=6.100 m_est=2.250
[INFO] [1789405504.991728046] [acados_nmpc_node]: [wcmd] raw=[+0.015,+0.042,-0.059] w=[+0.017,+0.029,+0.050] err=[-0.002,+0.013] scaled=[+0.009,+0.077] s=3.67
[INFO] [1789405505.018538813] [acados_nmpc_node]: [attach-window] t=26.80s pos_err=0.040m T=22.15N z=6.107 m_est=2.250
[INFO] [1789405505.063802087] [acados_nmpc_node]: [attach-window] t=26.85s pos_err=0.021m T=22.21N z=6.110 m_est=2.249
[INFO] [1789405505.118325124] [acados_nmpc_node]: [attach-window] t=26.90s pos_err=0.033m T=22.14N z=6.116 m_est=2.249
[INFO] [1789405505.163822719] [acados_nmpc_node]: [attach-window] t=26.95s pos_err=0.014m T=22.19N z=6.119 m_est=2.249
[INFO] [1789405505.191771403] [acados_nmpc_node]: [wcmd] raw=[+0.007,+0.043,-0.117] w=[+0.010,-0.047,-0.021] err=[-0.003,+0.091] scaled=[-0.002,+0.285] s=3.67
[INFO] [1789405505.218411294] [acados_nmpc_node]: [attach-window] t=27.00s pos_err=0.038m T=22.11N z=6.127 m_est=2.249
[INFO] [1789405505.263764483] [acados_nmpc_node]: [attach-window] t=27.05s pos_err=0.018m T=22.17N z=6.130 m_est=2.249
[INFO] [1789405505.318282995] [acados_nmpc_node]: [attach-window] t=27.10s pos_err=0.032m T=22.09N z=6.137 m_est=2.249
[INFO] [1789405505.363807782] [acados_nmpc_node]: [attach-window] t=27.15s pos_err=0.014m T=22.15N z=6.141 m_est=2.249
[INFO] [1789405505.391728421] [acados_nmpc_node]: [wcmd] raw=[+0.006,+0.020,-0.150] w=[-0.003,-0.036,-0.071] err=[+0.008,+0.056] scaled=[+0.028,+0.169] s=3.67
[INFO] [1789405505.418324234] [acados_nmpc_node]: [attach-window] t=27.20s pos_err=0.037m T=22.06N z=6.150 m_est=2.249
[INFO] [1789405505.463923113] [acados_nmpc_node]: [attach-window] t=27.25s pos_err=0.018m T=22.12N z=6.154 m_est=2.248
[INFO] [1789405505.518109774] [acados_nmpc_node]: [attach-window] t=27.30s pos_err=0.029m T=22.07N z=6.162 m_est=2.248
[INFO] [1789405505.564144969] [acados_nmpc_node]: [attach-window] t=27.35s pos_err=0.018m T=22.14N z=6.165 m_est=2.248
[INFO] [1789405505.591687266] [acados_nmpc_node]: [wcmd] raw=[+0.023,+0.044,-0.161] w=[+0.009,-0.011,-0.106] err=[+0.014,+0.054] scaled=[+0.060,+0.188] s=3.67
[INFO] [1789405505.618510457] [acados_nmpc_node]: [attach-window] t=27.40s pos_err=0.032m T=22.07N z=6.174 m_est=2.248
[INFO] [1789405505.663725120] [acados_nmpc_node]: [attach-window] t=27.45s pos_err=0.019m T=22.14N z=6.178 m_est=2.247
[INFO] [1789405505.718167274] [acados_nmpc_node]: [attach-window] t=27.50s pos_err=0.023m T=22.08N z=6.186 m_est=2.247
[INFO] [1789405505.763909825] [acados_nmpc_node]: [attach-window] t=27.55s pos_err=0.026m T=22.15N z=6.190 m_est=2.247
[INFO] [1789405505.791714468] [acados_nmpc_node]: [wcmd] raw=[+0.040,+0.043,-0.165] w=[+0.029,-0.034,-0.142] err=[+0.011,+0.076] scaled=[+0.069,+0.246] s=3.67
[INFO] [1789405505.817990967] [acados_nmpc_node]: [attach-window] t=27.60s pos_err=0.023m T=22.06N z=6.199 m_est=2.246
[INFO] [1789405505.863629423] [acados_nmpc_node]: [attach-window] t=27.65s pos_err=0.028m T=22.13N z=6.204 m_est=2.246
[INFO] [1789405505.916134727] [acados_nmpc_node]: [attach-window] t=27.70s pos_err=0.021m T=22.05N z=6.212 m_est=2.246
[INFO] [1789405505.964003068] [acados_nmpc_node]: [attach-window] t=27.75s pos_err=0.042m T=22.13N z=6.217 m_est=2.245
[INFO] [1789405505.991787860] [acados_nmpc_node]: [wcmd] raw=[+0.038,+0.040,-0.161] w=[+0.037,-0.006,-0.150] err=[+0.001,+0.046] scaled=[+0.042,+0.162] s=3.67
[INFO] [1789405506.018534733] [acados_nmpc_node]: [attach-window] t=27.80s pos_err=0.024m T=22.02N z=6.227 m_est=2.245
[INFO] [1789405506.064084017] [acados_nmpc_node]: [attach-window] t=27.85s pos_err=0.045m T=22.09N z=6.232 m_est=2.245
[INFO] [1789405506.118635977] [acados_nmpc_node]: [attach-window] t=27.90s pos_err=0.035m T=22.02N z=6.241 m_est=2.244
[INFO] [1789405506.163951578] [acados_nmpc_node]: [attach-window] t=27.95s pos_err=0.061m T=22.10N z=6.246 m_est=2.244
[INFO] [1789405506.191682553] [acados_nmpc_node]: [wcmd] raw=[+0.027,+0.024,-0.155] w=[+0.025,-0.020,-0.161] err=[+0.002,+0.045] scaled=[+0.032,+0.142] s=3.64
[INFO] [1789405506.218189979] [acados_nmpc_node]: [attach-window] t=28.00s pos_err=0.035m T=22.02N z=6.256 m_est=2.244
[INFO] [1789405506.263825798] [acados_nmpc_node]: [attach-window] t=28.05s pos_err=0.062m T=22.10N z=6.260 m_est=2.243
[INFO] [1789405506.316101064] [acados_nmpc_node]: [attach-window] t=28.10s pos_err=0.044m T=22.02N z=6.269 m_est=2.243
[INFO] [1789405506.363335759] [acados_nmpc_node]: [attach-window] t=28.15s pos_err=0.074m T=22.11N z=6.274 m_est=2.243
[INFO] [1789405506.391645141] [acados_nmpc_node]: [wcmd] raw=[+0.028,-0.009,-0.149] w=[+0.017,-0.075,-0.172] err=[+0.011,+0.066] scaled=[+0.056,+0.163] s=3.62
[INFO] [1789405506.415974228] [acados_nmpc_node]: [attach-window] t=28.20s pos_err=0.041m T=22.01N z=6.284 m_est=2.242
[INFO] [1789405506.463358979] [acados_nmpc_node]: [attach-window] t=28.25s pos_err=0.071m T=22.09N z=6.288 m_est=2.242
[INFO] [1789405506.516101477] [acados_nmpc_node]: [attach-window] t=28.30s pos_err=0.051m T=22.03N z=6.298 m_est=2.242
[INFO] [1789405506.563409770] [acados_nmpc_node]: [attach-window] t=28.35s pos_err=0.066m T=22.08N z=6.303 m_est=2.242
[INFO] [1789405506.591586402] [acados_nmpc_node]: [wcmd] raw=[+0.032,-0.059,-0.149] w=[+0.023,-0.068,-0.156] err=[+0.009,+0.010] scaled=[+0.054,-0.034] s=3.61
[INFO] [1789405506.616267808] [acados_nmpc_node]: [attach-window] t=28.40s pos_err=0.046m T=22.04N z=6.312 m_est=2.241
[INFO] [1789405506.663366381] [acados_nmpc_node]: [attach-window] t=28.45s pos_err=0.078m T=22.14N z=6.316 m_est=2.241
[INFO] [1789405506.718407564] [acados_nmpc_node]: [attach-window] t=28.50s pos_err=0.060m T=22.12N z=6.325 m_est=2.241
[INFO] [1789405506.763939797] [acados_nmpc_node]: [attach-window] t=28.55s pos_err=0.090m T=22.18N z=6.329 m_est=2.241
[INFO] [1789405506.791728831] [acados_nmpc_node]: [wcmd] raw=[+0.034,+0.024,-0.163] w=[+0.029,-0.036,-0.135] err=[+0.004,+0.060] scaled=[+0.045,+0.181] s=3.60
[INFO] [1789405506.818486667] [acados_nmpc_node]: [attach-window] t=28.60s pos_err=0.057m T=22.10N z=6.339 m_est=2.240
[INFO] [1789405506.863973951] [acados_nmpc_node]: [attach-window] t=28.65s pos_err=0.087m T=22.16N z=6.343 m_est=2.240
[INFO] [1789405506.918766088] [acados_nmpc_node]: [attach-window] t=28.70s pos_err=0.071m T=22.07N z=6.352 m_est=2.240
[INFO] [1789405506.964292912] [acados_nmpc_node]: [attach-window] t=28.75s pos_err=0.102m T=22.14N z=6.356 m_est=2.240
[INFO] [1789405506.991718893] [acados_nmpc_node]: [wcmd] raw=[+0.025,-0.005,-0.192] w=[+0.021,-0.087,-0.161] err=[+0.005,+0.081] scaled=[+0.037,+0.205] s=3.60
[INFO] [1789405507.018648277] [acados_nmpc_node]: [attach-window] t=28.80s pos_err=0.069m T=22.08N z=6.366 m_est=2.240
[INFO] [1789405507.064318607] [acados_nmpc_node]: [attach-window] t=28.85s pos_err=0.101m T=22.13N z=6.371 m_est=2.240
[INFO] [1789405507.118770537] [acados_nmpc_node]: [attach-window] t=28.90s pos_err=0.085m T=22.09N z=6.379 m_est=2.240
[INFO] [1789405507.164251671] [acados_nmpc_node]: [attach-window] t=28.95s pos_err=0.117m T=22.15N z=6.384 m_est=2.240
[INFO] [1789405507.191748378] [acados_nmpc_node]: [wcmd] raw=[+0.011,+0.004,-0.217] w=[+0.006,-0.004,-0.154] err=[+0.005,+0.008] scaled=[+0.026,+0.023] s=3.59
[INFO] [1789405507.218787670] [acados_nmpc_node]: [attach-window] t=29.00s pos_err=0.086m T=22.07N z=6.394 m_est=2.240
[INFO] [1789405507.264436375] [acados_nmpc_node]: [attach-window] t=29.05s pos_err=0.117m T=22.13N z=6.399 m_est=2.240
[INFO] [1789405507.318677414] [acados_nmpc_node]: [attach-window] t=29.10s pos_err=0.102m T=22.09N z=6.407 m_est=2.240
[INFO] [1789405507.364438606] [acados_nmpc_node]: [attach-window] t=29.15s pos_err=0.134m T=22.14N z=6.412 m_est=2.240
[INFO] [1789405507.391719571] [acados_nmpc_node]: [wcmd] raw=[+0.019,+0.009,-0.246] w=[+0.002,-0.059,-0.198] err=[+0.017,+0.068] scaled=[+0.062,+0.186] s=3.59
[INFO] [1789405507.418896851] [acados_nmpc_node]: [attach-window] t=29.20s pos_err=0.104m T=22.09N z=6.422 m_est=2.240
[INFO] [1789405507.464275349] [acados_nmpc_node]: [attach-window] t=29.25s pos_err=0.134m T=22.14N z=6.426 m_est=2.240
[INFO] [1789405507.518808550] [acados_nmpc_node]: [attach-window] t=29.30s pos_err=0.120m T=22.08N z=6.435 m_est=2.240
[INFO] [1789405507.564229555] [acados_nmpc_node]: [attach-window] t=29.35s pos_err=0.150m T=22.14N z=6.440 m_est=2.240
[INFO] [1789405507.591725018] [acados_nmpc_node]: [wcmd] raw=[+0.030,-0.018,-0.276] w=[+0.015,-0.046,-0.219] err=[+0.015,+0.028] scaled=[+0.070,+0.056] s=3.59
[INFO] [1789405507.618799018] [acados_nmpc_node]: [attach-window] t=29.40s pos_err=0.119m T=22.08N z=6.450 m_est=2.241
[INFO] [1789405507.664233815] [acados_nmpc_node]: [attach-window] t=29.45s pos_err=0.148m T=22.13N z=6.454 m_est=2.241
[INFO] [1789405507.718907634] [acados_nmpc_node]: [attach-window] t=29.50s pos_err=0.132m T=22.08N z=6.464 m_est=2.241
[INFO] [1789405507.763494254] [acados_nmpc_node]: [attach-window] t=29.55s pos_err=0.158m T=22.12N z=6.468 m_est=2.241
[INFO] [1789405507.791703290] [acados_nmpc_node]: [wcmd] raw=[+0.041,-0.027,-0.311] w=[+0.028,-0.053,-0.249] err=[+0.013,+0.026] scaled=[+0.076,+0.040] s=3.59
[INFO] [1789405507.818945460] [acados_nmpc_node]: [attach-window] t=29.60s pos_err=0.126m T=22.05N z=6.479 m_est=2.241
[INFO] [1789405507.864354960] [acados_nmpc_node]: [attach-window] t=29.65s pos_err=0.151m T=22.09N z=6.484 m_est=2.241
[INFO] [1789405507.918779812] [acados_nmpc_node]: [attach-window] t=29.70s pos_err=0.132m T=22.04N z=6.494 m_est=2.242
[INFO] [1789405507.964188838] [acados_nmpc_node]: [attach-window] t=29.75s pos_err=0.157m T=22.08N z=6.499 m_est=2.242
[INFO] [1789405507.991682988] [acados_nmpc_node]: [wcmd] raw=[+0.052,-0.044,-0.355] w=[+0.042,-0.094,-0.290] err=[+0.011,+0.050] scaled=[+0.080,+0.085] s=3.59
[INFO] [1789405508.018740646] [acados_nmpc_node]: [attach-window] t=29.80s pos_err=0.123m T=22.03N z=6.510 m_est=2.242
[INFO] [1789405508.064280236] [acados_nmpc_node]: [attach-window] t=29.85s pos_err=0.146m T=22.07N z=6.515 m_est=2.242
[INFO] [1789405508.118624478] [acados_nmpc_node]: [attach-window] t=29.90s pos_err=0.113m T=22.01N z=6.526 m_est=2.243
[INFO] [1789405508.164245989] [acados_nmpc_node]: [attach-window] t=29.95s pos_err=0.136m T=22.05N z=6.530 m_est=2.243
[INFO] [1789405508.191695913] [acados_nmpc_node]: [wcmd] raw=[+0.028,-0.069,-0.403] w=[+0.035,-0.083,-0.325] err=[-0.006,+0.014] scaled=[+0.012,-0.033] s=3.59
[INFO] [1789405508.218842310] [acados_nmpc_node]: [attach-window] t=30.00s pos_err=0.118m T=22.03N z=6.540 m_est=2.243
[INFO] [1789405508.264218047] [acados_nmpc_node]: [attach-window] t=30.05s pos_err=0.139m T=22.06N z=6.545 m_est=2.243
[INFO] [1789405508.318974980] [acados_nmpc_node]: [attach-window] t=30.10s pos_err=0.110m T=22.02N z=6.555 m_est=2.243
[INFO] [1789405508.364264770] [acados_nmpc_node]: [attach-window] t=30.15s pos_err=0.130m T=22.04N z=6.560 m_est=2.243
[INFO] [1789405508.391693825] [acados_nmpc_node]: [wcmd] raw=[+0.026,-0.022,-0.457] w=[+0.021,-0.006,-0.344] err=[+0.005,-0.016] scaled=[+0.039,-0.065] s=3.59
[INFO] [1789405508.418967333] [acados_nmpc_node]: [attach-window] t=30.20s pos_err=0.115m T=22.00N z=6.569 m_est=2.244
[INFO] [1789405508.464309341] [acados_nmpc_node]: [attach-window] t=30.25s pos_err=0.135m T=22.04N z=6.574 m_est=2.244
[INFO] [1789405508.518679367] [acados_nmpc_node]: [attach-window] t=30.30s pos_err=0.120m T=22.02N z=6.583 m_est=2.244
[INFO] [1789405508.563893005] [acados_nmpc_node]: [attach-window] t=30.35s pos_err=0.141m T=22.05N z=6.588 m_est=2.244
[INFO] [1789405508.591686905] [acados_nmpc_node]: [wcmd] raw=[+0.034,+0.026,-0.525] w=[+0.025,-0.006,-0.400] err=[+0.009,+0.032] scaled=[+0.057,+0.109] s=3.59
[INFO] [1789405508.618880521] [acados_nmpc_node]: [attach-window] t=30.40s pos_err=0.115m T=22.01N z=6.598 m_est=2.244
[INFO] [1789405508.664602240] [acados_nmpc_node]: [attach-window] t=30.45s pos_err=0.134m T=22.04N z=6.602 m_est=2.244
[INFO] [1789405508.718949960] [acados_nmpc_node]: [attach-window] t=30.50s pos_err=0.120m T=22.00N z=6.611 m_est=2.244
[INFO] [1789405508.764212594] [acados_nmpc_node]: [attach-window] t=30.55s pos_err=0.137m T=22.02N z=6.615 m_est=2.244
[INFO] [1789405508.791685704] [acados_nmpc_node]: [wcmd] raw=[+0.016,-0.013,-0.593] w=[+0.006,-0.040,-0.479] err=[+0.011,+0.026] scaled=[+0.044,+0.055] s=3.59
[INFO] [1789405508.819023128] [acados_nmpc_node]: [attach-window] t=30.60s pos_err=0.113m T=22.00N z=6.624 m_est=2.244
[INFO] [1789405508.864221732] [acados_nmpc_node]: [attach-window] t=30.65s pos_err=0.128m T=22.03N z=6.628 m_est=2.244
[INFO] [1789405508.919226520] [acados_nmpc_node]: [attach-window] t=30.70s pos_err=0.114m T=22.02N z=6.636 m_est=2.244
[INFO] [1789405508.964744693] [acados_nmpc_node]: [attach-window] t=30.75s pos_err=0.129m T=22.05N z=6.640 m_est=2.244
[INFO] [1789405508.991729401] [acados_nmpc_node]: [wcmd] raw=[+0.018,-0.023,-0.655] w=[+0.000,-0.026,-0.539] err=[+0.017,+0.002] scaled=[+0.062,-0.017] s=3.59
[INFO] [1789405509.019148511] [acados_nmpc_node]: [attach-window] t=30.80s pos_err=0.105m T=22.02N z=6.649 m_est=2.244
[INFO] [1789405509.064603087] [acados_nmpc_node]: [attach-window] t=30.85s pos_err=0.118m T=22.05N z=6.652 m_est=2.244
[INFO] [1789405509.065079065] [acados_nmpc_node]: t=30.8s | pos_err=0.118m | T=22.05N | tau=[r-0.187 p-0.006 y-0.047]Nm | res_stat=8.464e-08(peak 9.984e-07) sqp_iter=5 | solve=2.2ms
[INFO] [1789405509.065287067] [acados_nmpc_node]: [flight-diag] t=30.8s | om_scale=3.586(lo 3.586 hi 3.684) | tilt_max=4.94deg | w_max=[r0.047 p0.106 y0.559]rad/s | u_frac=[T0.710 r0.434 p0.213 y0.549] | u_sat=[T0.0 r0.0 p0.0 y0.0]% | mot_peak=0.879 mot_sat=0.0% | health=1 age=0.000s conf=0.000 | n=100
[INFO] [1789405509.119078767] [acados_nmpc_node]: [attach-window] t=30.90s pos_err=0.104m T=22.04N z=6.659 m_est=2.244
[INFO] [1789405509.164333026] [acados_nmpc_node]: [attach-window] t=30.95s pos_err=0.115m T=22.07N z=6.663 m_est=2.244
[INFO] [1789405509.191696292] [acados_nmpc_node]: [wcmd] raw=[+0.013,-0.033,-0.711] w=[+0.001,-0.075,-0.615] err=[+0.012,+0.041] scaled=[+0.043,+0.074] s=3.59
[INFO] [1789405509.219129727] [acados_nmpc_node]: [attach-window] t=31.00s pos_err=0.095m T=22.05N z=6.670 m_est=2.244
[INFO] [1789405509.264436221] [acados_nmpc_node]: [attach-window] t=31.05s pos_err=0.105m T=22.08N z=6.673 m_est=2.244
[INFO] [1789405509.316726051] [acados_nmpc_node]: [attach-window] t=31.10s pos_err=0.092m T=22.05N z=6.679 m_est=2.244
[INFO] [1789405509.364357634] [acados_nmpc_node]: [attach-window] t=31.15s pos_err=0.102m T=22.08N z=6.682 m_est=2.244
[INFO] [1789405509.391738529] [acados_nmpc_node]: [wcmd] raw=[-0.005,-0.025,-0.746] w=[-0.017,-0.047,-0.663] err=[+0.012,+0.023] scaled=[+0.026,+0.034] s=3.59
[INFO] [1789405509.418928555] [acados_nmpc_node]: [attach-window] t=31.20s pos_err=0.086m T=22.07N z=6.689 m_est=2.244
[INFO] [1789405509.464269850] [acados_nmpc_node]: [attach-window] t=31.25s pos_err=0.092m T=22.10N z=6.691 m_est=2.244
[INFO] [1789405509.518865436] [acados_nmpc_node]: [attach-window] t=31.30s pos_err=0.083m T=22.10N z=6.696 m_est=2.245
[INFO] [1789405509.564037975] [acados_nmpc_node]: [attach-window] t=31.35s pos_err=0.087m T=22.13N z=6.699 m_est=2.245
[INFO] [1789405509.591731938] [acados_nmpc_node]: [wcmd] raw=[+0.004,-0.007,-0.751] w=[-0.020,-0.029,-0.704] err=[+0.023,+0.021] scaled=[+0.064,+0.048] s=3.59
[INFO] [1789405509.618531068] [acados_nmpc_node]: [attach-window] t=31.40s pos_err=0.076m T=22.14N z=6.703 m_est=2.245
[INFO] [1789405509.664017256] [acados_nmpc_node]: [attach-window] t=31.45s pos_err=0.077m T=22.17N z=6.705 m_est=2.245
[INFO] [1789405509.718598504] [acados_nmpc_node]: [attach-window] t=31.50s pos_err=0.071m T=22.15N z=6.710 m_est=2.245
[INFO] [1789405509.763958471] [acados_nmpc_node]: [attach-window] t=31.55s pos_err=0.070m T=22.16N z=6.712 m_est=2.246
[INFO] [1789405509.791720940] [acados_nmpc_node]: [wcmd] raw=[+0.007,+0.001,-0.719] w=[-0.007,-0.039,-0.734] err=[+0.015,+0.040] scaled=[+0.045,+0.106] s=3.59
[INFO] [1789405509.818648237] [acados_nmpc_node]: [attach-window] t=31.60s pos_err=0.066m T=22.12N z=6.717 m_est=2.246
[INFO] [1789405509.863988692] [acados_nmpc_node]: [attach-window] t=31.65s pos_err=0.062m T=22.13N z=6.720 m_est=2.246
[INFO] [1789405509.918570163] [acados_nmpc_node]: [attach-window] t=31.70s pos_err=0.060m T=22.10N z=6.725 m_est=2.247
[INFO] [1789405509.963980646] [acados_nmpc_node]: [attach-window] t=31.75s pos_err=0.055m T=22.10N z=6.727 m_est=2.247
[INFO] [1789405509.991725604] [acados_nmpc_node]: [wcmd] raw=[-0.018,-0.007,-0.641] w=[-0.014,-0.000,-0.721] err=[-0.004,-0.007] scaled=[-0.028,-0.025] s=3.59
[INFO] [1789405510.018972499] [acados_nmpc_node]: [attach-window] t=31.80s pos_err=0.056m T=22.08N z=6.732 m_est=2.247
[INFO] [1789405510.063967592] [acados_nmpc_node]: [attach-window] t=31.85s pos_err=0.047m T=22.10N z=6.735 m_est=2.248
[INFO] [1789405510.118649598] [acados_nmpc_node]: [attach-window] t=31.90s pos_err=0.048m T=22.08N z=6.739 m_est=2.248
[INFO] [1789405510.164009444] [acados_nmpc_node]: [attach-window] t=31.95s pos_err=0.038m T=22.09N z=6.741 m_est=2.248
[INFO] [1789405510.191706963] [acados_nmpc_node]: [wcmd] raw=[-0.018,+0.041,-0.529] w=[-0.032,+0.015,-0.676] err=[+0.015,+0.026] scaled=[+0.021,+0.108] s=3.59
[INFO] [1789405510.216774819] [acados_nmpc_node]: [attach-window] t=32.00s pos_err=0.047m T=22.06N z=6.746 m_est=2.249
[INFO] [1789405510.264110070] [acados_nmpc_node]: [attach-window] t=32.05s pos_err=0.032m T=22.08N z=6.748 m_est=2.249
[INFO] [1789405510.318694041] [acados_nmpc_node]: [attach-window] t=32.10s pos_err=0.037m T=22.04N z=6.751 m_est=2.249
[INFO] [1789405510.364003103] [acados_nmpc_node]: [attach-window] t=32.15s pos_err=0.023m T=22.06N z=6.753 m_est=2.249
[INFO] [1789405510.391721420] [acados_nmpc_node]: [wcmd] raw=[-0.027,+0.012,-0.403] w=[-0.041,-0.027,-0.609] err=[+0.014,+0.039] scaled=[+0.008,+0.114] s=3.59
[INFO] [1789405510.419255080] [acados_nmpc_node]: [attach-window] t=32.20s pos_err=0.038m T=22.05N z=6.756 m_est=2.250
[INFO] [1789405510.463745112] [acados_nmpc_node]: [attach-window] t=32.25s pos_err=0.022m T=22.07N z=6.758 m_est=2.250
[INFO] [1789405510.519118464] [acados_nmpc_node]: [attach-window] t=32.30s pos_err=0.034m T=22.06N z=6.761 m_est=2.250
[INFO] [1789405510.564085707] [acados_nmpc_node]: [attach-window] t=32.35s pos_err=0.019m T=22.09N z=6.762 m_est=2.250
[INFO] [1789405510.591759389] [acados_nmpc_node]: [wcmd] raw=[-0.015,+0.001,-0.275] w=[-0.031,-0.011,-0.493] err=[+0.016,+0.012] scaled=[+0.026,+0.031] s=3.59
[INFO] [1789405510.618778864] [acados_nmpc_node]: [attach-window] t=32.40s pos_err=0.042m T=22.08N z=6.764 m_est=2.250
[INFO] [1789405510.663687253] [acados_nmpc_node]: [attach-window] t=32.45s pos_err=0.030m T=22.10N z=6.765 m_est=2.251
[INFO] [1789405510.719022835] [acados_nmpc_node]: [attach-window] t=32.50s pos_err=0.051m T=22.06N z=6.768 m_est=2.251
[INFO] [1789405510.763688083] [acados_nmpc_node]: [attach-window] t=32.55s pos_err=0.033m T=22.09N z=6.769 m_est=2.251
[INFO] [1789405510.791747593] [acados_nmpc_node]: [wcmd] raw=[-0.024,+0.009,-0.166] w=[-0.020,-0.048,-0.378] err=[-0.004,+0.056] scaled=[-0.033,+0.155] s=3.59
[INFO] [1789405510.818717554] [acados_nmpc_node]: [attach-window] t=32.60s pos_err=0.051m T=22.05N z=6.771 m_est=2.251
[INFO] [1789405510.864139217] [acados_nmpc_node]: [attach-window] t=32.65s pos_err=0.042m T=22.05N z=6.772 m_est=2.252
[INFO] [1789405510.918903167] [acados_nmpc_node]: [attach-window] t=32.70s pos_err=0.052m T=22.04N z=6.775 m_est=2.252
[INFO] [1789405510.963860226] [acados_nmpc_node]: [attach-window] t=32.75s pos_err=0.046m T=22.05N z=6.776 m_est=2.252
[INFO] [1789405510.991790516] [acados_nmpc_node]: [wcmd] raw=[-0.033,+0.020,-0.094] w=[-0.039,+0.015,-0.237] err=[+0.007,+0.006] scaled=[-0.015,+0.036] s=3.61
[INFO] [1789405511.018807730] [acados_nmpc_node]: [attach-window] t=32.80s pos_err=0.058m T=22.02N z=6.778 m_est=2.252
[INFO] [1789405511.063800817] [acados_nmpc_node]: [attach-window] t=32.85s pos_err=0.051m T=22.03N z=6.780 m_est=2.252
[INFO] [1789405511.118613936] [acados_nmpc_node]: [attach-window] t=32.90s pos_err=0.057m T=22.00N z=6.782 m_est=2.252
[INFO] [1789405511.163715990] [acados_nmpc_node]: [attach-window] t=32.95s pos_err=0.054m T=22.01N z=6.784 m_est=2.252
[INFO] [1789405511.191693467] [acados_nmpc_node]: [wcmd] raw=[-0.019,+0.036,-0.071] w=[-0.027,-0.017,-0.153] err=[+0.008,+0.053] scaled=[+0.001,+0.174] s=3.63
[INFO] [1789405511.218532254] [acados_nmpc_node]: [attach-window] t=33.00s pos_err=0.061m T=22.00N z=6.786 m_est=2.252
[INFO] [1789405511.263717193] [acados_nmpc_node]: [attach-window] t=33.05s pos_err=0.058m T=22.01N z=6.787 m_est=2.252
[INFO] [1789405511.318635392] [acados_nmpc_node]: [attach-window] t=33.10s pos_err=0.061m T=21.99N z=6.790 m_est=2.252
[INFO] [1789405511.363694023] [acados_nmpc_node]: [attach-window] t=33.15s pos_err=0.061m T=22.00N z=6.791 m_est=2.252
[INFO] [1789405511.391747003] [acados_nmpc_node]: [wcmd] raw=[-0.006,+0.031,-0.085] w=[-0.008,-0.005,-0.092] err=[+0.003,+0.036] scaled=[+0.002,+0.127] s=3.64
[INFO] [1789405511.418619570] [acados_nmpc_node]: [attach-window] t=33.20s pos_err=0.063m T=22.00N z=6.793 m_est=2.252
[INFO] [1789405511.463736018] [acados_nmpc_node]: [attach-window] t=33.25s pos_err=0.064m T=22.00N z=6.794 m_est=2.252
[INFO] [1789405511.518497297] [acados_nmpc_node]: [attach-window] t=33.30s pos_err=0.064m T=21.99N z=6.797 m_est=2.252
[INFO] [1789405511.563656773] [acados_nmpc_node]: [attach-window] t=33.35s pos_err=0.068m T=22.00N z=6.798 m_est=2.252
[INFO] [1789405511.591696824] [acados_nmpc_node]: [wcmd] raw=[-0.004,+0.039,-0.117] w=[+0.003,+0.018,-0.067] err=[-0.006,+0.021] scaled=[-0.020,+0.093] s=3.65
[INFO] [1789405511.618542534] [acados_nmpc_node]: [attach-window] t=33.40s pos_err=0.066m T=22.00N z=6.799 m_est=2.252
[INFO] [1789405511.663292814] [acados_nmpc_node]: [attach-window] t=33.45s pos_err=0.070m T=22.02N z=6.800 m_est=2.252
[INFO] [1789405511.716356014] [acados_nmpc_node]: [attach-window] t=33.50s pos_err=0.067m T=22.00N z=6.802 m_est=2.252
[INFO] [1789405511.763657408] [acados_nmpc_node]: [attach-window] t=33.55s pos_err=0.074m T=22.02N z=6.802 m_est=2.252
[INFO] [1789405511.791726428] [acados_nmpc_node]: [wcmd] raw=[-0.005,+0.020,-0.152] w=[-0.005,-0.025,-0.095] err=[-0.000,+0.045] scaled=[-0.006,+0.140] s=3.66
[INFO] [1789405511.818418630] [acados_nmpc_node]: [attach-window] t=33.60s pos_err=0.068m T=22.01N z=6.804 m_est=2.252
[INFO] [1789405511.863711025] [acados_nmpc_node]: [attach-window] t=33.65s pos_err=0.074m T=22.03N z=6.804 m_est=2.252
[INFO] [1789405511.918533430] [acados_nmpc_node]: [attach-window] t=33.70s pos_err=0.069m T=22.00N z=6.805 m_est=2.252
[INFO] [1789405511.963843716] [acados_nmpc_node]: [attach-window] t=33.75s pos_err=0.079m T=22.03N z=6.806 m_est=2.252
[INFO] [1789405511.991759635] [acados_nmpc_node]: [wcmd] raw=[+0.004,+0.012,-0.173] w=[+0.002,-0.028,-0.120] err=[+0.001,+0.040] scaled=[+0.007,+0.120] s=3.66
[INFO] [1789405512.018373209] [acados_nmpc_node]: [attach-window] t=33.80s pos_err=0.071m T=22.00N z=6.807 m_est=2.252
[INFO] [1789405512.063780829] [acados_nmpc_node]: [attach-window] t=33.85s pos_err=0.079m T=22.01N z=6.807 m_est=2.252
[INFO] [1789405512.118867720] [acados_nmpc_node]: [attach-window] t=33.90s pos_err=0.075m T=22.00N z=6.808 m_est=2.251
[INFO] [1789405512.163901198] [acados_nmpc_node]: [attach-window] t=33.95s pos_err=0.085m T=22.01N z=6.809 m_est=2.251
[INFO] [1789405512.191744885] [acados_nmpc_node]: [wcmd] raw=[+0.007,+0.024,-0.183] w=[+0.010,+0.015,-0.129] err=[-0.003,+0.009] scaled=[-0.002,+0.049] s=3.66
[INFO] [1789405512.218588698] [acados_nmpc_node]: [attach-window] t=34.00s pos_err=0.075m T=21.98N z=6.811 m_est=2.251
[INFO] [1789405512.263847391] [acados_nmpc_node]: [attach-window] t=34.05s pos_err=0.084m T=21.99N z=6.811 m_est=2.251
[INFO] [1789405512.316316575] [acados_nmpc_node]: [attach-window] t=34.10s pos_err=0.072m T=21.94N z=6.813 m_est=2.251
[INFO] [1789405512.363146208] [acados_nmpc_node]: [attach-window] t=34.15s pos_err=0.088m T=21.96N z=6.814 m_est=2.251
[INFO] [1789405512.391753013] [acados_nmpc_node]: [wcmd] raw=[-0.008,+0.019,-0.184] w=[-0.003,-0.055,-0.172] err=[-0.005,+0.073] scaled=[-0.021,+0.215] s=3.66
[INFO] [1789405512.418472379] [acados_nmpc_node]: [attach-window] t=34.20s pos_err=0.074m T=21.94N z=6.815 m_est=2.251
[INFO] [1789405512.463674190] [acados_nmpc_node]: [attach-window] t=34.25s pos_err=0.084m T=21.93N z=6.816 m_est=2.251
[INFO] [1789405512.518591310] [acados_nmpc_node]: [attach-window] t=34.30s pos_err=0.075m T=21.93N z=6.817 m_est=2.250
[INFO] [1789405512.563167669] [acados_nmpc_node]: [attach-window] t=34.35s pos_err=0.086m T=21.94N z=6.817 m_est=2.250
[INFO] [1789405512.591736604] [acados_nmpc_node]: [wcmd] raw=[-0.017,+0.010,-0.173] w=[-0.019,+0.029,-0.155] err=[+0.002,-0.020] scaled=[-0.011,-0.042] s=3.67
[INFO] [1789405512.618534841] [acados_nmpc_node]: [attach-window] t=34.40s pos_err=0.068m T=21.93N z=6.818 m_est=2.250
[INFO] [1789405512.663801925] [acados_nmpc_node]: [attach-window] t=34.45s pos_err=0.079m T=21.95N z=6.818 m_est=2.250
[INFO] [1789405512.718637916] [acados_nmpc_node]: [attach-window] t=34.50s pos_err=0.067m T=21.96N z=6.818 m_est=2.250
[INFO] [1789405512.763703097] [acados_nmpc_node]: [attach-window] t=34.55s pos_err=0.079m T=21.97N z=6.818 m_est=2.250
[INFO] [1789405512.791759299] [acados_nmpc_node]: [wcmd] raw=[-0.019,+0.020,-0.161] w=[-0.027,-0.044,-0.175] err=[+0.008,+0.063] scaled=[+0.003,+0.189] s=3.67
[INFO] [1789405512.818609183] [acados_nmpc_node]: [attach-window] t=34.60s pos_err=0.059m T=21.99N z=6.818 m_est=2.250
[INFO] [1789405512.863734311] [acados_nmpc_node]: [attach-window] t=34.65s pos_err=0.072m T=22.00N z=6.818 m_est=2.250
[INFO] [1789405512.918995474] [acados_nmpc_node]: [attach-window] t=34.70s pos_err=0.060m T=21.99N z=6.817 m_est=2.249
[INFO] [1789405512.963839803] [acados_nmpc_node]: [attach-window] t=34.75s pos_err=0.074m T=22.00N z=6.817 m_est=2.249
[INFO] [1789405512.991709586] [acados_nmpc_node]: [wcmd] raw=[+0.007,+0.001,-0.151] w=[-0.012,-0.032,-0.162] err=[+0.019,+0.033] scaled=[+0.057,+0.089] s=3.67
[INFO] [1789405513.018650726] [acados_nmpc_node]: [attach-window] t=34.80s pos_err=0.054m T=22.03N z=6.816 m_est=2.249
[INFO] [1789405513.063824465] [acados_nmpc_node]: [attach-window] t=34.85s pos_err=0.068m T=22.04N z=6.816 m_est=2.249
[INFO] [1789405513.119144169] [acados_nmpc_node]: [attach-window] t=34.90s pos_err=0.057m T=22.05N z=6.815 m_est=2.249
[INFO] [1789405513.163809191] [acados_nmpc_node]: [attach-window] t=34.95s pos_err=0.072m T=22.06N z=6.814 m_est=2.249
[INFO] [1789405513.191721859] [acados_nmpc_node]: [wcmd] raw=[+0.019,+0.025,-0.146] w=[+0.021,+0.009,-0.137] err=[-0.001,+0.016] scaled=[+0.016,+0.068] s=3.67
[INFO] [1789405513.219165969] [acados_nmpc_node]: [attach-window] t=35.00s pos_err=0.052m T=22.07N z=6.813 m_est=2.249
[INFO] [1789405513.263770757] [acados_nmpc_node]: [attach-window] t=35.05s pos_err=0.068m T=22.08N z=6.812 m_est=2.249
[INFO] [1789405513.318993352] [acados_nmpc_node]: [attach-window] t=35.10s pos_err=0.057m T=22.07N z=6.811 m_est=2.249
[INFO] [1789405513.363864460] [acados_nmpc_node]: [attach-window] t=35.15s pos_err=0.063m T=22.07N z=6.810 m_est=2.249
[INFO] [1789405513.391779085] [acados_nmpc_node]: [wcmd] raw=[+0.014,-0.005,-0.152] w=[+0.016,-0.027,-0.146] err=[-0.003,+0.022] scaled=[+0.007,+0.054] s=3.67
[INFO] [1789405513.418651960] [acados_nmpc_node]: [attach-window] t=35.20s pos_err=0.052m T=22.09N z=6.809 m_est=2.249
[INFO] [1789405513.463046990] [acados_nmpc_node]: [attach-window] t=35.25s pos_err=0.068m T=22.10N z=6.808 m_est=2.249
[INFO] [1789405513.516990896] [acados_nmpc_node]: [attach-window] t=35.30s pos_err=0.055m T=22.11N z=6.806 m_est=2.249
[INFO] [1789405513.563388173] [acados_nmpc_node]: [attach-window] t=35.35s pos_err=0.063m T=22.12N z=6.805 m_est=2.249
[INFO] [1789405513.591705834] [acados_nmpc_node]: [wcmd] raw=[+0.020,-0.006,-0.158] w=[+0.017,+0.006,-0.137] err=[+0.003,-0.012] scaled=[+0.029,-0.037] s=3.67
[INFO] [1789405513.616149988] [acados_nmpc_node]: [attach-window] t=35.40s pos_err=0.050m T=22.12N z=6.803 m_est=2.249
[INFO] [1789405513.663772328] [acados_nmpc_node]: [attach-window] t=35.45s pos_err=0.067m T=22.12N z=6.803 m_est=2.249
[INFO] [1789405513.718864985] [acados_nmpc_node]: [attach-window] t=35.50s pos_err=0.047m T=22.10N z=6.801 m_est=2.249
[INFO] [1789405513.763926318] [acados_nmpc_node]: [attach-window] t=35.55s pos_err=0.072m T=22.09N z=6.801 m_est=2.249
[INFO] [1789405513.791856702] [acados_nmpc_node]: [wcmd] raw=[+0.023,+0.027,-0.166] w=[+0.024,-0.031,-0.151] err=[-0.001,+0.058] scaled=[+0.021,+0.181] s=3.67
[INFO] [1789405513.819295084] [acados_nmpc_node]: [attach-window] t=35.60s pos_err=0.052m T=22.07N z=6.799 m_est=2.249
[INFO] [1789405513.864081060] [acados_nmpc_node]: [attach-window] t=35.65s pos_err=0.067m T=22.06N z=6.799 m_est=2.249
[INFO] [1789405513.919177879] [acados_nmpc_node]: [attach-window] t=35.70s pos_err=0.056m T=22.05N z=6.797 m_est=2.249
[INFO] [1789405513.963930433] [acados_nmpc_node]: [attach-window] t=35.75s pos_err=0.071m T=22.05N z=6.797 m_est=2.250
[INFO] [1789405513.991810834] [acados_nmpc_node]: [wcmd] raw=[+0.004,+0.004,-0.179] w=[+0.013,-0.009,-0.151] err=[-0.008,+0.013] scaled=[-0.018,+0.038] s=3.67
[INFO] [1789405514.019071093] [acados_nmpc_node]: [attach-window] t=35.80s pos_err=0.051m T=22.07N z=6.795 m_est=2.250
[INFO] [1789405514.063884810] [acados_nmpc_node]: [attach-window] t=35.85s pos_err=0.066m T=22.08N z=6.794 m_est=2.250
[INFO] [1789405514.064385294] [acados_nmpc_node]: t=35.8s | pos_err=0.066m | T=22.08N | tau=[r-0.184 p0.023 y-0.009]Nm | res_stat=4.774e-07(peak 9.984e-07) sqp_iter=3 | solve=1.6ms
[INFO] [1789405514.064590907] [acados_nmpc_node]: [flight-diag] t=35.8s | om_scale=3.667(lo 3.586 hi 3.667) | tilt_max=5.13deg | w_max=[r0.042 p0.073 y0.734]rad/s | u_frac=[T0.707 r0.431 p0.182 y0.478] | u_sat=[T0.0 r0.0 p0.0 y0.0]% | mot_peak=0.875 mot_sat=0.0% | health=1 age=0.000s conf=0.000 | n=100
[INFO] [1789405514.118957295] [acados_nmpc_node]: [attach-window] t=35.90s pos_err=0.054m T=22.09N z=6.792 m_est=2.250
[INFO] [1789405514.163885748] [acados_nmpc_node]: [attach-window] t=35.95s pos_err=0.069m T=22.10N z=6.791 m_est=2.251
[INFO] [1789405514.191742798] [acados_nmpc_node]: [wcmd] raw=[-0.008,+0.015,-0.190] w=[-0.011,-0.017,-0.165] err=[+0.003,+0.031] scaled=[-0.001,+0.098] s=3.67
[INFO] [1789405514.219009424] [acados_nmpc_node]: [attach-window] t=36.00s pos_err=0.048m T=22.12N z=6.788 m_est=2.251
[INFO] [1789405514.263756546] [acados_nmpc_node]: [attach-window] t=36.05s pos_err=0.062m T=22.12N z=6.787 m_est=2.251
[INFO] [1789405514.318813028] [acados_nmpc_node]: [attach-window] t=36.10s pos_err=0.050m T=22.11N z=6.784 m_est=2.251
[INFO] [1789405514.363705488] [acados_nmpc_node]: [attach-window] t=36.15s pos_err=0.055m T=22.12N z=6.783 m_est=2.251
[INFO] [1789405514.391756496] [acados_nmpc_node]: [wcmd] raw=[-0.009,-0.019,-0.203] w=[-0.015,-0.029,-0.179] err=[+0.006,+0.010] scaled=[+0.005,+0.008] s=3.67
[INFO] [1789405514.418990712] [acados_nmpc_node]: [attach-window] t=36.20s pos_err=0.043m T=22.12N z=6.781 m_est=2.252
[INFO] [1789405514.463871139] [acados_nmpc_node]: [attach-window] t=36.25s pos_err=0.058m T=22.12N z=6.780 m_est=2.252
[INFO] [1789405514.518971806] [acados_nmpc_node]: [attach-window] t=36.30s pos_err=0.046m T=22.11N z=6.779 m_est=2.252
[INFO] [1789405514.563765634] [acados_nmpc_node]: [attach-window] t=36.35s pos_err=0.062m T=22.10N z=6.778 m_est=2.252
[INFO] [1789405514.591765569] [acados_nmpc_node]: [wcmd] raw=[+0.006,+0.027,-0.215] w=[-0.002,+0.011,-0.176] err=[+0.009,+0.016] scaled=[+0.030,+0.069] s=3.67
[INFO] [1789405514.616709140] [acados_nmpc_node]: [attach-window] t=36.40s pos_err=0.039m T=22.09N z=6.776 m_est=2.252
[INFO] [1789405514.663678638] [acados_nmpc_node]: [attach-window] t=36.45s pos_err=0.056m T=22.07N z=6.775 m_est=2.253
[INFO] [1789405514.716840203] [acados_nmpc_node]: [attach-window] t=36.50s pos_err=0.044m T=22.04N z=6.774 m_est=2.253
[INFO] [1789405514.763700596] [acados_nmpc_node]: [attach-window] t=36.55s pos_err=0.061m T=22.03N z=6.773 m_est=2.253
[INFO] [1789405514.791735354] [acados_nmpc_node]: [wcmd] raw=[+0.014,+0.021,-0.234] w=[+0.007,-0.030,-0.205] err=[+0.007,+0.051] scaled=[+0.033,+0.157] s=3.67
[INFO] [1789405514.818812165] [acados_nmpc_node]: [attach-window] t=36.60s pos_err=0.040m T=22.04N z=6.771 m_est=2.253
[INFO] [1789405514.863771215] [acados_nmpc_node]: [attach-window] t=36.65s pos_err=0.055m T=22.03N z=6.770 m_est=2.253
[INFO] [1789405514.918681808] [acados_nmpc_node]: [attach-window] t=36.70s pos_err=0.044m T=22.03N z=6.769 m_est=2.253
[INFO] [1789405514.963824629] [acados_nmpc_node]: [attach-window] t=36.75s pos_err=0.059m T=22.02N z=6.768 m_est=2.253
[INFO] [1789405514.991786557] [acados_nmpc_node]: [wcmd] raw=[+0.015,-0.000,-0.250] w=[+0.011,+0.000,-0.213] err=[+0.003,-0.000] scaled=[+0.024,-0.001] s=3.67
[INFO] [1789405515.018915755] [acados_nmpc_node]: [attach-window] t=36.80s pos_err=0.037m T=22.04N z=6.765 m_est=2.253
[INFO] [1789405515.063773908] [acados_nmpc_node]: [attach-window] t=36.85s pos_err=0.052m T=22.04N z=6.764 m_est=2.253
[INFO] [1789405515.119075674] [acados_nmpc_node]: [attach-window] t=36.90s pos_err=0.031m T=22.06N z=6.761 m_est=2.253
[INFO] [1789405515.163920325] [acados_nmpc_node]: [attach-window] t=36.95s pos_err=0.054m T=22.06N z=6.760 m_est=2.254
[INFO] [1789405515.191693761] [acados_nmpc_node]: [wcmd] raw=[+0.022,+0.004,-0.264] w=[+0.013,-0.037,-0.239] err=[+0.009,+0.041] scaled=[+0.045,+0.115] s=3.67
[INFO] [1789405515.218766649] [acados_nmpc_node]: [attach-window] t=37.00s pos_err=0.033m T=22.08N z=6.757 m_est=2.254
[INFO] [1789405515.263715998] [acados_nmpc_node]: [attach-window] t=37.05s pos_err=0.047m T=22.08N z=6.756 m_est=2.253
[INFO] [1789405515.318907193] [acados_nmpc_node]: [attach-window] t=37.10s pos_err=0.036m T=22.09N z=6.752 m_est=2.253
[INFO] [1789405515.363911715] [acados_nmpc_node]: [attach-window] t=37.15s pos_err=0.050m T=22.09N z=6.751 m_est=2.253
[INFO] [1789405515.391693068] [acados_nmpc_node]: [wcmd] raw=[+0.016,+0.005,-0.280] w=[+0.019,-0.003,-0.243] err=[-0.003,+0.009] scaled=[+0.009,+0.028] s=3.67
[INFO] [1789405515.419005804] [acados_nmpc_node]: [attach-window] t=37.20s pos_err=0.029m T=22.11N z=6.747 m_est=2.253
[INFO] [1789405515.463763107] [acados_nmpc_node]: [attach-window] t=37.25s pos_err=0.042m T=22.10N z=6.746 m_est=2.253
[INFO] [1789405515.518782218] [acados_nmpc_node]: [attach-window] t=37.30s pos_err=0.030m T=22.11N z=6.743 m_est=2.253
[INFO] [1789405515.563805510] [acados_nmpc_node]: [attach-window] t=37.35s pos_err=0.044m T=22.10N z=6.741 m_est=2.253
[INFO] [1789405515.591678237] [acados_nmpc_node]: [wcmd] raw=[-0.008,+0.007,-0.303] w=[-0.006,-0.025,-0.268] err=[-0.002,+0.032] scaled=[-0.013,+0.091] s=3.67
[INFO] [1789405515.618869053] [acados_nmpc_node]: [attach-window] t=37.40s pos_err=0.022m T=22.12N z=6.738 m_est=2.253
[INFO] [1789405515.663874356] [acados_nmpc_node]: [attach-window] t=37.45s pos_err=0.036m T=22.10N z=6.736 m_est=2.253
[INFO] [1789405515.718912324] [acados_nmpc_node]: [attach-window] t=37.50s pos_err=0.023m T=22.10N z=6.733 m_est=2.253
[INFO] [1789405515.763695695] [acados_nmpc_node]: [attach-window] t=37.55s pos_err=0.036m T=22.10N z=6.731 m_est=2.253
[INFO] [1789405515.791693369] [acados_nmpc_node]: [wcmd] raw=[-0.009,-0.002,-0.330] w=[-0.023,-0.020,-0.285] err=[+0.015,+0.018] scaled=[+0.030,+0.047] s=3.67
[INFO] [1789405515.819194760] [acados_nmpc_node]: [attach-window] t=37.60s pos_err=0.017m T=22.12N z=6.727 m_est=2.253
[INFO] [1789405515.863789848] [acados_nmpc_node]: [attach-window] t=37.65s pos_err=0.029m T=22.12N z=6.725 m_est=2.254
[INFO] [1789405515.916748437] [acados_nmpc_node]: [attach-window] t=37.70s pos_err=0.017m T=22.12N z=6.722 m_est=2.254
[INFO] [1789405515.963701977] [acados_nmpc_node]: [attach-window] t=37.75s pos_err=0.030m T=22.11N z=6.720 m_est=2.254
[INFO] [1789405515.991753920] [acados_nmpc_node]: [wcmd] raw=[+0.004,+0.005,-0.357] w=[-0.009,-0.016,-0.305] err=[+0.013,+0.021] scaled=[+0.037,+0.059] s=3.67
[INFO] [1789405516.018986994] [acados_nmpc_node]: [attach-window] t=37.80s pos_err=0.015m T=22.13N z=6.716 m_est=2.254
[INFO] [1789405516.063825074] [acados_nmpc_node]: [attach-window] t=37.85s pos_err=0.024m T=22.11N z=6.714 m_est=2.254
[INFO] [1789405516.118937461] [acados_nmpc_node]: [attach-window] t=37.90s pos_err=0.018m T=22.11N z=6.711 m_est=2.254
[INFO] [1789405516.163818330] [acados_nmpc_node]: [attach-window] t=37.95s pos_err=0.025m T=22.10N z=6.709 m_est=2.254
[INFO] [1789405516.191765968] [acados_nmpc_node]: [wcmd] raw=[+0.013,+0.005,-0.387] w=[+0.006,-0.019,-0.331] err=[+0.007,+0.024] scaled=[+0.032,+0.070] s=3.67
[INFO] [1789405516.218974465] [acados_nmpc_node]: [attach-window] t=38.00s pos_err=0.020m T=22.13N z=6.705 m_est=2.254
[INFO] [1789405516.263844199] [acados_nmpc_node]: [attach-window] t=38.05s pos_err=0.023m T=22.11N z=6.703 m_est=2.254
[INFO] [1789405516.319060777] [acados_nmpc_node]: [attach-window] t=38.10s pos_err=0.023m T=22.11N z=6.700 m_est=2.254
[INFO] [1789405516.363784821] [acados_nmpc_node]: [attach-window] t=38.15s pos_err=0.025m T=22.09N z=6.698 m_est=2.254
[INFO] [1789405516.391665932] [acados_nmpc_node]: [wcmd] raw=[+0.008,+0.014,-0.416] w=[+0.004,-0.011,-0.360] err=[+0.004,+0.025] scaled=[+0.020,+0.080] s=3.67
[INFO] [1789405516.418935005] [acados_nmpc_node]: [attach-window] t=38.20s pos_err=0.027m T=22.10N z=6.694 m_est=2.255
[INFO] [1789405516.463750058] [acados_nmpc_node]: [attach-window] t=38.25s pos_err=0.026m T=22.08N z=6.693 m_est=2.255
[INFO] [1789405516.519004545] [acados_nmpc_node]: [attach-window] t=38.30s pos_err=0.027m T=22.08N z=6.690 m_est=2.255
[INFO] [1789405516.563840705] [acados_nmpc_node]: [attach-window] t=38.35s pos_err=0.027m T=22.07N z=6.688 m_est=2.255
[INFO] [1789405516.591774751] [acados_nmpc_node]: [wcmd] raw=[+0.018,+0.025,-0.443] w=[+0.005,+0.006,-0.385] err=[+0.013,+0.019] scaled=[+0.053,+0.075] s=3.67
[INFO] [1789405516.618704453] [acados_nmpc_node]: [attach-window] t=38.40s pos_err=0.029m T=22.09N z=6.684 m_est=2.255
[INFO] [1789405516.663729503] [acados_nmpc_node]: [attach-window] t=38.45s pos_err=0.026m T=22.07N z=6.682 m_est=2.255
[INFO] [1789405516.718860683] [acados_nmpc_node]: [attach-window] t=38.50s pos_err=0.027m T=22.08N z=6.679 m_est=2.255
[INFO] [1789405516.763782003] [acados_nmpc_node]: [attach-window] t=38.55s pos_err=0.025m T=22.07N z=6.677 m_est=2.255
[INFO] [1789405516.791756749] [acados_nmpc_node]: [wcmd] raw=[+0.028,+0.027,-0.464] w=[+0.020,+0.002,-0.417] err=[+0.008,+0.025] scaled=[+0.048,+0.093] s=3.67
[INFO] [1789405516.819056866] [acados_nmpc_node]: [attach-window] t=38.60s pos_err=0.027m T=22.10N z=6.673 m_est=2.255
[INFO] [1789405516.863863680] [acados_nmpc_node]: [attach-window] t=38.65s pos_err=0.023m T=22.09N z=6.671 m_est=2.256
[INFO] [1789405516.918816760] [acados_nmpc_node]: [attach-window] t=38.70s pos_err=0.026m T=22.09N z=6.667 m_est=2.256
[INFO] [1789405516.963883917] [acados_nmpc_node]: [attach-window] t=38.75s pos_err=0.022m T=22.07N z=6.665 m_est=2.256
[INFO] [1789405516.991768243] [acados_nmpc_node]: [wcmd] raw=[+0.021,+0.028,-0.474] w=[+0.019,+0.004,-0.443] err=[+0.002,+0.024] scaled=[+0.026,+0.093] s=3.67
[INFO] [1789405517.019156309] [acados_nmpc_node]: [attach-window] t=38.80s pos_err=0.022m T=22.07N z=6.662 m_est=2.256
[INFO] [1789405517.063771348] [acados_nmpc_node]: [attach-window] t=38.85s pos_err=0.020m T=22.05N z=6.660 m_est=2.256
[INFO] [1789405517.119060449] [acados_nmpc_node]: [attach-window] t=38.90s pos_err=0.020m T=22.05N z=6.657 m_est=2.256
[INFO] [1789405517.163832860] [acados_nmpc_node]: [attach-window] t=38.95s pos_err=0.022m T=22.03N z=6.655 m_est=2.256
[INFO] [1789405517.191763769] [acados_nmpc_node]: [wcmd] raw=[+0.013,+0.029,-0.482] w=[+0.006,+0.030,-0.454] err=[+0.006,-0.001] scaled=[+0.029,+0.027] s=3.67
[INFO] [1789405517.218892566] [acados_nmpc_node]: [attach-window] t=39.00s pos_err=0.021m T=22.04N z=6.651 m_est=2.256
[INFO] [1789405517.263748897] [acados_nmpc_node]: [attach-window] t=39.05s pos_err=0.022m T=22.03N z=6.650 m_est=2.256
[INFO] [1789405517.319057932] [acados_nmpc_node]: [attach-window] t=39.10s pos_err=0.021m T=22.03N z=6.646 m_est=2.256
[INFO] [1789405517.363795663] [acados_nmpc_node]: [attach-window] t=39.15s pos_err=0.025m T=22.02N z=6.644 m_est=2.256
[INFO] [1789405517.391890575] [acados_nmpc_node]: [wcmd] raw=[+0.007,+0.018,-0.479] w=[-0.002,-0.018,-0.481] err=[+0.010,+0.036] scaled=[+0.034,+0.114] s=3.67
[INFO] [1789405517.419268117] [acados_nmpc_node]: [attach-window] t=39.20s pos_err=0.022m T=22.05N z=6.640 m_est=2.256
[INFO] [1789405517.463839202] [acados_nmpc_node]: [attach-window] t=39.25s pos_err=0.024m T=22.04N z=6.638 m_est=2.256
[INFO] [1789405517.519165606] [acados_nmpc_node]: [attach-window] t=39.30s pos_err=0.022m T=22.04N z=6.634 m_est=2.256
[INFO] [1789405517.563746708] [acados_nmpc_node]: [attach-window] t=39.35s pos_err=0.027m T=22.04N z=6.632 m_est=2.255
[INFO] [1789405517.591680504] [acados_nmpc_node]: [wcmd] raw=[+0.016,+0.000,-0.465] w=[+0.003,-0.011,-0.479] err=[+0.013,+0.011] scaled=[+0.049,+0.030] s=3.67
[INFO] [1789405517.619094728] [acados_nmpc_node]: [attach-window] t=39.40s pos_err=0.023m T=22.06N z=6.627 m_est=2.255
[INFO] [1789405517.663779378] [acados_nmpc_node]: [attach-window] t=39.45s pos_err=0.025m T=22.05N z=6.625 m_est=2.255
[INFO] [1789405517.719282145] [acados_nmpc_node]: [attach-window] t=39.50s pos_err=0.025m T=22.06N z=6.620 m_est=2.255
[INFO] [1789405517.763715177] [acados_nmpc_node]: [attach-window] t=39.55s pos_err=0.025m T=22.05N z=6.618 m_est=2.255
[INFO] [1789405517.791662220] [acados_nmpc_node]: [wcmd] raw=[+0.008,-0.011,-0.437] w=[+0.006,-0.026,-0.472] err=[+0.002,+0.015] scaled=[+0.015,+0.027] s=3.67
[INFO] [1789405517.819013391] [acados_nmpc_node]: [attach-window] t=39.60s pos_err=0.025m T=22.07N z=6.613 m_est=2.255
[INFO] [1789405517.863703790] [acados_nmpc_node]: [attach-window] t=39.65s pos_err=0.025m T=22.06N z=6.611 m_est=2.255
[INFO] [1789405517.919031796] [acados_nmpc_node]: [attach-window] t=39.70s pos_err=0.027m T=22.09N z=6.605 m_est=2.255
[INFO] [1789405517.963787830] [acados_nmpc_node]: [attach-window] t=39.75s pos_err=0.024m T=22.08N z=6.603 m_est=2.255
[INFO] [1789405517.991734380] [acados_nmpc_node]: [wcmd] raw=[+0.016,+0.007,-0.409] w=[+0.007,+0.010,-0.442] err=[+0.009,-0.003] scaled=[+0.040,-0.002] s=3.67
[INFO] [1789405518.018939501] [acados_nmpc_node]: [attach-window] t=39.80s pos_err=0.025m T=22.08N z=6.598 m_est=2.255
[INFO] [1789405518.063764321] [acados_nmpc_node]: [attach-window] t=39.85s pos_err=0.023m T=22.07N z=6.595 m_est=2.255
[INFO] [1789405518.118957349] [acados_nmpc_node]: [attach-window] t=39.90s pos_err=0.023m T=22.09N z=6.590 m_est=2.255
[INFO] [1789405518.163851691] [acados_nmpc_node]: [attach-window] t=39.95s pos_err=0.024m T=22.08N z=6.587 m_est=2.255
[INFO] [1789405518.191765121] [acados_nmpc_node]: [wcmd] raw=[+0.019,+0.038,-0.386] w=[+0.019,+0.016,-0.416] err=[+0.001,+0.021] scaled=[+0.021,+0.095] s=3.67
[INFO] [1789405518.219609993] [acados_nmpc_node]: [attach-window] t=40.00s pos_err=0.024m T=22.10N z=6.582 m_est=2.255
[INFO] [1789405518.263797807] [acados_nmpc_node]: [attach-window] t=40.05s pos_err=0.022m T=22.09N z=6.579 m_est=2.255
[INFO] [1789405518.318917861] [acados_nmpc_node]: [attach-window] t=40.10s pos_err=0.024m T=22.08N z=6.574 m_est=2.255
[INFO] [1789405518.363882242] [acados_nmpc_node]: [attach-window] t=40.15s pos_err=0.023m T=22.07N z=6.571 m_est=2.255
[INFO] [1789405518.391686081] [acados_nmpc_node]: [wcmd] raw=[+0.004,+0.015,-0.358] w=[-0.001,-0.025,-0.409] err=[+0.005,+0.040] scaled=[+0.016,+0.121] s=3.67
[INFO] [1789405518.419437100] [acados_nmpc_node]: [attach-window] t=40.20s pos_err=0.026m T=22.09N z=6.565 m_est=2.255
[INFO] [1789405518.463712528] [acados_nmpc_node]: [attach-window] t=40.25s pos_err=0.023m T=22.08N z=6.563 m_est=2.255
[INFO] [1789405518.519038833] [acados_nmpc_node]: [attach-window] t=40.30s pos_err=0.025m T=22.08N z=6.557 m_est=2.255
[INFO] [1789405518.563812674] [acados_nmpc_node]: [attach-window] t=40.35s pos_err=0.024m T=22.07N z=6.555 m_est=2.255
[INFO] [1789405518.591702312] [acados_nmpc_node]: [wcmd] raw=[+0.005,+0.023,-0.323] w=[-0.008,+0.008,-0.369] err=[+0.013,+0.016] scaled=[+0.038,+0.065] s=3.67
[INFO] [1789405518.619353464] [acados_nmpc_node]: [attach-window] t=40.40s pos_err=0.028m T=22.10N z=6.548 m_est=2.255
[INFO] [1789405518.663784841] [acados_nmpc_node]: [attach-window] t=40.45s pos_err=0.024m T=22.10N z=6.545 m_est=2.255
[INFO] [1789405518.719174250] [acados_nmpc_node]: [attach-window] t=40.50s pos_err=0.026m T=22.11N z=6.539 m_est=2.255
[INFO] [1789405518.763774440] [acados_nmpc_node]: [attach-window] t=40.55s pos_err=0.025m T=22.10N z=6.536 m_est=2.255
[INFO] [1789405518.791768798] [acados_nmpc_node]: [wcmd] raw=[+0.005,+0.037,-0.291] w=[-0.001,-0.006,-0.341] err=[+0.006,+0.043] scaled=[+0.020,+0.150] s=3.67
[INFO] [1789405518.819316485] [acados_nmpc_node]: [attach-window] t=40.60s pos_err=0.028m T=22.13N z=6.529 m_est=2.255
[INFO] [1789405518.863711918] [acados_nmpc_node]: [attach-window] t=40.65s pos_err=0.026m T=22.12N z=6.526 m_est=2.255
[INFO] [1789405518.919128268] [acados_nmpc_node]: [attach-window] t=40.70s pos_err=0.027m T=22.11N z=6.521 m_est=2.255
[INFO] [1789405518.963949323] [acados_nmpc_node]: [attach-window] t=40.75s pos_err=0.028m T=22.10N z=6.518 m_est=2.255
[INFO] [1789405518.991772125] [acados_nmpc_node]: [wcmd] raw=[+0.007,+0.033,-0.263] w=[-0.005,+0.003,-0.307] err=[+0.012,+0.030] scaled=[+0.040,+0.112] s=3.67
[INFO] [1789405519.019286532] [acados_nmpc_node]: [attach-window] t=40.80s pos_err=0.027m T=22.11N z=6.511 m_est=2.255
[INFO] [1789405519.063767122] [acados_nmpc_node]: [attach-window] t=40.85s pos_err=0.027m T=22.10N z=6.509 m_est=2.255
[INFO] [1789405519.064252283] [acados_nmpc_node]: t=40.8s | pos_err=0.027m | T=22.10N | tau=[r-0.176 p0.029 y0.017]Nm | res_stat=3.186e-07(peak 9.984e-07) sqp_iter=3 | solve=1.6ms
[INFO] [1789405519.064452384] [acados_nmpc_node]: [flight-diag] t=40.8s | om_scale=3.668(lo 3.667 hi 3.668) | tilt_max=2.79deg | w_max=[r0.025 p0.043 y0.481]rad/s | u_frac=[T0.706 r0.406 p0.137 y0.147] | u_sat=[T0.0 r0.0 p0.0 y0.0]% | mot_peak=0.846 mot_sat=0.0% | health=1 age=0.000s conf=0.000 | n=100
[INFO] [1789405519.119052781] [acados_nmpc_node]: [attach-window] t=40.90s pos_err=0.026m T=22.09N z=6.503 m_est=2.255
[INFO] [1789405519.163854523] [acados_nmpc_node]: [attach-window] t=40.95s pos_err=0.029m T=22.07N z=6.500 m_est=2.255
[INFO] [1789405519.191845266] [acados_nmpc_node]: [wcmd] raw=[+0.018,+0.040,-0.237] w=[+0.009,+0.008,-0.274] err=[+0.008,+0.031] scaled=[+0.040,+0.123] s=3.67
[INFO] [1789405519.219330933] [acados_nmpc_node]: [attach-window] t=41.00s pos_err=0.025m T=22.08N z=6.494 m_est=2.255
[INFO] [1789405519.263907275] [acados_nmpc_node]: [attach-window] t=41.05s pos_err=0.028m T=22.07N z=6.491 m_est=2.255
[INFO] [1789405519.319467844] [acados_nmpc_node]: [attach-window] t=41.10s pos_err=0.024m T=22.06N z=6.486 m_est=2.255
[INFO] [1789405519.364062808] [acados_nmpc_node]: [attach-window] t=41.15s pos_err=0.033m T=22.05N z=6.483 m_est=2.255
[INFO] [1789405519.391722852] [acados_nmpc_node]: [wcmd] raw=[+0.017,+0.044,-0.216] w=[+0.014,+0.003,-0.248] err=[+0.003,+0.040] scaled=[+0.026,+0.152] s=3.67
[INFO] [1789405519.419599645] [acados_nmpc_node]: [attach-window] t=41.20s pos_err=0.022m T=22.09N z=6.476 m_est=2.255
[INFO] [1789405519.464195674] [acados_nmpc_node]: [attach-window] t=41.25s pos_err=0.032m T=22.08N z=6.473 m_est=2.255
[INFO] [1789405519.519317921] [acados_nmpc_node]: [attach-window] t=41.30s pos_err=0.025m T=22.08N z=6.467 m_est=2.255
[INFO] [1789405519.564109661] [acados_nmpc_node]: [attach-window] t=41.35s pos_err=0.039m T=22.08N z=6.464 m_est=2.255
[INFO] [1789405519.591704221] [acados_nmpc_node]: [wcmd] raw=[+0.016,+0.041,-0.197] w=[+0.012,+0.013,-0.222] err=[+0.003,+0.027] scaled=[+0.025,+0.114] s=3.67
[INFO] [1789405519.616777856] [acados_nmpc_node]: [attach-window] t=41.40s pos_err=0.021m T=22.09N z=6.457 m_est=2.255
[INFO] [1789405519.663782568] [acados_nmpc_node]: [attach-window] t=41.45s pos_err=0.037m T=22.08N z=6.454 m_est=2.255
[INFO] [1789405519.718985904] [acados_nmpc_node]: [attach-window] t=41.50s pos_err=0.028m T=22.06N z=6.449 m_est=2.255
[INFO] [1789405519.763683463] [acados_nmpc_node]: [attach-window] t=41.55s pos_err=0.045m T=22.05N z=6.446 m_est=2.255
[INFO] [1789405519.791774325] [acados_nmpc_node]: [wcmd] raw=[+0.013,+0.034,-0.180] w=[+0.010,-0.008,-0.207] err=[+0.003,+0.042] scaled=[+0.021,+0.147] s=3.67
[INFO] [1789405519.819173670] [acados_nmpc_node]: [attach-window] t=41.60s pos_err=0.026m T=22.07N z=6.439 m_est=2.255
[INFO] [1789405519.863697631] [acados_nmpc_node]: [attach-window] t=41.65s pos_err=0.042m T=22.07N z=6.436 m_est=2.255
[INFO] [1789405519.919015171] [acados_nmpc_node]: [attach-window] t=41.70s pos_err=0.033m T=22.07N z=6.429 m_est=2.255
[INFO] [1789405519.963848366] [acados_nmpc_node]: [attach-window] t=41.75s pos_err=0.051m T=22.06N z=6.426 m_est=2.255
[INFO] [1789405519.991741766] [acados_nmpc_node]: [wcmd] raw=[+0.002,+0.025,-0.163] w=[+0.002,-0.016,-0.188] err=[+0.000,+0.041] scaled=[+0.002,+0.135] s=3.67
[INFO] [1789405520.019195403] [acados_nmpc_node]: [attach-window] t=41.80s pos_err=0.030m T=22.08N z=6.419 m_est=2.255
[INFO] [1789405520.063784473] [acados_nmpc_node]: [attach-window] t=41.85s pos_err=0.048m T=22.08N z=6.416 m_est=2.255
[INFO] [1789405520.119008053] [acados_nmpc_node]: [attach-window] t=41.90s pos_err=0.026m T=22.08N z=6.408 m_est=2.254
[INFO] [1789405520.163669846] [acados_nmpc_node]: [attach-window] t=41.95s pos_err=0.055m T=22.07N z=6.406 m_est=2.254
[INFO] [1789405520.191834795] [acados_nmpc_node]: [wcmd] raw=[+0.002,+0.027,-0.145] w=[-0.006,-0.024,-0.169] err=[+0.008,+0.050] scaled=[+0.024,+0.161] s=3.67
[INFO] [1789405520.219386523] [acados_nmpc_node]: [attach-window] t=42.00s pos_err=0.033m T=22.07N z=6.398 m_est=2.254
[INFO] [1789405520.263787819] [acados_nmpc_node]: [attach-window] t=42.05s pos_err=0.051m T=22.05N z=6.395 m_est=2.254
[INFO] [1789405520.319633007] [acados_nmpc_node]: [attach-window] t=42.10s pos_err=0.038m T=22.06N z=6.388 m_est=2.254
[INFO] [1789405520.363918512] [acados_nmpc_node]: [attach-window] t=42.15s pos_err=0.056m T=22.06N z=6.384 m_est=2.254
[INFO] [1789405520.391887951] [acados_nmpc_node]: [wcmd] raw=[+0.001,+0.023,-0.133] w=[-0.000,+0.014,-0.138] err=[+0.002,+0.009] scaled=[+0.006,+0.048] s=3.67
[INFO] [1789405520.419587036] [acados_nmpc_node]: [attach-window] t=42.20s pos_err=0.031m T=22.07N z=6.377 m_est=2.254
[INFO] [1789405520.463965702] [acados_nmpc_node]: [attach-window] t=42.25s pos_err=0.049m T=22.07N z=6.373 m_est=2.254
[INFO] [1789405520.519394560] [acados_nmpc_node]: [attach-window] t=42.30s pos_err=0.022m T=22.06N z=6.366 m_est=2.254
[INFO] [1789405520.563936231] [acados_nmpc_node]: [attach-window] t=42.35s pos_err=0.040m T=22.05N z=6.363 m_est=2.253
[INFO] [1789405520.591890996] [acados_nmpc_node]: [wcmd] raw=[-0.008,-0.017,-0.122] w=[-0.008,-0.065,-0.147] err=[+0.000,+0.047] scaled=[-0.007,+0.108] s=3.67
[INFO] [1789405520.619556067] [acados_nmpc_node]: [attach-window] t=42.40s pos_err=0.026m T=22.06N z=6.356 m_est=2.253
[INFO] [1789405520.664127688] [acados_nmpc_node]: [attach-window] t=42.45s pos_err=0.045m T=22.05N z=6.353 m_est=2.253
[INFO] [1789405520.720199898] [acados_nmpc_node]: [attach-window] t=42.50s pos_err=0.018m T=22.08N z=6.345 m_est=2.253
[INFO] [1789405520.763852904] [acados_nmpc_node]: [attach-window] t=42.55s pos_err=0.036m T=22.07N z=6.341 m_est=2.253
[INFO] [1789405520.791798067] [acados_nmpc_node]: [wcmd] raw=[-0.003,+0.004,-0.107] w=[-0.009,+0.024,-0.102] err=[+0.006,-0.021] scaled=[+0.013,-0.051] s=3.67
[INFO] [1789405520.819287920] [acados_nmpc_node]: [attach-window] t=42.60s pos_err=0.022m T=22.04N z=6.335 m_est=2.253
[INFO] [1789405520.863854214] [acados_nmpc_node]: [attach-window] t=42.65s pos_err=0.041m T=22.03N z=6.331 m_est=2.253
[INFO] [1789405520.919307424] [acados_nmpc_node]: [attach-window] t=42.70s pos_err=0.028m T=22.06N z=6.325 m_est=2.253
[INFO] [1789405520.963938043] [acados_nmpc_node]: [attach-window] t=42.75s pos_err=0.048m T=22.04N z=6.321 m_est=2.252
[INFO] [1789405520.991749037] [acados_nmpc_node]: [wcmd] raw=[-0.002,+0.070,-0.102] w=[-0.002,+0.024,-0.090] err=[-0.000,+0.046] scaled=[-0.002,+0.192] s=3.67
[INFO] [1789405521.019201369] [acados_nmpc_node]: [attach-window] t=42.80s pos_err=0.022m T=22.07N z=6.314 m_est=2.252
[INFO] [1789405521.063778033] [acados_nmpc_node]: [attach-window] t=42.85s pos_err=0.043m T=22.05N z=6.310 m_est=2.252
[INFO] [1789405521.119396543] [acados_nmpc_node]: [attach-window] t=42.90s pos_err=0.029m T=22.01N z=6.304 m_est=2.252
[INFO] [1789405521.163890477] [acados_nmpc_node]: [attach-window] t=42.95s pos_err=0.050m T=22.00N z=6.300 m_est=2.252
[INFO] [1789405521.191809904] [acados_nmpc_node]: [wcmd] raw=[-0.005,+0.034,-0.101] w=[-0.010,-0.039,-0.109] err=[+0.005,+0.072] scaled=[+0.010,+0.227] s=3.67
[INFO] [1789405521.219169216] [acados_nmpc_node]: [attach-window] t=43.00s pos_err=0.024m T=22.01N z=6.293 m_est=2.252
[INFO] [1789405521.263739860] [acados_nmpc_node]: [attach-window] t=43.05s pos_err=0.045m T=22.00N z=6.290 m_est=2.252
[INFO] [1789405521.319319325] [acados_nmpc_node]: [attach-window] t=43.10s pos_err=0.032m T=22.00N z=6.284 m_est=2.252
[INFO] [1789405521.363983216] [acados_nmpc_node]: [attach-window] t=43.15s pos_err=0.041m T=22.00N z=6.280 m_est=2.252
[INFO] [1789405521.391854435] [acados_nmpc_node]: [wcmd] raw=[+0.002,+0.001,-0.089] w=[-0.003,+0.019,-0.084] err=[+0.004,-0.018] scaled=[+0.014,-0.047] s=3.67
[INFO] [1789405521.419508979] [acados_nmpc_node]: [attach-window] t=43.20s pos_err=0.027m T=22.01N z=6.274 m_est=2.251
[INFO] [1789405521.463828478] [acados_nmpc_node]: [attach-window] t=43.25s pos_err=0.049m T=22.01N z=6.271 m_est=2.251
[INFO] [1789405521.519362351] [acados_nmpc_node]: [attach-window] t=43.30s pos_err=0.035m T=22.02N z=6.265 m_est=2.251
[INFO] [1789405521.563736563] [acados_nmpc_node]: [attach-window] t=43.35s pos_err=0.058m T=22.00N z=6.261 m_est=2.251
[INFO] [1789405521.591810300] [acados_nmpc_node]: [wcmd] raw=[+0.017,+0.063,-0.078] w=[+0.010,+0.001,-0.081] err=[+0.007,+0.062] scaled=[+0.036,+0.230] s=3.67
[INFO] [1789405521.619094161] [acados_nmpc_node]: [attach-window] t=43.40s pos_err=0.030m T=22.02N z=6.254 m_est=2.251
[INFO] [1789405521.663718513] [acados_nmpc_node]: [attach-window] t=43.45s pos_err=0.053m T=22.00N z=6.251 m_est=2.251
[INFO] [1789405521.719170870] [acados_nmpc_node]: [attach-window] t=43.50s pos_err=0.040m T=21.97N z=6.245 m_est=2.251
[INFO] [1789405521.763795620] [acados_nmpc_node]: [attach-window] t=43.55s pos_err=0.063m T=21.96N z=6.242 m_est=2.250
[INFO] [1789405521.791680938] [acados_nmpc_node]: [wcmd] raw=[+0.020,+0.024,-0.073] w=[+0.022,-0.045,-0.088] err=[-0.002,+0.069] scaled=[+0.015,+0.207] s=3.67
[INFO] [1789405521.819106891] [acados_nmpc_node]: [attach-window] t=43.60s pos_err=0.049m T=21.97N z=6.236 m_est=2.250
[INFO] [1789405521.863705455] [acados_nmpc_node]: [attach-window] t=43.65s pos_err=0.058m T=21.96N z=6.232 m_est=2.250
[INFO] [1789405521.919192356] [acados_nmpc_node]: [attach-window] t=43.70s pos_err=0.044m T=21.98N z=6.225 m_est=2.250
[INFO] [1789405521.963697805] [acados_nmpc_node]: [attach-window] t=43.75s pos_err=0.066m T=21.98N z=6.222 m_est=2.250
[INFO] [1789405521.991735695] [acados_nmpc_node]: [wcmd] raw=[-0.006,+0.008,-0.061] w=[+0.011,+0.042,-0.055] err=[-0.017,-0.034] scaled=[-0.050,-0.083] s=3.67
[INFO] [1789405522.019169421] [acados_nmpc_node]: [attach-window] t=43.80s pos_err=0.038m T=21.96N z=6.215 m_est=2.250
[INFO] [1789405522.063821467] [acados_nmpc_node]: [attach-window] t=43.85s pos_err=0.059m T=21.96N z=6.212 m_est=2.249
[INFO] [1789405522.119182164] [acados_nmpc_node]: [attach-window] t=43.90s pos_err=0.044m T=21.95N z=6.205 m_est=2.249
[INFO] [1789405522.163715316] [acados_nmpc_node]: [attach-window] t=43.95s pos_err=0.066m T=21.92N z=6.202 m_est=2.249
[INFO] [1789405522.191700203] [acados_nmpc_node]: [wcmd] raw=[-0.020,+0.043,-0.047] w=[-0.026,-0.063,-0.078] err=[+0.006,+0.106] scaled=[-0.002,+0.325] s=3.67
[INFO] [1789405522.219177697] [acados_nmpc_node]: [attach-window] t=44.00s pos_err=0.050m T=21.93N z=6.196 m_est=2.249
[INFO] [1789405522.263628038] [acados_nmpc_node]: [attach-window] t=44.05s pos_err=0.057m T=21.92N z=6.193 m_est=2.249
[INFO] [1789405522.319138867] [acados_nmpc_node]: [attach-window] t=44.10s pos_err=0.042m T=21.91N z=6.187 m_est=2.249
[INFO] [1789405522.363824215] [acados_nmpc_node]: [attach-window] t=44.15s pos_err=0.063m T=21.91N z=6.184 m_est=2.248
[INFO] [1789405522.391802172] [acados_nmpc_node]: [wcmd] raw=[-0.021,-0.028,-0.038] w=[-0.028,-0.014,-0.050] err=[+0.007,-0.014] scaled=[-0.003,-0.066] s=3.67
[INFO] [1789405522.420208030] [acados_nmpc_node]: [attach-window] t=44.20s pos_err=0.049m T=21.89N z=6.178 m_est=2.248
[INFO] [1789405522.463842297] [acados_nmpc_node]: [attach-window] t=44.25s pos_err=0.055m T=21.87N z=6.175 m_est=2.248
[INFO] [1789405522.519172040] [acados_nmpc_node]: [attach-window] t=44.30s pos_err=0.041m T=21.87N z=6.169 m_est=2.248
[INFO] [1789405522.563851282] [acados_nmpc_node]: [attach-window] t=44.35s pos_err=0.063m T=21.85N z=6.166 m_est=2.248
[INFO] [1789405522.591681524] [acados_nmpc_node]: [wcmd] raw=[-0.004,+0.053,-0.024] w=[-0.016,+0.035,-0.017] err=[+0.012,+0.018] scaled=[+0.028,+0.100] s=3.67
[INFO] [1789405522.618981711] [acados_nmpc_node]: [attach-window] t=44.40s pos_err=0.048m T=21.87N z=6.160 m_est=2.248
[INFO] [1789405522.663649900] [acados_nmpc_node]: [attach-window] t=44.45s pos_err=0.056m T=21.87N z=6.156 m_est=2.248
[INFO] [1789405522.719034811] [acados_nmpc_node]: [attach-window] t=44.50s pos_err=0.041m T=21.90N z=6.150 m_est=2.247
[INFO] [1789405522.763697975] [acados_nmpc_node]: [attach-window] t=44.55s pos_err=0.062m T=21.91N z=6.146 m_est=2.247
[INFO] [1789405522.791747266] [acados_nmpc_node]: [wcmd] raw=[-0.001,-0.002,-0.028] w=[+0.005,-0.071,-0.043] err=[-0.005,+0.069] scaled=[-0.015,+0.182] s=3.67
[INFO] [1789405522.819067211] [acados_nmpc_node]: [attach-window] t=44.60s pos_err=0.046m T=21.95N z=6.139 m_est=2.247
[INFO] [1789405522.863717637] [acados_nmpc_node]: [attach-window] t=44.65s pos_err=0.054m T=21.94N z=6.134 m_est=2.247
[INFO] [1789405522.918955758] [acados_nmpc_node]: [attach-window] t=44.70s pos_err=0.039m T=21.99N z=6.126 m_est=2.247
[INFO] [1789405522.963652767] [acados_nmpc_node]: [attach-window] t=44.75s pos_err=0.061m T=21.99N z=6.122 m_est=2.246
[INFO] [1789405522.991859077] [acados_nmpc_node]: [wcmd] raw=[-0.008,+0.032,-0.020] w=[-0.007,+0.073,+0.009] err=[-0.001,-0.041] scaled=[-0.010,-0.077] s=3.67
[INFO] [1789405523.019375061] [acados_nmpc_node]: [attach-window] t=44.80s pos_err=0.045m T=22.03N z=6.113 m_est=2.246
[INFO] [1789405523.063810541] [acados_nmpc_node]: [attach-window] t=44.85s pos_err=0.053m T=22.06N z=6.107 m_est=2.246
[INFO] [1789405523.119353708] [acados_nmpc_node]: [attach-window] t=44.90s pos_err=0.037m T=22.12N z=6.098 m_est=2.245
[INFO] [1789405523.163723818] [acados_nmpc_node]: [attach-window] t=44.95s pos_err=0.046m T=22.14N z=6.092 m_est=2.245
[INFO] [1789405523.191688301] [acados_nmpc_node]: [wcmd] raw=[-0.005,-0.005,-0.022] w=[-0.008,-0.062,-0.034] err=[+0.003,+0.057] scaled=[+0.004,+0.147] s=3.66
[INFO] [1789405523.219329220] [acados_nmpc_node]: [attach-window] t=45.00s pos_err=0.045m T=22.17N z=6.084 m_est=2.245
[INFO] [1789405523.263749791] [acados_nmpc_node]: [attach-window] t=45.05s pos_err=0.054m T=22.18N z=6.078 m_est=2.245
[INFO] [1789405523.319527990] [acados_nmpc_node]: [attach-window] t=45.10s pos_err=0.039m T=22.21N z=6.068 m_est=2.245
[INFO] [1789405523.363669592] [acados_nmpc_node]: [attach-window] t=45.15s pos_err=0.047m T=22.20N z=6.062 m_est=2.245
[INFO] [1789405523.391777405] [acados_nmpc_node]: [wcmd] raw=[-0.009,-0.015,-0.015] w=[-0.002,+0.068,+0.008] err=[-0.007,-0.083] scaled=[-0.027,-0.233] s=3.64
[INFO] [1789405523.419294722] [acados_nmpc_node]: [attach-window] t=45.20s pos_err=0.031m T=22.19N z=6.053 m_est=2.244
[INFO] [1789405523.463744148] [acados_nmpc_node]: [attach-window] t=45.25s pos_err=0.056m T=22.18N z=6.049 m_est=2.244
[INFO] [1789405523.519327415] [acados_nmpc_node]: [attach-window] t=45.30s pos_err=0.040m T=22.17N z=6.040 m_est=2.244
[INFO] [1789405523.563729884] [acados_nmpc_node]: [attach-window] t=45.35s pos_err=0.050m T=22.13N z=6.034 m_est=2.244
[INFO] [1789405523.591800179] [acados_nmpc_node]: [wcmd] raw=[-0.016,+0.038,-0.008] w=[-0.017,-0.031,-0.019] err=[+0.001,+0.069] scaled=[-0.013,+0.220] s=3.62
[INFO] [1789405523.619239422] [acados_nmpc_node]: [attach-window] t=45.40s pos_err=0.034m T=22.14N z=6.026 m_est=2.244
[INFO] [1789405523.663669517] [acados_nmpc_node]: [attach-window] t=45.45s pos_err=0.059m T=22.11N z=6.022 m_est=2.245
[INFO] [1789405523.719105337] [acados_nmpc_node]: [attach-window] t=45.50s pos_err=0.043m T=22.09N z=6.014 m_est=2.245
[INFO] [1789405523.763799505] [acados_nmpc_node]: [attach-window] t=45.55s pos_err=0.053m T=22.09N z=6.009 m_est=2.245
[INFO] [1789405523.791730840] [acados_nmpc_node]: [wcmd] raw=[-0.011,-0.024,-0.004] w=[-0.015,-0.010,-0.010] err=[+0.004,-0.014] scaled=[-0.001,-0.060] s=3.61
[INFO] [1789405523.819144836] [acados_nmpc_node]: [attach-window] t=45.60s pos_err=0.037m T=22.10N z=6.002 m_est=2.246
[INFO] [1789405523.863640520] [acados_nmpc_node]: [attach-window] t=45.65s pos_err=0.063m T=22.08N z=5.998 m_est=2.246
[INFO] [1789405523.919224257] [acados_nmpc_node]: [attach-window] t=45.70s pos_err=0.048m T=22.10N z=5.991 m_est=2.246
[INFO] [1789405523.963653727] [acados_nmpc_node]: [attach-window] t=45.75s pos_err=0.057m T=22.08N z=5.986 m_est=2.247
[INFO] [1789405523.991697508] [acados_nmpc_node]: [wcmd] raw=[-0.006,+0.027,+0.009] w=[-0.009,+0.036,+0.014] err=[+0.003,-0.009] scaled=[+0.003,+0.005] s=3.60
[INFO] [1789405524.018940586] [acados_nmpc_node]: [attach-window] t=45.80s pos_err=0.042m T=22.10N z=5.979 m_est=2.247
[INFO] [1789405524.063726768] [acados_nmpc_node]: [attach-window] t=45.85s pos_err=0.067m T=22.08N z=5.975 m_est=2.248
[INFO] [1789405524.064210402] [acados_nmpc_node]: t=45.8s | pos_err=0.067m | T=22.08N | tau=[r-0.170 p-0.004 y-0.006]Nm | res_stat=3.804e-07(peak 9.984e-07) sqp_iter=3 | solve=1.6ms
[INFO] [1789405524.064412347] [acados_nmpc_node]: [flight-diag] t=45.8s | om_scale=3.601(lo 3.601 hi 3.668) | tilt_max=3.37deg | w_max=[r0.027 p0.113 y0.285]rad/s | u_frac=[T0.709 r0.388 p0.311 y0.110] | u_sat=[T0.0 r0.0 p0.0 y0.0]% | mot_peak=0.872 mot_sat=0.0% | health=1 age=0.000s conf=0.000 | n=100
[INFO] [1789405524.116756397] [acados_nmpc_node]: [attach-window] t=45.90s pos_err=0.049m T=22.07N z=5.968 m_est=2.248
[INFO] [1789405524.163037315] [acados_nmpc_node]: [attach-window] t=45.95s pos_err=0.077m T=22.05N z=5.964 m_est=2.249
[INFO] [1789405524.191590441] [acados_nmpc_node]: [wcmd] raw=[-0.003,+0.033,+0.012] w=[-0.003,-0.060,-0.012] err=[+0.000,+0.093] scaled=[-0.002,+0.274] s=3.60
[INFO] [1789405524.219041428] [acados_nmpc_node]: [attach-window] t=46.00s pos_err=0.062m T=22.06N z=5.957 m_est=2.249
[INFO] [1789405524.263777414] [acados_nmpc_node]: [attach-window] t=46.05s pos_err=0.071m T=22.04N z=5.952 m_est=2.249
[INFO] [1789405524.319171122] [acados_nmpc_node]: [attach-window] t=46.10s pos_err=0.056m T=22.07N z=5.945 m_est=2.250
[INFO] [1789405524.363694469] [acados_nmpc_node]: [attach-window] t=46.15s pos_err=0.080m T=22.06N z=5.941 m_est=2.250
[INFO] [1789405524.391788561] [acados_nmpc_node]: [wcmd] raw=[-0.000,-0.004,+0.021] w=[+0.001,+0.043,+0.028] err=[-0.001,-0.048] scaled=[-0.003,-0.129] s=3.59
[INFO] [1789405524.419075209] [acados_nmpc_node]: [attach-window] t=46.20s pos_err=0.049m T=22.06N z=5.933 m_est=2.250
[INFO] [1789405524.463862620] [acados_nmpc_node]: [attach-window] t=46.25s pos_err=0.074m T=22.05N z=5.929 m_est=2.250
[INFO] [1789405524.519044275] [acados_nmpc_node]: [attach-window] t=46.30s pos_err=0.058m T=22.06N z=5.921 m_est=2.251
[INFO] [1789405524.563757673] [acados_nmpc_node]: [attach-window] t=46.35s pos_err=0.068m T=22.05N z=5.917 m_est=2.251
[INFO] [1789405524.591727787] [acados_nmpc_node]: [wcmd] raw=[+0.005,+0.014,+0.031] w=[+0.001,-0.044,+0.011] err=[+0.004,+0.058] scaled=[+0.015,+0.163] s=3.59
[INFO] [1789405524.619301109] [acados_nmpc_node]: [attach-window] t=46.40s pos_err=0.068m T=22.07N z=5.910 m_est=2.251
[INFO] [1789405524.663726509] [acados_nmpc_node]: [attach-window] t=46.45s pos_err=0.077m T=22.08N z=5.905 m_est=2.251
[INFO] [1789405524.719258199] [acados_nmpc_node]: [attach-window] t=46.50s pos_err=0.061m T=22.12N z=5.897 m_est=2.251
[INFO] [1789405524.763886936] [acados_nmpc_node]: [attach-window] t=46.55s pos_err=0.086m T=22.12N z=5.892 m_est=2.251
[INFO] [1789405524.791725133] [acados_nmpc_node]: [wcmd] raw=[+0.004,-0.001,+0.035] w=[+0.009,+0.008,+0.034] err=[-0.005,-0.010] scaled=[-0.010,-0.027] s=3.59
[INFO] [1789405524.819169480] [acados_nmpc_node]: [attach-window] t=46.60s pos_err=0.071m T=22.12N z=5.884 m_est=2.251
[INFO] [1789405524.863744660] [acados_nmpc_node]: [attach-window] t=46.65s pos_err=0.081m T=22.11N z=5.880 m_est=2.251
[INFO] [1789405524.919078673] [acados_nmpc_node]: [attach-window] t=46.70s pos_err=0.066m T=22.13N z=5.872 m_est=2.251
[INFO] [1789405524.963887224] [acados_nmpc_node]: [attach-window] t=46.75s pos_err=0.091m T=22.11N z=5.868 m_est=2.251
[INFO] [1789405524.991871552] [acados_nmpc_node]: [wcmd] raw=[-0.010,+0.038,+0.043] w=[-0.001,+0.013,+0.042] err=[-0.009,+0.025] scaled=[-0.034,+0.103] s=3.59
[INFO] [1789405525.019430938] [acados_nmpc_node]: [attach-window] t=46.80s pos_err=0.076m T=22.13N z=5.860 m_est=2.251
[INFO] [1789405525.063850151] [acados_nmpc_node]: [attach-window] t=46.85s pos_err=0.085m T=22.13N z=5.855 m_est=2.251
[INFO] [1789405525.119470283] [acados_nmpc_node]: [attach-window] t=46.90s pos_err=0.070m T=22.14N z=5.847 m_est=2.250
[INFO] [1789405525.163970714] [acados_nmpc_node]: [attach-window] t=46.95s pos_err=0.094m T=22.14N z=5.844 m_est=2.250
[INFO] [1789405525.191709255] [acados_nmpc_node]: [wcmd] raw=[-0.015,-0.009,+0.046] w=[-0.016,-0.046,+0.027] err=[+0.001,+0.037] scaled=[-0.013,+0.087] s=3.59
[INFO] [1789405525.219208681] [acados_nmpc_node]: [attach-window] t=47.00s pos_err=0.079m T=22.15N z=5.836 m_est=2.250
[INFO] [1789405525.264309667] [acados_nmpc_node]: [attach-window] t=47.05s pos_err=0.089m T=22.13N z=5.831 m_est=2.250
[INFO] [1789405525.319277874] [acados_nmpc_node]: [attach-window] t=47.10s pos_err=0.073m T=22.15N z=5.823 m_est=2.250
[INFO] [1789405525.364152251] [acados_nmpc_node]: [attach-window] t=47.15s pos_err=0.096m T=22.12N z=5.820 m_est=2.250
[INFO] [1789405525.391680398] [acados_nmpc_node]: [wcmd] raw=[-0.015,+0.018,+0.060] w=[-0.015,+0.032,+0.061] err=[+0.001,-0.015] scaled=[-0.013,-0.020] s=3.59
[INFO] [1789405525.419197675] [acados_nmpc_node]: [attach-window] t=47.20s pos_err=0.081m T=22.11N z=5.813 m_est=2.250
[INFO] [1789405525.463543620] [acados_nmpc_node]: [attach-window] t=47.25s pos_err=0.090m T=22.10N z=5.808 m_est=2.250
[INFO] [1789405525.519197784] [acados_nmpc_node]: [attach-window] t=47.30s pos_err=0.074m T=22.12N z=5.801 m_est=2.250
[INFO] [1789405525.563990008] [acados_nmpc_node]: [attach-window] t=47.35s pos_err=0.097m T=22.11N z=5.797 m_est=2.251
[INFO] [1789405525.591678848] [acados_nmpc_node]: [wcmd] raw=[-0.015,+0.003,+0.066] w=[-0.015,-0.058,+0.039] err=[-0.000,+0.061] scaled=[-0.015,+0.160] s=3.59
[INFO] [1789405525.619166175] [acados_nmpc_node]: [attach-window] t=47.40s pos_err=0.081m T=22.14N z=5.790 m_est=2.251
[INFO] [1789405525.663879698] [acados_nmpc_node]: [attach-window] t=47.45s pos_err=0.089m T=22.13N z=5.785 m_est=2.251
[INFO] [1789405525.719034531] [acados_nmpc_node]: [attach-window] t=47.50s pos_err=0.073m T=22.16N z=5.778 m_est=2.251
[INFO] [1789405525.763947738] [acados_nmpc_node]: [attach-window] t=47.55s pos_err=0.095m T=22.14N z=5.774 m_est=2.251
[INFO] [1789405525.791734035] [acados_nmpc_node]: [wcmd] raw=[-0.012,-0.003,+0.078] w=[-0.013,+0.021,+0.074] err=[+0.001,-0.024] scaled=[-0.008,-0.064] s=3.59
[INFO] [1789405525.819297323] [acados_nmpc_node]: [attach-window] t=47.60s pos_err=0.079m T=22.13N z=5.767 m_est=2.251
[INFO] [1789405525.863952705] [acados_nmpc_node]: [attach-window] t=47.65s pos_err=0.086m T=22.12N z=5.763 m_est=2.252
[INFO] [1789405525.919302108] [acados_nmpc_node]: [attach-window] t=47.70s pos_err=0.069m T=22.14N z=5.756 m_est=2.252
[INFO] [1789405525.964153383] [acados_nmpc_node]: [attach-window] t=47.75s pos_err=0.090m T=22.12N z=5.753 m_est=2.252
[INFO] [1789405525.991692250] [acados_nmpc_node]: [wcmd] raw=[-0.005,+0.009,+0.088] w=[-0.008,-0.046,+0.064] err=[+0.003,+0.055] scaled=[+0.003,+0.152] s=3.61
[INFO] [1789405526.019071950] [acados_nmpc_node]: [attach-window] t=47.80s pos_err=0.059m T=22.15N z=5.745 m_est=2.252
[INFO] [1789405526.063919655] [acados_nmpc_node]: [attach-window] t=47.85s pos_err=0.080m T=22.13N z=5.741 m_est=2.252
[INFO] [1789405526.118961522] [acados_nmpc_node]: [attach-window] t=47.90s pos_err=0.063m T=22.12N z=5.735 m_est=2.252
[INFO] [1789405526.163975472] [acados_nmpc_node]: [attach-window] t=47.95s pos_err=0.084m T=22.08N z=5.732 m_est=2.253
[INFO] [1789405526.191734058] [acados_nmpc_node]: [wcmd] raw=[-0.001,+0.011,+0.100] w=[+0.005,-0.020,+0.086] err=[-0.007,+0.031] scaled=[-0.019,+0.093] s=3.63
[INFO] [1789405526.219402508] [acados_nmpc_node]: [attach-window] t=48.00s pos_err=0.068m T=22.09N z=5.726 m_est=2.253
[INFO] [1789405526.264000613] [acados_nmpc_node]: [attach-window] t=48.05s pos_err=0.074m T=22.07N z=5.722 m_est=2.253
[INFO] [1789405526.319518098] [acados_nmpc_node]: [attach-window] t=48.10s pos_err=0.058m T=22.07N z=5.717 m_est=2.253
[INFO] [1789405526.364088187] [acados_nmpc_node]: [attach-window] t=48.15s pos_err=0.078m T=22.04N z=5.714 m_est=2.253
[INFO] [1789405526.391795133] [acados_nmpc_node]: [wcmd] raw=[-0.007,+0.002,+0.110] w=[-0.002,-0.002,+0.099] err=[-0.005,+0.003] scaled=[-0.021,+0.011] s=3.64
[INFO] [1789405526.419249478] [acados_nmpc_node]: [attach-window] t=48.20s pos_err=0.062m T=22.02N z=5.710 m_est=2.253
[INFO] [1789405526.463952109] [acados_nmpc_node]: [attach-window] t=48.25s pos_err=0.069m T=22.00N z=5.707 m_est=2.253
[INFO] [1789405526.519242167] [acados_nmpc_node]: [attach-window] t=48.30s pos_err=0.055m T=22.02N z=5.702 m_est=2.253
[INFO] [1789405526.563920945] [acados_nmpc_node]: [attach-window] t=48.35s pos_err=0.076m T=21.99N z=5.699 m_est=2.253
[INFO] [1789405526.591741850] [acados_nmpc_node]: [wcmd] raw=[-0.006,+0.024,+0.123] w=[-0.006,-0.004,+0.108] err=[-0.000,+0.028] scaled=[-0.007,+0.099] s=3.65
[INFO] [1789405526.618973300] [acados_nmpc_node]: [attach-window] t=48.40s pos_err=0.062m T=22.01N z=5.694 m_est=2.253
[INFO] [1789405526.663870105] [acados_nmpc_node]: [attach-window] t=48.45s pos_err=0.071m T=22.01N z=5.691 m_est=2.253
[INFO] [1789405526.719166666] [acados_nmpc_node]: [attach-window] t=48.50s pos_err=0.058m T=22.04N z=5.685 m_est=2.253
[INFO] [1789405526.764010902] [acados_nmpc_node]: [attach-window] t=48.55s pos_err=0.080m T=22.03N z=5.682 m_est=2.253
[INFO] [1789405526.791755694] [acados_nmpc_node]: [wcmd] raw=[-0.002,+0.016,+0.134] w=[+0.001,+0.007,+0.119] err=[-0.003,+0.009] scaled=[-0.011,+0.039] s=3.66
[INFO] [1789405526.819493058] [acados_nmpc_node]: [attach-window] t=48.60s pos_err=0.067m T=22.07N z=5.675 m_est=2.253
[INFO] [1789405526.863907789] [acados_nmpc_node]: [attach-window] t=48.65s pos_err=0.076m T=22.07N z=5.671 m_est=2.253
[INFO] [1789405526.919370099] [acados_nmpc_node]: [attach-window] t=48.70s pos_err=0.064m T=22.11N z=5.664 m_est=2.253
[INFO] [1789405526.963891807] [acados_nmpc_node]: [attach-window] t=48.75s pos_err=0.085m T=22.09N z=5.661 m_est=2.253
[INFO] [1789405526.991806318] [acados_nmpc_node]: [wcmd] raw=[-0.006,+0.023,+0.150] w=[+0.002,+0.016,+0.131] err=[-0.008,+0.007] scaled=[-0.026,+0.041] s=3.66
[INFO] [1789405527.017264745] [acados_nmpc_node]: [attach-window] t=48.80s pos_err=0.072m T=22.12N z=5.654 m_est=2.253
[INFO] [1789405527.064048987] [acados_nmpc_node]: [attach-window] t=48.85s pos_err=0.083m T=22.12N z=5.650 m_est=2.253
[INFO] [1789405527.119561304] [acados_nmpc_node]: [attach-window] t=48.90s pos_err=0.072m T=22.16N z=5.643 m_est=2.253
[INFO] [1789405527.163927996] [acados_nmpc_node]: [attach-window] t=48.95s pos_err=0.092m T=22.15N z=5.639 m_est=2.253
[INFO] [1789405527.191759743] [acados_nmpc_node]: [wcmd] raw=[-0.009,+0.016,+0.167] w=[-0.007,-0.006,+0.135] err=[-0.003,+0.022] scaled=[-0.017,+0.074] s=3.66
[INFO] [1789405527.219391482] [acados_nmpc_node]: [attach-window] t=49.00s pos_err=0.082m T=22.18N z=5.632 m_est=2.253
[INFO] [1789405527.264092359] [acados_nmpc_node]: [attach-window] t=49.05s pos_err=0.090m T=22.17N z=5.627 m_est=2.253
[INFO] [1789405527.319655819] [acados_nmpc_node]: [attach-window] t=49.10s pos_err=0.080m T=22.19N z=5.620 m_est=2.252
[INFO] [1789405527.363991266] [acados_nmpc_node]: [attach-window] t=49.15s pos_err=0.099m T=22.16N z=5.617 m_est=2.252
[INFO] [1789405527.391741333] [acados_nmpc_node]: [wcmd] raw=[-0.007,+0.005,+0.189] w=[-0.004,+0.009,+0.157] err=[-0.003,-0.004] scaled=[-0.016,-0.006] s=3.67
[INFO] [1789405527.419428639] [acados_nmpc_node]: [attach-window] t=49.20s pos_err=0.088m T=22.15N z=5.611 m_est=2.252
[INFO] [1789405527.464089061] [acados_nmpc_node]: [attach-window] t=49.25s pos_err=0.095m T=22.13N z=5.607 m_est=2.253
[INFO] [1789405527.519479998] [acados_nmpc_node]: [attach-window] t=49.30s pos_err=0.084m T=22.12N z=5.602 m_est=2.253
[INFO] [1789405527.564020569] [acados_nmpc_node]: [attach-window] t=49.35s pos_err=0.101m T=22.09N z=5.599 m_est=2.253
[INFO] [1789405527.591767003] [acados_nmpc_node]: [wcmd] raw=[-0.020,-0.003,+0.213] w=[-0.012,-0.022,+0.167] err=[-0.008,+0.019] scaled=[-0.043,+0.049] s=3.67
[INFO] [1789405527.619711647] [acados_nmpc_node]: [attach-window] t=49.40s pos_err=0.090m T=22.09N z=5.594 m_est=2.253
[INFO] [1789405527.663994512] [acados_nmpc_node]: [attach-window] t=49.45s pos_err=0.095m T=22.07N z=5.591 m_est=2.253
[INFO] [1789405527.719211171] [acados_nmpc_node]: [attach-window] t=49.50s pos_err=0.083m T=22.08N z=5.586 m_est=2.253
[INFO] [1789405527.763990824] [acados_nmpc_node]: [attach-window] t=49.55s pos_err=0.089m T=22.07N z=5.583 m_est=2.253
[INFO] [1789405527.791783023] [acados_nmpc_node]: [wcmd] raw=[-0.013,-0.038,+0.238] w=[-0.019,-0.024,+0.192] err=[+0.007,-0.014] scaled=[+0.004,-0.075] s=3.67
[INFO] [1789405527.819210889] [acados_nmpc_node]: [attach-window] t=49.60s pos_err=0.086m T=22.06N z=5.578 m_est=2.253
[INFO] [1789405527.863907243] [acados_nmpc_node]: [attach-window] t=49.65s pos_err=0.091m T=22.05N z=5.575 m_est=2.253
[INFO] [1789405527.919403999] [acados_nmpc_node]: [attach-window] t=49.70s pos_err=0.079m T=22.08N z=5.570 m_est=2.253
[INFO] [1789405527.963979684] [acados_nmpc_node]: [attach-window] t=49.75s pos_err=0.094m T=22.07N z=5.567 m_est=2.253
[INFO] [1789405527.991751671] [acados_nmpc_node]: [wcmd] raw=[-0.022,+0.013,+0.268] w=[-0.016,+0.001,+0.228] err=[-0.007,+0.011] scaled=[-0.040,+0.043] s=3.67
[INFO] [1789405528.019223339] [acados_nmpc_node]: [attach-window] t=49.80s pos_err=0.082m T=22.10N z=5.561 m_est=2.254
[INFO] [1789405528.063936588] [acados_nmpc_node]: [attach-window] t=49.85s pos_err=0.087m T=22.11N z=5.557 m_est=2.254
[INFO] [1789405528.119503388] [acados_nmpc_node]: [attach-window] t=49.90s pos_err=0.075m T=22.14N z=5.550 m_est=2.254
[INFO] [1789405528.164011096] [acados_nmpc_node]: [attach-window] t=49.95s pos_err=0.089m T=22.14N z=5.547 m_est=2.254
[INFO] [1789405528.191736481] [acados_nmpc_node]: [wcmd] raw=[-0.020,-0.006,+0.289] w=[-0.020,-0.031,+0.242] err=[+0.001,+0.024] scaled=[-0.019,+0.059] s=3.67
[INFO] [1789405528.219691479] [acados_nmpc_node]: [attach-window] t=50.00s pos_err=0.077m T=22.18N z=5.541 m_est=2.254
[INFO] [1789405528.263947113] [acados_nmpc_node]: [attach-window] t=50.05s pos_err=0.082m T=22.17N z=5.536 m_est=2.254
[INFO] [1789405528.319527239] [acados_nmpc_node]: [attach-window] t=50.10s pos_err=0.070m T=22.20N z=5.530 m_est=2.254
[INFO] [1789405528.364039099] [acados_nmpc_node]: [attach-window] t=50.15s pos_err=0.083m T=22.18N z=5.527 m_est=2.254
[INFO] [1789405528.391726002] [acados_nmpc_node]: [wcmd] raw=[-0.015,+0.006,+0.316] w=[-0.014,+0.026,+0.285] err=[-0.000,-0.020] scaled=[-0.015,-0.049] s=3.67
[INFO] [1789405528.419465110] [acados_nmpc_node]: [attach-window] t=50.20s pos_err=0.072m T=22.19N z=5.520 m_est=2.254
[INFO] [1789405528.464068607] [acados_nmpc_node]: [attach-window] t=50.25s pos_err=0.076m T=22.18N z=5.517 m_est=2.254
[INFO] [1789405528.519280643] [acados_nmpc_node]: [attach-window] t=50.30s pos_err=0.065m T=22.19N z=5.511 m_est=2.254
[INFO] [1789405528.563895014] [acados_nmpc_node]: [attach-window] t=50.35s pos_err=0.069m T=22.18N z=5.507 m_est=2.254
[INFO] [1789405528.591768902] [acados_nmpc_node]: [wcmd] raw=[+0.005,-0.015,+0.340] w=[-0.006,-0.038,+0.290] err=[+0.011,+0.023] scaled=[+0.033,+0.046] s=3.67
[INFO] [1789405528.619158579] [acados_nmpc_node]: [attach-window] t=50.40s pos_err=0.068m T=22.18N z=5.502 m_est=2.254
[INFO] [1789405528.663911077] [acados_nmpc_node]: [attach-window] t=50.45s pos_err=0.073m T=22.17N z=5.499 m_est=2.254
[INFO] [1789405528.719375655] [acados_nmpc_node]: [attach-window] t=50.50s pos_err=0.062m T=22.19N z=5.493 m_est=2.254
[INFO] [1789405528.763982543] [acados_nmpc_node]: [attach-window] t=50.55s pos_err=0.075m T=22.16N z=5.490 m_est=2.254
[INFO] [1789405528.791771922] [acados_nmpc_node]: [wcmd] raw=[+0.011,+0.006,+0.370] w=[+0.021,+0.031,+0.338] err=[-0.010,-0.025] scaled=[-0.017,-0.061] s=3.67
[INFO] [1789405528.819588987] [acados_nmpc_node]: [attach-window] t=50.60s pos_err=0.065m T=22.16N z=5.485 m_est=2.254
[INFO] [1789405528.864070677] [acados_nmpc_node]: [attach-window] t=50.65s pos_err=0.069m T=22.15N z=5.481 m_est=2.254
[INFO] [1789405528.919717517] [acados_nmpc_node]: [attach-window] t=50.70s pos_err=0.059m T=22.16N z=5.476 m_est=2.254
[INFO] [1789405528.964129216] [acados_nmpc_node]: [attach-window] t=50.75s pos_err=0.071m T=22.15N z=5.473 m_est=2.255
[INFO] [1789405528.991811566] [acados_nmpc_node]: [wcmd] raw=[-0.010,+0.003,+0.397] w=[+0.007,-0.039,+0.340] err=[-0.017,+0.041] scaled=[-0.055,+0.113] s=3.67
[INFO] [1789405529.019750081] [acados_nmpc_node]: [attach-window] t=50.80s pos_err=0.061m T=22.17N z=5.467 m_est=2.255
[INFO] [1789405529.064164911] [acados_nmpc_node]: [attach-window] t=50.85s pos_err=0.064m T=22.17N z=5.464 m_est=2.255
[INFO] [1789405529.064656835] [acados_nmpc_node]: t=50.8s | pos_err=0.064m | T=22.17N | tau=[r-0.174 p0.069 y0.021]Nm | res_stat=5.942e-07(peak 9.984e-07) sqp_iter=4 | solve=1.8ms
[INFO] [1789405529.064858431] [acados_nmpc_node]: [flight-diag] t=50.8s | om_scale=3.668(lo 3.588 hi 3.668) | tilt_max=2.26deg | w_max=[r0.024 p0.111 y0.356]rad/s | u_frac=[T0.708 r0.371 p0.337 y0.112] | u_sat=[T0.0 r0.0 p0.0 y0.0]% | mot_peak=0.862 mot_sat=0.0% | health=1 age=0.000s conf=0.000 | n=100
[INFO] [1789405529.119916862] [acados_nmpc_node]: [attach-window] t=50.90s pos_err=0.055m T=22.19N z=5.458 m_est=2.255
[INFO] [1789405529.164162182] [acados_nmpc_node]: [attach-window] t=50.95s pos_err=0.065m T=22.18N z=5.455 m_est=2.255
[INFO] [1789405529.191792136] [acados_nmpc_node]: [wcmd] raw=[-0.019,-0.008,+0.426] w=[-0.015,+0.011,+0.382] err=[-0.005,-0.020] scaled=[-0.032,-0.061] s=3.67
[INFO] [1789405529.217222391] [acados_nmpc_node]: [attach-window] t=51.00s pos_err=0.054m T=22.19N z=5.450 m_est=2.255
[INFO] [1789405529.263571896] [acados_nmpc_node]: [attach-window] t=51.05s pos_err=0.058m T=22.18N z=5.446 m_est=2.255
[INFO] [1789405529.317139240] [acados_nmpc_node]: [attach-window] t=51.10s pos_err=0.048m T=22.21N z=5.440 m_est=2.255
[INFO] [1789405529.363210572] [acados_nmpc_node]: [attach-window] t=51.15s pos_err=0.059m T=22.19N z=5.437 m_est=2.255
[INFO] [1789405529.391647037] [acados_nmpc_node]: [wcmd] raw=[-0.022,+0.024,+0.451] w=[-0.021,-0.006,+0.406] err=[-0.001,+0.030] scaled=[-0.026,+0.105] s=3.67
[INFO] [1789405529.416956522] [acados_nmpc_node]: [attach-window] t=51.20s pos_err=0.049m T=22.22N z=5.432 m_est=2.256
[INFO] [1789405529.463230033] [acados_nmpc_node]: [attach-window] t=51.25s pos_err=0.053m T=22.22N z=5.428 m_est=2.256
[INFO] [1789405529.516601327] [acados_nmpc_node]: [attach-window] t=51.30s pos_err=0.043m T=22.23N z=5.423 m_est=2.256
[INFO] [1789405529.563362458] [acados_nmpc_node]: [attach-window] t=51.35s pos_err=0.055m T=22.21N z=5.420 m_est=2.256
[INFO] [1789405529.591732935] [acados_nmpc_node]: [wcmd] raw=[-0.018,+0.003,+0.465] w=[-0.015,-0.003,+0.432] err=[-0.003,+0.006] scaled=[-0.026,+0.018] s=3.67
[INFO] [1789405529.616585990] [acados_nmpc_node]: [attach-window] t=51.40s pos_err=0.045m T=22.21N z=5.415 m_est=2.256
[INFO] [1789405529.663488957] [acados_nmpc_node]: [attach-window] t=51.45s pos_err=0.050m T=22.18N z=5.412 m_est=2.256
[INFO] [1789405529.718805664] [acados_nmpc_node]: [attach-window] t=51.50s pos_err=0.042m T=22.18N z=5.408 m_est=2.257
[INFO] [1789405529.763901193] [acados_nmpc_node]: [attach-window] t=51.55s pos_err=0.052m T=22.15N z=5.406 m_est=2.257
[INFO] [1789405529.791727070] [acados_nmpc_node]: [wcmd] raw=[-0.005,+0.020,+0.476] w=[-0.008,+0.027,+0.462] err=[+0.003,-0.007] scaled=[+0.003,+0.001] s=3.67
[INFO] [1789405529.819051000] [acados_nmpc_node]: [attach-window] t=51.60s pos_err=0.044m T=22.14N z=5.402 m_est=2.257
[INFO] [1789405529.863801689] [acados_nmpc_node]: [attach-window] t=51.65s pos_err=0.047m T=22.13N z=5.399 m_est=2.257
[INFO] [1789405529.919294709] [acados_nmpc_node]: [attach-window] t=51.70s pos_err=0.040m T=22.13N z=5.395 m_est=2.257
[INFO] [1789405529.963688517] [acados_nmpc_node]: [attach-window] t=51.75s pos_err=0.044m T=22.13N z=5.392 m_est=2.257
[INFO] [1789405529.991758018] [acados_nmpc_node]: [wcmd] raw=[+0.009,-0.023,+0.474] w=[+0.012,-0.043,+0.456] err=[-0.003,+0.020] scaled=[+0.002,+0.030] s=3.67
[INFO] [1789405530.019091877] [acados_nmpc_node]: [attach-window] t=51.80s pos_err=0.043m T=22.13N z=5.389 m_est=2.257
[INFO] [1789405530.063745090] [acados_nmpc_node]: [attach-window] t=51.85s pos_err=0.047m T=22.13N z=5.386 m_est=2.257
[INFO] [1789405530.118942559] [acados_nmpc_node]: [attach-window] t=51.90s pos_err=0.041m T=22.15N z=5.381 m_est=2.257
[INFO] [1789405530.163689190] [acados_nmpc_node]: [attach-window] t=51.95s pos_err=0.044m T=22.15N z=5.378 m_est=2.257
[INFO] [1789405530.191732567] [acados_nmpc_node]: [wcmd] raw=[+0.002,+0.004,+0.468] w=[+0.010,+0.047,+0.495] err=[-0.009,-0.043] scaled=[-0.022,-0.109] s=3.67
[INFO] [1789405530.219093585] [acados_nmpc_node]: [attach-window] t=52.00s pos_err=0.044m T=22.15N z=5.374 m_est=2.257
[INFO] [1789405530.263653455] [acados_nmpc_node]: [attach-window] t=52.05s pos_err=0.047m T=22.16N z=5.371 m_est=2.257
[INFO] [1789405530.319292028] [acados_nmpc_node]: [attach-window] t=52.10s pos_err=0.042m T=22.18N z=5.366 m_est=2.257
[INFO] [1789405530.363747854] [acados_nmpc_node]: [attach-window] t=52.15s pos_err=0.051m T=22.17N z=5.364 m_est=2.257
[INFO] [1789405530.391683231] [acados_nmpc_node]: [wcmd] raw=[-0.014,+0.023,+0.446] w=[-0.006,-0.031,+0.463] err=[-0.008,+0.055] scaled=[-0.037,+0.169] s=3.67
[INFO] [1789405530.418950697] [acados_nmpc_node]: [attach-window] t=52.20s pos_err=0.045m T=22.18N z=5.359 m_est=2.257
[INFO] [1789405530.463774910] [acados_nmpc_node]: [attach-window] t=52.25s pos_err=0.049m T=22.18N z=5.356 m_est=2.257
[INFO] [1789405530.518888617] [acados_nmpc_node]: [attach-window] t=52.30s pos_err=0.044m T=22.19N z=5.352 m_est=2.257
[INFO] [1789405530.563655486] [acados_nmpc_node]: [attach-window] t=52.35s pos_err=0.053m T=22.17N z=5.350 m_est=2.257
[INFO] [1789405530.591774528] [acados_nmpc_node]: [wcmd] raw=[-0.001,-0.003,+0.420] w=[+0.000,+0.022,+0.468] err=[-0.001,-0.025] scaled=[-0.003,-0.070] s=3.67
[INFO] [1789405530.619178396] [acados_nmpc_node]: [attach-window] t=52.40s pos_err=0.048m T=22.16N z=5.346 m_est=2.257
[INFO] [1789405530.663703279] [acados_nmpc_node]: [attach-window] t=52.45s pos_err=0.051m T=22.15N z=5.343 m_est=2.257
[INFO] [1789405530.719294618] [acados_nmpc_node]: [attach-window] t=52.50s pos_err=0.046m T=22.16N z=5.339 m_est=2.257
[INFO] [1789405530.763663755] [acados_nmpc_node]: [attach-window] t=52.55s pos_err=0.054m T=22.15N z=5.337 m_est=2.257
[INFO] [1789405530.791744098] [acados_nmpc_node]: [wcmd] raw=[-0.006,+0.027,+0.392] w=[+0.007,-0.008,+0.441] err=[-0.013,+0.035] scaled=[-0.041,+0.119] s=3.67
[INFO] [1789405530.819120081] [acados_nmpc_node]: [attach-window] t=52.60s pos_err=0.049m T=22.18N z=5.332 m_est=2.257
[INFO] [1789405530.863675052] [acados_nmpc_node]: [attach-window] t=52.65s pos_err=0.052m T=22.19N z=5.329 m_est=2.257
[INFO] [1789405530.919161280] [acados_nmpc_node]: [attach-window] t=52.70s pos_err=0.048m T=22.21N z=5.324 m_est=2.256
[INFO] [1789405530.963790994] [acados_nmpc_node]: [attach-window] t=52.75s pos_err=0.055m T=22.21N z=5.322 m_est=2.256
[INFO] [1789405530.991683322] [acados_nmpc_node]: [wcmd] raw=[-0.011,-0.004,+0.358] w=[-0.002,-0.019,+0.410] err=[-0.009,+0.015] scaled=[-0.035,+0.037] s=3.67
[INFO] [1789405531.019283501] [acados_nmpc_node]: [attach-window] t=52.80s pos_err=0.051m T=22.22N z=5.317 m_est=2.256
[INFO] [1789405531.063796833] [acados_nmpc_node]: [attach-window] t=52.85s pos_err=0.054m T=22.21N z=5.314 m_est=2.256
[INFO] [1789405531.119282856] [acados_nmpc_node]: [attach-window] t=52.90s pos_err=0.050m T=22.22N z=5.310 m_est=2.256
[INFO] [1789405531.163818428] [acados_nmpc_node]: [attach-window] t=52.95s pos_err=0.057m T=22.20N z=5.308 m_est=2.256
[INFO] [1789405531.191762758] [acados_nmpc_node]: [wcmd] raw=[-0.009,+0.031,+0.330] w=[-0.002,+0.037,+0.398] err=[-0.007,-0.006] scaled=[-0.027,+0.014] s=3.67
[INFO] [1789405531.219351055] [acados_nmpc_node]: [attach-window] t=53.00s pos_err=0.053m T=22.19N z=5.304 m_est=2.256
[INFO] [1789405531.263925995] [acados_nmpc_node]: [attach-window] t=53.05s pos_err=0.055m T=22.17N z=5.302 m_est=2.256
[INFO] [1789405531.319562064] [acados_nmpc_node]: [attach-window] t=53.10s pos_err=0.051m T=22.15N z=5.299 m_est=2.256
[INFO] [1789405531.363809905] [acados_nmpc_node]: [attach-window] t=53.15s pos_err=0.054m T=22.14N z=5.298 m_est=2.256
[INFO] [1789405531.391731793] [acados_nmpc_node]: [wcmd] raw=[-0.009,-0.015,+0.297] w=[-0.009,-0.039,+0.338] err=[-0.001,+0.024] scaled=[-0.012,+0.050] s=3.67
[INFO] [1789405531.419270980] [acados_nmpc_node]: [attach-window] t=53.20s pos_err=0.053m T=22.13N z=5.296 m_est=2.256
[INFO] [1789405531.463722541] [acados_nmpc_node]: [attach-window] t=53.25s pos_err=0.056m T=22.10N z=5.294 m_est=2.256
[INFO] [1789405531.519194723] [acados_nmpc_node]: [attach-window] t=53.30s pos_err=0.051m T=22.09N z=5.292 m_est=2.256
[INFO] [1789405531.563536132] [acados_nmpc_node]: [attach-window] t=53.35s pos_err=0.053m T=22.07N z=5.291 m_est=2.256
[INFO] [1789405531.591736524] [acados_nmpc_node]: [wcmd] raw=[-0.009,-0.003,+0.273] w=[-0.005,+0.049,+0.339] err=[-0.004,-0.052] scaled=[-0.020,-0.143] s=3.67
[INFO] [1789405531.619362851] [acados_nmpc_node]: [attach-window] t=53.40s pos_err=0.048m T=22.05N z=5.289 m_est=2.256
[INFO] [1789405531.663681293] [acados_nmpc_node]: [attach-window] t=53.45s pos_err=0.053m T=22.05N z=5.288 m_est=2.256
[INFO] [1789405531.719238897] [acados_nmpc_node]: [attach-window] t=53.50s pos_err=0.048m T=22.03N z=5.287 m_est=2.256
[INFO] [1789405531.763676829] [acados_nmpc_node]: [attach-window] t=53.55s pos_err=0.049m T=22.01N z=5.286 m_est=2.256
[INFO] [1789405531.791764735] [acados_nmpc_node]: [wcmd] raw=[-0.012,+0.005,+0.252] w=[-0.012,-0.051,+0.278] err=[+0.000,+0.056] scaled=[-0.011,+0.153] s=3.67
[INFO] [1789405531.819087135] [acados_nmpc_node]: [attach-window] t=53.60s pos_err=0.048m T=22.01N z=5.284 m_est=2.256
[INFO] [1789405531.863876747] [acados_nmpc_node]: [attach-window] t=53.65s pos_err=0.049m T=22.02N z=5.283 m_est=2.256
[INFO] [1789405531.919277856] [acados_nmpc_node]: [attach-window] t=53.70s pos_err=0.044m T=22.04N z=5.281 m_est=2.256
[INFO] [1789405531.963686318] [acados_nmpc_node]: [attach-window] t=53.75s pos_err=0.049m T=22.04N z=5.280 m_est=2.256
[INFO] [1789405531.991761980] [acados_nmpc_node]: [wcmd] raw=[-0.007,-0.011,+0.239] w=[-0.005,+0.013,+0.275] err=[-0.002,-0.024] scaled=[-0.014,-0.075] s=3.67
[INFO] [1789405532.019127704] [acados_nmpc_node]: [attach-window] t=53.80s pos_err=0.044m T=22.04N z=5.278 m_est=2.256
[INFO] [1789405532.063734037] [acados_nmpc_node]: [attach-window] t=53.85s pos_err=0.045m T=22.04N z=5.276 m_est=2.256
[INFO] [1789405532.118864376] [acados_nmpc_node]: [attach-window] t=53.90s pos_err=0.041m T=22.07N z=5.273 m_est=2.255
[INFO] [1789405532.163753804] [acados_nmpc_node]: [attach-window] t=53.95s pos_err=0.045m T=22.08N z=5.272 m_est=2.255
[INFO] [1789405532.191782375] [acados_nmpc_node]: [wcmd] raw=[+0.003,+0.025,+0.227] w=[+0.002,-0.015,+0.250] err=[+0.001,+0.040] scaled=[+0.004,+0.132] s=3.67
[INFO] [1789405532.218935518] [acados_nmpc_node]: [attach-window] t=54.00s pos_err=0.041m T=22.14N z=5.268 m_est=2.255
[INFO] [1789405532.263733191] [acados_nmpc_node]: [attach-window] t=54.05s pos_err=0.042m T=22.16N z=5.265 m_est=2.255
[INFO] [1789405532.319262084] [acados_nmpc_node]: [attach-window] t=54.10s pos_err=0.040m T=22.19N z=5.260 m_est=2.254
[INFO] [1789405532.363729581] [acados_nmpc_node]: [attach-window] t=54.15s pos_err=0.042m T=22.21N z=5.258 m_est=2.254
[INFO] [1789405532.391759300] [acados_nmpc_node]: [wcmd] raw=[+0.005,-0.010,+0.211] w=[+0.015,-0.033,+0.228] err=[-0.011,+0.023] scaled=[-0.024,+0.050] s=3.67
[INFO] [1789405532.419211121] [acados_nmpc_node]: [attach-window] t=54.20s pos_err=0.040m T=22.23N z=5.254 m_est=2.254
[INFO] [1789405532.463865261] [acados_nmpc_node]: [attach-window] t=54.25s pos_err=0.040m T=22.22N z=5.251 m_est=2.254
[INFO] [1789405532.519217978] [acados_nmpc_node]: [attach-window] t=54.30s pos_err=0.039m T=22.23N z=5.247 m_est=2.254
[INFO] [1789405532.563811595] [acados_nmpc_node]: [attach-window] t=54.35s pos_err=0.041m T=22.23N z=5.245 m_est=2.253
[INFO] [1789405532.591718289] [acados_nmpc_node]: [wcmd] raw=[-0.005,+0.033,+0.202] w=[+0.006,+0.037,+0.235] err=[-0.011,-0.004] scaled=[-0.034,+0.021] s=3.67
[INFO] [1789405532.618950283] [acados_nmpc_node]: [attach-window] t=54.40s pos_err=0.038m T=22.23N z=5.241 m_est=2.253
[INFO] [1789405532.663899264] [acados_nmpc_node]: [attach-window] t=54.45s pos_err=0.038m T=22.22N z=5.239 m_est=2.253
[INFO] [1789405532.719435797] [acados_nmpc_node]: [attach-window] t=54.50s pos_err=0.037m T=22.20N z=5.237 m_est=2.253
[INFO] [1789405532.763670447] [acados_nmpc_node]: [attach-window] t=54.55s pos_err=0.038m T=22.20N z=5.235 m_est=2.253
[INFO] [1789405532.791763167] [acados_nmpc_node]: [wcmd] raw=[-0.014,+0.009,+0.185] w=[-0.010,-0.048,+0.191] err=[-0.005,+0.057] scaled=[-0.027,+0.160] s=3.67
[INFO] [1789405532.819515189] [acados_nmpc_node]: [attach-window] t=54.60s pos_err=0.035m T=22.18N z=5.233 m_est=2.253
[INFO] [1789405532.863666282] [acados_nmpc_node]: [attach-window] t=54.65s pos_err=0.034m T=22.16N z=5.232 m_est=2.253
[INFO] [1789405532.919319987] [acados_nmpc_node]: [attach-window] t=54.70s pos_err=0.033m T=22.16N z=5.230 m_est=2.253
[INFO] [1789405532.963746265] [acados_nmpc_node]: [attach-window] t=54.75s pos_err=0.034m T=22.16N z=5.229 m_est=2.253
[INFO] [1789405532.991688642] [acados_nmpc_node]: [wcmd] raw=[-0.010,+0.013,+0.177] w=[-0.010,+0.041,+0.205] err=[+0.000,-0.028] scaled=[-0.009,-0.062] s=3.67
[INFO] [1789405533.019324146] [acados_nmpc_node]: [attach-window] t=54.80s pos_err=0.031m T=22.15N z=5.227 m_est=2.253
[INFO] [1789405533.063978942] [acados_nmpc_node]: [attach-window] t=54.85s pos_err=0.031m T=22.15N z=5.226 m_est=2.253
[INFO] [1789405533.119347793] [acados_nmpc_node]: [attach-window] t=54.90s pos_err=0.029m T=22.16N z=5.224 m_est=2.254
[INFO] [1789405533.163784013] [acados_nmpc_node]: [attach-window] t=54.95s pos_err=0.032m T=22.17N z=5.223 m_est=2.254
[INFO] [1789405533.191775277] [acados_nmpc_node]: [wcmd] raw=[-0.001,+0.026,+0.167] w=[+0.001,-0.033,+0.171] err=[-0.001,+0.059] scaled=[-0.005,+0.184] s=3.67
[INFO] [1789405533.216930007] [acados_nmpc_node]: [attach-window] t=55.00s pos_err=0.027m T=22.18N z=5.221 m_est=2.254
[INFO] [1789405533.263795345] [acados_nmpc_node]: [attach-window] t=55.05s pos_err=0.028m T=22.17N z=5.220 m_est=2.254
[INFO] [1789405533.319651361] [acados_nmpc_node]: [attach-window] t=55.10s pos_err=0.025m T=22.16N z=5.219 m_est=2.254
[INFO] [1789405533.363807827] [acados_nmpc_node]: [attach-window] t=55.15s pos_err=0.030m T=22.15N z=5.218 m_est=2.254
[INFO] [1789405533.391756527] [acados_nmpc_node]: [wcmd] raw=[-0.010,+0.010,+0.160] w=[-0.000,+0.007,+0.173] err=[-0.010,+0.003] scaled=[-0.038,+0.016] s=3.67
[INFO] [1789405533.419412187] [acados_nmpc_node]: [attach-window] t=55.20s pos_err=0.025m T=22.13N z=5.218 m_est=2.254
[INFO] [1789405533.463764511] [acados_nmpc_node]: [attach-window] t=55.25s pos_err=0.027m T=22.11N z=5.217 m_est=2.255
[INFO] [1789405533.519231145] [acados_nmpc_node]: [attach-window] t=55.30s pos_err=0.022m T=22.11N z=5.217 m_est=2.255
[INFO] [1789405533.563750665] [acados_nmpc_node]: [attach-window] t=55.35s pos_err=0.032m T=22.11N z=5.216 m_est=2.255
[INFO] [1789405533.591712723] [acados_nmpc_node]: [wcmd] raw=[-0.005,+0.032,+0.155] w=[-0.010,+0.014,+0.165] err=[+0.005,+0.018] scaled=[+0.007,+0.081] s=3.67
[INFO] [1789405533.619004584] [acados_nmpc_node]: [attach-window] t=55.40s pos_err=0.025m T=22.10N z=5.216 m_est=2.255
[INFO] [1789405533.663703481] [acados_nmpc_node]: [attach-window] t=55.45s pos_err=0.029m T=22.09N z=5.216 m_est=2.255
[INFO] [1789405533.719150843] [acados_nmpc_node]: [attach-window] t=55.50s pos_err=0.022m T=22.07N z=5.216 m_est=2.255
[INFO] [1789405533.763835647] [acados_nmpc_node]: [attach-window] t=55.55s pos_err=0.036m T=22.07N z=5.216 m_est=2.255
[INFO] [1789405533.791684786] [acados_nmpc_node]: [wcmd] raw=[-0.003,+0.004,+0.149] w=[+0.003,-0.024,+0.147] err=[-0.006,+0.028] scaled=[-0.020,+0.077] s=3.67
[INFO] [1789405533.819104468] [acados_nmpc_node]: [attach-window] t=55.60s pos_err=0.028m T=22.05N z=5.217 m_est=2.255
[INFO] [1789405533.863791397] [acados_nmpc_node]: [attach-window] t=55.65s pos_err=0.034m T=22.04N z=5.217 m_est=2.255
[INFO] [1789405533.919252808] [acados_nmpc_node]: [attach-window] t=55.70s pos_err=0.026m T=22.04N z=5.217 m_est=2.255
[INFO] [1789405533.963692494] [acados_nmpc_node]: [attach-window] t=55.75s pos_err=0.040m T=22.06N z=5.217 m_est=2.255
[INFO] [1789405533.991764660] [acados_nmpc_node]: [wcmd] raw=[+0.006,+0.005,+0.150] w=[+0.003,+0.011,+0.155] err=[+0.003,-0.006] scaled=[+0.013,-0.012] s=3.67
[INFO] [1789405534.019008873] [acados_nmpc_node]: [attach-window] t=55.80s pos_err=0.031m T=22.04N z=5.217 m_est=2.254
[INFO] [1789405534.063813780] [acados_nmpc_node]: [attach-window] t=55.85s pos_err=0.037m T=22.05N z=5.217 m_est=2.254
[INFO] [1789405534.064301629] [acados_nmpc_node]: t=55.8s | pos_err=0.037m | T=22.05N | tau=[r-0.159 p0.035 y0.000]Nm | res_stat=9.663e-08(peak 9.997e-07) sqp_iter=3 | solve=1.6ms
[INFO] [1789405534.064504861] [acados_nmpc_node]: [flight-diag] t=55.8s | om_scale=3.669(lo 3.669 hi 3.669) | tilt_max=2.63deg | w_max=[r0.021 p0.073 y0.492]rad/s | u_frac=[T0.709 r0.356 p0.259 y0.146] | u_sat=[T0.0 r0.0 p0.0 y0.0]% | mot_peak=0.860 mot_sat=0.0% | health=1 age=0.000s conf=0.000 | n=100
[INFO] [1789405534.119041524] [acados_nmpc_node]: [attach-window] t=55.90s pos_err=0.029m T=22.06N z=5.217 m_est=2.254
[INFO] [1789405534.163693198] [acados_nmpc_node]: [attach-window] t=55.95s pos_err=0.043m T=22.07N z=5.217 m_est=2.254
[INFO] [1789405534.191783456] [acados_nmpc_node]: [wcmd] raw=[+0.006,+0.004,+0.148] w=[+0.015,-0.045,+0.137] err=[-0.009,+0.049] scaled=[-0.019,+0.136] s=3.67
[INFO] [1789405534.219508848] [acados_nmpc_node]: [attach-window] t=56.00s pos_err=0.035m T=22.09N z=5.216 m_est=2.254
[INFO] [1789405534.263763757] [acados_nmpc_node]: [attach-window] t=56.05s pos_err=0.041m T=22.10N z=5.215 m_est=2.253
[INFO] [1789405534.319547312] [acados_nmpc_node]: [attach-window] t=56.10s pos_err=0.034m T=22.11N z=5.215 m_est=2.253
[INFO] [1789405534.363683838] [acados_nmpc_node]: [attach-window] t=56.15s pos_err=0.047m T=22.13N z=5.214 m_est=2.253
[INFO] [1789405534.391669710] [acados_nmpc_node]: [wcmd] raw=[+0.005,-0.003,+0.148] w=[+0.008,+0.006,+0.154] err=[-0.003,-0.009] scaled=[-0.003,-0.027] s=3.67
[INFO] [1789405534.419514374] [acados_nmpc_node]: [attach-window] t=56.20s pos_err=0.039m T=22.12N z=5.213 m_est=2.253
[INFO] [1789405534.463856985] [acados_nmpc_node]: [attach-window] t=56.25s pos_err=0.044m T=22.12N z=5.213 m_est=2.253
[INFO] [1789405534.518771453] [acados_nmpc_node]: [attach-window] t=56.30s pos_err=0.037m T=22.13N z=5.212 m_est=2.253
[INFO] [1789405534.563651962] [acados_nmpc_node]: [attach-window] t=56.35s pos_err=0.049m T=22.15N z=5.211 m_est=2.252
[INFO] [1789405534.591744640] [acados_nmpc_node]: [wcmd] raw=[-0.005,+0.016,+0.146] w=[+0.006,-0.024,+0.142] err=[-0.011,+0.040] scaled=[-0.034,+0.122] s=3.67
[INFO] [1789405534.618923931] [acados_nmpc_node]: [attach-window] t=56.40s pos_err=0.041m T=22.15N z=5.210 m_est=2.252
[INFO] [1789405534.663706551] [acados_nmpc_node]: [attach-window] t=56.45s pos_err=0.045m T=22.16N z=5.210 m_est=2.252
[INFO] [1789405534.719287175] [acados_nmpc_node]: [attach-window] t=56.50s pos_err=0.038m T=22.16N z=5.209 m_est=2.252
[INFO] [1789405534.763685970] [acados_nmpc_node]: [attach-window] t=56.55s pos_err=0.042m T=22.17N z=5.208 m_est=2.252
[INFO] [1789405534.791697851] [acados_nmpc_node]: [wcmd] raw=[-0.013,-0.034,+0.142] w=[-0.012,-0.014,+0.143] err=[-0.000,-0.020] scaled=[-0.013,-0.086] s=3.67
[INFO] [1789405534.819223231] [acados_nmpc_node]: [attach-window] t=56.60s pos_err=0.041m T=22.17N z=5.207 m_est=2.252
[INFO] [1789405534.863686263] [acados_nmpc_node]: [attach-window] t=56.65s pos_err=0.046m T=22.18N z=5.207 m_est=2.252
[INFO] [1789405534.919123921] [acados_nmpc_node]: [attach-window] t=56.70s pos_err=0.039m T=22.16N z=5.207 m_est=2.252
[INFO] [1789405534.963776739] [acados_nmpc_node]: [attach-window] t=56.75s pos_err=0.051m T=22.16N z=5.206 m_est=2.252
[INFO] [1789405534.991790594] [acados_nmpc_node]: [wcmd] raw=[-0.008,+0.041,+0.146] w=[-0.010,+0.027,+0.156] err=[+0.002,+0.014] scaled=[-0.002,+0.079] s=3.67
[INFO] [1789405535.019123647] [acados_nmpc_node]: [attach-window] t=56.80s pos_err=0.043m T=22.16N z=5.206 m_est=2.252
[INFO] [1789405535.063925772] [acados_nmpc_node]: [attach-window] t=56.85s pos_err=0.048m T=22.15N z=5.206 m_est=2.252
[INFO] [1789405535.119463045] [acados_nmpc_node]: [attach-window] t=56.90s pos_err=0.040m T=22.13N z=5.206 m_est=2.253
[INFO] [1789405535.163748182] [acados_nmpc_node]: [attach-window] t=56.95s pos_err=0.054m T=22.14N z=5.206 m_est=2.253
[INFO] [1789405535.191765389] [acados_nmpc_node]: [wcmd] raw=[-0.013,+0.003,+0.139] w=[-0.006,-0.042,+0.129] err=[-0.006,+0.045] scaled=[-0.029,+0.122] s=3.67
[INFO] [1789405535.219367376] [acados_nmpc_node]: [attach-window] t=57.00s pos_err=0.047m T=22.13N z=5.207 m_est=2.253
[INFO] [1789405535.263700303] [acados_nmpc_node]: [attach-window] t=57.05s pos_err=0.053m T=22.11N z=5.207 m_est=2.253
[INFO] [1789405535.319398456] [acados_nmpc_node]: [attach-window] t=57.10s pos_err=0.046m T=22.10N z=5.208 m_est=2.253
[INFO] [1789405535.363854373] [acados_nmpc_node]: [attach-window] t=57.15s pos_err=0.061m T=22.11N z=5.208 m_est=2.253
[INFO] [1789405535.391697941] [acados_nmpc_node]: [wcmd] raw=[-0.005,+0.027,+0.145] w=[-0.009,+0.066,+0.162] err=[+0.004,-0.039] scaled=[+0.005,-0.077] s=3.67
[INFO] [1789405535.419313378] [acados_nmpc_node]: [attach-window] t=57.20s pos_err=0.053m T=22.10N z=5.209 m_est=2.253
[INFO] [1789405535.463778132] [acados_nmpc_node]: [attach-window] t=57.25s pos_err=0.059m T=22.12N z=5.209 m_est=2.253
[INFO] [1789405535.519367156] [acados_nmpc_node]: [attach-window] t=57.30s pos_err=0.050m T=22.12N z=5.209 m_est=2.254
[INFO] [1789405535.563816514] [acados_nmpc_node]: [attach-window] t=57.35s pos_err=0.066m T=22.14N z=5.210 m_est=2.254
[INFO] [1789405535.591697122] [acados_nmpc_node]: [wcmd] raw=[-0.010,+0.006,+0.146] w=[-0.003,-0.064,+0.119] err=[-0.007,+0.070] scaled=[-0.028,+0.192] s=3.67
[INFO] [1789405535.618939454] [acados_nmpc_node]: [attach-window] t=57.40s pos_err=0.056m T=22.14N z=5.210 m_est=2.254
[INFO] [1789405535.663714176] [acados_nmpc_node]: [attach-window] t=57.45s pos_err=0.062m T=22.14N z=5.210 m_est=2.254
[INFO] [1789405535.718950190] [acados_nmpc_node]: [attach-window] t=57.50s pos_err=0.052m T=22.13N z=5.211 m_est=2.254
[INFO] [1789405535.763888111] [acados_nmpc_node]: [attach-window] t=57.55s pos_err=0.058m T=22.13N z=5.212 m_est=2.254
[INFO] [1789405535.791658189] [acados_nmpc_node]: [wcmd] raw=[-0.013,-0.037,+0.157] w=[-0.011,+0.021,+0.150] err=[-0.002,-0.058] scaled=[-0.017,-0.193] s=3.67
[INFO] [1789405535.816544096] [acados_nmpc_node]: [attach-window] t=57.60s pos_err=0.055m T=22.11N z=5.213 m_est=2.254
[INFO] [1789405535.863326785] [acados_nmpc_node]: [attach-window] t=57.65s pos_err=0.064m T=22.12N z=5.213 m_est=2.254
[INFO] [1789405535.918994339] [acados_nmpc_node]: [attach-window] t=57.70s pos_err=0.053m T=22.10N z=5.215 m_est=2.254
[INFO] [1789405535.963655553] [acados_nmpc_node]: [attach-window] t=57.75s pos_err=0.069m T=22.09N z=5.215 m_est=2.254
[INFO] [1789405535.991818861] [acados_nmpc_node]: [wcmd] raw=[-0.019,+0.039,+0.168] w=[-0.019,-0.013,+0.148] err=[+0.000,+0.052] scaled=[-0.019,+0.178] s=3.67
[INFO] [1789405536.019173055] [acados_nmpc_node]: [attach-window] t=57.80s pos_err=0.058m T=22.09N z=5.217 m_est=2.254
[INFO] [1789405536.063823638] [acados_nmpc_node]: [attach-window] t=57.85s pos_err=0.064m T=22.09N z=5.218 m_est=2.254
[INFO] [1789405536.119026507] [acados_nmpc_node]: [attach-window] t=57.90s pos_err=0.052m T=22.07N z=5.219 m_est=2.254
[INFO] [1789405536.163665667] [acados_nmpc_node]: [attach-window] t=57.95s pos_err=0.069m T=22.08N z=5.220 m_est=2.253
[INFO] [1789405536.191713641] [acados_nmpc_node]: [wcmd] raw=[-0.015,-0.034,+0.171] w=[-0.017,-0.044,+0.145] err=[+0.002,+0.010] scaled=[-0.011,-0.008] s=3.67
[INFO] [1789405536.219323307] [acados_nmpc_node]: [attach-window] t=58.00s pos_err=0.058m T=22.08N z=5.221 m_est=2.253
[INFO] [1789405536.263755470] [acados_nmpc_node]: [attach-window] t=58.05s pos_err=0.064m T=22.06N z=5.222 m_est=2.253
[INFO] [1789405536.319286255] [acados_nmpc_node]: [attach-window] t=58.10s pos_err=0.054m T=22.06N z=5.223 m_est=2.253
[INFO] [1789405536.363688443] [acados_nmpc_node]: [attach-window] t=58.15s pos_err=0.060m T=22.08N z=5.224 m_est=2.253
[INFO] [1789405536.391766989] [acados_nmpc_node]: [wcmd] raw=[-0.004,+0.005,+0.185] w=[-0.011,+0.054,+0.189] err=[+0.008,-0.049] scaled=[+0.017,-0.127] s=3.67
[INFO] [1789405536.419163697] [acados_nmpc_node]: [attach-window] t=58.20s pos_err=0.049m T=22.09N z=5.225 m_est=2.253
[INFO] [1789405536.463746042] [acados_nmpc_node]: [attach-window] t=58.25s pos_err=0.066m T=22.10N z=5.226 m_est=2.253
[INFO] [1789405536.518951864] [acados_nmpc_node]: [attach-window] t=58.30s pos_err=0.054m T=22.09N z=5.227 m_est=2.253
[INFO] [1789405536.563978462] [acados_nmpc_node]: [attach-window] t=58.35s pos_err=0.071m T=22.10N z=5.228 m_est=2.253
[INFO] [1789405536.591680219] [acados_nmpc_node]: [wcmd] raw=[-0.001,+0.018,+0.192] w=[+0.004,-0.075,+0.156] err=[-0.005,+0.092] scaled=[-0.015,+0.264] s=3.67
[INFO] [1789405536.619154020] [acados_nmpc_node]: [attach-window] t=58.40s pos_err=0.060m T=22.09N z=5.230 m_est=2.252
[INFO] [1789405536.663679562] [acados_nmpc_node]: [attach-window] t=58.45s pos_err=0.066m T=22.09N z=5.231 m_est=2.252
[INFO] [1789405536.719157553] [acados_nmpc_node]: [attach-window] t=58.50s pos_err=0.054m T=22.10N z=5.232 m_est=2.252
[INFO] [1789405536.764109915] [acados_nmpc_node]: [attach-window] t=58.55s pos_err=0.070m T=22.11N z=5.233 m_est=2.252
[INFO] [1789405536.791690674] [acados_nmpc_node]: [wcmd] raw=[+0.003,-0.032,+0.204] w=[+0.008,+0.029,+0.197] err=[-0.005,-0.060] scaled=[-0.010,-0.192] s=3.67
[INFO] [1789405536.819182309] [acados_nmpc_node]: [attach-window] t=58.60s pos_err=0.057m T=22.08N z=5.235 m_est=2.252
[INFO] [1789405536.863756445] [acados_nmpc_node]: [attach-window] t=58.65s pos_err=0.062m T=22.08N z=5.237 m_est=2.252
[INFO] [1789405536.919143700] [acados_nmpc_node]: [attach-window] t=58.70s pos_err=0.049m T=22.07N z=5.239 m_est=2.251
[INFO] [1789405536.963946037] [acados_nmpc_node]: [attach-window] t=58.75s pos_err=0.064m T=22.08N z=5.240 m_est=2.251
[INFO] [1789405536.991734109] [acados_nmpc_node]: [wcmd] raw=[-0.000,+0.017,+0.221] w=[+0.004,-0.041,+0.187] err=[-0.004,+0.059] scaled=[-0.012,+0.174] s=3.67
[INFO] [1789405537.019171829] [acados_nmpc_node]: [attach-window] t=58.80s pos_err=0.051m T=22.08N z=5.242 m_est=2.251
[INFO] [1789405537.063485817] [acados_nmpc_node]: [attach-window] t=58.85s pos_err=0.055m T=22.08N z=5.244 m_est=2.251
[INFO] [1789405537.119223339] [acados_nmpc_node]: [attach-window] t=58.90s pos_err=0.042m T=22.06N z=5.246 m_est=2.251
[INFO] [1789405537.163698271] [acados_nmpc_node]: [attach-window] t=58.95s pos_err=0.056m T=22.07N z=5.248 m_est=2.251
[INFO] [1789405537.191772610] [acados_nmpc_node]: [wcmd] raw=[-0.002,-0.044,+0.235] w=[+0.004,-0.049,+0.198] err=[-0.007,+0.005] scaled=[-0.020,-0.032] s=3.67
[INFO] [1789405537.219324101] [acados_nmpc_node]: [attach-window] t=59.00s pos_err=0.044m T=22.07N z=5.250 m_est=2.251
[INFO] [1789405537.263816015] [acados_nmpc_node]: [attach-window] t=59.05s pos_err=0.048m T=22.06N z=5.252 m_est=2.251
[INFO] [1789405537.319193073] [acados_nmpc_node]: [attach-window] t=59.10s pos_err=0.038m T=22.06N z=5.254 m_est=2.251
[INFO] [1789405537.363736085] [acados_nmpc_node]: [attach-window] t=59.15s pos_err=0.051m T=22.08N z=5.255 m_est=2.250
[INFO] [1789405537.391732714] [acados_nmpc_node]: [wcmd] raw=[-0.002,+0.031,+0.259] w=[+0.001,+0.040,+0.245] err=[-0.003,-0.008] scaled=[-0.010,+0.009] s=3.67
[INFO] [1789405537.419136589] [acados_nmpc_node]: [attach-window] t=59.20s pos_err=0.041m T=22.10N z=5.257 m_est=2.250
[INFO] [1789405537.463690329] [acados_nmpc_node]: [attach-window] t=59.25s pos_err=0.045m T=22.11N z=5.258 m_est=2.250
[INFO] [1789405537.519149291] [acados_nmpc_node]: [attach-window] t=59.30s pos_err=0.035m T=22.13N z=5.260 m_est=2.250
[INFO] [1789405537.563902874] [acados_nmpc_node]: [attach-window] t=59.35s pos_err=0.047m T=22.16N z=5.261 m_est=2.250
[INFO] [1789405537.591775360] [acados_nmpc_node]: [wcmd] raw=[-0.020,-0.003,+0.270] w=[-0.004,-0.070,+0.223] err=[-0.016,+0.067] scaled=[-0.063,+0.175] s=3.67
[INFO] [1789405537.619106879] [acados_nmpc_node]: [attach-window] t=59.40s pos_err=0.038m T=22.18N z=5.262 m_est=2.250
[INFO] [1789405537.663787558] [acados_nmpc_node]: [attach-window] t=59.45s pos_err=0.042m T=22.18N z=5.263 m_est=2.250
[INFO] [1789405537.719178421] [acados_nmpc_node]: [attach-window] t=59.50s pos_err=0.033m T=22.19N z=5.264 m_est=2.250
[INFO] [1789405537.763889716] [acados_nmpc_node]: [attach-window] t=59.55s pos_err=0.046m T=22.20N z=5.265 m_est=2.250
[INFO] [1789405537.791725803] [acados_nmpc_node]: [wcmd] raw=[-0.023,+0.018,+0.295] w=[-0.027,+0.082,+0.286] err=[+0.004,-0.064] scaled=[-0.012,-0.153] s=3.67
[INFO] [1789405537.819149070] [acados_nmpc_node]: [attach-window] t=59.60s pos_err=0.038m T=22.19N z=5.267 m_est=2.250
[INFO] [1789405537.863680805] [acados_nmpc_node]: [attach-window] t=59.65s pos_err=0.043m T=22.21N z=5.268 m_est=2.250
[INFO] [1789405537.919293393] [acados_nmpc_node]: [attach-window] t=59.70s pos_err=0.036m T=22.20N z=5.270 m_est=2.250
[INFO] [1789405537.963902990] [acados_nmpc_node]: [attach-window] t=59.75s pos_err=0.049m T=22.21N z=5.271 m_est=2.250
[INFO] [1789405537.991761104] [acados_nmpc_node]: [wcmd] raw=[-0.010,+0.029,+0.314] w=[-0.013,-0.053,+0.259] err=[+0.004,+0.081] scaled=[-0.000,+0.246] s=3.67
[INFO] [1789405538.018904694] [acados_nmpc_node]: [attach-window] t=59.80s pos_err=0.034m T=22.17N z=5.274 m_est=2.250
[INFO] [1789405538.064018821] [acados_nmpc_node]: [attach-window] t=59.85s pos_err=0.048m T=22.17N z=5.276 m_est=2.250
[INFO] [1789405538.118972681] [acados_nmpc_node]: [attach-window] t=59.90s pos_err=0.041m T=22.13N z=5.280 m_est=2.250
[INFO] [1789405538.163948955] [acados_nmpc_node]: [attach-window] t=59.95s pos_err=0.054m T=22.13N z=5.282 m_est=2.250
[INFO] [1789405538.191745584] [acados_nmpc_node]: [wcmd] raw=[-0.007,-0.000,+0.341] w=[+0.007,+0.029,+0.306] err=[-0.014,-0.029] scaled=[-0.045,-0.079] s=3.67
[INFO] [1789405538.219321732] [acados_nmpc_node]: [attach-window] t=60.00s pos_err=0.047m T=22.08N z=5.287 m_est=2.250
[INFO] [1789405538.263879207] [acados_nmpc_node]: [attach-window] t=60.05s pos_err=0.053m T=22.06N z=5.290 m_est=2.250
[INFO] [1789405538.319500594] [acados_nmpc_node]: [attach-window] t=60.10s pos_err=0.047m T=22.04N z=5.295 m_est=2.250
[INFO] [1789405538.363943289] [acados_nmpc_node]: [attach-window] t=60.15s pos_err=0.053m T=22.04N z=5.298 m_est=2.251
[INFO] [1789405538.391749121] [acados_nmpc_node]: [wcmd] raw=[-0.008,+0.004,+0.370] w=[-0.013,-0.002,+0.319] err=[+0.005,+0.006] scaled=[+0.005,+0.022] s=3.67
[INFO] [1789405538.419657935] [acados_nmpc_node]: [attach-window] t=60.20s pos_err=0.047m T=22.04N z=5.303 m_est=2.251
[INFO] [1789405538.463922325] [acados_nmpc_node]: [attach-window] t=60.25s pos_err=0.059m T=22.06N z=5.305 m_est=2.251
[INFO] [1789405538.519897987] [acados_nmpc_node]: [attach-window] t=60.30s pos_err=0.053m T=22.04N z=5.310 m_est=2.251
[INFO] [1789405538.564055488] [acados_nmpc_node]: [attach-window] t=60.35s pos_err=0.065m T=22.06N z=5.313 m_est=2.251
[INFO] [1789405538.591785554] [acados_nmpc_node]: [wcmd] raw=[-0.021,+0.012,+0.399] w=[-0.006,-0.011,+0.344] err=[-0.014,+0.024] scaled=[-0.059,+0.075] s=3.67
[INFO] [1789405538.619551945] [acados_nmpc_node]: [attach-window] t=60.40s pos_err=0.058m T=22.07N z=5.317 m_est=2.251
[INFO] [1789405538.664045312] [acados_nmpc_node]: [attach-window] t=60.45s pos_err=0.063m T=22.08N z=5.320 m_est=2.251
[INFO] [1789405538.719769472] [acados_nmpc_node]: [attach-window] t=60.50s pos_err=0.055m T=22.09N z=5.324 m_est=2.251
[INFO] [1789405538.764012242] [acados_nmpc_node]: [attach-window] t=60.55s pos_err=0.067m T=22.11N z=5.326 m_est=2.251
[INFO] [1789405538.791710449] [acados_nmpc_node]: [wcmd] raw=[-0.029,-0.005,+0.425] w=[-0.029,+0.006,+0.376] err=[-0.000,-0.012] scaled=[-0.030,-0.036] s=3.67
[INFO] [1789405538.819039221] [acados_nmpc_node]: [attach-window] t=60.60s pos_err=0.058m T=22.10N z=5.331 m_est=2.251
[INFO] [1789405538.864066958] [acados_nmpc_node]: [attach-window] t=60.65s pos_err=0.062m T=22.12N z=5.333 m_est=2.251
[INFO] [1789405538.919145184] [acados_nmpc_node]: [attach-window] t=60.70s pos_err=0.053m T=22.13N z=5.336 m_est=2.251
[INFO] [1789405538.963923026] [acados_nmpc_node]: [attach-window] t=60.75s pos_err=0.064m T=22.17N z=5.338 m_est=2.251
[INFO] [1789405538.991711958] [acados_nmpc_node]: [wcmd] raw=[-0.023,-0.005,+0.448] w=[-0.025,-0.026,+0.398] err=[+0.002,+0.021] scaled=[-0.018,+0.051] s=3.67
[INFO] [1789405539.019500473] [acados_nmpc_node]: [attach-window] t=60.80s pos_err=0.047m T=22.17N z=5.342 m_est=2.251
[INFO] [1789405539.063835922] [acados_nmpc_node]: [attach-window] t=60.85s pos_err=0.057m T=22.20N z=5.343 m_est=2.251
[INFO] [1789405539.064318778] [acados_nmpc_node]: t=60.8s | pos_err=0.057m | T=22.20N | tau=[r-0.168 p0.048 y0.018]Nm | res_stat=9.608e-07(peak 9.997e-07) sqp_iter=3 | solve=1.6ms
[INFO] [1789405539.064524776] [acados_nmpc_node]: [flight-diag] t=60.8s | om_scale=3.669(lo 3.669 hi 3.669) | tilt_max=2.55deg | w_max=[r0.030 p0.109 y0.411]rad/s | u_frac=[T0.708 r0.361 p0.307 y0.119] | u_sat=[T0.0 r0.0 p0.0 y0.0]% | mot_peak=0.868 mot_sat=0.0% | health=1 age=0.000s conf=0.000 | n=100
[INFO] [1789405539.119718133] [acados_nmpc_node]: [attach-window] t=60.90s pos_err=0.048m T=22.20N z=5.346 m_est=2.251
[INFO] [1789405539.163800420] [acados_nmpc_node]: [attach-window] t=60.95s pos_err=0.059m T=22.23N z=5.347 m_est=2.251
[INFO] [1789405539.191701896] [acados_nmpc_node]: [wcmd] raw=[-0.027,-0.001,+0.461] w=[-0.019,-0.030,+0.426] err=[-0.007,+0.029] scaled=[-0.046,+0.076] s=3.67
[INFO] [1789405539.219175451] [acados_nmpc_node]: [attach-window] t=61.00s pos_err=0.050m T=22.24N z=5.350 m_est=2.251
[INFO] [1789405539.263953632] [acados_nmpc_node]: [attach-window] t=61.05s pos_err=0.054m T=22.25N z=5.352 m_est=2.251
[INFO] [1789405539.318983719] [acados_nmpc_node]: [attach-window] t=61.10s pos_err=0.045m T=22.25N z=5.354 m_est=2.251
[INFO] [1789405539.363801133] [acados_nmpc_node]: [attach-window] t=61.15s pos_err=0.058m T=22.28N z=5.356 m_est=2.251
[INFO] [1789405539.391686853] [acados_nmpc_node]: [wcmd] raw=[-0.011,+0.006,+0.469] w=[-0.020,+0.005,+0.459] err=[+0.009,+0.001] scaled=[+0.012,+0.007] s=3.67
[INFO] [1789405539.419157603] [acados_nmpc_node]: [attach-window] t=61.20s pos_err=0.050m T=22.26N z=5.359 m_est=2.251
[INFO] [1789405539.463763059] [acados_nmpc_node]: [attach-window] t=61.25s pos_err=0.056m T=22.26N z=5.361 m_est=2.251
[INFO] [1789405539.519124462] [acados_nmpc_node]: [attach-window] t=61.30s pos_err=0.049m T=22.25N z=5.364 m_est=2.251
[INFO] [1789405539.563784469] [acados_nmpc_node]: [attach-window] t=61.35s pos_err=0.062m T=22.28N z=5.366 m_est=2.251
[INFO] [1789405539.591719722] [acados_nmpc_node]: [wcmd] raw=[+0.004,+0.026,+0.461] w=[+0.010,+0.012,+0.474] err=[-0.006,+0.014] scaled=[-0.011,+0.064] s=3.67
[INFO] [1789405539.619227650] [acados_nmpc_node]: [attach-window] t=61.40s pos_err=0.055m T=22.26N z=5.370 m_est=2.251
[INFO] [1789405539.663880932] [acados_nmpc_node]: [attach-window] t=61.45s pos_err=0.060m T=22.26N z=5.372 m_est=2.251
[INFO] [1789405539.719154575] [acados_nmpc_node]: [attach-window] t=61.50s pos_err=0.054m T=22.23N z=5.376 m_est=2.252
[INFO] [1789405539.763704762] [acados_nmpc_node]: [attach-window] t=61.55s pos_err=0.066m T=22.26N z=5.378 m_est=2.252
[INFO] [1789405539.791707559] [acados_nmpc_node]: [wcmd] raw=[+0.001,+0.010,+0.441] w=[+0.016,-0.002,+0.465] err=[-0.014,+0.012] scaled=[-0.037,+0.041] s=3.67
[INFO] [1789405539.819330434] [acados_nmpc_node]: [attach-window] t=61.60s pos_err=0.060m T=22.23N z=5.382 m_est=2.252
[INFO] [1789405539.863687470] [acados_nmpc_node]: [attach-window] t=61.65s pos_err=0.065m T=22.23N z=5.385 m_est=2.252
[INFO] [1789405539.919280289] [acados_nmpc_node]: [attach-window] t=61.70s pos_err=0.057m T=22.21N z=5.389 m_est=2.253
[INFO] [1789405539.963690695] [acados_nmpc_node]: [attach-window] t=61.75s pos_err=0.069m T=22.23N z=5.392 m_est=2.253
[INFO] [1789405539.991684910] [acados_nmpc_node]: [wcmd] raw=[-0.003,+0.009,+0.419] w=[+0.006,+0.014,+0.459] err=[-0.009,-0.005] scaled=[-0.028,-0.004] s=3.67
[INFO] [1789405540.018901323] [acados_nmpc_node]: [attach-window] t=61.80s pos_err=0.053m T=22.17N z=5.397 m_est=2.254
[INFO] [1789405540.063694987] [acados_nmpc_node]: [attach-window] t=61.85s pos_err=0.064m T=22.19N z=5.400 m_est=2.254
[INFO] [1789405540.119298141] [acados_nmpc_node]: [attach-window] t=61.90s pos_err=0.055m T=22.16N z=5.405 m_est=2.254
[INFO] [1789405540.163742220] [acados_nmpc_node]: [attach-window] t=61.95s pos_err=0.067m T=22.18N z=5.407 m_est=2.254
[INFO] [1789405540.191774395] [acados_nmpc_node]: [wcmd] raw=[-0.007,+0.008,+0.395] w=[+0.003,-0.046,+0.424] err=[-0.010,+0.054] scaled=[-0.035,+0.153] s=3.67
[INFO] [1789405540.218960551] [acados_nmpc_node]: [attach-window] t=62.00s pos_err=0.057m T=22.15N z=5.413 m_est=2.255
[INFO] [1789405540.263691137] [acados_nmpc_node]: [attach-window] t=62.05s pos_err=0.061m T=22.16N z=5.416 m_est=2.255
[INFO] [1789405540.319220244] [acados_nmpc_node]: [attach-window] t=62.10s pos_err=0.052m T=22.14N z=5.421 m_est=2.255
[INFO] [1789405540.363694976] [acados_nmpc_node]: [attach-window] t=62.15s pos_err=0.055m T=22.14N z=5.425 m_est=2.256
[INFO] [1789405540.391667304] [acados_nmpc_node]: [wcmd] raw=[-0.006,-0.034,+0.364] w=[-0.003,-0.002,+0.416] err=[-0.002,-0.032] scaled=[-0.012,-0.119] s=3.67
[INFO] [1789405540.419068193] [acados_nmpc_node]: [attach-window] t=62.20s pos_err=0.047m T=22.12N z=5.430 m_est=2.256
[INFO] [1789405540.463701763] [acados_nmpc_node]: [attach-window] t=62.25s pos_err=0.057m T=22.14N z=5.433 m_est=2.256
[INFO] [1789405540.519178765] [acados_nmpc_node]: [attach-window] t=62.30s pos_err=0.050m T=22.12N z=5.438 m_est=2.256
[INFO] [1789405540.563690150] [acados_nmpc_node]: [attach-window] t=62.35s pos_err=0.060m T=22.12N z=5.441 m_est=2.256
[INFO] [1789405540.591804555] [acados_nmpc_node]: [wcmd] raw=[-0.012,+0.055,+0.341] w=[-0.004,+0.010,+0.397] err=[-0.008,+0.045] scaled=[-0.034,+0.175] s=3.67
[INFO] [1789405540.620499295] [acados_nmpc_node]: [attach-window] t=62.40s pos_err=0.053m T=22.11N z=5.447 m_est=2.256
[INFO] [1789405540.663898186] [acados_nmpc_node]: [attach-window] t=62.45s pos_err=0.055m T=22.11N z=5.450 m_est=2.256
[INFO] [1789405540.719921377] [acados_nmpc_node]: [attach-window] t=62.50s pos_err=0.049m T=22.07N z=5.456 m_est=2.256
[INFO] [1789405540.763909438] [acados_nmpc_node]: [attach-window] t=62.55s pos_err=0.057m T=22.09N z=5.459 m_est=2.256
[INFO] [1789405540.791789822] [acados_nmpc_node]: [wcmd] raw=[-0.010,-0.020,+0.298] w=[-0.004,-0.047,+0.346] err=[-0.005,+0.028] scaled=[-0.024,+0.054] s=3.67
[INFO] [1789405540.819640586] [acados_nmpc_node]: [attach-window] t=62.60s pos_err=0.051m T=22.06N z=5.465 m_est=2.256
[INFO] [1789405540.863913487] [acados_nmpc_node]: [attach-window] t=62.65s pos_err=0.053m T=22.04N z=5.469 m_est=2.256
[INFO] [1789405540.919555959] [acados_nmpc_node]: [attach-window] t=62.70s pos_err=0.048m T=22.01N z=5.475 m_est=2.256
[INFO] [1789405540.963913141] [acados_nmpc_node]: [attach-window] t=62.75s pos_err=0.054m T=22.03N z=5.478 m_est=2.255
[INFO] [1789405540.991795821] [acados_nmpc_node]: [wcmd] raw=[-0.015,+0.042,+0.277] w=[-0.004,+0.066,+0.352] err=[-0.011,-0.024] scaled=[-0.044,-0.023] s=3.67
[INFO] [1789405541.019403406] [acados_nmpc_node]: [attach-window] t=62.80s pos_err=0.047m T=22.01N z=5.485 m_est=2.255
[INFO] [1789405541.063778070] [acados_nmpc_node]: [attach-window] t=62.85s pos_err=0.049m T=22.02N z=5.489 m_est=2.255
[INFO] [1789405541.119494270] [acados_nmpc_node]: [attach-window] t=62.90s pos_err=0.042m T=22.01N z=5.495 m_est=2.254
[INFO] [1789405541.163953335] [acados_nmpc_node]: [attach-window] t=62.95s pos_err=0.049m T=22.05N z=5.499 m_est=2.254
[INFO] [1789405541.191736465] [acados_nmpc_node]: [wcmd] raw=[-0.033,+0.025,+0.242] w=[-0.026,-0.063,+0.274] err=[-0.006,+0.088] scaled=[-0.049,+0.259] s=3.67
[INFO] [1789405541.219493145] [acados_nmpc_node]: [attach-window] t=63.00s pos_err=0.041m T=22.05N z=5.505 m_est=2.254
[INFO] [1789405541.263760020] [acados_nmpc_node]: [attach-window] t=63.05s pos_err=0.043m T=22.05N z=5.508 m_est=2.254
[INFO] [1789405541.319656328] [acados_nmpc_node]: [attach-window] t=63.10s pos_err=0.036m T=22.06N z=5.514 m_est=2.253
[INFO] [1789405541.363865752] [acados_nmpc_node]: [attach-window] t=63.15s pos_err=0.044m T=22.09N z=5.517 m_est=2.253
[INFO] [1789405541.391698792] [acados_nmpc_node]: [wcmd] raw=[-0.018,+0.025,+0.220] w=[-0.024,+0.085,+0.288] err=[+0.006,-0.061] scaled=[-0.003,-0.137] s=3.67
[INFO] [1789405541.419402596] [acados_nmpc_node]: [attach-window] t=63.20s pos_err=0.035m T=22.07N z=5.523 m_est=2.253
[INFO] [1789405541.463867557] [acados_nmpc_node]: [attach-window] t=63.25s pos_err=0.038m T=22.09N z=5.526 m_est=2.252
[INFO] [1789405541.519403338] [acados_nmpc_node]: [attach-window] t=63.30s pos_err=0.030m T=22.09N z=5.531 m_est=2.252
[INFO] [1789405541.563926909] [acados_nmpc_node]: [attach-window] t=63.35s pos_err=0.041m T=22.12N z=5.534 m_est=2.252
[INFO] [1789405541.591697790] [acados_nmpc_node]: [wcmd] raw=[-0.003,+0.042,+0.196] w=[-0.007,-0.044,+0.220] err=[+0.004,+0.086] scaled=[+0.007,+0.271] s=3.67
[INFO] [1789405541.619030882] [acados_nmpc_node]: [attach-window] t=63.40s pos_err=0.032m T=22.13N z=5.539 m_est=2.252
[INFO] [1789405541.663788482] [acados_nmpc_node]: [attach-window] t=63.45s pos_err=0.036m T=22.15N z=5.542 m_est=2.251
[INFO] [1789405541.719306653] [acados_nmpc_node]: [attach-window] t=63.50s pos_err=0.028m T=22.14N z=5.547 m_est=2.251
[INFO] [1789405541.763319371] [acados_nmpc_node]: [attach-window] t=63.55s pos_err=0.032m T=22.15N z=5.551 m_est=2.251
[INFO] [1789405541.791791308] [acados_nmpc_node]: [wcmd] raw=[+0.013,-0.041,+0.178] w=[+0.016,+0.002,+0.210] err=[-0.003,-0.044] scaled=[+0.006,-0.157] s=3.67
[INFO] [1789405541.819054812] [acados_nmpc_node]: [attach-window] t=63.60s pos_err=0.023m T=22.12N z=5.556 m_est=2.251
[INFO] [1789405541.863678258] [acados_nmpc_node]: [attach-window] t=63.65s pos_err=0.035m T=22.15N z=5.559 m_est=2.250
[INFO] [1789405541.919177444] [acados_nmpc_node]: [attach-window] t=63.70s pos_err=0.026m T=22.12N z=5.564 m_est=2.250
[INFO] [1789405541.963812976] [acados_nmpc_node]: [attach-window] t=63.75s pos_err=0.039m T=22.13N z=5.567 m_est=2.250
[INFO] [1789405541.991778100] [acados_nmpc_node]: [wcmd] raw=[+0.003,+0.073,+0.169] w=[+0.013,+0.014,+0.199] err=[-0.010,+0.059] scaled=[-0.024,+0.230] s=3.67
[INFO] [1789405542.019186878] [acados_nmpc_node]: [attach-window] t=63.80s pos_err=0.029m T=22.12N z=5.572 m_est=2.250
[INFO] [1789405542.063732185] [acados_nmpc_node]: [attach-window] t=63.85s pos_err=0.033m T=22.12N z=5.576 m_est=2.250
[INFO] [1789405542.119146005] [acados_nmpc_node]: [attach-window] t=63.90s pos_err=0.024m T=22.06N z=5.581 m_est=2.250
[INFO] [1789405542.163660570] [acados_nmpc_node]: [attach-window] t=63.95s pos_err=0.027m T=22.07N z=5.585 m_est=2.250
[INFO] [1789405542.191691332] [acados_nmpc_node]: [wcmd] raw=[-0.000,-0.066,+0.143] w=[+0.003,-0.090,+0.143] err=[-0.003,+0.024] scaled=[-0.007,-0.003] s=3.67
[INFO] [1789405542.219123737] [acados_nmpc_node]: [attach-window] t=64.00s pos_err=0.020m T=22.03N z=5.591 m_est=2.249
[INFO] [1789405542.263771711] [acados_nmpc_node]: [attach-window] t=64.05s pos_err=0.030m T=22.04N z=5.594 m_est=2.249
[INFO] [1789405542.319140283] [acados_nmpc_node]: [attach-window] t=64.10s pos_err=0.021m T=22.00N z=5.601 m_est=2.249
[INFO] [1789405542.363705493] [acados_nmpc_node]: [attach-window] t=64.15s pos_err=0.024m T=22.00N z=5.605 m_est=2.249
[INFO] [1789405542.391743798] [acados_nmpc_node]: [wcmd] raw=[-0.007,+0.048,+0.145] w=[-0.002,+0.117,+0.199] err=[-0.005,-0.069] scaled=[-0.020,-0.137] s=3.67
[INFO] [1789405542.419244726] [acados_nmpc_node]: [attach-window] t=64.20s pos_err=0.017m T=21.97N z=5.612 m_est=2.249
[INFO] [1789405542.463705715] [acados_nmpc_node]: [attach-window] t=64.25s pos_err=0.027m T=22.00N z=5.615 m_est=2.249
[INFO] [1789405542.519118050] [acados_nmpc_node]: [attach-window] t=64.30s pos_err=0.017m T=21.95N z=5.623 m_est=2.249
[INFO] [1789405542.563686407] [acados_nmpc_node]: [attach-window] t=64.35s pos_err=0.020m T=21.94N z=5.627 m_est=2.249
[INFO] [1789405542.591793187] [acados_nmpc_node]: [wcmd] raw=[-0.010,+0.003,+0.119] w=[-0.013,-0.124,+0.103] err=[+0.003,+0.127] scaled=[-0.003,+0.343] s=3.67
[INFO] [1789405542.619243942] [acados_nmpc_node]: [attach-window] t=64.40s pos_err=0.018m T=21.94N z=5.634 m_est=2.249
[INFO] [1789405542.663752329] [acados_nmpc_node]: [attach-window] t=64.45s pos_err=0.023m T=21.95N z=5.638 m_est=2.249
[INFO] [1789405542.718983862] [acados_nmpc_node]: [attach-window] t=64.50s pos_err=0.012m T=21.95N z=5.645 m_est=2.249
[INFO] [1789405542.763624331] [acados_nmpc_node]: [attach-window] t=64.55s pos_err=0.016m T=21.96N z=5.650 m_est=2.249
[INFO] [1789405542.791730085] [acados_nmpc_node]: [wcmd] raw=[-0.005,-0.032,+0.111] w=[-0.007,+0.102,+0.161] err=[+0.002,-0.133] scaled=[-0.001,-0.387] s=3.67
[INFO] [1789405542.818983469] [acados_nmpc_node]: [attach-window] t=64.60s pos_err=0.010m T=21.91N z=5.657 m_est=2.249
[INFO] [1789405542.863718206] [acados_nmpc_node]: [attach-window] t=64.65s pos_err=0.020m T=21.97N z=5.661 m_est=2.249
[INFO] [1789405542.919105545] [acados_nmpc_node]: [attach-window] t=64.70s pos_err=0.010m T=21.94N z=5.668 m_est=2.249
[INFO] [1789405542.963687417] [acados_nmpc_node]: [attach-window] t=64.75s pos_err=0.014m T=21.92N z=5.673 m_est=2.248
[INFO] [1789405542.991740966] [acados_nmpc_node]: [wcmd] raw=[+0.008,+0.056,+0.102] w=[-0.002,-0.043,+0.106] err=[+0.010,+0.098] scaled=[+0.034,+0.319] s=3.67
[INFO] [1789405543.019156937] [acados_nmpc_node]: [attach-window] t=64.80s pos_err=0.011m T=21.89N z=5.681 m_est=2.248
[INFO] [1789405543.063702115] [acados_nmpc_node]: [attach-window] t=64.85s pos_err=0.020m T=21.92N z=5.685 m_est=2.248
[INFO] [1789405543.119619164] [acados_nmpc_node]: [attach-window] t=64.90s pos_err=0.012m T=21.89N z=5.692 m_est=2.247
[INFO] [1789405543.163933533] [acados_nmpc_node]: [attach-window] t=64.95s pos_err=0.016m T=21.92N z=5.697 m_est=2.247
[INFO] [1789405543.191790491] [acados_nmpc_node]: [wcmd] raw=[+0.016,-0.037,+0.085] w=[+0.023,-0.032,+0.095] err=[-0.007,-0.005] scaled=[-0.003,-0.052] s=3.67
[INFO] [1789405543.219317602] [acados_nmpc_node]: [attach-window] t=65.00s pos_err=0.015m T=21.92N z=5.704 m_est=2.247
[INFO] [1789405543.263834814] [acados_nmpc_node]: [attach-window] t=65.05s pos_err=0.022m T=21.95N z=5.708 m_est=2.246
[INFO] [1789405543.319411457] [acados_nmpc_node]: [attach-window] t=65.10s pos_err=0.015m T=21.94N z=5.715 m_est=2.246
[INFO] [1789405543.363797861] [acados_nmpc_node]: [attach-window] t=65.15s pos_err=0.019m T=21.95N z=5.719 m_est=2.245
[INFO] [1789405543.391764945] [acados_nmpc_node]: [wcmd] raw=[+0.009,+0.052,+0.082] w=[+0.016,+0.087,+0.124] err=[-0.007,-0.035] scaled=[-0.009,-0.042] s=3.66
[INFO] [1789405543.419112209] [acados_nmpc_node]: [attach-window] t=65.20s pos_err=0.016m T=21.94N z=5.726 m_est=2.244
[INFO] [1789405543.463795974] [acados_nmpc_node]: [attach-window] t=65.25s pos_err=0.025m T=21.98N z=5.730 m_est=2.244
[INFO] [1789405543.519072817] [acados_nmpc_node]: [attach-window] t=65.30s pos_err=0.018m T=21.94N z=5.737 m_est=2.244
[INFO] [1789405543.563771969] [acados_nmpc_node]: [attach-window] t=65.35s pos_err=0.023m T=21.94N z=5.741 m_est=2.243
[INFO] [1789405543.591776007] [acados_nmpc_node]: [wcmd] raw=[-0.001,+0.004,+0.064] w=[+0.004,-0.092,+0.050] err=[-0.005,+0.096] scaled=[-0.014,+0.255] s=3.64
[INFO] [1789405543.619496321] [acados_nmpc_node]: [attach-window] t=65.40s pos_err=0.024m T=21.94N z=5.748 m_est=2.242
[INFO] [1789405543.663694000] [acados_nmpc_node]: [attach-window] t=65.45s pos_err=0.031m T=21.95N z=5.752 m_est=2.242
[INFO] [1789405543.718869864] [acados_nmpc_node]: [attach-window] t=65.50s pos_err=0.022m T=21.96N z=5.759 m_est=2.241
[INFO] [1789405543.763667166] [acados_nmpc_node]: [attach-window] t=65.55s pos_err=0.040m T=22.02N z=5.763 m_est=2.241
[INFO] [1789405543.791696994] [acados_nmpc_node]: [wcmd] raw=[-0.006,+0.026,+0.061] w=[-0.004,+0.110,+0.102] err=[-0.002,-0.084] scaled=[-0.011,-0.193] s=3.62
[INFO] [1789405543.819065177] [acados_nmpc_node]: [attach-window] t=65.60s pos_err=0.028m T=21.99N z=5.769 m_est=2.241
[INFO] [1789405543.863742358] [acados_nmpc_node]: [attach-window] t=65.65s pos_err=0.035m T=22.03N z=5.773 m_est=2.240
[INFO] [1789405543.919286611] [acados_nmpc_node]: [attach-window] t=65.70s pos_err=0.023m T=22.03N z=5.779 m_est=2.240
[INFO] [1789405543.963710827] [acados_nmpc_node]: [attach-window] t=65.75s pos_err=0.043m T=22.07N z=5.782 m_est=2.240
[INFO] [1789405543.991719847] [acados_nmpc_node]: [wcmd] raw=[-0.001,+0.039,+0.052] w=[-0.007,-0.092,+0.029] err=[+0.007,+0.131] scaled=[+0.017,+0.382] s=3.61
[INFO] [1789405544.019032242] [acados_nmpc_node]: [attach-window] t=65.80s pos_err=0.030m T=22.08N z=5.787 m_est=2.240
[INFO] [1789405544.063720971] [acados_nmpc_node]: [attach-window] t=65.85s pos_err=0.038m T=22.10N z=5.791 m_est=2.239
[INFO] [1789405544.064202458] [acados_nmpc_node]: t=65.8s | pos_err=0.038m | T=22.10N | tau=[r-0.152 p0.084 y-0.001]Nm | res_stat=9.258e-07(peak 9.997e-07) sqp_iter=3 | solve=1.5ms
[INFO] [1789405544.064405162] [acados_nmpc_node]: [flight-diag] t=65.8s | om_scale=3.605(lo 3.605 hi 3.669) | tilt_max=3.32deg | w_max=[r0.034 p0.163 y0.476]rad/s | u_frac=[T0.711 r0.356 p0.477 y0.170] | u_sat=[T0.0 r0.0 p0.0 y0.0]% | mot_peak=0.887 mot_sat=0.0% | health=1 age=0.000s conf=0.000 | n=100
[INFO] [1789405544.119071935] [acados_nmpc_node]: [attach-window] t=65.90s pos_err=0.024m T=22.10N z=5.796 m_est=2.239
[INFO] [1789405544.163830182] [acados_nmpc_node]: [attach-window] t=65.95s pos_err=0.046m T=22.16N z=5.798 m_est=2.240
[INFO] [1789405544.191779225] [acados_nmpc_node]: [wcmd] raw=[+0.012,-0.023,+0.049] w=[+0.013,+0.032,+0.065] err=[-0.001,-0.055] scaled=[+0.009,-0.166] s=3.60
[INFO] [1789405544.219107767] [acados_nmpc_node]: [attach-window] t=66.00s pos_err=0.030m T=22.11N z=5.804 m_est=2.240
[INFO] [1789405544.263748114] [acados_nmpc_node]: [attach-window] t=66.05s pos_err=0.039m T=22.12N z=5.808 m_est=2.240
[INFO] [1789405544.319216269] [acados_nmpc_node]: [attach-window] t=66.10s pos_err=0.025m T=22.09N z=5.813 m_est=2.240
[INFO] [1789405544.363853471] [acados_nmpc_node]: [attach-window] t=66.15s pos_err=0.048m T=22.12N z=5.817 m_est=2.240
[INFO] [1789405544.391741153] [acados_nmpc_node]: [wcmd] raw=[+0.006,+0.061,+0.048] w=[+0.014,-0.019,+0.049] err=[-0.009,+0.081] scaled=[-0.017,+0.271] s=3.59
[INFO] [1789405544.419144004] [acados_nmpc_node]: [attach-window] t=66.20s pos_err=0.034m T=22.10N z=5.823 m_est=2.240
[INFO] [1789405544.463765180] [acados_nmpc_node]: [attach-window] t=66.25s pos_err=0.043m T=22.10N z=5.827 m_est=2.240
[INFO] [1789405544.518929553] [acados_nmpc_node]: [attach-window] t=66.30s pos_err=0.028m T=22.06N z=5.834 m_est=2.241
[INFO] [1789405544.563904430] [acados_nmpc_node]: [attach-window] t=66.35s pos_err=0.052m T=22.11N z=5.838 m_est=2.241
[INFO] [1789405544.591725180] [acados_nmpc_node]: [wcmd] raw=[-0.000,-0.018,+0.034] w=[+0.001,-0.042,+0.032] err=[-0.001,+0.024] scaled=[-0.004,+0.044] s=3.59
[INFO] [1789405544.619476113] [acados_nmpc_node]: [attach-window] t=66.40s pos_err=0.038m T=22.05N z=5.845 m_est=2.241
[INFO] [1789405544.663954119] [acados_nmpc_node]: [attach-window] t=66.45s pos_err=0.047m T=22.03N z=5.849 m_est=2.241
[INFO] [1789405544.719489407] [acados_nmpc_node]: [attach-window] t=66.50s pos_err=0.033m T=21.99N z=5.857 m_est=2.241
[INFO] [1789405544.763805873] [acados_nmpc_node]: [attach-window] t=66.55s pos_err=0.056m T=22.03N z=5.861 m_est=2.242
[INFO] [1789405544.791711437] [acados_nmpc_node]: [wcmd] raw=[-0.000,+0.053,+0.033] w=[+0.000,+0.058,+0.062] err=[-0.001,-0.006] scaled=[-0.002,+0.038] s=3.59
[INFO] [1789405544.819214762] [acados_nmpc_node]: [attach-window] t=66.60s pos_err=0.041m T=22.01N z=5.868 m_est=2.242
[INFO] [1789405544.863715848] [acados_nmpc_node]: [attach-window] t=66.65s pos_err=0.050m T=22.03N z=5.873 m_est=2.242
[INFO] [1789405544.919130897] [acados_nmpc_node]: [attach-window] t=66.70s pos_err=0.035m T=21.99N z=5.881 m_est=2.242
[INFO] [1789405544.963725115] [acados_nmpc_node]: [attach-window] t=66.75s pos_err=0.060m T=22.04N z=5.885 m_est=2.242
[INFO] [1789405544.991787353] [acados_nmpc_node]: [wcmd] raw=[-0.003,+0.002,+0.018] w=[-0.003,-0.089,+0.005] err=[-0.000,+0.091] scaled=[-0.003,+0.239] s=3.59
[INFO] [1789405545.019351632] [acados_nmpc_node]: [attach-window] t=66.80s pos_err=0.045m T=22.00N z=5.893 m_est=2.243
[INFO] [1789405545.063794581] [acados_nmpc_node]: [attach-window] t=66.85s pos_err=0.055m T=21.98N z=5.898 m_est=2.243
[INFO] [1789405545.119386620] [acados_nmpc_node]: [attach-window] t=66.90s pos_err=0.040m T=21.95N z=5.906 m_est=2.243
[INFO] [1789405545.163804825] [acados_nmpc_node]: [attach-window] t=66.95s pos_err=0.065m T=21.99N z=5.911 m_est=2.243
[INFO] [1789405545.191768310] [acados_nmpc_node]: [wcmd] raw=[-0.003,+0.029,+0.017] w=[-0.004,+0.085,+0.054] err=[+0.002,-0.056] scaled=[+0.001,-0.115] s=3.59
[INFO] [1789405545.219430661] [acados_nmpc_node]: [attach-window] t=67.00s pos_err=0.050m T=21.94N z=5.919 m_est=2.243
[INFO] [1789405545.263808599] [acados_nmpc_node]: [attach-window] t=67.05s pos_err=0.060m T=21.96N z=5.924 m_est=2.243
[INFO] [1789405545.319150630] [acados_nmpc_node]: [attach-window] t=67.10s pos_err=0.045m T=21.95N z=5.932 m_est=2.243
[INFO] [1789405545.363729684] [acados_nmpc_node]: [attach-window] t=67.15s pos_err=0.070m T=22.00N z=5.936 m_est=2.243
[INFO] [1789405545.391694126] [acados_nmpc_node]: [wcmd] raw=[+0.012,+0.034,+0.006] w=[+0.004,-0.067,-0.001] err=[+0.008,+0.101] scaled=[+0.031,+0.296] s=3.59
[INFO] [1789405545.419421510] [acados_nmpc_node]: [attach-window] t=67.20s pos_err=0.041m T=21.98N z=5.944 m_est=2.244
[INFO] [1789405545.463782110] [acados_nmpc_node]: [attach-window] t=67.25s pos_err=0.066m T=22.02N z=5.947 m_est=2.244
[INFO] [1789405545.516773172] [acados_nmpc_node]: [attach-window] t=67.30s pos_err=0.047m T=21.98N z=5.954 m_est=2.244
[INFO] [1789405545.563623734] [acados_nmpc_node]: [attach-window] t=67.35s pos_err=0.076m T=22.03N z=5.958 m_est=2.244
[INFO] [1789405545.591759833] [acados_nmpc_node]: [wcmd] raw=[+0.012,+0.024,+0.002] w=[+0.019,+0.017,+0.019] err=[-0.006,+0.007] scaled=[-0.004,+0.042] s=3.59
[INFO] [1789405545.619561580] [acados_nmpc_node]: [attach-window] t=67.40s pos_err=0.061m T=22.01N z=5.965 m_est=2.244
[INFO] [1789405545.663842290] [acados_nmpc_node]: [attach-window] t=67.45s pos_err=0.070m T=22.03N z=5.970 m_est=2.244
[INFO] [1789405545.719363018] [acados_nmpc_node]: [attach-window] t=67.50s pos_err=0.054m T=22.04N z=5.976 m_est=2.244
[INFO] [1789405545.763465147] [acados_nmpc_node]: [attach-window] t=67.55s pos_err=0.063m T=22.09N z=5.980 m_est=2.244
[INFO] [1789405545.791702073] [acados_nmpc_node]: [wcmd] raw=[+0.005,-0.024,-0.004] w=[+0.008,-0.000,+0.004] err=[-0.003,-0.024] scaled=[-0.003,-0.086] s=3.58
[INFO] [1789405545.816669446] [acados_nmpc_node]: [attach-window] t=67.60s pos_err=0.057m T=22.10N z=5.985 m_est=2.244
[INFO] [1789405545.863924214] [acados_nmpc_node]: [attach-window] t=67.65s pos_err=0.069m T=22.14N z=5.989 m_est=2.243
[INFO] [1789405545.919468090] [acados_nmpc_node]: [attach-window] t=67.70s pos_err=0.052m T=22.14N z=5.995 m_est=2.243
[INFO] [1789405545.963739592] [acados_nmpc_node]: [attach-window] t=67.75s pos_err=0.077m T=22.17N z=5.999 m_est=2.243
[INFO] [1789405545.991724292] [acados_nmpc_node]: [wcmd] raw=[+0.012,+0.031,-0.006] w=[+0.008,-0.016,-0.003] err=[+0.004,+0.047] scaled=[+0.022,+0.152] s=3.58
[INFO] [1789405546.019365520] [acados_nmpc_node]: [attach-window] t=67.80s pos_err=0.060m T=22.15N z=6.005 m_est=2.243
[INFO] [1789405546.063748096] [acados_nmpc_node]: [attach-window] t=67.85s pos_err=0.069m T=22.15N z=6.009 m_est=2.243
[INFO] [1789405546.119214986] [acados_nmpc_node]: [attach-window] t=67.90s pos_err=0.052m T=22.11N z=6.015 m_est=2.243
[INFO] [1789405546.163679091] [acados_nmpc_node]: [attach-window] t=67.95s pos_err=0.061m T=22.13N z=6.019 m_est=2.243
[INFO] [1789405546.191718440] [acados_nmpc_node]: [wcmd] raw=[+0.019,-0.046,-0.014] w=[+0.020,-0.029,-0.011] err=[-0.001,-0.017] scaled=[+0.018,-0.091] s=3.58
[INFO] [1789405546.219250083] [acados_nmpc_node]: [attach-window] t=68.00s pos_err=0.060m T=22.13N z=6.025 m_est=2.243
[INFO] [1789405546.263778986] [acados_nmpc_node]: [attach-window] t=68.05s pos_err=0.069m T=22.13N z=6.029 m_est=2.243
[INFO] [1789405546.319321979] [acados_nmpc_node]: [attach-window] t=68.10s pos_err=0.053m T=22.08N z=6.036 m_est=2.244
[INFO] [1789405546.363796528] [acados_nmpc_node]: [attach-window] t=68.15s pos_err=0.062m T=22.08N z=6.041 m_est=2.244
[INFO] [1789405546.391722386] [acados_nmpc_node]: [wcmd] raw=[+0.017,+0.008,-0.015] w=[+0.022,+0.041,+0.010] err=[-0.005,-0.033] scaled=[+0.004,-0.079] s=3.58
[INFO] [1789405546.419137323] [acados_nmpc_node]: [attach-window] t=68.20s pos_err=0.047m T=22.04N z=6.048 m_est=2.244
[INFO] [1789405546.463810823] [acados_nmpc_node]: [attach-window] t=68.25s pos_err=0.070m T=22.08N z=6.052 m_est=2.244
[INFO] [1789405546.519168765] [acados_nmpc_node]: [attach-window] t=68.30s pos_err=0.054m T=22.03N z=6.060 m_est=2.244
[INFO] [1789405546.563679968] [acados_nmpc_node]: [attach-window] t=68.35s pos_err=0.063m T=22.02N z=6.065 m_est=2.244
[INFO] [1789405546.591688677] [acados_nmpc_node]: [wcmd] raw=[+0.002,+0.005,-0.025] w=[+0.011,-0.061,-0.031] err=[-0.008,+0.067] scaled=[-0.019,+0.177] s=3.58
[INFO] [1789405546.619156625] [acados_nmpc_node]: [attach-window] t=68.40s pos_err=0.062m T=22.01N z=6.072 m_est=2.245
[INFO] [1789405546.663673652] [acados_nmpc_node]: [attach-window] t=68.45s pos_err=0.070m T=22.01N z=6.078 m_est=2.245
[INFO] [1789405546.719303694] [acados_nmpc_node]: [attach-window] t=68.50s pos_err=0.054m T=22.00N z=6.086 m_est=2.245
[INFO] [1789405546.763779073] [acados_nmpc_node]: [attach-window] t=68.55s pos_err=0.077m T=22.04N z=6.089 m_est=2.246
[INFO] [1789405546.791682245] [acados_nmpc_node]: [wcmd] raw=[-0.017,+0.009,-0.032] w=[-0.013,+0.057,-0.003] err=[-0.005,-0.047] scaled=[-0.029,-0.113] s=3.58
[INFO] [1789405546.819160321] [acados_nmpc_node]: [attach-window] t=68.60s pos_err=0.060m T=22.00N z=6.097 m_est=2.246
[INFO] [1789405546.863696464] [acados_nmpc_node]: [attach-window] t=68.65s pos_err=0.067m T=22.01N z=6.102 m_est=2.246
[INFO] [1789405546.919138386] [acados_nmpc_node]: [attach-window] t=68.70s pos_err=0.050m T=21.99N z=6.110 m_est=2.246
[INFO] [1789405546.963599141] [acados_nmpc_node]: [attach-window] t=68.75s pos_err=0.073m T=22.03N z=6.114 m_est=2.247
[INFO] [1789405546.991773592] [acados_nmpc_node]: [wcmd] raw=[-0.011,+0.025,-0.039] w=[-0.023,-0.053,-0.045] err=[+0.012,+0.078] scaled=[+0.020,+0.227] s=3.58
[INFO] [1789405547.018996442] [acados_nmpc_node]: [attach-window] t=68.80s pos_err=0.056m T=22.02N z=6.121 m_est=2.247
[INFO] [1789405547.063792835] [acados_nmpc_node]: [attach-window] t=68.85s pos_err=0.064m T=22.03N z=6.126 m_est=2.247
[INFO] [1789405547.119469176] [acados_nmpc_node]: [attach-window] t=68.90s pos_err=0.046m T=22.02N z=6.133 m_est=2.247
[INFO] [1789405547.163772678] [acados_nmpc_node]: [attach-window] t=68.95s pos_err=0.053m T=22.03N z=6.137 m_est=2.247
[INFO] [1789405547.191766903] [acados_nmpc_node]: [wcmd] raw=[-0.005,-0.056,-0.045] w=[-0.010,-0.004,-0.034] err=[+0.005,-0.052] scaled=[+0.007,-0.189] s=3.58
[INFO] [1789405547.220525891] [acados_nmpc_node]: [attach-window] t=69.00s pos_err=0.038m T=22.02N z=6.144 m_est=2.247
[INFO] [1789405547.263882736] [acados_nmpc_node]: [attach-window] t=69.05s pos_err=0.059m T=22.06N z=6.147 m_est=2.247
[INFO] [1789405547.320054291] [acados_nmpc_node]: [attach-window] t=69.10s pos_err=0.044m T=22.05N z=6.154 m_est=2.248
[INFO] [1789405547.364003248] [acados_nmpc_node]: [attach-window] t=69.15s pos_err=0.066m T=22.06N z=6.157 m_est=2.248
[INFO] [1789405547.391866180] [acados_nmpc_node]: [wcmd] raw=[+0.016,+0.079,-0.046] w=[+0.003,+0.018,-0.027] err=[+0.013,+0.061] scaled=[+0.051,+0.238] s=3.58
[INFO] [1789405547.419552046] [acados_nmpc_node]: [attach-window] t=69.20s pos_err=0.050m T=22.06N z=6.163 m_est=2.248
[INFO] [1789405547.464128688] [acados_nmpc_node]: [attach-window] t=69.25s pos_err=0.058m T=22.06N z=6.167 m_est=2.248
[INFO] [1789405547.517344043] [acados_nmpc_node]: [attach-window] t=69.30s pos_err=0.038m T=22.02N z=6.173 m_est=2.248
[INFO] [1789405547.563883224] [acados_nmpc_node]: [attach-window] t=69.35s pos_err=0.064m T=22.08N z=6.176 m_est=2.248
[INFO] [1789405547.591905575] [acados_nmpc_node]: [wcmd] raw=[+0.030,-0.040,-0.067] w=[+0.029,-0.076,-0.068] err=[+0.000,+0.036] scaled=[+0.031,+0.053] s=3.58
[INFO] [1789405547.619664187] [acados_nmpc_node]: [attach-window] t=69.40s pos_err=0.048m T=22.06N z=6.181 m_est=2.247
[INFO] [1789405547.663858069] [acados_nmpc_node]: [attach-window] t=69.45s pos_err=0.056m T=22.04N z=6.185 m_est=2.247
[INFO] [1789405547.719263719] [acados_nmpc_node]: [attach-window] t=69.50s pos_err=0.040m T=22.00N z=6.192 m_est=2.247
[INFO] [1789405547.763756671] [acados_nmpc_node]: [attach-window] t=69.55s pos_err=0.063m T=22.02N z=6.195 m_est=2.247
[INFO] [1789405547.791678217] [acados_nmpc_node]: [wcmd] raw=[+0.016,+0.050,-0.066] w=[+0.032,+0.101,-0.018] err=[-0.016,-0.051] scaled=[-0.025,-0.081] s=3.58
[INFO] [1789405547.819163567] [acados_nmpc_node]: [attach-window] t=69.60s pos_err=0.046m T=22.00N z=6.202 m_est=2.247
[INFO] [1789405547.863796626] [acados_nmpc_node]: [attach-window] t=69.65s pos_err=0.054m T=22.01N z=6.206 m_est=2.247
[INFO] [1789405547.919298081] [acados_nmpc_node]: [attach-window] t=69.70s pos_err=0.038m T=21.99N z=6.213 m_est=2.247
[INFO] [1789405547.963954379] [acados_nmpc_node]: [attach-window] t=69.75s pos_err=0.061m T=22.03N z=6.216 m_est=2.247
[INFO] [1789405547.991691005] [acados_nmpc_node]: [wcmd] raw=[-0.004,-0.005,-0.086] w=[-0.003,-0.131,-0.110] err=[-0.001,+0.126] scaled=[-0.005,+0.319] s=3.58
[INFO] [1789405548.019125096] [acados_nmpc_node]: [attach-window] t=69.80s pos_err=0.046m T=22.01N z=6.223 m_est=2.247
[INFO] [1789405548.063817830] [acados_nmpc_node]: [attach-window] t=69.85s pos_err=0.055m T=21.99N z=6.227 m_est=2.247
[INFO] [1789405548.119046076] [acados_nmpc_node]: [attach-window] t=69.90s pos_err=0.040m T=21.97N z=6.234 m_est=2.247
[INFO] [1789405548.164020796] [acados_nmpc_node]: [attach-window] t=69.95s pos_err=0.063m T=21.99N z=6.238 m_est=2.247
[INFO] [1789405548.191740344] [acados_nmpc_node]: [wcmd] raw=[-0.012,+0.014,-0.086] w=[-0.013,+0.114,-0.039] err=[+0.001,-0.100] scaled=[-0.009,-0.244] s=3.58
[INFO] [1789405548.219021827] [acados_nmpc_node]: [attach-window] t=70.00s pos_err=0.047m T=21.95N z=6.245 m_est=2.247
[INFO] [1789405548.263941406] [acados_nmpc_node]: [attach-window] t=70.05s pos_err=0.056m T=21.98N z=6.249 m_est=2.247
[INFO] [1789405548.319176868] [acados_nmpc_node]: [attach-window] t=70.10s pos_err=0.042m T=21.97N z=6.256 m_est=2.247
[INFO] [1789405548.363996903] [acados_nmpc_node]: [attach-window] t=70.15s pos_err=0.064m T=21.99N z=6.260 m_est=2.247
[INFO] [1789405548.391677886] [acados_nmpc_node]: [wcmd] raw=[-0.003,+0.033,-0.099] w=[-0.016,-0.095,-0.115] err=[+0.013,+0.128] scaled=[+0.030,+0.362] s=3.58
[INFO] [1789405548.419358217] [acados_nmpc_node]: [attach-window] t=70.20s pos_err=0.051m T=21.99N z=6.267 m_est=2.247
[INFO] [1789405548.464057985] [acados_nmpc_node]: [attach-window] t=70.25s pos_err=0.059m T=22.00N z=6.271 m_est=2.246
[INFO] [1789405548.519182933] [acados_nmpc_node]: [attach-window] t=70.30s pos_err=0.046m T=21.99N z=6.277 m_est=2.246
[INFO] [1789405548.564112072] [acados_nmpc_node]: [attach-window] t=70.35s pos_err=0.067m T=22.02N z=6.281 m_est=2.246
[INFO] [1789405548.591693270] [acados_nmpc_node]: [wcmd] raw=[+0.007,-0.026,-0.109] w=[+0.000,+0.043,-0.079] err=[+0.006,-0.070] scaled=[+0.023,-0.206] s=3.58
[INFO] [1789405548.619294894] [acados_nmpc_node]: [attach-window] t=70.40s pos_err=0.054m T=21.99N z=6.287 m_est=2.246
[INFO] [1789405548.663985513] [acados_nmpc_node]: [attach-window] t=70.45s pos_err=0.061m T=22.00N z=6.292 m_est=2.246
[INFO] [1789405548.719590011] [acados_nmpc_node]: [attach-window] t=70.50s pos_err=0.049m T=21.99N z=6.299 m_est=2.246
[INFO] [1789405548.764077107] [acados_nmpc_node]: [attach-window] t=70.55s pos_err=0.067m T=22.01N z=6.302 m_est=2.245
[INFO] [1789405548.791696257] [acados_nmpc_node]: [wcmd] raw=[+0.026,+0.043,-0.119] w=[+0.018,-0.019,-0.105] err=[+0.008,+0.061] scaled=[+0.047,+0.201] s=3.58
[INFO] [1789405548.819210555] [acados_nmpc_node]: [attach-window] t=70.60s pos_err=0.054m T=22.02N z=6.309 m_est=2.245
[INFO] [1789405548.864096395] [acados_nmpc_node]: [attach-window] t=70.65s pos_err=0.060m T=22.03N z=6.313 m_est=2.245
[INFO] [1789405548.919075296] [acados_nmpc_node]: [attach-window] t=70.70s pos_err=0.046m T=22.00N z=6.320 m_est=2.245
[INFO] [1789405548.963954729] [acados_nmpc_node]: [attach-window] t=70.75s pos_err=0.064m T=22.03N z=6.323 m_est=2.245
[INFO] [1789405548.991677484] [acados_nmpc_node]: [wcmd] raw=[+0.029,-0.038,-0.138] w=[+0.031,-0.045,-0.127] err=[-0.002,+0.008] scaled=[+0.023,-0.018] s=3.58
[INFO] [1789405549.018999219] [acados_nmpc_node]: [attach-window] t=70.80s pos_err=0.049m T=22.01N z=6.330 m_est=2.244
[INFO] [1789405549.063982125] [acados_nmpc_node]: [attach-window] t=70.85s pos_err=0.055m T=22.00N z=6.334 m_est=2.244
[INFO] [1789405549.064478067] [acados_nmpc_node]: t=70.8s | pos_err=0.055m | T=22.00N | tau=[r-0.169 p0.152 y0.004]Nm | res_stat=4.452e-07(peak 9.997e-07) sqp_iter=4 | solve=1.8ms
[INFO] [1789405549.064690049] [acados_nmpc_node]: [flight-diag] t=70.8s | om_scale=3.584(lo 3.584 hi 3.603) | tilt_max=2.82deg | w_max=[r0.035 p0.158 y0.153]rad/s | u_frac=[T0.707 r0.386 p0.426 y0.107] | u_sat=[T0.0 r0.0 p0.0 y0.0]% | mot_peak=0.879 mot_sat=0.0% | health=1 age=0.000s conf=0.000 | n=100
[INFO] [1789405549.119371784] [acados_nmpc_node]: [attach-window] t=70.90s pos_err=0.042m T=21.98N z=6.342 m_est=2.244
[INFO] [1789405549.164028633] [acados_nmpc_node]: [attach-window] t=70.95s pos_err=0.059m T=22.00N z=6.345 m_est=2.244
[INFO] [1789405549.191799563] [acados_nmpc_node]: [wcmd] raw=[+0.033,+0.039,-0.148] w=[+0.035,+0.050,-0.108] err=[-0.002,-0.011] scaled=[+0.027,+0.010] s=3.58
[INFO] [1789405549.219360591] [acados_nmpc_node]: [attach-window] t=71.00s pos_err=0.034m T=21.99N z=6.353 m_est=2.244
[INFO] [1789405549.264125493] [acados_nmpc_node]: [attach-window] t=71.05s pos_err=0.052m T=22.01N z=6.356 m_est=2.244
[INFO] [1789405549.319362653] [acados_nmpc_node]: [attach-window] t=71.10s pos_err=0.038m T=21.99N z=6.363 m_est=2.244
[INFO] [1789405549.363598982] [acados_nmpc_node]: [attach-window] t=71.15s pos_err=0.045m T=22.00N z=6.367 m_est=2.244
[INFO] [1789405549.391696791] [acados_nmpc_node]: [wcmd] raw=[+0.016,-0.015,-0.172] w=[+0.025,-0.086,-0.168] err=[-0.009,+0.071] scaled=[-0.009,+0.168] s=3.58
[INFO] [1789405549.416580851] [acados_nmpc_node]: [attach-window] t=71.20s pos_err=0.030m T=21.99N z=6.374 m_est=2.244
[INFO] [1789405549.463950821] [acados_nmpc_node]: [attach-window] t=71.25s pos_err=0.051m T=22.02N z=6.377 m_est=2.244
[INFO] [1789405549.519099279] [acados_nmpc_node]: [attach-window] t=71.30s pos_err=0.038m T=22.04N z=6.383 m_est=2.244
[INFO] [1789405549.563740241] [acados_nmpc_node]: [attach-window] t=71.35s pos_err=0.045m T=22.06N z=6.387 m_est=2.244
[INFO] [1789405549.591712282] [acados_nmpc_node]: [wcmd] raw=[-0.001,+0.003,-0.184] w=[+0.003,+0.079,-0.134] err=[-0.004,-0.076] scaled=[-0.012,-0.194] s=3.58
[INFO] [1789405549.619040141] [acados_nmpc_node]: [attach-window] t=71.40s pos_err=0.043m T=22.06N z=6.392 m_est=2.244
[INFO] [1789405549.664149071] [acados_nmpc_node]: [attach-window] t=71.45s pos_err=0.050m T=22.09N z=6.396 m_est=2.244
[INFO] [1789405549.719212990] [acados_nmpc_node]: [attach-window] t=71.50s pos_err=0.037m T=22.10N z=6.402 m_est=2.244
[INFO] [1789405549.763963463] [acados_nmpc_node]: [attach-window] t=71.55s pos_err=0.054m T=22.12N z=6.404 m_est=2.244
[INFO] [1789405549.791713172] [acados_nmpc_node]: [wcmd] raw=[-0.003,+0.013,-0.210] w=[-0.006,-0.057,-0.196] err=[+0.003,+0.070] scaled=[+0.004,+0.194] s=3.58
[INFO] [1789405549.819356596] [acados_nmpc_node]: [attach-window] t=71.60s pos_err=0.031m T=22.10N z=6.411 m_est=2.244
[INFO] [1789405549.864007144] [acados_nmpc_node]: [attach-window] t=71.65s pos_err=0.047m T=22.12N z=6.414 m_est=2.244
[INFO] [1789405549.919311151] [acados_nmpc_node]: [attach-window] t=71.70s pos_err=0.034m T=22.09N z=6.420 m_est=2.244
[INFO] [1789405549.963998042] [acados_nmpc_node]: [attach-window] t=71.75s pos_err=0.040m T=22.10N z=6.424 m_est=2.245
[INFO] [1789405549.991773006] [acados_nmpc_node]: [wcmd] raw=[-0.012,-0.032,-0.228] w=[-0.016,-0.003,-0.198] err=[+0.005,-0.029] scaled=[-0.000,-0.108] s=3.58
[INFO] [1789405550.019091629] [acados_nmpc_node]: [attach-window] t=71.80s pos_err=0.038m T=22.10N z=6.429 m_est=2.245
[INFO] [1789405550.064152598] [acados_nmpc_node]: [attach-window] t=71.85s pos_err=0.044m T=22.11N z=6.433 m_est=2.245
[INFO] [1789405550.118950033] [acados_nmpc_node]: [attach-window] t=71.90s pos_err=0.031m T=22.08N z=6.439 m_est=2.245
[INFO] [1789405550.163990701] [acados_nmpc_node]: [attach-window] t=71.95s pos_err=0.048m T=22.10N z=6.443 m_est=2.245
[INFO] [1789405550.191645663] [acados_nmpc_node]: [wcmd] raw=[+0.007,+0.026,-0.250] w=[-0.003,+0.004,-0.212] err=[+0.010,+0.022] scaled=[+0.032,+0.082] s=3.58
[INFO] [1789405550.216605316] [acados_nmpc_node]: [attach-window] t=72.00s pos_err=0.034m T=22.08N z=6.449 m_est=2.245
[INFO] [1789405550.263459898] [acados_nmpc_node]: [attach-window] t=72.05s pos_err=0.042m T=22.08N z=6.453 m_est=2.246
[INFO] [1789405550.319319333] [acados_nmpc_node]: [attach-window] t=72.10s pos_err=0.031m T=22.06N z=6.459 m_est=2.246
[INFO] [1789405550.363963251] [acados_nmpc_node]: [attach-window] t=72.15s pos_err=0.046m T=22.10N z=6.462 m_est=2.246
[INFO] [1789405550.391702322] [acados_nmpc_node]: [wcmd] raw=[+0.004,-0.007,-0.281] w=[+0.002,-0.035,-0.249] err=[+0.003,+0.028] scaled=[+0.012,+0.066] s=3.58
[INFO] [1789405550.419297586] [acados_nmpc_node]: [attach-window] t=72.20s pos_err=0.035m T=22.10N z=6.468 m_est=2.246
[INFO] [1789405550.463992446] [acados_nmpc_node]: [attach-window] t=72.25s pos_err=0.040m T=22.11N z=6.471 m_est=2.247
[INFO] [1789405550.519140593] [acados_nmpc_node]: [attach-window] t=72.30s pos_err=0.030m T=22.13N z=6.476 m_est=2.247
[INFO] [1789405550.563929327] [acados_nmpc_node]: [attach-window] t=72.35s pos_err=0.044m T=22.16N z=6.478 m_est=2.247
[INFO] [1789405550.591687741] [acados_nmpc_node]: [wcmd] raw=[+0.015,+0.014,-0.307] w=[+0.005,+0.035,-0.251] err=[+0.010,-0.021] scaled=[+0.041,-0.041] s=3.58
[INFO] [1789405550.619094678] [acados_nmpc_node]: [attach-window] t=72.40s pos_err=0.034m T=22.16N z=6.483 m_est=2.247
[INFO] [1789405550.664028277] [acados_nmpc_node]: [attach-window] t=72.45s pos_err=0.038m T=22.18N z=6.486 m_est=2.248
[INFO] [1789405550.719251606] [acados_nmpc_node]: [attach-window] t=72.50s pos_err=0.028m T=22.19N z=6.490 m_est=2.248
[INFO] [1789405550.764029792] [acados_nmpc_node]: [attach-window] t=72.55s pos_err=0.042m T=22.21N z=6.493 m_est=2.248
[INFO] [1789405550.791693275] [acados_nmpc_node]: [wcmd] raw=[+0.030,+0.009,-0.340] w=[+0.026,-0.038,-0.304] err=[+0.004,+0.048] scaled=[+0.040,+0.133] s=3.58
[INFO] [1789405550.819315367] [acados_nmpc_node]: [attach-window] t=72.60s pos_err=0.033m T=22.21N z=6.497 m_est=2.248
[INFO] [1789405550.863928746] [acados_nmpc_node]: [attach-window] t=72.65s pos_err=0.037m T=22.21N z=6.500 m_est=2.249
[INFO] [1789405550.919041631] [acados_nmpc_node]: [attach-window] t=72.70s pos_err=0.028m T=22.19N z=6.505 m_est=2.249
[INFO] [1789405550.963974446] [acados_nmpc_node]: [attach-window] t=72.75s pos_err=0.042m T=22.20N z=6.508 m_est=2.249
[INFO] [1789405550.991700291] [acados_nmpc_node]: [wcmd] raw=[+0.012,+0.003,-0.369] w=[+0.024,+0.033,-0.312] err=[-0.013,-0.030] scaled=[-0.022,-0.074] s=3.58
[INFO] [1789405551.019033116] [acados_nmpc_node]: [attach-window] t=72.80s pos_err=0.024m T=22.13N z=6.514 m_est=2.250
[INFO] [1789405551.063950968] [acados_nmpc_node]: [attach-window] t=72.85s pos_err=0.037m T=22.14N z=6.517 m_est=2.250
[INFO] [1789405551.119404490] [acados_nmpc_node]: [attach-window] t=72.90s pos_err=0.029m T=22.11N z=6.523 m_est=2.250
[INFO] [1789405551.164228139] [acados_nmpc_node]: [attach-window] t=72.95s pos_err=0.041m T=22.12N z=6.526 m_est=2.251
[INFO] [1789405551.191812325] [acados_nmpc_node]: [wcmd] raw=[+0.002,+0.028,-0.396] w=[-0.007,-0.024,-0.362] err=[+0.009,+0.052] scaled=[+0.024,+0.163] s=3.58
[INFO] [1789405551.219368843] [acados_nmpc_node]: [attach-window] t=73.00s pos_err=0.032m T=22.09N z=6.532 m_est=2.251
[INFO] [1789405551.264277000] [acados_nmpc_node]: [attach-window] t=73.05s pos_err=0.036m T=22.09N z=6.536 m_est=2.251
[INFO] [1789405551.319353638] [acados_nmpc_node]: [attach-window] t=73.10s pos_err=0.028m T=22.06N z=6.542 m_est=2.252
[INFO] [1789405551.363593813] [acados_nmpc_node]: [attach-window] t=73.15s pos_err=0.039m T=22.07N z=6.545 m_est=2.252
[INFO] [1789405551.391740630] [acados_nmpc_node]: [wcmd] raw=[-0.003,-0.028,-0.422] w=[-0.009,-0.012,-0.387] err=[+0.006,-0.016] scaled=[+0.012,-0.070] s=3.61
[INFO] [1789405551.416876615] [acados_nmpc_node]: [attach-window] t=73.20s pos_err=0.030m T=22.04N z=6.551 m_est=2.252
[INFO] [1789405551.463433352] [acados_nmpc_node]: [attach-window] t=73.25s pos_err=0.035m T=22.03N z=6.555 m_est=2.253
[INFO] [1789405551.516709251] [acados_nmpc_node]: [attach-window] t=73.30s pos_err=0.028m T=22.02N z=6.561 m_est=2.253
[INFO] [1789405551.563326870] [acados_nmpc_node]: [attach-window] t=73.35s pos_err=0.038m T=22.04N z=6.564 m_est=2.253
[INFO] [1789405551.591788103] [acados_nmpc_node]: [wcmd] raw=[-0.005,+0.022,-0.438] w=[-0.012,+0.004,-0.404] err=[+0.007,+0.018] scaled=[+0.013,+0.071] s=3.63
[INFO] [1789405551.619467309] [acados_nmpc_node]: [attach-window] t=73.40s pos_err=0.033m T=22.04N z=6.569 m_est=2.253
[INFO] [1789405551.664037805] [acados_nmpc_node]: [attach-window] t=73.45s pos_err=0.037m T=22.05N z=6.572 m_est=2.253
[INFO] [1789405551.719492846] [acados_nmpc_node]: [attach-window] t=73.50s pos_err=0.035m T=22.05N z=6.578 m_est=2.253
[INFO] [1789405551.764062775] [acados_nmpc_node]: [attach-window] t=73.55s pos_err=0.041m T=22.08N z=6.580 m_est=2.254
[INFO] [1789405551.791687308] [acados_nmpc_node]: [wcmd] raw=[-0.000,-0.012,-0.458] w=[-0.014,-0.039,-0.440] err=[+0.014,+0.027] scaled=[+0.036,+0.059] s=3.64
[INFO] [1789405551.819740503] [acados_nmpc_node]: [attach-window] t=73.60s pos_err=0.040m T=22.09N z=6.584 m_est=2.254
[INFO] [1789405551.864104257] [acados_nmpc_node]: [attach-window] t=73.65s pos_err=0.043m T=22.10N z=6.587 m_est=2.254
[INFO] [1789405551.919545403] [acados_nmpc_node]: [attach-window] t=73.70s pos_err=0.044m T=22.11N z=6.591 m_est=2.254
[INFO] [1789405551.963940715] [acados_nmpc_node]: [attach-window] t=73.75s pos_err=0.048m T=22.14N z=6.593 m_est=2.254
[INFO] [1789405551.991684255] [acados_nmpc_node]: [wcmd] raw=[-0.005,+0.023,-0.464] w=[-0.007,+0.046,-0.432] err=[+0.002,-0.023] scaled=[+0.000,-0.039] s=3.65
[INFO] [1789405552.019163050] [acados_nmpc_node]: [attach-window] t=73.80s pos_err=0.048m T=22.14N z=6.596 m_est=2.254
[INFO] [1789405552.063926297] [acados_nmpc_node]: [attach-window] t=73.85s pos_err=0.051m T=22.17N z=6.598 m_est=2.254
[INFO] [1789405552.119346383] [acados_nmpc_node]: [attach-window] t=73.90s pos_err=0.051m T=22.18N z=6.601 m_est=2.254
[INFO] [1789405552.163889257] [acados_nmpc_node]: [attach-window] t=73.95s pos_err=0.053m T=22.21N z=6.603 m_est=2.253
[INFO] [1789405552.191717872] [acados_nmpc_node]: [wcmd] raw=[+0.017,+0.018,-0.469] w=[-0.008,-0.040,-0.477] err=[+0.025,+0.057] scaled=[+0.085,+0.170] s=3.65
[INFO] [1789405552.219559112] [acados_nmpc_node]: [attach-window] t=74.00s pos_err=0.053m T=22.20N z=6.606 m_est=2.253
[INFO] [1789405552.264018287] [acados_nmpc_node]: [attach-window] t=74.05s pos_err=0.054m T=22.20N z=6.608 m_est=2.253
[INFO] [1789405552.319485485] [acados_nmpc_node]: [attach-window] t=74.10s pos_err=0.054m T=22.19N z=6.612 m_est=2.253
[INFO] [1789405552.364195803] [acados_nmpc_node]: [attach-window] t=74.15s pos_err=0.055m T=22.20N z=6.614 m_est=2.253
[INFO] [1789405552.391737716] [acados_nmpc_node]: [wcmd] raw=[+0.025,+0.014,-0.460] w=[+0.028,+0.057,-0.454] err=[-0.003,-0.043] scaled=[+0.017,-0.101] s=3.66
[INFO] [1789405552.419697127] [acados_nmpc_node]: [attach-window] t=74.20s pos_err=0.053m T=22.14N z=6.618 m_est=2.253
[INFO] [1789405552.464019464] [acados_nmpc_node]: [attach-window] t=74.25s pos_err=0.053m T=22.13N z=6.621 m_est=2.253
[INFO] [1789405552.519563236] [acados_nmpc_node]: [attach-window] t=74.30s pos_err=0.052m T=22.09N z=6.627 m_est=2.253
[INFO] [1789405552.563960348] [acados_nmpc_node]: [attach-window] t=74.35s pos_err=0.051m T=22.09N z=6.629 m_est=2.253
[INFO] [1789405552.591733343] [acados_nmpc_node]: [wcmd] raw=[+0.022,+0.021,-0.443] w=[+0.016,-0.029,-0.485] err=[+0.006,+0.050] scaled=[+0.038,+0.154] s=3.66
[INFO] [1789405552.619241245] [acados_nmpc_node]: [attach-window] t=74.40s pos_err=0.049m T=22.06N z=6.635 m_est=2.253
[INFO] [1789405552.663811885] [acados_nmpc_node]: [attach-window] t=74.45s pos_err=0.048m T=22.05N z=6.639 m_est=2.254
[INFO] [1789405552.719321269] [acados_nmpc_node]: [attach-window] t=74.50s pos_err=0.046m T=22.02N z=6.644 m_est=2.254
[INFO] [1789405552.763861109] [acados_nmpc_node]: [attach-window] t=74.55s pos_err=0.044m T=22.04N z=6.647 m_est=2.254
[INFO] [1789405552.791736109] [acados_nmpc_node]: [wcmd] raw=[+0.024,-0.015,-0.416] w=[+0.018,-0.002,-0.465] err=[+0.006,-0.012] scaled=[+0.040,-0.048] s=3.66
[INFO] [1789405552.819578941] [acados_nmpc_node]: [attach-window] t=74.60s pos_err=0.042m T=22.02N z=6.652 m_est=2.254
[INFO] [1789405552.863764023] [acados_nmpc_node]: [attach-window] t=74.65s pos_err=0.039m T=22.02N z=6.656 m_est=2.254
[INFO] [1789405552.919177057] [acados_nmpc_node]: [attach-window] t=74.70s pos_err=0.038m T=22.01N z=6.661 m_est=2.254
[INFO] [1789405552.963750320] [acados_nmpc_node]: [attach-window] t=74.75s pos_err=0.035m T=22.03N z=6.663 m_est=2.254
[INFO] [1789405552.991676781] [acados_nmpc_node]: [wcmd] raw=[+0.016,+0.030,-0.379] w=[+0.019,+0.012,-0.438] err=[-0.003,+0.018] scaled=[+0.007,+0.080] s=3.66
[INFO] [1789405553.019047416] [acados_nmpc_node]: [attach-window] t=74.80s pos_err=0.033m T=22.03N z=6.668 m_est=2.254
[INFO] [1789405553.063857609] [acados_nmpc_node]: [attach-window] t=74.85s pos_err=0.030m T=22.04N z=6.671 m_est=2.254
[INFO] [1789405553.119117018] [acados_nmpc_node]: [attach-window] t=74.90s pos_err=0.030m T=22.04N z=6.675 m_est=2.254
[INFO] [1789405553.163887601] [acados_nmpc_node]: [attach-window] t=74.95s pos_err=0.026m T=22.08N z=6.677 m_est=2.254
[INFO] [1789405553.191801850] [acados_nmpc_node]: [wcmd] raw=[+0.009,+0.002,-0.350] w=[+0.003,-0.028,-0.423] err=[+0.006,+0.030] scaled=[+0.026,+0.081] s=3.66
[INFO] [1789405553.219386947] [acados_nmpc_node]: [attach-window] t=75.00s pos_err=0.025m T=22.09N z=6.680 m_est=2.254
[INFO] [1789405553.263870090] [acados_nmpc_node]: [attach-window] t=75.05s pos_err=0.023m T=22.09N z=6.682 m_est=2.254
[INFO] [1789405553.319371686] [acados_nmpc_node]: [attach-window] t=75.10s pos_err=0.023m T=22.10N z=6.686 m_est=2.254
[INFO] [1789405553.363291733] [acados_nmpc_node]: [attach-window] t=75.15s pos_err=0.020m T=22.13N z=6.687 m_est=2.254
[INFO] [1789405553.391692321] [acados_nmpc_node]: [wcmd] raw=[+0.001,+0.023,-0.315] w=[-0.001,+0.043,-0.366] err=[+0.002,-0.019] scaled=[+0.005,-0.028] s=3.66
[INFO] [1789405553.419867080] [acados_nmpc_node]: [attach-window] t=75.20s pos_err=0.022m T=22.11N z=6.690 m_est=2.254
[INFO] [1789405553.463869851] [acados_nmpc_node]: [attach-window] t=75.25s pos_err=0.018m T=22.14N z=6.692 m_est=2.253
[INFO] [1789405553.519437713] [acados_nmpc_node]: [attach-window] t=75.30s pos_err=0.019m T=22.14N z=6.694 m_est=2.253
[INFO] [1789405553.563826832] [acados_nmpc_node]: [attach-window] t=75.35s pos_err=0.018m T=22.15N z=6.695 m_est=2.253
[INFO] [1789405553.591759908] [acados_nmpc_node]: [wcmd] raw=[+0.003,+0.024,-0.287] w=[-0.010,-0.045,-0.361] err=[+0.013,+0.070] scaled=[+0.037,+0.210] s=3.66
[INFO] [1789405553.619237354] [acados_nmpc_node]: [attach-window] t=75.40s pos_err=0.020m T=22.14N z=6.698 m_est=2.253
[INFO] [1789405553.663819456] [acados_nmpc_node]: [attach-window] t=75.45s pos_err=0.017m T=22.16N z=6.699 m_est=2.253
[INFO] [1789405553.719211434] [acados_nmpc_node]: [attach-window] t=75.50s pos_err=0.017m T=22.14N z=6.702 m_est=2.253
[INFO] [1789405553.763675375] [acados_nmpc_node]: [attach-window] t=75.55s pos_err=0.016m T=22.15N z=6.703 m_est=2.253
[INFO] [1789405553.791739385] [acados_nmpc_node]: [wcmd] raw=[-0.000,-0.014,-0.263] w=[-0.002,+0.013,-0.308] err=[+0.002,-0.027] scaled=[+0.005,-0.085] s=3.66
[INFO] [1789405553.819687735] [acados_nmpc_node]: [attach-window] t=75.60s pos_err=0.016m T=22.15N z=6.706 m_est=2.253
[INFO] [1789405553.864074297] [acados_nmpc_node]: [attach-window] t=75.65s pos_err=0.018m T=22.16N z=6.707 m_est=2.253
[INFO] [1789405553.919777003] [acados_nmpc_node]: [attach-window] t=75.70s pos_err=0.017m T=22.14N z=6.710 m_est=2.253
[INFO] [1789405553.964006845] [acados_nmpc_node]: [attach-window] t=75.75s pos_err=0.022m T=22.15N z=6.712 m_est=2.253
[INFO] [1789405553.991837953] [acados_nmpc_node]: [wcmd] raw=[-0.002,+0.038,-0.246] w=[-0.004,+0.019,-0.275] err=[+0.002,+0.019] scaled=[+0.004,+0.088] s=3.66
[INFO] [1789405554.019788432] [acados_nmpc_node]: [attach-window] t=75.80s pos_err=0.018m T=22.12N z=6.715 m_est=2.253
[INFO] [1789405554.063900676] [acados_nmpc_node]: [attach-window] t=75.85s pos_err=0.021m T=22.11N z=6.717 m_est=2.253
[INFO] [1789405554.064404390] [acados_nmpc_node]: t=75.8s | pos_err=0.021m | T=22.11N | tau=[r-0.184 p-0.012 y0.008]Nm | res_stat=1.879e-07(peak 9.997e-07) sqp_iter=3 | solve=1.6ms
[INFO] [1789405554.064613718] [acados_nmpc_node]: [flight-diag] t=75.8s | om_scale=3.664(lo 3.584 hi 3.664) | tilt_max=2.79deg | w_max=[r0.036 p0.087 y0.489]rad/s | u_frac=[T0.709 r0.410 p0.292 y0.165] | u_sat=[T0.0 r0.0 p0.0 y0.0]% | mot_peak=0.858 mot_sat=0.0% | health=1 age=0.000s conf=0.000 | n=100
[INFO] [1789405554.119648762] [acados_nmpc_node]: [attach-window] t=75.90s pos_err=0.018m T=22.06N z=6.722 m_est=2.253
[INFO] [1789405554.164060232] [acados_nmpc_node]: [attach-window] t=75.95s pos_err=0.025m T=22.07N z=6.724 m_est=2.253
[INFO] [1789405554.191835600] [acados_nmpc_node]: [wcmd] raw=[+0.003,-0.005,-0.236] w=[-0.009,-0.038,-0.272] err=[+0.012,+0.032] scaled=[+0.034,+0.081] s=3.66
[INFO] [1789405554.220198181] [acados_nmpc_node]: [attach-window] t=76.00s pos_err=0.019m T=22.02N z=6.729 m_est=2.254
[INFO] [1789405554.263991547] [acados_nmpc_node]: [attach-window] t=76.05s pos_err=0.022m T=21.99N z=6.732 m_est=2.254
[INFO] [1789405554.319297825] [acados_nmpc_node]: [attach-window] t=76.10s pos_err=0.017m T=21.96N z=6.737 m_est=2.254
[INFO] [1789405554.363955411] [acados_nmpc_node]: [attach-window] t=76.15s pos_err=0.026m T=21.96N z=6.739 m_est=2.254
[INFO] [1789405554.391741968] [acados_nmpc_node]: [wcmd] raw=[+0.006,+0.015,-0.218] w=[+0.005,+0.031,-0.230] err=[+0.001,-0.017] scaled=[+0.008,-0.030] s=3.66
[INFO] [1789405554.419244874] [acados_nmpc_node]: [attach-window] t=76.20s pos_err=0.018m T=21.91N z=6.745 m_est=2.254
[INFO] [1789405554.463336055] [acados_nmpc_node]: [attach-window] t=76.25s pos_err=0.024m T=21.93N z=6.747 m_est=2.254
[INFO] [1789405554.516757698] [acados_nmpc_node]: [attach-window] t=76.30s pos_err=0.020m T=21.89N z=6.752 m_est=2.254
[INFO] [1789405554.563347721] [acados_nmpc_node]: [attach-window] t=76.35s pos_err=0.028m T=21.90N z=6.754 m_est=2.254
[INFO] [1789405554.591597699] [acados_nmpc_node]: [wcmd] raw=[+0.003,+0.021,-0.207] w=[-0.004,-0.065,-0.244] err=[+0.007,+0.087] scaled=[+0.021,+0.252] s=3.66
[INFO] [1789405554.617001033] [acados_nmpc_node]: [attach-window] t=76.40s pos_err=0.023m T=21.88N z=6.759 m_est=2.254
[INFO] [1789405554.663220583] [acados_nmpc_node]: [attach-window] t=76.45s pos_err=0.026m T=21.88N z=6.762 m_est=2.254
[INFO] [1789405554.716723927] [acados_nmpc_node]: [attach-window] t=76.50s pos_err=0.023m T=21.88N z=6.766 m_est=2.254
[INFO] [1789405554.763132237] [acados_nmpc_node]: [attach-window] t=76.55s pos_err=0.029m T=21.89N z=6.768 m_est=2.254
[INFO] [1789405554.791644468] [acados_nmpc_node]: [wcmd] raw=[+0.010,-0.008,-0.195] w=[+0.001,+0.018,-0.202] err=[+0.008,-0.026] scaled=[+0.032,-0.077] s=3.66
[INFO] [1789405554.816841177] [acados_nmpc_node]: [attach-window] t=76.60s pos_err=0.024m T=21.88N z=6.772 m_est=2.254
[INFO] [1789405554.863235107] [acados_nmpc_node]: [attach-window] t=76.65s pos_err=0.027m T=21.90N z=6.774 m_est=2.253
[INFO] [1789405554.916460670] [acados_nmpc_node]: [attach-window] t=76.70s pos_err=0.024m T=21.93N z=6.776 m_est=2.253
[INFO] [1789405554.963332497] [acados_nmpc_node]: [attach-window] t=76.75s pos_err=0.029m T=21.96N z=6.777 m_est=2.253
[INFO] [1789405554.991709022] [acados_nmpc_node]: [wcmd] raw=[+0.012,+0.038,-0.183] w=[+0.013,-0.008,-0.194] err=[-0.001,+0.046] scaled=[+0.008,+0.160] s=3.66
[INFO] [1789405555.016465722] [acados_nmpc_node]: [attach-window] t=76.80s pos_err=0.022m T=21.99N z=6.779 m_est=2.252
[INFO] [1789405555.063260869] [acados_nmpc_node]: [attach-window] t=76.85s pos_err=0.024m T=22.02N z=6.780 m_est=2.252
[INFO] [1789405555.116898988] [acados_nmpc_node]: [attach-window] t=76.90s pos_err=0.020m T=22.03N z=6.781 m_est=2.252
[INFO] [1789405555.163450714] [acados_nmpc_node]: [attach-window] t=76.95s pos_err=0.024m T=22.06N z=6.781 m_est=2.251
[INFO] [1789405555.191633499] [acados_nmpc_node]: [wcmd] raw=[+0.009,-0.006,-0.177] w=[+0.004,-0.045,-0.196] err=[+0.005,+0.039] scaled=[+0.021,+0.098] s=3.66
[INFO] [1789405555.217021004] [acados_nmpc_node]: [attach-window] t=77.00s pos_err=0.017m T=22.06N z=6.782 m_est=2.251
[INFO] [1789405555.263762023] [acados_nmpc_node]: [attach-window] t=77.05s pos_err=0.019m T=22.06N z=6.783 m_est=2.250
[INFO] [1789405555.318987820] [acados_nmpc_node]: [attach-window] t=77.10s pos_err=0.015m T=22.06N z=6.784 m_est=2.250
[INFO] [1789405555.363662748] [acados_nmpc_node]: [attach-window] t=77.15s pos_err=0.016m T=22.07N z=6.785 m_est=2.250
[INFO] [1789405555.391801148] [acados_nmpc_node]: [wcmd] raw=[-0.000,+0.005,-0.167] w=[+0.005,+0.049,-0.156] err=[-0.005,-0.044] scaled=[-0.013,-0.113] s=3.66
[INFO] [1789405555.419039710] [acados_nmpc_node]: [attach-window] t=77.20s pos_err=0.015m T=22.07N z=6.786 m_est=2.250
[INFO] [1789405555.463670200] [acados_nmpc_node]: [attach-window] t=77.25s pos_err=0.019m T=22.08N z=6.786 m_est=2.249
[INFO] [1789405555.519099169] [acados_nmpc_node]: [attach-window] t=77.30s pos_err=0.013m T=22.09N z=6.787 m_est=2.249
[INFO] [1789405555.563677058] [acados_nmpc_node]: [attach-window] t=77.35s pos_err=0.025m T=22.11N z=6.787 m_est=2.249
[INFO] [1789405555.591686047] [acados_nmpc_node]: [wcmd] raw=[-0.001,+0.035,-0.165] w=[-0.006,-0.032,-0.177] err=[+0.005,+0.068] scaled=[+0.012,+0.216] s=3.66
[INFO] [1789405555.619213250] [acados_nmpc_node]: [attach-window] t=77.40s pos_err=0.017m T=22.12N z=6.788 m_est=2.249
[INFO] [1789405555.663614837] [acados_nmpc_node]: [attach-window] t=77.45s pos_err=0.022m T=22.13N z=6.788 m_est=2.249
[INFO] [1789405555.719121311] [acados_nmpc_node]: [attach-window] t=77.50s pos_err=0.014m T=22.13N z=6.788 m_est=2.249
[INFO] [1789405555.763671116] [acados_nmpc_node]: [attach-window] t=77.55s pos_err=0.030m T=22.14N z=6.789 m_est=2.249
[INFO] [1789405555.791784441] [acados_nmpc_node]: [wcmd] raw=[+0.005,+0.003,-0.160] w=[-0.000,+0.029,-0.154] err=[+0.005,-0.025] scaled=[+0.018,-0.064] s=3.66
[INFO] [1789405555.819188128] [acados_nmpc_node]: [attach-window] t=77.60s pos_err=0.022m T=22.12N z=6.789 m_est=2.249
[INFO] [1789405555.863874321] [acados_nmpc_node]: [attach-window] t=77.65s pos_err=0.030m T=22.11N z=6.790 m_est=2.249
[INFO] [1789405555.919201648] [acados_nmpc_node]: [attach-window] t=77.70s pos_err=0.021m T=22.11N z=6.790 m_est=2.249
[INFO] [1789405555.963830931] [acados_nmpc_node]: [attach-window] t=77.75s pos_err=0.039m T=22.12N z=6.790 m_est=2.249
[INFO] [1789405555.991694649] [acados_nmpc_node]: [wcmd] raw=[+0.006,+0.042,-0.155] w=[+0.006,+0.005,-0.155] err=[+0.001,+0.036] scaled=[+0.008,+0.138] s=3.66
[INFO] [1789405556.019068250] [acados_nmpc_node]: [attach-window] t=77.80s pos_err=0.030m T=22.11N z=6.791 m_est=2.250
[INFO] [1789405556.063744526] [acados_nmpc_node]: [attach-window] t=77.85s pos_err=0.038m T=22.12N z=6.792 m_est=2.250
[INFO] [1789405556.118801865] [acados_nmpc_node]: [attach-window] t=77.90s pos_err=0.028m T=22.10N z=6.792 m_est=2.250
[INFO] [1789405556.163606881] [acados_nmpc_node]: [attach-window] t=77.95s pos_err=0.036m T=22.12N z=6.792 m_est=2.250
[INFO] [1789405556.191720632] [acados_nmpc_node]: [wcmd] raw=[+0.004,-0.040,-0.154] w=[+0.004,-0.036,-0.165] err=[+0.001,-0.004] scaled=[+0.006,-0.049] s=3.66
[INFO] [1789405556.219267433] [acados_nmpc_node]: [attach-window] t=78.00s pos_err=0.038m T=22.12N z=6.793 m_est=2.251
[INFO] [1789405556.263661042] [acados_nmpc_node]: [attach-window] t=78.05s pos_err=0.045m T=22.11N z=6.793 m_est=2.251
[INFO] [1789405556.319353726] [acados_nmpc_node]: [attach-window] t=78.10s pos_err=0.035m T=22.08N z=6.794 m_est=2.251
[INFO] [1789405556.363463783] [acados_nmpc_node]: [attach-window] t=78.15s pos_err=0.053m T=22.08N z=6.794 m_est=2.251
[INFO] [1789405556.391608067] [acados_nmpc_node]: [wcmd] raw=[+0.005,+0.038,-0.143] w=[+0.006,+0.050,-0.129] err=[-0.001,-0.012] scaled=[+0.003,+0.006] s=3.66
[INFO] [1789405556.416678897] [acados_nmpc_node]: [attach-window] t=78.20s pos_err=0.040m T=22.07N z=6.795 m_est=2.252
[INFO] [1789405556.463197685] [acados_nmpc_node]: [attach-window] t=78.25s pos_err=0.049m T=22.06N z=6.795 m_est=2.252
[INFO] [1789405556.516601371] [acados_nmpc_node]: [attach-window] t=78.30s pos_err=0.035m T=22.04N z=6.796 m_est=2.252
[INFO] [1789405556.563308357] [acados_nmpc_node]: [attach-window] t=78.35s pos_err=0.055m T=22.06N z=6.796 m_est=2.252
[INFO] [1789405556.591597963] [acados_nmpc_node]: [wcmd] raw=[+0.001,-0.014,-0.145] w=[-0.004,-0.102,-0.174] err=[+0.005,+0.088] scaled=[+0.014,+0.221] s=3.66
[INFO] [1789405556.616747974] [acados_nmpc_node]: [attach-window] t=78.40s pos_err=0.040m T=22.06N z=6.796 m_est=2.253
[INFO] [1789405556.663267061] [acados_nmpc_node]: [attach-window] t=78.45s pos_err=0.049m T=22.04N z=6.797 m_est=2.253
[INFO] [1789405556.716560742] [acados_nmpc_node]: [attach-window] t=78.50s pos_err=0.034m T=22.03N z=6.797 m_est=2.253
[INFO] [1789405556.763350742] [acados_nmpc_node]: [attach-window] t=78.55s pos_err=0.054m T=22.03N z=6.797 m_est=2.253
[INFO] [1789405556.791788981] [acados_nmpc_node]: [wcmd] raw=[+0.008,+0.002,-0.137] w=[+0.001,+0.053,-0.115] err=[+0.007,-0.051] scaled=[+0.025,-0.135] s=3.66
[INFO] [1789405556.819234209] [acados_nmpc_node]: [attach-window] t=78.60s pos_err=0.042m T=21.99N z=6.798 m_est=2.253
[INFO] [1789405556.863703178] [acados_nmpc_node]: [attach-window] t=78.65s pos_err=0.048m T=22.00N z=6.799 m_est=2.253
[INFO] [1789405556.916539479] [acados_nmpc_node]: [attach-window] t=78.70s pos_err=0.033m T=21.99N z=6.800 m_est=2.253
[INFO] [1789405556.963025202] [acados_nmpc_node]: [attach-window] t=78.75s pos_err=0.053m T=22.00N z=6.800 m_est=2.253
[INFO] [1789405556.991694793] [acados_nmpc_node]: [wcmd] raw=[+0.005,+0.021,-0.141] w=[+0.009,-0.065,-0.149] err=[-0.003,+0.085] scaled=[-0.004,+0.248] s=3.66
[INFO] [1789405557.019197604] [acados_nmpc_node]: [attach-window] t=78.80s pos_err=0.041m T=22.00N z=6.801 m_est=2.253
[INFO] [1789405557.063650264] [acados_nmpc_node]: [attach-window] t=78.85s pos_err=0.047m T=21.99N z=6.802 m_est=2.253
[INFO] [1789405557.119076080] [acados_nmpc_node]: [attach-window] t=78.90s pos_err=0.034m T=21.98N z=6.803 m_est=2.253
[INFO] [1789405557.163683321] [acados_nmpc_node]: [attach-window] t=78.95s pos_err=0.052m T=21.98N z=6.803 m_est=2.253
[INFO] [1789405557.191764513] [acados_nmpc_node]: [wcmd] raw=[-0.000,-0.017,-0.146] w=[-0.005,+0.019,-0.124] err=[+0.005,-0.036] scaled=[+0.014,-0.113] s=3.66
[INFO] [1789405557.219443145] [acados_nmpc_node]: [attach-window] t=79.00s pos_err=0.040m T=21.95N z=6.805 m_est=2.253
[INFO] [1789405557.263833017] [acados_nmpc_node]: [attach-window] t=79.05s pos_err=0.046m T=21.94N z=6.805 m_est=2.253
[INFO] [1789405557.319437333] [acados_nmpc_node]: [attach-window] t=79.10s pos_err=0.034m T=21.93N z=6.807 m_est=2.253
[INFO] [1789405557.363741393] [acados_nmpc_node]: [attach-window] t=79.15s pos_err=0.051m T=21.93N z=6.807 m_est=2.252
[INFO] [1789405557.391779558] [acados_nmpc_node]: [wcmd] raw=[+0.003,+0.032,-0.149] w=[+0.000,-0.008,-0.134] err=[+0.003,+0.040] scaled=[+0.010,+0.138] s=3.66
[INFO] [1789405557.419447563] [acados_nmpc_node]: [attach-window] t=79.20s pos_err=0.039m T=21.94N z=6.808 m_est=2.252
[INFO] [1789405557.463946455] [acados_nmpc_node]: [attach-window] t=79.25s pos_err=0.045m T=21.94N z=6.808 m_est=2.252
[INFO] [1789405557.519462180] [acados_nmpc_node]: [attach-window] t=79.30s pos_err=0.034m T=21.96N z=6.808 m_est=2.252
[INFO] [1789405557.563733901] [acados_nmpc_node]: [attach-window] t=79.35s pos_err=0.051m T=21.98N z=6.808 m_est=2.252
[INFO] [1789405557.591693558] [acados_nmpc_node]: [wcmd] raw=[+0.002,-0.015,-0.159] w=[-0.004,-0.043,-0.152] err=[+0.005,+0.028] scaled=[+0.016,+0.060] s=3.66
[INFO] [1789405557.619195367] [acados_nmpc_node]: [attach-window] t=79.40s pos_err=0.040m T=22.00N z=6.807 m_est=2.251
[INFO] [1789405557.663819179] [acados_nmpc_node]: [attach-window] t=79.45s pos_err=0.046m T=21.99N z=6.807 m_est=2.251
[INFO] [1789405557.719269365] [acados_nmpc_node]: [attach-window] t=79.50s pos_err=0.036m T=22.02N z=6.806 m_est=2.251
[INFO] [1789405557.763793466] [acados_nmpc_node]: [attach-window] t=79.55s pos_err=0.052m T=22.02N z=6.805 m_est=2.251
[INFO] [1789405557.791672971] [acados_nmpc_node]: [wcmd] raw=[+0.012,+0.031,-0.160] w=[+0.006,+0.054,-0.125] err=[+0.006,-0.022] scaled=[+0.028,-0.029] s=3.66
[INFO] [1789405557.819204505] [acados_nmpc_node]: [attach-window] t=79.60s pos_err=0.041m T=22.03N z=6.804 m_est=2.250
[INFO] [1789405557.863711767] [acados_nmpc_node]: [attach-window] t=79.65s pos_err=0.048m T=22.04N z=6.803 m_est=2.250
[INFO] [1789405557.919168619] [acados_nmpc_node]: [attach-window] t=79.70s pos_err=0.036m T=22.05N z=6.802 m_est=2.250
[INFO] [1789405557.963681974] [acados_nmpc_node]: [attach-window] t=79.75s pos_err=0.042m T=22.05N z=6.802 m_est=2.250
[INFO] [1789405557.991692078] [acados_nmpc_node]: [wcmd] raw=[+0.017,-0.024,-0.170] w=[+0.016,-0.061,-0.172] err=[+0.001,+0.038] scaled=[+0.018,+0.076] s=3.66
[INFO] [1789405558.019081589] [acados_nmpc_node]: [attach-window] t=79.80s pos_err=0.041m T=22.07N z=6.800 m_est=2.250
[INFO] [1789405558.063741879] [acados_nmpc_node]: [attach-window] t=79.85s pos_err=0.048m T=22.07N z=6.799 m_est=2.250
[INFO] [1789405558.119109214] [acados_nmpc_node]: [attach-window] t=79.90s pos_err=0.036m T=22.09N z=6.798 m_est=2.249
[INFO] [1789405558.163675231] [acados_nmpc_node]: [attach-window] t=79.95s pos_err=0.052m T=22.09N z=6.797 m_est=2.249
[INFO] [1789405558.191687769] [acados_nmpc_node]: [wcmd] raw=[+0.009,+0.008,-0.172] w=[+0.018,+0.046,-0.142] err=[-0.009,-0.039] scaled=[-0.015,-0.095] s=3.66
[INFO] [1789405558.219345296] [acados_nmpc_node]: [attach-window] t=80.00s pos_err=0.041m T=22.09N z=6.795 m_est=2.249
[INFO] [1789405558.263713610] [acados_nmpc_node]: [attach-window] t=80.05s pos_err=0.047m T=22.09N z=6.794 m_est=2.249
[INFO] [1789405558.319454367] [acados_nmpc_node]: [attach-window] t=80.10s pos_err=0.035m T=22.09N z=6.792 m_est=2.249
[INFO] [1789405558.363763693] [acados_nmpc_node]: [attach-window] t=80.15s pos_err=0.052m T=22.09N z=6.791 m_est=2.249
[INFO] [1789405558.391678639] [acados_nmpc_node]: [wcmd] raw=[-0.001,+0.010,-0.180] w=[-0.004,-0.059,-0.183] err=[+0.003,+0.069] scaled=[+0.006,+0.195] s=3.66
[INFO] [1789405558.419155153] [acados_nmpc_node]: [attach-window] t=80.20s pos_err=0.041m T=22.10N z=6.789 m_est=2.249
[INFO] [1789405558.463665283] [acados_nmpc_node]: [attach-window] t=80.25s pos_err=0.046m T=22.10N z=6.788 m_est=2.250
[INFO] [1789405558.518992828] [acados_nmpc_node]: [attach-window] t=80.30s pos_err=0.035m T=22.10N z=6.786 m_est=2.250
[INFO] [1789405558.563716022] [acados_nmpc_node]: [attach-window] t=80.35s pos_err=0.051m T=22.10N z=6.785 m_est=2.250
[INFO] [1789405558.591691829] [acados_nmpc_node]: [wcmd] raw=[+0.005,-0.016,-0.187] w=[-0.004,+0.016,-0.165] err=[+0.009,-0.032] scaled=[+0.030,-0.100] s=3.66
[INFO] [1789405558.619121774] [acados_nmpc_node]: [attach-window] t=80.40s pos_err=0.039m T=22.08N z=6.784 m_est=2.250
[INFO] [1789405558.663668184] [acados_nmpc_node]: [attach-window] t=80.45s pos_err=0.044m T=22.07N z=6.783 m_est=2.250
[INFO] [1789405558.719006776] [acados_nmpc_node]: [attach-window] t=80.50s pos_err=0.032m T=22.07N z=6.781 m_est=2.250
[INFO] [1789405558.763694035] [acados_nmpc_node]: [attach-window] t=80.55s pos_err=0.048m T=22.06N z=6.780 m_est=2.251
[INFO] [1789405558.791680870] [acados_nmpc_node]: [wcmd] raw=[+0.013,+0.021,-0.195] w=[+0.010,-0.022,-0.181] err=[+0.003,+0.043] scaled=[+0.022,+0.135] s=3.66
[INFO] [1789405558.819373380] [acados_nmpc_node]: [attach-window] t=80.60s pos_err=0.037m T=22.07N z=6.779 m_est=2.251
[INFO] [1789405558.863764146] [acados_nmpc_node]: [attach-window] t=80.65s pos_err=0.042m T=22.07N z=6.778 m_est=2.251
[INFO] [1789405558.919116969] [acados_nmpc_node]: [attach-window] t=80.70s pos_err=0.029m T=22.06N z=6.776 m_est=2.251
[INFO] [1789405558.963797014] [acados_nmpc_node]: [attach-window] t=80.75s pos_err=0.045m T=22.06N z=6.775 m_est=2.251
[INFO] [1789405558.991724930] [acados_nmpc_node]: [wcmd] raw=[-0.002,-0.026,-0.212] w=[+0.003,-0.034,-0.195] err=[-0.005,+0.008] scaled=[-0.016,-0.004] s=3.66
[INFO] [1789405559.019170748] [acados_nmpc_node]: [attach-window] t=80.80s pos_err=0.033m T=22.06N z=6.773 m_est=2.252
[INFO] [1789405559.063959200] [acados_nmpc_node]: [attach-window] t=80.85s pos_err=0.038m T=22.05N z=6.772 m_est=2.252
[INFO] [1789405559.064669165] [acados_nmpc_node]: t=80.8s | pos_err=0.038m | T=22.05N | tau=[r-0.182 p0.109 y-0.002]Nm | res_stat=5.301e-07(peak 9.997e-07) sqp_iter=3 | solve=1.7ms
[INFO] [1789405559.064875260] [acados_nmpc_node]: [flight-diag] t=80.8s | om_scale=3.664(lo 3.664 hi 3.664) | tilt_max=2.66deg | w_max=[r0.021 p0.120 y0.277]rad/s | u_frac=[T0.706 r0.390 p0.285 y0.090] | u_sat=[T0.0 r0.0 p0.0 y0.0]% | mot_peak=0.859 mot_sat=0.0% | health=1 age=0.000s conf=0.000 | n=100
[INFO] [1789405559.119441204] [acados_nmpc_node]: [attach-window] t=80.90s pos_err=0.027m T=22.06N z=6.770 m_est=2.252
[INFO] [1789405559.163730334] [acados_nmpc_node]: [attach-window] t=80.95s pos_err=0.041m T=22.06N z=6.769 m_est=2.252
[INFO] [1789405559.191805727] [acados_nmpc_node]: [wcmd] raw=[-0.005,+0.015,-0.223] w=[-0.014,+0.017,-0.188] err=[+0.010,-0.001] scaled=[+0.021,+0.012] s=3.66
[INFO] [1789405559.219536102] [acados_nmpc_node]: [attach-window] t=81.00s pos_err=0.030m T=22.07N z=6.767 m_est=2.252
[INFO] [1789405559.263797096] [acados_nmpc_node]: [attach-window] t=81.05s pos_err=0.034m T=22.07N z=6.765 m_est=2.252
[INFO] [1789405559.316889652] [acados_nmpc_node]: [attach-window] t=81.10s pos_err=0.022m T=22.08N z=6.763 m_est=2.253
[INFO] [1789405559.363457687] [acados_nmpc_node]: [attach-window] t=81.15s pos_err=0.037m T=22.08N z=6.762 m_est=2.253
[INFO] [1789405559.391609271] [acados_nmpc_node]: [wcmd] raw=[+0.016,-0.007,-0.245] w=[+0.002,-0.063,-0.227] err=[+0.014,+0.056] scaled=[+0.052,+0.142] s=3.66
[INFO] [1789405559.416962760] [acados_nmpc_node]: [attach-window] t=81.20s pos_err=0.025m T=22.09N z=6.760 m_est=2.253
[INFO] [1789405559.463821482] [acados_nmpc_node]: [attach-window] t=81.25s pos_err=0.031m T=22.07N z=6.758 m_est=2.253
[INFO] [1789405559.519204840] [acados_nmpc_node]: [attach-window] t=81.30s pos_err=0.022m T=22.08N z=6.756 m_est=2.253
[INFO] [1789405559.563733292] [acados_nmpc_node]: [attach-window] t=81.35s pos_err=0.034m T=22.07N z=6.754 m_est=2.253
[INFO] [1789405559.591768297] [acados_nmpc_node]: [wcmd] raw=[+0.014,+0.012,-0.263] w=[+0.021,+0.052,-0.206] err=[-0.007,-0.040] scaled=[-0.005,-0.094] s=3.66
[INFO] [1789405559.618939707] [acados_nmpc_node]: [attach-window] t=81.40s pos_err=0.025m T=22.06N z=6.752 m_est=2.253
[INFO] [1789405559.663776742] [acados_nmpc_node]: [attach-window] t=81.45s pos_err=0.029m T=22.06N z=6.751 m_est=2.253
[INFO] [1789405559.718992529] [acados_nmpc_node]: [attach-window] t=81.50s pos_err=0.020m T=22.06N z=6.748 m_est=2.253
[INFO] [1789405559.763710398] [acados_nmpc_node]: [attach-window] t=81.55s pos_err=0.031m T=22.05N z=6.747 m_est=2.253
[INFO] [1789405559.791681869] [acados_nmpc_node]: [wcmd] raw=[+0.008,+0.011,-0.289] w=[+0.004,-0.054,-0.265] err=[+0.004,+0.065] scaled=[+0.019,+0.183] s=3.66
[INFO] [1789405559.819230319] [acados_nmpc_node]: [attach-window] t=81.60s pos_err=0.023m T=22.05N z=6.745 m_est=2.253
[INFO] [1789405559.863791259] [acados_nmpc_node]: [attach-window] t=81.65s pos_err=0.026m T=22.03N z=6.744 m_est=2.253
[INFO] [1789405559.919526233] [acados_nmpc_node]: [attach-window] t=81.70s pos_err=0.019m T=22.03N z=6.742 m_est=2.253
[INFO] [1789405559.963891208] [acados_nmpc_node]: [attach-window] t=81.75s pos_err=0.028m T=22.01N z=6.742 m_est=2.253
[INFO] [1789405559.991762417] [acados_nmpc_node]: [wcmd] raw=[+0.008,-0.019,-0.311] w=[+0.004,+0.017,-0.266] err=[+0.005,-0.035] scaled=[+0.021,-0.113] s=3.66
[INFO] [1789405560.019327246] [acados_nmpc_node]: [attach-window] t=81.80s pos_err=0.020m T=22.00N z=6.740 m_est=2.253
[INFO] [1789405560.064227241] [acados_nmpc_node]: [attach-window] t=81.85s pos_err=0.023m T=21.99N z=6.739 m_est=2.253
[INFO] [1789405560.119314329] [acados_nmpc_node]: [attach-window] t=81.90s pos_err=0.019m T=22.00N z=6.737 m_est=2.253
[INFO] [1789405560.163810646] [acados_nmpc_node]: [attach-window] t=81.95s pos_err=0.027m T=21.99N z=6.736 m_est=2.253
[INFO] [1789405560.191706042] [acados_nmpc_node]: [wcmd] raw=[+0.011,+0.029,-0.332] w=[+0.009,-0.017,-0.296] err=[+0.002,+0.046] scaled=[+0.015,+0.153] s=3.66
[INFO] [1789405560.220136785] [acados_nmpc_node]: [attach-window] t=82.00s pos_err=0.022m T=22.00N z=6.734 m_est=2.253
[INFO] [1789405560.264009047] [acados_nmpc_node]: [attach-window] t=82.05s pos_err=0.026m T=22.00N z=6.732 m_est=2.253
[INFO] [1789405560.319549985] [acados_nmpc_node]: [attach-window] t=82.10s pos_err=0.022m T=22.00N z=6.730 m_est=2.253
[INFO] [1789405560.363944796] [acados_nmpc_node]: [attach-window] t=82.15s pos_err=0.031m T=21.99N z=6.729 m_est=2.253
[INFO] [1789405560.391695474] [acados_nmpc_node]: [wcmd] raw=[+0.005,-0.002,-0.360] w=[-0.001,-0.000,-0.318] err=[+0.005,-0.002] scaled=[+0.019,-0.006] s=3.66
[INFO] [1789405560.419582345] [acados_nmpc_node]: [attach-window] t=82.20s pos_err=0.027m T=22.01N z=6.726 m_est=2.253
[INFO] [1789405560.463828064] [acados_nmpc_node]: [attach-window] t=82.25s pos_err=0.030m T=22.00N z=6.724 m_est=2.253
[INFO] [1789405560.519370219] [acados_nmpc_node]: [attach-window] t=82.30s pos_err=0.026m T=22.02N z=6.721 m_est=2.253
[INFO] [1789405560.564031510] [acados_nmpc_node]: [attach-window] t=82.35s pos_err=0.035m T=22.01N z=6.720 m_est=2.253
[INFO] [1789405560.591706046] [acados_nmpc_node]: [wcmd] raw=[+0.013,+0.031,-0.383] w=[+0.006,+0.044,-0.330] err=[+0.007,-0.012] scaled=[+0.030,-0.001] s=3.66
[INFO] [1789405560.619130840] [acados_nmpc_node]: [attach-window] t=82.40s pos_err=0.030m T=22.03N z=6.716 m_est=2.253
[INFO] [1789405560.663723279] [acados_nmpc_node]: [attach-window] t=82.45s pos_err=0.033m T=22.03N z=6.714 m_est=2.253
[INFO] [1789405560.719434778] [acados_nmpc_node]: [attach-window] t=82.50s pos_err=0.027m T=22.06N z=6.710 m_est=2.253
[INFO] [1789405560.764037090] [acados_nmpc_node]: [attach-window] t=82.55s pos_err=0.036m T=22.06N z=6.708 m_est=2.252
[INFO] [1789405560.791695755] [acados_nmpc_node]: [wcmd] raw=[+0.018,-0.008,-0.412] w=[+0.010,-0.054,-0.388] err=[+0.008,+0.046] scaled=[+0.040,+0.115] s=3.66
[INFO] [1789405560.816901188] [acados_nmpc_node]: [attach-window] t=82.60s pos_err=0.028m T=22.10N z=6.704 m_est=2.252
[INFO] [1789405560.863762343] [acados_nmpc_node]: [attach-window] t=82.65s pos_err=0.031m T=22.10N z=6.701 m_est=2.252
[INFO] [1789405560.919373381] [acados_nmpc_node]: [attach-window] t=82.70s pos_err=0.024m T=22.14N z=6.695 m_est=2.252
[INFO] [1789405560.963795398] [acados_nmpc_node]: [attach-window] t=82.75s pos_err=0.032m T=22.14N z=6.693 m_est=2.252
[INFO] [1789405560.991724580] [acados_nmpc_node]: [wcmd] raw=[+0.025,-0.002,-0.429] w=[+0.023,+0.034,-0.383] err=[+0.001,-0.036] scaled=[+0.028,-0.099] s=3.66
[INFO] [1789405561.019286243] [acados_nmpc_node]: [attach-window] t=82.80s pos_err=0.024m T=22.16N z=6.687 m_est=2.252
[INFO] [1789405561.063761611] [acados_nmpc_node]: [attach-window] t=82.85s pos_err=0.026m T=22.17N z=6.684 m_est=2.252
[INFO] [1789405561.119370044] [acados_nmpc_node]: [attach-window] t=82.90s pos_err=0.019m T=22.19N z=6.679 m_est=2.252
[INFO] [1789405561.163823167] [acados_nmpc_node]: [attach-window] t=82.95s pos_err=0.028m T=22.18N z=6.676 m_est=2.252
[INFO] [1789405561.191761012] [acados_nmpc_node]: [wcmd] raw=[+0.011,+0.010,-0.449] w=[+0.017,-0.053,-0.433] err=[-0.006,+0.063] scaled=[-0.006,+0.178] s=3.66
[INFO] [1789405561.219618240] [acados_nmpc_node]: [attach-window] t=83.00s pos_err=0.021m T=22.18N z=6.671 m_est=2.252
[INFO] [1789405561.263867792] [acados_nmpc_node]: [attach-window] t=83.05s pos_err=0.024m T=22.17N z=6.668 m_est=2.252
[INFO] [1789405561.319294640] [acados_nmpc_node]: [attach-window] t=83.10s pos_err=0.018m T=22.17N z=6.663 m_est=2.252
[INFO] [1789405561.363780810] [acados_nmpc_node]: [attach-window] t=83.15s pos_err=0.027m T=22.14N z=6.661 m_est=2.253
[INFO] [1789405561.391747659] [acados_nmpc_node]: [wcmd] raw=[+0.003,-0.010,-0.463] w=[-0.006,+0.021,-0.432] err=[+0.010,-0.031] scaled=[+0.030,-0.091] s=3.66
[INFO] [1789405561.419038391] [acados_nmpc_node]: [attach-window] t=83.20s pos_err=0.020m T=22.12N z=6.657 m_est=2.253
[INFO] [1789405561.463854219] [acados_nmpc_node]: [attach-window] t=83.25s pos_err=0.023m T=22.11N z=6.655 m_est=2.253
[INFO] [1789405561.516914395] [acados_nmpc_node]: [attach-window] t=83.30s pos_err=0.017m T=22.11N z=6.650 m_est=2.253
[INFO] [1789405561.563735514] [acados_nmpc_node]: [attach-window] t=83.35s pos_err=0.025m T=22.09N z=6.648 m_est=2.253
[INFO] [1789405561.591696464] [acados_nmpc_node]: [wcmd] raw=[+0.012,+0.025,-0.470] w=[+0.004,-0.009,-0.457] err=[+0.007,+0.035] scaled=[+0.032,+0.117] s=3.66
[INFO] [1789405561.619273045] [acados_nmpc_node]: [attach-window] t=83.40s pos_err=0.019m T=22.10N z=6.644 m_est=2.254
[INFO] [1789405561.663745480] [acados_nmpc_node]: [attach-window] t=83.45s pos_err=0.021m T=22.10N z=6.641 m_est=2.254
[INFO] [1789405561.719422096] [acados_nmpc_node]: [attach-window] t=83.50s pos_err=0.018m T=22.11N z=6.636 m_est=2.254
[INFO] [1789405561.763907216] [acados_nmpc_node]: [attach-window] t=83.55s pos_err=0.022m T=22.11N z=6.634 m_est=2.254
[INFO] [1789405561.791700023] [acados_nmpc_node]: [wcmd] raw=[+0.003,-0.022,-0.473] w=[-0.001,-0.029,-0.476] err=[+0.004,+0.007] scaled=[+0.014,-0.003] s=3.66
[INFO] [1789405561.819517298] [acados_nmpc_node]: [attach-window] t=83.60s pos_err=0.019m T=22.13N z=6.628 m_est=2.255
[INFO] [1789405561.863767390] [acados_nmpc_node]: [attach-window] t=83.65s pos_err=0.020m T=22.13N z=6.625 m_est=2.255
[INFO] [1789405561.919472655] [acados_nmpc_node]: [attach-window] t=83.70s pos_err=0.020m T=22.16N z=6.619 m_est=2.255
[INFO] [1789405561.963756066] [acados_nmpc_node]: [attach-window] t=83.75s pos_err=0.021m T=22.15N z=6.617 m_est=2.255
[INFO] [1789405561.991711023] [acados_nmpc_node]: [wcmd] raw=[+0.009,+0.019,-0.459] w=[-0.000,+0.020,-0.463] err=[+0.009,-0.001] scaled=[+0.033,+0.015] s=3.66
[INFO] [1789405562.019278494] [acados_nmpc_node]: [attach-window] t=83.80s pos_err=0.021m T=22.16N z=6.611 m_est=2.255
[INFO] [1789405562.063775914] [acados_nmpc_node]: [attach-window] t=83.85s pos_err=0.021m T=22.15N z=6.608 m_est=2.256
[INFO] [1789405562.119484720] [acados_nmpc_node]: [attach-window] t=83.90s pos_err=0.025m T=22.15N z=6.603 m_est=2.256
[INFO] [1789405562.163836717] [acados_nmpc_node]: [attach-window] t=83.95s pos_err=0.024m T=22.14N z=6.600 m_est=2.256
[INFO] [1789405562.191704856] [acados_nmpc_node]: [wcmd] raw=[+0.005,-0.019,-0.439] w=[+0.004,-0.050,-0.484] err=[+0.001,+0.031] scaled=[+0.007,+0.065] s=3.66
[INFO] [1789405562.219400512] [acados_nmpc_node]: [attach-window] t=84.00s pos_err=0.029m T=22.14N z=6.596 m_est=2.256
[INFO] [1789405562.263815489] [acados_nmpc_node]: [attach-window] t=84.05s pos_err=0.023m T=22.11N z=6.594 m_est=2.256
[INFO] [1789405562.319299158] [acados_nmpc_node]: [attach-window] t=84.10s pos_err=0.027m T=22.10N z=6.589 m_est=2.256
[INFO] [1789405562.363716345] [acados_nmpc_node]: [attach-window] t=84.15s pos_err=0.025m T=22.08N z=6.587 m_est=2.256
[INFO] [1789405562.391720182] [acados_nmpc_node]: [wcmd] raw=[+0.010,+0.024,-0.409] w=[+0.004,+0.058,-0.435] err=[+0.006,-0.034] scaled=[+0.025,-0.067] s=3.66
[INFO] [1789405562.419302043] [acados_nmpc_node]: [attach-window] t=84.20s pos_err=0.025m T=22.06N z=6.584 m_est=2.256
[INFO] [1789405562.463839281] [acados_nmpc_node]: [attach-window] t=84.25s pos_err=0.023m T=22.05N z=6.581 m_est=2.256
[INFO] [1789405562.518991744] [acados_nmpc_node]: [attach-window] t=84.30s pos_err=0.027m T=22.07N z=6.577 m_est=2.256
[INFO] [1789405562.563767373] [acados_nmpc_node]: [attach-window] t=84.35s pos_err=0.024m T=22.07N z=6.574 m_est=2.256
[INFO] [1789405562.591718116] [acados_nmpc_node]: [wcmd] raw=[+0.010,+0.008,-0.384] w=[+0.011,-0.020,-0.443] err=[-0.001,+0.028] scaled=[+0.008,+0.081] s=3.66
[INFO] [1789405562.619352343] [acados_nmpc_node]: [attach-window] t=84.40s pos_err=0.029m T=22.09N z=6.569 m_est=2.256
[INFO] [1789405562.663806038] [acados_nmpc_node]: [attach-window] t=84.45s pos_err=0.021m T=22.07N z=6.567 m_est=2.256
[INFO] [1789405562.719218238] [acados_nmpc_node]: [attach-window] t=84.50s pos_err=0.025m T=22.09N z=6.562 m_est=2.256
[INFO] [1789405562.763834162] [acados_nmpc_node]: [attach-window] t=84.55s pos_err=0.022m T=22.09N z=6.559 m_est=2.256
[INFO] [1789405562.791679367] [acados_nmpc_node]: [wcmd] raw=[+0.003,+0.019,-0.352] w=[-0.001,+0.046,-0.398] err=[+0.004,-0.026] scaled=[+0.013,-0.051] s=3.66
[INFO] [1789405562.819080511] [acados_nmpc_node]: [attach-window] t=84.60s pos_err=0.026m T=22.11N z=6.553 m_est=2.256
[INFO] [1789405562.863692090] [acados_nmpc_node]: [attach-window] t=84.65s pos_err=0.018m T=22.10N z=6.551 m_est=2.256
[INFO] [1789405562.919602053] [acados_nmpc_node]: [attach-window] t=84.70s pos_err=0.021m T=22.11N z=6.545 m_est=2.256
[INFO] [1789405562.963748633] [acados_nmpc_node]: [attach-window] t=84.75s pos_err=0.016m T=22.09N z=6.543 m_est=2.256
[INFO] [1789405562.991691433] [acados_nmpc_node]: [wcmd] raw=[+0.023,+0.043,-0.318] w=[+0.008,-0.013,-0.386] err=[+0.015,+0.055] scaled=[+0.063,+0.191] s=3.66
[INFO] [1789405563.019231713] [acados_nmpc_node]: [attach-window] t=84.80s pos_err=0.017m T=22.11N z=6.537 m_est=2.256
[INFO] [1789405563.063885477] [acados_nmpc_node]: [attach-window] t=84.85s pos_err=0.014m T=22.11N z=6.534 m_est=2.256
[INFO] [1789405563.119531812] [acados_nmpc_node]: [attach-window] t=84.90s pos_err=0.017m T=22.12N z=6.528 m_est=2.256
[INFO] [1789405563.163807251] [acados_nmpc_node]: [attach-window] t=84.95s pos_err=0.011m T=22.11N z=6.525 m_est=2.255
[INFO] [1789405563.191711086] [acados_nmpc_node]: [wcmd] raw=[+0.015,-0.014,-0.286] w=[+0.020,+0.001,-0.349] err=[-0.005,-0.015] scaled=[+0.001,-0.055] s=3.66
[INFO] [1789405563.219782683] [acados_nmpc_node]: [attach-window] t=85.00s pos_err=0.013m T=22.10N z=6.519 m_est=2.255
[INFO] [1789405563.263843967] [acados_nmpc_node]: [attach-window] t=85.05s pos_err=0.010m T=22.09N z=6.516 m_est=2.255
[INFO] [1789405563.319647147] [acados_nmpc_node]: [attach-window] t=85.10s pos_err=0.015m T=22.09N z=6.510 m_est=2.255
[INFO] [1789405563.363801318] [acados_nmpc_node]: [attach-window] t=85.15s pos_err=0.007m T=22.08N z=6.508 m_est=2.255
[INFO] [1789405563.391708032] [acados_nmpc_node]: [wcmd] raw=[+0.005,+0.033,-0.250] w=[+0.001,+0.003,-0.310] err=[+0.004,+0.031] scaled=[+0.015,+0.115] s=3.66
[INFO] [1789405563.419109731] [acados_nmpc_node]: [attach-window] t=85.20s pos_err=0.010m T=22.10N z=6.502 m_est=2.255
[INFO] [1789405563.463797176] [acados_nmpc_node]: [attach-window] t=85.25s pos_err=0.006m T=22.10N z=6.498 m_est=2.255
[INFO] [1789405563.519307594] [acados_nmpc_node]: [attach-window] t=85.30s pos_err=0.013m T=22.11N z=6.492 m_est=2.255
[INFO] [1789405563.563653736] [acados_nmpc_node]: [attach-window] t=85.35s pos_err=0.004m T=22.11N z=6.489 m_est=2.255
[INFO] [1789405563.591744866] [acados_nmpc_node]: [wcmd] raw=[+0.010,+0.003,-0.227] w=[+0.002,-0.035,-0.287] err=[+0.008,+0.038] scaled=[+0.031,+0.104] s=3.66
[INFO] [1789405563.619222296] [acados_nmpc_node]: [attach-window] t=85.40s pos_err=0.006m T=22.11N z=6.484 m_est=2.255
[INFO] [1789405563.663714081] [acados_nmpc_node]: [attach-window] t=85.45s pos_err=0.002m T=22.09N z=6.480 m_est=2.255
[INFO] [1789405563.719144703] [acados_nmpc_node]: [attach-window] t=85.50s pos_err=0.009m T=22.10N z=6.475 m_est=2.255
[INFO] [1789405563.763607440] [acados_nmpc_node]: [attach-window] t=85.55s pos_err=0.007m T=22.08N z=6.472 m_est=2.255
[INFO] [1789405563.791670971] [acados_nmpc_node]: [wcmd] raw=[+0.001,+0.032,-0.203] w=[+0.005,+0.054,-0.226] err=[-0.005,-0.022] scaled=[-0.012,-0.027] s=3.66
[INFO] [1789405563.818842086] [acados_nmpc_node]: [attach-window] t=85.60s pos_err=0.003m T=22.07N z=6.467 m_est=2.255
[INFO] [1789405563.863733108] [acados_nmpc_node]: [attach-window] t=85.65s pos_err=0.004m T=22.05N z=6.464 m_est=2.255
[INFO] [1789405563.919973109] [acados_nmpc_node]: [attach-window] t=85.70s pos_err=0.005m T=22.04N z=6.459 m_est=2.255
[INFO] [1789405563.964178767] [acados_nmpc_node]: [attach-window] t=85.75s pos_err=0.012m T=22.02N z=6.457 m_est=2.255
[INFO] [1789405563.991845700] [acados_nmpc_node]: [wcmd] raw=[-0.002,+0.027,-0.190] w=[-0.008,-0.041,-0.231] err=[+0.006,+0.068] scaled=[+0.014,+0.209] s=3.66
[INFO] [1789405564.019574277] [acados_nmpc_node]: [attach-window] t=85.80s pos_err=0.005m T=22.01N z=6.453 m_est=2.255
[INFO] [1789405564.063881824] [acados_nmpc_node]: [attach-window] t=85.85s pos_err=0.011m T=21.99N z=6.450 m_est=2.255
[INFO] [1789405564.064376553] [acados_nmpc_node]: t=85.8s | pos_err=0.011m | T=21.99N | tau=[r-0.178 p0.072 y0.013]Nm | res_stat=8.753e-08(peak 9.997e-07) sqp_iter=3 | solve=1.6ms
[INFO] [1789405564.064579161] [acados_nmpc_node]: [flight-diag] t=85.8s | om_scale=3.664(lo 3.664 hi 3.664) | tilt_max=3.08deg | w_max=[r0.023 p0.076 y0.491]rad/s | u_frac=[T0.708 r0.396 p0.226 y0.173] | u_sat=[T0.0 r0.0 p0.0 y0.0]% | mot_peak=0.855 mot_sat=0.0% | health=1 age=0.000s conf=0.000 | n=100
[INFO] [1789405564.119731858] [acados_nmpc_node]: [attach-window] t=85.90s pos_err=0.006m T=22.00N z=6.445 m_est=2.255
[INFO] [1789405564.163960804] [acados_nmpc_node]: [attach-window] t=85.95s pos_err=0.019m T=21.99N z=6.443 m_est=2.255
[INFO] [1789405564.191872222] [acados_nmpc_node]: [wcmd] raw=[-0.003,+0.015,-0.175] w=[-0.007,+0.041,-0.185] err=[+0.004,-0.026] scaled=[+0.007,-0.055] s=3.66
[INFO] [1789405564.219623969] [acados_nmpc_node]: [attach-window] t=86.00s pos_err=0.011m T=21.98N z=6.438 m_est=2.255
[INFO] [1789405564.263847770] [acados_nmpc_node]: [attach-window] t=86.05s pos_err=0.017m T=21.98N z=6.435 m_est=2.255
[INFO] [1789405564.320015671] [acados_nmpc_node]: [attach-window] t=86.10s pos_err=0.011m T=22.00N z=6.430 m_est=2.255
[INFO] [1789405564.363801837] [acados_nmpc_node]: [attach-window] t=86.15s pos_err=0.015m T=22.01N z=6.426 m_est=2.255
[INFO] [1789405564.391704917] [acados_nmpc_node]: [wcmd] raw=[-0.004,+0.004,-0.160] w=[-0.007,-0.018,-0.185] err=[+0.003,+0.022] scaled=[+0.003,+0.061] s=3.66
[INFO] [1789405564.419191423] [acados_nmpc_node]: [attach-window] t=86.20s pos_err=0.011m T=22.05N z=6.420 m_est=2.255
[INFO] [1789405564.463816242] [acados_nmpc_node]: [attach-window] t=86.25s pos_err=0.022m T=22.05N z=6.417 m_est=2.255
[INFO] [1789405564.519200108] [acados_nmpc_node]: [attach-window] t=86.30s pos_err=0.013m T=22.07N z=6.410 m_est=2.255
[INFO] [1789405564.563796900] [acados_nmpc_node]: [attach-window] t=86.35s pos_err=0.029m T=22.06N z=6.407 m_est=2.255
[INFO] [1789405564.591683330] [acados_nmpc_node]: [wcmd] raw=[+0.011,+0.046,-0.148] w=[+0.002,+0.007,-0.159] err=[+0.009,+0.039] scaled=[+0.035,+0.150] s=3.66
[INFO] [1789405564.619104648] [acados_nmpc_node]: [attach-window] t=86.40s pos_err=0.019m T=22.07N z=6.401 m_est=2.254
[INFO] [1789405564.663675746] [acados_nmpc_node]: [attach-window] t=86.45s pos_err=0.026m T=22.07N z=6.397 m_est=2.254
[INFO] [1789405564.719167629] [acados_nmpc_node]: [attach-window] t=86.50s pos_err=0.017m T=22.08N z=6.391 m_est=2.254
[INFO] [1789405564.763665086] [acados_nmpc_node]: [attach-window] t=86.55s pos_err=0.035m T=22.07N z=6.388 m_est=2.254
[INFO] [1789405564.791754081] [acados_nmpc_node]: [wcmd] raw=[+0.013,+0.017,-0.140] w=[+0.016,-0.002,-0.150] err=[-0.003,+0.018] scaled=[+0.006,+0.066] s=3.66
[INFO] [1789405564.819292080] [acados_nmpc_node]: [attach-window] t=86.60s pos_err=0.024m T=22.08N z=6.381 m_est=2.254
[INFO] [1789405564.863839370] [acados_nmpc_node]: [attach-window] t=86.65s pos_err=0.032m T=22.06N z=6.377 m_est=2.254
[INFO] [1789405564.916808413] [acados_nmpc_node]: [attach-window] t=86.70s pos_err=0.018m T=22.09N z=6.370 m_est=2.253
[INFO] [1789405564.963293112] [acados_nmpc_node]: [attach-window] t=86.75s pos_err=0.040m T=22.09N z=6.367 m_est=2.253
[INFO] [1789405564.991792018] [acados_nmpc_node]: [wcmd] raw=[+0.007,+0.029,-0.126] w=[+0.009,+0.013,-0.134] err=[-0.002,+0.016] scaled=[+0.001,+0.073] s=3.66
[INFO] [1789405565.016969120] [acados_nmpc_node]: [attach-window] t=86.80s pos_err=0.026m T=22.10N z=6.359 m_est=2.253
[INFO] [1789405565.063687315] [acados_nmpc_node]: [attach-window] t=86.85s pos_err=0.036m T=22.09N z=6.355 m_est=2.253
[INFO] [1789405565.119160336] [acados_nmpc_node]: [attach-window] t=86.90s pos_err=0.024m T=22.10N z=6.348 m_est=2.253
[INFO] [1789405565.163710948] [acados_nmpc_node]: [attach-window] t=86.95s pos_err=0.031m T=22.10N z=6.344 m_est=2.253
[INFO] [1789405565.191684561] [acados_nmpc_node]: [wcmd] raw=[+0.001,-0.016,-0.114] w=[+0.002,-0.021,-0.133] err=[-0.001,+0.005] scaled=[-0.003,-0.003] s=3.66
[INFO] [1789405565.218835025] [acados_nmpc_node]: [attach-window] t=87.00s pos_err=0.031m T=22.11N z=6.338 m_est=2.253
[INFO] [1789405565.263812698] [acados_nmpc_node]: [attach-window] t=87.05s pos_err=0.039m T=22.11N z=6.334 m_est=2.253
[INFO] [1789405565.319436822] [acados_nmpc_node]: [attach-window] t=87.10s pos_err=0.026m T=22.12N z=6.327 m_est=2.253
[INFO] [1789405565.363793465] [acados_nmpc_node]: [attach-window] t=87.15s pos_err=0.046m T=22.11N z=6.323 m_est=2.253
[INFO] [1789405565.391712611] [acados_nmpc_node]: [wcmd] raw=[-0.006,+0.032,-0.099] w=[-0.005,+0.025,-0.105] err=[-0.001,+0.007] scaled=[-0.009,+0.052] s=3.66
[INFO] [1789405565.419279704] [acados_nmpc_node]: [attach-window] t=87.20s pos_err=0.032m T=22.10N z=6.316 m_est=2.253
[INFO] [1789405565.463729444] [acados_nmpc_node]: [attach-window] t=87.25s pos_err=0.039m T=22.10N z=6.312 m_est=2.253
[INFO] [1789405565.519458560] [acados_nmpc_node]: [attach-window] t=87.30s pos_err=0.026m T=22.11N z=6.305 m_est=2.253
[INFO] [1789405565.563853448] [acados_nmpc_node]: [attach-window] t=87.35s pos_err=0.046m T=22.10N z=6.301 m_est=2.253
[INFO] [1789405565.591748345] [acados_nmpc_node]: [wcmd] raw=[-0.005,+0.010,-0.091] w=[-0.013,-0.051,-0.115] err=[+0.007,+0.061] scaled=[+0.015,+0.171] s=3.66
[INFO] [1789405565.619407622] [acados_nmpc_node]: [attach-window] t=87.40s pos_err=0.033m T=22.11N z=6.294 m_est=2.253
[INFO] [1789405565.663695926] [acados_nmpc_node]: [attach-window] t=87.45s pos_err=0.040m T=22.09N z=6.290 m_est=2.253
[INFO] [1789405565.719067404] [acados_nmpc_node]: [attach-window] t=87.50s pos_err=0.025m T=22.10N z=6.283 m_est=2.253
[INFO] [1789405565.763679535] [acados_nmpc_node]: [attach-window] t=87.55s pos_err=0.046m T=22.09N z=6.279 m_est=2.253
[INFO] [1789405565.791679869] [acados_nmpc_node]: [wcmd] raw=[-0.007,+0.013,-0.078] w=[-0.006,+0.029,-0.076] err=[-0.000,-0.016] scaled=[-0.007,-0.030] s=3.66
[INFO] [1789405565.816589786] [acados_nmpc_node]: [attach-window] t=87.60s pos_err=0.028m T=22.07N z=6.272 m_est=2.254
[INFO] [1789405565.863789066] [acados_nmpc_node]: [attach-window] t=87.65s pos_err=0.039m T=22.05N z=6.268 m_est=2.254
[INFO] [1789405565.919228862] [acados_nmpc_node]: [attach-window] t=87.70s pos_err=0.024m T=22.06N z=6.262 m_est=2.254
[INFO] [1789405565.963719967] [acados_nmpc_node]: [attach-window] t=87.75s pos_err=0.046m T=22.05N z=6.258 m_est=2.254
[INFO] [1789405565.991712357] [acados_nmpc_node]: [wcmd] raw=[-0.010,+0.038,-0.070] w=[-0.014,-0.037,-0.086] err=[+0.003,+0.075] scaled=[-0.001,+0.237] s=3.66
[INFO] [1789405566.019616435] [acados_nmpc_node]: [attach-window] t=87.80s pos_err=0.032m T=22.07N z=6.251 m_est=2.254
[INFO] [1789405566.063799947] [acados_nmpc_node]: [attach-window] t=87.85s pos_err=0.040m T=22.06N z=6.247 m_est=2.254
[INFO] [1789405566.119563434] [acados_nmpc_node]: [attach-window] t=87.90s pos_err=0.026m T=22.08N z=6.240 m_est=2.254
[INFO] [1789405566.163863763] [acados_nmpc_node]: [attach-window] t=87.95s pos_err=0.048m T=22.08N z=6.236 m_est=2.254
[INFO] [1789405566.191772522] [acados_nmpc_node]: [wcmd] raw=[-0.005,+0.008,-0.065] w=[-0.010,+0.013,-0.061] err=[+0.005,-0.005] scaled=[+0.008,-0.006] s=3.66
[INFO] [1789405566.218986511] [acados_nmpc_node]: [attach-window] t=88.00s pos_err=0.034m T=22.07N z=6.229 m_est=2.254
[INFO] [1789405566.263686384] [acados_nmpc_node]: [attach-window] t=88.05s pos_err=0.044m T=22.06N z=6.225 m_est=2.254
[INFO] [1789405566.319074053] [acados_nmpc_node]: [attach-window] t=88.10s pos_err=0.031m T=22.08N z=6.218 m_est=2.254
[INFO] [1789405566.363797671] [acados_nmpc_node]: [attach-window] t=88.15s pos_err=0.055m T=22.06N z=6.214 m_est=2.254
[INFO] [1789405566.391746584] [acados_nmpc_node]: [wcmd] raw=[-0.004,+0.060,-0.058] w=[-0.005,+0.023,-0.051] err=[+0.001,+0.037] scaled=[-0.002,+0.160] s=3.66
[INFO] [1789405566.416681635] [acados_nmpc_node]: [attach-window] t=88.20s pos_err=0.039m T=22.07N z=6.208 m_est=2.254
[INFO] [1789405566.463957486] [acados_nmpc_node]: [attach-window] t=88.25s pos_err=0.052m T=22.05N z=6.203 m_est=2.254
[INFO] [1789405566.519549163] [acados_nmpc_node]: [attach-window] t=88.30s pos_err=0.039m T=22.04N z=6.197 m_est=2.254
[INFO] [1789405566.563834188] [acados_nmpc_node]: [attach-window] t=88.35s pos_err=0.049m T=22.04N z=6.193 m_est=2.254
[INFO] [1789405566.591719463] [acados_nmpc_node]: [wcmd] raw=[-0.002,-0.023,-0.056] w=[-0.005,-0.023,-0.063] err=[+0.004,-0.000] scaled=[+0.008,-0.023] s=3.66
[INFO] [1789405566.619488382] [acados_nmpc_node]: [attach-window] t=88.40s pos_err=0.050m T=22.03N z=6.188 m_est=2.254
[INFO] [1789405566.663768081] [acados_nmpc_node]: [attach-window] t=88.45s pos_err=0.059m T=22.01N z=6.184 m_est=2.254
[INFO] [1789405566.719393428] [acados_nmpc_node]: [attach-window] t=88.50s pos_err=0.044m T=22.00N z=6.178 m_est=2.253
[INFO] [1789405566.763752077] [acados_nmpc_node]: [attach-window] t=88.55s pos_err=0.068m T=21.98N z=6.175 m_est=2.253
[INFO] [1789405566.791703301] [acados_nmpc_node]: [wcmd] raw=[+0.003,+0.044,-0.045] w=[+0.002,+0.053,-0.032] err=[+0.001,-0.009] scaled=[+0.005,+0.020] s=3.66
[INFO] [1789405566.819130567] [acados_nmpc_node]: [attach-window] t=88.60s pos_err=0.053m T=21.97N z=6.169 m_est=2.253
[INFO] [1789405566.863835255] [acados_nmpc_node]: [attach-window] t=88.65s pos_err=0.062m T=21.96N z=6.165 m_est=2.253
[INFO] [1789405566.918956010] [acados_nmpc_node]: [attach-window] t=88.70s pos_err=0.046m T=21.96N z=6.159 m_est=2.253
[INFO] [1789405566.963722708] [acados_nmpc_node]: [attach-window] t=88.75s pos_err=0.070m T=21.96N z=6.156 m_est=2.253
[INFO] [1789405566.991765687] [acados_nmpc_node]: [wcmd] raw=[-0.004,-0.003,-0.041] w=[-0.001,-0.086,-0.071] err=[-0.003,+0.083] scaled=[-0.012,+0.219] s=3.66
[INFO] [1789405567.019074204] [acados_nmpc_node]: [attach-window] t=88.80s pos_err=0.054m T=21.96N z=6.150 m_est=2.253
[INFO] [1789405567.063776922] [acados_nmpc_node]: [attach-window] t=88.85s pos_err=0.063m T=21.92N z=6.146 m_est=2.252
[INFO] [1789405567.119217060] [acados_nmpc_node]: [attach-window] t=88.90s pos_err=0.047m T=21.93N z=6.141 m_est=2.252
[INFO] [1789405567.163734015] [acados_nmpc_node]: [attach-window] t=88.95s pos_err=0.071m T=21.91N z=6.138 m_est=2.252
[INFO] [1789405567.191793737] [acados_nmpc_node]: [wcmd] raw=[-0.011,+0.009,-0.026] w=[-0.012,+0.051,-0.017] err=[+0.001,-0.042] scaled=[-0.008,-0.101] s=3.66
[INFO] [1789405567.219351839] [acados_nmpc_node]: [attach-window] t=89.00s pos_err=0.055m T=21.89N z=6.132 m_est=2.252
[INFO] [1789405567.263821565] [acados_nmpc_node]: [attach-window] t=89.05s pos_err=0.062m T=21.89N z=6.128 m_est=2.252
[INFO] [1789405567.319341243] [acados_nmpc_node]: [attach-window] t=89.10s pos_err=0.047m T=21.92N z=6.122 m_est=2.251
[INFO] [1789405567.363880781] [acados_nmpc_node]: [attach-window] t=89.15s pos_err=0.069m T=21.92N z=6.119 m_est=2.251
[INFO] [1789405567.391767627] [acados_nmpc_node]: [wcmd] raw=[-0.003,+0.023,-0.020] w=[-0.012,-0.073,-0.045] err=[+0.009,+0.097] scaled=[+0.021,+0.281] s=3.66
[INFO] [1789405567.419240180] [acados_nmpc_node]: [attach-window] t=89.20s pos_err=0.053m T=21.96N z=6.112 m_est=2.251
[INFO] [1789405567.463655763] [acados_nmpc_node]: [attach-window] t=89.25s pos_err=0.061m T=21.96N z=6.107 m_est=2.251
[INFO] [1789405567.519168629] [acados_nmpc_node]: [attach-window] t=89.30s pos_err=0.044m T=21.99N z=6.100 m_est=2.250
[INFO] [1789405567.563752530] [acados_nmpc_node]: [attach-window] t=89.35s pos_err=0.052m T=21.99N z=6.095 m_est=2.250
[INFO] [1789405567.591718103] [acados_nmpc_node]: [wcmd] raw=[+0.003,-0.047,-0.013] w=[+0.002,+0.006,-0.011] err=[+0.001,-0.053] scaled=[+0.005,-0.187] s=3.66
[INFO] [1789405567.619167161] [acados_nmpc_node]: [attach-window] t=89.40s pos_err=0.036m T=22.00N z=6.088 m_est=2.250
[INFO] [1789405567.663785176] [acados_nmpc_node]: [attach-window] t=89.45s pos_err=0.058m T=21.99N z=6.084 m_est=2.250
[INFO] [1789405567.719427384] [acados_nmpc_node]: [attach-window] t=89.50s pos_err=0.042m T=21.99N z=6.077 m_est=2.249
[INFO] [1789405567.763729135] [acados_nmpc_node]: [attach-window] t=89.55s pos_err=0.064m T=21.94N z=6.073 m_est=2.249
[INFO] [1789405567.791757132] [acados_nmpc_node]: [wcmd] raw=[+0.006,+0.089,-0.004] w=[+0.006,+0.020,+0.005] err=[-0.000,+0.069] scaled=[+0.005,+0.274] s=3.66
[INFO] [1789405567.819021875] [acados_nmpc_node]: [attach-window] t=89.60s pos_err=0.047m T=21.96N z=6.066 m_est=2.249
[INFO] [1789405567.863686917] [acados_nmpc_node]: [attach-window] t=89.65s pos_err=0.055m T=21.95N z=6.062 m_est=2.249
[INFO] [1789405567.916957960] [acados_nmpc_node]: [attach-window] t=89.70s pos_err=0.035m T=21.95N z=6.054 m_est=2.248
[INFO] [1789405567.963948254] [acados_nmpc_node]: [attach-window] t=89.75s pos_err=0.061m T=21.95N z=6.050 m_est=2.248
[INFO] [1789405567.991766308] [acados_nmpc_node]: [wcmd] raw=[-0.001,-0.036,-0.012] w=[+0.003,-0.086,-0.031] err=[-0.004,+0.051] scaled=[-0.012,+0.099] s=3.66
[INFO] [1789405568.019256428] [acados_nmpc_node]: [attach-window] t=89.80s pos_err=0.044m T=21.95N z=6.042 m_est=2.248
[INFO] [1789405568.063918958] [acados_nmpc_node]: [attach-window] t=89.85s pos_err=0.053m T=21.91N z=6.038 m_est=2.248
[INFO] [1789405568.118934817] [acados_nmpc_node]: [attach-window] t=89.90s pos_err=0.037m T=21.92N z=6.030 m_est=2.248
[INFO] [1789405568.163693218] [acados_nmpc_node]: [attach-window] t=89.95s pos_err=0.061m T=21.90N z=6.026 m_est=2.248
[INFO] [1789405568.191773881] [acados_nmpc_node]: [wcmd] raw=[-0.002,+0.062,+0.006] w=[-0.002,+0.128,+0.044] err=[+0.000,-0.065] scaled=[-0.002,-0.111] s=3.66
[INFO] [1789405568.219420059] [acados_nmpc_node]: [attach-window] t=90.00s pos_err=0.031m T=21.95N z=6.017 m_est=2.247
[INFO] [1789405568.263743665] [acados_nmpc_node]: [attach-window] t=90.05s pos_err=0.054m T=21.96N z=6.013 m_est=2.247
[INFO] [1789405568.319201420] [acados_nmpc_node]: [attach-window] t=90.10s pos_err=0.039m T=21.97N z=6.004 m_est=2.247
[INFO] [1789405568.363792358] [acados_nmpc_node]: [attach-window] t=90.15s pos_err=0.064m T=21.95N z=6.000 m_est=2.247
[INFO] [1789405568.391793011] [acados_nmpc_node]: [wcmd] raw=[-0.007,+0.039,+0.002] w=[-0.006,-0.148,-0.043] err=[-0.001,+0.187] scaled=[-0.009,+0.538] s=3.66
[INFO] [1789405568.419413665] [acados_nmpc_node]: [attach-window] t=90.20s pos_err=0.035m T=21.98N z=5.990 m_est=2.247
[INFO] [1789405568.463699164] [acados_nmpc_node]: [attach-window] t=90.25s pos_err=0.060m T=21.95N z=5.986 m_est=2.247
[INFO] [1789405568.517119908] [acados_nmpc_node]: [attach-window] t=90.30s pos_err=0.043m T=21.99N z=5.978 m_est=2.247
[INFO] [1789405568.563712331] [acados_nmpc_node]: [attach-window] t=90.35s pos_err=0.071m T=21.97N z=5.974 m_est=2.247
[INFO] [1789405568.591711427] [acados_nmpc_node]: [wcmd] raw=[-0.009,+0.021,+0.014] w=[-0.005,+0.104,+0.041] err=[-0.003,-0.083] scaled=[-0.018,-0.202] s=3.66
[INFO] [1789405568.619092118] [acados_nmpc_node]: [attach-window] t=90.40s pos_err=0.056m T=21.97N z=5.966 m_est=2.247
[INFO] [1789405568.663803910] [acados_nmpc_node]: [attach-window] t=90.45s pos_err=0.066m T=21.98N z=5.961 m_est=2.246
[INFO] [1789405568.719155118] [acados_nmpc_node]: [attach-window] t=90.50s pos_err=0.050m T=22.02N z=5.953 m_est=2.246
[INFO] [1789405568.763767430] [acados_nmpc_node]: [attach-window] t=90.55s pos_err=0.076m T=22.00N z=5.949 m_est=2.246
[INFO] [1789405568.791748600] [acados_nmpc_node]: [wcmd] raw=[-0.022,+0.048,+0.020] w=[-0.018,-0.041,-0.001] err=[-0.004,+0.089] scaled=[-0.032,+0.285] s=3.66
[INFO] [1789405568.819072145] [acados_nmpc_node]: [attach-window] t=90.60s pos_err=0.059m T=22.06N z=5.941 m_est=2.246
[INFO] [1789405568.863781980] [acados_nmpc_node]: [attach-window] t=90.65s pos_err=0.068m T=22.08N z=5.935 m_est=2.246
[INFO] [1789405568.919156825] [acados_nmpc_node]: [attach-window] t=90.70s pos_err=0.051m T=22.10N z=5.927 m_est=2.246
[INFO] [1789405568.963774179] [acados_nmpc_node]: [attach-window] t=90.75s pos_err=0.075m T=22.10N z=5.922 m_est=2.246
[INFO] [1789405568.991703231] [acados_nmpc_node]: [wcmd] raw=[-0.019,-0.041,+0.027] w=[-0.027,-0.032,+0.008] err=[+0.009,-0.008] scaled=[+0.004,-0.063] s=3.66
[INFO] [1789405569.019360868] [acados_nmpc_node]: [attach-window] t=90.80s pos_err=0.058m T=22.10N z=5.914 m_est=2.246
[INFO] [1789405569.063815543] [acados_nmpc_node]: [attach-window] t=90.85s pos_err=0.067m T=22.07N z=5.909 m_est=2.245
[INFO] [1789405569.064299279] [acados_nmpc_node]: t=90.8s | pos_err=0.067m | T=22.07N | tau=[r-0.156 p0.160 y0.020]Nm | res_stat=3.793e-07(peak 9.997e-07) sqp_iter=3 | solve=1.6ms
[INFO] [1789405569.064502436] [acados_nmpc_node]: [flight-diag] t=90.8s | om_scale=3.664(lo 3.664 hi 3.664) | tilt_max=3.08deg | w_max=[r0.028 p0.171 y0.200]rad/s | u_frac=[T0.706 r0.383 p0.512 y0.098] | u_sat=[T0.0 r0.0 p0.0 y0.0]% | mot_peak=0.889 mot_sat=0.0% | health=1 age=0.000s conf=0.000 | n=100
[INFO] [1789405569.119472688] [acados_nmpc_node]: [attach-window] t=90.90s pos_err=0.050m T=22.07N z=5.901 m_est=2.245
[INFO] [1789405569.163707954] [acados_nmpc_node]: [attach-window] t=90.95s pos_err=0.074m T=22.04N z=5.897 m_est=2.245
[INFO] [1789405569.191694956] [acados_nmpc_node]: [wcmd] raw=[-0.000,+0.040,+0.046] w=[-0.007,+0.028,+0.044] err=[+0.007,+0.012] scaled=[+0.019,+0.072] s=3.66
[INFO] [1789405569.219102914] [acados_nmpc_node]: [attach-window] t=91.00s pos_err=0.056m T=22.05N z=5.890 m_est=2.245
[INFO] [1789405569.263869001] [acados_nmpc_node]: [attach-window] t=91.05s pos_err=0.064m T=22.04N z=5.885 m_est=2.245
[INFO] [1789405569.319258226] [acados_nmpc_node]: [attach-window] t=91.10s pos_err=0.046m T=22.05N z=5.878 m_est=2.245
[INFO] [1789405569.363794230] [acados_nmpc_node]: [attach-window] t=91.15s pos_err=0.070m T=22.05N z=5.874 m_est=2.245
[INFO] [1789405569.391762137] [acados_nmpc_node]: [wcmd] raw=[+0.004,-0.024,+0.046] w=[+0.008,-0.101,+0.012] err=[-0.005,+0.078] scaled=[-0.009,+0.182] s=3.65
[INFO] [1789405569.419401709] [acados_nmpc_node]: [attach-window] t=91.20s pos_err=0.053m T=22.07N z=5.866 m_est=2.245
[INFO] [1789405569.463939326] [acados_nmpc_node]: [attach-window] t=91.25s pos_err=0.060m T=22.04N z=5.861 m_est=2.245
[INFO] [1789405569.519309934] [acados_nmpc_node]: [attach-window] t=91.30s pos_err=0.042m T=22.06N z=5.854 m_est=2.245
[INFO] [1789405569.563737709] [acados_nmpc_node]: [attach-window] t=91.35s pos_err=0.064m T=22.04N z=5.850 m_est=2.245
[INFO] [1789405569.591766702] [acados_nmpc_node]: [wcmd] raw=[-0.001,+0.010,+0.060] w=[+0.005,+0.071,+0.079] err=[-0.006,-0.061] scaled=[-0.016,-0.151] s=3.63
[INFO] [1789405569.619326574] [acados_nmpc_node]: [attach-window] t=91.40s pos_err=0.045m T=22.04N z=5.843 m_est=2.244
[INFO] [1789405569.663743713] [acados_nmpc_node]: [attach-window] t=91.45s pos_err=0.052m T=22.05N z=5.838 m_est=2.244
[INFO] [1789405569.719120175] [acados_nmpc_node]: [attach-window] t=91.50s pos_err=0.033m T=22.09N z=5.830 m_est=2.244
[INFO] [1789405569.763839805] [acados_nmpc_node]: [attach-window] t=91.55s pos_err=0.055m T=22.08N z=5.826 m_est=2.244
[INFO] [1789405569.791756301] [acados_nmpc_node]: [wcmd] raw=[-0.006,+0.008,+0.063] w=[-0.003,-0.115,+0.027] err=[-0.003,+0.123] scaled=[-0.014,+0.329] s=3.61
[INFO] [1789405569.818987498] [acados_nmpc_node]: [attach-window] t=91.60s pos_err=0.037m T=22.11N z=5.818 m_est=2.245
[INFO] [1789405569.863002728] [acados_nmpc_node]: [attach-window] t=91.65s pos_err=0.045m T=22.09N z=5.813 m_est=2.245
[INFO] [1789405569.919218389] [acados_nmpc_node]: [attach-window] t=91.70s pos_err=0.028m T=22.12N z=5.806 m_est=2.245
[INFO] [1789405569.963906872] [acados_nmpc_node]: [attach-window] t=91.75s pos_err=0.050m T=22.10N z=5.802 m_est=2.245
[INFO] [1789405569.991734954] [acados_nmpc_node]: [wcmd] raw=[-0.013,-0.005,+0.072] w=[-0.006,+0.058,+0.088] err=[-0.006,-0.063] scaled=[-0.030,-0.168] s=3.60
[INFO] [1789405570.019403208] [acados_nmpc_node]: [attach-window] t=91.80s pos_err=0.034m T=22.09N z=5.794 m_est=2.245
[INFO] [1789405570.063789097] [acados_nmpc_node]: [attach-window] t=91.85s pos_err=0.042m T=22.09N z=5.789 m_est=2.245
[INFO] [1789405570.119320638] [acados_nmpc_node]: [attach-window] t=91.90s pos_err=0.027m T=22.12N z=5.782 m_est=2.245
[INFO] [1789405570.163869220] [acados_nmpc_node]: [attach-window] t=91.95s pos_err=0.034m T=22.12N z=5.777 m_est=2.246
[INFO] [1789405570.191813679] [acados_nmpc_node]: [wcmd] raw=[-0.023,+0.019,+0.079] w=[-0.022,-0.023,+0.066] err=[-0.001,+0.041] scaled=[-0.027,+0.126] s=3.60
[INFO] [1789405570.219419339] [acados_nmpc_node]: [attach-window] t=92.00s pos_err=0.034m T=22.14N z=5.771 m_est=2.246
[INFO] [1789405570.263824582] [acados_nmpc_node]: [attach-window] t=92.05s pos_err=0.042m T=22.14N z=5.766 m_est=2.246
[INFO] [1789405570.319684685] [acados_nmpc_node]: [attach-window] t=92.10s pos_err=0.028m T=22.18N z=5.758 m_est=2.246
[INFO] [1789405570.364199299] [acados_nmpc_node]: [attach-window] t=92.15s pos_err=0.050m T=22.16N z=5.755 m_est=2.246
[INFO] [1789405570.391777318] [acados_nmpc_node]: [wcmd] raw=[-0.016,+0.012,+0.085] w=[-0.022,+0.022,+0.084] err=[+0.005,-0.010] scaled=[-0.002,-0.014] s=3.59
[INFO] [1789405570.419712788] [acados_nmpc_node]: [attach-window] t=92.20s pos_err=0.037m T=22.15N z=5.748 m_est=2.247
[INFO] [1789405570.463950235] [acados_nmpc_node]: [attach-window] t=92.25s pos_err=0.046m T=22.13N z=5.744 m_est=2.247
[INFO] [1789405570.519640571] [acados_nmpc_node]: [attach-window] t=92.30s pos_err=0.034m T=22.15N z=5.737 m_est=2.247
[INFO] [1789405570.564169634] [acados_nmpc_node]: [attach-window] t=92.35s pos_err=0.056m T=22.12N z=5.734 m_est=2.247
[INFO] [1789405570.591833337] [acados_nmpc_node]: [wcmd] raw=[-0.012,+0.038,+0.097] w=[-0.009,+0.017,+0.088] err=[-0.004,+0.021] scaled=[-0.022,+0.093] s=3.59
[INFO] [1789405570.619910890] [acados_nmpc_node]: [attach-window] t=92.40s pos_err=0.045m T=22.13N z=5.727 m_est=2.248
[INFO] [1789405570.663900714] [acados_nmpc_node]: [attach-window] t=92.45s pos_err=0.053m T=22.13N z=5.723 m_est=2.248
[INFO] [1789405570.719942424] [acados_nmpc_node]: [attach-window] t=92.50s pos_err=0.043m T=22.14N z=5.716 m_est=2.248
[INFO] [1789405570.764134581] [acados_nmpc_node]: [attach-window] t=92.55s pos_err=0.064m T=22.12N z=5.713 m_est=2.248
[INFO] [1789405570.791783293] [acados_nmpc_node]: [wcmd] raw=[-0.008,+0.005,+0.107] w=[-0.011,-0.016,+0.083] err=[+0.003,+0.021] scaled=[-0.000,+0.059] s=3.59
[INFO] [1789405570.819482081] [acados_nmpc_node]: [attach-window] t=92.60s pos_err=0.054m T=22.12N z=5.707 m_est=2.249
[INFO] [1789405570.864072122] [acados_nmpc_node]: [attach-window] t=92.65s pos_err=0.063m T=22.09N z=5.703 m_est=2.249
[INFO] [1789405570.919119634] [acados_nmpc_node]: [attach-window] t=92.70s pos_err=0.052m T=22.10N z=5.697 m_est=2.249
[INFO] [1789405570.964055614] [acados_nmpc_node]: [attach-window] t=92.75s pos_err=0.075m T=22.08N z=5.694 m_est=2.249
[INFO] [1789405570.991715227] [acados_nmpc_node]: [wcmd] raw=[+0.003,+0.026,+0.126] w=[+0.002,+0.036,+0.112] err=[+0.001,-0.010] scaled=[+0.006,-0.000] s=3.59
[INFO] [1789405571.019332799] [acados_nmpc_node]: [attach-window] t=92.80s pos_err=0.063m T=22.08N z=5.688 m_est=2.249
[INFO] [1789405571.063973093] [acados_nmpc_node]: [attach-window] t=92.85s pos_err=0.072m T=22.08N z=5.684 m_est=2.249
[INFO] [1789405571.119774354] [acados_nmpc_node]: [attach-window] t=92.90s pos_err=0.061m T=22.10N z=5.678 m_est=2.250
[INFO] [1789405571.164120359] [acados_nmpc_node]: [attach-window] t=92.95s pos_err=0.081m T=22.09N z=5.675 m_est=2.250
[INFO] [1789405571.191769439] [acados_nmpc_node]: [wcmd] raw=[-0.004,-0.001,+0.140] w=[+0.007,-0.041,+0.101] err=[-0.011,+0.040] scaled=[-0.033,+0.101] s=3.58
[INFO] [1789405571.219214259] [acados_nmpc_node]: [attach-window] t=93.00s pos_err=0.069m T=22.11N z=5.668 m_est=2.250
[INFO] [1789405571.264249751] [acados_nmpc_node]: [attach-window] t=93.05s pos_err=0.076m T=22.10N z=5.664 m_est=2.250
[INFO] [1789405571.320068749] [acados_nmpc_node]: [attach-window] t=93.10s pos_err=0.064m T=22.11N z=5.658 m_est=2.250
[INFO] [1789405571.364074490] [acados_nmpc_node]: [attach-window] t=93.15s pos_err=0.083m T=22.09N z=5.655 m_est=2.250
[INFO] [1789405571.391727368] [acados_nmpc_node]: [wcmd] raw=[-0.011,-0.012,+0.161] w=[-0.008,+0.005,+0.133] err=[-0.004,-0.017] scaled=[-0.021,-0.055] s=3.58
[INFO] [1789405571.419445192] [acados_nmpc_node]: [attach-window] t=93.20s pos_err=0.069m T=22.09N z=5.649 m_est=2.251
[INFO] [1789405571.463966779] [acados_nmpc_node]: [attach-window] t=93.25s pos_err=0.075m T=22.08N z=5.645 m_est=2.251
[INFO] [1789405571.519228004] [acados_nmpc_node]: [attach-window] t=93.30s pos_err=0.060m T=22.10N z=5.640 m_est=2.251
[INFO] [1789405571.564060501] [acados_nmpc_node]: [attach-window] t=93.35s pos_err=0.078m T=22.08N z=5.637 m_est=2.251
[INFO] [1789405571.591702497] [acados_nmpc_node]: [wcmd] raw=[-0.013,-0.012,+0.181] w=[-0.014,-0.056,+0.135] err=[+0.001,+0.044] scaled=[-0.010,+0.103] s=3.59
[INFO] [1789405571.619124164] [acados_nmpc_node]: [attach-window] t=93.40s pos_err=0.063m T=22.10N z=5.631 m_est=2.251
[INFO] [1789405571.664032767] [acados_nmpc_node]: [attach-window] t=93.45s pos_err=0.068m T=22.09N z=5.627 m_est=2.251
[INFO] [1789405571.719080268] [acados_nmpc_node]: [attach-window] t=93.50s pos_err=0.053m T=22.12N z=5.621 m_est=2.252
[INFO] [1789405571.764011202] [acados_nmpc_node]: [attach-window] t=93.55s pos_err=0.070m T=22.10N z=5.618 m_est=2.252
[INFO] [1789405571.791763044] [acados_nmpc_node]: [wcmd] raw=[-0.008,-0.019,+0.202] w=[-0.009,-0.021,+0.170] err=[+0.002,+0.001] scaled=[-0.003,-0.016] s=3.61
[INFO] [1789405571.819098391] [acados_nmpc_node]: [attach-window] t=93.60s pos_err=0.055m T=22.12N z=5.611 m_est=2.252
[INFO] [1789405571.863925275] [acados_nmpc_node]: [attach-window] t=93.65s pos_err=0.060m T=22.12N z=5.607 m_est=2.252
[INFO] [1789405571.919134103] [acados_nmpc_node]: [attach-window] t=93.70s pos_err=0.045m T=22.15N z=5.601 m_est=2.252
[INFO] [1789405571.964089773] [acados_nmpc_node]: [attach-window] t=93.75s pos_err=0.063m T=22.13N z=5.598 m_est=2.252
[INFO] [1789405571.991777898] [acados_nmpc_node]: [wcmd] raw=[-0.004,+0.011,+0.222] w=[-0.002,-0.013,+0.194] err=[-0.002,+0.024] scaled=[-0.010,+0.075] s=3.63
[INFO] [1789405572.019387621] [acados_nmpc_node]: [attach-window] t=93.80s pos_err=0.049m T=22.15N z=5.592 m_est=2.252
[INFO] [1789405572.063617661] [acados_nmpc_node]: [attach-window] t=93.85s pos_err=0.055m T=22.15N z=5.588 m_est=2.252
[INFO] [1789405572.119190119] [acados_nmpc_node]: [attach-window] t=93.90s pos_err=0.041m T=22.17N z=5.581 m_est=2.252
[INFO] [1789405572.164104213] [acados_nmpc_node]: [attach-window] t=93.95s pos_err=0.058m T=22.14N z=5.578 m_est=2.253
[INFO] [1789405572.191737006] [acados_nmpc_node]: [wcmd] raw=[-0.004,+0.002,+0.237] w=[+0.003,-0.010,+0.211] err=[-0.008,+0.012] scaled=[-0.024,+0.035] s=3.64
[INFO] [1789405572.219598592] [acados_nmpc_node]: [attach-window] t=94.00s pos_err=0.036m T=22.16N z=5.572 m_est=2.253
[INFO] [1789405572.264212335] [acados_nmpc_node]: [attach-window] t=94.05s pos_err=0.053m T=22.13N z=5.569 m_est=2.253
[INFO] [1789405572.319440465] [acados_nmpc_node]: [attach-window] t=94.10s pos_err=0.042m T=22.13N z=5.563 m_est=2.253
[INFO] [1789405572.364010143] [acados_nmpc_node]: [attach-window] t=94.15s pos_err=0.058m T=22.09N z=5.561 m_est=2.253
[INFO] [1789405572.391739610] [acados_nmpc_node]: [wcmd] raw=[-0.014,+0.039,+0.257] w=[-0.006,+0.021,+0.236] err=[-0.008,+0.017] scaled=[-0.036,+0.085] s=3.65
[INFO] [1789405572.419215823] [acados_nmpc_node]: [attach-window] t=94.20s pos_err=0.038m T=22.12N z=5.555 m_est=2.253
[INFO] [1789405572.464035426] [acados_nmpc_node]: [attach-window] t=94.25s pos_err=0.054m T=22.09N z=5.552 m_est=2.253
[INFO] [1789405572.519150330] [acados_nmpc_node]: [attach-window] t=94.30s pos_err=0.044m T=22.09N z=5.547 m_est=2.253
[INFO] [1789405572.563946387] [acados_nmpc_node]: [attach-window] t=94.35s pos_err=0.061m T=22.07N z=5.544 m_est=2.254
[INFO] [1789405572.591747733] [acados_nmpc_node]: [wcmd] raw=[-0.018,+0.019,+0.279] w=[-0.013,-0.014,+0.238] err=[-0.004,+0.033] scaled=[-0.029,+0.107] s=3.65
[INFO] [1789405572.619189286] [acados_nmpc_node]: [attach-window] t=94.40s pos_err=0.042m T=22.11N z=5.538 m_est=2.254
[INFO] [1789405572.664071324] [acados_nmpc_node]: [attach-window] t=94.45s pos_err=0.058m T=22.09N z=5.535 m_est=2.254
[INFO] [1789405572.719394538] [acados_nmpc_node]: [attach-window] t=94.50s pos_err=0.049m T=22.11N z=5.529 m_est=2.254
[INFO] [1789405572.763978906] [acados_nmpc_node]: [attach-window] t=94.55s pos_err=0.065m T=22.09N z=5.527 m_est=2.254
[INFO] [1789405572.791692880] [acados_nmpc_node]: [wcmd] raw=[-0.013,+0.020,+0.309] w=[-0.013,+0.029,+0.271] err=[+0.000,-0.009] scaled=[-0.012,-0.005] s=3.66
[INFO] [1789405572.819303003] [acados_nmpc_node]: [attach-window] t=94.60s pos_err=0.055m T=22.10N z=5.522 m_est=2.254
[INFO] [1789405572.864072467] [acados_nmpc_node]: [attach-window] t=94.65s pos_err=0.061m T=22.09N z=5.518 m_est=2.254
[INFO] [1789405572.919408820] [acados_nmpc_node]: [attach-window] t=94.70s pos_err=0.051m T=22.11N z=5.513 m_est=2.254
[INFO] [1789405572.963978676] [acados_nmpc_node]: [attach-window] t=94.75s pos_err=0.066m T=22.09N z=5.511 m_est=2.254
[INFO] [1789405572.991702699] [acados_nmpc_node]: [wcmd] raw=[-0.006,-0.004,+0.340] w=[-0.005,-0.033,+0.276] err=[-0.000,+0.029] scaled=[-0.006,+0.072] s=3.66
[INFO] [1789405573.019286193] [acados_nmpc_node]: [attach-window] t=94.80s pos_err=0.057m T=22.11N z=5.506 m_est=2.254
[INFO] [1789405573.063989101] [acados_nmpc_node]: [attach-window] t=94.85s pos_err=0.062m T=22.10N z=5.502 m_est=2.254
[INFO] [1789405573.119551116] [acados_nmpc_node]: [attach-window] t=94.90s pos_err=0.053m T=22.14N z=5.496 m_est=2.254
[INFO] [1789405573.164034056] [acados_nmpc_node]: [attach-window] t=94.95s pos_err=0.067m T=22.13N z=5.493 m_est=2.254
[INFO] [1789405573.191748196] [acados_nmpc_node]: [wcmd] raw=[+0.003,-0.000,+0.377] w=[+0.005,+0.015,+0.324] err=[-0.002,-0.015] scaled=[-0.002,-0.040] s=3.66
[INFO] [1789405573.219446333] [acados_nmpc_node]: [attach-window] t=95.00s pos_err=0.058m T=22.15N z=5.487 m_est=2.254
[INFO] [1789405573.263371203] [acados_nmpc_node]: [attach-window] t=95.05s pos_err=0.063m T=22.15N z=5.484 m_est=2.254
[INFO] [1789405573.319705057] [acados_nmpc_node]: [attach-window] t=95.10s pos_err=0.053m T=22.18N z=5.477 m_est=2.254
[INFO] [1789405573.364007758] [acados_nmpc_node]: [attach-window] t=95.15s pos_err=0.066m T=22.17N z=5.474 m_est=2.254
[INFO] [1789405573.391796183] [acados_nmpc_node]: [wcmd] raw=[-0.000,-0.002,+0.408] w=[+0.007,-0.030,+0.345] err=[-0.008,+0.028] scaled=[-0.020,+0.073] s=3.66
[INFO] [1789405573.419441811] [acados_nmpc_node]: [attach-window] t=95.20s pos_err=0.056m T=22.20N z=5.468 m_est=2.254
[INFO] [1789405573.464030484] [acados_nmpc_node]: [attach-window] t=95.25s pos_err=0.061m T=22.20N z=5.464 m_est=2.254
[INFO] [1789405573.519547323] [acados_nmpc_node]: [attach-window] t=95.30s pos_err=0.051m T=22.22N z=5.458 m_est=2.254
[INFO] [1789405573.563995866] [acados_nmpc_node]: [attach-window] t=95.35s pos_err=0.063m T=22.21N z=5.455 m_est=2.254
[INFO] [1789405573.591722743] [acados_nmpc_node]: [wcmd] raw=[-0.012,-0.007,+0.436] w=[-0.001,-0.003,+0.388] err=[-0.010,-0.004] scaled=[-0.039,-0.019] s=3.66
[INFO] [1789405573.619459559] [acados_nmpc_node]: [attach-window] t=95.40s pos_err=0.054m T=22.21N z=5.449 m_est=2.254
[INFO] [1789405573.664005265] [acados_nmpc_node]: [attach-window] t=95.45s pos_err=0.057m T=22.20N z=5.445 m_est=2.254
[INFO] [1789405573.719379288] [acados_nmpc_node]: [attach-window] t=95.50s pos_err=0.048m T=22.22N z=5.439 m_est=2.254
[INFO] [1789405573.763982499] [acados_nmpc_node]: [attach-window] t=95.55s pos_err=0.051m T=22.22N z=5.436 m_est=2.254
[INFO] [1789405573.791701792] [acados_nmpc_node]: [wcmd] raw=[-0.010,-0.010,+0.454] w=[-0.016,-0.006,+0.418] err=[+0.006,-0.004] scaled=[+0.007,-0.021] s=3.66
[INFO] [1789405573.819516377] [acados_nmpc_node]: [attach-window] t=95.60s pos_err=0.050m T=22.23N z=5.430 m_est=2.255
[INFO] [1789405573.863910283] [acados_nmpc_node]: [attach-window] t=95.65s pos_err=0.052m T=22.23N z=5.427 m_est=2.255
[INFO] [1789405573.917354156] [acados_nmpc_node]: [attach-window] t=95.70s pos_err=0.043m T=22.26N z=5.421 m_est=2.255
[INFO] [1789405573.963247535] [acados_nmpc_node]: [attach-window] t=95.75s pos_err=0.053m T=22.24N z=5.418 m_est=2.255
[INFO] [1789405573.991614494] [acados_nmpc_node]: [wcmd] raw=[-0.014,+0.010,+0.472] w=[-0.007,-0.003,+0.443] err=[-0.006,+0.012] scaled=[-0.031,+0.043] s=3.66
[INFO] [1789405574.019568068] [acados_nmpc_node]: [attach-window] t=95.80s pos_err=0.046m T=22.24N z=5.412 m_est=2.255
[INFO] [1789405574.063907626] [acados_nmpc_node]: [attach-window] t=95.85s pos_err=0.048m T=22.23N z=5.409 m_est=2.255
[INFO] [1789405574.064391818] [acados_nmpc_node]: t=95.8s | pos_err=0.048m | T=22.23N | tau=[r-0.172 p0.060 y0.010]Nm | res_stat=5.239e-07(peak 9.997e-07) sqp_iter=4 | solve=1.8ms
[INFO] [1789405574.064596308] [acados_nmpc_node]: [flight-diag] t=95.8s | om_scale=3.664(lo 3.584 hi 3.664) | tilt_max=2.24deg | w_max=[r0.026 p0.128 y0.449]rad/s | u_frac=[T0.710 r0.363 p0.348 y0.136] | u_sat=[T0.0 r0.0 p0.0 y0.0]% | mot_peak=0.872 mot_sat=0.0% | health=1 age=0.000s conf=0.000 | n=100
[INFO] [1789405574.119097197] [acados_nmpc_node]: [attach-window] t=95.90s pos_err=0.041m T=22.22N z=5.404 m_est=2.255
[INFO] [1789405574.163914569] [acados_nmpc_node]: [attach-window] t=95.95s pos_err=0.049m T=22.21N z=5.402 m_est=2.256
[INFO] [1789405574.191646933] [acados_nmpc_node]: [wcmd] raw=[-0.015,+0.010,+0.477] w=[-0.011,+0.004,+0.463] err=[-0.004,+0.006] scaled=[-0.026,+0.026] s=3.66
[INFO] [1789405574.216682781] [acados_nmpc_node]: [attach-window] t=96.00s pos_err=0.041m T=22.21N z=5.397 m_est=2.256
[INFO] [1789405574.263221714] [acados_nmpc_node]: [attach-window] t=96.05s pos_err=0.044m T=22.19N z=5.394 m_est=2.256
[INFO] [1789405574.316656631] [acados_nmpc_node]: [attach-window] t=96.10s pos_err=0.036m T=22.20N z=5.389 m_est=2.256
[INFO] [1789405574.363329190] [acados_nmpc_node]: [attach-window] t=96.15s pos_err=0.046m T=22.18N z=5.387 m_est=2.256
[INFO] [1789405574.391762684] [acados_nmpc_node]: [wcmd] raw=[-0.016,+0.020,+0.475] w=[-0.009,+0.002,+0.475] err=[-0.007,+0.019] scaled=[-0.034,+0.070] s=3.66
[INFO] [1789405574.416844124] [acados_nmpc_node]: [attach-window] t=96.20s pos_err=0.037m T=22.19N z=5.383 m_est=2.256
[INFO] [1789405574.463697165] [acados_nmpc_node]: [attach-window] t=96.25s pos_err=0.040m T=22.18N z=5.380 m_est=2.257
[INFO] [1789405574.519258249] [acados_nmpc_node]: [attach-window] t=96.30s pos_err=0.033m T=22.19N z=5.375 m_est=2.257
[INFO] [1789405574.563682171] [acados_nmpc_node]: [attach-window] t=96.35s pos_err=0.042m T=22.18N z=5.373 m_est=2.257
[INFO] [1789405574.591682106] [acados_nmpc_node]: [wcmd] raw=[-0.015,+0.011,+0.459] w=[-0.011,+0.005,+0.477] err=[-0.004,+0.006] scaled=[-0.025,+0.027] s=3.66
[INFO] [1789405574.619255277] [acados_nmpc_node]: [attach-window] t=96.40s pos_err=0.035m T=22.19N z=5.369 m_est=2.257
[INFO] [1789405574.663755743] [acados_nmpc_node]: [attach-window] t=96.45s pos_err=0.038m T=22.18N z=5.366 m_est=2.257
[INFO] [1789405574.719282056] [acados_nmpc_node]: [attach-window] t=96.50s pos_err=0.032m T=22.19N z=5.362 m_est=2.258
[INFO] [1789405574.763674157] [acados_nmpc_node]: [attach-window] t=96.55s pos_err=0.041m T=22.18N z=5.360 m_est=2.258
[INFO] [1789405574.791766459] [acados_nmpc_node]: [wcmd] raw=[-0.007,+0.018,+0.446] w=[-0.006,+0.009,+0.474] err=[-0.001,+0.008] scaled=[-0.010,+0.040] s=3.69
[INFO] [1789405574.819111699] [acados_nmpc_node]: [attach-window] t=96.60s pos_err=0.034m T=22.18N z=5.356 m_est=2.258
[INFO] [1789405574.863666089] [acados_nmpc_node]: [attach-window] t=96.65s pos_err=0.038m T=22.18N z=5.353 m_est=2.258
[INFO] [1789405574.919069842] [acados_nmpc_node]: [attach-window] t=96.70s pos_err=0.031m T=22.20N z=5.349 m_est=2.258
[INFO] [1789405574.963662988] [acados_nmpc_node]: [attach-window] t=96.75s pos_err=0.041m T=22.19N z=5.347 m_est=2.258
[INFO] [1789405574.991762470] [acados_nmpc_node]: [wcmd] raw=[-0.016,+0.010,+0.421] w=[-0.002,-0.006,+0.458] err=[-0.014,+0.016] scaled=[-0.055,+0.054] s=3.71
[INFO] [1789405575.019236855] [acados_nmpc_node]: [attach-window] t=96.80s pos_err=0.033m T=22.19N z=5.343 m_est=2.258
[INFO] [1789405575.063710760] [acados_nmpc_node]: [attach-window] t=96.85s pos_err=0.037m T=22.18N z=5.340 m_est=2.258
[INFO] [1789405575.119559675] [acados_nmpc_node]: [attach-window] t=96.90s pos_err=0.030m T=22.18N z=5.337 m_est=2.258
[INFO] [1789405575.163720423] [acados_nmpc_node]: [attach-window] t=96.95s pos_err=0.040m T=22.17N z=5.335 m_est=2.258
[INFO] [1789405575.191777223] [acados_nmpc_node]: [wcmd] raw=[-0.015,+0.008,+0.394] w=[-0.017,+0.004,+0.442] err=[+0.002,+0.004] scaled=[-0.011,+0.020] s=3.72
[INFO] [1789405575.219207829] [acados_nmpc_node]: [attach-window] t=97.00s pos_err=0.032m T=22.16N z=5.331 m_est=2.258
[INFO] [1789405575.263677933] [acados_nmpc_node]: [attach-window] t=97.05s pos_err=0.036m T=22.15N z=5.329 m_est=2.258
[INFO] [1789405575.319707038] [acados_nmpc_node]: [attach-window] t=97.10s pos_err=0.028m T=22.15N z=5.326 m_est=2.258
[INFO] [1789405575.363143772] [acados_nmpc_node]: [attach-window] t=97.15s pos_err=0.039m T=22.14N z=5.324 m_est=2.258
[INFO] [1789405575.391710463] [acados_nmpc_node]: [wcmd] raw=[-0.004,+0.003,+0.364] w=[-0.003,-0.020,+0.412] err=[-0.001,+0.023] scaled=[-0.006,+0.065] s=3.73
[INFO] [1789405575.419119641] [acados_nmpc_node]: [attach-window] t=97.20s pos_err=0.030m T=22.14N z=5.321 m_est=2.258
[INFO] [1789405575.463690110] [acados_nmpc_node]: [attach-window] t=97.25s pos_err=0.034m T=22.13N z=5.319 m_est=2.258
[INFO] [1789405575.519121794] [acados_nmpc_node]: [attach-window] t=97.30s pos_err=0.025m T=22.13N z=5.316 m_est=2.258
[INFO] [1789405575.563658152] [acados_nmpc_node]: [attach-window] t=97.35s pos_err=0.037m T=22.13N z=5.314 m_est=2.258
[INFO] [1789405575.591718370] [acados_nmpc_node]: [wcmd] raw=[+0.001,-0.001,+0.334] w=[+0.009,-0.013,+0.388] err=[-0.008,+0.012] scaled=[-0.021,+0.031] s=3.73
[INFO] [1789405575.619273370] [acados_nmpc_node]: [attach-window] t=97.40s pos_err=0.028m T=22.12N z=5.311 m_est=2.258
[INFO] [1789405575.663718681] [acados_nmpc_node]: [attach-window] t=97.45s pos_err=0.033m T=22.12N z=5.309 m_est=2.258
[INFO] [1789405575.719172866] [acados_nmpc_node]: [attach-window] t=97.50s pos_err=0.025m T=22.14N z=5.306 m_est=2.258
[INFO] [1789405575.763719758] [acados_nmpc_node]: [attach-window] t=97.55s pos_err=0.030m T=22.15N z=5.304 m_est=2.257
[INFO] [1789405575.791691995] [acados_nmpc_node]: [wcmd] raw=[+0.006,-0.004,+0.305] w=[+0.007,+0.001,+0.362] err=[-0.001,-0.005] scaled=[+0.002,-0.017] s=3.74
[INFO] [1789405575.819100958] [acados_nmpc_node]: [attach-window] t=97.60s pos_err=0.030m T=22.16N z=5.300 m_est=2.257
[INFO] [1789405575.863772120] [acados_nmpc_node]: [attach-window] t=97.65s pos_err=0.034m T=22.18N z=5.298 m_est=2.257
[INFO] [1789405575.919263205] [acados_nmpc_node]: [attach-window] t=97.70s pos_err=0.027m T=22.20N z=5.294 m_est=2.257
[INFO] [1789405575.963856566] [acados_nmpc_node]: [attach-window] t=97.75s pos_err=0.039m T=22.20N z=5.292 m_est=2.257
[INFO] [1789405575.991765911] [acados_nmpc_node]: [wcmd] raw=[-0.000,+0.026,+0.277] w=[+0.012,+0.009,+0.332] err=[-0.012,+0.017] scaled=[-0.033,+0.073] s=3.74
[INFO] [1789405576.019091171] [acados_nmpc_node]: [attach-window] t=97.80s pos_err=0.032m T=22.20N z=5.288 m_est=2.257
[INFO] [1789405576.063692029] [acados_nmpc_node]: [attach-window] t=97.85s pos_err=0.037m T=22.20N z=5.286 m_est=2.257
[INFO] [1789405576.119285897] [acados_nmpc_node]: [attach-window] t=97.90s pos_err=0.030m T=22.18N z=5.283 m_est=2.257
[INFO] [1789405576.163679876] [acados_nmpc_node]: [attach-window] t=97.95s pos_err=0.043m T=22.18N z=5.281 m_est=2.257
[INFO] [1789405576.191764985] [acados_nmpc_node]: [wcmd] raw=[-0.004,+0.013,+0.252] w=[+0.002,-0.006,+0.296] err=[-0.006,+0.019] scaled=[-0.019,+0.064] s=3.74
[INFO] [1789405576.219210318] [acados_nmpc_node]: [attach-window] t=98.00s pos_err=0.035m T=22.16N z=5.279 m_est=2.257
[INFO] [1789405576.263795367] [acados_nmpc_node]: [attach-window] t=98.05s pos_err=0.040m T=22.15N z=5.277 m_est=2.257
[INFO] [1789405576.319218339] [acados_nmpc_node]: [attach-window] t=98.10s pos_err=0.033m T=22.14N z=5.274 m_est=2.257
[INFO] [1789405576.363806242] [acados_nmpc_node]: [attach-window] t=98.15s pos_err=0.045m T=22.14N z=5.273 m_est=2.257
[INFO] [1789405576.391746356] [acados_nmpc_node]: [wcmd] raw=[-0.004,+0.013,+0.235] w=[+0.002,+0.010,+0.274] err=[-0.006,+0.003] scaled=[-0.020,+0.020] s=3.74
[INFO] [1789405576.416903522] [acados_nmpc_node]: [attach-window] t=98.20s pos_err=0.036m T=22.14N z=5.270 m_est=2.257
[INFO] [1789405576.463723026] [acados_nmpc_node]: [attach-window] t=98.25s pos_err=0.041m T=22.14N z=5.268 m_est=2.257
[INFO] [1789405576.518900219] [acados_nmpc_node]: [attach-window] t=98.30s pos_err=0.033m T=22.15N z=5.265 m_est=2.257
[INFO] [1789405576.563695896] [acados_nmpc_node]: [attach-window] t=98.35s pos_err=0.044m T=22.16N z=5.263 m_est=2.257
[INFO] [1789405576.591706778] [acados_nmpc_node]: [wcmd] raw=[-0.010,+0.005,+0.220] w=[-0.004,-0.028,+0.239] err=[-0.005,+0.032] scaled=[-0.025,+0.094] s=3.74
[INFO] [1789405576.619146803] [acados_nmpc_node]: [attach-window] t=98.40s pos_err=0.034m T=22.18N z=5.260 m_est=2.257
[INFO] [1789405576.663771018] [acados_nmpc_node]: [attach-window] t=98.45s pos_err=0.037m T=22.19N z=5.258 m_est=2.257
[INFO] [1789405576.719421978] [acados_nmpc_node]: [attach-window] t=98.50s pos_err=0.027m T=22.20N z=5.254 m_est=2.257
[INFO] [1789405576.763754588] [acados_nmpc_node]: [attach-window] t=98.55s pos_err=0.037m T=22.21N z=5.252 m_est=2.257
[INFO] [1789405576.791783084] [acados_nmpc_node]: [wcmd] raw=[-0.017,-0.013,+0.210] w=[-0.010,-0.017,+0.226] err=[-0.007,+0.005] scaled=[-0.036,-0.000] s=3.74
[INFO] [1789405576.819420536] [acados_nmpc_node]: [attach-window] t=98.60s pos_err=0.026m T=22.21N z=5.248 m_est=2.257
[INFO] [1789405576.863658193] [acados_nmpc_node]: [attach-window] t=98.65s pos_err=0.028m T=22.21N z=5.246 m_est=2.257
[INFO] [1789405576.919140676] [acados_nmpc_node]: [attach-window] t=98.70s pos_err=0.018m T=22.21N z=5.243 m_est=2.257
[INFO] [1789405576.963148214] [acados_nmpc_node]: [attach-window] t=98.75s pos_err=0.028m T=22.22N z=5.242 m_est=2.257
[INFO] [1789405576.991712242] [acados_nmpc_node]: [wcmd] raw=[-0.021,+0.013,+0.202] w=[-0.024,-0.018,+0.215] err=[+0.003,+0.031] scaled=[-0.013,+0.097] s=3.74
[INFO] [1789405577.017313106] [acados_nmpc_node]: [attach-window] t=98.80s pos_err=0.015m T=22.21N z=5.239 m_est=2.257
[INFO] [1789405577.063870494] [acados_nmpc_node]: [attach-window] t=98.85s pos_err=0.019m T=22.20N z=5.238 m_est=2.257
[INFO] [1789405577.119768632] [acados_nmpc_node]: [attach-window] t=98.90s pos_err=0.010m T=22.20N z=5.235 m_est=2.257
[INFO] [1789405577.163874988] [acados_nmpc_node]: [attach-window] t=98.95s pos_err=0.021m T=22.20N z=5.234 m_est=2.257
[INFO] [1789405577.191868464] [acados_nmpc_node]: [wcmd] raw=[-0.001,+0.005,+0.191] w=[-0.007,-0.017,+0.205] err=[+0.006,+0.022] scaled=[+0.015,+0.067] s=3.74
[INFO] [1789405577.219733632] [acados_nmpc_node]: [attach-window] t=99.00s pos_err=0.011m T=22.19N z=5.232 m_est=2.257
[INFO] [1789405577.263900930] [acados_nmpc_node]: [attach-window] t=99.05s pos_err=0.014m T=22.18N z=5.230 m_est=2.257
[INFO] [1789405577.317425279] [acados_nmpc_node]: [attach-window] t=99.10s pos_err=0.007m T=22.19N z=5.228 m_est=2.257
[INFO] [1789405577.364048994] [acados_nmpc_node]: [attach-window] t=99.15s pos_err=0.018m T=22.19N z=5.227 m_est=2.257
[INFO] [1789405577.391781930] [acados_nmpc_node]: [wcmd] raw=[+0.009,+0.018,+0.180] w=[+0.013,+0.010,+0.204] err=[-0.004,+0.008] scaled=[-0.004,+0.040] s=3.74
[INFO] [1789405577.419733868] [acados_nmpc_node]: [attach-window] t=99.20s pos_err=0.008m T=22.18N z=5.225 m_est=2.257
[INFO] [1789405577.463802026] [acados_nmpc_node]: [attach-window] t=99.25s pos_err=0.012m T=22.17N z=5.224 m_est=2.257
[INFO] [1789405577.519608853] [acados_nmpc_node]: [attach-window] t=99.30s pos_err=0.007m T=22.16N z=5.222 m_est=2.257
[INFO] [1789405577.563760384] [acados_nmpc_node]: [attach-window] t=99.35s pos_err=0.016m T=22.16N z=5.222 m_est=2.257
[INFO] [1789405577.591705289] [acados_nmpc_node]: [wcmd] raw=[+0.007,+0.016,+0.168] w=[+0.014,-0.012,+0.182] err=[-0.007,+0.028] scaled=[-0.013,+0.094] s=3.74
[INFO] [1789405577.619101608] [acados_nmpc_node]: [attach-window] t=99.40s pos_err=0.008m T=22.14N z=5.221 m_est=2.257
[INFO] [1789405577.663690406] [acados_nmpc_node]: [attach-window] t=99.45s pos_err=0.013m T=22.13N z=5.220 m_est=2.257
[INFO] [1789405577.719253766] [acados_nmpc_node]: [attach-window] t=99.50s pos_err=0.008m T=22.12N z=5.219 m_est=2.257
[INFO] [1789405577.763800732] [acados_nmpc_node]: [attach-window] t=99.55s pos_err=0.019m T=22.12N z=5.219 m_est=2.257
[INFO] [1789405577.791681707] [acados_nmpc_node]: [wcmd] raw=[+0.002,+0.021,+0.159] w=[+0.009,+0.010,+0.177] err=[-0.007,+0.011] scaled=[-0.017,+0.051] s=3.74
[INFO] [1789405577.818879578] [acados_nmpc_node]: [attach-window] t=99.60s pos_err=0.011m T=22.11N z=5.218 m_est=2.257
[INFO] [1789405577.863810978] [acados_nmpc_node]: [attach-window] t=99.65s pos_err=0.017m T=22.10N z=5.217 m_est=2.257
[INFO] [1789405577.919318142] [acados_nmpc_node]: [attach-window] t=99.70s pos_err=0.011m T=22.11N z=5.217 m_est=2.257
[INFO] [1789405577.963676757] [acados_nmpc_node]: [attach-window] t=99.75s pos_err=0.025m T=22.11N z=5.216 m_est=2.257
[INFO] [1789405577.991769911] [acados_nmpc_node]: [wcmd] raw=[-0.007,+0.027,+0.152] w=[-0.003,+0.005,+0.161] err=[-0.004,+0.022] scaled=[-0.018,+0.086] s=3.74
[INFO] [1789405578.019009610] [acados_nmpc_node]: [attach-window] t=99.80s pos_err=0.017m T=22.11N z=5.216 m_est=2.256
[INFO] [1789405578.063677692] [acados_nmpc_node]: [attach-window] t=99.85s pos_err=0.024m T=22.10N z=5.216 m_est=2.256
[INFO] [1789405578.119092064] [acados_nmpc_node]: [attach-window] t=99.90s pos_err=0.017m T=22.10N z=5.215 m_est=2.256
[INFO] [1789405578.163722913] [acados_nmpc_node]: [attach-window] t=99.95s pos_err=0.032m T=22.10N z=5.215 m_est=2.256
[INFO] [1789405578.191763924] [acados_nmpc_node]: [wcmd] raw=[+0.002,+0.016,+0.148] w=[-0.002,+0.002,+0.151] err=[+0.004,+0.014] scaled=[+0.012,+0.056] s=3.74
[INFO] [1789405578.219235598] [acados_nmpc_node]: [attach-window] t=100.00s pos_err=0.025m T=22.09N z=5.215 m_est=2.256
[INFO] [1789405578.263677388] [acados_nmpc_node]: [attach-window] t=100.05s pos_err=0.031m T=22.08N z=5.214 m_est=2.256
[INFO] [1789405578.319095957] [acados_nmpc_node]: [attach-window] t=100.10s pos_err=0.025m T=22.07N z=5.214 m_est=2.256
[INFO] [1789405578.363732391] [acados_nmpc_node]: [attach-window] t=100.15s pos_err=0.040m T=22.08N z=5.214 m_est=2.256
[INFO] [1789405578.391768318] [acados_nmpc_node]: [wcmd] raw=[+0.012,+0.009,+0.148] w=[+0.017,-0.003,+0.147] err=[-0.005,+0.012] scaled=[-0.002,+0.044] s=3.74
[INFO] [1789405578.419104035] [acados_nmpc_node]: [attach-window] t=100.20s pos_err=0.032m T=22.07N z=5.214 m_est=2.256
[INFO] [1789405578.463765181] [acados_nmpc_node]: [attach-window] t=100.25s pos_err=0.039m T=22.07N z=5.214 m_est=2.255
[INFO] [1789405578.519261644] [acados_nmpc_node]: [attach-window] t=100.30s pos_err=0.033m T=22.07N z=5.214 m_est=2.255
[INFO] [1789405578.563772411] [acados_nmpc_node]: [attach-window] t=100.35s pos_err=0.046m T=22.08N z=5.214 m_est=2.255
[INFO] [1789405578.591716892] [acados_nmpc_node]: [wcmd] raw=[+0.000,+0.005,+0.148] w=[+0.011,-0.022,+0.140] err=[-0.011,+0.027] scaled=[-0.029,+0.079] s=3.74
[INFO] [1789405578.619183620] [acados_nmpc_node]: [attach-window] t=100.40s pos_err=0.040m T=22.07N z=5.214 m_est=2.255
[INFO] [1789405578.663733560] [acados_nmpc_node]: [attach-window] t=100.45s pos_err=0.046m T=22.06N z=5.214 m_est=2.255
[INFO] [1789405578.719242974] [acados_nmpc_node]: [attach-window] t=100.50s pos_err=0.039m T=22.05N z=5.214 m_est=2.254
[INFO] [1789405578.763909786] [acados_nmpc_node]: [attach-window] t=100.55s pos_err=0.052m T=22.06N z=5.215 m_est=2.254
[INFO] [1789405578.791753293] [acados_nmpc_node]: [wcmd] raw=[-0.016,+0.010,+0.149] w=[-0.007,-0.003,+0.145] err=[-0.009,+0.012] scaled=[-0.041,+0.044] s=3.74
[INFO] [1789405578.819207382] [acados_nmpc_node]: [attach-window] t=100.60s pos_err=0.045m T=22.05N z=5.215 m_est=2.254
[INFO] [1789405578.863693894] [acados_nmpc_node]: [attach-window] t=100.65s pos_err=0.050m T=22.05N z=5.215 m_est=2.254
[INFO] [1789405578.919213677] [acados_nmpc_node]: [attach-window] t=100.70s pos_err=0.043m T=22.07N z=5.215 m_est=2.254
[INFO] [1789405578.963789849] [acados_nmpc_node]: [attach-window] t=100.75s pos_err=0.056m T=22.09N z=5.214 m_est=2.254
[INFO] [1789405578.991776989] [acados_nmpc_node]: [wcmd] raw=[-0.027,+0.022,+0.148] w=[-0.029,-0.002,+0.145] err=[+0.002,+0.024] scaled=[-0.021,+0.087] s=3.74
[INFO] [1789405579.019502619] [acados_nmpc_node]: [attach-window] t=100.80s pos_err=0.048m T=22.11N z=5.214 m_est=2.254
[INFO] [1789405579.063814101] [acados_nmpc_node]: [attach-window] t=100.85s pos_err=0.054m T=22.12N z=5.213 m_est=2.253
[INFO] [1789405579.064309847] [acados_nmpc_node]: t=100.8s | pos_err=0.054m | T=22.12N | tau=[r-0.163 p0.047 y0.001]Nm | res_stat=1.961e-07(peak 9.997e-07) sqp_iter=3 | solve=1.5ms
[INFO] [1789405579.064513981] [acados_nmpc_node]: [flight-diag] t=100.8s | om_scale=3.745(lo 3.664 hi 3.745) | tilt_max=2.87deg | w_max=[r0.029 p0.045 y0.481]rad/s | u_frac=[T0.709 r0.364 p0.159 y0.126] | u_sat=[T0.0 r0.0 p0.0 y0.0]% | mot_peak=0.848 mot_sat=0.0% | health=1 age=0.000s conf=0.000 | n=100
[INFO] [1789405579.116842623] [acados_nmpc_node]: [attach-window] t=100.90s pos_err=0.043m T=22.14N z=5.212 m_est=2.253
[INFO] [1789405579.163751506] [acados_nmpc_node]: [attach-window] t=100.95s pos_err=0.051m T=22.16N z=5.212 m_est=2.253
[INFO] [1789405579.191705522] [acados_nmpc_node]: [wcmd] raw=[-0.014,-0.015,+0.146] w=[-0.024,-0.001,+0.145] err=[+0.010,-0.014] scaled=[+0.015,-0.053] s=3.74
[INFO] [1789405579.219281802] [acados_nmpc_node]: [attach-window] t=101.00s pos_err=0.052m T=22.16N z=5.211 m_est=2.253
[INFO] [1789405579.263774356] [acados_nmpc_node]: [attach-window] t=101.05s pos_err=0.059m T=22.16N z=5.211 m_est=2.253
[INFO] [1789405579.319673227] [acados_nmpc_node]: [attach-window] t=101.10s pos_err=0.050m T=22.14N z=5.211 m_est=2.253
[INFO] [1789405579.363849643] [acados_nmpc_node]: [attach-window] t=101.15s pos_err=0.067m T=22.15N z=5.210 m_est=2.253
[INFO] [1789405579.391698726] [acados_nmpc_node]: [wcmd] raw=[+0.000,+0.034,+0.148] w=[-0.002,+0.035,+0.159] err=[+0.002,-0.002] scaled=[+0.006,+0.029] s=3.74
[INFO] [1789405579.419065247] [acados_nmpc_node]: [attach-window] t=101.20s pos_err=0.057m T=22.13N z=5.210 m_est=2.253
[INFO] [1789405579.463843801] [acados_nmpc_node]: [attach-window] t=101.25s pos_err=0.063m T=22.13N z=5.211 m_est=2.253
[INFO] [1789405579.519292379] [acados_nmpc_node]: [attach-window] t=101.30s pos_err=0.053m T=22.10N z=5.211 m_est=2.253
[INFO] [1789405579.563737461] [acados_nmpc_node]: [attach-window] t=101.35s pos_err=0.059m T=22.11N z=5.211 m_est=2.253
[INFO] [1789405579.591726590] [acados_nmpc_node]: [wcmd] raw=[+0.002,-0.044,+0.144] w=[+0.007,-0.066,+0.123] err=[-0.005,+0.022] scaled=[-0.012,+0.017] s=3.74
[INFO] [1789405579.619189825] [acados_nmpc_node]: [attach-window] t=101.40s pos_err=0.059m T=22.11N z=5.212 m_est=2.253
[INFO] [1789405579.663699341] [acados_nmpc_node]: [attach-window] t=101.45s pos_err=0.065m T=22.10N z=5.212 m_est=2.253
[INFO] [1789405579.719147913] [acados_nmpc_node]: [attach-window] t=101.50s pos_err=0.054m T=22.09N z=5.212 m_est=2.253
[INFO] [1789405579.763727313] [acados_nmpc_node]: [attach-window] t=101.55s pos_err=0.060m T=22.09N z=5.213 m_est=2.253
[INFO] [1789405579.791692709] [acados_nmpc_node]: [wcmd] raw=[+0.002,-0.021,+0.153] w=[+0.002,+0.040,+0.163] err=[-0.000,-0.061] scaled=[+0.001,-0.189] s=3.74
[INFO] [1789405579.819057785] [acados_nmpc_node]: [attach-window] t=101.60s pos_err=0.048m T=22.08N z=5.213 m_est=2.253
[INFO] [1789405579.863752218] [acados_nmpc_node]: [attach-window] t=101.65s pos_err=0.064m T=22.09N z=5.214 m_est=2.253
[INFO] [1789405579.919102450] [acados_nmpc_node]: [attach-window] t=101.70s pos_err=0.053m T=22.07N z=5.214 m_est=2.253
[INFO] [1789405579.963790347] [acados_nmpc_node]: [attach-window] t=101.75s pos_err=0.069m T=22.06N z=5.215 m_est=2.253
[INFO] [1789405579.991732157] [acados_nmpc_node]: [wcmd] raw=[-0.013,+0.035,+0.156] w=[-0.003,-0.062,+0.134] err=[-0.010,+0.097] scaled=[-0.039,+0.301] s=3.74
[INFO] [1789405580.019349922] [acados_nmpc_node]: [attach-window] t=101.80s pos_err=0.057m T=22.04N z=5.216 m_est=2.253
[INFO] [1789405580.063666860] [acados_nmpc_node]: [attach-window] t=101.85s pos_err=0.062m T=22.04N z=5.217 m_est=2.253
[INFO] [1789405580.119217945] [acados_nmpc_node]: [attach-window] t=101.90s pos_err=0.051m T=22.04N z=5.217 m_est=2.253
[INFO] [1789405580.163727007] [acados_nmpc_node]: [attach-window] t=101.95s pos_err=0.066m T=22.06N z=5.218 m_est=2.253
[INFO] [1789405580.191755050] [acados_nmpc_node]: [wcmd] raw=[-0.013,-0.043,+0.158] w=[-0.015,-0.007,+0.152] err=[+0.002,-0.036] scaled=[-0.007,-0.141] s=3.74
[INFO] [1789405580.219303274] [acados_nmpc_node]: [attach-window] t=102.00s pos_err=0.054m T=22.06N z=5.218 m_est=2.253
[INFO] [1789405580.263712449] [acados_nmpc_node]: [attach-window] t=102.05s pos_err=0.058m T=22.06N z=5.218 m_est=2.253
[INFO] [1789405580.319401322] [acados_nmpc_node]: [attach-window] t=102.10s pos_err=0.047m T=22.05N z=5.218 m_est=2.253
[INFO] [1789405580.363343656] [acados_nmpc_node]: [attach-window] t=102.15s pos_err=0.063m T=22.06N z=5.219 m_est=2.253
[INFO] [1789405580.391785630] [acados_nmpc_node]: [wcmd] raw=[-0.005,+0.043,+0.171] w=[-0.009,+0.026,+0.170] err=[+0.003,+0.017] scaled=[+0.004,+0.091] s=3.74
[INFO] [1789405580.419247718] [acados_nmpc_node]: [attach-window] t=102.20s pos_err=0.050m T=22.09N z=5.219 m_est=2.252
[INFO] [1789405580.463709314] [acados_nmpc_node]: [attach-window] t=102.25s pos_err=0.055m T=22.10N z=5.219 m_est=2.252
[INFO] [1789405580.519164374] [acados_nmpc_node]: [attach-window] t=102.30s pos_err=0.044m T=22.09N z=5.220 m_est=2.252
[INFO] [1789405580.563763559] [acados_nmpc_node]: [attach-window] t=102.35s pos_err=0.049m T=22.11N z=5.220 m_est=2.252
[INFO] [1789405580.591749952] [acados_nmpc_node]: [wcmd] raw=[-0.004,-0.053,+0.169] w=[+0.003,-0.093,+0.135] err=[-0.007,+0.040] scaled=[-0.022,+0.056] s=3.74
[INFO] [1789405580.619486490] [acados_nmpc_node]: [attach-window] t=102.40s pos_err=0.048m T=22.13N z=5.220 m_est=2.252
[INFO] [1789405580.663783761] [acados_nmpc_node]: [attach-window] t=102.45s pos_err=0.054m T=22.12N z=5.220 m_est=2.252
[INFO] [1789405580.719305088] [acados_nmpc_node]: [attach-window] t=102.50s pos_err=0.044m T=22.11N z=5.220 m_est=2.252
[INFO] [1789405580.763096298] [acados_nmpc_node]: [attach-window] t=102.55s pos_err=0.060m T=22.12N z=5.220 m_est=2.252
[INFO] [1789405580.791722577] [acados_nmpc_node]: [wcmd] raw=[-0.009,+0.043,+0.187] w=[-0.008,+0.122,+0.212] err=[-0.001,-0.079] scaled=[-0.010,-0.173] s=3.74
[INFO] [1789405580.819137012] [acados_nmpc_node]: [attach-window] t=102.60s pos_err=0.050m T=22.11N z=5.221 m_est=2.251
[INFO] [1789405580.863646764] [acados_nmpc_node]: [attach-window] t=102.65s pos_err=0.056m T=22.12N z=5.221 m_est=2.251
[INFO] [1789405580.919037771] [acados_nmpc_node]: [attach-window] t=102.70s pos_err=0.047m T=22.10N z=5.223 m_est=2.251
[INFO] [1789405580.963927814] [acados_nmpc_node]: [attach-window] t=102.75s pos_err=0.064m T=22.10N z=5.223 m_est=2.251
[INFO] [1789405580.991713073] [acados_nmpc_node]: [wcmd] raw=[-0.004,+0.018,+0.187] w=[-0.005,-0.118,+0.136] err=[+0.001,+0.136] scaled=[-0.001,+0.390] s=3.74
[INFO] [1789405581.019359018] [acados_nmpc_node]: [attach-window] t=102.80s pos_err=0.056m T=22.07N z=5.225 m_est=2.251
[INFO] [1789405581.063692633] [acados_nmpc_node]: [attach-window] t=102.85s pos_err=0.063m T=22.05N z=5.226 m_est=2.251
[INFO] [1789405581.119274699] [acados_nmpc_node]: [attach-window] t=102.90s pos_err=0.054m T=22.05N z=5.227 m_est=2.251
[INFO] [1789405581.163677928] [acados_nmpc_node]: [attach-window] t=102.95s pos_err=0.060m T=22.04N z=5.228 m_est=2.250
[INFO] [1789405581.191708043] [acados_nmpc_node]: [wcmd] raw=[+0.007,-0.043,+0.202] w=[+0.012,+0.084,+0.208] err=[-0.005,-0.127] scaled=[-0.007,-0.387] s=3.71
[INFO] [1789405581.219427562] [acados_nmpc_node]: [attach-window] t=103.00s pos_err=0.052m T=22.02N z=5.230 m_est=2.250
[INFO] [1789405581.264116930] [acados_nmpc_node]: [attach-window] t=103.05s pos_err=0.067m T=22.04N z=5.231 m_est=2.250
[INFO] [1789405581.319509100] [acados_nmpc_node]: [attach-window] t=103.10s pos_err=0.059m T=22.03N z=5.233 m_est=2.250
[INFO] [1789405581.364170311] [acados_nmpc_node]: [attach-window] t=103.15s pos_err=0.074m T=22.01N z=5.234 m_est=2.250
[INFO] [1789405581.391803719] [acados_nmpc_node]: [wcmd] raw=[-0.011,+0.067,+0.223] w=[-0.003,-0.028,+0.185] err=[-0.008,+0.096] scaled=[-0.033,+0.325] s=3.70
[INFO] [1789405581.419520735] [acados_nmpc_node]: [attach-window] t=103.20s pos_err=0.056m T=22.00N z=5.237 m_est=2.250
[INFO] [1789405581.464010255] [acados_nmpc_node]: [attach-window] t=103.25s pos_err=0.070m T=22.00N z=5.238 m_est=2.249
[INFO] [1789405581.519424559] [acados_nmpc_node]: [attach-window] t=103.30s pos_err=0.060m T=21.95N z=5.241 m_est=2.249
[INFO] [1789405581.563945462] [acados_nmpc_node]: [attach-window] t=103.35s pos_err=0.064m T=21.97N z=5.242 m_est=2.249
[INFO] [1789405581.591705885] [acados_nmpc_node]: [wcmd] raw=[-0.011,-0.082,+0.235] w=[-0.004,-0.094,+0.176] err=[-0.007,+0.012] scaled=[-0.028,-0.050] s=3.69
[INFO] [1789405581.619710655] [acados_nmpc_node]: [attach-window] t=103.40s pos_err=0.063m T=21.98N z=5.245 m_est=2.249
[INFO] [1789405581.664233324] [acados_nmpc_node]: [attach-window] t=103.45s pos_err=0.067m T=21.97N z=5.246 m_est=2.249
[INFO] [1789405581.719438057] [acados_nmpc_node]: [attach-window] t=103.50s pos_err=0.056m T=21.94N z=5.249 m_est=2.249
[INFO] [1789405581.763956279] [acados_nmpc_node]: [attach-window] t=103.55s pos_err=0.068m T=21.96N z=5.251 m_est=2.248
[INFO] [1789405581.791736401] [acados_nmpc_node]: [wcmd] raw=[-0.017,+0.030,+0.267] w=[-0.023,+0.104,+0.264] err=[+0.006,-0.073] scaled=[-0.001,-0.167] s=3.68
[INFO] [1789405581.819582547] [acados_nmpc_node]: [attach-window] t=103.60s pos_err=0.057m T=21.96N z=5.254 m_est=2.248
[INFO] [1789405581.863763531] [acados_nmpc_node]: [attach-window] t=103.65s pos_err=0.059m T=21.97N z=5.255 m_est=2.248
[INFO] [1789405581.919270010] [acados_nmpc_node]: [attach-window] t=103.70s pos_err=0.048m T=21.97N z=5.258 m_est=2.248
[INFO] [1789405581.963713130] [acados_nmpc_node]: [attach-window] t=103.75s pos_err=0.051m T=21.99N z=5.260 m_est=2.247
[INFO] [1789405581.991680731] [acados_nmpc_node]: [wcmd] raw=[-0.010,-0.050,+0.281] w=[-0.012,-0.170,+0.198] err=[+0.002,+0.119] scaled=[-0.005,+0.269] s=3.67
[INFO] [1789405582.019260383] [acados_nmpc_node]: [attach-window] t=103.80s pos_err=0.040m T=22.00N z=5.263 m_est=2.247
[INFO] [1789405582.064091440] [acados_nmpc_node]: [attach-window] t=103.85s pos_err=0.051m T=22.00N z=5.264 m_est=2.247
[INFO] [1789405582.119193630] [acados_nmpc_node]: [attach-window] t=103.90s pos_err=0.040m T=22.03N z=5.266 m_est=2.247
[INFO] [1789405582.163692994] [acados_nmpc_node]: [attach-window] t=103.95s pos_err=0.043m T=22.03N z=5.268 m_est=2.246
[INFO] [1789405582.191782694] [acados_nmpc_node]: [wcmd] raw=[-0.006,-0.012,+0.309] w=[-0.004,+0.113,+0.313] err=[-0.002,-0.124] scaled=[-0.010,-0.343] s=3.67
[INFO] [1789405582.219395906] [acados_nmpc_node]: [attach-window] t=104.00s pos_err=0.041m T=22.03N z=5.270 m_est=2.246
[INFO] [1789405582.263856681] [acados_nmpc_node]: [attach-window] t=104.05s pos_err=0.044m T=22.05N z=5.272 m_est=2.246
[INFO] [1789405582.319490873] [acados_nmpc_node]: [attach-window] t=104.10s pos_err=0.034m T=22.06N z=5.275 m_est=2.245
[INFO] [1789405582.363946673] [acados_nmpc_node]: [attach-window] t=104.15s pos_err=0.044m T=22.06N z=5.276 m_est=2.245
[INFO] [1789405582.391718540] [acados_nmpc_node]: [wcmd] raw=[-0.014,+0.034,+0.327] w=[-0.011,-0.078,+0.270] err=[-0.003,+0.112] scaled=[-0.023,+0.333] s=3.67
[INFO] [1789405582.418933367] [acados_nmpc_node]: [attach-window] t=104.20s pos_err=0.034m T=22.06N z=5.279 m_est=2.245
[INFO] [1789405582.463827798] [acados_nmpc_node]: [attach-window] t=104.25s pos_err=0.038m T=22.07N z=5.281 m_est=2.245
[INFO] [1789405582.519011183] [acados_nmpc_node]: [attach-window] t=104.30s pos_err=0.028m T=22.08N z=5.283 m_est=2.244
[INFO] [1789405582.563858426] [acados_nmpc_node]: [attach-window] t=104.35s pos_err=0.039m T=22.10N z=5.285 m_est=2.244
[INFO] [1789405582.591730644] [acados_nmpc_node]: [wcmd] raw=[-0.013,-0.036,+0.347] w=[-0.004,+0.020,+0.318] err=[-0.009,-0.056] scaled=[-0.036,-0.184] s=3.65
[INFO] [1789405582.619396699] [acados_nmpc_node]: [attach-window] t=104.40s pos_err=0.030m T=22.10N z=5.287 m_est=2.244
[INFO] [1789405582.663877926] [acados_nmpc_node]: [attach-window] t=104.45s pos_err=0.034m T=22.11N z=5.288 m_est=2.244
[INFO] [1789405582.719152545] [acados_nmpc_node]: [attach-window] t=104.50s pos_err=0.027m T=22.11N z=5.291 m_est=2.244
[INFO] [1789405582.764095403] [acados_nmpc_node]: [attach-window] t=104.55s pos_err=0.039m T=22.13N z=5.292 m_est=2.244
[INFO] [1789405582.791780507] [acados_nmpc_node]: [wcmd] raw=[-0.004,+0.058,+0.376] w=[-0.014,+0.031,+0.344] err=[+0.009,+0.028] scaled=[+0.019,+0.131] s=3.62
[INFO] [1789405582.819334916] [acados_nmpc_node]: [attach-window] t=104.60s pos_err=0.031m T=22.15N z=5.294 m_est=2.244
[INFO] [1789405582.863048241] [acados_nmpc_node]: [attach-window] t=104.65s pos_err=0.036m T=22.17N z=5.296 m_est=2.244
[INFO] [1789405582.916724100] [acados_nmpc_node]: [attach-window] t=104.70s pos_err=0.028m T=22.14N z=5.298 m_est=2.244
[INFO] [1789405582.964145832] [acados_nmpc_node]: [attach-window] t=104.75s pos_err=0.040m T=22.17N z=5.299 m_est=2.244
[INFO] [1789405582.991793487] [acados_nmpc_node]: [wcmd] raw=[-0.000,-0.034,+0.393] w=[+0.018,-0.073,+0.331] err=[-0.018,+0.039] scaled=[-0.048,+0.069] s=3.61
[INFO] [1789405583.019135941] [acados_nmpc_node]: [attach-window] t=104.80s pos_err=0.033m T=22.17N z=5.302 m_est=2.244
[INFO] [1789405583.064001595] [acados_nmpc_node]: [attach-window] t=104.85s pos_err=0.037m T=22.15N z=5.304 m_est=2.244
[INFO] [1789405583.119294022] [acados_nmpc_node]: [attach-window] t=104.90s pos_err=0.031m T=22.13N z=5.306 m_est=2.244
[INFO] [1789405583.163933722] [acados_nmpc_node]: [attach-window] t=104.95s pos_err=0.041m T=22.15N z=5.308 m_est=2.244
[INFO] [1789405583.191687729] [acados_nmpc_node]: [wcmd] raw=[-0.013,+0.029,+0.427] w=[-0.009,+0.093,+0.411] err=[-0.004,-0.063] scaled=[-0.023,-0.135] s=3.60
[INFO] [1789405583.219188503] [acados_nmpc_node]: [attach-window] t=105.00s pos_err=0.034m T=22.14N z=5.311 m_est=2.245
[INFO] [1789405583.263940051] [acados_nmpc_node]: [attach-window] t=105.05s pos_err=0.037m T=22.15N z=5.313 m_est=2.245
[INFO] [1789405583.319415374] [acados_nmpc_node]: [attach-window] t=105.10s pos_err=0.031m T=22.13N z=5.317 m_est=2.245
[INFO] [1789405583.363629683] [acados_nmpc_node]: [attach-window] t=105.15s pos_err=0.040m T=22.15N z=5.319 m_est=2.245
[INFO] [1789405583.391766207] [acados_nmpc_node]: [wcmd] raw=[-0.021,-0.007,+0.442] w=[-0.014,-0.114,+0.368] err=[-0.006,+0.107] scaled=[-0.037,+0.269] s=3.59
[INFO] [1789405583.419488424] [acados_nmpc_node]: [attach-window] t=105.20s pos_err=0.033m T=22.13N z=5.323 m_est=2.246
[INFO] [1789405583.463710135] [acados_nmpc_node]: [attach-window] t=105.25s pos_err=0.036m T=22.11N z=5.325 m_est=2.246
[INFO] [1789405583.519347322] [acados_nmpc_node]: [attach-window] t=105.30s pos_err=0.030m T=22.10N z=5.330 m_est=2.246
[INFO] [1789405583.564111570] [acados_nmpc_node]: [attach-window] t=105.35s pos_err=0.037m T=22.11N z=5.332 m_est=2.246
[INFO] [1789405583.591716260] [acados_nmpc_node]: [wcmd] raw=[-0.006,-0.010,+0.465] w=[-0.010,+0.081,+0.456] err=[+0.004,-0.091] scaled=[+0.004,-0.247] s=3.59
[INFO] [1789405583.619296554] [acados_nmpc_node]: [attach-window] t=105.40s pos_err=0.031m T=22.08N z=5.337 m_est=2.247
[INFO] [1789405583.663229653] [acados_nmpc_node]: [attach-window] t=105.45s pos_err=0.034m T=22.09N z=5.339 m_est=2.247
[INFO] [1789405583.719280435] [acados_nmpc_node]: [attach-window] t=105.50s pos_err=0.030m T=22.09N z=5.344 m_est=2.247
[INFO] [1789405583.763952104] [acados_nmpc_node]: [attach-window] t=105.55s pos_err=0.037m T=22.11N z=5.346 m_est=2.247
[INFO] [1789405583.791787329] [acados_nmpc_node]: [wcmd] raw=[-0.008,+0.039,+0.471] w=[-0.001,-0.062,+0.434] err=[-0.007,+0.101] scaled=[-0.027,+0.302] s=3.59
[INFO] [1789405583.819241184] [acados_nmpc_node]: [attach-window] t=105.60s pos_err=0.033m T=22.10N z=5.350 m_est=2.247
[INFO] [1789405583.863915159] [acados_nmpc_node]: [attach-window] t=105.65s pos_err=0.036m T=22.11N z=5.353 m_est=2.248
[INFO] [1789405583.919509201] [acados_nmpc_node]: [attach-window] t=105.70s pos_err=0.033m T=22.10N z=5.357 m_est=2.248
[INFO] [1789405583.964050150] [acados_nmpc_node]: [attach-window] t=105.75s pos_err=0.040m T=22.13N z=5.360 m_est=2.248
[INFO] [1789405583.991708826] [acados_nmpc_node]: [wcmd] raw=[-0.004,-0.016,+0.466] w=[+0.007,+0.032,+0.475] err=[-0.011,-0.049] scaled=[-0.031,-0.142] s=3.58
[INFO] [1789405584.019550799] [acados_nmpc_node]: [attach-window] t=105.80s pos_err=0.037m T=22.11N z=5.364 m_est=2.248
[INFO] [1789405584.063942274] [acados_nmpc_node]: [attach-window] t=105.85s pos_err=0.039m T=22.11N z=5.367 m_est=2.248
[INFO] [1789405584.064435596] [acados_nmpc_node]: t=105.8s | pos_err=0.039m | T=22.11N | tau=[r-0.172 p0.106 y0.004]Nm | res_stat=5.132e-07(peak 9.997e-07) sqp_iter=4 | solve=1.8ms
[INFO] [1789405584.064643118] [acados_nmpc_node]: [flight-diag] t=105.8s | om_scale=3.583(lo 3.583 hi 3.745) | tilt_max=2.45deg | w_max=[r0.029 p0.177 y0.494]rad/s | u_frac=[T0.707 r0.365 p0.469 y0.175] | u_sat=[T0.0 r0.0 p0.0 y0.0]% | mot_peak=0.894 mot_sat=0.0% | health=1 age=0.000s conf=0.000 | n=100
[INFO] [1789405584.119303968] [acados_nmpc_node]: [attach-window] t=105.90s pos_err=0.036m T=22.10N z=5.371 m_est=2.248
[INFO] [1789405584.163977406] [acados_nmpc_node]: [attach-window] t=105.95s pos_err=0.043m T=22.13N z=5.373 m_est=2.248
[INFO] [1789405584.191762399] [acados_nmpc_node]: [wcmd] raw=[-0.014,+0.054,+0.457] w=[-0.006,+0.024,+0.478] err=[-0.008,+0.029] scaled=[-0.033,+0.130] s=3.58
[INFO] [1789405584.219665516] [acados_nmpc_node]: [attach-window] t=106.00s pos_err=0.039m T=22.15N z=5.377 m_est=2.248
[INFO] [1789405584.264003860] [acados_nmpc_node]: [attach-window] t=106.05s pos_err=0.041m T=22.16N z=5.380 m_est=2.248
[INFO] [1789405584.319911464] [acados_nmpc_node]: [attach-window] t=106.10s pos_err=0.038m T=22.14N z=5.384 m_est=2.248
[INFO] [1789405584.363911054] [acados_nmpc_node]: [attach-window] t=106.15s pos_err=0.039m T=22.16N z=5.387 m_est=2.248
[INFO] [1789405584.391724668] [acados_nmpc_node]: [wcmd] raw=[-0.013,-0.040,+0.425] w=[-0.008,-0.046,+0.447] err=[-0.004,+0.006] scaled=[-0.024,-0.025] s=3.58
[INFO] [1789405584.419736406] [acados_nmpc_node]: [attach-window] t=106.20s pos_err=0.039m T=22.17N z=5.391 m_est=2.248
[INFO] [1789405584.463817677] [acados_nmpc_node]: [attach-window] t=106.25s pos_err=0.040m T=22.16N z=5.393 m_est=2.248
[INFO] [1789405584.519081320] [acados_nmpc_node]: [attach-window] t=106.30s pos_err=0.036m T=22.13N z=5.398 m_est=2.248
[INFO] [1789405584.563727083] [acados_nmpc_node]: [attach-window] t=106.35s pos_err=0.040m T=22.15N z=5.401 m_est=2.248
[INFO] [1789405584.591702614] [acados_nmpc_node]: [wcmd] raw=[-0.026,+0.044,+0.410] w=[-0.020,+0.070,+0.471] err=[-0.007,-0.026] scaled=[-0.044,-0.025] s=3.58
[INFO] [1789405584.619333330] [acados_nmpc_node]: [attach-window] t=106.40s pos_err=0.034m T=22.13N z=5.406 m_est=2.248
[INFO] [1789405584.663783919] [acados_nmpc_node]: [attach-window] t=106.45s pos_err=0.035m T=22.13N z=5.410 m_est=2.248
[INFO] [1789405584.719481806] [acados_nmpc_node]: [attach-window] t=106.50s pos_err=0.030m T=22.10N z=5.415 m_est=2.248
[INFO] [1789405584.763715135] [acados_nmpc_node]: [attach-window] t=106.55s pos_err=0.035m T=22.12N z=5.418 m_est=2.249
[INFO] [1789405584.791804029] [acados_nmpc_node]: [wcmd] raw=[-0.024,+0.004,+0.372] w=[-0.026,-0.080,+0.399] err=[+0.002,+0.083] scaled=[-0.019,+0.218] s=3.58
[INFO] [1789405584.819212230] [acados_nmpc_node]: [attach-window] t=106.60s pos_err=0.029m T=22.08N z=5.425 m_est=2.249
[INFO] [1789405584.863726084] [acados_nmpc_node]: [attach-window] t=106.65s pos_err=0.031m T=22.06N z=5.429 m_est=2.249
[INFO] [1789405584.919253766] [acados_nmpc_node]: [attach-window] t=106.70s pos_err=0.026m T=22.03N z=5.436 m_est=2.249
[INFO] [1789405584.963695089] [acados_nmpc_node]: [attach-window] t=106.75s pos_err=0.033m T=22.04N z=5.440 m_est=2.249
[INFO] [1789405584.991763963] [acados_nmpc_node]: [wcmd] raw=[-0.004,+0.020,+0.343] w=[-0.003,+0.082,+0.425] err=[-0.002,-0.062] scaled=[-0.008,-0.140] s=3.58
[INFO] [1789405585.019244580] [acados_nmpc_node]: [attach-window] t=106.80s pos_err=0.027m T=21.99N z=5.447 m_est=2.249
[INFO] [1789405585.063675364] [acados_nmpc_node]: [attach-window] t=106.85s pos_err=0.030m T=21.99N z=5.452 m_est=2.249
[INFO] [1789405585.119079453] [acados_nmpc_node]: [attach-window] t=106.90s pos_err=0.026m T=21.95N z=5.460 m_est=2.249
[INFO] [1789405585.163661107] [acados_nmpc_node]: [attach-window] t=106.95s pos_err=0.035m T=21.97N z=5.464 m_est=2.249
[INFO] [1789405585.191788904] [acados_nmpc_node]: [wcmd] raw=[-0.011,+0.037,+0.302] w=[-0.001,-0.048,+0.352] err=[-0.010,+0.085] scaled=[-0.039,+0.257] s=3.58
[INFO] [1789405585.219414916] [acados_nmpc_node]: [attach-window] t=107.00s pos_err=0.030m T=21.94N z=5.472 m_est=2.249
[INFO] [1789405585.263727939] [acados_nmpc_node]: [attach-window] t=107.05s pos_err=0.033m T=21.94N z=5.477 m_est=2.249
[INFO] [1789405585.319236164] [acados_nmpc_node]: [attach-window] t=107.10s pos_err=0.029m T=21.93N z=5.485 m_est=2.249
[INFO] [1789405585.363890957] [acados_nmpc_node]: [attach-window] t=107.15s pos_err=0.038m T=21.96N z=5.489 m_est=2.249
[INFO] [1789405585.391761631] [acados_nmpc_node]: [wcmd] raw=[-0.006,-0.009,+0.273] w=[-0.004,+0.030,+0.338] err=[-0.002,-0.039] scaled=[-0.011,-0.110] s=3.58
[INFO] [1789405585.419395273] [acados_nmpc_node]: [attach-window] t=107.20s pos_err=0.032m T=21.94N z=5.496 m_est=2.249
[INFO] [1789405585.463717668] [acados_nmpc_node]: [attach-window] t=107.25s pos_err=0.035m T=21.95N z=5.500 m_est=2.249
[INFO] [1789405585.519309707] [acados_nmpc_node]: [attach-window] t=107.30s pos_err=0.031m T=21.96N z=5.506 m_est=2.249
[INFO] [1789405585.563710813] [acados_nmpc_node]: [attach-window] t=107.35s pos_err=0.033m T=22.00N z=5.510 m_est=2.249
[INFO] [1789405585.591717957] [acados_nmpc_node]: [wcmd] raw=[+0.011,+0.000,+0.249] w=[+0.007,-0.022,+0.293] err=[+0.004,+0.022] scaled=[+0.020,+0.056] s=3.58
[INFO] [1789405585.619287697] [acados_nmpc_node]: [attach-window] t=107.40s pos_err=0.034m T=22.04N z=5.515 m_est=2.248
[INFO] [1789405585.663785017] [acados_nmpc_node]: [attach-window] t=107.45s pos_err=0.036m T=22.07N z=5.519 m_est=2.248
[INFO] [1789405585.719280492] [acados_nmpc_node]: [attach-window] t=107.50s pos_err=0.032m T=22.09N z=5.524 m_est=2.248
[INFO] [1789405585.763679127] [acados_nmpc_node]: [attach-window] t=107.55s pos_err=0.034m T=22.12N z=5.527 m_est=2.248
[INFO] [1789405585.791781520] [acados_nmpc_node]: [wcmd] raw=[+0.002,-0.016,+0.224] w=[+0.016,-0.008,+0.268] err=[-0.014,-0.008] scaled=[-0.033,-0.036] s=3.58
[INFO] [1789405585.819274434] [acados_nmpc_node]: [attach-window] t=107.60s pos_err=0.035m T=22.14N z=5.531 m_est=2.247
[INFO] [1789405585.863758257] [acados_nmpc_node]: [attach-window] t=107.65s pos_err=0.038m T=22.16N z=5.535 m_est=2.247
[INFO] [1789405585.919271157] [acados_nmpc_node]: [attach-window] t=107.70s pos_err=0.034m T=22.14N z=5.540 m_est=2.247
[INFO] [1789405585.963718571] [acados_nmpc_node]: [attach-window] t=107.75s pos_err=0.042m T=22.17N z=5.542 m_est=2.247
[INFO] [1789405585.991693941] [acados_nmpc_node]: [wcmd] raw=[-0.006,+0.052,+0.204] w=[-0.002,+0.043,+0.258] err=[-0.004,+0.009] scaled=[-0.017,+0.075] s=3.58
[INFO] [1789405586.019384523] [acados_nmpc_node]: [attach-window] t=107.80s pos_err=0.037m T=22.16N z=5.547 m_est=2.247
[INFO] [1789405586.063665755] [acados_nmpc_node]: [attach-window] t=107.85s pos_err=0.040m T=22.17N z=5.550 m_est=2.247
[INFO] [1789405586.119047735] [acados_nmpc_node]: [attach-window] t=107.90s pos_err=0.035m T=22.15N z=5.555 m_est=2.247
[INFO] [1789405586.163764176] [acados_nmpc_node]: [attach-window] t=107.95s pos_err=0.043m T=22.20N z=5.557 m_est=2.247
[INFO] [1789405586.191782596] [acados_nmpc_node]: [wcmd] raw=[-0.009,+0.007,+0.178] w=[-0.000,-0.039,+0.201] err=[-0.008,+0.046] scaled=[-0.030,+0.125] s=3.58
[INFO] [1789405586.219216345] [acados_nmpc_node]: [attach-window] t=108.00s pos_err=0.037m T=22.18N z=5.562 m_est=2.247
[INFO] [1789405586.263769383] [acados_nmpc_node]: [attach-window] t=108.05s pos_err=0.040m T=22.18N z=5.565 m_est=2.247
[INFO] [1789405586.319449949] [acados_nmpc_node]: [attach-window] t=108.10s pos_err=0.034m T=22.17N z=5.570 m_est=2.247
[INFO] [1789405586.363781096] [acados_nmpc_node]: [attach-window] t=108.15s pos_err=0.036m T=22.19N z=5.573 m_est=2.247
[INFO] [1789405586.391707119] [acados_nmpc_node]: [wcmd] raw=[-0.011,-0.003,+0.164] w=[-0.010,+0.049,+0.207] err=[-0.001,-0.052] scaled=[-0.014,-0.137] s=3.58
[INFO] [1789405586.419709798] [acados_nmpc_node]: [attach-window] t=108.20s pos_err=0.031m T=22.17N z=5.578 m_est=2.247
[INFO] [1789405586.463916888] [acados_nmpc_node]: [attach-window] t=108.25s pos_err=0.038m T=22.22N z=5.580 m_est=2.248
[INFO] [1789405586.519136052] [acados_nmpc_node]: [attach-window] t=108.30s pos_err=0.030m T=22.20N z=5.585 m_est=2.248
[INFO] [1789405586.563731185] [acados_nmpc_node]: [attach-window] t=108.35s pos_err=0.033m T=22.20N z=5.588 m_est=2.248
[INFO] [1789405586.591712519] [acados_nmpc_node]: [wcmd] raw=[-0.011,+0.024,+0.151] w=[-0.010,-0.030,+0.164] err=[-0.001,+0.054] scaled=[-0.015,+0.163] s=3.58
[INFO] [1789405586.619176845] [acados_nmpc_node]: [attach-window] t=108.40s pos_err=0.025m T=22.20N z=5.593 m_est=2.248
[INFO] [1789405586.663676024] [acados_nmpc_node]: [attach-window] t=108.45s pos_err=0.034m T=22.23N z=5.595 m_est=2.249
[INFO] [1789405586.719240793] [acados_nmpc_node]: [attach-window] t=108.50s pos_err=0.024m T=22.19N z=5.601 m_est=2.249
[INFO] [1789405586.763854895] [acados_nmpc_node]: [attach-window] t=108.55s pos_err=0.037m T=22.23N z=5.604 m_est=2.249
[INFO] [1789405586.791693677] [acados_nmpc_node]: [wcmd] raw=[-0.017,+0.028,+0.139] w=[-0.012,+0.010,+0.160] err=[-0.005,+0.018] scaled=[-0.028,+0.074] s=3.58
[INFO] [1789405586.818955959] [acados_nmpc_node]: [attach-window] t=108.60s pos_err=0.018m T=22.17N z=5.610 m_est=2.250
[INFO] [1789405586.863849759] [acados_nmpc_node]: [attach-window] t=108.65s pos_err=0.030m T=22.20N z=5.613 m_est=2.250
[INFO] [1789405586.918984757] [acados_nmpc_node]: [attach-window] t=108.70s pos_err=0.019m T=22.16N z=5.619 m_est=2.251
[INFO] [1789405586.963803068] [acados_nmpc_node]: [attach-window] t=108.75s pos_err=0.024m T=22.17N z=5.623 m_est=2.251
[INFO] [1789405586.991764845] [acados_nmpc_node]: [wcmd] raw=[-0.004,+0.008,+0.126] w=[-0.011,-0.008,+0.141] err=[+0.007,+0.016] scaled=[+0.015,+0.048] s=3.59
[INFO] [1789405587.019305049] [acados_nmpc_node]: [attach-window] t=108.80s pos_err=0.023m T=22.18N z=5.628 m_est=2.251
[INFO] [1789405587.063667474] [acados_nmpc_node]: [attach-window] t=108.85s pos_err=0.029m T=22.20N z=5.632 m_est=2.252
[INFO] [1789405587.119299013] [acados_nmpc_node]: [attach-window] t=108.90s pos_err=0.017m T=22.19N z=5.638 m_est=2.252
[INFO] [1789405587.163697360] [acados_nmpc_node]: [attach-window] t=108.95s pos_err=0.024m T=22.20N z=5.642 m_est=2.252
[INFO] [1789405587.191797132] [acados_nmpc_node]: [wcmd] raw=[+0.002,-0.005,+0.113] w=[+0.003,+0.017,+0.137] err=[-0.000,-0.022] scaled=[+0.002,-0.062] s=3.61
[INFO] [1789405587.219208233] [acados_nmpc_node]: [attach-window] t=109.00s pos_err=0.013m T=22.15N z=5.649 m_est=2.252
[INFO] [1789405587.263680506] [acados_nmpc_node]: [attach-window] t=109.05s pos_err=0.032m T=22.18N z=5.652 m_est=2.253
[INFO] [1789405587.319268704] [acados_nmpc_node]: [attach-window] t=109.10s pos_err=0.021m T=22.12N z=5.660 m_est=2.253
[INFO] [1789405587.363874535] [acados_nmpc_node]: [attach-window] t=109.15s pos_err=0.042m T=22.13N z=5.663 m_est=2.253
[INFO] [1789405587.391813381] [acados_nmpc_node]: [wcmd] raw=[+0.009,+0.073,+0.103] w=[+0.009,+0.015,+0.125] err=[+0.000,+0.057] scaled=[+0.009,+0.224] s=3.63
[INFO] [1789405587.419783271] [acados_nmpc_node]: [attach-window] t=109.20s pos_err=0.032m T=22.09N z=5.671 m_est=2.253
[INFO] [1789405587.463789027] [acados_nmpc_node]: [attach-window] t=109.25s pos_err=0.040m T=22.08N z=5.675 m_est=2.253
[INFO] [1789405587.519429461] [acados_nmpc_node]: [attach-window] t=109.30s pos_err=0.029m T=22.02N z=5.683 m_est=2.253
[INFO] [1789405587.563922515] [acados_nmpc_node]: [attach-window] t=109.35s pos_err=0.050m T=22.05N z=5.687 m_est=2.253
[INFO] [1789405587.591771486] [acados_nmpc_node]: [wcmd] raw=[+0.019,-0.009,+0.084] w=[+0.022,-0.026,+0.094] err=[-0.003,+0.017] scaled=[+0.011,+0.036] s=3.64
[INFO] [1789405587.619386525] [acados_nmpc_node]: [attach-window] t=109.40s pos_err=0.039m T=22.00N z=5.695 m_est=2.253
[INFO] [1789405587.663746500] [acados_nmpc_node]: [attach-window] t=109.45s pos_err=0.047m T=21.98N z=5.700 m_est=2.253
[INFO] [1789405587.719293268] [acados_nmpc_node]: [attach-window] t=109.50s pos_err=0.036m T=21.95N z=5.708 m_est=2.253
[INFO] [1789405587.763707183] [acados_nmpc_node]: [attach-window] t=109.55s pos_err=0.057m T=21.99N z=5.712 m_est=2.253
[INFO] [1789405587.791679941] [acados_nmpc_node]: [wcmd] raw=[+0.015,+0.043,+0.081] w=[+0.027,+0.050,+0.110] err=[-0.012,-0.007] scaled=[-0.015,+0.024] s=3.65
[INFO] [1789405587.819018112] [acados_nmpc_node]: [attach-window] t=109.60s pos_err=0.045m T=21.96N z=5.719 m_est=2.253
[INFO] [1789405587.863853897] [acados_nmpc_node]: [attach-window] t=109.65s pos_err=0.054m T=21.98N z=5.724 m_est=2.252
[INFO] [1789405587.919487602] [acados_nmpc_node]: [attach-window] t=109.70s pos_err=0.042m T=21.95N z=5.732 m_est=2.252
[INFO] [1789405587.963713941] [acados_nmpc_node]: [attach-window] t=109.75s pos_err=0.062m T=22.00N z=5.736 m_est=2.252
[INFO] [1789405587.991711829] [acados_nmpc_node]: [wcmd] raw=[-0.007,+0.003,+0.067] w=[+0.002,-0.085,+0.054] err=[-0.008,+0.088] scaled=[-0.029,+0.236] s=3.65
[INFO] [1789405588.019321092] [acados_nmpc_node]: [attach-window] t=109.80s pos_err=0.051m T=21.99N z=5.743 m_est=2.252
[INFO] [1789405588.064033396] [acados_nmpc_node]: [attach-window] t=109.85s pos_err=0.059m T=21.99N z=5.748 m_est=2.251
[INFO] [1789405588.119270320] [acados_nmpc_node]: [attach-window] t=109.90s pos_err=0.046m T=21.98N z=5.755 m_est=2.251
[INFO] [1789405588.163899473] [acados_nmpc_node]: [attach-window] t=109.95s pos_err=0.067m T=22.03N z=5.758 m_est=2.251
[INFO] [1789405588.191734633] [acados_nmpc_node]: [wcmd] raw=[-0.007,+0.019,+0.066] w=[-0.009,+0.068,+0.096] err=[+0.002,-0.049] scaled=[-0.001,-0.112] s=3.66
[INFO] [1789405588.216914336] [acados_nmpc_node]: [attach-window] t=110.00s pos_err=0.050m T=21.98N z=5.766 m_est=2.250
[INFO] [1789405588.263389438] [acados_nmpc_node]: [attach-window] t=110.05s pos_err=0.061m T=22.02N z=5.770 m_est=2.250
[INFO] [1789405588.319306320] [acados_nmpc_node]: [attach-window] t=110.10s pos_err=0.047m T=22.00N z=5.777 m_est=2.250
[INFO] [1789405588.363705700] [acados_nmpc_node]: [attach-window] t=110.15s pos_err=0.068m T=22.04N z=5.780 m_est=2.249
[INFO] [1789405588.391692551] [acados_nmpc_node]: [wcmd] raw=[-0.009,+0.033,+0.057] w=[-0.009,-0.073,+0.045] err=[-0.000,+0.106] scaled=[-0.010,+0.315] s=3.66
[INFO] [1789405588.419129053] [acados_nmpc_node]: [attach-window] t=110.20s pos_err=0.053m T=22.04N z=5.787 m_est=2.249
[INFO] [1789405588.463781510] [acados_nmpc_node]: [attach-window] t=110.25s pos_err=0.061m T=22.05N z=5.791 m_est=2.249
[INFO] [1789405588.519354613] [acados_nmpc_node]: [attach-window] t=110.30s pos_err=0.046m T=22.04N z=5.797 m_est=2.249
[INFO] [1789405588.563682979] [acados_nmpc_node]: [attach-window] t=110.35s pos_err=0.067m T=22.10N z=5.800 m_est=2.248
[INFO] [1789405588.591684633] [acados_nmpc_node]: [wcmd] raw=[-0.004,-0.013,+0.050] w=[-0.007,+0.022,+0.069] err=[+0.004,-0.035] scaled=[+0.006,-0.108] s=3.66
[INFO] [1789405588.619293379] [acados_nmpc_node]: [attach-window] t=110.40s pos_err=0.051m T=22.07N z=5.806 m_est=2.248
[INFO] [1789405588.663860296] [acados_nmpc_node]: [attach-window] t=110.45s pos_err=0.059m T=22.08N z=5.810 m_est=2.248
[INFO] [1789405588.716999047] [acados_nmpc_node]: [attach-window] t=110.50s pos_err=0.040m T=22.06N z=5.816 m_est=2.248
[INFO] [1789405588.763671060] [acados_nmpc_node]: [attach-window] t=110.55s pos_err=0.065m T=22.11N z=5.819 m_est=2.247
[INFO] [1789405588.791712563] [acados_nmpc_node]: [wcmd] raw=[+0.010,+0.049,+0.045] w=[+0.004,-0.012,+0.055] err=[+0.005,+0.061] scaled=[+0.024,+0.210] s=3.66
[INFO] [1789405588.819303196] [acados_nmpc_node]: [attach-window] t=110.60s pos_err=0.050m T=22.10N z=5.825 m_est=2.247
[INFO] [1789405588.863867391] [acados_nmpc_node]: [attach-window] t=110.65s pos_err=0.058m T=22.12N z=5.829 m_est=2.247
[INFO] [1789405588.919140430] [acados_nmpc_node]: [attach-window] t=110.70s pos_err=0.042m T=22.09N z=5.835 m_est=2.247
[INFO] [1789405588.963708130] [acados_nmpc_node]: [attach-window] t=110.75s pos_err=0.065m T=22.15N z=5.838 m_est=2.247
[INFO] [1789405588.991720971] [acados_nmpc_node]: [wcmd] raw=[+0.010,-0.010,+0.031] w=[+0.019,-0.033,+0.039] err=[-0.010,+0.023] scaled=[-0.016,+0.052] s=3.66
[INFO] [1789405589.019260358] [acados_nmpc_node]: [attach-window] t=110.80s pos_err=0.049m T=22.12N z=5.844 m_est=2.247
[INFO] [1789405589.063715901] [acados_nmpc_node]: [attach-window] t=110.85s pos_err=0.057m T=22.10N z=5.848 m_est=2.246
[INFO] [1789405589.064205780] [acados_nmpc_node]: t=110.8s | pos_err=0.057m | T=22.10N | tau=[r-0.183 p0.135 y0.004]Nm | res_stat=1.768e-07(peak 9.997e-07) sqp_iter=3 | solve=1.6ms
[INFO] [1789405589.064411006] [acados_nmpc_node]: [flight-diag] t=110.8s | om_scale=3.662(lo 3.580 hi 3.662) | tilt_max=3.28deg | w_max=[r0.027 p0.100 y0.495]rad/s | u_frac=[T0.709 r0.366 p0.340 y0.169] | u_sat=[T0.0 r0.0 p0.0 y0.0]% | mot_peak=0.869 mot_sat=0.0% | health=1 age=0.000s conf=0.000 | n=100
[INFO] [1789405589.119348594] [acados_nmpc_node]: [attach-window] t=110.90s pos_err=0.042m T=22.07N z=5.854 m_est=2.246
[INFO] [1789405589.163697093] [acados_nmpc_node]: [attach-window] t=110.95s pos_err=0.066m T=22.11N z=5.857 m_est=2.246
[INFO] [1789405589.191744383] [acados_nmpc_node]: [wcmd] raw=[-0.009,+0.049,+0.029] w=[+0.000,+0.054,+0.058] err=[-0.009,-0.005] scaled=[-0.031,+0.036] s=3.66
[INFO] [1789405589.219229621] [acados_nmpc_node]: [attach-window] t=111.00s pos_err=0.050m T=22.08N z=5.864 m_est=2.246
[INFO] [1789405589.263695724] [acados_nmpc_node]: [attach-window] t=111.05s pos_err=0.059m T=22.09N z=5.868 m_est=2.246
[INFO] [1789405589.319506714] [acados_nmpc_node]: [attach-window] t=111.10s pos_err=0.044m T=22.06N z=5.875 m_est=2.246
[INFO] [1789405589.363951823] [acados_nmpc_node]: [attach-window] t=111.15s pos_err=0.068m T=22.12N z=5.879 m_est=2.246
[INFO] [1789405589.391792938] [acados_nmpc_node]: [wcmd] raw=[-0.006,+0.015,+0.015] w=[-0.016,-0.066,+0.008] err=[+0.010,+0.082] scaled=[+0.021,+0.233] s=3.66
[INFO] [1789405589.419568390] [acados_nmpc_node]: [attach-window] t=111.20s pos_err=0.053m T=22.10N z=5.885 m_est=2.246
[INFO] [1789405589.463832698] [acados_nmpc_node]: [attach-window] t=111.25s pos_err=0.063m T=22.09N z=5.889 m_est=2.246
[INFO] [1789405589.519720912] [acados_nmpc_node]: [attach-window] t=111.30s pos_err=0.048m T=22.07N z=5.896 m_est=2.246
[INFO] [1789405589.563818625] [acados_nmpc_node]: [attach-window] t=111.35s pos_err=0.073m T=22.10N z=5.900 m_est=2.247
[INFO] [1789405589.591757779] [acados_nmpc_node]: [wcmd] raw=[+0.006,+0.022,+0.014] w=[+0.007,+0.070,+0.046] err=[-0.000,-0.048] scaled=[+0.005,-0.106] s=3.66
[INFO] [1789405589.619268518] [acados_nmpc_node]: [attach-window] t=111.40s pos_err=0.057m T=22.05N z=5.907 m_est=2.247
[INFO] [1789405589.663764703] [acados_nmpc_node]: [attach-window] t=111.45s pos_err=0.067m T=22.07N z=5.912 m_est=2.247
[INFO] [1789405589.719099178] [acados_nmpc_node]: [attach-window] t=111.50s pos_err=0.051m T=22.05N z=5.919 m_est=2.247
[INFO] [1789405589.763808833] [acados_nmpc_node]: [attach-window] t=111.55s pos_err=0.076m T=22.09N z=5.922 m_est=2.247
[INFO] [1789405589.791684833] [acados_nmpc_node]: [wcmd] raw=[+0.010,+0.032,+0.007] w=[+0.008,-0.060,-0.003] err=[+0.002,+0.092] scaled=[+0.014,+0.275] s=3.66
[INFO] [1789405589.819456035] [acados_nmpc_node]: [attach-window] t=111.60s pos_err=0.061m T=22.09N z=5.929 m_est=2.247
[INFO] [1789405589.863682831] [acados_nmpc_node]: [attach-window] t=111.65s pos_err=0.070m T=22.10N z=5.933 m_est=2.247
[INFO] [1789405589.920741797] [acados_nmpc_node]: [attach-window] t=111.70s pos_err=0.057m T=22.09N z=5.939 m_est=2.247
[INFO] [1789405589.963984256] [acados_nmpc_node]: [attach-window] t=111.75s pos_err=0.080m T=22.13N z=5.942 m_est=2.247
[INFO] [1789405589.991811693] [acados_nmpc_node]: [wcmd] raw=[+0.006,-0.005,+0.003] w=[+0.012,+0.022,+0.018] err=[-0.006,-0.027] scaled=[-0.011,-0.078] s=3.66
[INFO] [1789405590.019556349] [acados_nmpc_node]: [attach-window] t=111.80s pos_err=0.064m T=22.09N z=5.949 m_est=2.247
[INFO] [1789405590.063964410] [acados_nmpc_node]: [attach-window] t=111.85s pos_err=0.074m T=22.10N z=5.953 m_est=2.247
[INFO] [1789405590.119900840] [acados_nmpc_node]: [attach-window] t=111.90s pos_err=0.059m T=22.08N z=5.960 m_est=2.247
[INFO] [1789405590.164141844] [acados_nmpc_node]: [attach-window] t=111.95s pos_err=0.084m T=22.11N z=5.964 m_est=2.247
[INFO] [1789405590.191884745] [acados_nmpc_node]: [wcmd] raw=[+0.003,+0.040,-0.000] w=[+0.000,-0.016,+0.001] err=[+0.003,+0.055] scaled=[+0.011,+0.188] s=3.66
[INFO] [1789405590.219745549] [acados_nmpc_node]: [attach-window] t=112.00s pos_err=0.068m T=22.09N z=5.971 m_est=2.247
[INFO] [1789405590.263884654] [acados_nmpc_node]: [attach-window] t=112.05s pos_err=0.077m T=22.09N z=5.975 m_est=2.247
[INFO] [1789405590.319940077] [acados_nmpc_node]: [attach-window] t=112.10s pos_err=0.061m T=22.05N z=5.983 m_est=2.247
[INFO] [1789405590.363990261] [acados_nmpc_node]: [attach-window] t=112.15s pos_err=0.085m T=22.09N z=5.987 m_est=2.247
[INFO] [1789405590.391833930] [acados_nmpc_node]: [wcmd] raw=[+0.009,-0.014,-0.008] w=[+0.008,-0.034,-0.010] err=[+0.002,+0.020] scaled=[+0.014,+0.038] s=3.66
[INFO] [1789405590.419490679] [acados_nmpc_node]: [attach-window] t=112.20s pos_err=0.069m T=22.04N z=5.995 m_est=2.247
[INFO] [1789405590.463763637] [acados_nmpc_node]: [attach-window] t=112.25s pos_err=0.078m T=22.03N z=5.999 m_est=2.248
[INFO] [1789405590.519264957] [acados_nmpc_node]: [attach-window] t=112.30s pos_err=0.062m T=22.00N z=6.008 m_est=2.248
[INFO] [1789405590.563764464] [acados_nmpc_node]: [attach-window] t=112.35s pos_err=0.086m T=22.03N z=6.012 m_est=2.248
[INFO] [1789405590.591733693] [acados_nmpc_node]: [wcmd] raw=[+0.000,+0.032,-0.008] w=[+0.008,+0.031,+0.011] err=[-0.007,+0.001] scaled=[-0.020,+0.034] s=3.66
[INFO] [1789405590.619226099] [acados_nmpc_node]: [attach-window] t=112.40s pos_err=0.070m T=22.01N z=6.019 m_est=2.248
[INFO] [1789405590.663925357] [acados_nmpc_node]: [attach-window] t=112.45s pos_err=0.079m T=22.02N z=6.024 m_est=2.248
[INFO] [1789405590.719337934] [acados_nmpc_node]: [attach-window] t=112.50s pos_err=0.062m T=21.99N z=6.032 m_est=2.248
[INFO] [1789405590.763746974] [acados_nmpc_node]: [attach-window] t=112.55s pos_err=0.086m T=22.04N z=6.036 m_est=2.248
[INFO] [1789405590.791722906] [acados_nmpc_node]: [wcmd] raw=[-0.000,-0.002,-0.019] w=[-0.008,-0.073,-0.029] err=[+0.008,+0.072] scaled=[+0.020,+0.189] s=3.66
[INFO] [1789405590.819206579] [acados_nmpc_node]: [attach-window] t=112.60s pos_err=0.069m T=22.01N z=6.044 m_est=2.248
[INFO] [1789405590.863744352] [acados_nmpc_node]: [attach-window] t=112.65s pos_err=0.078m T=22.00N z=6.049 m_est=2.248
[INFO] [1789405590.919029636] [acados_nmpc_node]: [attach-window] t=112.70s pos_err=0.061m T=21.99N z=6.057 m_est=2.248
[INFO] [1789405590.963697182] [acados_nmpc_node]: [attach-window] t=112.75s pos_err=0.084m T=22.02N z=6.061 m_est=2.248
[INFO] [1789405590.991790996] [acados_nmpc_node]: [wcmd] raw=[+0.014,+0.009,-0.022] w=[+0.008,+0.042,+0.005] err=[+0.006,-0.033] scaled=[+0.030,-0.078] s=3.66
[INFO] [1789405591.019002315] [acados_nmpc_node]: [attach-window] t=112.80s pos_err=0.066m T=21.97N z=6.069 m_est=2.248
[INFO] [1789405591.063319059] [acados_nmpc_node]: [attach-window] t=112.85s pos_err=0.075m T=21.99N z=6.074 m_est=2.248
[INFO] [1789405591.119193204] [acados_nmpc_node]: [attach-window] t=112.90s pos_err=0.057m T=21.97N z=6.082 m_est=2.248
[INFO] [1789405591.163666654] [acados_nmpc_node]: [attach-window] t=112.95s pos_err=0.080m T=22.00N z=6.086 m_est=2.248
[INFO] [1789405591.191718289] [acados_nmpc_node]: [wcmd] raw=[+0.020,+0.021,-0.032] w=[+0.021,-0.054,-0.032] err=[-0.001,+0.075] scaled=[+0.018,+0.221] s=3.66
[INFO] [1789405591.219307713] [acados_nmpc_node]: [attach-window] t=113.00s pos_err=0.063m T=21.99N z=6.095 m_est=2.247
[INFO] [1789405591.263687132] [acados_nmpc_node]: [attach-window] t=113.05s pos_err=0.071m T=21.99N z=6.100 m_est=2.247
[INFO] [1789405591.317098709] [acados_nmpc_node]: [attach-window] t=113.10s pos_err=0.051m T=21.95N z=6.108 m_est=2.247
[INFO] [1789405591.363751390] [acados_nmpc_node]: [attach-window] t=113.15s pos_err=0.076m T=21.99N z=6.113 m_est=2.247
[INFO] [1789405591.391757593] [acados_nmpc_node]: [wcmd] raw=[+0.025,-0.004,-0.041] w=[+0.026,-0.002,-0.024] err=[-0.001,-0.003] scaled=[+0.024,-0.012] s=3.66
[INFO] [1789405591.419629309] [acados_nmpc_node]: [attach-window] t=113.20s pos_err=0.059m T=21.95N z=6.121 m_est=2.247
[INFO] [1789405591.463869330] [acados_nmpc_node]: [attach-window] t=113.25s pos_err=0.067m T=21.95N z=6.126 m_est=2.247
[INFO] [1789405591.519517857] [acados_nmpc_node]: [attach-window] t=113.30s pos_err=0.050m T=21.96N z=6.133 m_est=2.247
[INFO] [1789405591.563799823] [acados_nmpc_node]: [attach-window] t=113.35s pos_err=0.073m T=22.00N z=6.137 m_est=2.247
[INFO] [1789405591.591752912] [acados_nmpc_node]: [wcmd] raw=[+0.015,+0.033,-0.047] w=[+0.025,+0.011,-0.028] err=[-0.010,+0.022] scaled=[-0.011,+0.092] s=3.66
[INFO] [1789405591.619383061] [acados_nmpc_node]: [attach-window] t=113.40s pos_err=0.056m T=22.02N z=6.143 m_est=2.247
[INFO] [1789405591.663697490] [acados_nmpc_node]: [attach-window] t=113.45s pos_err=0.063m T=22.05N z=6.147 m_est=2.247
[INFO] [1789405591.719410643] [acados_nmpc_node]: [attach-window] t=113.50s pos_err=0.047m T=22.06N z=6.153 m_est=2.247
[INFO] [1789405591.763765578] [acados_nmpc_node]: [attach-window] t=113.55s pos_err=0.070m T=22.12N z=6.156 m_est=2.246
[INFO] [1789405591.791705572] [acados_nmpc_node]: [wcmd] raw=[+0.006,+0.001,-0.057] w=[+0.005,-0.046,-0.058] err=[+0.002,+0.046] scaled=[+0.010,+0.124] s=3.66
[INFO] [1789405591.819198134] [acados_nmpc_node]: [attach-window] t=113.60s pos_err=0.039m T=22.10N z=6.163 m_est=2.246
[INFO] [1789405591.863889777] [acados_nmpc_node]: [attach-window] t=113.65s pos_err=0.063m T=22.12N z=6.166 m_est=2.246
[INFO] [1789405591.919377325] [acados_nmpc_node]: [attach-window] t=113.70s pos_err=0.047m T=22.12N z=6.172 m_est=2.246
[INFO] [1789405591.963900017] [acados_nmpc_node]: [attach-window] t=113.75s pos_err=0.071m T=22.15N z=6.175 m_est=2.246
[INFO] [1789405591.991671814] [acados_nmpc_node]: [wcmd] raw=[+0.008,+0.048,-0.059] w=[+0.008,+0.037,-0.037] err=[+0.000,+0.011] scaled=[+0.009,+0.077] s=3.66
[INFO] [1789405592.019091812] [acados_nmpc_node]: [attach-window] t=113.80s pos_err=0.055m T=22.13N z=6.181 m_est=2.246
[INFO] [1789405592.063785662] [acados_nmpc_node]: [attach-window] t=113.85s pos_err=0.064m T=22.14N z=6.184 m_est=2.246
[INFO] [1789405592.118940127] [acados_nmpc_node]: [attach-window] t=113.90s pos_err=0.048m T=22.11N z=6.191 m_est=2.246
[INFO] [1789405592.163906046] [acados_nmpc_node]: [attach-window] t=113.95s pos_err=0.072m T=22.15N z=6.194 m_est=2.246
[INFO] [1789405592.191728674] [acados_nmpc_node]: [wcmd] raw=[-0.006,+0.000,-0.072] w=[-0.003,-0.050,-0.077] err=[-0.003,+0.050] scaled=[-0.013,+0.135] s=3.66
[INFO] [1789405592.219438962] [acados_nmpc_node]: [attach-window] t=114.00s pos_err=0.057m T=22.14N z=6.200 m_est=2.246
[INFO] [1789405592.263826864] [acados_nmpc_node]: [attach-window] t=114.05s pos_err=0.066m T=22.12N z=6.204 m_est=2.247
[INFO] [1789405592.319344898] [acados_nmpc_node]: [attach-window] t=114.10s pos_err=0.051m T=22.10N z=6.211 m_est=2.247
[INFO] [1789405592.363682182] [acados_nmpc_node]: [attach-window] t=114.15s pos_err=0.060m T=22.10N z=6.215 m_est=2.247
[INFO] [1789405592.391755453] [acados_nmpc_node]: [wcmd] raw=[-0.000,-0.020,-0.074] w=[-0.008,+0.050,-0.050] err=[+0.007,-0.070] scaled=[+0.019,-0.208] s=3.66
[INFO] [1789405592.419876270] [acados_nmpc_node]: [attach-window] t=114.20s pos_err=0.060m T=22.08N z=6.221 m_est=2.247
[INFO] [1789405592.463981890] [acados_nmpc_node]: [attach-window] t=114.25s pos_err=0.068m T=22.09N z=6.226 m_est=2.247
[INFO] [1789405592.519319504] [acados_nmpc_node]: [attach-window] t=114.30s pos_err=0.053m T=22.07N z=6.233 m_est=2.248
[INFO] [1789405592.563977128] [acados_nmpc_node]: [attach-window] t=114.35s pos_err=0.075m T=22.08N z=6.237 m_est=2.248
[INFO] [1789405592.591700109] [acados_nmpc_node]: [wcmd] raw=[+0.015,+0.037,-0.083] w=[+0.008,-0.033,-0.080] err=[+0.006,+0.070] scaled=[+0.032,+0.222] s=3.66
[INFO] [1789405592.619405635] [acados_nmpc_node]: [attach-window] t=114.40s pos_err=0.047m T=22.04N z=6.245 m_est=2.248
[INFO] [1789405592.663905278] [acados_nmpc_node]: [attach-window] t=114.45s pos_err=0.068m T=22.06N z=6.249 m_est=2.248
[INFO] [1789405592.719302135] [acados_nmpc_node]: [attach-window] t=114.50s pos_err=0.053m T=22.01N z=6.256 m_est=2.248
[INFO] [1789405592.763823745] [acados_nmpc_node]: [attach-window] t=114.55s pos_err=0.061m T=22.02N z=6.261 m_est=2.249
[INFO] [1789405592.791698336] [acados_nmpc_node]: [wcmd] raw=[+0.014,-0.035,-0.094] w=[+0.014,-0.034,-0.089] err=[+0.000,-0.000] scaled=[+0.015,-0.036] s=3.66
[INFO] [1789405592.819122297] [acados_nmpc_node]: [attach-window] t=114.60s pos_err=0.060m T=22.03N z=6.267 m_est=2.249
[INFO] [1789405592.863921224] [acados_nmpc_node]: [attach-window] t=114.65s pos_err=0.069m T=22.04N z=6.272 m_est=2.249
[INFO] [1789405592.919131732] [acados_nmpc_node]: [attach-window] t=114.70s pos_err=0.055m T=22.02N z=6.279 m_est=2.249
[INFO] [1789405592.963955655] [acados_nmpc_node]: [attach-window] t=114.75s pos_err=0.076m T=22.05N z=6.283 m_est=2.249
[INFO] [1789405592.991730060] [acados_nmpc_node]: [wcmd] raw=[+0.021,+0.038,-0.103] w=[+0.021,+0.050,-0.070] err=[-0.000,-0.012] scaled=[+0.020,+0.007] s=3.66
[INFO] [1789405593.019282332] [acados_nmpc_node]: [attach-window] t=114.80s pos_err=0.062m T=22.03N z=6.290 m_est=2.249
[INFO] [1789405593.063966407] [acados_nmpc_node]: [attach-window] t=114.85s pos_err=0.070m T=22.04N z=6.294 m_est=2.249
[INFO] [1789405593.119482705] [acados_nmpc_node]: [attach-window] t=114.90s pos_err=0.057m T=22.02N z=6.301 m_est=2.249
[INFO] [1789405593.163983642] [acados_nmpc_node]: [attach-window] t=114.95s pos_err=0.078m T=22.05N z=6.305 m_est=2.249
[INFO] [1789405593.191729150] [acados_nmpc_node]: [wcmd] raw=[+0.003,-0.004,-0.123] w=[+0.014,-0.070,-0.123] err=[-0.011,+0.066] scaled=[-0.025,+0.170] s=3.66
[INFO] [1789405593.219538371] [acados_nmpc_node]: [attach-window] t=115.00s pos_err=0.052m T=22.01N z=6.313 m_est=2.249
[INFO] [1789405593.264118657] [acados_nmpc_node]: [attach-window] t=115.05s pos_err=0.072m T=22.02N z=6.317 m_est=2.249
[INFO] [1789405593.319654109] [acados_nmpc_node]: [attach-window] t=115.10s pos_err=0.060m T=22.00N z=6.324 m_est=2.249
[INFO] [1789405593.364078797] [acados_nmpc_node]: [attach-window] t=115.15s pos_err=0.080m T=22.02N z=6.327 m_est=2.249
[INFO] [1789405593.391764193] [acados_nmpc_node]: [wcmd] raw=[-0.015,+0.029,-0.132] w=[-0.019,+0.052,-0.097] err=[+0.004,-0.023] scaled=[-0.004,-0.032] s=3.66
[INFO] [1789405593.419819004] [acados_nmpc_node]: [attach-window] t=115.20s pos_err=0.068m T=22.00N z=6.334 m_est=2.249
[INFO] [1789405593.464089105] [acados_nmpc_node]: [attach-window] t=115.25s pos_err=0.076m T=22.03N z=6.338 m_est=2.249
[INFO] [1789405593.519864323] [acados_nmpc_node]: [attach-window] t=115.30s pos_err=0.064m T=22.05N z=6.344 m_est=2.249
[INFO] [1789405593.564020453] [acados_nmpc_node]: [attach-window] t=115.35s pos_err=0.084m T=22.09N z=6.347 m_est=2.249
[INFO] [1789405593.591745754] [acados_nmpc_node]: [wcmd] raw=[-0.002,+0.013,-0.150] w=[-0.017,-0.040,-0.141] err=[+0.015,+0.053] scaled=[+0.037,+0.153] s=3.66
[INFO] [1789405593.619616132] [acados_nmpc_node]: [attach-window] t=115.40s pos_err=0.072m T=22.11N z=6.352 m_est=2.249
[INFO] [1789405593.664139681] [acados_nmpc_node]: [attach-window] t=115.45s pos_err=0.080m T=22.13N z=6.356 m_est=2.249
[INFO] [1789405593.719421669] [acados_nmpc_node]: [attach-window] t=115.50s pos_err=0.068m T=22.14N z=6.360 m_est=2.249
[INFO] [1789405593.763952647] [acados_nmpc_node]: [attach-window] t=115.55s pos_err=0.087m T=22.18N z=6.363 m_est=2.249
[INFO] [1789405593.791711850] [acados_nmpc_node]: [wcmd] raw=[-0.002,-0.008,-0.166] w=[-0.006,+0.024,-0.133] err=[+0.005,-0.031] scaled=[+0.010,-0.091] s=3.66
[INFO] [1789405593.819483327] [acados_nmpc_node]: [attach-window] t=115.60s pos_err=0.074m T=22.17N z=6.367 m_est=2.248
[INFO] [1789405593.863957858] [acados_nmpc_node]: [attach-window] t=115.65s pos_err=0.081m T=22.19N z=6.370 m_est=2.248
[INFO] [1789405593.919679187] [acados_nmpc_node]: [attach-window] t=115.70s pos_err=0.068m T=22.20N z=6.374 m_est=2.248
[INFO] [1789405593.963990698] [acados_nmpc_node]: [attach-window] t=115.75s pos_err=0.085m T=22.23N z=6.376 m_est=2.248
[INFO] [1789405593.991710613] [acados_nmpc_node]: [wcmd] raw=[+0.020,+0.007,-0.184] w=[+0.006,-0.035,-0.166] err=[+0.015,+0.042] scaled=[+0.059,+0.119] s=3.66
[INFO] [1789405594.019578075] [acados_nmpc_node]: [attach-window] t=115.80s pos_err=0.072m T=22.22N z=6.381 m_est=2.248
[INFO] [1789405594.063964034] [acados_nmpc_node]: [attach-window] t=115.85s pos_err=0.077m T=22.22N z=6.384 m_est=2.248
[INFO] [1789405594.064453246] [acados_nmpc_node]: t=115.8s | pos_err=0.077m | T=22.22N | tau=[r-0.169 p0.043 y-0.012]Nm | res_stat=5.733e-07(peak 9.997e-07) sqp_iter=4 | solve=1.8ms
[INFO] [1789405594.064657375] [acados_nmpc_node]: [flight-diag] t=115.8s | om_scale=3.663(lo 3.662 hi 3.663) | tilt_max=2.24deg | w_max=[r0.027 p0.092 y0.169]rad/s | u_frac=[T0.709 r0.393 p0.281 y0.079] | u_sat=[T0.0 r0.0 p0.0 y0.0]% | mot_peak=0.864 mot_sat=0.0% | health=1 age=0.000s conf=0.000 | n=100
[INFO] [1789405594.119398269] [acados_nmpc_node]: [attach-window] t=115.90s pos_err=0.063m T=22.18N z=6.389 m_est=2.248
[INFO] [1789405594.163940166] [acados_nmpc_node]: [attach-window] t=115.95s pos_err=0.078m T=22.20N z=6.392 m_est=2.248
[INFO] [1789405594.191706529] [acados_nmpc_node]: [wcmd] raw=[+0.028,-0.030,-0.205] w=[+0.030,-0.031,-0.179] err=[-0.003,+0.001] scaled=[+0.021,-0.026] s=3.66
[INFO] [1789405594.219616750] [acados_nmpc_node]: [attach-window] t=116.00s pos_err=0.064m T=22.15N z=6.398 m_est=2.248
[INFO] [1789405594.263714616] [acados_nmpc_node]: [attach-window] t=116.05s pos_err=0.068m T=22.14N z=6.402 m_est=2.248
[INFO] [1789405594.319649473] [acados_nmpc_node]: [attach-window] t=116.10s pos_err=0.055m T=22.11N z=6.409 m_est=2.249
[INFO] [1789405594.364077073] [acados_nmpc_node]: [attach-window] t=116.15s pos_err=0.069m T=22.13N z=6.412 m_est=2.249
[INFO] [1789405594.391728024] [acados_nmpc_node]: [wcmd] raw=[+0.017,+0.014,-0.224] w=[+0.025,+0.003,-0.185] err=[-0.008,+0.010] scaled=[-0.006,+0.041] s=3.66
[INFO] [1789405594.419570758] [acados_nmpc_node]: [attach-window] t=116.20s pos_err=0.056m T=22.11N z=6.418 m_est=2.249
[INFO] [1789405594.463968020] [acados_nmpc_node]: [attach-window] t=116.25s pos_err=0.060m T=22.11N z=6.422 m_est=2.249
[INFO] [1789405594.519176129] [acados_nmpc_node]: [attach-window] t=116.30s pos_err=0.048m T=22.08N z=6.429 m_est=2.250
[INFO] [1789405594.563950195] [acados_nmpc_node]: [attach-window] t=116.35s pos_err=0.062m T=22.10N z=6.432 m_est=2.250
[INFO] [1789405594.591765772] [acados_nmpc_node]: [wcmd] raw=[+0.002,-0.001,-0.252] w=[+0.001,-0.040,-0.224] err=[+0.001,+0.039] scaled=[+0.006,+0.102] s=3.66
[INFO] [1789405594.619106562] [acados_nmpc_node]: [attach-window] t=116.40s pos_err=0.042m T=22.06N z=6.440 m_est=2.250
[INFO] [1789405594.663932270] [acados_nmpc_node]: [attach-window] t=116.45s pos_err=0.056m T=22.07N z=6.443 m_est=2.251
[INFO] [1789405594.719502555] [acados_nmpc_node]: [attach-window] t=116.50s pos_err=0.046m T=22.06N z=6.450 m_est=2.251
[INFO] [1789405594.763966920] [acados_nmpc_node]: [attach-window] t=116.55s pos_err=0.060m T=22.08N z=6.453 m_est=2.251
[INFO] [1789405594.791680860] [acados_nmpc_node]: [wcmd] raw=[+0.005,+0.033,-0.278] w=[-0.005,+0.044,-0.221] err=[+0.010,-0.011] scaled=[+0.031,+0.004] s=3.66
[INFO] [1789405594.819454810] [acados_nmpc_node]: [attach-window] t=116.60s pos_err=0.049m T=22.07N z=6.460 m_est=2.251
[INFO] [1789405594.864047144] [acados_nmpc_node]: [attach-window] t=116.65s pos_err=0.054m T=22.07N z=6.464 m_est=2.252
[INFO] [1789405594.919450434] [acados_nmpc_node]: [attach-window] t=116.70s pos_err=0.044m T=22.06N z=6.470 m_est=2.252
[INFO] [1789405594.963931953] [acados_nmpc_node]: [attach-window] t=116.75s pos_err=0.048m T=22.07N z=6.474 m_est=2.252
[INFO] [1789405594.991717856] [acados_nmpc_node]: [wcmd] raw=[+0.004,-0.020,-0.312] w=[+0.004,-0.040,-0.279] err=[-0.000,+0.020] scaled=[+0.004,+0.033] s=3.66
[INFO] [1789405595.019511003] [acados_nmpc_node]: [attach-window] t=116.80s pos_err=0.047m T=22.08N z=6.480 m_est=2.252
[INFO] [1789405595.064015514] [acados_nmpc_node]: [attach-window] t=116.85s pos_err=0.051m T=22.08N z=6.484 m_est=2.252
[INFO] [1789405595.119470137] [acados_nmpc_node]: [attach-window] t=116.90s pos_err=0.042m T=22.07N z=6.490 m_est=2.252
[INFO] [1789405595.163904540] [acados_nmpc_node]: [attach-window] t=116.95s pos_err=0.053m T=22.09N z=6.493 m_est=2.252
[INFO] [1789405595.191708395] [acados_nmpc_node]: [wcmd] raw=[+0.004,+0.010,-0.337] w=[+0.003,+0.040,-0.281] err=[+0.001,-0.030] scaled=[+0.007,-0.068] s=3.66
[INFO] [1789405595.219504719] [acados_nmpc_node]: [attach-window] t=117.00s pos_err=0.044m T=22.06N z=6.500 m_est=2.252
[INFO] [1789405595.264020655] [acados_nmpc_node]: [attach-window] t=117.05s pos_err=0.047m T=22.06N z=6.504 m_est=2.252
[INFO] [1789405595.319566913] [acados_nmpc_node]: [attach-window] t=117.10s pos_err=0.039m T=22.04N z=6.510 m_est=2.252
[INFO] [1789405595.364060507] [acados_nmpc_node]: [attach-window] t=117.15s pos_err=0.041m T=22.05N z=6.514 m_est=2.252
[INFO] [1789405595.391764634] [acados_nmpc_node]: [wcmd] raw=[+0.008,-0.023,-0.364] w=[+0.000,-0.061,-0.341] err=[+0.008,+0.038] scaled=[+0.030,+0.078] s=3.66
[INFO] [1789405595.420008091] [acados_nmpc_node]: [attach-window] t=117.20s pos_err=0.034m T=22.04N z=6.521 m_est=2.252
[INFO] [1789405595.464190123] [acados_nmpc_node]: [attach-window] t=117.25s pos_err=0.041m T=22.06N z=6.524 m_est=2.252
[INFO] [1789405595.519816440] [acados_nmpc_node]: [attach-window] t=117.30s pos_err=0.034m T=22.06N z=6.530 m_est=2.252
[INFO] [1789405595.564065470] [acados_nmpc_node]: [attach-window] t=117.35s pos_err=0.035m T=22.06N z=6.533 m_est=2.252
[INFO] [1789405595.591763991] [acados_nmpc_node]: [wcmd] raw=[+0.019,-0.007,-0.387] w=[+0.017,+0.026,-0.337] err=[+0.002,-0.032] scaled=[+0.025,-0.092] s=3.66
[INFO] [1789405595.619472632] [acados_nmpc_node]: [attach-window] t=117.40s pos_err=0.029m T=22.05N z=6.539 m_est=2.252
[INFO] [1789405595.664048604] [acados_nmpc_node]: [attach-window] t=117.45s pos_err=0.034m T=22.08N z=6.542 m_est=2.252
[INFO] [1789405595.719380530] [acados_nmpc_node]: [attach-window] t=117.50s pos_err=0.028m T=22.08N z=6.547 m_est=2.252
[INFO] [1789405595.764154551] [acados_nmpc_node]: [attach-window] t=117.55s pos_err=0.034m T=22.09N z=6.550 m_est=2.252
[INFO] [1789405595.791717334] [acados_nmpc_node]: [wcmd] raw=[+0.017,+0.034,-0.415] w=[+0.018,-0.021,-0.381] err=[-0.001,+0.055] scaled=[+0.014,+0.180] s=3.66
[INFO] [1789405595.819328019] [acados_nmpc_node]: [attach-window] t=117.60s pos_err=0.025m T=22.08N z=6.556 m_est=2.251
[INFO] [1789405595.863895674] [acados_nmpc_node]: [attach-window] t=117.65s pos_err=0.029m T=22.10N z=6.558 m_est=2.251
[INFO] [1789405595.919488559] [acados_nmpc_node]: [attach-window] t=117.70s pos_err=0.024m T=22.08N z=6.563 m_est=2.251
[INFO] [1789405595.963756865] [acados_nmpc_node]: [attach-window] t=117.75s pos_err=0.025m T=22.09N z=6.567 m_est=2.251
[INFO] [1789405595.991773471] [acados_nmpc_node]: [wcmd] raw=[+0.004,-0.008,-0.444] w=[+0.002,+0.010,-0.403] err=[+0.002,-0.018] scaled=[+0.009,-0.056] s=3.66
[INFO] [1789405596.019524539] [acados_nmpc_node]: [attach-window] t=117.80s pos_err=0.025m T=22.10N z=6.571 m_est=2.251
[INFO] [1789405596.063704942] [acados_nmpc_node]: [attach-window] t=117.85s pos_err=0.027m T=22.11N z=6.574 m_est=2.252
[INFO] [1789405596.119202582] [acados_nmpc_node]: [attach-window] t=117.90s pos_err=0.023m T=22.08N z=6.579 m_est=2.252
[INFO] [1789405596.163909135] [acados_nmpc_node]: [attach-window] t=117.95s pos_err=0.031m T=22.10N z=6.582 m_est=2.252
[INFO] [1789405596.191707652] [acados_nmpc_node]: [wcmd] raw=[+0.005,+0.042,-0.459] w=[+0.003,+0.047,-0.420] err=[+0.001,-0.005] scaled=[+0.008,+0.029] s=3.66
[INFO] [1789405596.219429971] [acados_nmpc_node]: [attach-window] t=118.00s pos_err=0.026m T=22.09N z=6.587 m_est=2.252
[INFO] [1789405596.263853150] [acados_nmpc_node]: [attach-window] t=118.05s pos_err=0.030m T=22.10N z=6.590 m_est=2.252
[INFO] [1789405596.319387566] [acados_nmpc_node]: [attach-window] t=118.10s pos_err=0.025m T=22.08N z=6.595 m_est=2.252
[INFO] [1789405596.364018097] [acados_nmpc_node]: [attach-window] t=118.15s pos_err=0.034m T=22.11N z=6.597 m_est=2.252
[INFO] [1789405596.391745905] [acados_nmpc_node]: [wcmd] raw=[+0.004,-0.002,-0.472] w=[-0.009,-0.039,-0.473] err=[+0.013,+0.037] scaled=[+0.038,+0.097] s=3.66
[INFO] [1789405596.419563894] [acados_nmpc_node]: [attach-window] t=118.20s pos_err=0.028m T=22.10N z=6.602 m_est=2.252
[INFO] [1789405596.463841791] [acados_nmpc_node]: [attach-window] t=118.25s pos_err=0.031m T=22.08N z=6.605 m_est=2.253
[INFO] [1789405596.520552826] [acados_nmpc_node]: [attach-window] t=118.30s pos_err=0.027m T=22.06N z=6.611 m_est=2.253
[INFO] [1789405596.564076119] [acados_nmpc_node]: [attach-window] t=118.35s pos_err=0.034m T=22.07N z=6.614 m_est=2.253
[INFO] [1789405596.591827972] [acados_nmpc_node]: [wcmd] raw=[+0.016,+0.004,-0.461] w=[+0.007,+0.041,-0.457] err=[+0.009,-0.037] scaled=[+0.040,-0.094] s=3.66
[INFO] [1789405596.617614247] [acados_nmpc_node]: [attach-window] t=118.40s pos_err=0.027m T=22.02N z=6.620 m_est=2.253
[INFO] [1789405596.663977710] [acados_nmpc_node]: [attach-window] t=118.45s pos_err=0.031m T=22.02N z=6.623 m_est=2.253
[INFO] [1789405596.717476180] [acados_nmpc_node]: [attach-window] t=118.50s pos_err=0.024m T=21.99N z=6.629 m_est=2.253
[INFO] [1789405596.763983353] [acados_nmpc_node]: [attach-window] t=118.55s pos_err=0.032m T=22.01N z=6.632 m_est=2.253
[INFO] [1789405596.791811055] [acados_nmpc_node]: [wcmd] raw=[+0.019,+0.004,-0.455] w=[+0.014,-0.059,-0.491] err=[+0.005,+0.063] scaled=[+0.033,+0.170] s=3.66
[INFO] [1789405596.819753499] [acados_nmpc_node]: [attach-window] t=118.60s pos_err=0.025m T=22.00N z=6.638 m_est=2.253
[INFO] [1789405596.863914000] [acados_nmpc_node]: [attach-window] t=118.65s pos_err=0.027m T=22.01N z=6.641 m_est=2.253
[INFO] [1789405596.919755459] [acados_nmpc_node]: [attach-window] t=118.70s pos_err=0.021m T=22.00N z=6.646 m_est=2.253
[INFO] [1789405596.963827651] [acados_nmpc_node]: [attach-window] t=118.75s pos_err=0.027m T=22.02N z=6.649 m_est=2.253
[INFO] [1789405596.991753081] [acados_nmpc_node]: [wcmd] raw=[+0.018,-0.013,-0.434] w=[+0.014,+0.018,-0.460] err=[+0.005,-0.031] scaled=[+0.030,-0.096] s=3.66
[INFO] [1789405597.019414432] [acados_nmpc_node]: [attach-window] t=118.80s pos_err=0.021m T=21.99N z=6.654 m_est=2.253
[INFO] [1789405597.063853563] [acados_nmpc_node]: [attach-window] t=118.85s pos_err=0.023m T=22.00N z=6.658 m_est=2.253
[INFO] [1789405597.119431382] [acados_nmpc_node]: [attach-window] t=118.90s pos_err=0.019m T=21.99N z=6.663 m_est=2.253
[INFO] [1789405597.163844846] [acados_nmpc_node]: [attach-window] t=118.95s pos_err=0.025m T=22.01N z=6.665 m_est=2.253
[INFO] [1789405597.191737773] [acados_nmpc_node]: [wcmd] raw=[+0.009,+0.031,-0.404] w=[+0.012,-0.005,-0.454] err=[-0.003,+0.036] scaled=[+0.001,+0.125] s=3.66
[INFO] [1789405597.219264668] [acados_nmpc_node]: [attach-window] t=119.00s pos_err=0.017m T=22.01N z=6.670 m_est=2.253
[INFO] [1789405597.263759138] [acados_nmpc_node]: [attach-window] t=119.05s pos_err=0.022m T=22.04N z=6.672 m_est=2.253
[INFO] [1789405597.319352374] [acados_nmpc_node]: [attach-window] t=119.10s pos_err=0.018m T=22.03N z=6.676 m_est=2.253
[INFO] [1789405597.363744372] [acados_nmpc_node]: [attach-window] t=119.15s pos_err=0.025m T=22.06N z=6.678 m_est=2.252
[INFO] [1789405597.391680043] [acados_nmpc_node]: [wcmd] raw=[+0.000,+0.013,-0.382] w=[-0.011,-0.017,-0.439] err=[+0.011,+0.030] scaled=[+0.030,+0.093] s=3.66
[INFO] [1789405597.419412499] [acados_nmpc_node]: [attach-window] t=119.20s pos_err=0.020m T=22.07N z=6.682 m_est=2.252
[INFO] [1789405597.463953285] [acados_nmpc_node]: [attach-window] t=119.25s pos_err=0.023m T=22.08N z=6.684 m_est=2.252
[INFO] [1789405597.519492369] [acados_nmpc_node]: [attach-window] t=119.30s pos_err=0.018m T=22.08N z=6.688 m_est=2.252
[INFO] [1789405597.563830334] [acados_nmpc_node]: [attach-window] t=119.35s pos_err=0.027m T=22.11N z=6.689 m_est=2.252
[INFO] [1789405597.591733368] [acados_nmpc_node]: [wcmd] raw=[-0.003,+0.014,-0.352] w=[-0.009,+0.034,-0.397] err=[+0.006,-0.020] scaled=[+0.013,-0.039] s=3.66
[INFO] [1789405597.619498001] [acados_nmpc_node]: [attach-window] t=119.40s pos_err=0.021m T=22.11N z=6.692 m_est=2.252
[INFO] [1789405597.663886752] [acados_nmpc_node]: [attach-window] t=119.45s pos_err=0.024m T=22.12N z=6.694 m_est=2.252
[INFO] [1789405597.719199346] [acados_nmpc_node]: [attach-window] t=119.50s pos_err=0.018m T=22.13N z=6.697 m_est=2.252
[INFO] [1789405597.763773246] [acados_nmpc_node]: [attach-window] t=119.55s pos_err=0.027m T=22.16N z=6.698 m_est=2.252
[INFO] [1789405597.791784817] [acados_nmpc_node]: [wcmd] raw=[+0.009,+0.015,-0.323] w=[-0.004,-0.030,-0.388] err=[+0.014,+0.045] scaled=[+0.046,+0.135] s=3.66
[INFO] [1789405597.819315523] [acados_nmpc_node]: [attach-window] t=119.60s pos_err=0.020m T=22.16N z=6.701 m_est=2.251
[INFO] [1789405597.863732539] [acados_nmpc_node]: [attach-window] t=119.65s pos_err=0.023m T=22.16N z=6.703 m_est=2.251
[INFO] [1789405597.919410620] [acados_nmpc_node]: [attach-window] t=119.70s pos_err=0.016m T=22.15N z=6.705 m_est=2.251
[INFO] [1789405597.963708021] [acados_nmpc_node]: [attach-window] t=119.75s pos_err=0.026m T=22.16N z=6.707 m_est=2.251
[INFO] [1789405597.991791739] [acados_nmpc_node]: [wcmd] raw=[+0.018,-0.001,-0.295] w=[+0.014,+0.012,-0.344] err=[+0.004,-0.013] scaled=[+0.029,-0.036] s=3.66
[INFO] [1789405598.019304587] [acados_nmpc_node]: [attach-window] t=119.80s pos_err=0.018m T=22.14N z=6.710 m_est=2.251
[INFO] [1789405598.063715678] [acados_nmpc_node]: [attach-window] t=119.85s pos_err=0.022m T=22.13N z=6.712 m_est=2.252
[INFO] [1789405598.119368488] [acados_nmpc_node]: [attach-window] t=119.90s pos_err=0.015m T=22.11N z=6.715 m_est=2.252
[INFO] [1789405598.163750081] [acados_nmpc_node]: [attach-window] t=119.95s pos_err=0.019m T=22.12N z=6.717 m_est=2.252
[INFO] [1789405598.191692728] [acados_nmpc_node]: [wcmd] raw=[+0.003,-0.003,-0.266] w=[+0.013,-0.006,-0.318] err=[-0.010,+0.003] scaled=[-0.024,+0.005] s=3.66
[INFO] [1789405598.218965792] [acados_nmpc_node]: [attach-window] t=120.00s pos_err=0.018m T=22.12N z=6.720 m_est=2.252
[INFO] [1789405598.263645083] [acados_nmpc_node]: [attach-window] t=120.05s pos_err=0.023m T=22.13N z=6.722 m_est=2.252
[INFO] [1789405598.319234687] [acados_nmpc_node]: [attach-window] t=120.10s pos_err=0.016m T=22.13N z=6.725 m_est=2.252
[INFO] [1789405598.363703110] [acados_nmpc_node]: [attach-window] t=120.15s pos_err=0.029m T=22.15N z=6.727 m_est=2.252
[INFO] [1789405598.391691458] [acados_nmpc_node]: [wcmd] raw=[+0.003,+0.022,-0.249] w=[-0.006,+0.003,-0.288] err=[+0.009,+0.019] scaled=[+0.028,+0.072] s=3.66
[INFO] [1789405598.419141876] [acados_nmpc_node]: [attach-window] t=120.20s pos_err=0.022m T=22.13N z=6.730 m_est=2.253
[INFO] [1789405598.463713841] [acados_nmpc_node]: [attach-window] t=120.25s pos_err=0.028m T=22.13N z=6.731 m_est=2.253
[INFO] [1789405598.519124278] [acados_nmpc_node]: [attach-window] t=120.30s pos_err=0.020m T=22.12N z=6.734 m_est=2.253
[INFO] [1789405598.563919595] [acados_nmpc_node]: [attach-window] t=120.35s pos_err=0.034m T=22.14N z=6.735 m_est=2.253
[INFO] [1789405598.591738878] [acados_nmpc_node]: [wcmd] raw=[-0.001,+0.015,-0.231] w=[+0.001,+0.004,-0.263] err=[-0.001,+0.011] scaled=[-0.004,+0.044] s=3.66
[INFO] [1789405598.619496367] [acados_nmpc_node]: [attach-window] t=120.40s pos_err=0.026m T=22.13N z=6.738 m_est=2.253
[INFO] [1789405598.664049029] [acados_nmpc_node]: [attach-window] t=120.45s pos_err=0.032m T=22.13N z=6.739 m_est=2.254
[INFO] [1789405598.719402124] [acados_nmpc_node]: [attach-window] t=120.50s pos_err=0.024m T=22.13N z=6.742 m_est=2.254
[INFO] [1789405598.763989921] [acados_nmpc_node]: [attach-window] t=120.55s pos_err=0.038m T=22.15N z=6.743 m_est=2.254
[INFO] [1789405598.791776497] [acados_nmpc_node]: [wcmd] raw=[-0.006,+0.014,-0.217] w=[-0.012,+0.000,-0.245] err=[+0.006,+0.014] scaled=[+0.010,+0.051] s=3.66
[INFO] [1789405598.819270650] [acados_nmpc_node]: [attach-window] t=120.60s pos_err=0.030m T=22.13N z=6.745 m_est=2.254
[INFO] [1789405598.863673799] [acados_nmpc_node]: [attach-window] t=120.65s pos_err=0.035m T=22.13N z=6.747 m_est=2.254
[INFO] [1789405598.919473204] [acados_nmpc_node]: [attach-window] t=120.70s pos_err=0.026m T=22.11N z=6.749 m_est=2.255
[INFO] [1789405598.963718708] [acados_nmpc_node]: [attach-window] t=120.75s pos_err=0.040m T=22.13N z=6.751 m_est=2.255
[INFO] [1789405598.991752727] [acados_nmpc_node]: [wcmd] raw=[+0.010,+0.003,-0.206] w=[-0.002,-0.014,-0.228] err=[+0.012,+0.017] scaled=[+0.043,+0.047] s=3.66
[INFO] [1789405599.019284467] [acados_nmpc_node]: [attach-window] t=120.80s pos_err=0.021m T=22.09N z=6.754 m_est=2.255
[INFO] [1789405599.063684712] [acados_nmpc_node]: [attach-window] t=120.85s pos_err=0.034m T=22.10N z=6.755 m_est=2.255
[INFO] [1789405599.064177231] [acados_nmpc_node]: t=120.8s | pos_err=0.034m | T=22.10N | tau=[r-0.179 p0.054 y0.010]Nm | res_stat=8.757e-07(peak 9.997e-07) sqp_iter=3 | solve=1.5ms
[INFO] [1789405599.064384035] [acados_nmpc_node]: [flight-diag] t=120.8s | om_scale=3.663(lo 3.663 hi 3.663) | tilt_max=2.74deg | w_max=[r0.030 p0.071 y0.492]rad/s | u_frac=[T0.708 r0.401 p0.211 y0.140] | u_sat=[T0.0 r0.0 p0.0 y0.0]% | mot_peak=0.850 mot_sat=0.0% | health=1 age=0.000s conf=0.000 | n=100
[INFO] [1789405599.119485990] [acados_nmpc_node]: [attach-window] t=120.90s pos_err=0.023m T=22.08N z=6.757 m_est=2.255
[INFO] [1789405599.163635308] [acados_nmpc_node]: [attach-window] t=120.95s pos_err=0.027m T=22.08N z=6.758 m_est=2.255
[INFO] [1789405599.191762585] [acados_nmpc_node]: [wcmd] raw=[+0.007,-0.016,-0.190] w=[+0.013,-0.028,-0.214] err=[-0.006,+0.012] scaled=[-0.010,+0.015] s=3.66
[INFO] [1789405599.219258052] [acados_nmpc_node]: [attach-window] t=121.00s pos_err=0.016m T=22.08N z=6.761 m_est=2.255
[INFO] [1789405599.263759479] [acados_nmpc_node]: [attach-window] t=121.05s pos_err=0.029m T=22.11N z=6.761 m_est=2.255
[INFO] [1789405599.319307543] [acados_nmpc_node]: [attach-window] t=121.10s pos_err=0.017m T=22.09N z=6.763 m_est=2.256
[INFO] [1789405599.363670707] [acados_nmpc_node]: [attach-window] t=121.15s pos_err=0.020m T=22.09N z=6.765 m_est=2.256
[INFO] [1789405599.391733387] [acados_nmpc_node]: [wcmd] raw=[-0.000,-0.012,-0.179] w=[-0.001,-0.020,-0.196] err=[+0.001,+0.008] scaled=[+0.002,+0.011] s=3.66
[INFO] [1789405599.419228343] [acados_nmpc_node]: [attach-window] t=121.20s pos_err=0.010m T=22.08N z=6.767 m_est=2.256
[INFO] [1789405599.463935577] [acados_nmpc_node]: [attach-window] t=121.25s pos_err=0.020m T=22.09N z=6.768 m_est=2.256
[INFO] [1789405599.519755955] [acados_nmpc_node]: [attach-window] t=121.30s pos_err=0.009m T=22.07N z=6.771 m_est=2.256
[INFO] [1789405599.563743952] [acados_nmpc_node]: [attach-window] t=121.35s pos_err=0.020m T=22.07N z=6.772 m_est=2.256
[INFO] [1789405599.591757530] [acados_nmpc_node]: [wcmd] raw=[+0.013,+0.019,-0.173] w=[+0.003,-0.021,-0.180] err=[+0.010,+0.041] scaled=[+0.039,+0.128] s=3.66
[INFO] [1789405599.619211715] [acados_nmpc_node]: [attach-window] t=121.40s pos_err=0.008m T=22.05N z=6.775 m_est=2.256
[INFO] [1789405599.663697284] [acados_nmpc_node]: [attach-window] t=121.45s pos_err=0.011m T=22.04N z=6.776 m_est=2.255
[INFO] [1789405599.719301488] [acados_nmpc_node]: [attach-window] t=121.50s pos_err=0.009m T=22.02N z=6.779 m_est=2.255
[INFO] [1789405599.763893079] [acados_nmpc_node]: [attach-window] t=121.55s pos_err=0.011m T=22.03N z=6.780 m_est=2.255
[INFO] [1789405599.791725948] [acados_nmpc_node]: [wcmd] raw=[+0.004,-0.010,-0.170] w=[+0.011,-0.028,-0.175] err=[-0.007,+0.018] scaled=[-0.015,+0.039] s=3.66
[INFO] [1789405599.819081638] [acados_nmpc_node]: [attach-window] t=121.60s pos_err=0.009m T=22.01N z=6.783 m_est=2.255
[INFO] [1789405599.863816288] [acados_nmpc_node]: [attach-window] t=121.65s pos_err=0.007m T=22.00N z=6.784 m_est=2.255
[INFO] [1789405599.919407997] [acados_nmpc_node]: [attach-window] t=121.70s pos_err=0.016m T=22.01N z=6.787 m_est=2.255
[INFO] [1789405599.963665194] [acados_nmpc_node]: [attach-window] t=121.75s pos_err=0.007m T=22.03N z=6.787 m_est=2.255
[INFO] [1789405599.991735287] [acados_nmpc_node]: [wcmd] raw=[+0.001,+0.025,-0.162] w=[-0.004,+0.011,-0.157] err=[+0.005,+0.013] scaled=[+0.014,+0.060] s=3.66
[INFO] [1789405600.019078775] [acados_nmpc_node]: [attach-window] t=121.80s pos_err=0.013m T=22.03N z=6.789 m_est=2.255
[INFO] [1789405600.063765850] [acados_nmpc_node]: [attach-window] t=121.85s pos_err=0.009m T=22.04N z=6.790 m_est=2.255
[INFO] [1789405600.118985466] [acados_nmpc_node]: [attach-window] t=121.90s pos_err=0.018m T=22.05N z=6.791 m_est=2.255
[INFO] [1789405600.163830165] [acados_nmpc_node]: [attach-window] t=121.95s pos_err=0.007m T=22.06N z=6.792 m_est=2.255
[INFO] [1789405600.191807900] [acados_nmpc_node]: [wcmd] raw=[-0.004,+0.023,-0.162] w=[-0.001,-0.021,-0.164] err=[-0.003,+0.044] scaled=[-0.011,+0.140] s=3.66
[INFO] [1789405600.219247500] [acados_nmpc_node]: [attach-window] t=122.00s pos_err=0.012m T=22.06N z=6.793 m_est=2.255
[INFO] [1789405600.263766213] [acados_nmpc_node]: [attach-window] t=122.05s pos_err=0.008m T=22.06N z=6.794 m_est=2.254
[INFO] [1789405600.319374674] [acados_nmpc_node]: [attach-window] t=122.10s pos_err=0.015m T=22.07N z=6.795 m_est=2.254
[INFO] [1789405600.363715079] [acados_nmpc_node]: [attach-window] t=122.15s pos_err=0.009m T=22.08N z=6.795 m_est=2.254
[INFO] [1789405600.391719035] [acados_nmpc_node]: [wcmd] raw=[-0.015,+0.031,-0.158] w=[-0.019,+0.044,-0.144] err=[+0.004,-0.013] scaled=[-0.003,-0.005] s=3.66
[INFO] [1789405600.419060621] [acados_nmpc_node]: [attach-window] t=122.20s pos_err=0.009m T=22.07N z=6.796 m_est=2.254
[INFO] [1789405600.463813242] [acados_nmpc_node]: [attach-window] t=122.25s pos_err=0.010m T=22.08N z=6.797 m_est=2.254
[INFO] [1789405600.519272599] [acados_nmpc_node]: [attach-window] t=122.30s pos_err=0.011m T=22.09N z=6.797 m_est=2.254
[INFO] [1789405600.563687495] [acados_nmpc_node]: [attach-window] t=122.35s pos_err=0.017m T=22.10N z=6.797 m_est=2.254
[INFO] [1789405600.591683611] [acados_nmpc_node]: [wcmd] raw=[+0.001,+0.032,-0.156] w=[-0.013,-0.012,-0.161] err=[+0.014,+0.044] scaled=[+0.039,+0.150] s=3.66
[INFO] [1789405600.619088486] [acados_nmpc_node]: [attach-window] t=122.40s pos_err=0.012m T=22.10N z=6.798 m_est=2.254
[INFO] [1789405600.663629092] [acados_nmpc_node]: [attach-window] t=122.45s pos_err=0.017m T=22.10N z=6.798 m_est=2.253
[INFO] [1789405600.719253251] [acados_nmpc_node]: [attach-window] t=122.50s pos_err=0.014m T=22.09N z=6.799 m_est=2.253
[INFO] [1789405600.763740686] [acados_nmpc_node]: [attach-window] t=122.55s pos_err=0.026m T=22.10N z=6.799 m_est=2.253
[INFO] [1789405600.791710369] [acados_nmpc_node]: [wcmd] raw=[+0.005,+0.007,-0.151] w=[+0.005,+0.008,-0.151] err=[+0.001,-0.001] scaled=[+0.007,+0.005] s=3.66
[INFO] [1789405600.819230645] [acados_nmpc_node]: [attach-window] t=122.60s pos_err=0.015m T=22.06N z=6.800 m_est=2.253
[INFO] [1789405600.863767745] [acados_nmpc_node]: [attach-window] t=122.65s pos_err=0.025m T=22.06N z=6.800 m_est=2.253
[INFO] [1789405600.919303448] [acados_nmpc_node]: [attach-window] t=122.70s pos_err=0.018m T=22.04N z=6.801 m_est=2.253
[INFO] [1789405600.963621869] [acados_nmpc_node]: [attach-window] t=122.75s pos_err=0.023m T=22.04N z=6.802 m_est=2.253
[INFO] [1789405600.991761708] [acados_nmpc_node]: [wcmd] raw=[+0.010,+0.003,-0.143] w=[+0.006,-0.013,-0.151] err=[+0.005,+0.016] scaled=[+0.022,+0.045] s=3.66
[INFO] [1789405601.019075072] [acados_nmpc_node]: [attach-window] t=122.80s pos_err=0.017m T=22.03N z=6.802 m_est=2.253
[INFO] [1789405601.063843434] [acados_nmpc_node]: [attach-window] t=122.85s pos_err=0.029m T=22.04N z=6.803 m_est=2.253
[INFO] [1789405601.119221346] [acados_nmpc_node]: [attach-window] t=122.90s pos_err=0.021m T=22.03N z=6.803 m_est=2.253
[INFO] [1789405601.163651544] [acados_nmpc_node]: [attach-window] t=122.95s pos_err=0.025m T=22.04N z=6.803 m_est=2.253
[INFO] [1789405601.191772377] [acados_nmpc_node]: [wcmd] raw=[+0.007,-0.015,-0.139] w=[+0.012,-0.026,-0.147] err=[-0.005,+0.011] scaled=[-0.006,+0.013] s=3.66
[INFO] [1789405601.219016436] [acados_nmpc_node]: [attach-window] t=123.00s pos_err=0.025m T=22.06N z=6.803 m_est=2.253
[INFO] [1789405601.263676810] [acados_nmpc_node]: [attach-window] t=123.05s pos_err=0.030m T=22.08N z=6.803 m_est=2.253
[INFO] [1789405601.319118884] [acados_nmpc_node]: [attach-window] t=123.10s pos_err=0.021m T=22.11N z=6.803 m_est=2.253
[INFO] [1789405601.363681717] [acados_nmpc_node]: [attach-window] t=123.15s pos_err=0.034m T=22.13N z=6.802 m_est=2.253
[INFO] [1789405601.391713153] [acados_nmpc_node]: [wcmd] raw=[+0.004,+0.005,-0.139] w=[+0.000,+0.001,-0.134] err=[+0.004,+0.004] scaled=[+0.014,+0.016] s=3.66
[INFO] [1789405601.419315553] [acados_nmpc_node]: [attach-window] t=123.20s pos_err=0.023m T=22.12N z=6.802 m_est=2.253
[INFO] [1789405601.463807874] [acados_nmpc_node]: [attach-window] t=123.25s pos_err=0.027m T=22.12N z=6.801 m_est=2.253
[INFO] [1789405601.519498364] [acados_nmpc_node]: [attach-window] t=123.30s pos_err=0.017m T=22.12N z=6.801 m_est=2.254
[INFO] [1789405601.563829461] [acados_nmpc_node]: [attach-window] t=123.35s pos_err=0.030m T=22.12N z=6.801 m_est=2.254
[INFO] [1789405601.591760184] [acados_nmpc_node]: [wcmd] raw=[+0.020,-0.002,-0.141] w=[+0.012,-0.044,-0.143] err=[+0.008,+0.042] scaled=[+0.041,+0.109] s=3.66
[INFO] [1789405601.619487848] [acados_nmpc_node]: [attach-window] t=123.40s pos_err=0.019m T=22.11N z=6.800 m_est=2.254
[INFO] [1789405601.663721995] [acados_nmpc_node]: [attach-window] t=123.45s pos_err=0.024m T=22.09N z=6.800 m_est=2.254
[INFO] [1789405601.719195112] [acados_nmpc_node]: [attach-window] t=123.50s pos_err=0.013m T=22.08N z=6.800 m_est=2.254
[INFO] [1789405601.763775404] [acados_nmpc_node]: [attach-window] t=123.55s pos_err=0.028m T=22.08N z=6.800 m_est=2.254
[INFO] [1789405601.791761008] [acados_nmpc_node]: [wcmd] raw=[+0.015,+0.007,-0.145] w=[+0.021,+0.013,-0.124] err=[-0.006,-0.005] scaled=[-0.002,-0.006] s=3.66
[INFO] [1789405601.819164371] [acados_nmpc_node]: [attach-window] t=123.60s pos_err=0.016m T=22.07N z=6.800 m_est=2.254
[INFO] [1789405601.863668209] [acados_nmpc_node]: [attach-window] t=123.65s pos_err=0.023m T=22.08N z=6.799 m_est=2.254
[INFO] [1789405601.940038608] [acados_nmpc_node]: [attach-window] t=123.70s pos_err=0.012m T=22.10N z=6.798 m_est=2.254
[INFO] [1789405601.963805268] [acados_nmpc_node]: [attach-window] t=123.75s pos_err=0.030m T=22.11N z=6.798 m_est=2.254
[INFO] [1789405602.019468544] [acados_nmpc_node]: [attach-window] t=123.80s pos_err=0.019m T=22.13N z=6.797 m_est=2.254
[INFO] [1789405602.019895941] [acados_nmpc_node]: [wcmd] raw=[+0.004,+0.003,-0.152] w=[+0.009,-0.013,-0.139] err=[-0.005,+0.016] scaled=[-0.010,+0.044] s=3.66
[INFO] [1789405602.063722364] [acados_nmpc_node]: [attach-window] t=123.85s pos_err=0.026m T=22.14N z=6.796 m_est=2.254
[INFO] [1789405602.116778801] [acados_nmpc_node]: [attach-window] t=123.90s pos_err=0.014m T=22.15N z=6.794 m_est=2.254
[INFO] [1789405602.163751497] [acados_nmpc_node]: [attach-window] t=123.95s pos_err=0.034m T=22.16N z=6.793 m_est=2.254
[INFO] [1789405602.219356899] [acados_nmpc_node]: [attach-window] t=124.00s pos_err=0.024m T=22.15N z=6.791 m_est=2.254
[INFO] [1789405602.219757268] [acados_nmpc_node]: [wcmd] raw=[-0.011,-0.012,-0.162] w=[-0.004,-0.028,-0.152] err=[-0.007,+0.016] scaled=[-0.030,+0.031] s=3.66
[INFO] [1789405602.263705970] [acados_nmpc_node]: [attach-window] t=124.05s pos_err=0.032m T=22.14N z=6.790 m_est=2.254
[INFO] [1789405602.319222236] [acados_nmpc_node]: [attach-window] t=124.10s pos_err=0.022m T=22.14N z=6.789 m_est=2.254
[INFO] [1789405602.363775471] [acados_nmpc_node]: [attach-window] t=124.15s pos_err=0.040m T=22.14N z=6.788 m_est=2.254
[INFO] [1789405602.419520849] [acados_nmpc_node]: [attach-window] t=124.20s pos_err=0.030m T=22.13N z=6.787 m_est=2.254
[INFO] [1789405602.419933164] [acados_nmpc_node]: [wcmd] raw=[-0.017,-0.007,-0.165] w=[-0.017,+0.013,-0.147] err=[+0.000,-0.020] scaled=[-0.016,-0.059] s=3.66
[INFO] [1789405602.463828467] [acados_nmpc_node]: [attach-window] t=124.25s pos_err=0.037m T=22.12N z=6.786 m_est=2.254
[INFO] [1789405602.516843409] [acados_nmpc_node]: [attach-window] t=124.30s pos_err=0.025m T=22.10N z=6.785 m_est=2.254
[INFO] [1789405602.563827698] [acados_nmpc_node]: [attach-window] t=124.35s pos_err=0.044m T=22.10N z=6.785 m_est=2.254
[INFO] [1789405602.620188011] [acados_nmpc_node]: [attach-window] t=124.40s pos_err=0.035m T=22.09N z=6.784 m_est=2.255
[INFO] [1789405602.620623313] [acados_nmpc_node]: [wcmd] raw=[-0.002,-0.006,-0.175] w=[-0.014,-0.052,-0.173] err=[+0.012,+0.045] scaled=[+0.029,+0.114] s=3.66
[INFO] [1789405602.664008862] [acados_nmpc_node]: [attach-window] t=124.45s pos_err=0.041m T=22.07N z=6.784 m_est=2.255
[INFO] [1789405602.719358697] [acados_nmpc_node]: [attach-window] t=124.50s pos_err=0.031m T=22.07N z=6.783 m_est=2.255
[INFO] [1789405602.763777275] [acados_nmpc_node]: [attach-window] t=124.55s pos_err=0.037m T=22.05N z=6.783 m_est=2.255
[INFO] [1789405602.819338177] [acados_nmpc_node]: [attach-window] t=124.60s pos_err=0.025m T=22.04N z=6.782 m_est=2.255
[INFO] [1789405602.819739498] [acados_nmpc_node]: [wcmd] raw=[+0.020,-0.057,-0.178] w=[+0.011,+0.006,-0.159] err=[+0.009,-0.063] scaled=[+0.043,-0.225] s=3.66
[INFO] [1789405602.863779448] [acados_nmpc_node]: [attach-window] t=124.65s pos_err=0.041m T=22.04N z=6.782 m_est=2.255
[INFO] [1789405602.919316354] [acados_nmpc_node]: [attach-window] t=124.70s pos_err=0.030m T=22.03N z=6.782 m_est=2.255
[INFO] [1789405602.963947040] [acados_nmpc_node]: [attach-window] t=124.75s pos_err=0.046m T=22.00N z=6.781 m_est=2.255
[INFO] [1789405603.019208124] [acados_nmpc_node]: [attach-window] t=124.80s pos_err=0.034m T=22.00N z=6.781 m_est=2.256
[INFO] [1789405603.019603162] [acados_nmpc_node]: [wcmd] raw=[+0.026,+0.010,-0.183] w=[+0.033,-0.025,-0.172] err=[-0.007,+0.035] scaled=[+0.006,+0.104] s=3.66
[INFO] [1789405603.063821916] [acados_nmpc_node]: [attach-window] t=124.85s pos_err=0.040m T=22.00N z=6.780 m_est=2.256
[INFO] [1789405603.119857618] [acados_nmpc_node]: [attach-window] t=124.90s pos_err=0.029m T=22.00N z=6.779 m_est=2.256
[INFO] [1789405603.164047439] [acados_nmpc_node]: [attach-window] t=124.95s pos_err=0.045m T=22.00N z=6.778 m_est=2.256
[INFO] [1789405603.219741362] [acados_nmpc_node]: [attach-window] t=125.00s pos_err=0.035m T=22.01N z=6.777 m_est=2.256
[INFO] [1789405603.220212892] [acados_nmpc_node]: [wcmd] raw=[+0.008,-0.035,-0.202] w=[+0.016,-0.055,-0.196] err=[-0.009,+0.020] scaled=[-0.015,+0.019] s=3.66
[INFO] [1789405603.263925800] [acados_nmpc_node]: [attach-window] t=125.05s pos_err=0.041m T=22.00N z=6.776 m_est=2.255
[INFO] [1789405603.319732989] [acados_nmpc_node]: [attach-window] t=125.10s pos_err=0.032m T=22.00N z=6.775 m_est=2.255
[INFO] [1789405603.363797413] [acados_nmpc_node]: [attach-window] t=125.15s pos_err=0.048m T=21.99N z=6.774 m_est=2.255
[INFO] [1789405603.419795042] [acados_nmpc_node]: [attach-window] t=125.20s pos_err=0.038m T=22.00N z=6.773 m_est=2.255
[INFO] [1789405603.420246547] [acados_nmpc_node]: [wcmd] raw=[-0.010,+0.003,-0.206] w=[+0.000,+0.049,-0.171] err=[-0.010,-0.047] scaled=[-0.037,-0.122] s=3.66
[INFO] [1789405603.464160094] [acados_nmpc_node]: [attach-window] t=125.25s pos_err=0.044m T=21.99N z=6.772 m_est=2.255
[INFO] [1789405603.520002443] [acados_nmpc_node]: [attach-window] t=125.30s pos_err=0.033m T=21.99N z=6.771 m_est=2.255
[INFO] [1789405603.564013716] [acados_nmpc_node]: [attach-window] t=125.35s pos_err=0.048m T=21.99N z=6.770 m_est=2.255
[INFO] [1789405603.619699792] [acados_nmpc_node]: [attach-window] t=125.40s pos_err=0.038m T=22.00N z=6.768 m_est=2.255
[INFO] [1789405603.620137930] [acados_nmpc_node]: [wcmd] raw=[-0.013,-0.016,-0.230] w=[-0.017,-0.096,-0.232] err=[+0.004,+0.080] scaled=[-0.002,+0.197] s=3.66
[INFO] [1789405603.663874145] [acados_nmpc_node]: [attach-window] t=125.45s pos_err=0.043m T=21.97N z=6.768 m_est=2.254
[INFO] [1789405603.719517022] [acados_nmpc_node]: [attach-window] t=125.50s pos_err=0.032m T=21.97N z=6.766 m_est=2.254
[INFO] [1789405603.763900816] [acados_nmpc_node]: [attach-window] t=125.55s pos_err=0.046m T=21.96N z=6.766 m_est=2.254
[INFO] [1789405603.819462256] [acados_nmpc_node]: [attach-window] t=125.60s pos_err=0.034m T=21.96N z=6.764 m_est=2.254
[INFO] [1789405603.819865341] [acados_nmpc_node]: [wcmd] raw=[-0.012,-0.044,-0.240] w=[-0.011,+0.045,-0.198] err=[-0.001,-0.089] scaled=[-0.016,-0.282] s=3.66
[INFO] [1789405603.863773498] [acados_nmpc_node]: [attach-window] t=125.65s pos_err=0.038m T=21.96N z=6.763 m_est=2.253
[INFO] [1789405603.919420951] [acados_nmpc_node]: [attach-window] t=125.70s pos_err=0.027m T=21.99N z=6.761 m_est=2.253
[INFO] [1789405603.963793723] [acados_nmpc_node]: [attach-window] t=125.75s pos_err=0.040m T=21.99N z=6.759 m_est=2.253
[INFO] [1789405604.019264789] [acados_nmpc_node]: [attach-window] t=125.80s pos_err=0.029m T=22.02N z=6.756 m_est=2.253
[INFO] [1789405604.019685534] [acados_nmpc_node]: [wcmd] raw=[+0.000,-0.009,-0.261] w=[-0.006,-0.093,-0.254] err=[+0.006,+0.084] scaled=[+0.016,+0.215] s=3.66
[INFO] [1789405604.063778845] [acados_nmpc_node]: [attach-window] t=125.85s pos_err=0.032m T=22.02N z=6.754 m_est=2.253
[INFO] [1789405604.064266043] [acados_nmpc_node]: t=125.8s | pos_err=0.032m | T=22.02N | tau=[r-0.173 p0.083 y-0.009]Nm | res_stat=6.256e-07(peak 9.997e-07) sqp_iter=3 | solve=1.6ms
[INFO] [1789405604.064472389] [acados_nmpc_node]: [flight-diag] t=125.8s | om_scale=3.663(lo 3.663 hi 3.663) | tilt_max=2.34deg | w_max=[r0.035 p0.096 y0.254]rad/s | u_frac=[T0.707 r0.393 p0.285 y0.095] | u_sat=[T0.0 r0.0 p0.0 y0.0]% | mot_peak=0.857 mot_sat=0.0% | health=1 age=0.000s conf=0.000 | n=100
[INFO] [1789405604.119295591] [acados_nmpc_node]: [attach-window] t=125.90s pos_err=0.023m T=22.05N z=6.751 m_est=2.252
[INFO] [1789405604.163722921] [acados_nmpc_node]: [attach-window] t=125.95s pos_err=0.033m T=22.05N z=6.750 m_est=2.252
[INFO] [1789405604.219433141] [acados_nmpc_node]: [attach-window] t=126.00s pos_err=0.024m T=22.05N z=6.746 m_est=2.252
[INFO] [1789405604.219840742] [acados_nmpc_node]: [wcmd] raw=[+0.001,-0.049,-0.283] w=[+0.006,-0.005,-0.242] err=[-0.004,-0.044] scaled=[-0.010,-0.167] s=3.66
[INFO] [1789405604.263795469] [acados_nmpc_node]: [attach-window] t=126.05s pos_err=0.027m T=22.06N z=6.744 m_est=2.252
[INFO] [1789405604.319675078] [acados_nmpc_node]: [attach-window] t=126.10s pos_err=0.022m T=22.09N z=6.741 m_est=2.252
[INFO] [1789405604.363828291] [acados_nmpc_node]: [attach-window] t=126.15s pos_err=0.029m T=22.07N z=6.739 m_est=2.251
[INFO] [1789405604.419731288] [acados_nmpc_node]: [attach-window] t=126.20s pos_err=0.023m T=22.11N z=6.736 m_est=2.251
[INFO] [1789405604.420165489] [acados_nmpc_node]: [wcmd] raw=[-0.003,+0.003,-0.304] w=[+0.007,-0.019,-0.266] err=[-0.010,+0.022] scaled=[-0.029,+0.061] s=3.66
[INFO] [1789405604.463820701] [acados_nmpc_node]: [attach-window] t=126.25s pos_err=0.025m T=22.11N z=6.733 m_est=2.251
[INFO] [1789405604.519415828] [acados_nmpc_node]: [attach-window] t=126.30s pos_err=0.023m T=22.12N z=6.729 m_est=2.251
[INFO] [1789405604.563786741] [acados_nmpc_node]: [attach-window] t=126.35s pos_err=0.023m T=22.12N z=6.727 m_est=2.251
[INFO] [1789405604.619675662] [acados_nmpc_node]: [attach-window] t=126.40s pos_err=0.022m T=22.12N z=6.724 m_est=2.251
[INFO] [1789405604.620085719] [acados_nmpc_node]: [wcmd] raw=[+0.013,-0.024,-0.337] w=[-0.000,-0.041,-0.301] err=[+0.013,+0.017] scaled=[+0.046,+0.021] s=3.66
[INFO] [1789405604.663938267] [acados_nmpc_node]: [attach-window] t=126.45s pos_err=0.022m T=22.11N z=6.721 m_est=2.251
[INFO] [1789405604.719542498] [acados_nmpc_node]: [attach-window] t=126.50s pos_err=0.022m T=22.10N z=6.718 m_est=2.251
[INFO] [1789405604.763971438] [acados_nmpc_node]: [attach-window] t=126.55s pos_err=0.021m T=22.09N z=6.716 m_est=2.251
[INFO] [1789405604.819292762] [acados_nmpc_node]: [attach-window] t=126.60s pos_err=0.024m T=22.11N z=6.712 m_est=2.251
[INFO] [1789405604.819699769] [acados_nmpc_node]: [wcmd] raw=[+0.006,-0.017,-0.354] w=[+0.028,+0.057,-0.295] err=[-0.022,-0.075] scaled=[-0.051,-0.216] s=3.66
[INFO] [1789405604.863723897] [acados_nmpc_node]: [attach-window] t=126.65s pos_err=0.019m T=22.09N z=6.710 m_est=2.251
[INFO] [1789405604.919429249] [acados_nmpc_node]: [attach-window] t=126.70s pos_err=0.021m T=22.07N z=6.707 m_est=2.251
[INFO] [1789405604.964283197] [acados_nmpc_node]: [attach-window] t=126.75s pos_err=0.018m T=22.07N z=6.705 m_est=2.251
[INFO] [1789405605.019799045] [acados_nmpc_node]: [attach-window] t=126.80s pos_err=0.018m T=22.07N z=6.701 m_est=2.252
[INFO] [1789405605.020201704] [acados_nmpc_node]: [wcmd] raw=[+0.006,+0.014,-0.390] w=[+0.003,-0.069,-0.368] err=[+0.003,+0.083] scaled=[+0.013,+0.234] s=3.66
[INFO] [1789405605.063790762] [acados_nmpc_node]: [attach-window] t=126.85s pos_err=0.016m T=22.07N z=6.699 m_est=2.252
[INFO] [1789405605.119515754] [acados_nmpc_node]: [attach-window] t=126.90s pos_err=0.019m T=22.08N z=6.696 m_est=2.252
[INFO] [1789405605.163741797] [acados_nmpc_node]: [attach-window] t=126.95s pos_err=0.013m T=22.07N z=6.694 m_est=2.252
[INFO] [1789405605.219408965] [acados_nmpc_node]: [attach-window] t=127.00s pos_err=0.015m T=22.06N z=6.690 m_est=2.252
[INFO] [1789405605.219810356] [acados_nmpc_node]: [wcmd] raw=[+0.006,-0.021,-0.412] w=[+0.009,+0.066,-0.355] err=[-0.003,-0.087] scaled=[-0.002,-0.253] s=3.66
[INFO] [1789405605.263793210] [acados_nmpc_node]: [attach-window] t=127.05s pos_err=0.012m T=22.06N z=6.688 m_est=2.252
[INFO] [1789405605.319621576] [acados_nmpc_node]: [attach-window] t=127.10s pos_err=0.015m T=22.07N z=6.685 m_est=2.252
[INFO] [1789405605.363832421] [acados_nmpc_node]: [attach-window] t=127.15s pos_err=0.010m T=22.04N z=6.684 m_est=2.253
[INFO] [1789405605.419382414] [acados_nmpc_node]: [attach-window] t=127.20s pos_err=0.010m T=22.03N z=6.681 m_est=2.253
[INFO] [1789405605.419782914] [acados_nmpc_node]: [wcmd] raw=[+0.005,+0.025,-0.433] w=[+0.011,-0.045,-0.416] err=[-0.006,+0.070] scaled=[-0.011,+0.212] s=3.66
[INFO] [1789405605.463798279] [acados_nmpc_node]: [attach-window] t=127.25s pos_err=0.008m T=22.02N z=6.679 m_est=2.253
[INFO] [1789405605.519704511] [acados_nmpc_node]: [attach-window] t=127.30s pos_err=0.009m T=22.03N z=6.676 m_est=2.253
[INFO] [1789405605.563881150] [acados_nmpc_node]: [attach-window] t=127.35s pos_err=0.009m T=22.02N z=6.675 m_est=2.253
[INFO] [1789405605.619376251] [acados_nmpc_node]: [attach-window] t=127.40s pos_err=0.005m T=22.01N z=6.671 m_est=2.253
[INFO] [1789405605.619800439] [acados_nmpc_node]: [wcmd] raw=[+0.010,-0.025,-0.453] w=[+0.001,+0.013,-0.426] err=[+0.009,-0.038] scaled=[+0.033,-0.126] s=3.66
[INFO] [1789405605.663829968] [acados_nmpc_node]: [attach-window] t=127.45s pos_err=0.008m T=22.01N z=6.669 m_est=2.253
[INFO] [1789405605.719437936] [acados_nmpc_node]: [attach-window] t=127.50s pos_err=0.004m T=22.02N z=6.666 m_est=2.253
[INFO] [1789405605.763810710] [acados_nmpc_node]: [attach-window] t=127.55s pos_err=0.014m T=22.01N z=6.664 m_est=2.253
[INFO] [1789405605.819413775] [acados_nmpc_node]: [attach-window] t=127.60s pos_err=0.008m T=22.04N z=6.660 m_est=2.253
[INFO] [1789405605.819826994] [acados_nmpc_node]: [wcmd] raw=[+0.014,+0.021,-0.458] w=[+0.020,+0.020,-0.440] err=[-0.006,+0.000] scaled=[-0.001,+0.022] s=3.66
[INFO] [1789405605.863728252] [acados_nmpc_node]: [attach-window] t=127.65s pos_err=0.014m T=22.05N z=6.658 m_est=2.253
[INFO] [1789405605.919247353] [acados_nmpc_node]: [attach-window] t=127.70s pos_err=0.009m T=22.06N z=6.654 m_est=2.253
[INFO] [1789405605.963840699] [acados_nmpc_node]: [attach-window] t=127.75s pos_err=0.022m T=22.05N z=6.652 m_est=2.253
[INFO] [1789405606.019153497] [acados_nmpc_node]: [attach-window] t=127.80s pos_err=0.016m T=22.06N z=6.647 m_est=2.253
[INFO] [1789405606.019556363] [acados_nmpc_node]: [wcmd] raw=[+0.002,-0.010,-0.471] w=[+0.004,-0.054,-0.484] err=[-0.003,+0.044] scaled=[-0.005,+0.107] s=3.66
[INFO] [1789405606.063767994] [acados_nmpc_node]: [attach-window] t=127.85s pos_err=0.023m T=22.03N z=6.645 m_est=2.253
[INFO] [1789405606.119351964] [acados_nmpc_node]: [attach-window] t=127.90s pos_err=0.018m T=22.03N z=6.641 m_est=2.253
[INFO] [1789405606.163727466] [acados_nmpc_node]: [attach-window] t=127.95s pos_err=0.030m T=22.02N z=6.639 m_est=2.253
[INFO] [1789405606.219569316] [acados_nmpc_node]: [attach-window] t=128.00s pos_err=0.025m T=22.02N z=6.635 m_est=2.253
[INFO] [1789405606.219976175] [acados_nmpc_node]: [wcmd] raw=[-0.007,-0.006,-0.459] w=[-0.000,+0.064,-0.453] err=[-0.007,-0.070] scaled=[-0.024,-0.192] s=3.66
[INFO] [1789405606.263760455] [acados_nmpc_node]: [attach-window] t=128.05s pos_err=0.030m T=22.02N z=6.633 m_est=2.253
[INFO] [1789405606.319523086] [acados_nmpc_node]: [attach-window] t=128.10s pos_err=0.024m T=22.03N z=6.629 m_est=2.252
[INFO] [1789405606.363779494] [acados_nmpc_node]: [attach-window] t=128.15s pos_err=0.036m T=22.03N z=6.627 m_est=2.252
[INFO] [1789405606.419169694] [acados_nmpc_node]: [attach-window] t=128.20s pos_err=0.022m T=22.04N z=6.622 m_est=2.252
[INFO] [1789405606.419571437] [acados_nmpc_node]: [wcmd] raw=[+0.000,-0.026,-0.453] w=[-0.007,-0.084,-0.501] err=[+0.007,+0.057] scaled=[+0.018,+0.127] s=3.66
[INFO] [1789405606.463724436] [acados_nmpc_node]: [attach-window] t=128.25s pos_err=0.034m T=22.02N z=6.620 m_est=2.252
[INFO] [1789405606.519201436] [acados_nmpc_node]: [attach-window] t=128.30s pos_err=0.026m T=22.04N z=6.615 m_est=2.252
[INFO] [1789405606.563843035] [acados_nmpc_node]: [attach-window] t=128.35s pos_err=0.038m T=22.03N z=6.613 m_est=2.252
[INFO] [1789405606.619585317] [acados_nmpc_node]: [attach-window] t=128.40s pos_err=0.030m T=22.05N z=6.608 m_est=2.252
[INFO] [1789405606.619986756] [acados_nmpc_node]: [wcmd] raw=[+0.012,-0.022,-0.429] w=[+0.013,+0.030,-0.454] err=[-0.002,-0.052] scaled=[+0.008,-0.160] s=3.66
[INFO] [1789405606.663735480] [acados_nmpc_node]: [attach-window] t=128.45s pos_err=0.033m T=22.06N z=6.605 m_est=2.252
[INFO] [1789405606.719290674] [acados_nmpc_node]: [attach-window] t=128.50s pos_err=0.025m T=22.10N z=6.599 m_est=2.252
[INFO] [1789405606.763732316] [acados_nmpc_node]: [attach-window] t=128.55s pos_err=0.036m T=22.09N z=6.597 m_est=2.252
[INFO] [1789405606.819296383] [acados_nmpc_node]: [attach-window] t=128.60s pos_err=0.027m T=22.11N z=6.592 m_est=2.252
[INFO] [1789405606.819702445] [acados_nmpc_node]: [wcmd] raw=[+0.009,-0.004,-0.405] w=[+0.014,-0.049,-0.464] err=[-0.005,+0.046] scaled=[-0.006,+0.118] s=3.66
[INFO] [1789405606.863851569] [acados_nmpc_node]: [attach-window] t=128.65s pos_err=0.031m T=22.10N z=6.589 m_est=2.252
[INFO] [1789405606.919075556] [acados_nmpc_node]: [attach-window] t=128.70s pos_err=0.022m T=22.11N z=6.584 m_est=2.252
[INFO] [1789405606.963790412] [acados_nmpc_node]: [attach-window] t=128.75s pos_err=0.032m T=22.10N z=6.581 m_est=2.252
[INFO] [1789405607.019555600] [acados_nmpc_node]: [attach-window] t=128.80s pos_err=0.024m T=22.09N z=6.576 m_est=2.252
[INFO] [1789405607.019956519] [acados_nmpc_node]: [wcmd] raw=[+0.006,-0.028,-0.377] w=[+0.006,-0.009,-0.430] err=[+0.000,-0.019] scaled=[+0.006,-0.080] s=3.66
[INFO] [1789405607.063813698] [acados_nmpc_node]: [attach-window] t=128.85s pos_err=0.027m T=22.08N z=6.573 m_est=2.252
[INFO] [1789405607.119289439] [acados_nmpc_node]: [attach-window] t=128.90s pos_err=0.019m T=22.09N z=6.568 m_est=2.252
[INFO] [1789405607.163802470] [acados_nmpc_node]: [attach-window] t=128.95s pos_err=0.029m T=22.08N z=6.565 m_est=2.252
[INFO] [1789405607.219294640] [acados_nmpc_node]: [attach-window] t=129.00s pos_err=0.022m T=22.10N z=6.560 m_est=2.252
[INFO] [1789405607.219699863] [acados_nmpc_node]: [wcmd] raw=[-0.007,+0.003,-0.342] w=[+0.005,-0.004,-0.400] err=[-0.012,+0.007] scaled=[-0.039,+0.022] s=3.66
[INFO] [1789405607.263715310] [acados_nmpc_node]: [attach-window] t=129.05s pos_err=0.025m T=22.10N z=6.557 m_est=2.252
[INFO] [1789405607.319495401] [acados_nmpc_node]: [attach-window] t=129.10s pos_err=0.019m T=22.10N z=6.552 m_est=2.252
[INFO] [1789405607.363665708] [acados_nmpc_node]: [attach-window] t=129.15s pos_err=0.027m T=22.09N z=6.549 m_est=2.252
[INFO] [1789405607.419506427] [acados_nmpc_node]: [attach-window] t=129.20s pos_err=0.022m T=22.09N z=6.544 m_est=2.252
[INFO] [1789405607.419910613] [acados_nmpc_node]: [wcmd] raw=[-0.006,-0.013,-0.315] w=[-0.013,-0.034,-0.381] err=[+0.007,+0.021] scaled=[+0.013,+0.042] s=3.66
[INFO] [1789405607.463764912] [acados_nmpc_node]: [attach-window] t=129.25s pos_err=0.024m T=22.07N z=6.541 m_est=2.253
[INFO] [1789405607.519365379] [acados_nmpc_node]: [attach-window] t=129.30s pos_err=0.020m T=22.09N z=6.536 m_est=2.253
[INFO] [1789405607.563873845] [acados_nmpc_node]: [attach-window] t=129.35s pos_err=0.027m T=22.08N z=6.533 m_est=2.253
[INFO] [1789405607.619189957] [acados_nmpc_node]: [attach-window] t=129.40s pos_err=0.022m T=22.08N z=6.528 m_est=2.253
[INFO] [1789405607.619597521] [acados_nmpc_node]: [wcmd] raw=[+0.002,+0.002,-0.280] w=[+0.001,+0.031,-0.328] err=[+0.001,-0.029] scaled=[+0.003,-0.076] s=3.66
[INFO] [1789405607.663978296] [acados_nmpc_node]: [attach-window] t=129.45s pos_err=0.025m T=22.07N z=6.525 m_est=2.253
[INFO] [1789405607.719350641] [acados_nmpc_node]: [attach-window] t=129.50s pos_err=0.022m T=22.08N z=6.519 m_est=2.253
[INFO] [1789405607.763893218] [acados_nmpc_node]: [attach-window] t=129.55s pos_err=0.028m T=22.08N z=6.516 m_est=2.253
[INFO] [1789405607.819382900] [acados_nmpc_node]: [attach-window] t=129.60s pos_err=0.021m T=22.09N z=6.510 m_est=2.253
[INFO] [1789405607.819780195] [acados_nmpc_node]: [wcmd] raw=[-0.003,-0.019,-0.254] w=[+0.005,-0.035,-0.318] err=[-0.007,+0.016] scaled=[-0.022,+0.024] s=3.66
[INFO] [1789405607.863826398] [acados_nmpc_node]: [attach-window] t=129.65s pos_err=0.025m T=22.07N z=6.508 m_est=2.253
[INFO] [1789405607.919145347] [acados_nmpc_node]: [attach-window] t=129.70s pos_err=0.021m T=22.07N z=6.502 m_est=2.254
[INFO] [1789405607.963933510] [acados_nmpc_node]: [attach-window] t=129.75s pos_err=0.029m T=22.06N z=6.500 m_est=2.254
[INFO] [1789405608.019566960] [acados_nmpc_node]: [attach-window] t=129.80s pos_err=0.024m T=22.06N z=6.494 m_est=2.254
[INFO] [1789405608.019975161] [acados_nmpc_node]: [wcmd] raw=[+0.004,+0.012,-0.229] w=[+0.002,+0.030,-0.267] err=[+0.001,-0.019] scaled=[+0.008,-0.038] s=3.66
[INFO] [1789405608.063765638] [acados_nmpc_node]: [attach-window] t=129.85s pos_err=0.027m T=22.05N z=6.491 m_est=2.254
[INFO] [1789405608.119155244] [acados_nmpc_node]: [attach-window] t=129.90s pos_err=0.022m T=22.06N z=6.486 m_est=2.254
[INFO] [1789405608.163908975] [acados_nmpc_node]: [attach-window] t=129.95s pos_err=0.030m T=22.06N z=6.483 m_est=2.254
[INFO] [1789405608.219885801] [acados_nmpc_node]: [attach-window] t=130.00s pos_err=0.024m T=22.07N z=6.477 m_est=2.254
[INFO] [1789405608.220300372] [acados_nmpc_node]: [wcmd] raw=[-0.003,-0.008,-0.211] w=[+0.003,-0.041,-0.263] err=[-0.006,+0.033] scaled=[-0.019,+0.079] s=3.66
[INFO] [1789405608.263842481] [acados_nmpc_node]: [attach-window] t=130.05s pos_err=0.027m T=22.06N z=6.473 m_est=2.254
[INFO] [1789405608.319621359] [acados_nmpc_node]: [attach-window] t=130.10s pos_err=0.021m T=22.09N z=6.467 m_est=2.254
[INFO] [1789405608.363773413] [acados_nmpc_node]: [attach-window] t=130.15s pos_err=0.023m T=22.10N z=6.463 m_est=2.254
[INFO] [1789405608.419247965] [acados_nmpc_node]: [attach-window] t=130.20s pos_err=0.022m T=22.11N z=6.457 m_est=2.254
[INFO] [1789405608.419659012] [acados_nmpc_node]: [wcmd] raw=[+0.001,-0.016,-0.188] w=[-0.003,+0.009,-0.221] err=[+0.004,-0.025] scaled=[+0.013,-0.081] s=3.66
[INFO] [1789405608.463691470] [acados_nmpc_node]: [attach-window] t=130.25s pos_err=0.024m T=22.12N z=6.453 m_est=2.254
[INFO] [1789405608.519194671] [acados_nmpc_node]: [attach-window] t=130.30s pos_err=0.018m T=22.13N z=6.447 m_est=2.254
[INFO] [1789405608.563685036] [acados_nmpc_node]: [attach-window] t=130.35s pos_err=0.027m T=22.12N z=6.443 m_est=2.254
[INFO] [1789405608.619514513] [acados_nmpc_node]: [attach-window] t=130.40s pos_err=0.019m T=22.13N z=6.437 m_est=2.254
[INFO] [1789405608.619926347] [acados_nmpc_node]: [wcmd] raw=[+0.011,+0.016,-0.169] w=[+0.009,+0.000,-0.198] err=[+0.002,+0.016] scaled=[+0.017,+0.059] s=3.66
[INFO] [1789405608.663730715] [acados_nmpc_node]: [attach-window] t=130.45s pos_err=0.023m T=22.12N z=6.433 m_est=2.254
[INFO] [1789405608.719117874] [acados_nmpc_node]: [attach-window] t=130.50s pos_err=0.014m T=22.13N z=6.426 m_est=2.254
[INFO] [1789405608.763758830] [acados_nmpc_node]: [attach-window] t=130.55s pos_err=0.028m T=22.12N z=6.423 m_est=2.254
[INFO] [1789405608.819343204] [acados_nmpc_node]: [attach-window] t=130.60s pos_err=0.018m T=22.12N z=6.416 m_est=2.254
[INFO] [1789405608.819747069] [acados_nmpc_node]: [wcmd] raw=[+0.006,-0.004,-0.160] w=[+0.010,-0.031,-0.189] err=[-0.005,+0.027] scaled=[-0.006,+0.068] s=3.66
[INFO] [1789405608.863790118] [acados_nmpc_node]: [attach-window] t=130.65s pos_err=0.025m T=22.10N z=6.412 m_est=2.254
[INFO] [1789405608.919154810] [acados_nmpc_node]: [attach-window] t=130.70s pos_err=0.015m T=22.12N z=6.405 m_est=2.254
[INFO] [1789405608.963769446] [acados_nmpc_node]: [attach-window] t=130.75s pos_err=0.033m T=22.12N z=6.401 m_est=2.254
[INFO] [1789405609.019333691] [acados_nmpc_node]: [attach-window] t=130.80s pos_err=0.023m T=22.12N z=6.395 m_est=2.254
[INFO] [1789405609.019734110] [acados_nmpc_node]: [wcmd] raw=[-0.001,+0.009,-0.143] w=[+0.003,+0.044,-0.148] err=[-0.004,-0.035] scaled=[-0.011,-0.084] s=3.66
[INFO] [1789405609.063818835] [acados_nmpc_node]: [attach-window] t=130.85s pos_err=0.031m T=22.12N z=6.391 m_est=2.254
[INFO] [1789405609.064303211] [acados_nmpc_node]: t=130.8s | pos_err=0.031m | T=22.12N | tau=[r-0.184 p-0.011 y0.000]Nm | res_stat=9.200e-07(peak 9.997e-07) sqp_iter=3 | solve=1.5ms
[INFO] [1789405609.064512187] [acados_nmpc_node]: [flight-diag] t=130.8s | om_scale=3.663(lo 3.663 hi 3.663) | tilt_max=3.12deg | w_max=[r0.029 p0.084 y0.501]rad/s | u_frac=[T0.706 r0.401 p0.261 y0.141] | u_sat=[T0.0 r0.0 p0.0 y0.0]% | mot_peak=0.863 mot_sat=0.0% | health=1 age=0.000s conf=0.000 | n=100
[INFO] [1789405609.116592667] [acados_nmpc_node]: [attach-window] t=130.90s pos_err=0.018m T=22.12N z=6.384 m_est=2.254
[INFO] [1789405609.163179234] [acados_nmpc_node]: [attach-window] t=130.95s pos_err=0.040m T=22.11N z=6.381 m_est=2.254
[INFO] [1789405609.219430512] [acados_nmpc_node]: [attach-window] t=131.00s pos_err=0.029m T=22.10N z=6.374 m_est=2.254
[INFO] [1789405609.219854098] [acados_nmpc_node]: [wcmd] raw=[-0.006,+0.004,-0.137] w=[-0.006,-0.066,-0.173] err=[+0.000,+0.070] scaled=[-0.006,+0.190] s=3.66
[INFO] [1789405609.263737090] [acados_nmpc_node]: [attach-window] t=131.05s pos_err=0.037m T=22.07N z=6.370 m_est=2.254
[INFO] [1789405609.319441063] [acados_nmpc_node]: [attach-window] t=131.10s pos_err=0.025m T=22.07N z=6.364 m_est=2.255
[INFO] [1789405609.363781521] [acados_nmpc_node]: [attach-window] t=131.15s pos_err=0.045m T=22.06N z=6.361 m_est=2.255
[INFO] [1789405609.419453857] [acados_nmpc_node]: [attach-window] t=131.20s pos_err=0.032m T=22.04N z=6.355 m_est=2.255
[INFO] [1789405609.419865345] [acados_nmpc_node]: [wcmd] raw=[-0.015,-0.030,-0.121] w=[-0.010,+0.039,-0.124] err=[-0.005,-0.069] scaled=[-0.027,-0.213] s=3.66
[INFO] [1789405609.463737000] [acados_nmpc_node]: [attach-window] t=131.25s pos_err=0.039m T=22.04N z=6.351 m_est=2.255
[INFO] [1789405609.519576361] [acados_nmpc_node]: [attach-window] t=131.30s pos_err=0.025m T=22.04N z=6.345 m_est=2.255
[INFO] [1789405609.563784766] [acados_nmpc_node]: [attach-window] t=131.35s pos_err=0.044m T=22.03N z=6.342 m_est=2.255
[INFO] [1789405609.619364162] [acados_nmpc_node]: [attach-window] t=131.40s pos_err=0.031m T=22.04N z=6.336 m_est=2.255
[INFO] [1789405609.619774584] [acados_nmpc_node]: [wcmd] raw=[-0.009,-0.004,-0.108] w=[-0.016,-0.076,-0.144] err=[+0.006,+0.072] scaled=[+0.007,+0.189] s=3.66
[INFO] [1789405609.663753929] [acados_nmpc_node]: [attach-window] t=131.45s pos_err=0.037m T=22.03N z=6.332 m_est=2.255
[INFO] [1789405609.719291436] [acados_nmpc_node]: [attach-window] t=131.50s pos_err=0.023m T=22.04N z=6.325 m_est=2.255
[INFO] [1789405609.763792019] [acados_nmpc_node]: [attach-window] t=131.55s pos_err=0.043m T=22.04N z=6.322 m_est=2.255
[INFO] [1789405609.819654855] [acados_nmpc_node]: [attach-window] t=131.60s pos_err=0.016m T=22.02N z=6.314 m_est=2.254
[INFO] [1789405609.820056303] [acados_nmpc_node]: [wcmd] raw=[-0.003,-0.072,-0.097] w=[-0.004,-0.015,-0.109] err=[+0.002,-0.057] scaled=[+0.001,-0.224] s=3.66
[INFO] [1789405609.863736195] [acados_nmpc_node]: [attach-window] t=131.65s pos_err=0.036m T=22.01N z=6.311 m_est=2.254
[INFO] [1789405609.919315320] [acados_nmpc_node]: [attach-window] t=131.70s pos_err=0.023m T=22.00N z=6.305 m_est=2.254
[INFO] [1789405609.964011031] [acados_nmpc_node]: [attach-window] t=131.75s pos_err=0.031m T=21.98N z=6.301 m_est=2.254
[INFO] [1789405610.019396526] [acados_nmpc_node]: [attach-window] t=131.80s pos_err=0.030m T=22.01N z=6.295 m_est=2.254
[INFO] [1789405610.019802786] [acados_nmpc_node]: [wcmd] raw=[+0.001,+0.031,-0.082] w=[+0.003,+0.006,-0.086] err=[-0.002,+0.025] scaled=[-0.006,+0.097] s=3.66
[INFO] [1789405610.063730071] [acados_nmpc_node]: [attach-window] t=131.85s pos_err=0.037m T=22.02N z=6.291 m_est=2.254
[INFO] [1789405610.119145798] [acados_nmpc_node]: [attach-window] t=131.90s pos_err=0.023m T=22.06N z=6.284 m_est=2.254
[INFO] [1789405610.163675497] [acados_nmpc_node]: [attach-window] t=131.95s pos_err=0.031m T=22.08N z=6.279 m_est=2.254
[INFO] [1789405610.219204136] [acados_nmpc_node]: [attach-window] t=132.00s pos_err=0.017m T=22.10N z=6.271 m_est=2.253
[INFO] [1789405610.219596874] [acados_nmpc_node]: [wcmd] raw=[-0.005,-0.049,-0.084] w=[-0.003,-0.032,-0.093] err=[-0.003,-0.017] scaled=[-0.012,-0.094] s=3.66
[INFO] [1789405610.263740511] [acados_nmpc_node]: [attach-window] t=132.05s pos_err=0.039m T=22.09N z=6.267 m_est=2.253
[INFO] [1789405610.319510854] [acados_nmpc_node]: [attach-window] t=132.10s pos_err=0.026m T=22.11N z=6.259 m_est=2.253
[INFO] [1789405610.363733690] [acados_nmpc_node]: [attach-window] t=132.15s pos_err=0.035m T=22.09N z=6.255 m_est=2.253
[INFO] [1789405610.419320887] [acados_nmpc_node]: [attach-window] t=132.20s pos_err=0.035m T=22.10N z=6.248 m_est=2.253
[INFO] [1789405610.419750293] [acados_nmpc_node]: [wcmd] raw=[-0.008,+0.033,-0.070] w=[-0.005,+0.069,-0.053] err=[-0.003,-0.036] scaled=[-0.015,-0.063] s=3.66
[INFO] [1789405610.463739065] [acados_nmpc_node]: [attach-window] t=132.25s pos_err=0.044m T=22.10N z=6.243 m_est=2.252
[INFO] [1789405610.519282030] [acados_nmpc_node]: [attach-window] t=132.30s pos_err=0.030m T=22.11N z=6.235 m_est=2.252
[INFO] [1789405610.563718183] [acados_nmpc_node]: [attach-window] t=132.35s pos_err=0.052m T=22.12N z=6.231 m_est=2.252
[INFO] [1789405610.619432707] [acados_nmpc_node]: [attach-window] t=132.40s pos_err=0.039m T=22.12N z=6.224 m_est=2.252
[INFO] [1789405610.619832290] [acados_nmpc_node]: [wcmd] raw=[+0.007,-0.004,-0.074] w=[-0.006,-0.075,-0.097] err=[+0.013,+0.071] scaled=[+0.042,+0.185] s=3.66
[INFO] [1789405610.663794140] [acados_nmpc_node]: [attach-window] t=132.45s pos_err=0.048m T=22.09N z=6.219 m_est=2.252
[INFO] [1789405610.719144529] [acados_nmpc_node]: [attach-window] t=132.50s pos_err=0.033m T=22.11N z=6.211 m_est=2.252
[INFO] [1789405610.763703623] [acados_nmpc_node]: [attach-window] t=132.55s pos_err=0.057m T=22.10N z=6.207 m_est=2.252
[INFO] [1789405610.819319072] [acados_nmpc_node]: [attach-window] t=132.60s pos_err=0.042m T=22.09N z=6.200 m_est=2.252
[INFO] [1789405610.819712709] [acados_nmpc_node]: [wcmd] raw=[+0.002,-0.024,-0.059] w=[+0.013,+0.047,-0.049] err=[-0.011,-0.070] scaled=[-0.029,-0.211] s=3.66
[INFO] [1789405610.863691424] [acados_nmpc_node]: [attach-window] t=132.65s pos_err=0.051m T=22.09N z=6.195 m_est=2.251
[INFO] [1789405610.918946668] [acados_nmpc_node]: [attach-window] t=132.70s pos_err=0.036m T=22.10N z=6.188 m_est=2.251
[INFO] [1789405610.963772521] [acados_nmpc_node]: [attach-window] t=132.75s pos_err=0.046m T=22.10N z=6.183 m_est=2.252
[INFO] [1789405611.019242175] [acados_nmpc_node]: [attach-window] t=132.80s pos_err=0.045m T=22.11N z=6.177 m_est=2.252
[INFO] [1789405611.019641661] [acados_nmpc_node]: [wcmd] raw=[-0.010,+0.006,-0.052] w=[-0.010,-0.077,-0.082] err=[-0.001,+0.082] scaled=[-0.012,+0.225] s=3.66
[INFO] [1789405611.063821367] [acados_nmpc_node]: [attach-window] t=132.85s pos_err=0.054m T=22.10N z=6.172 m_est=2.252
[INFO] [1789405611.119301166] [acados_nmpc_node]: [attach-window] t=132.90s pos_err=0.039m T=22.12N z=6.165 m_est=2.252
[INFO] [1789405611.163705109] [acados_nmpc_node]: [attach-window] t=132.95s pos_err=0.063m T=22.10N z=6.161 m_est=2.252
[INFO] [1789405611.219414669] [acados_nmpc_node]: [attach-window] t=133.00s pos_err=0.047m T=22.08N z=6.154 m_est=2.252
[INFO] [1789405611.219818544] [acados_nmpc_node]: [wcmd] raw=[-0.010,-0.026,-0.040] w=[-0.011,+0.045,-0.033] err=[+0.002,-0.071] scaled=[-0.005,-0.214] s=3.66
[INFO] [1789405611.263710094] [acados_nmpc_node]: [attach-window] t=133.05s pos_err=0.056m T=22.08N z=6.150 m_est=2.252
[INFO] [1789405611.319327069] [acados_nmpc_node]: [attach-window] t=133.10s pos_err=0.041m T=22.09N z=6.142 m_est=2.252
[INFO] [1789405611.363819454] [acados_nmpc_node]: [attach-window] t=133.15s pos_err=0.065m T=22.07N z=6.139 m_est=2.252
[INFO] [1789405611.419521317] [acados_nmpc_node]: [attach-window] t=133.20s pos_err=0.049m T=22.07N z=6.132 m_est=2.252
[INFO] [1789405611.419924574] [acados_nmpc_node]: [wcmd] raw=[-0.015,+0.007,-0.034] w=[-0.012,-0.070,-0.059] err=[-0.003,+0.077] scaled=[-0.022,+0.214] s=3.66
[INFO] [1789405611.463707569] [acados_nmpc_node]: [attach-window] t=133.25s pos_err=0.058m T=22.04N z=6.128 m_est=2.252
[INFO] [1789405611.519812766] [acados_nmpc_node]: [attach-window] t=133.30s pos_err=0.042m T=22.03N z=6.122 m_est=2.252
[INFO] [1789405611.563847233] [acados_nmpc_node]: [attach-window] t=133.35s pos_err=0.065m T=22.01N z=6.119 m_est=2.252
[INFO] [1789405611.619499613] [acados_nmpc_node]: [attach-window] t=133.40s pos_err=0.034m T=21.96N z=6.113 m_est=2.252
[INFO] [1789405611.619918787] [acados_nmpc_node]: [wcmd] raw=[-0.011,-0.085,-0.029] w=[-0.014,-0.003,-0.031] err=[+0.003,-0.082] scaled=[-0.004,-0.302] s=3.66
[INFO] [1789405611.663906537] [acados_nmpc_node]: [attach-window] t=133.45s pos_err=0.057m T=21.93N z=6.111 m_est=2.252
[INFO] [1789405611.719540393] [acados_nmpc_node]: [attach-window] t=133.50s pos_err=0.041m T=21.90N z=6.106 m_est=2.253
[INFO] [1789405611.763729769] [acados_nmpc_node]: [attach-window] t=133.55s pos_err=0.065m T=21.86N z=6.103 m_est=2.252
[INFO] [1789405611.819431911] [acados_nmpc_node]: [attach-window] t=133.60s pos_err=0.049m T=21.88N z=6.098 m_est=2.252
[INFO] [1789405611.819833359] [acados_nmpc_node]: [wcmd] raw=[-0.013,+0.024,-0.016] w=[-0.008,-0.014,-0.021] err=[-0.005,+0.038] scaled=[-0.026,+0.125] s=3.66
[INFO] [1789405611.863725965] [acados_nmpc_node]: [attach-window] t=133.65s pos_err=0.057m T=21.87N z=6.094 m_est=2.252
[INFO] [1789405611.919286972] [acados_nmpc_node]: [attach-window] t=133.70s pos_err=0.041m T=21.88N z=6.088 m_est=2.252
[INFO] [1789405611.963805849] [acados_nmpc_node]: [attach-window] t=133.75s pos_err=0.065m T=21.89N z=6.085 m_est=2.252
[INFO] [1789405612.019068515] [acados_nmpc_node]: [attach-window] t=133.80s pos_err=0.048m T=21.89N z=6.079 m_est=2.252
[INFO] [1789405612.019488102] [acados_nmpc_node]: [wcmd] raw=[-0.018,-0.049,-0.023] w=[-0.018,-0.084,-0.042] err=[+0.000,+0.035] scaled=[-0.017,+0.046] s=3.66
[INFO] [1789405612.063799040] [acados_nmpc_node]: [attach-window] t=133.85s pos_err=0.057m T=21.88N z=6.075 m_est=2.252
[INFO] [1789405612.119111362] [acados_nmpc_node]: [attach-window] t=133.90s pos_err=0.042m T=21.90N z=6.068 m_est=2.252
[INFO] [1789405612.163689062] [acados_nmpc_node]: [attach-window] t=133.95s pos_err=0.065m T=21.89N z=6.065 m_est=2.251
[INFO] [1789405612.219753080] [acados_nmpc_node]: [attach-window] t=134.00s pos_err=0.050m T=21.93N z=6.058 m_est=2.251
[INFO] [1789405612.220165373] [acados_nmpc_node]: [wcmd] raw=[-0.009,-0.006,-0.003] w=[-0.011,+0.066,+0.016] err=[+0.002,-0.072] scaled=[-0.004,-0.196] s=3.66
[INFO] [1789405612.263783147] [acados_nmpc_node]: [attach-window] t=134.05s pos_err=0.057m T=21.94N z=6.053 m_est=2.251
[INFO] [1789405612.319380160] [acados_nmpc_node]: [attach-window] t=134.10s pos_err=0.043m T=21.96N z=6.046 m_est=2.250
[INFO] [1789405612.363693867] [acados_nmpc_node]: [attach-window] t=134.15s pos_err=0.063m T=21.97N z=6.042 m_est=2.250
[INFO] [1789405612.419393494] [acados_nmpc_node]: [attach-window] t=134.20s pos_err=0.048m T=22.00N z=6.034 m_est=2.250
[INFO] [1789405612.419799276] [acados_nmpc_node]: [wcmd] raw=[-0.004,-0.018,-0.010] w=[-0.004,-0.137,-0.047] err=[+0.000,+0.119] scaled=[-0.003,+0.300] s=3.66
[INFO] [1789405612.463762587] [acados_nmpc_node]: [attach-window] t=134.25s pos_err=0.054m T=21.97N z=6.029 m_est=2.249
[INFO] [1789405612.519236530] [acados_nmpc_node]: [attach-window] t=134.30s pos_err=0.040m T=22.00N z=6.022 m_est=2.249
[INFO] [1789405612.563695422] [acados_nmpc_node]: [attach-window] t=134.35s pos_err=0.059m T=21.98N z=6.018 m_est=2.248
[INFO] [1789405612.619402072] [acados_nmpc_node]: [attach-window] t=134.40s pos_err=0.032m T=21.97N z=6.010 m_est=2.248
[INFO] [1789405612.619798350] [acados_nmpc_node]: [wcmd] raw=[+0.012,-0.087,+0.005] w=[+0.005,+0.074,+0.030] err=[+0.007,-0.161] scaled=[+0.031,-0.516] s=3.66
[INFO] [1789405612.663645732] [acados_nmpc_node]: [attach-window] t=134.45s pos_err=0.049m T=21.96N z=6.007 m_est=2.248
[INFO] [1789405612.719307102] [acados_nmpc_node]: [attach-window] t=134.50s pos_err=0.034m T=21.94N z=6.000 m_est=2.247
[INFO] [1789405612.763825250] [acados_nmpc_node]: [attach-window] t=134.55s pos_err=0.040m T=21.90N z=5.996 m_est=2.247
[INFO] [1789405612.817188252] [acados_nmpc_node]: [attach-window] t=134.60s pos_err=0.035m T=21.90N z=5.991 m_est=2.247
[INFO] [1789405612.817506948] [acados_nmpc_node]: [wcmd] raw=[+0.012,+0.027,+0.011] w=[+0.017,-0.085,-0.014] err=[-0.005,+0.113] scaled=[-0.001,+0.328] s=3.66
[INFO] [1789405612.863161852] [acados_nmpc_node]: [attach-window] t=134.65s pos_err=0.044m T=21.90N z=5.986 m_est=2.247
[INFO] [1789405612.916971433] [acados_nmpc_node]: [attach-window] t=134.70s pos_err=0.026m T=21.95N z=5.979 m_est=2.246
[INFO] [1789405612.963837535] [acados_nmpc_node]: [attach-window] t=134.75s pos_err=0.049m T=21.94N z=5.976 m_est=2.246
[INFO] [1789405613.019193245] [acados_nmpc_node]: [attach-window] t=134.80s pos_err=0.020m T=21.95N z=5.968 m_est=2.246
[INFO] [1789405613.019592998] [acados_nmpc_node]: [wcmd] raw=[+0.001,-0.084,+0.012] w=[+0.009,+0.022,+0.021] err=[-0.008,-0.106] scaled=[-0.020,-0.366] s=3.66
[INFO] [1789405613.063811497] [acados_nmpc_node]: [attach-window] t=134.85s pos_err=0.039m T=21.94N z=5.964 m_est=2.246
[INFO] [1789405613.119315147] [acados_nmpc_node]: [attach-window] t=134.90s pos_err=0.024m T=21.96N z=5.956 m_est=2.246
[INFO] [1789405613.163770657] [acados_nmpc_node]: [attach-window] t=134.95s pos_err=0.046m T=21.92N z=5.953 m_est=2.245
[INFO] [1789405613.219182725] [acados_nmpc_node]: [attach-window] t=135.00s pos_err=0.031m T=21.97N z=5.945 m_est=2.245
[INFO] [1789405613.219591953] [acados_nmpc_node]: [wcmd] raw=[-0.010,+0.045,+0.027] w=[-0.006,+0.002,+0.021] err=[-0.003,+0.044] scaled=[-0.018,+0.161] s=3.66
[INFO] [1789405613.263698296] [acados_nmpc_node]: [attach-window] t=135.05s pos_err=0.039m T=21.97N z=5.940 m_est=2.245
[INFO] [1789405613.319643770] [acados_nmpc_node]: [attach-window] t=135.10s pos_err=0.024m T=21.98N z=5.932 m_est=2.245
[INFO] [1789405613.363794895] [acados_nmpc_node]: [attach-window] t=135.15s pos_err=0.047m T=21.97N z=5.928 m_est=2.245
[INFO] [1789405613.419440743] [acados_nmpc_node]: [attach-window] t=135.20s pos_err=0.031m T=21.98N z=5.921 m_est=2.245
[INFO] [1789405613.419851685] [acados_nmpc_node]: [wcmd] raw=[-0.012,-0.046,+0.019] w=[-0.015,-0.084,-0.009] err=[+0.003,+0.037] scaled=[-0.004,+0.053] s=3.65
[INFO] [1789405613.463790420] [acados_nmpc_node]: [attach-window] t=135.25s pos_err=0.040m T=21.95N z=5.916 m_est=2.244
[INFO] [1789405613.519392499] [acados_nmpc_node]: [attach-window] t=135.30s pos_err=0.025m T=21.97N z=5.908 m_est=2.244
[INFO] [1789405613.563945757] [acados_nmpc_node]: [attach-window] t=135.35s pos_err=0.049m T=21.96N z=5.904 m_est=2.244
[INFO] [1789405613.619498982] [acados_nmpc_node]: [attach-window] t=135.40s pos_err=0.033m T=22.00N z=5.896 m_est=2.244
[INFO] [1789405613.619907242] [acados_nmpc_node]: [wcmd] raw=[-0.002,-0.003,+0.045] w=[-0.010,+0.089,+0.059] err=[+0.008,-0.092] scaled=[+0.020,-0.245] s=3.63
[INFO] [1789405613.663800547] [acados_nmpc_node]: [attach-window] t=135.45s pos_err=0.041m T=22.01N z=5.891 m_est=2.244
[INFO] [1789405613.719432398] [acados_nmpc_node]: [attach-window] t=135.50s pos_err=0.025m T=22.03N z=5.883 m_est=2.244
[INFO] [1789405613.763870433] [acados_nmpc_node]: [attach-window] t=135.55s pos_err=0.049m T=22.03N z=5.879 m_est=2.244
[INFO] [1789405613.819458203] [acados_nmpc_node]: [attach-window] t=135.60s pos_err=0.034m T=22.05N z=5.872 m_est=2.244
[INFO] [1789405613.819855630] [acados_nmpc_node]: [wcmd] raw=[+0.005,-0.008,+0.041] w=[+0.002,-0.154,-0.013] err=[+0.003,+0.146] scaled=[+0.013,+0.373] s=3.61
[INFO] [1789405613.863820050] [acados_nmpc_node]: [attach-window] t=135.65s pos_err=0.044m T=22.02N z=5.867 m_est=2.244
[INFO] [1789405613.919272549] [acados_nmpc_node]: [attach-window] t=135.70s pos_err=0.029m T=22.04N z=5.859 m_est=2.244
[INFO] [1789405613.963842341] [acados_nmpc_node]: [attach-window] t=135.75s pos_err=0.053m T=22.01N z=5.855 m_est=2.244
[INFO] [1789405614.019331400] [acados_nmpc_node]: [attach-window] t=135.80s pos_err=0.039m T=22.00N z=5.848 m_est=2.244
[INFO] [1789405614.019731167] [acados_nmpc_node]: [wcmd] raw=[+0.002,-0.042,+0.059] w=[+0.006,+0.101,+0.082] err=[-0.004,-0.143] scaled=[-0.007,-0.413] s=3.60
[INFO] [1789405614.063857316] [acados_nmpc_node]: [attach-window] t=135.85s pos_err=0.047m T=22.00N z=5.844 m_est=2.244
[INFO] [1789405614.064347476] [acados_nmpc_node]: t=135.8s | pos_err=0.047m | T=22.00N | tau=[r-0.178 p-0.051 y-0.004]Nm | res_stat=4.556e-07(peak 9.997e-07) sqp_iter=3 | solve=1.6ms
[INFO] [1789405614.064552699] [acados_nmpc_node]: [flight-diag] t=135.8s | om_scale=3.602(lo 3.602 hi 3.663) | tilt_max=3.25deg | w_max=[r0.020 p0.154 y0.173]rad/s | u_frac=[T0.706 r0.384 p0.443 y0.111] | u_sat=[T0.0 r0.0 p0.0 y0.0]% | mot_peak=0.883 mot_sat=0.0% | health=1 age=0.000s conf=0.000 | n=100
[INFO] [1789405614.119195798] [acados_nmpc_node]: [attach-window] t=135.90s pos_err=0.033m T=22.02N z=5.837 m_est=2.244
[INFO] [1789405614.163834892] [acados_nmpc_node]: [attach-window] t=135.95s pos_err=0.056m T=21.99N z=5.834 m_est=2.244
[INFO] [1789405614.219484670] [acados_nmpc_node]: [attach-window] t=136.00s pos_err=0.042m T=22.00N z=5.827 m_est=2.244
[INFO] [1789405614.219884803] [acados_nmpc_node]: [wcmd] raw=[-0.012,+0.021,+0.064] w=[-0.009,-0.114,+0.020] err=[-0.003,+0.135] scaled=[-0.018,+0.371] s=3.60
[INFO] [1789405614.263729858] [acados_nmpc_node]: [attach-window] t=136.05s pos_err=0.050m T=21.99N z=5.822 m_est=2.244
[INFO] [1789405614.319213287] [acados_nmpc_node]: [attach-window] t=136.10s pos_err=0.035m T=22.02N z=5.815 m_est=2.244
[INFO] [1789405614.363817996] [acados_nmpc_node]: [attach-window] t=136.15s pos_err=0.057m T=22.00N z=5.811 m_est=2.244
[INFO] [1789405614.419105599] [acados_nmpc_node]: [attach-window] t=136.20s pos_err=0.042m T=22.00N z=5.804 m_est=2.244
[INFO] [1789405614.419509058] [acados_nmpc_node]: [wcmd] raw=[-0.015,-0.062,+0.070] w=[-0.017,+0.021,+0.070] err=[+0.002,-0.083] scaled=[-0.010,-0.277] s=3.59
[INFO] [1789405614.463799570] [acados_nmpc_node]: [attach-window] t=136.25s pos_err=0.050m T=21.99N z=5.800 m_est=2.244
[INFO] [1789405614.519139994] [acados_nmpc_node]: [attach-window] t=136.30s pos_err=0.035m T=22.02N z=5.793 m_est=2.244
[INFO] [1789405614.563985952] [acados_nmpc_node]: [attach-window] t=136.35s pos_err=0.057m T=21.98N z=5.790 m_est=2.244
[INFO] [1789405614.619522505] [acados_nmpc_node]: [attach-window] t=136.40s pos_err=0.042m T=22.02N z=5.783 m_est=2.244
[INFO] [1789405614.619916219] [acados_nmpc_node]: [wcmd] raw=[-0.015,+0.022,+0.087] w=[-0.019,-0.022,+0.070] err=[+0.004,+0.044] scaled=[-0.005,+0.136] s=3.59
[INFO] [1789405614.663727201] [acados_nmpc_node]: [attach-window] t=136.45s pos_err=0.049m T=22.01N z=5.778 m_est=2.244
[INFO] [1789405614.719624853] [acados_nmpc_node]: [attach-window] t=136.50s pos_err=0.035m T=22.03N z=5.771 m_est=2.244
[INFO] [1789405614.764127760] [acados_nmpc_node]: [attach-window] t=136.55s pos_err=0.056m T=22.02N z=5.767 m_est=2.244
[INFO] [1789405614.819391990] [acados_nmpc_node]: [attach-window] t=136.60s pos_err=0.041m T=22.04N z=5.760 m_est=2.244
[INFO] [1789405614.819806713] [acados_nmpc_node]: [wcmd] raw=[-0.010,-0.044,+0.085] w=[-0.015,-0.066,+0.061] err=[+0.004,+0.022] scaled=[+0.000,+0.014] s=3.59
[INFO] [1789405614.863887475] [acados_nmpc_node]: [attach-window] t=136.65s pos_err=0.049m T=22.02N z=5.755 m_est=2.244
[INFO] [1789405614.919240065] [acados_nmpc_node]: [attach-window] t=136.70s pos_err=0.035m T=22.04N z=5.748 m_est=2.244
[INFO] [1789405614.964153171] [acados_nmpc_node]: [attach-window] t=136.75s pos_err=0.056m T=22.02N z=5.745 m_est=2.244
[INFO] [1789405615.019653102] [acados_nmpc_node]: [attach-window] t=136.80s pos_err=0.043m T=22.05N z=5.738 m_est=2.244
[INFO] [1789405615.020068984] [acados_nmpc_node]: [wcmd] raw=[-0.002,+0.004,+0.107] w=[-0.008,+0.062,+0.114] err=[+0.006,-0.058] scaled=[+0.013,-0.145] s=3.58
[INFO] [1789405615.063760899] [acados_nmpc_node]: [attach-window] t=136.85s pos_err=0.051m T=22.03N z=5.734 m_est=2.244
[INFO] [1789405615.119381445] [acados_nmpc_node]: [attach-window] t=136.90s pos_err=0.037m T=22.04N z=5.727 m_est=2.244
[INFO] [1789405615.164014651] [acados_nmpc_node]: [attach-window] t=136.95s pos_err=0.059m T=22.03N z=5.724 m_est=2.244
[INFO] [1789405615.219551591] [acados_nmpc_node]: [attach-window] t=137.00s pos_err=0.046m T=22.05N z=5.717 m_est=2.245
[INFO] [1789405615.219977008] [acados_nmpc_node]: [wcmd] raw=[-0.014,-0.001,+0.107] w=[-0.003,-0.102,+0.068] err=[-0.011,+0.101] scaled=[-0.043,+0.261] s=3.58
[INFO] [1789405615.264014036] [acados_nmpc_node]: [attach-window] t=137.05s pos_err=0.054m T=22.02N z=5.713 m_est=2.245
[INFO] [1789405615.319959369] [acados_nmpc_node]: [attach-window] t=137.10s pos_err=0.042m T=22.05N z=5.707 m_est=2.245
[INFO] [1789405615.364138128] [acados_nmpc_node]: [attach-window] t=137.15s pos_err=0.063m T=22.03N z=5.703 m_est=2.245
[INFO] [1789405615.419725604] [acados_nmpc_node]: [attach-window] t=137.20s pos_err=0.050m T=22.04N z=5.697 m_est=2.245
[INFO] [1789405615.420129314] [acados_nmpc_node]: [wcmd] raw=[-0.012,-0.027,+0.126] w=[-0.020,+0.076,+0.133] err=[+0.008,-0.102] scaled=[+0.009,-0.291] s=3.58
[INFO] [1789405615.464053519] [acados_nmpc_node]: [attach-window] t=137.25s pos_err=0.057m T=22.05N z=5.693 m_est=2.245
[INFO] [1789405615.519268384] [acados_nmpc_node]: [attach-window] t=137.30s pos_err=0.044m T=22.08N z=5.686 m_est=2.245
[INFO] [1789405615.564219985] [acados_nmpc_node]: [attach-window] t=137.35s pos_err=0.065m T=22.07N z=5.682 m_est=2.245
[INFO] [1789405615.619512246] [acados_nmpc_node]: [attach-window] t=137.40s pos_err=0.052m T=22.10N z=5.675 m_est=2.245
[INFO] [1789405615.619921541] [acados_nmpc_node]: [wcmd] raw=[+0.009,+0.008,+0.139] w=[-0.004,-0.088,+0.092] err=[+0.013,+0.096] scaled=[+0.044,+0.257] s=3.58
[INFO] [1789405615.663443220] [acados_nmpc_node]: [attach-window] t=137.45s pos_err=0.059m T=22.09N z=5.671 m_est=2.245
[INFO] [1789405615.719236212] [acados_nmpc_node]: [attach-window] t=137.50s pos_err=0.045m T=22.14N z=5.663 m_est=2.245
[INFO] [1789405615.764180494] [acados_nmpc_node]: [attach-window] t=137.55s pos_err=0.065m T=22.12N z=5.660 m_est=2.245
[INFO] [1789405615.819622831] [acados_nmpc_node]: [attach-window] t=137.60s pos_err=0.052m T=22.12N z=5.652 m_est=2.246
[INFO] [1789405615.820044482] [acados_nmpc_node]: [wcmd] raw=[+0.011,-0.048,+0.156] w=[+0.016,+0.011,+0.139] err=[-0.005,-0.060] scaled=[-0.003,-0.203] s=3.58
[INFO] [1789405615.863990853] [acados_nmpc_node]: [attach-window] t=137.65s pos_err=0.059m T=22.12N z=5.648 m_est=2.246
[INFO] [1789405615.919467668] [acados_nmpc_node]: [attach-window] t=137.70s pos_err=0.047m T=22.15N z=5.640 m_est=2.246
[INFO] [1789405615.963452163] [acados_nmpc_node]: [attach-window] t=137.75s pos_err=0.065m T=22.13N z=5.637 m_est=2.246
[INFO] [1789405616.019343587] [acados_nmpc_node]: [attach-window] t=137.80s pos_err=0.053m T=22.16N z=5.630 m_est=2.246
[INFO] [1789405616.019745135] [acados_nmpc_node]: [wcmd] raw=[+0.011,+0.008,+0.179] w=[+0.006,-0.026,+0.145] err=[+0.005,+0.034] scaled=[+0.023,+0.095] s=3.58
[INFO] [1789405616.063942599] [acados_nmpc_node]: [attach-window] t=137.85s pos_err=0.059m T=22.15N z=5.625 m_est=2.246
[INFO] [1789405616.119393961] [acados_nmpc_node]: [attach-window] t=137.90s pos_err=0.047m T=22.17N z=5.618 m_est=2.246
[INFO] [1789405616.163997953] [acados_nmpc_node]: [attach-window] t=137.95s pos_err=0.064m T=22.14N z=5.614 m_est=2.247
[INFO] [1789405616.219460800] [acados_nmpc_node]: [attach-window] t=138.00s pos_err=0.042m T=22.16N z=5.607 m_est=2.247
[INFO] [1789405616.219874262] [acados_nmpc_node]: [wcmd] raw=[+0.000,-0.066,+0.192] w=[+0.007,-0.051,+0.153] err=[-0.006,-0.015] scaled=[-0.016,-0.106] s=3.58
[INFO] [1789405616.263895013] [acados_nmpc_node]: [attach-window] t=138.05s pos_err=0.058m T=22.13N z=5.604 m_est=2.247
[INFO] [1789405616.319431863] [acados_nmpc_node]: [attach-window] t=138.10s pos_err=0.047m T=22.13N z=5.597 m_est=2.248
[INFO] [1789405616.363993555] [acados_nmpc_node]: [attach-window] t=138.15s pos_err=0.052m T=22.12N z=5.593 m_est=2.248
[INFO] [1789405616.419569433] [acados_nmpc_node]: [attach-window] t=138.20s pos_err=0.051m T=22.12N z=5.588 m_est=2.248
[INFO] [1789405616.419973655] [acados_nmpc_node]: [wcmd] raw=[-0.009,+0.009,+0.222] w=[-0.016,+0.033,+0.201] err=[+0.007,-0.024] scaled=[+0.009,-0.052] s=3.58
[INFO] [1789405616.464104472] [acados_nmpc_node]: [attach-window] t=138.25s pos_err=0.056m T=22.11N z=5.584 m_est=2.248
[INFO] [1789405616.519356575] [acados_nmpc_node]: [attach-window] t=138.30s pos_err=0.046m T=22.13N z=5.578 m_est=2.249
[INFO] [1789405616.564051457] [acados_nmpc_node]: [attach-window] t=138.35s pos_err=0.051m T=22.14N z=5.574 m_est=2.249
[INFO] [1789405616.619741270] [acados_nmpc_node]: [attach-window] t=138.40s pos_err=0.050m T=22.14N z=5.569 m_est=2.249
[INFO] [1789405616.620145142] [acados_nmpc_node]: [wcmd] raw=[-0.008,-0.003,+0.234] w=[-0.012,-0.056,+0.189] err=[+0.004,+0.054] scaled=[+0.003,+0.135] s=3.58
[INFO] [1789405616.664000957] [acados_nmpc_node]: [attach-window] t=138.45s pos_err=0.056m T=22.12N z=5.565 m_est=2.249
[INFO] [1789405616.717170549] [acados_nmpc_node]: [attach-window] t=138.50s pos_err=0.045m T=22.13N z=5.560 m_est=2.250
[INFO] [1789405616.763942599] [acados_nmpc_node]: [attach-window] t=138.55s pos_err=0.051m T=22.11N z=5.557 m_est=2.250
[INFO] [1789405616.819477081] [acados_nmpc_node]: [attach-window] t=138.60s pos_err=0.051m T=22.09N z=5.552 m_est=2.250
[INFO] [1789405616.819888844] [acados_nmpc_node]: [wcmd] raw=[-0.008,+0.002,+0.262] w=[-0.010,+0.056,+0.247] err=[+0.002,-0.054] scaled=[-0.003,-0.139] s=3.58
[INFO] [1789405616.863906938] [acados_nmpc_node]: [attach-window] t=138.65s pos_err=0.056m T=22.09N z=5.549 m_est=2.251
[INFO] [1789405616.919468878] [acados_nmpc_node]: [attach-window] t=138.70s pos_err=0.047m T=22.11N z=5.543 m_est=2.251
[INFO] [1789405616.964090322] [acados_nmpc_node]: [attach-window] t=138.75s pos_err=0.052m T=22.11N z=5.540 m_est=2.251
[INFO] [1789405617.020072724] [acados_nmpc_node]: [attach-window] t=138.80s pos_err=0.043m T=22.14N z=5.534 m_est=2.251
[INFO] [1789405617.020530840] [acados_nmpc_node]: [wcmd] raw=[-0.002,-0.015,+0.284] w=[-0.013,-0.032,+0.238] err=[+0.011,+0.016] scaled=[+0.026,+0.027] s=3.59
[INFO] [1789405617.064138248] [acados_nmpc_node]: [attach-window] t=138.85s pos_err=0.055m T=22.13N z=5.531 m_est=2.251
[INFO] [1789405617.119848265] [acados_nmpc_node]: [attach-window] t=138.90s pos_err=0.046m T=22.15N z=5.525 m_est=2.252
[INFO] [1789405617.164155386] [acados_nmpc_node]: [attach-window] t=138.95s pos_err=0.050m T=22.15N z=5.522 m_est=2.252
[INFO] [1789405617.220034906] [acados_nmpc_node]: [attach-window] t=139.00s pos_err=0.048m T=22.15N z=5.517 m_est=2.252
[INFO] [1789405617.220490979] [acados_nmpc_node]: [wcmd] raw=[-0.014,-0.014,+0.316] w=[-0.007,+0.016,+0.276] err=[-0.007,-0.030] scaled=[-0.032,-0.093] s=3.62
[INFO] [1789405617.264151762] [acados_nmpc_node]: [attach-window] t=139.05s pos_err=0.051m T=22.15N z=5.513 m_est=2.252
[INFO] [1789405617.319778078] [acados_nmpc_node]: [attach-window] t=139.10s pos_err=0.040m T=22.18N z=5.508 m_est=2.252
[INFO] [1789405617.364088155] [acados_nmpc_node]: [attach-window] t=139.15s pos_err=0.051m T=22.16N z=5.505 m_est=2.252
[INFO] [1789405617.419664379] [acados_nmpc_node]: [attach-window] t=139.20s pos_err=0.040m T=22.18N z=5.499 m_est=2.252
[INFO] [1789405617.420078836] [acados_nmpc_node]: [wcmd] raw=[-0.014,-0.017,+0.347] w=[-0.023,-0.033,+0.289] err=[+0.009,+0.016] scaled=[+0.009,+0.025] s=3.63
[INFO] [1789405617.463992959] [acados_nmpc_node]: [attach-window] t=139.25s pos_err=0.043m T=22.17N z=5.496 m_est=2.252
[INFO] [1789405617.519327895] [acados_nmpc_node]: [attach-window] t=139.30s pos_err=0.033m T=22.19N z=5.490 m_est=2.252
[INFO] [1789405617.563358656] [acados_nmpc_node]: [attach-window] t=139.35s pos_err=0.043m T=22.17N z=5.487 m_est=2.252
[INFO] [1789405617.617122535] [acados_nmpc_node]: [attach-window] t=139.40s pos_err=0.032m T=22.18N z=5.482 m_est=2.253
[INFO] [1789405617.617434888] [acados_nmpc_node]: [wcmd] raw=[-0.004,-0.031,+0.376] w=[-0.011,-0.029,+0.323] err=[+0.007,-0.001] scaled=[+0.013,-0.034] s=3.64
[INFO] [1789405617.663947386] [acados_nmpc_node]: [attach-window] t=139.45s pos_err=0.036m T=22.17N z=5.478 m_est=2.253
[INFO] [1789405617.719202214] [acados_nmpc_node]: [attach-window] t=139.50s pos_err=0.027m T=22.18N z=5.473 m_est=2.253
[INFO] [1789405617.763998800] [acados_nmpc_node]: [attach-window] t=139.55s pos_err=0.038m T=22.16N z=5.470 m_est=2.253
[INFO] [1789405617.819529929] [acados_nmpc_node]: [attach-window] t=139.60s pos_err=0.029m T=22.18N z=5.465 m_est=2.253
[INFO] [1789405617.819943896] [acados_nmpc_node]: [wcmd] raw=[+0.001,+0.000,+0.409] w=[-0.005,+0.000,+0.367] err=[+0.005,-0.000] scaled=[+0.015,-0.000] s=3.65
[INFO] [1789405617.863884115] [acados_nmpc_node]: [attach-window] t=139.65s pos_err=0.033m T=22.18N z=5.461 m_est=2.253
[INFO] [1789405617.919183887] [acados_nmpc_node]: [attach-window] t=139.70s pos_err=0.024m T=22.19N z=5.456 m_est=2.253
[INFO] [1789405617.964021672] [acados_nmpc_node]: [attach-window] t=139.75s pos_err=0.036m T=22.18N z=5.453 m_est=2.253
[INFO] [1789405618.019275491] [acados_nmpc_node]: [attach-window] t=139.80s pos_err=0.028m T=22.20N z=5.448 m_est=2.253
[INFO] [1789405618.019698910] [acados_nmpc_node]: [wcmd] raw=[+0.011,-0.006,+0.429] w=[+0.007,-0.025,+0.388] err=[+0.004,+0.019] scaled=[+0.022,+0.045] s=3.65
[INFO] [1789405618.063743574] [acados_nmpc_node]: [attach-window] t=139.85s pos_err=0.033m T=22.19N z=5.444 m_est=2.254
[INFO] [1789405618.119321578] [acados_nmpc_node]: [attach-window] t=139.90s pos_err=0.026m T=22.21N z=5.438 m_est=2.254
[INFO] [1789405618.163920079] [acados_nmpc_node]: [attach-window] t=139.95s pos_err=0.038m T=22.20N z=5.436 m_est=2.254
[INFO] [1789405618.219464428] [acados_nmpc_node]: [attach-window] t=140.00s pos_err=0.032m T=22.20N z=5.430 m_est=2.254
[INFO] [1789405618.219872338] [acados_nmpc_node]: [wcmd] raw=[+0.007,+0.008,+0.450] w=[+0.011,+0.027,+0.429] err=[-0.005,-0.019] scaled=[-0.006,-0.042] s=3.66
[INFO] [1789405618.263761015] [acados_nmpc_node]: [attach-window] t=140.05s pos_err=0.037m T=22.20N z=5.427 m_est=2.254
[INFO] [1789405618.319450002] [acados_nmpc_node]: [attach-window] t=140.10s pos_err=0.031m T=22.21N z=5.422 m_est=2.255
[INFO] [1789405618.364012872] [acados_nmpc_node]: [attach-window] t=140.15s pos_err=0.043m T=22.19N z=5.420 m_est=2.255
[INFO] [1789405618.419139141] [acados_nmpc_node]: [attach-window] t=140.20s pos_err=0.037m T=22.20N z=5.415 m_est=2.255
[INFO] [1789405618.419548245] [acados_nmpc_node]: [wcmd] raw=[-0.015,+0.018,+0.460] w=[-0.002,-0.014,+0.435] err=[-0.013,+0.032] scaled=[-0.049,+0.104] s=3.66
[INFO] [1789405618.463728661] [acados_nmpc_node]: [attach-window] t=140.25s pos_err=0.043m T=22.19N z=5.412 m_est=2.255
[INFO] [1789405618.519255807] [acados_nmpc_node]: [attach-window] t=140.30s pos_err=0.037m T=22.21N z=5.407 m_est=2.256
[INFO] [1789405618.563995102] [acados_nmpc_node]: [attach-window] t=140.35s pos_err=0.049m T=22.19N z=5.405 m_est=2.256
[INFO] [1789405618.617511699] [acados_nmpc_node]: [attach-window] t=140.40s pos_err=0.041m T=22.18N z=5.400 m_est=2.256
[INFO] [1789405618.617864485] [acados_nmpc_node]: [wcmd] raw=[-0.012,-0.010,+0.462] w=[-0.023,+0.020,+0.459] err=[+0.010,-0.030] scaled=[+0.015,-0.091] s=3.66
[INFO] [1789405618.663359855] [acados_nmpc_node]: [attach-window] t=140.45s pos_err=0.048m T=22.16N z=5.398 m_est=2.256
[INFO] [1789405618.717068960] [acados_nmpc_node]: [attach-window] t=140.50s pos_err=0.039m T=22.17N z=5.393 m_est=2.257
[INFO] [1789405618.763768878] [acados_nmpc_node]: [attach-window] t=140.55s pos_err=0.053m T=22.15N z=5.391 m_est=2.257
[INFO] [1789405618.819212052] [acados_nmpc_node]: [attach-window] t=140.60s pos_err=0.046m T=22.16N z=5.387 m_est=2.257
[INFO] [1789405618.819625527] [acados_nmpc_node]: [wcmd] raw=[+0.002,-0.001,+0.469] w=[-0.009,-0.024,+0.459] err=[+0.011,+0.023] scaled=[+0.030,+0.059] s=3.66
[INFO] [1789405618.863717312] [acados_nmpc_node]: [attach-window] t=140.65s pos_err=0.050m T=22.15N z=5.384 m_est=2.257
[INFO] [1789405618.919266605] [acados_nmpc_node]: [attach-window] t=140.70s pos_err=0.042m T=22.15N z=5.381 m_est=2.257
[INFO] [1789405618.963776110] [acados_nmpc_node]: [attach-window] t=140.75s pos_err=0.053m T=22.13N z=5.379 m_est=2.257
[INFO] [1789405619.019389987] [acados_nmpc_node]: [attach-window] t=140.80s pos_err=0.045m T=22.12N z=5.375 m_est=2.258
[INFO] [1789405619.019796949] [acados_nmpc_node]: [wcmd] raw=[-0.003,-0.029,+0.461] w=[+0.004,-0.026,+0.467] err=[-0.007,-0.003] scaled=[-0.023,-0.037] s=3.69
[INFO] [1789405619.063704526] [acados_nmpc_node]: [attach-window] t=140.85s pos_err=0.049m T=22.11N z=5.373 m_est=2.258
[INFO] [1789405619.064185353] [acados_nmpc_node]: t=140.8s | pos_err=0.049m | T=22.11N | tau=[r-0.176 p0.078 y0.000]Nm | res_stat=5.994e-07(peak 9.997e-07) sqp_iter=3 | solve=1.5ms
[INFO] [1789405619.064383876] [acados_nmpc_node]: [flight-diag] t=140.8s | om_scale=3.689(lo 3.582 hi 3.689) | tilt_max=2.73deg | w_max=[r0.025 p0.123 y0.477]rad/s | u_frac=[T0.709 r0.376 p0.392 y0.125] | u_sat=[T0.0 r0.0 p0.0 y0.0]% | mot_peak=0.878 mot_sat=0.0% | health=1 age=0.000s conf=0.000 | n=100
[INFO] [1789405619.119373343] [acados_nmpc_node]: [attach-window] t=140.90s pos_err=0.040m T=22.13N z=5.369 m_est=2.258
[INFO] [1789405619.163671172] [acados_nmpc_node]: [attach-window] t=140.95s pos_err=0.050m T=22.12N z=5.367 m_est=2.258
[INFO] [1789405619.219160971] [acados_nmpc_node]: [attach-window] t=141.00s pos_err=0.041m T=22.15N z=5.362 m_est=2.258
[INFO] [1789405619.219567499] [acados_nmpc_node]: [wcmd] raw=[-0.000,-0.018,+0.449] w=[-0.008,-0.015,+0.474] err=[+0.008,-0.003] scaled=[+0.022,-0.027] s=3.70
[INFO] [1789405619.263759216] [acados_nmpc_node]: [attach-window] t=141.05s pos_err=0.044m T=22.15N z=5.359 m_est=2.258
[INFO] [1789405619.319424589] [acados_nmpc_node]: [attach-window] t=141.10s pos_err=0.034m T=22.17N z=5.355 m_est=2.258
[INFO] [1789405619.363704545] [acados_nmpc_node]: [attach-window] t=141.15s pos_err=0.045m T=22.18N z=5.352 m_est=2.258
[INFO] [1789405619.419655551] [acados_nmpc_node]: [attach-window] t=141.20s pos_err=0.036m T=22.20N z=5.348 m_est=2.258
[INFO] [1789405619.420069774] [acados_nmpc_node]: [wcmd] raw=[+0.005,-0.019,+0.422] w=[+0.005,-0.046,+0.456] err=[-0.000,+0.027] scaled=[+0.004,+0.055] s=3.72
[INFO] [1789405619.463798299] [acados_nmpc_node]: [attach-window] t=141.25s pos_err=0.039m T=22.19N z=5.344 m_est=2.257
[INFO] [1789405619.519437907] [acados_nmpc_node]: [attach-window] t=141.30s pos_err=0.031m T=22.22N z=5.339 m_est=2.257
[INFO] [1789405619.563963586] [acados_nmpc_node]: [attach-window] t=141.35s pos_err=0.041m T=22.22N z=5.337 m_est=2.257
[INFO] [1789405619.619666651] [acados_nmpc_node]: [attach-window] t=141.40s pos_err=0.034m T=22.23N z=5.332 m_est=2.257
[INFO] [1789405619.620086813] [acados_nmpc_node]: [wcmd] raw=[+0.016,-0.007,+0.393] w=[+0.009,+0.010,+0.458] err=[+0.007,-0.017] scaled=[+0.036,-0.053] s=3.73
[INFO] [1789405619.663752184] [acados_nmpc_node]: [attach-window] t=141.45s pos_err=0.038m T=22.23N z=5.329 m_est=2.257
[INFO] [1789405619.719414572] [acados_nmpc_node]: [attach-window] t=141.50s pos_err=0.032m T=22.23N z=5.325 m_est=2.257
[INFO] [1789405619.763717328] [acados_nmpc_node]: [attach-window] t=141.55s pos_err=0.042m T=22.21N z=5.323 m_est=2.257
[INFO] [1789405619.819375256] [acados_nmpc_node]: [attach-window] t=141.60s pos_err=0.036m T=22.20N z=5.319 m_est=2.257
[INFO] [1789405619.819780023] [acados_nmpc_node]: [wcmd] raw=[+0.006,+0.013,+0.355] w=[+0.018,-0.020,+0.418] err=[-0.011,+0.033] scaled=[-0.025,+0.103] s=3.73
[INFO] [1789405619.863703164] [acados_nmpc_node]: [attach-window] t=141.65s pos_err=0.040m T=22.18N z=5.317 m_est=2.257
[INFO] [1789405619.919168177] [acados_nmpc_node]: [attach-window] t=141.70s pos_err=0.034m T=22.18N z=5.313 m_est=2.257
[INFO] [1789405619.963793491] [acados_nmpc_node]: [attach-window] t=141.75s pos_err=0.044m T=22.17N z=5.312 m_est=2.257
[INFO] [1789405620.019745284] [acados_nmpc_node]: [attach-window] t=141.80s pos_err=0.037m T=22.15N z=5.309 m_est=2.257
[INFO] [1789405620.020165897] [acados_nmpc_node]: [wcmd] raw=[-0.011,-0.004,+0.319] w=[-0.003,+0.015,+0.390] err=[-0.007,-0.018] scaled=[-0.031,-0.053] s=3.74
[INFO] [1789405620.063744454] [acados_nmpc_node]: [attach-window] t=141.85s pos_err=0.040m T=22.14N z=5.307 m_est=2.257
[INFO] [1789405620.119480721] [acados_nmpc_node]: [attach-window] t=141.90s pos_err=0.034m T=22.14N z=5.304 m_est=2.257
[INFO] [1789405620.163926390] [acados_nmpc_node]: [attach-window] t=141.95s pos_err=0.043m T=22.12N z=5.303 m_est=2.257
[INFO] [1789405620.219506236] [acados_nmpc_node]: [attach-window] t=142.00s pos_err=0.035m T=22.12N z=5.300 m_est=2.257
[INFO] [1789405620.219906319] [acados_nmpc_node]: [wcmd] raw=[-0.014,-0.001,+0.290] w=[-0.016,-0.009,+0.346] err=[+0.002,+0.008] scaled=[-0.007,+0.021] s=3.74
[INFO] [1789405620.263713760] [acados_nmpc_node]: [attach-window] t=142.05s pos_err=0.038m T=22.11N z=5.299 m_est=2.257
[INFO] [1789405620.319477908] [acados_nmpc_node]: [attach-window] t=142.10s pos_err=0.031m T=22.10N z=5.296 m_est=2.257
[INFO] [1789405620.363795241] [acados_nmpc_node]: [attach-window] t=142.15s pos_err=0.041m T=22.10N z=5.295 m_est=2.257
[INFO] [1789405620.419555522] [acados_nmpc_node]: [attach-window] t=142.20s pos_err=0.033m T=22.10N z=5.293 m_est=2.257
[INFO] [1789405620.419977548] [acados_nmpc_node]: [wcmd] raw=[-0.000,-0.017,+0.266] w=[-0.011,-0.030,+0.305] err=[+0.011,+0.013] scaled=[+0.029,+0.018] s=3.74
[INFO] [1789405620.463743105] [acados_nmpc_node]: [attach-window] t=142.25s pos_err=0.036m T=22.09N z=5.291 m_est=2.257
[INFO] [1789405620.519206951] [acados_nmpc_node]: [attach-window] t=142.30s pos_err=0.030m T=22.11N z=5.288 m_est=2.257
[INFO] [1789405620.563786008] [acados_nmpc_node]: [attach-window] t=142.35s pos_err=0.040m T=22.11N z=5.287 m_est=2.257
[INFO] [1789405620.619492348] [acados_nmpc_node]: [attach-window] t=142.40s pos_err=0.033m T=22.13N z=5.284 m_est=2.257
[INFO] [1789405620.619920139] [acados_nmpc_node]: [wcmd] raw=[+0.007,-0.007,+0.251] w=[+0.007,+0.002,+0.291] err=[-0.000,-0.009] scaled=[+0.007,-0.032] s=3.74
[INFO] [1789405620.663818023] [acados_nmpc_node]: [attach-window] t=142.45s pos_err=0.036m T=22.13N z=5.282 m_est=2.257
[INFO] [1789405620.719379969] [acados_nmpc_node]: [attach-window] t=142.50s pos_err=0.030m T=22.15N z=5.279 m_est=2.257
[INFO] [1789405620.763784864] [acados_nmpc_node]: [attach-window] t=142.55s pos_err=0.040m T=22.15N z=5.277 m_est=2.257
[INFO] [1789405620.819470799] [acados_nmpc_node]: [attach-window] t=142.60s pos_err=0.032m T=22.17N z=5.274 m_est=2.257
[INFO] [1789405620.819938890] [acados_nmpc_node]: [wcmd] raw=[-0.004,-0.001,+0.234] w=[+0.003,-0.029,+0.258] err=[-0.006,+0.028] scaled=[-0.021,+0.077] s=3.74
[INFO] [1789405620.863984179] [acados_nmpc_node]: [attach-window] t=142.65s pos_err=0.036m T=22.16N z=5.272 m_est=2.257
[INFO] [1789405620.919314792] [acados_nmpc_node]: [attach-window] t=142.70s pos_err=0.029m T=22.17N z=5.268 m_est=2.257
[INFO] [1789405620.963870069] [acados_nmpc_node]: [attach-window] t=142.75s pos_err=0.040m T=22.17N z=5.267 m_est=2.257
[INFO] [1789405621.019804901] [acados_nmpc_node]: [attach-window] t=142.80s pos_err=0.032m T=22.16N z=5.264 m_est=2.256
[INFO] [1789405621.020229289] [acados_nmpc_node]: [wcmd] raw=[-0.003,-0.010,+0.221] w=[-0.007,+0.012,+0.250] err=[+0.004,-0.021] scaled=[+0.008,-0.068] s=3.74
[INFO] [1789405621.063899980] [acados_nmpc_node]: [attach-window] t=142.85s pos_err=0.036m T=22.16N z=5.262 m_est=2.256
[INFO] [1789405621.119637370] [acados_nmpc_node]: [attach-window] t=142.90s pos_err=0.028m T=22.16N z=5.260 m_est=2.256
[INFO] [1789405621.163787332] [acados_nmpc_node]: [attach-window] t=142.95s pos_err=0.039m T=22.16N z=5.258 m_est=2.256
[INFO] [1789405621.219525201] [acados_nmpc_node]: [attach-window] t=143.00s pos_err=0.031m T=22.16N z=5.255 m_est=2.256
[INFO] [1789405621.219937519] [acados_nmpc_node]: [wcmd] raw=[-0.003,-0.004,+0.208] w=[-0.001,-0.024,+0.223] err=[-0.002,+0.020] scaled=[-0.007,+0.052] s=3.74
[INFO] [1789405621.263804188] [acados_nmpc_node]: [attach-window] t=143.05s pos_err=0.034m T=22.16N z=5.254 m_est=2.256
[INFO] [1789405621.319557152] [acados_nmpc_node]: [attach-window] t=143.10s pos_err=0.025m T=22.16N z=5.251 m_est=2.256
[INFO] [1789405621.364171547] [acados_nmpc_node]: [attach-window] t=143.15s pos_err=0.038m T=22.16N z=5.250 m_est=2.256
[INFO] [1789405621.419339717] [acados_nmpc_node]: [attach-window] t=143.20s pos_err=0.028m T=22.14N z=5.248 m_est=2.256
[INFO] [1789405621.419758311] [acados_nmpc_node]: [wcmd] raw=[-0.004,-0.022,+0.195] w=[-0.004,-0.022,+0.210] err=[+0.000,+0.000] scaled=[-0.003,-0.021] s=3.74
[INFO] [1789405621.463748262] [acados_nmpc_node]: [attach-window] t=143.25s pos_err=0.032m T=22.14N z=5.246 m_est=2.256
[INFO] [1789405621.519477543] [acados_nmpc_node]: [attach-window] t=143.30s pos_err=0.023m T=22.15N z=5.244 m_est=2.256
[INFO] [1789405621.563799641] [acados_nmpc_node]: [attach-window] t=143.35s pos_err=0.036m T=22.16N z=5.243 m_est=2.256
[INFO] [1789405621.619779254] [acados_nmpc_node]: [attach-window] t=143.40s pos_err=0.027m T=22.16N z=5.240 m_est=2.256
[INFO] [1789405621.620228276] [acados_nmpc_node]: [wcmd] raw=[-0.003,-0.006,+0.189] w=[-0.005,-0.007,+0.204] err=[+0.001,+0.001] scaled=[+0.001,-0.003] s=3.74
[INFO] [1789405621.663830609] [acados_nmpc_node]: [attach-window] t=143.45s pos_err=0.032m T=22.16N z=5.239 m_est=2.256
[INFO] [1789405621.719321640] [acados_nmpc_node]: [attach-window] t=143.50s pos_err=0.022m T=22.16N z=5.237 m_est=2.255
[INFO] [1789405621.763839558] [acados_nmpc_node]: [attach-window] t=143.55s pos_err=0.037m T=22.17N z=5.236 m_est=2.255
[INFO] [1789405621.819762144] [acados_nmpc_node]: [attach-window] t=143.60s pos_err=0.027m T=22.16N z=5.233 m_est=2.255
[INFO] [1789405621.820181397] [acados_nmpc_node]: [wcmd] raw=[+0.000,-0.007,+0.175] w=[-0.000,-0.033,+0.185] err=[+0.001,+0.026] scaled=[+0.003,+0.063] s=3.74
[INFO] [1789405621.863956336] [acados_nmpc_node]: [attach-window] t=143.65s pos_err=0.033m T=22.15N z=5.232 m_est=2.255
[INFO] [1789405621.919712481] [acados_nmpc_node]: [attach-window] t=143.70s pos_err=0.024m T=22.15N z=5.230 m_est=2.255
[INFO] [1789405621.963795010] [acados_nmpc_node]: [attach-window] t=143.75s pos_err=0.040m T=22.16N z=5.229 m_est=2.255
[INFO] [1789405622.017121223] [acados_nmpc_node]: [attach-window] t=143.80s pos_err=0.029m T=22.14N z=5.228 m_est=2.255
[INFO] [1789405622.017445221] [acados_nmpc_node]: [wcmd] raw=[+0.004,-0.012,+0.169] w=[+0.003,+0.012,+0.189] err=[+0.001,-0.025] scaled=[+0.007,-0.080] s=3.74
[INFO] [1789405622.064017404] [acados_nmpc_node]: [attach-window] t=143.85s pos_err=0.037m T=22.14N z=5.227 m_est=2.255
[INFO] [1789405622.119552580] [acados_nmpc_node]: [attach-window] t=143.90s pos_err=0.028m T=22.14N z=5.225 m_est=2.255
[INFO] [1789405622.163793973] [acados_nmpc_node]: [attach-window] t=143.95s pos_err=0.045m T=22.15N z=5.224 m_est=2.255
[INFO] [1789405622.219639307] [acados_nmpc_node]: [attach-window] t=144.00s pos_err=0.036m T=22.16N z=5.222 m_est=2.255
[INFO] [1789405622.220048211] [acados_nmpc_node]: [wcmd] raw=[+0.010,+0.008,+0.160] w=[+0.006,-0.028,+0.166] err=[+0.003,+0.035] scaled=[+0.019,+0.105] s=3.74
[INFO] [1789405622.263741657] [acados_nmpc_node]: [attach-window] t=144.05s pos_err=0.043m T=22.17N z=5.221 m_est=2.255
[INFO] [1789405622.319709299] [acados_nmpc_node]: [attach-window] t=144.10s pos_err=0.035m T=22.17N z=5.219 m_est=2.255
[INFO] [1789405622.363815616] [acados_nmpc_node]: [attach-window] t=144.15s pos_err=0.041m T=22.17N z=5.218 m_est=2.255
[INFO] [1789405622.419532087] [acados_nmpc_node]: [attach-window] t=144.20s pos_err=0.032m T=22.15N z=5.216 m_est=2.255
[INFO] [1789405622.419946793] [acados_nmpc_node]: [wcmd] raw=[+0.018,-0.050,+0.152] w=[+0.012,-0.003,+0.163] err=[+0.006,-0.048] scaled=[+0.035,-0.181] s=3.74
[INFO] [1789405622.463731326] [acados_nmpc_node]: [attach-window] t=144.25s pos_err=0.049m T=22.16N z=5.216 m_est=2.255
[INFO] [1789405622.519316792] [acados_nmpc_node]: [attach-window] t=144.30s pos_err=0.040m T=22.14N z=5.214 m_est=2.255
[INFO] [1789405622.563718674] [acados_nmpc_node]: [attach-window] t=144.35s pos_err=0.047m T=22.12N z=5.214 m_est=2.255
[INFO] [1789405622.619322817] [acados_nmpc_node]: [attach-window] t=144.40s pos_err=0.038m T=22.12N z=5.213 m_est=2.255
[INFO] [1789405622.619724444] [acados_nmpc_node]: [wcmd] raw=[+0.018,-0.015,+0.152] w=[+0.014,+0.021,+0.167] err=[+0.004,-0.035] scaled=[+0.028,-0.112] s=3.74
[INFO] [1789405622.663687562] [acados_nmpc_node]: [attach-window] t=144.45s pos_err=0.054m T=22.12N z=5.212 m_est=2.255
[INFO] [1789405622.719303352] [acados_nmpc_node]: [attach-window] t=144.50s pos_err=0.045m T=22.09N z=5.211 m_est=2.255
[INFO] [1789405622.763689103] [acados_nmpc_node]: [attach-window] t=144.55s pos_err=0.061m T=22.10N z=5.211 m_est=2.255
[INFO] [1789405622.819215646] [acados_nmpc_node]: [attach-window] t=144.60s pos_err=0.052m T=22.10N z=5.210 m_est=2.255
[INFO] [1789405622.819617724] [acados_nmpc_node]: [wcmd] raw=[-0.001,-0.001,+0.143] w=[+0.006,-0.054,+0.136] err=[-0.007,+0.052] scaled=[-0.021,+0.143] s=3.74
[INFO] [1789405622.863681693] [acados_nmpc_node]: [attach-window] t=144.65s pos_err=0.058m T=22.09N z=5.210 m_est=2.255
[INFO] [1789405622.919466754] [acados_nmpc_node]: [attach-window] t=144.70s pos_err=0.048m T=22.10N z=5.209 m_est=2.255
[INFO] [1789405622.963999448] [acados_nmpc_node]: [attach-window] t=144.75s pos_err=0.063m T=22.12N z=5.209 m_est=2.255
[INFO] [1789405623.019935986] [acados_nmpc_node]: [attach-window] t=144.80s pos_err=0.053m T=22.11N z=5.207 m_est=2.255
[INFO] [1789405623.020394678] [acados_nmpc_node]: [wcmd] raw=[-0.011,-0.033,+0.144] w=[-0.011,+0.002,+0.148] err=[+0.000,-0.035] scaled=[-0.010,-0.129] s=3.74
[INFO] [1789405623.063880088] [acados_nmpc_node]: [attach-window] t=144.85s pos_err=0.058m T=22.13N z=5.207 m_est=2.255
[INFO] [1789405623.119519773] [acados_nmpc_node]: [attach-window] t=144.90s pos_err=0.048m T=22.15N z=5.205 m_est=2.255
[INFO] [1789405623.163755663] [acados_nmpc_node]: [attach-window] t=144.95s pos_err=0.062m T=22.16N z=5.205 m_est=2.255
[INFO] [1789405623.219417347] [acados_nmpc_node]: [attach-window] t=145.00s pos_err=0.052m T=22.17N z=5.204 m_est=2.254
[INFO] [1789405623.219825735] [acados_nmpc_node]: [wcmd] raw=[-0.003,-0.006,+0.145] w=[-0.017,-0.038,+0.135] err=[+0.014,+0.032] scaled=[+0.035,+0.081] s=3.74
[INFO] [1789405623.263763246] [acados_nmpc_node]: [attach-window] t=145.05s pos_err=0.057m T=22.17N z=5.203 m_est=2.254
[INFO] [1789405623.319553178] [acados_nmpc_node]: [attach-window] t=145.10s pos_err=0.048m T=22.17N z=5.202 m_est=2.254
[INFO] [1789405623.363721782] [acados_nmpc_node]: [attach-window] t=145.15s pos_err=0.053m T=22.18N z=5.201 m_est=2.254
[INFO] [1789405623.419579879] [acados_nmpc_node]: [attach-window] t=145.20s pos_err=0.053m T=22.18N z=5.200 m_est=2.254
[INFO] [1789405623.419984924] [acados_nmpc_node]: [wcmd] raw=[+0.012,-0.022,+0.143] w=[+0.002,-0.033,+0.138] err=[+0.009,+0.011] scaled=[+0.037,+0.008] s=3.74
[INFO] [1789405623.463779202] [acados_nmpc_node]: [attach-window] t=145.25s pos_err=0.059m T=22.18N z=5.200 m_est=2.254
[INFO] [1789405623.519252770] [acados_nmpc_node]: [attach-window] t=145.30s pos_err=0.051m T=22.16N z=5.199 m_est=2.254
[INFO] [1789405623.563861791] [acados_nmpc_node]: [attach-window] t=145.35s pos_err=0.066m T=22.16N z=5.199 m_est=2.254
[INFO] [1789405623.617118175] [acados_nmpc_node]: [attach-window] t=145.40s pos_err=0.056m T=22.14N z=5.199 m_est=2.254
[INFO] [1789405623.617456375] [acados_nmpc_node]: [wcmd] raw=[+0.011,+0.006,+0.148] w=[+0.013,+0.048,+0.165] err=[-0.002,-0.042] scaled=[+0.005,-0.109] s=3.74
[INFO] [1789405623.664049447] [acados_nmpc_node]: [attach-window] t=145.45s pos_err=0.064m T=22.13N z=5.199 m_est=2.254
[INFO] [1789405623.719456034] [acados_nmpc_node]: [attach-window] t=145.50s pos_err=0.056m T=22.10N z=5.199 m_est=2.254
[INFO] [1789405623.763918268] [acados_nmpc_node]: [attach-window] t=145.55s pos_err=0.071m T=22.10N z=5.200 m_est=2.254
[INFO] [1789405623.820123596] [acados_nmpc_node]: [attach-window] t=145.60s pos_err=0.064m T=22.07N z=5.201 m_est=2.254
[INFO] [1789405623.820608896] [acados_nmpc_node]: [wcmd] raw=[-0.006,+0.010,+0.138] w=[-0.002,-0.079,+0.118] err=[-0.003,+0.089] scaled=[-0.015,+0.255] s=3.74
[INFO] [1789405623.864021970] [acados_nmpc_node]: [attach-window] t=145.65s pos_err=0.070m T=22.04N z=5.202 m_est=2.254
[INFO] [1789405623.919714086] [acados_nmpc_node]: [attach-window] t=145.70s pos_err=0.062m T=22.02N z=5.204 m_est=2.254
[INFO] [1789405623.964126811] [acados_nmpc_node]: [attach-window] t=145.75s pos_err=0.078m T=22.02N z=5.204 m_est=2.254
[INFO] [1789405624.019526954] [acados_nmpc_node]: [attach-window] t=145.80s pos_err=0.069m T=22.00N z=5.206 m_est=2.254
[INFO] [1789405624.019948956] [acados_nmpc_node]: [wcmd] raw=[-0.004,-0.019,+0.144] w=[-0.013,+0.069,+0.162] err=[+0.009,-0.088] scaled=[+0.020,-0.261] s=3.74
[INFO] [1789405624.063794414] [acados_nmpc_node]: [attach-window] t=145.85s pos_err=0.075m T=22.01N z=5.207 m_est=2.253
[INFO] [1789405624.064288254] [acados_nmpc_node]: t=145.8s | pos_err=0.075m | T=22.01N | tau=[r-0.163 p-0.025 y-0.002]Nm | res_stat=5.626e-07(peak 9.997e-07) sqp_iter=3 | solve=1.6ms
[INFO] [1789405624.064493826] [acados_nmpc_node]: [flight-diag] t=145.8s | om_scale=3.744(lo 3.693 hi 3.744) | tilt_max=2.65deg | w_max=[r0.018 p0.082 y0.477]rad/s | u_frac=[T0.709 r0.362 p0.279 y0.162] | u_sat=[T0.0 r0.0 p0.0 y0.0]% | mot_peak=0.860 mot_sat=0.0% | health=1 age=0.000s conf=0.000 | n=100
[INFO] [1789405624.117066169] [acados_nmpc_node]: [attach-window] t=145.90s pos_err=0.065m T=22.01N z=5.208 m_est=2.253
[INFO] [1789405624.163156516] [acados_nmpc_node]: [attach-window] t=145.95s pos_err=0.082m T=22.02N z=5.209 m_est=2.253
[INFO] [1789405624.217038206] [acados_nmpc_node]: [attach-window] t=146.00s pos_err=0.071m T=22.00N z=5.211 m_est=2.253
[INFO] [1789405624.217360900] [acados_nmpc_node]: [wcmd] raw=[-0.004,+0.006,+0.146] w=[-0.007,-0.077,+0.118] err=[+0.003,+0.083] scaled=[+0.004,+0.235] s=3.74
[INFO] [1789405624.263285634] [acados_nmpc_node]: [attach-window] t=146.05s pos_err=0.078m T=21.99N z=5.212 m_est=2.253
[INFO] [1789405624.319845452] [acados_nmpc_node]: [attach-window] t=146.10s pos_err=0.069m T=21.99N z=5.214 m_est=2.253
[INFO] [1789405624.363704029] [acados_nmpc_node]: [attach-window] t=146.15s pos_err=0.082m T=22.00N z=5.215 m_est=2.253
[INFO] [1789405624.419374183] [acados_nmpc_node]: [attach-window] t=146.20s pos_err=0.071m T=21.98N z=5.216 m_est=2.253
[INFO] [1789405624.419782435] [acados_nmpc_node]: [wcmd] raw=[-0.009,-0.053,+0.152] w=[-0.009,-0.003,+0.143] err=[+0.000,-0.050] scaled=[-0.009,-0.190] s=3.74
[INFO] [1789405624.463770264] [acados_nmpc_node]: [attach-window] t=146.25s pos_err=0.076m T=21.99N z=5.217 m_est=2.252
[INFO] [1789405624.519316367] [acados_nmpc_node]: [attach-window] t=146.30s pos_err=0.064m T=22.01N z=5.218 m_est=2.252
[INFO] [1789405624.563773563] [acados_nmpc_node]: [attach-window] t=146.35s pos_err=0.078m T=22.03N z=5.219 m_est=2.252
[INFO] [1789405624.619559882] [acados_nmpc_node]: [attach-window] t=146.40s pos_err=0.066m T=22.06N z=5.219 m_est=2.252
[INFO] [1789405624.619978821] [acados_nmpc_node]: [wcmd] raw=[-0.013,-0.006,+0.166] w=[-0.018,-0.024,+0.146] err=[+0.005,+0.018] scaled=[+0.000,+0.044] s=3.74
[INFO] [1789405624.663691984] [acados_nmpc_node]: [attach-window] t=146.45s pos_err=0.069m T=22.08N z=5.220 m_est=2.251
[INFO] [1789405624.719184852] [acados_nmpc_node]: [attach-window] t=146.50s pos_err=0.056m T=22.09N z=5.220 m_est=2.251
[INFO] [1789405624.763693418] [acados_nmpc_node]: [attach-window] t=146.55s pos_err=0.069m T=22.11N z=5.220 m_est=2.251
[INFO] [1789405624.819521327] [acados_nmpc_node]: [attach-window] t=146.60s pos_err=0.055m T=22.12N z=5.220 m_est=2.251
[INFO] [1789405624.819937227] [acados_nmpc_node]: [wcmd] raw=[-0.013,-0.045,+0.166] w=[-0.014,-0.088,+0.134] err=[+0.001,+0.043] scaled=[-0.009,+0.073] s=3.73
[INFO] [1789405624.863729081] [acados_nmpc_node]: [attach-window] t=146.65s pos_err=0.059m T=22.12N z=5.220 m_est=2.250
[INFO] [1789405624.919643749] [acados_nmpc_node]: [attach-window] t=146.70s pos_err=0.046m T=22.12N z=5.220 m_est=2.250
[INFO] [1789405624.963740443] [acados_nmpc_node]: [attach-window] t=146.75s pos_err=0.059m T=22.13N z=5.220 m_est=2.250
[INFO] [1789405625.019280999] [acados_nmpc_node]: [attach-window] t=146.80s pos_err=0.046m T=22.14N z=5.221 m_est=2.250
[INFO] [1789405625.019682484] [acados_nmpc_node]: [wcmd] raw=[+0.000,-0.024,+0.182] w=[-0.012,+0.047,+0.190] err=[+0.012,-0.071] scaled=[+0.032,-0.217] s=3.71
[INFO] [1789405625.063843548] [acados_nmpc_node]: [attach-window] t=146.85s pos_err=0.050m T=22.14N z=5.221 m_est=2.249
[INFO] [1789405625.119288570] [acados_nmpc_node]: [attach-window] t=146.90s pos_err=0.037m T=22.12N z=5.222 m_est=2.249
[INFO] [1789405625.163752943] [acados_nmpc_node]: [attach-window] t=146.95s pos_err=0.051m T=22.13N z=5.223 m_est=2.249
[INFO] [1789405625.219251773] [acados_nmpc_node]: [attach-window] t=147.00s pos_err=0.031m T=22.10N z=5.225 m_est=2.249
[INFO] [1789405625.219652731] [acados_nmpc_node]: [wcmd] raw=[+0.017,-0.028,+0.180] w=[+0.006,-0.112,+0.146] err=[+0.011,+0.083] scaled=[+0.047,+0.196] s=3.70
[INFO] [1789405625.263919274] [acados_nmpc_node]: [attach-window] t=147.05s pos_err=0.045m T=22.09N z=5.226 m_est=2.249
[INFO] [1789405625.319648357] [acados_nmpc_node]: [attach-window] t=147.10s pos_err=0.035m T=22.08N z=5.227 m_est=2.249
[INFO] [1789405625.363709673] [acados_nmpc_node]: [attach-window] t=147.15s pos_err=0.048m T=22.08N z=5.228 m_est=2.249
[INFO] [1789405625.419447828] [acados_nmpc_node]: [attach-window] t=147.20s pos_err=0.031m T=22.06N z=5.231 m_est=2.249
[INFO] [1789405625.419867206] [acados_nmpc_node]: [wcmd] raw=[+0.022,-0.045,+0.192] w=[+0.021,+0.058,+0.207] err=[+0.001,-0.104] scaled=[+0.025,-0.324] s=3.68
[INFO] [1789405625.463780442] [acados_nmpc_node]: [attach-window] t=147.25s pos_err=0.044m T=22.08N z=5.232 m_est=2.249
[INFO] [1789405625.519351218] [acados_nmpc_node]: [attach-window] t=147.30s pos_err=0.036m T=22.06N z=5.234 m_est=2.249
[INFO] [1789405625.563735666] [acados_nmpc_node]: [attach-window] t=147.35s pos_err=0.049m T=22.07N z=5.235 m_est=2.249
[INFO] [1789405625.619729948] [acados_nmpc_node]: [attach-window] t=147.40s pos_err=0.042m T=22.06N z=5.237 m_est=2.249
[INFO] [1789405625.620171656] [acados_nmpc_node]: [wcmd] raw=[+0.008,+0.036,+0.202] w=[+0.012,-0.058,+0.173] err=[-0.004,+0.094] scaled=[-0.002,+0.287] s=3.68
[INFO] [1789405625.663814207] [acados_nmpc_node]: [attach-window] t=147.45s pos_err=0.047m T=22.06N z=5.238 m_est=2.249
[INFO] [1789405625.717041505] [acados_nmpc_node]: [attach-window] t=147.50s pos_err=0.039m T=22.06N z=5.241 m_est=2.249
[INFO] [1789405625.763964956] [acados_nmpc_node]: [attach-window] t=147.55s pos_err=0.053m T=22.07N z=5.242 m_est=2.249
[INFO] [1789405625.819494752] [acados_nmpc_node]: [attach-window] t=147.60s pos_err=0.045m T=22.04N z=5.244 m_est=2.249
[INFO] [1789405625.819897289] [acados_nmpc_node]: [wcmd] raw=[-0.001,-0.035,+0.211] w=[+0.003,+0.009,+0.197] err=[-0.004,-0.043] scaled=[-0.011,-0.151] s=3.67
[INFO] [1789405625.863723595] [acados_nmpc_node]: [attach-window] t=147.65s pos_err=0.050m T=22.04N z=5.246 m_est=2.249
[INFO] [1789405625.919308778] [acados_nmpc_node]: [attach-window] t=147.70s pos_err=0.044m T=22.04N z=5.248 m_est=2.249
[INFO] [1789405625.963991360] [acados_nmpc_node]: [attach-window] t=147.75s pos_err=0.056m T=22.05N z=5.249 m_est=2.249
[INFO] [1789405626.019431066] [acados_nmpc_node]: [attach-window] t=147.80s pos_err=0.049m T=22.07N z=5.252 m_est=2.250
[INFO] [1789405626.019840946] [acados_nmpc_node]: [wcmd] raw=[-0.006,+0.022,+0.237] w=[-0.012,+0.024,+0.215] err=[+0.006,-0.001] scaled=[+0.010,+0.019] s=3.67
[INFO] [1789405626.063941452] [acados_nmpc_node]: [attach-window] t=147.85s pos_err=0.053m T=22.08N z=5.253 m_est=2.250
[INFO] [1789405626.119282158] [acados_nmpc_node]: [attach-window] t=147.90s pos_err=0.046m T=22.07N z=5.255 m_est=2.250
[INFO] [1789405626.163995588] [acados_nmpc_node]: [attach-window] t=147.95s pos_err=0.058m T=22.09N z=5.256 m_est=2.250
[INFO] [1789405626.219461366] [acados_nmpc_node]: [attach-window] t=148.00s pos_err=0.051m T=22.09N z=5.259 m_est=2.250
[INFO] [1789405626.219868746] [acados_nmpc_node]: [wcmd] raw=[-0.011,-0.025,+0.249] w=[-0.010,-0.082,+0.193] err=[-0.001,+0.057] scaled=[-0.013,+0.126] s=3.67
[INFO] [1789405626.263947876] [acados_nmpc_node]: [attach-window] t=148.05s pos_err=0.055m T=22.07N z=5.260 m_est=2.249
[INFO] [1789405626.319469715] [acados_nmpc_node]: [attach-window] t=148.10s pos_err=0.048m T=22.05N z=5.263 m_est=2.249
[INFO] [1789405626.363940400] [acados_nmpc_node]: [attach-window] t=148.15s pos_err=0.059m T=22.06N z=5.264 m_est=2.249
[INFO] [1789405626.419196100] [acados_nmpc_node]: [attach-window] t=148.20s pos_err=0.050m T=22.05N z=5.268 m_est=2.249
[INFO] [1789405626.419602420] [acados_nmpc_node]: [wcmd] raw=[-0.010,-0.017,+0.284] w=[-0.017,+0.073,+0.265] err=[+0.007,-0.090] scaled=[+0.009,-0.258] s=3.67
[INFO] [1789405626.463971891] [acados_nmpc_node]: [attach-window] t=148.25s pos_err=0.054m T=22.05N z=5.270 m_est=2.249
[INFO] [1789405626.519524961] [acados_nmpc_node]: [attach-window] t=148.30s pos_err=0.046m T=22.03N z=5.273 m_est=2.249
[INFO] [1789405626.563970985] [acados_nmpc_node]: [attach-window] t=148.35s pos_err=0.058m T=22.05N z=5.275 m_est=2.249
[INFO] [1789405626.619914032] [acados_nmpc_node]: [attach-window] t=148.40s pos_err=0.049m T=22.04N z=5.278 m_est=2.249
[INFO] [1789405626.620329035] [acados_nmpc_node]: [wcmd] raw=[-0.017,+0.002,+0.302] w=[-0.016,-0.113,+0.229] err=[-0.001,+0.115] scaled=[-0.021,+0.308] s=3.67
[INFO] [1789405626.663283234] [acados_nmpc_node]: [attach-window] t=148.45s pos_err=0.053m T=22.04N z=5.280 m_est=2.248
[INFO] [1789405626.719218250] [acados_nmpc_node]: [attach-window] t=148.50s pos_err=0.044m T=22.04N z=5.283 m_est=2.248
[INFO] [1789405626.763880809] [acados_nmpc_node]: [attach-window] t=148.55s pos_err=0.056m T=22.06N z=5.284 m_est=2.248
[INFO] [1789405626.819419230] [acados_nmpc_node]: [attach-window] t=148.60s pos_err=0.047m T=22.04N z=5.288 m_est=2.248
[INFO] [1789405626.819824017] [acados_nmpc_node]: [wcmd] raw=[-0.012,-0.040,+0.331] w=[-0.020,+0.056,+0.310] err=[+0.007,-0.096] scaled=[+0.007,-0.297] s=3.66
[INFO] [1789405626.863935418] [acados_nmpc_node]: [attach-window] t=148.65s pos_err=0.050m T=22.07N z=5.289 m_est=2.248
[INFO] [1789405626.919311885] [acados_nmpc_node]: [attach-window] t=148.70s pos_err=0.041m T=22.08N z=5.292 m_est=2.248
[INFO] [1789405626.964035551] [acados_nmpc_node]: [attach-window] t=148.75s pos_err=0.053m T=22.10N z=5.294 m_est=2.248
[INFO] [1789405627.019551252] [acados_nmpc_node]: [attach-window] t=148.80s pos_err=0.044m T=22.10N z=5.296 m_est=2.247
[INFO] [1789405627.019970795] [acados_nmpc_node]: [wcmd] raw=[-0.014,+0.019,+0.356] w=[-0.017,-0.056,+0.302] err=[+0.003,+0.075] scaled=[-0.007,+0.219] s=3.66
[INFO] [1789405627.063728490] [acados_nmpc_node]: [attach-window] t=148.85s pos_err=0.047m T=22.12N z=5.298 m_est=2.247
[INFO] [1789405627.119154865] [acados_nmpc_node]: [attach-window] t=148.90s pos_err=0.037m T=22.14N z=5.300 m_est=2.247
[INFO] [1789405627.163731960] [acados_nmpc_node]: [attach-window] t=148.95s pos_err=0.049m T=22.16N z=5.301 m_est=2.247
[INFO] [1789405627.219502490] [acados_nmpc_node]: [attach-window] t=149.00s pos_err=0.040m T=22.15N z=5.303 m_est=2.247
[INFO] [1789405627.219913482] [acados_nmpc_node]: [wcmd] raw=[-0.015,-0.046,+0.374] w=[-0.012,-0.021,+0.336] err=[-0.003,-0.025] scaled=[-0.023,-0.112] s=3.66
[INFO] [1789405627.263885421] [acados_nmpc_node]: [attach-window] t=149.05s pos_err=0.044m T=22.16N z=5.305 m_est=2.247
[INFO] [1789405627.319513532] [acados_nmpc_node]: [attach-window] t=149.10s pos_err=0.035m T=22.15N z=5.307 m_est=2.247
[INFO] [1789405627.363717648] [acados_nmpc_node]: [attach-window] t=149.15s pos_err=0.047m T=22.17N z=5.308 m_est=2.247
[INFO] [1789405627.419368493] [acados_nmpc_node]: [attach-window] t=149.20s pos_err=0.039m T=22.16N z=5.311 m_est=2.247
[INFO] [1789405627.419771943] [acados_nmpc_node]: [wcmd] raw=[+0.001,+0.010,+0.405] w=[-0.018,+0.028,+0.378] err=[+0.019,-0.017] scaled=[+0.053,-0.035] s=3.66
[INFO] [1789405627.463755888] [acados_nmpc_node]: [attach-window] t=149.25s pos_err=0.043m T=22.16N z=5.313 m_est=2.247
[INFO] [1789405627.519423853] [acados_nmpc_node]: [attach-window] t=149.30s pos_err=0.034m T=22.13N z=5.317 m_est=2.247
[INFO] [1789405627.563717774] [acados_nmpc_node]: [attach-window] t=149.35s pos_err=0.046m T=22.15N z=5.319 m_est=2.247
[INFO] [1789405627.619977140] [acados_nmpc_node]: [attach-window] t=149.40s pos_err=0.039m T=22.14N z=5.322 m_est=2.247
[INFO] [1789405627.620428746] [acados_nmpc_node]: [wcmd] raw=[+0.010,-0.018,+0.417] w=[+0.016,-0.088,+0.365] err=[-0.006,+0.070] scaled=[-0.004,+0.169] s=3.66
[INFO] [1789405627.663901311] [acados_nmpc_node]: [attach-window] t=149.45s pos_err=0.043m T=22.12N z=5.324 m_est=2.248
[INFO] [1789405627.719560338] [acados_nmpc_node]: [attach-window] t=149.50s pos_err=0.034m T=22.11N z=5.328 m_est=2.248
[INFO] [1789405627.763911776] [acados_nmpc_node]: [attach-window] t=149.55s pos_err=0.046m T=22.13N z=5.329 m_est=2.248
[INFO] [1789405627.819703408] [acados_nmpc_node]: [attach-window] t=149.60s pos_err=0.037m T=22.12N z=5.333 m_est=2.248
[INFO] [1789405627.820126861] [acados_nmpc_node]: [wcmd] raw=[+0.007,-0.019,+0.443] w=[+0.007,+0.072,+0.440] err=[-0.001,-0.090] scaled=[+0.005,-0.259] s=3.66
[INFO] [1789405627.863908633] [acados_nmpc_node]: [attach-window] t=149.65s pos_err=0.040m T=22.13N z=5.335 m_est=2.248
[INFO] [1789405627.919437807] [acados_nmpc_node]: [attach-window] t=149.70s pos_err=0.031m T=22.14N z=5.338 m_est=2.248
[INFO] [1789405627.963842345] [acados_nmpc_node]: [attach-window] t=149.75s pos_err=0.043m T=22.17N z=5.340 m_est=2.248
[INFO] [1789405628.019598956] [acados_nmpc_node]: [attach-window] t=149.80s pos_err=0.034m T=22.16N z=5.343 m_est=2.248
[INFO] [1789405628.020004767] [acados_nmpc_node]: [wcmd] raw=[-0.007,+0.006,+0.451] w=[+0.000,-0.097,+0.404] err=[-0.007,+0.103] scaled=[-0.027,+0.281] s=3.66
[INFO] [1789405628.063793785] [acados_nmpc_node]: [attach-window] t=149.85s pos_err=0.037m T=22.16N z=5.346 m_est=2.248
[INFO] [1789405628.119679726] [acados_nmpc_node]: [attach-window] t=149.90s pos_err=0.028m T=22.16N z=5.349 m_est=2.248
[INFO] [1789405628.163732575] [acados_nmpc_node]: [attach-window] t=149.95s pos_err=0.038m T=22.18N z=5.351 m_est=2.249
[INFO] [1789405628.219580688] [acados_nmpc_node]: [attach-window] t=150.00s pos_err=0.029m T=22.15N z=5.355 m_est=2.249
[INFO] [1789405628.219988330] [acados_nmpc_node]: [wcmd] raw=[+0.001,-0.047,+0.460] w=[-0.008,+0.041,+0.464] err=[+0.009,-0.088] scaled=[+0.027,-0.281] s=3.66
[INFO] [1789405628.263736239] [acados_nmpc_node]: [attach-window] t=150.05s pos_err=0.031m T=22.16N z=5.357 m_est=2.249
[INFO] [1789405628.319645878] [acados_nmpc_node]: [attach-window] t=150.10s pos_err=0.023m T=22.16N z=5.361 m_est=2.249
[INFO] [1789405628.363750028] [acados_nmpc_node]: [attach-window] t=150.15s pos_err=0.032m T=22.17N z=5.363 m_est=2.249
[INFO] [1789405628.419574990] [acados_nmpc_node]: [attach-window] t=150.20s pos_err=0.024m T=22.16N z=5.367 m_est=2.250
[INFO] [1789405628.420010938] [acados_nmpc_node]: [wcmd] raw=[+0.004,+0.015,+0.463] w=[+0.001,-0.049,+0.451] err=[+0.003,+0.064] scaled=[+0.013,+0.186] s=3.66
[INFO] [1789405628.463948138] [acados_nmpc_node]: [attach-window] t=150.25s pos_err=0.027m T=22.16N z=5.370 m_est=2.250
[INFO] [1789405628.519336346] [acados_nmpc_node]: [attach-window] t=150.30s pos_err=0.019m T=22.13N z=5.374 m_est=2.250
[INFO] [1789405628.563935355] [acados_nmpc_node]: [attach-window] t=150.35s pos_err=0.028m T=22.14N z=5.377 m_est=2.250
[INFO] [1789405628.619584498] [acados_nmpc_node]: [attach-window] t=150.40s pos_err=0.021m T=22.11N z=5.382 m_est=2.250
[INFO] [1789405628.619994786] [acados_nmpc_node]: [wcmd] raw=[-0.014,-0.026,+0.446] w=[+0.004,-0.022,+0.461] err=[-0.018,-0.004] scaled=[-0.061,-0.037] s=3.66
[INFO] [1789405628.663739578] [acados_nmpc_node]: [attach-window] t=150.45s pos_err=0.023m T=22.10N z=5.385 m_est=2.250
[INFO] [1789405628.719313195] [acados_nmpc_node]: [attach-window] t=150.50s pos_err=0.017m T=22.07N z=5.390 m_est=2.250
[INFO] [1789405628.763764256] [acados_nmpc_node]: [attach-window] t=150.55s pos_err=0.026m T=22.09N z=5.393 m_est=2.250
[INFO] [1789405628.819521334] [acados_nmpc_node]: [attach-window] t=150.60s pos_err=0.020m T=22.09N z=5.398 m_est=2.250
[INFO] [1789405628.819966767] [acados_nmpc_node]: [wcmd] raw=[-0.013,+0.035,+0.433] w=[-0.026,+0.059,+0.483] err=[+0.013,-0.024] scaled=[+0.023,-0.029] s=3.66
[INFO] [1789405628.863788621] [acados_nmpc_node]: [attach-window] t=150.65s pos_err=0.024m T=22.09N z=5.402 m_est=2.250
[INFO] [1789405628.919384568] [acados_nmpc_node]: [attach-window] t=150.70s pos_err=0.019m T=22.05N z=5.408 m_est=2.250
[INFO] [1789405628.963185503] [acados_nmpc_node]: [attach-window] t=150.75s pos_err=0.030m T=22.08N z=5.411 m_est=2.250
[INFO] [1789405629.017271886] [acados_nmpc_node]: [attach-window] t=150.80s pos_err=0.024m T=22.05N z=5.417 m_est=2.250
[INFO] [1789405629.017595688] [acados_nmpc_node]: [wcmd] raw=[+0.008,+0.006,+0.392] w=[-0.002,-0.056,+0.427] err=[+0.010,+0.062] scaled=[+0.035,+0.171] s=3.66
[INFO] [1789405629.063476595] [acados_nmpc_node]: [attach-window] t=150.85s pos_err=0.031m T=22.04N z=5.421 m_est=2.250
[INFO] [1789405629.063828033] [acados_nmpc_node]: t=150.8s | pos_err=0.031m | T=22.04N | tau=[r-0.156 p0.153 y-0.012]Nm | res_stat=5.237e-07(peak 9.997e-07) sqp_iter=3 | solve=1.2ms
[INFO] [1789405629.063977652] [acados_nmpc_node]: [flight-diag] t=150.8s | om_scale=3.664(lo 3.664 hi 3.744) | tilt_max=2.87deg | w_max=[r0.026 p0.115 y0.494]rad/s | u_frac=[T0.707 r0.360 p0.346 y0.151] | u_sat=[T0.0 r0.0 p0.0 y0.0]% | mot_peak=0.877 mot_sat=0.0% | health=1 age=0.000s conf=0.000 | n=100
[INFO] [1789405629.119468650] [acados_nmpc_node]: [attach-window] t=150.90s pos_err=0.027m T=22.02N z=5.427 m_est=2.250
[INFO] [1789405629.163688261] [acados_nmpc_node]: [attach-window] t=150.95s pos_err=0.032m T=22.03N z=5.430 m_est=2.250
[INFO] [1789405629.219402456] [acados_nmpc_node]: [attach-window] t=151.00s pos_err=0.028m T=22.01N z=5.436 m_est=2.250
[INFO] [1789405629.219801118] [acados_nmpc_node]: [wcmd] raw=[+0.017,-0.018,+0.364] w=[+0.016,+0.081,+0.448] err=[+0.001,-0.099] scaled=[+0.020,-0.282] s=3.66
[INFO] [1789405629.263733618] [acados_nmpc_node]: [attach-window] t=151.05s pos_err=0.039m T=22.05N z=5.439 m_est=2.250
[INFO] [1789405629.319395013] [acados_nmpc_node]: [attach-window] t=151.10s pos_err=0.035m T=22.04N z=5.445 m_est=2.250
[INFO] [1789405629.363725678] [acados_nmpc_node]: [attach-window] t=151.15s pos_err=0.046m T=22.06N z=5.448 m_est=2.250
[INFO] [1789405629.419330813] [acados_nmpc_node]: [attach-window] t=151.20s pos_err=0.040m T=22.05N z=5.453 m_est=2.250
[INFO] [1789405629.419734470] [acados_nmpc_node]: [wcmd] raw=[-0.006,+0.031,+0.332] w=[+0.005,-0.045,+0.377] err=[-0.010,+0.076] scaled=[-0.033,+0.235] s=3.66
[INFO] [1789405629.463720551] [acados_nmpc_node]: [attach-window] t=151.25s pos_err=0.044m T=22.07N z=5.456 m_est=2.249
[INFO] [1789405629.519465053] [acados_nmpc_node]: [attach-window] t=151.30s pos_err=0.038m T=22.07N z=5.461 m_est=2.249
[INFO] [1789405629.563756167] [acados_nmpc_node]: [attach-window] t=151.35s pos_err=0.048m T=22.10N z=5.464 m_est=2.249
[INFO] [1789405629.619372517] [acados_nmpc_node]: [attach-window] t=151.40s pos_err=0.041m T=22.07N z=5.469 m_est=2.249
[INFO] [1789405629.619789766] [acados_nmpc_node]: [wcmd] raw=[-0.013,-0.044,+0.297] w=[-0.014,-0.007,+0.352] err=[+0.001,-0.037] scaled=[-0.010,-0.144] s=3.66
[INFO] [1789405629.663794307] [acados_nmpc_node]: [attach-window] t=151.45s pos_err=0.044m T=22.07N z=5.473 m_est=2.249
[INFO] [1789405629.719675095] [acados_nmpc_node]: [attach-window] t=151.50s pos_err=0.037m T=22.06N z=5.478 m_est=2.249
[INFO] [1789405629.763822978] [acados_nmpc_node]: [attach-window] t=151.55s pos_err=0.046m T=22.08N z=5.481 m_est=2.248
[INFO] [1789405629.819533114] [acados_nmpc_node]: [attach-window] t=151.60s pos_err=0.037m T=22.10N z=5.486 m_est=2.248
[INFO] [1789405629.819938615] [acados_nmpc_node]: [wcmd] raw=[-0.014,+0.004,+0.279] w=[-0.017,+0.001,+0.329] err=[+0.003,+0.003] scaled=[-0.007,+0.011] s=3.66
[INFO] [1789405629.863715001] [acados_nmpc_node]: [attach-window] t=151.65s pos_err=0.040m T=22.12N z=5.489 m_est=2.248
[INFO] [1789405629.917040585] [acados_nmpc_node]: [attach-window] t=151.70s pos_err=0.029m T=22.10N z=5.494 m_est=2.248
[INFO] [1789405629.963695801] [acados_nmpc_node]: [attach-window] t=151.75s pos_err=0.040m T=22.14N z=5.496 m_est=2.248
[INFO] [1789405630.019365403] [acados_nmpc_node]: [attach-window] t=151.80s pos_err=0.030m T=22.12N z=5.501 m_est=2.248
[INFO] [1789405630.019774896] [acados_nmpc_node]: [wcmd] raw=[-0.030,-0.017,+0.245] w=[-0.019,-0.088,+0.271] err=[-0.011,+0.071] scaled=[-0.059,+0.172] s=3.66
[INFO] [1789405630.063792372] [acados_nmpc_node]: [attach-window] t=151.85s pos_err=0.033m T=22.10N z=5.505 m_est=2.248
[INFO] [1789405630.119252206] [acados_nmpc_node]: [attach-window] t=151.90s pos_err=0.024m T=22.07N z=5.511 m_est=2.247
[INFO] [1789405630.163762837] [acados_nmpc_node]: [attach-window] t=151.95s pos_err=0.037m T=22.10N z=5.514 m_est=2.247
[INFO] [1789405630.219875670] [acados_nmpc_node]: [attach-window] t=152.00s pos_err=0.027m T=22.08N z=5.519 m_est=2.247
[INFO] [1789405630.220322522] [acados_nmpc_node]: [wcmd] raw=[-0.020,+0.006,+0.230] w=[-0.031,+0.092,+0.303] err=[+0.011,-0.086] scaled=[+0.010,-0.223] s=3.66
[INFO] [1789405630.263953648] [acados_nmpc_node]: [attach-window] t=152.05s pos_err=0.032m T=22.09N z=5.523 m_est=2.247
[INFO] [1789405630.320089511] [acados_nmpc_node]: [attach-window] t=152.10s pos_err=0.024m T=22.08N z=5.529 m_est=2.247
[INFO] [1789405630.364105244] [acados_nmpc_node]: [attach-window] t=152.15s pos_err=0.039m T=22.13N z=5.532 m_est=2.247
[INFO] [1789405630.420231404] [acados_nmpc_node]: [attach-window] t=152.20s pos_err=0.031m T=22.13N z=5.537 m_est=2.247
[INFO] [1789405630.420684595] [acados_nmpc_node]: [wcmd] raw=[+0.004,+0.025,+0.198] w=[-0.009,-0.087,+0.217] err=[+0.013,+0.113] scaled=[+0.039,+0.325] s=3.66
[INFO] [1789405630.463976065] [acados_nmpc_node]: [attach-window] t=152.25s pos_err=0.037m T=22.13N z=5.540 m_est=2.247
[INFO] [1789405630.519657727] [acados_nmpc_node]: [attach-window] t=152.30s pos_err=0.028m T=22.14N z=5.544 m_est=2.247
[INFO] [1789405630.564015717] [acados_nmpc_node]: [attach-window] t=152.35s pos_err=0.043m T=22.19N z=5.547 m_est=2.248
[INFO] [1789405630.619677756] [acados_nmpc_node]: [attach-window] t=152.40s pos_err=0.033m T=22.15N z=5.552 m_est=2.248
[INFO] [1789405630.620098131] [acados_nmpc_node]: [wcmd] raw=[+0.026,-0.035,+0.178] w=[+0.024,+0.063,+0.239] err=[+0.002,-0.098] scaled=[+0.030,-0.295] s=3.66
[INFO] [1789405630.663871303] [acados_nmpc_node]: [attach-window] t=152.45s pos_err=0.039m T=22.17N z=5.555 m_est=2.248
[INFO] [1789405630.719522298] [acados_nmpc_node]: [attach-window] t=152.50s pos_err=0.028m T=22.12N z=5.561 m_est=2.248
[INFO] [1789405630.763741572] [acados_nmpc_node]: [attach-window] t=152.55s pos_err=0.043m T=22.14N z=5.564 m_est=2.248
[INFO] [1789405630.819379946] [acados_nmpc_node]: [attach-window] t=152.60s pos_err=0.032m T=22.09N z=5.570 m_est=2.248
[INFO] [1789405630.819787056] [acados_nmpc_node]: [wcmd] raw=[+0.023,+0.011,+0.161] w=[+0.028,-0.063,+0.177] err=[-0.005,+0.074] scaled=[+0.009,+0.209] s=3.66
[INFO] [1789405630.863726495] [acados_nmpc_node]: [attach-window] t=152.65s pos_err=0.037m T=22.09N z=5.575 m_est=2.248
[INFO] [1789405630.919439628] [acados_nmpc_node]: [attach-window] t=152.70s pos_err=0.025m T=22.04N z=5.581 m_est=2.248
[INFO] [1789405630.963718439] [acados_nmpc_node]: [attach-window] t=152.75s pos_err=0.041m T=22.07N z=5.585 m_est=2.248
[INFO] [1789405631.019523219] [acados_nmpc_node]: [attach-window] t=152.80s pos_err=0.029m T=22.01N z=5.592 m_est=2.248
[INFO] [1789405631.019926387] [acados_nmpc_node]: [wcmd] raw=[+0.014,-0.048,+0.142] w=[+0.019,-0.038,+0.162] err=[-0.005,-0.011] scaled=[-0.001,-0.077] s=3.66
[INFO] [1789405631.063812220] [acados_nmpc_node]: [attach-window] t=152.85s pos_err=0.035m T=22.00N z=5.597 m_est=2.248
[INFO] [1789405631.119578535] [acados_nmpc_node]: [attach-window] t=152.90s pos_err=0.026m T=21.96N z=5.605 m_est=2.248
[INFO] [1789405631.163818243] [acados_nmpc_node]: [attach-window] t=152.95s pos_err=0.040m T=21.99N z=5.608 m_est=2.248
[INFO] [1789405631.219158879] [acados_nmpc_node]: [attach-window] t=153.00s pos_err=0.031m T=21.97N z=5.616 m_est=2.248
[INFO] [1789405631.219565984] [acados_nmpc_node]: [wcmd] raw=[+0.013,+0.006,+0.139] w=[+0.011,+0.025,+0.169] err=[+0.002,-0.019] scaled=[+0.017,-0.044] s=3.66
[INFO] [1789405631.263715578] [acados_nmpc_node]: [attach-window] t=153.05s pos_err=0.035m T=21.99N z=5.621 m_est=2.249
[INFO] [1789405631.319396363] [acados_nmpc_node]: [attach-window] t=153.10s pos_err=0.028m T=21.96N z=5.628 m_est=2.249
[INFO] [1789405631.363698447] [acados_nmpc_node]: [attach-window] t=153.15s pos_err=0.040m T=22.01N z=5.632 m_est=2.248
[INFO] [1789405631.419380808] [acados_nmpc_node]: [attach-window] t=153.20s pos_err=0.031m T=22.00N z=5.639 m_est=2.248
[INFO] [1789405631.419787251] [acados_nmpc_node]: [wcmd] raw=[-0.012,-0.013,+0.117] w=[+0.003,-0.085,+0.115] err=[-0.014,+0.072] scaled=[-0.049,+0.178] s=3.66
[INFO] [1789405631.463666281] [acados_nmpc_node]: [attach-window] t=153.25s pos_err=0.035m T=22.00N z=5.643 m_est=2.248
[INFO] [1789405631.519313794] [acados_nmpc_node]: [attach-window] t=153.30s pos_err=0.027m T=22.01N z=5.649 m_est=2.248
[INFO] [1789405631.563723568] [acados_nmpc_node]: [attach-window] t=153.35s pos_err=0.038m T=22.06N z=5.652 m_est=2.248
[INFO] [1789405631.619226675] [acados_nmpc_node]: [attach-window] t=153.40s pos_err=0.029m T=22.06N z=5.658 m_est=2.248
[INFO] [1789405631.619628710] [acados_nmpc_node]: [wcmd] raw=[-0.011,-0.006,+0.113] w=[-0.023,+0.072,+0.151] err=[+0.012,-0.077] scaled=[+0.020,-0.212] s=3.66
[INFO] [1789405631.663806281] [acados_nmpc_node]: [attach-window] t=153.45s pos_err=0.033m T=22.09N z=5.661 m_est=2.248
[INFO] [1789405631.719430140] [acados_nmpc_node]: [attach-window] t=153.50s pos_err=0.025m T=22.09N z=5.667 m_est=2.248
[INFO] [1789405631.763755721] [acados_nmpc_node]: [attach-window] t=153.55s pos_err=0.037m T=22.14N z=5.669 m_est=2.247
[INFO] [1789405631.819448725] [acados_nmpc_node]: [attach-window] t=153.60s pos_err=0.028m T=22.13N z=5.675 m_est=2.247
[INFO] [1789405631.819843779] [acados_nmpc_node]: [wcmd] raw=[+0.002,+0.025,+0.096] w=[-0.007,-0.075,+0.092] err=[+0.010,+0.100] scaled=[+0.028,+0.292] s=3.66
[INFO] [1789405631.863723761] [acados_nmpc_node]: [attach-window] t=153.65s pos_err=0.033m T=22.13N z=5.678 m_est=2.247
[INFO] [1789405631.919369210] [acados_nmpc_node]: [attach-window] t=153.70s pos_err=0.025m T=22.13N z=5.684 m_est=2.247
[INFO] [1789405631.963721786] [acados_nmpc_node]: [attach-window] t=153.75s pos_err=0.040m T=22.16N z=5.687 m_est=2.247
[INFO] [1789405632.019390247] [acados_nmpc_node]: [attach-window] t=153.80s pos_err=0.022m T=22.07N z=5.694 m_est=2.247
[INFO] [1789405632.019819138] [acados_nmpc_node]: [wcmd] raw=[+0.013,-0.064,+0.085] w=[+0.009,+0.034,+0.114] err=[+0.003,-0.098] scaled=[+0.021,-0.327] s=3.66
[INFO] [1789405632.063865736] [acados_nmpc_node]: [attach-window] t=153.85s pos_err=0.036m T=22.11N z=5.697 m_est=2.246
[INFO] [1789405632.119122256] [acados_nmpc_node]: [attach-window] t=153.90s pos_err=0.026m T=22.06N z=5.703 m_est=2.246
[INFO] [1789405632.163726614] [acados_nmpc_node]: [attach-window] t=153.95s pos_err=0.032m T=22.06N z=5.707 m_est=2.246
[INFO] [1789405632.219362526] [acados_nmpc_node]: [attach-window] t=154.00s pos_err=0.023m T=22.05N z=5.714 m_est=2.246
[INFO] [1789405632.219765830] [acados_nmpc_node]: [wcmd] raw=[+0.004,-0.002,+0.080] w=[+0.007,-0.018,+0.087] err=[-0.002,+0.016] scaled=[-0.002,+0.042] s=3.66
[INFO] [1789405632.263709966] [acados_nmpc_node]: [attach-window] t=154.05s pos_err=0.039m T=22.09N z=5.717 m_est=2.246
[INFO] [1789405632.317082909] [acados_nmpc_node]: [attach-window] t=154.10s pos_err=0.026m T=22.06N z=5.724 m_est=2.246
[INFO] [1789405632.363362500] [acados_nmpc_node]: [attach-window] t=154.15s pos_err=0.035m T=22.08N z=5.728 m_est=2.246
[INFO] [1789405632.416784045] [acados_nmpc_node]: [attach-window] t=154.20s pos_err=0.022m T=22.06N z=5.734 m_est=2.246
[INFO] [1789405632.417097888] [acados_nmpc_node]: [wcmd] raw=[-0.003,-0.043,+0.066] w=[-0.002,-0.012,+0.077] err=[-0.000,-0.031] scaled=[-0.003,-0.126] s=3.66
[INFO] [1789405632.463853804] [acados_nmpc_node]: [attach-window] t=154.25s pos_err=0.043m T=22.12N z=5.738 m_est=2.246
[INFO] [1789405632.518976266] [acados_nmpc_node]: [attach-window] t=154.30s pos_err=0.030m T=22.10N z=5.744 m_est=2.246
[INFO] [1789405632.563675059] [acados_nmpc_node]: [attach-window] t=154.35s pos_err=0.051m T=22.12N z=5.748 m_est=2.247
[INFO] [1789405632.619412439] [acados_nmpc_node]: [attach-window] t=154.40s pos_err=0.025m T=22.06N z=5.755 m_est=2.247
[INFO] [1789405632.619815681] [acados_nmpc_node]: [wcmd] raw=[-0.005,-0.018,+0.065] w=[-0.005,+0.054,+0.090] err=[+0.000,-0.073] scaled=[-0.003,-0.212] s=3.66
[INFO] [1789405632.663699017] [acados_nmpc_node]: [attach-window] t=154.45s pos_err=0.046m T=22.08N z=5.759 m_est=2.247
[INFO] [1789405632.719212298] [acados_nmpc_node]: [attach-window] t=154.50s pos_err=0.032m T=22.00N z=5.767 m_est=2.247
[INFO] [1789405632.763700217] [acados_nmpc_node]: [attach-window] t=154.55s pos_err=0.054m T=22.03N z=5.771 m_est=2.247
[INFO] [1789405632.819055938] [acados_nmpc_node]: [attach-window] t=154.60s pos_err=0.040m T=21.98N z=5.779 m_est=2.247
[INFO] [1789405632.819463755] [acados_nmpc_node]: [wcmd] raw=[-0.011,-0.002,+0.049] w=[-0.010,-0.101,+0.029] err=[-0.001,+0.099] scaled=[-0.014,+0.260] s=3.66
[INFO] [1789405632.863730432] [acados_nmpc_node]: [attach-window] t=154.65s pos_err=0.049m T=21.96N z=5.784 m_est=2.247
[INFO] [1789405632.919180110] [acados_nmpc_node]: [attach-window] t=154.70s pos_err=0.034m T=21.94N z=5.792 m_est=2.247
[INFO] [1789405632.963683942] [acados_nmpc_node]: [attach-window] t=154.75s pos_err=0.057m T=21.98N z=5.796 m_est=2.247
[INFO] [1789405633.019286020] [acados_nmpc_node]: [attach-window] t=154.80s pos_err=0.042m T=21.94N z=5.804 m_est=2.247
[INFO] [1789405633.019685704] [acados_nmpc_node]: [wcmd] raw=[+0.009,-0.039,+0.049] w=[-0.005,+0.047,+0.072] err=[+0.014,-0.087] scaled=[+0.046,-0.270] s=3.66
[INFO] [1789405633.063694361] [acados_nmpc_node]: [attach-window] t=154.85s pos_err=0.051m T=21.97N z=5.809 m_est=2.247
[INFO] [1789405633.119325863] [acados_nmpc_node]: [attach-window] t=154.90s pos_err=0.037m T=21.96N z=5.817 m_est=2.247
[INFO] [1789405633.163786619] [acados_nmpc_node]: [attach-window] t=154.95s pos_err=0.060m T=22.00N z=5.820 m_est=2.247
[INFO] [1789405633.219414354] [acados_nmpc_node]: [attach-window] t=155.00s pos_err=0.045m T=22.00N z=5.828 m_est=2.247
[INFO] [1789405633.219839835] [acados_nmpc_node]: [wcmd] raw=[+0.018,+0.013,+0.043] w=[+0.019,-0.075,+0.032] err=[-0.001,+0.088] scaled=[+0.017,+0.248] s=3.66
[INFO] [1789405633.263301078] [acados_nmpc_node]: [attach-window] t=155.05s pos_err=0.054m T=22.02N z=5.832 m_est=2.246
[INFO] [1789405633.319550615] [acados_nmpc_node]: [attach-window] t=155.10s pos_err=0.039m T=22.02N z=5.838 m_est=2.246
[INFO] [1789405633.363814795] [acados_nmpc_node]: [attach-window] t=155.15s pos_err=0.062m T=22.07N z=5.842 m_est=2.246
[INFO] [1789405633.419289740] [acados_nmpc_node]: [attach-window] t=155.20s pos_err=0.047m T=22.04N z=5.848 m_est=2.246
[INFO] [1789405633.419692864] [acados_nmpc_node]: [wcmd] raw=[+0.017,-0.038,+0.031] w=[+0.019,-0.021,+0.041] err=[-0.002,-0.017] scaled=[+0.011,-0.084] s=3.66
[INFO] [1789405633.463690700] [acados_nmpc_node]: [attach-window] t=155.25s pos_err=0.056m T=22.05N z=5.852 m_est=2.246
[INFO] [1789405633.519247483] [acados_nmpc_node]: [attach-window] t=155.30s pos_err=0.042m T=22.04N z=5.858 m_est=2.245
[INFO] [1789405633.563697198] [acados_nmpc_node]: [attach-window] t=155.35s pos_err=0.066m T=22.09N z=5.862 m_est=2.245
[INFO] [1789405633.619264411] [acados_nmpc_node]: [attach-window] t=155.40s pos_err=0.051m T=22.09N z=5.868 m_est=2.245
[INFO] [1789405633.619668442] [acados_nmpc_node]: [wcmd] raw=[+0.007,+0.014,+0.030] w=[+0.014,+0.013,+0.047] err=[-0.007,+0.000] scaled=[-0.012,+0.015] s=3.66
[INFO] [1789405633.663894502] [acados_nmpc_node]: [attach-window] t=155.45s pos_err=0.060m T=22.11N z=5.871 m_est=2.245
[INFO] [1789405633.719379816] [acados_nmpc_node]: [attach-window] t=155.50s pos_err=0.045m T=22.09N z=5.877 m_est=2.244
[INFO] [1789405633.763826667] [acados_nmpc_node]: [attach-window] t=155.55s pos_err=0.070m T=22.15N z=5.880 m_est=2.244
[INFO] [1789405633.819771675] [acados_nmpc_node]: [attach-window] t=155.60s pos_err=0.055m T=22.13N z=5.886 m_est=2.244
[INFO] [1789405633.820198032] [acados_nmpc_node]: [wcmd] raw=[+0.001,-0.019,+0.013] w=[-0.000,-0.082,+0.004] err=[+0.001,+0.063] scaled=[+0.003,+0.148] s=3.63
[INFO] [1789405633.863747513] [acados_nmpc_node]: [attach-window] t=155.65s pos_err=0.064m T=22.12N z=5.890 m_est=2.244
[INFO] [1789405633.919246907] [acados_nmpc_node]: [attach-window] t=155.70s pos_err=0.048m T=22.10N z=5.896 m_est=2.244
[INFO] [1789405633.963758213] [acados_nmpc_node]: [attach-window] t=155.75s pos_err=0.073m T=22.14N z=5.899 m_est=2.244
[INFO] [1789405634.018958361] [acados_nmpc_node]: [attach-window] t=155.80s pos_err=0.056m T=22.09N z=5.906 m_est=2.244
[INFO] [1789405634.019362412] [acados_nmpc_node]: [wcmd] raw=[+0.002,-0.024,+0.016] w=[+0.002,+0.048,+0.040] err=[-0.000,-0.071] scaled=[+0.002,-0.211] s=3.62
[INFO] [1789405634.063842466] [acados_nmpc_node]: [attach-window] t=155.85s pos_err=0.065m T=22.10N z=5.910 m_est=2.244
[INFO] [1789405634.064334139] [acados_nmpc_node]: t=155.8s | pos_err=0.065m | T=22.10N | tau=[r-0.172 p-0.047 y-0.010]Nm | res_stat=8.939e-08(peak 9.997e-07) sqp_iter=3 | solve=1.6ms
[INFO] [1789405634.064535992] [acados_nmpc_node]: [flight-diag] t=155.8s | om_scale=3.615(lo 3.615 hi 3.664) | tilt_max=3.50deg | w_max=[r0.033 p0.106 y0.448]rad/s | u_frac=[T0.708 r0.365 p0.327 y0.176] | u_sat=[T0.0 r0.0 p0.0 y0.0]% | mot_peak=0.867 mot_sat=0.0% | health=1 age=0.000s conf=0.000 | n=100
[INFO] [1789405634.119433911] [acados_nmpc_node]: [attach-window] t=155.90s pos_err=0.048m T=22.06N z=5.917 m_est=2.244
[INFO] [1789405634.163689241] [acados_nmpc_node]: [attach-window] t=155.95s pos_err=0.073m T=22.11N z=5.921 m_est=2.244
[INFO] [1789405634.219261423] [acados_nmpc_node]: [attach-window] t=156.00s pos_err=0.056m T=22.08N z=5.928 m_est=2.244
[INFO] [1789405634.219660235] [acados_nmpc_node]: [wcmd] raw=[-0.002,-0.005,+0.006] w=[-0.002,-0.100,-0.014] err=[-0.000,+0.096] scaled=[-0.003,+0.245] s=3.61
[INFO] [1789405634.263773111] [acados_nmpc_node]: [attach-window] t=156.05s pos_err=0.065m T=22.08N z=5.932 m_est=2.244
[INFO] [1789405634.319179970] [acados_nmpc_node]: [attach-window] t=156.10s pos_err=0.047m T=22.06N z=5.939 m_est=2.245
[INFO] [1789405634.363693294] [acados_nmpc_node]: [attach-window] t=156.15s pos_err=0.072m T=22.10N z=5.943 m_est=2.245
[INFO] [1789405634.419108096] [acados_nmpc_node]: [attach-window] t=156.20s pos_err=0.054m T=22.05N z=5.950 m_est=2.245
[INFO] [1789405634.419526852] [acados_nmpc_node]: [wcmd] raw=[+0.000,-0.042,+0.004] w=[-0.002,+0.024,+0.023] err=[+0.002,-0.066] scaled=[+0.006,-0.213] s=3.60
[INFO] [1789405634.463689724] [acados_nmpc_node]: [attach-window] t=156.25s pos_err=0.062m T=22.06N z=5.954 m_est=2.245
[INFO] [1789405634.519375861] [acados_nmpc_node]: [attach-window] t=156.30s pos_err=0.045m T=22.03N z=5.962 m_est=2.245
[INFO] [1789405634.563690740] [acados_nmpc_node]: [attach-window] t=156.35s pos_err=0.069m T=22.06N z=5.966 m_est=2.246
[INFO] [1789405634.619381845] [acados_nmpc_node]: [attach-window] t=156.40s pos_err=0.052m T=22.03N z=5.974 m_est=2.246
[INFO] [1789405634.619782002] [acados_nmpc_node]: [wcmd] raw=[-0.005,+0.005,-0.000] w=[+0.002,-0.053,-0.005] err=[-0.007,+0.058] scaled=[-0.022,+0.156] s=3.59
[INFO] [1789405634.663678795] [acados_nmpc_node]: [attach-window] t=156.45s pos_err=0.061m T=22.04N z=5.979 m_est=2.246
[INFO] [1789405634.719337476] [acados_nmpc_node]: [attach-window] t=156.50s pos_err=0.045m T=22.01N z=5.987 m_est=2.246
[INFO] [1789405634.763689258] [acados_nmpc_node]: [attach-window] t=156.55s pos_err=0.070m T=22.05N z=5.991 m_est=2.246
[INFO] [1789405634.819244322] [acados_nmpc_node]: [attach-window] t=156.60s pos_err=0.054m T=22.02N z=5.998 m_est=2.246
[INFO] [1789405634.819643647] [acados_nmpc_node]: [wcmd] raw=[-0.004,-0.020,-0.010] w=[-0.007,-0.026,-0.004] err=[+0.004,+0.006] scaled=[+0.005,-0.005] s=3.59
[INFO] [1789405634.863658949] [acados_nmpc_node]: [attach-window] t=156.65s pos_err=0.064m T=22.03N z=6.003 m_est=2.247
[INFO] [1789405634.919112403] [acados_nmpc_node]: [attach-window] t=156.70s pos_err=0.048m T=22.03N z=6.010 m_est=2.247
[INFO] [1789405634.963668642] [acados_nmpc_node]: [attach-window] t=156.75s pos_err=0.058m T=22.05N z=6.015 m_est=2.247
[INFO] [1789405635.019350370] [acados_nmpc_node]: [attach-window] t=156.80s pos_err=0.058m T=22.06N z=6.021 m_est=2.247
[INFO] [1789405635.019761922] [acados_nmpc_node]: [wcmd] raw=[+0.011,+0.005,-0.013] w=[+0.005,+0.009,+0.003] err=[+0.006,-0.005] scaled=[+0.026,-0.007] s=3.59
[INFO] [1789405635.063772230] [acados_nmpc_node]: [attach-window] t=156.85s pos_err=0.067m T=22.09N z=6.026 m_est=2.247
[INFO] [1789405635.119294732] [acados_nmpc_node]: [attach-window] t=156.90s pos_err=0.052m T=22.08N z=6.033 m_est=2.247
[INFO] [1789405635.163744228] [acados_nmpc_node]: [attach-window] t=156.95s pos_err=0.076m T=22.13N z=6.037 m_est=2.247
[INFO] [1789405635.219254049] [acados_nmpc_node]: [attach-window] t=157.00s pos_err=0.060m T=22.10N z=6.043 m_est=2.247
[INFO] [1789405635.219668591] [acados_nmpc_node]: [wcmd] raw=[+0.024,-0.003,-0.022] w=[+0.022,-0.010,-0.010] err=[+0.002,+0.007] scaled=[+0.030,+0.016] s=3.59
[INFO] [1789405635.263757635] [acados_nmpc_node]: [attach-window] t=157.05s pos_err=0.069m T=22.11N z=6.048 m_est=2.247
[INFO] [1789405635.319309623] [acados_nmpc_node]: [attach-window] t=157.10s pos_err=0.052m T=22.09N z=6.055 m_est=2.247
[INFO] [1789405635.363706728] [acados_nmpc_node]: [attach-window] t=157.15s pos_err=0.077m T=22.13N z=6.058 m_est=2.247
[INFO] [1789405635.419453553] [acados_nmpc_node]: [attach-window] t=157.20s pos_err=0.060m T=22.10N z=6.065 m_est=2.247
[INFO] [1789405635.419853334] [acados_nmpc_node]: [wcmd] raw=[+0.024,-0.022,-0.030] w=[+0.029,-0.029,-0.026] err=[-0.005,+0.007] scaled=[+0.011,-0.005] s=3.58
[INFO] [1789405635.463708016] [acados_nmpc_node]: [attach-window] t=157.25s pos_err=0.068m T=22.11N z=6.069 m_est=2.247
[INFO] [1789405635.519344907] [acados_nmpc_node]: [attach-window] t=157.30s pos_err=0.051m T=22.10N z=6.076 m_est=2.247
[INFO] [1789405635.563671958] [acados_nmpc_node]: [attach-window] t=157.35s pos_err=0.076m T=22.14N z=6.079 m_est=2.247
[INFO] [1789405635.619337692] [acados_nmpc_node]: [attach-window] t=157.40s pos_err=0.059m T=22.13N z=6.085 m_est=2.247
[INFO] [1789405635.619754616] [acados_nmpc_node]: [wcmd] raw=[+0.012,-0.020,-0.034] w=[+0.019,-0.023,-0.030] err=[-0.007,+0.003] scaled=[-0.007,-0.011] s=3.58
[INFO] [1789405635.663916817] [acados_nmpc_node]: [attach-window] t=157.45s pos_err=0.067m T=22.14N z=6.089 m_est=2.247
[INFO] [1789405635.719543066] [acados_nmpc_node]: [attach-window] t=157.50s pos_err=0.051m T=22.12N z=6.096 m_est=2.247
[INFO] [1789405635.763860817] [acados_nmpc_node]: [attach-window] t=157.55s pos_err=0.075m T=22.16N z=6.099 m_est=2.247
[INFO] [1789405635.819511682] [acados_nmpc_node]: [attach-window] t=157.60s pos_err=0.058m T=22.12N z=6.107 m_est=2.247
[INFO] [1789405635.819916446] [acados_nmpc_node]: [wcmd] raw=[+0.009,-0.014,-0.038] w=[+0.006,-0.033,-0.039] err=[+0.003,+0.018] scaled=[+0.016,+0.033] s=3.58
[INFO] [1789405635.863959582] [acados_nmpc_node]: [attach-window] t=157.65s pos_err=0.067m T=22.11N z=6.111 m_est=2.247
[INFO] [1789405635.919299172] [acados_nmpc_node]: [attach-window] t=157.70s pos_err=0.051m T=22.06N z=6.119 m_est=2.248
[INFO] [1789405635.963984742] [acados_nmpc_node]: [attach-window] t=157.75s pos_err=0.059m T=22.06N z=6.125 m_est=2.248
[INFO] [1789405636.019437202] [acados_nmpc_node]: [attach-window] t=157.80s pos_err=0.059m T=22.03N z=6.132 m_est=2.248
[INFO] [1789405636.019844862] [acados_nmpc_node]: [wcmd] raw=[-0.001,-0.011,-0.043] w=[+0.006,-0.016,-0.038] err=[-0.007,+0.005] scaled=[-0.019,+0.001] s=3.58
[INFO] [1789405636.063785938] [acados_nmpc_node]: [attach-window] t=157.85s pos_err=0.067m T=22.03N z=6.138 m_est=2.248
[INFO] [1789405636.119348623] [acados_nmpc_node]: [attach-window] t=157.90s pos_err=0.052m T=21.99N z=6.146 m_est=2.248
[INFO] [1789405636.163810214] [acados_nmpc_node]: [attach-window] t=157.95s pos_err=0.060m T=22.00N z=6.152 m_est=2.249
[INFO] [1789405636.219719071] [acados_nmpc_node]: [attach-window] t=158.00s pos_err=0.060m T=21.99N z=6.160 m_est=2.249
[INFO] [1789405636.220137796] [acados_nmpc_node]: [wcmd] raw=[-0.011,+0.005,-0.047] w=[-0.009,+0.016,-0.033] err=[-0.001,-0.011] scaled=[-0.014,-0.023] s=3.58
[INFO] [1789405636.263773301] [acados_nmpc_node]: [attach-window] t=158.05s pos_err=0.068m T=22.00N z=6.165 m_est=2.249
[INFO] [1789405636.319444220] [acados_nmpc_node]: [attach-window] t=158.10s pos_err=0.053m T=22.00N z=6.173 m_est=2.249
[INFO] [1789405636.364153849] [acados_nmpc_node]: [attach-window] t=158.15s pos_err=0.076m T=22.03N z=6.177 m_est=2.249
[INFO] [1789405636.419450960] [acados_nmpc_node]: [attach-window] t=158.20s pos_err=0.060m T=22.02N z=6.185 m_est=2.250
[INFO] [1789405636.419864683] [acados_nmpc_node]: [wcmd] raw=[-0.005,-0.005,-0.058] w=[-0.011,-0.018,-0.051] err=[+0.006,+0.013] scaled=[+0.010,+0.028] s=3.58
[INFO] [1789405636.463771289] [acados_nmpc_node]: [attach-window] t=158.25s pos_err=0.068m T=22.03N z=6.190 m_est=2.250
[INFO] [1789405636.519285207] [acados_nmpc_node]: [attach-window] t=158.30s pos_err=0.052m T=22.02N z=6.197 m_est=2.250
[INFO] [1789405636.563945235] [acados_nmpc_node]: [attach-window] t=158.35s pos_err=0.074m T=22.06N z=6.201 m_est=2.250
[INFO] [1789405636.619514224] [acados_nmpc_node]: [attach-window] t=158.40s pos_err=0.058m T=22.05N z=6.207 m_est=2.250
[INFO] [1789405636.619916045] [acados_nmpc_node]: [wcmd] raw=[-0.008,-0.029,-0.069] w=[-0.003,-0.028,-0.062] err=[-0.005,-0.001] scaled=[-0.020,-0.030] s=3.58
[INFO] [1789405636.663865774] [acados_nmpc_node]: [attach-window] t=158.45s pos_err=0.066m T=22.06N z=6.212 m_est=2.250
[INFO] [1789405636.719447019] [acados_nmpc_node]: [attach-window] t=158.50s pos_err=0.050m T=22.06N z=6.219 m_est=2.250
[INFO] [1789405636.763701513] [acados_nmpc_node]: [attach-window] t=158.55s pos_err=0.057m T=22.08N z=6.223 m_est=2.250
[INFO] [1789405636.819515711] [acados_nmpc_node]: [attach-window] t=158.60s pos_err=0.041m T=22.08N z=6.229 m_est=2.250
[INFO] [1789405636.819932657] [acados_nmpc_node]: [wcmd] raw=[+0.002,-0.058,-0.075] w=[-0.004,-0.028,-0.068] err=[+0.006,-0.030] scaled=[+0.018,-0.136] s=3.58
[INFO] [1789405636.864051337] [acados_nmpc_node]: [attach-window] t=158.65s pos_err=0.063m T=22.12N z=6.233 m_est=2.250
[INFO] [1789405636.919082730] [acados_nmpc_node]: [attach-window] t=158.70s pos_err=0.046m T=22.11N z=6.239 m_est=2.250
[INFO] [1789405636.964026633] [acados_nmpc_node]: [attach-window] t=158.75s pos_err=0.068m T=22.13N z=6.242 m_est=2.250
[INFO] [1789405637.019342886] [acados_nmpc_node]: [attach-window] t=158.80s pos_err=0.053m T=22.12N z=6.248 m_est=2.250
[INFO] [1789405637.019751392] [acados_nmpc_node]: [wcmd] raw=[+0.015,+0.011,-0.082] w=[+0.014,-0.006,-0.064] err=[+0.001,+0.017] scaled=[+0.018,+0.056] s=3.58
[INFO] [1789405637.063969635] [acados_nmpc_node]: [attach-window] t=158.85s pos_err=0.061m T=22.13N z=6.252 m_est=2.250
[INFO] [1789405637.119480195] [acados_nmpc_node]: [attach-window] t=158.90s pos_err=0.047m T=22.10N z=6.258 m_est=2.250
[INFO] [1789405637.164153507] [acados_nmpc_node]: [attach-window] t=158.95s pos_err=0.068m T=22.13N z=6.262 m_est=2.250
[INFO] [1789405637.219399363] [acados_nmpc_node]: [attach-window] t=159.00s pos_err=0.055m T=22.11N z=6.268 m_est=2.250
[INFO] [1789405637.219823068] [acados_nmpc_node]: [wcmd] raw=[+0.009,-0.015,-0.102] w=[+0.018,-0.041,-0.090] err=[-0.008,+0.026] scaled=[-0.012,+0.051] s=3.58
[INFO] [1789405637.264194311] [acados_nmpc_node]: [attach-window] t=159.05s pos_err=0.063m T=22.11N z=6.272 m_est=2.250
[INFO] [1789405637.319338709] [acados_nmpc_node]: [attach-window] t=159.10s pos_err=0.050m T=22.10N z=6.278 m_est=2.250
[INFO] [1789405637.364045870] [acados_nmpc_node]: [attach-window] t=159.15s pos_err=0.071m T=22.13N z=6.281 m_est=2.250
[INFO] [1789405637.419767286] [acados_nmpc_node]: [attach-window] t=159.20s pos_err=0.058m T=22.12N z=6.287 m_est=2.250
[INFO] [1789405637.420172152] [acados_nmpc_node]: [wcmd] raw=[+0.007,+0.002,-0.110] w=[+0.010,+0.034,-0.081] err=[-0.003,-0.033] scaled=[-0.000,-0.082] s=3.58
[INFO] [1789405637.464135228] [acados_nmpc_node]: [attach-window] t=159.25s pos_err=0.066m T=22.13N z=6.291 m_est=2.250
[INFO] [1789405637.519407475] [acados_nmpc_node]: [attach-window] t=159.30s pos_err=0.053m T=22.11N z=6.297 m_est=2.250
[INFO] [1789405637.563954164] [acados_nmpc_node]: [attach-window] t=159.35s pos_err=0.073m T=22.14N z=6.300 m_est=2.250
[INFO] [1789405637.619463857] [acados_nmpc_node]: [attach-window] t=159.40s pos_err=0.061m T=22.11N z=6.307 m_est=2.251
[INFO] [1789405637.619874721] [acados_nmpc_node]: [wcmd] raw=[+0.005,-0.005,-0.128] w=[+0.007,-0.060,-0.127] err=[-0.002,+0.055] scaled=[-0.001,+0.135] s=3.58
[INFO] [1789405637.664007214] [acados_nmpc_node]: [attach-window] t=159.45s pos_err=0.069m T=22.09N z=6.311 m_est=2.251
[INFO] [1789405637.719583399] [acados_nmpc_node]: [attach-window] t=159.50s pos_err=0.056m T=22.06N z=6.319 m_est=2.251
[INFO] [1789405637.764109305] [acados_nmpc_node]: [attach-window] t=159.55s pos_err=0.076m T=22.08N z=6.322 m_est=2.251
[INFO] [1789405637.819369798] [acados_nmpc_node]: [attach-window] t=159.60s pos_err=0.063m T=22.04N z=6.330 m_est=2.251
[INFO] [1789405637.819776950] [acados_nmpc_node]: [wcmd] raw=[+0.005,-0.018,-0.136] w=[+0.007,+0.024,-0.112] err=[-0.002,-0.042] scaled=[-0.001,-0.127] s=3.60
[INFO] [1789405637.864088604] [acados_nmpc_node]: [attach-window] t=159.65s pos_err=0.070m T=22.05N z=6.334 m_est=2.252
[INFO] [1789405637.919323507] [acados_nmpc_node]: [attach-window] t=159.70s pos_err=0.057m T=22.03N z=6.342 m_est=2.252
[INFO] [1789405637.964118952] [acados_nmpc_node]: [attach-window] t=159.75s pos_err=0.076m T=22.06N z=6.345 m_est=2.252
[INFO] [1789405638.019362385] [acados_nmpc_node]: [attach-window] t=159.80s pos_err=0.063m T=22.05N z=6.352 m_est=2.252
[INFO] [1789405638.019771220] [acados_nmpc_node]: [wcmd] raw=[+0.009,-0.005,-0.149] w=[+0.009,-0.052,-0.149] err=[+0.001,+0.047] scaled=[+0.011,+0.120] s=3.62
[INFO] [1789405638.064000655] [acados_nmpc_node]: [attach-window] t=159.85s pos_err=0.070m T=22.05N z=6.357 m_est=2.252
[INFO] [1789405638.119324797] [acados_nmpc_node]: [attach-window] t=159.90s pos_err=0.057m T=22.04N z=6.364 m_est=2.252
[INFO] [1789405638.163953386] [acados_nmpc_node]: [attach-window] t=159.95s pos_err=0.075m T=22.07N z=6.367 m_est=2.252
[INFO] [1789405638.219520867] [acados_nmpc_node]: [attach-window] t=160.00s pos_err=0.063m T=22.03N z=6.374 m_est=2.252
[INFO] [1789405638.219922574] [acados_nmpc_node]: [wcmd] raw=[+0.008,-0.024,-0.164] w=[+0.010,-0.002,-0.144] err=[-0.002,-0.022] scaled=[+0.003,-0.082] s=3.63
[INFO] [1789405638.264088032] [acados_nmpc_node]: [attach-window] t=160.05s pos_err=0.070m T=22.03N z=6.379 m_est=2.252
[INFO] [1789405638.319300142] [acados_nmpc_node]: [attach-window] t=160.10s pos_err=0.058m T=22.02N z=6.386 m_est=2.252
[INFO] [1789405638.364194714] [acados_nmpc_node]: [attach-window] t=160.15s pos_err=0.076m T=22.04N z=6.390 m_est=2.252
[INFO] [1789405638.419352878] [acados_nmpc_node]: [attach-window] t=160.20s pos_err=0.053m T=22.01N z=6.398 m_est=2.252
[INFO] [1789405638.419762022] [acados_nmpc_node]: [wcmd] raw=[+0.002,-0.025,-0.180] w=[+0.011,-0.014,-0.161] err=[-0.010,-0.010] scaled=[-0.024,-0.052] s=3.64
[INFO] [1789405638.464133659] [acados_nmpc_node]: [attach-window] t=160.25s pos_err=0.070m T=22.02N z=6.402 m_est=2.252
[INFO] [1789405638.519657339] [acados_nmpc_node]: [attach-window] t=160.30s pos_err=0.059m T=21.99N z=6.409 m_est=2.252
[INFO] [1789405638.563938984] [acados_nmpc_node]: [attach-window] t=160.35s pos_err=0.075m T=22.02N z=6.412 m_est=2.252
[INFO] [1789405638.619825447] [acados_nmpc_node]: [attach-window] t=160.40s pos_err=0.064m T=22.02N z=6.419 m_est=2.252
[INFO] [1789405638.620255574] [acados_nmpc_node]: [wcmd] raw=[-0.004,-0.004,-0.202] w=[+0.000,-0.027,-0.181] err=[-0.004,+0.022] scaled=[-0.015,+0.055] s=3.65
[INFO] [1789405638.664015815] [acados_nmpc_node]: [attach-window] t=160.45s pos_err=0.070m T=22.04N z=6.423 m_est=2.252
[INFO] [1789405638.719554898] [acados_nmpc_node]: [attach-window] t=160.50s pos_err=0.058m T=22.06N z=6.429 m_est=2.251
[INFO] [1789405638.763956756] [acados_nmpc_node]: [attach-window] t=160.55s pos_err=0.073m T=22.09N z=6.431 m_est=2.251
[INFO] [1789405638.819742347] [acados_nmpc_node]: [attach-window] t=160.60s pos_err=0.061m T=22.09N z=6.437 m_est=2.251
[INFO] [1789405638.820168162] [acados_nmpc_node]: [wcmd] raw=[+0.007,-0.022,-0.225] w=[-0.001,-0.006,-0.194] err=[+0.008,-0.016] scaled=[+0.029,-0.065] s=3.65
[INFO] [1789405638.864062272] [acados_nmpc_node]: [attach-window] t=160.65s pos_err=0.066m T=22.11N z=6.440 m_est=2.251
[INFO] [1789405638.919333475] [acados_nmpc_node]: [attach-window] t=160.70s pos_err=0.054m T=22.11N z=6.446 m_est=2.251
[INFO] [1789405638.963990173] [acados_nmpc_node]: [attach-window] t=160.75s pos_err=0.069m T=22.13N z=6.449 m_est=2.251
[INFO] [1789405639.019506859] [acados_nmpc_node]: [attach-window] t=160.80s pos_err=0.057m T=22.12N z=6.455 m_est=2.251
[INFO] [1789405639.019905337] [acados_nmpc_node]: [wcmd] raw=[+0.024,-0.007,-0.249] w=[+0.018,-0.031,-0.222] err=[+0.006,+0.025] scaled=[+0.040,+0.059] s=3.66
[INFO] [1789405639.063728696] [acados_nmpc_node]: [attach-window] t=160.85s pos_err=0.062m T=22.12N z=6.458 m_est=2.251
[INFO] [1789405639.064079946] [acados_nmpc_node]: t=160.8s | pos_err=0.062m | T=22.12N | tau=[r-0.178 p0.069 y-0.015]Nm | res_stat=5.150e-07(peak 9.997e-07) sqp_iter=4 | solve=1.4ms
[INFO] [1789405639.064238700] [acados_nmpc_node]: [flight-diag] t=160.8s | om_scale=3.657(lo 3.583 hi 3.657) | tilt_max=2.14deg | w_max=[r0.030 p0.100 y0.222]rad/s | u_frac=[T0.707 r0.376 p0.285 y0.077] | u_sat=[T0.0 r0.0 p0.0 y0.0]% | mot_peak=0.861 mot_sat=0.0% | health=1 age=0.000s conf=0.000 | n=100
[INFO] [1789405639.116806501] [acados_nmpc_node]: [attach-window] t=160.90s pos_err=0.048m T=22.10N z=6.464 m_est=2.250
[INFO] [1789405639.164023903] [acados_nmpc_node]: [attach-window] t=160.95s pos_err=0.066m T=22.13N z=6.467 m_est=2.250
[INFO] [1789405639.219623410] [acados_nmpc_node]: [attach-window] t=161.00s pos_err=0.055m T=22.10N z=6.473 m_est=2.250
[INFO] [1789405639.220036155] [acados_nmpc_node]: [wcmd] raw=[+0.014,-0.009,-0.277] w=[+0.026,-0.012,-0.239] err=[-0.013,+0.003] scaled=[-0.021,-0.001] s=3.66
[INFO] [1789405639.264072643] [acados_nmpc_node]: [attach-window] t=161.05s pos_err=0.060m T=22.11N z=6.476 m_est=2.250
[INFO] [1789405639.319431425] [acados_nmpc_node]: [attach-window] t=161.10s pos_err=0.050m T=22.11N z=6.482 m_est=2.251
[INFO] [1789405639.363991654] [acados_nmpc_node]: [attach-window] t=161.15s pos_err=0.064m T=22.14N z=6.484 m_est=2.251
[INFO] [1789405639.419356035] [acados_nmpc_node]: [attach-window] t=161.20s pos_err=0.054m T=22.13N z=6.490 m_est=2.251
[INFO] [1789405639.419765138] [acados_nmpc_node]: [wcmd] raw=[-0.002,-0.001,-0.304] w=[+0.006,+0.007,-0.262] err=[-0.008,-0.008] scaled=[-0.022,-0.021] s=3.66
[INFO] [1789405639.464166008] [acados_nmpc_node]: [attach-window] t=161.25s pos_err=0.059m T=22.14N z=6.493 m_est=2.251
[INFO] [1789405639.519215330] [acados_nmpc_node]: [attach-window] t=161.30s pos_err=0.048m T=22.12N z=6.498 m_est=2.251
[INFO] [1789405639.564166874] [acados_nmpc_node]: [attach-window] t=161.35s pos_err=0.062m T=22.15N z=6.501 m_est=2.251
[INFO] [1789405639.619175571] [acados_nmpc_node]: [attach-window] t=161.40s pos_err=0.050m T=22.13N z=6.507 m_est=2.251
[INFO] [1789405639.619588606] [acados_nmpc_node]: [wcmd] raw=[-0.000,-0.021,-0.335] w=[-0.006,-0.035,-0.305] err=[+0.005,+0.014] scaled=[+0.014,+0.016] s=3.66
[INFO] [1789405639.663941817] [acados_nmpc_node]: [attach-window] t=161.45s pos_err=0.055m T=22.13N z=6.510 m_est=2.251
[INFO] [1789405639.719820045] [acados_nmpc_node]: [attach-window] t=161.50s pos_err=0.044m T=22.12N z=6.516 m_est=2.251
[INFO] [1789405639.764073737] [acados_nmpc_node]: [attach-window] t=161.55s pos_err=0.047m T=22.12N z=6.519 m_est=2.252
[INFO] [1789405639.819894842] [acados_nmpc_node]: [attach-window] t=161.60s pos_err=0.046m T=22.12N z=6.524 m_est=2.252
[INFO] [1789405639.820303070] [acados_nmpc_node]: [wcmd] raw=[-0.003,-0.020,-0.360] w=[+0.003,-0.004,-0.321] err=[-0.006,-0.017] scaled=[-0.020,-0.065] s=3.66
[INFO] [1789405639.864056739] [acados_nmpc_node]: [attach-window] t=161.65s pos_err=0.049m T=22.13N z=6.527 m_est=2.252
[INFO] [1789405639.919225200] [acados_nmpc_node]: [attach-window] t=161.70s pos_err=0.039m T=22.13N z=6.532 m_est=2.252
[INFO] [1789405639.964155494] [acados_nmpc_node]: [attach-window] t=161.75s pos_err=0.052m T=22.15N z=6.535 m_est=2.252
[INFO] [1789405640.019901185] [acados_nmpc_node]: [attach-window] t=161.80s pos_err=0.077m T=22.18N z=6.537 m_est=2.253
[INFO] [1789405640.020326867] [acados_nmpc_node]: [wcmd] raw=[+0.018,+0.087,-0.402] w=[-0.005,-0.019,-0.350] err=[+0.022,+0.107] scaled=[+0.077,+0.371] s=3.66
[INFO] [1789405640.064123929] [acados_nmpc_node]: [attach-window] t=161.85s pos_err=0.123m T=22.22N z=6.537 m_est=2.253
[ros2run]: Killed
