[INFO] [1789400688.770192555] [acados_nmpc_node]: acados NMPC node starting, building/loading solver...
Code reuse possible, skipping code generation.
acados was compiled without OpenMP.
[INFO] [1789400688.777431645] [acados_nmpc_node]: OMEGA SCALE: on (source=djest, tau=0.50s, cap=5.0) — 增益调度走 setpoint 侧,PX4 参数不动
[INFO] [1789400688.788862721] [acados_nmpc_node]: GRIPPER MODE: hover over box (1.0,0.1) z 0.55->6.0m, lift after 3.0s, empty m_est=2.06kg, attach J bootstrap=True (0.30kg envelope)
[INFO] [1789400688.789606286] [acados_nmpc_node]: Warming up acados solver...
[INFO] [1789400688.795992036] [acados_nmpc_node]: Solver warmup complete, took 5.6 ms
[INFO] [1789400688.803054111] [acados_nmpc_node]: Decoupled publish enabled: solve @20Hz, body_rate/thrust @50Hz (trajectory interpolation)
[INFO] [1789400688.803874748] [acados_nmpc_node]: [GEOM-TRUTH] 检查通过:geom_source=estimate (载荷几何不来自真值)
[INFO] [1789400688.804672032] [acados_nmpc_node]: acados NMPC node initialized! Waiting for EKF2 convergence...
[INFO] [1789400698.803472010] [acados_nmpc_node]: Waiting for EKF2 convergence... 5/10 s
[INFO] [1789400703.804502434] [acados_nmpc_node]: Waiting for EKF2 convergence... 10/10 s
[INFO] [1789400703.852752326] [acados_nmpc_node]: Switching to OFFBOARD mode
[INFO] [1789400704.803665337] [acados_nmpc_node]: Sending arm command
[INFO] [1789400705.804275567] [acados_nmpc_node]: Armed, preparing to move to trajectory start...
[INFO] [1789400708.252660783] [acados_nmpc_node]: Gripper approach (climb): rising at spawn to z=1.50m | z=0.04m v=0.48m/s
[INFO] [1789400710.752621456] [acados_nmpc_node]: Gripper approach (climb): rising at spawn to z=1.50m | z=1.01m v=0.23m/s
[INFO] [1789400712.704963634] [acados_nmpc_node]: Gripper approach: climbed to safe altitude at spawn, now translating over box
[INFO] [1789400713.252742723] [acados_nmpc_node]: Gripper approach (high): aligning over box at z=1.50m | xy=0.922m z_err=0.143m v=0.38m/s
[INFO] [1789400714.952675028] [acados_nmpc_node]: Gripper approach: aligned above box, NMPC will take over here (z=1.50m), settle 3.0s then descend to z=0.55m to trigger attach
[INFO] [1789400715.005266625] [acados_nmpc_node]: Reached trajectory start, NMPC tracking begins!
[INFO] [1789400715.005470552] [acados_nmpc_node]: [payload-health] healthy/fresh; model updates enabled
[INFO] [1789400715.182674044] [acados_nmpc_node]: [wcmd] raw=[+0.001,-0.015,+0.005] w=[+0.001,+0.031,+0.083] err=[-0.000,-0.045] scaled=[+0.001,-0.015] s=1.00
[INFO] [1789400715.382681668] [acados_nmpc_node]: [wcmd] raw=[-0.014,-0.047,+0.017] w=[-0.006,+0.054,+0.076] err=[-0.008,-0.101] scaled=[-0.014,-0.047] s=1.00
[INFO] [1789400715.582657129] [acados_nmpc_node]: [wcmd] raw=[-0.065,+0.012,+0.004] w=[-0.034,-0.036,+0.054] err=[-0.031,+0.048] scaled=[-0.065,+0.012] s=1.00
[INFO] [1789400715.707090732] [acados_nmpc_node]: t=0.7s | pos_err=0.064m | T=20.05N | tau=[r0.000 p0.028 y-0.022]Nm | res_stat=3.059e-07(peak 7.873e-07) sqp_iter=3 | solve=1.5ms
[INFO] [1789400715.707336406] [acados_nmpc_node]: [flight-diag] t=0.7s | om_scale=1.000(lo 1.000 hi 1.000) | tilt_max=2.37deg | w_max=[r0.068 p0.082 y0.083]rad/s | u_frac=[T0.676 r0.036 p0.201 y0.112] | u_sat=[T0.0 r0.0 p0.0 y0.0]% | mot_peak=0.885 mot_sat=0.0% | health=1 age=0.000s conf=1.000 | n=15
[INFO] [1789400715.782761110] [acados_nmpc_node]: [wcmd] raw=[-0.046,+0.153,-0.024] w=[-0.072,+0.129,+0.029] err=[+0.026,+0.024] scaled=[-0.046,+0.153] s=1.00
[INFO] [1789400715.982704427] [acados_nmpc_node]: [wcmd] raw=[+0.037,+0.060,-0.038] w=[+0.003,+0.126,+0.002] err=[+0.034,-0.065] scaled=[+0.037,+0.060] s=1.00
[INFO] [1789400716.182850881] [acados_nmpc_node]: [wcmd] raw=[+0.040,-0.042,-0.037] w=[+0.055,-0.005,-0.018] err=[-0.015,-0.037] scaled=[+0.040,-0.042] s=1.00
[INFO] [1789400716.382652381] [acados_nmpc_node]: [wcmd] raw=[+0.015,-0.060,-0.027] w=[+0.025,-0.065,-0.029] err=[-0.010,+0.004] scaled=[+0.015,-0.060] s=1.00
[INFO] [1789400716.582724699] [acados_nmpc_node]: [wcmd] raw=[+0.009,-0.026,-0.011] w=[+0.010,-0.045,-0.028] err=[-0.001,+0.019] scaled=[+0.009,-0.026] s=1.00
[INFO] [1789400716.782700102] [acados_nmpc_node]: [wcmd] raw=[+0.002,-0.001,+0.003] w=[+0.005,-0.013,-0.018] err=[-0.003,+0.012] scaled=[+0.002,-0.001] s=1.00
[INFO] [1789400716.982702940] [acados_nmpc_node]: [wcmd] raw=[-0.007,+0.024,+0.010] w=[-0.008,+0.016,-0.007] err=[+0.001,+0.008] scaled=[-0.007,+0.024] s=1.00
[INFO] [1789400717.182672725] [acados_nmpc_node]: [wcmd] raw=[-0.007,+0.018,+0.011] w=[-0.010,+0.029,+0.004] err=[+0.003,-0.011] scaled=[-0.007,+0.018] s=1.00
[INFO] [1789400717.382671963] [acados_nmpc_node]: [wcmd] raw=[-0.012,-0.008,+0.007] w=[-0.011,+0.002,+0.009] err=[-0.000,-0.010] scaled=[-0.012,-0.008] s=1.00
[INFO] [1789400717.607340335] [acados_nmpc_node]: [wcmd] raw=[-0.016,-0.013,+0.000] w=[-0.012,-0.017,+0.010] err=[-0.004,+0.004] scaled=[-0.016,-0.013] s=1.00
[INFO] [1789400717.807195599] [acados_nmpc_node]: [wcmd] raw=[-0.009,-0.005,-0.005] w=[-0.008,-0.006,+0.005] err=[-0.000,+0.001] scaled=[-0.009,-0.005] s=1.00
[INFO] [1789400718.005241167] [acados_nmpc_node]: t=3.0s | DESCEND: settle done, lowering 1.5->0.55m, will enable gripper at bottom
[INFO] [1789400718.007533306] [acados_nmpc_node]: [wcmd] raw=[+0.002,-0.010,-0.008] w=[+0.002,-0.004,+0.000] err=[-0.000,-0.006] scaled=[+0.002,-0.010] s=1.00
[INFO] [1789400718.207320893] [acados_nmpc_node]: [wcmd] raw=[+0.009,-0.019,-0.007] w=[+0.011,-0.011,-0.003] err=[-0.002,-0.007] scaled=[+0.009,-0.019] s=1.00
[INFO] [1789400718.407363081] [acados_nmpc_node]: [wcmd] raw=[+0.018,-0.001,-0.005] w=[+0.015,-0.009,-0.006] err=[+0.003,+0.007] scaled=[+0.018,-0.001] s=1.00
[INFO] [1789400718.607120912] [acados_nmpc_node]: [wcmd] raw=[+0.016,+0.018,-0.003] w=[+0.021,+0.011,-0.005] err=[-0.005,+0.007] scaled=[+0.016,+0.018] s=1.00
[INFO] [1789400718.807152301] [acados_nmpc_node]: [wcmd] raw=[+0.002,+0.018,-0.000] w=[+0.010,+0.022,-0.003] err=[-0.007,-0.004] scaled=[+0.002,+0.018] s=1.00
[INFO] [1789400719.007063582] [acados_nmpc_node]: [wcmd] raw=[+0.000,+0.001,+0.001] w=[-0.001,+0.013,-0.002] err=[+0.001,-0.012] scaled=[+0.000,+0.001] s=1.00
[INFO] [1789400719.207235445] [acados_nmpc_node]: [wcmd] raw=[+0.006,-0.016,+0.002] w=[-0.001,-0.005,+0.001] err=[+0.007,-0.010] scaled=[+0.006,-0.016] s=1.00
[INFO] [1789400719.407591715] [acados_nmpc_node]: [wcmd] raw=[+0.003,-0.017,+0.002] w=[+0.002,-0.015,+0.001] err=[+0.001,-0.001] scaled=[+0.003,-0.017] s=1.00
[INFO] [1789400719.607684724] [acados_nmpc_node]: [wcmd] raw=[-0.011,-0.008,+0.001] w=[-0.005,-0.009,+0.002] err=[-0.006,+0.002] scaled=[-0.011,-0.008] s=1.00
[INFO] [1789400719.807285664] [acados_nmpc_node]: [wcmd] raw=[-0.018,+0.008,+0.000] w=[-0.017,+0.002,+0.002] err=[-0.000,+0.007] scaled=[-0.018,+0.008] s=1.00
[INFO] [1789400720.007282564] [acados_nmpc_node]: [wcmd] raw=[-0.008,+0.018,-0.001] w=[-0.014,+0.016,+0.001] err=[+0.006,+0.002] scaled=[-0.008,+0.018] s=1.00
[INFO] [1789400720.207107165] [acados_nmpc_node]: [wcmd] raw=[-0.000,+0.002,-0.001] w=[-0.005,+0.012,-0.000] err=[+0.005,-0.010] scaled=[+0.000,+0.002] s=1.01
[INFO] [1789400720.407017131] [acados_nmpc_node]: [wcmd] raw=[+0.007,-0.007,-0.002] w=[+0.004,-0.003,+0.000] err=[+0.003,-0.004] scaled=[+0.007,-0.007] s=1.05
[INFO] [1789400720.606933508] [acados_nmpc_node]: [wcmd] raw=[+0.012,-0.009,-0.002] w=[+0.010,-0.008,-0.002] err=[+0.002,-0.001] scaled=[+0.012,-0.009] s=1.10
[INFO] [1789400720.707205865] [acados_nmpc_node]: t=5.7s | pos_err=0.046m | T=20.37N | tau=[r-0.001 p-0.001 y-0.000]Nm | res_stat=4.075e-07(peak 9.929e-07) sqp_iter=2 | solve=1.3ms
[INFO] [1789400720.707445990] [acados_nmpc_node]: [flight-diag] t=5.7s | om_scale=1.127(lo 1.000 hi 1.127) | tilt_max=1.51deg | w_max=[r0.070 p0.160 y0.034]rad/s | u_frac=[T0.703 r0.028 p0.055 y0.112] | u_sat=[T0.0 r0.0 p0.0 y0.0]% | mot_peak=0.804 mot_sat=0.0% | health=1 age=0.000s conf=0.779 | n=100
[INFO] [1789400720.806974625] [acados_nmpc_node]: [wcmd] raw=[+0.004,-0.007,-0.002] w=[+0.009,-0.007,-0.001] err=[-0.005,+0.001] scaled=[+0.004,-0.006] s=1.16
[INFO] [1789400721.007110995] [acados_nmpc_node]: [wcmd] raw=[+0.001,-0.001,-0.002] w=[+0.000,-0.002,-0.002] err=[+0.001,+0.001] scaled=[+0.001,-0.001] s=1.20
[INFO] [1789400721.207055490] [acados_nmpc_node]: [wcmd] raw=[+0.004,+0.002,-0.002] w=[+0.001,+0.001,-0.001] err=[+0.003,+0.001] scaled=[+0.005,+0.002] s=1.22
[INFO] [1789400721.407369846] [acados_nmpc_node]: [wcmd] raw=[+0.015,-0.000,-0.002] w=[+0.007,+0.003,-0.002] err=[+0.008,-0.003] scaled=[+0.016,-0.001] s=1.20
[INFO] [1789400721.607292763] [acados_nmpc_node]: [wcmd] raw=[+0.016,-0.003,-0.002] w=[+0.015,-0.003,-0.002] err=[+0.002,-0.001] scaled=[+0.016,-0.003] s=1.17
[INFO] [1789400721.705390101] [acados_nmpc_node]: t=6.7s | DESCEND done at z=0.569m (target 0.550m, z_err=0.019m, v=0.04m/s), gripper ENABLED (attach will trigger now)
[INFO] [1789400721.705585018] [acados_nmpc_node]: ATTACH J bootstrap armed: m_p,envelope=0.300kg, dJxx=dJyy=0.0579kg m^2, Jxx=0.0721, Jyy=0.0721; m/s_xy remain MHE-only
[INFO] [1789400721.705732713] [acados_nmpc_node]: t=6.7s | ATTACH command issued; m/s remain on continuous MHE estimates, J safety bootstrap active (no attach notification subscription)
[INFO] [1789400721.707998914] [acados_nmpc_node]: [attach-window] t=6.70s pos_err=0.029m T=20.31N z=0.569 m_est=2.067
[INFO] [1789400721.754564283] [acados_nmpc_node]: [attach-window] t=6.75s pos_err=0.029m T=20.31N z=0.568 m_est=2.066
[INFO] [1789400721.807587777] [acados_nmpc_node]: [attach-window] t=6.80s pos_err=0.029m T=19.87N z=0.567 m_est=2.066
[INFO] [1789400721.807985376] [acados_nmpc_node]: [wcmd] raw=[+0.015,-0.010,+0.000] w=[+0.008,-0.011,+0.012] err=[+0.008,+0.001] scaled=[+0.017,-0.010] s=1.24
[INFO] [1789400721.854600617] [acados_nmpc_node]: [attach-window] t=6.85s pos_err=0.029m T=19.86N z=0.568 m_est=2.066
[INFO] [1789400721.908086162] [acados_nmpc_node]: [attach-window] t=6.90s pos_err=0.030m T=19.85N z=0.568 m_est=2.065
[INFO] [1789400721.954688236] [acados_nmpc_node]: [attach-window] t=6.95s pos_err=0.030m T=19.84N z=0.569 m_est=2.065
[INFO] [1789400722.007519551] [acados_nmpc_node]: [attach-window] t=7.00s pos_err=0.030m T=19.82N z=0.570 m_est=2.065
[INFO] [1789400722.007925890] [acados_nmpc_node]: [wcmd] raw=[+0.002,-0.027,-0.012] w=[+0.003,+0.006,+0.037] err=[-0.000,-0.033] scaled=[+0.002,-0.048] s=1.64
[INFO] [1789400722.054549223] [acados_nmpc_node]: [attach-window] t=7.05s pos_err=0.030m T=19.82N z=0.570 m_est=2.065
[INFO] [1789400722.107509592] [acados_nmpc_node]: [attach-window] t=7.10s pos_err=0.030m T=19.80N z=0.570 m_est=2.065
[INFO] [1789400722.154709326] [acados_nmpc_node]: [attach-window] t=7.15s pos_err=0.030m T=19.80N z=0.570 m_est=2.065
[INFO] [1789400722.207479467] [acados_nmpc_node]: [attach-window] t=7.20s pos_err=0.030m T=19.80N z=0.571 m_est=2.065
[INFO] [1789400722.207890147] [acados_nmpc_node]: [wcmd] raw=[-0.003,-0.016,-0.018] w=[+0.001,+0.003,+0.012] err=[-0.005,-0.018] scaled=[-0.010,-0.039] s=2.29
[INFO] [1789400722.254638009] [acados_nmpc_node]: [attach-window] t=7.25s pos_err=0.030m T=19.80N z=0.571 m_est=2.065
[INFO] [1789400722.307682927] [acados_nmpc_node]: [attach-window] t=7.30s pos_err=0.030m T=19.80N z=0.571 m_est=2.065
[INFO] [1789400722.354823887] [acados_nmpc_node]: [attach-window] t=7.35s pos_err=0.030m T=19.80N z=0.571 m_est=2.065
[INFO] [1789400722.407571129] [acados_nmpc_node]: [attach-window] t=7.40s pos_err=0.030m T=19.79N z=0.571 m_est=2.064
[INFO] [1789400722.407979797] [acados_nmpc_node]: [wcmd] raw=[-0.001,-0.014,-0.023] w=[-0.006,-0.006,-0.029] err=[+0.005,-0.008] scaled=[+0.010,-0.030] s=3.01
[INFO] [1789400722.454549680] [acados_nmpc_node]: [attach-window] t=7.45s pos_err=0.030m T=19.79N z=0.571 m_est=2.064
[INFO] [1789400722.507574012] [acados_nmpc_node]: [attach-window] t=7.50s pos_err=0.030m T=19.79N z=0.571 m_est=2.064
[INFO] [1789400722.554722100] [acados_nmpc_node]: [attach-window] t=7.55s pos_err=0.030m T=19.79N z=0.571 m_est=2.064
[INFO] [1789400722.607441529] [acados_nmpc_node]: [attach-window] t=7.60s pos_err=0.030m T=19.79N z=0.572 m_est=2.064
[INFO] [1789400722.607843209] [acados_nmpc_node]: [wcmd] raw=[+0.015,-0.015,-0.011] w=[-0.007,+0.005,-0.020] err=[+0.022,-0.019] scaled=[+0.072,-0.065] s=3.61
[INFO] [1789400722.654659782] [acados_nmpc_node]: [attach-window] t=7.65s pos_err=0.030m T=19.78N z=0.572 m_est=2.064
[INFO] [1789400722.705840675] [acados_nmpc_node]: [attach-window] t=7.70s pos_err=0.031m T=19.75N z=0.573 m_est=2.064
[INFO] [1789400722.754109615] [acados_nmpc_node]: [attach-window] t=7.75s pos_err=0.032m T=19.76N z=0.573 m_est=2.064
[INFO] [1789400722.805975619] [acados_nmpc_node]: [attach-window] t=7.80s pos_err=0.033m T=19.72N z=0.574 m_est=2.064
[INFO] [1789400722.806290361] [acados_nmpc_node]: [wcmd] raw=[+0.021,-0.000,+0.000] w=[+0.003,+0.003,-0.028] err=[+0.018,-0.003] scaled=[+0.078,-0.010] s=4.06
[INFO] [1789400722.853899324] [acados_nmpc_node]: [attach-window] t=7.85s pos_err=0.033m T=19.71N z=0.574 m_est=2.064
[INFO] [1789400722.905933060] [acados_nmpc_node]: [attach-window] t=7.90s pos_err=0.033m T=19.70N z=0.575 m_est=2.064
[INFO] [1789400722.954568543] [acados_nmpc_node]: [attach-window] t=7.95s pos_err=0.033m T=19.70N z=0.575 m_est=2.064
[INFO] [1789400723.007547654] [acados_nmpc_node]: [attach-window] t=8.00s pos_err=0.033m T=19.70N z=0.575 m_est=2.064
[INFO] [1789400723.007950320] [acados_nmpc_node]: [wcmd] raw=[+0.013,+0.001,+0.013] w=[+0.001,+0.010,+0.007] err=[+0.011,-0.009] scaled=[+0.051,-0.029] s=4.37
[INFO] [1789400723.054528074] [acados_nmpc_node]: [attach-window] t=8.05s pos_err=0.033m T=19.70N z=0.575 m_est=2.064
[INFO] [1789400723.107386469] [acados_nmpc_node]: [attach-window] t=8.10s pos_err=0.032m T=19.71N z=0.575 m_est=2.064
[INFO] [1789400723.154584541] [acados_nmpc_node]: [attach-window] t=8.15s pos_err=0.032m T=19.72N z=0.575 m_est=2.064
[INFO] [1789400723.207495204] [acados_nmpc_node]: [attach-window] t=8.20s pos_err=0.031m T=19.74N z=0.574 m_est=2.064
[INFO] [1789400723.207897640] [acados_nmpc_node]: [wcmd] raw=[+0.013,-0.007,+0.023] w=[-0.000,+0.013,+0.022] err=[+0.013,-0.020] scaled=[+0.059,-0.079] s=4.58
[INFO] [1789400723.254548139] [acados_nmpc_node]: [attach-window] t=8.25s pos_err=0.031m T=19.74N z=0.574 m_est=2.064
[INFO] [1789400723.307602411] [acados_nmpc_node]: [attach-window] t=8.30s pos_err=0.031m T=19.77N z=0.573 m_est=2.064
[INFO] [1789400723.354522922] [acados_nmpc_node]: [attach-window] t=8.35s pos_err=0.031m T=19.76N z=0.573 m_est=2.064
[INFO] [1789400723.407644414] [acados_nmpc_node]: [attach-window] t=8.40s pos_err=0.031m T=19.77N z=0.572 m_est=2.064
[INFO] [1789400723.408052514] [acados_nmpc_node]: [wcmd] raw=[+0.007,-0.011,+0.024] w=[+0.007,+0.003,+0.013] err=[+0.000,-0.014] scaled=[+0.009,-0.063] s=4.72
[INFO] [1789400723.454597808] [acados_nmpc_node]: [attach-window] t=8.45s pos_err=0.032m T=19.77N z=0.572 m_est=2.064
[INFO] [1789400723.507465409] [acados_nmpc_node]: [attach-window] t=8.50s pos_err=0.032m T=19.78N z=0.572 m_est=2.064
[INFO] [1789400723.554725534] [acados_nmpc_node]: [attach-window] t=8.55s pos_err=0.032m T=19.78N z=0.572 m_est=2.064
[INFO] [1789400723.607698487] [acados_nmpc_node]: [attach-window] t=8.60s pos_err=0.033m T=19.78N z=0.572 m_est=2.064
[INFO] [1789400723.608123860] [acados_nmpc_node]: [wcmd] raw=[+0.013,-0.017,+0.021] w=[+0.001,-0.005,-0.006] err=[+0.012,-0.011] scaled=[+0.057,-0.060] s=4.81
[INFO] [1789400723.654609355] [acados_nmpc_node]: [attach-window] t=8.65s pos_err=0.034m T=19.78N z=0.572 m_est=2.064
[INFO] [1789400723.707645759] [acados_nmpc_node]: [attach-window] t=8.70s pos_err=0.035m T=19.77N z=0.573 m_est=2.064
[INFO] [1789400723.754605072] [acados_nmpc_node]: [attach-window] t=8.75s pos_err=0.035m T=19.76N z=0.573 m_est=2.064
[INFO] [1789400723.807577187] [acados_nmpc_node]: [attach-window] t=8.80s pos_err=0.036m T=19.74N z=0.574 m_est=2.064
[INFO] [1789400723.807979591] [acados_nmpc_node]: [wcmd] raw=[+0.009,-0.033,+0.019] w=[+0.002,-0.005,-0.011] err=[+0.008,-0.028] scaled=[+0.039,-0.141] s=4.87
[INFO] [1789400723.854686054] [acados_nmpc_node]: [attach-window] t=8.85s pos_err=0.037m T=19.73N z=0.574 m_est=2.064
[INFO] [1789400723.907892827] [acados_nmpc_node]: [attach-window] t=8.90s pos_err=0.038m T=19.70N z=0.575 m_est=2.064
[INFO] [1789400723.954678618] [acados_nmpc_node]: [attach-window] t=8.95s pos_err=0.038m T=19.69N z=0.576 m_est=2.064
[INFO] [1789400724.007541020] [acados_nmpc_node]: [attach-window] t=9.00s pos_err=0.039m T=19.66N z=0.577 m_est=2.064
[INFO] [1789400724.007946510] [acados_nmpc_node]: [wcmd] raw=[+0.011,-0.011,+0.030] w=[-0.001,-0.018,-0.039] err=[+0.011,+0.007] scaled=[+0.055,+0.016] s=4.92
[INFO] [1789400724.054685469] [acados_nmpc_node]: [attach-window] t=9.05s pos_err=0.040m T=19.65N z=0.578 m_est=2.064
[INFO] [1789400724.106063213] [acados_nmpc_node]: [attach-window] t=9.10s pos_err=0.041m T=19.61N z=0.579 m_est=2.064
[INFO] [1789400724.154579464] [acados_nmpc_node]: [attach-window] t=9.15s pos_err=0.041m T=19.60N z=0.580 m_est=2.064
[INFO] [1789400724.207633145] [acados_nmpc_node]: [attach-window] t=9.20s pos_err=0.042m T=19.57N z=0.582 m_est=2.064
[INFO] [1789400724.208037531] [acados_nmpc_node]: [wcmd] raw=[+0.007,+0.005,+0.042] w=[+0.008,+0.003,+0.040] err=[-0.001,+0.002] scaled=[+0.001,+0.012] s=4.94
[INFO] [1789400724.254598825] [acados_nmpc_node]: [attach-window] t=9.25s pos_err=0.042m T=19.55N z=0.583 m_est=2.064
[INFO] [1789400724.307685242] [acados_nmpc_node]: [attach-window] t=9.30s pos_err=0.043m T=19.52N z=0.584 m_est=2.064
[INFO] [1789400724.354579668] [acados_nmpc_node]: [attach-window] t=9.35s pos_err=0.044m T=19.51N z=0.585 m_est=2.064
[INFO] [1789400724.407635758] [acados_nmpc_node]: [attach-window] t=9.40s pos_err=0.045m T=19.49N z=0.586 m_est=2.064
[INFO] [1789400724.408162699] [acados_nmpc_node]: [wcmd] raw=[-0.003,-0.005,+0.019] w=[+0.007,+0.007,+0.059] err=[-0.010,-0.011] scaled=[-0.041,-0.050] s=4.96
[INFO] [1789400724.454517481] [acados_nmpc_node]: [attach-window] t=9.45s pos_err=0.045m T=19.48N z=0.586 m_est=2.064
[INFO] [1789400724.507737015] [acados_nmpc_node]: [attach-window] t=9.50s pos_err=0.045m T=19.47N z=0.587 m_est=2.064
[INFO] [1789400724.554611719] [acados_nmpc_node]: [attach-window] t=9.55s pos_err=0.046m T=19.47N z=0.587 m_est=2.064
[INFO] [1789400724.606302601] [acados_nmpc_node]: [attach-window] t=9.60s pos_err=0.046m T=19.48N z=0.587 m_est=2.064
[INFO] [1789400724.606612884] [acados_nmpc_node]: [wcmd] raw=[+0.004,-0.002,-0.004] w=[-0.002,-0.005,+0.021] err=[+0.005,+0.003] scaled=[+0.025,+0.010] s=4.97
[INFO] [1789400724.654509553] [acados_nmpc_node]: [attach-window] t=9.65s pos_err=0.046m T=19.48N z=0.587 m_est=2.064
[INFO] [1789400724.705425614] [acados_nmpc_node]: t=9.7s | LIFT: raising hover 0.55->6.0m to lift payload
[INFO] [1789400724.707742616] [acados_nmpc_node]: [attach-window] t=9.70s pos_err=0.046m T=19.49N z=0.587 m_est=2.064
[INFO] [1789400724.754618410] [acados_nmpc_node]: [attach-window] t=9.75s pos_err=0.046m T=19.50N z=0.586 m_est=2.064
[INFO] [1789400724.807852736] [acados_nmpc_node]: [attach-window] t=9.80s pos_err=0.046m T=19.52N z=0.585 m_est=2.064
[INFO] [1789400724.808268616] [acados_nmpc_node]: [wcmd] raw=[+0.020,+0.007,-0.013] w=[+0.001,+0.002,+0.040] err=[+0.018,+0.005] scaled=[+0.093,+0.026] s=4.98
[INFO] [1789400724.854601650] [acados_nmpc_node]: [attach-window] t=9.85s pos_err=0.045m T=19.54N z=0.585 m_est=2.064
[INFO] [1789400724.907769661] [acados_nmpc_node]: [attach-window] t=9.90s pos_err=0.044m T=19.58N z=0.583 m_est=2.064
[INFO] [1789400724.954515979] [acados_nmpc_node]: [attach-window] t=9.95s pos_err=0.043m T=19.61N z=0.583 m_est=2.064
[INFO] [1789400725.007628935] [acados_nmpc_node]: [attach-window] t=10.00s pos_err=0.041m T=19.68N z=0.580 m_est=2.064
[INFO] [1789400725.008043872] [acados_nmpc_node]: [wcmd] raw=[+0.015,+0.008,-0.033] w=[+0.010,+0.011,+0.060] err=[+0.005,-0.003] scaled=[+0.034,-0.002] s=4.99
[INFO] [1789400725.054599583] [acados_nmpc_node]: [attach-window] t=10.05s pos_err=0.040m T=19.72N z=0.579 m_est=2.064
[INFO] [1789400725.107585978] [acados_nmpc_node]: [attach-window] t=10.10s pos_err=0.037m T=19.80N z=0.577 m_est=2.064
[INFO] [1789400725.154513694] [acados_nmpc_node]: [attach-window] t=10.15s pos_err=0.035m T=19.87N z=0.576 m_est=2.064
[INFO] [1789400725.207920565] [acados_nmpc_node]: [attach-window] t=10.20s pos_err=0.032m T=19.97N z=0.574 m_est=2.064
[INFO] [1789400725.208335032] [acados_nmpc_node]: [wcmd] raw=[-0.019,+0.001,-0.058] w=[+0.015,+0.003,+0.019] err=[-0.034,-0.002] scaled=[-0.157,-0.006] s=4.99
[INFO] [1789400725.254753144] [acados_nmpc_node]: [attach-window] t=10.25s pos_err=0.030m T=20.05N z=0.573 m_est=2.064
[INFO] [1789400725.307942318] [acados_nmpc_node]: [attach-window] t=10.30s pos_err=0.026m T=20.16N z=0.571 m_est=2.064
[INFO] [1789400725.354648604] [acados_nmpc_node]: [attach-window] t=10.35s pos_err=0.025m T=20.25N z=0.571 m_est=2.064
[INFO] [1789400725.407898288] [acados_nmpc_node]: [attach-window] t=10.40s pos_err=0.024m T=20.39N z=0.569 m_est=2.064
[INFO] [1789400725.408325930] [acados_nmpc_node]: [wcmd] raw=[-0.073,+0.005,-0.060] w=[+0.016,-0.012,-0.052] err=[-0.089,+0.018] scaled=[-0.430,+0.076] s=4.99
[INFO] [1789400725.454590547] [acados_nmpc_node]: [attach-window] t=10.45s pos_err=0.026m T=20.51N z=0.569 m_est=2.064
[INFO] [1789400725.507657777] [acados_nmpc_node]: [attach-window] t=10.50s pos_err=0.030m T=20.66N z=0.568 m_est=2.064
[INFO] [1789400725.554668002] [acados_nmpc_node]: [attach-window] t=10.55s pos_err=0.035m T=20.80N z=0.568 m_est=2.064
[INFO] [1789400725.607933134] [acados_nmpc_node]: [attach-window] t=10.60s pos_err=0.043m T=21.09N z=0.567 m_est=2.064
[INFO] [1789400725.608354304] [acados_nmpc_node]: [wcmd] raw=[-0.118,+0.018,-0.031] w=[-0.030,-0.010,-0.073] err=[-0.087,+0.028] scaled=[-0.467,+0.131] s=5.00
[INFO] [1789400725.654439142] [acados_nmpc_node]: [attach-window] t=10.65s pos_err=0.052m T=21.34N z=0.566 m_est=2.064
[INFO] [1789400725.706000280] [acados_nmpc_node]: [attach-window] t=10.70s pos_err=0.063m T=21.63N z=0.565 m_est=2.064
[INFO] [1789400725.706345407] [acados_nmpc_node]: t=10.7s | pos_err=0.063m | T=21.63N | tau=[r0.035 p-0.049 y0.012]Nm | res_stat=2.828e-07(peak 9.929e-07) sqp_iter=3 | solve=1.1ms
[INFO] [1789400725.706493206] [acados_nmpc_node]: [flight-diag] t=10.7s | om_scale=4.997(lo 1.144 hi 4.997) | tilt_max=1.23deg | w_max=[r0.093 p0.018 y0.077]rad/s | u_frac=[T0.690 r0.237 p0.165 y0.198] | u_sat=[T0.0 r0.0 p0.0 y0.0]% | mot_peak=0.825 mot_sat=0.0% | health=1 age=0.000s conf=0.000 | n=100
[INFO] [1789400725.754560916] [acados_nmpc_node]: [attach-window] t=10.75s pos_err=0.074m T=21.83N z=0.564 m_est=2.064
[INFO] [1789400725.807743097] [acados_nmpc_node]: [attach-window] t=10.80s pos_err=0.087m T=21.90N z=0.563 m_est=2.064
[INFO] [1789400725.808161744] [acados_nmpc_node]: [wcmd] raw=[-0.069,+0.023,-0.005] w=[-0.013,+0.004,-0.017] err=[-0.056,+0.019] scaled=[-0.294,+0.099] s=5.00
[INFO] [1789400725.854891204] [acados_nmpc_node]: [attach-window] t=10.85s pos_err=0.099m T=22.13N z=0.563 m_est=2.064
[INFO] [1789400725.908015778] [acados_nmpc_node]: [attach-window] t=10.90s pos_err=0.114m T=22.37N z=0.564 m_est=2.064
[INFO] [1789400725.954981482] [acados_nmpc_node]: [attach-window] t=10.95s pos_err=0.127m T=22.59N z=0.564 m_est=2.064
[INFO] [1789400726.007749608] [acados_nmpc_node]: [attach-window] t=11.00s pos_err=0.143m T=22.71N z=0.565 m_est=2.064
[INFO] [1789400726.008175084] [acados_nmpc_node]: [wcmd] raw=[-0.058,+0.025,+0.002] w=[-0.085,-0.008,-0.027] err=[+0.027,+0.034] scaled=[+0.051,+0.161] s=5.00
[INFO] [1789400726.054671325] [acados_nmpc_node]: [attach-window] t=11.05s pos_err=0.158m T=22.88N z=0.566 m_est=2.064
[INFO] [1789400726.107767529] [acados_nmpc_node]: [attach-window] t=11.10s pos_err=0.174m T=22.91N z=0.570 m_est=2.064
[INFO] [1789400726.154827806] [acados_nmpc_node]: [attach-window] t=11.15s pos_err=0.189m T=23.05N z=0.573 m_est=2.064
[INFO] [1789400726.206368550] [acados_nmpc_node]: [attach-window] t=11.20s pos_err=0.203m T=22.94N z=0.580 m_est=2.064
[INFO] [1789400726.206678631] [acados_nmpc_node]: [wcmd] raw=[-0.035,+0.011,+0.008] w=[+0.015,-0.019,-0.020] err=[-0.050,+0.031] scaled=[-0.236,+0.133] s=5.00
[INFO] [1789400726.254782407] [acados_nmpc_node]: [attach-window] t=11.25s pos_err=0.219m T=23.07N z=0.585 m_est=2.064
[INFO] [1789400726.307750676] [acados_nmpc_node]: [attach-window] t=11.30s pos_err=0.232m T=22.98N z=0.595 m_est=2.064
[INFO] [1789400726.354595362] [acados_nmpc_node]: [attach-window] t=11.35s pos_err=0.248m T=23.11N z=0.601 m_est=2.064
[INFO] [1789400726.407798111] [acados_nmpc_node]: [attach-window] t=11.40s pos_err=0.259m T=22.89N z=0.617 m_est=2.064
[INFO] [1789400726.408212281] [acados_nmpc_node]: [wcmd] raw=[-0.002,-0.006,+0.013] w=[+0.003,+0.029,+0.002] err=[-0.006,-0.035] scaled=[-0.025,-0.148] s=5.00
[INFO] [1789400726.454735775] [acados_nmpc_node]: [attach-window] t=11.45s pos_err=0.275m T=23.01N z=0.626 m_est=2.064
[INFO] [1789400726.507948758] [acados_nmpc_node]: [attach-window] t=11.50s pos_err=0.286m T=22.88N z=0.643 m_est=2.064
[INFO] [1789400726.554872013] [acados_nmpc_node]: [attach-window] t=11.55s pos_err=0.303m T=23.02N z=0.653 m_est=2.064
[INFO] [1789400726.607996224] [acados_nmpc_node]: [attach-window] t=11.60s pos_err=0.310m T=22.78N z=0.676 m_est=2.064
[INFO] [1789400726.608407774] [acados_nmpc_node]: [wcmd] raw=[-0.007,-0.000,+0.020] w=[-0.000,+0.125,+0.044] err=[-0.007,-0.125] scaled=[-0.036,-0.502] s=5.00
[INFO] [1789400726.654855306] [acados_nmpc_node]: [attach-window] t=11.65s pos_err=0.327m T=22.92N z=0.688 m_est=2.064
[INFO] [1789400726.707897830] [acados_nmpc_node]: [attach-window] t=11.70s pos_err=0.336m T=22.74N z=0.712 m_est=2.064
[INFO] [1789400726.754923610] [acados_nmpc_node]: [attach-window] t=11.75s pos_err=0.353m T=22.89N z=0.726 m_est=2.064
[INFO] [1789400726.807872756] [acados_nmpc_node]: [attach-window] t=11.80s pos_err=0.357m T=22.54N z=0.757 m_est=2.064
[INFO] [1789400726.808290344] [acados_nmpc_node]: [wcmd] raw=[+0.002,+0.037,+0.021] w=[+0.030,+0.079,+0.037] err=[-0.028,-0.042] scaled=[-0.110,-0.133] s=5.00
[INFO] [1789400726.854622772] [acados_nmpc_node]: [attach-window] t=11.85s pos_err=0.375m T=22.71N z=0.772 m_est=2.064
[INFO] [1789400726.908142986] [acados_nmpc_node]: [attach-window] t=11.90s pos_err=0.382m T=22.50N z=0.804 m_est=2.067
[INFO] [1789400726.954841994] [acados_nmpc_node]: [attach-window] t=11.95s pos_err=0.400m T=22.77N z=0.820 m_est=2.076
[INFO] [1789400727.008414242] [acados_nmpc_node]: [attach-window] t=12.00s pos_err=0.401m T=22.48N z=0.859 m_est=2.082
[INFO] [1789400727.008822217] [acados_nmpc_node]: [wcmd] raw=[-0.009,+0.050,+0.006] w=[-0.012,-0.257,-0.071] err=[+0.003,+0.307] scaled=[+0.001,+1.276] s=5.00
[INFO] [1789400727.054438943] [acados_nmpc_node]: [attach-window] t=12.05s pos_err=0.420m T=22.73N z=0.876 m_est=2.093
[INFO] [1789400727.108312396] [acados_nmpc_node]: [attach-window] t=12.10s pos_err=0.425m T=22.55N z=0.914 m_est=2.101
[WARN] [1789400727.142665270] [acados_nmpc_node]: [omega_scale] body-rate headroom limited scale 5.00->4.99 (guard ±1.90, hard ±2.00rad/s)
[INFO] [1789400727.179285194] [acados_nmpc_node]: [attach-window] t=12.15s pos_err=0.444m T=22.72N z=0.933 m_est=2.107
[INFO] [1789400727.208786617] [acados_nmpc_node]: [attach-window] t=12.20s pos_err=0.443m T=22.27N z=0.979 m_est=2.116
[INFO] [1789400727.209195230] [acados_nmpc_node]: [wcmd] raw=[-0.020,-0.095,-0.020] w=[-0.017,-0.440,-0.134] err=[-0.003,+0.345] scaled=[-0.031,+1.284] s=5.00
[INFO] [1789400727.255466868] [acados_nmpc_node]: [attach-window] t=12.25s pos_err=0.462m T=22.49N z=1.000 m_est=2.125
[INFO] [1789400727.308500348] [acados_nmpc_node]: [attach-window] t=12.30s pos_err=0.465m T=22.28N z=1.045 m_est=2.133
[INFO] [1789400727.354810956] [acados_nmpc_node]: [attach-window] t=12.35s pos_err=0.484m T=22.55N z=1.068 m_est=2.139
[INFO] [1789400727.408703923] [acados_nmpc_node]: [attach-window] t=12.40s pos_err=0.479m T=22.15N z=1.121 m_est=2.145
[INFO] [1789400727.409236175] [acados_nmpc_node]: [wcmd] raw=[+0.000,+0.228,+0.024] w=[+0.013,+0.609,+0.208] err=[-0.013,-0.381] scaled=[-0.050,-1.296] s=5.00
[INFO] [1789400727.464647690] [acados_nmpc_node]: [attach-window] t=12.45s pos_err=0.498m T=22.26N z=1.145 m_est=2.150
[INFO] [1789400727.505663295] [acados_nmpc_node]: ATTACH J bootstrap handoff: persistent MHE payload evidence, blending floor 0.0579 -> MHE dJ 0.0221kg m^2 over 0.50s
[INFO] [1789400727.528126011] [acados_nmpc_node]: [attach-window] t=12.50s pos_err=0.491m T=21.80N z=1.203 m_est=2.154
[INFO] [1789400727.555496581] [acados_nmpc_node]: [attach-window] t=12.55s pos_err=0.517m T=22.12N z=1.223 m_est=2.157
[INFO] [1789400727.608450744] [acados_nmpc_node]: [attach-window] t=12.60s pos_err=0.509m T=21.66N z=1.284 m_est=2.160
[INFO] [1789400727.622655872] [acados_nmpc_node]: [wcmd] raw=[-0.001,+0.277,+0.023] w=[-0.014,+0.234,+0.091] err=[+0.013,+0.043] scaled=[+0.049,+0.446] s=4.98
[INFO] [1789400727.654782394] [acados_nmpc_node]: [attach-window] t=12.65s pos_err=0.528m T=21.91N z=1.311 m_est=2.159
[INFO] [1789400727.726556038] [acados_nmpc_node]: [attach-window] t=12.70s pos_err=0.526m T=21.77N z=1.367 m_est=2.158
[INFO] [1789400727.755324061] [acados_nmpc_node]: [attach-window] t=12.75s pos_err=0.539m T=21.78N z=1.403 m_est=2.158
[INFO] [1789400727.808617672] [acados_nmpc_node]: [attach-window] t=12.80s pos_err=0.537m T=21.40N z=1.461 m_est=2.151
[INFO] [1789400727.842672416] [acados_nmpc_node]: [wcmd] raw=[+0.001,+0.092,-0.018] w=[+0.013,-0.545,-0.175] err=[-0.012,+0.637] scaled=[-0.034,+1.900] s=4.74
[INFO] [1789400727.855474979] [acados_nmpc_node]: [attach-window] t=12.85s pos_err=0.557m T=21.60N z=1.491 m_est=2.145
[INFO] [1789400727.908281959] [acados_nmpc_node]: [attach-window] t=12.90s pos_err=0.554m T=21.26N z=1.551 m_est=2.136
[INFO] [1789400727.954875431] [acados_nmpc_node]: [attach-window] t=12.95s pos_err=0.574m T=21.55N z=1.581 m_est=2.129
[INFO] [1789400728.005926055] [acados_nmpc_node]: ATTACH J bootstrap released; NMPC J is now MHE-only
[INFO] [1789400728.008480920] [acados_nmpc_node]: [attach-window] t=13.00s pos_err=0.564m T=21.04N z=1.650 m_est=2.121
[INFO] [1789400728.042669412] [acados_nmpc_node]: [wcmd] raw=[+0.006,-0.195,-0.029] w=[-0.003,-0.000,-0.017] err=[+0.009,-0.195] scaled=[+0.037,-0.864] s=4.44
[INFO] [1789400728.055122510] [acados_nmpc_node]: [attach-window] t=13.05s pos_err=0.585m T=21.28N z=1.681 m_est=2.115
[INFO] [1789400728.108791261] [acados_nmpc_node]: [attach-window] t=13.10s pos_err=0.582m T=20.98N z=1.744 m_est=2.108
[INFO] [1789400728.155334385] [acados_nmpc_node]: [attach-window] t=13.15s pos_err=0.604m T=21.26N z=1.775 m_est=2.102
[INFO] [1789400728.208228715] [acados_nmpc_node]: [attach-window] t=13.20s pos_err=0.593m T=21.05N z=1.847 m_est=2.096
[INFO] [1789400728.242666204] [acados_nmpc_node]: [wcmd] raw=[+0.009,+0.029,+0.010] w=[+0.017,+0.697,+0.213] err=[-0.008,-0.669] scaled=[-0.014,-1.900] s=4.14
[INFO] [1789400728.254884339] [acados_nmpc_node]: [attach-window] t=13.25s pos_err=0.615m T=21.46N z=1.879 m_est=2.092
[INFO] [1789400728.308251637] [acados_nmpc_node]: [attach-window] t=13.30s pos_err=0.613m T=21.26N z=1.943 m_est=2.088
[INFO] [1789400728.354970223] [acados_nmpc_node]: [attach-window] t=13.35s pos_err=0.635m T=21.62N z=1.976 m_est=2.084
[INFO] [1789400728.408506133] [acados_nmpc_node]: [attach-window] t=13.40s pos_err=0.624m T=21.17N z=2.050 m_est=2.081
[INFO] [1789400728.442677686] [acados_nmpc_node]: [wcmd] raw=[+0.013,+0.258,+0.014] w=[+0.013,-0.256,-0.091] err=[-0.000,+0.514] scaled=[+0.011,+1.718] s=3.84
[INFO] [1789400728.454851025] [acados_nmpc_node]: [attach-window] t=13.45s pos_err=0.646m T=21.48N z=2.083 m_est=2.079
[INFO] [1789400728.508257575] [acados_nmpc_node]: [attach-window] t=13.50s pos_err=0.643m T=21.43N z=2.149 m_est=2.076
[INFO] [1789400728.555150514] [acados_nmpc_node]: [attach-window] t=13.55s pos_err=0.666m T=21.75N z=2.182 m_est=2.074
[INFO] [1789400728.608125165] [acados_nmpc_node]: [attach-window] t=13.60s pos_err=0.654m T=21.42N z=2.258 m_est=2.073
[INFO] [1789400728.642671310] [acados_nmpc_node]: [wcmd] raw=[-0.005,-0.284,-0.023] w=[-0.005,-0.492,-0.181] err=[-0.000,+0.208] scaled=[-0.005,+0.246] s=3.54
[INFO] [1789400728.654820079] [acados_nmpc_node]: [attach-window] t=13.65s pos_err=0.677m T=21.81N z=2.291 m_est=2.071
[INFO] [1789400728.708158272] [acados_nmpc_node]: [attach-window] t=13.70s pos_err=0.665m T=21.37N z=2.368 m_est=2.070
[INFO] [1789400728.754785328] [acados_nmpc_node]: [attach-window] t=13.75s pos_err=0.687m T=21.68N z=2.402 m_est=2.069
[INFO] [1789400728.808193564] [acados_nmpc_node]: [attach-window] t=13.80s pos_err=0.683m T=21.53N z=2.472 m_est=2.068
[INFO] [1789400728.842668112] [acados_nmpc_node]: [wcmd] raw=[-0.004,-0.100,+0.027] w=[-0.009,+0.615,+0.202] err=[+0.006,-0.715] scaled=[+0.009,-1.703] s=3.24
[INFO] [1789400728.854780636] [acados_nmpc_node]: [attach-window] t=13.85s pos_err=0.704m T=21.87N z=2.507 m_est=2.068
[INFO] [1789400728.908046817] [acados_nmpc_node]: [attach-window] t=13.90s pos_err=0.689m T=21.32N z=2.587 m_est=2.067
[INFO] [1789400728.954763703] [acados_nmpc_node]: [attach-window] t=13.95s pos_err=0.719m T=21.85N z=2.613 m_est=2.067
[INFO] [1789400729.008152423] [acados_nmpc_node]: [attach-window] t=14.00s pos_err=0.702m T=21.39N z=2.695 m_est=2.066
[INFO] [1789400729.042712736] [acados_nmpc_node]: [wcmd] raw=[-0.012,+0.199,+0.031] w=[-0.009,-0.066,-0.002] err=[-0.004,+0.265] scaled=[-0.019,+0.714] s=2.94
[INFO] [1789400729.054939122] [acados_nmpc_node]: [attach-window] t=14.05s pos_err=0.723m T=21.76N z=2.731 m_est=2.066
[INFO] [1789400729.108109598] [acados_nmpc_node]: [attach-window] t=14.10s pos_err=0.706m T=21.51N z=2.813 m_est=2.066
[INFO] [1789400729.154855845] [acados_nmpc_node]: [attach-window] t=14.15s pos_err=0.735m T=22.07N z=2.840 m_est=2.065
[INFO] [1789400729.208195603] [acados_nmpc_node]: [attach-window] t=14.20s pos_err=0.719m T=21.72N z=2.921 m_est=2.065
[INFO] [1789400729.242750686] [acados_nmpc_node]: [wcmd] raw=[+0.007,-0.096,-0.006] w=[-0.005,-0.201,-0.052] err=[+0.012,+0.106] scaled=[+0.027,+0.077] s=2.64
[INFO] [1789400729.254893461] [acados_nmpc_node]: [attach-window] t=14.25s pos_err=0.739m T=22.09N z=2.957 m_est=2.065
[INFO] [1789400729.308240439] [acados_nmpc_node]: [attach-window] t=14.30s pos_err=0.730m T=21.91N z=3.029 m_est=2.065
[INFO] [1789400729.355050265] [acados_nmpc_node]: [attach-window] t=14.35s pos_err=0.750m T=22.27N z=3.065 m_est=2.065
[INFO] [1789400729.408381173] [acados_nmpc_node]: [attach-window] t=14.40s pos_err=0.732m T=21.92N z=3.147 m_est=2.065
[INFO] [1789400729.442640345] [acados_nmpc_node]: [wcmd] raw=[+0.010,+0.053,+0.009] w=[+0.022,+0.235,+0.093] err=[-0.012,-0.182] scaled=[-0.006,-0.192] s=2.34
[INFO] [1789400729.455148785] [acados_nmpc_node]: [attach-window] t=14.45s pos_err=0.750m T=22.25N z=3.183 m_est=2.065
[INFO] [1789400729.508231496] [acados_nmpc_node]: [attach-window] t=14.50s pos_err=0.739m T=22.02N z=3.257 m_est=2.065
[INFO] [1789400729.554940459] [acados_nmpc_node]: [attach-window] t=14.55s pos_err=0.757m T=22.34N z=3.293 m_est=2.065
[INFO] [1789400729.608499036] [acados_nmpc_node]: [attach-window] t=14.60s pos_err=0.736m T=21.94N z=3.376 m_est=2.065
[INFO] [1789400729.642680377] [acados_nmpc_node]: [wcmd] raw=[-0.001,-0.042,-0.013] w=[+0.018,-0.125,-0.040] err=[-0.019,+0.083] scaled=[-0.021,+0.045] s=2.04
[INFO] [1789400729.654877994] [acados_nmpc_node]: [attach-window] t=14.65s pos_err=0.752m T=22.24N z=3.413 m_est=2.064
[INFO] [1789400729.708255556] [acados_nmpc_node]: [attach-window] t=14.70s pos_err=0.739m T=22.01N z=3.486 m_est=2.064
[INFO] [1789400729.754597746] [acados_nmpc_node]: [attach-window] t=14.75s pos_err=0.755m T=22.30N z=3.523 m_est=2.064
[INFO] [1789400729.808037399] [acados_nmpc_node]: [attach-window] t=14.80s pos_err=0.732m T=21.88N z=3.605 m_est=2.064
[INFO] [1789400729.842653324] [acados_nmpc_node]: [wcmd] raw=[-0.019,+0.018,-0.002] w=[+0.002,+0.025,+0.009] err=[-0.021,-0.007] scaled=[-0.035,+0.012] s=1.74
[INFO] [1789400729.854686836] [acados_nmpc_node]: [attach-window] t=14.85s pos_err=0.747m T=22.16N z=3.642 m_est=2.064
[INFO] [1789400729.906318621] [acados_nmpc_node]: [attach-window] t=14.90s pos_err=0.732m T=21.91N z=3.714 m_est=2.064
[INFO] [1789400729.954664865] [acados_nmpc_node]: [attach-window] t=14.95s pos_err=0.747m T=22.21N z=3.750 m_est=2.064
[INFO] [1789400730.008001361] [acados_nmpc_node]: [attach-window] t=15.00s pos_err=0.722m T=21.80N z=3.831 m_est=2.064
[INFO] [1789400730.042680483] [acados_nmpc_node]: [wcmd] raw=[-0.034,-0.014,-0.006] w=[-0.020,+0.005,-0.001] err=[-0.014,-0.019] scaled=[-0.041,-0.024] s=1.50
[INFO] [1789400730.054729464] [acados_nmpc_node]: [attach-window] t=15.05s pos_err=0.736m T=22.05N z=3.867 m_est=2.064
[INFO] [1789400730.108385338] [acados_nmpc_node]: [attach-window] t=15.10s pos_err=0.719m T=21.83N z=3.939 m_est=2.066
[INFO] [1789400730.154641826] [acados_nmpc_node]: [attach-window] t=15.15s pos_err=0.731m T=22.09N z=3.974 m_est=2.067
[INFO] [1789400730.208225550] [acados_nmpc_node]: [attach-window] t=15.20s pos_err=0.705m T=21.71N z=4.054 m_est=2.071
[INFO] [1789400730.242736918] [acados_nmpc_node]: [wcmd] raw=[-0.019,-0.015,-0.003] w=[-0.035,-0.021,-0.011] err=[+0.017,+0.006] scaled=[-0.013,-0.012] s=1.34
[INFO] [1789400730.254828234] [acados_nmpc_node]: [attach-window] t=15.25s pos_err=0.716m T=21.97N z=4.089 m_est=2.074
[INFO] [1789400730.308348992] [acados_nmpc_node]: [attach-window] t=15.30s pos_err=0.698m T=21.78N z=4.159 m_est=2.080
[INFO] [1789400730.354819327] [acados_nmpc_node]: [attach-window] t=15.35s pos_err=0.708m T=22.04N z=4.193 m_est=2.085
[INFO] [1789400730.408238639] [acados_nmpc_node]: [attach-window] t=15.40s pos_err=0.681m T=21.70N z=4.270 m_est=2.092
[INFO] [1789400730.442661189] [acados_nmpc_node]: [wcmd] raw=[+0.022,-0.002,+0.001] w=[-0.017,-0.014,-0.005] err=[+0.038,+0.011] scaled=[+0.034,+0.001] s=1.32
[INFO] [1789400730.454742736] [acados_nmpc_node]: [attach-window] t=15.45s pos_err=0.690m T=21.94N z=4.304 m_est=2.098
[INFO] [1789400730.508449061] [acados_nmpc_node]: [attach-window] t=15.50s pos_err=0.671m T=21.74N z=4.371 m_est=2.107
[INFO] [1789400730.554964505] [acados_nmpc_node]: [attach-window] t=15.55s pos_err=0.678m T=21.97N z=4.405 m_est=2.113
[INFO] [1789400730.608028858] [acados_nmpc_node]: [attach-window] t=15.60s pos_err=0.649m T=21.57N z=4.480 m_est=2.120
[INFO] [1789400730.642722356] [acados_nmpc_node]: [wcmd] raw=[+0.031,+0.012,+0.002] w=[+0.024,+0.001,+0.004] err=[+0.008,+0.010] scaled=[+0.035,+0.017] s=1.45
[INFO] [1789400730.654647905] [acados_nmpc_node]: [attach-window] t=15.65s pos_err=0.655m T=21.76N z=4.513 m_est=2.126
[INFO] [1789400730.708042371] [acados_nmpc_node]: [attach-window] t=15.70s pos_err=0.633m T=21.52N z=4.580 m_est=2.133
[INFO] [1789400730.708525670] [acados_nmpc_node]: t=15.7s | pos_err=0.633m | T=21.52N | tau=[r-0.154 p0.017 y-0.002]Nm | res_stat=6.235e-07(peak 9.962e-07) sqp_iter=3 | solve=1.5ms
[INFO] [1789400730.708727951] [acados_nmpc_node]: [flight-diag] t=15.7s | om_scale=1.488(lo 1.311 hi 5.000) | tilt_max=2.75deg | w_max=[r0.089 p0.761 y0.232]rad/s | u_frac=[T0.737 r0.408 p1.000 y0.421] | u_sat=[T0.0 r0.0 p13.0 y0.0]% | mot_peak=1.000 mot_sat=9.2% | health=1 age=0.000s conf=0.000 | n=100
[INFO] [1789400730.754722407] [acados_nmpc_node]: [attach-window] t=15.75s pos_err=0.637m T=21.70N z=4.612 m_est=2.138
[INFO] [1789400730.808229507] [acados_nmpc_node]: [attach-window] t=15.80s pos_err=0.606m T=21.32N z=4.685 m_est=2.143
[INFO] [1789400730.842689009] [acados_nmpc_node]: [wcmd] raw=[-0.001,+0.020,-0.001] w=[+0.033,+0.017,+0.007] err=[-0.034,+0.002] scaled=[-0.024,+0.021] s=1.65
[INFO] [1789400730.854551617] [acados_nmpc_node]: [attach-window] t=15.85s pos_err=0.609m T=21.49N z=4.717 m_est=2.149
[INFO] [1789400730.908068731] [acados_nmpc_node]: [attach-window] t=15.90s pos_err=0.585m T=21.26N z=4.781 m_est=2.154
[INFO] [1789400730.954600519] [acados_nmpc_node]: [attach-window] t=15.95s pos_err=0.587m T=21.43N z=4.812 m_est=2.159
[INFO] [1789400731.008184502] [acados_nmpc_node]: [attach-window] t=16.00s pos_err=0.555m T=21.09N z=4.882 m_est=2.162
[INFO] [1789400731.042566771] [acados_nmpc_node]: [wcmd] raw=[-0.030,+0.018,-0.004] w=[-0.007,+0.025,+0.004] err=[-0.023,-0.007] scaled=[-0.051,+0.012] s=1.88
[INFO] [1789400731.054133819] [acados_nmpc_node]: [attach-window] t=16.05s pos_err=0.556m T=21.24N z=4.912 m_est=2.166
[INFO] [1789400731.106244462] [acados_nmpc_node]: [attach-window] t=16.10s pos_err=0.530m T=21.03N z=4.972 m_est=2.169
[INFO] [1789400731.154507099] [acados_nmpc_node]: [attach-window] t=16.15s pos_err=0.531m T=21.19N z=5.001 m_est=2.172
[INFO] [1789400731.207929276] [acados_nmpc_node]: [attach-window] t=16.20s pos_err=0.499m T=20.91N z=5.066 m_est=2.175
[INFO] [1789400731.242782430] [acados_nmpc_node]: [wcmd] raw=[-0.011,+0.005,-0.004] w=[-0.035,+0.014,-0.005] err=[+0.024,-0.009] scaled=[+0.015,-0.005] s=2.10
[INFO] [1789400731.254522499] [acados_nmpc_node]: [attach-window] t=16.25s pos_err=0.498m T=21.05N z=5.094 m_est=2.177
[INFO] [1789400731.307935435] [acados_nmpc_node]: [attach-window] t=16.30s pos_err=0.474m T=20.90N z=5.148 m_est=2.179
[INFO] [1789400731.354614145] [acados_nmpc_node]: [attach-window] t=16.35s pos_err=0.472m T=21.04N z=5.175 m_est=2.181
[INFO] [1789400731.408222415] [acados_nmpc_node]: [attach-window] t=16.40s pos_err=0.442m T=20.82N z=5.233 m_est=2.183
[INFO] [1789400731.442730142] [acados_nmpc_node]: [wcmd] raw=[+0.024,-0.006,-0.002] w=[-0.003,-0.001,-0.009] err=[+0.027,-0.005] scaled=[+0.059,-0.012] s=2.29
[INFO] [1789400731.454543920] [acados_nmpc_node]: [attach-window] t=16.45s pos_err=0.440m T=20.94N z=5.258 m_est=2.184
[INFO] [1789400731.508088605] [acados_nmpc_node]: [attach-window] t=16.50s pos_err=0.416m T=20.82N z=5.307 m_est=2.186
[INFO] [1789400731.554740536] [acados_nmpc_node]: [attach-window] t=16.55s pos_err=0.413m T=20.94N z=5.331 m_est=2.187
[INFO] [1789400731.608548022] [acados_nmpc_node]: [attach-window] t=16.60s pos_err=0.385m T=20.76N z=5.382 m_est=2.188
[INFO] [1789400731.642674458] [acados_nmpc_node]: [wcmd] raw=[+0.024,-0.012,+0.002] w=[+0.033,-0.013,-0.009] err=[-0.009,+0.001] scaled=[+0.011,-0.010] s=2.45
[INFO] [1789400731.654612071] [acados_nmpc_node]: [attach-window] t=16.65s pos_err=0.382m T=20.86N z=5.405 m_est=2.189
[INFO] [1789400731.708193445] [acados_nmpc_node]: [attach-window] t=16.70s pos_err=0.359m T=20.78N z=5.448 m_est=2.190
[INFO] [1789400731.754658618] [acados_nmpc_node]: [attach-window] t=16.75s pos_err=0.355m T=20.87N z=5.468 m_est=2.190
[INFO] [1789400731.808191098] [acados_nmpc_node]: [attach-window] t=16.80s pos_err=0.329m T=20.75N z=5.513 m_est=2.191
[INFO] [1789400731.842662984] [acados_nmpc_node]: [wcmd] raw=[-0.005,-0.005,+0.006] w=[+0.015,-0.011,-0.004] err=[-0.019,+0.006] scaled=[-0.035,+0.004] s=2.56
[INFO] [1789400731.854570949] [acados_nmpc_node]: [attach-window] t=16.85s pos_err=0.325m T=20.84N z=5.532 m_est=2.191
[INFO] [1789400731.908074563] [acados_nmpc_node]: [attach-window] t=16.90s pos_err=0.304m T=20.78N z=5.569 m_est=2.192
[INFO] [1789400731.955048891] [acados_nmpc_node]: [attach-window] t=16.95s pos_err=0.300m T=20.86N z=5.587 m_est=2.192
[INFO] [1789400732.008362719] [acados_nmpc_node]: [attach-window] t=17.00s pos_err=0.276m T=20.77N z=5.625 m_est=2.193
[INFO] [1789400732.042683035] [acados_nmpc_node]: [wcmd] raw=[-0.011,+0.009,+0.006] w=[-0.014,+0.003,+0.005] err=[+0.003,+0.007] scaled=[-0.006,+0.021] s=2.66
[INFO] [1789400732.054636242] [acados_nmpc_node]: [attach-window] t=17.05s pos_err=0.270m T=20.83N z=5.641 m_est=2.193
[INFO] [1789400732.108118088] [acados_nmpc_node]: [attach-window] t=17.10s pos_err=0.251m T=20.78N z=5.673 m_est=2.193
[INFO] [1789400732.154588316] [acados_nmpc_node]: [attach-window] t=17.15s pos_err=0.246m T=20.84N z=5.688 m_est=2.194
[INFO] [1789400732.208079001] [acados_nmpc_node]: [attach-window] t=17.20s pos_err=0.224m T=20.78N z=5.720 m_est=2.194
[INFO] [1789400732.242671221] [acados_nmpc_node]: [wcmd] raw=[-0.003,+0.015,+0.003] w=[-0.010,+0.021,+0.011] err=[+0.008,-0.006] scaled=[+0.011,+0.005] s=2.73
[INFO] [1789400732.254584116] [acados_nmpc_node]: [attach-window] t=17.25s pos_err=0.218m T=20.83N z=5.733 m_est=2.194
[INFO] [1789400732.308245975] [acados_nmpc_node]: [attach-window] t=17.30s pos_err=0.201m T=20.82N z=5.759 m_est=2.195
[INFO] [1789400732.354581502] [acados_nmpc_node]: [attach-window] t=17.35s pos_err=0.193m T=20.85N z=5.774 m_est=2.195
[INFO] [1789400732.408361984] [acados_nmpc_node]: [attach-window] t=17.40s pos_err=0.177m T=20.85N z=5.796 m_est=2.196
[INFO] [1789400732.442683433] [acados_nmpc_node]: [wcmd] raw=[-0.001,+0.009,-0.001] w=[-0.000,+0.016,+0.006] err=[-0.000,-0.006] scaled=[-0.001,-0.001] s=2.77
[INFO] [1789400732.454575949] [acados_nmpc_node]: [attach-window] t=17.45s pos_err=0.171m T=20.89N z=5.807 m_est=2.196
[INFO] [1789400732.508194866] [acados_nmpc_node]: [attach-window] t=17.50s pos_err=0.156m T=20.89N z=5.827 m_est=2.197
[INFO] [1789400732.554748782] [acados_nmpc_node]: [attach-window] t=17.55s pos_err=0.151m T=20.92N z=5.837 m_est=2.197
[INFO] [1789400732.608335427] [acados_nmpc_node]: [attach-window] t=17.60s pos_err=0.135m T=20.93N z=5.856 m_est=2.198
[INFO] [1789400732.642779850] [acados_nmpc_node]: [wcmd] raw=[+0.005,+0.002,-0.003] w=[+0.002,+0.007,-0.000] err=[+0.003,-0.004] scaled=[+0.011,-0.006] s=2.80
[INFO] [1789400732.654540657] [acados_nmpc_node]: [attach-window] t=17.65s pos_err=0.130m T=20.97N z=5.864 m_est=2.198
[INFO] [1789400732.708078198] [acados_nmpc_node]: [attach-window] t=17.70s pos_err=0.119m T=21.00N z=5.879 m_est=2.199
[INFO] [1789400732.754676698] [acados_nmpc_node]: [attach-window] t=17.75s pos_err=0.114m T=21.04N z=5.886 m_est=2.199
[INFO] [1789400732.808187637] [acados_nmpc_node]: [attach-window] t=17.80s pos_err=0.102m T=21.07N z=5.899 m_est=2.200
[INFO] [1789400732.842650711] [acados_nmpc_node]: [wcmd] raw=[+0.005,-0.009,-0.002] w=[+0.010,-0.003,-0.004] err=[-0.005,-0.006] scaled=[-0.004,-0.020] s=2.85
[INFO] [1789400732.854523157] [acados_nmpc_node]: [attach-window] t=17.85s pos_err=0.098m T=21.10N z=5.905 m_est=2.201
[INFO] [1789400732.908345315] [acados_nmpc_node]: [attach-window] t=17.90s pos_err=0.089m T=21.14N z=5.915 m_est=2.201
[INFO] [1789400732.954600250] [acados_nmpc_node]: [attach-window] t=17.95s pos_err=0.085m T=21.17N z=5.920 m_est=2.202
[INFO] [1789400733.008168392] [acados_nmpc_node]: [attach-window] t=18.00s pos_err=0.076m T=21.20N z=5.930 m_est=2.203
[INFO] [1789400733.042732000] [acados_nmpc_node]: [wcmd] raw=[-0.006,-0.014,+0.001] w=[+0.002,-0.012,-0.006] err=[-0.008,-0.002] scaled=[-0.020,-0.017] s=2.89
[INFO] [1789400733.054786573] [acados_nmpc_node]: [attach-window] t=18.05s pos_err=0.072m T=21.22N z=5.934 m_est=2.204
[INFO] [1789400733.107923846] [acados_nmpc_node]: [attach-window] t=18.10s pos_err=0.064m T=21.24N z=5.942 m_est=2.204
[INFO] [1789400733.154396168] [acados_nmpc_node]: [attach-window] t=18.15s pos_err=0.061m T=21.26N z=5.946 m_est=2.205
[INFO] [1789400733.208012080] [acados_nmpc_node]: [attach-window] t=18.20s pos_err=0.054m T=21.29N z=5.953 m_est=2.206
[INFO] [1789400733.242670246] [acados_nmpc_node]: [wcmd] raw=[-0.003,-0.018,+0.004] w=[-0.008,-0.018,-0.005] err=[+0.005,+0.000] scaled=[+0.006,-0.018] s=2.93
[INFO] [1789400733.254476993] [acados_nmpc_node]: [attach-window] t=18.25s pos_err=0.050m T=21.32N z=5.956 m_est=2.207
[INFO] [1789400733.308290653] [acados_nmpc_node]: [attach-window] t=18.30s pos_err=0.044m T=21.35N z=5.962 m_est=2.207
[INFO] [1789400733.354531939] [acados_nmpc_node]: [attach-window] t=18.35s pos_err=0.041m T=21.37N z=5.964 m_est=2.208
[INFO] [1789400733.408469016] [acados_nmpc_node]: [attach-window] t=18.40s pos_err=0.035m T=21.39N z=5.970 m_est=2.209
[INFO] [1789400733.442668744] [acados_nmpc_node]: [wcmd] raw=[+0.003,-0.018,+0.006] w=[+0.003,-0.022,+0.001] err=[+0.000,+0.004] scaled=[+0.003,-0.010] s=2.97
[INFO] [1789400733.454329603] [acados_nmpc_node]: [attach-window] t=18.45s pos_err=0.032m T=21.40N z=5.972 m_est=2.210
[INFO] [1789400733.508041759] [acados_nmpc_node]: [attach-window] t=18.50s pos_err=0.027m T=21.42N z=5.977 m_est=2.210
[INFO] [1789400733.554340539] [acados_nmpc_node]: [attach-window] t=18.55s pos_err=0.025m T=21.43N z=5.979 m_est=2.211
[INFO] [1789400733.607992637] [acados_nmpc_node]: [attach-window] t=18.60s pos_err=0.020m T=21.43N z=5.983 m_est=2.211
[INFO] [1789400733.642701138] [acados_nmpc_node]: [wcmd] raw=[-0.000,-0.003,+0.005] w=[+0.002,-0.010,+0.006] err=[-0.002,+0.007] scaled=[-0.005,+0.012] s=3.01
[INFO] [1789400733.654458574] [acados_nmpc_node]: [attach-window] t=18.65s pos_err=0.018m T=21.44N z=5.985 m_est=2.212
[INFO] [1789400733.707985218] [acados_nmpc_node]: [attach-window] t=18.70s pos_err=0.014m T=21.45N z=5.989 m_est=2.212
[INFO] [1789400733.754320904] [acados_nmpc_node]: [attach-window] t=18.75s pos_err=0.012m T=21.47N z=5.990 m_est=2.213
[INFO] [1789400733.808067851] [acados_nmpc_node]: [attach-window] t=18.80s pos_err=0.009m T=21.48N z=5.994 m_est=2.213
[INFO] [1789400733.842754765] [acados_nmpc_node]: [wcmd] raw=[-0.001,+0.005,+0.001] w=[+0.003,+0.006,+0.012] err=[-0.005,-0.001] scaled=[-0.011,+0.004] s=3.05
[INFO] [1789400733.854352819] [acados_nmpc_node]: [attach-window] t=18.85s pos_err=0.008m T=21.49N z=5.995 m_est=2.214
[INFO] [1789400733.908031288] [acados_nmpc_node]: [attach-window] t=18.90s pos_err=0.006m T=21.51N z=5.998 m_est=2.214
[INFO] [1789400733.954361312] [acados_nmpc_node]: [attach-window] t=18.95s pos_err=0.006m T=21.52N z=5.999 m_est=2.214
[INFO] [1789400734.008194184] [acados_nmpc_node]: [attach-window] t=19.00s pos_err=0.006m T=21.54N z=6.000 m_est=2.215
[INFO] [1789400734.042663808] [acados_nmpc_node]: [wcmd] raw=[-0.003,+0.005,-0.003] w=[-0.003,+0.005,+0.006] err=[-0.001,-0.000] scaled=[-0.005,+0.004] s=3.07
[INFO] [1789400734.054265870] [acados_nmpc_node]: [attach-window] t=19.05s pos_err=0.006m T=21.55N z=6.001 m_est=2.215
[INFO] [1789400734.108134411] [acados_nmpc_node]: [attach-window] t=19.10s pos_err=0.007m T=21.57N z=6.002 m_est=2.215
[INFO] [1789400734.154369611] [acados_nmpc_node]: [attach-window] t=19.15s pos_err=0.007m T=21.58N z=6.003 m_est=2.215
[INFO] [1789400734.208167220] [acados_nmpc_node]: [attach-window] t=19.20s pos_err=0.008m T=21.60N z=6.003 m_est=2.215
[INFO] [1789400734.242665486] [acados_nmpc_node]: [wcmd] raw=[-0.001,+0.005,-0.006] w=[-0.001,+0.006,+0.003] err=[-0.001,-0.001] scaled=[-0.003,+0.003] s=3.09
[INFO] [1789400734.254453304] [acados_nmpc_node]: [attach-window] t=19.25s pos_err=0.008m T=21.61N z=6.004 m_est=2.215
[INFO] [1789400734.308196928] [acados_nmpc_node]: [attach-window] t=19.30s pos_err=0.009m T=21.63N z=6.004 m_est=2.215
[INFO] [1789400734.354313064] [acados_nmpc_node]: [attach-window] t=19.35s pos_err=0.009m T=21.64N z=6.004 m_est=2.215
[INFO] [1789400734.408376889] [acados_nmpc_node]: [attach-window] t=19.40s pos_err=0.009m T=21.66N z=6.004 m_est=2.215
[INFO] [1789400734.442672219] [acados_nmpc_node]: [wcmd] raw=[+0.004,+0.008,-0.006] w=[+0.004,+0.006,-0.002] err=[+0.000,+0.002] scaled=[+0.005,+0.012] s=3.10
[INFO] [1789400734.454312035] [acados_nmpc_node]: [attach-window] t=19.45s pos_err=0.009m T=21.67N z=6.003 m_est=2.215
[INFO] [1789400734.508108463] [acados_nmpc_node]: [attach-window] t=19.50s pos_err=0.010m T=21.68N z=6.003 m_est=2.215
[INFO] [1789400734.554569668] [acados_nmpc_node]: [attach-window] t=19.55s pos_err=0.010m T=21.69N z=6.003 m_est=2.215
[INFO] [1789400734.606365534] [acados_nmpc_node]: [attach-window] t=19.60s pos_err=0.011m T=21.70N z=6.002 m_est=2.214
[INFO] [1789400734.642614268] [acados_nmpc_node]: [wcmd] raw=[+0.006,+0.008,-0.005] w=[+0.008,+0.010,-0.004] err=[-0.001,-0.002] scaled=[+0.003,+0.002] s=3.11
[INFO] [1789400734.654180361] [acados_nmpc_node]: [attach-window] t=19.65s pos_err=0.012m T=21.71N z=6.001 m_est=2.214
[INFO] [1789400734.707975748] [acados_nmpc_node]: [attach-window] t=19.70s pos_err=0.013m T=21.73N z=6.000 m_est=2.214
[INFO] [1789400734.754530013] [acados_nmpc_node]: [attach-window] t=19.75s pos_err=0.014m T=21.73N z=6.000 m_est=2.214
[INFO] [1789400734.807984998] [acados_nmpc_node]: [attach-window] t=19.80s pos_err=0.015m T=21.74N z=5.999 m_est=2.214
[INFO] [1789400734.842655982] [acados_nmpc_node]: [wcmd] raw=[+0.004,+0.005,-0.002] w=[+0.011,+0.010,-0.006] err=[-0.007,-0.005] scaled=[-0.012,-0.005] s=3.12
[INFO] [1789400734.854576881] [acados_nmpc_node]: [attach-window] t=19.85s pos_err=0.015m T=21.75N z=5.998 m_est=2.214
[INFO] [1789400734.908181921] [acados_nmpc_node]: [attach-window] t=19.90s pos_err=0.016m T=21.74N z=5.998 m_est=2.214
[INFO] [1789400734.954395943] [acados_nmpc_node]: [attach-window] t=19.95s pos_err=0.016m T=21.74N z=5.997 m_est=2.214
[INFO] [1789400735.008163352] [acados_nmpc_node]: [attach-window] t=20.00s pos_err=0.016m T=21.73N z=5.997 m_est=2.214
[INFO] [1789400735.042675739] [acados_nmpc_node]: [wcmd] raw=[-0.015,-0.006,+0.001] w=[-0.006,-0.003,-0.007] err=[-0.009,-0.003] scaled=[-0.034,-0.012] s=3.12
[INFO] [1789400735.054292011] [acados_nmpc_node]: [attach-window] t=20.05s pos_err=0.016m T=21.72N z=5.997 m_est=2.214
[INFO] [1789400735.108239180] [acados_nmpc_node]: [attach-window] t=20.10s pos_err=0.015m T=21.71N z=5.997 m_est=2.214
[INFO] [1789400735.154323540] [acados_nmpc_node]: [attach-window] t=20.15s pos_err=0.014m T=21.70N z=5.997 m_est=2.214
[INFO] [1789400735.208539081] [acados_nmpc_node]: [attach-window] t=20.20s pos_err=0.012m T=21.68N z=5.997 m_est=2.214
[INFO] [1789400735.242659254] [acados_nmpc_node]: [wcmd] raw=[-0.019,-0.013,+0.004] w=[-0.022,-0.012,-0.008] err=[+0.003,-0.001] scaled=[-0.011,-0.015] s=3.12
[INFO] [1789400735.254516025] [acados_nmpc_node]: [attach-window] t=20.25s pos_err=0.011m T=21.67N z=5.998 m_est=2.214
[INFO] [1789400735.308646111] [acados_nmpc_node]: [attach-window] t=20.30s pos_err=0.009m T=21.65N z=5.998 m_est=2.214
[INFO] [1789400735.354590782] [acados_nmpc_node]: [attach-window] t=20.35s pos_err=0.009m T=21.65N z=5.999 m_est=2.214
[INFO] [1789400735.408462328] [acados_nmpc_node]: [attach-window] t=20.40s pos_err=0.009m T=21.64N z=5.999 m_est=2.214
[INFO] [1789400735.442672741] [acados_nmpc_node]: [wcmd] raw=[-0.017,-0.014,+0.007] w=[-0.024,-0.021,-0.004] err=[+0.006,+0.007] scaled=[-0.004,+0.000] s=3.13
[INFO] [1789400735.454604108] [acados_nmpc_node]: [attach-window] t=20.45s pos_err=0.009m T=21.64N z=5.999 m_est=2.214
[INFO] [1789400735.508282011] [acados_nmpc_node]: [attach-window] t=20.50s pos_err=0.011m T=21.65N z=6.000 m_est=2.214
[INFO] [1789400735.554838082] [acados_nmpc_node]: [attach-window] t=20.55s pos_err=0.012m T=21.65N z=6.000 m_est=2.214
[INFO] [1789400735.608712946] [acados_nmpc_node]: [attach-window] t=20.60s pos_err=0.015m T=21.65N z=6.000 m_est=2.214
[INFO] [1789400735.642860185] [acados_nmpc_node]: [wcmd] raw=[+0.004,-0.005,+0.006] w=[-0.011,-0.006,+0.008] err=[+0.015,+0.001] scaled=[+0.036,-0.003] s=3.13
[INFO] [1789400735.654786044] [acados_nmpc_node]: [attach-window] t=20.65s pos_err=0.016m T=21.65N z=6.000 m_est=2.214
[INFO] [1789400735.708659210] [acados_nmpc_node]: [attach-window] t=20.70s pos_err=0.018m T=21.65N z=6.001 m_est=2.214
[INFO] [1789400735.709165659] [acados_nmpc_node]: t=20.7s | pos_err=0.018m | T=21.65N | tau=[r-0.191 p0.018 y-0.001]Nm | res_stat=1.981e-07(peak 9.962e-07) sqp_iter=3 | solve=1.6ms
[INFO] [1789400735.709372774] [acados_nmpc_node]: [flight-diag] t=20.7s | om_scale=3.127(lo 1.548 hi 3.127) | tilt_max=0.53deg | w_max=[r0.035 p0.026 y0.012]rad/s | u_frac=[T0.694 r0.414 p0.056 y0.024] | u_sat=[T0.0 r0.0 p0.0 y0.0]% | mot_peak=0.822 mot_sat=0.0% | health=1 age=0.000s conf=0.000 | n=100
[INFO] [1789400735.754881792] [acados_nmpc_node]: [attach-window] t=20.75s pos_err=0.019m T=21.65N z=6.001 m_est=2.214
[INFO] [1789400735.808668447] [acados_nmpc_node]: [attach-window] t=20.80s pos_err=0.021m T=21.65N z=6.001 m_est=2.214
[INFO] [1789400735.842777144] [acados_nmpc_node]: [wcmd] raw=[+0.009,+0.007,+0.003] w=[+0.014,-0.004,+0.009] err=[-0.005,+0.011] scaled=[-0.003,+0.029] s=3.13
[INFO] [1789400735.854589743] [acados_nmpc_node]: [attach-window] t=20.85s pos_err=0.022m T=21.65N z=6.001 m_est=2.214
[INFO] [1789400735.908766649] [acados_nmpc_node]: [attach-window] t=20.90s pos_err=0.022m T=21.66N z=6.001 m_est=2.214
[INFO] [1789400735.954472922] [acados_nmpc_node]: [attach-window] t=20.95s pos_err=0.022m T=21.67N z=6.000 m_est=2.213
[INFO] [1789400736.008572075] [acados_nmpc_node]: [attach-window] t=21.00s pos_err=0.022m T=21.67N z=6.000 m_est=2.213
[INFO] [1789400736.042689733] [acados_nmpc_node]: [wcmd] raw=[+0.003,+0.015,-0.002] w=[+0.006,+0.015,+0.011] err=[-0.003,-0.000] scaled=[-0.003,+0.014] s=3.13
[INFO] [1789400736.054565628] [acados_nmpc_node]: [attach-window] t=21.05s pos_err=0.022m T=21.67N z=6.000 m_est=2.213
[INFO] [1789400736.111155455] [acados_nmpc_node]: t=21.1s | DYNAMIC: switch to figure8 (r=10.0 w=0.1415) centered at [1.02,0.09] z=6.0, tracking with payload
[INFO] [1789400736.113589098] [acados_nmpc_node]: [attach-window] t=21.10s pos_err=0.000m T=21.67N z=6.000 m_est=2.213
[INFO] [1789400736.154691568] [acados_nmpc_node]: [attach-window] t=21.15s pos_err=0.001m T=21.67N z=6.000 m_est=2.213
[INFO] [1789400736.208734248] [acados_nmpc_node]: [attach-window] t=21.20s pos_err=0.002m T=21.66N z=6.000 m_est=2.213
[INFO] [1789400736.242661304] [acados_nmpc_node]: [wcmd] raw=[+0.028,+0.034,-0.008] w=[+0.037,+0.083,+0.024] err=[-0.010,-0.048] scaled=[+0.007,-0.069] s=3.13
[INFO] [1789400736.254564610] [acados_nmpc_node]: [attach-window] t=21.25s pos_err=0.002m T=21.65N z=6.000 m_est=2.212
[INFO] [1789400736.308402012] [acados_nmpc_node]: [attach-window] t=21.30s pos_err=0.004m T=21.62N z=6.000 m_est=2.212
[INFO] [1789400736.354569950] [acados_nmpc_node]: [attach-window] t=21.35s pos_err=0.004m T=21.62N z=6.000 m_est=2.212
[INFO] [1789400736.408641603] [acados_nmpc_node]: [attach-window] t=21.40s pos_err=0.005m T=21.62N z=6.000 m_est=2.212
[INFO] [1789400736.442717239] [acados_nmpc_node]: [wcmd] raw=[-0.030,-0.007,-0.011] w=[-0.013,-0.060,-0.032] err=[-0.017,+0.052] scaled=[-0.067,+0.104] s=3.13
[INFO] [1789400736.454734520] [acados_nmpc_node]: [attach-window] t=21.45s pos_err=0.006m T=21.62N z=6.000 m_est=2.212
[INFO] [1789400736.508476272] [acados_nmpc_node]: [attach-window] t=21.50s pos_err=0.007m T=21.62N z=6.000 m_est=2.211
[INFO] [1789400736.554502564] [acados_nmpc_node]: [attach-window] t=21.55s pos_err=0.007m T=21.63N z=6.000 m_est=2.211
[INFO] [1789400736.608386883] [acados_nmpc_node]: [attach-window] t=21.60s pos_err=0.008m T=21.63N z=6.000 m_est=2.211
[INFO] [1789400736.642690011] [acados_nmpc_node]: [wcmd] raw=[+0.009,-0.014,-0.003] w=[-0.024,+0.011,-0.007] err=[+0.033,-0.026] scaled=[+0.079,-0.069] s=3.13
[INFO] [1789400736.654518162] [acados_nmpc_node]: [attach-window] t=21.65s pos_err=0.009m T=21.63N z=6.000 m_est=2.211
[INFO] [1789400736.708462257] [acados_nmpc_node]: [attach-window] t=21.70s pos_err=0.009m T=21.64N z=6.001 m_est=2.211
[INFO] [1789400736.754521975] [acados_nmpc_node]: [attach-window] t=21.75s pos_err=0.010m T=21.63N z=6.001 m_est=2.211
[INFO] [1789400736.808538496] [acados_nmpc_node]: [attach-window] t=21.80s pos_err=0.011m T=21.62N z=6.002 m_est=2.211
[INFO] [1789400736.842692440] [acados_nmpc_node]: [wcmd] raw=[+0.010,+0.012,+0.003] w=[+0.023,+0.005,-0.003] err=[-0.014,+0.007] scaled=[-0.019,+0.026] s=3.13
[INFO] [1789400736.854766217] [acados_nmpc_node]: [attach-window] t=21.85s pos_err=0.012m T=21.61N z=6.002 m_est=2.210
[INFO] [1789400736.908786279] [acados_nmpc_node]: [attach-window] t=21.90s pos_err=0.013m T=21.60N z=6.003 m_est=2.210
[INFO] [1789400736.954538714] [acados_nmpc_node]: [attach-window] t=21.95s pos_err=0.013m T=21.59N z=6.004 m_est=2.210
[INFO] [1789400737.008528795] [acados_nmpc_node]: [attach-window] t=22.00s pos_err=0.014m T=21.58N z=6.005 m_est=2.210
[INFO] [1789400737.042674741] [acados_nmpc_node]: [wcmd] raw=[+0.011,-0.005,+0.003] w=[+0.007,-0.010,-0.004] err=[+0.004,+0.004] scaled=[+0.020,+0.004] s=3.13
[INFO] [1789400737.054612557] [acados_nmpc_node]: [attach-window] t=22.05s pos_err=0.015m T=21.58N z=6.006 m_est=2.210
[INFO] [1789400737.108554886] [acados_nmpc_node]: [attach-window] t=22.10s pos_err=0.016m T=21.57N z=6.007 m_est=2.210
[INFO] [1789400737.154604234] [acados_nmpc_node]: [attach-window] t=22.15s pos_err=0.016m T=21.57N z=6.008 m_est=2.210
[INFO] [1789400737.208339331] [acados_nmpc_node]: [attach-window] t=22.20s pos_err=0.017m T=21.56N z=6.009 m_est=2.210
[INFO] [1789400737.242666679] [acados_nmpc_node]: [wcmd] raw=[+0.007,-0.010,+0.004] w=[+0.016,+0.004,+0.002] err=[-0.009,-0.014] scaled=[-0.012,-0.039] s=3.13
[INFO] [1789400737.254623616] [acados_nmpc_node]: [attach-window] t=22.25s pos_err=0.018m T=21.56N z=6.010 m_est=2.209
[INFO] [1789400737.308383267] [acados_nmpc_node]: [attach-window] t=22.30s pos_err=0.018m T=21.57N z=6.011 m_est=2.209
[INFO] [1789400737.354653205] [acados_nmpc_node]: [attach-window] t=22.35s pos_err=0.018m T=21.58N z=6.011 m_est=2.209
[INFO] [1789400737.408325379] [acados_nmpc_node]: [attach-window] t=22.40s pos_err=0.018m T=21.61N z=6.011 m_est=2.209
[INFO] [1789400737.442662843] [acados_nmpc_node]: [wcmd] raw=[+0.002,-0.012,+0.005] w=[+0.005,-0.017,-0.001] err=[-0.003,+0.006] scaled=[-0.003,+0.001] s=3.13
[INFO] [1789400737.454646128] [acados_nmpc_node]: [attach-window] t=22.45s pos_err=0.018m T=21.62N z=6.011 m_est=2.209
[INFO] [1789400737.508608540] [acados_nmpc_node]: [attach-window] t=22.50s pos_err=0.018m T=21.65N z=6.010 m_est=2.209
[INFO] [1789400737.554640939] [acados_nmpc_node]: [attach-window] t=22.55s pos_err=0.018m T=21.66N z=6.010 m_est=2.208
[INFO] [1789400737.615672806] [acados_nmpc_node]: [attach-window] t=22.60s pos_err=0.018m T=21.68N z=6.009 m_est=2.208
[INFO] [1789400737.642661792] [acados_nmpc_node]: [wcmd] raw=[-0.005,-0.013,+0.242] w=[+0.000,-0.019,+0.002] err=[-0.005,+0.006] scaled=[-0.015,+0.000] s=3.13
[INFO] [1789400737.657351954] [acados_nmpc_node]: [attach-window] t=22.65s pos_err=0.018m T=21.68N z=6.009 m_est=2.208
[INFO] [1789400737.709662703] [acados_nmpc_node]: [attach-window] t=22.70s pos_err=0.018m T=21.67N z=6.008 m_est=2.208
[INFO] [1789400737.757858812] [acados_nmpc_node]: [attach-window] t=22.75s pos_err=0.018m T=21.64N z=6.008 m_est=2.208
[INFO] [1789400737.809757701] [acados_nmpc_node]: [attach-window] t=22.80s pos_err=0.019m T=21.61N z=6.008 m_est=2.208
[INFO] [1789400737.842665501] [acados_nmpc_node]: [wcmd] raw=[-0.005,-0.004,+0.291] w=[-0.015,+0.004,+0.076] err=[+0.010,-0.008] scaled=[+0.015,-0.021] s=3.13
[INFO] [1789400737.855691240] [acados_nmpc_node]: [attach-window] t=22.85s pos_err=0.019m T=21.60N z=6.009 m_est=2.208
[INFO] [1789400737.909765061] [acados_nmpc_node]: [attach-window] t=22.90s pos_err=0.019m T=21.59N z=6.009 m_est=2.208
[INFO] [1789400737.954872228] [acados_nmpc_node]: [attach-window] t=22.95s pos_err=0.019m T=21.59N z=6.009 m_est=2.207
[INFO] [1789400738.007545390] [acados_nmpc_node]: [attach-window] t=23.00s pos_err=0.019m T=21.59N z=6.009 m_est=2.207
[INFO] [1789400738.042554390] [acados_nmpc_node]: [wcmd] raw=[-0.004,+0.004,+0.406] w=[-0.012,-0.003,+0.185] err=[+0.007,+0.007] scaled=[+0.012,+0.019] s=3.13
[INFO] [1789400738.054439359] [acados_nmpc_node]: [attach-window] t=23.05s pos_err=0.019m T=21.59N z=6.009 m_est=2.207
[INFO] [1789400738.107023823] [acados_nmpc_node]: [attach-window] t=23.10s pos_err=0.019m T=21.60N z=6.009 m_est=2.207
[INFO] [1789400738.154475297] [acados_nmpc_node]: [attach-window] t=23.15s pos_err=0.018m T=21.61N z=6.009 m_est=2.207
[INFO] [1789400738.209182761] [acados_nmpc_node]: [attach-window] t=23.20s pos_err=0.018m T=21.63N z=6.008 m_est=2.207
[INFO] [1789400738.242727985] [acados_nmpc_node]: [wcmd] raw=[-0.005,+0.012,+0.641] w=[-0.008,+0.018,+0.311] err=[+0.003,-0.005] scaled=[+0.000,+0.001] s=3.13
[INFO] [1789400738.255371826] [acados_nmpc_node]: [attach-window] t=23.25s pos_err=0.017m T=21.63N z=6.008 m_est=2.207
[INFO] [1789400738.309208845] [acados_nmpc_node]: [attach-window] t=23.30s pos_err=0.016m T=21.63N z=6.007 m_est=2.207
[INFO] [1789400738.355745398] [acados_nmpc_node]: [attach-window] t=23.35s pos_err=0.015m T=21.62N z=6.007 m_est=2.207
[INFO] [1789400738.409603785] [acados_nmpc_node]: [attach-window] t=23.40s pos_err=0.014m T=21.60N z=6.006 m_est=2.207
[INFO] [1789400738.442654200] [acados_nmpc_node]: [wcmd] raw=[-0.009,+0.016,+1.091] w=[-0.022,+0.028,+0.489] err=[+0.013,-0.012] scaled=[+0.019,-0.009] s=3.13
[INFO] [1789400738.455273020] [acados_nmpc_node]: [attach-window] t=23.45s pos_err=0.014m T=21.58N z=6.006 m_est=2.208
[INFO] [1789400738.509305065] [acados_nmpc_node]: [attach-window] t=23.50s pos_err=0.013m T=21.51N z=6.006 m_est=2.208
[INFO] [1789400738.555318923] [acados_nmpc_node]: [attach-window] t=23.55s pos_err=0.013m T=21.48N z=6.006 m_est=2.208
[INFO] [1789400738.609547928] [acados_nmpc_node]: [attach-window] t=23.60s pos_err=0.014m T=21.38N z=6.007 m_est=2.208
[INFO] [1789400738.642662331] [acados_nmpc_node]: [wcmd] raw=[+0.002,+0.008,+1.175] w=[-0.024,+0.021,+0.774] err=[+0.025,-0.013] scaled=[+0.055,-0.019] s=3.13
[INFO] [1789400738.655306906] [acados_nmpc_node]: [attach-window] t=23.65s pos_err=0.014m T=21.34N z=6.008 m_est=2.208
[INFO] [1789400738.709133232] [acados_nmpc_node]: [attach-window] t=23.70s pos_err=0.015m T=21.29N z=6.010 m_est=2.208
[INFO] [1789400738.754993175] [acados_nmpc_node]: [attach-window] t=23.75s pos_err=0.015m T=21.27N z=6.011 m_est=2.208
[INFO] [1789400738.809036180] [acados_nmpc_node]: [attach-window] t=23.80s pos_err=0.017m T=21.25N z=6.014 m_est=2.208
[INFO] [1789400738.842661469] [acados_nmpc_node]: [wcmd] raw=[+0.020,+0.025,+0.777] w=[+0.002,+0.022,+1.008] err=[+0.017,+0.003] scaled=[+0.057,+0.033] s=3.13
[INFO] [1789400738.854912209] [acados_nmpc_node]: [attach-window] t=23.85s pos_err=0.017m T=21.26N z=6.015 m_est=2.208
[INFO] [1789400738.909320515] [acados_nmpc_node]: [attach-window] t=23.90s pos_err=0.018m T=21.30N z=6.016 m_est=2.208
[INFO] [1789400738.955379155] [acados_nmpc_node]: [attach-window] t=23.95s pos_err=0.018m T=21.34N z=6.017 m_est=2.208
[INFO] [1789400739.009562027] [acados_nmpc_node]: [attach-window] t=24.00s pos_err=0.019m T=21.41N z=6.017 m_est=2.207
[INFO] [1789400739.042567633] [acados_nmpc_node]: [wcmd] raw=[+0.003,+0.043,+0.334] w=[+0.033,+0.028,+0.980] err=[-0.031,+0.014] scaled=[-0.063,+0.072] s=3.13
[INFO] [1789400739.054569529] [acados_nmpc_node]: [attach-window] t=24.05s pos_err=0.018m T=21.45N z=6.017 m_est=2.207
[INFO] [1789400739.107282218] [acados_nmpc_node]: [attach-window] t=24.10s pos_err=0.018m T=21.50N z=6.017 m_est=2.207
[INFO] [1789400739.155430163] [acados_nmpc_node]: [attach-window] t=24.15s pos_err=0.017m T=21.53N z=6.017 m_est=2.206
[INFO] [1789400739.209658933] [acados_nmpc_node]: [attach-window] t=24.20s pos_err=0.018m T=21.56N z=6.016 m_est=2.206
[INFO] [1789400739.242664199] [acados_nmpc_node]: [wcmd] raw=[-0.026,+0.044,-0.030] w=[+0.009,+0.035,+0.735] err=[-0.035,+0.009] scaled=[-0.100,+0.063] s=3.13
[INFO] [1789400739.255488464] [acados_nmpc_node]: [attach-window] t=24.25s pos_err=0.017m T=21.57N z=6.015 m_est=2.206
[INFO] [1789400739.309566157] [acados_nmpc_node]: [attach-window] t=24.30s pos_err=0.018m T=21.57N z=6.015 m_est=2.205
[INFO] [1789400739.355435491] [acados_nmpc_node]: [attach-window] t=24.35s pos_err=0.016m T=21.57N z=6.014 m_est=2.205
[INFO] [1789400739.409659522] [acados_nmpc_node]: [attach-window] t=24.40s pos_err=0.018m T=21.56N z=6.013 m_est=2.204
[INFO] [1789400739.442652932] [acados_nmpc_node]: [wcmd] raw=[-0.018,+0.040,-0.322] w=[-0.001,+0.026,+0.415] err=[-0.017,+0.014] scaled=[-0.054,+0.069] s=3.11
[INFO] [1789400739.455393565] [acados_nmpc_node]: [attach-window] t=24.45s pos_err=0.017m T=21.56N z=6.013 m_est=2.204
[INFO] [1789400739.509339383] [acados_nmpc_node]: [attach-window] t=24.50s pos_err=0.021m T=21.53N z=6.013 m_est=2.203
[INFO] [1789400739.555429771] [acados_nmpc_node]: [attach-window] t=24.55s pos_err=0.020m T=21.53N z=6.013 m_est=2.203
[INFO] [1789400739.609508695] [acados_nmpc_node]: [attach-window] t=24.60s pos_err=0.024m T=21.49N z=6.013 m_est=2.202
[INFO] [1789400739.642680291] [acados_nmpc_node]: [wcmd] raw=[-0.012,+0.029,-0.528] w=[+0.005,+0.014,+0.085] err=[-0.017,+0.016] scaled=[-0.049,+0.062] s=3.09
[INFO] [1789400739.655418139] [acados_nmpc_node]: [attach-window] t=24.65s pos_err=0.022m T=21.48N z=6.014 m_est=2.202
[INFO] [1789400739.709703869] [acados_nmpc_node]: [attach-window] t=24.70s pos_err=0.027m T=21.46N z=6.015 m_est=2.201
[INFO] [1789400739.755632484] [acados_nmpc_node]: [attach-window] t=24.75s pos_err=0.025m T=21.46N z=6.016 m_est=2.201
[INFO] [1789400739.809499440] [acados_nmpc_node]: [attach-window] t=24.80s pos_err=0.033m T=21.44N z=6.017 m_est=2.201
[INFO] [1789400739.842704458] [acados_nmpc_node]: [wcmd] raw=[+0.001,+0.018,-0.599] w=[+0.017,+0.048,-0.206] err=[-0.017,-0.031] scaled=[-0.034,-0.046] s=3.07
[INFO] [1789400739.855417262] [acados_nmpc_node]: [attach-window] t=24.85s pos_err=0.031m T=21.47N z=6.017 m_est=2.200
[INFO] [1789400739.909116240] [acados_nmpc_node]: [attach-window] t=24.90s pos_err=0.037m T=21.47N z=6.018 m_est=2.200
[INFO] [1789400739.955116239] [acados_nmpc_node]: [attach-window] t=24.95s pos_err=0.033m T=21.51N z=6.019 m_est=2.200
[INFO] [1789400740.007208345] [acados_nmpc_node]: [attach-window] t=25.00s pos_err=0.044m T=21.53N z=6.019 m_est=2.199
[INFO] [1789400740.042585477] [acados_nmpc_node]: [wcmd] raw=[+0.007,+0.015,-0.479] w=[+0.006,+0.015,-0.443] err=[+0.001,-0.001] scaled=[+0.008,+0.013] s=3.06
[INFO] [1789400740.055066410] [acados_nmpc_node]: [attach-window] t=25.05s pos_err=0.039m T=21.58N z=6.020 m_est=2.199
[INFO] [1789400740.108911441] [acados_nmpc_node]: [attach-window] t=25.10s pos_err=0.046m T=21.61N z=6.020 m_est=2.199
[INFO] [1789400740.155079353] [acados_nmpc_node]: [attach-window] t=25.15s pos_err=0.041m T=21.67N z=6.020 m_est=2.198
[INFO] [1789400740.209270373] [acados_nmpc_node]: [attach-window] t=25.20s pos_err=0.051m T=21.70N z=6.021 m_est=2.198
[INFO] [1789400740.242660876] [acados_nmpc_node]: [wcmd] raw=[+0.023,+0.007,-0.286] w=[+0.007,+0.037,-0.507] err=[+0.016,-0.030] scaled=[+0.056,-0.055] s=3.03
[INFO] [1789400740.254946296] [acados_nmpc_node]: [attach-window] t=25.25s pos_err=0.045m T=21.74N z=6.022 m_est=2.198
[INFO] [1789400740.309300602] [acados_nmpc_node]: [attach-window] t=25.30s pos_err=0.052m T=21.76N z=6.022 m_est=2.198
[INFO] [1789400740.355346256] [acados_nmpc_node]: [attach-window] t=25.35s pos_err=0.044m T=21.80N z=6.023 m_est=2.198
[INFO] [1789400740.409508860] [acados_nmpc_node]: [attach-window] t=25.40s pos_err=0.055m T=21.79N z=6.024 m_est=2.197
[INFO] [1789400740.442676421] [acados_nmpc_node]: [wcmd] raw=[+0.013,+0.011,-0.085] w=[+0.014,+0.041,-0.440] err=[-0.001,-0.030] scaled=[+0.011,-0.050] s=3.01
[INFO] [1789400740.455176440] [acados_nmpc_node]: [attach-window] t=25.45s pos_err=0.046m T=21.82N z=6.025 m_est=2.198
[INFO] [1789400740.509452871] [acados_nmpc_node]: [attach-window] t=25.50s pos_err=0.057m T=21.77N z=6.027 m_est=2.198
[INFO] [1789400740.555284243] [acados_nmpc_node]: [attach-window] t=25.55s pos_err=0.041m T=21.82N z=6.028 m_est=2.198
[INFO] [1789400740.610090725] [acados_nmpc_node]: [attach-window] t=25.60s pos_err=0.052m T=21.74N z=6.031 m_est=2.198
[INFO] [1789400740.642693532] [acados_nmpc_node]: [wcmd] raw=[-0.005,+0.011,+0.068] w=[-0.018,+0.010,-0.301] err=[+0.014,+0.001] scaled=[+0.023,+0.013] s=2.99
[INFO] [1789400740.655346789] [acados_nmpc_node]: [attach-window] t=25.65s pos_err=0.041m T=21.76N z=6.033 m_est=2.198
[INFO] [1789400740.709241828] [acados_nmpc_node]: [attach-window] t=25.70s pos_err=0.047m T=21.72N z=6.036 m_est=2.198
[INFO] [1789400740.709721956] [acados_nmpc_node]: t=25.7s | pos_err=0.047m | T=21.72N | tau=[r-0.169 p-0.036 y0.128]Nm | res_stat=6.008e-07(peak 9.962e-07) sqp_iter=4 | solve=2.0ms
[INFO] [1789400740.709922802] [acados_nmpc_node]: [flight-diag] t=25.7s | om_scale=2.991(lo 2.991 hi 3.129) | tilt_max=4.21deg | w_max=[r0.045 p0.083 y1.030]rad/s | u_frac=[T0.696 r0.493 p0.136 y1.000] | u_sat=[T0.0 r0.0 p0.0 y21.0]% | mot_peak=0.908 mot_sat=0.0% | health=1 age=0.000s conf=0.000 | n=100
[INFO] [1789400740.755139915] [acados_nmpc_node]: [attach-window] t=25.75s pos_err=0.035m T=21.76N z=6.038 m_est=2.199
[INFO] [1789400740.809267338] [acados_nmpc_node]: [attach-window] t=25.80s pos_err=0.048m T=21.70N z=6.042 m_est=2.199
[INFO] [1789400740.842660149] [acados_nmpc_node]: [wcmd] raw=[+0.019,-0.019,+0.143] w=[-0.010,+0.038,-0.119] err=[+0.029,-0.057] scaled=[+0.077,-0.132] s=2.98
[INFO] [1789400740.854988477] [acados_nmpc_node]: [attach-window] t=25.85s pos_err=0.035m T=21.74N z=6.043 m_est=2.199
[INFO] [1789400740.909144584] [acados_nmpc_node]: [attach-window] t=25.90s pos_err=0.042m T=21.70N z=6.047 m_est=2.200
[INFO] [1789400740.955082735] [acados_nmpc_node]: [attach-window] t=25.95s pos_err=0.027m T=21.74N z=6.049 m_est=2.200
[INFO] [1789400741.009246892] [acados_nmpc_node]: [attach-window] t=26.00s pos_err=0.044m T=21.69N z=6.055 m_est=2.200
[INFO] [1789400741.042675484] [acados_nmpc_node]: [wcmd] raw=[+0.020,-0.012,+0.140] w=[+0.018,+0.026,+0.019] err=[+0.002,-0.037] scaled=[+0.024,-0.085] s=2.98
[INFO] [1789400741.055019421] [acados_nmpc_node]: [attach-window] t=26.05s pos_err=0.028m T=21.74N z=6.057 m_est=2.200
[INFO] [1789400741.109085386] [acados_nmpc_node]: [attach-window] t=26.10s pos_err=0.047m T=21.66N z=6.062 m_est=2.200
[INFO] [1789400741.154996145] [acados_nmpc_node]: [attach-window] t=26.15s pos_err=0.021m T=21.75N z=6.064 m_est=2.200
[INFO] [1789400741.209303430] [acados_nmpc_node]: [attach-window] t=26.20s pos_err=0.039m T=21.67N z=6.070 m_est=2.201
[INFO] [1789400741.242650749] [acados_nmpc_node]: [wcmd] raw=[+0.021,-0.013,+0.076] w=[+0.021,-0.047,+0.075] err=[-0.001,+0.034] scaled=[+0.019,+0.055] s=2.97
[INFO] [1789400741.254874877] [acados_nmpc_node]: [attach-window] t=26.25s pos_err=0.021m T=21.70N z=6.073 m_est=2.201
[INFO] [1789400741.309301271] [acados_nmpc_node]: [attach-window] t=26.30s pos_err=0.031m T=21.67N z=6.079 m_est=2.201
[INFO] [1789400741.355422822] [acados_nmpc_node]: [attach-window] t=26.35s pos_err=0.012m T=21.73N z=6.082 m_est=2.201
[INFO] [1789400741.409837253] [acados_nmpc_node]: [attach-window] t=26.40s pos_err=0.032m T=21.67N z=6.089 m_est=2.201
[INFO] [1789400741.442725065] [acados_nmpc_node]: [wcmd] raw=[+0.026,-0.034,-0.017] w=[+0.027,+0.038,+0.114] err=[-0.001,-0.072] scaled=[+0.023,-0.175] s=2.97
[INFO] [1789400741.454714557] [acados_nmpc_node]: [attach-window] t=26.45s pos_err=0.012m T=21.73N z=6.092 m_est=2.201
[INFO] [1789400741.509653185] [acados_nmpc_node]: [attach-window] t=26.50s pos_err=0.022m T=21.68N z=6.098 m_est=2.201
[INFO] [1789400741.555204682] [acados_nmpc_node]: [attach-window] t=26.55s pos_err=0.003m T=21.73N z=6.102 m_est=2.201
[INFO] [1789400741.609545761] [acados_nmpc_node]: [attach-window] t=26.60s pos_err=0.022m T=21.66N z=6.109 m_est=2.200
[INFO] [1789400741.642677417] [acados_nmpc_node]: [wcmd] raw=[+0.014,-0.022,-0.107] w=[+0.040,+0.004,+0.055] err=[-0.027,-0.026] scaled=[-0.039,-0.072] s=2.96
[INFO] [1789400741.655022982] [acados_nmpc_node]: [attach-window] t=26.65s pos_err=0.005m T=21.71N z=6.113 m_est=2.200
[INFO] [1789400741.709429998] [acados_nmpc_node]: [attach-window] t=26.70s pos_err=0.012m T=21.65N z=6.120 m_est=2.200
[INFO] [1789400741.755253040] [acados_nmpc_node]: [attach-window] t=26.75s pos_err=0.014m T=21.72N z=6.123 m_est=2.200
[INFO] [1789400741.809295484] [acados_nmpc_node]: [attach-window] t=26.80s pos_err=0.014m T=21.62N z=6.132 m_est=2.200
[INFO] [1789400741.842772060] [acados_nmpc_node]: [wcmd] raw=[-0.013,-0.051,-0.168] w=[+0.003,-0.019,-0.026] err=[-0.016,-0.032] scaled=[-0.044,-0.114] s=2.96
[INFO] [1789400741.855084849] [acados_nmpc_node]: [attach-window] t=26.85s pos_err=0.015m T=21.68N z=6.136 m_est=2.200
[INFO] [1789400741.908933207] [acados_nmpc_node]: [attach-window] t=26.90s pos_err=0.010m T=21.61N z=6.144 m_est=2.200
[INFO] [1789400741.954936288] [acados_nmpc_node]: [attach-window] t=26.95s pos_err=0.027m T=21.68N z=6.148 m_est=2.200
[INFO] [1789400742.009241671] [acados_nmpc_node]: [attach-window] t=27.00s pos_err=0.013m T=21.58N z=6.157 m_est=2.199
[INFO] [1789400742.042675214] [acados_nmpc_node]: [wcmd] raw=[-0.003,-0.063,-0.191] w=[-0.009,-0.013,-0.096] err=[+0.006,-0.050] scaled=[+0.008,-0.160] s=2.96
[INFO] [1789400742.055074700] [acados_nmpc_node]: [attach-window] t=27.05s pos_err=0.028m T=21.65N z=6.161 m_est=2.199
[INFO] [1789400742.109167435] [acados_nmpc_node]: [attach-window] t=27.10s pos_err=0.019m T=21.58N z=6.170 m_est=2.199
[INFO] [1789400742.155204586] [acados_nmpc_node]: [attach-window] t=27.15s pos_err=0.040m T=21.65N z=6.174 m_est=2.199
[INFO] [1789400742.207444834] [acados_nmpc_node]: [attach-window] t=27.20s pos_err=0.020m T=21.56N z=6.183 m_est=2.198
[INFO] [1789400742.242654865] [acados_nmpc_node]: [wcmd] raw=[+0.010,-0.078,-0.186] w=[+0.007,-0.036,-0.153] err=[+0.003,-0.042] scaled=[+0.017,-0.160] s=2.96
[INFO] [1789400742.254566478] [acados_nmpc_node]: [attach-window] t=27.25s pos_err=0.040m T=21.64N z=6.187 m_est=2.198
[INFO] [1789400742.309629405] [acados_nmpc_node]: [attach-window] t=27.30s pos_err=0.029m T=21.60N z=6.195 m_est=2.198
[INFO] [1789400742.355256874] [acados_nmpc_node]: [attach-window] t=27.35s pos_err=0.051m T=21.68N z=6.199 m_est=2.197
[INFO] [1789400742.409589670] [acados_nmpc_node]: [attach-window] t=27.40s pos_err=0.027m T=21.62N z=6.207 m_est=2.197
[INFO] [1789400742.442773986] [acados_nmpc_node]: [wcmd] raw=[+0.024,-0.080,-0.168] w=[+0.022,-0.021,-0.172] err=[+0.003,-0.058] scaled=[+0.030,-0.193] s=2.96
[INFO] [1789400742.455010682] [acados_nmpc_node]: [attach-window] t=27.45s pos_err=0.049m T=21.70N z=6.211 m_est=2.197
[INFO] [1789400742.509567366] [acados_nmpc_node]: [attach-window] t=27.50s pos_err=0.035m T=21.65N z=6.219 m_est=2.197
[INFO] [1789400742.555241998] [acados_nmpc_node]: [attach-window] t=27.55s pos_err=0.060m T=21.73N z=6.223 m_est=2.196
[INFO] [1789400742.609274547] [acados_nmpc_node]: [attach-window] t=27.60s pos_err=0.033m T=21.64N z=6.232 m_est=2.196
[INFO] [1789400742.642711835] [acados_nmpc_node]: [wcmd] raw=[+0.023,-0.086,-0.148] w=[+0.030,-0.050,-0.182] err=[-0.008,-0.036] scaled=[+0.008,-0.156] s=2.96
[INFO] [1789400742.655053560] [acados_nmpc_node]: [attach-window] t=27.65s pos_err=0.057m T=21.71N z=6.236 m_est=2.196
[INFO] [1789400742.709023194] [acados_nmpc_node]: [attach-window] t=27.70s pos_err=0.043m T=21.63N z=6.245 m_est=2.196
[INFO] [1789400742.755032706] [acados_nmpc_node]: [attach-window] t=27.75s pos_err=0.069m T=21.70N z=6.249 m_est=2.196
[INFO] [1789400742.809140869] [acados_nmpc_node]: [attach-window] t=27.80s pos_err=0.041m T=21.60N z=6.259 m_est=2.195
[INFO] [1789400742.842674333] [acados_nmpc_node]: [wcmd] raw=[+0.016,-0.088,-0.131] w=[+0.020,-0.031,-0.165] err=[-0.004,-0.057] scaled=[+0.007,-0.200] s=2.96
[INFO] [1789400742.855110683] [acados_nmpc_node]: [attach-window] t=27.85s pos_err=0.066m T=21.66N z=6.264 m_est=2.195
[INFO] [1789400742.909326133] [acados_nmpc_node]: [attach-window] t=27.90s pos_err=0.039m T=21.51N z=6.275 m_est=2.195
[INFO] [1789400742.955001801] [acados_nmpc_node]: [attach-window] t=27.95s pos_err=0.063m T=21.58N z=6.280 m_est=2.195
[INFO] [1789400743.009462693] [acados_nmpc_node]: [attach-window] t=28.00s pos_err=0.049m T=21.51N z=6.291 m_est=2.195
[INFO] [1789400743.042690735] [acados_nmpc_node]: [wcmd] raw=[+0.016,-0.073,-0.126] w=[+0.012,-0.118,-0.174] err=[+0.004,+0.045] scaled=[+0.024,+0.015] s=2.96
[INFO] [1789400743.055182298] [acados_nmpc_node]: [attach-window] t=28.05s pos_err=0.075m T=21.57N z=6.296 m_est=2.195
[INFO] [1789400743.109568410] [acados_nmpc_node]: [attach-window] t=28.10s pos_err=0.060m T=21.53N z=6.306 m_est=2.195
[INFO] [1789400743.155150366] [acados_nmpc_node]: [attach-window] t=28.15s pos_err=0.087m T=21.58N z=6.312 m_est=2.195
[INFO] [1789400743.209524013] [acados_nmpc_node]: [attach-window] t=28.20s pos_err=0.059m T=21.48N z=6.324 m_est=2.195
[INFO] [1789400743.242723115] [acados_nmpc_node]: [wcmd] raw=[+0.024,-0.096,-0.137] w=[+0.021,+0.042,-0.108] err=[+0.003,-0.139] scaled=[+0.030,-0.368] s=2.96
[INFO] [1789400743.255197557] [acados_nmpc_node]: [attach-window] t=28.25s pos_err=0.085m T=21.55N z=6.329 m_est=2.195
[INFO] [1789400743.309529330] [acados_nmpc_node]: [attach-window] t=28.30s pos_err=0.071m T=21.49N z=6.339 m_est=2.194
[INFO] [1789400743.355361870] [acados_nmpc_node]: [attach-window] t=28.35s pos_err=0.099m T=21.54N z=6.344 m_est=2.194
[INFO] [1789400743.409367341] [acados_nmpc_node]: [attach-window] t=28.40s pos_err=0.069m T=21.48N z=6.356 m_est=2.194
[INFO] [1789400743.442782730] [acados_nmpc_node]: [wcmd] raw=[+0.033,-0.068,-0.162] w=[+0.035,-0.062,-0.142] err=[-0.001,-0.006] scaled=[+0.030,-0.079] s=2.96
[INFO] [1789400743.455283757] [acados_nmpc_node]: [attach-window] t=28.45s pos_err=0.096m T=21.54N z=6.361 m_est=2.194
[INFO] [1789400743.509331854] [acados_nmpc_node]: [attach-window] t=28.50s pos_err=0.081m T=21.50N z=6.371 m_est=2.194
[INFO] [1789400743.555368934] [acados_nmpc_node]: [attach-window] t=28.55s pos_err=0.109m T=21.58N z=6.375 m_est=2.194
[INFO] [1789400743.609782544] [acados_nmpc_node]: [attach-window] t=28.60s pos_err=0.078m T=21.53N z=6.386 m_est=2.194
[INFO] [1789400743.642692186] [acados_nmpc_node]: [wcmd] raw=[+0.032,-0.099,-0.197] w=[+0.044,-0.053,-0.152] err=[-0.012,-0.046] scaled=[+0.009,-0.189] s=2.96
[INFO] [1789400743.655390590] [acados_nmpc_node]: [attach-window] t=28.65s pos_err=0.106m T=21.60N z=6.390 m_est=2.194
[INFO] [1789400743.710261118] [acados_nmpc_node]: [attach-window] t=28.70s pos_err=0.090m T=21.59N z=6.399 m_est=2.193
[INFO] [1789400743.755510863] [acados_nmpc_node]: [attach-window] t=28.75s pos_err=0.102m T=21.63N z=6.404 m_est=2.193
[INFO] [1789400743.809799448] [acados_nmpc_node]: [attach-window] t=28.80s pos_err=0.084m T=21.64N z=6.413 m_est=2.193
[INFO] [1789400743.842669091] [acados_nmpc_node]: [wcmd] raw=[+0.025,-0.096,-0.233] w=[+0.038,-0.048,-0.176] err=[-0.014,-0.048] scaled=[-0.002,-0.190] s=2.96
[INFO] [1789400743.854616431] [acados_nmpc_node]: [attach-window] t=28.85s pos_err=0.113m T=21.72N z=6.416 m_est=2.193
[INFO] [1789400743.909802997] [acados_nmpc_node]: [attach-window] t=28.90s pos_err=0.095m T=21.72N z=6.424 m_est=2.193
[INFO] [1789400743.955316065] [acados_nmpc_node]: [attach-window] t=28.95s pos_err=0.123m T=21.77N z=6.429 m_est=2.193
[INFO] [1789400744.009885993] [acados_nmpc_node]: [attach-window] t=29.00s pos_err=0.089m T=21.69N z=6.438 m_est=2.193
[INFO] [1789400744.042731823] [acados_nmpc_node]: [wcmd] raw=[+0.019,-0.094,-0.269] w=[+0.035,-0.021,-0.196] err=[-0.016,-0.072] scaled=[-0.013,-0.235] s=2.96
[INFO] [1789400744.055408698] [acados_nmpc_node]: [attach-window] t=29.05s pos_err=0.118m T=21.74N z=6.442 m_est=2.193
[INFO] [1789400744.109886597] [acados_nmpc_node]: [attach-window] t=29.10s pos_err=0.099m T=21.67N z=6.451 m_est=2.193
[INFO] [1789400744.155311102] [acados_nmpc_node]: [attach-window] t=29.15s pos_err=0.127m T=21.71N z=6.456 m_est=2.193
[INFO] [1789400744.209720666] [acados_nmpc_node]: [attach-window] t=29.20s pos_err=0.093m T=21.65N z=6.465 m_est=2.193
[INFO] [1789400744.242691925] [acados_nmpc_node]: [wcmd] raw=[+0.001,-0.098,-0.307] w=[+0.019,-0.081,-0.252] err=[-0.018,-0.017] scaled=[-0.034,-0.130] s=2.93
[INFO] [1789400744.255357474] [acados_nmpc_node]: [attach-window] t=29.25s pos_err=0.120m T=21.69N z=6.469 m_est=2.193
[INFO] [1789400744.309625553] [acados_nmpc_node]: [attach-window] t=29.30s pos_err=0.101m T=21.66N z=6.478 m_est=2.193
[INFO] [1789400744.355403462] [acados_nmpc_node]: [attach-window] t=29.35s pos_err=0.128m T=21.71N z=6.482 m_est=2.193
[INFO] [1789400744.409658259] [acados_nmpc_node]: [attach-window] t=29.40s pos_err=0.095m T=21.67N z=6.491 m_est=2.193
[INFO] [1789400744.442667430] [acados_nmpc_node]: [wcmd] raw=[-0.009,-0.096,-0.342] w=[-0.002,-0.057,-0.282] err=[-0.007,-0.039] scaled=[-0.022,-0.171] s=2.92
[INFO] [1789400744.455229939] [acados_nmpc_node]: [attach-window] t=29.45s pos_err=0.121m T=21.71N z=6.495 m_est=2.194
[INFO] [1789400744.509680812] [acados_nmpc_node]: [attach-window] t=29.50s pos_err=0.104m T=21.69N z=6.503 m_est=2.194
[INFO] [1789400744.555322598] [acados_nmpc_node]: [attach-window] t=29.55s pos_err=0.115m T=21.71N z=6.508 m_est=2.194
[INFO] [1789400744.609718128] [acados_nmpc_node]: [attach-window] t=29.60s pos_err=0.099m T=21.70N z=6.516 m_est=2.194
[INFO] [1789400744.642635509] [acados_nmpc_node]: [wcmd] raw=[+0.002,-0.075,-0.386] w=[-0.003,-0.056,-0.319] err=[+0.004,-0.018] scaled=[+0.010,-0.110] s=2.90
[INFO] [1789400744.655375130] [acados_nmpc_node]: [attach-window] t=29.65s pos_err=0.124m T=21.75N z=6.520 m_est=2.195
[INFO] [1789400744.709621868] [acados_nmpc_node]: [attach-window] t=29.70s pos_err=0.108m T=21.73N z=6.528 m_est=2.195
[INFO] [1789400744.755271526] [acados_nmpc_node]: [attach-window] t=29.75s pos_err=0.132m T=21.75N z=6.532 m_est=2.196
[INFO] [1789400744.809837343] [acados_nmpc_node]: [attach-window] t=29.80s pos_err=0.105m T=21.70N z=6.541 m_est=2.196
[INFO] [1789400744.842674485] [acados_nmpc_node]: [wcmd] raw=[+0.011,-0.057,-0.436] w=[+0.020,+0.008,-0.341] err=[-0.009,-0.065] scaled=[-0.007,-0.180] s=2.90
[INFO] [1789400744.855215688] [acados_nmpc_node]: [attach-window] t=29.85s pos_err=0.128m T=21.72N z=6.546 m_est=2.196
[INFO] [1789400744.909827991] [acados_nmpc_node]: [attach-window] t=29.90s pos_err=0.115m T=21.66N z=6.554 m_est=2.197
[INFO] [1789400744.955232665] [acados_nmpc_node]: [attach-window] t=29.95s pos_err=0.137m T=21.68N z=6.558 m_est=2.197
[INFO] [1789400745.009663986] [acados_nmpc_node]: [attach-window] t=30.00s pos_err=0.111m T=21.63N z=6.568 m_est=2.198
[INFO] [1789400745.042670130] [acados_nmpc_node]: [wcmd] raw=[+0.006,-0.053,-0.489] w=[+0.017,-0.039,-0.411] err=[-0.010,-0.014] scaled=[-0.013,-0.078] s=2.89
[INFO] [1789400745.055261452] [acados_nmpc_node]: [attach-window] t=30.05s pos_err=0.132m T=21.65N z=6.572 m_est=2.198
[INFO] [1789400745.109977935] [acados_nmpc_node]: [attach-window] t=30.10s pos_err=0.120m T=21.61N z=6.581 m_est=2.198
[INFO] [1789400745.155364674] [acados_nmpc_node]: [attach-window] t=30.15s pos_err=0.128m T=21.61N z=6.586 m_est=2.199
[INFO] [1789400745.209860631] [acados_nmpc_node]: [attach-window] t=30.20s pos_err=0.115m T=21.57N z=6.595 m_est=2.199
[INFO] [1789400745.242779730] [acados_nmpc_node]: [wcmd] raw=[+0.005,-0.066,-0.550] w=[+0.012,-0.032,-0.467] err=[-0.008,-0.034] scaled=[-0.010,-0.131] s=2.90
[INFO] [1789400745.255252594] [acados_nmpc_node]: [attach-window] t=30.25s pos_err=0.133m T=21.60N z=6.599 m_est=2.200
[INFO] [1789400745.309797845] [acados_nmpc_node]: [attach-window] t=30.30s pos_err=0.121m T=21.58N z=6.608 m_est=2.200
[INFO] [1789400745.355373001] [acados_nmpc_node]: [attach-window] t=30.35s pos_err=0.138m T=21.60N z=6.613 m_est=2.200
[INFO] [1789400745.409805350] [acados_nmpc_node]: [attach-window] t=30.40s pos_err=0.115m T=21.54N z=6.622 m_est=2.201
[INFO] [1789400745.442660045] [acados_nmpc_node]: [wcmd] raw=[-0.007,-0.070,-0.619] w=[+0.013,-0.012,-0.517] err=[-0.020,-0.058] scaled=[-0.046,-0.182] s=2.92
[INFO] [1789400745.455454132] [acados_nmpc_node]: [attach-window] t=30.45s pos_err=0.130m T=21.57N z=6.627 m_est=2.201
[INFO] [1789400745.509845512] [acados_nmpc_node]: [attach-window] t=30.50s pos_err=0.117m T=21.52N z=6.635 m_est=2.201
[INFO] [1789400745.555440545] [acados_nmpc_node]: [attach-window] t=30.55s pos_err=0.131m T=21.55N z=6.639 m_est=2.201
[INFO] [1789400745.609847561] [acados_nmpc_node]: [attach-window] t=30.60s pos_err=0.110m T=21.52N z=6.648 m_est=2.201
[INFO] [1789400745.642676219] [acados_nmpc_node]: [wcmd] raw=[-0.014,-0.073,-0.680] w=[-0.008,-0.071,-0.600] err=[-0.006,-0.002] scaled=[-0.026,-0.077] s=2.94
[INFO] [1789400745.655764454] [acados_nmpc_node]: [attach-window] t=30.65s pos_err=0.121m T=21.54N z=6.651 m_est=2.201
[INFO] [1789400745.710232555] [acados_nmpc_node]: [attach-window] t=30.70s pos_err=0.110m T=21.53N z=6.659 m_est=2.202
[INFO] [1789400745.710722073] [acados_nmpc_node]: t=30.7s | pos_err=0.110m | T=21.53N | tau=[r-0.211 p0.003 y-0.030]Nm | res_stat=6.899e-08(peak 9.962e-07) sqp_iter=5 | solve=2.1ms
[INFO] [1789400745.710925328] [acados_nmpc_node]: [flight-diag] t=30.7s | om_scale=2.940(lo 2.889 hi 2.988) | tilt_max=5.04deg | w_max=[r0.044 p0.125 y0.619]rad/s | u_frac=[T0.694 r0.457 p0.262 y0.607] | u_sat=[T0.0 r0.0 p0.0 y0.0]% | mot_peak=0.869 mot_sat=0.0% | health=1 age=0.000s conf=0.000 | n=100
[INFO] [1789400745.755794496] [acados_nmpc_node]: [attach-window] t=30.75s pos_err=0.119m T=21.56N z=6.662 m_est=2.202
[INFO] [1789400745.809926970] [acados_nmpc_node]: [attach-window] t=30.80s pos_err=0.101m T=21.54N z=6.670 m_est=2.202
[INFO] [1789400745.842691345] [acados_nmpc_node]: [wcmd] raw=[+0.001,-0.065,-0.719] w=[-0.002,-0.038,-0.652] err=[+0.003,-0.027] scaled=[+0.007,-0.118] s=2.95
[INFO] [1789400745.855553886] [acados_nmpc_node]: [attach-window] t=30.85s pos_err=0.108m T=21.57N z=6.673 m_est=2.201
[INFO] [1789400745.909848970] [acados_nmpc_node]: [attach-window] t=30.90s pos_err=0.097m T=21.56N z=6.680 m_est=2.201
[INFO] [1789400745.955340787] [acados_nmpc_node]: [attach-window] t=30.95s pos_err=0.103m T=21.58N z=6.683 m_est=2.201
[INFO] [1789400746.009819368] [acados_nmpc_node]: [attach-window] t=31.00s pos_err=0.088m T=21.56N z=6.690 m_est=2.201
[INFO] [1789400746.042690733] [acados_nmpc_node]: [wcmd] raw=[-0.004,-0.037,-0.724] w=[+0.017,-0.018,-0.700] err=[-0.021,-0.018] scaled=[-0.045,-0.072] s=2.95
[INFO] [1789400746.055133977] [acados_nmpc_node]: [attach-window] t=31.05s pos_err=0.092m T=21.58N z=6.693 m_est=2.201
[INFO] [1789400746.109698173] [acados_nmpc_node]: [attach-window] t=31.10s pos_err=0.082m T=21.55N z=6.699 m_est=2.201
[INFO] [1789400746.155107010] [acados_nmpc_node]: [attach-window] t=31.15s pos_err=0.085m T=21.57N z=6.702 m_est=2.201
[INFO] [1789400746.210059067] [acados_nmpc_node]: [attach-window] t=31.20s pos_err=0.074m T=21.54N z=6.709 m_est=2.201
[INFO] [1789400746.242725465] [acados_nmpc_node]: [wcmd] raw=[-0.018,-0.031,-0.684] w=[-0.009,-0.011,-0.740] err=[-0.009,-0.020] scaled=[-0.036,-0.071] s=2.96
[INFO] [1789400746.255082253] [acados_nmpc_node]: [attach-window] t=31.25s pos_err=0.075m T=21.56N z=6.712 m_est=2.201
[INFO] [1789400746.309680678] [acados_nmpc_node]: [attach-window] t=31.30s pos_err=0.067m T=21.54N z=6.717 m_est=2.201
[INFO] [1789400746.355152802] [acados_nmpc_node]: [attach-window] t=31.35s pos_err=0.069m T=21.56N z=6.720 m_est=2.201
[INFO] [1789400746.409843282] [acados_nmpc_node]: [attach-window] t=31.40s pos_err=0.061m T=21.54N z=6.726 m_est=2.201
[INFO] [1789400746.442565780] [acados_nmpc_node]: [wcmd] raw=[-0.034,-0.030,-0.612] w=[-0.021,+0.009,-0.734] err=[-0.012,-0.039] scaled=[-0.058,-0.106] s=2.96
[INFO] [1789400746.454537689] [acados_nmpc_node]: [attach-window] t=31.45s pos_err=0.060m T=21.56N z=6.728 m_est=2.201
[INFO] [1789400746.507462106] [acados_nmpc_node]: [attach-window] t=31.50s pos_err=0.056m T=21.52N z=6.734 m_est=2.201
[INFO] [1789400746.554454565] [acados_nmpc_node]: [attach-window] t=31.55s pos_err=0.053m T=21.55N z=6.736 m_est=2.201
[INFO] [1789400746.607366758] [acados_nmpc_node]: [attach-window] t=31.60s pos_err=0.051m T=21.53N z=6.741 m_est=2.201
[INFO] [1789400746.642589437] [acados_nmpc_node]: [wcmd] raw=[-0.039,-0.028,-0.489] w=[-0.056,-0.051,-0.715] err=[+0.017,+0.023] scaled=[-0.005,+0.017] s=2.96
[INFO] [1789400746.654315083] [acados_nmpc_node]: [attach-window] t=31.65s pos_err=0.048m T=21.55N z=6.743 m_est=2.201
[INFO] [1789400746.707070739] [acados_nmpc_node]: [attach-window] t=31.70s pos_err=0.044m T=21.54N z=6.747 m_est=2.201
[INFO] [1789400746.754299052] [acados_nmpc_node]: [attach-window] t=31.75s pos_err=0.041m T=21.55N z=6.749 m_est=2.201
[INFO] [1789400746.809381049] [acados_nmpc_node]: [attach-window] t=31.80s pos_err=0.039m T=21.53N z=6.753 m_est=2.201
[INFO] [1789400746.842718167] [acados_nmpc_node]: [wcmd] raw=[-0.026,-0.047,-0.371] w=[-0.034,+0.031,-0.603] err=[+0.008,-0.078] scaled=[-0.010,-0.201] s=2.96
[INFO] [1789400746.854891923] [acados_nmpc_node]: [attach-window] t=31.85s pos_err=0.034m T=21.55N z=6.755 m_est=2.201
[INFO] [1789400746.909518497] [acados_nmpc_node]: [attach-window] t=31.90s pos_err=0.035m T=21.51N z=6.760 m_est=2.201
[INFO] [1789400746.954808817] [acados_nmpc_node]: [attach-window] t=31.95s pos_err=0.026m T=21.53N z=6.762 m_est=2.201
[INFO] [1789400747.009526442] [acados_nmpc_node]: [attach-window] t=32.00s pos_err=0.026m T=21.51N z=6.765 m_est=2.201
[INFO] [1789400747.042780396] [acados_nmpc_node]: [wcmd] raw=[-0.023,-0.022,-0.241] w=[-0.030,-0.033,-0.511] err=[+0.007,+0.011] scaled=[-0.008,-0.001] s=2.96
[INFO] [1789400747.054824658] [acados_nmpc_node]: [attach-window] t=32.05s pos_err=0.017m T=21.52N z=6.767 m_est=2.201
[INFO] [1789400747.109332791] [acados_nmpc_node]: [attach-window] t=32.10s pos_err=0.017m T=21.51N z=6.771 m_est=2.201
[INFO] [1789400747.154855036] [acados_nmpc_node]: [attach-window] t=32.15s pos_err=0.012m T=21.53N z=6.772 m_est=2.201
[INFO] [1789400747.209626089] [acados_nmpc_node]: [attach-window] t=32.20s pos_err=0.017m T=21.49N z=6.776 m_est=2.201
[INFO] [1789400747.242666549] [acados_nmpc_node]: [wcmd] raw=[-0.017,-0.057,-0.142] w=[-0.019,+0.016,-0.372] err=[+0.002,-0.073] scaled=[-0.012,-0.200] s=2.96
[INFO] [1789400747.254764497] [acados_nmpc_node]: [attach-window] t=32.25s pos_err=0.009m T=21.51N z=6.778 m_est=2.201
[INFO] [1789400747.309340758] [acados_nmpc_node]: [attach-window] t=32.30s pos_err=0.016m T=21.47N z=6.781 m_est=2.201
[INFO] [1789400747.354932804] [acados_nmpc_node]: [attach-window] t=32.35s pos_err=0.018m T=21.48N z=6.783 m_est=2.201
[INFO] [1789400747.409538436] [acados_nmpc_node]: [attach-window] t=32.40s pos_err=0.025m T=21.46N z=6.786 m_est=2.201
[INFO] [1789400747.442688009] [acados_nmpc_node]: [wcmd] raw=[-0.017,-0.037,-0.070] w=[-0.014,-0.024,-0.265] err=[-0.002,-0.012] scaled=[-0.021,-0.061] s=2.97
[INFO] [1789400747.454761868] [acados_nmpc_node]: [attach-window] t=32.45s pos_err=0.025m T=21.47N z=6.788 m_est=2.201
[INFO] [1789400747.509891594] [acados_nmpc_node]: [attach-window] t=32.50s pos_err=0.030m T=21.45N z=6.791 m_est=2.201
[INFO] [1789400747.554825636] [acados_nmpc_node]: [attach-window] t=32.55s pos_err=0.034m T=21.47N z=6.792 m_est=2.201
[INFO] [1789400747.609461154] [acados_nmpc_node]: [attach-window] t=32.60s pos_err=0.038m T=21.47N z=6.795 m_est=2.201
[INFO] [1789400747.642662586] [acados_nmpc_node]: [wcmd] raw=[-0.014,-0.046,-0.045] w=[-0.011,-0.016,-0.159] err=[-0.003,-0.030] scaled=[-0.019,-0.106] s=2.97
[INFO] [1789400747.654929157] [acados_nmpc_node]: [attach-window] t=32.65s pos_err=0.040m T=21.48N z=6.796 m_est=2.201
[INFO] [1789400747.709502389] [acados_nmpc_node]: [attach-window] t=32.70s pos_err=0.043m T=21.49N z=6.798 m_est=2.201
[INFO] [1789400747.754772526] [acados_nmpc_node]: [attach-window] t=32.75s pos_err=0.046m T=21.50N z=6.799 m_est=2.201
[INFO] [1789400747.809252897] [acados_nmpc_node]: [attach-window] t=32.80s pos_err=0.049m T=21.52N z=6.801 m_est=2.201
[INFO] [1789400747.842679080] [acados_nmpc_node]: [wcmd] raw=[-0.007,-0.028,-0.059] w=[-0.007,-0.007,-0.089] err=[+0.001,-0.021] scaled=[-0.006,-0.070] s=2.97
[INFO] [1789400747.854737275] [acados_nmpc_node]: [attach-window] t=32.85s pos_err=0.054m T=21.55N z=6.802 m_est=2.201
[INFO] [1789400747.909677904] [acados_nmpc_node]: [attach-window] t=32.90s pos_err=0.055m T=21.57N z=6.803 m_est=2.201
[INFO] [1789400747.954986896] [acados_nmpc_node]: [attach-window] t=32.95s pos_err=0.062m T=21.58N z=6.803 m_est=2.201
[INFO] [1789400748.009708077] [acados_nmpc_node]: [attach-window] t=33.00s pos_err=0.059m T=21.59N z=6.804 m_est=2.201
[INFO] [1789400748.042744991] [acados_nmpc_node]: [wcmd] raw=[-0.006,-0.028,-0.098] w=[+0.008,+0.029,-0.050] err=[-0.013,-0.057] scaled=[-0.032,-0.141] s=2.97
[INFO] [1789400748.054779672] [acados_nmpc_node]: [attach-window] t=33.05s pos_err=0.065m T=21.61N z=6.804 m_est=2.201
[INFO] [1789400748.109625773] [acados_nmpc_node]: [attach-window] t=33.10s pos_err=0.064m T=21.60N z=6.804 m_est=2.201
[INFO] [1789400748.154790443] [acados_nmpc_node]: [attach-window] t=33.15s pos_err=0.072m T=21.62N z=6.804 m_est=2.201
[INFO] [1789400748.209536298] [acados_nmpc_node]: [attach-window] t=33.20s pos_err=0.066m T=21.63N z=6.804 m_est=2.201
[INFO] [1789400748.242654216] [acados_nmpc_node]: [wcmd] raw=[-0.021,-0.046,-0.140] w=[+0.001,-0.028,-0.076] err=[-0.022,-0.018] scaled=[-0.064,-0.082] s=2.97
[INFO] [1789400748.254731744] [acados_nmpc_node]: [attach-window] t=33.25s pos_err=0.072m T=21.65N z=6.803 m_est=2.201
[INFO] [1789400748.309461439] [acados_nmpc_node]: [attach-window] t=33.30s pos_err=0.066m T=21.63N z=6.803 m_est=2.201
[INFO] [1789400748.354832812] [acados_nmpc_node]: [attach-window] t=33.35s pos_err=0.071m T=21.65N z=6.803 m_est=2.201
[INFO] [1789400748.409435730] [acados_nmpc_node]: [attach-window] t=33.40s pos_err=0.066m T=21.64N z=6.802 m_est=2.201
[INFO] [1789400748.442664106] [acados_nmpc_node]: [wcmd] raw=[-0.027,-0.039,-0.166] w=[-0.023,-0.065,-0.112] err=[-0.004,+0.026] scaled=[-0.035,+0.011] s=2.97
[INFO] [1789400748.454875911] [acados_nmpc_node]: [attach-window] t=33.45s pos_err=0.073m T=21.65N z=6.802 m_est=2.201
[INFO] [1789400748.509242722] [acados_nmpc_node]: [attach-window] t=33.50s pos_err=0.064m T=21.64N z=6.802 m_est=2.201
[INFO] [1789400748.554923669] [acados_nmpc_node]: [attach-window] t=33.55s pos_err=0.069m T=21.65N z=6.802 m_est=2.202
[INFO] [1789400748.609689935] [acados_nmpc_node]: [attach-window] t=33.60s pos_err=0.065m T=21.62N z=6.802 m_est=2.202
[INFO] [1789400748.642734866] [acados_nmpc_node]: [wcmd] raw=[-0.011,-0.032,-0.181] w=[-0.018,-0.014,-0.123] err=[+0.007,-0.018] scaled=[+0.003,-0.068] s=2.97
[INFO] [1789400748.654782275] [acados_nmpc_node]: [attach-window] t=33.65s pos_err=0.072m T=21.63N z=6.802 m_est=2.202
[INFO] [1789400748.709488977] [acados_nmpc_node]: [attach-window] t=33.70s pos_err=0.066m T=21.62N z=6.802 m_est=2.202
[INFO] [1789400748.755055008] [acados_nmpc_node]: [attach-window] t=33.75s pos_err=0.069m T=21.62N z=6.802 m_est=2.202
[INFO] [1789400748.809751698] [acados_nmpc_node]: [attach-window] t=33.80s pos_err=0.065m T=21.62N z=6.802 m_est=2.202
[INFO] [1789400748.842804445] [acados_nmpc_node]: [wcmd] raw=[+0.001,-0.032,-0.183] w=[+0.007,+0.017,-0.140] err=[-0.005,-0.049] scaled=[-0.009,-0.128] s=2.97
[INFO] [1789400748.855198279] [acados_nmpc_node]: [attach-window] t=33.85s pos_err=0.073m T=21.64N z=6.802 m_est=2.203
[INFO] [1789400748.909811313] [acados_nmpc_node]: [attach-window] t=33.90s pos_err=0.068m T=21.63N z=6.802 m_est=2.203
[INFO] [1789400748.954918935] [acados_nmpc_node]: [attach-window] t=33.95s pos_err=0.071m T=21.62N z=6.802 m_est=2.203
[INFO] [1789400749.008124732] [acados_nmpc_node]: [attach-window] t=34.00s pos_err=0.067m T=21.62N z=6.802 m_est=2.203
[INFO] [1789400749.042694757] [acados_nmpc_node]: [wcmd] raw=[+0.005,-0.037,-0.178] w=[+0.015,+0.000,-0.166] err=[-0.010,-0.037] scaled=[-0.015,-0.109] s=2.97
[INFO] [1789400749.054988988] [acados_nmpc_node]: [attach-window] t=34.05s pos_err=0.076m T=21.63N z=6.802 m_est=2.203
[INFO] [1789400749.110012061] [acados_nmpc_node]: [attach-window] t=34.10s pos_err=0.070m T=21.61N z=6.802 m_est=2.203
[INFO] [1789400749.155065731] [acados_nmpc_node]: [attach-window] t=34.15s pos_err=0.080m T=21.60N z=6.802 m_est=2.204
[INFO] [1789400749.209729048] [acados_nmpc_node]: [attach-window] t=34.20s pos_err=0.067m T=21.57N z=6.803 m_est=2.204
[INFO] [1789400749.242733430] [acados_nmpc_node]: [wcmd] raw=[-0.010,-0.040,-0.164] w=[+0.009,+0.012,-0.168] err=[-0.018,-0.052] scaled=[-0.046,-0.142] s=2.97
[INFO] [1789400749.254825365] [acados_nmpc_node]: [attach-window] t=34.25s pos_err=0.076m T=21.57N z=6.804 m_est=2.204
[INFO] [1789400749.309582101] [acados_nmpc_node]: [attach-window] t=34.30s pos_err=0.067m T=21.53N z=6.805 m_est=2.204
[INFO] [1789400749.354852440] [acados_nmpc_node]: [attach-window] t=34.35s pos_err=0.077m T=21.52N z=6.805 m_est=2.204
[INFO] [1789400749.409941625] [acados_nmpc_node]: [attach-window] t=34.40s pos_err=0.061m T=21.51N z=6.806 m_est=2.204
[INFO] [1789400749.442738982] [acados_nmpc_node]: [wcmd] raw=[-0.032,-0.045,-0.149] w=[-0.020,-0.028,-0.179] err=[-0.012,-0.018] scaled=[-0.056,-0.080] s=2.97
[INFO] [1789400749.454713812] [acados_nmpc_node]: [attach-window] t=34.45s pos_err=0.070m T=21.51N z=6.806 m_est=2.204
[INFO] [1789400749.509379191] [acados_nmpc_node]: [attach-window] t=34.50s pos_err=0.058m T=21.51N z=6.806 m_est=2.204
[INFO] [1789400749.554798026] [acados_nmpc_node]: [attach-window] t=34.55s pos_err=0.069m T=21.52N z=6.806 m_est=2.205
[INFO] [1789400749.609458544] [acados_nmpc_node]: [attach-window] t=34.60s pos_err=0.049m T=21.55N z=6.806 m_est=2.205
[INFO] [1789400749.642688011] [acados_nmpc_node]: [wcmd] raw=[-0.031,-0.041,-0.137] w=[-0.044,-0.008,-0.161] err=[+0.013,-0.032] scaled=[-0.005,-0.104] s=2.97
[INFO] [1789400749.654741979] [acados_nmpc_node]: [attach-window] t=34.65s pos_err=0.061m T=21.56N z=6.805 m_est=2.204
[INFO] [1789400749.709479347] [acados_nmpc_node]: [attach-window] t=34.70s pos_err=0.048m T=21.58N z=6.804 m_est=2.204
[INFO] [1789400749.754793371] [acados_nmpc_node]: [attach-window] t=34.75s pos_err=0.063m T=21.59N z=6.803 m_est=2.204
[INFO] [1789400749.809563910] [acados_nmpc_node]: [attach-window] t=34.80s pos_err=0.040m T=21.62N z=6.802 m_est=2.204
[INFO] [1789400749.842676068] [acados_nmpc_node]: [wcmd] raw=[+0.000,-0.036,-0.135] w=[-0.018,-0.005,-0.146] err=[+0.018,-0.031] scaled=[+0.036,-0.097] s=2.97
[INFO] [1789400749.854720209] [acados_nmpc_node]: [attach-window] t=34.85s pos_err=0.055m T=21.62N z=6.801 m_est=2.204
[INFO] [1789400749.909356976] [acados_nmpc_node]: [attach-window] t=34.90s pos_err=0.042m T=21.63N z=6.799 m_est=2.204
[INFO] [1789400749.954872163] [acados_nmpc_node]: [attach-window] t=34.95s pos_err=0.059m T=21.63N z=6.798 m_est=2.204
[INFO] [1789400750.009665495] [acados_nmpc_node]: [attach-window] t=35.00s pos_err=0.035m T=21.65N z=6.796 m_est=2.204
[INFO] [1789400750.042659784] [acados_nmpc_node]: [wcmd] raw=[+0.009,-0.046,-0.143] w=[+0.014,-0.014,-0.141] err=[-0.005,-0.033] scaled=[-0.000,-0.111] s=2.97
[INFO] [1789400750.054675477] [acados_nmpc_node]: [attach-window] t=35.05s pos_err=0.051m T=21.66N z=6.795 m_est=2.204
[INFO] [1789400750.109784637] [acados_nmpc_node]: [attach-window] t=35.10s pos_err=0.038m T=21.65N z=6.793 m_est=2.204
[INFO] [1789400750.154417386] [acados_nmpc_node]: [attach-window] t=35.15s pos_err=0.056m T=21.64N z=6.792 m_est=2.204
[INFO] [1789400750.209666779] [acados_nmpc_node]: [attach-window] t=35.20s pos_err=0.031m T=21.64N z=6.790 m_est=2.204
[INFO] [1789400750.242665993] [acados_nmpc_node]: [wcmd] raw=[+0.010,-0.045,-0.151] w=[+0.015,-0.020,-0.141] err=[-0.005,-0.025] scaled=[-0.001,-0.094] s=2.97
[INFO] [1789400750.254759263] [acados_nmpc_node]: [attach-window] t=35.25s pos_err=0.049m T=21.63N z=6.789 m_est=2.204
[INFO] [1789400750.309595521] [acados_nmpc_node]: [attach-window] t=35.30s pos_err=0.036m T=21.61N z=6.788 m_est=2.204
[INFO] [1789400750.354897393] [acados_nmpc_node]: [attach-window] t=35.35s pos_err=0.054m T=21.61N z=6.787 m_est=2.204
[INFO] [1789400750.409526961] [acados_nmpc_node]: [attach-window] t=35.40s pos_err=0.032m T=21.61N z=6.786 m_est=2.204
[INFO] [1789400750.442658867] [acados_nmpc_node]: [wcmd] raw=[+0.002,-0.031,-0.165] w=[+0.014,-0.008,-0.143] err=[-0.011,-0.023] scaled=[-0.020,-0.075] s=2.97
[INFO] [1789400750.454837766] [acados_nmpc_node]: [attach-window] t=35.45s pos_err=0.050m T=21.60N z=6.785 m_est=2.204
[INFO] [1789400750.509549586] [acados_nmpc_node]: [attach-window] t=35.50s pos_err=0.038m T=21.57N z=6.785 m_est=2.204
[INFO] [1789400750.554866271] [acados_nmpc_node]: [attach-window] t=35.55s pos_err=0.056m T=21.56N z=6.784 m_est=2.204
[INFO] [1789400750.609762297] [acados_nmpc_node]: [attach-window] t=35.60s pos_err=0.035m T=21.57N z=6.783 m_est=2.204
[INFO] [1789400750.642678758] [acados_nmpc_node]: [wcmd] raw=[-0.002,-0.031,-0.182] w=[+0.003,+0.001,-0.152] err=[-0.004,-0.031] scaled=[-0.011,-0.092] s=2.97
[INFO] [1789400750.654901522] [acados_nmpc_node]: [attach-window] t=35.65s pos_err=0.053m T=21.57N z=6.782 m_est=2.204
[INFO] [1789400750.709530492] [acados_nmpc_node]: [attach-window] t=35.70s pos_err=0.042m T=21.57N z=6.781 m_est=2.204
[INFO] [1789400750.710013712] [acados_nmpc_node]: t=35.7s | pos_err=0.042m | T=21.57N | tau=[r-0.192 p-0.009 y-0.011]Nm | res_stat=3.309e-07(peak 9.962e-07) sqp_iter=3 | solve=1.6ms
[INFO] [1789400750.710221863] [acados_nmpc_node]: [flight-diag] t=35.7s | om_scale=2.966(lo 2.943 hi 2.966) | tilt_max=5.14deg | w_max=[r0.056 p0.066 y0.744]rad/s | u_frac=[T0.691 r0.454 p0.142 y0.532] | u_sat=[T0.0 r0.0 p0.0 y0.0]% | mot_peak=0.860 mot_sat=0.0% | health=1 age=0.000s conf=0.000 | n=100
[INFO] [1789400750.754760310] [acados_nmpc_node]: [attach-window] t=35.75s pos_err=0.059m T=21.57N z=6.781 m_est=2.204
[INFO] [1789400750.809670377] [acados_nmpc_node]: [attach-window] t=35.80s pos_err=0.038m T=21.58N z=6.779 m_est=2.204
[INFO] [1789400750.842666240] [acados_nmpc_node]: [wcmd] raw=[+0.007,-0.039,-0.195] w=[+0.005,-0.010,-0.171] err=[+0.002,-0.028] scaled=[+0.010,-0.094] s=2.97
[INFO] [1789400750.854751113] [acados_nmpc_node]: [attach-window] t=35.85s pos_err=0.054m T=21.58N z=6.778 m_est=2.204
[INFO] [1789400750.909619182] [acados_nmpc_node]: [attach-window] t=35.90s pos_err=0.033m T=21.59N z=6.776 m_est=2.205
[INFO] [1789400750.954981330] [acados_nmpc_node]: [attach-window] t=35.95s pos_err=0.049m T=21.60N z=6.775 m_est=2.205
[INFO] [1789400751.009601176] [acados_nmpc_node]: [attach-window] t=36.00s pos_err=0.038m T=21.62N z=6.772 m_est=2.205
[INFO] [1789400751.042669965] [acados_nmpc_node]: [wcmd] raw=[+0.010,-0.031,-0.206] w=[+0.012,-0.052,-0.198] err=[-0.002,+0.021] scaled=[+0.006,+0.011] s=2.97
[INFO] [1789400751.055071333] [acados_nmpc_node]: [attach-window] t=36.05s pos_err=0.054m T=21.62N z=6.771 m_est=2.205
[INFO] [1789400751.110116331] [acados_nmpc_node]: [attach-window] t=36.10s pos_err=0.043m T=21.65N z=6.768 m_est=2.205
[INFO] [1789400751.155058213] [acados_nmpc_node]: [attach-window] t=36.15s pos_err=0.058m T=21.65N z=6.766 m_est=2.205
[INFO] [1789400751.209885822] [acados_nmpc_node]: [attach-window] t=36.20s pos_err=0.037m T=21.68N z=6.763 m_est=2.205
[INFO] [1789400751.242691574] [acados_nmpc_node]: [wcmd] raw=[+0.013,-0.044,-0.220] w=[+0.018,+0.030,-0.185] err=[-0.006,-0.073] scaled=[+0.002,-0.190] s=2.99
[INFO] [1789400751.254770104] [acados_nmpc_node]: [attach-window] t=36.25s pos_err=0.052m T=21.69N z=6.761 m_est=2.205
[INFO] [1789400751.309900920] [acados_nmpc_node]: [attach-window] t=36.30s pos_err=0.041m T=21.68N z=6.758 m_est=2.205
[INFO] [1789400751.355298134] [acados_nmpc_node]: [attach-window] t=36.35s pos_err=0.056m T=21.66N z=6.757 m_est=2.205
[INFO] [1789400751.409908644] [acados_nmpc_node]: [attach-window] t=36.40s pos_err=0.035m T=21.67N z=6.754 m_est=2.205
[INFO] [1789400751.442666982] [acados_nmpc_node]: [wcmd] raw=[+0.011,-0.033,-0.233] w=[+0.021,-0.024,-0.218] err=[-0.010,-0.008] scaled=[-0.009,-0.050] s=3.01
[INFO] [1789400751.454796785] [acados_nmpc_node]: [attach-window] t=36.45s pos_err=0.049m T=21.65N z=6.753 m_est=2.205
[INFO] [1789400751.509847948] [acados_nmpc_node]: [attach-window] t=36.50s pos_err=0.036m T=21.63N z=6.751 m_est=2.205
[INFO] [1789400751.554336010] [acados_nmpc_node]: [attach-window] t=36.55s pos_err=0.050m T=21.61N z=6.750 m_est=2.205
[INFO] [1789400751.609562354] [acados_nmpc_node]: [attach-window] t=36.60s pos_err=0.028m T=21.61N z=6.747 m_est=2.205
[INFO] [1789400751.642735925] [acados_nmpc_node]: [wcmd] raw=[-0.002,-0.056,-0.248] w=[+0.010,-0.032,-0.236] err=[-0.013,-0.024] scaled=[-0.028,-0.105] s=3.02
[INFO] [1789400751.654755671] [acados_nmpc_node]: [attach-window] t=36.65s pos_err=0.041m T=21.60N z=6.746 m_est=2.205
[INFO] [1789400751.709665519] [acados_nmpc_node]: [attach-window] t=36.70s pos_err=0.028m T=21.61N z=6.744 m_est=2.206
[INFO] [1789400751.754996291] [acados_nmpc_node]: [attach-window] t=36.75s pos_err=0.042m T=21.60N z=6.743 m_est=2.206
[INFO] [1789400751.809905951] [acados_nmpc_node]: [attach-window] t=36.80s pos_err=0.020m T=21.62N z=6.740 m_est=2.206
[INFO] [1789400751.842687701] [acados_nmpc_node]: [wcmd] raw=[-0.008,-0.040,-0.263] w=[-0.003,-0.016,-0.242] err=[-0.005,-0.023] scaled=[-0.019,-0.087] s=3.03
[INFO] [1789400751.854894907] [acados_nmpc_node]: [attach-window] t=36.85s pos_err=0.033m T=21.62N z=6.739 m_est=2.206
[INFO] [1789400751.909947063] [acados_nmpc_node]: [attach-window] t=36.90s pos_err=0.021m T=21.61N z=6.737 m_est=2.206
[INFO] [1789400751.954875319] [acados_nmpc_node]: [attach-window] t=36.95s pos_err=0.034m T=21.60N z=6.736 m_est=2.206
[INFO] [1789400752.009824631] [acados_nmpc_node]: [attach-window] t=37.00s pos_err=0.015m T=21.62N z=6.733 m_est=2.206
[INFO] [1789400752.042674164] [acados_nmpc_node]: [wcmd] raw=[-0.008,-0.031,-0.285] w=[-0.007,-0.024,-0.260] err=[-0.001,-0.007] scaled=[-0.010,-0.045] s=3.04
[INFO] [1789400752.054865210] [acados_nmpc_node]: [attach-window] t=37.05s pos_err=0.027m T=21.61N z=6.732 m_est=2.206
[INFO] [1789400752.109992749] [acados_nmpc_node]: [attach-window] t=37.10s pos_err=0.017m T=21.61N z=6.729 m_est=2.206
[INFO] [1789400752.154754506] [acados_nmpc_node]: [attach-window] t=37.15s pos_err=0.029m T=21.60N z=6.728 m_est=2.206
[INFO] [1789400752.209776661] [acados_nmpc_node]: [attach-window] t=37.20s pos_err=0.014m T=21.63N z=6.724 m_est=2.206
[INFO] [1789400752.242674500] [acados_nmpc_node]: [wcmd] raw=[-0.003,-0.024,-0.312] w=[-0.001,+0.005,-0.270] err=[-0.002,-0.029] scaled=[-0.008,-0.082] s=3.04
[INFO] [1789400752.254829852] [acados_nmpc_node]: [attach-window] t=37.25s pos_err=0.024m T=21.63N z=6.723 m_est=2.207
[INFO] [1789400752.309816213] [acados_nmpc_node]: [attach-window] t=37.30s pos_err=0.014m T=21.63N z=6.719 m_est=2.207
[INFO] [1789400752.355169155] [acados_nmpc_node]: [attach-window] t=37.35s pos_err=0.028m T=21.61N z=6.718 m_est=2.207
[INFO] [1789400752.409954415] [acados_nmpc_node]: [attach-window] t=37.40s pos_err=0.016m T=21.62N z=6.715 m_est=2.207
[INFO] [1789400752.442772591] [acados_nmpc_node]: [wcmd] raw=[-0.002,-0.008,-0.342] w=[-0.002,-0.018,-0.303] err=[-0.000,+0.010] scaled=[-0.003,+0.014] s=3.04
[INFO] [1789400752.454829375] [acados_nmpc_node]: [attach-window] t=37.45s pos_err=0.024m T=21.60N z=6.714 m_est=2.207
[INFO] [1789400752.509941279] [acados_nmpc_node]: [attach-window] t=37.50s pos_err=0.019m T=21.60N z=6.711 m_est=2.207
[INFO] [1789400752.555094861] [acados_nmpc_node]: [attach-window] t=37.55s pos_err=0.028m T=21.58N z=6.709 m_est=2.207
[INFO] [1789400752.609964879] [acados_nmpc_node]: [attach-window] t=37.60s pos_err=0.019m T=21.61N z=6.706 m_est=2.207
[INFO] [1789400752.642650024] [acados_nmpc_node]: [wcmd] raw=[-0.002,-0.028,-0.372] w=[+0.003,+0.010,-0.325] err=[-0.005,-0.038] scaled=[-0.011,-0.106] s=3.04
[INFO] [1789400752.655007514] [acados_nmpc_node]: [attach-window] t=37.65s pos_err=0.026m T=21.60N z=6.704 m_est=2.207
[INFO] [1789400752.709787684] [acados_nmpc_node]: [attach-window] t=37.70s pos_err=0.022m T=21.62N z=6.700 m_est=2.207
[INFO] [1789400752.755004458] [acados_nmpc_node]: [attach-window] t=37.75s pos_err=0.030m T=21.61N z=6.698 m_est=2.207
[INFO] [1789400752.809721281] [acados_nmpc_node]: [attach-window] t=37.80s pos_err=0.022m T=21.65N z=6.694 m_est=2.207
[INFO] [1789400752.842691067] [acados_nmpc_node]: [wcmd] raw=[-0.002,-0.015,-0.397] w=[+0.004,+0.006,-0.358] err=[-0.006,-0.021] scaled=[-0.014,-0.058] s=3.04
[INFO] [1789400752.855073234] [acados_nmpc_node]: [attach-window] t=37.85s pos_err=0.030m T=21.64N z=6.692 m_est=2.207
[INFO] [1789400752.909895800] [acados_nmpc_node]: [attach-window] t=37.90s pos_err=0.026m T=21.65N z=6.688 m_est=2.207
[INFO] [1789400752.954556848] [acados_nmpc_node]: [attach-window] t=37.95s pos_err=0.035m T=21.64N z=6.686 m_est=2.207
[INFO] [1789400753.007579867] [acados_nmpc_node]: [attach-window] t=38.00s pos_err=0.025m T=21.67N z=6.681 m_est=2.207
[INFO] [1789400753.042627900] [acados_nmpc_node]: [wcmd] raw=[+0.006,-0.024,-0.415] w=[+0.006,+0.000,-0.391] err=[+0.001,-0.024] scaled=[+0.008,-0.074] s=3.04
[INFO] [1789400753.054620530] [acados_nmpc_node]: [attach-window] t=38.05s pos_err=0.033m T=21.66N z=6.678 m_est=2.207
[INFO] [1789400753.109640414] [acados_nmpc_node]: [attach-window] t=38.10s pos_err=0.025m T=21.66N z=6.674 m_est=2.207
[INFO] [1789400753.155000812] [acados_nmpc_node]: [attach-window] t=38.15s pos_err=0.035m T=21.64N z=6.672 m_est=2.207
[INFO] [1789400753.209908156] [acados_nmpc_node]: [attach-window] t=38.20s pos_err=0.026m T=21.63N z=6.668 m_est=2.207
[INFO] [1789400753.242699801] [acados_nmpc_node]: [wcmd] raw=[+0.014,-0.022,-0.436] w=[+0.017,-0.018,-0.421] err=[-0.003,-0.004] scaled=[+0.009,-0.030] s=3.05
[INFO] [1789400753.255298384] [acados_nmpc_node]: [attach-window] t=38.25s pos_err=0.032m T=21.61N z=6.667 m_est=2.207
[INFO] [1789400753.307719576] [acados_nmpc_node]: [attach-window] t=38.30s pos_err=0.025m T=21.60N z=6.663 m_est=2.207
[INFO] [1789400753.354324380] [acados_nmpc_node]: [attach-window] t=38.35s pos_err=0.032m T=21.58N z=6.662 m_est=2.207
[INFO] [1789400753.407855153] [acados_nmpc_node]: [attach-window] t=38.40s pos_err=0.022m T=21.59N z=6.658 m_est=2.208
[INFO] [1789400753.442531355] [acados_nmpc_node]: [wcmd] raw=[+0.009,-0.034,-0.442] w=[+0.019,-0.012,-0.441] err=[-0.010,-0.022] scaled=[-0.011,-0.079] s=3.05
[INFO] [1789400753.454139911] [acados_nmpc_node]: [attach-window] t=38.45s pos_err=0.028m T=21.58N z=6.656 m_est=2.208
[INFO] [1789400753.509726433] [acados_nmpc_node]: [attach-window] t=38.50s pos_err=0.023m T=21.59N z=6.652 m_est=2.208
[INFO] [1789400753.554826895] [acados_nmpc_node]: [attach-window] t=38.55s pos_err=0.030m T=21.58N z=6.650 m_est=2.208
[INFO] [1789400753.610405122] [acados_nmpc_node]: [attach-window] t=38.60s pos_err=0.021m T=21.62N z=6.645 m_est=2.208
[INFO] [1789400753.642681922] [acados_nmpc_node]: [wcmd] raw=[+0.003,-0.013,-0.452] w=[+0.015,+0.013,-0.447] err=[-0.012,-0.025] scaled=[-0.021,-0.064] s=3.05
[INFO] [1789400753.654852375] [acados_nmpc_node]: [attach-window] t=38.65s pos_err=0.028m T=21.61N z=6.643 m_est=2.208
[INFO] [1789400753.709805701] [acados_nmpc_node]: [attach-window] t=38.70s pos_err=0.023m T=21.62N z=6.639 m_est=2.208
[INFO] [1789400753.755058188] [acados_nmpc_node]: [attach-window] t=38.75s pos_err=0.032m T=21.61N z=6.637 m_est=2.208
[INFO] [1789400753.810488848] [acados_nmpc_node]: [attach-window] t=38.80s pos_err=0.023m T=21.63N z=6.632 m_est=2.208
[INFO] [1789400753.842698727] [acados_nmpc_node]: [wcmd] raw=[-0.011,-0.016,-0.453] w=[-0.000,-0.007,-0.467] err=[-0.011,-0.009] scaled=[-0.034,-0.036] s=3.05
[INFO] [1789400753.855142812] [acados_nmpc_node]: [attach-window] t=38.85s pos_err=0.031m T=21.62N z=6.630 m_est=2.208
[INFO] [1789400753.909874340] [acados_nmpc_node]: [attach-window] t=38.90s pos_err=0.024m T=21.62N z=6.625 m_est=2.208
[INFO] [1789400753.955063311] [acados_nmpc_node]: [attach-window] t=38.95s pos_err=0.031m T=21.61N z=6.623 m_est=2.208
[INFO] [1789400754.007980237] [acados_nmpc_node]: [attach-window] t=39.00s pos_err=0.027m T=21.61N z=6.619 m_est=2.208
[INFO] [1789400754.042553960] [acados_nmpc_node]: [wcmd] raw=[-0.008,-0.028,-0.442] w=[-0.022,-0.026,-0.480] err=[+0.014,-0.002] scaled=[+0.020,-0.032] s=3.05
[INFO] [1789400754.054297075] [acados_nmpc_node]: [attach-window] t=39.05s pos_err=0.034m T=21.59N z=6.617 m_est=2.208
[INFO] [1789400754.110411149] [acados_nmpc_node]: [attach-window] t=39.10s pos_err=0.029m T=21.60N z=6.613 m_est=2.208
[INFO] [1789400754.155116841] [acados_nmpc_node]: [attach-window] t=39.15s pos_err=0.036m T=21.59N z=6.611 m_est=2.208
[INFO] [1789400754.210054410] [acados_nmpc_node]: [attach-window] t=39.20s pos_err=0.028m T=21.61N z=6.606 m_est=2.208
[INFO] [1789400754.242699044] [acados_nmpc_node]: [wcmd] raw=[+0.015,-0.037,-0.425] w=[+0.012,+0.024,-0.458] err=[+0.003,-0.061] scaled=[+0.022,-0.161] s=3.05
[INFO] [1789400754.254770500] [acados_nmpc_node]: [attach-window] t=39.25s pos_err=0.032m T=21.60N z=6.603 m_est=2.208
[INFO] [1789400754.310383276] [acados_nmpc_node]: [attach-window] t=39.30s pos_err=0.029m T=21.60N z=6.599 m_est=2.208
[INFO] [1789400754.354908190] [acados_nmpc_node]: [attach-window] t=39.35s pos_err=0.032m T=21.59N z=6.597 m_est=2.208
[INFO] [1789400754.409968834] [acados_nmpc_node]: [attach-window] t=39.40s pos_err=0.027m T=21.61N z=6.591 m_est=2.208
[INFO] [1789400754.442690127] [acados_nmpc_node]: [wcmd] raw=[+0.011,-0.029,-0.399] w=[+0.020,-0.026,-0.463] err=[-0.009,-0.003] scaled=[-0.006,-0.034] s=3.05
[INFO] [1789400754.454706834] [acados_nmpc_node]: [attach-window] t=39.45s pos_err=0.027m T=21.60N z=6.589 m_est=2.207
[INFO] [1789400754.510208161] [acados_nmpc_node]: [attach-window] t=39.50s pos_err=0.027m T=21.62N z=6.584 m_est=2.207
[INFO] [1789400754.554807913] [acados_nmpc_node]: [attach-window] t=39.55s pos_err=0.023m T=21.61N z=6.581 m_est=2.207
[INFO] [1789400754.609955930] [acados_nmpc_node]: [attach-window] t=39.60s pos_err=0.023m T=21.62N z=6.576 m_est=2.207
[INFO] [1789400754.642606542] [acados_nmpc_node]: [wcmd] raw=[+0.016,-0.018,-0.367] w=[+0.014,-0.043,-0.447] err=[+0.003,+0.025] scaled=[+0.021,+0.033] s=3.05
[INFO] [1789400754.654712574] [acados_nmpc_node]: [attach-window] t=39.65s pos_err=0.020m T=21.60N z=6.574 m_est=2.207
[INFO] [1789400754.709875102] [acados_nmpc_node]: [attach-window] t=39.70s pos_err=0.020m T=21.61N z=6.569 m_est=2.207
[INFO] [1789400754.754803400] [acados_nmpc_node]: [attach-window] t=39.75s pos_err=0.018m T=21.59N z=6.567 m_est=2.207
[INFO] [1789400754.810293797] [acados_nmpc_node]: [attach-window] t=39.80s pos_err=0.019m T=21.61N z=6.561 m_est=2.207
[INFO] [1789400754.842799531] [acados_nmpc_node]: [wcmd] raw=[+0.007,-0.022,-0.336] w=[+0.020,+0.056,-0.389] err=[-0.013,-0.079] scaled=[-0.020,-0.184] s=3.05
[INFO] [1789400754.854846477] [acados_nmpc_node]: [attach-window] t=39.85s pos_err=0.013m T=21.61N z=6.559 m_est=2.207
[INFO] [1789400754.910299851] [acados_nmpc_node]: [attach-window] t=39.90s pos_err=0.014m T=21.60N z=6.554 m_est=2.207
[INFO] [1789400754.954937561] [acados_nmpc_node]: [attach-window] t=39.95s pos_err=0.010m T=21.59N z=6.551 m_est=2.207
[INFO] [1789400755.009799004] [acados_nmpc_node]: [attach-window] t=40.00s pos_err=0.015m T=21.61N z=6.546 m_est=2.207
[INFO] [1789400755.042672021] [acados_nmpc_node]: [wcmd] raw=[+0.001,-0.009,-0.303] w=[+0.006,-0.012,-0.385] err=[-0.004,+0.003] scaled=[-0.007,-0.002] s=3.05
[INFO] [1789400755.054740597] [acados_nmpc_node]: [attach-window] t=40.05s pos_err=0.005m T=21.59N z=6.543 m_est=2.207
[INFO] [1789400755.109885320] [acados_nmpc_node]: [attach-window] t=40.10s pos_err=0.009m T=21.59N z=6.538 m_est=2.207
[INFO] [1789400755.154813486] [acados_nmpc_node]: [attach-window] t=40.15s pos_err=0.006m T=21.58N z=6.536 m_est=2.207
[INFO] [1789400755.209753181] [acados_nmpc_node]: [attach-window] t=40.20s pos_err=0.012m T=21.58N z=6.531 m_est=2.207
[INFO] [1789400755.242731156] [acados_nmpc_node]: [wcmd] raw=[-0.005,-0.032,-0.273] w=[+0.002,-0.003,-0.349] err=[-0.007,-0.029] scaled=[-0.018,-0.092] s=3.05
[INFO] [1789400755.254893250] [acados_nmpc_node]: [attach-window] t=40.25s pos_err=0.004m T=21.56N z=6.528 m_est=2.207
[INFO] [1789400755.309975485] [acados_nmpc_node]: [attach-window] t=40.30s pos_err=0.007m T=21.56N z=6.524 m_est=2.207
[INFO] [1789400755.354792160] [acados_nmpc_node]: [attach-window] t=40.35s pos_err=0.010m T=21.55N z=6.521 m_est=2.207
[INFO] [1789400755.410313000] [acados_nmpc_node]: [attach-window] t=40.40s pos_err=0.010m T=21.58N z=6.515 m_est=2.207
[INFO] [1789400755.442564245] [acados_nmpc_node]: [wcmd] raw=[-0.015,-0.021,-0.242] w=[-0.006,+0.014,-0.310] err=[-0.009,-0.035] scaled=[-0.033,-0.092] s=3.05
[INFO] [1789400755.454787763] [acados_nmpc_node]: [attach-window] t=40.45s pos_err=0.008m T=21.58N z=6.513 m_est=2.207
[INFO] [1789400755.510011994] [acados_nmpc_node]: [attach-window] t=40.50s pos_err=0.006m T=21.58N z=6.507 m_est=2.207
[INFO] [1789400755.554743931] [acados_nmpc_node]: [attach-window] t=40.55s pos_err=0.013m T=21.57N z=6.504 m_est=2.207
[INFO] [1789400755.609896409] [acados_nmpc_node]: [attach-window] t=40.60s pos_err=0.009m T=21.60N z=6.498 m_est=2.207
[INFO] [1789400755.642658569] [acados_nmpc_node]: [wcmd] raw=[-0.018,-0.029,-0.217] w=[-0.021,-0.013,-0.284] err=[+0.002,-0.016] scaled=[-0.014,-0.062] s=3.05
[INFO] [1789400755.654751886] [acados_nmpc_node]: [attach-window] t=40.65s pos_err=0.010m T=21.59N z=6.495 m_est=2.206
[INFO] [1789400755.710235773] [acados_nmpc_node]: [attach-window] t=40.70s pos_err=0.007m T=21.59N z=6.490 m_est=2.206
[INFO] [1789400755.710712947] [acados_nmpc_node]: t=40.7s | pos_err=0.007m | T=21.59N | tau=[r-0.197 p-0.007 y0.024]Nm | res_stat=4.623e-07(peak 9.962e-07) sqp_iter=3 | solve=1.6ms
[INFO] [1789400755.710917771] [acados_nmpc_node]: [flight-diag] t=40.7s | om_scale=3.046(lo 2.966 hi 3.046) | tilt_max=3.07deg | w_max=[r0.022 p0.056 y0.480]rad/s | u_frac=[T0.692 r0.426 p0.138 y0.165] | u_sat=[T0.0 r0.0 p0.0 y0.0]% | mot_peak=0.840 mot_sat=0.0% | health=1 age=0.000s conf=0.000 | n=100
[INFO] [1789400755.754714356] [acados_nmpc_node]: [attach-window] t=40.75s pos_err=0.017m T=21.57N z=6.487 m_est=2.206
[INFO] [1789400755.810093442] [acados_nmpc_node]: [attach-window] t=40.80s pos_err=0.011m T=21.57N z=6.482 m_est=2.206
[INFO] [1789400755.842674835] [acados_nmpc_node]: [wcmd] raw=[-0.010,-0.027,-0.196] w=[-0.013,+0.012,-0.243] err=[+0.004,-0.038] scaled=[-0.003,-0.105] s=3.05
[INFO] [1789400755.854885622] [acados_nmpc_node]: [attach-window] t=40.85s pos_err=0.016m T=21.55N z=6.480 m_est=2.206
[INFO] [1789400755.910100685] [acados_nmpc_node]: [attach-window] t=40.90s pos_err=0.013m T=21.54N z=6.474 m_est=2.206
[INFO] [1789400755.954736658] [acados_nmpc_node]: [attach-window] t=40.95s pos_err=0.016m T=21.53N z=6.471 m_est=2.206
[INFO] [1789400756.010066495] [acados_nmpc_node]: [attach-window] t=41.00s pos_err=0.016m T=21.55N z=6.466 m_est=2.206
[INFO] [1789400756.042701361] [acados_nmpc_node]: [wcmd] raw=[-0.003,-0.025,-0.180] w=[-0.005,-0.013,-0.223] err=[+0.002,-0.011] scaled=[+0.002,-0.047] s=3.05
[INFO] [1789400756.054802019] [acados_nmpc_node]: [attach-window] t=41.05s pos_err=0.022m T=21.55N z=6.463 m_est=2.206
[INFO] [1789400756.110019718] [acados_nmpc_node]: [attach-window] t=41.10s pos_err=0.019m T=21.57N z=6.458 m_est=2.206
[INFO] [1789400756.154789922] [acados_nmpc_node]: [attach-window] t=41.15s pos_err=0.028m T=21.56N z=6.455 m_est=2.206
[INFO] [1789400756.210050985] [acados_nmpc_node]: [attach-window] t=41.20s pos_err=0.020m T=21.58N z=6.448 m_est=2.206
[INFO] [1789400756.242754197] [acados_nmpc_node]: [wcmd] raw=[+0.003,-0.030,-0.166] w=[+0.003,+0.034,-0.185] err=[-0.000,-0.064] scaled=[+0.003,-0.160] s=3.05
[INFO] [1789400756.254845241] [acados_nmpc_node]: [attach-window] t=41.25s pos_err=0.026m T=21.58N z=6.445 m_est=2.205
[INFO] [1789400756.310133169] [acados_nmpc_node]: [attach-window] t=41.30s pos_err=0.022m T=21.57N z=6.439 m_est=2.205
[INFO] [1789400756.354873899] [acados_nmpc_node]: [attach-window] t=41.35s pos_err=0.030m T=21.55N z=6.436 m_est=2.205
[INFO] [1789400756.410697364] [acados_nmpc_node]: [attach-window] t=41.40s pos_err=0.021m T=21.58N z=6.429 m_est=2.205
[INFO] [1789400756.442701047] [acados_nmpc_node]: [wcmd] raw=[+0.011,-0.026,-0.155] w=[+0.011,-0.016,-0.183] err=[+0.000,-0.010] scaled=[+0.012,-0.047] s=3.05
[INFO] [1789400756.454681045] [acados_nmpc_node]: [attach-window] t=41.45s pos_err=0.027m T=21.56N z=6.426 m_est=2.205
[INFO] [1789400756.509904617] [acados_nmpc_node]: [attach-window] t=41.50s pos_err=0.021m T=21.55N z=6.421 m_est=2.205
[INFO] [1789400756.554777306] [acados_nmpc_node]: [attach-window] t=41.55s pos_err=0.032m T=21.54N z=6.418 m_est=2.205
[INFO] [1789400756.609704562] [acados_nmpc_node]: [attach-window] t=41.60s pos_err=0.021m T=21.56N z=6.411 m_est=2.205
[INFO] [1789400756.642728247] [acados_nmpc_node]: [wcmd] raw=[+0.002,-0.031,-0.144] w=[+0.017,+0.004,-0.161] err=[-0.014,-0.034] scaled=[-0.027,-0.100] s=3.05
[INFO] [1789400756.654717298] [acados_nmpc_node]: [attach-window] t=41.65s pos_err=0.029m T=21.55N z=6.408 m_est=2.204
[INFO] [1789400756.710087909] [acados_nmpc_node]: [attach-window] t=41.70s pos_err=0.022m T=21.55N z=6.402 m_est=2.204
[INFO] [1789400756.754760016] [acados_nmpc_node]: [attach-window] t=41.75s pos_err=0.035m T=21.54N z=6.399 m_est=2.204
[INFO] [1789400756.809955165] [acados_nmpc_node]: [attach-window] t=41.80s pos_err=0.021m T=21.58N z=6.392 m_est=2.204
[INFO] [1789400756.842789958] [acados_nmpc_node]: [wcmd] raw=[-0.011,-0.033,-0.133] w=[-0.004,+0.009,-0.149] err=[-0.007,-0.042] scaled=[-0.025,-0.118] s=3.05
[INFO] [1789400756.854788656] [acados_nmpc_node]: [attach-window] t=41.85s pos_err=0.031m T=21.57N z=6.389 m_est=2.204
[INFO] [1789400756.910231744] [acados_nmpc_node]: [attach-window] t=41.90s pos_err=0.024m T=21.57N z=6.382 m_est=2.204
[INFO] [1789400756.954800628] [acados_nmpc_node]: [attach-window] t=41.95s pos_err=0.037m T=21.56N z=6.379 m_est=2.204
[INFO] [1789400757.010147533] [acados_nmpc_node]: [attach-window] t=42.00s pos_err=0.022m T=21.59N z=6.371 m_est=2.204
[INFO] [1789400757.042671952] [acados_nmpc_node]: [wcmd] raw=[-0.006,-0.041,-0.120] w=[-0.013,-0.012,-0.142] err=[+0.006,-0.030] scaled=[+0.007,-0.102] s=3.05
[INFO] [1789400757.054839146] [acados_nmpc_node]: [attach-window] t=42.05s pos_err=0.032m T=21.58N z=6.368 m_est=2.204
[INFO] [1789400757.107838614] [acados_nmpc_node]: [attach-window] t=42.10s pos_err=0.022m T=21.58N z=6.361 m_est=2.204
[INFO] [1789400757.154214126] [acados_nmpc_node]: [attach-window] t=42.15s pos_err=0.027m T=21.58N z=6.357 m_est=2.204
[INFO] [1789400757.207541074] [acados_nmpc_node]: [attach-window] t=42.20s pos_err=0.019m T=21.60N z=6.350 m_est=2.204
[INFO] [1789400757.242545085] [acados_nmpc_node]: [wcmd] raw=[+0.013,-0.043,-0.104] w=[+0.005,-0.033,-0.133] err=[+0.008,-0.011] scaled=[+0.029,-0.065] s=3.05
[INFO] [1789400757.254313039] [acados_nmpc_node]: [attach-window] t=42.25s pos_err=0.030m T=21.60N z=6.346 m_est=2.204
[INFO] [1789400757.307846441] [acados_nmpc_node]: [attach-window] t=42.30s pos_err=0.016m T=21.61N z=6.339 m_est=2.204
[INFO] [1789400757.354719096] [acados_nmpc_node]: [attach-window] t=42.35s pos_err=0.024m T=21.59N z=6.335 m_est=2.204
[INFO] [1789400757.409940891] [acados_nmpc_node]: [attach-window] t=42.40s pos_err=0.013m T=21.58N z=6.329 m_est=2.204
[INFO] [1789400757.442657571] [acados_nmpc_node]: [wcmd] raw=[+0.018,-0.009,-0.094] w=[+0.026,-0.006,-0.107] err=[-0.008,-0.003] scaled=[+0.002,-0.014] s=3.05
[INFO] [1789400757.454683688] [acados_nmpc_node]: [attach-window] t=42.45s pos_err=0.029m T=21.56N z=6.326 m_est=2.204
[INFO] [1789400757.509916656] [acados_nmpc_node]: [attach-window] t=42.50s pos_err=0.017m T=21.58N z=6.319 m_est=2.204
[INFO] [1789400757.554810534] [acados_nmpc_node]: [attach-window] t=42.55s pos_err=0.037m T=21.56N z=6.316 m_est=2.203
[INFO] [1789400757.610192778] [acados_nmpc_node]: [attach-window] t=42.60s pos_err=0.014m T=21.59N z=6.308 m_est=2.203
[INFO] [1789400757.642641059] [acados_nmpc_node]: [wcmd] raw=[+0.005,-0.036,-0.091] w=[+0.019,+0.047,-0.083] err=[-0.014,-0.084] scaled=[-0.024,-0.207] s=3.05
[INFO] [1789400757.654637772] [acados_nmpc_node]: [attach-window] t=42.65s pos_err=0.034m T=21.58N z=6.305 m_est=2.203
[INFO] [1789400757.709835048] [acados_nmpc_node]: [attach-window] t=42.70s pos_err=0.023m T=21.57N z=6.298 m_est=2.203
[INFO] [1789400757.754746356] [acados_nmpc_node]: [attach-window] t=42.75s pos_err=0.045m T=21.55N z=6.295 m_est=2.203
[INFO] [1789400757.810161592] [acados_nmpc_node]: [attach-window] t=42.80s pos_err=0.023m T=21.56N z=6.288 m_est=2.203
[INFO] [1789400757.842683746] [acados_nmpc_node]: [wcmd] raw=[-0.004,-0.021,-0.084] w=[+0.002,-0.005,-0.094] err=[-0.007,-0.016] scaled=[-0.018,-0.054] s=3.05
[INFO] [1789400757.854769670] [acados_nmpc_node]: [attach-window] t=42.85s pos_err=0.043m T=21.55N z=6.284 m_est=2.203
[INFO] [1789400757.909920916] [acados_nmpc_node]: [attach-window] t=42.90s pos_err=0.033m T=21.55N z=6.278 m_est=2.203
[INFO] [1789400757.954772844] [acados_nmpc_node]: [attach-window] t=42.95s pos_err=0.055m T=21.54N z=6.274 m_est=2.203
[INFO] [1789400758.010477700] [acados_nmpc_node]: [attach-window] t=43.00s pos_err=0.031m T=21.57N z=6.266 m_est=2.203
[INFO] [1789400758.042688387] [acados_nmpc_node]: [wcmd] raw=[-0.023,-0.044,-0.077] w=[-0.012,-0.005,-0.088] err=[-0.011,-0.039] scaled=[-0.045,-0.124] s=3.05
[INFO] [1789400758.054950793] [acados_nmpc_node]: [attach-window] t=43.05s pos_err=0.053m T=21.56N z=6.263 m_est=2.203
[INFO] [1789400758.110005376] [acados_nmpc_node]: [attach-window] t=43.10s pos_err=0.040m T=21.57N z=6.256 m_est=2.203
[INFO] [1789400758.154832262] [acados_nmpc_node]: [attach-window] t=43.15s pos_err=0.062m T=21.56N z=6.252 m_est=2.203
[INFO] [1789400758.209833793] [acados_nmpc_node]: [attach-window] t=43.20s pos_err=0.035m T=21.60N z=6.243 m_est=2.203
[INFO] [1789400758.242672054] [acados_nmpc_node]: [wcmd] raw=[-0.028,-0.049,-0.065] w=[-0.031,+0.010,-0.074] err=[+0.004,-0.059] scaled=[-0.020,-0.169] s=3.05
[INFO] [1789400758.254749761] [acados_nmpc_node]: [attach-window] t=43.25s pos_err=0.057m T=21.60N z=6.240 m_est=2.203
[INFO] [1789400758.310131577] [acados_nmpc_node]: [attach-window] t=43.30s pos_err=0.043m T=21.60N z=6.232 m_est=2.203
[INFO] [1789400758.355000184] [acados_nmpc_node]: [attach-window] t=43.35s pos_err=0.066m T=21.58N z=6.228 m_est=2.203
[INFO] [1789400758.410388916] [acados_nmpc_node]: [attach-window] t=43.40s pos_err=0.037m T=21.61N z=6.220 m_est=2.203
[INFO] [1789400758.442760060] [acados_nmpc_node]: [wcmd] raw=[-0.007,-0.050,-0.054] w=[-0.022,-0.019,-0.071] err=[+0.015,-0.031] scaled=[+0.023,-0.113] s=3.05
[INFO] [1789400758.454723551] [acados_nmpc_node]: [attach-window] t=43.45s pos_err=0.060m T=21.61N z=6.216 m_est=2.203
[INFO] [1789400758.509794956] [acados_nmpc_node]: [attach-window] t=43.50s pos_err=0.044m T=21.59N z=6.208 m_est=2.202
[INFO] [1789400758.554740851] [acados_nmpc_node]: [attach-window] t=43.55s pos_err=0.067m T=21.58N z=6.205 m_est=2.202
[INFO] [1789400758.609894821] [acados_nmpc_node]: [attach-window] t=43.60s pos_err=0.051m T=21.59N z=6.198 m_est=2.202
[INFO] [1789400758.642737991] [acados_nmpc_node]: [wcmd] raw=[+0.001,-0.022,-0.049] w=[-0.000,-0.029,-0.060] err=[+0.001,+0.007] scaled=[+0.004,-0.008] s=3.05
[INFO] [1789400758.654658021] [acados_nmpc_node]: [attach-window] t=43.65s pos_err=0.060m T=21.58N z=6.193 m_est=2.202
[INFO] [1789400758.709752789] [acados_nmpc_node]: [attach-window] t=43.70s pos_err=0.042m T=21.59N z=6.186 m_est=2.202
[INFO] [1789400758.754846133] [acados_nmpc_node]: [attach-window] t=43.75s pos_err=0.066m T=21.60N z=6.182 m_est=2.202
[INFO] [1789400758.810041281] [acados_nmpc_node]: [attach-window] t=43.80s pos_err=0.034m T=21.62N z=6.173 m_est=2.202
[INFO] [1789400758.842688357] [acados_nmpc_node]: [wcmd] raw=[-0.006,-0.084,-0.042] w=[-0.000,-0.046,-0.057] err=[-0.005,-0.037] scaled=[-0.016,-0.160] s=3.05
[INFO] [1789400758.854714941] [acados_nmpc_node]: [attach-window] t=43.85s pos_err=0.057m T=21.61N z=6.169 m_est=2.202
[INFO] [1789400758.909971893] [acados_nmpc_node]: [attach-window] t=43.90s pos_err=0.040m T=21.61N z=6.161 m_est=2.202
[INFO] [1789400758.954762101] [acados_nmpc_node]: [attach-window] t=43.95s pos_err=0.065m T=21.59N z=6.157 m_est=2.202
[INFO] [1789400759.010043801] [acados_nmpc_node]: [attach-window] t=44.00s pos_err=0.048m T=21.62N z=6.149 m_est=2.202
[INFO] [1789400759.042810625] [acados_nmpc_node]: [wcmd] raw=[-0.007,+0.008,-0.032] w=[-0.007,+0.014,-0.026] err=[-0.000,-0.006] scaled=[-0.008,-0.003] s=3.05
[INFO] [1789400759.054826838] [acados_nmpc_node]: [attach-window] t=44.05s pos_err=0.057m T=21.61N z=6.144 m_est=2.202
[INFO] [1789400759.109689231] [acados_nmpc_node]: [attach-window] t=44.10s pos_err=0.040m T=21.64N z=6.136 m_est=2.202
[INFO] [1789400759.154665531] [acados_nmpc_node]: [attach-window] t=44.15s pos_err=0.066m T=21.64N z=6.132 m_est=2.202
[INFO] [1789400759.210246698] [acados_nmpc_node]: [attach-window] t=44.20s pos_err=0.051m T=21.66N z=6.123 m_est=2.202
[INFO] [1789400759.242666606] [acados_nmpc_node]: [wcmd] raw=[-0.014,-0.033,-0.035] w=[-0.013,-0.064,-0.049] err=[-0.001,+0.030] scaled=[-0.016,+0.029] s=3.05
[INFO] [1789400759.254695968] [acados_nmpc_node]: [attach-window] t=44.25s pos_err=0.061m T=21.65N z=6.118 m_est=2.202
[INFO] [1789400759.309963254] [acados_nmpc_node]: [attach-window] t=44.30s pos_err=0.046m T=21.67N z=6.110 m_est=2.202
[INFO] [1789400759.354817794] [acados_nmpc_node]: [attach-window] t=44.35s pos_err=0.071m T=21.66N z=6.106 m_est=2.202
[INFO] [1789400759.410071704] [acados_nmpc_node]: [attach-window] t=44.40s pos_err=0.056m T=21.68N z=6.098 m_est=2.202
[INFO] [1789400759.442818830] [acados_nmpc_node]: [wcmd] raw=[-0.011,-0.005,-0.027] w=[-0.016,+0.035,-0.014] err=[+0.005,-0.040] scaled=[-0.001,-0.087] s=3.05
[INFO] [1789400759.454740179] [acados_nmpc_node]: [attach-window] t=44.45s pos_err=0.066m T=21.67N z=6.093 m_est=2.202
[INFO] [1789400759.510094167] [acados_nmpc_node]: [attach-window] t=44.50s pos_err=0.052m T=21.68N z=6.085 m_est=2.202
[INFO] [1789400759.554822007] [acados_nmpc_node]: [attach-window] t=44.55s pos_err=0.077m T=21.68N z=6.080 m_est=2.202
[INFO] [1789400759.610324493] [acados_nmpc_node]: [attach-window] t=44.60s pos_err=0.062m T=21.70N z=6.072 m_est=2.202
[INFO] [1789400759.642743499] [acados_nmpc_node]: [wcmd] raw=[-0.011,-0.020,-0.026] w=[-0.011,-0.050,-0.038] err=[+0.000,+0.030] scaled=[-0.011,+0.042] s=3.05
[INFO] [1789400759.654754182] [acados_nmpc_node]: [attach-window] t=44.65s pos_err=0.072m T=21.68N z=6.067 m_est=2.202
[INFO] [1789400759.709947374] [acados_nmpc_node]: [attach-window] t=44.70s pos_err=0.057m T=21.68N z=6.060 m_est=2.202
[INFO] [1789400759.754718400] [acados_nmpc_node]: [attach-window] t=44.75s pos_err=0.082m T=21.67N z=6.056 m_est=2.202
[INFO] [1789400759.810217742] [acados_nmpc_node]: [attach-window] t=44.80s pos_err=0.052m T=21.66N z=6.047 m_est=2.202
[INFO] [1789400759.842676266] [acados_nmpc_node]: [wcmd] raw=[+0.009,-0.077,-0.018] w=[-0.006,-0.012,-0.022] err=[+0.015,-0.065] scaled=[+0.039,-0.209] s=3.05
[INFO] [1789400759.854779174] [acados_nmpc_node]: [attach-window] t=44.85s pos_err=0.076m T=21.65N z=6.044 m_est=2.203
[INFO] [1789400759.910063702] [acados_nmpc_node]: [attach-window] t=44.90s pos_err=0.060m T=21.64N z=6.036 m_est=2.203
[INFO] [1789400759.954779907] [acados_nmpc_node]: [attach-window] t=44.95s pos_err=0.084m T=21.61N z=6.033 m_est=2.203
[INFO] [1789400760.010372442] [acados_nmpc_node]: [attach-window] t=45.00s pos_err=0.068m T=21.61N z=6.026 m_est=2.203
[INFO] [1789400760.042704713] [acados_nmpc_node]: [wcmd] raw=[+0.017,+0.002,-0.007] w=[+0.023,+0.007,-0.007] err=[-0.007,-0.005] scaled=[+0.003,-0.007] s=3.05
[INFO] [1789400760.054859038] [acados_nmpc_node]: [attach-window] t=45.05s pos_err=0.077m T=21.59N z=6.021 m_est=2.203
[INFO] [1789400760.110062139] [acados_nmpc_node]: [attach-window] t=45.10s pos_err=0.060m T=21.58N z=6.015 m_est=2.203
[INFO] [1789400760.154877645] [acados_nmpc_node]: [attach-window] t=45.15s pos_err=0.085m T=21.58N z=6.011 m_est=2.204
[INFO] [1789400760.210155537] [acados_nmpc_node]: [attach-window] t=45.20s pos_err=0.068m T=21.58N z=6.004 m_est=2.204
[INFO] [1789400760.242680894] [acados_nmpc_node]: [wcmd] raw=[-0.006,-0.049,-0.004] w=[+0.006,-0.068,-0.028] err=[-0.012,+0.019] scaled=[-0.030,-0.011] s=3.05
[INFO] [1789400760.254893564] [acados_nmpc_node]: [attach-window] t=45.25s pos_err=0.077m T=21.56N z=6.000 m_est=2.204
[INFO] [1789400760.309898689] [acados_nmpc_node]: [attach-window] t=45.30s pos_err=0.060m T=21.58N z=5.994 m_est=2.204
[INFO] [1789400760.354833493] [acados_nmpc_node]: [attach-window] t=45.35s pos_err=0.085m T=21.57N z=5.990 m_est=2.204
[INFO] [1789400760.410179243] [acados_nmpc_node]: [attach-window] t=45.40s pos_err=0.067m T=21.58N z=5.983 m_est=2.204
[INFO] [1789400760.442667533] [acados_nmpc_node]: [wcmd] raw=[-0.010,-0.025,+0.009] w=[-0.016,-0.003,+0.002] err=[+0.006,-0.022] scaled=[+0.001,-0.071] s=3.05
[INFO] [1789400760.454724179] [acados_nmpc_node]: [attach-window] t=45.45s pos_err=0.077m T=21.57N z=5.979 m_est=2.204
[INFO] [1789400760.509874644] [acados_nmpc_node]: [attach-window] t=45.50s pos_err=0.060m T=21.58N z=5.973 m_est=2.204
[INFO] [1789400760.554750621] [acados_nmpc_node]: [attach-window] t=45.55s pos_err=0.085m T=21.57N z=5.969 m_est=2.204
[INFO] [1789400760.610851240] [acados_nmpc_node]: [attach-window] t=45.60s pos_err=0.069m T=21.58N z=5.963 m_est=2.205
[INFO] [1789400760.642700708] [acados_nmpc_node]: [wcmd] raw=[-0.011,-0.024,+0.015] w=[-0.009,-0.040,-0.001] err=[-0.002,+0.016] scaled=[-0.014,+0.009] s=3.05
[INFO] [1789400760.654863905] [acados_nmpc_node]: [attach-window] t=45.65s pos_err=0.077m T=21.56N z=5.959 m_est=2.205
[INFO] [1789400760.710299050] [acados_nmpc_node]: [attach-window] t=45.70s pos_err=0.060m T=21.58N z=5.952 m_est=2.205
[INFO] [1789400760.710796623] [acados_nmpc_node]: t=45.7s | pos_err=0.060m | T=21.58N | tau=[r-0.187 p-0.013 y0.002]Nm | res_stat=4.282e-07(peak 9.962e-07) sqp_iter=3 | solve=1.6ms
[INFO] [1789400760.711000350] [acados_nmpc_node]: [flight-diag] t=45.7s | om_scale=3.046(lo 3.046 hi 3.046) | tilt_max=3.06deg | w_max=[r0.034 p0.073 y0.266]rad/s | u_frac=[T0.692 r0.423 p0.211 y0.105] | u_sat=[T0.0 r0.0 p0.0 y0.0]% | mot_peak=0.847 mot_sat=0.0% | health=1 age=0.000s conf=0.000 | n=100
[INFO] [1789400760.754957041] [acados_nmpc_node]: [attach-window] t=45.75s pos_err=0.085m T=21.57N z=5.949 m_est=2.204
[INFO] [1789400760.810997903] [acados_nmpc_node]: [attach-window] t=45.80s pos_err=0.052m T=21.58N z=5.941 m_est=2.204
[INFO] [1789400760.842755821] [acados_nmpc_node]: [wcmd] raw=[-0.006,-0.072,+0.021] w=[-0.014,-0.013,+0.015] err=[+0.007,-0.059] scaled=[+0.009,-0.194] s=3.05
[INFO] [1789400760.854945669] [acados_nmpc_node]: [attach-window] t=45.85s pos_err=0.076m T=21.57N z=5.938 m_est=2.204
[INFO] [1789400760.910451274] [acados_nmpc_node]: [attach-window] t=45.90s pos_err=0.058m T=21.57N z=5.931 m_est=2.204
[INFO] [1789400760.955077185] [acados_nmpc_node]: [attach-window] t=45.95s pos_err=0.082m T=21.54N z=5.927 m_est=2.204
[INFO] [1789400761.010441918] [acados_nmpc_node]: [attach-window] t=46.00s pos_err=0.064m T=21.57N z=5.920 m_est=2.204
[INFO] [1789400761.042730814] [acados_nmpc_node]: [wcmd] raw=[-0.001,-0.003,+0.030] w=[-0.001,-0.009,+0.026] err=[-0.000,+0.006] scaled=[-0.001,+0.010] s=3.05
[INFO] [1789400761.054902760] [acados_nmpc_node]: [attach-window] t=46.05s pos_err=0.073m T=21.56N z=5.916 m_est=2.204
[INFO] [1789400761.110189592] [acados_nmpc_node]: [attach-window] t=46.10s pos_err=0.055m T=21.58N z=5.909 m_est=2.204
[INFO] [1789400761.154772835] [acados_nmpc_node]: [attach-window] t=46.15s pos_err=0.079m T=21.57N z=5.906 m_est=2.204
[INFO] [1789400761.210316823] [acados_nmpc_node]: [attach-window] t=46.20s pos_err=0.062m T=21.59N z=5.899 m_est=2.204
[INFO] [1789400761.242685432] [acados_nmpc_node]: [wcmd] raw=[-0.012,-0.045,+0.031] w=[-0.006,-0.054,+0.015] err=[-0.006,+0.010] scaled=[-0.024,-0.025] s=3.05
[INFO] [1789400761.254745859] [acados_nmpc_node]: [attach-window] t=46.25s pos_err=0.070m T=21.58N z=5.894 m_est=2.204
[INFO] [1789400761.309903203] [acados_nmpc_node]: [attach-window] t=46.30s pos_err=0.052m T=21.61N z=5.887 m_est=2.203
[INFO] [1789400761.354882835] [acados_nmpc_node]: [attach-window] t=46.35s pos_err=0.077m T=21.60N z=5.883 m_est=2.203
[INFO] [1789400761.409992698] [acados_nmpc_node]: [attach-window] t=46.40s pos_err=0.059m T=21.63N z=5.875 m_est=2.203
[INFO] [1789400761.442681570] [acados_nmpc_node]: [wcmd] raw=[-0.017,-0.021,+0.041] w=[-0.020,-0.002,+0.037] err=[+0.004,-0.019] scaled=[-0.009,-0.059] s=3.05
[INFO] [1789400761.454729410] [acados_nmpc_node]: [attach-window] t=46.45s pos_err=0.068m T=21.62N z=5.871 m_est=2.203
[INFO] [1789400761.510270391] [acados_nmpc_node]: [attach-window] t=46.50s pos_err=0.052m T=21.65N z=5.863 m_est=2.203
[INFO] [1789400761.554837378] [acados_nmpc_node]: [attach-window] t=46.55s pos_err=0.075m T=21.64N z=5.859 m_est=2.203
[INFO] [1789400761.610268598] [acados_nmpc_node]: [attach-window] t=46.60s pos_err=0.044m T=21.65N z=5.851 m_est=2.203
[INFO] [1789400761.642678348] [acados_nmpc_node]: [wcmd] raw=[-0.013,-0.064,+0.046] w=[-0.017,-0.041,+0.031] err=[+0.004,-0.022] scaled=[-0.004,-0.110] s=3.05
[INFO] [1789400761.654775372] [acados_nmpc_node]: [attach-window] t=46.65s pos_err=0.067m T=21.62N z=5.848 m_est=2.203
[INFO] [1789400761.710681730] [acados_nmpc_node]: [attach-window] t=46.70s pos_err=0.053m T=21.62N z=5.841 m_est=2.203
[INFO] [1789400761.754901266] [acados_nmpc_node]: [attach-window] t=46.75s pos_err=0.061m T=21.60N z=5.836 m_est=2.203
[INFO] [1789400761.810488408] [acados_nmpc_node]: [attach-window] t=46.80s pos_err=0.048m T=21.63N z=5.829 m_est=2.203
[INFO] [1789400761.842682322] [acados_nmpc_node]: [wcmd] raw=[-0.010,-0.033,+0.056] w=[-0.015,+0.010,+0.054] err=[+0.005,-0.043] scaled=[+0.000,-0.120] s=3.05
[INFO] [1789400761.854333561] [acados_nmpc_node]: [attach-window] t=46.85s pos_err=0.070m T=21.62N z=5.826 m_est=2.203
[INFO] [1789400761.907763669] [acados_nmpc_node]: [attach-window] t=46.90s pos_err=0.052m T=21.64N z=5.819 m_est=2.203
[INFO] [1789400761.954409060] [acados_nmpc_node]: [attach-window] t=46.95s pos_err=0.064m T=21.63N z=5.814 m_est=2.203
[INFO] [1789400762.007901455] [acados_nmpc_node]: [attach-window] t=47.00s pos_err=0.048m T=21.64N z=5.807 m_est=2.203
[INFO] [1789400762.042593827] [acados_nmpc_node]: [wcmd] raw=[+0.002,-0.041,+0.063] w=[-0.006,-0.004,+0.057] err=[+0.009,-0.037] scaled=[+0.020,-0.117] s=3.05
[INFO] [1789400762.054487783] [acados_nmpc_node]: [attach-window] t=47.05s pos_err=0.072m T=21.62N z=5.804 m_est=2.204
[INFO] [1789400762.108134222] [acados_nmpc_node]: [attach-window] t=47.10s pos_err=0.056m T=21.62N z=5.797 m_est=2.204
[INFO] [1789400762.155153921] [acados_nmpc_node]: [attach-window] t=47.15s pos_err=0.080m T=21.58N z=5.794 m_est=2.204
[INFO] [1789400762.210063020] [acados_nmpc_node]: [attach-window] t=47.20s pos_err=0.065m T=21.59N z=5.787 m_est=2.204
[INFO] [1789400762.242716301] [acados_nmpc_node]: [wcmd] raw=[+0.009,+0.004,+0.072] w=[+0.006,+0.031,+0.073] err=[+0.003,-0.027] scaled=[+0.016,-0.050] s=3.05
[INFO] [1789400762.254792476] [acados_nmpc_node]: [attach-window] t=47.25s pos_err=0.073m T=21.58N z=5.783 m_est=2.204
[INFO] [1789400762.309768756] [acados_nmpc_node]: [attach-window] t=47.30s pos_err=0.058m T=21.60N z=5.777 m_est=2.204
[INFO] [1789400762.354996527] [acados_nmpc_node]: [attach-window] t=47.35s pos_err=0.080m T=21.59N z=5.773 m_est=2.204
[INFO] [1789400762.410323964] [acados_nmpc_node]: [attach-window] t=47.40s pos_err=0.065m T=21.60N z=5.767 m_est=2.204
[INFO] [1789400762.442663692] [acados_nmpc_node]: [wcmd] raw=[+0.019,-0.042,+0.079] w=[+0.020,-0.063,+0.048] err=[-0.001,+0.021] scaled=[+0.017,+0.002] s=3.05
[INFO] [1789400762.455272399] [acados_nmpc_node]: [attach-window] t=47.45s pos_err=0.073m T=21.58N z=5.763 m_est=2.204
[INFO] [1789400762.510086924] [acados_nmpc_node]: [attach-window] t=47.50s pos_err=0.058m T=21.60N z=5.756 m_est=2.205
[INFO] [1789400762.555372800] [acados_nmpc_node]: [attach-window] t=47.55s pos_err=0.080m T=21.58N z=5.753 m_est=2.205
[INFO] [1789400762.610171019] [acados_nmpc_node]: [attach-window] t=47.60s pos_err=0.064m T=21.60N z=5.747 m_est=2.205
[INFO] [1789400762.642689024] [acados_nmpc_node]: [wcmd] raw=[+0.002,-0.028,+0.097] w=[+0.016,+0.001,+0.079] err=[-0.014,-0.029] scaled=[-0.026,-0.087] s=3.05
[INFO] [1789400762.655349898] [acados_nmpc_node]: [attach-window] t=47.65s pos_err=0.072m T=21.59N z=5.742 m_est=2.205
[INFO] [1789400762.707866072] [acados_nmpc_node]: [attach-window] t=47.70s pos_err=0.055m T=21.62N z=5.736 m_est=2.205
[INFO] [1789400762.754359795] [acados_nmpc_node]: [attach-window] t=47.75s pos_err=0.080m T=21.60N z=5.732 m_est=2.205
[INFO] [1789400762.807711364] [acados_nmpc_node]: [attach-window] t=47.80s pos_err=0.063m T=21.64N z=5.725 m_est=2.205
[INFO] [1789400762.842669486] [acados_nmpc_node]: [wcmd] raw=[-0.015,-0.023,+0.110] w=[-0.010,-0.045,+0.075] err=[-0.005,+0.022] scaled=[-0.025,+0.022] s=3.05
[INFO] [1789400762.854907293] [acados_nmpc_node]: [attach-window] t=47.85s pos_err=0.074m T=21.62N z=5.721 m_est=2.205
[INFO] [1789400762.909820030] [acados_nmpc_node]: [attach-window] t=47.90s pos_err=0.060m T=21.64N z=5.714 m_est=2.205
[INFO] [1789400762.954892380] [acados_nmpc_node]: [attach-window] t=47.95s pos_err=0.082m T=21.62N z=5.711 m_est=2.205
[INFO] [1789400763.010411003] [acados_nmpc_node]: [attach-window] t=48.00s pos_err=0.069m T=21.64N z=5.704 m_est=2.205
[INFO] [1789400763.042678727] [acados_nmpc_node]: [wcmd] raw=[-0.023,-0.017,+0.124] w=[-0.026,+0.007,+0.106] err=[+0.003,-0.024] scaled=[-0.016,-0.066] s=3.05
[INFO] [1789400763.055001719] [acados_nmpc_node]: [attach-window] t=48.05s pos_err=0.077m T=21.62N z=5.700 m_est=2.204
[INFO] [1789400763.109901662] [acados_nmpc_node]: [attach-window] t=48.10s pos_err=0.063m T=21.64N z=5.693 m_est=2.204
[INFO] [1789400763.155063018] [acados_nmpc_node]: [attach-window] t=48.15s pos_err=0.084m T=21.62N z=5.690 m_est=2.204
[INFO] [1789400763.210507266] [acados_nmpc_node]: [attach-window] t=48.20s pos_err=0.057m T=21.64N z=5.683 m_est=2.204
[INFO] [1789400763.242664262] [acados_nmpc_node]: [wcmd] raw=[-0.014,-0.057,+0.135] w=[-0.024,-0.027,+0.108] err=[+0.009,-0.030] scaled=[+0.005,-0.118] s=3.05
[INFO] [1789400763.254939917] [acados_nmpc_node]: [attach-window] t=48.25s pos_err=0.077m T=21.61N z=5.680 m_est=2.204
[INFO] [1789400763.309925134] [acados_nmpc_node]: [attach-window] t=48.30s pos_err=0.062m T=21.60N z=5.674 m_est=2.204
[INFO] [1789400763.355128256] [acados_nmpc_node]: [attach-window] t=48.35s pos_err=0.069m T=21.58N z=5.670 m_est=2.204
[INFO] [1789400763.410356960] [acados_nmpc_node]: [attach-window] t=48.40s pos_err=0.067m T=21.59N z=5.664 m_est=2.204
[INFO] [1789400763.442628598] [acados_nmpc_node]: [wcmd] raw=[-0.008,-0.020,+0.153] w=[-0.012,-0.024,+0.125] err=[+0.004,+0.004] scaled=[+0.001,-0.012] s=3.05
[INFO] [1789400763.455007749] [acados_nmpc_node]: [attach-window] t=48.45s pos_err=0.073m T=21.59N z=5.660 m_est=2.204
[INFO] [1789400763.509807085] [acados_nmpc_node]: [attach-window] t=48.50s pos_err=0.058m T=21.64N z=5.653 m_est=2.204
[INFO] [1789400763.555130473] [acados_nmpc_node]: [attach-window] t=48.55s pos_err=0.078m T=21.64N z=5.650 m_est=2.204
[INFO] [1789400763.610256456] [acados_nmpc_node]: [attach-window] t=48.60s pos_err=0.063m T=21.67N z=5.643 m_est=2.204
[INFO] [1789400763.642715519] [acados_nmpc_node]: [wcmd] raw=[+0.003,-0.030,+0.170] w=[-0.002,-0.012,+0.144] err=[+0.006,-0.018] scaled=[+0.015,-0.066] s=3.05
[INFO] [1789400763.655089167] [acados_nmpc_node]: [attach-window] t=48.65s pos_err=0.069m T=21.67N z=5.638 m_est=2.204
[INFO] [1789400763.710052075] [acados_nmpc_node]: [attach-window] t=48.70s pos_err=0.055m T=21.70N z=5.631 m_est=2.204
[INFO] [1789400763.755008773] [acados_nmpc_node]: [attach-window] t=48.75s pos_err=0.074m T=21.68N z=5.628 m_est=2.204
[INFO] [1789400763.810574964] [acados_nmpc_node]: [attach-window] t=48.80s pos_err=0.061m T=21.70N z=5.621 m_est=2.204
[INFO] [1789400763.842713290] [acados_nmpc_node]: [wcmd] raw=[+0.005,-0.020,+0.188] w=[+0.012,-0.029,+0.155] err=[-0.007,+0.009] scaled=[-0.008,-0.001] s=3.05
[INFO] [1789400763.854993740] [acados_nmpc_node]: [attach-window] t=48.85s pos_err=0.067m T=21.69N z=5.616 m_est=2.205
[INFO] [1789400763.910003376] [acados_nmpc_node]: [attach-window] t=48.90s pos_err=0.055m T=21.72N z=5.609 m_est=2.205
[INFO] [1789400763.954969355] [acados_nmpc_node]: [attach-window] t=48.95s pos_err=0.062m T=21.73N z=5.604 m_est=2.205
[INFO] [1789400764.010331767] [acados_nmpc_node]: [attach-window] t=49.00s pos_err=0.050m T=21.75N z=5.597 m_est=2.205
[INFO] [1789400764.042658708] [acados_nmpc_node]: [wcmd] raw=[-0.007,-0.038,+0.204] w=[-0.003,-0.016,+0.175] err=[-0.004,-0.021] scaled=[-0.015,-0.081] s=3.05
[INFO] [1789400764.054955276] [acados_nmpc_node]: [attach-window] t=49.05s pos_err=0.068m T=21.73N z=5.593 m_est=2.205
[INFO] [1789400764.110302716] [acados_nmpc_node]: [attach-window] t=49.10s pos_err=0.057m T=21.74N z=5.586 m_est=2.205
[INFO] [1789400764.155026856] [acados_nmpc_node]: [attach-window] t=49.15s pos_err=0.064m T=21.72N z=5.582 m_est=2.205
[INFO] [1789400764.210435639] [acados_nmpc_node]: [attach-window] t=49.20s pos_err=0.063m T=21.71N z=5.576 m_est=2.205
[INFO] [1789400764.242666706] [acados_nmpc_node]: [wcmd] raw=[-0.007,+0.006,+0.228] w=[-0.012,+0.031,+0.206] err=[+0.005,-0.026] scaled=[+0.002,-0.047] s=3.05
[INFO] [1789400764.254924142] [acados_nmpc_node]: [attach-window] t=49.25s pos_err=0.070m T=21.70N z=5.572 m_est=2.205
[INFO] [1789400764.310006779] [acados_nmpc_node]: [attach-window] t=49.30s pos_err=0.059m T=21.71N z=5.566 m_est=2.206
[INFO] [1789400764.355005155] [acados_nmpc_node]: [attach-window] t=49.35s pos_err=0.075m T=21.69N z=5.563 m_est=2.206
[INFO] [1789400764.410483815] [acados_nmpc_node]: [attach-window] t=49.40s pos_err=0.065m T=21.70N z=5.557 m_est=2.206
[INFO] [1789400764.442692190] [acados_nmpc_node]: [wcmd] raw=[+0.001,-0.024,+0.250] w=[+0.001,-0.024,+0.205] err=[-0.000,+0.000] scaled=[+0.000,-0.023] s=3.05
[INFO] [1789400764.455257286] [acados_nmpc_node]: [attach-window] t=49.45s pos_err=0.071m T=21.69N z=5.553 m_est=2.206
[INFO] [1789400764.510333186] [acados_nmpc_node]: [attach-window] t=49.50s pos_err=0.061m T=21.73N z=5.546 m_est=2.206
[INFO] [1789400764.555039778] [acados_nmpc_node]: [attach-window] t=49.55s pos_err=0.076m T=21.72N z=5.542 m_est=2.206
[INFO] [1789400764.610346090] [acados_nmpc_node]: [attach-window] t=49.60s pos_err=0.067m T=21.75N z=5.535 m_est=2.207
[INFO] [1789400764.642668039] [acados_nmpc_node]: [wcmd] raw=[+0.002,-0.024,+0.280] w=[+0.006,-0.013,+0.231] err=[-0.004,-0.011] scaled=[-0.005,-0.047] s=3.05
[INFO] [1789400764.655014774] [acados_nmpc_node]: [attach-window] t=49.65s pos_err=0.072m T=21.74N z=5.531 m_est=2.207
[INFO] [1789400764.710004900] [acados_nmpc_node]: [attach-window] t=49.70s pos_err=0.062m T=21.77N z=5.524 m_est=2.207
[INFO] [1789400764.754941703] [acados_nmpc_node]: [attach-window] t=49.75s pos_err=0.076m T=21.75N z=5.521 m_est=2.207
[INFO] [1789400764.810312333] [acados_nmpc_node]: [attach-window] t=49.80s pos_err=0.067m T=21.76N z=5.514 m_est=2.207
[INFO] [1789400764.842665149] [acados_nmpc_node]: [wcmd] raw=[-0.020,-0.016,+0.310] w=[-0.007,-0.018,+0.256] err=[-0.013,+0.002] scaled=[-0.047,-0.012] s=3.05
[INFO] [1789400764.854953030] [acados_nmpc_node]: [attach-window] t=49.85s pos_err=0.072m T=21.74N z=5.510 m_est=2.207
[INFO] [1789400764.910346719] [acados_nmpc_node]: [attach-window] t=49.90s pos_err=0.063m T=21.75N z=5.504 m_est=2.208
[INFO] [1789400764.955108974] [acados_nmpc_node]: [attach-window] t=49.95s pos_err=0.067m T=21.73N z=5.501 m_est=2.208
[INFO] [1789400765.010326953] [acados_nmpc_node]: [attach-window] t=50.00s pos_err=0.066m T=21.71N z=5.496 m_est=2.208
[INFO] [1789400765.042689897] [acados_nmpc_node]: [wcmd] raw=[-0.021,-0.012,+0.339] w=[-0.027,-0.015,+0.284] err=[+0.006,+0.003] scaled=[-0.008,-0.006] s=3.05
[INFO] [1789400765.054954624] [acados_nmpc_node]: [attach-window] t=50.05s pos_err=0.071m T=21.69N z=5.493 m_est=2.208
[INFO] [1789400765.110082085] [acados_nmpc_node]: [attach-window] t=50.10s pos_err=0.062m T=21.69N z=5.488 m_est=2.208
[INFO] [1789400765.154979766] [acados_nmpc_node]: [attach-window] t=50.15s pos_err=0.075m T=21.65N z=5.486 m_est=2.208
[INFO] [1789400765.210359558] [acados_nmpc_node]: [attach-window] t=50.20s pos_err=0.068m T=21.65N z=5.481 m_est=2.209
[INFO] [1789400765.242650149] [acados_nmpc_node]: [wcmd] raw=[-0.013,+0.004,+0.368] w=[-0.020,+0.028,+0.327] err=[+0.007,-0.024] scaled=[+0.001,-0.045] s=3.05
[INFO] [1789400765.254941841] [acados_nmpc_node]: [attach-window] t=50.25s pos_err=0.073m T=21.64N z=5.478 m_est=2.209
[INFO] [1789400765.310190702] [acados_nmpc_node]: [attach-window] t=50.30s pos_err=0.065m T=21.64N z=5.474 m_est=2.209
[INFO] [1789400765.354963537] [acados_nmpc_node]: [attach-window] t=50.35s pos_err=0.079m T=21.62N z=5.471 m_est=2.209
[INFO] [1789400765.410251467] [acados_nmpc_node]: [attach-window] t=50.40s pos_err=0.071m T=21.64N z=5.467 m_est=2.209
[INFO] [1789400765.442692081] [acados_nmpc_node]: [wcmd] raw=[-0.010,-0.008,+0.390] w=[-0.011,-0.010,+0.341] err=[+0.001,+0.002] scaled=[-0.008,-0.004] s=3.05
[INFO] [1789400765.454950043] [acados_nmpc_node]: [attach-window] t=50.45s pos_err=0.076m T=21.62N z=5.464 m_est=2.209
[INFO] [1789400765.510234013] [acados_nmpc_node]: [attach-window] t=50.50s pos_err=0.068m T=21.64N z=5.459 m_est=2.209
[INFO] [1789400765.554998680] [acados_nmpc_node]: [attach-window] t=50.55s pos_err=0.080m T=21.63N z=5.457 m_est=2.209
[INFO] [1789400765.610358612] [acados_nmpc_node]: [attach-window] t=50.60s pos_err=0.071m T=21.65N z=5.452 m_est=2.209
[INFO] [1789400765.642735188] [acados_nmpc_node]: [wcmd] raw=[-0.010,-0.029,+0.420] w=[-0.013,-0.012,+0.369] err=[+0.003,-0.017] scaled=[-0.004,-0.063] s=3.05
[INFO] [1789400765.655018046] [acados_nmpc_node]: [attach-window] t=50.65s pos_err=0.075m T=21.64N z=5.449 m_est=2.209
[INFO] [1789400765.710318969] [acados_nmpc_node]: [attach-window] t=50.70s pos_err=0.066m T=21.65N z=5.445 m_est=2.209
[INFO] [1789400765.710798294] [acados_nmpc_node]: t=50.7s | pos_err=0.066m | T=21.65N | tau=[r-0.174 p0.020 y0.021]Nm | res_stat=5.357e-07(peak 9.962e-07) sqp_iter=4 | solve=1.8ms
[INFO] [1789400765.711003470] [acados_nmpc_node]: [flight-diag] t=50.7s | om_scale=3.046(lo 3.046 hi 3.046) | tilt_max=2.36deg | w_max=[r0.028 p0.063 y0.376]rad/s | u_frac=[T0.694 r0.399 p0.193 y0.118] | u_sat=[T0.0 r0.0 p0.0 y0.0]% | mot_peak=0.844 mot_sat=0.0% | health=1 age=0.000s conf=0.000 | n=100
[INFO] [1789400765.754969677] [acados_nmpc_node]: [attach-window] t=50.75s pos_err=0.070m T=21.65N z=5.442 m_est=2.209
[INFO] [1789400765.810203525] [acados_nmpc_node]: [attach-window] t=50.80s pos_err=0.067m T=21.66N z=5.437 m_est=2.209
[INFO] [1789400765.842708418] [acados_nmpc_node]: [wcmd] raw=[-0.006,-0.032,+0.446] w=[-0.006,-0.038,+0.393] err=[+0.000,+0.006] scaled=[-0.006,-0.020] s=3.05
[INFO] [1789400765.855103525] [acados_nmpc_node]: [attach-window] t=50.85s pos_err=0.070m T=21.66N z=5.434 m_est=2.209
[INFO] [1789400765.910430573] [acados_nmpc_node]: [attach-window] t=50.90s pos_err=0.060m T=21.69N z=5.429 m_est=2.209
[INFO] [1789400765.955031260] [acados_nmpc_node]: [attach-window] t=50.95s pos_err=0.070m T=21.69N z=5.426 m_est=2.209
[INFO] [1789400766.010608744] [acados_nmpc_node]: [attach-window] t=51.00s pos_err=0.060m T=21.71N z=5.421 m_est=2.209
[INFO] [1789400766.042673503] [acados_nmpc_node]: [wcmd] raw=[-0.012,-0.025,+0.468] w=[-0.012,-0.012,+0.432] err=[+0.001,-0.013] scaled=[-0.010,-0.053] s=3.05
[INFO] [1789400766.054953011] [acados_nmpc_node]: [attach-window] t=51.05s pos_err=0.063m T=21.70N z=5.417 m_est=2.208
[INFO] [1789400766.107674966] [acados_nmpc_node]: [attach-window] t=51.10s pos_err=0.051m T=21.72N z=5.412 m_est=2.208
[INFO] [1789400766.155076395] [acados_nmpc_node]: [attach-window] t=51.15s pos_err=0.064m T=21.71N z=5.410 m_est=2.208
[INFO] [1789400766.210277926] [acados_nmpc_node]: [attach-window] t=51.20s pos_err=0.054m T=21.72N z=5.404 m_est=2.208
[INFO] [1789400766.242574879] [acados_nmpc_node]: [wcmd] raw=[+0.002,-0.013,+0.477] w=[-0.005,-0.031,+0.452] err=[+0.007,+0.018] scaled=[+0.017,+0.025] s=3.05
[INFO] [1789400766.254469792] [acados_nmpc_node]: [attach-window] t=51.25s pos_err=0.058m T=21.70N z=5.401 m_est=2.208
[INFO] [1789400766.309953091] [acados_nmpc_node]: [attach-window] t=51.30s pos_err=0.049m T=21.71N z=5.396 m_est=2.208
[INFO] [1789400766.354748816] [acados_nmpc_node]: [attach-window] t=51.35s pos_err=0.052m T=21.71N z=5.393 m_est=2.208
[INFO] [1789400766.407984740] [acados_nmpc_node]: [attach-window] t=51.40s pos_err=0.050m T=21.70N z=5.389 m_est=2.208
[INFO] [1789400766.442566122] [acados_nmpc_node]: [wcmd] raw=[+0.009,-0.017,+0.468] w=[+0.013,-0.008,+0.476] err=[-0.005,-0.009] scaled=[-0.001,-0.035] s=3.05
[INFO] [1789400766.454409887] [acados_nmpc_node]: [attach-window] t=51.45s pos_err=0.055m T=21.70N z=5.386 m_est=2.208
[INFO] [1789400766.507701332] [acados_nmpc_node]: [attach-window] t=51.50s pos_err=0.045m T=21.71N z=5.382 m_est=2.208
[INFO] [1789400766.555005000] [acados_nmpc_node]: [attach-window] t=51.55s pos_err=0.057m T=21.69N z=5.379 m_est=2.208
[INFO] [1789400766.609993905] [acados_nmpc_node]: [attach-window] t=51.60s pos_err=0.049m T=21.69N z=5.375 m_est=2.208
[INFO] [1789400766.642685973] [acados_nmpc_node]: [wcmd] raw=[+0.001,-0.000,+0.462] w=[+0.009,+0.009,+0.486] err=[-0.009,-0.010] scaled=[-0.017,-0.021] s=3.05
[INFO] [1789400766.654665801] [acados_nmpc_node]: [attach-window] t=51.65s pos_err=0.053m T=21.68N z=5.372 m_est=2.208
[INFO] [1789400766.709979326] [acados_nmpc_node]: [attach-window] t=51.70s pos_err=0.044m T=21.68N z=5.368 m_est=2.208
[INFO] [1789400766.754828472] [acados_nmpc_node]: [attach-window] t=51.75s pos_err=0.054m T=21.67N z=5.366 m_est=2.208
[INFO] [1789400766.810247431] [acados_nmpc_node]: [attach-window] t=51.80s pos_err=0.046m T=21.68N z=5.362 m_est=2.208
[INFO] [1789400766.842711836] [acados_nmpc_node]: [wcmd] raw=[-0.008,-0.022,+0.441] w=[-0.004,-0.029,+0.468] err=[-0.004,+0.007] scaled=[-0.016,-0.007] s=3.05
[INFO] [1789400766.854721916] [acados_nmpc_node]: [attach-window] t=51.85s pos_err=0.049m T=21.67N z=5.359 m_est=2.208
[INFO] [1789400766.910142748] [acados_nmpc_node]: [attach-window] t=51.90s pos_err=0.041m T=21.69N z=5.355 m_est=2.208
[INFO] [1789400766.954805876] [acados_nmpc_node]: [attach-window] t=51.95s pos_err=0.044m T=21.69N z=5.352 m_est=2.208
[INFO] [1789400767.010014340] [acados_nmpc_node]: [attach-window] t=52.00s pos_err=0.036m T=21.70N z=5.348 m_est=2.208
[INFO] [1789400767.042677959] [acados_nmpc_node]: [wcmd] raw=[-0.001,-0.030,+0.418] w=[-0.008,-0.010,+0.462] err=[+0.007,-0.020] scaled=[+0.012,-0.070] s=3.05
[INFO] [1789400767.054665619] [acados_nmpc_node]: [attach-window] t=52.05s pos_err=0.045m T=21.69N z=5.346 m_est=2.208
[INFO] [1789400767.109929357] [acados_nmpc_node]: [attach-window] t=52.10s pos_err=0.038m T=21.71N z=5.342 m_est=2.208
[INFO] [1789400767.154738045] [acados_nmpc_node]: [attach-window] t=52.15s pos_err=0.047m T=21.69N z=5.340 m_est=2.208
[INFO] [1789400767.210197575] [acados_nmpc_node]: [attach-window] t=52.20s pos_err=0.040m T=21.70N z=5.335 m_est=2.208
[INFO] [1789400767.242719631] [acados_nmpc_node]: [wcmd] raw=[-0.001,+0.006,+0.390] w=[-0.001,+0.023,+0.455] err=[+0.000,-0.016] scaled=[+0.000,-0.027] s=3.05
[INFO] [1789400767.254742532] [acados_nmpc_node]: [attach-window] t=52.25s pos_err=0.043m T=21.70N z=5.333 m_est=2.209
[INFO] [1789400767.309888991] [acados_nmpc_node]: [attach-window] t=52.30s pos_err=0.035m T=21.71N z=5.328 m_est=2.209
[INFO] [1789400767.354792174] [acados_nmpc_node]: [attach-window] t=52.35s pos_err=0.045m T=21.71N z=5.326 m_est=2.209
[INFO] [1789400767.410241760] [acados_nmpc_node]: [attach-window] t=52.40s pos_err=0.031m T=21.73N z=5.321 m_est=2.209
[INFO] [1789400767.442744388] [acados_nmpc_node]: [wcmd] raw=[-0.001,-0.043,+0.356] w=[+0.004,-0.040,+0.408] err=[-0.006,-0.003] scaled=[-0.013,-0.050] s=3.05
[INFO] [1789400767.454875055] [acados_nmpc_node]: [attach-window] t=52.45s pos_err=0.040m T=21.72N z=5.319 m_est=2.209
[INFO] [1789400767.510570267] [acados_nmpc_node]: [attach-window] t=52.50s pos_err=0.033m T=21.71N z=5.315 m_est=2.209
[INFO] [1789400767.555307022] [acados_nmpc_node]: [attach-window] t=52.55s pos_err=0.043m T=21.70N z=5.313 m_est=2.209
[INFO] [1789400767.611074257] [acados_nmpc_node]: [attach-window] t=52.60s pos_err=0.030m T=21.70N z=5.309 m_est=2.209
[INFO] [1789400767.642794224] [acados_nmpc_node]: [wcmd] raw=[-0.013,-0.005,+0.326] w=[-0.015,+0.035,+0.403] err=[+0.002,-0.040] scaled=[-0.009,-0.086] s=3.05
[INFO] [1789400767.655275789] [acados_nmpc_node]: [attach-window] t=52.65s pos_err=0.040m T=21.69N z=5.307 m_est=2.209
[INFO] [1789400767.710666590] [acados_nmpc_node]: [attach-window] t=52.70s pos_err=0.033m T=21.68N z=5.304 m_est=2.209
[INFO] [1789400767.755153005] [acados_nmpc_node]: [attach-window] t=52.75s pos_err=0.044m T=21.67N z=5.302 m_est=2.209
[INFO] [1789400767.810366515] [acados_nmpc_node]: [attach-window] t=52.80s pos_err=0.037m T=21.67N z=5.299 m_est=2.209
[INFO] [1789400767.842803287] [acados_nmpc_node]: [wcmd] raw=[-0.002,+0.000,+0.293] w=[-0.010,-0.014,+0.353] err=[+0.008,+0.014] scaled=[+0.015,+0.029] s=3.05
[INFO] [1789400767.854905139] [acados_nmpc_node]: [attach-window] t=52.85s pos_err=0.041m T=21.65N z=5.297 m_est=2.209
[INFO] [1789400767.910097826] [acados_nmpc_node]: [attach-window] t=52.90s pos_err=0.034m T=21.66N z=5.294 m_est=2.209
[INFO] [1789400767.954902467] [acados_nmpc_node]: [attach-window] t=52.95s pos_err=0.046m T=21.66N z=5.293 m_est=2.208
[INFO] [1789400768.010150992] [acados_nmpc_node]: [attach-window] t=53.00s pos_err=0.039m T=21.66N z=5.290 m_est=2.208
[INFO] [1789400768.042674811] [acados_nmpc_node]: [wcmd] raw=[+0.010,-0.021,+0.271] w=[+0.012,-0.012,+0.321] err=[-0.002,-0.010] scaled=[+0.005,-0.042] s=3.05
[INFO] [1789400768.054847420] [acados_nmpc_node]: [attach-window] t=53.05s pos_err=0.044m T=21.65N z=5.289 m_est=2.208
[INFO] [1789400768.110435832] [acados_nmpc_node]: [attach-window] t=53.10s pos_err=0.037m T=21.65N z=5.286 m_est=2.208
[INFO] [1789400768.154300548] [acados_nmpc_node]: [attach-window] t=53.15s pos_err=0.049m T=21.65N z=5.284 m_est=2.208
[INFO] [1789400768.207978089] [acados_nmpc_node]: [attach-window] t=53.20s pos_err=0.040m T=21.65N z=5.282 m_est=2.208
[INFO] [1789400768.242555674] [acados_nmpc_node]: [wcmd] raw=[+0.006,-0.014,+0.252] w=[+0.015,-0.012,+0.294] err=[-0.009,-0.003] scaled=[-0.011,-0.020] s=3.05
[INFO] [1789400768.254079716] [acados_nmpc_node]: [attach-window] t=53.25s pos_err=0.047m T=21.64N z=5.280 m_est=2.208
[INFO] [1789400768.307722193] [acados_nmpc_node]: [attach-window] t=53.30s pos_err=0.038m T=21.62N z=5.278 m_est=2.208
[INFO] [1789400768.354793966] [acados_nmpc_node]: [attach-window] t=53.35s pos_err=0.052m T=21.62N z=5.277 m_est=2.208
[INFO] [1789400768.410523661] [acados_nmpc_node]: [attach-window] t=53.40s pos_err=0.044m T=21.62N z=5.275 m_est=2.208
[INFO] [1789400768.442643384] [acados_nmpc_node]: [wcmd] raw=[-0.003,-0.015,+0.236] w=[+0.003,-0.021,+0.267] err=[-0.007,+0.007] scaled=[-0.017,-0.001] s=3.05
[INFO] [1789400768.454845216] [acados_nmpc_node]: [attach-window] t=53.45s pos_err=0.049m T=21.61N z=5.274 m_est=2.208
[INFO] [1789400768.510123087] [acados_nmpc_node]: [attach-window] t=53.50s pos_err=0.041m T=21.63N z=5.271 m_est=2.208
[INFO] [1789400768.554847759] [acados_nmpc_node]: [attach-window] t=53.55s pos_err=0.052m T=21.63N z=5.270 m_est=2.208
[INFO] [1789400768.610293382] [acados_nmpc_node]: [attach-window] t=53.60s pos_err=0.043m T=21.65N z=5.267 m_est=2.208
[INFO] [1789400768.642692252] [acados_nmpc_node]: [wcmd] raw=[-0.008,-0.027,+0.222] w=[-0.004,-0.020,+0.247] err=[-0.004,-0.007] scaled=[-0.016,-0.042] s=3.05
[INFO] [1789400768.654860525] [acados_nmpc_node]: [attach-window] t=53.65s pos_err=0.046m T=21.65N z=5.265 m_est=2.207
[INFO] [1789400768.710189420] [acados_nmpc_node]: [attach-window] t=53.70s pos_err=0.038m T=21.66N z=5.262 m_est=2.207
[INFO] [1789400768.754795623] [acados_nmpc_node]: [attach-window] t=53.75s pos_err=0.048m T=21.67N z=5.261 m_est=2.207
[INFO] [1789400768.810347120] [acados_nmpc_node]: [attach-window] t=53.80s pos_err=0.039m T=21.68N z=5.258 m_est=2.207
[INFO] [1789400768.842740016] [acados_nmpc_node]: [wcmd] raw=[-0.006,-0.026,+0.211] w=[-0.009,-0.035,+0.227] err=[+0.003,+0.008] scaled=[-0.001,-0.009] s=3.05
[INFO] [1789400768.855087313] [acados_nmpc_node]: [attach-window] t=53.85s pos_err=0.042m T=21.67N z=5.256 m_est=2.207
[INFO] [1789400768.907574153] [acados_nmpc_node]: [attach-window] t=53.90s pos_err=0.032m T=21.68N z=5.253 m_est=2.207
[INFO] [1789400768.954446492] [acados_nmpc_node]: [attach-window] t=53.95s pos_err=0.043m T=21.69N z=5.252 m_est=2.207
[INFO] [1789400769.007800233] [acados_nmpc_node]: [attach-window] t=54.00s pos_err=0.033m T=21.69N z=5.249 m_est=2.207
[INFO] [1789400769.042531885] [acados_nmpc_node]: [wcmd] raw=[+0.003,-0.026,+0.200] w=[+0.002,-0.034,+0.216] err=[+0.001,+0.008] scaled=[+0.004,-0.010] s=3.05
[INFO] [1789400769.054279515] [acados_nmpc_node]: [attach-window] t=54.05s pos_err=0.038m T=21.68N z=5.247 m_est=2.207
[INFO] [1789400769.110054166] [acados_nmpc_node]: [attach-window] t=54.10s pos_err=0.031m T=21.68N z=5.244 m_est=2.206
[INFO] [1789400769.154813341] [acados_nmpc_node]: [attach-window] t=54.15s pos_err=0.040m T=21.68N z=5.243 m_est=2.206
[INFO] [1789400769.210252757] [acados_nmpc_node]: [attach-window] t=54.20s pos_err=0.034m T=21.68N z=5.241 m_est=2.206
[INFO] [1789400769.242673215] [acados_nmpc_node]: [wcmd] raw=[+0.002,-0.003,+0.189] w=[+0.005,-0.000,+0.214] err=[-0.003,-0.003] scaled=[-0.003,-0.010] s=3.05
[INFO] [1789400769.254808885] [acados_nmpc_node]: [attach-window] t=54.25s pos_err=0.037m T=21.67N z=5.240 m_est=2.206
[INFO] [1789400769.310190504] [acados_nmpc_node]: [attach-window] t=54.30s pos_err=0.032m T=21.66N z=5.238 m_est=2.206
[INFO] [1789400769.354776565] [acados_nmpc_node]: [attach-window] t=54.35s pos_err=0.043m T=21.66N z=5.237 m_est=2.206
[INFO] [1789400769.408056933] [acados_nmpc_node]: [attach-window] t=54.40s pos_err=0.036m T=21.67N z=5.235 m_est=2.206
[INFO] [1789400769.442733589] [acados_nmpc_node]: [wcmd] raw=[+0.002,-0.000,+0.174] w=[+0.004,+0.000,+0.199] err=[-0.002,-0.001] scaled=[-0.003,-0.002] s=3.05
[INFO] [1789400769.454841420] [acados_nmpc_node]: [attach-window] t=54.45s pos_err=0.042m T=21.67N z=5.233 m_est=2.206
[INFO] [1789400769.510265207] [acados_nmpc_node]: [attach-window] t=54.50s pos_err=0.037m T=21.68N z=5.231 m_est=2.206
[INFO] [1789400769.554773224] [acados_nmpc_node]: [attach-window] t=54.55s pos_err=0.050m T=21.69N z=5.230 m_est=2.206
[INFO] [1789400769.610256425] [acados_nmpc_node]: [attach-window] t=54.60s pos_err=0.044m T=21.70N z=5.228 m_est=2.206
[INFO] [1789400769.642679434] [acados_nmpc_node]: [wcmd] raw=[+0.006,+0.005,+0.163] w=[+0.008,+0.015,+0.187] err=[-0.002,-0.010] scaled=[+0.002,-0.014] s=3.05
[INFO] [1789400769.654714880] [acados_nmpc_node]: [attach-window] t=54.65s pos_err=0.050m T=21.70N z=5.226 m_est=2.206
[INFO] [1789400769.709903770] [acados_nmpc_node]: [attach-window] t=54.70s pos_err=0.045m T=21.69N z=5.224 m_est=2.206
[INFO] [1789400769.754783304] [acados_nmpc_node]: [attach-window] t=54.75s pos_err=0.059m T=21.70N z=5.223 m_est=2.206
[INFO] [1789400769.809684795] [acados_nmpc_node]: [attach-window] t=54.80s pos_err=0.044m T=21.68N z=5.222 m_est=2.206
[INFO] [1789400769.842756516] [acados_nmpc_node]: [wcmd] raw=[-0.005,-0.045,+0.153] w=[+0.004,-0.012,+0.162] err=[-0.009,-0.033] scaled=[-0.023,-0.112] s=3.05
[INFO] [1789400769.854793630] [acados_nmpc_node]: [attach-window] t=54.85s pos_err=0.058m T=21.68N z=5.221 m_est=2.206
[INFO] [1789400769.910072066] [acados_nmpc_node]: [attach-window] t=54.90s pos_err=0.050m T=21.66N z=5.219 m_est=2.206
[INFO] [1789400769.954795358] [acados_nmpc_node]: [attach-window] t=54.95s pos_err=0.064m T=21.66N z=5.218 m_est=2.206
[INFO] [1789400770.010074446] [acados_nmpc_node]: [attach-window] t=55.00s pos_err=0.055m T=21.66N z=5.217 m_est=2.206
[INFO] [1789400770.042647564] [acados_nmpc_node]: [wcmd] raw=[-0.015,-0.006,+0.153] w=[-0.015,+0.005,+0.160] err=[+0.001,-0.011] scaled=[-0.013,-0.029] s=3.05
[INFO] [1789400770.054672671] [acados_nmpc_node]: [attach-window] t=55.05s pos_err=0.060m T=21.66N z=5.216 m_est=2.206
[INFO] [1789400770.109914963] [acados_nmpc_node]: [attach-window] t=55.10s pos_err=0.051m T=21.66N z=5.214 m_est=2.207
[INFO] [1789400770.154689718] [acados_nmpc_node]: [attach-window] t=55.15s pos_err=0.056m T=21.67N z=5.213 m_est=2.207
[INFO] [1789400770.210308061] [acados_nmpc_node]: [attach-window] t=55.20s pos_err=0.054m T=21.68N z=5.212 m_est=2.207
[INFO] [1789400770.242707010] [acados_nmpc_node]: [wcmd] raw=[-0.005,-0.048,+0.150] w=[-0.011,-0.077,+0.129] err=[+0.006,+0.029] scaled=[+0.007,+0.011] s=3.05
[INFO] [1789400770.254789150] [acados_nmpc_node]: [attach-window] t=55.25s pos_err=0.059m T=21.68N z=5.211 m_est=2.207
[INFO] [1789400770.310405484] [acados_nmpc_node]: [attach-window] t=55.30s pos_err=0.049m T=21.66N z=5.210 m_est=2.207
[INFO] [1789400770.354818544] [acados_nmpc_node]: [attach-window] t=55.35s pos_err=0.062m T=21.66N z=5.210 m_est=2.206
[INFO] [1789400770.410129131] [acados_nmpc_node]: [attach-window] t=55.40s pos_err=0.051m T=21.65N z=5.209 m_est=2.206
[INFO] [1789400770.442685813] [acados_nmpc_node]: [wcmd] raw=[-0.009,-0.019,+0.155] w=[-0.006,+0.021,+0.163] err=[-0.003,-0.040] scaled=[-0.015,-0.101] s=3.05
[INFO] [1789400770.454951499] [acados_nmpc_node]: [attach-window] t=55.45s pos_err=0.056m T=21.65N z=5.208 m_est=2.206
[INFO] [1789400770.509811879] [acados_nmpc_node]: [attach-window] t=55.50s pos_err=0.045m T=21.65N z=5.207 m_est=2.206
[INFO] [1789400770.554806085] [acados_nmpc_node]: [attach-window] t=55.55s pos_err=0.059m T=21.66N z=5.207 m_est=2.206
[INFO] [1789400770.610129122] [acados_nmpc_node]: [attach-window] t=55.60s pos_err=0.048m T=21.67N z=5.206 m_est=2.206
[INFO] [1789400770.642646570] [acados_nmpc_node]: [wcmd] raw=[+0.003,-0.027,+0.149] w=[-0.007,-0.063,+0.136] err=[+0.009,+0.036] scaled=[+0.021,+0.046] s=3.05
[INFO] [1789400770.654861844] [acados_nmpc_node]: [attach-window] t=55.65s pos_err=0.053m T=21.66N z=5.205 m_est=2.206
[INFO] [1789400770.709897862] [acados_nmpc_node]: [attach-window] t=55.70s pos_err=0.042m T=21.67N z=5.204 m_est=2.206
[INFO] [1789400770.710393565] [acados_nmpc_node]: t=55.7s | pos_err=0.042m | T=21.67N | tau=[r-0.169 p0.007 y0.000]Nm | res_stat=9.792e-07(peak 9.962e-07) sqp_iter=3 | solve=1.5ms
[INFO] [1789400770.710599484] [acados_nmpc_node]: [flight-diag] t=55.7s | om_scale=3.046(lo 3.046 hi 3.046) | tilt_max=2.78deg | w_max=[r0.019 p0.077 y0.489]rad/s | u_frac=[T0.693 r0.395 p0.193 y0.156] | u_sat=[T0.0 r0.0 p0.0 y0.0]% | mot_peak=0.843 mot_sat=0.0% | health=1 age=0.000s conf=0.000 | n=100
[INFO] [1789400770.754687495] [acados_nmpc_node]: [attach-window] t=55.75s pos_err=0.047m T=21.69N z=5.203 m_est=2.206
[INFO] [1789400770.810135648] [acados_nmpc_node]: [attach-window] t=55.80s pos_err=0.038m T=21.68N z=5.202 m_est=2.206
[INFO] [1789400770.842721767] [acados_nmpc_node]: [wcmd] raw=[+0.011,-0.058,+0.146] w=[+0.015,-0.023,+0.149] err=[-0.005,-0.034] scaled=[+0.001,-0.128] s=3.05
[INFO] [1789400770.854737087] [acados_nmpc_node]: [attach-window] t=55.85s pos_err=0.051m T=21.69N z=5.202 m_est=2.206
[INFO] [1789400770.909966391] [acados_nmpc_node]: [attach-window] t=55.90s pos_err=0.041m T=21.68N z=5.202 m_est=2.206
[INFO] [1789400770.954838526] [acados_nmpc_node]: [attach-window] t=55.95s pos_err=0.047m T=21.66N z=5.202 m_est=2.206
[INFO] [1789400771.009786867] [acados_nmpc_node]: [attach-window] t=56.00s pos_err=0.046m T=21.66N z=5.202 m_est=2.206
[INFO] [1789400771.042638610] [acados_nmpc_node]: [wcmd] raw=[-0.011,+0.026,+0.145] w=[+0.001,+0.032,+0.164] err=[-0.012,-0.006] scaled=[-0.035,+0.015] s=3.05
[INFO] [1789400771.054744923] [acados_nmpc_node]: [attach-window] t=56.05s pos_err=0.053m T=21.66N z=5.202 m_est=2.206
[INFO] [1789400771.110081009] [acados_nmpc_node]: [attach-window] t=56.10s pos_err=0.044m T=21.66N z=5.202 m_est=2.206
[INFO] [1789400771.154874390] [acados_nmpc_node]: [attach-window] t=56.15s pos_err=0.060m T=21.67N z=5.202 m_est=2.206
[INFO] [1789400771.210115693] [acados_nmpc_node]: [attach-window] t=56.20s pos_err=0.050m T=21.65N z=5.202 m_est=2.205
[INFO] [1789400771.242688357] [acados_nmpc_node]: [wcmd] raw=[-0.014,-0.014,+0.134] w=[-0.020,-0.010,+0.140] err=[+0.006,-0.005] scaled=[-0.003,-0.024] s=3.05
[INFO] [1789400771.254726556] [acados_nmpc_node]: [attach-window] t=56.25s pos_err=0.057m T=21.63N z=5.203 m_est=2.205
[INFO] [1789400771.309849984] [acados_nmpc_node]: [attach-window] t=56.30s pos_err=0.047m T=21.61N z=5.204 m_est=2.205
[INFO] [1789400771.354744098] [acados_nmpc_node]: [attach-window] t=56.35s pos_err=0.064m T=21.62N z=5.204 m_est=2.205
[INFO] [1789400771.409913307] [acados_nmpc_node]: [attach-window] t=56.40s pos_err=0.053m T=21.60N z=5.205 m_est=2.205
[INFO] [1789400771.442698619] [acados_nmpc_node]: [wcmd] raw=[-0.001,-0.022,+0.133] w=[-0.006,-0.004,+0.137] err=[+0.005,-0.018] scaled=[+0.010,-0.059] s=3.05
[INFO] [1789400771.452559911] [acados_nmpc_node]: t=56.4s | DROP command issued; waiting for MHE no-payload confidence >= 0.90 for 1.00s
[INFO] [1789400771.455057123] [acados_nmpc_node]: [attach-window] t=56.45s pos_err=0.060m T=21.60N z=5.206 m_est=2.205
[INFO] [1789400771.510119787] [acados_nmpc_node]: [attach-window] t=56.50s pos_err=0.048m T=21.60N z=5.206 m_est=2.205
[INFO] [1789400771.555004384] [acados_nmpc_node]: [attach-window] t=56.55s pos_err=0.065m T=21.62N z=5.206 m_est=2.205
[INFO] [1789400771.610274402] [acados_nmpc_node]: [attach-window] t=56.60s pos_err=0.053m T=21.62N z=5.207 m_est=2.205
[INFO] [1789400771.642669376] [acados_nmpc_node]: [wcmd] raw=[-0.006,-0.042,+0.137] w=[+0.001,-0.051,+0.119] err=[-0.007,+0.009] scaled=[-0.021,-0.024] s=3.05
[INFO] [1789400771.654769463] [acados_nmpc_node]: [attach-window] t=56.65s pos_err=0.058m T=21.62N z=5.207 m_est=2.205
[INFO] [1789400771.709806751] [acados_nmpc_node]: [attach-window] t=56.70s pos_err=0.045m T=21.63N z=5.207 m_est=2.205
[INFO] [1789400771.754790733] [acados_nmpc_node]: [attach-window] t=56.75s pos_err=0.061m T=21.65N z=5.207 m_est=2.205
[INFO] [1789400771.809900450] [acados_nmpc_node]: [attach-window] t=56.80s pos_err=0.048m T=21.67N z=5.207 m_est=2.205
[INFO] [1789400771.842660726] [acados_nmpc_node]: [wcmd] raw=[-0.007,-0.039,+0.145] w=[-0.011,-0.031,+0.129] err=[+0.004,-0.008] scaled=[+0.001,-0.055] s=3.05
[INFO] [1789400771.854818088] [acados_nmpc_node]: [attach-window] t=56.85s pos_err=0.053m T=21.67N z=5.207 m_est=2.205
[INFO] [1789400771.910016700] [acados_nmpc_node]: [attach-window] t=56.90s pos_err=0.039m T=21.68N z=5.207 m_est=2.205
[INFO] [1789400771.954806918] [acados_nmpc_node]: [attach-window] t=56.95s pos_err=0.054m T=21.70N z=5.207 m_est=2.205
[INFO] [1789400772.009878417] [acados_nmpc_node]: [attach-window] t=57.00s pos_err=0.040m T=21.72N z=5.206 m_est=2.205
[INFO] [1789400772.042661191] [acados_nmpc_node]: [wcmd] raw=[-0.003,-0.038,+0.154] w=[-0.003,-0.046,+0.132] err=[-0.000,+0.008] scaled=[-0.003,-0.022] s=3.05
[INFO] [1789400772.054767792] [acados_nmpc_node]: [attach-window] t=57.05s pos_err=0.045m T=21.72N z=5.206 m_est=2.205
[INFO] [1789400772.109905090] [acados_nmpc_node]: [attach-window] t=57.10s pos_err=0.031m T=21.73N z=5.206 m_est=2.205
[INFO] [1789400772.154773220] [acados_nmpc_node]: [attach-window] t=57.15s pos_err=0.047m T=21.74N z=5.206 m_est=2.205
[INFO] [1789400772.210185660] [acados_nmpc_node]: [attach-window] t=57.20s pos_err=0.033m T=21.74N z=5.206 m_est=2.205
[INFO] [1789400772.242680352] [acados_nmpc_node]: [wcmd] raw=[-0.001,-0.025,+0.161] w=[-0.004,-0.022,+0.147] err=[+0.003,-0.003] scaled=[+0.004,-0.032] s=3.05
[INFO] [1789400772.254766640] [acados_nmpc_node]: [attach-window] t=57.25s pos_err=0.039m T=21.73N z=5.206 m_est=2.205
[INFO] [1789400772.309937044] [acados_nmpc_node]: [attach-window] t=57.30s pos_err=0.026m T=21.72N z=5.206 m_est=2.205
[INFO] [1789400772.354860993] [acados_nmpc_node]: [attach-window] t=57.35s pos_err=0.043m T=21.73N z=5.207 m_est=2.205
[INFO] [1789400772.410208400] [acados_nmpc_node]: [attach-window] t=57.40s pos_err=0.032m T=21.72N z=5.207 m_est=2.205
[INFO] [1789400772.442672664] [acados_nmpc_node]: [wcmd] raw=[+0.005,-0.007,+0.163] w=[+0.004,-0.013,+0.157] err=[+0.001,+0.007] scaled=[+0.006,+0.007] s=3.05
[INFO] [1789400772.454865228] [acados_nmpc_node]: [attach-window] t=57.45s pos_err=0.038m T=21.71N z=5.208 m_est=2.205
[INFO] [1789400772.510154939] [acados_nmpc_node]: [attach-window] t=57.50s pos_err=0.027m T=21.70N z=5.209 m_est=2.205
[INFO] [1789400772.554850726] [acados_nmpc_node]: [attach-window] t=57.55s pos_err=0.044m T=21.71N z=5.209 m_est=2.205
[INFO] [1789400772.610220482] [acados_nmpc_node]: [attach-window] t=57.60s pos_err=0.034m T=21.71N z=5.210 m_est=2.205
[INFO] [1789400772.642808821] [acados_nmpc_node]: [wcmd] raw=[+0.007,-0.013,+0.167] w=[+0.009,-0.003,+0.161] err=[-0.002,-0.009] scaled=[+0.002,-0.032] s=3.05
[INFO] [1789400772.654880612] [acados_nmpc_node]: [attach-window] t=57.65s pos_err=0.041m T=21.71N z=5.211 m_est=2.206
[INFO] [1789400772.710239371] [acados_nmpc_node]: [attach-window] t=57.70s pos_err=0.031m T=21.71N z=5.212 m_est=2.206
[INFO] [1789400772.754984511] [acados_nmpc_node]: [attach-window] t=57.75s pos_err=0.047m T=21.72N z=5.212 m_est=2.206
[INFO] [1789400772.810355357] [acados_nmpc_node]: [attach-window] t=57.80s pos_err=0.037m T=21.71N z=5.213 m_est=2.206
[INFO] [1789400772.842713037] [acados_nmpc_node]: [wcmd] raw=[-0.009,-0.012,+0.173] w=[+0.003,-0.011,+0.160] err=[-0.012,-0.001] scaled=[-0.034,-0.014] s=3.05
[INFO] [1789400772.854748842] [acados_nmpc_node]: [attach-window] t=57.85s pos_err=0.044m T=21.71N z=5.214 m_est=2.206
[INFO] [1789400772.909868448] [acados_nmpc_node]: [attach-window] t=57.90s pos_err=0.034m T=21.70N z=5.215 m_est=2.206
[INFO] [1789400772.954760100] [acados_nmpc_node]: [attach-window] t=57.95s pos_err=0.050m T=21.71N z=5.216 m_est=2.206
[INFO] [1789400773.010140111] [acados_nmpc_node]: [attach-window] t=58.00s pos_err=0.030m T=21.69N z=5.218 m_est=2.206
[INFO] [1789400773.042664015] [acados_nmpc_node]: [wcmd] raw=[-0.011,-0.048,+0.181] w=[-0.019,-0.017,+0.162] err=[+0.007,-0.031] scaled=[+0.003,-0.111] s=3.05
[INFO] [1789400773.054668914] [acados_nmpc_node]: [attach-window] t=58.05s pos_err=0.046m T=21.69N z=5.219 m_est=2.207
[INFO] [1789400773.110008395] [acados_nmpc_node]: [attach-window] t=58.10s pos_err=0.036m T=21.68N z=5.221 m_est=2.207
[INFO] [1789400773.154711797] [acados_nmpc_node]: [attach-window] t=58.15s pos_err=0.052m T=21.68N z=5.222 m_est=2.207
[INFO] [1789400773.210060094] [acados_nmpc_node]: [attach-window] t=58.20s pos_err=0.041m T=21.67N z=5.224 m_est=2.207
[INFO] [1789400773.242673136] [acados_nmpc_node]: [wcmd] raw=[-0.008,-0.010,+0.199] w=[-0.010,-0.002,+0.177] err=[+0.003,-0.008] scaled=[-0.002,-0.026] s=3.05
[INFO] [1789400773.254707230] [acados_nmpc_node]: [attach-window] t=58.25s pos_err=0.047m T=21.66N z=5.226 m_est=2.207
[INFO] [1789400773.309863165] [acados_nmpc_node]: [attach-window] t=58.30s pos_err=0.036m T=21.64N z=5.228 m_est=2.207
[INFO] [1789400773.354747611] [acados_nmpc_node]: [attach-window] t=58.35s pos_err=0.042m T=21.64N z=5.230 m_est=2.207
[INFO] [1789400773.410108291] [acados_nmpc_node]: [attach-window] t=58.40s pos_err=0.041m T=21.63N z=5.232 m_est=2.207
[INFO] [1789400773.442679522] [acados_nmpc_node]: [wcmd] raw=[-0.008,-0.035,+0.214] w=[-0.007,-0.053,+0.173] err=[-0.001,+0.019] scaled=[-0.010,+0.004] s=3.05
[INFO] [1789400773.454977695] [acados_nmpc_node]: [attach-window] t=58.45s pos_err=0.046m T=21.63N z=5.234 m_est=2.207
[INFO] [1789400773.510256489] [acados_nmpc_node]: [attach-window] t=58.50s pos_err=0.036m T=21.60N z=5.238 m_est=2.207
[INFO] [1789400773.554793804] [acados_nmpc_node]: [attach-window] t=58.55s pos_err=0.051m T=21.59N z=5.240 m_est=2.207
[INFO] [1789400773.610035991] [acados_nmpc_node]: [attach-window] t=58.60s pos_err=0.039m T=21.57N z=5.244 m_est=2.207
[INFO] [1789400773.642669381] [acados_nmpc_node]: [wcmd] raw=[-0.007,-0.019,+0.235] w=[-0.009,+0.022,+0.213] err=[+0.003,-0.041] scaled=[-0.001,-0.103] s=3.05
[INFO] [1789400773.654766154] [acados_nmpc_node]: [attach-window] t=58.65s pos_err=0.045m T=21.58N z=5.246 m_est=2.207
[INFO] [1789400773.710070868] [acados_nmpc_node]: [attach-window] t=58.70s pos_err=0.035m T=21.58N z=5.249 m_est=2.207
[INFO] [1789400773.754721794] [acados_nmpc_node]: [attach-window] t=58.75s pos_err=0.049m T=21.61N z=5.250 m_est=2.207
[INFO] [1789400773.810002606] [acados_nmpc_node]: [attach-window] t=58.80s pos_err=0.039m T=21.64N z=5.252 m_est=2.207
[INFO] [1789400773.842740101] [acados_nmpc_node]: [wcmd] raw=[-0.009,-0.022,+0.252] w=[-0.008,-0.055,+0.206] err=[-0.002,+0.033] scaled=[-0.012,+0.047] s=3.05
[INFO] [1789400773.854834825] [acados_nmpc_node]: [attach-window] t=58.85s pos_err=0.044m T=21.65N z=5.253 m_est=2.207
[INFO] [1789400773.910277549] [acados_nmpc_node]: [attach-window] t=58.90s pos_err=0.034m T=21.68N z=5.255 m_est=2.207
[INFO] [1789400773.954880613] [acados_nmpc_node]: [attach-window] t=58.95s pos_err=0.048m T=21.71N z=5.256 m_est=2.206
[INFO] [1789400774.008297409] [acados_nmpc_node]: [attach-window] t=59.00s pos_err=0.036m T=21.73N z=5.257 m_est=2.206
[INFO] [1789400774.042633672] [acados_nmpc_node]: [wcmd] raw=[-0.006,-0.032,+0.271] w=[-0.011,-0.000,+0.241] err=[+0.005,-0.032] scaled=[+0.005,-0.098] s=3.05
[INFO] [1789400774.054446997] [acados_nmpc_node]: [attach-window] t=59.05s pos_err=0.043m T=21.75N z=5.258 m_est=2.206
[INFO] [1789400774.108022565] [acados_nmpc_node]: [attach-window] t=59.10s pos_err=0.030m T=21.76N z=5.259 m_est=2.206
[INFO] [1789400774.154253620] [acados_nmpc_node]: [attach-window] t=59.15s pos_err=0.046m T=21.77N z=5.260 m_est=2.206
[INFO] [1789400774.207800867] [acados_nmpc_node]: [attach-window] t=59.20s pos_err=0.034m T=21.77N z=5.261 m_est=2.206
[INFO] [1789400774.242688448] [acados_nmpc_node]: [wcmd] raw=[-0.005,-0.013,+0.293] w=[-0.004,-0.025,+0.254] err=[-0.001,+0.012] scaled=[-0.007,+0.011] s=3.05
[INFO] [1789400774.254872244] [acados_nmpc_node]: [attach-window] t=59.25s pos_err=0.042m T=21.77N z=5.262 m_est=2.206
[INFO] [1789400774.310699058] [acados_nmpc_node]: [attach-window] t=59.30s pos_err=0.032m T=21.76N z=5.264 m_est=2.205
[INFO] [1789400774.355069351] [acados_nmpc_node]: [attach-window] t=59.35s pos_err=0.037m T=21.76N z=5.265 m_est=2.205
[INFO] [1789400774.410647351] [acados_nmpc_node]: [attach-window] t=59.40s pos_err=0.036m T=21.75N z=5.268 m_est=2.205
[INFO] [1789400774.442737522] [acados_nmpc_node]: [wcmd] raw=[-0.008,-0.023,+0.314] w=[-0.006,-0.020,+0.274] err=[-0.002,-0.003] scaled=[-0.011,-0.028] s=3.05
[INFO] [1789400774.455044758] [acados_nmpc_node]: [attach-window] t=59.45s pos_err=0.041m T=21.75N z=5.269 m_est=2.205
[INFO] [1789400774.510452127] [acados_nmpc_node]: [attach-window] t=59.50s pos_err=0.032m T=21.73N z=5.272 m_est=2.205
[INFO] [1789400774.554829586] [acados_nmpc_node]: [attach-window] t=59.55s pos_err=0.045m T=21.73N z=5.274 m_est=2.206
[INFO] [1789400774.610222378] [acados_nmpc_node]: [attach-window] t=59.60s pos_err=0.036m T=21.71N z=5.277 m_est=2.206
[INFO] [1789400774.642676203] [acados_nmpc_node]: [wcmd] raw=[-0.008,-0.010,+0.339] w=[-0.011,+0.013,+0.305] err=[+0.003,-0.023] scaled=[-0.002,-0.057] s=3.05
[INFO] [1789400774.654824019] [acados_nmpc_node]: [attach-window] t=59.65s pos_err=0.041m T=21.71N z=5.279 m_est=2.206
[INFO] [1789400774.709977472] [acados_nmpc_node]: [attach-window] t=59.70s pos_err=0.032m T=21.69N z=5.282 m_est=2.206
[INFO] [1789400774.754769275] [acados_nmpc_node]: [attach-window] t=59.75s pos_err=0.037m T=21.69N z=5.284 m_est=2.206
[INFO] [1789400774.810443650] [acados_nmpc_node]: [attach-window] t=59.80s pos_err=0.036m T=21.68N z=5.288 m_est=2.206
[INFO] [1789400774.842695760] [acados_nmpc_node]: [wcmd] raw=[-0.001,-0.017,+0.360] w=[-0.003,-0.041,+0.310] err=[+0.003,+0.024] scaled=[+0.005,+0.032] s=3.05
[INFO] [1789400774.854749854] [acados_nmpc_node]: [attach-window] t=59.85s pos_err=0.041m T=21.68N z=5.290 m_est=2.206
[INFO] [1789400774.910480604] [acados_nmpc_node]: [attach-window] t=59.90s pos_err=0.032m T=21.66N z=5.294 m_est=2.206
[INFO] [1789400774.954239589] [acados_nmpc_node]: [attach-window] t=59.95s pos_err=0.036m T=21.66N z=5.297 m_est=2.207
[INFO] [1789400775.009980819] [acados_nmpc_node]: [attach-window] t=60.00s pos_err=0.034m T=21.65N z=5.300 m_est=2.207
[INFO] [1789400775.042735689] [acados_nmpc_node]: [wcmd] raw=[+0.006,-0.025,+0.388] w=[+0.004,+0.003,+0.347] err=[+0.002,-0.027] scaled=[+0.010,-0.081] s=3.05
[INFO] [1789400775.054657746] [acados_nmpc_node]: [attach-window] t=60.05s pos_err=0.038m T=21.66N z=5.303 m_est=2.207
[INFO] [1789400775.109913511] [acados_nmpc_node]: [attach-window] t=60.10s pos_err=0.028m T=21.66N z=5.306 m_est=2.207
[INFO] [1789400775.155074397] [acados_nmpc_node]: [attach-window] t=60.15s pos_err=0.041m T=21.69N z=5.308 m_est=2.207
[INFO] [1789400775.210165895] [acados_nmpc_node]: [attach-window] t=60.20s pos_err=0.032m T=21.69N z=5.312 m_est=2.207
[INFO] [1789400775.242657313] [acados_nmpc_node]: [wcmd] raw=[+0.008,-0.013,+0.419] w=[+0.010,-0.017,+0.370] err=[-0.002,+0.004] scaled=[+0.005,-0.005] s=3.05
[INFO] [1789400775.254793818] [acados_nmpc_node]: [attach-window] t=60.25s pos_err=0.036m T=21.69N z=5.315 m_est=2.207
[INFO] [1789400775.309878571] [acados_nmpc_node]: [attach-window] t=60.30s pos_err=0.027m T=21.66N z=5.319 m_est=2.207
[INFO] [1789400775.354969868] [acados_nmpc_node]: [attach-window] t=60.35s pos_err=0.039m T=21.68N z=5.321 m_est=2.207
[INFO] [1789400775.409947282] [acados_nmpc_node]: [attach-window] t=60.40s pos_err=0.032m T=21.65N z=5.325 m_est=2.207
[INFO] [1789400775.442616316] [acados_nmpc_node]: [wcmd] raw=[-0.002,-0.019,+0.440] w=[+0.007,-0.023,+0.395] err=[-0.008,+0.005] scaled=[-0.018,-0.009] s=3.05
[INFO] [1789400775.454928165] [acados_nmpc_node]: [attach-window] t=60.45s pos_err=0.036m T=21.64N z=5.328 m_est=2.207
[INFO] [1789400775.509971095] [acados_nmpc_node]: [attach-window] t=60.50s pos_err=0.029m T=21.63N z=5.333 m_est=2.207
[INFO] [1789400775.554943201] [acados_nmpc_node]: [attach-window] t=60.55s pos_err=0.033m T=21.63N z=5.336 m_est=2.207
[INFO] [1789400775.610583324] [acados_nmpc_node]: [attach-window] t=60.60s pos_err=0.028m T=21.31N z=5.341 m_est=2.207
[INFO] [1789400775.642725586] [acados_nmpc_node]: [wcmd] raw=[+0.007,-0.021,+0.456] w=[-0.303,+0.029,+0.428] err=[+0.310,-0.049] scaled=[+0.643,-0.121] s=3.05
[INFO] [1789400775.654976974] [acados_nmpc_node]: [attach-window] t=60.65s pos_err=0.038m T=21.06N z=5.345 m_est=2.207
[INFO] [1789400775.710175829] [acados_nmpc_node]: [attach-window] t=60.70s pos_err=0.033m T=20.45N z=5.354 m_est=2.207
[INFO] [1789400775.710657479] [acados_nmpc_node]: t=60.7s | pos_err=0.033m | T=20.45N | tau=[r0.060 p0.067 y0.008]Nm | res_stat=5.554e-07(peak 9.962e-07) sqp_iter=4 | solve=1.8ms
[INFO] [1789400775.710861331] [acados_nmpc_node]: [flight-diag] t=60.7s | om_scale=3.046(lo 3.046 hi 3.046) | tilt_max=3.50deg | w_max=[r0.303 p0.062 y0.434]rad/s | u_frac=[T0.695 r0.394 p0.178 y0.118] | u_sat=[T0.0 r0.0 p0.0 y0.0]% | mot_peak=0.846 mot_sat=0.0% | health=1 age=0.000s conf=0.000 | n=100
[INFO] [1789400775.755005782] [acados_nmpc_node]: [attach-window] t=60.75s pos_err=0.044m T=20.21N z=5.360 m_est=2.207
[INFO] [1789400775.810845178] [acados_nmpc_node]: [attach-window] t=60.80s pos_err=0.044m T=19.79N z=5.373 m_est=2.207
[INFO] [1789400775.842686935] [acados_nmpc_node]: [wcmd] raw=[-0.002,-0.023,+0.462] w=[-0.057,-0.005,+0.444] err=[+0.055,-0.018] scaled=[+0.110,-0.059] s=3.05
[INFO] [1789400775.855012175] [acados_nmpc_node]: [attach-window] t=60.85s pos_err=0.051m T=19.63N z=5.382 m_est=2.206
[INFO] [1789400775.910286551] [acados_nmpc_node]: [attach-window] t=60.90s pos_err=0.055m T=19.39N z=5.396 m_est=2.205
[INFO] [1789400775.954991950] [acados_nmpc_node]: [attach-window] t=60.95s pos_err=0.064m T=19.30N z=5.403 m_est=2.204
[INFO] [1789400776.010680806] [acados_nmpc_node]: [attach-window] t=61.00s pos_err=0.069m T=19.20N z=5.418 m_est=2.202
[INFO] [1789400776.042638321] [acados_nmpc_node]: [wcmd] raw=[+0.011,-0.033,+0.457] w=[+0.035,-0.071,+0.451] err=[-0.024,+0.038] scaled=[-0.037,+0.045] s=3.05
[INFO] [1789400776.055081810] [acados_nmpc_node]: [attach-window] t=61.05s pos_err=0.076m T=19.21N z=5.426 m_est=2.201
[INFO] [1789400776.110493733] [acados_nmpc_node]: [attach-window] t=61.10s pos_err=0.080m T=19.25N z=5.438 m_est=2.199
[INFO] [1789400776.155030637] [acados_nmpc_node]: [attach-window] t=61.15s pos_err=0.087m T=19.22N z=5.444 m_est=2.194
[INFO] [1789400776.211024086] [acados_nmpc_node]: [attach-window] t=61.20s pos_err=0.090m T=19.23N z=5.454 m_est=2.190
[INFO] [1789400776.242701046] [acados_nmpc_node]: [wcmd] raw=[+0.039,-0.036,+0.456] w=[+0.335,-0.101,+0.456] err=[-0.295,+0.064] scaled=[-0.554,+0.093] s=3.01
[INFO] [1789400776.255370378] [acados_nmpc_node]: [attach-window] t=61.25s pos_err=0.094m T=19.26N z=5.460 m_est=2.187
[INFO] [1789400776.310597292] [acados_nmpc_node]: [attach-window] t=61.30s pos_err=0.097m T=19.38N z=5.468 m_est=2.182
[INFO] [1789400776.355127430] [acados_nmpc_node]: [attach-window] t=61.35s pos_err=0.099m T=19.43N z=5.472 m_est=2.177
[INFO] [1789400776.410714568] [acados_nmpc_node]: [attach-window] t=61.40s pos_err=0.100m T=19.45N z=5.478 m_est=2.170
[INFO] [1789400776.442673712] [acados_nmpc_node]: [wcmd] raw=[+0.096,-0.055,+0.435] w=[+0.323,-0.181,+0.461] err=[-0.227,+0.125] scaled=[-0.337,+0.183] s=2.90
[INFO] [1789400776.455067604] [acados_nmpc_node]: [attach-window] t=61.45s pos_err=0.102m T=19.49N z=5.481 m_est=2.164
[INFO] [1789400776.510348643] [acados_nmpc_node]: [attach-window] t=61.50s pos_err=0.100m T=19.54N z=5.486 m_est=2.154
[INFO] [1789400776.555018833] [acados_nmpc_node]: [attach-window] t=61.55s pos_err=0.101m T=19.62N z=5.488 m_est=2.146
[INFO] [1789400776.610513767] [acados_nmpc_node]: [attach-window] t=61.60s pos_err=0.099m T=19.62N z=5.491 m_est=2.136
[INFO] [1789400776.642682497] [acados_nmpc_node]: [wcmd] raw=[+0.103,-0.052,+0.412] w=[+0.153,-0.253,+0.458] err=[-0.050,+0.200] scaled=[+0.020,+0.286] s=2.69
[INFO] [1789400776.655043205] [acados_nmpc_node]: [attach-window] t=61.65s pos_err=0.099m T=19.63N z=5.493 m_est=2.129
[INFO] [1789400776.710451190] [acados_nmpc_node]: [attach-window] t=61.70s pos_err=0.096m T=19.61N z=5.496 m_est=2.120
[INFO] [1789400776.754953649] [acados_nmpc_node]: [attach-window] t=61.75s pos_err=0.097m T=19.66N z=5.497 m_est=2.113
[INFO] [1789400776.810364749] [acados_nmpc_node]: [attach-window] t=61.80s pos_err=0.093m T=19.69N z=5.500 m_est=2.106
[INFO] [1789400776.842712980] [acados_nmpc_node]: [wcmd] raw=[+0.051,-0.112,+0.374] w=[-0.143,-0.288,+0.438] err=[+0.194,+0.176] scaled=[+0.321,+0.134] s=2.39
[INFO] [1789400776.854954740] [acados_nmpc_node]: [attach-window] t=61.85s pos_err=0.092m T=19.72N z=5.502 m_est=2.100
[INFO] [1789400776.910194197] [acados_nmpc_node]: [attach-window] t=61.90s pos_err=0.088m T=19.74N z=5.504 m_est=2.095
[INFO] [1789400776.954970061] [acados_nmpc_node]: [attach-window] t=61.95s pos_err=0.088m T=19.80N z=5.505 m_est=2.091
[INFO] [1789400777.010119059] [acados_nmpc_node]: [attach-window] t=62.00s pos_err=0.082m T=19.86N z=5.507 m_est=2.086
[INFO] [1789400777.042668862] [acados_nmpc_node]: [wcmd] raw=[-0.038,-0.125,+0.336] w=[-0.143,-0.159,+0.404] err=[+0.105,+0.034] scaled=[+0.077,-0.088] s=2.09
[INFO] [1789400777.055032229] [acados_nmpc_node]: [attach-window] t=62.05s pos_err=0.082m T=19.94N z=5.507 m_est=2.083
[INFO] [1789400777.110152367] [acados_nmpc_node]: [attach-window] t=62.10s pos_err=0.077m T=20.01N z=5.509 m_est=2.080
[INFO] [1789400777.155022188] [acados_nmpc_node]: [attach-window] t=62.15s pos_err=0.077m T=20.06N z=5.509 m_est=2.077
[INFO] [1789400777.210546455] [acados_nmpc_node]: [attach-window] t=62.20s pos_err=0.071m T=20.15N z=5.510 m_est=2.075
[INFO] [1789400777.242780373] [acados_nmpc_node]: [wcmd] raw=[+0.002,-0.025,+0.298] w=[+0.028,+0.045,+0.366] err=[-0.025,-0.070] scaled=[-0.019,-0.083] s=1.82
[INFO] [1789400777.254880814] [acados_nmpc_node]: [attach-window] t=62.25s pos_err=0.069m T=20.22N z=5.510 m_est=2.074
[INFO] [1789400777.310549038] [acados_nmpc_node]: [attach-window] t=62.30s pos_err=0.063m T=20.29N z=5.511 m_est=2.072
[INFO] [1789400777.355029111] [acados_nmpc_node]: [attach-window] t=62.35s pos_err=0.065m T=20.34N z=5.511 m_est=2.071
[INFO] [1789400777.410331171] [acados_nmpc_node]: [attach-window] t=62.40s pos_err=0.057m T=20.39N z=5.511 m_est=2.070
[INFO] [1789400777.442688080] [acados_nmpc_node]: [wcmd] raw=[+0.009,+0.002,+0.272] w=[-0.013,+0.021,+0.328] err=[+0.022,-0.020] scaled=[+0.022,-0.010] s=1.60
[INFO] [1789400777.454781418] [acados_nmpc_node]: [attach-window] t=62.45s pos_err=0.057m T=20.42N z=5.512 m_est=2.069
[INFO] [1789400777.510351285] [acados_nmpc_node]: [attach-window] t=62.50s pos_err=0.050m T=20.43N z=5.512 m_est=2.068
[INFO] [1789400777.555005870] [acados_nmpc_node]: [attach-window] t=62.55s pos_err=0.053m T=20.47N z=5.513 m_est=2.067
[INFO] [1789400777.610419537] [acados_nmpc_node]: [attach-window] t=62.60s pos_err=0.046m T=20.46N z=5.514 m_est=2.067
[INFO] [1789400777.642579617] [acados_nmpc_node]: [wcmd] raw=[+0.011,-0.017,+0.244] w=[+0.001,-0.001,+0.295] err=[+0.009,-0.017] scaled=[+0.015,-0.024] s=1.42
[INFO] [1789400777.654288233] [acados_nmpc_node]: [attach-window] t=62.65s pos_err=0.046m T=20.47N z=5.514 m_est=2.066
[INFO] [1789400777.709960163] [acados_nmpc_node]: [attach-window] t=62.70s pos_err=0.039m T=20.44N z=5.516 m_est=2.066
[INFO] [1789400777.754700640] [acados_nmpc_node]: [attach-window] t=62.75s pos_err=0.045m T=20.47N z=5.517 m_est=2.066
[INFO] [1789400777.810105162] [acados_nmpc_node]: [attach-window] t=62.80s pos_err=0.037m T=20.42N z=5.520 m_est=2.065
[INFO] [1789400777.842751814] [acados_nmpc_node]: [wcmd] raw=[+0.006,-0.023,+0.225] w=[-0.001,-0.017,+0.263] err=[+0.008,-0.006] scaled=[+0.009,-0.025] s=1.28
[INFO] [1789400777.854770849] [acados_nmpc_node]: [attach-window] t=62.85s pos_err=0.038m T=20.41N z=5.522 m_est=2.065
[INFO] [1789400777.910068243] [acados_nmpc_node]: [attach-window] t=62.90s pos_err=0.032m T=20.36N z=5.526 m_est=2.065
[INFO] [1789400777.954769464] [acados_nmpc_node]: [attach-window] t=62.95s pos_err=0.038m T=20.38N z=5.528 m_est=2.065
[INFO] [1789400778.009996187] [acados_nmpc_node]: [attach-window] t=63.00s pos_err=0.031m T=20.33N z=5.533 m_est=2.065
[INFO] [1789400778.042758149] [acados_nmpc_node]: [wcmd] raw=[+0.004,-0.011,+0.206] w=[-0.006,-0.008,+0.238] err=[+0.010,-0.004] scaled=[+0.006,-0.012] s=1.19
[INFO] [1789400778.054787946] [acados_nmpc_node]: [attach-window] t=63.05s pos_err=0.033m T=20.32N z=5.536 m_est=2.065
[INFO] [1789400778.110122818] [acados_nmpc_node]: [attach-window] t=63.10s pos_err=0.028m T=20.27N z=5.541 m_est=2.065
[INFO] [1789400778.154920249] [acados_nmpc_node]: [attach-window] t=63.15s pos_err=0.030m T=20.27N z=5.544 m_est=2.065
[INFO] [1789400778.210194252] [acados_nmpc_node]: [attach-window] t=63.20s pos_err=0.030m T=20.26N z=5.549 m_est=2.065
[INFO] [1789400778.242664241] [acados_nmpc_node]: [wcmd] raw=[+0.015,+0.002,+0.189] w=[+0.004,-0.007,+0.215] err=[+0.011,+0.009] scaled=[+0.016,+0.003] s=1.13
[INFO] [1789400778.254841685] [acados_nmpc_node]: [attach-window] t=63.25s pos_err=0.033m T=20.27N z=5.552 m_est=2.065
[INFO] [1789400778.310003895] [acados_nmpc_node]: [attach-window] t=63.30s pos_err=0.028m T=20.26N z=5.557 m_est=2.064
[INFO] [1789400778.354769345] [acados_nmpc_node]: [attach-window] t=63.35s pos_err=0.037m T=20.30N z=5.560 m_est=2.064
[INFO] [1789400778.410232628] [acados_nmpc_node]: [attach-window] t=63.40s pos_err=0.027m T=20.25N z=5.566 m_est=2.064
[INFO] [1789400778.442668669] [acados_nmpc_node]: [wcmd] raw=[+0.020,-0.026,+0.172] w=[+0.013,+0.032,+0.196] err=[+0.007,-0.058] scaled=[+0.020,-0.031] s=1.08
[INFO] [1789400778.454807665] [acados_nmpc_node]: [attach-window] t=63.45s pos_err=0.035m T=20.29N z=5.569 m_est=2.064
[INFO] [1789400778.510048235] [acados_nmpc_node]: [attach-window] t=63.50s pos_err=0.029m T=20.25N z=5.574 m_est=2.064
[INFO] [1789400778.554732263] [acados_nmpc_node]: [attach-window] t=63.55s pos_err=0.040m T=20.28N z=5.577 m_est=2.064
[INFO] [1789400778.607856730] [acados_nmpc_node]: DROP complete: MHE no-payload confidence 0.997 persisted for 1.00s; adaptive states reset
[INFO] [1789400778.610299091] [acados_nmpc_node]: [attach-window] t=63.60s pos_err=0.033m T=20.26N z=5.582 m_est=2.064
[INFO] [1789400778.642689095] [acados_nmpc_node]: [wcmd] raw=[-0.004,+0.006,+0.155] w=[+0.004,+0.020,+0.179] err=[-0.007,-0.014] scaled=[-0.004,+0.005] s=1.06
[INFO] [1789400778.654820798] [acados_nmpc_node]: [attach-window] t=63.65s pos_err=0.038m T=20.27N z=5.586 m_est=2.064
[INFO] [1789400778.708280880] [acados_nmpc_node]: [attach-window] t=63.70s pos_err=0.030m T=20.24N z=5.591 m_est=2.064
[INFO] [1789400778.754237374] [acados_nmpc_node]: [attach-window] t=63.75s pos_err=0.044m T=20.29N z=5.594 m_est=2.064
[INFO] [1789400778.807923523] [acados_nmpc_node]: [attach-window] t=63.80s pos_err=0.034m T=20.26N z=5.600 m_est=2.064
[INFO] [1789400778.842572301] [acados_nmpc_node]: [wcmd] raw=[-0.002,-0.019,+0.141] w=[-0.011,+0.004,+0.162] err=[+0.009,-0.023] scaled=[-0.002,-0.020] s=1.04
[INFO] [1789400778.854272272] [acados_nmpc_node]: [attach-window] t=63.85s pos_err=0.042m T=20.28N z=5.603 m_est=2.064
[INFO] [1789400778.907574074] [acados_nmpc_node]: [attach-window] t=63.90s pos_err=0.032m T=20.24N z=5.609 m_est=2.064
[INFO] [1789400778.954694142] [acados_nmpc_node]: [attach-window] t=63.95s pos_err=0.049m T=20.28N z=5.612 m_est=2.064
[INFO] [1789400779.009720486] [acados_nmpc_node]: [attach-window] t=64.00s pos_err=0.040m T=20.25N z=5.618 m_est=2.064
[INFO] [1789400779.042644194] [acados_nmpc_node]: [wcmd] raw=[+0.014,-0.009,+0.127] w=[+0.004,-0.003,+0.148] err=[+0.010,-0.006] scaled=[+0.014,-0.009] s=1.03
[INFO] [1789400779.054736391] [acados_nmpc_node]: [attach-window] t=64.05s pos_err=0.047m T=20.25N z=5.622 m_est=2.064
[INFO] [1789400779.109810923] [acados_nmpc_node]: [attach-window] t=64.10s pos_err=0.038m T=20.21N z=5.629 m_est=2.064
[INFO] [1789400779.154702198] [acados_nmpc_node]: [attach-window] t=64.15s pos_err=0.055m T=20.24N z=5.632 m_est=2.064
[INFO] [1789400779.209906746] [acados_nmpc_node]: [attach-window] t=64.20s pos_err=0.045m T=20.20N z=5.639 m_est=2.064
[INFO] [1789400779.242709355] [acados_nmpc_node]: [wcmd] raw=[+0.004,-0.011,+0.115] w=[+0.012,+0.008,+0.132] err=[-0.008,-0.019] scaled=[+0.004,-0.012] s=1.02
[INFO] [1789400779.254683992] [acados_nmpc_node]: [attach-window] t=64.25s pos_err=0.052m T=20.20N z=5.644 m_est=2.064
[INFO] [1789400779.309772421] [acados_nmpc_node]: [attach-window] t=64.30s pos_err=0.041m T=20.16N z=5.651 m_est=2.064
[INFO] [1789400779.354812315] [acados_nmpc_node]: [attach-window] t=64.35s pos_err=0.059m T=20.20N z=5.655 m_est=2.064
[INFO] [1789400779.410422973] [acados_nmpc_node]: [attach-window] t=64.40s pos_err=0.048m T=20.17N z=5.662 m_est=2.064
[INFO] [1789400779.442658194] [acados_nmpc_node]: [wcmd] raw=[-0.010,-0.020,+0.103] w=[-0.007,-0.005,+0.118] err=[-0.003,-0.014] scaled=[-0.011,-0.020] s=1.01
[INFO] [1789400779.454730892] [acados_nmpc_node]: [attach-window] t=64.45s pos_err=0.054m T=20.18N z=5.666 m_est=2.064
[INFO] [1789400779.509956076] [acados_nmpc_node]: [attach-window] t=64.50s pos_err=0.043m T=20.16N z=5.673 m_est=2.064
[INFO] [1789400779.554746562] [acados_nmpc_node]: [attach-window] t=64.55s pos_err=0.062m T=20.20N z=5.676 m_est=2.064
[INFO] [1789400779.610150810] [acados_nmpc_node]: [attach-window] t=64.60s pos_err=0.050m T=20.19N z=5.683 m_est=2.064
[INFO] [1789400779.642684102] [acados_nmpc_node]: [wcmd] raw=[+0.000,-0.014,+0.092] w=[-0.010,-0.004,+0.106] err=[+0.010,-0.010] scaled=[+0.000,-0.014] s=1.01
[INFO] [1789400779.654783458] [acados_nmpc_node]: [attach-window] t=64.65s pos_err=0.058m T=20.21N z=5.687 m_est=2.064
[INFO] [1789400779.710098700] [acados_nmpc_node]: [attach-window] t=64.70s pos_err=0.046m T=20.19N z=5.694 m_est=2.064
[INFO] [1789400779.754778419] [acados_nmpc_node]: [attach-window] t=64.75s pos_err=0.065m T=20.23N z=5.697 m_est=2.064
[INFO] [1789400779.810092652] [acados_nmpc_node]: [attach-window] t=64.80s pos_err=0.053m T=20.22N z=5.703 m_est=2.064
[INFO] [1789400779.842673403] [acados_nmpc_node]: [wcmd] raw=[+0.017,-0.018,+0.082] w=[+0.009,+0.003,+0.094] err=[+0.008,-0.021] scaled=[+0.017,-0.018] s=1.01
[INFO] [1789400779.854729841] [acados_nmpc_node]: [attach-window] t=64.85s pos_err=0.060m T=20.23N z=5.707 m_est=2.064
[INFO] [1789400779.910354275] [acados_nmpc_node]: [attach-window] t=64.90s pos_err=0.048m T=20.20N z=5.714 m_est=2.064
[INFO] [1789400779.954859987] [acados_nmpc_node]: [attach-window] t=64.95s pos_err=0.067m T=20.25N z=5.717 m_est=2.064
[INFO] [1789400780.010334530] [acados_nmpc_node]: [attach-window] t=65.00s pos_err=0.053m T=20.23N z=5.724 m_est=2.064
[INFO] [1789400780.042798881] [acados_nmpc_node]: [wcmd] raw=[+0.016,-0.035,+0.074] w=[+0.022,-0.014,+0.084] err=[-0.006,-0.021] scaled=[+0.016,-0.035] s=1.00
[INFO] [1789400780.054821150] [acados_nmpc_node]: [attach-window] t=65.05s pos_err=0.060m T=20.24N z=5.728 m_est=2.064
[INFO] [1789400780.109994438] [acados_nmpc_node]: [attach-window] t=65.10s pos_err=0.046m T=20.20N z=5.734 m_est=2.064
[INFO] [1789400780.154308082] [acados_nmpc_node]: [attach-window] t=65.15s pos_err=0.065m T=20.24N z=5.738 m_est=2.064
[INFO] [1789400780.207698679] [acados_nmpc_node]: [attach-window] t=65.20s pos_err=0.048m T=20.20N z=5.744 m_est=2.064
[INFO] [1789400780.242654368] [acados_nmpc_node]: [wcmd] raw=[-0.003,-0.043,+0.065] w=[+0.009,-0.024,+0.075] err=[-0.012,-0.019] scaled=[-0.003,-0.043] s=1.00
[INFO] [1789400780.254690673] [acados_nmpc_node]: [attach-window] t=65.25s pos_err=0.057m T=20.21N z=5.749 m_est=2.064
[INFO] [1789400780.310121898] [acados_nmpc_node]: [attach-window] t=65.30s pos_err=0.043m T=20.17N z=5.756 m_est=2.064
[INFO] [1789400780.354761530] [acados_nmpc_node]: [attach-window] t=65.35s pos_err=0.061m T=20.20N z=5.760 m_est=2.064
[INFO] [1789400780.410301041] [acados_nmpc_node]: [attach-window] t=65.40s pos_err=0.046m T=20.16N z=5.768 m_est=2.064
[INFO] [1789400780.442651369] [acados_nmpc_node]: [wcmd] raw=[-0.008,-0.017,+0.058] w=[-0.011,-0.011,+0.066] err=[+0.003,-0.006] scaled=[-0.008,-0.017] s=1.00
[INFO] [1789400780.454792818] [acados_nmpc_node]: [attach-window] t=65.45s pos_err=0.052m T=20.16N z=5.772 m_est=2.064
[INFO] [1789400780.510137854] [acados_nmpc_node]: [attach-window] t=65.50s pos_err=0.038m T=20.12N z=5.780 m_est=2.064
[INFO] [1789400780.554949688] [acados_nmpc_node]: [attach-window] t=65.55s pos_err=0.056m T=20.16N z=5.784 m_est=2.064
[INFO] [1789400780.610487520] [acados_nmpc_node]: [attach-window] t=65.60s pos_err=0.042m T=20.12N z=5.792 m_est=2.064
[INFO] [1789400780.642718876] [acados_nmpc_node]: [wcmd] raw=[+0.009,-0.020,+0.051] w=[-0.002,+0.003,+0.058] err=[+0.011,-0.023] scaled=[+0.009,-0.020] s=1.00
[INFO] [1789400780.654972784] [acados_nmpc_node]: [attach-window] t=65.65s pos_err=0.047m T=20.13N z=5.797 m_est=2.064
[INFO] [1789400780.710399856] [acados_nmpc_node]: [attach-window] t=65.70s pos_err=0.035m T=20.11N z=5.805 m_est=2.064
[INFO] [1789400780.710893687] [acados_nmpc_node]: t=65.7s | pos_err=0.035m | T=20.11N | tau=[r0.005 p-0.011 y-0.003]Nm | res_stat=2.021e-07(peak 9.962e-07) sqp_iter=3 | solve=1.6ms
[INFO] [1789400780.711101613] [acados_nmpc_node]: [flight-diag] t=65.7s | om_scale=1.001(lo 1.001 hi 3.046) | tilt_max=3.34deg | w_max=[r0.503 p0.339 y0.462]rad/s | u_frac=[T0.653 r0.937 p0.364 y0.141] | u_sat=[T0.0 r0.0 p0.0 y0.0]% | mot_peak=0.849 mot_sat=0.0% | health=1 age=0.000s conf=1.000 | n=100
[INFO] [1789400780.755002353] [acados_nmpc_node]: [attach-window] t=65.75s pos_err=0.052m T=20.15N z=5.809 m_est=2.064
[INFO] [1789400780.810536948] [acados_nmpc_node]: [attach-window] t=65.80s pos_err=0.039m T=20.14N z=5.816 m_est=2.064
[INFO] [1789400780.842721721] [acados_nmpc_node]: [wcmd] raw=[+0.014,-0.022,+0.044] w=[+0.016,-0.010,+0.050] err=[-0.002,-0.013] scaled=[+0.014,-0.022] s=1.00
[INFO] [1789400780.854925360] [acados_nmpc_node]: [attach-window] t=65.85s pos_err=0.044m T=20.16N z=5.821 m_est=2.064
[INFO] [1789400780.910438489] [acados_nmpc_node]: [attach-window] t=65.90s pos_err=0.033m T=20.14N z=5.828 m_est=2.064
[INFO] [1789400780.954891507] [acados_nmpc_node]: [attach-window] t=65.95s pos_err=0.050m T=20.18N z=5.832 m_est=2.064
[INFO] [1789400781.010181570] [acados_nmpc_node]: [attach-window] t=66.00s pos_err=0.037m T=20.18N z=5.838 m_est=2.064
[INFO] [1789400781.042672466] [acados_nmpc_node]: [wcmd] raw=[-0.005,-0.006,+0.038] w=[+0.008,-0.001,+0.044] err=[-0.013,-0.005] scaled=[-0.005,-0.006] s=1.00
[INFO] [1789400781.054931511] [acados_nmpc_node]: [attach-window] t=66.05s pos_err=0.044m T=20.19N z=5.843 m_est=2.064
[INFO] [1789400781.109909463] [acados_nmpc_node]: [attach-window] t=66.10s pos_err=0.032m T=20.17N z=5.850 m_est=2.064
[INFO] [1789400781.154850791] [acados_nmpc_node]: [attach-window] t=66.15s pos_err=0.051m T=20.21N z=5.853 m_est=2.064
[INFO] [1789400781.210084265] [acados_nmpc_node]: [attach-window] t=66.20s pos_err=0.039m T=20.19N z=5.861 m_est=2.064
[INFO] [1789400781.242659284] [acados_nmpc_node]: [wcmd] raw=[-0.009,+0.005,+0.031] w=[-0.012,+0.029,+0.036] err=[+0.003,-0.024] scaled=[-0.009,+0.005] s=1.00
[INFO] [1789400781.254739857] [acados_nmpc_node]: [attach-window] t=66.25s pos_err=0.047m T=20.20N z=5.865 m_est=2.064
[INFO] [1789400781.310110301] [acados_nmpc_node]: [attach-window] t=66.30s pos_err=0.036m T=20.16N z=5.873 m_est=2.064
[INFO] [1789400781.354809869] [acados_nmpc_node]: [attach-window] t=66.35s pos_err=0.057m T=20.20N z=5.877 m_est=2.064
[INFO] [1789400781.410024988] [acados_nmpc_node]: [attach-window] t=66.40s pos_err=0.043m T=20.17N z=5.884 m_est=2.064
[INFO] [1789400781.442674645] [acados_nmpc_node]: [wcmd] raw=[+0.004,-0.013,+0.025] w=[-0.002,+0.027,+0.031] err=[+0.006,-0.040] scaled=[+0.004,-0.013] s=1.00
[INFO] [1789400781.454778946] [acados_nmpc_node]: [attach-window] t=66.45s pos_err=0.051m T=20.17N z=5.889 m_est=2.064
[INFO] [1789400781.510238989] [acados_nmpc_node]: [attach-window] t=66.50s pos_err=0.037m T=20.14N z=5.897 m_est=2.064
[INFO] [1789400781.554868560] [acados_nmpc_node]: [attach-window] t=66.55s pos_err=0.045m T=20.15N z=5.901 m_est=2.064
[INFO] [1789400781.610122290] [acados_nmpc_node]: [attach-window] t=66.60s pos_err=0.043m T=20.15N z=5.908 m_est=2.064
[INFO] [1789400781.642665190] [acados_nmpc_node]: [wcmd] raw=[-0.008,-0.045,+0.019] w=[-0.001,-0.043,+0.026] err=[-0.007,-0.002] scaled=[-0.008,-0.045] s=1.00
[INFO] [1789400781.654675859] [acados_nmpc_node]: [attach-window] t=66.65s pos_err=0.051m T=20.17N z=5.912 m_est=2.064
[INFO] [1789400781.710003074] [acados_nmpc_node]: [attach-window] t=66.70s pos_err=0.034m T=20.16N z=5.920 m_est=2.064
[INFO] [1789400781.754851048] [acados_nmpc_node]: [attach-window] t=66.75s pos_err=0.058m T=20.20N z=5.923 m_est=2.064
[INFO] [1789400781.810357729] [acados_nmpc_node]: [attach-window] t=66.80s pos_err=0.027m T=20.15N z=5.931 m_est=2.064
[INFO] [1789400781.842671543] [acados_nmpc_node]: [wcmd] raw=[-0.002,-0.065,+0.013] w=[-0.013,-0.013,+0.019] err=[+0.011,-0.052] scaled=[-0.002,-0.065] s=1.00
[INFO] [1789400781.854761788] [acados_nmpc_node]: [attach-window] t=66.85s pos_err=0.050m T=20.19N z=5.935 m_est=2.064
[INFO] [1789400781.910061339] [acados_nmpc_node]: [attach-window] t=66.90s pos_err=0.033m T=20.16N z=5.942 m_est=2.064
[INFO] [1789400781.954732958] [acados_nmpc_node]: [attach-window] t=66.95s pos_err=0.041m T=20.17N z=5.946 m_est=2.064
[INFO] [1789400782.010084204] [acados_nmpc_node]: [attach-window] t=67.00s pos_err=0.039m T=20.17N z=5.952 m_est=2.064
[INFO] [1789400782.042668291] [acados_nmpc_node]: [wcmd] raw=[+0.027,-0.014,+0.007] w=[+0.013,-0.022,+0.014] err=[+0.015,+0.008] scaled=[+0.027,-0.014] s=1.00
[INFO] [1789400782.054810986] [acados_nmpc_node]: [attach-window] t=67.05s pos_err=0.048m T=20.19N z=5.957 m_est=2.064
[INFO] [1789400782.110167976] [acados_nmpc_node]: [attach-window] t=67.10s pos_err=0.031m T=20.18N z=5.963 m_est=2.064
[INFO] [1789400782.154713737] [acados_nmpc_node]: [attach-window] t=67.15s pos_err=0.055m T=20.22N z=5.967 m_est=2.064
[INFO] [1789400782.210168366] [acados_nmpc_node]: [attach-window] t=67.20s pos_err=0.038m T=20.21N z=5.973 m_est=2.064
[INFO] [1789400782.242656273] [acados_nmpc_node]: [wcmd] raw=[+0.027,-0.014,+0.000] w=[+0.038,+0.012,+0.007] err=[-0.011,-0.026] scaled=[+0.027,-0.014] s=1.00
[INFO] [1789400782.254710884] [acados_nmpc_node]: [attach-window] t=67.25s pos_err=0.047m T=20.22N z=5.977 m_est=2.064
[INFO] [1789400782.310338971] [acados_nmpc_node]: [attach-window] t=67.30s pos_err=0.030m T=20.20N z=5.984 m_est=2.064
[INFO] [1789400782.354777997] [acados_nmpc_node]: [attach-window] t=67.35s pos_err=0.054m T=20.24N z=5.987 m_est=2.064
[INFO] [1789400782.410562814] [acados_nmpc_node]: [attach-window] t=67.40s pos_err=0.038m T=20.23N z=5.993 m_est=2.064
[INFO] [1789400782.442664529] [acados_nmpc_node]: [wcmd] raw=[-0.007,-0.033,-0.006] w=[+0.013,-0.010,+0.000] err=[-0.020,-0.023] scaled=[-0.007,-0.033] s=1.00
[INFO] [1789400782.454738506] [acados_nmpc_node]: [attach-window] t=67.45s pos_err=0.046m T=20.24N z=5.997 m_est=2.064
[INFO] [1789400782.509888250] [acados_nmpc_node]: [attach-window] t=67.50s pos_err=0.029m T=20.22N z=6.004 m_est=2.064
[INFO] [1789400782.554716797] [acados_nmpc_node]: [attach-window] t=67.55s pos_err=0.038m T=20.24N z=6.008 m_est=2.064
[INFO] [1789400782.610081408] [acados_nmpc_node]: [attach-window] t=67.60s pos_err=0.037m T=20.23N z=6.013 m_est=2.064
[INFO] [1789400782.642648667] [acados_nmpc_node]: [wcmd] raw=[-0.008,-0.028,-0.012] w=[-0.016,-0.043,-0.006] err=[+0.008,+0.015] scaled=[-0.008,-0.028] s=1.00
[INFO] [1789400782.654753745] [acados_nmpc_node]: [attach-window] t=67.65s pos_err=0.046m T=20.25N z=6.017 m_est=2.064
[INFO] [1789400782.709969180] [acados_nmpc_node]: [attach-window] t=67.70s pos_err=0.029m T=20.22N z=6.024 m_est=2.064
[INFO] [1789400782.754737888] [acados_nmpc_node]: [attach-window] t=67.75s pos_err=0.054m T=20.25N z=6.027 m_est=2.064
[INFO] [1789400782.810189582] [acados_nmpc_node]: [attach-window] t=67.80s pos_err=0.037m T=20.23N z=6.034 m_est=2.064
[INFO] [1789400782.842667216] [acados_nmpc_node]: [wcmd] raw=[+0.019,-0.002,-0.017] w=[+0.005,+0.013,-0.011] err=[+0.014,-0.016] scaled=[+0.019,-0.002] s=1.00
[INFO] [1789400782.854695171] [acados_nmpc_node]: [attach-window] t=67.85s pos_err=0.047m T=20.23N z=6.039 m_est=2.064
[INFO] [1789400782.907672993] [acados_nmpc_node]: [attach-window] t=67.90s pos_err=0.027m T=20.19N z=6.045 m_est=2.064
[INFO] [1789400782.954175275] [acados_nmpc_node]: [attach-window] t=67.95s pos_err=0.056m T=20.23N z=6.049 m_est=2.064
[INFO] [1789400783.007763437] [acados_nmpc_node]: [attach-window] t=68.00s pos_err=0.037m T=20.20N z=6.056 m_est=2.064
[INFO] [1789400783.042670544] [acados_nmpc_node]: [wcmd] raw=[+0.017,-0.029,-0.023] w=[+0.022,+0.000,-0.017] err=[-0.006,-0.029] scaled=[+0.017,-0.029] s=1.00
[INFO] [1789400783.054673868] [acados_nmpc_node]: [attach-window] t=68.05s pos_err=0.050m T=20.20N z=6.060 m_est=2.064
[INFO] [1789400783.109804405] [acados_nmpc_node]: [attach-window] t=68.10s pos_err=0.033m T=20.17N z=6.068 m_est=2.064
[INFO] [1789400783.154692654] [acados_nmpc_node]: [attach-window] t=68.15s pos_err=0.059m T=20.20N z=6.071 m_est=2.064
[INFO] [1789400783.210084427] [acados_nmpc_node]: [attach-window] t=68.20s pos_err=0.043m T=20.17N z=6.079 m_est=2.064
[INFO] [1789400783.242670957] [acados_nmpc_node]: [wcmd] raw=[+0.013,-0.022,-0.029] w=[+0.016,+0.001,-0.022] err=[-0.003,-0.022] scaled=[+0.013,-0.022] s=1.00
[INFO] [1789400783.254983130] [acados_nmpc_node]: [attach-window] t=68.25s pos_err=0.053m T=20.18N z=6.083 m_est=2.064
[INFO] [1789400783.310052103] [acados_nmpc_node]: [attach-window] t=68.30s pos_err=0.036m T=20.14N z=6.091 m_est=2.064
[INFO] [1789400783.354943480] [acados_nmpc_node]: [attach-window] t=68.35s pos_err=0.061m T=20.18N z=6.095 m_est=2.064
[INFO] [1789400783.410084096] [acados_nmpc_node]: [attach-window] t=68.40s pos_err=0.029m T=20.12N z=6.103 m_est=2.064
[INFO] [1789400783.442661479] [acados_nmpc_node]: [wcmd] raw=[+0.003,-0.074,-0.035] w=[+0.013,-0.004,-0.027] err=[-0.010,-0.070] scaled=[+0.003,-0.074] s=1.00
[INFO] [1789400783.454936637] [acados_nmpc_node]: [attach-window] t=68.45s pos_err=0.054m T=20.15N z=6.107 m_est=2.064
[INFO] [1789400783.510202110] [acados_nmpc_node]: [attach-window] t=68.50s pos_err=0.038m T=20.12N z=6.115 m_est=2.064
[INFO] [1789400783.555082650] [acados_nmpc_node]: [attach-window] t=68.55s pos_err=0.047m T=20.12N z=6.120 m_est=2.064
[INFO] [1789400783.610394462] [acados_nmpc_node]: [attach-window] t=68.60s pos_err=0.046m T=20.12N z=6.127 m_est=2.064
[INFO] [1789400783.642671202] [acados_nmpc_node]: [wcmd] raw=[-0.005,-0.012,-0.042] w=[-0.002,-0.025,-0.034] err=[-0.002,+0.013] scaled=[-0.005,-0.012] s=1.00
[INFO] [1789400783.654694997] [acados_nmpc_node]: [attach-window] t=68.65s pos_err=0.054m T=20.13N z=6.132 m_est=2.064
[INFO] [1789400783.709976910] [acados_nmpc_node]: [attach-window] t=68.70s pos_err=0.038m T=20.12N z=6.140 m_est=2.064
[INFO] [1789400783.754512345] [acados_nmpc_node]: [attach-window] t=68.75s pos_err=0.062m T=20.15N z=6.144 m_est=2.064
[INFO] [1789400783.807709008] [acados_nmpc_node]: [attach-window] t=68.80s pos_err=0.028m T=20.10N z=6.153 m_est=2.064
[INFO] [1789400783.842671853] [acados_nmpc_node]: [wcmd] raw=[+0.001,-0.063,-0.049] w=[-0.003,+0.021,-0.040] err=[+0.004,-0.083] scaled=[+0.001,-0.063] s=1.00
[INFO] [1789400783.854742344] [acados_nmpc_node]: [attach-window] t=68.85s pos_err=0.055m T=20.13N z=6.157 m_est=2.064
[INFO] [1789400783.910146010] [acados_nmpc_node]: [attach-window] t=68.90s pos_err=0.039m T=20.10N z=6.165 m_est=2.064
[INFO] [1789400783.955100240] [acados_nmpc_node]: [attach-window] t=68.95s pos_err=0.063m T=20.12N z=6.169 m_est=2.064
[INFO] [1789400784.010263524] [acados_nmpc_node]: [attach-window] t=69.00s pos_err=0.048m T=20.10N z=6.177 m_est=2.064
[INFO] [1789400784.042657445] [acados_nmpc_node]: [wcmd] raw=[+0.013,-0.011,-0.058] w=[+0.009,+0.004,-0.048] err=[+0.003,-0.015] scaled=[+0.013,-0.011] s=1.00
[INFO] [1789400784.054722080] [acados_nmpc_node]: [attach-window] t=69.05s pos_err=0.057m T=20.10N z=6.182 m_est=2.064
[INFO] [1789400784.109865021] [acados_nmpc_node]: [attach-window] t=69.10s pos_err=0.042m T=20.08N z=6.190 m_est=2.064
[INFO] [1789400784.155031446] [acados_nmpc_node]: [attach-window] t=69.15s pos_err=0.066m T=20.11N z=6.194 m_est=2.064
[INFO] [1789400784.210182693] [acados_nmpc_node]: [attach-window] t=69.20s pos_err=0.052m T=20.10N z=6.202 m_est=2.064
[INFO] [1789400784.242639711] [acados_nmpc_node]: [wcmd] raw=[+0.004,-0.023,-0.066] w=[+0.013,+0.002,-0.055] err=[-0.009,-0.025] scaled=[+0.004,-0.023] s=1.00
[INFO] [1789400784.254914569] [acados_nmpc_node]: [attach-window] t=69.25s pos_err=0.062m T=20.10N z=6.207 m_est=2.064
[INFO] [1789400784.310578643] [acados_nmpc_node]: [attach-window] t=69.30s pos_err=0.048m T=20.08N z=6.215 m_est=2.064
[INFO] [1789400784.355096004] [acados_nmpc_node]: [attach-window] t=69.35s pos_err=0.070m T=20.11N z=6.219 m_est=2.064
[INFO] [1789400784.410281720] [acados_nmpc_node]: [attach-window] t=69.40s pos_err=0.055m T=20.09N z=6.227 m_est=2.064
[INFO] [1789400784.442676046] [acados_nmpc_node]: [wcmd] raw=[-0.011,-0.039,-0.075] w=[-0.004,-0.012,-0.063] err=[-0.007,-0.027] scaled=[-0.011,-0.039] s=1.00
[INFO] [1789400784.455021269] [acados_nmpc_node]: [attach-window] t=69.45s pos_err=0.063m T=20.10N z=6.232 m_est=2.064
[INFO] [1789400784.509902437] [acados_nmpc_node]: [attach-window] t=69.50s pos_err=0.048m T=20.07N z=6.240 m_est=2.064
[INFO] [1789400784.554932763] [acados_nmpc_node]: [attach-window] t=69.55s pos_err=0.070m T=20.10N z=6.244 m_est=2.064
[INFO] [1789400784.610034930] [acados_nmpc_node]: [attach-window] t=69.60s pos_err=0.055m T=20.08N z=6.252 m_est=2.064
[INFO] [1789400784.642646842] [acados_nmpc_node]: [wcmd] raw=[+0.001,-0.043,-0.086] w=[-0.011,-0.022,-0.072] err=[+0.012,-0.022] scaled=[+0.001,-0.043] s=1.00
[INFO] [1789400784.654932104] [acados_nmpc_node]: [attach-window] t=69.65s pos_err=0.062m T=20.09N z=6.257 m_est=2.064
[INFO] [1789400784.709885161] [acados_nmpc_node]: [attach-window] t=69.70s pos_err=0.046m T=20.07N z=6.264 m_est=2.064
[INFO] [1789400784.755072603] [acados_nmpc_node]: [attach-window] t=69.75s pos_err=0.067m T=20.10N z=6.268 m_est=2.064
[INFO] [1789400784.810321081] [acados_nmpc_node]: [attach-window] t=69.80s pos_err=0.051m T=20.10N z=6.275 m_est=2.064
[INFO] [1789400784.842726032] [acados_nmpc_node]: [wcmd] raw=[+0.025,-0.033,-0.096] w=[+0.016,-0.021,-0.082] err=[+0.009,-0.012] scaled=[+0.025,-0.033] s=1.00
[INFO] [1789400784.854796519] [acados_nmpc_node]: [attach-window] t=69.85s pos_err=0.058m T=20.11N z=6.280 m_est=2.064
[INFO] [1789400784.910220176] [acados_nmpc_node]: [attach-window] t=69.90s pos_err=0.043m T=20.11N z=6.286 m_est=2.064
[INFO] [1789400784.954995837] [acados_nmpc_node]: [attach-window] t=69.95s pos_err=0.061m T=20.15N z=6.290 m_est=2.064
[INFO] [1789400785.010205357] [acados_nmpc_node]: [attach-window] t=70.00s pos_err=0.034m T=20.15N z=6.296 m_est=2.064
[INFO] [1789400785.042639277] [acados_nmpc_node]: [wcmd] raw=[+0.018,-0.060,-0.108] w=[+0.033,-0.009,-0.091] err=[-0.015,-0.052] scaled=[+0.018,-0.060] s=1.00
[INFO] [1789400785.054985270] [acados_nmpc_node]: [attach-window] t=70.05s pos_err=0.052m T=20.19N z=6.299 m_est=2.064
[INFO] [1789400785.109956017] [acados_nmpc_node]: [attach-window] t=70.10s pos_err=0.037m T=20.19N z=6.305 m_est=2.064
[INFO] [1789400785.154932689] [acados_nmpc_node]: [attach-window] t=70.15s pos_err=0.056m T=20.22N z=6.308 m_est=2.064
[INFO] [1789400785.210236235] [acados_nmpc_node]: [attach-window] t=70.20s pos_err=0.043m T=20.22N z=6.314 m_est=2.064
[INFO] [1789400785.242596180] [acados_nmpc_node]: [wcmd] raw=[-0.004,+0.001,-0.121] w=[+0.012,+0.004,-0.102] err=[-0.016,-0.003] scaled=[-0.004,+0.001] s=1.00
[INFO] [1789400785.255080552] [acados_nmpc_node]: [attach-window] t=70.25s pos_err=0.050m T=20.23N z=6.317 m_est=2.064
[INFO] [1789400785.310100077] [acados_nmpc_node]: [attach-window] t=70.30s pos_err=0.037m T=20.21N z=6.323 m_est=2.064
[INFO] [1789400785.354446575] [acados_nmpc_node]: [attach-window] t=70.35s pos_err=0.056m T=20.24N z=6.326 m_est=2.064
[INFO] [1789400785.407720050] [acados_nmpc_node]: [attach-window] t=70.40s pos_err=0.041m T=20.22N z=6.332 m_est=2.064
[INFO] [1789400785.442647078] [acados_nmpc_node]: [wcmd] raw=[-0.004,-0.013,-0.134] w=[-0.008,+0.022,-0.116] err=[+0.004,-0.034] scaled=[-0.004,-0.013] s=1.00
[INFO] [1789400785.454875536] [acados_nmpc_node]: [attach-window] t=70.45s pos_err=0.051m T=20.23N z=6.335 m_est=2.064
[INFO] [1789400785.510002376] [acados_nmpc_node]: [attach-window] t=70.50s pos_err=0.039m T=20.23N z=6.340 m_est=2.064
[INFO] [1789400785.554906672] [acados_nmpc_node]: [attach-window] t=70.55s pos_err=0.059m T=20.26N z=6.343 m_est=2.064
[INFO] [1789400785.609993260] [acados_nmpc_node]: [attach-window] t=70.60s pos_err=0.046m T=20.26N z=6.348 m_est=2.064
[INFO] [1789400785.642637727] [acados_nmpc_node]: [wcmd] raw=[+0.010,-0.023,-0.149] w=[+0.006,+0.003,-0.128] err=[+0.004,-0.026] scaled=[+0.010,-0.023] s=1.00
[INFO] [1789400785.654954236] [acados_nmpc_node]: [attach-window] t=70.65s pos_err=0.054m T=20.28N z=6.351 m_est=2.064
[INFO] [1789400785.709813055] [acados_nmpc_node]: [attach-window] t=70.70s pos_err=0.041m T=20.26N z=6.356 m_est=2.064
[INFO] [1789400785.710293693] [acados_nmpc_node]: t=70.7s | pos_err=0.041m | T=20.26N | tau=[r-0.001 p-0.008 y-0.009]Nm | res_stat=6.962e-07(peak 9.968e-07) sqp_iter=3 | solve=1.5ms
[INFO] [1789400785.710494363] [acados_nmpc_node]: [flight-diag] t=70.7s | om_scale=1.000(lo 1.000 hi 1.001) | tilt_max=2.37deg | w_max=[r0.038 p0.051 y0.132]rad/s | u_frac=[T0.647 r0.017 p0.043 y0.045] | u_sat=[T0.0 r0.0 p0.0 y0.0]% | mot_peak=0.785 mot_sat=0.0% | health=1 age=0.000s conf=1.000 | n=100
[INFO] [1789400785.755072412] [acados_nmpc_node]: [attach-window] t=70.75s pos_err=0.061m T=20.29N z=6.358 m_est=2.064
[INFO] [1789400785.810053089] [acados_nmpc_node]: [attach-window] t=70.80s pos_err=0.049m T=20.27N z=6.364 m_est=2.064
[INFO] [1789400785.842649568] [acados_nmpc_node]: [wcmd] raw=[+0.007,-0.024,-0.165] w=[+0.013,-0.008,-0.142] err=[-0.007,-0.016] scaled=[+0.007,-0.024] s=1.00
[INFO] [1789400785.854931700] [acados_nmpc_node]: [attach-window] t=70.85s pos_err=0.057m T=20.27N z=6.367 m_est=2.064
[INFO] [1789400785.909860705] [acados_nmpc_node]: [attach-window] t=70.90s pos_err=0.045m T=20.24N z=6.373 m_est=2.064
[INFO] [1789400785.955179686] [acados_nmpc_node]: [attach-window] t=70.95s pos_err=0.065m T=20.26N z=6.376 m_est=2.064
[INFO] [1789400786.010582655] [acados_nmpc_node]: [attach-window] t=71.00s pos_err=0.053m T=20.24N z=6.382 m_est=2.064
[INFO] [1789400786.042662766] [acados_nmpc_node]: [wcmd] raw=[+0.001,-0.018,-0.182] w=[+0.006,-0.004,-0.156] err=[-0.005,-0.015] scaled=[+0.001,-0.018] s=1.00
[INFO] [1789400786.055051918] [acados_nmpc_node]: [attach-window] t=71.05s pos_err=0.061m T=20.24N z=6.385 m_est=2.064
[INFO] [1789400786.110274543] [acados_nmpc_node]: [attach-window] t=71.10s pos_err=0.049m T=20.23N z=6.391 m_est=2.064
[INFO] [1789400786.155007988] [acados_nmpc_node]: [attach-window] t=71.15s pos_err=0.057m T=20.24N z=6.394 m_est=2.064
[INFO] [1789400786.210319542] [acados_nmpc_node]: [attach-window] t=71.20s pos_err=0.057m T=20.24N z=6.399 m_est=2.064
[INFO] [1789400786.242636860] [acados_nmpc_node]: [wcmd] raw=[+0.006,-0.024,-0.202] w=[+0.004,-0.017,-0.173] err=[+0.002,-0.007] scaled=[+0.006,-0.024] s=1.00
[INFO] [1789400786.254914329] [acados_nmpc_node]: [attach-window] t=71.25s pos_err=0.064m T=20.25N z=6.403 m_est=2.064
[INFO] [1789400786.310525673] [acados_nmpc_node]: [attach-window] t=71.30s pos_err=0.052m T=20.24N z=6.408 m_est=2.064
[INFO] [1789400786.355173200] [acados_nmpc_node]: [attach-window] t=71.35s pos_err=0.070m T=20.26N z=6.411 m_est=2.064
[INFO] [1789400786.410511800] [acados_nmpc_node]: [attach-window] t=71.40s pos_err=0.058m T=20.25N z=6.416 m_est=2.064
[INFO] [1789400786.442653289] [acados_nmpc_node]: [wcmd] raw=[+0.011,-0.018,-0.224] w=[+0.015,+0.002,-0.190] err=[-0.004,-0.020] scaled=[+0.011,-0.018] s=1.00
[INFO] [1789400786.455019601] [acados_nmpc_node]: [attach-window] t=71.45s pos_err=0.064m T=20.25N z=6.420 m_est=2.064
[INFO] [1789400786.510273647] [acados_nmpc_node]: [attach-window] t=71.50s pos_err=0.052m T=20.22N z=6.426 m_est=2.064
[INFO] [1789400786.554980025] [acados_nmpc_node]: [attach-window] t=71.55s pos_err=0.058m T=20.22N z=6.430 m_est=2.064
[INFO] [1789400786.610312040] [acados_nmpc_node]: [attach-window] t=71.60s pos_err=0.056m T=20.21N z=6.435 m_est=2.064
[INFO] [1789400786.642653931] [acados_nmpc_node]: [wcmd] raw=[-0.002,-0.042,-0.248] w=[+0.007,-0.030,-0.212] err=[-0.009,-0.011] scaled=[-0.002,-0.042] s=1.00
[INFO] [1789400786.654938941] [acados_nmpc_node]: [attach-window] t=71.65s pos_err=0.061m T=20.21N z=6.439 m_est=2.064
[INFO] [1789400786.710118893] [acados_nmpc_node]: [attach-window] t=71.70s pos_err=0.047m T=20.19N z=6.445 m_est=2.064
[INFO] [1789400786.755003863] [acados_nmpc_node]: [attach-window] t=71.75s pos_err=0.053m T=20.20N z=6.449 m_est=2.064
[INFO] [1789400786.810404754] [acados_nmpc_node]: [attach-window] t=71.80s pos_err=0.050m T=20.20N z=6.454 m_est=2.064
[INFO] [1789400786.842654888] [acados_nmpc_node]: [wcmd] raw=[-0.010,-0.030,-0.275] w=[-0.006,-0.035,-0.235] err=[-0.004,+0.005] scaled=[-0.010,-0.030] s=1.00
[INFO] [1789400786.854972889] [acados_nmpc_node]: [attach-window] t=71.85s pos_err=0.054m T=20.21N z=6.458 m_est=2.064
[INFO] [1789400786.910307572] [acados_nmpc_node]: [attach-window] t=71.90s pos_err=0.042m T=20.21N z=6.463 m_est=2.064
[INFO] [1789400786.955014722] [acados_nmpc_node]: [attach-window] t=71.95s pos_err=0.046m T=20.23N z=6.467 m_est=2.064
[INFO] [1789400787.007504758] [acados_nmpc_node]: [attach-window] t=72.00s pos_err=0.032m T=20.22N z=6.472 m_est=2.064
[INFO] [1789400787.042629428] [acados_nmpc_node]: [wcmd] raw=[-0.012,-0.042,-0.300] w=[-0.010,-0.015,-0.260] err=[-0.002,-0.027] scaled=[-0.012,-0.042] s=1.00
[INFO] [1789400787.054981852] [acados_nmpc_node]: [attach-window] t=72.05s pos_err=0.048m T=20.25N z=6.475 m_est=2.064
[INFO] [1789400787.110144510] [acados_nmpc_node]: [attach-window] t=72.10s pos_err=0.037m T=20.25N z=6.480 m_est=2.064
[INFO] [1789400787.155053206] [acados_nmpc_node]: [attach-window] t=72.15s pos_err=0.041m T=20.25N z=6.483 m_est=2.064
[INFO] [1789400787.210336923] [acados_nmpc_node]: [attach-window] t=72.20s pos_err=0.031m T=20.24N z=6.488 m_est=2.064
[INFO] [1789400787.242669226] [acados_nmpc_node]: [wcmd] raw=[-0.001,-0.022,-0.330] w=[+0.000,+0.001,-0.286] err=[-0.001,-0.023] scaled=[-0.001,-0.022] s=1.00
[INFO] [1789400787.255076476] [acados_nmpc_node]: [attach-window] t=72.25s pos_err=0.044m T=20.25N z=6.491 m_est=2.064
[INFO] [1789400787.310759396] [acados_nmpc_node]: [attach-window] t=72.30s pos_err=0.034m T=20.23N z=6.496 m_est=2.064
[INFO] [1789400787.355149754] [acados_nmpc_node]: [attach-window] t=72.35s pos_err=0.046m T=20.24N z=6.499 m_est=2.064
[INFO] [1789400787.410692335] [acados_nmpc_node]: [attach-window] t=72.40s pos_err=0.036m T=20.22N z=6.505 m_est=2.064
[INFO] [1789400787.442700164] [acados_nmpc_node]: [wcmd] raw=[+0.009,-0.006,-0.364] w=[+0.013,+0.018,-0.315] err=[-0.004,-0.024] scaled=[+0.009,-0.006] s=1.00
[INFO] [1789400787.455376530] [acados_nmpc_node]: [attach-window] t=72.45s pos_err=0.040m T=20.21N z=6.508 m_est=2.064
[INFO] [1789400787.510946286] [acados_nmpc_node]: [attach-window] t=72.50s pos_err=0.031m T=20.19N z=6.514 m_est=2.064
[INFO] [1789400787.555311242] [acados_nmpc_node]: [attach-window] t=72.55s pos_err=0.041m T=20.21N z=6.517 m_est=2.064
[INFO] [1789400787.610828561] [acados_nmpc_node]: [attach-window] t=72.60s pos_err=0.032m T=20.19N z=6.523 m_est=2.064
[INFO] [1789400787.642699875] [acados_nmpc_node]: [wcmd] raw=[+0.008,-0.029,-0.393] w=[+0.011,-0.011,-0.345] err=[-0.003,-0.018] scaled=[+0.008,-0.029] s=1.00
[INFO] [1789400787.655303723] [acados_nmpc_node]: [attach-window] t=72.65s pos_err=0.034m T=20.19N z=6.527 m_est=2.064
[INFO] [1789400787.710230911] [acados_nmpc_node]: [attach-window] t=72.70s pos_err=0.026m T=20.16N z=6.533 m_est=2.064
[INFO] [1789400787.755008696] [acados_nmpc_node]: [attach-window] t=72.75s pos_err=0.027m T=20.16N z=6.537 m_est=2.064
[INFO] [1789400787.810547368] [acados_nmpc_node]: [attach-window] t=72.80s pos_err=0.025m T=20.15N z=6.542 m_est=2.064
[INFO] [1789400787.842655691] [acados_nmpc_node]: [wcmd] raw=[+0.013,-0.021,-0.420] w=[+0.014,-0.030,-0.375] err=[-0.000,+0.010] scaled=[+0.013,-0.021] s=1.00
[INFO] [1789400787.854975578] [acados_nmpc_node]: [attach-window] t=72.85s pos_err=0.026m T=20.15N z=6.546 m_est=2.064
[INFO] [1789400787.907860705] [acados_nmpc_node]: [attach-window] t=72.90s pos_err=0.019m T=20.13N z=6.553 m_est=2.064
[INFO] [1789400787.955021374] [acados_nmpc_node]: [attach-window] t=72.95s pos_err=0.025m T=20.15N z=6.556 m_est=2.064
[INFO] [1789400788.010256656] [acados_nmpc_node]: [attach-window] t=73.00s pos_err=0.018m T=20.13N z=6.562 m_est=2.064
[INFO] [1789400788.042639930] [acados_nmpc_node]: [wcmd] raw=[+0.008,-0.003,-0.443] w=[+0.016,+0.002,-0.406] err=[-0.008,-0.005] scaled=[+0.008,-0.003] s=1.00
[INFO] [1789400788.054834050] [acados_nmpc_node]: [attach-window] t=73.05s pos_err=0.018m T=20.14N z=6.566 m_est=2.064
[INFO] [1789400788.109920528] [acados_nmpc_node]: [attach-window] t=73.10s pos_err=0.014m T=20.12N z=6.572 m_est=2.064
[INFO] [1789400788.154796053] [acados_nmpc_node]: [attach-window] t=73.15s pos_err=0.018m T=20.14N z=6.575 m_est=2.064
[INFO] [1789400788.209899540] [acados_nmpc_node]: [attach-window] t=73.20s pos_err=0.013m T=20.13N z=6.581 m_est=2.064
[INFO] [1789400788.242726663] [acados_nmpc_node]: [wcmd] raw=[-0.007,-0.008,-0.459] w=[+0.006,+0.004,-0.432] err=[-0.012,-0.013] scaled=[-0.007,-0.008] s=1.00
[INFO] [1789400788.254737772] [acados_nmpc_node]: [attach-window] t=73.25s pos_err=0.014m T=20.14N z=6.584 m_est=2.064
[INFO] [1789400788.310263169] [acados_nmpc_node]: [attach-window] t=73.30s pos_err=0.014m T=20.13N z=6.590 m_est=2.064
[INFO] [1789400788.354879769] [acados_nmpc_node]: [attach-window] t=73.35s pos_err=0.017m T=20.16N z=6.592 m_est=2.064
[INFO] [1789400788.410330504] [acados_nmpc_node]: [attach-window] t=73.40s pos_err=0.016m T=20.16N z=6.597 m_est=2.064
[INFO] [1789400788.442665296] [acados_nmpc_node]: [wcmd] raw=[-0.030,-0.003,-0.468] w=[-0.021,+0.007,-0.454] err=[-0.008,-0.010] scaled=[-0.030,-0.003] s=1.00
[INFO] [1789400788.454974498] [acados_nmpc_node]: [attach-window] t=73.45s pos_err=0.018m T=20.17N z=6.600 m_est=2.064
[INFO] [1789400788.510239318] [acados_nmpc_node]: [attach-window] t=73.50s pos_err=0.020m T=20.17N z=6.605 m_est=2.064
[INFO] [1789400788.554943239] [acados_nmpc_node]: [attach-window] t=73.55s pos_err=0.022m T=20.19N z=6.607 m_est=2.064
[INFO] [1789400788.610121927] [acados_nmpc_node]: [attach-window] t=73.60s pos_err=0.022m T=20.19N z=6.612 m_est=2.064
[INFO] [1789400788.642629365] [acados_nmpc_node]: [wcmd] raw=[-0.017,-0.011,-0.467] w=[-0.035,+0.004,-0.469] err=[+0.018,-0.015] scaled=[-0.017,-0.011] s=1.00
[INFO] [1789400788.654921510] [acados_nmpc_node]: [attach-window] t=73.65s pos_err=0.024m T=20.21N z=6.614 m_est=2.064
[INFO] [1789400788.710295040] [acados_nmpc_node]: [attach-window] t=73.70s pos_err=0.027m T=20.21N z=6.618 m_est=2.064
[INFO] [1789400788.754963912] [acados_nmpc_node]: [attach-window] t=73.75s pos_err=0.028m T=20.24N z=6.620 m_est=2.064
[INFO] [1789400788.810323235] [acados_nmpc_node]: [attach-window] t=73.80s pos_err=0.029m T=20.23N z=6.624 m_est=2.064
[INFO] [1789400788.842669043] [acados_nmpc_node]: [wcmd] raw=[+0.019,-0.015,-0.452] w=[-0.003,-0.002,-0.475] err=[+0.022,-0.014] scaled=[+0.019,-0.015] s=1.00
[INFO] [1789400788.854982539] [acados_nmpc_node]: [attach-window] t=73.85s pos_err=0.029m T=20.24N z=6.626 m_est=2.064
[INFO] [1789400788.910337678] [acados_nmpc_node]: [attach-window] t=73.90s pos_err=0.031m T=20.23N z=6.630 m_est=2.064
[INFO] [1789400788.954816866] [acados_nmpc_node]: [attach-window] t=73.95s pos_err=0.029m T=20.25N z=6.631 m_est=2.064
[INFO] [1789400789.010291883] [acados_nmpc_node]: [attach-window] t=74.00s pos_err=0.030m T=20.25N z=6.635 m_est=2.064
[INFO] [1789400789.042639624] [acados_nmpc_node]: [wcmd] raw=[+0.032,-0.013,-0.439] w=[+0.027,-0.009,-0.472] err=[+0.005,-0.004] scaled=[+0.032,-0.013] s=1.00
[INFO] [1789400789.054810061] [acados_nmpc_node]: [attach-window] t=74.05s pos_err=0.029m T=20.25N z=6.637 m_est=2.064
[INFO] [1789400789.110235184] [acados_nmpc_node]: [attach-window] t=74.10s pos_err=0.031m T=20.25N z=6.641 m_est=2.064
[INFO] [1789400789.154716107] [acados_nmpc_node]: [attach-window] t=74.15s pos_err=0.026m T=20.27N z=6.642 m_est=2.064
[INFO] [1789400789.210299850] [acados_nmpc_node]: [attach-window] t=74.20s pos_err=0.028m T=20.26N z=6.646 m_est=2.064
[INFO] [1789400789.242602371] [acados_nmpc_node]: [wcmd] raw=[+0.016,-0.001,-0.415] w=[+0.026,+0.002,-0.462] err=[-0.010,-0.003] scaled=[+0.016,-0.001] s=1.00
[INFO] [1789400789.254746064] [acados_nmpc_node]: [attach-window] t=74.25s pos_err=0.025m T=20.26N z=6.648 m_est=2.064
[INFO] [1789400789.309940009] [acados_nmpc_node]: [attach-window] t=74.30s pos_err=0.028m T=20.24N z=6.652 m_est=2.064
[INFO] [1789400789.354295159] [acados_nmpc_node]: [attach-window] t=74.35s pos_err=0.022m T=20.24N z=6.654 m_est=2.064
[INFO] [1789400789.410074112] [acados_nmpc_node]: [attach-window] t=74.40s pos_err=0.024m T=20.21N z=6.659 m_est=2.064
[INFO] [1789400789.442638825] [acados_nmpc_node]: [wcmd] raw=[-0.005,+0.001,-0.385] w=[-0.001,+0.011,-0.442] err=[-0.004,-0.010] scaled=[-0.005,+0.001] s=1.00
[INFO] [1789400789.454678499] [acados_nmpc_node]: [attach-window] t=74.45s pos_err=0.020m T=20.19N z=6.662 m_est=2.064
[INFO] [1789400789.510170370] [acados_nmpc_node]: [attach-window] t=74.50s pos_err=0.022m T=20.15N z=6.667 m_est=2.064
[INFO] [1789400789.554770008] [acados_nmpc_node]: [attach-window] t=74.55s pos_err=0.018m T=20.15N z=6.670 m_est=2.064
[INFO] [1789400789.610250073] [acados_nmpc_node]: [attach-window] t=74.60s pos_err=0.021m T=20.12N z=6.675 m_est=2.064
[INFO] [1789400789.642642975] [acados_nmpc_node]: [wcmd] raw=[+0.013,-0.024,-0.350] w=[-0.004,-0.004,-0.418] err=[+0.017,-0.020] scaled=[+0.013,-0.024] s=1.00
[INFO] [1789400789.654920397] [acados_nmpc_node]: [attach-window] t=74.65s pos_err=0.011m T=20.14N z=6.677 m_est=2.064
[INFO] [1789400789.710049198] [acados_nmpc_node]: [attach-window] t=74.70s pos_err=0.014m T=20.13N z=6.682 m_est=2.064
[INFO] [1789400789.754727491] [acados_nmpc_node]: [attach-window] t=74.75s pos_err=0.007m T=20.15N z=6.684 m_est=2.064
[INFO] [1789400789.810077715] [acados_nmpc_node]: [attach-window] t=74.80s pos_err=0.013m T=20.13N z=6.689 m_est=2.064
[INFO] [1789400789.842651325] [acados_nmpc_node]: [wcmd] raw=[+0.021,-0.009,-0.319] w=[+0.026,+0.027,-0.385] err=[-0.005,-0.036] scaled=[+0.021,-0.009] s=1.00
[INFO] [1789400789.854764806] [acados_nmpc_node]: [attach-window] t=74.85s pos_err=0.004m T=20.15N z=6.692 m_est=2.064
[INFO] [1789400789.910022129] [acados_nmpc_node]: [attach-window] t=74.90s pos_err=0.006m T=20.14N z=6.696 m_est=2.064
[INFO] [1789400789.954653746] [acados_nmpc_node]: [attach-window] t=74.95s pos_err=0.009m T=20.17N z=6.698 m_est=2.064
[INFO] [1789400790.010437231] [acados_nmpc_node]: [attach-window] t=75.00s pos_err=0.007m T=20.16N z=6.702 m_est=2.064
[INFO] [1789400790.042656115] [acados_nmpc_node]: [wcmd] raw=[-0.005,-0.028,-0.295] w=[+0.013,+0.017,-0.351] err=[-0.018,-0.046] scaled=[-0.005,-0.028] s=1.00
[INFO] [1789400790.054774499] [acados_nmpc_node]: [attach-window] t=75.05s pos_err=0.009m T=20.19N z=6.703 m_est=2.064
[INFO] [1789400790.110033858] [acados_nmpc_node]: [attach-window] t=75.10s pos_err=0.004m T=20.19N z=6.706 m_est=2.064
[INFO] [1789400790.154822485] [acados_nmpc_node]: [attach-window] t=75.15s pos_err=0.008m T=20.20N z=6.708 m_est=2.064
[INFO] [1789400790.210028299] [acados_nmpc_node]: [attach-window] t=75.20s pos_err=0.007m T=20.21N z=6.711 m_est=2.064
[INFO] [1789400790.242638080] [acados_nmpc_node]: [wcmd] raw=[-0.022,-0.021,-0.270] w=[-0.019,-0.020,-0.322] err=[-0.002,-0.001] scaled=[-0.022,-0.021] s=1.00
[INFO] [1789400790.254712611] [acados_nmpc_node]: [attach-window] t=75.25s pos_err=0.013m T=20.22N z=6.712 m_est=2.064
[INFO] [1789400790.310094150] [acados_nmpc_node]: [attach-window] t=75.30s pos_err=0.004m T=20.22N z=6.715 m_est=2.064
[INFO] [1789400790.354991423] [acados_nmpc_node]: [attach-window] t=75.35s pos_err=0.018m T=20.25N z=6.716 m_est=2.064
[INFO] [1789400790.410357373] [acados_nmpc_node]: [attach-window] t=75.40s pos_err=0.011m T=20.24N z=6.718 m_est=2.064
[INFO] [1789400790.442644272] [acados_nmpc_node]: [wcmd] raw=[-0.016,-0.016,-0.249] w=[-0.028,-0.007,-0.294] err=[+0.012,-0.009] scaled=[-0.016,-0.016] s=1.00
[INFO] [1789400790.454729013] [acados_nmpc_node]: [attach-window] t=75.45s pos_err=0.016m T=20.24N z=6.720 m_est=2.064
[INFO] [1789400790.510035211] [acados_nmpc_node]: [attach-window] t=75.50s pos_err=0.010m T=20.22N z=6.723 m_est=2.064
[INFO] [1789400790.555026709] [acados_nmpc_node]: [attach-window] t=75.55s pos_err=0.022m T=20.23N z=6.724 m_est=2.064
[INFO] [1789400790.610258806] [acados_nmpc_node]: [attach-window] t=75.60s pos_err=0.015m T=20.20N z=6.727 m_est=2.064
[INFO] [1789400790.642647681] [acados_nmpc_node]: [wcmd] raw=[+0.004,-0.026,-0.232] w=[-0.014,-0.012,-0.270] err=[+0.018,-0.013] scaled=[+0.004,-0.026] s=1.00
[INFO] [1789400790.654744216] [acados_nmpc_node]: [attach-window] t=75.65s pos_err=0.019m T=20.19N z=6.729 m_est=2.064
[INFO] [1789400790.710082872] [acados_nmpc_node]: [attach-window] t=75.70s pos_err=0.014m T=20.15N z=6.733 m_est=2.064
[INFO] [1789400790.710568864] [acados_nmpc_node]: t=75.7s | pos_err=0.014m | T=20.15N | tau=[r0.005 p-0.008 y0.014]Nm | res_stat=2.465e-07(peak 9.999e-07) sqp_iter=3 | solve=1.5ms
[INFO] [1789400790.710773522] [acados_nmpc_node]: [flight-diag] t=75.7s | om_scale=1.000(lo 1.000 hi 1.000) | tilt_max=2.99deg | w_max=[r0.037 p0.038 y0.476]rad/s | u_frac=[T0.647 r0.019 p0.029 y0.136] | u_sat=[T0.0 r0.0 p0.0 y0.0]% | mot_peak=0.790 mot_sat=0.0% | health=1 age=0.000s conf=1.000 | n=100
[INFO] [1789400790.754763242] [acados_nmpc_node]: [attach-window] t=75.75s pos_err=0.022m T=20.16N z=6.735 m_est=2.064
[INFO] [1789400790.810401500] [acados_nmpc_node]: [attach-window] t=75.80s pos_err=0.015m T=20.13N z=6.738 m_est=2.064
[INFO] [1789400790.842654714] [acados_nmpc_node]: [wcmd] raw=[+0.030,-0.022,-0.214] w=[+0.017,-0.017,-0.247] err=[+0.013,-0.004] scaled=[+0.030,-0.022] s=1.00
[INFO] [1789400790.854831706] [acados_nmpc_node]: [attach-window] t=75.85s pos_err=0.017m T=20.11N z=6.741 m_est=2.064
[INFO] [1789400790.910126173] [acados_nmpc_node]: [attach-window] t=75.90s pos_err=0.013m T=20.08N z=6.745 m_est=2.064
[INFO] [1789400790.954779159] [acados_nmpc_node]: [attach-window] t=75.95s pos_err=0.019m T=20.09N z=6.747 m_est=2.064
[INFO] [1789400791.010046635] [acados_nmpc_node]: [attach-window] t=76.00s pos_err=0.014m T=20.08N z=6.751 m_est=2.064
[INFO] [1789400791.042635546] [acados_nmpc_node]: [wcmd] raw=[+0.019,-0.002,-0.204] w=[+0.033,-0.004,-0.229] err=[-0.015,+0.002] scaled=[+0.019,-0.002] s=1.00
[INFO] [1789400791.054649620] [acados_nmpc_node]: [attach-window] t=76.05s pos_err=0.016m T=20.09N z=6.753 m_est=2.064
[INFO] [1789400791.109859441] [acados_nmpc_node]: [attach-window] t=76.10s pos_err=0.012m T=20.10N z=6.756 m_est=2.064
[INFO] [1789400791.154688425] [acados_nmpc_node]: [attach-window] t=76.15s pos_err=0.021m T=20.13N z=6.757 m_est=2.064
[INFO] [1789400791.210109888] [acados_nmpc_node]: [attach-window] t=76.20s pos_err=0.014m T=20.15N z=6.759 m_est=2.064
[INFO] [1789400791.242643762] [acados_nmpc_node]: [wcmd] raw=[-0.015,+0.010,-0.193] w=[+0.001,+0.020,-0.213] err=[-0.015,-0.011] scaled=[-0.015,+0.010] s=1.00
[INFO] [1789400791.254739652] [acados_nmpc_node]: [attach-window] t=76.25s pos_err=0.019m T=20.17N z=6.760 m_est=2.064
[INFO] [1789400791.309982466] [acados_nmpc_node]: [attach-window] t=76.30s pos_err=0.013m T=20.19N z=6.762 m_est=2.064
[INFO] [1789400791.354799708] [acados_nmpc_node]: [attach-window] t=76.35s pos_err=0.026m T=20.22N z=6.762 m_est=2.064
[INFO] [1789400791.410248836] [acados_nmpc_node]: [attach-window] t=76.40s pos_err=0.018m T=20.24N z=6.763 m_est=2.064
[INFO] [1789400791.442635288] [acados_nmpc_node]: [wcmd] raw=[-0.008,-0.010,-0.184] w=[-0.018,+0.015,-0.201] err=[+0.011,-0.025] scaled=[-0.008,-0.010] s=1.00
[INFO] [1789400791.454839668] [acados_nmpc_node]: [attach-window] t=76.45s pos_err=0.024m T=20.25N z=6.764 m_est=2.064
[INFO] [1789400791.509915730] [acados_nmpc_node]: [attach-window] t=76.50s pos_err=0.016m T=20.25N z=6.765 m_est=2.064
[INFO] [1789400791.554779968] [acados_nmpc_node]: [attach-window] t=76.55s pos_err=0.031m T=20.27N z=6.765 m_est=2.064
[INFO] [1789400791.610254972] [acados_nmpc_node]: [attach-window] t=76.60s pos_err=0.021m T=20.24N z=6.767 m_est=2.064
[INFO] [1789400791.642647692] [acados_nmpc_node]: [wcmd] raw=[+0.017,-0.032,-0.175] w=[+0.005,-0.014,-0.189] err=[+0.012,-0.019] scaled=[+0.017,-0.032] s=1.00
[INFO] [1789400791.654654092] [acados_nmpc_node]: [attach-window] t=76.65s pos_err=0.027m T=20.24N z=6.768 m_est=2.064
[INFO] [1789400791.710019529] [acados_nmpc_node]: [attach-window] t=76.70s pos_err=0.017m T=20.20N z=6.770 m_est=2.064
[INFO] [1789400791.754731645] [acados_nmpc_node]: [attach-window] t=76.75s pos_err=0.032m T=20.21N z=6.771 m_est=2.064
[INFO] [1789400791.810045232] [acados_nmpc_node]: [attach-window] t=76.80s pos_err=0.021m T=20.19N z=6.773 m_est=2.064
[INFO] [1789400791.842661231] [acados_nmpc_node]: [wcmd] raw=[+0.011,-0.030,-0.167] w=[+0.019,-0.026,-0.179] err=[-0.008,-0.004] scaled=[+0.011,-0.030] s=1.00
[INFO] [1789400791.854719029] [acados_nmpc_node]: [attach-window] t=76.85s pos_err=0.027m T=20.18N z=6.774 m_est=2.064
[INFO] [1789400791.909931084] [acados_nmpc_node]: [attach-window] t=76.90s pos_err=0.016m T=20.17N z=6.776 m_est=2.064
[INFO] [1789400791.954745306] [acados_nmpc_node]: [attach-window] t=76.95s pos_err=0.022m T=20.18N z=6.777 m_est=2.064
[INFO] [1789400792.010404202] [acados_nmpc_node]: [attach-window] t=77.00s pos_err=0.022m T=20.18N z=6.778 m_est=2.064
[INFO] [1789400792.042657869] [acados_nmpc_node]: [wcmd] raw=[-0.007,-0.016,-0.159] w=[+0.001,-0.029,-0.170] err=[-0.008,+0.013] scaled=[-0.007,-0.016] s=1.00
[INFO] [1789400792.054730906] [acados_nmpc_node]: [attach-window] t=77.05s pos_err=0.028m T=20.18N z=6.779 m_est=2.064
[INFO] [1789400792.109962266] [acados_nmpc_node]: [attach-window] t=77.10s pos_err=0.017m T=20.18N z=6.781 m_est=2.064
[INFO] [1789400792.154764776] [acados_nmpc_node]: [attach-window] t=77.15s pos_err=0.034m T=20.19N z=6.782 m_est=2.064
[INFO] [1789400792.210008771] [acados_nmpc_node]: [attach-window] t=77.20s pos_err=0.013m T=20.17N z=6.783 m_est=2.064
[INFO] [1789400792.242638003] [acados_nmpc_node]: [wcmd] raw=[-0.012,-0.032,-0.151] w=[-0.014,+0.011,-0.162] err=[+0.003,-0.043] scaled=[-0.012,-0.032] s=1.00
[INFO] [1789400792.254699739] [acados_nmpc_node]: [attach-window] t=77.25s pos_err=0.030m T=20.18N z=6.784 m_est=2.064
[INFO] [1789400792.310285419] [acados_nmpc_node]: [attach-window] t=77.30s pos_err=0.020m T=20.16N z=6.785 m_est=2.064
[INFO] [1789400792.355062852] [acados_nmpc_node]: [attach-window] t=77.35s pos_err=0.026m T=20.17N z=6.786 m_est=2.064
[INFO] [1789400792.410618463] [acados_nmpc_node]: [attach-window] t=77.40s pos_err=0.026m T=20.17N z=6.787 m_est=2.064
[INFO] [1789400792.442644036] [acados_nmpc_node]: [wcmd] raw=[+0.010,-0.007,-0.149] w=[-0.001,-0.005,-0.155] err=[+0.011,-0.002] scaled=[+0.010,-0.007] s=1.00
[INFO] [1789400792.454793487] [acados_nmpc_node]: [attach-window] t=77.45s pos_err=0.032m T=20.19N z=6.788 m_est=2.064
[INFO] [1789400792.510056481] [acados_nmpc_node]: [attach-window] t=77.50s pos_err=0.021m T=20.19N z=6.789 m_est=2.064
[INFO] [1789400792.554851599] [acados_nmpc_node]: [attach-window] t=77.55s pos_err=0.027m T=20.20N z=6.789 m_est=2.064
[INFO] [1789400792.609985534] [acados_nmpc_node]: [attach-window] t=77.60s pos_err=0.015m T=20.20N z=6.790 m_est=2.064
[INFO] [1789400792.642639075] [acados_nmpc_node]: [wcmd] raw=[+0.002,-0.057,-0.144] w=[+0.012,-0.018,-0.148] err=[-0.009,-0.040] scaled=[+0.002,-0.057] s=1.00
[INFO] [1789400792.654760557] [acados_nmpc_node]: [attach-window] t=77.65s pos_err=0.032m T=20.21N z=6.790 m_est=2.064
[INFO] [1789400792.710329962] [acados_nmpc_node]: [attach-window] t=77.70s pos_err=0.019m T=20.21N z=6.790 m_est=2.064
[INFO] [1789400792.754659249] [acados_nmpc_node]: [attach-window] t=77.75s pos_err=0.025m T=20.21N z=6.791 m_est=2.064
[INFO] [1789400792.810162561] [acados_nmpc_node]: [attach-window] t=77.80s pos_err=0.013m T=20.20N z=6.791 m_est=2.064
[INFO] [1789400792.842637297] [acados_nmpc_node]: [wcmd] raw=[-0.014,-0.048,-0.142] w=[-0.006,-0.022,-0.143] err=[-0.008,-0.026] scaled=[-0.014,-0.048] s=1.00
[INFO] [1789400792.854673059] [acados_nmpc_node]: [attach-window] t=77.85s pos_err=0.029m T=20.21N z=6.791 m_est=2.064
[INFO] [1789400792.910469947] [acados_nmpc_node]: [attach-window] t=77.90s pos_err=0.017m T=20.20N z=6.792 m_est=2.064
[INFO] [1789400792.954669347] [acados_nmpc_node]: [attach-window] t=77.95s pos_err=0.033m T=20.20N z=6.792 m_est=2.064
[INFO] [1789400793.007673558] [acados_nmpc_node]: [attach-window] t=78.00s pos_err=0.019m T=20.20N z=6.792 m_est=2.064
[INFO] [1789400793.042640142] [acados_nmpc_node]: [wcmd] raw=[-0.004,-0.008,-0.142] w=[-0.011,+0.017,-0.141] err=[+0.008,-0.025] scaled=[-0.004,-0.008] s=1.00
[INFO] [1789400793.054686176] [acados_nmpc_node]: [attach-window] t=78.05s pos_err=0.028m T=20.20N z=6.792 m_est=2.064
[INFO] [1789400793.109829547] [acados_nmpc_node]: [attach-window] t=78.10s pos_err=0.017m T=20.20N z=6.792 m_est=2.064
[INFO] [1789400793.154768662] [acados_nmpc_node]: [attach-window] t=78.15s pos_err=0.034m T=20.21N z=6.792 m_est=2.064
[INFO] [1789400793.210308290] [acados_nmpc_node]: [attach-window] t=78.20s pos_err=0.023m T=20.21N z=6.792 m_est=2.064
[INFO] [1789400793.242693143] [acados_nmpc_node]: [wcmd] raw=[+0.010,-0.019,-0.143] w=[+0.000,+0.000,-0.139] err=[+0.010,-0.019] scaled=[+0.010,-0.019] s=1.00
[INFO] [1789400793.254712972] [acados_nmpc_node]: [attach-window] t=78.25s pos_err=0.029m T=20.21N z=6.792 m_est=2.064
[INFO] [1789400793.309831986] [acados_nmpc_node]: [attach-window] t=78.30s pos_err=0.018m T=20.21N z=6.791 m_est=2.064
[INFO] [1789400793.354708318] [acados_nmpc_node]: [attach-window] t=78.35s pos_err=0.034m T=20.21N z=6.791 m_est=2.064
[INFO] [1789400793.409977986] [acados_nmpc_node]: [attach-window] t=78.40s pos_err=0.015m T=20.21N z=6.791 m_est=2.064
[INFO] [1789400793.442642711] [acados_nmpc_node]: [wcmd] raw=[+0.011,-0.052,-0.142] w=[+0.019,-0.009,-0.139] err=[-0.008,-0.043] scaled=[+0.011,-0.052] s=1.00
[INFO] [1789400793.454715594] [acados_nmpc_node]: [attach-window] t=78.45s pos_err=0.030m T=20.22N z=6.791 m_est=2.064
[INFO] [1789400793.510092279] [acados_nmpc_node]: [attach-window] t=78.50s pos_err=0.021m T=20.22N z=6.790 m_est=2.064
[INFO] [1789400793.554881568] [acados_nmpc_node]: [attach-window] t=78.55s pos_err=0.038m T=20.22N z=6.790 m_est=2.064
[INFO] [1789400793.610155444] [acados_nmpc_node]: [attach-window] t=78.60s pos_err=0.028m T=20.22N z=6.789 m_est=2.064
[INFO] [1789400793.642742200] [acados_nmpc_node]: [wcmd] raw=[-0.007,+0.005,-0.145] w=[+0.005,+0.011,-0.140] err=[-0.013,-0.006] scaled=[-0.007,+0.005] s=1.00
[INFO] [1789400793.654660197] [acados_nmpc_node]: [attach-window] t=78.65s pos_err=0.035m T=20.22N z=6.789 m_est=2.064
[INFO] [1789400793.709939866] [acados_nmpc_node]: [attach-window] t=78.70s pos_err=0.026m T=20.21N z=6.788 m_est=2.064
[INFO] [1789400793.754804612] [acados_nmpc_node]: [attach-window] t=78.75s pos_err=0.043m T=20.22N z=6.788 m_est=2.064
[INFO] [1789400793.810542487] [acados_nmpc_node]: [attach-window] t=78.80s pos_err=0.034m T=20.20N z=6.788 m_est=2.064
[INFO] [1789400793.842710429] [acados_nmpc_node]: [wcmd] raw=[-0.015,-0.018,-0.148] w=[-0.017,+0.010,-0.142] err=[+0.003,-0.027] scaled=[-0.015,-0.018] s=1.00
[INFO] [1789400793.854926549] [acados_nmpc_node]: [attach-window] t=78.85s pos_err=0.041m T=20.19N z=6.788 m_est=2.064
[INFO] [1789400793.910549998] [acados_nmpc_node]: [attach-window] t=78.90s pos_err=0.032m T=20.15N z=6.789 m_est=2.064
[INFO] [1789400793.954945877] [acados_nmpc_node]: [attach-window] t=78.95s pos_err=0.048m T=20.14N z=6.790 m_est=2.064
[INFO] [1789400794.010979845] [acados_nmpc_node]: [attach-window] t=79.00s pos_err=0.038m T=20.11N z=6.790 m_est=2.064
[INFO] [1789400794.042802293] [acados_nmpc_node]: [wcmd] raw=[+0.007,-0.036,-0.151] w=[-0.008,-0.019,-0.144] err=[+0.015,-0.017] scaled=[+0.007,-0.036] s=1.00
[INFO] [1789400794.055069723] [acados_nmpc_node]: [attach-window] t=79.05s pos_err=0.044m T=20.10N z=6.791 m_est=2.064
[INFO] [1789400794.110798322] [acados_nmpc_node]: [attach-window] t=79.10s pos_err=0.034m T=20.08N z=6.792 m_est=2.064
[INFO] [1789400794.155050338] [acados_nmpc_node]: [attach-window] t=79.15s pos_err=0.049m T=20.09N z=6.792 m_est=2.064
[INFO] [1789400794.210372999] [acados_nmpc_node]: [attach-window] t=79.20s pos_err=0.039m T=20.09N z=6.793 m_est=2.064
[INFO] [1789400794.242681018] [acados_nmpc_node]: [wcmd] raw=[+0.013,-0.037,-0.155] w=[+0.014,-0.030,-0.146] err=[-0.001,-0.007] scaled=[+0.013,-0.037] s=1.00
[INFO] [1789400794.254790490] [acados_nmpc_node]: [attach-window] t=79.25s pos_err=0.044m T=20.09N z=6.793 m_est=2.064
[INFO] [1789400794.310139782] [acados_nmpc_node]: [attach-window] t=79.30s pos_err=0.035m T=20.10N z=6.793 m_est=2.064
[INFO] [1789400794.355169206] [acados_nmpc_node]: [attach-window] t=79.35s pos_err=0.050m T=20.11N z=6.793 m_est=2.064
[INFO] [1789400794.410477952] [acados_nmpc_node]: [attach-window] t=79.40s pos_err=0.040m T=20.13N z=6.793 m_est=2.064
[INFO] [1789400794.442677055] [acados_nmpc_node]: [wcmd] raw=[-0.009,-0.024,-0.160] w=[+0.004,-0.018,-0.151] err=[-0.012,-0.006] scaled=[-0.009,-0.024] s=1.00
[INFO] [1789400794.454835880] [acados_nmpc_node]: [attach-window] t=79.45s pos_err=0.046m T=20.13N z=6.793 m_est=2.064
[INFO] [1789400794.509991645] [acados_nmpc_node]: [attach-window] t=79.50s pos_err=0.037m T=20.14N z=6.792 m_est=2.064
[INFO] [1789400794.555099914] [acados_nmpc_node]: [attach-window] t=79.55s pos_err=0.051m T=20.15N z=6.792 m_est=2.064
[INFO] [1789400794.610595237] [acados_nmpc_node]: [attach-window] t=79.60s pos_err=0.037m T=20.17N z=6.790 m_est=2.064
[INFO] [1789400794.642679850] [acados_nmpc_node]: [wcmd] raw=[-0.017,-0.047,-0.167] w=[-0.019,-0.004,-0.155] err=[+0.002,-0.043] scaled=[-0.017,-0.047] s=1.00
[INFO] [1789400794.654770235] [acados_nmpc_node]: [attach-window] t=79.65s pos_err=0.048m T=20.17N z=6.790 m_est=2.064
[INFO] [1789400794.707908431] [acados_nmpc_node]: [attach-window] t=79.70s pos_err=0.041m T=20.17N z=6.789 m_est=2.064
[INFO] [1789400794.754377923] [acados_nmpc_node]: [attach-window] t=79.75s pos_err=0.055m T=20.16N z=6.788 m_est=2.064
[INFO] [1789400794.810166989] [acados_nmpc_node]: [attach-window] t=79.80s pos_err=0.049m T=20.16N z=6.787 m_est=2.064
[INFO] [1789400794.842753969] [acados_nmpc_node]: [wcmd] raw=[+0.008,+0.004,-0.175] w=[-0.006,+0.008,-0.160] err=[+0.015,-0.005] scaled=[+0.008,+0.004] s=1.00
[INFO] [1789400794.854904309] [acados_nmpc_node]: [attach-window] t=79.85s pos_err=0.054m T=20.15N z=6.787 m_est=2.064
[INFO] [1789400794.910228409] [acados_nmpc_node]: [attach-window] t=79.90s pos_err=0.050m T=20.15N z=6.786 m_est=2.064
[INFO] [1789400794.955078718] [acados_nmpc_node]: [attach-window] t=79.95s pos_err=0.062m T=20.14N z=6.786 m_est=2.064
[INFO] [1789400795.010019540] [acados_nmpc_node]: [attach-window] t=80.00s pos_err=0.056m T=20.14N z=6.785 m_est=2.064
[INFO] [1789400795.042617591] [acados_nmpc_node]: [wcmd] raw=[+0.013,-0.007,-0.185] w=[+0.011,+0.026,-0.168] err=[+0.002,-0.033] scaled=[+0.013,-0.007] s=1.00
[INFO] [1789400795.054981349] [acados_nmpc_node]: [attach-window] t=80.05s pos_err=0.061m T=20.14N z=6.784 m_est=2.064
[INFO] [1789400795.109812921] [acados_nmpc_node]: [attach-window] t=80.10s pos_err=0.055m T=20.14N z=6.783 m_est=2.064
[INFO] [1789400795.154895083] [acados_nmpc_node]: [attach-window] t=80.15s pos_err=0.066m T=20.13N z=6.783 m_est=2.064
[INFO] [1789400795.210798988] [acados_nmpc_node]: [attach-window] t=80.20s pos_err=0.059m T=20.13N z=6.782 m_est=2.064
[INFO] [1789400795.242652359] [acados_nmpc_node]: [wcmd] raw=[+0.023,-0.031,-0.197] w=[+0.018,-0.011,-0.176] err=[+0.005,-0.021] scaled=[+0.023,-0.031] s=1.00
[INFO] [1789400795.254984876] [acados_nmpc_node]: [attach-window] t=80.25s pos_err=0.063m T=20.12N z=6.781 m_est=2.064
[INFO] [1789400795.307552810] [acados_nmpc_node]: [attach-window] t=80.30s pos_err=0.054m T=20.12N z=6.780 m_est=2.064
[INFO] [1789400795.354970075] [acados_nmpc_node]: [attach-window] t=80.35s pos_err=0.067m T=20.12N z=6.779 m_est=2.064
[INFO] [1789400795.409952353] [acados_nmpc_node]: [attach-window] t=80.40s pos_err=0.059m T=20.13N z=6.778 m_est=2.064
[INFO] [1789400795.442656030] [acados_nmpc_node]: [wcmd] raw=[+0.017,-0.025,-0.209] w=[+0.025,-0.024,-0.188] err=[-0.008,-0.002] scaled=[+0.017,-0.025] s=1.00
[INFO] [1789400795.454923043] [acados_nmpc_node]: [attach-window] t=80.45s pos_err=0.063m T=20.14N z=6.777 m_est=2.064
[INFO] [1789400795.510047258] [acados_nmpc_node]: [attach-window] t=80.50s pos_err=0.055m T=20.15N z=6.775 m_est=2.064
[INFO] [1789400795.554920645] [acados_nmpc_node]: [attach-window] t=80.55s pos_err=0.066m T=20.15N z=6.774 m_est=2.064
[INFO] [1789400795.610294190] [acados_nmpc_node]: [attach-window] t=80.60s pos_err=0.058m T=20.16N z=6.772 m_est=2.064
[INFO] [1789400795.642677153] [acados_nmpc_node]: [wcmd] raw=[-0.002,-0.021,-0.224] w=[+0.008,-0.005,-0.199] err=[-0.010,-0.016] scaled=[-0.002,-0.021] s=1.00
[INFO] [1789400795.654894835] [acados_nmpc_node]: [attach-window] t=80.65s pos_err=0.061m T=20.16N z=6.771 m_est=2.064
[INFO] [1789400795.710148214] [acados_nmpc_node]: [attach-window] t=80.70s pos_err=0.053m T=20.17N z=6.769 m_est=2.064
[INFO] [1789400795.710637492] [acados_nmpc_node]: t=80.7s | pos_err=0.053m | T=20.17N | tau=[r-0.004 p-0.008 y-0.009]Nm | res_stat=8.362e-07(peak 9.999e-07) sqp_iter=3 | solve=1.5ms
[INFO] [1789400795.710842369] [acados_nmpc_node]: [flight-diag] t=80.7s | om_scale=1.000(lo 1.000 hi 1.000) | tilt_max=2.51deg | w_max=[r0.033 p0.050 y0.258]rad/s | u_frac=[T0.646 r0.018 p0.043 y0.070] | u_sat=[T0.0 r0.0 p0.0 y0.0]% | mot_peak=0.782 mot_sat=0.0% | health=1 age=0.000s conf=1.000 | n=100
[INFO] [1789400795.755020216] [acados_nmpc_node]: [attach-window] t=80.75s pos_err=0.056m T=20.18N z=6.767 m_est=2.064
[INFO] [1789400795.810615987] [acados_nmpc_node]: [attach-window] t=80.80s pos_err=0.055m T=20.19N z=6.765 m_est=2.064
[INFO] [1789400795.842654511] [acados_nmpc_node]: [wcmd] raw=[+0.002,-0.032,-0.238] w=[-0.004,-0.031,-0.213] err=[+0.006,-0.001] scaled=[+0.002,-0.032] s=1.00
[INFO] [1789400795.854900923] [acados_nmpc_node]: [attach-window] t=80.85s pos_err=0.058m T=20.19N z=6.763 m_est=2.064
[INFO] [1789400795.910316556] [acados_nmpc_node]: [attach-window] t=80.90s pos_err=0.050m T=20.21N z=6.760 m_est=2.064
[INFO] [1789400795.955040134] [acados_nmpc_node]: [attach-window] t=80.95s pos_err=0.060m T=20.21N z=6.759 m_est=2.064
[INFO] [1789400796.010728025] [acados_nmpc_node]: [attach-window] t=81.00s pos_err=0.052m T=20.22N z=6.756 m_est=2.064
[INFO] [1789400796.042655606] [acados_nmpc_node]: [wcmd] raw=[+0.015,-0.012,-0.257] w=[+0.009,-0.006,-0.228] err=[+0.006,-0.006] scaled=[+0.015,-0.012] s=1.00
[INFO] [1789400796.055008488] [acados_nmpc_node]: [attach-window] t=81.05s pos_err=0.055m T=20.21N z=6.755 m_est=2.064
[INFO] [1789400796.107866357] [acados_nmpc_node]: [attach-window] t=81.10s pos_err=0.044m T=20.22N z=6.752 m_est=2.064
[INFO] [1789400796.154456051] [acados_nmpc_node]: [attach-window] t=81.15s pos_err=0.056m T=20.21N z=6.750 m_est=2.064
[INFO] [1789400796.210180874] [acados_nmpc_node]: [attach-window] t=81.20s pos_err=0.046m T=20.21N z=6.747 m_est=2.064
[INFO] [1789400796.242635942] [acados_nmpc_node]: [wcmd] raw=[+0.017,-0.025,-0.279] w=[+0.021,-0.010,-0.246] err=[-0.004,-0.015] scaled=[+0.017,-0.025] s=1.00
[INFO] [1789400796.254922590] [acados_nmpc_node]: [attach-window] t=81.25s pos_err=0.048m T=20.21N z=6.746 m_est=2.064
[INFO] [1789400796.309811715] [acados_nmpc_node]: [attach-window] t=81.30s pos_err=0.038m T=20.21N z=6.743 m_est=2.064
[INFO] [1789400796.354921911] [acados_nmpc_node]: [attach-window] t=81.35s pos_err=0.048m T=20.20N z=6.741 m_est=2.064
[INFO] [1789400796.410231832] [acados_nmpc_node]: [attach-window] t=81.40s pos_err=0.037m T=20.21N z=6.738 m_est=2.064
[INFO] [1789400796.442675166] [acados_nmpc_node]: [wcmd] raw=[+0.003,-0.040,-0.302] w=[+0.014,-0.024,-0.265] err=[-0.011,-0.016] scaled=[+0.003,-0.040] s=1.00
[INFO] [1789400796.454798338] [acados_nmpc_node]: [attach-window] t=81.45s pos_err=0.039m T=20.20N z=6.736 m_est=2.064
[INFO] [1789400796.507812417] [acados_nmpc_node]: [attach-window] t=81.50s pos_err=0.028m T=20.21N z=6.733 m_est=2.064
[INFO] [1789400796.554916882] [acados_nmpc_node]: [attach-window] t=81.55s pos_err=0.036m T=20.20N z=6.732 m_est=2.064
[INFO] [1789400796.609983530] [acados_nmpc_node]: [attach-window] t=81.60s pos_err=0.026m T=20.21N z=6.728 m_est=2.064
[INFO] [1789400796.642673524] [acados_nmpc_node]: [wcmd] raw=[+0.001,-0.036,-0.326] w=[+0.002,-0.037,-0.287] err=[-0.001,+0.000] scaled=[+0.001,-0.036] s=1.00
[INFO] [1789400796.654860989] [acados_nmpc_node]: [attach-window] t=81.65s pos_err=0.027m T=20.20N z=6.726 m_est=2.064
[INFO] [1789400796.710086642] [acados_nmpc_node]: [attach-window] t=81.70s pos_err=0.020m T=20.20N z=6.724 m_est=2.064
[INFO] [1789400796.754684456] [acados_nmpc_node]: [attach-window] t=81.75s pos_err=0.025m T=20.19N z=6.722 m_est=2.064
[INFO] [1789400796.810268369] [acados_nmpc_node]: [attach-window] t=81.80s pos_err=0.018m T=20.19N z=6.719 m_est=2.064
[INFO] [1789400796.842662948] [acados_nmpc_node]: [wcmd] raw=[-0.000,-0.012,-0.352] w=[+0.002,-0.015,-0.310] err=[-0.003,+0.002] scaled=[-0.000,-0.012] s=1.00
[INFO] [1789400796.854778031] [acados_nmpc_node]: [attach-window] t=81.85s pos_err=0.019m T=20.17N z=6.718 m_est=2.064
[INFO] [1789400796.910048290] [acados_nmpc_node]: [attach-window] t=81.90s pos_err=0.016m T=20.18N z=6.715 m_est=2.064
[INFO] [1789400796.954845975] [acados_nmpc_node]: [attach-window] t=81.95s pos_err=0.018m T=20.16N z=6.713 m_est=2.064
[INFO] [1789400797.010183209] [acados_nmpc_node]: [attach-window] t=82.00s pos_err=0.014m T=20.18N z=6.710 m_est=2.064
[INFO] [1789400797.042652242] [acados_nmpc_node]: [wcmd] raw=[-0.004,-0.001,-0.379] w=[-0.000,+0.007,-0.335] err=[-0.004,-0.008] scaled=[-0.004,-0.001] s=1.00
[INFO] [1789400797.054749014] [acados_nmpc_node]: [attach-window] t=82.05s pos_err=0.014m T=20.18N z=6.708 m_est=2.064
[INFO] [1789400797.109967732] [acados_nmpc_node]: [attach-window] t=82.10s pos_err=0.013m T=20.21N z=6.704 m_est=2.064
[INFO] [1789400797.154671379] [acados_nmpc_node]: [attach-window] t=82.15s pos_err=0.014m T=20.20N z=6.702 m_est=2.064
[INFO] [1789400797.210266301] [acados_nmpc_node]: [attach-window] t=82.20s pos_err=0.012m T=20.22N z=6.698 m_est=2.064
[INFO] [1789400797.242638093] [acados_nmpc_node]: [wcmd] raw=[-0.001,-0.007,-0.405] w=[-0.001,+0.008,-0.362] err=[-0.001,-0.015] scaled=[-0.001,-0.007] s=1.00
[INFO] [1789400797.254672628] [acados_nmpc_node]: [attach-window] t=82.25s pos_err=0.012m T=20.22N z=6.696 m_est=2.064
[INFO] [1789400797.310141205] [acados_nmpc_node]: [attach-window] t=82.30s pos_err=0.012m T=20.23N z=6.692 m_est=2.064
[INFO] [1789400797.354847126] [acados_nmpc_node]: [attach-window] t=82.35s pos_err=0.013m T=20.22N z=6.690 m_est=2.064
[INFO] [1789400797.407996580] [acados_nmpc_node]: [attach-window] t=82.40s pos_err=0.010m T=20.23N z=6.685 m_est=2.064
[INFO] [1789400797.442578434] [acados_nmpc_node]: [wcmd] raw=[+0.001,-0.015,-0.428] w=[+0.004,+0.000,-0.389] err=[-0.003,-0.016] scaled=[+0.001,-0.015] s=1.00
[INFO] [1789400797.454652172] [acados_nmpc_node]: [attach-window] t=82.45s pos_err=0.011m T=20.22N z=6.683 m_est=2.064
[INFO] [1789400797.510041454] [acados_nmpc_node]: [attach-window] t=82.50s pos_err=0.010m T=20.22N z=6.679 m_est=2.064
[INFO] [1789400797.554743700] [acados_nmpc_node]: [attach-window] t=82.55s pos_err=0.013m T=20.19N z=6.678 m_est=2.064
[INFO] [1789400797.610108966] [acados_nmpc_node]: [attach-window] t=82.60s pos_err=0.010m T=20.19N z=6.674 m_est=2.064
[INFO] [1789400797.642705336] [acados_nmpc_node]: [wcmd] raw=[+0.002,-0.022,-0.446] w=[+0.008,+0.004,-0.415] err=[-0.006,-0.026] scaled=[+0.002,-0.022] s=1.00
[INFO] [1789400797.654805283] [acados_nmpc_node]: [attach-window] t=82.65s pos_err=0.011m T=20.17N z=6.672 m_est=2.064
[INFO] [1789400797.709913532] [acados_nmpc_node]: [attach-window] t=82.70s pos_err=0.007m T=20.15N z=6.669 m_est=2.064
[INFO] [1789400797.754726647] [acados_nmpc_node]: [attach-window] t=82.75s pos_err=0.014m T=20.13N z=6.668 m_est=2.064
[INFO] [1789400797.811093563] [acados_nmpc_node]: [attach-window] t=82.80s pos_err=0.008m T=20.13N z=6.665 m_est=2.064
[INFO] [1789400797.842675485] [acados_nmpc_node]: [wcmd] raw=[+0.014,-0.003,-0.461] w=[+0.012,+0.009,-0.440] err=[+0.001,-0.012] scaled=[+0.014,-0.003] s=1.00
[INFO] [1789400797.854799534] [acados_nmpc_node]: [attach-window] t=82.85s pos_err=0.011m T=20.12N z=6.663 m_est=2.064
[INFO] [1789400797.910515998] [acados_nmpc_node]: [attach-window] t=82.90s pos_err=0.006m T=20.14N z=6.659 m_est=2.064
[INFO] [1789400797.955088393] [acados_nmpc_node]: [attach-window] t=82.95s pos_err=0.014m T=20.13N z=6.658 m_est=2.064
[INFO] [1789400798.010465992] [acados_nmpc_node]: [attach-window] t=83.00s pos_err=0.006m T=20.14N z=6.654 m_est=2.064
[INFO] [1789400798.042675660] [acados_nmpc_node]: [wcmd] raw=[+0.002,-0.046,-0.468] w=[+0.015,-0.006,-0.459] err=[-0.013,-0.040] scaled=[+0.002,-0.046] s=1.00
[INFO] [1789400798.054757633] [acados_nmpc_node]: [attach-window] t=83.05s pos_err=0.011m T=20.13N z=6.652 m_est=2.064
[INFO] [1789400798.110351763] [acados_nmpc_node]: [attach-window] t=83.10s pos_err=0.007m T=20.12N z=6.650 m_est=2.064
[INFO] [1789400798.154835774] [acados_nmpc_node]: [attach-window] t=83.15s pos_err=0.009m T=20.10N z=6.648 m_est=2.064
[INFO] [1789400798.210155067] [acados_nmpc_node]: [attach-window] t=83.20s pos_err=0.010m T=20.09N z=6.645 m_est=2.064
[INFO] [1789400798.242648536] [acados_nmpc_node]: [wcmd] raw=[+0.004,-0.005,-0.467] w=[+0.002,-0.023,-0.471] err=[+0.002,+0.019] scaled=[+0.004,-0.005] s=1.00
[INFO] [1789400798.254835866] [acados_nmpc_node]: [attach-window] t=83.25s pos_err=0.014m T=20.09N z=6.643 m_est=2.064
[INFO] [1789400798.310140893] [acados_nmpc_node]: [attach-window] t=83.30s pos_err=0.011m T=20.10N z=6.640 m_est=2.064
[INFO] [1789400798.354162826] [acados_nmpc_node]: [attach-window] t=83.35s pos_err=0.020m T=20.09N z=6.638 m_est=2.064
[INFO] [1789400798.410632986] [acados_nmpc_node]: [attach-window] t=83.40s pos_err=0.017m T=20.11N z=6.635 m_est=2.064
[INFO] [1789400798.442661215] [acados_nmpc_node]: [wcmd] raw=[+0.009,+0.024,-0.457] w=[+0.007,+0.029,-0.477] err=[+0.002,-0.005] scaled=[+0.009,+0.024] s=1.00
[INFO] [1789400798.454745420] [acados_nmpc_node]: [attach-window] t=83.45s pos_err=0.021m T=20.11N z=6.632 m_est=2.064
[INFO] [1789400798.510002613] [acados_nmpc_node]: [attach-window] t=83.50s pos_err=0.017m T=20.14N z=6.628 m_est=2.064
[INFO] [1789400798.554879892] [acados_nmpc_node]: [attach-window] t=83.55s pos_err=0.022m T=20.15N z=6.625 m_est=2.064
[INFO] [1789400798.610063405] [acados_nmpc_node]: [attach-window] t=83.60s pos_err=0.016m T=20.18N z=6.620 m_est=2.064
[INFO] [1789400798.642660682] [acados_nmpc_node]: [wcmd] raw=[-0.003,-0.028,-0.442] w=[+0.002,+0.013,-0.474] err=[-0.004,-0.041] scaled=[-0.003,-0.028] s=1.00
[INFO] [1789400798.654708868] [acados_nmpc_node]: [attach-window] t=83.65s pos_err=0.027m T=20.18N z=6.618 m_est=2.064
[INFO] [1789400798.710079492] [acados_nmpc_node]: [attach-window] t=83.70s pos_err=0.022m T=20.19N z=6.613 m_est=2.064
[INFO] [1789400798.754725862] [acados_nmpc_node]: [attach-window] t=83.75s pos_err=0.033m T=20.18N z=6.611 m_est=2.064
[INFO] [1789400798.809946375] [acados_nmpc_node]: [attach-window] t=83.80s pos_err=0.026m T=20.19N z=6.605 m_est=2.064
[INFO] [1789400798.842648153] [acados_nmpc_node]: [wcmd] raw=[+0.002,-0.013,-0.415] w=[-0.003,+0.002,-0.462] err=[+0.005,-0.015] scaled=[+0.002,-0.013] s=1.00
[INFO] [1789400798.854689378] [acados_nmpc_node]: [attach-window] t=83.85s pos_err=0.031m T=20.19N z=6.602 m_est=2.064
[INFO] [1789400798.910174511] [acados_nmpc_node]: [attach-window] t=83.90s pos_err=0.023m T=20.20N z=6.597 m_est=2.064
[INFO] [1789400798.954702804] [acados_nmpc_node]: [attach-window] t=83.95s pos_err=0.027m T=20.20N z=6.594 m_est=2.064
[INFO] [1789400799.009947301] [acados_nmpc_node]: [attach-window] t=84.00s pos_err=0.026m T=20.21N z=6.589 m_est=2.064
[INFO] [1789400799.042675796] [acados_nmpc_node]: [wcmd] raw=[+0.011,-0.033,-0.384] w=[-0.006,-0.031,-0.442] err=[+0.016,-0.003] scaled=[+0.011,-0.033] s=1.00
[INFO] [1789400799.054795167] [acados_nmpc_node]: [attach-window] t=84.05s pos_err=0.029m T=20.21N z=6.585 m_est=2.064
[INFO] [1789400799.109806838] [acados_nmpc_node]: [attach-window] t=84.10s pos_err=0.021m T=20.23N z=6.579 m_est=2.064
[INFO] [1789400799.154726142] [acados_nmpc_node]: [attach-window] t=84.15s pos_err=0.030m T=20.22N z=6.576 m_est=2.064
[INFO] [1789400799.210308879] [acados_nmpc_node]: [attach-window] t=84.20s pos_err=0.022m T=20.23N z=6.571 m_est=2.064
[INFO] [1789400799.242651637] [acados_nmpc_node]: [wcmd] raw=[+0.023,-0.017,-0.350] w=[+0.012,-0.017,-0.413] err=[+0.011,+0.001] scaled=[+0.023,-0.017] s=1.00
[INFO] [1789400799.255112030] [acados_nmpc_node]: [attach-window] t=84.25s pos_err=0.025m T=20.22N z=6.567 m_est=2.064
[INFO] [1789400799.310223749] [acados_nmpc_node]: [attach-window] t=84.30s pos_err=0.018m T=20.21N z=6.562 m_est=2.064
[INFO] [1789400799.354681538] [acados_nmpc_node]: [attach-window] t=84.35s pos_err=0.026m T=20.20N z=6.560 m_est=2.064
[INFO] [1789400799.410340046] [acados_nmpc_node]: [attach-window] t=84.40s pos_err=0.019m T=20.20N z=6.554 m_est=2.064
[INFO] [1789400799.442655006] [acados_nmpc_node]: [wcmd] raw=[+0.010,-0.008,-0.316] w=[+0.015,-0.004,-0.384] err=[-0.005,-0.005] scaled=[+0.010,-0.008] s=1.00
[INFO] [1789400799.454698935] [acados_nmpc_node]: [attach-window] t=84.45s pos_err=0.021m T=20.18N z=6.551 m_est=2.064
[INFO] [1789400799.510333858] [acados_nmpc_node]: [attach-window] t=84.50s pos_err=0.017m T=20.19N z=6.546 m_est=2.064
[INFO] [1789400799.554693454] [acados_nmpc_node]: [attach-window] t=84.55s pos_err=0.023m T=20.17N z=6.543 m_est=2.064
[INFO] [1789400799.610110156] [acados_nmpc_node]: [attach-window] t=84.60s pos_err=0.018m T=20.17N z=6.538 m_est=2.064
[INFO] [1789400799.642707852] [acados_nmpc_node]: [wcmd] raw=[-0.003,-0.006,-0.283] w=[-0.005,-0.000,-0.349] err=[+0.002,-0.006] scaled=[-0.003,-0.006] s=1.00
[INFO] [1789400799.654749588] [acados_nmpc_node]: [attach-window] t=84.65s pos_err=0.020m T=20.16N z=6.535 m_est=2.064
[INFO] [1789400799.710100605] [acados_nmpc_node]: [attach-window] t=84.70s pos_err=0.018m T=20.16N z=6.530 m_est=2.064
[INFO] [1789400799.754772935] [acados_nmpc_node]: [attach-window] t=84.75s pos_err=0.018m T=20.16N z=6.527 m_est=2.064
[INFO] [1789400799.810019405] [acados_nmpc_node]: [attach-window] t=84.80s pos_err=0.019m T=20.17N z=6.522 m_est=2.064
[INFO] [1789400799.842646220] [acados_nmpc_node]: [wcmd] raw=[+0.008,-0.024,-0.250] w=[-0.005,-0.007,-0.314] err=[+0.013,-0.017] scaled=[+0.008,-0.024] s=1.00
[INFO] [1789400799.854766665] [acados_nmpc_node]: [attach-window] t=84.85s pos_err=0.019m T=20.16N z=6.519 m_est=2.064
[INFO] [1789400799.910171391] [acados_nmpc_node]: [attach-window] t=84.90s pos_err=0.017m T=20.17N z=6.514 m_est=2.064
[INFO] [1789400799.954737660] [acados_nmpc_node]: [attach-window] t=84.95s pos_err=0.017m T=20.17N z=6.510 m_est=2.064
[INFO] [1789400800.010277025] [acados_nmpc_node]: [attach-window] t=85.00s pos_err=0.016m T=20.17N z=6.505 m_est=2.064
[INFO] [1789400800.042576342] [acados_nmpc_node]: [wcmd] raw=[+0.021,+0.029,-0.225] w=[+0.015,+0.020,-0.280] err=[+0.006,+0.009] scaled=[+0.021,+0.029] s=1.00
[INFO] [1789400800.054300996] [acados_nmpc_node]: [attach-window] t=85.05s pos_err=0.018m T=20.18N z=6.501 m_est=2.064
[INFO] [1789400800.107754171] [acados_nmpc_node]: [attach-window] t=85.10s pos_err=0.014m T=20.23N z=6.495 m_est=2.064
[INFO] [1789400800.154197178] [acados_nmpc_node]: [attach-window] t=85.15s pos_err=0.021m T=20.23N z=6.491 m_est=2.064
[INFO] [1789400800.207592433] [acados_nmpc_node]: [attach-window] t=85.20s pos_err=0.013m T=20.26N z=6.484 m_est=2.064
[INFO] [1789400800.242540650] [acados_nmpc_node]: [wcmd] raw=[+0.003,+0.003,-0.206] w=[+0.014,+0.034,-0.249] err=[-0.011,-0.032] scaled=[+0.003,+0.003] s=1.00
[INFO] [1789400800.254219317] [acados_nmpc_node]: [attach-window] t=85.25s pos_err=0.018m T=20.26N z=6.480 m_est=2.064
[INFO] [1789400800.309762583] [acados_nmpc_node]: [attach-window] t=85.30s pos_err=0.011m T=20.26N z=6.473 m_est=2.064
[INFO] [1789400800.354768781] [acados_nmpc_node]: [attach-window] t=85.35s pos_err=0.024m T=20.25N z=6.470 m_est=2.064
[INFO] [1789400800.410327422] [acados_nmpc_node]: [attach-window] t=85.40s pos_err=0.015m T=20.25N z=6.463 m_est=2.064
[INFO] [1789400800.442663480] [acados_nmpc_node]: [wcmd] raw=[-0.006,-0.018,-0.190] w=[-0.006,+0.004,-0.225] err=[+0.000,-0.022] scaled=[-0.006,-0.018] s=1.00
[INFO] [1789400800.454807601] [acados_nmpc_node]: [attach-window] t=85.45s pos_err=0.021m T=20.24N z=6.459 m_est=2.064
[INFO] [1789400800.510094808] [acados_nmpc_node]: [attach-window] t=85.50s pos_err=0.012m T=20.25N z=6.452 m_est=2.064
[INFO] [1789400800.554904935] [acados_nmpc_node]: [attach-window] t=85.55s pos_err=0.018m T=20.25N z=6.448 m_est=2.064
[INFO] [1789400800.610463269] [acados_nmpc_node]: [attach-window] t=85.60s pos_err=0.018m T=20.24N z=6.442 m_est=2.064
[INFO] [1789400800.642712611] [acados_nmpc_node]: [wcmd] raw=[+0.001,-0.021,-0.173] w=[-0.005,-0.032,-0.202] err=[+0.006,+0.011] scaled=[+0.001,-0.021] s=1.00
[INFO] [1789400800.654974929] [acados_nmpc_node]: [attach-window] t=85.65s pos_err=0.023m T=20.23N z=6.438 m_est=2.064
[INFO] [1789400800.710256761] [acados_nmpc_node]: [attach-window] t=85.70s pos_err=0.013m T=20.23N z=6.432 m_est=2.064
[INFO] [1789400800.710764361] [acados_nmpc_node]: t=85.7s | pos_err=0.013m | T=20.23N | tau=[r0.001 p0.000 y0.010]Nm | res_stat=9.961e-07(peak 9.999e-07) sqp_iter=3 | solve=1.6ms
[INFO] [1789400800.710973434] [acados_nmpc_node]: [flight-diag] t=85.7s | om_scale=1.000(lo 1.000 hi 1.000) | tilt_max=3.25deg | w_max=[r0.021 p0.054 y0.477]rad/s | u_frac=[T0.646 r0.013 p0.028 y0.135] | u_sat=[T0.0 r0.0 p0.0 y0.0]% | mot_peak=0.789 mot_sat=0.0% | health=1 age=0.000s conf=1.000 | n=100
[INFO] [1789400800.754778884] [acados_nmpc_node]: [attach-window] t=85.75s pos_err=0.019m T=20.22N z=6.428 m_est=2.064
[INFO] [1789400800.810682241] [acados_nmpc_node]: [attach-window] t=85.80s pos_err=0.019m T=20.21N z=6.423 m_est=2.064
[INFO] [1789400800.842737733] [acados_nmpc_node]: [wcmd] raw=[+0.000,-0.001,-0.161] w=[-0.000,-0.013,-0.183] err=[+0.000,+0.011] scaled=[+0.000,-0.001] s=1.00
[INFO] [1789400800.855105176] [acados_nmpc_node]: [attach-window] t=85.85s pos_err=0.025m T=20.19N z=6.419 m_est=2.064
[INFO] [1789400800.908361819] [acados_nmpc_node]: [attach-window] t=85.90s pos_err=0.013m T=20.19N z=6.413 m_est=2.064
[INFO] [1789400800.954281465] [acados_nmpc_node]: [attach-window] t=85.95s pos_err=0.031m T=20.17N z=6.410 m_est=2.064
[INFO] [1789400801.007960122] [acados_nmpc_node]: [attach-window] t=86.00s pos_err=0.018m T=20.17N z=6.405 m_est=2.064
[INFO] [1789400801.042656935] [acados_nmpc_node]: [wcmd] raw=[-0.012,-0.006,-0.147] w=[-0.008,+0.015,-0.167] err=[-0.004,-0.021] scaled=[-0.012,-0.006] s=1.00
[INFO] [1789400801.054803176] [acados_nmpc_node]: [attach-window] t=86.05s pos_err=0.027m T=20.16N z=6.401 m_est=2.064
[INFO] [1789400801.109711105] [acados_nmpc_node]: [attach-window] t=86.10s pos_err=0.017m T=20.17N z=6.395 m_est=2.064
[INFO] [1789400801.154733150] [acados_nmpc_node]: [attach-window] t=86.15s pos_err=0.035m T=20.17N z=6.391 m_est=2.064
[INFO] [1789400801.210024838] [acados_nmpc_node]: [attach-window] t=86.20s pos_err=0.024m T=20.19N z=6.385 m_est=2.064
[INFO] [1789400801.242643046] [acados_nmpc_node]: [wcmd] raw=[-0.010,-0.014,-0.135] w=[-0.017,+0.005,-0.154] err=[+0.007,-0.019] scaled=[-0.010,-0.014] s=1.00
[INFO] [1789400801.254604776] [acados_nmpc_node]: [attach-window] t=86.25s pos_err=0.031m T=20.19N z=6.380 m_est=2.064
[INFO] [1789400801.310005343] [acados_nmpc_node]: [attach-window] t=86.30s pos_err=0.021m T=20.20N z=6.374 m_est=2.064
[INFO] [1789400801.354726224] [acados_nmpc_node]: [attach-window] t=86.35s pos_err=0.038m T=20.19N z=6.370 m_est=2.064
[INFO] [1789400801.410074833] [acados_nmpc_node]: [attach-window] t=86.40s pos_err=0.027m T=20.21N z=6.363 m_est=2.064
[INFO] [1789400801.442648785] [acados_nmpc_node]: [wcmd] raw=[+0.002,-0.020,-0.122] w=[-0.008,-0.004,-0.139] err=[+0.010,-0.016] scaled=[+0.002,-0.020] s=1.00
[INFO] [1789400801.454686059] [acados_nmpc_node]: [attach-window] t=86.45s pos_err=0.034m T=20.21N z=6.358 m_est=2.064
[INFO] [1789400801.509992367] [acados_nmpc_node]: [attach-window] t=86.50s pos_err=0.024m T=20.23N z=6.351 m_est=2.064
[INFO] [1789400801.554770449] [acados_nmpc_node]: [attach-window] t=86.55s pos_err=0.030m T=20.24N z=6.346 m_est=2.064
[INFO] [1789400801.610047126] [acados_nmpc_node]: [attach-window] t=86.60s pos_err=0.021m T=20.26N z=6.339 m_est=2.064
[INFO] [1789400801.642701923] [acados_nmpc_node]: [wcmd] raw=[+0.008,-0.046,-0.108] w=[+0.004,-0.021,-0.127] err=[+0.004,-0.024] scaled=[+0.008,-0.046] s=1.00
[INFO] [1789400801.654673225] [acados_nmpc_node]: [attach-window] t=86.65s pos_err=0.036m T=20.25N z=6.335 m_est=2.064
[INFO] [1789400801.709852772] [acados_nmpc_node]: [attach-window] t=86.70s pos_err=0.025m T=20.26N z=6.327 m_est=2.064
[INFO] [1789400801.754824380] [acados_nmpc_node]: [attach-window] t=86.75s pos_err=0.043m T=20.24N z=6.324 m_est=2.064
[INFO] [1789400801.809907734] [acados_nmpc_node]: [attach-window] t=86.80s pos_err=0.030m T=20.24N z=6.317 m_est=2.064
[INFO] [1789400801.842689027] [acados_nmpc_node]: [wcmd] raw=[+0.017,+0.016,-0.098] w=[+0.016,+0.038,-0.114] err=[+0.002,-0.022] scaled=[+0.017,+0.016] s=1.00
[INFO] [1789400801.854701708] [acados_nmpc_node]: [attach-window] t=86.85s pos_err=0.037m T=20.22N z=6.312 m_est=2.064
[INFO] [1789400801.909944713] [acados_nmpc_node]: [attach-window] t=86.90s pos_err=0.024m T=20.22N z=6.306 m_est=2.064
[INFO] [1789400801.954634973] [acados_nmpc_node]: [attach-window] t=86.95s pos_err=0.030m T=20.21N z=6.302 m_est=2.064
[INFO] [1789400802.009844508] [acados_nmpc_node]: [attach-window] t=87.00s pos_err=0.028m T=20.20N z=6.296 m_est=2.064
[INFO] [1789400802.042717985] [acados_nmpc_node]: [wcmd] raw=[+0.007,-0.037,-0.086] w=[+0.015,-0.021,-0.102] err=[-0.009,-0.015] scaled=[+0.007,-0.037] s=1.00
[INFO] [1789400802.054970558] [acados_nmpc_node]: [attach-window] t=87.05s pos_err=0.035m T=20.19N z=6.292 m_est=2.064
[INFO] [1789400802.107976717] [acados_nmpc_node]: [attach-window] t=87.10s pos_err=0.018m T=20.20N z=6.285 m_est=2.064
[INFO] [1789400802.154733632] [acados_nmpc_node]: [attach-window] t=87.15s pos_err=0.040m T=20.19N z=6.282 m_est=2.064
[INFO] [1789400802.210164890] [acados_nmpc_node]: [attach-window] t=87.20s pos_err=0.026m T=20.19N z=6.275 m_est=2.064
[INFO] [1789400802.242653799] [acados_nmpc_node]: [wcmd] raw=[-0.013,-0.016,-0.078] w=[-0.002,-0.022,-0.090] err=[-0.011,+0.005] scaled=[-0.013,-0.016] s=1.00
[INFO] [1789400802.254692597] [acados_nmpc_node]: [attach-window] t=87.25s pos_err=0.034m T=20.18N z=6.271 m_est=2.064
[INFO] [1789400802.310024586] [acados_nmpc_node]: [attach-window] t=87.30s pos_err=0.020m T=20.18N z=6.265 m_est=2.064
[INFO] [1789400802.354687834] [acados_nmpc_node]: [attach-window] t=87.35s pos_err=0.041m T=20.17N z=6.261 m_est=2.064
[INFO] [1789400802.410547674] [acados_nmpc_node]: [attach-window] t=87.40s pos_err=0.028m T=20.18N z=6.255 m_est=2.064
[INFO] [1789400802.442627339] [acados_nmpc_node]: [wcmd] raw=[-0.025,-0.002,-0.069] w=[-0.026,+0.008,-0.080] err=[+0.001,-0.010] scaled=[-0.025,-0.002] s=1.00
[INFO] [1789400802.454767524] [acados_nmpc_node]: [attach-window] t=87.45s pos_err=0.037m T=20.18N z=6.250 m_est=2.064
[INFO] [1789400802.510025654] [acados_nmpc_node]: [attach-window] t=87.50s pos_err=0.024m T=20.21N z=6.243 m_est=2.064
[INFO] [1789400802.554876345] [acados_nmpc_node]: [attach-window] t=87.55s pos_err=0.047m T=20.20N z=6.239 m_est=2.064
[INFO] [1789400802.609870670] [acados_nmpc_node]: [attach-window] t=87.60s pos_err=0.035m T=20.22N z=6.232 m_est=2.064
[INFO] [1789400802.642630238] [acados_nmpc_node]: [wcmd] raw=[-0.006,-0.002,-0.062] w=[-0.023,+0.022,-0.071] err=[+0.017,-0.024] scaled=[-0.006,-0.002] s=1.00
[INFO] [1789400802.654685399] [acados_nmpc_node]: [attach-window] t=87.65s pos_err=0.045m T=20.22N z=6.227 m_est=2.064
[INFO] [1789400802.709732874] [acados_nmpc_node]: [attach-window] t=87.70s pos_err=0.033m T=20.23N z=6.220 m_est=2.064
[INFO] [1789400802.754817714] [acados_nmpc_node]: [attach-window] t=87.75s pos_err=0.057m T=20.22N z=6.216 m_est=2.064
[INFO] [1789400802.810382339] [acados_nmpc_node]: [attach-window] t=87.80s pos_err=0.045m T=20.22N z=6.209 m_est=2.064
[INFO] [1789400802.842670532] [acados_nmpc_node]: [wcmd] raw=[+0.014,-0.003,-0.055] w=[+0.005,+0.018,-0.062] err=[+0.009,-0.020] scaled=[+0.014,-0.003] s=1.00
[INFO] [1789400802.854919719] [acados_nmpc_node]: [attach-window] t=87.85s pos_err=0.055m T=20.21N z=6.205 m_est=2.064
[INFO] [1789400802.909833405] [acados_nmpc_node]: [attach-window] t=87.90s pos_err=0.042m T=20.20N z=6.198 m_est=2.064
[INFO] [1789400802.954817149] [acados_nmpc_node]: [attach-window] t=87.95s pos_err=0.066m T=20.19N z=6.195 m_est=2.064
[INFO] [1789400803.007671905] [acados_nmpc_node]: [attach-window] t=88.00s pos_err=0.049m T=20.19N z=6.188 m_est=2.064
[INFO] [1789400803.042592444] [acados_nmpc_node]: [wcmd] raw=[+0.007,-0.038,-0.047] w=[+0.014,+0.001,-0.055] err=[-0.007,-0.039] scaled=[+0.007,-0.038] s=1.00
[INFO] [1789400803.054231285] [acados_nmpc_node]: [attach-window] t=88.05s pos_err=0.062m T=20.18N z=6.184 m_est=2.064
[INFO] [1789400803.107383551] [acados_nmpc_node]: [attach-window] t=88.10s pos_err=0.044m T=20.16N z=6.178 m_est=2.064
[INFO] [1789400803.154177843] [acados_nmpc_node]: [attach-window] t=88.15s pos_err=0.072m T=20.15N z=6.175 m_est=2.064
[INFO] [1789400803.207580767] [acados_nmpc_node]: [attach-window] t=88.20s pos_err=0.053m T=20.14N z=6.169 m_est=2.064
[INFO] [1789400803.242522158] [acados_nmpc_node]: [wcmd] raw=[+0.002,-0.036,-0.041] w=[+0.004,-0.022,-0.049] err=[-0.003,-0.014] scaled=[+0.002,-0.036] s=1.00
[INFO] [1789400803.254022745] [acados_nmpc_node]: [attach-window] t=88.25s pos_err=0.066m T=20.12N z=6.165 m_est=2.064
[INFO] [1789400803.309946944] [acados_nmpc_node]: [attach-window] t=88.30s pos_err=0.050m T=20.12N z=6.159 m_est=2.064
[INFO] [1789400803.354770748] [acados_nmpc_node]: [attach-window] t=88.35s pos_err=0.075m T=20.11N z=6.155 m_est=2.064
[INFO] [1789400803.410255044] [acados_nmpc_node]: [attach-window] t=88.40s pos_err=0.058m T=20.13N z=6.149 m_est=2.064
[INFO] [1789400803.442661618] [acados_nmpc_node]: [wcmd] raw=[-0.003,-0.026,-0.035] w=[+0.001,-0.004,-0.041] err=[-0.003,-0.022] scaled=[-0.003,-0.026] s=1.00
[INFO] [1789400803.454811685] [acados_nmpc_node]: [attach-window] t=88.45s pos_err=0.067m T=20.13N z=6.144 m_est=2.064
[INFO] [1789400803.510321344] [acados_nmpc_node]: [attach-window] t=88.50s pos_err=0.050m T=20.15N z=6.137 m_est=2.064
[INFO] [1789400803.554720766] [acados_nmpc_node]: [attach-window] t=88.55s pos_err=0.073m T=20.15N z=6.134 m_est=2.064
[INFO] [1789400803.610160471] [acados_nmpc_node]: [attach-window] t=88.60s pos_err=0.056m T=20.16N z=6.127 m_est=2.064
[INFO] [1789400803.642625370] [acados_nmpc_node]: [wcmd] raw=[-0.007,-0.046,-0.029] w=[-0.006,-0.025,-0.035] err=[-0.001,-0.021] scaled=[-0.007,-0.046] s=1.00
[INFO] [1789400803.654622207] [acados_nmpc_node]: [attach-window] t=88.65s pos_err=0.064m T=20.15N z=6.123 m_est=2.064
[INFO] [1789400803.710001881] [acados_nmpc_node]: [attach-window] t=88.70s pos_err=0.046m T=20.15N z=6.116 m_est=2.064
[INFO] [1789400803.754714085] [acados_nmpc_node]: [attach-window] t=88.75s pos_err=0.070m T=20.14N z=6.113 m_est=2.064
[INFO] [1789400803.809846318] [acados_nmpc_node]: [attach-window] t=88.80s pos_err=0.051m T=20.14N z=6.106 m_est=2.064
[INFO] [1789400803.842655494] [acados_nmpc_node]: [wcmd] raw=[-0.005,-0.035,-0.022] w=[-0.006,-0.029,-0.029] err=[+0.001,-0.007] scaled=[-0.005,-0.035] s=1.00
[INFO] [1789400803.854736397] [acados_nmpc_node]: [attach-window] t=88.85s pos_err=0.060m T=20.13N z=6.102 m_est=2.064
[INFO] [1789400803.909950192] [acados_nmpc_node]: [attach-window] t=88.90s pos_err=0.041m T=20.14N z=6.095 m_est=2.064
[INFO] [1789400803.954716556] [acados_nmpc_node]: [attach-window] t=88.95s pos_err=0.066m T=20.12N z=6.092 m_est=2.064
[INFO] [1789400804.007725798] [acados_nmpc_node]: [attach-window] t=89.00s pos_err=0.044m T=20.13N z=6.086 m_est=2.064
[INFO] [1789400804.042579761] [acados_nmpc_node]: [wcmd] raw=[-0.009,-0.029,-0.015] w=[-0.007,-0.007,-0.023] err=[-0.002,-0.021] scaled=[-0.009,-0.029] s=1.00
[INFO] [1789400804.054323719] [acados_nmpc_node]: [attach-window] t=89.05s pos_err=0.057m T=20.12N z=6.082 m_est=2.064
[INFO] [1789400804.107750530] [acados_nmpc_node]: [attach-window] t=89.10s pos_err=0.035m T=20.13N z=6.075 m_est=2.064
[INFO] [1789400804.154129244] [acados_nmpc_node]: [attach-window] t=89.15s pos_err=0.063m T=20.10N z=6.072 m_est=2.064
[INFO] [1789400804.209998350] [acados_nmpc_node]: [attach-window] t=89.20s pos_err=0.045m T=20.10N z=6.066 m_est=2.064
[INFO] [1789400804.242635692] [acados_nmpc_node]: [wcmd] raw=[-0.014,-0.012,-0.008] w=[-0.013,-0.001,-0.017] err=[-0.001,-0.012] scaled=[-0.014,-0.012] s=1.00
[INFO] [1789400804.254598730] [acados_nmpc_node]: [attach-window] t=89.25s pos_err=0.053m T=20.09N z=6.062 m_est=2.064
[INFO] [1789400804.309639628] [acados_nmpc_node]: [attach-window] t=89.30s pos_err=0.035m T=20.09N z=6.056 m_est=2.064
[INFO] [1789400804.354672975] [acados_nmpc_node]: [attach-window] t=89.35s pos_err=0.059m T=20.08N z=6.053 m_est=2.064
[INFO] [1789400804.410510758] [acados_nmpc_node]: [attach-window] t=89.40s pos_err=0.042m T=20.08N z=6.047 m_est=2.064
[INFO] [1789400804.442661446] [acados_nmpc_node]: [wcmd] raw=[-0.008,-0.030,-0.001] w=[-0.014,+0.001,-0.009] err=[+0.006,-0.031] scaled=[-0.008,-0.030] s=1.00
[INFO] [1789400804.454721235] [acados_nmpc_node]: [attach-window] t=89.45s pos_err=0.050m T=20.07N z=6.044 m_est=2.064
[INFO] [1789400804.510328434] [acados_nmpc_node]: [attach-window] t=89.50s pos_err=0.033m T=20.09N z=6.037 m_est=2.064
[INFO] [1789400804.554792107] [acados_nmpc_node]: [attach-window] t=89.55s pos_err=0.041m T=20.09N z=6.033 m_est=2.064
[INFO] [1789400804.610351531] [acados_nmpc_node]: [attach-window] t=89.60s pos_err=0.039m T=20.10N z=6.028 m_est=2.064
[INFO] [1789400804.642737536] [acados_nmpc_node]: [wcmd] raw=[-0.006,-0.033,+0.006] w=[-0.007,-0.046,-0.003] err=[+0.001,+0.014] scaled=[-0.006,-0.033] s=1.00
[INFO] [1789400804.654631240] [acados_nmpc_node]: [attach-window] t=89.65s pos_err=0.047m T=20.11N z=6.023 m_est=2.064
[INFO] [1789400804.710101939] [acados_nmpc_node]: [attach-window] t=89.70s pos_err=0.030m T=20.14N z=6.016 m_est=2.064
[INFO] [1789400804.754698578] [acados_nmpc_node]: [attach-window] t=89.75s pos_err=0.054m T=20.13N z=6.013 m_est=2.064
[INFO] [1789400804.810230636] [acados_nmpc_node]: [attach-window] t=89.80s pos_err=0.025m T=20.16N z=6.005 m_est=2.064
[INFO] [1789400804.842633209] [acados_nmpc_node]: [wcmd] raw=[-0.004,-0.033,+0.012] w=[-0.006,+0.022,+0.004] err=[+0.002,-0.054] scaled=[-0.004,-0.033] s=1.00
[INFO] [1789400804.854700789] [acados_nmpc_node]: [attach-window] t=89.85s pos_err=0.048m T=20.14N z=6.002 m_est=2.064
[INFO] [1789400804.909810779] [acados_nmpc_node]: [attach-window] t=89.90s pos_err=0.033m T=20.15N z=5.994 m_est=2.064
[INFO] [1789400804.954682759] [acados_nmpc_node]: [attach-window] t=89.95s pos_err=0.058m T=20.13N z=5.991 m_est=2.064
[INFO] [1789400805.010136954] [acados_nmpc_node]: [attach-window] t=90.00s pos_err=0.043m T=20.16N z=5.983 m_est=2.064
[INFO] [1789400805.042654985] [acados_nmpc_node]: [wcmd] raw=[+0.000,+0.012,+0.018] w=[-0.002,+0.038,+0.011] err=[+0.003,-0.026] scaled=[+0.000,+0.012] s=1.00
[INFO] [1789400805.054695887] [acados_nmpc_node]: [attach-window] t=90.05s pos_err=0.053m T=20.16N z=5.978 m_est=2.064
[INFO] [1789400805.110135250] [acados_nmpc_node]: [attach-window] t=90.10s pos_err=0.039m T=20.20N z=5.970 m_est=2.064
[INFO] [1789400805.154702282] [acados_nmpc_node]: [attach-window] t=90.15s pos_err=0.064m T=20.20N z=5.966 m_est=2.064
[INFO] [1789400805.210338361] [acados_nmpc_node]: [attach-window] t=90.20s pos_err=0.034m T=20.24N z=5.957 m_est=2.064
[INFO] [1789400805.242657738] [acados_nmpc_node]: [wcmd] raw=[+0.004,-0.076,+0.024] w=[+0.005,+0.007,+0.017] err=[-0.001,-0.083] scaled=[+0.004,-0.076] s=1.00
[INFO] [1789400805.254725359] [acados_nmpc_node]: [attach-window] t=90.25s pos_err=0.058m T=20.24N z=5.952 m_est=2.064
[INFO] [1789400805.310414155] [acados_nmpc_node]: [attach-window] t=90.30s pos_err=0.043m T=20.25N z=5.943 m_est=2.064
[INFO] [1789400805.354720557] [acados_nmpc_node]: [attach-window] t=90.35s pos_err=0.067m T=20.23N z=5.939 m_est=2.064
[INFO] [1789400805.410345727] [acados_nmpc_node]: [attach-window] t=90.40s pos_err=0.051m T=20.25N z=5.931 m_est=2.064
[INFO] [1789400805.442724063] [acados_nmpc_node]: [wcmd] raw=[-0.011,-0.030,+0.031] w=[-0.003,-0.019,+0.024] err=[-0.008,-0.010] scaled=[-0.011,-0.030] s=1.00
[INFO] [1789400805.454889321] [acados_nmpc_node]: [attach-window] t=90.45s pos_err=0.060m T=20.24N z=5.926 m_est=2.064
[INFO] [1789400805.510199371] [acados_nmpc_node]: [attach-window] t=90.50s pos_err=0.043m T=20.25N z=5.917 m_est=2.064
[INFO] [1789400805.554826110] [acados_nmpc_node]: [attach-window] t=90.55s pos_err=0.067m T=20.23N z=5.913 m_est=2.064
[INFO] [1789400805.610288729] [acados_nmpc_node]: [attach-window] t=90.60s pos_err=0.036m T=20.24N z=5.905 m_est=2.064
[INFO] [1789400805.642649211] [acados_nmpc_node]: [wcmd] raw=[-0.010,-0.075,+0.037] w=[-0.011,-0.009,+0.030] err=[+0.001,-0.066] scaled=[-0.010,-0.075] s=1.00
[INFO] [1789400805.654706291] [acados_nmpc_node]: [attach-window] t=90.65s pos_err=0.059m T=20.22N z=5.901 m_est=2.064
[INFO] [1789400805.710070301] [acados_nmpc_node]: [attach-window] t=90.70s pos_err=0.043m T=20.20N z=5.894 m_est=2.064
[INFO] [1789400805.710558507] [acados_nmpc_node]: t=90.7s | pos_err=0.043m | T=20.20N | tau=[r0.001 p0.006 y0.003]Nm | res_stat=4.787e-07(peak 9.999e-07) sqp_iter=3 | solve=1.5ms
[INFO] [1789400805.710763914] [acados_nmpc_node]: [flight-diag] t=90.7s | om_scale=1.000(lo 1.000 hi 1.000) | tilt_max=2.95deg | w_max=[r0.029 p0.059 y0.192]rad/s | u_frac=[T0.646 r0.012 p0.057 y0.049] | u_sat=[T0.0 r0.0 p0.0 y0.0]% | mot_peak=0.782 mot_sat=0.0% | health=1 age=0.000s conf=1.000 | n=100
[INFO] [1789400805.754764047] [acados_nmpc_node]: [attach-window] t=90.75s pos_err=0.067m T=20.16N z=5.891 m_est=2.064
[INFO] [1789400805.810240555] [acados_nmpc_node]: [attach-window] t=90.80s pos_err=0.051m T=20.15N z=5.884 m_est=2.064
[INFO] [1789400805.842662005] [acados_nmpc_node]: [wcmd] raw=[-0.011,-0.010,+0.044] w=[-0.011,-0.004,+0.036] err=[+0.000,-0.006] scaled=[-0.011,-0.010] s=1.00
[INFO] [1789400805.854731937] [acados_nmpc_node]: [attach-window] t=90.85s pos_err=0.060m T=20.13N z=5.880 m_est=2.064
[INFO] [1789400805.910030531] [acados_nmpc_node]: [attach-window] t=90.90s pos_err=0.044m T=20.13N z=5.874 m_est=2.064
[INFO] [1789400805.954953355] [acados_nmpc_node]: [attach-window] t=90.95s pos_err=0.068m T=20.10N z=5.871 m_est=2.064
[INFO] [1789400806.009973553] [acados_nmpc_node]: [attach-window] t=91.00s pos_err=0.052m T=20.11N z=5.865 m_est=2.064
[INFO] [1789400806.042674389] [acados_nmpc_node]: [wcmd] raw=[-0.015,-0.023,+0.051] w=[-0.012,+0.008,+0.042] err=[-0.003,-0.030] scaled=[-0.015,-0.023] s=1.00
[INFO] [1789400806.054682876] [acados_nmpc_node]: [attach-window] t=91.05s pos_err=0.061m T=20.10N z=5.861 m_est=2.064
[INFO] [1789400806.110475034] [acados_nmpc_node]: [attach-window] t=91.10s pos_err=0.046m T=20.12N z=5.855 m_est=2.064
[INFO] [1789400806.155044117] [acados_nmpc_node]: [attach-window] t=91.15s pos_err=0.069m T=20.11N z=5.852 m_est=2.064
[INFO] [1789400806.210043570] [acados_nmpc_node]: [attach-window] t=91.20s pos_err=0.053m T=20.13N z=5.845 m_est=2.064
[INFO] [1789400806.242657782] [acados_nmpc_node]: [wcmd] raw=[-0.019,-0.034,+0.058] w=[-0.023,-0.012,+0.048] err=[+0.003,-0.022] scaled=[-0.019,-0.034] s=1.00
[INFO] [1789400806.254890731] [acados_nmpc_node]: [attach-window] t=91.25s pos_err=0.062m T=20.13N z=5.841 m_est=2.064
[INFO] [1789400806.310124966] [acados_nmpc_node]: [attach-window] t=91.30s pos_err=0.047m T=20.14N z=5.835 m_est=2.064
[INFO] [1789400806.354975027] [acados_nmpc_node]: [attach-window] t=91.35s pos_err=0.070m T=20.12N z=5.832 m_est=2.064
[INFO] [1789400806.410535803] [acados_nmpc_node]: [attach-window] t=91.40s pos_err=0.055m T=20.13N z=5.825 m_est=2.064
[INFO] [1789400806.442666886] [acados_nmpc_node]: [wcmd] raw=[-0.005,-0.028,+0.068] w=[-0.016,-0.016,+0.056] err=[+0.011,-0.012] scaled=[-0.005,-0.028] s=1.00
[INFO] [1789400806.455160651] [acados_nmpc_node]: [attach-window] t=91.45s pos_err=0.064m T=20.12N z=5.822 m_est=2.064
[INFO] [1789400806.510594698] [acados_nmpc_node]: [attach-window] t=91.50s pos_err=0.050m T=20.13N z=5.815 m_est=2.064
[INFO] [1789400806.555363652] [acados_nmpc_node]: [attach-window] t=91.55s pos_err=0.072m T=20.11N z=5.812 m_est=2.064
[INFO] [1789400806.610400861] [acados_nmpc_node]: [attach-window] t=91.60s pos_err=0.058m T=20.13N z=5.806 m_est=2.064
[INFO] [1789400806.642661385] [acados_nmpc_node]: [wcmd] raw=[+0.011,-0.023,+0.077] w=[+0.005,-0.004,+0.065] err=[+0.006,-0.019] scaled=[+0.011,-0.023] s=1.00
[INFO] [1789400806.655246587] [acados_nmpc_node]: [attach-window] t=91.65s pos_err=0.066m T=20.13N z=5.802 m_est=2.064
[INFO] [1789400806.710147129] [acados_nmpc_node]: [attach-window] t=91.70s pos_err=0.051m T=20.16N z=5.795 m_est=2.064
[INFO] [1789400806.754923795] [acados_nmpc_node]: [attach-window] t=91.75s pos_err=0.073m T=20.15N z=5.791 m_est=2.064
[INFO] [1789400806.810145184] [acados_nmpc_node]: [attach-window] t=91.80s pos_err=0.058m T=20.17N z=5.784 m_est=2.064
[INFO] [1789400806.842657842] [acados_nmpc_node]: [wcmd] raw=[+0.004,-0.034,+0.088] w=[+0.012,-0.005,+0.074] err=[-0.008,-0.029] scaled=[+0.004,-0.034] s=1.00
[INFO] [1789400806.854913311] [acados_nmpc_node]: [attach-window] t=91.85s pos_err=0.066m T=20.17N z=5.780 m_est=2.064
[INFO] [1789400806.910065893] [acados_nmpc_node]: [attach-window] t=91.90s pos_err=0.050m T=20.20N z=5.773 m_est=2.064
[INFO] [1789400806.954563179] [acados_nmpc_node]: [attach-window] t=91.95s pos_err=0.072m T=20.18N z=5.769 m_est=2.064
[INFO] [1789400807.007640397] [acados_nmpc_node]: [attach-window] t=92.00s pos_err=0.053m T=20.20N z=5.762 m_est=2.064
[INFO] [1789400807.042637755] [acados_nmpc_node]: [wcmd] raw=[-0.011,-0.045,+0.099] w=[-0.006,-0.013,+0.084] err=[-0.005,-0.032] scaled=[-0.011,-0.045] s=1.00
[INFO] [1789400807.054453477] [acados_nmpc_node]: [attach-window] t=92.05s pos_err=0.064m T=20.19N z=5.758 m_est=2.064
[INFO] [1789400807.107452404] [acados_nmpc_node]: [attach-window] t=92.10s pos_err=0.044m T=20.21N z=5.750 m_est=2.064
[INFO] [1789400807.154497732] [acados_nmpc_node]: [attach-window] t=92.15s pos_err=0.069m T=20.19N z=5.747 m_est=2.064
[INFO] [1789400807.207966322] [acados_nmpc_node]: [attach-window] t=92.20s pos_err=0.050m T=20.21N z=5.739 m_est=2.064
[INFO] [1789400807.242711638] [acados_nmpc_node]: [wcmd] raw=[-0.007,-0.031,+0.111] w=[-0.013,-0.020,+0.094] err=[+0.005,-0.011] scaled=[-0.007,-0.031] s=1.00
[INFO] [1789400807.254233852] [acados_nmpc_node]: [attach-window] t=92.25s pos_err=0.059m T=20.21N z=5.734 m_est=2.064
[INFO] [1789400807.307601245] [acados_nmpc_node]: [attach-window] t=92.30s pos_err=0.041m T=20.25N z=5.726 m_est=2.064
[INFO] [1789400807.354494265] [acados_nmpc_node]: [attach-window] t=92.35s pos_err=0.051m T=20.25N z=5.721 m_est=2.064
[INFO] [1789400807.407853054] [acados_nmpc_node]: [attach-window] t=92.40s pos_err=0.046m T=20.28N z=5.713 m_est=2.064
[INFO] [1789400807.442571931] [acados_nmpc_node]: [wcmd] raw=[-0.002,-0.020,+0.123] w=[-0.002,-0.022,+0.106] err=[+0.001,+0.002] scaled=[-0.002,-0.020] s=1.00
[INFO] [1789400807.454415343] [acados_nmpc_node]: [attach-window] t=92.45s pos_err=0.056m T=20.28N z=5.708 m_est=2.064
[INFO] [1789400807.507528580] [acados_nmpc_node]: [attach-window] t=92.50s pos_err=0.038m T=20.32N z=5.700 m_est=2.064
[INFO] [1789400807.554487036] [acados_nmpc_node]: [attach-window] t=92.55s pos_err=0.062m T=20.30N z=5.695 m_est=2.064
[INFO] [1789400807.607858731] [acados_nmpc_node]: [attach-window] t=92.60s pos_err=0.045m T=20.33N z=5.687 m_est=2.064
[INFO] [1789400807.642561446] [acados_nmpc_node]: [wcmd] raw=[-0.012,-0.004,+0.137] w=[-0.006,+0.018,+0.117] err=[-0.006,-0.022] scaled=[-0.012,-0.004] s=1.00
[INFO] [1789400807.654267989] [acados_nmpc_node]: [attach-window] t=92.65s pos_err=0.055m T=20.32N z=5.681 m_est=2.064
[INFO] [1789400807.707479246] [acados_nmpc_node]: [attach-window] t=92.70s pos_err=0.038m T=20.35N z=5.673 m_est=2.064
[INFO] [1789400807.754994806] [acados_nmpc_node]: [attach-window] t=92.75s pos_err=0.062m T=20.33N z=5.669 m_est=2.064
[INFO] [1789400807.809817647] [acados_nmpc_node]: [attach-window] t=92.80s pos_err=0.036m T=20.35N z=5.659 m_est=2.064
[INFO] [1789400807.842704754] [acados_nmpc_node]: [wcmd] raw=[-0.018,-0.047,+0.153] w=[-0.021,+0.012,+0.131] err=[+0.003,-0.059] scaled=[-0.018,-0.047] s=1.00
[INFO] [1789400807.854879742] [acados_nmpc_node]: [attach-window] t=92.85s pos_err=0.056m T=20.32N z=5.655 m_est=2.064
[INFO] [1789400807.909902890] [acados_nmpc_node]: [attach-window] t=92.90s pos_err=0.043m T=20.32N z=5.648 m_est=2.064
[INFO] [1789400807.954979597] [acados_nmpc_node]: [attach-window] t=92.95s pos_err=0.062m T=20.28N z=5.644 m_est=2.064
[INFO] [1789400808.009939899] [acados_nmpc_node]: [attach-window] t=93.00s pos_err=0.037m T=20.29N z=5.636 m_est=2.064
[INFO] [1789400808.042636107] [acados_nmpc_node]: [wcmd] raw=[-0.003,-0.051,+0.170] w=[-0.018,-0.003,+0.145] err=[+0.016,-0.049] scaled=[-0.003,-0.051] s=1.00
[INFO] [1789400808.054841780] [acados_nmpc_node]: [attach-window] t=93.05s pos_err=0.056m T=20.27N z=5.633 m_est=2.064
[INFO] [1789400808.110412812] [acados_nmpc_node]: [attach-window] t=93.10s pos_err=0.043m T=20.26N z=5.626 m_est=2.064
[INFO] [1789400808.155025763] [acados_nmpc_node]: [attach-window] t=93.15s pos_err=0.061m T=20.23N z=5.623 m_est=2.064
[INFO] [1789400808.210255278] [acados_nmpc_node]: [attach-window] t=93.20s pos_err=0.036m T=20.24N z=5.615 m_est=2.064
[INFO] [1789400808.242666416] [acados_nmpc_node]: [wcmd] raw=[+0.016,-0.052,+0.187] w=[+0.003,-0.004,+0.161] err=[+0.013,-0.049] scaled=[+0.016,-0.052] s=1.00
[INFO] [1789400808.255069370] [acados_nmpc_node]: [attach-window] t=93.25s pos_err=0.053m T=20.21N z=5.612 m_est=2.064
[INFO] [1789400808.310241602] [acados_nmpc_node]: [attach-window] t=93.30s pos_err=0.040m T=20.21N z=5.607 m_est=2.064
[INFO] [1789400808.355017342] [acados_nmpc_node]: [attach-window] t=93.35s pos_err=0.057m T=20.18N z=5.604 m_est=2.064
[INFO] [1789400808.410220060] [acados_nmpc_node]: [attach-window] t=93.40s pos_err=0.033m T=20.21N z=5.597 m_est=2.064
[INFO] [1789400808.442675919] [acados_nmpc_node]: [wcmd] raw=[+0.014,-0.054,+0.208] w=[+0.015,-0.008,+0.178] err=[-0.001,-0.046] scaled=[+0.014,-0.054] s=1.00
[INFO] [1789400808.454999409] [acados_nmpc_node]: [attach-window] t=93.45s pos_err=0.049m T=20.19N z=5.594 m_est=2.064
[INFO] [1789400808.510513838] [acados_nmpc_node]: [attach-window] t=93.50s pos_err=0.037m T=20.20N z=5.588 m_est=2.064
[INFO] [1789400808.555048054] [acados_nmpc_node]: [attach-window] t=93.55s pos_err=0.053m T=20.18N z=5.585 m_est=2.064
[INFO] [1789400808.610503030] [acados_nmpc_node]: [attach-window] t=93.60s pos_err=0.041m T=20.20N z=5.579 m_est=2.064
[INFO] [1789400808.642657384] [acados_nmpc_node]: [wcmd] raw=[-0.005,-0.016,+0.232] w=[+0.005,-0.009,+0.197] err=[-0.010,-0.007] scaled=[-0.005,-0.016] s=1.00
[INFO] [1789400808.654941489] [acados_nmpc_node]: [attach-window] t=93.65s pos_err=0.046m T=20.20N z=5.576 m_est=2.064
[INFO] [1789400808.710020893] [acados_nmpc_node]: [attach-window] t=93.70s pos_err=0.035m T=20.22N z=5.570 m_est=2.064
[INFO] [1789400808.755026948] [acados_nmpc_node]: [attach-window] t=93.75s pos_err=0.041m T=20.21N z=5.566 m_est=2.064
[INFO] [1789400808.810354969] [acados_nmpc_node]: [attach-window] t=93.80s pos_err=0.039m T=20.21N z=5.561 m_est=2.064
[INFO] [1789400808.842834242] [acados_nmpc_node]: [wcmd] raw=[-0.020,-0.019,+0.256] w=[-0.013,-0.016,+0.219] err=[-0.007,-0.003] scaled=[-0.020,-0.019] s=1.00
[INFO] [1789400808.855240243] [acados_nmpc_node]: [attach-window] t=93.85s pos_err=0.044m T=20.20N z=5.558 m_est=2.064
[INFO] [1789400808.910716807] [acados_nmpc_node]: [attach-window] t=93.90s pos_err=0.034m T=20.22N z=5.552 m_est=2.064
[INFO] [1789400808.955013468] [acados_nmpc_node]: [attach-window] t=93.95s pos_err=0.048m T=20.20N z=5.549 m_est=2.064
[INFO] [1789400809.010137550] [acados_nmpc_node]: [attach-window] t=94.00s pos_err=0.030m T=20.24N z=5.543 m_est=2.064
[INFO] [1789400809.042651842] [acados_nmpc_node]: [wcmd] raw=[-0.006,-0.033,+0.282] w=[-0.023,+0.009,+0.242] err=[+0.017,-0.042] scaled=[-0.006,-0.033] s=1.00
[INFO] [1789400809.054991137] [acados_nmpc_node]: [attach-window] t=94.05s pos_err=0.042m T=20.22N z=5.540 m_est=2.064
[INFO] [1789400809.110259444] [acados_nmpc_node]: [attach-window] t=94.10s pos_err=0.034m T=20.23N z=5.534 m_est=2.064
[INFO] [1789400809.155000867] [acados_nmpc_node]: [attach-window] t=94.15s pos_err=0.046m T=20.20N z=5.531 m_est=2.064
[INFO] [1789400809.207922986] [acados_nmpc_node]: [attach-window] t=94.20s pos_err=0.036m T=20.22N z=5.526 m_est=2.064
[INFO] [1789400809.242516479] [acados_nmpc_node]: [wcmd] raw=[+0.008,-0.013,+0.309] w=[-0.001,+0.006,+0.268] err=[+0.009,-0.019] scaled=[+0.008,-0.013] s=1.00
[INFO] [1789400809.254383709] [acados_nmpc_node]: [attach-window] t=94.25s pos_err=0.043m T=20.21N z=5.522 m_est=2.064
[INFO] [1789400809.307706599] [acados_nmpc_node]: [attach-window] t=94.30s pos_err=0.034m T=20.22N z=5.517 m_est=2.064
[INFO] [1789400809.354957961] [acados_nmpc_node]: [attach-window] t=94.35s pos_err=0.048m T=20.20N z=5.514 m_est=2.064
[INFO] [1789400809.410411954] [acados_nmpc_node]: [attach-window] t=94.40s pos_err=0.041m T=20.21N z=5.509 m_est=2.064
[INFO] [1789400809.442644939] [acados_nmpc_node]: [wcmd] raw=[+0.004,-0.005,+0.338] w=[+0.010,+0.004,+0.295] err=[-0.005,-0.009] scaled=[+0.004,-0.005] s=1.00
[INFO] [1789400809.454931975] [acados_nmpc_node]: [attach-window] t=94.45s pos_err=0.046m T=20.20N z=5.505 m_est=2.064
[INFO] [1789400809.510745658] [acados_nmpc_node]: [attach-window] t=94.50s pos_err=0.041m T=20.22N z=5.500 m_est=2.064
[INFO] [1789400809.555038581] [acados_nmpc_node]: [attach-window] t=94.55s pos_err=0.083m T=20.14N z=5.500 m_est=2.064
[INFO] [1789400809.610921960] [acados_nmpc_node]: [attach-window] t=94.60s pos_err=0.143m T=20.00N z=5.500 m_est=2.064
[ros2run]: Killed
