[INFO] [1788472333.980347732] [acados_nmpc_node]: acados NMPC node starting, building/loading solver...
Code reuse possible, skipping code generation.
acados was compiled without OpenMP.
[INFO] [1788472333.987524621] [acados_nmpc_node]: OMEGA SCALE: on (source=djest, tau=0.50s, cap=5.0) — 增益调度走 setpoint 侧,PX4 参数不动
[WARN] [1788472333.996201809] [acados_nmpc_node]: omega_scale_enable=true → 自动关闭 scale_px4_rate_gains(两者补同一件事,同时开是双重补偿)
[INFO] [1788472333.999368856] [acados_nmpc_node]: GRIPPER MODE: hover over box (1.0,0.1) z 0.55->6.0m, lift after 1.5s, empty m_est=2.06kg, attach J bootstrap=True (0.30kg envelope)
[INFO] [1788472334.000102578] [acados_nmpc_node]: Warming up acados solver...
[INFO] [1788472334.006446714] [acados_nmpc_node]: Solver warmup complete, took 5.6 ms
[INFO] [1788472334.013735903] [acados_nmpc_node]: Decoupled publish enabled: solve @20Hz, body_rate/thrust @50Hz (trajectory interpolation)
[INFO] [1788472334.014538957] [acados_nmpc_node]: acados NMPC node initialized! Waiting for EKF2 convergence...
[INFO] [1788472344.014770839] [acados_nmpc_node]: Waiting for EKF2 convergence... 5/10 s
[INFO] [1788472349.014986680] [acados_nmpc_node]: Waiting for EKF2 convergence... 10/10 s
[INFO] [1788472349.063415415] [acados_nmpc_node]: Switching to OFFBOARD mode
[INFO] [1788472350.015175933] [acados_nmpc_node]: Sending arm command
[INFO] [1788472351.014592838] [acados_nmpc_node]: Armed, preparing to move to trajectory start...
[INFO] [1788472353.463386751] [acados_nmpc_node]: Gripper approach (climb): rising at spawn to z=1.50m | z=0.05m v=0.41m/s
[INFO] [1788472355.963351379] [acados_nmpc_node]: Gripper approach (climb): rising at spawn to z=1.50m | z=1.00m v=0.24m/s
[INFO] [1788472358.014999557] [acados_nmpc_node]: Gripper approach: climbed to safe altitude at spawn, now translating over box
[INFO] [1788472358.463460654] [acados_nmpc_node]: Gripper approach (high): aligning over box at z=1.50m | xy=0.984m z_err=0.148m v=0.28m/s
[INFO] [1788472360.315869757] [acados_nmpc_node]: Gripper approach: aligned above box, NMPC will take over here (z=1.50m), settle 3.0s then descend to z=0.55m to trigger attach
[INFO] [1788472360.363781518] [acados_nmpc_node]: Reached trajectory start, NMPC tracking begins!
[INFO] [1788472360.553341459] [acados_nmpc_node]: [wcmd] raw=[+0.005,-0.013,+0.005] w=[-0.001,+0.032,+0.081] err=[+0.006,-0.045] scaled=[+0.005,-0.013] s=1.00
[INFO] [1788472360.753384059] [acados_nmpc_node]: [wcmd] raw=[-0.003,-0.030,+0.016] w=[+0.011,-0.027,+0.067] err=[-0.015,-0.004] scaled=[-0.003,-0.030] s=1.00
[INFO] [1788472360.917840868] [acados_nmpc_node]: t=0.6s | pos_err=0.053m | T=19.99N | tau=[r-0.025 p0.029 y-0.014]Nm | res_stat=2.392e-07(peak 9.688e-07) sqp_iter=3 | solve=1.5ms
[INFO] [1788472360.918089196] [acados_nmpc_node]: [flight-diag] t=0.6s | om_scale=1.000(lo 1.000 hi 1.000) | tilt_max=2.19deg | w_max=[r0.012 p0.038 y0.081]rad/s | u_frac=[T0.521 r0.067 p0.177 y0.076] | u_sat=[T0.0 r0.0 p0.0 y0.0]% | mot_peak=0.886 mot_sat=0.0% | health=na age=na conf=na | n=12
[INFO] [1788472360.953404820] [acados_nmpc_node]: [wcmd] raw=[-0.075,+0.086,+0.010] w=[-0.041,+0.050,+0.041] err=[-0.034,+0.036] scaled=[-0.075,+0.086] s=1.00
[INFO] [1788472361.153405319] [acados_nmpc_node]: [wcmd] raw=[-0.072,+0.117,-0.004] w=[-0.088,+0.136,+0.025] err=[+0.016,-0.019] scaled=[-0.072,+0.117] s=1.00
[INFO] [1788472361.353429811] [acados_nmpc_node]: [wcmd] raw=[+0.021,-0.013,-0.020] w=[-0.008,+0.016,+0.011] err=[+0.029,-0.029] scaled=[+0.021,-0.013] s=1.00
[INFO] [1788472361.553421672] [acados_nmpc_node]: [wcmd] raw=[+0.052,-0.050,-0.027] w=[+0.055,-0.052,-0.005] err=[-0.003,+0.002] scaled=[+0.052,-0.050] s=1.00
[INFO] [1788472361.753418777] [acados_nmpc_node]: [wcmd] raw=[+0.017,-0.020,-0.023] w=[+0.034,-0.031,-0.016] err=[-0.017,+0.011] scaled=[+0.017,-0.020] s=1.00
[INFO] [1788472361.953387776] [acados_nmpc_node]: [wcmd] raw=[-0.012,-0.003,-0.015] w=[-0.008,-0.006,-0.020] err=[-0.004,+0.003] scaled=[-0.012,-0.003] s=1.00
[INFO] [1788472362.153502766] [acados_nmpc_node]: [wcmd] raw=[-0.004,-0.003,-0.008] w=[-0.011,-0.008,-0.017] err=[+0.006,+0.005] scaled=[-0.004,-0.003] s=1.00
[INFO] [1788472362.353370473] [acados_nmpc_node]: [wcmd] raw=[+0.006,+0.022,-0.004] w=[+0.002,+0.016,-0.012] err=[+0.004,+0.006] scaled=[+0.006,+0.022] s=1.00
[INFO] [1788472362.553370759] [acados_nmpc_node]: [wcmd] raw=[+0.008,+0.026,+0.000] w=[+0.007,+0.028,-0.007] err=[+0.001,-0.001] scaled=[+0.008,+0.026] s=1.00
[INFO] [1788472362.753453500] [acados_nmpc_node]: [wcmd] raw=[+0.002,+0.003,+0.003] w=[+0.003,+0.010,-0.002] err=[-0.001,-0.006] scaled=[+0.002,+0.003] s=1.00
[INFO] [1788472362.953387386] [acados_nmpc_node]: [wcmd] raw=[-0.003,-0.014,+0.004] w=[-0.002,-0.014,+0.001] err=[-0.001,+0.000] scaled=[-0.003,-0.014] s=1.00
[INFO] [1788472363.153397834] [acados_nmpc_node]: [wcmd] raw=[+0.000,-0.015,+0.004] w=[-0.002,-0.017,+0.004] err=[+0.002,+0.002] scaled=[+0.000,-0.015] s=1.00
[INFO] [1788472363.353384263] [acados_nmpc_node]: [wcmd] raw=[-0.007,-0.009,+0.002] w=[-0.005,-0.015,+0.005] err=[-0.002,+0.006] scaled=[-0.007,-0.009] s=1.00
[INFO] [1788472363.415982722] [acados_nmpc_node]: t=3.1s | DESCEND: settle done, lowering 1.5->0.55m, will enable gripper at bottom
[INFO] [1788472363.553456515] [acados_nmpc_node]: [wcmd] raw=[-0.006,+0.008,-0.001] w=[-0.010,+0.001,+0.003] err=[+0.004,+0.008] scaled=[-0.006,+0.008] s=1.00
[INFO] [1788472363.753526344] [acados_nmpc_node]: [wcmd] raw=[+0.003,+0.018,-0.003] w=[-0.001,+0.015,+0.002] err=[+0.004,+0.003] scaled=[+0.003,+0.018] s=1.00
[INFO] [1788472363.953362044] [acados_nmpc_node]: [wcmd] raw=[+0.003,+0.023,-0.004] w=[+0.004,+0.021,-0.001] err=[-0.001,+0.002] scaled=[+0.003,+0.023] s=1.00
[INFO] [1788472364.153389096] [acados_nmpc_node]: [wcmd] raw=[+0.007,+0.017,-0.004] w=[+0.004,+0.020,-0.002] err=[+0.003,-0.002] scaled=[+0.007,+0.017] s=1.00
[INFO] [1788472364.353333367] [acados_nmpc_node]: [wcmd] raw=[+0.021,+0.006,-0.003] w=[+0.018,+0.010,-0.003] err=[+0.003,-0.004] scaled=[+0.021,+0.006] s=1.00
[INFO] [1788472364.553337228] [acados_nmpc_node]: [wcmd] raw=[+0.014,+0.000,-0.002] w=[+0.018,+0.002,-0.003] err=[-0.005,-0.001] scaled=[+0.014,+0.000] s=1.00
[INFO] [1788472364.753403718] [acados_nmpc_node]: [wcmd] raw=[-0.001,-0.006,-0.000] w=[+0.003,-0.003,-0.002] err=[-0.004,-0.003] scaled=[-0.001,-0.006] s=1.00
[INFO] [1788472364.953490203] [acados_nmpc_node]: [wcmd] raw=[+0.002,-0.009,+0.000] w=[+0.000,-0.008,-0.001] err=[+0.002,-0.001] scaled=[+0.002,-0.009] s=1.00
[INFO] [1788472365.153467953] [acados_nmpc_node]: [wcmd] raw=[+0.001,-0.007,+0.000] w=[+0.004,-0.006,-0.001] err=[-0.003,-0.001] scaled=[+0.001,-0.007] s=1.00
[INFO] [1788472365.353475080] [acados_nmpc_node]: [wcmd] raw=[-0.020,-0.002,-0.000] w=[-0.012,-0.001,+0.001] err=[-0.008,-0.001] scaled=[-0.020,-0.002] s=1.00
[INFO] [1788472365.553351476] [acados_nmpc_node]: [wcmd] raw=[-0.023,-0.006,-0.000] w=[-0.026,-0.003,+0.000] err=[+0.003,-0.003] scaled=[-0.023,-0.006] s=1.00
[INFO] [1788472365.753366422] [acados_nmpc_node]: [wcmd] raw=[+0.000,-0.012,-0.001] w=[-0.008,-0.011,+0.001] err=[+0.009,-0.001] scaled=[+0.000,-0.012] s=1.00
[INFO] [1788472365.916346030] [acados_nmpc_node]: t=5.6s | pos_err=0.054m | T=20.52N | tau=[r0.002 p-0.001 y-0.001]Nm | res_stat=8.035e-07(peak 9.857e-07) sqp_iter=2 | solve=0.9ms
[INFO] [1788472365.916529103] [acados_nmpc_node]: [flight-diag] t=5.6s | om_scale=1.000(lo 1.000 hi 1.000) | tilt_max=1.75deg | w_max=[r0.089 p0.141 y0.041]rad/s | u_frac=[T0.542 r0.037 p0.052 y0.070] | u_sat=[T0.0 r0.0 p0.0 y0.0]% | mot_peak=0.803 mot_sat=0.0% | health=na age=na conf=na | n=100
[INFO] [1788472365.953341335] [acados_nmpc_node]: [wcmd] raw=[+0.011,-0.015,-0.002] w=[+0.011,-0.015,+0.000] err=[-0.000,+0.000] scaled=[+0.011,-0.015] s=1.00
[INFO] [1788472366.153481236] [acados_nmpc_node]: [wcmd] raw=[+0.005,-0.018,-0.004] w=[+0.009,-0.020,-0.002] err=[-0.004,+0.002] scaled=[+0.005,-0.018] s=1.00
[INFO] [1788472366.353376017] [acados_nmpc_node]: [wcmd] raw=[-0.003,+0.002,-0.004] w=[+0.001,-0.006,-0.002] err=[-0.005,+0.008] scaled=[-0.003,+0.002] s=1.00
[INFO] [1788472366.553389050] [acados_nmpc_node]: [wcmd] raw=[-0.009,+0.030,-0.003] w=[-0.008,+0.023,-0.004] err=[-0.001,+0.007] scaled=[-0.009,+0.030] s=1.00
[INFO] [1788472366.563222354] [acados_nmpc_node]: t=6.2s | DESCEND done at z=0.570m (target 0.550m, z_err=0.020m, v=0.05m/s), gripper ENABLED (attach will trigger now)
[INFO] [1788472366.664963113] [acados_nmpc_node]: attach offset received: box-drone = [-0.007, -0.119, -0.532] m
[INFO] [1788472366.715532047] [acados_nmpc_node]: t=6.4s | ATTACH (geom_source=online): model dJ from floor(ratchet starts at 0) m_p=0.05kg arm=0.47m (dJ=0.0108, dj_track=True); rate gains from envelope(rack spec) m_p=0.30kg; c_xy refine online, attach truth eval-only
[INFO] [1788472366.715749334] [acados_nmpc_node]: [dJ_online] m_est=2.051 m_p=0.000 ratchet=0.000 floor=0.050 -> m_p_model=0.050(floor) dJ=0.0108 | gain_base=0.300 c_xy=[-0.00,+0.00]cm
[INFO] [1788472366.717451648] [acados_nmpc_node]: [attach-window] t=6.35s pos_err=0.018m T=19.81N z=0.567 m_est=2.051
[INFO] [1788472366.753434598] [acados_nmpc_node]: [wcmd] raw=[+0.010,+0.009,-0.001] w=[-0.000,+0.004,+0.000] err=[+0.010,+0.005] scaled=[+0.010,+0.010] s=1.09
[INFO] [1788472366.764518021] [acados_nmpc_node]: [attach-window] t=6.40s pos_err=0.018m T=19.78N z=0.567 m_est=2.049
[INFO] [1788472366.816711576] [acados_nmpc_node]: [attach-window] t=6.45s pos_err=0.018m T=19.77N z=0.568 m_est=2.049
[INFO] [1788472366.864486043] [acados_nmpc_node]: [attach-window] t=6.50s pos_err=0.019m T=19.73N z=0.569 m_est=2.047
[INFO] [1788472366.916411757] [acados_nmpc_node]: [attach-window] t=6.55s pos_err=0.020m T=19.73N z=0.569 m_est=2.047
[INFO] [1788472366.953407584] [acados_nmpc_node]: [wcmd] raw=[-0.008,+0.012,-0.001] w=[+0.000,-0.000,+0.000] err=[-0.008,+0.013] scaled=[-0.010,+0.016] s=1.31
[INFO] [1788472366.964596803] [acados_nmpc_node]: [attach-window] t=6.60s pos_err=0.021m T=19.70N z=0.569 m_est=2.045
[INFO] [1788472367.016750676] [acados_nmpc_node]: [attach-window] t=6.65s pos_err=0.021m T=19.70N z=0.569 m_est=2.045
[INFO] [1788472367.065292138] [acados_nmpc_node]: [attach-window] t=6.70s pos_err=0.022m T=19.68N z=0.569 m_est=2.043
[INFO] [1788472367.118546797] [acados_nmpc_node]: [attach-window] t=6.75s pos_err=0.022m T=19.69N z=0.569 m_est=2.043
[INFO] [1788472367.153489645] [acados_nmpc_node]: [wcmd] raw=[-0.032,+0.003,-0.001] w=[+0.000,-0.001,-0.000] err=[-0.032,+0.003] scaled=[-0.046,+0.004] s=1.46
[INFO] [1788472367.165236660] [acados_nmpc_node]: [attach-window] t=6.80s pos_err=0.022m T=19.69N z=0.568 m_est=2.041
[INFO] [1788472367.218349080] [acados_nmpc_node]: [attach-window] t=6.85s pos_err=0.022m T=19.70N z=0.568 m_est=2.041
[INFO] [1788472367.265278735] [acados_nmpc_node]: [attach-window] t=6.90s pos_err=0.022m T=19.70N z=0.567 m_est=2.038
[INFO] [1788472367.318370404] [acados_nmpc_node]: [attach-window] t=6.95s pos_err=0.021m T=19.71N z=0.567 m_est=2.038
[INFO] [1788472367.353469777] [acados_nmpc_node]: [wcmd] raw=[-0.040,+0.005,-0.001] w=[-0.001,-0.000,-0.000] err=[-0.040,+0.006] scaled=[-0.062,+0.008] s=1.56
[INFO] [1788472367.365302610] [acados_nmpc_node]: [attach-window] t=7.00s pos_err=0.021m T=19.69N z=0.566 m_est=2.036
[INFO] [1788472367.418199020] [acados_nmpc_node]: [attach-window] t=7.05s pos_err=0.021m T=19.70N z=0.566 m_est=2.036
[INFO] [1788472367.465314859] [acados_nmpc_node]: [attach-window] t=7.10s pos_err=0.021m T=19.68N z=0.566 m_est=2.033
[INFO] [1788472367.518522149] [acados_nmpc_node]: [attach-window] t=7.15s pos_err=0.021m T=19.68N z=0.565 m_est=2.033
[INFO] [1788472367.553418642] [acados_nmpc_node]: [wcmd] raw=[-0.039,+0.012,-0.001] w=[-0.000,+0.000,-0.000] err=[-0.039,+0.012] scaled=[-0.064,+0.020] s=1.62
[INFO] [1788472367.565258995] [acados_nmpc_node]: [attach-window] t=7.20s pos_err=0.020m T=19.66N z=0.565 m_est=2.030
[INFO] [1788472367.618498477] [acados_nmpc_node]: [attach-window] t=7.25s pos_err=0.020m T=19.66N z=0.565 m_est=2.030
[INFO] [1788472367.665295395] [acados_nmpc_node]: [attach-window] t=7.30s pos_err=0.020m T=19.62N z=0.565 m_est=2.026
[INFO] [1788472367.718357851] [acados_nmpc_node]: [attach-window] t=7.35s pos_err=0.020m T=19.62N z=0.565 m_est=2.026
[INFO] [1788472367.753381642] [acados_nmpc_node]: [wcmd] raw=[-0.034,+0.019,-0.002] w=[-0.000,-0.000,-0.000] err=[-0.033,+0.019] scaled=[-0.056,+0.032] s=1.67
[INFO] [1788472367.765173716] [acados_nmpc_node]: [attach-window] t=7.40s pos_err=0.020m T=19.57N z=0.565 m_est=2.021
[INFO] [1788472367.818289531] [acados_nmpc_node]: [attach-window] t=7.45s pos_err=0.021m T=19.56N z=0.565 m_est=2.021
[INFO] [1788472367.865149565] [acados_nmpc_node]: [attach-window] t=7.50s pos_err=0.021m T=19.51N z=0.565 m_est=2.016
[INFO] [1788472367.918221848] [acados_nmpc_node]: [attach-window] t=7.55s pos_err=0.021m T=19.51N z=0.565 m_est=2.016
[INFO] [1788472367.953363691] [acados_nmpc_node]: [wcmd] raw=[-0.040,+0.029,-0.002] w=[+0.000,+0.000,-0.000] err=[-0.041,+0.029] scaled=[-0.069,+0.049] s=1.70
[INFO] [1788472367.965137331] [acados_nmpc_node]: [attach-window] t=7.60s pos_err=0.022m T=19.46N z=0.565 m_est=2.010
[INFO] [1788472368.018334695] [acados_nmpc_node]: [attach-window] t=7.65s pos_err=0.022m T=19.46N z=0.564 m_est=2.010
[INFO] [1788472368.065209897] [acados_nmpc_node]: [attach-window] t=7.70s pos_err=0.022m T=19.41N z=0.564 m_est=2.003
[INFO] [1788472368.118456539] [acados_nmpc_node]: [attach-window] t=7.75s pos_err=0.022m T=19.42N z=0.563 m_est=2.003
[INFO] [1788472368.153302113] [acados_nmpc_node]: [wcmd] raw=[-0.044,+0.044,-0.002] w=[+0.001,-0.001,+0.000] err=[-0.045,+0.045] scaled=[-0.077,+0.077] s=1.72
[INFO] [1788472368.164746571] [acados_nmpc_node]: [attach-window] t=7.80s pos_err=0.022m T=19.37N z=0.563 m_est=1.997
[INFO] [1788472368.216347269] [acados_nmpc_node]: t=7.9s | LIFT: raising hover 0.55->6.0m to lift payload
[INFO] [1788472368.218674357] [acados_nmpc_node]: [attach-window] t=7.85s pos_err=0.022m T=19.38N z=0.562 m_est=1.997
[INFO] [1788472368.265227430] [acados_nmpc_node]: [attach-window] t=7.90s pos_err=0.021m T=19.32N z=0.562 m_est=1.990
[INFO] [1788472368.318247576] [acados_nmpc_node]: [attach-window] t=7.95s pos_err=0.021m T=19.33N z=0.561 m_est=1.990
[INFO] [1788472368.353357161] [acados_nmpc_node]: [wcmd] raw=[-0.038,+0.059,-0.002] w=[-0.000,-0.000,-0.000] err=[-0.038,+0.060] scaled=[-0.066,+0.103] s=1.73
[INFO] [1788472368.365219466] [acados_nmpc_node]: [attach-window] t=8.00s pos_err=0.021m T=19.29N z=0.560 m_est=1.983
[INFO] [1788472368.418375289] [acados_nmpc_node]: [attach-window] t=8.05s pos_err=0.020m T=19.30N z=0.560 m_est=1.983
[INFO] [1788472368.465174341] [acados_nmpc_node]: [attach-window] t=8.10s pos_err=0.020m T=19.26N z=0.559 m_est=1.975
[INFO] [1788472368.518350038] [acados_nmpc_node]: [attach-window] t=8.15s pos_err=0.019m T=19.29N z=0.558 m_est=1.975
[INFO] [1788472368.553369038] [acados_nmpc_node]: [wcmd] raw=[-0.032,+0.070,-0.002] w=[-0.000,+0.000,-0.000] err=[-0.032,+0.070] scaled=[-0.056,+0.122] s=1.74
[INFO] [1788472368.565210136] [acados_nmpc_node]: [attach-window] t=8.20s pos_err=0.018m T=19.23N z=0.557 m_est=1.965
[INFO] [1788472368.618415530] [acados_nmpc_node]: [attach-window] t=8.25s pos_err=0.018m T=19.28N z=0.557 m_est=1.965
[INFO] [1788472368.665206537] [acados_nmpc_node]: [attach-window] t=8.30s pos_err=0.018m T=19.29N z=0.556 m_est=1.961
[INFO] [1788472368.718487799] [acados_nmpc_node]: [attach-window] t=8.35s pos_err=0.018m T=19.35N z=0.556 m_est=1.961
[INFO] [1788472368.753412097] [acados_nmpc_node]: [wcmd] raw=[-0.033,+0.066,-0.002] w=[+0.000,+0.001,-0.000] err=[-0.033,+0.065] scaled=[-0.058,+0.114] s=1.75
[INFO] [1788472368.765335207] [acados_nmpc_node]: [attach-window] t=8.40s pos_err=0.019m T=19.42N z=0.555 m_est=1.961
[INFO] [1788472368.818428593] [acados_nmpc_node]: [attach-window] t=8.45s pos_err=0.021m T=19.50N z=0.555 m_est=1.961
[INFO] [1788472368.865243757] [acados_nmpc_node]: [attach-window] t=8.50s pos_err=0.024m T=19.59N z=0.555 m_est=1.961
[INFO] [1788472368.918332605] [acados_nmpc_node]: [attach-window] t=8.55s pos_err=0.028m T=19.70N z=0.555 m_est=1.961
[INFO] [1788472368.953375786] [acados_nmpc_node]: [wcmd] raw=[-0.028,+0.058,-0.002] w=[+0.000,+0.000,-0.001] err=[-0.028,+0.058] scaled=[-0.050,+0.102] s=1.75
[INFO] [1788472368.965273795] [acados_nmpc_node]: [attach-window] t=8.60s pos_err=0.033m T=19.81N z=0.554 m_est=1.961
[INFO] [1788472369.018279272] [acados_nmpc_node]: [attach-window] t=8.65s pos_err=0.039m T=19.94N z=0.555 m_est=1.961
[INFO] [1788472369.065265973] [acados_nmpc_node]: [attach-window] t=8.70s pos_err=0.045m T=20.07N z=0.555 m_est=1.961
[INFO] [1788472369.118269930] [acados_nmpc_node]: [attach-window] t=8.75s pos_err=0.054m T=20.23N z=0.555 m_est=1.961
[INFO] [1788472369.153352626] [acados_nmpc_node]: [wcmd] raw=[-0.028,+0.047,-0.002] w=[+0.000,+0.001,+0.001] err=[-0.028,+0.047] scaled=[-0.049,+0.082] s=1.75
[INFO] [1788472369.165250486] [acados_nmpc_node]: [attach-window] t=8.80s pos_err=0.061m T=20.37N z=0.556 m_est=1.961
[INFO] [1788472369.218364323] [acados_nmpc_node]: [attach-window] t=8.85s pos_err=0.071m T=20.55N z=0.557 m_est=1.961
[INFO] [1788472369.265200917] [acados_nmpc_node]: [attach-window] t=8.90s pos_err=0.080m T=20.72N z=0.558 m_est=1.961
[INFO] [1788472369.318370555] [acados_nmpc_node]: [attach-window] t=8.95s pos_err=0.092m T=20.94N z=0.559 m_est=1.961
[INFO] [1788472369.353385330] [acados_nmpc_node]: [wcmd] raw=[-0.031,+0.033,-0.001] w=[+0.001,+0.000,+0.001] err=[-0.032,+0.033] scaled=[-0.055,+0.058] s=1.76
[INFO] [1788472369.365188380] [acados_nmpc_node]: [attach-window] t=9.00s pos_err=0.103m T=21.14N z=0.560 m_est=1.961
[INFO] [1788472369.418442489] [acados_nmpc_node]: [attach-window] t=9.05s pos_err=0.117m T=21.41N z=0.560 m_est=1.961
[INFO] [1788472369.465192682] [acados_nmpc_node]: [attach-window] t=9.10s pos_err=0.131m T=21.65N z=0.561 m_est=1.961
[INFO] [1788472369.518367873] [acados_nmpc_node]: [attach-window] t=9.15s pos_err=0.147m T=21.96N z=0.562 m_est=1.961
[INFO] [1788472369.553420645] [acados_nmpc_node]: [wcmd] raw=[-0.031,+0.020,-0.001] w=[+0.002,+0.003,+0.000] err=[-0.033,+0.017] scaled=[-0.056,+0.033] s=1.76
[INFO] [1788472369.565304832] [acados_nmpc_node]: [attach-window] t=9.20s pos_err=0.162m T=22.23N z=0.563 m_est=1.961
[INFO] [1788472369.618841121] [acados_nmpc_node]: [attach-window] t=9.25s pos_err=0.181m T=22.58N z=0.563 m_est=1.961
[INFO] [1788472369.665487460] [acados_nmpc_node]: [attach-window] t=9.30s pos_err=0.198m T=23.46N z=0.564 m_est=2.017
[INFO] [1788472369.718839173] [acados_nmpc_node]: [attach-window] t=9.35s pos_err=0.220m T=23.86N z=0.564 m_est=2.017
[INFO] [1788472369.753352673] [acados_nmpc_node]: [wcmd] raw=[-0.036,-0.013,-0.002] w=[+0.004,+0.022,+0.030] err=[-0.040,-0.035] scaled=[-0.066,-0.040] s=1.76
[INFO] [1788472369.765528328] [acados_nmpc_node]: [attach-window] t=9.40s pos_err=0.239m T=24.19N z=0.565 m_est=2.017
[INFO] [1788472369.818695071] [acados_nmpc_node]: [attach-window] t=9.45s pos_err=0.263m T=26.16N z=0.565 m_est=2.170
[INFO] [1788472369.865148338] [acados_nmpc_node]: [attach-window] t=9.50s pos_err=0.283m T=27.66N z=0.567 m_est=2.300
[INFO] [1788472369.919069900] [acados_nmpc_node]: [attach-window] t=9.55s pos_err=0.308m T=27.65N z=0.569 m_est=2.300
[INFO] [1788472369.953382551] [acados_nmpc_node]: [wcmd] raw=[-0.130,-0.093,-0.017] w=[+0.107,+0.026,+0.022] err=[-0.236,-0.119] scaled=[-0.425,-0.242] s=2.25
[INFO] [1788472369.965914772] [acados_nmpc_node]: [attach-window] t=9.60s pos_err=0.324m T=27.84N z=0.577 m_est=2.410
[INFO] [1788472370.019021364] [acados_nmpc_node]: [attach-window] t=9.65s pos_err=0.346m T=27.57N z=0.584 m_est=2.410
[INFO] [1788472370.066276613] [acados_nmpc_node]: [attach-window] t=9.70s pos_err=0.353m T=26.77N z=0.604 m_est=2.468
[INFO] [1788472370.119454991] [acados_nmpc_node]: [attach-window] t=9.75s pos_err=0.367m T=26.16N z=0.620 m_est=2.468
[INFO] [1788472370.153410107] [acados_nmpc_node]: [wcmd] raw=[-0.218,-0.095,-0.020] w=[-0.013,-0.087,-0.058] err=[-0.205,-0.008] scaled=[-0.637,-0.112] s=3.05
[INFO] [1788472370.166231961] [acados_nmpc_node]: [attach-window] t=9.80s pos_err=0.363m T=24.87N z=0.653 m_est=2.474
[INFO] [1788472370.219243047] [acados_nmpc_node]: [attach-window] t=9.85s pos_err=0.378m T=24.66N z=0.672 m_est=2.474
[INFO] [1788472370.274121429] [acados_nmpc_node]: [attach-window] t=9.90s pos_err=0.362m T=23.44N z=0.719 m_est=2.450
[INFO] [1788472370.319415882] [acados_nmpc_node]: [attach-window] t=9.95s pos_err=0.376m T=23.48N z=0.741 m_est=2.450
[INFO] [1788472370.353427413] [acados_nmpc_node]: [wcmd] raw=[-0.320,-0.006,+0.005] w=[-0.215,+0.017,-0.003] err=[-0.106,-0.023] scaled=[-0.606,-0.068] s=3.69
[INFO] [1788472370.365700330] [acados_nmpc_node]: [attach-window] t=10.00s pos_err=0.363m T=22.88N z=0.787 m_est=2.420
[INFO] [1788472370.418958374] [acados_nmpc_node]: [attach-window] t=10.05s pos_err=0.372m T=23.02N z=0.817 m_est=2.420
[INFO] [1788472370.465651463] [acados_nmpc_node]: [attach-window] t=10.10s pos_err=0.361m T=22.71N z=0.863 m_est=2.396
[INFO] [1788472370.519063665] [acados_nmpc_node]: [attach-window] t=10.15s pos_err=0.378m T=23.09N z=0.887 m_est=2.396
[INFO] [1788472370.553374164] [acados_nmpc_node]: [wcmd] raw=[-0.021,-0.017,+0.007] w=[-0.196,+0.002,-0.004] err=[+0.175,-0.019] scaled=[+0.525,-0.077] s=4.12
[INFO] [1788472370.565539345] [acados_nmpc_node]: [attach-window] t=10.20s pos_err=0.369m T=22.83N z=0.933 m_est=2.378
[INFO] [1788472370.618681506] [acados_nmpc_node]: [attach-window] t=10.25s pos_err=0.388m T=23.22N z=0.956 m_est=2.378
[INFO] [1788472370.665336649] [acados_nmpc_node]: [attach-window] t=10.30s pos_err=0.381m T=23.00N z=1.001 m_est=2.368
[INFO] [1788472370.719095082] [acados_nmpc_node]: [attach-window] t=10.35s pos_err=0.398m T=23.30N z=1.029 m_est=2.368
[INFO] [1788472370.753382100] [acados_nmpc_node]: [wcmd] raw=[+0.206,+0.004,+0.006] w=[+0.276,+0.018,+0.032] err=[-0.070,-0.014] scaled=[-0.034,-0.044] s=4.41
[INFO] [1788472370.766225401] [acados_nmpc_node]: [attach-window] t=10.40s pos_err=0.393m T=23.13N z=1.074 m_est=2.360
[INFO] [1788472370.818903461] [acados_nmpc_node]: [attach-window] t=10.45s pos_err=0.417m T=23.55N z=1.096 m_est=2.360
[INFO] [1788472370.866136903] [acados_nmpc_node]: [attach-window] t=10.50s pos_err=0.408m T=23.28N z=1.146 m_est=2.354
[INFO] [1788472370.917460926] [acados_nmpc_node]: [attach-window] t=10.55s pos_err=0.434m T=23.75N z=1.168 m_est=2.354
[INFO] [1788472370.917808916] [acados_nmpc_node]: t=10.6s | pos_err=0.434m | T=23.75N | tau=[r-0.500 p0.034 y-0.009]Nm | res_stat=7.093e-07(peak 9.857e-07) sqp_iter=3 | solve=1.5ms
[INFO] [1788472370.917960888] [acados_nmpc_node]: [flight-diag] t=10.6s | om_scale=4.556(lo 1.000 hi 4.556) | tilt_max=3.20deg | w_max=[r0.296 p0.088 y0.058]rad/s | u_frac=[T0.687 r1.000 p0.405 y0.118] | u_sat=[T0.0 r12.0 p0.0 y0.0]% | mot_peak=0.959 mot_sat=0.0% | health=na age=na conf=na | n=100
[INFO] [1788472370.953275403] [acados_nmpc_node]: [wcmd] raw=[+0.011,+0.001,-0.007] w=[+0.124,-0.001,-0.001] err=[-0.114,+0.002] scaled=[-0.399,+0.008] s=4.61
[INFO] [1788472370.964953855] [acados_nmpc_node]: [attach-window] t=10.60s pos_err=0.433m T=23.72N z=1.212 m_est=2.352
[INFO] [1788472371.017071245] [acados_nmpc_node]: [attach-window] t=10.65s pos_err=0.455m T=24.08N z=1.240 m_est=2.352
[INFO] [1788472371.064706203] [acados_nmpc_node]: [attach-window] t=10.70s pos_err=0.462m T=24.13N z=1.279 m_est=2.352
[INFO] [1788472371.117149338] [acados_nmpc_node]: [attach-window] t=10.75s pos_err=0.485m T=24.45N z=1.307 m_est=2.352
[INFO] [1788472371.153253607] [acados_nmpc_node]: [wcmd] raw=[-0.046,+0.000,-0.008] w=[-0.081,+0.017,-0.010] err=[+0.035,-0.017] scaled=[+0.083,-0.063] s=4.74
[INFO] [1788472371.164703907] [acados_nmpc_node]: [attach-window] t=10.80s pos_err=0.487m T=24.28N z=1.353 m_est=2.354
[INFO] [1788472371.216825521] [acados_nmpc_node]: [attach-window] t=10.85s pos_err=0.510m T=24.54N z=1.382 m_est=2.354
[INFO] [1788472371.265215438] [acados_nmpc_node]: [attach-window] t=10.90s pos_err=0.511m T=24.27N z=1.431 m_est=2.356
[INFO] [1788472371.318415034] [acados_nmpc_node]: [attach-window] t=10.95s pos_err=0.542m T=24.70N z=1.456 m_est=2.356
[INFO] [1788472371.353443787] [acados_nmpc_node]: [wcmd] raw=[+0.016,+0.003,-0.002] w=[+0.048,+0.005,-0.008] err=[-0.032,-0.002] scaled=[-0.108,-0.003] s=4.82
[INFO] [1788472371.365210519] [acados_nmpc_node]: [attach-window] t=11.00s pos_err=0.541m T=24.38N z=1.506 m_est=2.358
[INFO] [1788472371.418590561] [acados_nmpc_node]: [attach-window] t=11.05s pos_err=0.572m T=24.78N z=1.533 m_est=2.358
[INFO] [1788472371.465476990] [acados_nmpc_node]: [attach-window] t=11.10s pos_err=0.562m T=24.22N z=1.593 m_est=2.361
[INFO] [1788472371.518694486] [acados_nmpc_node]: [attach-window] t=11.15s pos_err=0.593m T=24.62N z=1.621 m_est=2.361
[INFO] [1788472371.553408237] [acados_nmpc_node]: [wcmd] raw=[-0.057,-0.007,+0.001] w=[-0.044,-0.006,-0.018] err=[-0.013,-0.001] scaled=[-0.109,-0.012] s=4.88
[INFO] [1788472371.565306934] [acados_nmpc_node]: [attach-window] t=11.20s pos_err=0.588m T=24.23N z=1.678 m_est=2.363
[INFO] [1788472371.618583602] [acados_nmpc_node]: [attach-window] t=11.25s pos_err=0.618m T=24.65N z=1.708 m_est=2.363
[INFO] [1788472371.665547898] [acados_nmpc_node]: [attach-window] t=11.30s pos_err=0.612m T=24.25N z=1.768 m_est=2.364
[INFO] [1788472371.716605267] [acados_nmpc_node]: [dJ_online] m_est=2.364 m_p=0.300 ratchet=0.410 floor=0.050 -> m_p_model=0.300(track) dJ=0.0579 | gain_base=0.403 c_xy=[-0.20,-1.34]cm
[INFO] [1788472371.718874939] [acados_nmpc_node]: [attach-window] t=11.35s pos_err=0.634m T=24.45N z=1.806 m_est=2.364
[INFO] [1788472371.753344711] [acados_nmpc_node]: [wcmd] raw=[-0.009,+0.002,+0.009] w=[-0.030,+0.020,+0.002] err=[+0.021,-0.018] scaled=[+0.072,-0.069] s=4.92
[INFO] [1788472371.765244695] [acados_nmpc_node]: [attach-window] t=11.40s pos_err=0.625m T=24.00N z=1.869 m_est=2.365
[INFO] [1788472371.818665474] [acados_nmpc_node]: [attach-window] t=11.45s pos_err=0.655m T=24.42N z=1.901 m_est=2.365
[INFO] [1788472371.865237041] [acados_nmpc_node]: [attach-window] t=11.50s pos_err=0.636m T=23.80N z=1.974 m_est=2.367
[INFO] [1788472371.918695112] [acados_nmpc_node]: [attach-window] t=11.55s pos_err=0.666m T=24.23N z=2.008 m_est=2.367
[INFO] [1788472371.953418128] [acados_nmpc_node]: [wcmd] raw=[-0.012,-0.015,+0.010] w=[+0.008,-0.032,-0.013] err=[-0.020,+0.017] scaled=[-0.089,+0.052] s=4.95
[INFO] [1788472371.965661501] [acados_nmpc_node]: [attach-window] t=11.60s pos_err=0.654m T=23.86N z=2.075 m_est=2.372
[INFO] [1788472372.018699509] [acados_nmpc_node]: [attach-window] t=11.65s pos_err=0.675m T=24.12N z=2.118 m_est=2.372
[INFO] [1788472372.065297936] [acados_nmpc_node]: [attach-window] t=11.70s pos_err=0.661m T=23.76N z=2.187 m_est=2.379
[INFO] [1788472372.118831214] [acados_nmpc_node]: [attach-window] t=11.75s pos_err=0.691m T=24.23N z=2.222 m_est=2.379
[INFO] [1788472372.153242612] [acados_nmpc_node]: [wcmd] raw=[-0.004,-0.014,+0.013] w=[-0.017,-0.004,+0.007] err=[+0.013,-0.010] scaled=[+0.048,-0.053] s=4.96
[INFO] [1788472372.164655996] [acados_nmpc_node]: [attach-window] t=11.80s pos_err=0.676m T=23.86N z=2.293 m_est=2.386
[INFO] [1788472372.219133007] [acados_nmpc_node]: [attach-window] t=11.85s pos_err=0.696m T=24.12N z=2.338 m_est=2.386
[INFO] [1788472372.265584164] [acados_nmpc_node]: [attach-window] t=11.90s pos_err=0.689m T=23.89N z=2.401 m_est=2.392
[INFO] [1788472372.318725699] [acados_nmpc_node]: [attach-window] t=11.95s pos_err=0.708m T=24.12N z=2.447 m_est=2.392
[INFO] [1788472372.353366878] [acados_nmpc_node]: [wcmd] raw=[+0.007,+0.009,+0.011] w=[+0.019,+0.016,+0.024] err=[-0.012,-0.007] scaled=[-0.040,-0.018] s=4.98
[INFO] [1788472372.365307473] [acados_nmpc_node]: [attach-window] t=12.00s pos_err=0.690m T=23.64N z=2.522 m_est=2.397
[INFO] [1788472372.418669052] [acados_nmpc_node]: [attach-window] t=12.05s pos_err=0.717m T=24.06N z=2.560 m_est=2.397
[INFO] [1788472372.465322030] [acados_nmpc_node]: [attach-window] t=12.10s pos_err=0.698m T=23.59N z=2.636 m_est=2.399
[INFO] [1788472372.518561342] [acados_nmpc_node]: [attach-window] t=12.15s pos_err=0.714m T=23.80N z=2.683 m_est=2.399
[INFO] [1788472372.553327522] [acados_nmpc_node]: [wcmd] raw=[+0.001,-0.008,+0.001] w=[-0.002,-0.031,-0.007] err=[+0.003,+0.023] scaled=[+0.013,+0.082] s=4.98
[INFO] [1788472372.565479923] [acados_nmpc_node]: [attach-window] t=12.20s pos_err=0.694m T=23.32N z=2.761 m_est=2.400
[INFO] [1788472372.618657617] [acados_nmpc_node]: [attach-window] t=12.25s pos_err=0.720m T=23.76N z=2.800 m_est=2.400
[INFO] [1788472372.665299131] [acados_nmpc_node]: [attach-window] t=12.30s pos_err=0.688m T=23.10N z=2.887 m_est=2.399
[INFO] [1788472372.718845078] [acados_nmpc_node]: [attach-window] t=12.35s pos_err=0.714m T=23.54N z=2.926 m_est=2.399
[INFO] [1788472372.753385837] [acados_nmpc_node]: [wcmd] raw=[+0.011,+0.013,+0.000] w=[+0.014,+0.047,+0.030] err=[-0.002,-0.034] scaled=[+0.002,-0.122] s=4.99
[INFO] [1788472372.765511317] [acados_nmpc_node]: [attach-window] t=12.40s pos_err=0.692m T=23.12N z=3.004 m_est=2.397
[INFO] [1788472372.818886375] [acados_nmpc_node]: [attach-window] t=12.45s pos_err=0.717m T=23.59N z=3.043 m_est=2.397
[INFO] [1788472372.865371462] [acados_nmpc_node]: [attach-window] t=12.50s pos_err=0.695m T=23.19N z=3.120 m_est=2.395
[INFO] [1788472372.918679963] [acados_nmpc_node]: [attach-window] t=12.55s pos_err=0.710m T=23.45N z=3.168 m_est=2.395
[INFO] [1788472372.953333728] [acados_nmpc_node]: [wcmd] raw=[-0.008,+0.011,-0.007] w=[-0.003,-0.017,-0.011] err=[-0.005,+0.028] scaled=[-0.029,+0.125] s=4.99
[INFO] [1788472372.965352765] [acados_nmpc_node]: [attach-window] t=12.60s pos_err=0.689m T=23.04N z=3.245 m_est=2.394
[INFO] [1788472373.018638230] [acados_nmpc_node]: [attach-window] t=12.65s pos_err=0.713m T=23.51N z=3.283 m_est=2.394
[INFO] [1788472373.065458122] [acados_nmpc_node]: [attach-window] t=12.70s pos_err=0.691m T=23.16N z=3.359 m_est=2.393
[INFO] [1788472373.118811756] [acados_nmpc_node]: [attach-window] t=12.75s pos_err=0.706m T=23.43N z=3.406 m_est=2.393
[INFO] [1788472373.153515530] [acados_nmpc_node]: [wcmd] raw=[-0.016,-0.018,-0.007] w=[-0.019,-0.015,-0.017] err=[+0.003,-0.002] scaled=[-0.005,-0.026] s=5.00
[INFO] [1788472373.165194597] [acados_nmpc_node]: [attach-window] t=12.80s pos_err=0.684m T=23.02N z=3.482 m_est=2.392
[INFO] [1788472373.218777032] [acados_nmpc_node]: [attach-window] t=12.85s pos_err=0.707m T=23.47N z=3.520 m_est=2.392
[INFO] [1788472373.265437485] [acados_nmpc_node]: [attach-window] t=12.90s pos_err=0.684m T=23.09N z=3.594 m_est=2.391
[INFO] [1788472373.318700585] [acados_nmpc_node]: [attach-window] t=12.95s pos_err=0.697m T=23.33N z=3.641 m_est=2.391
[INFO] [1788472373.353468235] [acados_nmpc_node]: [wcmd] raw=[-0.010,+0.026,+0.001] w=[-0.012,+0.057,+0.025] err=[+0.002,-0.031] scaled=[-0.001,-0.098] s=5.00
[INFO] [1788472373.365439923] [acados_nmpc_node]: [attach-window] t=13.00s pos_err=0.673m T=22.93N z=3.716 m_est=2.391
[INFO] [1788472373.418809320] [acados_nmpc_node]: [attach-window] t=13.05s pos_err=0.685m T=23.16N z=3.763 m_est=2.391
[INFO] [1788472373.465384605] [acados_nmpc_node]: [attach-window] t=13.10s pos_err=0.669m T=22.95N z=3.828 m_est=2.391
[INFO] [1788472373.519047419] [acados_nmpc_node]: [attach-window] t=13.15s pos_err=0.680m T=23.19N z=3.875 m_est=2.391
[INFO] [1788472373.553429476] [acados_nmpc_node]: [wcmd] raw=[-0.004,-0.014,-0.004] w=[-0.012,-0.068,-0.042] err=[+0.008,+0.054] scaled=[+0.029,+0.201] s=5.00
[INFO] [1788472373.565492464] [acados_nmpc_node]: [attach-window] t=13.20s pos_err=0.655m T=22.82N z=3.948 m_est=2.391
[INFO] [1788472373.619023102] [acados_nmpc_node]: [attach-window] t=13.25s pos_err=0.665m T=23.04N z=3.994 m_est=2.391
[INFO] [1788472373.665283645] [acados_nmpc_node]: [attach-window] t=13.30s pos_err=0.648m T=22.84N z=4.058 m_est=2.391
[INFO] [1788472373.718883271] [acados_nmpc_node]: [attach-window] t=13.35s pos_err=0.657m T=23.06N z=4.103 m_est=2.391
[INFO] [1788472373.753381642] [acados_nmpc_node]: [wcmd] raw=[+0.020,-0.001,+0.006] w=[+0.015,+0.045,+0.021] err=[+0.004,-0.047] scaled=[+0.038,-0.188] s=5.00
[INFO] [1788472373.765488382] [acados_nmpc_node]: [attach-window] t=13.40s pos_err=0.631m T=22.68N z=4.175 m_est=2.391
[INFO] [1788472373.818903246] [acados_nmpc_node]: [attach-window] t=13.45s pos_err=0.647m T=23.06N z=4.210 m_est=2.391
[INFO] [1788472373.865531513] [acados_nmpc_node]: [attach-window] t=13.50s pos_err=0.613m T=22.58N z=4.289 m_est=2.391
[INFO] [1788472373.917213780] [acados_nmpc_node]: [attach-window] t=13.55s pos_err=0.628m T=22.90N z=4.323 m_est=2.391
[INFO] [1788472373.953350651] [acados_nmpc_node]: [wcmd] raw=[+0.023,+0.027,+0.005] w=[+0.029,+0.014,+0.009] err=[-0.005,+0.013] scaled=[+0.002,+0.081] s=5.00
[INFO] [1788472373.965245704] [acados_nmpc_node]: [attach-window] t=13.60s pos_err=0.603m T=22.59N z=4.392 m_est=2.391
[INFO] [1788472374.018485787] [acados_nmpc_node]: [attach-window] t=13.65s pos_err=0.617m T=22.93N z=4.425 m_est=2.391
[INFO] [1788472374.065380560] [acados_nmpc_node]: [attach-window] t=13.70s pos_err=0.591m T=22.61N z=4.492 m_est=2.391
[INFO] [1788472374.118778825] [acados_nmpc_node]: [attach-window] t=13.75s pos_err=0.596m T=22.79N z=4.533 m_est=2.391
[INFO] [1788472374.153387096] [acados_nmpc_node]: [wcmd] raw=[+0.012,-0.040,-0.002] w=[+0.016,-0.077,-0.042] err=[-0.005,+0.037] scaled=[-0.007,+0.108] s=5.00
[INFO] [1788472374.165450411] [acados_nmpc_node]: [attach-window] t=13.80s pos_err=0.570m T=22.47N z=4.598 m_est=2.391
[INFO] [1788472374.219214490] [acados_nmpc_node]: [attach-window] t=13.85s pos_err=0.582m T=22.77N z=4.630 m_est=2.391
[INFO] [1788472374.265532078] [acados_nmpc_node]: [attach-window] t=13.90s pos_err=0.556m T=22.44N z=4.694 m_est=2.390
[INFO] [1788472374.319084448] [acados_nmpc_node]: [attach-window] t=13.95s pos_err=0.558m T=22.60N z=4.733 m_est=2.390
[INFO] [1788472374.353408051] [acados_nmpc_node]: [wcmd] raw=[-0.002,+0.018,+0.011] w=[-0.001,+0.096,+0.054] err=[-0.001,-0.078] scaled=[-0.007,-0.294] s=5.00
[INFO] [1788472374.365504380] [acados_nmpc_node]: [attach-window] t=14.00s pos_err=0.531m T=22.31N z=4.795 m_est=2.390
[INFO] [1788472374.418890885] [acados_nmpc_node]: [attach-window] t=14.05s pos_err=0.540m T=22.58N z=4.826 m_est=2.390
[INFO] [1788472374.465291924] [acados_nmpc_node]: [attach-window] t=14.10s pos_err=0.513m T=22.28N z=4.886 m_est=2.389
[INFO] [1788472374.519160479] [acados_nmpc_node]: [attach-window] t=14.15s pos_err=0.514m T=22.40N z=4.923 m_est=2.389
[INFO] [1788472374.553345666] [acados_nmpc_node]: [wcmd] raw=[-0.015,-0.004,+0.000] w=[-0.016,-0.077,-0.034] err=[+0.001,+0.073] scaled=[-0.011,+0.288] s=5.00
[INFO] [1788472374.565536525] [acados_nmpc_node]: [attach-window] t=14.20s pos_err=0.486m T=22.09N z=4.982 m_est=2.388
[INFO] [1788472374.618947811] [acados_nmpc_node]: [attach-window] t=14.25s pos_err=0.492m T=22.34N z=5.011 m_est=2.388
[INFO] [1788472374.665564027] [acados_nmpc_node]: [attach-window] t=14.30s pos_err=0.466m T=22.13N z=5.066 m_est=2.386
[INFO] [1788472374.719250715] [acados_nmpc_node]: [attach-window] t=14.35s pos_err=0.464m T=22.26N z=5.100 m_est=2.386
[INFO] [1788472374.753429559] [acados_nmpc_node]: [wcmd] raw=[-0.015,-0.027,+0.005] w=[-0.022,+0.011,+0.008] err=[+0.007,-0.038] scaled=[+0.013,-0.178] s=5.00
[INFO] [1788472374.765356423] [acados_nmpc_node]: [attach-window] t=14.40s pos_err=0.438m T=22.01N z=5.153 m_est=2.385
[INFO] [1788472374.817461397] [acados_nmpc_node]: [attach-window] t=14.45s pos_err=0.442m T=22.22N z=5.179 m_est=2.385
[INFO] [1788472374.864925622] [acados_nmpc_node]: [attach-window] t=14.50s pos_err=0.417m T=22.04N z=5.230 m_est=2.383
[INFO] [1788472374.917152865] [acados_nmpc_node]: [attach-window] t=14.55s pos_err=0.389m T=21.81N z=5.286 m_est=2.383
[INFO] [1788472374.953303907] [acados_nmpc_node]: [wcmd] raw=[+0.001,+0.051,+0.009] w=[-0.007,+0.075,+0.047] err=[+0.007,-0.024] scaled=[+0.030,-0.044] s=5.00
[INFO] [1788472374.964743282] [acados_nmpc_node]: [attach-window] t=14.60s pos_err=0.388m T=21.96N z=5.310 m_est=2.381
[INFO] [1788472375.018823894] [acados_nmpc_node]: [attach-window] t=14.65s pos_err=0.390m T=22.17N z=5.333 m_est=2.381
[INFO] [1788472375.065258151] [acados_nmpc_node]: [attach-window] t=14.70s pos_err=0.365m T=22.00N z=5.380 m_est=2.379
[INFO] [1788472375.118664790] [acados_nmpc_node]: [attach-window] t=14.75s pos_err=0.360m T=22.09N z=5.407 m_est=2.379
[INFO] [1788472375.153349762] [acados_nmpc_node]: [wcmd] raw=[+0.008,-0.030,-0.009] w=[+0.006,-0.105,-0.054] err=[+0.002,+0.074] scaled=[+0.016,+0.268] s=5.00
[INFO] [1788472375.165248660] [acados_nmpc_node]: [attach-window] t=14.80s pos_err=0.335m T=21.93N z=5.451 m_est=2.376
[INFO] [1788472375.218858156] [acados_nmpc_node]: [attach-window] t=14.85s pos_err=0.335m T=22.07N z=5.472 m_est=2.376
[INFO] [1788472375.265400569] [acados_nmpc_node]: [attach-window] t=14.90s pos_err=0.312m T=21.88N z=5.513 m_est=2.373
[INFO] [1788472375.318939732] [acados_nmpc_node]: [attach-window] t=14.95s pos_err=0.305m T=21.95N z=5.537 m_est=2.373
[INFO] [1788472375.353337115] [acados_nmpc_node]: [wcmd] raw=[+0.008,+0.029,+0.002] w=[+0.012,+0.132,+0.066] err=[-0.004,-0.104] scaled=[-0.010,-0.386] s=5.00
[INFO] [1788472375.365309784] [acados_nmpc_node]: [attach-window] t=15.00s pos_err=0.282m T=21.81N z=5.576 m_est=2.371
[INFO] [1788472375.418779480] [acados_nmpc_node]: [attach-window] t=15.05s pos_err=0.275m T=21.88N z=5.598 m_est=2.371
[INFO] [1788472375.465275490] [acados_nmpc_node]: [attach-window] t=15.10s pos_err=0.258m T=21.83N z=5.629 m_est=2.368
[INFO] [1788472375.519164397] [acados_nmpc_node]: [attach-window] t=15.15s pos_err=0.251m T=21.90N z=5.650 m_est=2.368
[INFO] [1788472375.553317104] [acados_nmpc_node]: [wcmd] raw=[-0.002,+0.026,-0.010] w=[-0.003,-0.028,-0.022] err=[+0.000,+0.054] scaled=[-0.001,+0.243] s=5.00
[INFO] [1788472375.565211136] [acados_nmpc_node]: [attach-window] t=15.20s pos_err=0.231m T=21.78N z=5.682 m_est=2.366
[INFO] [1788472375.619078345] [acados_nmpc_node]: [attach-window] t=15.25s pos_err=0.227m T=21.90N z=5.697 m_est=2.366
[INFO] [1788472375.665287682] [acados_nmpc_node]: [attach-window] t=15.30s pos_err=0.205m T=21.86N z=5.729 m_est=2.363
[INFO] [1788472375.719230940] [acados_nmpc_node]: [attach-window] t=15.35s pos_err=0.202m T=21.95N z=5.743 m_est=2.363
[INFO] [1788472375.753365027] [acados_nmpc_node]: [wcmd] raw=[-0.001,-0.054,-0.007] w=[-0.004,-0.064,-0.047] err=[+0.003,+0.010] scaled=[+0.011,-0.014] s=5.00
[INFO] [1788472375.765305508] [acados_nmpc_node]: [attach-window] t=15.40s pos_err=0.184m T=21.92N z=5.768 m_est=2.361
[INFO] [1788472375.818792712] [acados_nmpc_node]: [attach-window] t=15.45s pos_err=0.181m T=22.00N z=5.779 m_est=2.361
[INFO] [1788472375.865273550] [acados_nmpc_node]: [attach-window] t=15.50s pos_err=0.165m T=21.96N z=5.801 m_est=2.359
[INFO] [1788472375.918800065] [acados_nmpc_node]: [attach-window] t=15.55s pos_err=0.159m T=22.03N z=5.814 m_est=2.359
[INFO] [1788472375.919284899] [acados_nmpc_node]: t=15.6s | pos_err=0.159m | T=22.03N | tau=[r-0.325 p0.166 y0.019]Nm | res_stat=9.558e-08(peak 9.857e-07) sqp_iter=3 | solve=1.6ms
[INFO] [1788472375.919485934] [acados_nmpc_node]: [flight-diag] t=15.6s | om_scale=5.000(lo 4.606 hi 5.000) | tilt_max=1.01deg | w_max=[r0.124 p0.133 y0.080]rad/s | u_frac=[T0.612 r1.000 p0.503 y0.140] | u_sat=[T0.0 r2.0 p0.0 y0.0]% | mot_peak=0.909 mot_sat=0.0% | health=na age=na conf=na | n=100
[INFO] [1788472375.953356609] [acados_nmpc_node]: [wcmd] raw=[-0.005,+0.039,+0.011] w=[-0.002,+0.125,+0.065] err=[-0.003,-0.087] scaled=[-0.015,-0.308] s=5.00
[INFO] [1788472375.965257120] [acados_nmpc_node]: [attach-window] t=15.60s pos_err=0.145m T=22.06N z=5.834 m_est=2.357
[INFO] [1788472376.018783544] [acados_nmpc_node]: [attach-window] t=15.65s pos_err=0.141m T=22.12N z=5.842 m_est=2.357
[INFO] [1788472376.065206903] [acados_nmpc_node]: [attach-window] t=15.70s pos_err=0.128m T=22.06N z=5.859 m_est=2.355
[INFO] [1788472376.118777628] [acados_nmpc_node]: [attach-window] t=15.75s pos_err=0.121m T=22.10N z=5.869 m_est=2.355
[INFO] [1788472376.153477973] [acados_nmpc_node]: [wcmd] raw=[-0.001,-0.035,-0.002] w=[-0.008,-0.168,-0.086] err=[+0.007,+0.134] scaled=[+0.026,+0.500] s=5.00
[INFO] [1788472376.165287756] [acados_nmpc_node]: [attach-window] t=15.80s pos_err=0.109m T=22.10N z=5.884 m_est=2.354
[INFO] [1788472376.218960425] [acados_nmpc_node]: [attach-window] t=15.85s pos_err=0.104m T=22.12N z=5.892 m_est=2.354
[INFO] [1788472376.265211678] [acados_nmpc_node]: [attach-window] t=15.90s pos_err=0.093m T=22.11N z=5.905 m_est=2.354
[INFO] [1788472376.318911389] [acados_nmpc_node]: [attach-window] t=15.95s pos_err=0.086m T=22.10N z=5.913 m_est=2.354
[INFO] [1788472376.353442055] [acados_nmpc_node]: [wcmd] raw=[+0.005,-0.015,+0.013] w=[+0.009,+0.091,+0.053] err=[-0.003,-0.107] scaled=[-0.008,-0.442] s=5.00
[INFO] [1788472376.365307912] [acados_nmpc_node]: [attach-window] t=16.00s pos_err=0.075m T=22.03N z=5.926 m_est=2.352
[INFO] [1788472376.418719939] [acados_nmpc_node]: [attach-window] t=16.05s pos_err=0.070m T=22.04N z=5.932 m_est=2.352
[INFO] [1788472376.465370706] [acados_nmpc_node]: [attach-window] t=16.10s pos_err=0.059m T=22.07N z=5.943 m_est=2.352
[INFO] [1788472376.519125695] [acados_nmpc_node]: [attach-window] t=16.15s pos_err=0.053m T=22.07N z=5.950 m_est=2.352
[INFO] [1788472376.553372052] [acados_nmpc_node]: [wcmd] raw=[+0.004,+0.071,+0.007] w=[+0.003,+0.051,+0.039] err=[+0.001,+0.020] scaled=[+0.006,+0.149] s=5.00
[INFO] [1788472376.565261356] [acados_nmpc_node]: [attach-window] t=16.20s pos_err=0.044m T=22.02N z=5.960 m_est=2.351
[INFO] [1788472376.618832965] [acados_nmpc_node]: [attach-window] t=16.25s pos_err=0.040m T=22.02N z=5.965 m_est=2.351
[INFO] [1788472376.665557881] [acados_nmpc_node]: [attach-window] t=16.30s pos_err=0.032m T=22.02N z=5.974 m_est=2.349
[INFO] [1788472376.716920940] [acados_nmpc_node]: [dJ_online] m_est=2.349 m_p=0.285 ratchet=0.410 floor=0.050 -> m_p_model=0.285(track) dJ=0.0553 | gain_base=0.403 c_xy=[-0.12,-1.41]cm
[INFO] [1788472376.719237377] [acados_nmpc_node]: [attach-window] t=16.35s pos_err=0.027m T=22.04N z=5.979 m_est=2.349
[INFO] [1788472376.753347435] [acados_nmpc_node]: [wcmd] raw=[+0.012,-0.084,-0.013] w=[+0.008,-0.201,-0.106] err=[+0.005,+0.117] scaled=[+0.032,+0.381] s=4.97
[INFO] [1788472376.765368521] [acados_nmpc_node]: [attach-window] t=16.40s pos_err=0.021m T=22.10N z=5.986 m_est=2.348
[INFO] [1788472376.819179098] [acados_nmpc_node]: [attach-window] t=16.45s pos_err=0.019m T=22.10N z=5.990 m_est=2.348
[INFO] [1788472376.865321105] [acados_nmpc_node]: [attach-window] t=16.50s pos_err=0.016m T=22.04N z=5.996 m_est=2.346
[INFO] [1788472376.918699392] [acados_nmpc_node]: [attach-window] t=16.55s pos_err=0.015m T=22.07N z=6.000 m_est=2.346
[INFO] [1788472376.953337088] [acados_nmpc_node]: [wcmd] raw=[+0.006,+0.037,+0.011] w=[+0.015,+0.232,+0.122] err=[-0.009,-0.196] scaled=[-0.031,-0.736] s=4.95
[INFO] [1788472376.965584259] [acados_nmpc_node]: [attach-window] t=16.60s pos_err=0.014m T=22.14N z=6.005 m_est=2.344
[INFO] [1788472377.018947881] [acados_nmpc_node]: [attach-window] t=16.65s pos_err=0.014m T=22.16N z=6.007 m_est=2.344
[INFO] [1788472377.065272222] [acados_nmpc_node]: [attach-window] t=16.70s pos_err=0.015m T=22.16N z=6.011 m_est=2.342
[INFO] [1788472377.119025928] [acados_nmpc_node]: [attach-window] t=16.75s pos_err=0.016m T=22.16N z=6.013 m_est=2.342
[INFO] [1788472377.153384694] [acados_nmpc_node]: [wcmd] raw=[+0.000,+0.020,-0.009] w=[-0.005,-0.132,-0.066] err=[+0.005,+0.153] scaled=[+0.019,+0.619] s=4.92
[INFO] [1788472377.165466141] [acados_nmpc_node]: [attach-window] t=16.80s pos_err=0.019m T=22.09N z=6.016 m_est=2.338
[INFO] [1788472377.218933562] [acados_nmpc_node]: [attach-window] t=16.85s pos_err=0.020m T=22.13N z=6.017 m_est=2.338
[INFO] [1788472377.265261790] [acados_nmpc_node]: [attach-window] t=16.90s pos_err=0.022m T=22.23N z=6.019 m_est=2.336
[INFO] [1788472377.319687862] [acados_nmpc_node]: [attach-window] t=16.95s pos_err=0.022m T=22.28N z=6.020 m_est=2.336
[INFO] [1788472377.353374410] [acados_nmpc_node]: [wcmd] raw=[-0.005,-0.100,-0.004] w=[-0.002,-0.084,-0.051] err=[-0.003,-0.017] scaled=[-0.018,-0.166] s=4.88
[INFO] [1788472377.365163836] [acados_nmpc_node]: [attach-window] t=17.00s pos_err=0.023m T=22.23N z=6.021 m_est=2.333
[INFO] [1788472377.418949252] [acados_nmpc_node]: [attach-window] t=17.05s pos_err=0.023m T=22.24N z=6.022 m_est=2.333
[INFO] [1788472377.465892214] [acados_nmpc_node]: [attach-window] t=17.10s pos_err=0.024m T=22.22N z=6.023 m_est=2.331
[INFO] [1788472377.519196265] [acados_nmpc_node]: [attach-window] t=17.15s pos_err=0.025m T=22.25N z=6.023 m_est=2.331
[INFO] [1788472377.553392395] [acados_nmpc_node]: [wcmd] raw=[-0.011,+0.128,+0.019] w=[-0.011,+0.275,+0.153] err=[+0.000,-0.147] scaled=[-0.011,-0.433] s=4.82
[INFO] [1788472377.565221864] [acados_nmpc_node]: [attach-window] t=17.20s pos_err=0.025m T=22.32N z=6.024 m_est=2.328
[INFO] [1788472377.619637187] [acados_nmpc_node]: [attach-window] t=17.25s pos_err=0.025m T=22.33N z=6.024 m_est=2.328
[INFO] [1788472377.665554180] [acados_nmpc_node]: [attach-window] t=17.30s pos_err=0.025m T=22.19N z=6.024 m_est=2.325
[INFO] [1788472377.719120951] [acados_nmpc_node]: [attach-window] t=17.35s pos_err=0.025m T=22.19N z=6.024 m_est=2.325
[INFO] [1788472377.753385402] [acados_nmpc_node]: [wcmd] raw=[-0.006,-0.092,-0.022] w=[-0.013,-0.356,-0.191] err=[+0.007,+0.264] scaled=[+0.020,+0.902] s=4.76
[INFO] [1788472377.765913553] [acados_nmpc_node]: [attach-window] t=17.40s pos_err=0.026m T=22.24N z=6.025 m_est=2.323
[INFO] [1788472377.819598480] [acados_nmpc_node]: [attach-window] t=17.45s pos_err=0.026m T=22.24N z=6.025 m_est=2.323
[INFO] [1788472377.865263094] [acados_nmpc_node]: [attach-window] t=17.50s pos_err=0.027m T=22.22N z=6.026 m_est=2.321
[INFO] [1788472377.919255418] [acados_nmpc_node]: [attach-window] t=17.55s pos_err=0.028m T=22.23N z=6.027 m_est=2.321
[INFO] [1788472377.953492812] [acados_nmpc_node]: [wcmd] raw=[+0.006,-0.053,+0.004] w=[+0.007,+0.252,+0.134] err=[-0.001,-0.305] scaled=[+0.002,-1.184] s=4.71
[INFO] [1788472377.965388363] [acados_nmpc_node]: [attach-window] t=17.60s pos_err=0.029m T=22.19N z=6.028 m_est=2.319
[INFO] [1788472378.019116022] [acados_nmpc_node]: [attach-window] t=17.65s pos_err=0.029m T=22.17N z=6.028 m_est=2.319
[INFO] [1788472378.065337095] [acados_nmpc_node]: [attach-window] t=17.70s pos_err=0.030m T=22.21N z=6.029 m_est=2.317
[INFO] [1788472378.131347164] [acados_nmpc_node]: [attach-window] t=17.75s pos_err=0.031m T=22.17N z=6.030 m_est=2.317
[INFO] [1788472378.153428923] [acados_nmpc_node]: [wcmd] raw=[+0.005,+0.130,+0.004] w=[+0.005,+0.068,+0.047] err=[+0.000,+0.062] scaled=[+0.005,+0.355] s=4.66
[INFO] [1788472378.165505777] [acados_nmpc_node]: [attach-window] t=17.80s pos_err=0.032m T=22.19N z=6.031 m_est=2.313
[INFO] [1788472378.218872085] [acados_nmpc_node]: [attach-window] t=17.85s pos_err=0.031m T=22.23N z=6.031 m_est=2.313
[INFO] [1788472378.266099819] [acados_nmpc_node]: [attach-window] t=17.90s pos_err=0.031m T=22.30N z=6.031 m_est=2.313
[INFO] [1788472378.319507679] [acados_nmpc_node]: [attach-window] t=17.95s pos_err=0.030m T=22.34N z=6.030 m_est=2.313
[INFO] [1788472378.353351598] [acados_nmpc_node]: [wcmd] raw=[+0.013,-0.137,-0.022] w=[+0.007,-0.217,-0.131] err=[+0.006,+0.081] scaled=[+0.033,+0.155] s=4.61
[INFO] [1788472378.365250879] [acados_nmpc_node]: [attach-window] t=18.00s pos_err=0.030m T=22.36N z=6.029 m_est=2.311
[INFO] [1788472378.419179710] [acados_nmpc_node]: [attach-window] t=18.05s pos_err=0.029m T=22.35N z=6.028 m_est=2.311
[INFO] [1788472378.465742220] [acados_nmpc_node]: [attach-window] t=18.10s pos_err=0.030m T=22.24N z=6.027 m_est=2.308
[INFO] [1788472378.519090660] [acados_nmpc_node]: [attach-window] t=18.15s pos_err=0.030m T=22.24N z=6.027 m_est=2.308
[INFO] [1788472378.553386308] [acados_nmpc_node]: [wcmd] raw=[+0.015,+0.131,+0.019] w=[+0.027,+0.361,+0.189] err=[-0.012,-0.230] scaled=[-0.026,-0.687] s=4.55
[INFO] [1788472378.565580488] [acados_nmpc_node]: [attach-window] t=18.20s pos_err=0.030m T=22.35N z=6.026 m_est=2.308
[INFO] [1788472378.619661929] [acados_nmpc_node]: [attach-window] t=18.25s pos_err=0.029m T=22.36N z=6.026 m_est=2.308
[INFO] [1788472378.665267530] [acados_nmpc_node]: [attach-window] t=18.30s pos_err=0.029m T=22.32N z=6.025 m_est=2.306
[INFO] [1788472378.719204356] [acados_nmpc_node]: [attach-window] t=18.35s pos_err=0.029m T=22.33N z=6.024 m_est=2.306
[INFO] [1788472378.753398471] [acados_nmpc_node]: [wcmd] raw=[-0.010,-0.077,-0.024] w=[-0.008,-0.304,-0.173] err=[-0.002,+0.227] scaled=[-0.016,+0.718] s=4.50
[INFO] [1788472378.766076617] [acados_nmpc_node]: [attach-window] t=18.40s pos_err=0.029m T=22.39N z=6.024 m_est=2.306
[INFO] [1788472378.819266373] [acados_nmpc_node]: [attach-window] t=18.45s pos_err=0.029m T=22.42N z=6.024 m_est=2.306
[INFO] [1788472378.865325275] [acados_nmpc_node]: [attach-window] t=18.50s pos_err=0.028m T=22.48N z=6.022 m_est=2.306
[INFO] [1788472378.919109795] [acados_nmpc_node]: [attach-window] t=18.55s pos_err=0.027m T=22.48N z=6.022 m_est=2.306
[INFO] [1788472378.953448430] [acados_nmpc_node]: [wcmd] raw=[-0.017,-0.021,+0.018] w=[-0.015,+0.152,+0.074] err=[-0.002,-0.174] scaled=[-0.023,-0.623] s=4.46
[INFO] [1788472378.965317267] [acados_nmpc_node]: [attach-window] t=18.60s pos_err=0.026m T=22.44N z=6.021 m_est=2.304
[INFO] [1788472379.019021237] [acados_nmpc_node]: [attach-window] t=18.65s pos_err=0.025m T=22.48N z=6.021 m_est=2.304
[INFO] [1788472379.065317762] [acados_nmpc_node]: [attach-window] t=18.70s pos_err=0.024m T=22.58N z=6.019 m_est=2.304
[INFO] [1788472379.119387579] [acados_nmpc_node]: [attach-window] t=18.75s pos_err=0.024m T=22.62N z=6.019 m_est=2.304
[INFO] [1788472379.153335581] [acados_nmpc_node]: [wcmd] raw=[-0.014,+0.077,+0.009] w=[-0.018,-0.010,+0.005] err=[+0.004,+0.087] scaled=[-0.001,+0.375] s=4.44
[INFO] [1788472379.165213926] [acados_nmpc_node]: [attach-window] t=18.80s pos_err=0.023m T=22.60N z=6.017 m_est=2.305
[INFO] [1788472379.219167825] [acados_nmpc_node]: [attach-window] t=18.85s pos_err=0.023m T=22.62N z=6.017 m_est=2.305
[INFO] [1788472379.265394971] [acados_nmpc_node]: [attach-window] t=18.90s pos_err=0.022m T=22.68N z=6.015 m_est=2.304
[INFO] [1788472379.319001266] [acados_nmpc_node]: [attach-window] t=18.95s pos_err=0.021m T=22.71N z=6.014 m_est=2.304
[INFO] [1788472379.353364633] [acados_nmpc_node]: [wcmd] raw=[-0.006,-0.089,-0.004] w=[-0.007,-0.099,-0.055] err=[+0.001,+0.010] scaled=[-0.002,-0.055] s=4.42
[INFO] [1788472379.365274254] [acados_nmpc_node]: [attach-window] t=19.00s pos_err=0.020m T=22.72N z=6.012 m_est=2.304
[INFO] [1788472379.419051117] [acados_nmpc_node]: [attach-window] t=19.05s pos_err=0.020m T=22.73N z=6.011 m_est=2.304
[INFO] [1788472379.465611546] [acados_nmpc_node]: [attach-window] t=19.10s pos_err=0.021m T=22.70N z=6.009 m_est=2.305
[INFO] [1788472379.519218816] [acados_nmpc_node]: [attach-window] t=19.15s pos_err=0.022m T=22.72N z=6.008 m_est=2.305
[INFO] [1788472379.553402766] [acados_nmpc_node]: [wcmd] raw=[-0.001,+0.108,+0.016] w=[+0.000,+0.231,+0.131] err=[-0.001,-0.123] scaled=[-0.004,-0.312] s=4.41
[INFO] [1788472379.565362249] [acados_nmpc_node]: [attach-window] t=19.20s pos_err=0.022m T=22.81N z=6.006 m_est=2.307
[INFO] [1788472379.621664687] [acados_nmpc_node]: t=19.3s | DYNAMIC: switch to figure8 (r=10.0 w=0.283) centered at [0.98,0.10] z=6.0, tracking with payload
[INFO] [1788472379.624137549] [acados_nmpc_node]: [attach-window] t=19.25s pos_err=0.005m T=22.80N z=6.005 m_est=2.307
[INFO] [1788472379.665618754] [acados_nmpc_node]: [attach-window] t=19.30s pos_err=0.004m T=22.74N z=6.004 m_est=2.310
[INFO] [1788472379.719235125] [acados_nmpc_node]: [attach-window] t=19.35s pos_err=0.003m T=22.73N z=6.003 m_est=2.310
[INFO] [1788472379.753503597] [acados_nmpc_node]: [wcmd] raw=[+0.001,-0.122,-0.019] w=[-0.000,-0.325,-0.172] err=[+0.001,+0.203] scaled=[+0.005,+0.569] s=4.41
[INFO] [1788472379.765575967] [acados_nmpc_node]: [attach-window] t=19.40s pos_err=0.002m T=22.78N z=6.001 m_est=2.312
[INFO] [1788472379.819560267] [acados_nmpc_node]: [attach-window] t=19.45s pos_err=0.003m T=22.75N z=6.001 m_est=2.312
[INFO] [1788472379.865289171] [acados_nmpc_node]: [attach-window] t=19.50s pos_err=0.004m T=22.64N z=6.000 m_est=2.313
[INFO] [1788472379.919573121] [acados_nmpc_node]: [attach-window] t=19.55s pos_err=0.003m T=22.58N z=6.000 m_est=2.313
[INFO] [1788472379.953461245] [acados_nmpc_node]: [wcmd] raw=[+0.011,-0.019,+0.012] w=[+0.012,+0.276,+0.157] err=[-0.001,-0.295] scaled=[+0.008,-1.021] s=4.40
[INFO] [1788472379.965319602] [acados_nmpc_node]: [attach-window] t=19.60s pos_err=0.003m T=22.58N z=6.000 m_est=2.316
[INFO] [1788472380.019573661] [acados_nmpc_node]: [attach-window] t=19.65s pos_err=0.003m T=22.53N z=6.000 m_est=2.316
[INFO] [1788472380.065342552] [acados_nmpc_node]: [attach-window] t=19.70s pos_err=0.003m T=22.55N z=6.001 m_est=2.318
[INFO] [1788472380.119684217] [acados_nmpc_node]: [attach-window] t=19.75s pos_err=0.005m T=22.52N z=6.001 m_est=2.318
[INFO] [1788472380.153385591] [acados_nmpc_node]: [wcmd] raw=[+0.012,+0.089,-0.004] w=[+0.014,-0.053,-0.014] err=[-0.001,+0.142] scaled=[+0.007,+0.575] s=4.43
[INFO] [1788472380.165524314] [acados_nmpc_node]: [attach-window] t=19.80s pos_err=0.006m T=22.39N z=6.002 m_est=2.315
[INFO] [1788472380.219422514] [acados_nmpc_node]: [attach-window] t=19.85s pos_err=0.007m T=22.44N z=6.003 m_est=2.315
[INFO] [1788472380.265411956] [acados_nmpc_node]: [attach-window] t=19.90s pos_err=0.008m T=22.50N z=6.003 m_est=2.318
[INFO] [1788472380.319296098] [acados_nmpc_node]: [attach-window] t=19.95s pos_err=0.008m T=22.49N z=6.003 m_est=2.318
[INFO] [1788472380.353383700] [acados_nmpc_node]: [wcmd] raw=[+0.003,-0.077,-0.016] w=[+0.005,-0.145,-0.083] err=[-0.002,+0.068] scaled=[-0.005,+0.156] s=4.45
[INFO] [1788472380.365419548] [acados_nmpc_node]: [attach-window] t=20.00s pos_err=0.008m T=22.51N z=6.003 m_est=2.318
[INFO] [1788472380.419303356] [acados_nmpc_node]: [attach-window] t=20.05s pos_err=0.008m T=22.51N z=6.002 m_est=2.318
[INFO] [1788472380.465004066] [acados_nmpc_node]: [attach-window] t=20.10s pos_err=0.009m T=22.44N z=6.002 m_est=2.313
[INFO] [1788472380.517944623] [acados_nmpc_node]: [attach-window] t=20.15s pos_err=0.009m T=22.49N z=6.001 m_est=2.313
[INFO] [1788472380.553467539] [acados_nmpc_node]: [wcmd] raw=[-0.009,+0.100,+0.008] w=[-0.001,+0.244,+0.125] err=[-0.009,-0.144] scaled=[-0.039,-0.399] s=4.46
[INFO] [1788472380.565349222] [acados_nmpc_node]: [attach-window] t=20.20s pos_err=0.008m T=22.63N z=6.001 m_est=2.315
[INFO] [1788472380.617434011] [acados_nmpc_node]: [attach-window] t=20.25s pos_err=0.008m T=22.66N z=6.000 m_est=2.315
[INFO] [1788472380.664785546] [acados_nmpc_node]: [attach-window] t=20.30s pos_err=0.007m T=22.62N z=5.999 m_est=2.314
[INFO] [1788472380.717660462] [acados_nmpc_node]: [attach-window] t=20.35s pos_err=0.006m T=22.62N z=5.999 m_est=2.314
[INFO] [1788472380.753459285] [acados_nmpc_node]: [wcmd] raw=[-0.012,-0.062,-0.023] w=[-0.020,-0.237,-0.139] err=[+0.008,+0.175] scaled=[+0.015,+0.544] s=4.47
[INFO] [1788472380.765421892] [acados_nmpc_node]: [attach-window] t=20.40s pos_err=0.006m T=22.67N z=5.999 m_est=2.316
[INFO] [1788472380.819394385] [acados_nmpc_node]: [attach-window] t=20.45s pos_err=0.005m T=22.68N z=5.999 m_est=2.316
[INFO] [1788472380.865143383] [acados_nmpc_node]: [attach-window] t=20.50s pos_err=0.004m T=22.70N z=5.999 m_est=2.317
[INFO] [1788472380.919322704] [acados_nmpc_node]: [attach-window] t=20.55s pos_err=0.004m T=22.69N z=5.999 m_est=2.317
[INFO] [1788472380.919827145] [acados_nmpc_node]: t=20.6s | pos_err=0.004m | T=22.69N | tau=[r-0.267 p-0.233 y-0.029]Nm | res_stat=7.248e-07(peak 9.901e-07) sqp_iter=3 | solve=1.5ms
[INFO] [1788472380.920033894] [acados_nmpc_node]: [flight-diag] t=20.6s | om_scale=4.472(lo 4.400 hi 5.000) | tilt_max=1.37deg | w_max=[r0.028 p0.395 y0.203]rad/s | u_frac=[T0.563 r0.654 p1.000 y0.381] | u_sat=[T0.0 r0.0 p7.0 y0.0]% | mot_peak=1.000 mot_sat=7.0% | health=na age=na conf=na | n=100
[INFO] [1788472380.953357359] [acados_nmpc_node]: [wcmd] raw=[+0.006,-0.022,+0.011] w=[+0.003,+0.126,+0.060] err=[+0.003,-0.148] scaled=[+0.016,-0.538] s=4.47
[INFO] [1788472380.965371747] [acados_nmpc_node]: [attach-window] t=20.60s pos_err=0.004m T=22.63N z=6.000 m_est=2.315
[INFO] [1788472381.020793200] [acados_nmpc_node]: [attach-window] t=20.65s pos_err=0.005m T=22.64N z=6.000 m_est=2.315
[INFO] [1788472381.066252869] [acados_nmpc_node]: [attach-window] t=20.70s pos_err=0.007m T=22.72N z=6.001 m_est=2.317
[INFO] [1788472381.120307033] [acados_nmpc_node]: [attach-window] t=20.75s pos_err=0.008m T=22.72N z=6.001 m_est=2.317
[INFO] [1788472381.153450084] [acados_nmpc_node]: [wcmd] raw=[+0.021,+0.049,+0.263] w=[+0.006,-0.035,+0.020] err=[+0.015,+0.083] scaled=[+0.074,+0.339] s=4.48
[INFO] [1788472381.166755255] [acados_nmpc_node]: [attach-window] t=20.80s pos_err=0.009m T=22.68N z=6.001 m_est=2.319
[INFO] [1788472381.219956968] [acados_nmpc_node]: [attach-window] t=20.85s pos_err=0.010m T=22.68N z=6.002 m_est=2.319
[INFO] [1788472381.266272232] [acados_nmpc_node]: [attach-window] t=20.90s pos_err=0.012m T=22.64N z=6.003 m_est=2.317
[INFO] [1788472381.320267710] [acados_nmpc_node]: [attach-window] t=20.95s pos_err=0.012m T=22.63N z=6.003 m_est=2.317
[INFO] [1788472381.353357018] [acados_nmpc_node]: [wcmd] raw=[+0.017,-0.085,+0.338] w=[+0.043,-0.098,+0.090] err=[-0.026,+0.014] scaled=[-0.072,-0.036] s=4.48
[INFO] [1788472381.366586482] [acados_nmpc_node]: [attach-window] t=21.00s pos_err=0.014m T=22.57N z=6.004 m_est=2.315
[INFO] [1788472381.420389323] [acados_nmpc_node]: [attach-window] t=21.05s pos_err=0.014m T=22.56N z=6.005 m_est=2.315
[INFO] [1788472381.466159781] [acados_nmpc_node]: [attach-window] t=21.10s pos_err=0.014m T=22.55N z=6.006 m_est=2.317
[INFO] [1788472381.520471775] [acados_nmpc_node]: [attach-window] t=21.15s pos_err=0.015m T=22.56N z=6.007 m_est=2.317
[INFO] [1788472381.553353190] [acados_nmpc_node]: [wcmd] raw=[-0.018,+0.098,+0.528] w=[-0.037,+0.203,+0.367] err=[+0.020,-0.106] scaled=[+0.051,-0.270] s=4.48
[INFO] [1788472381.566085782] [acados_nmpc_node]: [attach-window] t=21.20s pos_err=0.015m T=22.61N z=6.008 m_est=2.317
[INFO] [1788472381.620097110] [acados_nmpc_node]: [attach-window] t=21.25s pos_err=0.015m T=22.60N z=6.008 m_est=2.317
[INFO] [1788472381.666060001] [acados_nmpc_node]: [attach-window] t=21.30s pos_err=0.015m T=22.53N z=6.010 m_est=2.315
[INFO] [1788472381.717574118] [acados_nmpc_node]: [dJ_online] m_est=2.315 m_p=0.251 ratchet=0.410 floor=0.050 -> m_p_model=0.251(track) dJ=0.0494 | gain_base=0.403 c_xy=[+0.04,-1.26]cm
[INFO] [1788472381.720822710] [acados_nmpc_node]: [attach-window] t=21.35s pos_err=0.015m T=22.53N z=6.011 m_est=2.315
[INFO] [1788472381.753355354] [acados_nmpc_node]: [wcmd] raw=[-0.032,-0.026,+0.842] w=[-0.015,-0.166,+0.307] err=[-0.017,+0.141] scaled=[-0.093,+0.464] s=4.48
[INFO] [1788472381.766536238] [acados_nmpc_node]: [attach-window] t=21.40s pos_err=0.015m T=22.57N z=6.012 m_est=2.316
[INFO] [1788472381.820346390] [acados_nmpc_node]: [attach-window] t=21.45s pos_err=0.015m T=22.56N z=6.012 m_est=2.316
[INFO] [1788472381.866431787] [acados_nmpc_node]: [attach-window] t=21.50s pos_err=0.016m T=22.65N z=6.013 m_est=2.316
[INFO] [1788472381.922092026] [acados_nmpc_node]: [attach-window] t=21.55s pos_err=0.016m T=22.68N z=6.013 m_est=2.316
[INFO] [1788472381.953347650] [acados_nmpc_node]: [wcmd] raw=[-0.016,+0.056,+1.269] w=[-0.042,+0.219,+0.735] err=[+0.027,-0.163] scaled=[+0.077,-0.510] s=4.48
[INFO] [1788472381.966329880] [acados_nmpc_node]: [attach-window] t=21.60s pos_err=0.016m T=22.67N z=6.013 m_est=2.319
[INFO] [1788472382.018277651] [acados_nmpc_node]: [attach-window] t=21.65s pos_err=0.016m T=22.64N z=6.013 m_est=2.319
[INFO] [1788472382.066152527] [acados_nmpc_node]: [attach-window] t=21.70s pos_err=0.017m T=22.56N z=6.013 m_est=2.320
[INFO] [1788472382.120179830] [acados_nmpc_node]: [attach-window] t=21.75s pos_err=0.018m T=22.50N z=6.013 m_est=2.320
[INFO] [1788472382.153376767] [acados_nmpc_node]: [wcmd] raw=[-0.052,+0.064,+1.016] w=[-0.052,-0.042,+0.889] err=[+0.001,+0.106] scaled=[-0.049,+0.433] s=4.48
[INFO] [1788472382.165616707] [acados_nmpc_node]: [attach-window] t=21.80s pos_err=0.019m T=22.54N z=6.014 m_est=2.320
[INFO] [1788472382.219759619] [acados_nmpc_node]: [attach-window] t=21.85s pos_err=0.020m T=22.61N z=6.014 m_est=2.320
[INFO] [1788472382.265866392] [acados_nmpc_node]: [attach-window] t=21.90s pos_err=0.018m T=22.72N z=6.013 m_est=2.320
[INFO] [1788472382.320143769] [acados_nmpc_node]: [attach-window] t=21.95s pos_err=0.018m T=22.78N z=6.012 m_est=2.320
[INFO] [1788472382.353562360] [acados_nmpc_node]: [wcmd] raw=[+0.020,-0.014,+0.559] w=[-0.012,-0.009,+0.975] err=[+0.032,-0.005] scaled=[+0.130,-0.032] s=4.48
[INFO] [1788472382.366212153] [acados_nmpc_node]: [attach-window] t=22.00s pos_err=0.015m T=22.78N z=6.011 m_est=2.319
[INFO] [1788472382.420517569] [acados_nmpc_node]: [attach-window] t=22.05s pos_err=0.016m T=22.81N z=6.010 m_est=2.319
[INFO] [1788472382.466039607] [acados_nmpc_node]: [attach-window] t=22.10s pos_err=0.013m T=22.83N z=6.008 m_est=2.318
[INFO] [1788472382.520259303] [acados_nmpc_node]: [attach-window] t=22.15s pos_err=0.013m T=22.85N z=6.007 m_est=2.318
[INFO] [1788472382.553385504] [acados_nmpc_node]: [wcmd] raw=[-0.004,+0.144,+0.135] w=[+0.064,+0.143,+0.881] err=[-0.068,+0.000] scaled=[-0.241,+0.145] s=4.48
[INFO] [1788472382.566288611] [acados_nmpc_node]: [attach-window] t=22.20s pos_err=0.009m T=22.91N z=6.005 m_est=2.319
[INFO] [1788472382.618061677] [acados_nmpc_node]: [attach-window] t=22.25s pos_err=0.010m T=22.92N z=6.004 m_est=2.319
[INFO] [1788472382.665352046] [acados_nmpc_node]: [attach-window] t=22.30s pos_err=0.009m T=22.86N z=6.003 m_est=2.319
[INFO] [1788472382.729442908] [acados_nmpc_node]: [attach-window] t=22.35s pos_err=0.009m T=22.87N z=6.003 m_est=2.319
[INFO] [1788472382.753290397] [acados_nmpc_node]: [wcmd] raw=[-0.020,+0.009,-0.183] w=[-0.051,-0.126,+0.416] err=[+0.031,+0.135] scaled=[+0.090,+0.478] s=4.48
[INFO] [1788472382.765392870] [acados_nmpc_node]: [attach-window] t=22.40s pos_err=0.013m T=22.86N z=6.003 m_est=2.321
[INFO] [1788472382.820087136] [acados_nmpc_node]: [attach-window] t=22.45s pos_err=0.011m T=22.84N z=6.004 m_est=2.321
[INFO] [1788472382.866588168] [acados_nmpc_node]: [attach-window] t=22.50s pos_err=0.019m T=22.74N z=6.005 m_est=2.322
[INFO] [1788472382.920086619] [acados_nmpc_node]: [attach-window] t=22.55s pos_err=0.016m T=22.73N z=6.006 m_est=2.322
[INFO] [1788472382.953351906] [acados_nmpc_node]: [wcmd] raw=[+0.037,+0.093,-0.460] w=[+0.079,+0.183,+0.257] err=[-0.043,-0.090] scaled=[-0.113,-0.221] s=4.48
[INFO] [1788472382.966682527] [acados_nmpc_node]: [attach-window] t=22.60s pos_err=0.026m T=22.66N z=6.008 m_est=2.323
[INFO] [1788472383.020252448] [acados_nmpc_node]: [attach-window] t=22.65s pos_err=0.021m T=22.68N z=6.009 m_est=2.323
[INFO] [1788472383.066340750] [acados_nmpc_node]: [attach-window] t=22.70s pos_err=0.032m T=22.78N z=6.012 m_est=2.325
[INFO] [1788472383.119956570] [acados_nmpc_node]: [attach-window] t=22.75s pos_err=0.029m T=22.80N z=6.013 m_est=2.325
[INFO] [1788472383.153382182] [acados_nmpc_node]: [wcmd] raw=[+0.027,+0.061,-0.719] w=[+0.020,-0.064,-0.189] err=[+0.008,+0.126] scaled=[+0.054,+0.503] s=4.52
[INFO] [1788472383.166433070] [acados_nmpc_node]: [attach-window] t=22.80s pos_err=0.041m T=22.74N z=6.015 m_est=2.324
[INFO] [1788472383.241127537] [acados_nmpc_node]: [attach-window] t=22.85s pos_err=0.033m T=22.76N z=6.016 m_est=2.324
[INFO] [1788472383.266741471] [acados_nmpc_node]: [attach-window] t=22.90s pos_err=0.046m T=22.75N z=6.019 m_est=2.325
[INFO] [1788472383.320796505] [acados_nmpc_node]: [attach-window] t=22.95s pos_err=0.041m T=22.78N z=6.021 m_est=2.325
[INFO] [1788472383.366141585] [acados_nmpc_node]: [attach-window] t=23.00s pos_err=0.056m T=22.67N z=6.025 m_est=2.326
[INFO] [1788472383.373326537] [acados_nmpc_node]: [wcmd] raw=[+0.020,-0.062,-0.712] w=[+0.031,+0.033,-0.444] err=[-0.011,-0.095] scaled=[-0.021,-0.398] s=4.54
[INFO] [1788472383.420271552] [acados_nmpc_node]: [attach-window] t=23.05s pos_err=0.044m T=22.72N z=6.027 m_est=2.326
[INFO] [1788472383.465964186] [acados_nmpc_node]: [attach-window] t=23.10s pos_err=0.058m T=22.69N z=6.031 m_est=2.326
[INFO] [1788472383.519679194] [acados_nmpc_node]: [attach-window] t=23.15s pos_err=0.050m T=22.72N z=6.033 m_est=2.326
[INFO] [1788472383.565913377] [acados_nmpc_node]: [attach-window] t=23.20s pos_err=0.066m T=22.75N z=6.037 m_est=2.327
[INFO] [1788472383.573347805] [acados_nmpc_node]: [wcmd] raw=[+0.039,+0.014,-0.549] w=[+0.054,+0.095,-0.590] err=[-0.015,-0.081] scaled=[-0.014,-0.272] s=4.55
[INFO] [1788472383.619855941] [acados_nmpc_node]: [attach-window] t=23.25s pos_err=0.049m T=22.85N z=6.039 m_est=2.327
[INFO] [1788472383.666038445] [acados_nmpc_node]: [attach-window] t=23.30s pos_err=0.066m T=22.82N z=6.043 m_est=2.326
[INFO] [1788472383.720012729] [acados_nmpc_node]: [attach-window] t=23.35s pos_err=0.054m T=22.92N z=6.046 m_est=2.326
[INFO] [1788472383.766259399] [acados_nmpc_node]: [attach-window] t=23.40s pos_err=0.070m T=22.93N z=6.049 m_est=2.328
[INFO] [1788472383.773360973] [acados_nmpc_node]: [wcmd] raw=[+0.041,-0.032,-0.377] w=[+0.033,-0.103,-0.727] err=[+0.008,+0.072] scaled=[+0.068,+0.224] s=4.56
[INFO] [1788472383.820086148] [acados_nmpc_node]: [attach-window] t=23.45s pos_err=0.048m T=23.01N z=6.051 m_est=2.328
[INFO] [1788472383.866208969] [acados_nmpc_node]: [attach-window] t=23.50s pos_err=0.064m T=23.01N z=6.055 m_est=2.328
[INFO] [1788472383.919931475] [acados_nmpc_node]: [attach-window] t=23.55s pos_err=0.048m T=23.09N z=6.057 m_est=2.328
[INFO] [1788472383.966001146] [acados_nmpc_node]: [attach-window] t=23.60s pos_err=0.066m T=23.04N z=6.061 m_est=2.327
[INFO] [1788472383.973473322] [acados_nmpc_node]: [wcmd] raw=[+0.052,-0.072,-0.194] w=[+0.042,+0.164,-0.482] err=[+0.010,-0.236] scaled=[+0.090,-0.913] s=4.57
[INFO] [1788472384.019959411] [acados_nmpc_node]: [attach-window] t=23.65s pos_err=0.040m T=23.17N z=6.063 m_est=2.327
[INFO] [1788472384.066287655] [acados_nmpc_node]: [attach-window] t=23.70s pos_err=0.067m T=22.95N z=6.068 m_est=2.326
[INFO] [1788472384.120190716] [acados_nmpc_node]: [attach-window] t=23.75s pos_err=0.039m T=23.01N z=6.071 m_est=2.326
[INFO] [1788472384.165561761] [acados_nmpc_node]: [attach-window] t=23.80s pos_err=0.059m T=22.87N z=6.077 m_est=2.325
[INFO] [1788472384.173338525] [acados_nmpc_node]: [wcmd] raw=[+0.045,-0.016,-0.095] w=[+0.061,-0.109,-0.461] err=[-0.016,+0.092] scaled=[-0.013,+0.314] s=4.57
[INFO] [1788472384.218422774] [acados_nmpc_node]: [attach-window] t=23.85s pos_err=0.030m T=22.96N z=6.081 m_est=2.325
[INFO] [1788472384.265326295] [acados_nmpc_node]: [attach-window] t=23.90s pos_err=0.060m T=22.86N z=6.088 m_est=2.324
[INFO] [1788472384.320042952] [acados_nmpc_node]: [attach-window] t=23.95s pos_err=0.029m T=23.00N z=6.091 m_est=2.324
[INFO] [1788472384.366065759] [acados_nmpc_node]: [attach-window] t=24.00s pos_err=0.052m T=22.79N z=6.098 m_est=2.321
[INFO] [1788472384.373416425] [acados_nmpc_node]: [wcmd] raw=[+0.050,-0.121,-0.085] w=[+0.047,-0.035,-0.267] err=[+0.003,-0.087] scaled=[+0.059,-0.431] s=4.57
[INFO] [1788472384.419903466] [acados_nmpc_node]: [attach-window] t=24.05s pos_err=0.018m T=22.90N z=6.101 m_est=2.321
[INFO] [1788472384.465916316] [acados_nmpc_node]: [attach-window] t=24.10s pos_err=0.041m T=22.77N z=6.109 m_est=2.319
[INFO] [1788472384.520513959] [acados_nmpc_node]: [attach-window] t=24.15s pos_err=0.018m T=22.82N z=6.114 m_est=2.319
[INFO] [1788472384.565986417] [acados_nmpc_node]: [attach-window] t=24.20s pos_err=0.041m T=22.79N z=6.122 m_est=2.318
[INFO] [1788472384.573354855] [acados_nmpc_node]: [wcmd] raw=[+0.043,-0.056,-0.118] w=[+0.063,+0.096,-0.086] err=[-0.020,-0.152] scaled=[-0.029,-0.600] s=4.58
[INFO] [1788472384.620088840] [acados_nmpc_node]: [attach-window] t=24.25s pos_err=0.016m T=22.96N z=6.126 m_est=2.318
[INFO] [1788472384.665978727] [acados_nmpc_node]: [attach-window] t=24.30s pos_err=0.033m T=22.81N z=6.134 m_est=2.318
[INFO] [1788472384.720166411] [acados_nmpc_node]: [attach-window] t=24.35s pos_err=0.020m T=22.89N z=6.139 m_est=2.318
[INFO] [1788472384.766021482] [acados_nmpc_node]: [attach-window] t=24.40s pos_err=0.035m T=22.79N z=6.148 m_est=2.319
[INFO] [1788472384.773477979] [acados_nmpc_node]: [wcmd] raw=[+0.074,-0.082,-0.256] w=[+0.072,-0.204,-0.224] err=[+0.003,+0.122] scaled=[+0.084,+0.354] s=4.58
[INFO] [1788472384.820654915] [acados_nmpc_node]: [attach-window] t=24.45s pos_err=0.026m T=22.89N z=6.153 m_est=2.319
[INFO] [1788472384.866129878] [acados_nmpc_node]: [attach-window] t=24.50s pos_err=0.028m T=22.86N z=6.162 m_est=2.319
[INFO] [1788472384.920190717] [acados_nmpc_node]: [attach-window] t=24.55s pos_err=0.027m T=22.97N z=6.167 m_est=2.319
[INFO] [1788472384.966129903] [acados_nmpc_node]: [attach-window] t=24.60s pos_err=0.031m T=22.91N z=6.175 m_est=2.322
[INFO] [1788472384.973402006] [acados_nmpc_node]: [wcmd] raw=[+0.061,-0.159,-0.377] w=[+0.112,+0.093,-0.107] err=[-0.051,-0.252] scaled=[-0.120,-1.063] s=4.58
[INFO] [1788472385.018650560] [acados_nmpc_node]: [attach-window] t=24.65s pos_err=0.035m T=23.09N z=6.179 m_est=2.322
[INFO] [1788472385.065352175] [acados_nmpc_node]: [attach-window] t=24.70s pos_err=0.028m T=22.92N z=6.188 m_est=2.325
[INFO] [1788472385.120610916] [acados_nmpc_node]: [attach-window] t=24.75s pos_err=0.038m T=22.95N z=6.194 m_est=2.325
[INFO] [1788472385.165987387] [acados_nmpc_node]: [attach-window] t=24.80s pos_err=0.031m T=22.81N z=6.203 m_est=2.326
[INFO] [1788472385.173353703] [acados_nmpc_node]: [wcmd] raw=[+0.039,-0.058,-0.490] w=[+0.091,-0.143,-0.327] err=[-0.052,+0.085] scaled=[-0.149,+0.245] s=4.58
[INFO] [1788472385.220380777] [acados_nmpc_node]: [attach-window] t=24.85s pos_err=0.052m T=22.94N z=6.208 m_est=2.326
[INFO] [1788472385.265891695] [acados_nmpc_node]: [attach-window] t=24.90s pos_err=0.036m T=22.91N z=6.218 m_est=2.328
[INFO] [1788472385.320185423] [acados_nmpc_node]: [attach-window] t=24.95s pos_err=0.054m T=23.02N z=6.224 m_est=2.328
[INFO] [1788472385.365898169] [acados_nmpc_node]: [attach-window] t=25.00s pos_err=0.041m T=22.86N z=6.234 m_est=2.328
[INFO] [1788472385.373378185] [acados_nmpc_node]: [wcmd] raw=[+0.021,-0.155,-0.583] w=[+0.047,-0.050,-0.400] err=[-0.026,-0.106] scaled=[-0.073,-0.534] s=4.58
[INFO] [1788472385.420248246] [acados_nmpc_node]: [attach-window] t=25.05s pos_err=0.069m T=23.01N z=6.239 m_est=2.328
[INFO] [1788472385.466558612] [acados_nmpc_node]: [attach-window] t=25.10s pos_err=0.051m T=22.86N z=6.249 m_est=2.329
[INFO] [1788472385.520662682] [acados_nmpc_node]: [attach-window] t=25.15s pos_err=0.074m T=22.85N z=6.256 m_est=2.329
[INFO] [1788472385.566066334] [acados_nmpc_node]: [attach-window] t=25.20s pos_err=0.059m T=22.83N z=6.266 m_est=2.329
[INFO] [1788472385.573362983] [acados_nmpc_node]: [wcmd] raw=[+0.020,-0.068,-0.597] w=[+0.077,+0.032,-0.454] err=[-0.057,-0.100] scaled=[-0.185,-0.426] s=4.58
[INFO] [1788472385.620565562] [acados_nmpc_node]: [attach-window] t=25.25s pos_err=0.091m T=23.01N z=6.271 m_est=2.329
[INFO] [1788472385.666111146] [acados_nmpc_node]: [attach-window] t=25.30s pos_err=0.073m T=22.88N z=6.281 m_est=2.329
[INFO] [1788472385.720415616] [acados_nmpc_node]: [attach-window] t=25.35s pos_err=0.096m T=22.97N z=6.288 m_est=2.329
[INFO] [1788472385.766169082] [acados_nmpc_node]: [attach-window] t=25.40s pos_err=0.081m T=22.82N z=6.299 m_est=2.329
[INFO] [1788472385.773360973] [acados_nmpc_node]: [wcmd] raw=[+0.015,-0.110,-0.617] w=[+0.032,-0.144,-0.636] err=[-0.017,+0.033] scaled=[-0.046,+0.009] s=4.58
[INFO] [1788472385.820653574] [acados_nmpc_node]: [attach-window] t=25.45s pos_err=0.112m T=22.94N z=6.305 m_est=2.329
[INFO] [1788472385.866062825] [acados_nmpc_node]: [attach-window] t=25.50s pos_err=0.094m T=22.86N z=6.316 m_est=2.328
[INFO] [1788472385.920415879] [acados_nmpc_node]: [attach-window] t=25.55s pos_err=0.115m T=22.97N z=6.323 m_est=2.328
[INFO] [1788472385.920900131] [acados_nmpc_node]: t=25.6s | pos_err=0.115m | T=22.97N | tau=[r-0.267 p0.358 y-0.011]Nm | res_stat=4.332e-07(peak 9.958e-07) sqp_iter=5 | solve=2.2ms
[INFO] [1788472385.921104475] [acados_nmpc_node]: [flight-diag] t=25.6s | om_scale=4.580(lo 4.473 hi 4.580) | tilt_max=6.95deg | w_max=[r0.113 p0.245 y1.101]rad/s | u_frac=[T0.572 r0.829 p1.000 y1.000] | u_sat=[T0.0 r0.0 p3.0 y26.0]% | mot_peak=1.000 mot_sat=6.2% | health=na age=na conf=na | n=100
[INFO] [1788472385.966097742] [acados_nmpc_node]: [attach-window] t=25.60s pos_err=0.101m T=22.90N z=6.334 m_est=2.329
[INFO] [1788472385.973420290] [acados_nmpc_node]: [wcmd] raw=[+0.028,-0.147,-0.577] w=[+0.060,+0.031,-0.576] err=[-0.032,-0.178] scaled=[-0.088,-0.784] s=4.58
[INFO] [1788472386.020504947] [acados_nmpc_node]: [attach-window] t=25.65s pos_err=0.129m T=23.08N z=6.340 m_est=2.329
[INFO] [1788472386.066157126] [acados_nmpc_node]: [attach-window] t=25.70s pos_err=0.112m T=22.91N z=6.351 m_est=2.330
[INFO] [1788472386.120963794] [acados_nmpc_node]: [attach-window] t=25.75s pos_err=0.130m T=22.93N z=6.358 m_est=2.330
[INFO] [1788472386.166275850] [acados_nmpc_node]: [attach-window] t=25.80s pos_err=0.116m T=22.79N z=6.370 m_est=2.330
[INFO] [1788472386.173382161] [acados_nmpc_node]: [wcmd] raw=[+0.040,-0.098,-0.538] w=[+0.073,-0.117,-0.653] err=[-0.033,+0.019] scaled=[-0.079,-0.028] s=4.58
[INFO] [1788472386.220593973] [acados_nmpc_node]: [attach-window] t=25.85s pos_err=0.140m T=22.94N z=6.376 m_est=2.330
[INFO] [1788472386.266147575] [acados_nmpc_node]: [attach-window] t=25.90s pos_err=0.123m T=22.90N z=6.387 m_est=2.331
[INFO] [1788472386.320392062] [acados_nmpc_node]: [attach-window] t=25.95s pos_err=0.138m T=23.02N z=6.394 m_est=2.331
[INFO] [1788472386.366323145] [acados_nmpc_node]: [attach-window] t=26.00s pos_err=0.124m T=22.90N z=6.404 m_est=2.331
[INFO] [1788472386.373400145] [acados_nmpc_node]: [wcmd] raw=[+0.038,-0.166,-0.506] w=[+0.067,-0.052,-0.599] err=[-0.029,-0.114] scaled=[-0.065,-0.577] s=4.60
[INFO] [1788472386.420281749] [acados_nmpc_node]: [attach-window] t=26.05s pos_err=0.145m T=23.06N z=6.410 m_est=2.331
[INFO] [1788472386.466155696] [acados_nmpc_node]: [attach-window] t=26.10s pos_err=0.125m T=22.86N z=6.422 m_est=2.331
[INFO] [1788472386.520653693] [acados_nmpc_node]: [attach-window] t=26.15s pos_err=0.142m T=22.93N z=6.427 m_est=2.331
[INFO] [1788472386.565967918] [acados_nmpc_node]: [attach-window] t=26.20s pos_err=0.128m T=22.84N z=6.438 m_est=2.332
[INFO] [1788472386.573337705] [acados_nmpc_node]: [wcmd] raw=[+0.018,-0.100,-0.452] w=[+0.064,-0.062,-0.561] err=[-0.046,-0.038] scaled=[-0.149,-0.239] s=4.62
[INFO] [1788472386.620524844] [acados_nmpc_node]: [attach-window] t=26.25s pos_err=0.147m T=22.99N z=6.443 m_est=2.332
[INFO] [1788472386.666060709] [acados_nmpc_node]: [attach-window] t=26.30s pos_err=0.127m T=22.84N z=6.456 m_est=2.331
[INFO] [1788472386.717940359] [acados_nmpc_node]: [dJ_online] m_est=2.331 m_p=0.267 ratchet=0.410 floor=0.050 -> m_p_model=0.267(track) dJ=0.0522 | gain_base=0.403 c_xy=[-1.36,-1.32]cm
[INFO] [1788472386.720873254] [acados_nmpc_node]: [attach-window] t=26.35s pos_err=0.141m T=23.00N z=6.461 m_est=2.331
[INFO] [1788472386.765363690] [acados_nmpc_node]: [attach-window] t=26.40s pos_err=0.127m T=22.82N z=6.471 m_est=2.331
[INFO] [1788472386.773260350] [acados_nmpc_node]: [wcmd] raw=[+0.019,-0.152,-0.443] w=[+0.032,-0.118,-0.554] err=[-0.012,-0.034] scaled=[-0.026,-0.276] s=4.64
[INFO] [1788472386.819025873] [acados_nmpc_node]: [attach-window] t=26.45s pos_err=0.143m T=22.93N z=6.476 m_est=2.331
[INFO] [1788472386.866113022] [acados_nmpc_node]: [attach-window] t=26.50s pos_err=0.127m T=22.81N z=6.486 m_est=2.330
[INFO] [1788472386.920540299] [acados_nmpc_node]: [attach-window] t=26.55s pos_err=0.138m T=22.88N z=6.493 m_est=2.330
[INFO] [1788472386.966032011] [acados_nmpc_node]: [attach-window] t=26.60s pos_err=0.123m T=22.80N z=6.503 m_est=2.330
[INFO] [1788472386.973353866] [acados_nmpc_node]: [wcmd] raw=[-0.002,-0.176,-0.415] w=[+0.050,-0.003,-0.446] err=[-0.052,-0.173] scaled=[-0.191,-0.808] s=4.65
[INFO] [1788472387.020384107] [acados_nmpc_node]: [attach-window] t=26.65s pos_err=0.141m T=22.96N z=6.508 m_est=2.330
[INFO] [1788472387.066007033] [acados_nmpc_node]: [attach-window] t=26.70s pos_err=0.121m T=22.78N z=6.518 m_est=2.329
[INFO] [1788472387.121057926] [acados_nmpc_node]: [attach-window] t=26.75s pos_err=0.132m T=22.80N z=6.524 m_est=2.329
[INFO] [1788472387.166031847] [acados_nmpc_node]: [attach-window] t=26.80s pos_err=0.115m T=22.66N z=6.534 m_est=2.329
[INFO] [1788472387.173366378] [acados_nmpc_node]: [wcmd] raw=[+0.002,-0.151,-0.408] w=[+0.020,-0.179,-0.507] err=[-0.019,+0.029] scaled=[-0.066,-0.046] s=4.66
[INFO] [1788472387.221104463] [acados_nmpc_node]: [attach-window] t=26.85s pos_err=0.134m T=22.76N z=6.539 m_est=2.329
[INFO] [1788472387.265963406] [acados_nmpc_node]: [attach-window] t=26.90s pos_err=0.112m T=22.74N z=6.549 m_est=2.330
[INFO] [1788472387.320327313] [acados_nmpc_node]: [attach-window] t=26.95s pos_err=0.124m T=22.83N z=6.555 m_est=2.330
[INFO] [1788472387.366026680] [acados_nmpc_node]: [attach-window] t=27.00s pos_err=0.105m T=22.74N z=6.564 m_est=2.331
[INFO] [1788472387.373383875] [acados_nmpc_node]: [wcmd] raw=[+0.002,-0.213,-0.409] w=[+0.027,-0.096,-0.432] err=[-0.025,-0.117] scaled=[-0.091,-0.640] s=4.66
[INFO] [1788472387.420634163] [acados_nmpc_node]: [attach-window] t=27.05s pos_err=0.126m T=22.87N z=6.568 m_est=2.331
[INFO] [1788472387.466668878] [acados_nmpc_node]: [attach-window] t=27.10s pos_err=0.102m T=22.76N z=6.576 m_est=2.331
[INFO] [1788472387.520814869] [acados_nmpc_node]: [attach-window] t=27.15s pos_err=0.117m T=22.69N z=6.581 m_est=2.331
[INFO] [1788472387.566180634] [acados_nmpc_node]: [attach-window] t=27.20s pos_err=0.096m T=22.71N z=6.589 m_est=2.332
[INFO] [1788472387.573319653] [acados_nmpc_node]: [wcmd] raw=[-0.020,-0.145,-0.401] w=[+0.027,-0.085,-0.402] err=[-0.047,-0.060] scaled=[-0.193,-0.364] s=4.66
[INFO] [1788472387.620655367] [acados_nmpc_node]: [attach-window] t=27.25s pos_err=0.124m T=22.82N z=6.593 m_est=2.332
[INFO] [1788472387.666319918] [acados_nmpc_node]: [attach-window] t=27.30s pos_err=0.091m T=22.74N z=6.600 m_est=2.333
[INFO] [1788472387.721180947] [acados_nmpc_node]: [attach-window] t=27.35s pos_err=0.118m T=22.81N z=6.604 m_est=2.333
[INFO] [1788472387.765476667] [acados_nmpc_node]: [attach-window] t=27.40s pos_err=0.092m T=22.71N z=6.610 m_est=2.332
[INFO] [1788472387.773310588] [acados_nmpc_node]: [wcmd] raw=[-0.019,-0.156,-0.439] w=[-0.013,-0.169,-0.446] err=[-0.006,+0.013] scaled=[-0.039,-0.110] s=4.67
[INFO] [1788472387.818740802] [acados_nmpc_node]: [attach-window] t=27.45s pos_err=0.126m T=22.71N z=6.613 m_est=2.332
[INFO] [1788472387.865465779] [acados_nmpc_node]: [attach-window] t=27.50s pos_err=0.099m T=22.71N z=6.619 m_est=2.332
[INFO] [1788472387.919037482] [acados_nmpc_node]: [attach-window] t=27.55s pos_err=0.123m T=22.77N z=6.622 m_est=2.332
[INFO] [1788472387.965523542] [acados_nmpc_node]: [attach-window] t=27.60s pos_err=0.096m T=22.78N z=6.627 m_est=2.332
[INFO] [1788472387.973363261] [acados_nmpc_node]: [wcmd] raw=[-0.013,-0.180,-0.475] w=[+0.017,-0.064,-0.397] err=[-0.031,-0.116] scaled=[-0.125,-0.607] s=4.67
[INFO] [1788472388.021033755] [acados_nmpc_node]: [attach-window] t=27.65s pos_err=0.138m T=22.85N z=6.629 m_est=2.332
[INFO] [1788472388.066708087] [acados_nmpc_node]: [attach-window] t=27.70s pos_err=0.106m T=22.79N z=6.633 m_est=2.332
[INFO] [1788472388.121423343] [acados_nmpc_node]: [attach-window] t=27.75s pos_err=0.135m T=22.78N z=6.635 m_est=2.332
[INFO] [1788472388.166484611] [acados_nmpc_node]: [attach-window] t=27.80s pos_err=0.103m T=22.77N z=6.638 m_est=2.332
[INFO] [1788472388.173459519] [acados_nmpc_node]: [wcmd] raw=[-0.014,-0.169,-0.538] w=[+0.017,-0.166,-0.479] err=[-0.032,-0.003] scaled=[-0.130,-0.181] s=4.67
[INFO] [1788472388.221211375] [acados_nmpc_node]: [attach-window] t=27.85s pos_err=0.148m T=22.82N z=6.639 m_est=2.332
[INFO] [1788472388.266558125] [acados_nmpc_node]: [attach-window] t=27.90s pos_err=0.115m T=22.84N z=6.641 m_est=2.332
[INFO] [1788472388.320992754] [acados_nmpc_node]: [attach-window] t=27.95s pos_err=0.144m T=22.88N z=6.642 m_est=2.332
[INFO] [1788472388.366712645] [acados_nmpc_node]: [attach-window] t=28.00s pos_err=0.112m T=22.89N z=6.643 m_est=2.332
[INFO] [1788472388.373389198] [acados_nmpc_node]: [wcmd] raw=[-0.017,-0.210,-0.621] w=[+0.012,-0.163,-0.521] err=[-0.029,-0.046] scaled=[-0.124,-0.379] s=4.67
[INFO] [1788472388.421088300] [acados_nmpc_node]: [attach-window] t=28.05s pos_err=0.139m T=22.93N z=6.644 m_est=2.332
[INFO] [1788472388.466796613] [acados_nmpc_node]: [attach-window] t=28.10s pos_err=0.121m T=22.96N z=6.644 m_est=2.333
[INFO] [1788472388.522024743] [acados_nmpc_node]: [attach-window] t=28.15s pos_err=0.148m T=22.99N z=6.644 m_est=2.333
[INFO] [1788472388.566811294] [acados_nmpc_node]: [attach-window] t=28.20s pos_err=0.117m T=23.05N z=6.643 m_est=2.334
[INFO] [1788472388.573481403] [acados_nmpc_node]: [wcmd] raw=[-0.026,-0.170,-0.726] w=[+0.011,-0.176,-0.582] err=[-0.037,+0.007] scaled=[-0.163,-0.145] s=4.67
[INFO] [1788472388.621561070] [acados_nmpc_node]: [attach-window] t=28.25s pos_err=0.154m T=23.07N z=6.642 m_est=2.334
[INFO] [1788472388.666753835] [acados_nmpc_node]: [attach-window] t=28.30s pos_err=0.113m T=23.10N z=6.640 m_est=2.335
[INFO] [1788472388.721517049] [acados_nmpc_node]: [attach-window] t=28.35s pos_err=0.146m T=23.13N z=6.638 m_est=2.335
[INFO] [1788472388.766764796] [acados_nmpc_node]: [attach-window] t=28.40s pos_err=0.120m T=23.12N z=6.635 m_est=2.336
[INFO] [1788472388.773377527] [acados_nmpc_node]: [wcmd] raw=[-0.028,-0.169,-0.891] w=[-0.006,-0.219,-0.702] err=[-0.022,+0.050] scaled=[-0.108,+0.012] s=4.67
[INFO] [1788472388.822170317] [acados_nmpc_node]: [attach-window] t=28.45s pos_err=0.151m T=23.11N z=6.634 m_est=2.336
[INFO] [1788472388.866920729] [acados_nmpc_node]: [attach-window] t=28.50s pos_err=0.126m T=23.12N z=6.630 m_est=2.337
[INFO] [1788472388.928696263] [acados_nmpc_node]: [attach-window] t=28.55s pos_err=0.111m T=23.12N z=6.626 m_est=2.337
[INFO] [1788472388.974806963] [acados_nmpc_node]: [attach-window] t=28.60s pos_err=0.123m T=23.15N z=6.624 m_est=2.339
[INFO] [1788472388.975459447] [acados_nmpc_node]: [wcmd] raw=[-0.026,-0.153,-1.094] w=[+0.037,-0.033,-0.733] err=[-0.062,-0.120] scaled=[-0.254,-0.593] s=4.67
[INFO] [1788472389.021164965] [acados_nmpc_node]: [attach-window] t=28.65s pos_err=0.147m T=23.12N z=6.622 m_est=2.339
[INFO] [1788472389.066955178] [acados_nmpc_node]: [attach-window] t=28.70s pos_err=0.127m T=23.06N z=6.618 m_est=2.340
[INFO] [1788472389.121595197] [acados_nmpc_node]: [attach-window] t=28.75s pos_err=0.140m T=22.94N z=6.616 m_est=2.340
[INFO] [1788472389.166844026] [acados_nmpc_node]: [attach-window] t=28.80s pos_err=0.124m T=22.91N z=6.613 m_est=2.341
[INFO] [1788472389.173407790] [acados_nmpc_node]: [wcmd] raw=[+0.007,-0.046,-1.318] w=[+0.064,-0.056,-0.922] err=[-0.057,+0.010] scaled=[-0.205,-0.010] s=4.70
[INFO] [1788472389.221302231] [acados_nmpc_node]: [attach-window] t=28.85s pos_err=0.141m T=22.89N z=6.611 m_est=2.341
[INFO] [1788472389.266689103] [acados_nmpc_node]: [attach-window] t=28.90s pos_err=0.125m T=22.83N z=6.608 m_est=2.343
[INFO] [1788472389.321337121] [acados_nmpc_node]: [attach-window] t=28.95s pos_err=0.119m T=22.74N z=6.605 m_est=2.343
[INFO] [1788472389.370986122] [acados_nmpc_node]: [attach-window] t=29.00s pos_err=0.122m T=22.86N z=6.603 m_est=2.343
[INFO] [1788472389.373329638] [acados_nmpc_node]: [wcmd] raw=[-0.051,-0.143,-1.546] w=[+0.007,-0.160,-1.234] err=[-0.058,+0.018] scaled=[-0.267,-0.076] s=4.72
[INFO] [1788472389.421459502] [acados_nmpc_node]: [attach-window] t=29.05s pos_err=0.131m T=22.94N z=6.601 m_est=2.343
[INFO] [1788472389.466787753] [acados_nmpc_node]: [attach-window] t=29.10s pos_err=0.121m T=22.77N z=6.597 m_est=2.341
[INFO] [1788472389.521380153] [acados_nmpc_node]: [attach-window] t=29.15s pos_err=0.124m T=22.72N z=6.594 m_est=2.341
[INFO] [1788472389.569255887] [acados_nmpc_node]: [attach-window] t=29.20s pos_err=0.117m T=22.76N z=6.590 m_est=2.340
[INFO] [1788472389.573421975] [acados_nmpc_node]: [wcmd] raw=[+0.004,-0.049,-1.556] w=[+0.067,+0.149,-1.273] err=[-0.062,-0.198] scaled=[-0.228,-0.788] s=4.74
[INFO] [1788472389.620956544] [acados_nmpc_node]: [attach-window] t=29.25s pos_err=0.119m T=22.78N z=6.588 m_est=2.340
[INFO] [1788472389.666875895] [acados_nmpc_node]: [attach-window] t=29.30s pos_err=0.114m T=22.96N z=6.582 m_est=2.339
[INFO] [1788472389.721364509] [acados_nmpc_node]: [attach-window] t=29.35s pos_err=0.111m T=23.08N z=6.579 m_est=2.339
[INFO] [1788472389.766468123] [acados_nmpc_node]: [attach-window] t=29.40s pos_err=0.108m T=22.95N z=6.572 m_est=2.336
[INFO] [1788472389.773401689] [acados_nmpc_node]: [wcmd] raw=[-0.006,-0.080,-1.433] w=[-0.001,-0.259,-1.680] err=[-0.005,+0.178] scaled=[-0.024,+0.589] s=4.75
[INFO] [1788472389.821232385] [acados_nmpc_node]: [attach-window] t=29.45s pos_err=0.104m T=22.90N z=6.568 m_est=2.336
[INFO] [1788472389.866604363] [acados_nmpc_node]: [attach-window] t=29.50s pos_err=0.100m T=22.88N z=6.561 m_est=2.334
[INFO] [1788472389.920922677] [acados_nmpc_node]: [attach-window] t=29.55s pos_err=0.094m T=22.95N z=6.556 m_est=2.334
[INFO] [1788472389.966670945] [acados_nmpc_node]: [attach-window] t=29.60s pos_err=0.094m T=22.90N z=6.549 m_est=2.333
[INFO] [1788472389.973429558] [acados_nmpc_node]: [wcmd] raw=[-0.000,-0.178,-1.069] w=[+0.029,+0.112,-1.488] err=[-0.029,-0.290] scaled=[-0.111,-1.267] s=4.75
[INFO] [1788472390.021100865] [acados_nmpc_node]: [attach-window] t=29.65s pos_err=0.084m T=23.05N z=6.545 m_est=2.333
[INFO] [1788472390.066561850] [acados_nmpc_node]: [attach-window] t=29.70s pos_err=0.082m T=22.90N z=6.537 m_est=2.331
[INFO] [1788472390.121328121] [acados_nmpc_node]: [attach-window] t=29.75s pos_err=0.071m T=22.86N z=6.531 m_est=2.331
[INFO] [1788472390.166591057] [acados_nmpc_node]: [attach-window] t=29.80s pos_err=0.073m T=22.75N z=6.524 m_est=2.328
[INFO] [1788472390.173342370] [acados_nmpc_node]: [wcmd] raw=[+0.032,-0.073,-0.861] w=[+0.046,-0.093,-1.418] err=[-0.013,+0.020] scaled=[-0.018,+0.004] s=4.74
[INFO] [1788472390.221124950] [acados_nmpc_node]: [attach-window] t=29.85s pos_err=0.060m T=22.83N z=6.520 m_est=2.328
[INFO] [1788472390.266559217] [acados_nmpc_node]: [attach-window] t=29.90s pos_err=0.057m T=22.78N z=6.512 m_est=2.326
[INFO] [1788472390.319020764] [acados_nmpc_node]: [attach-window] t=29.95s pos_err=0.047m T=22.88N z=6.507 m_est=2.326
[INFO] [1788472390.366555534] [acados_nmpc_node]: [attach-window] t=30.00s pos_err=0.048m T=22.67N z=6.498 m_est=2.322
[INFO] [1788472390.373353343] [acados_nmpc_node]: [wcmd] raw=[+0.032,-0.209,-0.595] w=[+0.055,-0.101,-1.164] err=[-0.024,-0.109] scaled=[-0.057,-0.613] s=4.71
[INFO] [1788472390.421082561] [acados_nmpc_node]: [attach-window] t=30.05s pos_err=0.042m T=22.76N z=6.493 m_est=2.322
[INFO] [1788472390.466413200] [acados_nmpc_node]: [attach-window] t=30.10s pos_err=0.030m T=22.60N z=6.485 m_est=2.320
[INFO] [1788472390.521092978] [acados_nmpc_node]: [attach-window] t=30.15s pos_err=0.036m T=22.74N z=6.479 m_est=2.320
[INFO] [1788472390.566298081] [acados_nmpc_node]: [attach-window] t=30.20s pos_err=0.021m T=22.87N z=6.469 m_est=2.316
[INFO] [1788472390.573356151] [acados_nmpc_node]: [wcmd] raw=[+0.019,-0.132,-0.170] w=[+0.001,+0.107,-0.724] err=[+0.018,-0.238] scaled=[+0.085,-1.005] s=4.66
[INFO] [1788472390.620766017] [acados_nmpc_node]: [attach-window] t=30.25s pos_err=0.050m T=23.03N z=6.464 m_est=2.316
[INFO] [1788472390.666374982] [acados_nmpc_node]: [attach-window] t=30.30s pos_err=0.019m T=22.61N z=6.451 m_est=2.309
[INFO] [1788472390.721113342] [acados_nmpc_node]: [attach-window] t=30.35s pos_err=0.052m T=22.67N z=6.446 m_est=2.309
[INFO] [1788472390.766395601] [acados_nmpc_node]: [attach-window] t=30.40s pos_err=0.020m T=22.35N z=6.436 m_est=2.305
[INFO] [1788472390.773351061] [acados_nmpc_node]: [wcmd] raw=[+0.019,-0.117,-0.042] w=[+0.059,-0.278,-0.603] err=[-0.040,+0.161] scaled=[-0.124,+0.461] s=4.59
[INFO] [1788472390.821134562] [acados_nmpc_node]: [attach-window] t=30.45s pos_err=0.077m T=22.33N z=6.432 m_est=2.305
[INFO] [1788472390.866521048] [acados_nmpc_node]: [attach-window] t=30.50s pos_err=0.040m T=22.59N z=6.421 m_est=2.300
[INFO] [1788472390.920957018] [acados_nmpc_node]: [attach-window] t=30.55s pos_err=0.081m T=22.81N z=6.413 m_est=2.300
[INFO] [1788472390.921446711] [acados_nmpc_node]: t=30.6s | pos_err=0.081m | T=22.81N | tau=[r-0.238 p0.252 y0.200]Nm | res_stat=1.764e-07(peak 9.958e-07) sqp_iter=5 | solve=2.5ms
[INFO] [1788472390.921649288] [acados_nmpc_node]: [flight-diag] t=30.6s | om_scale=4.539(lo 4.539 hi 4.756) | tilt_max=12.77deg | w_max=[r0.094 p0.278 y1.690]rad/s | u_frac=[T0.572 r1.000 p1.000 y1.000] | u_sat=[T0.0 r1.0 p18.0 y19.0]% | mot_peak=1.000 mot_sat=9.0% | health=na age=na conf=na | n=100
[INFO] [1788472390.966445369] [acados_nmpc_node]: [attach-window] t=30.60s pos_err=0.045m T=22.77N z=6.400 m_est=2.295
[INFO] [1788472390.973386688] [acados_nmpc_node]: [wcmd] raw=[+0.015,-0.197,+0.338] w=[-0.026,+0.099,-0.091] err=[+0.041,-0.296] scaled=[+0.160,-1.234] s=4.50
[INFO] [1788472391.021123569] [acados_nmpc_node]: [attach-window] t=30.65s pos_err=0.106m T=22.94N z=6.394 m_est=2.295
[INFO] [1788472391.066364752] [acados_nmpc_node]: [attach-window] t=30.70s pos_err=0.065m T=22.68N z=6.380 m_est=2.292
[INFO] [1788472391.121177397] [acados_nmpc_node]: [attach-window] t=30.75s pos_err=0.110m T=22.58N z=6.373 m_est=2.292
[INFO] [1788472391.166223204] [acados_nmpc_node]: [attach-window] t=30.80s pos_err=0.070m T=22.54N z=6.360 m_est=2.291
[INFO] [1788472391.173382299] [acados_nmpc_node]: [wcmd] raw=[-0.006,-0.108,+0.298] w=[+0.010,-0.136,+0.072] err=[-0.016,+0.028] scaled=[-0.060,-0.014] s=4.41
[INFO] [1788472391.221157174] [acados_nmpc_node]: [attach-window] t=30.85s pos_err=0.135m T=22.61N z=6.354 m_est=2.291
[INFO] [1788472391.265706631] [acados_nmpc_node]: [attach-window] t=30.90s pos_err=0.091m T=22.71N z=6.342 m_est=2.295
[INFO] [1788472391.320471560] [acados_nmpc_node]: [attach-window] t=30.95s pos_err=0.136m T=22.80N z=6.334 m_est=2.295
[INFO] [1788472391.366034514] [acados_nmpc_node]: [attach-window] t=31.00s pos_err=0.092m T=22.70N z=6.321 m_est=2.296
[INFO] [1788472391.373355348] [acados_nmpc_node]: [wcmd] raw=[-0.009,-0.203,+0.148] w=[-0.027,-0.045,+0.277] err=[+0.017,-0.158] scaled=[+0.049,-0.730] s=4.34
[INFO] [1788472391.421198694] [acados_nmpc_node]: [attach-window] t=31.05s pos_err=0.160m T=22.79N z=6.315 m_est=2.296
[INFO] [1788472391.466153670] [acados_nmpc_node]: [attach-window] t=31.10s pos_err=0.113m T=22.63N z=6.302 m_est=2.294
[INFO] [1788472391.521356144] [acados_nmpc_node]: [attach-window] t=31.15s pos_err=0.160m T=22.33N z=6.294 m_est=2.294
[INFO] [1788472391.565880990] [acados_nmpc_node]: [attach-window] t=31.20s pos_err=0.113m T=22.60N z=6.282 m_est=2.297
[INFO] [1788472391.573352728] [acados_nmpc_node]: [wcmd] raw=[-0.042,-0.130,-0.008] w=[-0.014,-0.042,+0.290] err=[-0.027,-0.088] scaled=[-0.132,-0.419] s=4.29
[INFO] [1788472391.621144914] [acados_nmpc_node]: [attach-window] t=31.25s pos_err=0.184m T=22.67N z=6.275 m_est=2.297
[INFO] [1788472391.666963394] [acados_nmpc_node]: [attach-window] t=31.30s pos_err=0.133m T=22.79N z=6.261 m_est=2.300
[INFO] [1788472391.718196012] [acados_nmpc_node]: [dJ_online] m_est=2.300 m_p=0.236 ratchet=0.410 floor=0.050 -> m_p_model=0.236(track) dJ=0.0467 | gain_base=0.403 c_xy=[-1.81,-1.24]cm
[INFO] [1788472391.721663221] [acados_nmpc_node]: [attach-window] t=31.35s pos_err=0.182m T=22.58N z=6.252 m_est=2.300
[INFO] [1788472391.766241526] [acados_nmpc_node]: [attach-window] t=31.40s pos_err=0.131m T=22.79N z=6.237 m_est=2.300
[INFO] [1788472391.773344913] [acados_nmpc_node]: [wcmd] raw=[-0.045,-0.127,-0.162] w=[-0.041,-0.017,+0.202] err=[-0.003,-0.110] scaled=[-0.055,-0.488] s=4.28
[INFO] [1788472391.821574188] [acados_nmpc_node]: [attach-window] t=31.45s pos_err=0.204m T=22.78N z=6.229 m_est=2.300
[INFO] [1788472391.865970063] [acados_nmpc_node]: [attach-window] t=31.50s pos_err=0.128m T=22.84N z=6.211 m_est=2.301
[INFO] [1788472391.921494096] [acados_nmpc_node]: [attach-window] t=31.55s pos_err=0.199m T=22.50N z=6.204 m_est=2.301
[INFO] [1788472391.966285146] [acados_nmpc_node]: [attach-window] t=31.60s pos_err=0.146m T=22.74N z=6.188 m_est=2.302
[INFO] [1788472391.973364412] [acados_nmpc_node]: [wcmd] raw=[-0.054,-0.102,-0.253] w=[-0.046,-0.106,+0.012] err=[-0.009,+0.004] scaled=[-0.082,-0.089] s=4.28
[INFO] [1788472392.021962480] [acados_nmpc_node]: [attach-window] t=31.65s pos_err=0.196m T=22.54N z=6.179 m_est=2.302
[INFO] [1788472392.066272463] [acados_nmpc_node]: [attach-window] t=31.70s pos_err=0.140m T=22.84N z=6.163 m_est=2.303
[INFO] [1788472392.122185712] [acados_nmpc_node]: [attach-window] t=31.75s pos_err=0.216m T=22.28N z=6.155 m_est=2.303
[INFO] [1788472392.166372117] [acados_nmpc_node]: [attach-window] t=31.80s pos_err=0.157m T=22.94N z=6.138 m_est=2.303
[INFO] [1788472392.173388896] [acados_nmpc_node]: [wcmd] raw=[-0.060,-0.051,-0.257] w=[-0.066,-0.091,-0.102] err=[+0.006,+0.040] scaled=[-0.041,+0.079] s=4.29
[INFO] [1788472392.221843713] [acados_nmpc_node]: [attach-window] t=31.85s pos_err=0.236m T=22.14N z=6.130 m_est=2.303
[INFO] [1788472392.266152724] [acados_nmpc_node]: [attach-window] t=31.90s pos_err=0.151m T=23.17N z=6.111 m_est=2.302
[INFO] [1788472392.321371111] [acados_nmpc_node]: [attach-window] t=31.95s pos_err=0.227m T=22.93N z=6.102 m_est=2.302
[INFO] [1788472392.366227201] [acados_nmpc_node]: [attach-window] t=32.00s pos_err=0.168m T=23.33N z=6.084 m_est=2.301
[INFO] [1788472392.373338420] [acados_nmpc_node]: [wcmd] raw=[-0.054,-0.029,-0.210] w=[-0.062,-0.047,-0.160] err=[+0.008,+0.018] scaled=[-0.026,+0.030] s=4.29
[INFO] [1788472392.421607541] [acados_nmpc_node]: [attach-window] t=32.05s pos_err=0.249m T=22.88N z=6.075 m_est=2.301
[INFO] [1788472392.465530500] [acados_nmpc_node]: [attach-window] t=32.10s pos_err=0.187m T=23.31N z=6.057 m_est=2.303
[INFO] [1788472392.519055792] [acados_nmpc_node]: [attach-window] t=32.15s pos_err=0.235m T=23.25N z=6.047 m_est=2.303
[INFO] [1788472392.566246146] [acados_nmpc_node]: [attach-window] t=32.20s pos_err=0.178m T=23.27N z=6.030 m_est=2.304
[INFO] [1788472392.573356022] [acados_nmpc_node]: [wcmd] raw=[-0.049,-0.136,-0.136] w=[-0.058,+0.006,-0.163] err=[+0.009,-0.142] scaled=[-0.020,-0.604] s=4.29
[INFO] [1788472392.621895847] [acados_nmpc_node]: [attach-window] t=32.25s pos_err=0.260m T=23.19N z=6.022 m_est=2.304
[INFO] [1788472392.666067424] [acados_nmpc_node]: [attach-window] t=32.30s pos_err=0.168m T=23.01N z=6.006 m_est=2.306
[INFO] [1788472392.721566567] [acados_nmpc_node]: [attach-window] t=32.35s pos_err=0.248m T=22.89N z=5.999 m_est=2.306
[INFO] [1788472392.766432890] [acados_nmpc_node]: [attach-window] t=32.40s pos_err=0.184m T=22.70N z=5.986 m_est=2.311
[INFO] [1788472392.773347373] [acados_nmpc_node]: [wcmd] raw=[-0.028,-0.204,-0.042] w=[-0.057,-0.149,-0.215] err=[+0.029,-0.055] scaled=[+0.069,-0.385] s=4.30
[INFO] [1788472392.821398278] [acados_nmpc_node]: [attach-window] t=32.45s pos_err=0.265m T=22.50N z=5.980 m_est=2.311
[INFO] [1788472392.866475620] [acados_nmpc_node]: [attach-window] t=32.50s pos_err=0.174m T=22.54N z=5.966 m_est=2.314
[INFO] [1788472392.921339990] [acados_nmpc_node]: [attach-window] t=32.55s pos_err=0.253m T=22.45N z=5.960 m_est=2.314
[INFO] [1788472392.966531992] [acados_nmpc_node]: [attach-window] t=32.60s pos_err=0.188m T=22.47N z=5.948 m_est=2.313
[INFO] [1788472392.973374136] [acados_nmpc_node]: [wcmd] raw=[-0.003,-0.184,+0.071] w=[-0.033,-0.143,-0.117] err=[+0.030,-0.041] scaled=[+0.096,-0.320] s=4.34
[INFO] [1788472393.021246191] [acados_nmpc_node]: [attach-window] t=32.65s pos_err=0.238m T=22.43N z=5.940 m_est=2.313
[INFO] [1788472393.066465451] [acados_nmpc_node]: [attach-window] t=32.70s pos_err=0.201m T=22.47N z=5.929 m_est=2.311
[INFO] [1788472393.121368428] [acados_nmpc_node]: [attach-window] t=32.75s pos_err=0.252m T=22.45N z=5.921 m_est=2.311
[INFO] [1788472393.166713190] [acados_nmpc_node]: [attach-window] t=32.80s pos_err=0.189m T=22.62N z=5.907 m_est=2.309
[INFO] [1788472393.173374979] [acados_nmpc_node]: [wcmd] raw=[-0.016,-0.169,+0.147] w=[-0.019,-0.101,+0.014] err=[+0.003,-0.067] scaled=[-0.006,-0.395] s=4.37
[INFO] [1788472393.221335494] [acados_nmpc_node]: [attach-window] t=32.85s pos_err=0.266m T=22.56N z=5.899 m_est=2.309
[INFO] [1788472393.266550978] [acados_nmpc_node]: [attach-window] t=32.90s pos_err=0.202m T=22.68N z=5.885 m_est=2.304
[INFO] [1788472393.321337016] [acados_nmpc_node]: [attach-window] t=32.95s pos_err=0.252m T=22.63N z=5.875 m_est=2.304
[INFO] [1788472393.366558693] [acados_nmpc_node]: [attach-window] t=33.00s pos_err=0.190m T=22.72N z=5.860 m_est=2.300
[INFO] [1788472393.373350528] [acados_nmpc_node]: [wcmd] raw=[-0.036,-0.174,+0.179] w=[-0.052,-0.071,+0.113] err=[+0.016,-0.103] scaled=[+0.019,-0.522] s=4.38
[INFO] [1788472393.421645287] [acados_nmpc_node]: [attach-window] t=33.05s pos_err=0.265m T=22.65N z=5.853 m_est=2.300
[INFO] [1788472393.466483958] [acados_nmpc_node]: [attach-window] t=33.10s pos_err=0.203m T=22.76N z=5.837 m_est=2.296
[INFO] [1788472393.521718119] [acados_nmpc_node]: [attach-window] t=33.16s pos_err=0.154m T=22.88N z=5.820 m_est=2.296
[INFO] [1788472393.566519128] [acados_nmpc_node]: [attach-window] t=33.20s pos_err=0.191m T=22.84N z=5.812 m_est=2.294
[INFO] [1788472393.573374116] [acados_nmpc_node]: [wcmd] raw=[-0.045,-0.142,+0.194] w=[-0.065,-0.074,+0.172] err=[+0.020,-0.067] scaled=[+0.023,-0.367] s=4.35
[INFO] [1788472393.622319267] [acados_nmpc_node]: [attach-window] t=33.25s pos_err=0.265m T=22.57N z=5.804 m_est=2.294
[INFO] [1788472393.666641510] [acados_nmpc_node]: [attach-window] t=33.30s pos_err=0.180m T=22.27N z=5.786 m_est=2.297
[INFO] [1788472393.725477704] [acados_nmpc_node]: [attach-window] t=33.35s pos_err=0.253m T=21.43N z=5.779 m_est=2.297
[INFO] [1788472393.766707297] [acados_nmpc_node]: [attach-window] t=33.40s pos_err=0.195m T=22.89N z=5.764 m_est=2.301
[INFO] [1788472393.773400933] [acados_nmpc_node]: [wcmd] raw=[-0.054,+0.054,+0.220] w=[-0.078,+0.007,+0.272] err=[+0.025,+0.047] scaled=[+0.028,+0.211] s=4.33
[INFO] [1788472393.827383831] [acados_nmpc_node]: [attach-window] t=33.45s pos_err=0.268m T=22.66N z=5.756 m_est=2.301
[INFO] [1788472393.866925119] [acados_nmpc_node]: [attach-window] t=33.50s pos_err=0.211m T=23.22N z=5.739 m_est=2.304
[INFO] [1788472393.926359061] [acados_nmpc_node]: [attach-window] t=33.55s pos_err=0.259m T=23.10N z=5.728 m_est=2.304
[INFO] [1788472393.966788071] [acados_nmpc_node]: [attach-window] t=33.60s pos_err=0.204m T=23.52N z=5.710 m_est=2.305
[INFO] [1788472393.973290462] [acados_nmpc_node]: [wcmd] raw=[-0.023,-0.032,+0.204] w=[-0.061,+0.171,+0.351] err=[+0.038,-0.203] scaled=[+0.102,-0.707] s=4.32
[INFO] [1788472394.022326684] [acados_nmpc_node]: [attach-window] t=33.65s pos_err=0.277m T=23.40N z=5.701 m_est=2.305
[INFO] [1788472394.065862790] [acados_nmpc_node]: [attach-window] t=33.70s pos_err=0.221m T=23.41N z=5.684 m_est=2.304
[INFO] [1788472394.121980393] [acados_nmpc_node]: [attach-window] t=33.75s pos_err=0.267m T=23.22N z=5.674 m_est=2.304
[INFO] [1788472394.166617786] [acados_nmpc_node]: [attach-window] t=33.80s pos_err=0.214m T=23.17N z=5.659 m_est=2.298
[INFO] [1788472394.173342283] [acados_nmpc_node]: [wcmd] raw=[-0.042,-0.111,+0.198] w=[-0.048,-0.105,+0.178] err=[+0.006,-0.006] scaled=[-0.022,-0.129] s=4.31
[INFO] [1788472394.221923745] [acados_nmpc_node]: [attach-window] t=33.85s pos_err=0.258m T=23.06N z=5.650 m_est=2.298
[INFO] [1788472394.266916486] [acados_nmpc_node]: [attach-window] t=33.90s pos_err=0.227m T=23.08N z=5.637 m_est=2.293
[INFO] [1788472394.321699174] [acados_nmpc_node]: [attach-window] t=33.95s pos_err=0.269m T=23.03N z=5.628 m_est=2.293
[INFO] [1788472394.366313529] [acados_nmpc_node]: [attach-window] t=34.00s pos_err=0.215m T=23.16N z=5.614 m_est=2.290
[INFO] [1788472394.373415404] [acados_nmpc_node]: [wcmd] raw=[-0.030,-0.145,+0.274] w=[-0.065,-0.089,+0.196] err=[+0.035,-0.056] scaled=[+0.086,-0.329] s=4.28
[INFO] [1788472394.421320310] [acados_nmpc_node]: [attach-window] t=34.05s pos_err=0.277m T=23.07N z=5.607 m_est=2.290
[INFO] [1788472394.493343532] [acados_nmpc_node]: [attach-window] t=34.10s pos_err=0.223m T=23.23N z=5.593 m_est=2.291
[INFO] [1788472394.527208348] [acados_nmpc_node]: [attach-window] t=34.15s pos_err=0.262m T=23.17N z=5.585 m_est=2.291
[INFO] [1788472394.566265128] [acados_nmpc_node]: [attach-window] t=34.20s pos_err=0.208m T=23.40N z=5.571 m_est=2.296
[INFO] [1788472394.593396017] [acados_nmpc_node]: [wcmd] raw=[-0.022,-0.173,+0.398] w=[-0.068,-0.054,+0.270] err=[+0.046,-0.119] scaled=[+0.127,-0.559] s=4.26
[INFO] [1788472394.627922196] [acados_nmpc_node]: [attach-window] t=34.25s pos_err=0.265m T=23.32N z=5.564 m_est=2.296
[INFO] [1788472394.666217058] [acados_nmpc_node]: [attach-window] t=34.30s pos_err=0.213m T=23.52N z=5.550 m_est=2.306
[INFO] [1788472394.721934405] [acados_nmpc_node]: [attach-window] t=34.35s pos_err=0.247m T=23.43N z=5.541 m_est=2.306
[INFO] [1788472394.766171738] [acados_nmpc_node]: [attach-window] t=34.40s pos_err=0.198m T=23.63N z=5.527 m_est=2.316
[INFO] [1788472394.793366870] [acados_nmpc_node]: [wcmd] raw=[-0.011,-0.106,+0.527] w=[-0.043,-0.084,+0.347] err=[+0.032,-0.022] scaled=[+0.093,-0.180] s=4.29
[INFO] [1788472394.821472336] [acados_nmpc_node]: [attach-window] t=34.45s pos_err=0.229m T=23.56N z=5.519 m_est=2.316
[INFO] [1788472394.866491722] [acados_nmpc_node]: [attach-window] t=34.50s pos_err=0.200m T=23.68N z=5.507 m_est=2.324
[INFO] [1788472394.921459609] [acados_nmpc_node]: [attach-window] t=34.55s pos_err=0.230m T=23.59N z=5.499 m_est=2.324
[INFO] [1788472394.966452010] [acados_nmpc_node]: [attach-window] t=34.60s pos_err=0.184m T=23.70N z=5.486 m_est=2.330
[INFO] [1788472394.993373720] [acados_nmpc_node]: [wcmd] raw=[-0.017,-0.107,+0.653] w=[-0.030,-0.075,+0.452] err=[+0.012,-0.032] scaled=[+0.024,-0.214] s=4.38
[INFO] [1788472395.021555765] [acados_nmpc_node]: [attach-window] t=34.65s pos_err=0.230m T=23.57N z=5.480 m_est=2.330
[INFO] [1788472395.066522438] [acados_nmpc_node]: [attach-window] t=34.70s pos_err=0.185m T=23.65N z=5.468 m_est=2.335
[INFO] [1788472395.121952507] [acados_nmpc_node]: [attach-window] t=34.75s pos_err=0.213m T=23.54N z=5.460 m_est=2.335
[INFO] [1788472395.166617754] [acados_nmpc_node]: [attach-window] t=34.80s pos_err=0.170m T=23.61N z=5.449 m_est=2.337
[INFO] [1788472395.193354805] [acados_nmpc_node]: [wcmd] raw=[+0.002,-0.100,+0.779] w=[-0.059,+0.017,+0.614] err=[+0.061,-0.118] scaled=[+0.213,-0.510] s=4.48
[INFO] [1788472395.221710421] [acados_nmpc_node]: [attach-window] t=34.85s pos_err=0.211m T=23.50N z=5.444 m_est=2.337
[INFO] [1788472395.266506452] [acados_nmpc_node]: [attach-window] t=34.90s pos_err=0.155m T=23.49N z=5.434 m_est=2.339
[INFO] [1788472395.321361965] [acados_nmpc_node]: [attach-window] t=34.95s pos_err=0.195m T=23.36N z=5.430 m_est=2.339
[INFO] [1788472395.366499051] [acados_nmpc_node]: [attach-window] t=35.00s pos_err=0.156m T=23.33N z=5.422 m_est=2.340
[INFO] [1788472395.393402443] [acados_nmpc_node]: [wcmd] raw=[+0.015,-0.058,+0.905] w=[-0.013,-0.082,+0.688] err=[+0.028,+0.024] scaled=[+0.114,+0.027] s=4.56
[INFO] [1788472395.421521546] [acados_nmpc_node]: [attach-window] t=35.05s pos_err=0.195m T=23.21N z=5.418 m_est=2.340
[INFO] [1788472395.466382419] [acados_nmpc_node]: [attach-window] t=35.10s pos_err=0.145m T=23.25N z=5.411 m_est=2.341
[INFO] [1788472395.521303140] [acados_nmpc_node]: [attach-window] t=35.15s pos_err=0.182m T=23.18N z=5.407 m_est=2.341
[INFO] [1788472395.566331166] [acados_nmpc_node]: [attach-window] t=35.20s pos_err=0.148m T=23.12N z=5.401 m_est=2.340
[INFO] [1788472395.593333754] [acados_nmpc_node]: [wcmd] raw=[+0.030,-0.090,+0.976] w=[-0.001,-0.010,+0.850] err=[+0.031,-0.080] scaled=[+0.143,-0.379] s=4.61
[INFO] [1788472395.621233093] [acados_nmpc_node]: [attach-window] t=35.25s pos_err=0.171m T=23.08N z=5.397 m_est=2.340
[INFO] [1788472395.666357704] [acados_nmpc_node]: [attach-window] t=35.30s pos_err=0.152m T=23.08N z=5.391 m_est=2.340
[INFO] [1788472395.721548074] [acados_nmpc_node]: [attach-window] t=35.35s pos_err=0.175m T=23.05N z=5.387 m_est=2.340
[INFO] [1788472395.766473503] [acados_nmpc_node]: [attach-window] t=35.40s pos_err=0.143m T=23.13N z=5.380 m_est=2.339
[INFO] [1788472395.793389241] [acados_nmpc_node]: [wcmd] raw=[+0.027,-0.039,+1.012] w=[-0.007,+0.028,+0.975] err=[+0.034,-0.067] scaled=[+0.153,-0.283] s=4.65
[INFO] [1788472395.821721749] [acados_nmpc_node]: [attach-window] t=35.46s pos_err=0.179m T=23.13N z=5.377 m_est=2.339
[INFO] [1788472395.866353449] [acados_nmpc_node]: [attach-window] t=35.50s pos_err=0.147m T=23.17N z=5.369 m_est=2.337
[INFO] [1788472395.921300831] [acados_nmpc_node]: [attach-window] t=35.55s pos_err=0.168m T=23.20N z=5.365 m_est=2.337
[INFO] [1788472395.921792854] [acados_nmpc_node]: t=35.6s | pos_err=0.168m | T=23.20N | tau=[r-0.349 p0.246 y0.012]Nm | res_stat=2.624e-07(peak 9.958e-07) sqp_iter=5 | solve=2.5ms
[INFO] [1788472395.921997147] [acados_nmpc_node]: [flight-diag] t=35.6s | om_scale=4.661(lo 4.249 hi 4.661) | tilt_max=11.24deg | w_max=[r0.092 p0.289 y1.018]rad/s | u_frac=[T0.585 r0.735 p1.000 y0.889] | u_sat=[T0.0 r0.0 p30.0 y0.0]% | mot_peak=1.000 mot_sat=1.8% | health=na age=na conf=na | n=100
[INFO] [1788472395.966514764] [acados_nmpc_node]: [attach-window] t=35.60s pos_err=0.138m T=23.20N z=5.357 m_est=2.336
[INFO] [1788472395.993390861] [acados_nmpc_node]: [wcmd] raw=[+0.024,-0.108,+0.941] w=[-0.007,-0.071,+0.982] err=[+0.031,-0.037] scaled=[+0.138,-0.243] s=4.67
[INFO] [1788472396.021506634] [acados_nmpc_node]: [attach-window] t=35.65s pos_err=0.159m T=23.21N z=5.352 m_est=2.336
[INFO] [1788472396.066536759] [acados_nmpc_node]: [attach-window] t=35.70s pos_err=0.142m T=23.24N z=5.345 m_est=2.336
[INFO] [1788472396.121728910] [acados_nmpc_node]: [attach-window] t=35.75s pos_err=0.163m T=23.24N z=5.340 m_est=2.336
[INFO] [1788472396.166554324] [acados_nmpc_node]: [attach-window] t=35.80s pos_err=0.134m T=23.34N z=5.332 m_est=2.336
[INFO] [1788472396.193347894] [acados_nmpc_node]: [wcmd] raw=[+0.012,-0.058,+0.819] w=[-0.004,+0.045,+1.056] err=[+0.016,-0.103] scaled=[+0.072,-0.437] s=4.69
[INFO] [1788472396.218778243] [acados_nmpc_node]: [attach-window] t=35.85s pos_err=0.164m T=23.39N z=5.328 m_est=2.336
[INFO] [1788472396.266496295] [acados_nmpc_node]: [attach-window] t=35.90s pos_err=0.137m T=23.39N z=5.320 m_est=2.336
[INFO] [1788472396.321167651] [acados_nmpc_node]: [attach-window] t=35.95s pos_err=0.159m T=23.41N z=5.315 m_est=2.336
[INFO] [1788472396.366436104] [acados_nmpc_node]: [attach-window] t=36.00s pos_err=0.129m T=23.36N z=5.307 m_est=2.337
[INFO] [1788472396.393387124] [acados_nmpc_node]: [wcmd] raw=[-0.002,-0.098,+0.625] w=[-0.028,-0.094,+0.911] err=[+0.026,-0.004] scaled=[+0.096,-0.112] s=4.70
[INFO] [1788472396.421441442] [acados_nmpc_node]: [attach-window] t=36.05s pos_err=0.165m T=23.35N z=5.304 m_est=2.337
[INFO] [1788472396.466374175] [acados_nmpc_node]: [attach-window] t=36.10s pos_err=0.134m T=23.33N z=5.297 m_est=2.337
[INFO] [1788472396.522292618] [acados_nmpc_node]: [attach-window] t=36.16s pos_err=0.160m T=23.32N z=5.293 m_est=2.337
[INFO] [1788472396.566599054] [acados_nmpc_node]: [attach-window] t=36.20s pos_err=0.127m T=23.28N z=5.288 m_est=2.338
[INFO] [1788472396.593495406] [acados_nmpc_node]: [wcmd] raw=[+0.004,-0.125,+0.444] w=[-0.008,+0.053,+0.861] err=[+0.011,-0.178] scaled=[+0.046,-0.783] s=4.71
[INFO] [1788472396.622014078] [acados_nmpc_node]: [attach-window] t=36.26s pos_err=0.167m T=23.32N z=5.285 m_est=2.338
[INFO] [1788472396.666551474] [acados_nmpc_node]: [attach-window] t=36.30s pos_err=0.132m T=23.13N z=5.281 m_est=2.337
[INFO] [1788472396.718690141] [acados_nmpc_node]: [dJ_online] m_est=2.337 m_p=0.273 ratchet=0.410 floor=0.050 -> m_p_model=0.273(track) dJ=0.0533 | gain_base=0.403 c_xy=[-1.50,-1.49]cm
[INFO] [1788472396.722487540] [acados_nmpc_node]: [attach-window] t=36.36s pos_err=0.160m T=23.06N z=5.279 m_est=2.337
[INFO] [1788472396.766589228] [acados_nmpc_node]: [attach-window] t=36.40s pos_err=0.125m T=22.91N z=5.277 m_est=2.338
[INFO] [1788472396.793546367] [acados_nmpc_node]: [wcmd] raw=[-0.004,-0.111,+0.292] w=[-0.017,-0.094,+0.619] err=[+0.013,-0.017] scaled=[+0.043,-0.173] s=4.71
[INFO] [1788472396.821841637] [acados_nmpc_node]: [attach-window] t=36.46s pos_err=0.169m T=22.92N z=5.276 m_est=2.338
[INFO] [1788472396.865928424] [acados_nmpc_node]: [attach-window] t=36.50s pos_err=0.118m T=22.85N z=5.274 m_est=2.337
[INFO] [1788472396.921739021] [acados_nmpc_node]: [attach-window] t=36.56s pos_err=0.162m T=22.93N z=5.273 m_est=2.337
[INFO] [1788472396.966635524] [acados_nmpc_node]: [attach-window] t=36.60s pos_err=0.125m T=22.79N z=5.271 m_est=2.337
[INFO] [1788472396.993469761] [acados_nmpc_node]: [wcmd] raw=[+0.005,-0.152,+0.190] w=[-0.004,-0.124,+0.440] err=[+0.009,-0.028] scaled=[+0.038,-0.254] s=4.71
[INFO] [1788472397.021823537] [acados_nmpc_node]: [attach-window] t=36.66s pos_err=0.173m T=22.81N z=5.270 m_est=2.337
[INFO] [1788472397.066648119] [acados_nmpc_node]: [attach-window] t=36.70s pos_err=0.134m T=22.76N z=5.268 m_est=2.337
[INFO] [1788472397.121954168] [acados_nmpc_node]: [attach-window] t=36.76s pos_err=0.167m T=22.78N z=5.266 m_est=2.337
[INFO] [1788472397.166335495] [acados_nmpc_node]: [attach-window] t=36.80s pos_err=0.128m T=22.80N z=5.264 m_est=2.336
[INFO] [1788472397.193549744] [acados_nmpc_node]: [wcmd] raw=[+0.013,-0.161,+0.153] w=[+0.014,+0.019,+0.378] err=[-0.001,-0.180] scaled=[+0.009,-0.831] s=4.72
[INFO] [1788472397.222180316] [acados_nmpc_node]: [attach-window] t=36.86s pos_err=0.178m T=22.92N z=5.262 m_est=2.336
[INFO] [1788472397.266173324] [acados_nmpc_node]: [attach-window] t=36.90s pos_err=0.136m T=22.82N z=5.259 m_est=2.335
[INFO] [1788472397.322509064] [acados_nmpc_node]: [attach-window] t=36.96s pos_err=0.171m T=22.84N z=5.257 m_est=2.335
[INFO] [1788472397.366217848] [acados_nmpc_node]: [attach-window] t=37.00s pos_err=0.129m T=22.77N z=5.255 m_est=2.334
[INFO] [1788472397.393537272] [acados_nmpc_node]: [wcmd] raw=[+0.010,-0.148,+0.152] w=[+0.003,-0.119,+0.207] err=[+0.007,-0.029] scaled=[+0.036,-0.257] s=4.72
[INFO] [1788472397.421741676] [acados_nmpc_node]: [attach-window] t=37.06s pos_err=0.181m T=22.84N z=5.253 m_est=2.334
[INFO] [1788472397.466708268] [acados_nmpc_node]: [attach-window] t=37.10s pos_err=0.138m T=22.86N z=5.250 m_est=2.333
[INFO] [1788472397.521723722] [acados_nmpc_node]: [attach-window] t=37.16s pos_err=0.173m T=22.96N z=5.248 m_est=2.333
[INFO] [1788472397.566579070] [acados_nmpc_node]: [attach-window] t=37.20s pos_err=0.130m T=22.93N z=5.244 m_est=2.331
[INFO] [1788472397.593576038] [acados_nmpc_node]: [wcmd] raw=[+0.004,-0.184,+0.180] w=[-0.002,-0.071,+0.182] err=[+0.006,-0.113] scaled=[+0.026,-0.604] s=4.72
[INFO] [1788472397.623155934] [acados_nmpc_node]: [attach-window] t=37.26s pos_err=0.186m T=23.05N z=5.242 m_est=2.331
[INFO] [1788472397.666620992] [acados_nmpc_node]: [attach-window] t=37.30s pos_err=0.140m T=22.98N z=5.238 m_est=2.329
[INFO] [1788472397.719287954] [acados_nmpc_node]: [attach-window] t=37.35s pos_err=0.172m T=22.96N z=5.236 m_est=2.329
[INFO] [1788472397.765574065] [acados_nmpc_node]: [attach-window] t=37.40s pos_err=0.132m T=22.94N z=5.233 m_est=2.328
[INFO] [1788472397.793323121] [acados_nmpc_node]: [wcmd] raw=[+0.008,-0.161,+0.227] w=[-0.011,-0.023,+0.201] err=[+0.018,-0.138] scaled=[+0.076,-0.672] s=4.71
[INFO] [1788472397.821482334] [acados_nmpc_node]: [attach-window] t=37.45s pos_err=0.114m T=22.95N z=5.230 m_est=2.328
[INFO] [1788472397.866312402] [acados_nmpc_node]: [attach-window] t=37.50s pos_err=0.144m T=22.98N z=5.229 m_est=2.327
[INFO] [1788472397.921405049] [acados_nmpc_node]: [attach-window] t=37.55s pos_err=0.181m T=22.92N z=5.227 m_est=2.327
[INFO] [1788472397.966667600] [acados_nmpc_node]: [attach-window] t=37.60s pos_err=0.139m T=22.30N z=5.225 m_est=2.327
[INFO] [1788472397.993321453] [acados_nmpc_node]: [wcmd] raw=[-0.009,-0.148,+0.278] w=[+0.016,-0.252,+0.122] err=[-0.025,+0.104] scaled=[-0.103,+0.237] s=4.69
[INFO] [1788472398.021576692] [acados_nmpc_node]: [attach-window] t=37.65s pos_err=0.198m T=21.77N z=5.224 m_est=2.327
[INFO] [1788472398.066291528] [acados_nmpc_node]: [attach-window] t=37.70s pos_err=0.153m T=22.86N z=5.223 m_est=2.326
[INFO] [1788472398.121742498] [acados_nmpc_node]: [attach-window] t=37.76s pos_err=0.193m T=23.01N z=5.222 m_est=2.326
[INFO] [1788472398.166466993] [acados_nmpc_node]: [attach-window] t=37.80s pos_err=0.149m T=23.15N z=5.219 m_est=2.324
[INFO] [1788472398.193380170] [acados_nmpc_node]: [wcmd] raw=[+0.017,-0.010,+0.297] w=[-0.038,+0.037,+0.298] err=[+0.055,-0.048] scaled=[+0.220,-0.185] s=4.67
[INFO] [1788472398.221523117] [acados_nmpc_node]: [attach-window] t=37.85s pos_err=0.210m T=23.16N z=5.218 m_est=2.324
[INFO] [1788472398.266347530] [acados_nmpc_node]: [attach-window] t=37.90s pos_err=0.165m T=23.21N z=5.217 m_est=2.324
[INFO] [1788472398.321405966] [acados_nmpc_node]: [attach-window] t=37.95s pos_err=0.207m T=23.24N z=5.216 m_est=2.324
[INFO] [1788472398.366457110] [acados_nmpc_node]: [attach-window] t=38.00s pos_err=0.161m T=23.04N z=5.215 m_est=2.323
[INFO] [1788472398.393355505] [acados_nmpc_node]: [wcmd] raw=[-0.019,-0.221,+0.275] w=[+0.011,-0.114,+0.220] err=[-0.030,-0.107] scaled=[-0.127,-0.611] s=4.66
[INFO] [1788472398.421813465] [acados_nmpc_node]: [attach-window] t=38.06s pos_err=0.223m T=23.06N z=5.215 m_est=2.323
[INFO] [1788472398.466406995] [acados_nmpc_node]: [attach-window] t=38.10s pos_err=0.176m T=22.84N z=5.215 m_est=2.322
[INFO] [1788472398.521510860] [acados_nmpc_node]: [attach-window] t=38.15s pos_err=0.217m T=22.67N z=5.216 m_est=2.322
[INFO] [1788472398.593079075] [acados_nmpc_node]: [attach-window] t=38.20s pos_err=0.169m T=22.81N z=5.218 m_est=2.322
[INFO] [1788472398.655688708] [acados_nmpc_node]: [attach-window] t=38.25s pos_err=0.208m T=22.89N z=5.219 m_est=2.322
[INFO] [1788472398.656004315] [acados_nmpc_node]: [wcmd] raw=[-0.037,-0.117,+0.351] w=[-0.067,-0.012,+0.302] err=[+0.030,-0.105] scaled=[+0.071,-0.501] s=4.65
[INFO] [1788472398.687463969] [acados_nmpc_node]: [attach-window] t=38.30s pos_err=0.159m T=22.89N z=5.220 m_est=2.322
[INFO] [1788472398.718878163] [acados_nmpc_node]: [attach-window] t=38.35s pos_err=0.214m T=23.00N z=5.221 m_est=2.322
[INFO] [1788472398.766329529] [acados_nmpc_node]: [attach-window] t=38.40s pos_err=0.169m T=22.90N z=5.222 m_est=2.321
[INFO] [1788472398.821312147] [acados_nmpc_node]: [attach-window] t=38.45s pos_err=0.228m T=22.71N z=5.223 m_est=2.321
[INFO] [1788472398.853459109] [acados_nmpc_node]: [wcmd] raw=[-0.036,-0.068,+0.395] w=[+0.001,-0.034,+0.365] err=[-0.036,-0.034] scaled=[-0.167,-0.190] s=4.63
[INFO] [1788472398.866316705] [acados_nmpc_node]: [attach-window] t=38.50s pos_err=0.178m T=22.99N z=5.224 m_est=2.321
[INFO] [1788472398.921487734] [acados_nmpc_node]: [attach-window] t=38.56s pos_err=0.215m T=23.06N z=5.225 m_est=2.321
[INFO] [1788472398.966161697] [acados_nmpc_node]: [attach-window] t=38.60s pos_err=0.164m T=23.12N z=5.226 m_est=2.320
[INFO] [1788472399.021593980] [acados_nmpc_node]: [attach-window] t=38.66s pos_err=0.141m T=23.16N z=5.227 m_est=2.320
[INFO] [1788472399.053326192] [acados_nmpc_node]: [wcmd] raw=[+0.013,-0.231,+0.385] w=[-0.021,-0.159,+0.325] err=[+0.034,-0.071] scaled=[+0.136,-0.488] s=4.60
[INFO] [1788472399.066146292] [acados_nmpc_node]: [attach-window] t=38.70s pos_err=0.170m T=23.20N z=5.227 m_est=2.320
[INFO] [1788472399.122020777] [acados_nmpc_node]: [attach-window] t=38.76s pos_err=0.130m T=23.18N z=5.228 m_est=2.320
[INFO] [1788472399.166329813] [acados_nmpc_node]: [attach-window] t=38.80s pos_err=0.158m T=23.15N z=5.228 m_est=2.320
[INFO] [1788472399.222094576] [acados_nmpc_node]: [attach-window] t=38.86s pos_err=0.212m T=23.09N z=5.229 m_est=2.320
[INFO] [1788472399.253435038] [acados_nmpc_node]: [wcmd] raw=[-0.074,+0.047,+0.482] w=[+0.000,+0.010,+0.455] err=[-0.074,+0.037] scaled=[-0.341,+0.179] s=4.59
[INFO] [1788472399.266320947] [acados_nmpc_node]: [attach-window] t=38.90s pos_err=0.148m T=23.30N z=5.230 m_est=2.320
[INFO] [1788472399.319210342] [acados_nmpc_node]: [attach-window] t=38.95s pos_err=0.126m T=23.32N z=5.232 m_est=2.320
[INFO] [1788472399.366412562] [acados_nmpc_node]: [attach-window] t=39.00s pos_err=0.155m T=23.32N z=5.233 m_est=2.322
[INFO] [1788472399.421745086] [acados_nmpc_node]: [attach-window] t=39.05s pos_err=0.206m T=23.28N z=5.235 m_est=2.322
[INFO] [1788472399.453436927] [acados_nmpc_node]: [wcmd] raw=[-0.084,-0.005,+0.523] w=[-0.026,-0.294,+0.318] err=[-0.058,+0.289] scaled=[-0.293,+1.029] s=4.57
[INFO] [1788472399.466361776] [acados_nmpc_node]: [attach-window] t=39.10s pos_err=0.165m T=22.96N z=5.238 m_est=2.322
[INFO] [1788472399.521909869] [acados_nmpc_node]: [attach-window] t=39.16s pos_err=0.199m T=22.79N z=5.241 m_est=2.322
[INFO] [1788472399.566567911] [acados_nmpc_node]: [attach-window] t=39.20s pos_err=0.161m T=23.13N z=5.246 m_est=2.323
[INFO] [1788472399.622465945] [acados_nmpc_node]: [attach-window] t=39.26s pos_err=0.210m T=23.16N z=5.248 m_est=2.323
[INFO] [1788472399.653386964] [acados_nmpc_node]: [wcmd] raw=[-0.057,+0.059,+0.625] w=[-0.051,+0.061,+0.536] err=[-0.006,-0.001] scaled=[-0.077,+0.054] s=4.57
[INFO] [1788472399.666438400] [acados_nmpc_node]: [attach-window] t=39.30s pos_err=0.172m T=23.18N z=5.253 m_est=2.325
[INFO] [1788472399.722467031] [acados_nmpc_node]: [attach-window] t=39.36s pos_err=0.204m T=23.21N z=5.257 m_est=2.325
[INFO] [1788472399.766515378] [acados_nmpc_node]: [attach-window] t=39.40s pos_err=0.169m T=23.16N z=5.263 m_est=2.327
[INFO] [1788472399.822347579] [acados_nmpc_node]: [attach-window] t=39.46s pos_err=0.214m T=23.20N z=5.266 m_est=2.327
[INFO] [1788472399.853446985] [acados_nmpc_node]: [wcmd] raw=[-0.055,-0.020,+0.712] w=[+0.002,-0.084,+0.514] err=[-0.058,+0.064] scaled=[-0.261,+0.209] s=4.56
[INFO] [1788472399.866801207] [acados_nmpc_node]: [attach-window] t=39.50s pos_err=0.180m T=23.17N z=5.273 m_est=2.327
[INFO] [1788472399.922106341] [acados_nmpc_node]: [attach-window] t=39.56s pos_err=0.207m T=23.20N z=5.277 m_est=2.327
[INFO] [1788472399.966598567] [acados_nmpc_node]: [attach-window] t=39.60s pos_err=0.174m T=23.21N z=5.284 m_est=2.330
[INFO] [1788472400.022361217] [acados_nmpc_node]: [attach-window] t=39.66s pos_err=0.213m T=23.30N z=5.287 m_est=2.330
[INFO] [1788472400.053365675] [acados_nmpc_node]: [wcmd] raw=[-0.099,-0.070,+0.847] w=[-0.059,-0.105,+0.583] err=[-0.040,+0.035] scaled=[-0.244,+0.055] s=4.58
[INFO] [1788472400.066524453] [acados_nmpc_node]: [attach-window] t=39.70s pos_err=0.179m T=23.24N z=5.294 m_est=2.331
[INFO] [1788472400.122209855] [acados_nmpc_node]: [attach-window] t=39.76s pos_err=0.202m T=23.26N z=5.299 m_est=2.331
[INFO] [1788472400.166481830] [acados_nmpc_node]: [attach-window] t=39.80s pos_err=0.169m T=23.21N z=5.306 m_est=2.331
[INFO] [1788472400.222296515] [acados_nmpc_node]: [attach-window] t=39.86s pos_err=0.202m T=23.30N z=5.310 m_est=2.331
[INFO] [1788472400.253370613] [acados_nmpc_node]: [wcmd] raw=[-0.089,-0.044,+0.991] w=[-0.064,-0.066,+0.729] err=[-0.025,+0.021] scaled=[-0.179,+0.033] s=4.61
[INFO] [1788472400.266536273] [acados_nmpc_node]: [attach-window] t=39.90s pos_err=0.169m T=23.26N z=5.318 m_est=2.331
[INFO] [1788472400.322068102] [acados_nmpc_node]: [attach-window] t=39.96s pos_err=0.186m T=23.32N z=5.323 m_est=2.331
[INFO] [1788472400.366406408] [acados_nmpc_node]: [attach-window] t=40.00s pos_err=0.156m T=23.23N z=5.331 m_est=2.331
[INFO] [1788472400.422014476] [acados_nmpc_node]: [attach-window] t=40.06s pos_err=0.182m T=23.33N z=5.336 m_est=2.331
[INFO] [1788472400.453403102] [acados_nmpc_node]: [wcmd] raw=[-0.097,-0.048,+1.086] w=[-0.049,-0.129,+0.827] err=[-0.048,+0.081] scaled=[-0.270,+0.247] s=4.62
[INFO] [1788472400.466434257] [acados_nmpc_node]: [attach-window] t=40.10s pos_err=0.152m T=23.26N z=5.345 m_est=2.331
[INFO] [1788472400.522082876] [acados_nmpc_node]: [attach-window] t=40.16s pos_err=0.165m T=23.30N z=5.350 m_est=2.331
[INFO] [1788472400.566630033] [acados_nmpc_node]: [attach-window] t=40.20s pos_err=0.139m T=23.26N z=5.359 m_est=2.331
[INFO] [1788472400.619525483] [acados_nmpc_node]: [attach-window] t=40.25s pos_err=0.157m T=23.39N z=5.363 m_est=2.331
[INFO] [1788472400.653363777] [acados_nmpc_node]: [wcmd] raw=[-0.063,-0.015,+1.101] w=[-0.048,-0.020,+0.997] err=[-0.014,+0.006] scaled=[-0.114,+0.007] s=4.64
[INFO] [1788472400.665617142] [acados_nmpc_node]: [attach-window] t=40.30s pos_err=0.134m T=23.29N z=5.372 m_est=2.331
[INFO] [1788472400.721930064] [acados_nmpc_node]: [attach-window] t=40.36s pos_err=0.145m T=23.38N z=5.377 m_est=2.331
[INFO] [1788472400.766435900] [acados_nmpc_node]: [attach-window] t=40.40s pos_err=0.126m T=23.27N z=5.386 m_est=2.330
[INFO] [1788472400.821683991] [acados_nmpc_node]: [attach-window] t=40.46s pos_err=0.142m T=23.39N z=5.391 m_est=2.330
[INFO] [1788472400.853459807] [acados_nmpc_node]: [wcmd] raw=[-0.038,+0.039,+1.015] w=[+0.002,-0.056,+1.043] err=[-0.040,+0.096] scaled=[-0.186,+0.387] s=4.65
[INFO] [1788472400.866394211] [acados_nmpc_node]: [attach-window] t=40.50s pos_err=0.122m T=23.27N z=5.401 m_est=2.330
[INFO] [1788472400.921843106] [acados_nmpc_node]: [attach-window] t=40.56s pos_err=0.133m T=23.41N z=5.405 m_est=2.330
[INFO] [1788472400.922342325] [acados_nmpc_node]: t=40.6s | pos_err=0.133m | T=23.41N | tau=[r-0.343 p0.366 y-0.041]Nm | res_stat=2.819e-07(peak 9.958e-07) sqp_iter=5 | solve=2.5ms
[INFO] [1788472400.922546287] [acados_nmpc_node]: [flight-diag] t=40.6s | om_scale=4.646(lo 4.558 hi 4.719) | tilt_max=10.19deg | w_max=[r0.082 p0.306 y1.063]rad/s | u_frac=[T0.578 r0.848 p1.000 y0.797] | u_sat=[T0.0 r0.0 p22.0 y0.0]% | mot_peak=1.000 mot_sat=1.6% | health=na age=na conf=na | n=100
[INFO] [1788472400.966408752] [acados_nmpc_node]: [attach-window] t=40.60s pos_err=0.122m T=23.29N z=5.414 m_est=2.331
[INFO] [1788472401.021858150] [acados_nmpc_node]: [attach-window] t=40.66s pos_err=0.132m T=23.44N z=5.418 m_est=2.331
[INFO] [1788472401.053431816] [acados_nmpc_node]: [wcmd] raw=[-0.024,+0.043,+0.838] w=[+0.035,-0.055,+1.018] err=[-0.059,+0.098] scaled=[-0.241,+0.401] s=4.65
[INFO] [1788472401.066381038] [acados_nmpc_node]: [attach-window] t=40.70s pos_err=0.122m T=23.30N z=5.428 m_est=2.331
[INFO] [1788472401.121832096] [acados_nmpc_node]: [attach-window] t=40.76s pos_err=0.126m T=23.35N z=5.434 m_est=2.331
[INFO] [1788472401.166480940] [acados_nmpc_node]: [attach-window] t=40.80s pos_err=0.121m T=23.21N z=5.444 m_est=2.332
[INFO] [1788472401.221706661] [acados_nmpc_node]: [attach-window] t=40.86s pos_err=0.124m T=23.37N z=5.449 m_est=2.332
[INFO] [1788472401.253481428] [acados_nmpc_node]: [wcmd] raw=[-0.036,+0.056,+0.616] w=[+0.004,-0.033,+0.909] err=[-0.040,+0.089] scaled=[-0.183,+0.383] s=4.65
[INFO] [1788472401.266418982] [acados_nmpc_node]: [attach-window] t=40.90s pos_err=0.121m T=23.16N z=5.461 m_est=2.333
[INFO] [1788472401.321745538] [acados_nmpc_node]: [attach-window] t=40.96s pos_err=0.116m T=23.31N z=5.467 m_est=2.333
[INFO] [1788472401.366367297] [acados_nmpc_node]: [attach-window] t=41.00s pos_err=0.115m T=23.10N z=5.478 m_est=2.334
[INFO] [1788472401.422039806] [acados_nmpc_node]: [attach-window] t=41.06s pos_err=0.109m T=23.17N z=5.485 m_est=2.334
[INFO] [1788472401.453415060] [acados_nmpc_node]: [wcmd] raw=[-0.040,+0.037,+0.393] w=[-0.006,-0.037,+0.732] err=[-0.034,+0.074] scaled=[-0.163,+0.306] s=4.66
[INFO] [1788472401.466410935] [acados_nmpc_node]: [attach-window] t=41.10s pos_err=0.108m T=23.09N z=5.495 m_est=2.336
[INFO] [1788472401.522100278] [acados_nmpc_node]: [attach-window] t=41.16s pos_err=0.101m T=23.20N z=5.503 m_est=2.336
[INFO] [1788472401.566411586] [acados_nmpc_node]: [attach-window] t=41.20s pos_err=0.104m T=23.10N z=5.515 m_est=2.338
[INFO] [1788472401.622135742] [acados_nmpc_node]: [attach-window] t=41.26s pos_err=0.092m T=23.23N z=5.523 m_est=2.338
[INFO] [1788472401.653411397] [acados_nmpc_node]: [wcmd] raw=[-0.045,+0.029,+0.219] w=[-0.031,-0.018,+0.533] err=[-0.014,+0.047] scaled=[-0.096,+0.202] s=4.68
[INFO] [1788472401.666417078] [acados_nmpc_node]: [attach-window] t=41.30s pos_err=0.092m T=23.11N z=5.533 m_est=2.339
[INFO] [1788472401.718662297] [acados_nmpc_node]: [dJ_online] m_est=2.339 m_p=0.275 ratchet=0.410 floor=0.050 -> m_p_model=0.275(track) dJ=0.0536 | gain_base=0.403 c_xy=[-1.50,-1.49]cm
[INFO] [1788472401.722281157] [acados_nmpc_node]: [attach-window] t=41.36s pos_err=0.082m T=23.19N z=5.541 m_est=2.339
[INFO] [1788472401.766484156] [acados_nmpc_node]: [attach-window] t=41.40s pos_err=0.087m T=22.99N z=5.555 m_est=2.339
[INFO] [1788472401.821919344] [acados_nmpc_node]: [attach-window] t=41.46s pos_err=0.076m T=23.08N z=5.562 m_est=2.339
[INFO] [1788472401.853512339] [acados_nmpc_node]: [wcmd] raw=[-0.018,+0.113,+0.111] w=[-0.003,+0.029,+0.367] err=[-0.015,+0.083] scaled=[-0.073,+0.421] s=4.70
[INFO] [1788472401.866636914] [acados_nmpc_node]: [attach-window] t=41.50s pos_err=0.073m T=22.96N z=5.576 m_est=2.339
[INFO] [1788472401.919520873] [acados_nmpc_node]: [attach-window] t=41.55s pos_err=0.098m T=22.68N z=5.592 m_est=2.339
[INFO] [1788472401.966091310] [acados_nmpc_node]: [attach-window] t=41.60s pos_err=0.068m T=22.81N z=5.600 m_est=2.339
[INFO] [1788472402.021890264] [acados_nmpc_node]: [attach-window] t=41.66s pos_err=0.062m T=22.86N z=5.607 m_est=2.339
[INFO] [1788472402.053422337] [acados_nmpc_node]: [wcmd] raw=[-0.006,+0.086,+0.048] w=[-0.002,-0.399,+0.006] err=[-0.004,+0.485] scaled=[-0.020,+1.890] s=4.72
[INFO] [1788472402.067517271] [acados_nmpc_node]: [attach-window] t=41.70s pos_err=0.053m T=20.25N z=5.623 m_est=2.332
[INFO] [1788472402.122752427] [acados_nmpc_node]: [attach-window] t=41.76s pos_err=0.054m T=19.96N z=5.633 m_est=2.332
[INFO] [1788472402.166568677] [acados_nmpc_node]: [attach-window] t=41.80s pos_err=0.048m T=22.92N z=5.648 m_est=2.328
[INFO] [1788472402.221986734] [acados_nmpc_node]: [attach-window] t=41.86s pos_err=0.062m T=23.26N z=5.654 m_est=2.328
[INFO] [1788472402.253428697] [acados_nmpc_node]: [wcmd] raw=[+0.023,+0.310,+0.079] w=[+0.021,+0.069,+0.171] err=[+0.002,+0.241] scaled=[+0.032,+1.204] s=4.71
[INFO] [1788472402.266408872] [acados_nmpc_node]: [attach-window] t=41.90s pos_err=0.034m T=23.57N z=5.663 m_est=2.322
[INFO] [1788472402.321660366] [acados_nmpc_node]: [attach-window] t=41.96s pos_err=0.058m T=23.63N z=5.669 m_est=2.322
[INFO] [1788472402.365900184] [acados_nmpc_node]: [attach-window] t=42.00s pos_err=0.027m T=23.49N z=5.679 m_est=2.320
[WARN] [1788472402.393395250] [acados_nmpc_node]: [omega_scale] body-rate headroom limited scale 4.68->4.44 (guard ±1.90, hard ±2.00rad/s)
[INFO] [1788472402.421500096] [acados_nmpc_node]: [attach-window] t=42.06s pos_err=0.077m T=23.72N z=5.685 m_est=2.320
[INFO] [1788472402.453367653] [acados_nmpc_node]: [wcmd] raw=[+0.017,+0.011,+0.042] w=[+0.037,-0.012,+0.025] err=[-0.020,+0.023] scaled=[-0.055,+0.094] s=4.67
[INFO] [1788472402.465813299] [acados_nmpc_node]: [attach-window] t=42.10s pos_err=0.025m T=23.67N z=5.697 m_est=2.319
[INFO] [1788472402.521432317] [acados_nmpc_node]: [attach-window] t=42.16s pos_err=0.073m T=23.82N z=5.704 m_est=2.319
[INFO] [1788472402.566125068] [acados_nmpc_node]: [attach-window] t=42.20s pos_err=0.020m T=23.17N z=5.717 m_est=2.319
[INFO] [1788472402.622053152] [acados_nmpc_node]: [attach-window] t=42.26s pos_err=0.097m T=22.95N z=5.724 m_est=2.319
[INFO] [1788472402.653353573] [acados_nmpc_node]: [wcmd] raw=[+0.032,-0.048,+0.082] w=[+0.025,-0.020,+0.023] err=[+0.007,-0.027] scaled=[+0.058,-0.147] s=4.63
[INFO] [1788472402.665727590] [acados_nmpc_node]: [attach-window] t=42.30s pos_err=0.013m T=22.70N z=5.742 m_est=2.320
[INFO] [1788472402.721241738] [acados_nmpc_node]: [attach-window] t=42.36s pos_err=0.092m T=22.94N z=5.751 m_est=2.320
[INFO] [1788472402.765685467] [acados_nmpc_node]: [attach-window] t=42.40s pos_err=0.028m T=22.58N z=5.768 m_est=2.321
[INFO] [1788472402.821814435] [acados_nmpc_node]: [attach-window] t=42.46s pos_err=0.112m T=22.69N z=5.776 m_est=2.321
[INFO] [1788472402.853397865] [acados_nmpc_node]: [wcmd] raw=[+0.040,+0.063,+0.123] w=[+0.057,-0.099,+0.030] err=[-0.017,+0.163] scaled=[-0.022,+0.649] s=4.60
[INFO] [1788472402.865634625] [acados_nmpc_node]: [attach-window] t=42.50s pos_err=0.047m T=22.45N z=5.794 m_est=2.321
[INFO] [1788472402.921539950] [acados_nmpc_node]: [attach-window] t=42.56s pos_err=0.105m T=22.58N z=5.805 m_est=2.321
[INFO] [1788472402.965759282] [acados_nmpc_node]: [attach-window] t=42.60s pos_err=0.040m T=22.33N z=5.822 m_est=2.319
[INFO] [1788472403.021506588] [acados_nmpc_node]: [attach-window] t=42.66s pos_err=0.126m T=22.64N z=5.831 m_est=2.319
[INFO] [1788472403.053390290] [acados_nmpc_node]: [wcmd] raw=[+0.032,-0.027,+0.120] w=[+0.031,-0.166,+0.021] err=[+0.001,+0.139] scaled=[+0.033,+0.469] s=4.58
[INFO] [1788472403.065675830] [acados_nmpc_node]: [attach-window] t=42.70s pos_err=0.058m T=22.28N z=5.848 m_est=2.314
[INFO] [1788472403.122363820] [acados_nmpc_node]: [attach-window] t=42.76s pos_err=0.118m T=22.37N z=5.859 m_est=2.314
[INFO] [1788472403.165053137] [acados_nmpc_node]: [attach-window] t=42.80s pos_err=0.051m T=22.08N z=5.877 m_est=2.309
[INFO] [1788472403.218781946] [acados_nmpc_node]: [attach-window] t=42.85s pos_err=0.031m T=22.00N z=5.894 m_est=2.309
[INFO] [1788472403.253220787] [acados_nmpc_node]: [wcmd] raw=[+0.049,-0.315,+0.098] w=[+0.044,-0.074,+0.104] err=[+0.005,-0.242] scaled=[+0.067,-1.171] s=4.54
[INFO] [1788472403.265038169] [acados_nmpc_node]: [attach-window] t=42.90s pos_err=0.069m T=22.15N z=5.902 m_est=2.301
[INFO] [1788472403.321822932] [acados_nmpc_node]: [attach-window] t=42.96s pos_err=0.127m T=22.31N z=5.912 m_est=2.301
[INFO] [1788472403.372034155] [acados_nmpc_node]: [attach-window] t=43.00s pos_err=0.062m T=21.86N z=5.927 m_est=2.300
[INFO] [1788472403.421612349] [acados_nmpc_node]: [attach-window] t=43.06s pos_err=0.149m T=21.43N z=5.935 m_est=2.300
[INFO] [1788472403.453518096] [acados_nmpc_node]: [wcmd] raw=[+0.043,-0.015,+0.092] w=[+0.047,+0.105,+0.229] err=[-0.004,-0.120] scaled=[+0.031,-0.430] s=4.46
[INFO] [1788472403.465728473] [acados_nmpc_node]: [attach-window] t=43.10s pos_err=0.056m T=22.27N z=5.951 m_est=2.299
[INFO] [1788472403.521496613] [acados_nmpc_node]: [attach-window] t=43.16s pos_err=0.142m T=22.52N z=5.958 m_est=2.299
[INFO] [1788472403.565700552] [acados_nmpc_node]: [attach-window] t=43.20s pos_err=0.075m T=22.60N z=5.971 m_est=2.298
[INFO] [1788472403.621819999] [acados_nmpc_node]: [attach-window] t=43.26s pos_err=0.135m T=22.64N z=5.979 m_est=2.298
[INFO] [1788472403.653364668] [acados_nmpc_node]: [wcmd] raw=[+0.064,+0.098,+0.005] w=[+0.064,+0.085,+0.177] err=[-0.001,+0.013] scaled=[+0.062,+0.144] s=4.41
[INFO] [1788472403.665730138] [acados_nmpc_node]: [attach-window] t=43.30s pos_err=0.098m T=22.66N z=5.990 m_est=2.299
[INFO] [1788472403.721414212] [acados_nmpc_node]: [attach-window] t=43.36s pos_err=0.191m T=22.84N z=5.997 m_est=2.299
[INFO] [1788472403.765909424] [acados_nmpc_node]: [attach-window] t=43.40s pos_err=0.093m T=22.67N z=6.012 m_est=2.301
[INFO] [1788472403.821777194] [acados_nmpc_node]: [attach-window] t=43.46s pos_err=0.186m T=22.83N z=6.018 m_est=2.301
[INFO] [1788472403.853374205] [acados_nmpc_node]: [wcmd] raw=[+0.036,-0.009,-0.084] w=[+0.042,-0.105,-0.011] err=[-0.006,+0.096] scaled=[+0.016,+0.315] s=4.37
[INFO] [1788472403.866062613] [acados_nmpc_node]: [attach-window] t=43.50s pos_err=0.117m T=22.59N z=6.031 m_est=2.305
[INFO] [1788472403.921634956] [acados_nmpc_node]: [attach-window] t=43.56s pos_err=0.210m T=22.66N z=6.038 m_est=2.305
[INFO] [1788472403.965955558] [acados_nmpc_node]: [attach-window] t=43.60s pos_err=0.111m T=22.48N z=6.053 m_est=2.308
[INFO] [1788472404.021493548] [acados_nmpc_node]: [attach-window] t=43.65s pos_err=0.202m T=22.60N z=6.060 m_est=2.308
[INFO] [1788472404.053444185] [acados_nmpc_node]: [wcmd] raw=[+0.040,-0.037,-0.111] w=[+0.021,-0.112,-0.069] err=[+0.019,+0.074] scaled=[+0.105,+0.213] s=4.37
[INFO] [1788472404.066544620] [acados_nmpc_node]: [attach-window] t=43.70s pos_err=0.132m T=22.47N z=6.074 m_est=2.306
[INFO] [1788472404.122164133] [acados_nmpc_node]: [attach-window] t=43.76s pos_err=0.222m T=22.57N z=6.081 m_est=2.306
[INFO] [1788472404.167960489] [acados_nmpc_node]: [attach-window] t=43.80s pos_err=0.120m T=22.48N z=6.095 m_est=2.304
[INFO] [1788472404.222427749] [acados_nmpc_node]: [attach-window] t=43.86s pos_err=0.210m T=22.61N z=6.102 m_est=2.304
[INFO] [1788472404.253493400] [acados_nmpc_node]: [wcmd] raw=[+0.057,-0.063,-0.121] w=[+0.047,-0.158,-0.120] err=[+0.010,+0.094] scaled=[+0.092,+0.255] s=4.37
[INFO] [1788472404.266480262] [acados_nmpc_node]: [attach-window] t=43.90s pos_err=0.137m T=22.52N z=6.114 m_est=2.301
[INFO] [1788472404.322117378] [acados_nmpc_node]: [attach-window] t=43.96s pos_err=0.225m T=22.53N z=6.120 m_est=2.301
[INFO] [1788472404.366534030] [acados_nmpc_node]: [attach-window] t=44.00s pos_err=0.123m T=22.63N z=6.133 m_est=2.301
[INFO] [1788472404.422186767] [acados_nmpc_node]: [attach-window] t=44.06s pos_err=0.210m T=22.71N z=6.139 m_est=2.301
[INFO] [1788472404.453410746] [acados_nmpc_node]: [wcmd] raw=[+0.049,-0.046,-0.126] w=[+0.041,-0.133,-0.121] err=[+0.008,+0.087] scaled=[+0.077,+0.247] s=4.35
[INFO] [1788472404.466924067] [acados_nmpc_node]: [attach-window] t=44.10s pos_err=0.139m T=22.77N z=6.150 m_est=2.301
[INFO] [1788472404.522519768] [acados_nmpc_node]: [attach-window] t=44.16s pos_err=0.224m T=22.65N z=6.155 m_est=2.301
[INFO] [1788472404.576565654] [acados_nmpc_node]: [attach-window] t=44.20s pos_err=0.126m T=22.92N z=6.167 m_est=2.302
[INFO] [1788472404.637811637] [acados_nmpc_node]: [attach-window] t=44.26s pos_err=0.099m T=23.11N z=6.178 m_est=2.302
[INFO] [1788472404.666917731] [acados_nmpc_node]: [attach-window] t=44.30s pos_err=0.141m T=23.04N z=6.183 m_est=2.305
[INFO] [1788472404.673377566] [acados_nmpc_node]: [wcmd] raw=[+0.022,-0.120,-0.139] w=[+0.034,-0.130,-0.134] err=[-0.011,+0.010] scaled=[-0.015,-0.088] s=4.33
[INFO] [1788472404.736925203] [acados_nmpc_node]: [attach-window] t=44.35s pos_err=0.219m T=21.98N z=6.188 m_est=2.305
[INFO] [1788472404.772382934] [acados_nmpc_node]: [attach-window] t=44.40s pos_err=0.131m T=19.50N z=6.201 m_est=2.304
[INFO] [1788472404.819516826] [acados_nmpc_node]: [attach-window] t=44.45s pos_err=0.104m T=22.66N z=6.212 m_est=2.304
[INFO] [1788472404.865965237] [acados_nmpc_node]: [attach-window] t=44.50s pos_err=0.149m T=22.93N z=6.216 m_est=2.300
[INFO] [1788472404.893475956] [acados_nmpc_node]: [wcmd] raw=[+0.059,-0.007,-0.154] w=[+0.055,-0.054,-0.088] err=[+0.004,+0.047] scaled=[+0.073,+0.150] s=4.32
[INFO] [1788472404.922505454] [acados_nmpc_node]: [attach-window] t=44.56s pos_err=0.227m T=21.86N z=6.220 m_est=2.300
[INFO] [1788472404.966950857] [acados_nmpc_node]: [attach-window] t=44.60s pos_err=0.144m T=23.54N z=6.228 m_est=2.297
[INFO] [1788472405.022960211] [acados_nmpc_node]: [attach-window] t=44.66s pos_err=0.221m T=23.02N z=6.232 m_est=2.297
[INFO] [1788472405.066930648] [acados_nmpc_node]: [attach-window] t=44.70s pos_err=0.166m T=24.06N z=6.237 m_est=2.294
[INFO] [1788472405.093434889] [acados_nmpc_node]: [wcmd] raw=[+0.046,+0.126,-0.234] w=[+0.090,+0.110,-0.044] err=[-0.044,+0.016] scaled=[-0.099,+0.178] s=4.31
[INFO] [1788472405.122770071] [acados_nmpc_node]: [attach-window] t=44.76s pos_err=0.218m T=23.99N z=6.241 m_est=2.294
[INFO] [1788472405.166654645] [acados_nmpc_node]: [attach-window] t=44.80s pos_err=0.166m T=24.13N z=6.248 m_est=2.292
[INFO] [1788472405.222489496] [acados_nmpc_node]: [attach-window] t=44.86s pos_err=0.239m T=24.07N z=6.251 m_est=2.292
[INFO] [1788472405.266847188] [acados_nmpc_node]: [attach-window] t=44.90s pos_err=0.187m T=23.81N z=6.261 m_est=2.291
[INFO] [1788472405.293483896] [acados_nmpc_node]: [wcmd] raw=[+0.019,-0.094,-0.344] w=[+0.045,+0.091,-0.174] err=[-0.026,-0.185] scaled=[-0.067,-0.699] s=4.28
[INFO] [1788472405.322497398] [acados_nmpc_node]: [attach-window] t=44.96s pos_err=0.258m T=23.69N z=6.266 m_est=2.291
[INFO] [1788472405.366324531] [acados_nmpc_node]: [attach-window] t=45.00s pos_err=0.183m T=23.29N z=6.281 m_est=2.297
[INFO] [1788472405.422238357] [acados_nmpc_node]: [attach-window] t=45.06s pos_err=0.250m T=23.20N z=6.288 m_est=2.297
[INFO] [1788472405.466657995] [acados_nmpc_node]: [attach-window] t=45.10s pos_err=0.196m T=22.91N z=6.304 m_est=2.304
[INFO] [1788472405.493388031] [acados_nmpc_node]: [wcmd] raw=[+0.032,-0.182,-0.397] w=[+0.044,-0.159,-0.397] err=[-0.011,-0.024] scaled=[-0.005,-0.260] s=4.27
[INFO] [1788472405.522273271] [acados_nmpc_node]: [attach-window] t=45.16s pos_err=0.261m T=22.85N z=6.313 m_est=2.304
[INFO] [1788472405.566231509] [acados_nmpc_node]: [attach-window] t=45.20s pos_err=0.185m T=22.72N z=6.333 m_est=2.311
[INFO] [1788472405.622108300] [acados_nmpc_node]: [attach-window] t=45.26s pos_err=0.246m T=22.75N z=6.341 m_est=2.311
[INFO] [1788472405.666398344] [acados_nmpc_node]: [attach-window] t=45.30s pos_err=0.191m T=22.71N z=6.359 m_est=2.319
[INFO] [1788472405.693417434] [acados_nmpc_node]: [wcmd] raw=[+0.020,-0.189,-0.425] w=[+0.053,-0.121,-0.417] err=[-0.033,-0.068] scaled=[-0.088,-0.416] s=4.32
[INFO] [1788472405.722267658] [acados_nmpc_node]: [attach-window] t=45.36s pos_err=0.250m T=22.77N z=6.367 m_est=2.319
[INFO] [1788472405.766247805] [acados_nmpc_node]: [attach-window] t=45.40s pos_err=0.177m T=22.74N z=6.386 m_est=2.324
[INFO] [1788472405.822083942] [acados_nmpc_node]: [attach-window] t=45.46s pos_err=0.230m T=22.80N z=6.394 m_est=2.324
[INFO] [1788472405.866685581] [acados_nmpc_node]: [attach-window] t=45.50s pos_err=0.180m T=22.81N z=6.409 m_est=2.329
[INFO] [1788472405.893397299] [acados_nmpc_node]: [wcmd] raw=[+0.012,-0.144,-0.484] w=[+0.037,-0.126,-0.454] err=[-0.025,-0.017] scaled=[-0.071,-0.203] s=4.40
[INFO] [1788472405.922544936] [acados_nmpc_node]: [attach-window] t=45.56s pos_err=0.231m T=22.87N z=6.417 m_est=2.329
[INFO] [1788472405.923036059] [acados_nmpc_node]: t=45.6s | pos_err=0.231m | T=22.87N | tau=[r-0.281 p0.452 y-0.031]Nm | res_stat=3.903e-07(peak 9.958e-07) sqp_iter=6 | solve=3.0ms
[INFO] [1788472405.923243311] [acados_nmpc_node]: [flight-diag] t=45.6s | om_scale=4.397(lo 4.260 hi 4.727) | tilt_max=10.81deg | w_max=[r0.090 p0.399 y1.079]rad/s | u_frac=[T0.596 r0.787 p1.000 y0.820] | u_sat=[T0.0 r0.0 p32.0 y0.0]% | mot_peak=1.000 mot_sat=3.1% | health=na age=na conf=na | n=100
[INFO] [1788472405.966258057] [acados_nmpc_node]: [attach-window] t=45.60s pos_err=0.164m T=22.88N z=6.433 m_est=2.332
[INFO] [1788472406.021927594] [acados_nmpc_node]: [attach-window] t=45.66s pos_err=0.210m T=22.96N z=6.440 m_est=2.332
[INFO] [1788472406.066272948] [acados_nmpc_node]: [attach-window] t=45.70s pos_err=0.166m T=22.93N z=6.453 m_est=2.332
[INFO] [1788472406.093405306] [acados_nmpc_node]: [wcmd] raw=[+0.002,-0.123,-0.588] w=[+0.028,-0.079,-0.479] err=[-0.027,-0.044] scaled=[-0.091,-0.277] s=4.48
[INFO] [1788472406.121939169] [acados_nmpc_node]: [attach-window] t=45.76s pos_err=0.209m T=22.99N z=6.460 m_est=2.332
[INFO] [1788472406.166320316] [acados_nmpc_node]: [attach-window] t=45.80s pos_err=0.153m T=22.95N z=6.474 m_est=2.331
[INFO] [1788472406.221954564] [acados_nmpc_node]: [attach-window] t=45.86s pos_err=0.190m T=23.01N z=6.480 m_est=2.331
[INFO] [1788472406.266218750] [acados_nmpc_node]: [attach-window] t=45.90s pos_err=0.154m T=22.97N z=6.492 m_est=2.330
[INFO] [1788472406.293411590] [acados_nmpc_node]: [wcmd] raw=[-0.014,-0.077,-0.721] w=[+0.020,-0.038,-0.545] err=[-0.034,-0.038] scaled=[-0.135,-0.212] s=4.53
[INFO] [1788472406.319436070] [acados_nmpc_node]: [attach-window] t=45.95s pos_err=0.186m T=23.03N z=6.497 m_est=2.330
[INFO] [1788472406.365430347] [acados_nmpc_node]: [attach-window] t=46.00s pos_err=0.143m T=22.98N z=6.510 m_est=2.329
[INFO] [1788472406.418870426] [acados_nmpc_node]: [attach-window] t=46.05s pos_err=0.170m T=23.06N z=6.516 m_est=2.329
[INFO] [1788472406.466216811] [acados_nmpc_node]: [attach-window] t=46.10s pos_err=0.142m T=23.01N z=6.527 m_est=2.329
[INFO] [1788472406.493390059] [acados_nmpc_node]: [wcmd] raw=[-0.005,-0.063,-0.866] w=[+0.007,-0.041,-0.672] err=[-0.012,-0.022] scaled=[-0.046,-0.139] s=4.57
[INFO] [1788472406.521708358] [acados_nmpc_node]: [attach-window] t=46.16s pos_err=0.169m T=23.08N z=6.532 m_est=2.329
[INFO] [1788472406.566398770] [acados_nmpc_node]: [attach-window] t=46.20s pos_err=0.132m T=23.05N z=6.543 m_est=2.330
[INFO] [1788472406.621920839] [acados_nmpc_node]: [attach-window] t=46.26s pos_err=0.154m T=23.13N z=6.548 m_est=2.330
[INFO] [1788472406.666486621] [acados_nmpc_node]: [attach-window] t=46.30s pos_err=0.123m T=23.06N z=6.558 m_est=2.331
[INFO] [1788472406.693387446] [acados_nmpc_node]: [wcmd] raw=[-0.028,-0.086,-0.975] w=[+0.034,+0.028,-0.783] err=[-0.062,-0.115] scaled=[-0.250,-0.499] s=4.59
[INFO] [1788472406.718907673] [acados_nmpc_node]: [dJ_online] m_est=2.331 m_p=0.267 ratchet=0.410 floor=0.050 -> m_p_model=0.267(track) dJ=0.0522 | gain_base=0.403 c_xy=[-1.46,-1.36]cm
[INFO] [1788472406.722402181] [acados_nmpc_node]: [attach-window] t=46.36s pos_err=0.150m T=23.18N z=6.562 m_est=2.331
[INFO] [1788472406.766374859] [acados_nmpc_node]: [attach-window] t=46.40s pos_err=0.119m T=23.05N z=6.573 m_est=2.332
[INFO] [1788472406.821396319] [acados_nmpc_node]: [attach-window] t=46.45s pos_err=0.135m T=23.09N z=6.578 m_est=2.332
[INFO] [1788472406.866407161] [acados_nmpc_node]: [attach-window] t=46.50s pos_err=0.111m T=22.95N z=6.589 m_est=2.333
[INFO] [1788472406.893417155] [acados_nmpc_node]: [wcmd] raw=[-0.026,-0.078,-1.013] w=[+0.024,-0.003,-0.941] err=[-0.050,-0.076] scaled=[-0.208,-0.352] s=4.61
[INFO] [1788472406.919247741] [acados_nmpc_node]: [attach-window] t=46.55s pos_err=0.128m T=23.07N z=6.593 m_est=2.333
[INFO] [1788472406.966509042] [acados_nmpc_node]: [attach-window] t=46.60s pos_err=0.106m T=22.97N z=6.603 m_est=2.334
[INFO] [1788472407.022135443] [acados_nmpc_node]: [attach-window] t=46.66s pos_err=0.117m T=23.07N z=6.608 m_est=2.334
[INFO] [1788472407.066382845] [acados_nmpc_node]: [attach-window] t=46.70s pos_err=0.099m T=22.93N z=6.619 m_est=2.336
[INFO] [1788472407.093379499] [acados_nmpc_node]: [wcmd] raw=[-0.036,-0.111,-0.949] w=[+0.006,-0.025,-1.048] err=[-0.043,-0.087] scaled=[-0.190,-0.426] s=4.63
[INFO] [1788472407.121838481] [acados_nmpc_node]: [attach-window] t=46.76s pos_err=0.112m T=23.07N z=6.622 m_est=2.336
[INFO] [1788472407.166378167] [acados_nmpc_node]: [attach-window] t=46.80s pos_err=0.094m T=22.93N z=6.633 m_est=2.337
[INFO] [1788472407.221803786] [acados_nmpc_node]: [attach-window] t=46.86s pos_err=0.100m T=23.01N z=6.638 m_est=2.337
[INFO] [1788472407.266389383] [acados_nmpc_node]: [attach-window] t=46.90s pos_err=0.087m T=22.92N z=6.647 m_est=2.338
[INFO] [1788472407.293421298] [acados_nmpc_node]: [wcmd] raw=[-0.012,-0.091,-0.807] w=[-0.000,+0.006,-1.047] err=[-0.012,-0.098] scaled=[-0.054,-0.449] s=4.66
[INFO] [1788472407.321702898] [acados_nmpc_node]: [attach-window] t=46.96s pos_err=0.095m T=23.04N z=6.652 m_est=2.338
[INFO] [1788472407.366356876] [acados_nmpc_node]: [attach-window] t=47.00s pos_err=0.080m T=22.90N z=6.662 m_est=2.340
[INFO] [1788472407.421742094] [acados_nmpc_node]: [attach-window] t=47.06s pos_err=0.081m T=23.02N z=6.667 m_est=2.340
[INFO] [1788472407.466380335] [acados_nmpc_node]: [attach-window] t=47.10s pos_err=0.072m T=22.87N z=6.676 m_est=2.341
[INFO] [1788472407.493397001] [acados_nmpc_node]: [wcmd] raw=[+0.005,-0.122,-0.611] w=[+0.011,-0.097,-1.028] err=[-0.006,-0.025] scaled=[-0.016,-0.212] s=4.68
[INFO] [1788472407.522047264] [acados_nmpc_node]: [attach-window] t=47.16s pos_err=0.074m T=22.96N z=6.680 m_est=2.341
[INFO] [1788472407.566386072] [acados_nmpc_node]: [attach-window] t=47.20s pos_err=0.066m T=22.82N z=6.690 m_est=2.341
[INFO] [1788472407.621897318] [acados_nmpc_node]: [attach-window] t=47.26s pos_err=0.060m T=22.94N z=6.694 m_est=2.341
[INFO] [1788472407.665569008] [acados_nmpc_node]: [attach-window] t=47.30s pos_err=0.054m T=22.82N z=6.702 m_est=2.340
[INFO] [1788472407.693464769] [acados_nmpc_node]: [wcmd] raw=[+0.013,-0.138,-0.404] w=[+0.023,-0.033,-0.843] err=[-0.010,-0.104] scaled=[-0.023,-0.524] s=4.70
[INFO] [1788472407.721962987] [acados_nmpc_node]: [attach-window] t=47.36s pos_err=0.052m T=22.94N z=6.706 m_est=2.340
[INFO] [1788472407.766488646] [acados_nmpc_node]: [attach-window] t=47.40s pos_err=0.049m T=22.75N z=6.715 m_est=2.338
[INFO] [1788472407.822320607] [acados_nmpc_node]: [attach-window] t=47.46s pos_err=0.037m T=22.85N z=6.719 m_est=2.338
[INFO] [1788472407.866512896] [acados_nmpc_node]: [attach-window] t=47.50s pos_err=0.035m T=22.70N z=6.726 m_est=2.337
[INFO] [1788472407.893325822] [acados_nmpc_node]: [wcmd] raw=[+0.012,-0.124,-0.239] w=[+0.029,-0.063,-0.660] err=[-0.017,-0.060] scaled=[-0.052,-0.347] s=4.71
[INFO] [1788472407.922216190] [acados_nmpc_node]: [attach-window] t=47.56s pos_err=0.035m T=22.80N z=6.730 m_est=2.337
[INFO] [1788472407.966511877] [acados_nmpc_node]: [attach-window] t=47.60s pos_err=0.034m T=22.65N z=6.738 m_est=2.336
[INFO] [1788472408.021754726] [acados_nmpc_node]: [attach-window] t=47.66s pos_err=0.024m T=22.77N z=6.742 m_est=2.336
[INFO] [1788472408.066062235] [acados_nmpc_node]: [attach-window] t=47.70s pos_err=0.039m T=22.55N z=6.750 m_est=2.334
[INFO] [1788472408.093379249] [acados_nmpc_node]: [wcmd] raw=[-0.001,-0.204,-0.141] w=[+0.022,-0.085,-0.480] err=[-0.023,-0.119] scaled=[-0.087,-0.646] s=4.72
[INFO] [1788472408.122358027] [acados_nmpc_node]: [attach-window] t=47.76s pos_err=0.037m T=22.71N z=6.752 m_est=2.334
[INFO] [1788472408.165997200] [acados_nmpc_node]: [attach-window] t=47.80s pos_err=0.028m T=22.49N z=6.760 m_est=2.333
[INFO] [1788472408.221895160] [acados_nmpc_node]: [attach-window] t=47.86s pos_err=0.036m T=22.47N z=6.764 m_est=2.333
[INFO] [1788472408.266076812] [acados_nmpc_node]: [attach-window] t=47.90s pos_err=0.037m T=22.40N z=6.772 m_est=2.332
[INFO] [1788472408.293408840] [acados_nmpc_node]: [wcmd] raw=[-0.016,-0.173,-0.095] w=[+0.004,-0.004,-0.265] err=[-0.020,-0.169] scaled=[-0.090,-0.802] s=4.72
[INFO] [1788472408.321898807] [acados_nmpc_node]: [attach-window] t=47.96s pos_err=0.055m T=22.58N z=6.774 m_est=2.332
[INFO] [1788472408.366086066] [acados_nmpc_node]: [attach-window] t=48.00s pos_err=0.032m T=22.44N z=6.781 m_est=2.330
[INFO] [1788472408.422119981] [acados_nmpc_node]: [attach-window] t=48.06s pos_err=0.057m T=22.46N z=6.784 m_est=2.330
[INFO] [1788472408.465971725] [acados_nmpc_node]: [attach-window] t=48.10s pos_err=0.035m T=22.41N z=6.789 m_est=2.328
[INFO] [1788472408.493405988] [acados_nmpc_node]: [wcmd] raw=[-0.020,-0.119,-0.119] w=[-0.005,-0.059,-0.183] err=[-0.015,-0.060] scaled=[-0.075,-0.343] s=4.72
[INFO] [1788472408.521229107] [acados_nmpc_node]: [attach-window] t=48.16s pos_err=0.057m T=22.52N z=6.792 m_est=2.328
[INFO] [1788472408.565971640] [acados_nmpc_node]: [attach-window] t=48.20s pos_err=0.039m T=22.49N z=6.796 m_est=2.326
[INFO] [1788472408.621985826] [acados_nmpc_node]: [attach-window] t=48.26s pos_err=0.073m T=22.64N z=6.798 m_est=2.326
[INFO] [1788472408.665230715] [acados_nmpc_node]: [attach-window] t=48.30s pos_err=0.042m T=22.61N z=6.801 m_est=2.325
[INFO] [1788472408.693408143] [acados_nmpc_node]: [wcmd] raw=[-0.027,-0.120,-0.174] w=[-0.024,-0.151,-0.181] err=[-0.003,+0.031] scaled=[-0.039,-0.005] s=4.69
[INFO] [1788472408.719469769] [acados_nmpc_node]: [attach-window] t=48.35s pos_err=0.086m T=22.48N z=6.802 m_est=2.325
[INFO] [1788472408.765237795] [acados_nmpc_node]: [attach-window] t=48.40s pos_err=0.041m T=22.66N z=6.803 m_est=2.325
[INFO] [1788472408.819035887] [acados_nmpc_node]: [attach-window] t=48.45s pos_err=0.082m T=22.81N z=6.804 m_est=2.325
[INFO] [1788472408.865283176] [acados_nmpc_node]: [attach-window] t=48.50s pos_err=0.047m T=22.80N z=6.804 m_est=2.324
[INFO] [1788472408.893427091] [acados_nmpc_node]: [wcmd] raw=[-0.031,-0.123,-0.232] w=[-0.020,-0.110,-0.155] err=[-0.011,-0.014] scaled=[-0.070,-0.174] s=4.67
[INFO] [1788472408.922875637] [acados_nmpc_node]: [attach-window] t=48.56s pos_err=0.083m T=22.80N z=6.804 m_est=2.324
[INFO] [1788472408.966204214] [acados_nmpc_node]: [attach-window] t=48.60s pos_err=0.043m T=22.82N z=6.803 m_est=2.324
[INFO] [1788472409.022039967] [acados_nmpc_node]: [attach-window] t=48.66s pos_err=0.098m T=22.86N z=6.803 m_est=2.324
[INFO] [1788472409.066150822] [acados_nmpc_node]: [attach-window] t=48.70s pos_err=0.053m T=22.86N z=6.803 m_est=2.323
[INFO] [1788472409.093384163] [acados_nmpc_node]: [wcmd] raw=[-0.012,-0.117,-0.285] w=[-0.021,-0.129,-0.195] err=[+0.009,+0.012] scaled=[+0.022,-0.074] s=4.66
[INFO] [1788472409.122164470] [acados_nmpc_node]: [attach-window] t=48.76s pos_err=0.115m T=22.66N z=6.802 m_est=2.323
[INFO] [1788472409.166063699] [acados_nmpc_node]: [attach-window] t=48.80s pos_err=0.047m T=22.82N z=6.802 m_est=2.322
[INFO] [1788472409.221931318] [acados_nmpc_node]: [attach-window] t=48.86s pos_err=0.108m T=22.88N z=6.801 m_est=2.322
[INFO] [1788472409.266463572] [acados_nmpc_node]: [attach-window] t=48.90s pos_err=0.060m T=22.86N z=6.800 m_est=2.321
[INFO] [1788472409.293357727] [acados_nmpc_node]: [wcmd] raw=[-0.014,-0.126,-0.325] w=[+0.009,-0.128,-0.240] err=[-0.023,+0.002] scaled=[-0.098,-0.119] s=4.65
[INFO] [1788472409.322297012] [acados_nmpc_node]: [attach-window] t=48.96s pos_err=0.124m T=22.68N z=6.800 m_est=2.321
[INFO] [1788472409.365977491] [acados_nmpc_node]: [attach-window] t=49.00s pos_err=0.053m T=22.78N z=6.799 m_est=2.320
[INFO] [1788472409.422256990] [acados_nmpc_node]: [attach-window] t=49.06s pos_err=0.118m T=22.82N z=6.799 m_est=2.320
[INFO] [1788472409.466404650] [acados_nmpc_node]: [attach-window] t=49.10s pos_err=0.068m T=22.79N z=6.798 m_est=2.320
[INFO] [1788472409.493426831] [acados_nmpc_node]: [wcmd] raw=[-0.006,-0.133,-0.347] w=[+0.001,-0.119,-0.288] err=[-0.007,-0.014] scaled=[-0.030,-0.185] s=4.61
[INFO] [1788472409.522107926] [acados_nmpc_node]: [attach-window] t=49.16s pos_err=0.134m T=22.68N z=6.797 m_est=2.320
[INFO] [1788472409.569288132] [acados_nmpc_node]: [attach-window] t=49.20s pos_err=0.063m T=22.75N z=6.796 m_est=2.321
[INFO] [1788472409.622024124] [acados_nmpc_node]: [attach-window] t=49.26s pos_err=0.129m T=22.77N z=6.796 m_est=2.321
[INFO] [1788472409.666887304] [acados_nmpc_node]: [attach-window] t=49.30s pos_err=0.080m T=22.75N z=6.795 m_est=2.322
[INFO] [1788472409.693378518] [acados_nmpc_node]: [wcmd] raw=[+0.001,-0.137,-0.359] w=[+0.019,-0.095,-0.315] err=[-0.018,-0.042] scaled=[-0.063,-0.288] s=4.59
[INFO] [1788472409.721989172] [acados_nmpc_node]: [attach-window] t=49.36s pos_err=0.146m T=22.69N z=6.794 m_est=2.322
[INFO] [1788472409.766457911] [acados_nmpc_node]: [attach-window] t=49.40s pos_err=0.075m T=22.73N z=6.793 m_est=2.324
[INFO] [1788472409.822157759] [acados_nmpc_node]: [attach-window] t=49.46s pos_err=0.142m T=22.73N z=6.792 m_est=2.324
[INFO] [1788472409.866453232] [acados_nmpc_node]: [attach-window] t=49.50s pos_err=0.092m T=22.73N z=6.790 m_est=2.326
[INFO] [1788472409.893381423] [acados_nmpc_node]: [wcmd] raw=[-0.006,-0.146,-0.369] w=[+0.015,-0.094,-0.347] err=[-0.021,-0.052] scaled=[-0.082,-0.331] s=4.58
[INFO] [1788472409.921875745] [acados_nmpc_node]: [attach-window] t=49.56s pos_err=0.157m T=22.69N z=6.789 m_est=2.326
[INFO] [1788472409.966418693] [acados_nmpc_node]: [attach-window] t=49.60s pos_err=0.086m T=22.74N z=6.787 m_est=2.328
[INFO] [1788472410.021641848] [acados_nmpc_node]: [attach-window] t=49.66s pos_err=0.150m T=22.72N z=6.786 m_est=2.328
[INFO] [1788472410.083068688] [acados_nmpc_node]: [attach-window] t=49.70s pos_err=0.101m T=22.74N z=6.783 m_est=2.329
[INFO] [1788472410.093373568] [acados_nmpc_node]: [wcmd] raw=[-0.006,-0.157,-0.384] w=[+0.007,-0.100,-0.374] err=[-0.013,-0.057] scaled=[-0.051,-0.362] s=4.59
[INFO] [1788472410.121623596] [acados_nmpc_node]: [attach-window] t=49.76s pos_err=0.163m T=22.72N z=6.781 m_est=2.329
[INFO] [1788472410.166314799] [acados_nmpc_node]: [attach-window] t=49.80s pos_err=0.093m T=22.77N z=6.777 m_est=2.329
[INFO] [1788472410.221727012] [acados_nmpc_node]: [attach-window] t=49.86s pos_err=0.154m T=22.75N z=6.775 m_est=2.329
[INFO] [1788472410.266254398] [acados_nmpc_node]: [attach-window] t=49.90s pos_err=0.105m T=22.77N z=6.772 m_est=2.329
[INFO] [1788472410.293337574] [acados_nmpc_node]: [wcmd] raw=[-0.007,-0.163,-0.415] w=[+0.010,-0.124,-0.403] err=[-0.016,-0.038] scaled=[-0.066,-0.301] s=4.60
[INFO] [1788472410.321712664] [acados_nmpc_node]: [attach-window] t=49.96s pos_err=0.163m T=22.74N z=6.770 m_est=2.329
[INFO] [1788472410.366428536] [acados_nmpc_node]: [attach-window] t=50.00s pos_err=0.096m T=22.81N z=6.765 m_est=2.329
[INFO] [1788472410.422042905] [acados_nmpc_node]: [attach-window] t=50.06s pos_err=0.151m T=22.78N z=6.763 m_est=2.329
[INFO] [1788472410.466314087] [acados_nmpc_node]: [attach-window] t=50.10s pos_err=0.104m T=22.83N z=6.758 m_est=2.328
[INFO] [1788472410.493310916] [acados_nmpc_node]: [wcmd] raw=[+0.014,-0.150,-0.467] w=[+0.021,-0.095,-0.406] err=[-0.008,-0.055] scaled=[-0.014,-0.347] s=4.61
[INFO] [1788472410.522005657] [acados_nmpc_node]: [attach-window] t=50.16s pos_err=0.157m T=22.79N z=6.755 m_est=2.328
[INFO] [1788472410.566213509] [acados_nmpc_node]: [attach-window] t=50.20s pos_err=0.095m T=22.89N z=6.750 m_est=2.328
[INFO] [1788472410.621760985] [acados_nmpc_node]: [attach-window] t=50.26s pos_err=0.144m T=22.85N z=6.747 m_est=2.328
[INFO] [1788472410.666175534] [acados_nmpc_node]: [attach-window] t=50.30s pos_err=0.102m T=22.90N z=6.742 m_est=2.329
[INFO] [1788472410.693271956] [acados_nmpc_node]: [wcmd] raw=[+0.017,-0.124,-0.553] w=[+0.047,-0.105,-0.449] err=[-0.030,-0.019] scaled=[-0.091,-0.193] s=4.62
[INFO] [1788472410.722386590] [acados_nmpc_node]: [attach-window] t=50.36s pos_err=0.149m T=22.84N z=6.739 m_est=2.329
[INFO] [1788472410.766517843] [acados_nmpc_node]: [attach-window] t=50.40s pos_err=0.092m T=22.96N z=6.733 m_est=2.330
[INFO] [1788472410.821517367] [acados_nmpc_node]: [attach-window] t=50.46s pos_err=0.135m T=22.91N z=6.730 m_est=2.330
[INFO] [1788472410.866178233] [acados_nmpc_node]: [attach-window] t=50.50s pos_err=0.096m T=22.98N z=6.724 m_est=2.331
[INFO] [1788472410.893365183] [acados_nmpc_node]: [wcmd] raw=[+0.016,-0.118,-0.663] w=[+0.043,-0.073,-0.507] err=[-0.026,-0.045] scaled=[-0.079,-0.280] s=4.63
[INFO] [1788472410.921378782] [acados_nmpc_node]: [attach-window] t=50.56s pos_err=0.122m T=22.95N z=6.720 m_est=2.331
[INFO] [1788472410.921867401] [acados_nmpc_node]: t=50.6s | pos_err=0.122m | T=22.95N | tau=[r-0.284 p0.414 y-0.087]Nm | res_stat=8.324e-07(peak 9.958e-07) sqp_iter=5 | solve=2.4ms
[INFO] [1788472410.922069897] [acados_nmpc_node]: [flight-diag] t=50.6s | om_scale=4.625(lo 4.425 hi 4.723) | tilt_max=9.77deg | w_max=[r0.047 p0.160 y1.086]rad/s | u_frac=[T0.572 r0.816 p1.000 y0.925] | u_sat=[T0.0 r0.0 p17.0 y0.0]% | mot_peak=0.967 mot_sat=0.0% | health=na age=na conf=na | n=100
[INFO] [1788472410.966474347] [acados_nmpc_node]: [attach-window] t=50.60s pos_err=0.087m T=23.02N z=6.714 m_est=2.332
[INFO] [1788472411.021987283] [acados_nmpc_node]: [attach-window] t=50.66s pos_err=0.125m T=22.96N z=6.710 m_est=2.332
[INFO] [1788472411.066519042] [acados_nmpc_node]: [attach-window] t=50.70s pos_err=0.092m T=23.05N z=6.703 m_est=2.332
[INFO] [1788472411.093391859] [acados_nmpc_node]: [wcmd] raw=[+0.015,-0.061,-0.792] w=[+0.040,-0.074,-0.605] err=[-0.025,+0.013] scaled=[-0.076,-0.014] s=4.63
[INFO] [1788472411.122034811] [acados_nmpc_node]: [attach-window] t=50.76s pos_err=0.128m T=22.96N z=6.700 m_est=2.332
[INFO] [1788472411.166456603] [acados_nmpc_node]: [attach-window] t=50.80s pos_err=0.085m T=23.09N z=6.692 m_est=2.333
[INFO] [1788472411.221895004] [acados_nmpc_node]: [attach-window] t=50.86s pos_err=0.116m T=23.06N z=6.688 m_est=2.333
[INFO] [1788472411.266384034] [acados_nmpc_node]: [attach-window] t=50.90s pos_err=0.088m T=23.05N z=6.681 m_est=2.334
[INFO] [1788472411.293454500] [acados_nmpc_node]: [wcmd] raw=[-0.010,-0.104,-0.926] w=[+0.027,-0.073,-0.738] err=[-0.037,-0.031] scaled=[-0.144,-0.215] s=4.63
[INFO] [1788472411.321616340] [acados_nmpc_node]: [attach-window] t=50.95s pos_err=0.117m T=22.98N z=6.677 m_est=2.334
[INFO] [1788472411.366427501] [acados_nmpc_node]: [attach-window] t=51.00s pos_err=0.083m T=22.98N z=6.669 m_est=2.334
[INFO] [1788472411.421804842] [acados_nmpc_node]: [attach-window] t=51.05s pos_err=0.106m T=22.92N z=6.665 m_est=2.334
[INFO] [1788472411.466385270] [acados_nmpc_node]: [attach-window] t=51.10s pos_err=0.083m T=22.97N z=6.655 m_est=2.333
[INFO] [1788472411.493383708] [acados_nmpc_node]: [wcmd] raw=[-0.042,-0.118,-1.008] w=[+0.021,+0.005,-0.832] err=[-0.063,-0.123] scaled=[-0.273,-0.567] s=4.63
[INFO] [1788472411.521822411] [acados_nmpc_node]: [attach-window] t=51.16s pos_err=0.099m T=22.98N z=6.651 m_est=2.333
[INFO] [1788472411.566401940] [acados_nmpc_node]: [attach-window] t=51.20s pos_err=0.086m T=22.97N z=6.642 m_est=2.333
[INFO] [1788472411.621839780] [acados_nmpc_node]: [attach-window] t=51.26s pos_err=0.100m T=22.93N z=6.638 m_est=2.333
[INFO] [1788472411.666386503] [acados_nmpc_node]: [attach-window] t=51.30s pos_err=0.089m T=22.95N z=6.629 m_est=2.332
[INFO] [1788472411.693352695] [acados_nmpc_node]: [wcmd] raw=[+0.007,-0.026,-1.027] w=[-0.006,-0.082,-0.989] err=[+0.013,+0.056] scaled=[+0.053,+0.177] s=4.63
[INFO] [1788472411.718621787] [acados_nmpc_node]: [dJ_online] m_est=2.332 m_p=0.268 ratchet=0.410 floor=0.050 -> m_p_model=0.268(track) dJ=0.0524 | gain_base=0.403 c_xy=[-1.58,-1.29]cm
[INFO] [1788472411.722043845] [acados_nmpc_node]: [attach-window] t=51.36s pos_err=0.101m T=22.85N z=6.625 m_est=2.332
[INFO] [1788472411.766231597] [acados_nmpc_node]: [attach-window] t=51.40s pos_err=0.090m T=23.01N z=6.614 m_est=2.333
[INFO] [1788472411.819630201] [acados_nmpc_node]: [attach-window] t=51.45s pos_err=0.094m T=23.03N z=6.610 m_est=2.333
[INFO] [1788472411.865380688] [acados_nmpc_node]: [attach-window] t=51.50s pos_err=0.091m T=23.00N z=6.600 m_est=2.333
[INFO] [1788472411.893352834] [acados_nmpc_node]: [wcmd] raw=[-0.008,-0.110,-0.973] w=[+0.027,-0.044,-1.058] err=[-0.035,-0.066] scaled=[-0.134,-0.349] s=4.63
[INFO] [1788472411.919194530] [acados_nmpc_node]: [attach-window] t=51.55s pos_err=0.092m T=22.98N z=6.596 m_est=2.333
[INFO] [1788472411.965485221] [acados_nmpc_node]: [attach-window] t=51.60s pos_err=0.093m T=22.95N z=6.585 m_est=2.334
[INFO] [1788472412.019125080] [acados_nmpc_node]: [attach-window] t=51.65s pos_err=0.086m T=22.90N z=6.581 m_est=2.334
[INFO] [1788472412.066220577] [acados_nmpc_node]: [attach-window] t=51.70s pos_err=0.096m T=22.95N z=6.570 m_est=2.334
[INFO] [1788472412.093358622] [acados_nmpc_node]: [wcmd] raw=[-0.014,-0.109,-0.801] w=[+0.021,+0.059,-1.016] err=[-0.035,-0.167] scaled=[-0.142,-0.717] s=4.63
[INFO] [1788472412.121869075] [acados_nmpc_node]: [attach-window] t=51.76s pos_err=0.106m T=22.95N z=6.560 m_est=2.334
[INFO] [1788472412.166154248] [acados_nmpc_node]: [attach-window] t=51.80s pos_err=0.090m T=22.95N z=6.555 m_est=2.334
[INFO] [1788472412.226879663] [acados_nmpc_node]: [attach-window] t=51.86s pos_err=0.073m T=22.85N z=6.551 m_est=2.334
[INFO] [1788472412.266907296] [acados_nmpc_node]: [attach-window] t=51.90s pos_err=0.081m T=22.18N z=6.541 m_est=2.332
[INFO] [1788472412.293373467] [acados_nmpc_node]: [wcmd] raw=[+0.060,-0.054,-0.596] w=[-0.017,-0.209,-1.059] err=[+0.077,+0.155] scaled=[+0.341,+0.511] s=4.63
[INFO] [1788472412.322000326] [acados_nmpc_node]: [attach-window] t=51.96s pos_err=0.066m T=21.90N z=6.535 m_est=2.332
[INFO] [1788472412.366345927] [acados_nmpc_node]: [attach-window] t=52.00s pos_err=0.080m T=22.67N z=6.527 m_est=2.329
[INFO] [1788472412.421410308] [acados_nmpc_node]: [attach-window] t=52.05s pos_err=0.056m T=22.72N z=6.522 m_est=2.329
[INFO] [1788472412.466387054] [acados_nmpc_node]: [attach-window] t=52.10s pos_err=0.079m T=22.89N z=6.511 m_est=2.326
[INFO] [1788472412.493443986] [acados_nmpc_node]: [wcmd] raw=[-0.037,+0.013,-0.403] w=[+0.065,+0.119,-0.737] err=[-0.102,-0.106] scaled=[-0.407,-0.373] s=4.63
[INFO] [1788472412.521662435] [acados_nmpc_node]: [attach-window] t=52.16s pos_err=0.049m T=22.91N z=6.505 m_est=2.326
[INFO] [1788472412.566410995] [acados_nmpc_node]: [attach-window] t=52.20s pos_err=0.065m T=22.91N z=6.494 m_est=2.324
[INFO] [1788472412.621710459] [acados_nmpc_node]: [attach-window] t=52.25s pos_err=0.042m T=22.98N z=6.489 m_est=2.324
[INFO] [1788472412.666526923] [acados_nmpc_node]: [attach-window] t=52.30s pos_err=0.050m T=22.90N z=6.478 m_est=2.322
[INFO] [1788472412.693388293] [acados_nmpc_node]: [wcmd] raw=[-0.004,-0.083,-0.269] w=[-0.054,-0.028,-0.681] err=[+0.050,-0.055] scaled=[+0.178,-0.283] s=4.63
[INFO] [1788472412.721619131] [acados_nmpc_node]: [attach-window] t=52.35s pos_err=0.043m T=22.91N z=6.472 m_est=2.322
[INFO] [1788472412.766700604] [acados_nmpc_node]: [attach-window] t=52.40s pos_err=0.049m T=22.77N z=6.460 m_est=2.321
[INFO] [1788472412.821976743] [acados_nmpc_node]: [attach-window] t=52.46s pos_err=0.036m T=22.82N z=6.455 m_est=2.321
[INFO] [1788472412.866353955] [acados_nmpc_node]: [attach-window] t=52.50s pos_err=0.036m T=22.67N z=6.444 m_est=2.319
[INFO] [1788472412.893360157] [acados_nmpc_node]: [wcmd] raw=[+0.011,-0.168,-0.134] w=[+0.041,-0.007,-0.471] err=[-0.030,-0.161] scaled=[-0.099,-0.752] s=4.61
[INFO] [1788472412.921625394] [acados_nmpc_node]: [attach-window] t=52.56s pos_err=0.044m T=22.76N z=6.439 m_est=2.319
[INFO] [1788472412.966471492] [acados_nmpc_node]: [attach-window] t=52.60s pos_err=0.041m T=22.53N z=6.427 m_est=2.315
[INFO] [1788472413.021668887] [acados_nmpc_node]: [attach-window] t=52.66s pos_err=0.034m T=22.61N z=6.422 m_est=2.315
[INFO] [1788472413.066387299] [acados_nmpc_node]: [attach-window] t=52.70s pos_err=0.031m T=22.42N z=6.412 m_est=2.310
[INFO] [1788472413.093405138] [acados_nmpc_node]: [wcmd] raw=[-0.013,-0.165,-0.046] w=[+0.004,-0.131,-0.354] err=[-0.017,-0.033] scaled=[-0.072,-0.284] s=4.58
[INFO] [1788472413.121648708] [acados_nmpc_node]: [attach-window] t=52.76s pos_err=0.044m T=22.50N z=6.406 m_est=2.310
[INFO] [1788472413.166219509] [acados_nmpc_node]: [attach-window] t=52.80s pos_err=0.042m T=22.36N z=6.394 m_est=2.302
[INFO] [1788472413.221379493] [acados_nmpc_node]: [attach-window] t=52.86s pos_err=0.034m T=22.49N z=6.389 m_est=2.302
[INFO] [1788472413.265910085] [acados_nmpc_node]: [attach-window] t=52.90s pos_err=0.033m T=22.31N z=6.377 m_est=2.290
[INFO] [1788472413.293335186] [acados_nmpc_node]: [wcmd] raw=[+0.002,-0.193,-0.017] w=[+0.002,-0.109,-0.181] err=[-0.000,-0.084] scaled=[+0.000,-0.485] s=4.49
[INFO] [1788472413.321343823] [acados_nmpc_node]: [attach-window] t=52.95s pos_err=0.047m T=22.41N z=6.371 m_est=2.290
[INFO] [1788472413.365929260] [acados_nmpc_node]: [attach-window] t=53.00s pos_err=0.045m T=22.28N z=6.358 m_est=2.278
[INFO] [1788472413.422046730] [acados_nmpc_node]: [attach-window] t=53.06s pos_err=0.041m T=22.34N z=6.352 m_est=2.278
[INFO] [1788472413.465975221] [acados_nmpc_node]: [attach-window] t=53.10s pos_err=0.056m T=22.22N z=6.337 m_est=2.263
[INFO] [1788472413.493304970] [acados_nmpc_node]: [wcmd] raw=[-0.052,-0.212,-0.028] w=[-0.011,-0.029,-0.030] err=[-0.040,-0.183] scaled=[-0.186,-0.822] s=4.33
[INFO] [1788472413.521464357] [acados_nmpc_node]: [attach-window] t=53.16s pos_err=0.058m T=22.36N z=6.332 m_est=2.263
[INFO] [1788472413.565998531] [acados_nmpc_node]: [attach-window] t=53.20s pos_err=0.043m T=22.23N z=6.316 m_est=2.245
[INFO] [1788472413.621748171] [acados_nmpc_node]: [attach-window] t=53.26s pos_err=0.053m T=22.27N z=6.309 m_est=2.245
[INFO] [1788472413.665921920] [acados_nmpc_node]: [attach-window] t=53.30s pos_err=0.031m T=22.15N z=6.293 m_est=2.222
[INFO] [1788472413.693325188] [acados_nmpc_node]: [wcmd] raw=[-0.051,-0.104,-0.075] w=[-0.057,-0.029,+0.002] err=[+0.007,-0.075] scaled=[-0.030,-0.334] s=4.09
[INFO] [1788472413.721291549] [acados_nmpc_node]: [attach-window] t=53.36s pos_err=0.048m T=22.29N z=6.284 m_est=2.222
[INFO] [1788472413.765865420] [acados_nmpc_node]: [attach-window] t=53.40s pos_err=0.035m T=22.47N z=6.267 m_est=2.222
[INFO] [1788472413.821969018] [acados_nmpc_node]: [attach-window] t=53.46s pos_err=0.070m T=22.29N z=6.259 m_est=2.186
[INFO] [1788472413.865736276] [acados_nmpc_node]: [attach-window] t=53.50s pos_err=0.028m T=22.43N z=6.240 m_est=2.186
[INFO] [1788472413.893463483] [acados_nmpc_node]: [wcmd] raw=[-0.041,-0.101,-0.124] w=[-0.050,-0.117,-0.053] err=[+0.009,+0.017] scaled=[-0.016,-0.054] s=3.79
[INFO] [1788472413.921830643] [acados_nmpc_node]: [attach-window] t=53.56s pos_err=0.092m T=21.66N z=6.231 m_est=2.105
[INFO] [1788472413.965695278] [acados_nmpc_node]: [attach-window] t=53.60s pos_err=0.031m T=21.95N z=6.209 m_est=2.105
[INFO] [1788472414.021611963] [acados_nmpc_node]: [attach-window] t=53.66s pos_err=0.090m T=22.18N z=6.199 m_est=2.105
[INFO] [1788472414.065651726] [acados_nmpc_node]: [attach-window] t=53.70s pos_err=0.040m T=22.49N z=6.177 m_est=2.105
[INFO] [1788472414.093469381] [acados_nmpc_node]: [wcmd] raw=[-0.053,-0.202,-0.151] w=[-0.035,+0.022,-0.015] err=[-0.018,-0.224] scaled=[-0.097,-0.761] s=3.49
[INFO] [1788472414.121332241] [acados_nmpc_node]: [attach-window] t=53.76s pos_err=0.115m T=22.74N z=6.166 m_est=2.105
[INFO] [1788472414.165679445] [acados_nmpc_node]: [attach-window] t=53.80s pos_err=0.047m T=22.95N z=6.140 m_est=2.105
[INFO] [1788472414.219153055] [acados_nmpc_node]: [attach-window] t=53.85s pos_err=0.058m T=23.03N z=6.116 m_est=2.105
[INFO] [1788472414.264915289] [acados_nmpc_node]: [attach-window] t=53.90s pos_err=0.067m T=23.20N z=6.104 m_est=2.105
[INFO] [1788472414.293383022] [acados_nmpc_node]: [wcmd] raw=[-0.056,-0.153,-0.139] w=[-0.056,-0.262,-0.197] err=[+0.000,+0.109] scaled=[-0.056,+0.087] s=3.19
[INFO] [1788472414.321835187] [acados_nmpc_node]: [attach-window] t=53.96s pos_err=0.141m T=22.82N z=6.092 m_est=2.105
[INFO] [1788472414.365515047] [acados_nmpc_node]: [attach-window] t=54.00s pos_err=0.076m T=22.95N z=6.066 m_est=2.105
[INFO] [1788472414.422073186] [acados_nmpc_node]: [attach-window] t=54.06s pos_err=0.144m T=22.06N z=6.055 m_est=2.105
[INFO] [1788472414.466069234] [acados_nmpc_node]: [attach-window] t=54.10s pos_err=0.097m T=23.34N z=6.033 m_est=2.105
[INFO] [1788472414.493366031] [acados_nmpc_node]: [wcmd] raw=[-0.042,+0.050,-0.070] w=[-0.053,+0.133,+0.038] err=[+0.011,-0.083] scaled=[-0.022,-0.107] s=2.90
[INFO] [1788472414.521116797] [acados_nmpc_node]: [attach-window] t=54.16s pos_err=0.170m T=23.41N z=6.023 m_est=2.105
[INFO] [1788472414.565662623] [acados_nmpc_node]: [attach-window] t=54.20s pos_err=0.104m T=23.62N z=5.998 m_est=2.105
[INFO] [1788472414.621656214] [acados_nmpc_node]: [attach-window] t=54.26s pos_err=0.171m T=25.45N z=5.988 m_est=2.279
[WARN] [1788472414.715260799] [acados_nmpc_node]: t=54.30s | KKT residual abnormal! res_stat=6.719e-05 res_eq=3.243e-11 res_ineq=0.000e+00 res_comp=2.644e-07 | sqp_iter=100 | peak res_stat=6.719e-05
[WARN] [1788472414.715679213] [acados_nmpc_node]: acados solve failed [status=2, 1 consecutive] | x_cur pos=[ 1.70837235 -0.681054    5.96506834] vel=[-2.74861431  2.77155638 -0.30329737] |q|=1.0000
[INFO] [1788472414.716091880] [acados_nmpc_node]: [attach-window] t=54.30s pos_err=0.110m T=25.45N z=5.965 m_est=2.275
[INFO] [1788472414.726608107] [acados_nmpc_node]: [attach-window] t=54.36s pos_err=0.286m T=16.42N z=5.965 m_est=2.275
[INFO] [1788472414.733294777] [acados_nmpc_node]: [wcmd] raw=[+0.613,+0.088,-0.621] w=[-0.035,-0.021,-0.082] err=[+0.648,+0.109] scaled=[+1.900,+0.304] s=3.06
[INFO] [1788472414.767687014] [acados_nmpc_node]: [attach-window] t=54.40s pos_err=0.121m T=29.92N z=5.941 m_est=2.275
[INFO] [1788472414.824139707] [acados_nmpc_node]: [attach-window] t=54.45s pos_err=0.186m T=28.28N z=5.934 m_est=2.302
[INFO] [1788472414.867287472] [acados_nmpc_node]: [attach-window] t=54.50s pos_err=0.131m T=25.95N z=5.920 m_est=2.349
[INFO] [1788472414.921916075] [acados_nmpc_node]: [attach-window] t=54.55s pos_err=0.200m T=23.84N z=5.915 m_est=2.349
[INFO] [1788472414.933407669] [acados_nmpc_node]: [wcmd] raw=[-0.058,-0.203,-0.042] w=[+0.070,-0.275,-0.257] err=[-0.128,+0.072] scaled=[-0.381,-0.021] s=3.53
[INFO] [1788472414.966742089] [acados_nmpc_node]: [attach-window] t=54.60s pos_err=0.113m T=24.22N z=5.909 m_est=2.560
[INFO] [1788472415.021707349] [acados_nmpc_node]: [attach-window] t=54.66s pos_err=0.085m T=23.58N z=5.909 m_est=2.560
[INFO] [1788472415.073423260] [acados_nmpc_node]: [attach-window] t=54.70s pos_err=0.107m T=22.31N z=5.910 m_est=2.470
[INFO] [1788472415.121693778] [acados_nmpc_node]: [attach-window] t=54.76s pos_err=0.055m T=21.89N z=5.914 m_est=2.470
[INFO] [1788472415.133370759] [acados_nmpc_node]: [wcmd] raw=[-0.258,-0.243,+0.126] w=[-0.181,-0.323,-0.187] err=[-0.077,+0.080] scaled=[-0.489,-0.003] s=4.01
[INFO] [1788472415.166675328] [acados_nmpc_node]: [attach-window] t=54.80s pos_err=0.078m T=21.14N z=5.916 m_est=2.404
[INFO] [1788472415.244982091] [acados_nmpc_node]: [attach-window] t=54.86s pos_err=0.162m T=20.88N z=5.917 m_est=2.404
[INFO] [1788472415.268159415] [acados_nmpc_node]: [attach-window] t=54.90s pos_err=0.088m T=20.72N z=5.919 m_est=2.351
[INFO] [1788472415.322464147] [acados_nmpc_node]: [attach-window] t=54.96s pos_err=0.180m T=20.61N z=5.919 m_est=2.351
[INFO] [1788472415.353386577] [acados_nmpc_node]: [wcmd] raw=[-0.076,+0.226,+0.213] w=[-0.243,+0.187,+0.244] err=[+0.166,+0.039] scaled=[+0.480,+0.357] s=4.35
[INFO] [1788472415.366584106] [acados_nmpc_node]: [attach-window] t=55.00s pos_err=0.077m T=20.96N z=5.915 m_est=2.318
[INFO] [1788472415.421717697] [acados_nmpc_node]: [attach-window] t=55.06s pos_err=0.054m T=21.29N z=5.908 m_est=2.318
[INFO] [1788472415.466472499] [acados_nmpc_node]: [attach-window] t=55.10s pos_err=0.098m T=21.11N z=5.904 m_est=2.293
[INFO] [1788472415.521581391] [acados_nmpc_node]: [attach-window] t=55.16s pos_err=0.186m T=21.10N z=5.899 m_est=2.293
[INFO] [1788472415.553378310] [acados_nmpc_node]: [wcmd] raw=[+0.118,+0.013,+0.163] w=[+0.215,-0.521,-0.012] err=[-0.097,+0.534] scaled=[-0.206,+1.800] s=4.35
[INFO] [1788472415.574842668] [acados_nmpc_node]: [attach-window] t=55.20s pos_err=0.095m T=21.03N z=5.886 m_est=2.289
[INFO] [1788472415.622748184] [acados_nmpc_node]: [attach-window] t=55.26s pos_err=0.184m T=20.54N z=5.880 m_est=2.289
[INFO] [1788472415.666480924] [acados_nmpc_node]: [attach-window] t=55.30s pos_err=0.120m T=21.92N z=5.865 m_est=2.285
[INFO] [1788472415.722369229] [acados_nmpc_node]: [attach-window] t=55.36s pos_err=0.206m T=21.98N z=5.857 m_est=2.285
[INFO] [1788472415.753345379] [acados_nmpc_node]: [wcmd] raw=[-0.068,+0.272,+0.179] w=[+0.002,+0.131,+0.321] err=[-0.070,+0.141] scaled=[-0.299,+0.736] s=4.28
[INFO] [1788472415.766339719] [acados_nmpc_node]: [attach-window] t=55.40s pos_err=0.117m T=22.71N z=5.835 m_est=2.281
[INFO] [1788472415.826606753] [acados_nmpc_node]: [attach-window] t=55.46s pos_err=0.202m T=22.71N z=5.825 m_est=2.281
[INFO] [1788472415.899593389] [acados_nmpc_node]: [attach-window] t=55.50s pos_err=0.139m T=22.99N z=5.805 m_est=2.279
[INFO] [1788472415.922147732] [acados_nmpc_node]: [attach-window] t=55.56s pos_err=0.099m T=23.15N z=5.782 m_est=2.279
[INFO] [1788472415.922634700] [acados_nmpc_node]: t=55.6s | pos_err=0.099m | T=23.15N | tau=[r-0.154 p-0.284 y-0.055]Nm | res_stat=1.453e-07(peak 6.719e-05) sqp_iter=5 | solve=2.6ms
[INFO] [1788472415.922851818] [acados_nmpc_node]: [flight-diag] t=55.6s | om_scale=4.233(lo 2.745 hi 4.634) | tilt_max=11.09deg | w_max=[r0.312 p0.521 y1.122]rad/s | u_frac=[T0.739 r1.000 p1.000 y1.000] | u_sat=[T0.0 r7.0 p22.0 y1.0]% | mot_peak=1.000 mot_sat=3.9% | health=na age=na conf=na | n=100
[INFO] [1788472415.966347046] [acados_nmpc_node]: [attach-window] t=55.60s pos_err=0.136m T=23.15N z=5.772 m_est=2.284
[INFO] [1788472415.973378107] [acados_nmpc_node]: [wcmd] raw=[+0.023,-0.268,+0.091] w=[-0.054,-0.094,+0.127] err=[+0.077,-0.174] scaled=[+0.271,-0.827] s=4.21
[INFO] [1788472416.022159296] [acados_nmpc_node]: [attach-window] t=55.66s pos_err=0.213m T=22.99N z=5.763 m_est=2.284
[INFO] [1788472416.066514338] [acados_nmpc_node]: [attach-window] t=55.70s pos_err=0.135m T=22.54N z=5.743 m_est=2.289
[INFO] [1788472416.122048736] [acados_nmpc_node]: [attach-window] t=55.76s pos_err=0.206m T=22.21N z=5.735 m_est=2.289
[INFO] [1788472416.166432277] [acados_nmpc_node]: [attach-window] t=55.80s pos_err=0.151m T=23.20N z=5.718 m_est=2.294
[INFO] [1788472416.173356157] [acados_nmpc_node]: [wcmd] raw=[-0.059,+0.060,+0.203] w=[+0.001,-0.038,+0.197] err=[-0.060,+0.098] scaled=[-0.250,+0.372] s=4.18
[INFO] [1788472416.222214114] [acados_nmpc_node]: [attach-window] t=55.86s pos_err=0.220m T=23.09N z=5.709 m_est=2.294
[INFO] [1788472416.266372291] [acados_nmpc_node]: [attach-window] t=55.90s pos_err=0.164m T=23.42N z=5.692 m_est=2.299
[INFO] [1788472416.325703771] [acados_nmpc_node]: [attach-window] t=55.96s pos_err=0.207m T=23.32N z=5.681 m_est=2.299
[INFO] [1788472416.366243368] [acados_nmpc_node]: [attach-window] t=56.00s pos_err=0.154m T=23.43N z=5.664 m_est=2.304
[INFO] [1788472416.373398917] [acados_nmpc_node]: [wcmd] raw=[-0.059,-0.172,+0.228] w=[-0.108,+0.146,+0.279] err=[+0.050,-0.318] scaled=[+0.100,-1.188] s=4.20
[INFO] [1788472416.426797176] [acados_nmpc_node]: [attach-window] t=56.06s pos_err=0.216m T=23.32N z=5.657 m_est=2.304
[INFO] [1788472416.465467833] [acados_nmpc_node]: [attach-window] t=56.10s pos_err=0.163m T=23.30N z=5.642 m_est=2.308
[INFO] [1788472416.522256011] [acados_nmpc_node]: [attach-window] t=56.16s pos_err=0.201m T=23.10N z=5.633 m_est=2.308
[INFO] [1788472416.566298206] [acados_nmpc_node]: [attach-window] t=56.20s pos_err=0.152m T=23.12N z=5.619 m_est=2.309
[INFO] [1788472416.573351349] [acados_nmpc_node]: [wcmd] raw=[-0.024,-0.099,+0.315] w=[-0.082,-0.194,+0.136] err=[+0.058,+0.095] scaled=[+0.165,+0.208] s=4.25
[INFO] [1788472416.625859757] [acados_nmpc_node]: [attach-window] t=56.26s pos_err=0.207m T=22.95N z=5.613 m_est=2.309
[INFO] [1788472416.666412580] [acados_nmpc_node]: [attach-window] t=56.30s pos_err=0.157m T=23.10N z=5.600 m_est=2.311
[INFO] [1788472416.718733603] [acados_nmpc_node]: [dJ_online] m_est=2.311 m_p=0.247 ratchet=0.496 floor=0.050 -> m_p_model=0.247(track) dJ=0.0487 | gain_base=0.403 c_xy=[-0.93,-1.23]cm
[INFO] [1788472416.726618207] [acados_nmpc_node]: [attach-window] t=56.36s pos_err=0.210m T=22.99N z=5.594 m_est=2.311
[INFO] [1788472416.766201038] [acados_nmpc_node]: [attach-window] t=56.40s pos_err=0.143m T=23.12N z=5.580 m_est=2.313
[INFO] [1788472416.773313095] [acados_nmpc_node]: [wcmd] raw=[-0.014,-0.209,+0.417] w=[-0.041,-0.084,+0.265] err=[+0.027,-0.126] scaled=[+0.075,-0.624] s=4.30
[INFO] [1788472416.824646899] [acados_nmpc_node]: [attach-window] t=56.45s pos_err=0.190m T=23.02N z=5.574 m_est=2.313
[INFO] [1788472416.866291641] [acados_nmpc_node]: [attach-window] t=56.50s pos_err=0.146m T=23.11N z=5.562 m_est=2.312
[INFO] [1788472416.922050573] [acados_nmpc_node]: [attach-window] t=56.56s pos_err=0.192m T=22.97N z=5.556 m_est=2.312
[INFO] [1788472416.966250807] [acados_nmpc_node]: [attach-window] t=56.60s pos_err=0.135m T=23.19N z=5.543 m_est=2.314
[INFO] [1788472416.973293638] [acados_nmpc_node]: [wcmd] raw=[+0.024,-0.105,+0.558] w=[-0.052,-0.089,+0.363] err=[+0.076,-0.016] scaled=[+0.277,-0.157] s=4.34
[INFO] [1788472417.022759622] [acados_nmpc_node]: [attach-window] t=56.66s pos_err=0.175m T=23.10N z=5.537 m_est=2.314
[INFO] [1788472417.066492368] [acados_nmpc_node]: [attach-window] t=56.70s pos_err=0.137m T=23.25N z=5.524 m_est=2.318
[INFO] [1788472417.122150550] [acados_nmpc_node]: [attach-window] t=56.76s pos_err=0.175m T=23.17N z=5.518 m_est=2.318
[INFO] [1788472417.166208661] [acados_nmpc_node]: [attach-window] t=56.80s pos_err=0.128m T=23.37N z=5.504 m_est=2.323
[INFO] [1788472417.173343496] [acados_nmpc_node]: [wcmd] raw=[+0.031,-0.136,+0.661] w=[+0.011,-0.139,+0.448] err=[+0.019,+0.003] scaled=[+0.096,-0.127] s=4.39
[INFO] [1788472417.221569580] [acados_nmpc_node]: [attach-window] t=56.86s pos_err=0.119m T=23.42N z=5.491 m_est=2.323
[INFO] [1788472417.266232801] [acados_nmpc_node]: [attach-window] t=56.90s pos_err=0.130m T=23.42N z=5.484 m_est=2.327
[INFO] [1788472417.321533766] [acados_nmpc_node]: [attach-window] t=56.96s pos_err=0.159m T=23.32N z=5.478 m_est=2.327
[INFO] [1788472417.366214448] [acados_nmpc_node]: [attach-window] t=57.00s pos_err=0.122m T=23.49N z=5.463 m_est=2.328
[INFO] [1788472417.373402025] [acados_nmpc_node]: [wcmd] raw=[-0.011,-0.016,+0.798] w=[+0.025,-0.026,+0.632] err=[-0.036,+0.010] scaled=[-0.136,+0.019] s=4.45
[INFO] [1788472417.421618417] [acados_nmpc_node]: [attach-window] t=57.06s pos_err=0.145m T=23.38N z=5.457 m_est=2.328
[INFO] [1788472417.466376339] [acados_nmpc_node]: [attach-window] t=57.10s pos_err=0.120m T=23.41N z=5.445 m_est=2.323
[INFO] [1788472417.521426299] [acados_nmpc_node]: [attach-window] t=57.16s pos_err=0.141m T=23.33N z=5.439 m_est=2.323
[INFO] [1788472417.566253949] [acados_nmpc_node]: [attach-window] t=57.20s pos_err=0.111m T=23.39N z=5.427 m_est=2.325
[INFO] [1788472417.573341003] [acados_nmpc_node]: [wcmd] raw=[-0.005,-0.107,+0.880] w=[-0.080,-0.067,+0.694] err=[+0.075,-0.040] scaled=[+0.258,-0.246] s=4.51
[INFO] [1788472417.621493073] [acados_nmpc_node]: [attach-window] t=57.26s pos_err=0.127m T=23.29N z=5.422 m_est=2.325
[INFO] [1788472417.666260103] [acados_nmpc_node]: [attach-window] t=57.30s pos_err=0.108m T=23.31N z=5.412 m_est=2.324
[INFO] [1788472417.721801883] [acados_nmpc_node]: [attach-window] t=57.36s pos_err=0.123m T=23.23N z=5.407 m_est=2.324
[INFO] [1788472417.766228825] [acados_nmpc_node]: [attach-window] t=57.40s pos_err=0.100m T=23.29N z=5.396 m_est=2.321
[INFO] [1788472417.773475914] [acados_nmpc_node]: [wcmd] raw=[+0.061,-0.076,+0.986] w=[-0.027,+0.048,+0.873] err=[+0.089,-0.124] scaled=[+0.377,-0.517] s=4.54
[INFO] [1788472417.821936848] [acados_nmpc_node]: [attach-window] t=57.46s pos_err=0.110m T=23.26N z=5.392 m_est=2.321
[INFO] [1788472417.866423987] [acados_nmpc_node]: [attach-window] t=57.50s pos_err=0.095m T=23.16N z=5.382 m_est=2.315
[INFO] [1788472417.921657322] [acados_nmpc_node]: [attach-window] t=57.56s pos_err=0.105m T=23.12N z=5.378 m_est=2.315
[INFO] [1788472417.996939915] [acados_nmpc_node]: [attach-window] t=57.60s pos_err=0.089m T=23.12N z=5.368 m_est=2.312
[INFO] [1788472417.997502297] [acados_nmpc_node]: [wcmd] raw=[+0.017,-0.066,+1.006] w=[+0.022,-0.156,+0.880] err=[-0.005,+0.090] scaled=[-0.001,+0.250] s=4.54
[INFO] [1788472418.021587388] [acados_nmpc_node]: [attach-window] t=57.66s pos_err=0.092m T=23.08N z=5.364 m_est=2.312
[INFO] [1788472418.097566808] [acados_nmpc_node]: [attach-window] t=57.70s pos_err=0.082m T=23.19N z=5.356 m_est=2.312
[INFO] [1788472418.150048554] [acados_nmpc_node]: [attach-window] t=57.76s pos_err=0.086m T=23.21N z=5.351 m_est=2.312
[INFO] [1788472418.165513376] [acados_nmpc_node]: [attach-window] t=57.80s pos_err=0.077m T=23.25N z=5.342 m_est=2.311
[INFO] [1788472418.221472631] [acados_nmpc_node]: [attach-window] t=57.86s pos_err=0.072m T=23.30N z=5.338 m_est=2.311
[INFO] [1788472418.233369379] [acados_nmpc_node]: [wcmd] raw=[-0.007,-0.085,+1.012] w=[-0.005,-0.047,+1.019] err=[-0.002,-0.038] scaled=[-0.013,-0.219] s=4.51
[INFO] [1788472418.266406778] [acados_nmpc_node]: [attach-window] t=57.90s pos_err=0.067m T=23.21N z=5.331 m_est=2.315
[INFO] [1788472418.321558561] [acados_nmpc_node]: [attach-window] t=57.96s pos_err=0.060m T=23.07N z=5.327 m_est=2.315
[INFO] [1788472418.366357944] [acados_nmpc_node]: [attach-window] t=58.00s pos_err=0.060m T=23.14N z=5.321 m_est=2.324
[INFO] [1788472418.421975228] [acados_nmpc_node]: [attach-window] t=58.06s pos_err=0.053m T=23.14N z=5.318 m_est=2.324
[INFO] [1788472418.433425312] [acados_nmpc_node]: [wcmd] raw=[-0.047,+0.109,+0.894] w=[-0.011,+0.065,+1.095] err=[-0.036,+0.044] scaled=[-0.174,+0.262] s=4.52
[INFO] [1788472418.466416442] [acados_nmpc_node]: [attach-window] t=58.10s pos_err=0.056m T=23.26N z=5.312 m_est=2.329
[INFO] [1788472418.521840868] [acados_nmpc_node]: [attach-window] t=58.16s pos_err=0.048m T=23.28N z=5.310 m_est=2.329
[INFO] [1788472418.566462502] [acados_nmpc_node]: [attach-window] t=58.20s pos_err=0.045m T=23.09N z=5.304 m_est=2.331
[INFO] [1788472418.621957256] [acados_nmpc_node]: [attach-window] t=58.26s pos_err=0.038m T=23.04N z=5.302 m_est=2.331
[INFO] [1788472418.633462939] [acados_nmpc_node]: [wcmd] raw=[-0.028,+0.011,+0.671] w=[-0.020,-0.100,+0.914] err=[-0.008,+0.111] scaled=[-0.057,+0.405] s=4.54
[INFO] [1788472418.666577364] [acados_nmpc_node]: [attach-window] t=58.30s pos_err=0.032m T=22.91N z=5.299 m_est=2.333
[INFO] [1788472418.719661664] [acados_nmpc_node]: [attach-window] t=58.35s pos_err=0.029m T=22.86N z=5.297 m_est=2.333
[INFO] [1788472418.765566436] [acados_nmpc_node]: [attach-window] t=58.40s pos_err=0.029m T=22.86N z=5.294 m_est=2.331
[INFO] [1788472418.819008106] [acados_nmpc_node]: [attach-window] t=58.45s pos_err=0.034m T=22.93N z=5.292 m_est=2.331
[INFO] [1788472418.833486632] [acados_nmpc_node]: [wcmd] raw=[-0.015,+0.019,+0.477] w=[+0.025,+0.078,+0.860] err=[-0.040,-0.059] scaled=[-0.160,-0.193] s=4.59
[INFO] [1788472418.866357721] [acados_nmpc_node]: [attach-window] t=58.50s pos_err=0.018m T=22.83N z=5.289 m_est=2.329
[INFO] [1788472418.921744660] [acados_nmpc_node]: [attach-window] t=58.56s pos_err=0.049m T=22.87N z=5.287 m_est=2.329
[INFO] [1788472418.966303286] [acados_nmpc_node]: [attach-window] t=58.60s pos_err=0.017m T=22.81N z=5.283 m_est=2.328
[INFO] [1788472419.019356812] [acados_nmpc_node]: [attach-window] t=58.65s pos_err=0.044m T=22.83N z=5.281 m_est=2.328
[INFO] [1788472419.033352729] [acados_nmpc_node]: [wcmd] raw=[-0.037,+0.030,+0.317] w=[-0.021,-0.014,+0.629] err=[-0.016,+0.044] scaled=[-0.095,+0.189] s=4.62
[INFO] [1788472419.065722025] [acados_nmpc_node]: [attach-window] t=58.70s pos_err=0.016m T=22.83N z=5.276 m_est=2.326
[INFO] [1788472419.121864115] [acados_nmpc_node]: [attach-window] t=58.76s pos_err=0.064m T=22.93N z=5.274 m_est=2.326
[INFO] [1788472419.166033807] [acados_nmpc_node]: [attach-window] t=58.80s pos_err=0.016m T=22.85N z=5.269 m_est=2.323
[INFO] [1788472419.221783227] [acados_nmpc_node]: [attach-window] t=58.86s pos_err=0.063m T=22.94N z=5.267 m_est=2.323
[INFO] [1788472419.233438753] [acados_nmpc_node]: [wcmd] raw=[-0.022,-0.020,+0.213] w=[-0.017,-0.052,+0.430] err=[-0.005,+0.031] scaled=[-0.042,+0.093] s=4.62
[INFO] [1788472419.266043051] [acados_nmpc_node]: [attach-window] t=58.90s pos_err=0.016m T=22.78N z=5.262 m_est=2.322
[INFO] [1788472419.321530844] [acados_nmpc_node]: [attach-window] t=58.96s pos_err=0.061m T=22.87N z=5.260 m_est=2.322
[INFO] [1788472419.366001503] [acados_nmpc_node]: [attach-window] t=59.00s pos_err=0.024m T=22.80N z=5.256 m_est=2.320
[INFO] [1788472419.422230466] [acados_nmpc_node]: [attach-window] t=59.06s pos_err=0.080m T=22.86N z=5.254 m_est=2.320
[INFO] [1788472419.433347285] [acados_nmpc_node]: [wcmd] raw=[-0.016,+0.020,+0.180] w=[+0.012,-0.062,+0.298] err=[-0.028,+0.081] scaled=[-0.118,+0.314] s=4.62
[INFO] [1788472419.466110229] [acados_nmpc_node]: [attach-window] t=59.10s pos_err=0.023m T=22.86N z=5.249 m_est=2.319
[INFO] [1788472419.521882178] [acados_nmpc_node]: [attach-window] t=59.16s pos_err=0.097m T=22.98N z=5.248 m_est=2.319
[INFO] [1788472419.566077526] [acados_nmpc_node]: [attach-window] t=59.20s pos_err=0.036m T=22.90N z=5.243 m_est=2.317
[INFO] [1788472419.621793322] [acados_nmpc_node]: [attach-window] t=59.26s pos_err=0.096m T=22.96N z=5.241 m_est=2.317
[INFO] [1788472419.633354654] [acados_nmpc_node]: [wcmd] raw=[-0.021,+0.008,+0.182] w=[-0.008,-0.025,+0.229] err=[-0.013,+0.034] scaled=[-0.068,+0.130] s=4.59
[INFO] [1788472419.679995078] [acados_nmpc_node]: [attach-window] t=59.30s pos_err=0.033m T=22.82N z=5.238 m_est=2.315
[INFO] [1788472419.721676862] [acados_nmpc_node]: [attach-window] t=59.36s pos_err=0.114m T=22.93N z=5.237 m_est=2.315
[INFO] [1788472419.778193642] [acados_nmpc_node]: [attach-window] t=59.40s pos_err=0.049m T=22.82N z=5.233 m_est=2.314
[INFO] [1788472419.821560463] [acados_nmpc_node]: [attach-window] t=59.46s pos_err=0.112m T=22.88N z=5.232 m_est=2.314
[INFO] [1788472419.833369681] [acados_nmpc_node]: [wcmd] raw=[-0.004,-0.014,+0.214] w=[-0.005,-0.044,+0.185] err=[+0.001,+0.030] scaled=[+0.001,+0.091] s=4.57
[INFO] [1788472419.876542327] [acados_nmpc_node]: [attach-window] t=59.50s pos_err=0.065m T=22.81N z=5.229 m_est=2.313
[INFO] [1788472419.921873217] [acados_nmpc_node]: [attach-window] t=59.56s pos_err=0.130m T=22.91N z=5.227 m_est=2.313
[INFO] [1788472419.977256351] [acados_nmpc_node]: [attach-window] t=59.60s pos_err=0.061m T=22.86N z=5.224 m_est=2.311
[INFO] [1788472420.022030861] [acados_nmpc_node]: [attach-window] t=59.66s pos_err=0.127m T=22.96N z=5.222 m_est=2.311
[INFO] [1788472420.033443781] [acados_nmpc_node]: [wcmd] raw=[-0.001,-0.042,+0.258] w=[+0.012,-0.049,+0.190] err=[-0.013,+0.007] scaled=[-0.047,-0.017] s=4.54
[INFO] [1788472420.079578558] [acados_nmpc_node]: [attach-window] t=59.70s pos_err=0.077m T=22.90N z=5.219 m_est=2.310
[INFO] [1788472420.121889825] [acados_nmpc_node]: [attach-window] t=59.76s pos_err=0.144m T=22.94N z=5.218 m_est=2.310
[INFO] [1788472420.178171920] [acados_nmpc_node]: [attach-window] t=59.80s pos_err=0.072m T=22.94N z=5.215 m_est=2.312
[INFO] [1788472420.250636100] [acados_nmpc_node]: [attach-window] t=59.86s pos_err=0.139m T=22.99N z=5.214 m_est=2.312
[INFO] [1788472420.253297211] [acados_nmpc_node]: [wcmd] raw=[-0.014,-0.048,+0.310] w=[-0.000,-0.098,+0.211] err=[-0.014,+0.050] scaled=[-0.063,+0.128] s=4.50
[INFO] [1788472420.266830509] [acados_nmpc_node]: [attach-window] t=59.90s pos_err=0.089m T=22.99N z=5.212 m_est=2.313
[INFO] [1788472420.322343166] [acados_nmpc_node]: [attach-window] t=59.96s pos_err=0.156m T=22.97N z=5.211 m_est=2.313
[INFO] [1788472420.366612111] [acados_nmpc_node]: [attach-window] t=60.00s pos_err=0.084m T=23.03N z=5.209 m_est=2.313
[INFO] [1788472420.422421894] [acados_nmpc_node]: [attach-window] t=60.06s pos_err=0.151m T=22.89N z=5.208 m_est=2.313
[INFO] [1788472420.453458892] [acados_nmpc_node]: [wcmd] raw=[-0.031,-0.045,+0.344] w=[-0.008,-0.052,+0.284] err=[-0.024,+0.007] scaled=[-0.113,-0.021] s=4.48
[INFO] [1788472420.466611562] [acados_nmpc_node]: [attach-window] t=60.10s pos_err=0.101m T=23.10N z=5.207 m_est=2.315
[INFO] [1788472420.521905635] [acados_nmpc_node]: [attach-window] t=60.16s pos_err=0.145m T=23.19N z=5.205 m_est=2.315
[INFO] [1788472420.566525353] [acados_nmpc_node]: [attach-window] t=60.20s pos_err=0.096m T=23.26N z=5.203 m_est=2.318
[INFO] [1788472420.622049835] [acados_nmpc_node]: [attach-window] t=60.26s pos_err=0.163m T=23.23N z=5.202 m_est=2.318
[INFO] [1788472420.653473029] [acados_nmpc_node]: [wcmd] raw=[-0.034,-0.022,+0.352] w=[-0.015,-0.102,+0.291] err=[-0.019,+0.080] scaled=[-0.101,+0.256] s=4.48
[INFO] [1788472420.666843625] [acados_nmpc_node]: [attach-window] t=60.30s pos_err=0.114m T=23.24N z=5.201 m_est=2.316
[INFO] [1788472420.722081574] [acados_nmpc_node]: [attach-window] t=60.36s pos_err=0.181m T=23.11N z=5.201 m_est=2.316
[INFO] [1788472420.766520060] [acados_nmpc_node]: [attach-window] t=60.40s pos_err=0.111m T=23.20N z=5.200 m_est=2.316
[INFO] [1788472420.821982008] [acados_nmpc_node]: [attach-window] t=60.46s pos_err=0.093m T=23.19N z=5.201 m_est=2.316
[INFO] [1788472420.853381763] [acados_nmpc_node]: [wcmd] raw=[+0.016,-0.219,+0.326] w=[-0.020,-0.083,+0.319] err=[+0.036,-0.136] scaled=[+0.141,-0.692] s=4.49
[INFO] [1788472420.866457156] [acados_nmpc_node]: [attach-window] t=60.50s pos_err=0.128m T=23.18N z=5.201 m_est=2.315
[INFO] [1788472420.922246478] [acados_nmpc_node]: [attach-window] t=60.56s pos_err=0.194m T=23.00N z=5.201 m_est=2.315
[INFO] [1788472420.922745186] [acados_nmpc_node]: t=60.6s | pos_err=0.194m | T=23.00N | tau=[r-0.374 p0.500 y0.025]Nm | res_stat=5.695e-07(peak 6.719e-05) sqp_iter=5 | solve=3.0ms
[INFO] [1788472420.922947201] [acados_nmpc_node]: [flight-diag] t=60.6s | om_scale=4.492(lo 4.179 hi 4.626) | tilt_max=10.15deg | w_max=[r0.109 p0.551 y1.121]rad/s | u_frac=[T0.580 r0.832 p1.000 y0.823] | u_sat=[T0.0 r0.0 p13.0 y0.0]% | mot_peak=1.000 mot_sat=2.2% | health=na age=na conf=na | n=100
[INFO] [1788472420.966484328] [acados_nmpc_node]: [attach-window] t=60.60s pos_err=0.126m T=22.57N z=5.203 m_est=2.308
[INFO] [1788472421.022186444] [acados_nmpc_node]: [attach-window] t=60.66s pos_err=0.190m T=22.07N z=5.204 m_est=2.308
[INFO] [1788472421.053406870] [acados_nmpc_node]: [wcmd] raw=[-0.057,-0.084,+0.384] w=[-0.026,-0.005,+0.387] err=[-0.031,-0.079] scaled=[-0.167,-0.360] s=4.48
[INFO] [1788472421.066500476] [acados_nmpc_node]: [attach-window] t=60.70s pos_err=0.143m T=22.91N z=5.207 m_est=2.304
[INFO] [1788472421.121883757] [acados_nmpc_node]: [attach-window] t=60.76s pos_err=0.206m T=22.95N z=5.208 m_est=2.304
[INFO] [1788472421.197328584] [acados_nmpc_node]: [attach-window] t=60.80s pos_err=0.140m T=23.13N z=5.210 m_est=2.301
[INFO] [1788472421.221575628] [acados_nmpc_node]: [attach-window] t=60.86s pos_err=0.201m T=23.17N z=5.211 m_est=2.301
[INFO] [1788472421.266180173] [acados_nmpc_node]: [attach-window] t=60.90s pos_err=0.136m T=23.23N z=5.212 m_est=2.303
[INFO] [1788472421.273346295] [acados_nmpc_node]: [wcmd] raw=[+0.041,-0.187,+0.368] w=[-0.029,+0.137,+0.454] err=[+0.071,-0.324] scaled=[+0.283,-1.298] s=4.43
[INFO] [1788472421.322722353] [acados_nmpc_node]: [attach-window] t=60.96s pos_err=0.214m T=23.32N z=5.213 m_est=2.303
[INFO] [1788472421.366320892] [acados_nmpc_node]: [attach-window] t=61.00s pos_err=0.150m T=23.06N z=5.216 m_est=2.309
[INFO] [1788472421.422266291] [acados_nmpc_node]: [attach-window] t=61.06s pos_err=0.207m T=22.95N z=5.218 m_est=2.309
[INFO] [1788472421.466860063] [acados_nmpc_node]: [attach-window] t=61.10s pos_err=0.163m T=22.88N z=5.223 m_est=2.314
[INFO] [1788472421.473402355] [acados_nmpc_node]: [wcmd] raw=[-0.018,-0.115,+0.408] w=[+0.000,-0.262,+0.259] err=[-0.019,+0.147] scaled=[-0.082,+0.386] s=4.41
[INFO] [1788472421.522317901] [acados_nmpc_node]: [attach-window] t=61.16s pos_err=0.217m T=22.82N z=5.225 m_est=2.314
[INFO] [1788472421.566437116] [acados_nmpc_node]: [attach-window] t=61.20s pos_err=0.154m T=23.00N z=5.232 m_est=2.319
[INFO] [1788472421.622306448] [acados_nmpc_node]: [attach-window] t=61.26s pos_err=0.204m T=23.07N z=5.234 m_est=2.319
[INFO] [1788472421.666610929] [acados_nmpc_node]: [attach-window] t=61.30s pos_err=0.161m T=23.02N z=5.240 m_est=2.322
[INFO] [1788472421.673477392] [acados_nmpc_node]: [wcmd] raw=[-0.003,-0.190,+0.492] w=[-0.058,-0.084,+0.391] err=[+0.055,-0.106] scaled=[+0.185,-0.553] s=4.43
[INFO] [1788472421.718699456] [acados_nmpc_node]: [dJ_online] m_est=2.322 m_p=0.258 ratchet=0.496 floor=0.050 -> m_p_model=0.258(track) dJ=0.0506 | gain_base=0.403 c_xy=[-1.28,-1.45]cm
[INFO] [1788472421.722156280] [acados_nmpc_node]: [attach-window] t=61.36s pos_err=0.190m T=23.04N z=5.244 m_est=2.322
[INFO] [1788472421.766547905] [acados_nmpc_node]: [attach-window] t=61.40s pos_err=0.151m T=23.02N z=5.250 m_est=2.325
[INFO] [1788472421.822145363] [acados_nmpc_node]: [attach-window] t=61.46s pos_err=0.194m T=23.03N z=5.253 m_est=2.325
[INFO] [1788472421.866781395] [acados_nmpc_node]: [attach-window] t=61.50s pos_err=0.156m T=23.08N z=5.259 m_est=2.326
[INFO] [1788472421.873479763] [acados_nmpc_node]: [wcmd] raw=[+0.005,-0.085,+0.612] w=[-0.020,-0.114,+0.454] err=[+0.026,+0.029] scaled=[+0.094,+0.015] s=4.47
[INFO] [1788472421.922596366] [acados_nmpc_node]: [attach-window] t=61.56s pos_err=0.196m T=23.13N z=5.263 m_est=2.326
[INFO] [1788472421.966431795] [acados_nmpc_node]: [attach-window] t=61.60s pos_err=0.147m T=23.12N z=5.269 m_est=2.325
[INFO] [1788472422.022035618] [acados_nmpc_node]: [attach-window] t=61.66s pos_err=0.182m T=23.19N z=5.272 m_est=2.325
[INFO] [1788472422.066437879] [acados_nmpc_node]: [attach-window] t=61.70s pos_err=0.150m T=23.12N z=5.278 m_est=2.323
[INFO] [1788472422.073351968] [acados_nmpc_node]: [wcmd] raw=[-0.003,-0.144,+0.710] w=[-0.028,-0.106,+0.534] err=[+0.025,-0.038] scaled=[+0.085,-0.277] s=4.51
[INFO] [1788472422.122667303] [acados_nmpc_node]: [attach-window] t=61.76s pos_err=0.182m T=23.15N z=5.281 m_est=2.323
[INFO] [1788472422.166537657] [acados_nmpc_node]: [attach-window] t=61.80s pos_err=0.143m T=23.13N z=5.288 m_est=2.323
[INFO] [1788472422.221685317] [acados_nmpc_node]: [attach-window] t=61.86s pos_err=0.169m T=23.17N z=5.292 m_est=2.323
[INFO] [1788472422.266775527] [acados_nmpc_node]: [attach-window] t=61.90s pos_err=0.145m T=23.19N z=5.298 m_est=2.322
[INFO] [1788472422.273374903] [acados_nmpc_node]: [wcmd] raw=[+0.007,-0.075,+0.844] w=[-0.052,+0.015,+0.701] err=[+0.060,-0.089] scaled=[+0.218,-0.391] s=4.54
[INFO] [1788472422.321921432] [acados_nmpc_node]: [attach-window] t=61.96s pos_err=0.133m T=23.15N z=5.305 m_est=2.322
[INFO] [1788472422.366485394] [acados_nmpc_node]: [attach-window] t=62.00s pos_err=0.139m T=23.16N z=5.309 m_est=2.320
[INFO] [1788472422.421871162] [acados_nmpc_node]: [attach-window] t=62.06s pos_err=0.157m T=23.18N z=5.312 m_est=2.320
[INFO] [1788472422.465657667] [acados_nmpc_node]: [attach-window] t=62.10s pos_err=0.139m T=22.80N z=5.319 m_est=2.322
[INFO] [1788472422.473379411] [acados_nmpc_node]: [wcmd] raw=[-0.049,-0.109,+0.934] w=[+0.039,-0.304,+0.651] err=[-0.089,+0.195] scaled=[-0.366,+0.587] s=4.57
[INFO] [1788472422.521728196] [acados_nmpc_node]: [attach-window] t=62.16s pos_err=0.157m T=22.62N z=5.323 m_est=2.322
[INFO] [1788472422.566439415] [acados_nmpc_node]: [attach-window] t=62.20s pos_err=0.136m T=23.57N z=5.329 m_est=2.324
[INFO] [1788472422.621739903] [acados_nmpc_node]: [attach-window] t=62.26s pos_err=0.149m T=23.70N z=5.332 m_est=2.324
[INFO] [1788472422.666469528] [acados_nmpc_node]: [attach-window] t=62.30s pos_err=0.136m T=23.76N z=5.337 m_est=2.326
[INFO] [1788472422.673461643] [acados_nmpc_node]: [wcmd] raw=[+0.042,+0.040,+1.005] w=[-0.104,+0.134,+0.970] err=[+0.146,-0.094] scaled=[+0.565,-0.297] s=4.58
[INFO] [1788472422.722005333] [acados_nmpc_node]: [attach-window] t=62.36s pos_err=0.143m T=23.79N z=5.340 m_est=2.326
[INFO] [1788472422.766340683] [acados_nmpc_node]: [attach-window] t=62.40s pos_err=0.134m T=23.62N z=5.347 m_est=2.330
[INFO] [1788472422.821691639] [acados_nmpc_node]: [attach-window] t=62.46s pos_err=0.142m T=23.67N z=5.351 m_est=2.330
[INFO] [1788472422.865651112] [acados_nmpc_node]: [attach-window] t=62.50s pos_err=0.134m T=23.36N z=5.360 m_est=2.333
[INFO] [1788472422.873334405] [acados_nmpc_node]: [wcmd] raw=[+0.023,-0.094,+0.966] w=[+0.061,-0.093,+0.927] err=[-0.038,-0.001] scaled=[-0.112,-0.099] s=4.59
[INFO] [1788472422.919199857] [acados_nmpc_node]: [attach-window] t=62.55s pos_err=0.136m T=23.36N z=5.365 m_est=2.333
[INFO] [1788472422.965546636] [acados_nmpc_node]: [attach-window] t=62.60s pos_err=0.133m T=23.22N z=5.376 m_est=2.336
[INFO] [1788472423.021904797] [acados_nmpc_node]: [attach-window] t=62.66s pos_err=0.134m T=23.32N z=5.381 m_est=2.336
[INFO] [1788472423.066514692] [acados_nmpc_node]: [attach-window] t=62.70s pos_err=0.130m T=23.24N z=5.392 m_est=2.338
[INFO] [1788472423.073356764] [acados_nmpc_node]: [wcmd] raw=[-0.023,-0.090,+0.895] w=[-0.069,+0.018,+1.012] err=[+0.046,-0.108] scaled=[+0.143,-0.482] s=4.63
[INFO] [1788472423.121644747] [acados_nmpc_node]: [attach-window] t=62.76s pos_err=0.129m T=23.37N z=5.397 m_est=2.338
[INFO] [1788472423.165465932] [acados_nmpc_node]: [attach-window] t=62.80s pos_err=0.129m T=23.18N z=5.409 m_est=2.339
[INFO] [1788472423.221783790] [acados_nmpc_node]: [attach-window] t=62.86s pos_err=0.120m T=23.31N z=5.415 m_est=2.339
[INFO] [1788472423.266370043] [acados_nmpc_node]: [attach-window] t=62.90s pos_err=0.129m T=23.06N z=5.427 m_est=2.340
[INFO] [1788472423.273353381] [acados_nmpc_node]: [wcmd] raw=[+0.008,-0.161,+0.735] w=[-0.052,-0.117,+0.923] err=[+0.060,-0.043] scaled=[+0.228,-0.320] s=4.65
[INFO] [1788472423.321721395] [acados_nmpc_node]: [attach-window] t=62.96s pos_err=0.111m T=23.20N z=5.433 m_est=2.340
[INFO] [1788472423.366413090] [acados_nmpc_node]: [attach-window] t=63.00s pos_err=0.121m T=23.05N z=5.445 m_est=2.340
[INFO] [1788472423.421919674] [acados_nmpc_node]: [attach-window] t=63.06s pos_err=0.099m T=23.19N z=5.451 m_est=2.340
[INFO] [1788472423.466516922] [acados_nmpc_node]: [attach-window] t=63.10s pos_err=0.111m T=23.10N z=5.463 m_est=2.341
[INFO] [1788472423.473347526] [acados_nmpc_node]: [wcmd] raw=[-0.033,-0.064,+0.568] w=[-0.025,-0.041,+0.895] err=[-0.008,-0.023] scaled=[-0.063,-0.149] s=4.70
[INFO] [1788472423.521639677] [acados_nmpc_node]: [attach-window] t=63.16s pos_err=0.085m T=23.24N z=5.469 m_est=2.341
[INFO] [1788472423.566333099] [acados_nmpc_node]: [attach-window] t=63.20s pos_err=0.113m T=23.05N z=5.483 m_est=2.340
[INFO] [1788472423.621510035] [acados_nmpc_node]: [attach-window] t=63.25s pos_err=0.077m T=23.22N z=5.490 m_est=2.340
[INFO] [1788472423.666392929] [acados_nmpc_node]: [attach-window] t=63.30s pos_err=0.102m T=22.95N z=5.503 m_est=2.337
[INFO] [1788472423.673360382] [acados_nmpc_node]: [wcmd] raw=[-0.002,-0.110,+0.362] w=[-0.052,-0.048,+0.736] err=[+0.050,-0.062] scaled=[+0.183,-0.340] s=4.73
[INFO] [1788472423.721680555] [acados_nmpc_node]: [attach-window] t=63.36s pos_err=0.072m T=23.02N z=5.512 m_est=2.337
[INFO] [1788472423.766518765] [acados_nmpc_node]: [attach-window] t=63.40s pos_err=0.107m T=22.79N z=5.525 m_est=2.335
[INFO] [1788472423.821865245] [acados_nmpc_node]: [attach-window] t=63.46s pos_err=0.058m T=22.94N z=5.532 m_est=2.335
[INFO] [1788472423.866691568] [acados_nmpc_node]: [attach-window] t=63.50s pos_err=0.114m T=22.74N z=5.548 m_est=2.333
[INFO] [1788472423.873379189] [acados_nmpc_node]: [wcmd] raw=[+0.033,-0.126,+0.206] w=[+0.036,-0.025,+0.572] err=[-0.003,-0.100] scaled=[+0.022,-0.502] s=4.74
[INFO] [1788472423.922116303] [acados_nmpc_node]: [attach-window] t=63.56s pos_err=0.042m T=23.01N z=5.553 m_est=2.333
[INFO] [1788472423.966538892] [acados_nmpc_node]: [attach-window] t=63.60s pos_err=0.102m T=22.70N z=5.568 m_est=2.329
[INFO] [1788472424.022083111] [acados_nmpc_node]: [attach-window] t=63.66s pos_err=0.042m T=22.86N z=5.575 m_est=2.329
[INFO] [1788472424.066403045] [acados_nmpc_node]: [attach-window] t=63.70s pos_err=0.090m T=22.60N z=5.588 m_est=2.325
[INFO] [1788472424.073384788] [acados_nmpc_node]: [wcmd] raw=[+0.005,-0.101,+0.096] w=[+0.022,-0.013,+0.388] err=[-0.017,-0.087] scaled=[-0.060,-0.426] s=4.72
[INFO] [1788472424.122000871] [acados_nmpc_node]: [attach-window] t=63.76s pos_err=0.026m T=22.81N z=5.595 m_est=2.325
[INFO] [1788472424.166409076] [acados_nmpc_node]: [attach-window] t=63.80s pos_err=0.098m T=22.53N z=5.611 m_est=2.320
[INFO] [1788472424.221825064] [acados_nmpc_node]: [attach-window] t=63.86s pos_err=0.031m T=22.76N z=5.617 m_est=2.320
[INFO] [1788472424.266523830] [acados_nmpc_node]: [attach-window] t=63.90s pos_err=0.084m T=22.51N z=5.631 m_est=2.316
[INFO] [1788472424.273380455] [acados_nmpc_node]: [wcmd] raw=[+0.024,-0.137,+0.038] w=[+0.010,-0.062,+0.198] err=[+0.015,-0.075] scaled=[+0.078,-0.413] s=4.68
[INFO] [1788472424.336366687] [acados_nmpc_node]: [attach-window] t=63.96s pos_err=0.015m T=22.71N z=5.638 m_est=2.316
[INFO] [1788472424.366380193] [acados_nmpc_node]: [attach-window] t=64.00s pos_err=0.093m T=22.50N z=5.654 m_est=2.312
[INFO] [1788472424.421908625] [acados_nmpc_node]: [attach-window] t=64.06s pos_err=0.023m T=22.67N z=5.661 m_est=2.312
[INFO] [1788472424.466441429] [acados_nmpc_node]: [attach-window] t=64.10s pos_err=0.102m T=22.48N z=5.676 m_est=2.309
[INFO] [1788472424.493376918] [acados_nmpc_node]: [wcmd] raw=[+0.030,-0.173,+0.039] w=[+0.037,-0.063,+0.091] err=[-0.007,-0.110] scaled=[+0.004,-0.568] s=4.60
[INFO] [1788472424.522142279] [acados_nmpc_node]: [attach-window] t=64.16s pos_err=0.030m T=22.72N z=5.683 m_est=2.309
[INFO] [1788472424.566062550] [acados_nmpc_node]: [attach-window] t=64.20s pos_err=0.086m T=22.58N z=5.696 m_est=2.308
[INFO] [1788472424.621737195] [acados_nmpc_node]: [attach-window] t=64.26s pos_err=0.022m T=22.69N z=5.702 m_est=2.308
[INFO] [1788472424.666160655] [acados_nmpc_node]: [attach-window] t=64.30s pos_err=0.069m T=22.75N z=5.714 m_est=2.309
[INFO] [1788472424.693453772] [acados_nmpc_node]: [wcmd] raw=[+0.035,-0.075,+0.065] w=[+0.030,-0.053,+0.054] err=[+0.005,-0.023] scaled=[+0.053,-0.155] s=4.54
[INFO] [1788472424.742980203] [acados_nmpc_node]: [attach-window] t=64.36s pos_err=0.029m T=22.81N z=5.720 m_est=2.309
[INFO] [1788472424.780936189] [acados_nmpc_node]: [attach-window] t=64.40s pos_err=0.076m T=22.94N z=5.732 m_est=2.313
[INFO] [1788472424.837391327] [acados_nmpc_node]: [attach-window] t=64.46s pos_err=0.030m T=23.17N z=5.738 m_est=2.313
[INFO] [1788472424.866016938] [acados_nmpc_node]: [attach-window] t=64.50s pos_err=0.082m T=22.96N z=5.750 m_est=2.314
[INFO] [1788472424.927945109] [acados_nmpc_node]: [attach-window] t=64.55s pos_err=0.031m T=23.10N z=5.756 m_est=2.314
[INFO] [1788472424.933470851] [acados_nmpc_node]: [wcmd] raw=[+0.030,-0.005,+0.085] w=[+0.041,-0.057,+0.036] err=[-0.011,+0.052] scaled=[-0.007,+0.177] s=4.49
[INFO] [1788472424.965548599] [acados_nmpc_node]: [attach-window] t=64.60s pos_err=0.063m T=22.79N z=5.768 m_est=2.307
[INFO] [1788472425.019090614] [acados_nmpc_node]: [attach-window] t=64.65s pos_err=0.091m T=22.59N z=5.781 m_est=2.307
[INFO] [1788472425.065508804] [acados_nmpc_node]: [attach-window] t=64.70s pos_err=0.046m T=22.60N z=5.787 m_est=2.291
[INFO] [1788472425.119465470] [acados_nmpc_node]: [attach-window] t=64.75s pos_err=0.096m T=22.48N z=5.802 m_est=2.291
[INFO] [1788472425.133344112] [acados_nmpc_node]: [wcmd] raw=[+0.046,-0.157,+0.100] w=[+0.038,-0.178,-0.001] err=[+0.009,+0.022] scaled=[+0.076,-0.083] s=4.43
[INFO] [1788472425.165565298] [acados_nmpc_node]: [attach-window] t=64.80s pos_err=0.050m T=22.30N z=5.809 m_est=2.260
[INFO] [1788472425.219349350] [acados_nmpc_node]: [attach-window] t=64.85s pos_err=0.064m T=21.97N z=5.815 m_est=2.260
[INFO] [1788472425.265632269] [acados_nmpc_node]: [attach-window] t=64.90s pos_err=0.040m T=22.24N z=5.827 m_est=2.218
[INFO] [1788472425.319274874] [acados_nmpc_node]: [attach-window] t=64.95s pos_err=0.091m T=22.31N z=5.832 m_est=2.218
[INFO] [1788472425.333477781] [acados_nmpc_node]: [wcmd] raw=[+0.028,+0.269,+0.116] w=[+0.040,+0.128,+0.189] err=[-0.012,+0.140] scaled=[-0.009,+0.715] s=4.18
[INFO] [1788472425.365654251] [acados_nmpc_node]: [attach-window] t=65.00s pos_err=0.043m T=22.21N z=5.843 m_est=2.161
[INFO] [1788472425.420772913] [acados_nmpc_node]: [attach-window] t=65.05s pos_err=0.056m T=22.30N z=5.852 m_est=2.161
[INFO] [1788472425.465803346] [acados_nmpc_node]: [attach-window] t=65.10s pos_err=0.050m T=22.54N z=5.856 m_est=2.161
[WARN] [1788472425.518775858] [acados_nmpc_node]: t=65.2s | [cmd-verify] ATTACH 未兑现?: attach 后已 58.8s,m_p=0.000kg 仍 < 0.030 (m̂=2.030, m_B=2.064)。可能没抓上/中途掉了,而模型仍按带载几何飞。⚠️ m̂ 触下界时这里也会报(触界是约束截断值),看 MHE 日志确认是真没货还是估计器撞界。本检查只告警不动控制。
[INFO] [1788472425.521751352] [acados_nmpc_node]: [attach-window] t=65.16s pos_err=0.126m T=21.64N z=5.860 m_est=2.030
[INFO] [1788472425.533441524] [acados_nmpc_node]: [wcmd] raw=[+0.041,+0.092,+0.027] w=[+0.020,-0.361,-0.105] err=[+0.021,+0.454] scaled=[+0.102,+1.400] s=3.88
[INFO] [1788472425.566380005] [acados_nmpc_node]: [attach-window] t=65.20s pos_err=0.056m T=21.30N z=5.870 m_est=2.030
[INFO] [1788472425.621768498] [acados_nmpc_node]: [attach-window] t=65.26s pos_err=0.129m T=21.10N z=5.874 m_est=2.030
[INFO] [1788472425.665684194] [acados_nmpc_node]: [attach-window] t=65.30s pos_err=0.064m T=21.91N z=5.881 m_est=2.030
[INFO] [1788472425.721276598] [acados_nmpc_node]: [attach-window] t=65.36s pos_err=0.132m T=22.38N z=5.884 m_est=2.030
[INFO] [1788472425.733326519] [acados_nmpc_node]: [wcmd] raw=[+0.043,+0.092,+0.054] w=[+0.060,+0.397,+0.294] err=[-0.018,-0.306] scaled=[-0.004,-0.698] s=3.58
[INFO] [1788472425.765701745] [acados_nmpc_node]: [attach-window] t=65.40s pos_err=0.085m T=22.48N z=5.889 m_est=2.030
[INFO] [1788472425.821093598] [acados_nmpc_node]: [attach-window] t=65.46s pos_err=0.159m T=22.27N z=5.891 m_est=1.961
[INFO] [1788472425.865743010] [acados_nmpc_node]: [attach-window] t=65.50s pos_err=0.095m T=22.14N z=5.895 m_est=1.961
[INFO] [1788472425.921480163] [acados_nmpc_node]: [attach-window] t=65.56s pos_err=0.189m T=22.59N z=5.896 m_est=1.961
[INFO] [1788472425.921974008] [acados_nmpc_node]: t=65.6s | pos_err=0.189m | T=22.59N | tau=[r-0.151 p0.393 y0.042]Nm | res_stat=4.049e-07(peak 6.719e-05) sqp_iter=5 | solve=2.1ms
[INFO] [1788472425.922176785] [acados_nmpc_node]: [flight-diag] t=65.6s | om_scale=3.343(lo 3.343 hi 4.744) | tilt_max=10.48deg | w_max=[r0.113 p0.544 y1.012]rad/s | u_frac=[T0.587 r1.000 p1.000 y0.795] | u_sat=[T0.0 r1.0 p24.0 y0.0]% | mot_peak=1.000 mot_sat=4.8% | health=na age=na conf=na | n=100
[INFO] [1788472425.933357371] [acados_nmpc_node]: [wcmd] raw=[+0.029,+0.097,-0.041] w=[+0.023,-0.356,-0.140] err=[+0.005,+0.453] scaled=[+0.041,+1.132] s=3.28
[INFO] [1788472425.966040636] [acados_nmpc_node]: [attach-window] t=65.60s pos_err=0.121m T=22.69N z=5.900 m_est=1.961
[INFO] [1788472426.021339606] [acados_nmpc_node]: [attach-window] t=65.66s pos_err=0.192m T=22.93N z=5.901 m_est=1.961
[INFO] [1788472426.065669112] [acados_nmpc_node]: [attach-window] t=65.70s pos_err=0.146m T=23.03N z=5.905 m_est=1.961
[INFO] [1788472426.121423105] [acados_nmpc_node]: [attach-window] t=65.76s pos_err=0.219m T=23.33N z=5.906 m_est=1.961
[INFO] [1788472426.133294822] [acados_nmpc_node]: [wcmd] raw=[+0.039,+0.017,-0.021] w=[+0.040,+0.171,+0.133] err=[-0.002,-0.154] scaled=[+0.035,-0.288] s=2.98
[INFO] [1788472426.165939538] [acados_nmpc_node]: [attach-window] t=65.80s pos_err=0.154m T=23.15N z=5.910 m_est=1.961
[INFO] [1788472426.218964317] [acados_nmpc_node]: [attach-window] t=65.85s pos_err=0.214m T=23.48N z=5.912 m_est=1.961
[INFO] [1788472426.265386720] [acados_nmpc_node]: [attach-window] t=65.90s pos_err=0.177m T=23.32N z=5.917 m_est=1.961
[INFO] [1788472426.321087954] [acados_nmpc_node]: [attach-window] t=65.96s pos_err=0.242m T=23.54N z=5.920 m_est=1.961
[INFO] [1788472426.333354349] [acados_nmpc_node]: [wcmd] raw=[+0.048,-0.014,-0.084] w=[+0.036,-0.346,-0.162] err=[+0.012,+0.332] scaled=[+0.069,+0.545] s=2.68
[INFO] [1788472426.365886083] [acados_nmpc_node]: [attach-window] t=66.00s pos_err=0.183m T=23.42N z=5.926 m_est=1.961
[INFO] [1788472426.421305546] [acados_nmpc_node]: [attach-window] t=66.06s pos_err=0.242m T=23.53N z=5.929 m_est=1.961
[INFO] [1788472426.465941536] [acados_nmpc_node]: [attach-window] t=66.10s pos_err=0.203m T=23.47N z=5.935 m_est=1.961
[INFO] [1788472426.521815735] [acados_nmpc_node]: [attach-window] t=66.16s pos_err=0.263m T=23.56N z=5.939 m_est=1.961
[INFO] [1788472426.533366210] [acados_nmpc_node]: [wcmd] raw=[+0.052,+0.145,-0.069] w=[+0.060,+0.048,+0.051] err=[-0.008,+0.097] scaled=[+0.041,+0.281] s=2.39
[INFO] [1788472426.565877896] [acados_nmpc_node]: [attach-window] t=66.20s pos_err=0.207m T=23.46N z=5.947 m_est=1.961
[INFO] [1788472426.621651594] [acados_nmpc_node]: [attach-window] t=66.26s pos_err=0.261m T=23.61N z=5.951 m_est=1.961
[INFO] [1788472426.666054266] [acados_nmpc_node]: [attach-window] t=66.30s pos_err=0.224m T=23.47N z=5.959 m_est=1.961
[INFO] [1788472426.718962803] [acados_nmpc_node]: [dJ_online] m_est=1.961 m_p=0.000 ratchet=0.496 floor=0.050 -> m_p_model=0.050(floor) dJ=0.0108 | gain_base=0.403 c_xy=[+0.00,+0.00]cm
[INFO] [1788472426.722060926] [acados_nmpc_node]: [attach-window] t=66.36s pos_err=0.280m T=23.61N z=5.964 m_est=1.961
[INFO] [1788472426.733508933] [acados_nmpc_node]: [wcmd] raw=[+0.038,-0.019,-0.144] w=[+0.051,-0.074,-0.066] err=[-0.013,+0.055] scaled=[+0.023,+0.046] s=2.18
[INFO] [1788472426.765889064] [acados_nmpc_node]: [attach-window] t=66.40s pos_err=0.226m T=23.42N z=5.975 m_est=1.961
[INFO] [1788472426.821624699] [acados_nmpc_node]: [attach-window] t=66.46s pos_err=0.277m T=23.54N z=5.980 m_est=1.961
[INFO] [1788472426.865866408] [acados_nmpc_node]: [attach-window] t=66.50s pos_err=0.228m T=23.36N z=5.992 m_est=1.961
[INFO] [1788472426.921591230] [acados_nmpc_node]: [attach-window] t=66.56s pos_err=0.291m T=23.49N z=5.996 m_est=1.961
[INFO] [1788472426.933471366] [acados_nmpc_node]: [wcmd] raw=[+0.055,+0.079,-0.179] w=[+0.040,-0.129,-0.134] err=[+0.015,+0.208] scaled=[+0.071,+0.297] s=2.04
[INFO] [1788472426.965877991] [acados_nmpc_node]: [attach-window] t=66.60s pos_err=0.238m T=23.39N z=6.008 m_est=1.961
[INFO] [1788472427.021309697] [acados_nmpc_node]: [attach-window] t=66.66s pos_err=0.285m T=23.43N z=6.014 m_est=1.961
[INFO] [1788472427.066220252] [acados_nmpc_node]: [attach-window] t=66.70s pos_err=0.238m T=23.35N z=6.026 m_est=1.961
[INFO] [1788472427.122003358] [acados_nmpc_node]: [attach-window] t=66.76s pos_err=0.282m T=23.43N z=6.032 m_est=1.961
[INFO] [1788472427.133448044] [acados_nmpc_node]: [wcmd] raw=[+0.074,+0.042,-0.210] w=[+0.056,+0.002,-0.101] err=[+0.018,+0.041] scaled=[+0.090,+0.081] s=1.95
[INFO] [1788472427.165887412] [acados_nmpc_node]: [attach-window] t=66.80s pos_err=0.247m T=23.39N z=6.044 m_est=1.961
[INFO] [1788472427.221471846] [acados_nmpc_node]: [attach-window] t=66.86s pos_err=0.292m T=23.46N z=6.049 m_est=1.961
[INFO] [1788472427.265986117] [acados_nmpc_node]: [attach-window] t=66.90s pos_err=0.257m T=23.45N z=6.060 m_est=1.961
[INFO] [1788472427.321490750] [acados_nmpc_node]: [attach-window] t=66.96s pos_err=0.286m T=23.49N z=6.067 m_est=1.961
[INFO] [1788472427.333416791] [acados_nmpc_node]: [wcmd] raw=[+0.092,-0.007,-0.271] w=[+0.075,-0.025,-0.170] err=[+0.016,+0.018] scaled=[+0.106,+0.009] s=1.89
[INFO] [1788472427.365909281] [acados_nmpc_node]: [attach-window] t=67.00s pos_err=0.253m T=23.46N z=6.079 m_est=1.961
[INFO] [1788472427.421711271] [acados_nmpc_node]: [attach-window] t=67.06s pos_err=0.297m T=23.55N z=6.084 m_est=1.961
[INFO] [1788472427.465632238] [acados_nmpc_node]: [attach-window] t=67.10s pos_err=0.262m T=23.55N z=6.095 m_est=1.961
[INFO] [1788472427.521535868] [acados_nmpc_node]: [attach-window] t=67.16s pos_err=0.306m T=26.04N z=6.100 m_est=2.195
[INFO] [1788472427.533351900] [acados_nmpc_node]: [wcmd] raw=[+0.095,+0.011,-0.331] w=[+0.089,-0.060,-0.245] err=[+0.006,+0.071] scaled=[+0.101,+0.077] s=1.93
[WARN] [1788472427.613092527] [acados_nmpc_node]: t=67.20s | KKT residual abnormal! res_stat=1.727e+00 res_eq=1.149e-05 res_ineq=0.000e+00 res_comp=1.182e-09 | sqp_iter=100 | peak res_stat=1.727e+00
[WARN] [1788472427.613586756] [acados_nmpc_node]: acados solve failed [status=2, 1 consecutive] | x_cur pos=[5.16800261 3.81250381 6.11193275] vel=[2.52822113 1.90438926 0.18762052] |q|=1.0000
[INFO] [1788472427.614117806] [acados_nmpc_node]: [attach-window] t=67.20s pos_err=0.259m T=26.04N z=6.112 m_est=2.269
[INFO] [1788472427.640079880] [acados_nmpc_node]: [attach-window] t=67.26s pos_err=0.369m T=0.50N z=6.112 m_est=2.269
[INFO] [1788472427.669075813] [acados_nmpc_node]: [attach-window] t=67.30s pos_err=0.263m T=26.52N z=6.132 m_est=2.347
[INFO] [1788472427.722355925] [acados_nmpc_node]: [attach-window] t=67.36s pos_err=0.301m T=26.87N z=6.141 m_est=2.347
[INFO] [1788472427.766841758] [acados_nmpc_node]: [attach-window] t=67.40s pos_err=0.256m T=27.95N z=6.153 m_est=2.397
[INFO] [1788472427.793325165] [acados_nmpc_node]: [wcmd] raw=[+0.005,-0.281,-0.399] w=[+0.014,-0.015,-0.295] err=[-0.009,-0.266] scaled=[-0.011,-0.782] s=2.88
[INFO] [1788472427.822253173] [acados_nmpc_node]: [attach-window] t=67.46s pos_err=0.291m T=27.49N z=6.159 m_est=2.397
[INFO] [1788472427.866868376] [acados_nmpc_node]: [attach-window] t=67.50s pos_err=0.244m T=27.99N z=6.179 m_est=2.612
[INFO] [1788472427.922394929] [acados_nmpc_node]: [attach-window] t=67.56s pos_err=0.272m T=27.26N z=6.191 m_est=2.612
[INFO] [1788472427.966768874] [acados_nmpc_node]: [attach-window] t=67.60s pos_err=0.228m T=25.28N z=6.221 m_est=2.599
[INFO] [1788472427.993360763] [acados_nmpc_node]: [wcmd] raw=[+0.030,-0.116,-0.452] w=[+0.049,-0.249,-0.456] err=[-0.019,+0.133] scaled=[-0.020,+0.226] s=3.58
[INFO] [1788472428.022489106] [acados_nmpc_node]: [attach-window] t=67.66s pos_err=0.255m T=24.39N z=6.239 m_est=2.599
[INFO] [1788472428.066439178] [acados_nmpc_node]: [attach-window] t=67.70s pos_err=0.187m T=22.12N z=6.287 m_est=2.545
[INFO] [1788472428.122581096] [acados_nmpc_node]: [attach-window] t=67.76s pos_err=0.214m T=21.59N z=6.309 m_est=2.545
[INFO] [1788472428.166845510] [acados_nmpc_node]: [attach-window] t=67.80s pos_err=0.158m T=20.15N z=6.356 m_est=2.464
[INFO] [1788472428.193501037] [acados_nmpc_node]: [wcmd] raw=[-0.020,-0.048,-0.554] w=[+0.034,+0.052,-0.356] err=[-0.053,-0.100] scaled=[-0.182,-0.351] s=4.05
[INFO] [1788472428.222299041] [acados_nmpc_node]: [attach-window] t=67.86s pos_err=0.194m T=20.05N z=6.379 m_est=2.464
[INFO] [1788472428.266507901] [acados_nmpc_node]: [attach-window] t=67.90s pos_err=0.144m T=19.45N z=6.423 m_est=2.397
[INFO] [1788472428.322103994] [acados_nmpc_node]: [attach-window] t=67.96s pos_err=0.186m T=19.66N z=6.443 m_est=2.397
[INFO] [1788472428.366499004] [acados_nmpc_node]: [attach-window] t=68.00s pos_err=0.130m T=19.72N z=6.482 m_est=2.350
[INFO] [1788472428.393403090] [acados_nmpc_node]: [wcmd] raw=[+0.011,-0.074,-0.703] w=[-0.008,-0.006,-0.501] err=[+0.019,-0.068] scaled=[+0.076,-0.302] s=4.35
[INFO] [1788472428.421785933] [acados_nmpc_node]: [attach-window] t=68.06s pos_err=0.172m T=20.10N z=6.497 m_est=2.350
[INFO] [1788472428.466247322] [acados_nmpc_node]: [attach-window] t=68.10s pos_err=0.137m T=20.46N z=6.522 m_est=2.320
[INFO] [1788472428.522119923] [acados_nmpc_node]: [attach-window] t=68.16s pos_err=0.177m T=20.89N z=6.532 m_est=2.320
[INFO] [1788472428.566155263] [acados_nmpc_node]: [attach-window] t=68.20s pos_err=0.129m T=21.45N z=6.549 m_est=2.305
[INFO] [1788472428.593410421] [acados_nmpc_node]: [wcmd] raw=[+0.014,-0.093,-0.840] w=[+0.057,-0.035,-0.642] err=[-0.043,-0.058] scaled=[-0.135,-0.290] s=4.43
[INFO] [1788472428.621744282] [acados_nmpc_node]: [attach-window] t=68.26s pos_err=0.164m T=21.86N z=6.554 m_est=2.305
[INFO] [1788472428.665939378] [acados_nmpc_node]: [attach-window] t=68.30s pos_err=0.130m T=22.32N z=6.562 m_est=2.299
[INFO] [1788472428.721471611] [acados_nmpc_node]: [attach-window] t=68.36s pos_err=0.164m T=22.65N z=6.565 m_est=2.299
[INFO] [1788472428.766086625] [acados_nmpc_node]: [attach-window] t=68.40s pos_err=0.118m T=23.02N z=6.570 m_est=2.300
[INFO] [1788472428.793481530] [acados_nmpc_node]: [wcmd] raw=[-0.028,-0.093,-0.947] w=[+0.036,-0.038,-0.795] err=[-0.064,-0.055] scaled=[-0.246,-0.281] s=4.40
[INFO] [1788472428.821388080] [acados_nmpc_node]: [attach-window] t=68.46s pos_err=0.149m T=23.27N z=6.571 m_est=2.300
[INFO] [1788472428.866186981] [acados_nmpc_node]: [attach-window] t=68.50s pos_err=0.107m T=23.41N z=6.574 m_est=2.306
[INFO] [1788472428.921527067] [acados_nmpc_node]: [attach-window] t=68.56s pos_err=0.148m T=23.60N z=6.575 m_est=2.306
[INFO] [1788472428.966174727] [acados_nmpc_node]: [attach-window] t=68.60s pos_err=0.106m T=23.60N z=6.579 m_est=2.312
[INFO] [1788472428.993418160] [acados_nmpc_node]: [wcmd] raw=[-0.021,-0.080,-0.995] w=[-0.014,-0.067,-0.948] err=[-0.008,-0.013] scaled=[-0.048,-0.126] s=4.39
[INFO] [1788472429.021535226] [acados_nmpc_node]: [attach-window] t=68.66s pos_err=0.135m T=23.67N z=6.581 m_est=2.312
[INFO] [1788472429.066305990] [acados_nmpc_node]: [attach-window] t=68.70s pos_err=0.107m T=23.59N z=6.586 m_est=2.319
[INFO] [1788472429.121867469] [acados_nmpc_node]: [attach-window] t=68.76s pos_err=0.136m T=23.65N z=6.589 m_est=2.319
[INFO] [1788472429.166414607] [acados_nmpc_node]: [attach-window] t=68.80s pos_err=0.099m T=23.46N z=6.597 m_est=2.324
[INFO] [1788472429.193412918] [acados_nmpc_node]: [wcmd] raw=[-0.026,-0.110,-0.968] w=[+0.021,+0.001,-1.002] err=[-0.047,-0.111] scaled=[-0.189,-0.491] s=4.43
[INFO] [1788472429.221784006] [acados_nmpc_node]: [attach-window] t=68.86s pos_err=0.125m T=23.51N z=6.601 m_est=2.324
[INFO] [1788472429.266345056] [acados_nmpc_node]: [attach-window] t=68.90s pos_err=0.099m T=23.30N z=6.609 m_est=2.328
[INFO] [1788472429.321685194] [acados_nmpc_node]: [attach-window] t=68.96s pos_err=0.125m T=23.34N z=6.614 m_est=2.328
[INFO] [1788472429.365621264] [acados_nmpc_node]: [attach-window] t=69.00s pos_err=0.091m T=23.10N z=6.625 m_est=2.331
[INFO] [1788472429.393336666] [acados_nmpc_node]: [wcmd] raw=[-0.033,-0.100,-0.854] w=[-0.006,-0.050,-1.067] err=[-0.027,-0.051] scaled=[-0.126,-0.276] s=4.49
[INFO] [1788472429.419310882] [acados_nmpc_node]: [attach-window] t=69.05s pos_err=0.112m T=23.16N z=6.630 m_est=2.331
[INFO] [1788472429.465677793] [acados_nmpc_node]: [attach-window] t=69.10s pos_err=0.091m T=23.00N z=6.640 m_est=2.333
[INFO] [1788472429.519118076] [acados_nmpc_node]: [attach-window] t=69.15s pos_err=0.112m T=23.09N z=6.645 m_est=2.333
[INFO] [1788472429.565675141] [acados_nmpc_node]: [attach-window] t=69.20s pos_err=0.085m T=22.88N z=6.656 m_est=2.334
[INFO] [1788472429.593296017] [acados_nmpc_node]: [wcmd] raw=[-0.018,-0.140,-0.683] w=[-0.013,-0.065,-1.034] err=[-0.006,-0.075] scaled=[-0.038,-0.406] s=4.54
[INFO] [1788472429.619241625] [acados_nmpc_node]: [attach-window] t=69.25s pos_err=0.102m T=22.96N z=6.662 m_est=2.334
[INFO] [1788472429.665621984] [acados_nmpc_node]: [attach-window] t=69.30s pos_err=0.084m T=22.78N z=6.672 m_est=2.334
[INFO] [1788472429.719062553] [acados_nmpc_node]: [attach-window] t=69.35s pos_err=0.103m T=22.86N z=6.678 m_est=2.334
[INFO] [1788472429.765655545] [acados_nmpc_node]: [attach-window] t=69.40s pos_err=0.078m T=22.71N z=6.689 m_est=2.333
[INFO] [1788472429.793303988] [acados_nmpc_node]: [wcmd] raw=[-0.013,-0.120,-0.481] w=[+0.004,-0.001,-0.879] err=[-0.017,-0.119] scaled=[-0.072,-0.547] s=4.57
[INFO] [1788472429.819172865] [acados_nmpc_node]: [attach-window] t=69.45s pos_err=0.095m T=22.83N z=6.694 m_est=2.333
[INFO] [1788472429.865612369] [acados_nmpc_node]: [attach-window] t=69.50s pos_err=0.077m T=22.74N z=6.703 m_est=2.337
[INFO] [1788472429.919660041] [acados_nmpc_node]: [attach-window] t=69.55s pos_err=0.098m T=22.86N z=6.708 m_est=2.337
[INFO] [1788472429.966573259] [acados_nmpc_node]: [attach-window] t=69.60s pos_err=0.072m T=22.73N z=6.717 m_est=2.343
[INFO] [1788472429.993372959] [acados_nmpc_node]: [wcmd] raw=[-0.006,-0.136,-0.313] w=[+0.006,-0.094,-0.761] err=[-0.012,-0.043] scaled=[-0.051,-0.291] s=4.62
[INFO] [1788472430.022243122] [acados_nmpc_node]: [attach-window] t=69.66s pos_err=0.092m T=22.83N z=6.721 m_est=2.343
[INFO] [1788472430.066383390] [acados_nmpc_node]: [attach-window] t=69.70s pos_err=0.071m T=22.75N z=6.729 m_est=2.348
[INFO] [1788472430.121710910] [acados_nmpc_node]: [attach-window] t=69.76s pos_err=0.096m T=22.86N z=6.733 m_est=2.348
[INFO] [1788472430.166359906] [acados_nmpc_node]: [attach-window] t=69.80s pos_err=0.066m T=22.73N z=6.741 m_est=2.351
[INFO] [1788472430.193489263] [acados_nmpc_node]: [wcmd] raw=[-0.004,-0.166,-0.186] w=[+0.004,-0.025,-0.535] err=[-0.008,-0.140] scaled=[-0.033,-0.683] s=4.70
[INFO] [1788472430.221403414] [acados_nmpc_node]: [attach-window] t=69.86s pos_err=0.089m T=22.85N z=6.744 m_est=2.351
[INFO] [1788472430.266406789] [acados_nmpc_node]: [attach-window] t=69.90s pos_err=0.065m T=22.65N z=6.751 m_est=2.349
[INFO] [1788472430.322033378] [acados_nmpc_node]: [attach-window] t=69.96s pos_err=0.095m T=22.71N z=6.754 m_est=2.349
[INFO] [1788472430.366412064] [acados_nmpc_node]: [attach-window] t=70.00s pos_err=0.060m T=22.51N z=6.761 m_est=2.346
[INFO] [1788472430.393378442] [acados_nmpc_node]: [wcmd] raw=[-0.002,-0.144,-0.119] w=[+0.011,-0.100,-0.395] err=[-0.014,-0.044] scaled=[-0.055,-0.311] s=4.76
[INFO] [1788472430.422094148] [acados_nmpc_node]: [attach-window] t=70.06s pos_err=0.088m T=22.60N z=6.765 m_est=2.346
[INFO] [1788472430.465971310] [acados_nmpc_node]: [attach-window] t=70.10s pos_err=0.060m T=22.45N z=6.771 m_est=2.340
[INFO] [1788472430.521565056] [acados_nmpc_node]: [attach-window] t=70.16s pos_err=0.096m T=22.57N z=6.774 m_est=2.340
[INFO] [1788472430.566003332] [acados_nmpc_node]: [attach-window] t=70.20s pos_err=0.054m T=22.41N z=6.780 m_est=2.335
[INFO] [1788472430.593412104] [acados_nmpc_node]: [wcmd] raw=[+0.008,-0.177,-0.115] w=[+0.012,-0.088,-0.253] err=[-0.005,-0.090] scaled=[-0.010,-0.516] s=4.78
[INFO] [1788472430.621666347] [acados_nmpc_node]: [attach-window] t=70.26s pos_err=0.090m T=22.52N z=6.783 m_est=2.335
[INFO] [1788472430.665928454] [acados_nmpc_node]: [attach-window] t=70.30s pos_err=0.056m T=22.39N z=6.788 m_est=2.330
[INFO] [1788472430.722196331] [acados_nmpc_node]: [attach-window] t=70.36s pos_err=0.085m T=22.46N z=6.791 m_est=2.330
[INFO] [1788472430.765878573] [acados_nmpc_node]: [attach-window] t=70.40s pos_err=0.050m T=22.44N z=6.795 m_est=2.326
[INFO] [1788472430.793408898] [acados_nmpc_node]: [wcmd] raw=[-0.004,-0.151,-0.144] w=[+0.019,-0.055,-0.156] err=[-0.023,-0.096] scaled=[-0.091,-0.512] s=4.75
[INFO] [1788472430.821904314] [acados_nmpc_node]: [attach-window] t=70.46s pos_err=0.098m T=22.59N z=6.796 m_est=2.326
[INFO] [1788472430.865863303] [acados_nmpc_node]: [attach-window] t=70.50s pos_err=0.044m T=22.56N z=6.799 m_est=2.324
[INFO] [1788472430.922342448] [acados_nmpc_node]: [attach-window] t=70.56s pos_err=0.095m T=22.66N z=6.799 m_est=2.324
[INFO] [1788472430.922828468] [acados_nmpc_node]: t=70.6s | pos_err=0.095m | T=22.66N | tau=[r-0.279 p0.500 y-0.013]Nm | res_stat=3.002e-08(peak 1.727e+00) sqp_iter=5 | solve=2.7ms
[INFO] [1788472430.923031990] [acados_nmpc_node]: [flight-diag] t=70.6s | om_scale=4.733(lo 1.852 hi 4.777) | tilt_max=9.82deg | w_max=[r0.108 p0.346 y1.078]rad/s | u_frac=[T0.691 r1.000 p1.000 y1.000] | u_sat=[T0.0 r1.0 p6.0 y1.0]% | mot_peak=1.000 mot_sat=1.5% | health=na age=na conf=na | n=100
[INFO] [1788472430.966127064] [acados_nmpc_node]: [attach-window] t=70.60s pos_err=0.052m T=22.62N z=6.800 m_est=2.323
[INFO] [1788472430.993460801] [acados_nmpc_node]: [wcmd] raw=[-0.004,-0.125,-0.197] w=[+0.006,-0.108,-0.158] err=[-0.010,-0.018] scaled=[-0.040,-0.190] s=4.71
[INFO] [1788472431.022045303] [acados_nmpc_node]: [attach-window] t=70.66s pos_err=0.111m T=22.62N z=6.801 m_est=2.323
[INFO] [1788472431.066193815] [acados_nmpc_node]: [attach-window] t=70.70s pos_err=0.066m T=22.73N z=6.801 m_est=2.323
[INFO] [1788472431.122120232] [acados_nmpc_node]: [attach-window] t=70.76s pos_err=0.108m T=22.79N z=6.802 m_est=2.323
[INFO] [1788472431.166055784] [acados_nmpc_node]: [attach-window] t=70.80s pos_err=0.061m T=22.85N z=6.801 m_est=2.324
[INFO] [1788472431.193383581] [acados_nmpc_node]: [wcmd] raw=[-0.021,-0.153,-0.254] w=[+0.012,-0.030,-0.133] err=[-0.034,-0.123] scaled=[-0.144,-0.602] s=4.67
[INFO] [1788472431.221969989] [acados_nmpc_node]: [attach-window] t=70.86s pos_err=0.125m T=22.95N z=6.801 m_est=2.324
[INFO] [1788472431.265361341] [acados_nmpc_node]: [attach-window] t=70.90s pos_err=0.056m T=22.88N z=6.799 m_est=2.326
[INFO] [1788472431.319460487] [acados_nmpc_node]: [attach-window] t=70.95s pos_err=0.116m T=22.86N z=6.799 m_est=2.326
[INFO] [1788472431.365575945] [acados_nmpc_node]: [attach-window] t=71.00s pos_err=0.071m T=22.80N z=6.797 m_est=2.327
[INFO] [1788472431.393363722] [acados_nmpc_node]: [wcmd] raw=[-0.025,-0.153,-0.300] w=[-0.016,-0.132,-0.231] err=[-0.009,-0.021] scaled=[-0.060,-0.231] s=4.64
[INFO] [1788472431.419686948] [acados_nmpc_node]: [attach-window] t=71.05s pos_err=0.133m T=22.70N z=6.797 m_est=2.327
[INFO] [1788472431.466705926] [acados_nmpc_node]: [attach-window] t=71.10s pos_err=0.088m T=22.81N z=6.796 m_est=2.327
[INFO] [1788472431.522336336] [acados_nmpc_node]: [attach-window] t=71.16s pos_err=0.154m T=22.64N z=6.796 m_est=2.327
[INFO] [1788472431.566784757] [acados_nmpc_node]: [attach-window] t=71.20s pos_err=0.083m T=22.88N z=6.794 m_est=2.326
[INFO] [1788472431.593412862] [acados_nmpc_node]: [wcmd] raw=[-0.021,-0.145,-0.320] w=[-0.001,-0.070,-0.233] err=[-0.021,-0.075] scaled=[-0.096,-0.416] s=4.61
[INFO] [1788472431.621992906] [acados_nmpc_node]: [attach-window] t=71.26s pos_err=0.065m T=22.93N z=6.792 m_est=2.326
[INFO] [1788472431.666666072] [acados_nmpc_node]: [attach-window] t=71.30s pos_err=0.099m T=22.92N z=6.791 m_est=2.325
[INFO] [1788472431.718903220] [acados_nmpc_node]: [dJ_online] m_est=2.325 m_p=0.261 ratchet=0.548 floor=0.050 -> m_p_model=0.261(track) dJ=0.0511 | gain_base=0.548 c_xy=[-1.91,-1.36]cm
[INFO] [1788472431.722785132] [acados_nmpc_node]: [attach-window] t=71.36s pos_err=0.165m T=22.52N z=6.790 m_est=2.325
[INFO] [1788472431.766720916] [acados_nmpc_node]: [attach-window] t=71.40s pos_err=0.095m T=22.22N z=6.788 m_est=2.317
[INFO] [1788472431.793422806] [acados_nmpc_node]: [wcmd] raw=[+0.011,-0.140,-0.324] w=[-0.031,-0.206,-0.334] err=[+0.043,+0.066] scaled=[+0.166,+0.097] s=4.60
[INFO] [1788472431.822149646] [acados_nmpc_node]: [attach-window] t=71.46s pos_err=0.160m T=21.61N z=6.788 m_est=2.317
[INFO] [1788472431.866383768] [acados_nmpc_node]: [attach-window] t=71.50s pos_err=0.091m T=22.80N z=6.785 m_est=2.310
[INFO] [1788472431.922242584] [acados_nmpc_node]: [attach-window] t=71.56s pos_err=0.176m T=22.69N z=6.784 m_est=2.310
[INFO] [1788472431.966330178] [acados_nmpc_node]: [attach-window] t=71.60s pos_err=0.108m T=23.02N z=6.780 m_est=2.304
[INFO] [1788472431.993412981] [acados_nmpc_node]: [wcmd] raw=[-0.010,-0.010,-0.347] w=[+0.042,-0.014,-0.250] err=[-0.053,+0.004] scaled=[-0.198,+0.003] s=4.55
[INFO] [1788472432.021698559] [acados_nmpc_node]: [attach-window] t=71.66s pos_err=0.170m T=22.94N z=6.778 m_est=2.304
[INFO] [1788472432.073991605] [acados_nmpc_node]: [attach-window] t=71.70s pos_err=0.123m T=23.05N z=6.773 m_est=2.303
[INFO] [1788472432.121643911] [acados_nmpc_node]: [attach-window] t=71.76s pos_err=0.165m T=23.06N z=6.770 m_est=2.303
[INFO] [1788472432.165947520] [acados_nmpc_node]: [attach-window] t=71.80s pos_err=0.119m T=22.95N z=6.766 m_est=2.304
[INFO] [1788472432.193343326] [acados_nmpc_node]: [wcmd] raw=[-0.009,-0.217,-0.405] w=[-0.017,-0.122,-0.377] err=[+0.008,-0.095] scaled=[+0.018,-0.550] s=4.49
[INFO] [1788472432.221440664] [acados_nmpc_node]: [attach-window] t=71.86s pos_err=0.179m T=22.90N z=6.764 m_est=2.304
[INFO] [1788472432.266465949] [acados_nmpc_node]: [attach-window] t=71.90s pos_err=0.134m T=22.78N z=6.760 m_est=2.306
[INFO] [1788472432.322455244] [acados_nmpc_node]: [attach-window] t=71.96s pos_err=0.193m T=22.55N z=6.759 m_est=2.306
[INFO] [1788472432.366050699] [acados_nmpc_node]: [attach-window] t=72.00s pos_err=0.129m T=22.76N z=6.756 m_est=2.311
[INFO] [1788472432.393439903] [acados_nmpc_node]: [wcmd] raw=[+0.011,-0.142,-0.401] w=[+0.051,+0.001,-0.329] err=[-0.040,-0.143] scaled=[-0.128,-0.635] s=4.44
[INFO] [1788472432.421703113] [acados_nmpc_node]: [attach-window] t=72.06s pos_err=0.185m T=22.77N z=6.755 m_est=2.311
[INFO] [1788472432.465965820] [acados_nmpc_node]: [attach-window] t=72.10s pos_err=0.140m T=22.80N z=6.752 m_est=2.315
[INFO] [1788472432.521475953] [acados_nmpc_node]: [attach-window] t=72.16s pos_err=0.194m T=22.77N z=6.750 m_est=2.315
[INFO] [1788472432.565891342] [acados_nmpc_node]: [attach-window] t=72.20s pos_err=0.133m T=22.81N z=6.747 m_est=2.318
[INFO] [1788472432.593394896] [acados_nmpc_node]: [wcmd] raw=[-0.001,-0.161,-0.452] w=[+0.026,-0.165,-0.449] err=[-0.027,+0.005] scaled=[-0.095,-0.144] s=4.44
[INFO] [1788472432.622217329] [acados_nmpc_node]: [attach-window] t=72.26s pos_err=0.185m T=22.77N z=6.745 m_est=2.318
[INFO] [1788472432.666036201] [acados_nmpc_node]: [attach-window] t=72.30s pos_err=0.142m T=22.83N z=6.741 m_est=2.320
[INFO] [1788472432.721741413] [acados_nmpc_node]: [attach-window] t=72.36s pos_err=0.192m T=22.81N z=6.738 m_est=2.320
[INFO] [1788472432.766088022] [acados_nmpc_node]: [attach-window] t=72.40s pos_err=0.134m T=22.89N z=6.733 m_est=2.320
[INFO] [1788472432.793427969] [acados_nmpc_node]: [wcmd] raw=[+0.014,-0.177,-0.512] w=[+0.030,-0.066,-0.425] err=[-0.017,-0.112] scaled=[-0.045,-0.564] s=4.47
[INFO] [1788472432.821791882] [acados_nmpc_node]: [attach-window] t=72.46s pos_err=0.180m T=22.88N z=6.730 m_est=2.320
[INFO] [1788472432.866063770] [acados_nmpc_node]: [attach-window] t=72.50s pos_err=0.140m T=22.90N z=6.725 m_est=2.319
[INFO] [1788472432.921791313] [acados_nmpc_node]: [attach-window] t=72.56s pos_err=0.169m T=22.88N z=6.721 m_est=2.319
[INFO] [1788472432.966127445] [acados_nmpc_node]: [attach-window] t=72.60s pos_err=0.132m T=22.94N z=6.715 m_est=2.318
[INFO] [1788472432.993352681] [acados_nmpc_node]: [wcmd] raw=[+0.008,-0.121,-0.601] w=[+0.053,-0.119,-0.498] err=[-0.045,-0.002] scaled=[-0.149,-0.129] s=4.48
[INFO] [1788472433.021936043] [acados_nmpc_node]: [attach-window] t=72.66s pos_err=0.173m T=22.92N z=6.712 m_est=2.318
[INFO] [1788472433.066049626] [acados_nmpc_node]: [attach-window] t=72.70s pos_err=0.126m T=23.02N z=6.704 m_est=2.317
[INFO] [1788472433.122263085] [acados_nmpc_node]: [attach-window] t=72.76s pos_err=0.177m T=22.97N z=6.702 m_est=2.317
[INFO] [1788472433.166101047] [acados_nmpc_node]: [attach-window] t=72.80s pos_err=0.131m T=23.03N z=6.694 m_est=2.317
[INFO] [1788472433.193403579] [acados_nmpc_node]: [wcmd] raw=[-0.001,-0.109,-0.716] w=[+0.022,-0.064,-0.553] err=[-0.023,-0.045] scaled=[-0.081,-0.267] s=4.50
[INFO] [1788472433.221719359] [acados_nmpc_node]: [attach-window] t=72.86s pos_err=0.166m T=22.97N z=6.691 m_est=2.317
[INFO] [1788472433.266074500] [acados_nmpc_node]: [attach-window] t=72.90s pos_err=0.135m T=23.00N z=6.684 m_est=2.318
[INFO] [1788472433.322233404] [acados_nmpc_node]: [attach-window] t=72.96s pos_err=0.169m T=22.95N z=6.681 m_est=2.318
[INFO] [1788472433.366289344] [acados_nmpc_node]: [attach-window] t=73.00s pos_err=0.129m T=23.04N z=6.673 m_est=2.321
[INFO] [1788472433.393489982] [acados_nmpc_node]: [wcmd] raw=[-0.004,-0.102,-0.852] w=[+0.045,-0.038,-0.648] err=[-0.049,-0.064] scaled=[-0.176,-0.328] s=4.50
[INFO] [1788472433.422007396] [acados_nmpc_node]: [attach-window] t=73.06s pos_err=0.159m T=23.01N z=6.670 m_est=2.321
[INFO] [1788472433.466374096] [acados_nmpc_node]: [attach-window] t=73.10s pos_err=0.124m T=23.06N z=6.662 m_est=2.325
[INFO] [1788472433.522136782] [acados_nmpc_node]: [attach-window] t=73.16s pos_err=0.149m T=23.03N z=6.658 m_est=2.325
[INFO] [1788472433.566626620] [acados_nmpc_node]: [attach-window] t=73.20s pos_err=0.126m T=23.05N z=6.651 m_est=2.328
[INFO] [1788472433.593482505] [acados_nmpc_node]: [wcmd] raw=[-0.008,-0.084,-0.967] w=[+0.008,-0.102,-0.817] err=[-0.016,+0.019] scaled=[-0.065,-0.019] s=4.52
[INFO] [1788472433.622103446] [acados_nmpc_node]: [attach-window] t=73.26s pos_err=0.150m T=22.99N z=6.648 m_est=2.328
[INFO] [1788472433.666446320] [acados_nmpc_node]: [attach-window] t=73.30s pos_err=0.122m T=23.04N z=6.640 m_est=2.331
[INFO] [1788472433.721634065] [acados_nmpc_node]: [attach-window] t=73.36s pos_err=0.140m T=23.01N z=6.636 m_est=2.331
[INFO] [1788472433.766411306] [acados_nmpc_node]: [attach-window] t=73.40s pos_err=0.122m T=23.02N z=6.628 m_est=2.333
[INFO] [1788472433.793420634] [acados_nmpc_node]: [wcmd] raw=[+0.009,-0.092,-1.019] w=[+0.033,+0.008,-0.884] err=[-0.024,-0.100] scaled=[-0.075,-0.448] s=4.56
[INFO] [1788472433.821943730] [acados_nmpc_node]: [attach-window] t=73.46s pos_err=0.138m T=23.00N z=6.625 m_est=2.333
[INFO] [1788472433.866442502] [acados_nmpc_node]: [attach-window] t=73.50s pos_err=0.119m T=23.01N z=6.617 m_est=2.335
[INFO] [1788472433.922182901] [acados_nmpc_node]: [attach-window] t=73.56s pos_err=0.134m T=22.96N z=6.613 m_est=2.335
[INFO] [1788472433.966368187] [acados_nmpc_node]: [attach-window] t=73.60s pos_err=0.113m T=23.00N z=6.604 m_est=2.335
[INFO] [1788472433.993452510] [acados_nmpc_node]: [wcmd] raw=[+0.007,-0.077,-1.001] w=[+0.070,+0.008,-0.989] err=[-0.063,-0.086] scaled=[-0.220,-0.384] s=4.59
[INFO] [1788472434.021815754] [acados_nmpc_node]: [attach-window] t=73.66s pos_err=0.122m T=23.00N z=6.599 m_est=2.335
[INFO] [1788472434.066280757] [acados_nmpc_node]: [attach-window] t=73.70s pos_err=0.106m T=23.00N z=6.590 m_est=2.336
[INFO] [1788472434.153773050] [acados_nmpc_node]: [attach-window] t=73.76s pos_err=0.116m T=23.02N z=6.587 m_est=2.336
[INFO] [1788472434.166301959] [acados_nmpc_node]: [attach-window] t=73.80s pos_err=0.099m T=22.98N z=6.577 m_est=2.337
[INFO] [1788472434.219683275] [acados_nmpc_node]: [attach-window] t=73.85s pos_err=0.101m T=22.84N z=6.573 m_est=2.337
[INFO] [1788472434.233218459] [acados_nmpc_node]: [wcmd] raw=[+0.081,-0.014,-0.961] w=[-0.020,-0.211,-1.164] err=[+0.102,+0.198] scaled=[+0.452,+0.706] s=4.64
[INFO] [1788472434.265666206] [acados_nmpc_node]: [attach-window] t=73.90s pos_err=0.090m T=22.79N z=6.565 m_est=2.335
[INFO] [1788472434.319262315] [acados_nmpc_node]: [attach-window] t=73.95s pos_err=0.087m T=22.73N z=6.559 m_est=2.335
[INFO] [1788472434.365483197] [acados_nmpc_node]: [attach-window] t=74.00s pos_err=0.080m T=23.03N z=6.550 m_est=2.335
[INFO] [1788472434.419314154] [acados_nmpc_node]: [attach-window] t=74.05s pos_err=0.076m T=23.08N z=6.545 m_est=2.335
[INFO] [1788472434.433423766] [acados_nmpc_node]: [wcmd] raw=[+0.082,+0.092,-0.739] w=[+0.089,+0.174,-0.899] err=[-0.007,-0.082] scaled=[+0.055,-0.209] s=4.67
[INFO] [1788472434.466419549] [acados_nmpc_node]: [attach-window] t=74.10s pos_err=0.068m T=23.03N z=6.536 m_est=2.334
[INFO] [1788472434.521857069] [acados_nmpc_node]: [attach-window] t=74.16s pos_err=0.069m T=23.01N z=6.531 m_est=2.334
[INFO] [1788472434.566443118] [acados_nmpc_node]: [attach-window] t=74.20s pos_err=0.060m T=22.91N z=6.521 m_est=2.332
[INFO] [1788472434.621968705] [acados_nmpc_node]: [attach-window] t=74.26s pos_err=0.054m T=22.89N z=6.517 m_est=2.332
[INFO] [1788472434.633462852] [acados_nmpc_node]: [wcmd] raw=[+0.041,+0.081,-0.560] w=[+0.031,+0.060,-0.860] err=[+0.009,+0.020] scaled=[+0.076,+0.155] s=4.69
[INFO] [1788472434.666390520] [acados_nmpc_node]: [attach-window] t=74.30s pos_err=0.045m T=22.84N z=6.508 m_est=2.331
[INFO] [1788472434.722060514] [acados_nmpc_node]: [attach-window] t=74.36s pos_err=0.051m T=22.90N z=6.504 m_est=2.331
[INFO] [1788472434.766490628] [acados_nmpc_node]: [attach-window] t=74.40s pos_err=0.040m T=22.76N z=6.493 m_est=2.331
[INFO] [1788472434.822102675] [acados_nmpc_node]: [attach-window] t=74.46s pos_err=0.038m T=22.81N z=6.489 m_est=2.331
[INFO] [1788472434.833433610] [acados_nmpc_node]: [wcmd] raw=[+0.042,+0.001,-0.361] w=[+0.021,-0.048,-0.745] err=[+0.021,+0.049] scaled=[+0.119,+0.182] s=4.70
[INFO] [1788472434.866659023] [acados_nmpc_node]: [attach-window] t=74.50s pos_err=0.026m T=22.65N z=6.480 m_est=2.330
[INFO] [1788472434.922387625] [acados_nmpc_node]: [attach-window] t=74.56s pos_err=0.045m T=22.61N z=6.475 m_est=2.330
[INFO] [1788472434.966468520] [acados_nmpc_node]: [attach-window] t=74.60s pos_err=0.029m T=22.58N z=6.465 m_est=2.328
[INFO] [1788472435.022440715] [acados_nmpc_node]: [attach-window] t=74.66s pos_err=0.038m T=22.68N z=6.460 m_est=2.328
[INFO] [1788472435.033414807] [acados_nmpc_node]: [wcmd] raw=[+0.008,+0.040,-0.178] w=[+0.012,+0.068,-0.464] err=[-0.004,-0.028] scaled=[-0.006,-0.064] s=4.69
[INFO] [1788472435.066486208] [acados_nmpc_node]: [attach-window] t=74.70s pos_err=0.018m T=22.59N z=6.451 m_est=2.324
[INFO] [1788472435.119950691] [acados_nmpc_node]: [attach-window] t=74.75s pos_err=0.061m T=22.46N z=6.439 m_est=2.324
[INFO] [1788472435.166031647] [acados_nmpc_node]: [attach-window] t=74.80s pos_err=0.026m T=22.50N z=6.434 m_est=2.320
[INFO] [1788472435.246042690] [acados_nmpc_node]: [attach-window] t=74.86s pos_err=0.048m T=22.35N z=6.429 m_est=2.320
[INFO] [1788472435.253364857] [acados_nmpc_node]: [wcmd] raw=[-0.012,+0.036,-0.063] w=[-0.025,-0.379,-0.437] err=[+0.013,+0.415] scaled=[+0.037,+1.553] s=4.66
[INFO] [1788472435.266902304] [acados_nmpc_node]: [attach-window] t=74.90s pos_err=0.020m T=21.37N z=6.418 m_est=2.319
[INFO] [1788472435.322424687] [acados_nmpc_node]: [attach-window] t=74.96s pos_err=0.049m T=20.65N z=6.411 m_est=2.319
[INFO] [1788472435.366559899] [acados_nmpc_node]: [attach-window] t=75.00s pos_err=0.023m T=22.87N z=6.397 m_est=2.316
[INFO] [1788472435.422452358] [acados_nmpc_node]: [attach-window] t=75.06s pos_err=0.071m T=22.79N z=6.389 m_est=2.316
[INFO] [1788472435.453426081] [acados_nmpc_node]: [wcmd] raw=[-0.004,+0.316,+0.004] w=[-0.027,+0.158,+0.026] err=[+0.023,+0.157] scaled=[+0.081,+0.886] s=4.62
[INFO] [1788472435.466397358] [acados_nmpc_node]: [attach-window] t=75.10s pos_err=0.029m T=23.42N z=6.372 m_est=2.313
[INFO] [1788472435.521920604] [acados_nmpc_node]: [attach-window] t=75.16s pos_err=0.097m T=23.38N z=6.363 m_est=2.313
[INFO] [1788472435.566204308] [acados_nmpc_node]: [attach-window] t=75.20s pos_err=0.033m T=23.69N z=6.343 m_est=2.311
[INFO] [1788472435.621711895] [acados_nmpc_node]: [attach-window] t=75.26s pos_err=0.104m T=23.79N z=6.334 m_est=2.311
[INFO] [1788472435.653354589] [acados_nmpc_node]: [wcmd] raw=[-0.039,+0.074,-0.100] w=[-0.019,+0.063,-0.025] err=[-0.020,+0.010] scaled=[-0.110,+0.109] s=4.56
[INFO] [1788472435.665789972] [acados_nmpc_node]: [attach-window] t=75.30s pos_err=0.056m T=23.85N z=6.317 m_est=2.310
[INFO] [1788472435.722102212] [acados_nmpc_node]: [attach-window] t=75.36s pos_err=0.134m T=23.93N z=6.309 m_est=2.310
[INFO] [1788472435.766567294] [acados_nmpc_node]: [attach-window] t=75.40s pos_err=0.060m T=23.32N z=6.292 m_est=2.310
[INFO] [1788472435.821988757] [acados_nmpc_node]: [attach-window] t=75.46s pos_err=0.137m T=22.90N z=6.286 m_est=2.310
[INFO] [1788472435.853361447] [acados_nmpc_node]: [wcmd] raw=[-0.048,-0.022,-0.146] w=[-0.060,+0.005,-0.060] err=[+0.012,-0.027] scaled=[-0.007,-0.116] s=4.53
[INFO] [1788472435.865764355] [acados_nmpc_node]: [attach-window] t=75.50s pos_err=0.057m T=22.69N z=6.273 m_est=2.312
[INFO] [1788472435.919115336] [acados_nmpc_node]: [attach-window] t=75.55s pos_err=0.128m T=22.75N z=6.269 m_est=2.312
[INFO] [1788472435.919470533] [acados_nmpc_node]: t=75.6s | pos_err=0.128m | T=22.75N | tau=[r-0.257 p0.244 y-0.036]Nm | res_stat=7.520e-07(peak 1.727e+00) sqp_iter=5 | solve=1.7ms
[INFO] [1788472435.919623549] [acados_nmpc_node]: [flight-diag] t=75.6s | om_scale=4.520(lo 4.437 hi 4.725) | tilt_max=11.46deg | w_max=[r0.080 p0.408 y1.147]rad/s | u_frac=[T0.591 r0.834 p1.000 y0.975] | u_sat=[T0.0 r0.0 p23.0 y0.0]% | mot_peak=1.000 mot_sat=1.9% | health=na age=na conf=na | n=100
[INFO] [1788472435.965258107] [acados_nmpc_node]: [attach-window] t=75.60s pos_err=0.073m T=22.44N z=6.259 m_est=2.313
[INFO] [1788472436.022024568] [acados_nmpc_node]: [attach-window] t=75.66s pos_err=0.153m T=22.32N z=6.255 m_est=2.313
[INFO] [1788472436.053358965] [acados_nmpc_node]: [wcmd] raw=[-0.031,+0.014,-0.144] w=[-0.043,-0.204,-0.149] err=[+0.012,+0.218] scaled=[+0.012,+0.777] s=4.50
[INFO] [1788472436.066328261] [acados_nmpc_node]: [attach-window] t=75.70s pos_err=0.089m T=22.26N z=6.246 m_est=2.314
[INFO] [1788472436.121687086] [acados_nmpc_node]: [attach-window] t=75.76s pos_err=0.143m T=22.23N z=6.240 m_est=2.314
[INFO] [1788472436.165648064] [acados_nmpc_node]: [attach-window] t=75.80s pos_err=0.077m T=22.30N z=6.229 m_est=2.313
[INFO] [1788472436.221242669] [acados_nmpc_node]: [attach-window] t=75.86s pos_err=0.160m T=22.44N z=6.224 m_est=2.313
[INFO] [1788472436.253360870] [acados_nmpc_node]: [wcmd] raw=[-0.039,-0.014,-0.127] w=[-0.044,-0.141,-0.115] err=[+0.004,+0.127] scaled=[-0.024,+0.429] s=4.48
[INFO] [1788472436.265583815] [acados_nmpc_node]: [attach-window] t=75.90s pos_err=0.064m T=22.28N z=6.210 m_est=2.313
[INFO] [1788472436.322214020] [acados_nmpc_node]: [attach-window] t=75.96s pos_err=0.147m T=22.34N z=6.204 m_est=2.313
[INFO] [1788472436.365814850] [acados_nmpc_node]: [attach-window] t=76.00s pos_err=0.078m T=22.22N z=6.192 m_est=2.313
[INFO] [1788472436.422084587] [acados_nmpc_node]: [attach-window] t=76.06s pos_err=0.165m T=22.04N z=6.186 m_est=2.313
[INFO] [1788472436.453481462] [acados_nmpc_node]: [wcmd] raw=[-0.045,+0.007,-0.108] w=[-0.049,-0.081,-0.071] err=[+0.004,+0.088] scaled=[-0.030,+0.313] s=4.47
[INFO] [1788472436.465735871] [acados_nmpc_node]: [attach-window] t=76.10s pos_err=0.093m T=22.27N z=6.173 m_est=2.310
[INFO] [1788472436.521214052] [acados_nmpc_node]: [attach-window] t=76.16s pos_err=0.039m T=22.44N z=6.157 m_est=2.310
[INFO] [1788472436.565787489] [acados_nmpc_node]: [attach-window] t=76.20s pos_err=0.078m T=22.51N z=6.150 m_est=2.306
[INFO] [1788472436.621885018] [acados_nmpc_node]: [attach-window] t=76.26s pos_err=0.166m T=22.38N z=6.142 m_est=2.306
[INFO] [1788472436.653358288] [acados_nmpc_node]: [wcmd] raw=[-0.044,+0.058,-0.087] w=[-0.054,-0.419,-0.225] err=[+0.009,+0.477] scaled=[-0.013,+1.710] s=4.46
[INFO] [1788472436.667026680] [acados_nmpc_node]: [attach-window] t=76.30s pos_err=0.094m T=21.23N z=6.126 m_est=2.307
[INFO] [1788472436.719090968] [acados_nmpc_node]: [dJ_online] m_est=2.307 m_p=0.243 ratchet=0.548 floor=0.050 -> m_p_model=0.243(track) dJ=0.0480 | gain_base=0.548 c_xy=[-1.51,-1.29]cm
[INFO] [1788472436.741077049] [acados_nmpc_node]: [attach-window] t=76.36s pos_err=0.187m T=19.79N z=6.119 m_est=2.307
[INFO] [1788472436.766228367] [acados_nmpc_node]: [attach-window] t=76.40s pos_err=0.084m T=22.73N z=6.100 m_est=2.307
[INFO] [1788472436.821220795] [acados_nmpc_node]: [attach-window] t=76.46s pos_err=0.056m T=23.25N z=6.082 m_est=2.307
[INFO] [1788472436.865892245] [acados_nmpc_node]: [attach-window] t=76.50s pos_err=0.104m T=23.29N z=6.073 m_est=2.305
[INFO] [1788472436.873409500] [acados_nmpc_node]: [wcmd] raw=[-0.027,+0.084,-0.035] w=[-0.034,+0.089,+0.065] err=[+0.007,-0.005] scaled=[-0.004,+0.068] s=4.46
[INFO] [1788472436.921659384] [acados_nmpc_node]: [attach-window] t=76.56s pos_err=0.199m T=23.02N z=6.063 m_est=2.305
[INFO] [1788472436.966183717] [acados_nmpc_node]: [attach-window] t=76.60s pos_err=0.099m T=23.23N z=6.042 m_est=2.304
[INFO] [1788472437.021427455] [acados_nmpc_node]: [attach-window] t=76.65s pos_err=0.193m T=22.92N z=6.033 m_est=2.304
[INFO] [1788472437.065754184] [acados_nmpc_node]: [attach-window] t=76.70s pos_err=0.124m T=23.09N z=6.016 m_est=2.309
[INFO] [1788472437.073341454] [acados_nmpc_node]: [wcmd] raw=[-0.045,-0.071,-0.040] w=[-0.022,+0.236,+0.117] err=[-0.023,-0.307] scaled=[-0.122,-1.120] s=4.42
[INFO] [1788472437.121737767] [acados_nmpc_node]: [attach-window] t=76.76s pos_err=0.068m T=22.87N z=5.998 m_est=2.309
[INFO] [1788472437.165361787] [acados_nmpc_node]: [attach-window] t=76.80s pos_err=0.117m T=22.82N z=5.991 m_est=2.311
[INFO] [1788472437.222367370] [acados_nmpc_node]: [attach-window] t=76.86s pos_err=0.091m T=22.41N z=5.976 m_est=2.311
[INFO] [1788472437.267458376] [acados_nmpc_node]: [attach-window] t=76.90s pos_err=0.142m T=19.27N z=5.969 m_est=2.303
[INFO] [1788472437.273344242] [acados_nmpc_node]: [wcmd] raw=[-0.023,-0.407,-0.034] w=[-0.067,-0.604,-0.333] err=[+0.044,+0.196] scaled=[+0.129,+0.260] s=4.40
[INFO] [1788472437.324764672] [acados_nmpc_node]: [attach-window] t=76.96s pos_err=0.236m T=16.76N z=5.962 m_est=2.303
[INFO] [1788472437.366395911] [acados_nmpc_node]: [attach-window] t=77.00s pos_err=0.136m T=22.06N z=5.946 m_est=2.297
[INFO] [1788472437.422137370] [acados_nmpc_node]: [attach-window] t=77.06s pos_err=0.229m T=21.84N z=5.937 m_est=2.297
[INFO] [1788472437.466441120] [acados_nmpc_node]: [attach-window] t=77.10s pos_err=0.162m T=23.75N z=5.914 m_est=2.293
[INFO] [1788472437.473271012] [acados_nmpc_node]: [wcmd] raw=[-0.020,+0.184,+0.104] w=[-0.042,-0.012,+0.074] err=[+0.022,+0.196] scaled=[+0.055,+0.843] s=4.37
[INFO] [1788472437.521868346] [acados_nmpc_node]: [attach-window] t=77.16s pos_err=0.224m T=23.78N z=5.898 m_est=2.293
[INFO] [1788472437.566219772] [acados_nmpc_node]: [attach-window] t=77.20s pos_err=0.159m T=24.61N z=5.872 m_est=2.292
[INFO] [1788472437.621908532] [acados_nmpc_node]: [attach-window] t=77.26s pos_err=0.251m T=24.45N z=5.859 m_est=2.292
[INFO] [1788472437.666193240] [acados_nmpc_node]: [attach-window] t=77.30s pos_err=0.186m T=24.35N z=5.836 m_est=2.291
[INFO] [1788472437.673351046] [acados_nmpc_node]: [wcmd] raw=[-0.040,-0.045,+0.068] w=[-0.010,+0.278,+0.221] err=[-0.030,-0.323] scaled=[-0.141,-1.121] s=4.33
[INFO] [1788472437.722880068] [acados_nmpc_node]: [attach-window] t=77.36s pos_err=0.278m T=24.08N z=5.826 m_est=2.291
[INFO] [1788472437.766544356] [acados_nmpc_node]: [attach-window] t=77.40s pos_err=0.182m T=23.59N z=5.807 m_est=2.297
[INFO] [1788472437.822466607] [acados_nmpc_node]: [attach-window] t=77.46s pos_err=0.269m T=23.30N z=5.800 m_est=2.297
[INFO] [1788472437.866578481] [acados_nmpc_node]: [attach-window] t=77.50s pos_err=0.201m T=22.90N z=5.789 m_est=2.304
[INFO] [1788472437.873501467] [acados_nmpc_node]: [wcmd] raw=[-0.060,-0.217,+0.072] w=[-0.078,-0.235,-0.076] err=[+0.018,+0.018] scaled=[+0.001,-0.157] s=4.30
[INFO] [1788472437.922656453] [acados_nmpc_node]: [attach-window] t=77.56s pos_err=0.285m T=22.64N z=5.784 m_est=2.304
[INFO] [1788472437.966631287] [acados_nmpc_node]: [attach-window] t=77.60s pos_err=0.186m T=22.52N z=5.773 m_est=2.306
[INFO] [1788472438.026607870] [acados_nmpc_node]: [attach-window] t=77.66s pos_err=0.268m T=22.44N z=5.769 m_est=2.306
[INFO] [1788472438.066440825] [acados_nmpc_node]: [attach-window] t=77.70s pos_err=0.195m T=22.38N z=5.759 m_est=2.304
[INFO] [1788472438.073477518] [acados_nmpc_node]: [wcmd] raw=[-0.020,-0.276,+0.164] w=[-0.068,-0.152,+0.039] err=[+0.048,-0.125] scaled=[+0.139,-0.689] s=4.31
[INFO] [1788472438.122047501] [acados_nmpc_node]: [attach-window] t=77.76s pos_err=0.274m T=22.33N z=5.755 m_est=2.304
[INFO] [1788472438.166407217] [acados_nmpc_node]: [attach-window] t=77.80s pos_err=0.175m T=22.44N z=5.743 m_est=2.301
[INFO] [1788472438.222284232] [acados_nmpc_node]: [attach-window] t=77.86s pos_err=0.251m T=22.37N z=5.737 m_est=2.301
[INFO] [1788472438.266348799] [acados_nmpc_node]: [attach-window] t=77.90s pos_err=0.180m T=22.52N z=5.725 m_est=2.298
[INFO] [1788472438.273380710] [acados_nmpc_node]: [wcmd] raw=[-0.022,-0.196,+0.246] w=[-0.035,-0.189,+0.119] err=[+0.014,-0.007] scaled=[+0.023,-0.218] s=4.32
[INFO] [1788472438.326075421] [acados_nmpc_node]: [attach-window] t=77.96s pos_err=0.253m T=22.46N z=5.719 m_est=2.298
[INFO] [1788472438.366378048] [acados_nmpc_node]: [attach-window] t=78.00s pos_err=0.157m T=22.74N z=5.705 m_est=2.295
[INFO] [1788472438.425146749] [acados_nmpc_node]: [attach-window] t=78.06s pos_err=0.228m T=22.70N z=5.698 m_est=2.295
[INFO] [1788472438.490324775] [acados_nmpc_node]: [attach-window] t=78.10s pos_err=0.137m T=22.98N z=5.682 m_est=2.296
[INFO] [1788472438.490882858] [acados_nmpc_node]: [wcmd] raw=[-0.005,-0.231,+0.295] w=[-0.043,-0.171,+0.206] err=[+0.038,-0.060] scaled=[+0.121,-0.430] s=4.30
[INFO] [1788472438.524523668] [acados_nmpc_node]: [attach-window] t=78.16s pos_err=0.204m T=22.89N z=5.675 m_est=2.296
[INFO] [1788472438.566228027] [acados_nmpc_node]: [attach-window] t=78.20s pos_err=0.141m T=23.17N z=5.660 m_est=2.300
[INFO] [1788472438.622735535] [acados_nmpc_node]: [attach-window] t=78.26s pos_err=0.206m T=23.04N z=5.652 m_est=2.300
[INFO] [1788472438.666257928] [acados_nmpc_node]: [attach-window] t=78.30s pos_err=0.147m T=23.23N z=5.637 m_est=2.295
[INFO] [1788472438.673380753] [acados_nmpc_node]: [wcmd] raw=[+0.002,-0.081,+0.341] w=[-0.021,-0.085,+0.316] err=[+0.023,+0.004] scaled=[+0.078,-0.066] s=4.28
[INFO] [1788472438.722265132] [acados_nmpc_node]: [attach-window] t=78.36s pos_err=0.209m T=23.08N z=5.629 m_est=2.295
[INFO] [1788472438.766236862] [acados_nmpc_node]: [attach-window] t=78.40s pos_err=0.132m T=23.39N z=5.611 m_est=2.297
[INFO] [1788472438.824743972] [acados_nmpc_node]: [attach-window] t=78.46s pos_err=0.190m T=23.27N z=5.603 m_est=2.297
[INFO] [1788472438.865490833] [acados_nmpc_node]: [attach-window] t=78.50s pos_err=0.139m T=23.45N z=5.588 m_est=2.302
[INFO] [1788472438.873546090] [acados_nmpc_node]: [wcmd] raw=[-0.004,-0.122,+0.366] w=[-0.019,-0.061,+0.349] err=[+0.015,-0.061] scaled=[+0.044,-0.320] s=4.27
[INFO] [1788472438.921999444] [acados_nmpc_node]: [attach-window] t=78.56s pos_err=0.193m T=23.28N z=5.580 m_est=2.302
[INFO] [1788472438.966294362] [acados_nmpc_node]: [attach-window] t=78.60s pos_err=0.129m T=23.46N z=5.564 m_est=2.303
[INFO] [1788472439.021979980] [acados_nmpc_node]: [attach-window] t=78.66s pos_err=0.177m T=23.28N z=5.557 m_est=2.303
[INFO] [1788472439.066213491] [acados_nmpc_node]: [attach-window] t=78.70s pos_err=0.135m T=23.45N z=5.544 m_est=2.307
[INFO] [1788472439.073348076] [acados_nmpc_node]: [wcmd] raw=[+0.005,-0.070,+0.441] w=[-0.030,+0.018,+0.418] err=[+0.034,-0.087] scaled=[+0.118,-0.356] s=4.28
[INFO] [1788472439.125071850] [acados_nmpc_node]: [attach-window] t=78.76s pos_err=0.181m T=23.30N z=5.538 m_est=2.307
[INFO] [1788472439.166323035] [acados_nmpc_node]: [attach-window] t=78.80s pos_err=0.128m T=23.41N z=5.524 m_est=2.308
[INFO] [1788472439.223913733] [acados_nmpc_node]: [attach-window] t=78.86s pos_err=0.168m T=23.25N z=5.518 m_est=2.308
[INFO] [1788472439.266233245] [acados_nmpc_node]: [attach-window] t=78.90s pos_err=0.123m T=23.44N z=5.506 m_est=2.320
[INFO] [1788472439.273368875] [acados_nmpc_node]: [wcmd] raw=[+0.022,-0.113,+0.520] w=[-0.021,-0.111,+0.387] err=[+0.043,-0.001] scaled=[+0.163,-0.118] s=4.30
[INFO] [1788472439.321827529] [acados_nmpc_node]: [attach-window] t=78.95s pos_err=0.156m T=23.28N z=5.501 m_est=2.320
[INFO] [1788472439.366378313] [acados_nmpc_node]: [attach-window] t=79.00s pos_err=0.128m T=23.37N z=5.492 m_est=2.326
[INFO] [1788472439.422547494] [acados_nmpc_node]: [attach-window] t=79.06s pos_err=0.160m T=23.21N z=5.487 m_est=2.326
[INFO] [1788472439.466576522] [acados_nmpc_node]: [attach-window] t=79.10s pos_err=0.132m T=23.26N z=5.479 m_est=2.326
[INFO] [1788472439.473373189] [acados_nmpc_node]: [wcmd] raw=[+0.010,-0.057,+0.661] w=[-0.012,+0.009,+0.519] err=[+0.022,-0.066] scaled=[+0.086,-0.281] s=4.38
[INFO] [1788472439.522609331] [acados_nmpc_node]: [attach-window] t=79.16s pos_err=0.161m T=23.11N z=5.475 m_est=2.326
[INFO] [1788472439.566672690] [acados_nmpc_node]: [attach-window] t=79.20s pos_err=0.128m T=23.18N z=5.467 m_est=2.326
[INFO] [1788472439.622297567] [acados_nmpc_node]: [attach-window] t=79.26s pos_err=0.151m T=23.07N z=5.463 m_est=2.326
[INFO] [1788472439.666536173] [acados_nmpc_node]: [attach-window] t=79.30s pos_err=0.130m T=23.13N z=5.454 m_est=2.327
[INFO] [1788472439.673356943] [acados_nmpc_node]: [wcmd] raw=[+0.018,-0.081,+0.794] w=[-0.029,-0.071,+0.567] err=[+0.048,-0.010] scaled=[+0.182,-0.113] s=4.44
[INFO] [1788472439.721944472] [acados_nmpc_node]: [attach-window] t=79.36s pos_err=0.151m T=23.03N z=5.450 m_est=2.327
[INFO] [1788472439.765525256] [acados_nmpc_node]: [attach-window] t=79.40s pos_err=0.126m T=23.18N z=5.441 m_est=2.329
[INFO] [1788472439.819365124] [acados_nmpc_node]: [attach-window] t=79.45s pos_err=0.139m T=23.12N z=5.436 m_est=2.329
[INFO] [1788472439.865566588] [acados_nmpc_node]: [attach-window] t=79.50s pos_err=0.121m T=23.22N z=5.427 m_est=2.330
[INFO] [1788472439.873301744] [acados_nmpc_node]: [wcmd] raw=[+0.043,-0.112,+0.930] w=[-0.017,+0.016,+0.746] err=[+0.060,-0.128] scaled=[+0.253,-0.560] s=4.50
[INFO] [1788472439.919688326] [acados_nmpc_node]: [attach-window] t=79.55s pos_err=0.120m T=23.24N z=5.418 m_est=2.330
[INFO] [1788472439.965500341] [acados_nmpc_node]: [attach-window] t=79.60s pos_err=0.115m T=23.19N z=5.414 m_est=2.330
[INFO] [1788472440.022459677] [acados_nmpc_node]: [attach-window] t=79.66s pos_err=0.121m T=23.10N z=5.410 m_est=2.330
[INFO] [1788472440.066513567] [acados_nmpc_node]: [attach-window] t=79.70s pos_err=0.107m T=23.00N z=5.402 m_est=2.331
[INFO] [1788472440.073350539] [acados_nmpc_node]: [wcmd] raw=[-0.060,-0.001,+1.030] w=[+0.033,-0.199,+0.779] err=[-0.093,+0.198] scaled=[-0.389,+0.701] s=4.54
[INFO] [1788472440.122211187] [acados_nmpc_node]: [attach-window] t=79.76s pos_err=0.112m T=22.99N z=5.398 m_est=2.331
[INFO] [1788472440.166400976] [acados_nmpc_node]: [attach-window] t=79.80s pos_err=0.095m T=23.63N z=5.388 m_est=2.330
[INFO] [1788472440.221969067] [acados_nmpc_node]: [attach-window] t=79.86s pos_err=0.096m T=23.62N z=5.383 m_est=2.330
[INFO] [1788472440.266494954] [acados_nmpc_node]: [attach-window] t=79.90s pos_err=0.083m T=23.54N z=5.373 m_est=2.330
[INFO] [1788472440.273500411] [acados_nmpc_node]: [wcmd] raw=[+0.009,-0.090,+1.021] w=[-0.116,+0.100,+1.022] err=[+0.126,-0.191] scaled=[+0.458,-0.772] s=4.57
[INFO] [1788472440.321913785] [acados_nmpc_node]: [attach-window] t=79.96s pos_err=0.086m T=23.45N z=5.369 m_est=2.330
[INFO] [1788472440.366623724] [acados_nmpc_node]: [attach-window] t=80.00s pos_err=0.072m T=23.29N z=5.360 m_est=2.332
[INFO] [1788472440.422365063] [acados_nmpc_node]: [attach-window] t=80.06s pos_err=0.071m T=23.12N z=5.357 m_est=2.332
[INFO] [1788472440.466724449] [acados_nmpc_node]: [attach-window] t=80.10s pos_err=0.059m T=23.13N z=5.351 m_est=2.332
[INFO] [1788472440.473359817] [acados_nmpc_node]: [wcmd] raw=[+0.039,-0.026,+0.953] w=[+0.002,+0.013,+1.060] err=[+0.037,-0.039] scaled=[+0.171,-0.167] s=4.59
[INFO] [1788472440.522005443] [acados_nmpc_node]: [attach-window] t=80.16s pos_err=0.066m T=23.14N z=5.348 m_est=2.332
[INFO] [1788472440.566641742] [acados_nmpc_node]: [attach-window] t=80.20s pos_err=0.051m T=23.11N z=5.341 m_est=2.331
[INFO] [1788472440.622447909] [acados_nmpc_node]: [attach-window] t=80.26s pos_err=0.054m T=23.15N z=5.338 m_est=2.331
[INFO] [1788472440.666735580] [acados_nmpc_node]: [attach-window] t=80.30s pos_err=0.040m T=23.05N z=5.332 m_est=2.330
[INFO] [1788472440.673403748] [acados_nmpc_node]: [wcmd] raw=[+0.009,-0.124,+0.775] w=[+0.009,-0.128,+0.976] err=[+0.000,+0.004] scaled=[+0.010,-0.108] s=4.60
[INFO] [1788472440.722328168] [acados_nmpc_node]: [attach-window] t=80.36s pos_err=0.054m T=22.99N z=5.330 m_est=2.330
[INFO] [1788472440.766573682] [acados_nmpc_node]: [attach-window] t=80.40s pos_err=0.034m T=23.00N z=5.324 m_est=2.329
[INFO] [1788472440.822367775] [acados_nmpc_node]: [attach-window] t=80.46s pos_err=0.045m T=23.04N z=5.321 m_est=2.329
[INFO] [1788472440.866411086] [acados_nmpc_node]: [attach-window] t=80.50s pos_err=0.026m T=23.05N z=5.316 m_est=2.328
[INFO] [1788472440.873380716] [acados_nmpc_node]: [wcmd] raw=[+0.015,-0.114,+0.593] w=[-0.014,+0.021,+0.976] err=[+0.030,-0.135] scaled=[+0.122,-0.602] s=4.61
[INFO] [1788472440.921921712] [acados_nmpc_node]: [attach-window] t=80.56s pos_err=0.050m T=23.11N z=5.313 m_est=2.328
[INFO] [1788472440.922409410] [acados_nmpc_node]: t=80.6s | pos_err=0.050m | T=23.11N | tau=[r-0.376 p0.280 y-0.141]Nm | res_stat=1.437e-08(peak 1.727e+00) sqp_iter=5 | solve=2.5ms
[INFO] [1788472440.922611861] [acados_nmpc_node]: [flight-diag] t=80.6s | om_scale=4.612(lo 4.264 hi 4.612) | tilt_max=10.41deg | w_max=[r0.131 p0.604 y1.088]rad/s | u_frac=[T0.608 r1.000 p1.000 y0.770] | u_sat=[T0.0 r1.0 p24.0 y0.0]% | mot_peak=1.000 mot_sat=6.0% | health=na age=na conf=na | n=100
[INFO] [1788472440.966429086] [acados_nmpc_node]: [attach-window] t=80.60s pos_err=0.025m T=22.99N z=5.307 m_est=2.328
[INFO] [1788472441.022363768] [acados_nmpc_node]: [attach-window] t=80.66s pos_err=0.044m T=23.03N z=5.305 m_est=2.328
[INFO] [1788472441.066512456] [acados_nmpc_node]: [attach-window] t=80.70s pos_err=0.028m T=22.89N z=5.300 m_est=2.328
[INFO] [1788472441.073420460] [acados_nmpc_node]: [wcmd] raw=[+0.020,-0.168,+0.397] w=[+0.001,-0.168,+0.733] err=[+0.020,+0.000] scaled=[+0.092,-0.167] s=4.62
[INFO] [1788472441.119549392] [acados_nmpc_node]: [attach-window] t=80.75s pos_err=0.035m T=22.92N z=5.297 m_est=2.328
[INFO] [1788472441.166498149] [acados_nmpc_node]: [attach-window] t=80.80s pos_err=0.023m T=22.86N z=5.293 m_est=2.326
[INFO] [1788472441.221946937] [acados_nmpc_node]: [attach-window] t=80.86s pos_err=0.049m T=22.93N z=5.291 m_est=2.326
[INFO] [1788472441.266081301] [acados_nmpc_node]: [attach-window] t=80.90s pos_err=0.023m T=22.93N z=5.286 m_est=2.326
[INFO] [1788472441.273360446] [acados_nmpc_node]: [wcmd] raw=[-0.012,-0.101,+0.265] w=[+0.011,-0.070,+0.615] err=[-0.023,-0.031] scaled=[-0.096,-0.215] s=4.62
[INFO] [1788472441.321458293] [acados_nmpc_node]: [attach-window] t=80.96s pos_err=0.045m T=22.98N z=5.283 m_est=2.326
[INFO] [1788472441.366068241] [acados_nmpc_node]: [attach-window] t=81.00s pos_err=0.026m T=22.95N z=5.278 m_est=2.325
[INFO] [1788472441.421925811] [acados_nmpc_node]: [attach-window] t=81.06s pos_err=0.057m T=23.04N z=5.275 m_est=2.325
[INFO] [1788472441.466105188] [acados_nmpc_node]: [attach-window] t=81.10s pos_err=0.030m T=22.98N z=5.269 m_est=2.324
[INFO] [1788472441.473410772] [acados_nmpc_node]: [wcmd] raw=[+0.003,-0.156,+0.164] w=[-0.021,-0.116,+0.404] err=[+0.024,-0.040] scaled=[+0.091,-0.302] s=4.62
[INFO] [1788472441.522003931] [acados_nmpc_node]: [attach-window] t=81.16s pos_err=0.071m T=23.02N z=5.267 m_est=2.324
[INFO] [1788472441.566060043] [acados_nmpc_node]: [attach-window] t=81.20s pos_err=0.029m T=22.96N z=5.262 m_est=2.323
[INFO] [1788472441.622120864] [acados_nmpc_node]: [attach-window] t=81.26s pos_err=0.069m T=23.01N z=5.259 m_est=2.323
[INFO] [1788472441.666017610] [acados_nmpc_node]: [attach-window] t=81.30s pos_err=0.035m T=22.94N z=5.254 m_est=2.321
[INFO] [1788472441.673359163] [acados_nmpc_node]: [wcmd] raw=[+0.001,-0.125,+0.138] w=[+0.007,-0.027,+0.311] err=[-0.006,-0.098] scaled=[-0.020,-0.480] s=4.63
[INFO] [1788472441.718989073] [acados_nmpc_node]: [dJ_online] m_est=2.321 m_p=0.257 ratchet=0.548 floor=0.050 -> m_p_model=0.257(track) dJ=0.0505 | gain_base=0.548 c_xy=[-1.46,-1.58]cm
[INFO] [1788472441.722257153] [acados_nmpc_node]: [attach-window] t=81.36s pos_err=0.084m T=23.03N z=5.252 m_est=2.321
[INFO] [1788472441.782551720] [acados_nmpc_node]: [attach-window] t=81.40s pos_err=0.034m T=22.94N z=5.246 m_est=2.320
[INFO] [1788472441.821965248] [acados_nmpc_node]: [attach-window] t=81.46s pos_err=0.082m T=23.02N z=5.244 m_est=2.320
[INFO] [1788472441.866086268] [acados_nmpc_node]: [attach-window] t=81.50s pos_err=0.043m T=22.94N z=5.239 m_est=2.319
[INFO] [1788472441.873352663] [acados_nmpc_node]: [wcmd] raw=[+0.022,-0.149,+0.145] w=[-0.005,-0.091,+0.179] err=[+0.027,-0.058] scaled=[+0.120,-0.358] s=4.61
[INFO] [1788472441.922145732] [acados_nmpc_node]: [attach-window] t=81.56s pos_err=0.099m T=23.01N z=5.237 m_est=2.319
[INFO] [1788472441.966048520] [acados_nmpc_node]: [attach-window] t=81.60s pos_err=0.040m T=22.94N z=5.233 m_est=2.319
[INFO] [1788472442.022427928] [acados_nmpc_node]: [attach-window] t=81.66s pos_err=0.098m T=23.01N z=5.231 m_est=2.319
[INFO] [1788472442.066067487] [acados_nmpc_node]: [attach-window] t=81.70s pos_err=0.054m T=22.92N z=5.228 m_est=2.316
[INFO] [1788472442.073347065] [acados_nmpc_node]: [wcmd] raw=[+0.019,-0.145,+0.191] w=[+0.025,-0.080,+0.153] err=[-0.007,-0.065] scaled=[-0.005,-0.376] s=4.58
[INFO] [1788472442.121878522] [acados_nmpc_node]: [attach-window] t=81.76s pos_err=0.115m T=22.99N z=5.227 m_est=2.316
[INFO] [1788472442.174026727] [acados_nmpc_node]: [attach-window] t=81.80s pos_err=0.051m T=22.93N z=5.224 m_est=2.317
[INFO] [1788472442.221650019] [acados_nmpc_node]: [attach-window] t=81.86s pos_err=0.113m T=22.99N z=5.223 m_est=2.317
[INFO] [1788472442.272658235] [acados_nmpc_node]: [attach-window] t=81.90s pos_err=0.048m T=22.90N z=5.221 m_est=2.319
[INFO] [1788472442.273412392] [acados_nmpc_node]: [wcmd] raw=[+0.027,-0.203,+0.240] w=[-0.001,-0.096,+0.152] err=[+0.028,-0.106] scaled=[+0.125,-0.581] s=4.57
[INFO] [1788472442.322178430] [acados_nmpc_node]: [attach-window] t=81.96s pos_err=0.112m T=22.98N z=5.220 m_est=2.319
[INFO] [1788472442.379236894] [acados_nmpc_node]: [attach-window] t=82.00s pos_err=0.064m T=22.87N z=5.219 m_est=2.320
[INFO] [1788472442.421935881] [acados_nmpc_node]: [attach-window] t=82.06s pos_err=0.130m T=22.76N z=5.219 m_est=2.320
[INFO] [1788472442.466175945] [acados_nmpc_node]: [attach-window] t=82.10s pos_err=0.081m T=22.88N z=5.218 m_est=2.321
[INFO] [1788472442.473381219] [acados_nmpc_node]: [wcmd] raw=[+0.017,-0.095,+0.294] w=[+0.013,-0.091,+0.200] err=[+0.004,-0.004] scaled=[+0.031,-0.111] s=4.56
[INFO] [1788472442.522046191] [acados_nmpc_node]: [attach-window] t=82.16s pos_err=0.126m T=22.94N z=5.218 m_est=2.321
[INFO] [1788472442.566586588] [acados_nmpc_node]: [attach-window] t=82.20s pos_err=0.076m T=23.01N z=5.218 m_est=2.324
[INFO] [1788472442.622048198] [acados_nmpc_node]: [attach-window] t=82.26s pos_err=0.143m T=23.09N z=5.217 m_est=2.324
[INFO] [1788472442.666774014] [acados_nmpc_node]: [attach-window] t=82.30s pos_err=0.092m T=23.08N z=5.216 m_est=2.326
[INFO] [1788472442.673337471] [acados_nmpc_node]: [wcmd] raw=[+0.002,-0.131,+0.315] w=[+0.003,-0.101,+0.237] err=[-0.001,-0.030] scaled=[-0.003,-0.237] s=4.55
[INFO] [1788472442.718631179] [acados_nmpc_node]: t=82.4s | DROP: mass_event **未发布**(drop_publish_mass_event=false) — MHE 须自行从 T_phys 残差检测
[INFO] [1788472442.718882837] [acados_nmpc_node]: t=82.4s | DROP: released gripper (enable=false), payload detached; geometry -> empty, rate gains reset
[INFO] [1788472442.722108741] [acados_nmpc_node]: [attach-window] t=82.36s pos_err=0.159m T=23.14N z=5.216 m_est=2.326
[INFO] [1788472442.765942526] [acados_nmpc_node]: [attach-window] t=82.40s pos_err=0.085m T=22.70N z=5.215 m_est=2.327
[INFO] [1788472442.821181044] [acados_nmpc_node]: [attach-window] t=82.46s pos_err=0.151m T=22.21N z=5.217 m_est=2.327
[INFO] [1788472442.866053420] [acados_nmpc_node]: [attach-window] t=82.50s pos_err=0.079m T=20.74N z=5.226 m_est=2.328
[INFO] [1788472442.873357961] [acados_nmpc_node]: [wcmd] raw=[+0.183,-0.149,+0.331] w=[+0.502,-1.161,+0.293] err=[-0.319,+1.012] scaled=[-0.462,+1.900] s=4.28
[INFO] [1788472442.921511215] [acados_nmpc_node]: [attach-window] t=82.56s pos_err=0.144m T=20.41N z=5.232 m_est=2.328
[INFO] [1788472442.966220418] [acados_nmpc_node]: [attach-window] t=82.60s pos_err=0.099m T=20.00N z=5.245 m_est=2.324
[INFO] [1788472443.021415853] [acados_nmpc_node]: [attach-window] t=82.66s pos_err=0.162m T=19.73N z=5.252 m_est=2.324
[INFO] [1788472443.065967556] [acados_nmpc_node]: [attach-window] t=82.70s pos_err=0.119m T=19.00N z=5.266 m_est=2.284
[INFO] [1788472443.073459743] [acados_nmpc_node]: [wcmd] raw=[+0.563,-0.262,+0.328] w=[+0.093,-1.524,+0.332] err=[+0.470,+1.263] scaled=[+1.368,+1.900] s=3.98
[INFO] [1788472443.122193556] [acados_nmpc_node]: [attach-window] t=82.76s pos_err=0.179m T=18.92N z=5.274 m_est=2.284
[INFO] [1788472443.166974322] [acados_nmpc_node]: [attach-window] t=82.80s pos_err=0.126m T=17.92N z=5.291 m_est=2.284
[INFO] [1788472443.222691819] [acados_nmpc_node]: [attach-window] t=82.86s pos_err=0.179m T=15.97N z=5.299 m_est=2.076
[INFO] [1788472443.266086514] [acados_nmpc_node]: [attach-window] t=82.90s pos_err=0.147m T=16.44N z=5.314 m_est=2.076
[INFO] [1788472443.273354890] [acados_nmpc_node]: [wcmd] raw=[+0.178,-0.395,+0.341] w=[-0.300,-1.616,+0.304] err=[+0.478,+1.221] scaled=[+1.076,+1.900] s=3.68
[INFO] [1788472443.321256443] [acados_nmpc_node]: [attach-window] t=82.96s pos_err=0.192m T=16.84N z=5.321 m_est=2.076
[INFO] [1788472443.366885431] [acados_nmpc_node]: [attach-window] t=83.00s pos_err=0.150m T=16.76N z=5.332 m_est=2.076
[INFO] [1788472443.422631515] [acados_nmpc_node]: [attach-window] t=83.06s pos_err=0.184m T=16.86N z=5.334 m_est=2.076
[INFO] [1788472443.466121021] [acados_nmpc_node]: [attach-window] t=83.10s pos_err=0.154m T=18.27N z=5.338 m_est=2.076
[INFO] [1788472443.473301360] [acados_nmpc_node]: [wcmd] raw=[-0.113,-0.459,+0.393] w=[-0.182,-1.603,+0.293] err=[+0.069,+1.144] scaled=[+0.028,+1.900] s=3.38
[INFO] [1788472443.521650129] [acados_nmpc_node]: [attach-window] t=83.16s pos_err=0.140m T=18.96N z=5.336 m_est=2.076
[INFO] [1788472443.566853338] [acados_nmpc_node]: [attach-window] t=83.20s pos_err=0.140m T=18.68N z=5.333 m_est=2.076
[INFO] [1788472443.621875781] [acados_nmpc_node]: [attach-window] t=83.26s pos_err=0.157m T=19.33N z=5.331 m_est=2.076
[INFO] [1788472443.666795384] [acados_nmpc_node]: [attach-window] t=83.30s pos_err=0.128m T=20.40N z=5.324 m_est=2.076
[INFO] [1788472443.673383791] [acados_nmpc_node]: [wcmd] raw=[-0.133,+0.091,+0.467] w=[+0.148,-1.678,+0.341] err=[-0.281,+1.769] scaled=[-0.420,+1.900] s=3.08
[INFO] [1788472443.721761058] [acados_nmpc_node]: [attach-window] t=83.36s pos_err=0.132m T=20.43N z=5.319 m_est=2.076
[INFO] [1788472443.766195056] [acados_nmpc_node]: [attach-window] t=83.40s pos_err=0.111m T=20.44N z=5.311 m_est=2.076
[INFO] [1788472443.821854843] [acados_nmpc_node]: [attach-window] t=83.46s pos_err=0.122m T=20.37N z=5.308 m_est=2.076
[INFO] [1788472443.866420149] [acados_nmpc_node]: [attach-window] t=83.50s pos_err=0.103m T=20.38N z=5.304 m_est=2.076
[INFO] [1788472443.873438373] [acados_nmpc_node]: [wcmd] raw=[+0.052,+0.222,+0.550] w=[+0.376,-1.555,+0.415] err=[-0.324,+1.778] scaled=[-0.254,+1.900] s=2.78
[INFO] [1788472443.921546209] [acados_nmpc_node]: [attach-window] t=83.56s pos_err=0.120m T=19.99N z=5.303 m_est=2.076
[INFO] [1788472443.966364903] [acados_nmpc_node]: [attach-window] t=83.60s pos_err=0.100m T=20.08N z=5.303 m_est=2.076
[INFO] [1788472444.022285254] [acados_nmpc_node]: [attach-window] t=83.66s pos_err=0.118m T=18.82N z=5.304 m_est=1.961
[INFO] [1788472444.066400572] [acados_nmpc_node]: [attach-window] t=83.70s pos_err=0.104m T=18.57N z=5.309 m_est=1.961
[INFO] [1788472444.073415946] [acados_nmpc_node]: [wcmd] raw=[+0.126,+0.235,+0.635] w=[+0.308,-1.553,+0.502] err=[-0.182,+1.788] scaled=[-0.043,+1.900] s=2.48
[INFO] [1788472444.121816612] [acados_nmpc_node]: [attach-window] t=83.76s pos_err=0.131m T=18.28N z=5.310 m_est=1.961
[INFO] [1788472444.166515436] [acados_nmpc_node]: [attach-window] t=83.80s pos_err=0.113m T=18.93N z=5.315 m_est=1.961
[INFO] [1788472444.221979070] [acados_nmpc_node]: [attach-window] t=83.86s pos_err=0.137m T=19.17N z=5.317 m_est=1.961
[INFO] [1788472444.266564682] [acados_nmpc_node]: [attach-window] t=83.90s pos_err=0.124m T=19.31N z=5.319 m_est=1.961
[INFO] [1788472444.273462059] [acados_nmpc_node]: [wcmd] raw=[+0.085,+0.176,+0.738] w=[+0.221,-1.445,+0.586] err=[-0.136,+1.621] scaled=[-0.059,+1.900] s=2.18
[INFO] [1788472444.322187683] [acados_nmpc_node]: [attach-window] t=83.96s pos_err=0.153m T=19.23N z=5.320 m_est=1.961
[INFO] [1788472444.366682850] [acados_nmpc_node]: [attach-window] t=84.00s pos_err=0.132m T=19.49N z=5.321 m_est=1.961
[INFO] [1788472444.421541707] [acados_nmpc_node]: [attach-window] t=84.06s pos_err=0.133m T=19.32N z=5.322 m_est=1.961
[INFO] [1788472444.466452255] [acados_nmpc_node]: [attach-window] t=84.10s pos_err=0.143m T=19.63N z=5.323 m_est=1.961
[INFO] [1788472444.473497428] [acados_nmpc_node]: [wcmd] raw=[+0.035,-0.004,+0.843] w=[+0.206,-1.450,+0.681] err=[-0.171,+1.446] scaled=[-0.117,+1.274] s=1.88
[INFO] [1788472444.521964558] [acados_nmpc_node]: [attach-window] t=84.16s pos_err=0.168m T=19.70N z=5.323 m_est=1.961
[INFO] [1788472444.566217986] [acados_nmpc_node]: [attach-window] t=84.20s pos_err=0.147m T=19.78N z=5.325 m_est=1.961
[INFO] [1788472444.621647140] [acados_nmpc_node]: [attach-window] t=84.26s pos_err=0.166m T=19.92N z=5.326 m_est=1.961
[INFO] [1788472444.666198385] [acados_nmpc_node]: [attach-window] t=84.30s pos_err=0.148m T=19.92N z=5.329 m_est=1.961
[INFO] [1788472444.673402609] [acados_nmpc_node]: [wcmd] raw=[+0.008,-0.141,+0.932] w=[-0.012,-0.806,+0.776] err=[+0.020,+0.665] scaled=[+0.020,+0.259] s=1.60
[INFO] [1788472444.721802230] [acados_nmpc_node]: [attach-window] t=84.36s pos_err=0.161m T=20.06N z=5.331 m_est=1.961
[INFO] [1788472444.766239215] [acados_nmpc_node]: [attach-window] t=84.40s pos_err=0.149m T=20.17N z=5.333 m_est=1.961
[INFO] [1788472444.821735416] [acados_nmpc_node]: [attach-window] t=84.46s pos_err=0.160m T=20.38N z=5.334 m_est=1.961
[INFO] [1788472444.866167449] [acados_nmpc_node]: [attach-window] t=84.50s pos_err=0.147m T=20.47N z=5.336 m_est=1.961
[INFO] [1788472444.873403916] [acados_nmpc_node]: [wcmd] raw=[+0.009,-0.126,+1.003] w=[-0.034,-0.169,+0.877] err=[+0.043,+0.043] scaled=[+0.026,-0.109] s=1.40
[INFO] [1788472444.921547480] [acados_nmpc_node]: [attach-window] t=84.56s pos_err=0.156m T=20.67N z=5.337 m_est=1.961
[INFO] [1788472444.966202632] [acados_nmpc_node]: [attach-window] t=84.60s pos_err=0.144m T=20.69N z=5.339 m_est=1.961
[INFO] [1788472445.021529884] [acados_nmpc_node]: [attach-window] t=84.66s pos_err=0.147m T=20.88N z=5.340 m_est=1.961
[INFO] [1788472445.066130676] [acados_nmpc_node]: [attach-window] t=84.70s pos_err=0.140m T=20.85N z=5.343 m_est=1.961
[INFO] [1788472445.073375190] [acados_nmpc_node]: [wcmd] raw=[+0.028,-0.112,+1.000] w=[-0.046,-0.111,+0.967] err=[+0.074,-0.001] scaled=[+0.048,-0.113] s=1.27
[INFO] [1788472445.121432435] [acados_nmpc_node]: [attach-window] t=84.76s pos_err=0.141m T=21.00N z=5.344 m_est=1.961
[INFO] [1788472445.166306482] [acados_nmpc_node]: [attach-window] t=84.80s pos_err=0.138m T=20.85N z=5.348 m_est=1.961
[INFO] [1788472445.221455242] [acados_nmpc_node]: [attach-window] t=84.86s pos_err=0.133m T=20.99N z=5.351 m_est=1.961
[INFO] [1788472445.266258228] [acados_nmpc_node]: [attach-window] t=84.90s pos_err=0.135m T=20.83N z=5.357 m_est=1.961
[INFO] [1788472445.273381074] [acados_nmpc_node]: [wcmd] raw=[+0.032,-0.116,+0.914] w=[-0.011,-0.113,+1.015] err=[+0.043,-0.003] scaled=[+0.040,-0.116] s=1.18
[INFO] [1788472445.321954801] [acados_nmpc_node]: [attach-window] t=84.96s pos_err=0.148m T=20.61N z=5.364 m_est=1.961
[INFO] [1788472445.365381640] [acados_nmpc_node]: [attach-window] t=85.00s pos_err=0.136m T=20.73N z=5.368 m_est=1.961
[INFO] [1788472445.421701299] [acados_nmpc_node]: [attach-window] t=85.06s pos_err=0.121m T=20.91N z=5.372 m_est=1.961
[INFO] [1788472445.466093084] [acados_nmpc_node]: [attach-window] t=85.10s pos_err=0.132m T=20.77N z=5.380 m_est=1.961
[INFO] [1788472445.473359519] [acados_nmpc_node]: [wcmd] raw=[-0.044,+0.044,+0.758] w=[+0.058,-0.132,+0.984] err=[-0.103,+0.176] scaled=[-0.057,+0.066] s=1.12
[INFO] [1788472445.522021911] [acados_nmpc_node]: [attach-window] t=85.16s pos_err=0.114m T=20.85N z=5.384 m_est=1.961
[INFO] [1788472445.566364794] [acados_nmpc_node]: [attach-window] t=85.20s pos_err=0.133m T=20.67N z=5.395 m_est=1.961
[INFO] [1788472445.621635321] [acados_nmpc_node]: [attach-window] t=85.26s pos_err=0.108m T=20.79N z=5.400 m_est=1.961
[INFO] [1788472445.666445628] [acados_nmpc_node]: [attach-window] t=85.30s pos_err=0.124m T=20.62N z=5.411 m_est=1.961
[INFO] [1788472445.673477283] [acados_nmpc_node]: [wcmd] raw=[+0.004,-0.082,+0.570] w=[-0.060,+0.024,+0.886] err=[+0.063,-0.106] scaled=[+0.009,-0.091] s=1.08
[INFO] [1788472445.721429961] [acados_nmpc_node]: [attach-window] t=85.36s pos_err=0.098m T=20.78N z=5.416 m_est=1.961
[INFO] [1788472445.766277787] [acados_nmpc_node]: [attach-window] t=85.40s pos_err=0.125m T=20.46N z=5.429 m_est=1.961
[INFO] [1788472445.821679041] [acados_nmpc_node]: [attach-window] t=85.46s pos_err=0.093m T=20.67N z=5.435 m_est=1.961
[INFO] [1788472445.866284714] [acados_nmpc_node]: [attach-window] t=85.50s pos_err=0.115m T=20.53N z=5.447 m_est=1.972
[INFO] [1788472445.873482709] [acados_nmpc_node]: [wcmd] raw=[+0.016,-0.170,+0.381] w=[+0.015,-0.138,+0.737] err=[+0.001,-0.032] scaled=[+0.016,-0.172] s=1.05
[INFO] [1788472445.921597597] [acados_nmpc_node]: [attach-window] t=85.56s pos_err=0.083m T=20.75N z=5.453 m_est=1.972
[INFO] [1788472445.922082710] [acados_nmpc_node]: t=85.6s | pos_err=0.083m | T=20.75N | tau=[r-0.018 p0.040 y-0.131]Nm | res_stat=1.490e-07(peak 1.727e+00) sqp_iter=5 | solve=2.4ms
[INFO] [1788472445.922284184] [acados_nmpc_node]: [flight-diag] t=85.6s | om_scale=1.052(lo 1.052 hi 4.626) | tilt_max=10.73deg | w_max=[r1.114 p1.678 y1.017]rad/s | u_frac=[T0.571 r0.826 p1.000 y0.742] | u_sat=[T0.0 r0.0 p26.0 y0.0]% | mot_peak=1.000 mot_sat=6.3% | health=na age=na conf=na | n=100
[INFO] [1788472445.966328521] [acados_nmpc_node]: [attach-window] t=85.60s pos_err=0.121m T=20.53N z=5.466 m_est=1.986
[INFO] [1788472446.019771372] [acados_nmpc_node]: [attach-window] t=85.65s pos_err=0.140m T=20.27N z=5.479 m_est=1.986
[INFO] [1788472446.066206209] [acados_nmpc_node]: [attach-window] t=85.70s pos_err=0.111m T=20.54N z=5.486 m_est=1.996
[INFO] [1788472446.073300918] [acados_nmpc_node]: [wcmd] raw=[-0.017,-0.138,+0.227] w=[+0.006,-0.173,+0.553] err=[-0.022,+0.035] scaled=[-0.017,-0.137] s=1.04
[INFO] [1788472446.121546844] [acados_nmpc_node]: [attach-window] t=85.76s pos_err=0.072m T=20.78N z=5.493 m_est=1.996
[INFO] [1788472446.166132725] [acados_nmpc_node]: [attach-window] t=85.80s pos_err=0.118m T=20.53N z=5.508 m_est=2.004
[INFO] [1788472446.221476393] [acados_nmpc_node]: [attach-window] t=85.86s pos_err=0.071m T=20.64N z=5.515 m_est=2.004
[INFO] [1788472446.265914324] [acados_nmpc_node]: [attach-window] t=85.90s pos_err=0.124m T=20.43N z=5.531 m_est=2.018
[INFO] [1788472446.273299513] [acados_nmpc_node]: [wcmd] raw=[-0.017,-0.068,+0.127] w=[-0.019,+0.017,+0.366] err=[+0.002,-0.084] scaled=[-0.017,-0.070] s=1.02
[INFO] [1788472446.321113863] [acados_nmpc_node]: [attach-window] t=85.95s pos_err=0.059m T=20.67N z=5.537 m_est=2.018
[INFO] [1788472446.365885473] [acados_nmpc_node]: [attach-window] t=86.00s pos_err=0.107m T=20.46N z=5.555 m_est=2.034
[INFO] [1788472446.421231252] [acados_nmpc_node]: [attach-window] t=86.06s pos_err=0.055m T=20.63N z=5.563 m_est=2.034
[INFO] [1788472446.465901485] [acados_nmpc_node]: [attach-window] t=86.10s pos_err=0.111m T=20.25N z=5.582 m_est=2.046
[INFO] [1788472446.473365002] [acados_nmpc_node]: [wcmd] raw=[+0.037,-0.232,+0.080] w=[-0.012,-0.051,+0.221] err=[+0.049,-0.180] scaled=[+0.038,-0.235] s=1.02
[INFO] [1788472446.521343637] [acados_nmpc_node]: [attach-window] t=86.16s pos_err=0.045m T=20.60N z=5.588 m_est=2.046
[INFO] [1788472446.565939092] [acados_nmpc_node]: [attach-window] t=86.20s pos_err=0.095m T=20.10N z=5.607 m_est=2.047
[INFO] [1788472446.621322373] [acados_nmpc_node]: [attach-window] t=86.26s pos_err=0.044m T=20.33N z=5.616 m_est=2.047
[INFO] [1788472446.665870095] [acados_nmpc_node]: [attach-window] t=86.30s pos_err=0.102m T=19.76N z=5.635 m_est=2.041
[INFO] [1788472446.673422753] [acados_nmpc_node]: [wcmd] raw=[+0.042,-0.273,+0.070] w=[+0.029,-0.161,+0.124] err=[+0.013,-0.112] scaled=[+0.042,-0.274] s=1.01
[INFO] [1788472446.721507414] [acados_nmpc_node]: [attach-window] t=86.36s pos_err=0.046m T=20.06N z=5.644 m_est=2.041
[INFO] [1788472446.765731782] [acados_nmpc_node]: [attach-window] t=86.40s pos_err=0.089m T=19.70N z=5.661 m_est=2.031
[INFO] [1788472446.821158232] [acados_nmpc_node]: [attach-window] t=86.46s pos_err=0.045m T=20.00N z=5.669 m_est=2.031
[INFO] [1788472446.865661048] [acados_nmpc_node]: [attach-window] t=86.50s pos_err=0.100m T=19.59N z=5.688 m_est=2.020
[INFO] [1788472446.873359044] [acados_nmpc_node]: [wcmd] raw=[+0.043,-0.205,+0.082] w=[+0.027,-0.168,+0.075] err=[+0.016,-0.036] scaled=[+0.043,-0.205] s=1.01
[INFO] [1788472446.921295657] [acados_nmpc_node]: [attach-window] t=86.56s pos_err=0.052m T=19.98N z=5.694 m_est=2.020
[INFO] [1788472446.965660642] [acados_nmpc_node]: [attach-window] t=86.60s pos_err=0.087m T=19.66N z=5.712 m_est=2.008
[INFO] [1788472447.021122061] [acados_nmpc_node]: [attach-window] t=86.66s pos_err=0.054m T=19.94N z=5.720 m_est=2.008
[INFO] [1788472447.065659242] [acados_nmpc_node]: [attach-window] t=86.70s pos_err=0.075m T=19.82N z=5.734 m_est=2.008
[INFO] [1788472447.073395712] [acados_nmpc_node]: [wcmd] raw=[+0.060,-0.123,+0.099] w=[+0.034,-0.107,+0.060] err=[+0.027,-0.016] scaled=[+0.060,-0.123] s=1.00
[INFO] [1788472447.121266389] [acados_nmpc_node]: [attach-window] t=86.76s pos_err=0.065m T=20.03N z=5.742 m_est=1.998
[INFO] [1788472447.165724590] [acados_nmpc_node]: [attach-window] t=86.80s pos_err=0.083m T=19.73N z=5.757 m_est=1.991
[INFO] [1788472447.221400845] [acados_nmpc_node]: [attach-window] t=86.86s pos_err=0.065m T=20.08N z=5.763 m_est=1.991
[INFO] [1788472447.265588975] [acados_nmpc_node]: [attach-window] t=86.90s pos_err=0.072m T=19.88N z=5.776 m_est=1.987
[INFO] [1788472447.273349873] [acados_nmpc_node]: [wcmd] raw=[+0.073,-0.197,+0.106] w=[+0.058,-0.175,+0.067] err=[+0.014,-0.022] scaled=[+0.073,-0.197] s=1.00
[INFO] [1788472447.321380075] [acados_nmpc_node]: [attach-window] t=86.96s pos_err=0.079m T=20.22N z=5.782 m_est=1.987
[INFO] [1788472447.365665482] [acados_nmpc_node]: [attach-window] t=87.00s pos_err=0.078m T=19.95N z=5.796 m_est=1.987
[INFO] [1788472447.421486072] [acados_nmpc_node]: [attach-window] t=87.06s pos_err=0.075m T=20.26N z=5.802 m_est=1.985
[INFO] [1788472447.464973181] [acados_nmpc_node]: [attach-window] t=87.10s pos_err=0.069m T=20.06N z=5.814 m_est=1.985
[INFO] [1788472447.473227751] [acados_nmpc_node]: [wcmd] raw=[+0.056,-0.187,+0.098] w=[+0.066,-0.213,+0.076] err=[-0.010,+0.026] scaled=[+0.056,-0.187] s=1.00
[INFO] [1788472447.521406752] [acados_nmpc_node]: [attach-window] t=87.16s pos_err=0.090m T=20.34N z=5.820 m_est=1.985
[INFO] [1788472447.565689835] [acados_nmpc_node]: [attach-window] t=87.20s pos_err=0.074m T=20.04N z=5.833 m_est=1.985
[INFO] [1788472447.621411783] [acados_nmpc_node]: [attach-window] t=87.26s pos_err=0.086m T=20.36N z=5.840 m_est=1.990
[INFO] [1788472447.665680518] [acados_nmpc_node]: [attach-window] t=87.30s pos_err=0.067m T=20.13N z=5.853 m_est=1.990
[INFO] [1788472447.673456292] [acados_nmpc_node]: [wcmd] raw=[+0.032,-0.166,+0.076] w=[+0.048,-0.187,+0.080] err=[-0.016,+0.021] scaled=[+0.032,-0.165] s=1.00
[INFO] [1788472447.720978587] [acados_nmpc_node]: [attach-window] t=87.36s pos_err=0.101m T=19.90N z=5.868 m_est=2.000
[INFO] [1788472447.765388320] [acados_nmpc_node]: [attach-window] t=87.40s pos_err=0.071m T=20.13N z=5.874 m_est=2.000
[INFO] [1788472447.821226766] [acados_nmpc_node]: [attach-window] t=87.46s pos_err=0.098m T=20.53N z=5.881 m_est=2.013
[INFO] [1788472447.865801328] [acados_nmpc_node]: [attach-window] t=87.50s pos_err=0.069m T=20.48N z=5.895 m_est=2.027
[INFO] [1788472447.873385116] [acados_nmpc_node]: [wcmd] raw=[+0.019,+0.069,+0.043] w=[+0.034,-0.239,+0.070] err=[-0.016,+0.308] scaled=[+0.019,+0.069] s=1.00
[INFO] [1788472447.921698580] [acados_nmpc_node]: [attach-window] t=87.56s pos_err=0.091m T=20.23N z=5.911 m_est=2.027
[INFO] [1788472447.965757696] [acados_nmpc_node]: [attach-window] t=87.60s pos_err=0.072m T=20.40N z=5.919 m_est=2.038
[INFO] [1788472448.021862514] [acados_nmpc_node]: [attach-window] t=87.66s pos_err=0.119m T=20.50N z=5.926 m_est=2.038
[INFO] [1788472448.065954943] [acados_nmpc_node]: [attach-window] t=87.70s pos_err=0.077m T=20.23N z=5.942 m_est=2.030
[INFO] [1788472448.073412650] [acados_nmpc_node]: [wcmd] raw=[+0.028,+0.129,+0.007] w=[+0.028,-0.019,+0.048] err=[+0.000,+0.148] scaled=[+0.028,+0.130] s=1.00
[INFO] [1788472448.119020462] [acados_nmpc_node]: [attach-window] t=87.75s pos_err=0.138m T=20.25N z=5.949 m_est=2.030
[INFO] [1788472448.165643576] [acados_nmpc_node]: [attach-window] t=87.80s pos_err=0.078m T=19.88N z=5.968 m_est=2.015
[INFO] [1788472448.221934616] [acados_nmpc_node]: [attach-window] t=87.86s pos_err=0.145m T=20.04N z=5.976 m_est=2.015
[INFO] [1788472448.265664080] [acados_nmpc_node]: [attach-window] t=87.90s pos_err=0.093m T=19.65N z=5.993 m_est=2.000
[INFO] [1788472448.273394461] [acados_nmpc_node]: [wcmd] raw=[+0.037,-0.214,-0.027] w=[+0.043,-0.021,+0.018] err=[-0.006,-0.193] scaled=[+0.037,-0.214] s=1.00
[INFO] [1788472448.321245200] [acados_nmpc_node]: [attach-window] t=87.96s pos_err=0.170m T=19.87N z=6.002 m_est=2.000
[INFO] [1788472448.365908617] [acados_nmpc_node]: [attach-window] t=88.00s pos_err=0.092m T=19.37N z=6.022 m_est=1.989
[INFO] [1788472448.421355917] [acados_nmpc_node]: [attach-window] t=88.06s pos_err=0.081m T=19.18N z=6.039 m_est=1.989
[INFO] [1788472448.466027952] [acados_nmpc_node]: [attach-window] t=88.10s pos_err=0.106m T=19.44N z=6.047 m_est=1.984
[INFO] [1788472448.473356758] [acados_nmpc_node]: [wcmd] raw=[+0.025,-0.327,-0.060] w=[+0.046,-0.332,-0.016] err=[-0.021,+0.005] scaled=[+0.025,-0.327] s=1.00
[INFO] [1788472448.521577911] [acados_nmpc_node]: [attach-window] t=88.16s pos_err=0.184m T=19.82N z=6.054 m_est=1.984
[INFO] [1788472448.565951795] [acados_nmpc_node]: [attach-window] t=88.20s pos_err=0.099m T=19.77N z=6.070 m_est=1.984
[INFO] [1788472448.621231546] [acados_nmpc_node]: [attach-window] t=88.26s pos_err=0.170m T=19.95N z=6.077 m_est=1.982
[INFO] [1788472448.665964550] [acados_nmpc_node]: [attach-window] t=88.30s pos_err=0.111m T=20.02N z=6.089 m_est=1.985
[INFO] [1788472448.673406375] [acados_nmpc_node]: [wcmd] raw=[+0.028,-0.052,-0.089] w=[+0.044,-0.143,-0.050] err=[-0.016,+0.091] scaled=[+0.028,-0.052] s=1.00
[INFO] [1788472448.721618774] [acados_nmpc_node]: [attach-window] t=88.36s pos_err=0.186m T=20.16N z=6.095 m_est=1.985
[INFO] [1788472448.765960558] [acados_nmpc_node]: [attach-window] t=88.40s pos_err=0.104m T=20.21N z=6.108 m_est=1.993
[INFO] [1788472448.821757085] [acados_nmpc_node]: [attach-window] t=88.46s pos_err=0.175m T=20.37N z=6.113 m_est=1.993
[INFO] [1788472448.865876025] [acados_nmpc_node]: [attach-window] t=88.50s pos_err=0.099m T=20.28N z=6.126 m_est=2.003
[INFO] [1788472448.873350285] [acados_nmpc_node]: [wcmd] raw=[+0.026,-0.264,-0.116] w=[+0.042,-0.111,-0.083] err=[-0.016,-0.153] scaled=[+0.026,-0.264] s=1.00
[INFO] [1788472448.921186172] [acados_nmpc_node]: [attach-window] t=88.55s pos_err=0.164m T=20.44N z=6.132 m_est=2.003
[INFO] [1788472448.965887655] [acados_nmpc_node]: [attach-window] t=88.60s pos_err=0.111m T=20.36N z=6.143 m_est=2.013
[INFO] [1788472449.021333125] [acados_nmpc_node]: [attach-window] t=88.66s pos_err=0.181m T=20.46N z=6.149 m_est=2.013
[INFO] [1788472449.065906741] [acados_nmpc_node]: [attach-window] t=88.70s pos_err=0.104m T=20.29N z=6.163 m_est=2.019
[INFO] [1788472449.073335060] [acados_nmpc_node]: [wcmd] raw=[+0.036,-0.198,-0.143] w=[+0.053,-0.189,-0.113] err=[-0.017,-0.009] scaled=[+0.036,-0.198] s=1.00
[INFO] [1788472449.121780959] [acados_nmpc_node]: [attach-window] t=88.76s pos_err=0.171m T=20.37N z=6.170 m_est=2.019
[INFO] [1788472449.165949092] [acados_nmpc_node]: [attach-window] t=88.80s pos_err=0.116m T=20.23N z=6.183 m_est=2.022
[INFO] [1788472449.221800949] [acados_nmpc_node]: [attach-window] t=88.86s pos_err=0.187m T=20.28N z=6.190 m_est=2.022
[INFO] [1788472449.265945247] [acados_nmpc_node]: [attach-window] t=88.90s pos_err=0.130m T=20.16N z=6.205 m_est=2.022
[INFO] [1788472449.273340790] [acados_nmpc_node]: [wcmd] raw=[+0.036,-0.066,-0.176] w=[+0.059,-0.105,-0.143] err=[-0.023,+0.039] scaled=[+0.036,-0.066] s=1.00
[INFO] [1788472449.321487462] [acados_nmpc_node]: [attach-window] t=88.96s pos_err=0.203m T=20.20N z=6.212 m_est=2.022
[INFO] [1788472449.365929602] [acados_nmpc_node]: [attach-window] t=89.00s pos_err=0.124m T=20.07N z=6.228 m_est=2.021
[INFO] [1788472449.421561834] [acados_nmpc_node]: [attach-window] t=89.06s pos_err=0.194m T=20.15N z=6.235 m_est=2.021
[INFO] [1788472449.465909229] [acados_nmpc_node]: [attach-window] t=89.10s pos_err=0.139m T=20.06N z=6.249 m_est=2.021
[INFO] [1788472449.473358340] [acados_nmpc_node]: [wcmd] raw=[+0.013,-0.138,-0.215] w=[+0.048,-0.098,-0.175] err=[-0.035,-0.040] scaled=[+0.013,-0.138] s=1.00
[INFO] [1788472449.521901779] [acados_nmpc_node]: [attach-window] t=89.16s pos_err=0.211m T=20.15N z=6.256 m_est=2.021
[INFO] [1788472449.565960397] [acados_nmpc_node]: [attach-window] t=89.20s pos_err=0.133m T=20.07N z=6.272 m_est=2.025
[INFO] [1788472449.621499811] [acados_nmpc_node]: [attach-window] t=89.26s pos_err=0.202m T=20.16N z=6.279 m_est=2.025
[INFO] [1788472449.666182170] [acados_nmpc_node]: [attach-window] t=89.30s pos_err=0.148m T=20.17N z=6.293 m_est=2.034
[INFO] [1788472449.673382506] [acados_nmpc_node]: [wcmd] raw=[+0.005,-0.156,-0.264] w=[+0.030,-0.160,-0.209] err=[-0.025,+0.004] scaled=[+0.005,-0.156] s=1.00
[INFO] [1788472449.721725445] [acados_nmpc_node]: [attach-window] t=89.36s pos_err=0.216m T=20.25N z=6.300 m_est=2.034
[INFO] [1788472449.765957746] [acados_nmpc_node]: [attach-window] t=89.40s pos_err=0.141m T=20.24N z=6.315 m_est=2.043
[INFO] [1788472449.821802089] [acados_nmpc_node]: [attach-window] t=89.46s pos_err=0.206m T=20.32N z=6.322 m_est=2.043
[INFO] [1788472449.865506779] [acados_nmpc_node]: [attach-window] t=89.50s pos_err=0.154m T=20.25N z=6.335 m_est=2.047
[INFO] [1788472449.873410718] [acados_nmpc_node]: [wcmd] raw=[+0.004,-0.123,-0.327] w=[+0.031,-0.151,-0.254] err=[-0.026,+0.028] scaled=[+0.004,-0.123] s=1.00
[INFO] [1788472449.919434798] [acados_nmpc_node]: [attach-window] t=89.55s pos_err=0.213m T=20.29N z=6.342 m_est=2.047
[INFO] [1788472449.965439124] [acados_nmpc_node]: [attach-window] t=89.60s pos_err=0.146m T=20.22N z=6.357 m_est=2.050
[INFO] [1788472450.021521532] [acados_nmpc_node]: [attach-window] t=89.66s pos_err=0.205m T=20.27N z=6.363 m_est=2.050
[INFO] [1788472450.066296137] [acados_nmpc_node]: [attach-window] t=89.70s pos_err=0.157m T=20.20N z=6.376 m_est=2.050
[INFO] [1788472450.073359664] [acados_nmpc_node]: [wcmd] raw=[-0.012,-0.108,-0.406] w=[+0.026,-0.119,-0.309] err=[-0.038,+0.011] scaled=[-0.012,-0.108] s=1.00
[INFO] [1788472450.122050862] [acados_nmpc_node]: [attach-window] t=89.76s pos_err=0.124m T=20.11N z=6.391 m_est=2.050
[INFO] [1788472450.166580079] [acados_nmpc_node]: [attach-window] t=89.80s pos_err=0.150m T=20.17N z=6.398 m_est=2.049
[INFO] [1788472450.221358958] [acados_nmpc_node]: [attach-window] t=89.86s pos_err=0.201m T=20.26N z=6.404 m_est=2.049
[INFO] [1788472450.266327283] [acados_nmpc_node]: [attach-window] t=89.90s pos_err=0.157m T=20.18N z=6.416 m_est=2.043
[INFO] [1788472450.273384529] [acados_nmpc_node]: [wcmd] raw=[+0.033,+0.014,-0.500] w=[-0.006,-0.120,-0.378] err=[+0.038,+0.134] scaled=[+0.033,+0.014] s=1.00
[INFO] [1788472450.322486527] [acados_nmpc_node]: [attach-window] t=89.96s pos_err=0.209m T=20.21N z=6.423 m_est=2.043
[INFO] [1788472450.366318924] [acados_nmpc_node]: [attach-window] t=90.00s pos_err=0.149m T=20.14N z=6.436 m_est=2.036
[INFO] [1788472450.421979106] [acados_nmpc_node]: [attach-window] t=90.06s pos_err=0.196m T=20.21N z=6.442 m_est=2.036
[INFO] [1788472450.465508032] [acados_nmpc_node]: [attach-window] t=90.10s pos_err=0.156m T=20.13N z=6.453 m_est=2.027
[INFO] [1788472450.473307208] [acados_nmpc_node]: [wcmd] raw=[+0.010,-0.053,-0.615] w=[+0.075,+0.008,-0.464] err=[-0.065,-0.061] scaled=[+0.010,-0.053] s=1.00
[INFO] [1788472450.521666586] [acados_nmpc_node]: [attach-window] t=90.16s pos_err=0.185m T=20.20N z=6.460 m_est=2.027
[INFO] [1788472450.566198271] [acados_nmpc_node]: [attach-window] t=90.20s pos_err=0.147m T=20.12N z=6.471 m_est=2.019
[INFO] [1788472450.621588506] [acados_nmpc_node]: [attach-window] t=90.26s pos_err=0.190m T=20.23N z=6.476 m_est=2.019
[INFO] [1788472450.666239338] [acados_nmpc_node]: [attach-window] t=90.30s pos_err=0.139m T=20.14N z=6.488 m_est=2.012
[INFO] [1788472450.673329828] [acados_nmpc_node]: [wcmd] raw=[-0.050,-0.136,-0.740] w=[+0.025,-0.095,-0.572] err=[-0.075,-0.041] scaled=[-0.050,-0.136] s=1.00
[INFO] [1788472450.721759848] [acados_nmpc_node]: [attach-window] t=90.36s pos_err=0.178m T=20.26N z=6.493 m_est=2.012
[INFO] [1788472450.766217996] [acados_nmpc_node]: [attach-window] t=90.40s pos_err=0.143m T=20.23N z=6.502 m_est=2.010
[INFO] [1788472450.821600454] [acados_nmpc_node]: [attach-window] t=90.46s pos_err=0.180m T=20.34N z=6.507 m_est=2.010
[INFO] [1788472450.866122343] [acados_nmpc_node]: [attach-window] t=90.50s pos_err=0.145m T=20.35N z=6.516 m_est=2.011
[INFO] [1788472450.873342688] [acados_nmpc_node]: [wcmd] raw=[-0.005,-0.046,-0.867] w=[+0.013,-0.085,-0.690] err=[-0.018,+0.039] scaled=[-0.005,-0.046] s=1.00
[INFO] [1788472450.921611947] [acados_nmpc_node]: [attach-window] t=90.56s pos_err=0.182m T=20.46N z=6.520 m_est=2.011
[INFO] [1788472450.922111355] [acados_nmpc_node]: t=90.6s | pos_err=0.182m | T=20.46N | tau=[r0.016 p0.034 y-0.101]Nm | res_stat=3.362e-07(peak 1.727e+00) sqp_iter=6 | solve=2.4ms
[INFO] [1788472450.922319760] [acados_nmpc_node]: [flight-diag] t=90.6s | om_scale=1.000(lo 1.000 hi 1.046) | tilt_max=10.36deg | w_max=[r0.088 p0.419 y0.704]rad/s | u_frac=[T0.513 r0.064 p0.275 y0.706] | u_sat=[T0.0 r0.0 p0.0 y0.0]% | mot_peak=0.848 mot_sat=0.0% | health=na age=na conf=na | n=100
[INFO] [1788472450.966271548] [acados_nmpc_node]: [attach-window] t=90.60s pos_err=0.135m T=20.46N z=6.530 m_est=2.015
[INFO] [1788472451.021558290] [acados_nmpc_node]: [attach-window] t=90.66s pos_err=0.169m T=20.56N z=6.534 m_est=2.015
[INFO] [1788472451.065926392] [acados_nmpc_node]: [attach-window] t=90.70s pos_err=0.137m T=20.55N z=6.543 m_est=2.022
[INFO] [1788472451.073404691] [acados_nmpc_node]: [wcmd] raw=[-0.033,-0.066,-0.955] w=[+0.031,-0.048,-0.822] err=[-0.064,-0.018] scaled=[-0.033,-0.066] s=1.00
[INFO] [1788472451.121867536] [acados_nmpc_node]: [attach-window] t=90.76s pos_err=0.171m T=20.64N z=6.547 m_est=2.022
[INFO] [1788472451.165968371] [acados_nmpc_node]: [attach-window] t=90.80s pos_err=0.129m T=20.55N z=6.557 m_est=2.030
[INFO] [1788472451.221553549] [acados_nmpc_node]: [attach-window] t=90.86s pos_err=0.160m T=20.63N z=6.561 m_est=2.030
[INFO] [1788472451.266155867] [acados_nmpc_node]: [attach-window] t=90.90s pos_err=0.132m T=20.54N z=6.570 m_est=2.038
[INFO] [1788472451.273348527] [acados_nmpc_node]: [wcmd] raw=[-0.064,-0.090,-0.998] w=[-0.012,-0.077,-0.937] err=[-0.052,-0.013] scaled=[-0.064,-0.090] s=1.00
[INFO] [1788472451.321369739] [acados_nmpc_node]: [attach-window] t=90.96s pos_err=0.162m T=20.61N z=6.575 m_est=2.038
[INFO] [1788472451.365967544] [acados_nmpc_node]: [attach-window] t=91.00s pos_err=0.125m T=20.44N z=6.586 m_est=2.045
[INFO] [1788472451.421404396] [acados_nmpc_node]: [attach-window] t=91.06s pos_err=0.153m T=20.52N z=6.591 m_est=2.045
[INFO] [1788472451.465948555] [acados_nmpc_node]: [attach-window] t=91.10s pos_err=0.119m T=20.31N z=6.602 m_est=2.050
[INFO] [1788472451.473329258] [acados_nmpc_node]: [wcmd] raw=[-0.078,-0.152,-0.951] w=[-0.039,-0.093,-1.016] err=[-0.039,-0.058] scaled=[-0.078,-0.152] s=1.00
[INFO] [1788472451.521639864] [acados_nmpc_node]: [attach-window] t=91.16s pos_err=0.154m T=20.46N z=6.606 m_est=2.050
[INFO] [1788472451.566026581] [acados_nmpc_node]: [attach-window] t=91.20s pos_err=0.120m T=20.27N z=6.618 m_est=2.054
[INFO] [1788472451.621611909] [acados_nmpc_node]: [attach-window] t=91.26s pos_err=0.143m T=20.36N z=6.623 m_est=2.054
[INFO] [1788472451.666023044] [acados_nmpc_node]: [attach-window] t=91.30s pos_err=0.119m T=20.22N z=6.633 m_est=2.055
[INFO] [1788472451.673380074] [acados_nmpc_node]: [wcmd] raw=[+0.003,-0.085,-0.825] w=[-0.020,-0.087,-1.031] err=[+0.023,+0.002] scaled=[+0.003,-0.085] s=1.00
[INFO] [1788472451.721649642] [acados_nmpc_node]: [attach-window] t=91.36s pos_err=0.142m T=20.31N z=6.638 m_est=2.055
[INFO] [1788472451.766138667] [acados_nmpc_node]: [attach-window] t=91.40s pos_err=0.110m T=20.13N z=6.649 m_est=2.056
[INFO] [1788472451.821310541] [acados_nmpc_node]: [attach-window] t=91.46s pos_err=0.129m T=20.24N z=6.654 m_est=2.056
[INFO] [1788472451.866273298] [acados_nmpc_node]: [attach-window] t=91.50s pos_err=0.106m T=20.09N z=6.665 m_est=2.055
[INFO] [1788472451.873401174] [acados_nmpc_node]: [wcmd] raw=[+0.025,-0.105,-0.647] w=[+0.015,-0.092,-0.969] err=[+0.010,-0.013] scaled=[+0.025,-0.105] s=1.00
[INFO] [1788472451.921604390] [acados_nmpc_node]: [attach-window] t=91.56s pos_err=0.125m T=20.19N z=6.670 m_est=2.055
[INFO] [1788472451.966330761] [acados_nmpc_node]: [attach-window] t=91.60s pos_err=0.094m T=20.00N z=6.682 m_est=2.055
[INFO] [1788472452.021799150] [acados_nmpc_node]: [attach-window] t=91.66s pos_err=0.112m T=20.13N z=6.687 m_est=2.055
[INFO] [1788472452.065625426] [acados_nmpc_node]: [attach-window] t=91.70s pos_err=0.088m T=20.01N z=6.697 m_est=2.055
[INFO] [1788472452.073353964] [acados_nmpc_node]: [wcmd] raw=[+0.038,-0.106,-0.460] w=[+0.022,-0.103,-0.836] err=[+0.017,-0.003] scaled=[+0.038,-0.106] s=1.00
[INFO] [1788472452.121835605] [acados_nmpc_node]: [attach-window] t=91.76s pos_err=0.108m T=20.15N z=6.701 m_est=2.055
[INFO] [1788472452.166300736] [acados_nmpc_node]: [attach-window] t=91.80s pos_err=0.075m T=19.99N z=6.710 m_est=2.054
[INFO] [1788472452.221461838] [acados_nmpc_node]: [attach-window] t=91.86s pos_err=0.094m T=20.13N z=6.714 m_est=2.054
[INFO] [1788472452.266188606] [acados_nmpc_node]: [attach-window] t=91.90s pos_err=0.067m T=20.01N z=6.722 m_est=2.053
[INFO] [1788472452.273323131] [acados_nmpc_node]: [wcmd] raw=[+0.040,-0.113,-0.301] w=[+0.026,-0.112,-0.661] err=[+0.014,-0.001] scaled=[+0.040,-0.113] s=1.00
[INFO] [1788472452.321684664] [acados_nmpc_node]: [attach-window] t=91.96s pos_err=0.095m T=20.14N z=6.726 m_est=2.053
[INFO] [1788472452.366210711] [acados_nmpc_node]: [attach-window] t=92.00s pos_err=0.056m T=19.96N z=6.735 m_est=2.052
[INFO] [1788472452.421460634] [acados_nmpc_node]: [attach-window] t=92.06s pos_err=0.084m T=20.11N z=6.738 m_est=2.052
[INFO] [1788472452.466133867] [acados_nmpc_node]: [attach-window] t=92.10s pos_err=0.053m T=19.96N z=6.745 m_est=2.051
[INFO] [1788472452.473403547] [acados_nmpc_node]: [wcmd] raw=[+0.007,-0.123,-0.196] w=[+0.020,-0.119,-0.480] err=[-0.013,-0.004] scaled=[+0.007,-0.123] s=1.00
[INFO] [1788472452.521392248] [acados_nmpc_node]: [attach-window] t=92.16s pos_err=0.092m T=20.10N z=6.749 m_est=2.051
[INFO] [1788472452.565938337] [acados_nmpc_node]: [attach-window] t=92.20s pos_err=0.045m T=19.90N z=6.756 m_est=2.050
[INFO] [1788472452.621326742] [acados_nmpc_node]: [attach-window] t=92.26s pos_err=0.086m T=20.05N z=6.760 m_est=2.050
[INFO] [1788472452.665723149] [acados_nmpc_node]: [attach-window] t=92.30s pos_err=0.049m T=19.91N z=6.766 m_est=2.049
[INFO] [1788472452.673333595] [acados_nmpc_node]: [wcmd] raw=[-0.024,-0.148,-0.148] w=[-0.011,-0.140,-0.329] err=[-0.013,-0.007] scaled=[-0.024,-0.148] s=1.00
[INFO] [1788472452.721872039] [acados_nmpc_node]: [attach-window] t=92.36s pos_err=0.099m T=20.06N z=6.769 m_est=2.049
[INFO] [1788472452.765754752] [acados_nmpc_node]: [attach-window] t=92.40s pos_err=0.044m T=19.87N z=6.774 m_est=2.047
[INFO] [1788472452.821232338] [acados_nmpc_node]: [attach-window] t=92.46s pos_err=0.093m T=20.03N z=6.777 m_est=2.047
[INFO] [1788472452.865648352] [acados_nmpc_node]: [attach-window] t=92.50s pos_err=0.054m T=19.90N z=6.781 m_est=2.046
[INFO] [1788472452.873347403] [acados_nmpc_node]: [wcmd] raw=[-0.036,-0.161,-0.149] w=[-0.026,-0.166,-0.223] err=[-0.010,+0.005] scaled=[-0.036,-0.161] s=1.00
[INFO] [1788472452.921311978] [acados_nmpc_node]: [attach-window] t=92.56s pos_err=0.108m T=20.06N z=6.783 m_est=2.046
[INFO] [1788472452.965668225] [acados_nmpc_node]: [attach-window] t=92.60s pos_err=0.050m T=19.90N z=6.786 m_est=2.045
[INFO] [1788472453.021166152] [acados_nmpc_node]: [attach-window] t=92.66s pos_err=0.103m T=20.06N z=6.788 m_est=2.045
[INFO] [1788472453.065661223] [acados_nmpc_node]: [attach-window] t=92.70s pos_err=0.061m T=19.97N z=6.789 m_est=2.045
[INFO] [1788472453.073301933] [acados_nmpc_node]: [wcmd] raw=[-0.037,-0.153,-0.180] w=[-0.026,-0.169,-0.172] err=[-0.011,+0.015] scaled=[-0.037,-0.153] s=1.00
[INFO] [1788472453.121528174] [acados_nmpc_node]: [attach-window] t=92.76s pos_err=0.117m T=20.11N z=6.790 m_est=2.045
[INFO] [1788472453.165678329] [acados_nmpc_node]: [attach-window] t=92.80s pos_err=0.057m T=20.00N z=6.791 m_est=2.045
[INFO] [1788472453.221509826] [acados_nmpc_node]: [attach-window] t=92.86s pos_err=0.112m T=20.14N z=6.792 m_est=2.045
[INFO] [1788472453.266086806] [acados_nmpc_node]: [attach-window] t=92.90s pos_err=0.069m T=20.06N z=6.792 m_est=2.045
[INFO] [1788472453.273318017] [acados_nmpc_node]: [wcmd] raw=[-0.032,-0.152,-0.224] w=[-0.018,-0.170,-0.166] err=[-0.014,+0.018] scaled=[-0.032,-0.152] s=1.00
[INFO] [1788472453.321406079] [acados_nmpc_node]: [attach-window] t=92.96s pos_err=0.125m T=20.17N z=6.792 m_est=2.045
[INFO] [1788472453.365933073] [acados_nmpc_node]: [attach-window] t=93.00s pos_err=0.064m T=20.06N z=6.792 m_est=2.045
[INFO] [1788472453.421210975] [acados_nmpc_node]: [attach-window] t=93.06s pos_err=0.118m T=20.17N z=6.792 m_est=2.045
[INFO] [1788472453.465918992] [acados_nmpc_node]: [attach-window] t=93.10s pos_err=0.060m T=20.03N z=6.791 m_est=2.046
[INFO] [1788472453.473501949] [acados_nmpc_node]: [wcmd] raw=[-0.040,-0.233,-0.265] w=[-0.009,-0.170,-0.191] err=[-0.031,-0.064] scaled=[-0.040,-0.233] s=1.00
[INFO] [1788472453.521813707] [acados_nmpc_node]: [attach-window] t=93.16s pos_err=0.132m T=20.17N z=6.791 m_est=2.046
[INFO] [1788472453.565843348] [acados_nmpc_node]: [attach-window] t=93.20s pos_err=0.069m T=20.06N z=6.791 m_est=2.048
[INFO] [1788472453.621460016] [acados_nmpc_node]: [attach-window] t=93.26s pos_err=0.124m T=20.11N z=6.791 m_est=2.048
[INFO] [1788472453.665250589] [acados_nmpc_node]: [attach-window] t=93.30s pos_err=0.079m T=20.03N z=6.791 m_est=2.049
[INFO] [1788472453.673305401] [acados_nmpc_node]: [wcmd] raw=[-0.008,-0.136,-0.297] w=[+0.003,-0.156,-0.230] err=[-0.011,+0.020] scaled=[-0.008,-0.136] s=1.00
[INFO] [1788472453.721323680] [acados_nmpc_node]: [attach-window] t=93.36s pos_err=0.135m T=20.08N z=6.791 m_est=2.049
[INFO] [1788472453.765850643] [acados_nmpc_node]: [attach-window] t=93.40s pos_err=0.071m T=19.98N z=6.792 m_est=2.051
[INFO] [1788472453.821152398] [acados_nmpc_node]: [attach-window] t=93.46s pos_err=0.125m T=20.03N z=6.792 m_est=2.051
[INFO] [1788472453.865939711] [acados_nmpc_node]: [attach-window] t=93.50s pos_err=0.065m T=19.93N z=6.792 m_est=2.052
[INFO] [1788472453.873402831] [acados_nmpc_node]: [wcmd] raw=[-0.020,-0.229,-0.313] w=[+0.015,-0.157,-0.268] err=[-0.035,-0.071] scaled=[-0.020,-0.229] s=1.00
[INFO] [1788472453.921495874] [acados_nmpc_node]: [attach-window] t=93.56s pos_err=0.137m T=20.00N z=6.792 m_est=2.052
[INFO] [1788472453.965911316] [acados_nmpc_node]: [attach-window] t=93.60s pos_err=0.073m T=19.94N z=6.792 m_est=2.052
[INFO] [1788472454.021330836] [acados_nmpc_node]: [attach-window] t=93.66s pos_err=0.059m T=19.89N z=6.791 m_est=2.052
[INFO] [1788472454.065975390] [acados_nmpc_node]: [attach-window] t=93.70s pos_err=0.081m T=19.95N z=6.791 m_est=2.052
[INFO] [1788472454.073413744] [acados_nmpc_node]: [wcmd] raw=[-0.007,-0.130,-0.326] w=[+0.009,-0.173,-0.298] err=[-0.016,+0.043] scaled=[-0.007,-0.130] s=1.00
[INFO] [1788472454.121419585] [acados_nmpc_node]: [attach-window] t=93.76s pos_err=0.056m T=20.00N z=6.789 m_est=2.052
[INFO] [1788472454.165881543] [acados_nmpc_node]: [attach-window] t=93.80s pos_err=0.073m T=20.05N z=6.788 m_est=2.052
[INFO] [1788472454.221360127] [acados_nmpc_node]: [attach-window] t=93.86s pos_err=0.126m T=20.06N z=6.787 m_est=2.052
[INFO] [1788472454.265983568] [acados_nmpc_node]: [attach-window] t=93.90s pos_err=0.082m T=20.08N z=6.783 m_est=2.049
[INFO] [1788472454.273297742] [acados_nmpc_node]: [wcmd] raw=[+0.045,+0.055,-0.343] w=[+0.004,-0.089,-0.313] err=[+0.040,+0.144] scaled=[+0.045,+0.055] s=1.00
[INFO] [1788472454.321308722] [acados_nmpc_node]: [attach-window] t=93.96s pos_err=0.137m T=20.05N z=6.782 m_est=2.049
[INFO] [1788472454.365929663] [acados_nmpc_node]: [attach-window] t=94.00s pos_err=0.076m T=20.11N z=6.778 m_est=2.044
[INFO] [1788472454.421337657] [acados_nmpc_node]: [attach-window] t=94.06s pos_err=0.130m T=20.11N z=6.776 m_est=2.044
[INFO] [1788472454.465946736] [acados_nmpc_node]: [attach-window] t=94.10s pos_err=0.087m T=20.08N z=6.772 m_est=2.037
[INFO] [1788472454.473432998] [acados_nmpc_node]: [wcmd] raw=[+0.005,-0.134,-0.370] w=[+0.057,-0.017,-0.335] err=[-0.053,-0.117] scaled=[+0.005,-0.134] s=1.00
[INFO] [1788472454.521626632] [acados_nmpc_node]: [attach-window] t=94.16s pos_err=0.124m T=20.09N z=6.769 m_est=2.037
[INFO] [1788472454.565964750] [acados_nmpc_node]: [attach-window] t=94.20s pos_err=0.082m T=20.00N z=6.765 m_est=2.030
[INFO] [1788472454.621439781] [acados_nmpc_node]: [attach-window] t=94.26s pos_err=0.135m T=20.04N z=6.763 m_est=2.030
[INFO] [1788472454.665967572] [acados_nmpc_node]: [attach-window] t=94.30s pos_err=0.077m T=19.98N z=6.758 m_est=2.024
[INFO] [1788472454.673337003] [acados_nmpc_node]: [wcmd] raw=[-0.049,-0.256,-0.410] w=[+0.002,-0.214,-0.362] err=[-0.051,-0.042] scaled=[-0.049,-0.256] s=1.00
[INFO] [1788472454.719409719] [acados_nmpc_node]: [attach-window] t=94.35s pos_err=0.141m T=20.02N z=6.757 m_est=2.024
[INFO] [1788472454.765208291] [acados_nmpc_node]: [attach-window] t=94.40s pos_err=0.086m T=20.04N z=6.751 m_est=2.020
[INFO] [1788472454.819040304] [acados_nmpc_node]: [attach-window] t=94.45s pos_err=0.130m T=20.06N z=6.748 m_est=2.020
[INFO] [1788472454.865139035] [acados_nmpc_node]: [attach-window] t=94.50s pos_err=0.094m T=20.14N z=6.742 m_est=2.019
[INFO] [1788472454.873256448] [acados_nmpc_node]: [wcmd] raw=[-0.013,-0.127,-0.470] w=[-0.005,-0.167,-0.396] err=[-0.009,+0.041] scaled=[-0.013,-0.127] s=1.00
[INFO] [1788472454.919156837] [acados_nmpc_node]: [attach-window] t=94.55s pos_err=0.137m T=20.15N z=6.739 m_est=2.019
[INFO] [1788472454.965889513] [acados_nmpc_node]: [attach-window] t=94.60s pos_err=0.088m T=20.28N z=6.731 m_est=2.021
[INFO] [1788472455.021394185] [acados_nmpc_node]: [attach-window] t=94.66s pos_err=0.130m T=20.28N z=6.727 m_est=2.021
[INFO] [1788472455.065867380] [acados_nmpc_node]: [attach-window] t=94.70s pos_err=0.095m T=20.39N z=6.720 m_est=2.025
[INFO] [1788472455.073317957] [acados_nmpc_node]: [wcmd] raw=[-0.008,-0.109,-0.552] w=[+0.020,-0.123,-0.446] err=[-0.028,+0.014] scaled=[-0.008,-0.109] s=1.00
[INFO] [1788472455.122159075] [acados_nmpc_node]: [attach-window] t=94.76s pos_err=0.122m T=20.38N z=6.715 m_est=2.025
[INFO] [1788472455.165951183] [acados_nmpc_node]: [attach-window] t=94.80s pos_err=0.091m T=20.49N z=6.706 m_est=2.030
[INFO] [1788472455.221674310] [acados_nmpc_node]: [attach-window] t=94.86s pos_err=0.127m T=20.46N z=6.702 m_est=2.030
[INFO] [1788472455.266011281] [acados_nmpc_node]: [attach-window] t=94.90s pos_err=0.090m T=20.56N z=6.693 m_est=2.037
[INFO] [1788472455.273449941] [acados_nmpc_node]: [wcmd] raw=[-0.039,-0.131,-0.651] w=[+0.016,-0.112,-0.516] err=[-0.055,-0.019] scaled=[-0.039,-0.131] s=1.00
[INFO] [1788472455.321354666] [acados_nmpc_node]: [attach-window] t=94.96s pos_err=0.119m T=20.51N z=6.689 m_est=2.037
[INFO] [1788472455.366184272] [acados_nmpc_node]: [attach-window] t=95.00s pos_err=0.095m T=20.56N z=6.680 m_est=2.043
[INFO] [1788472455.421631024] [acados_nmpc_node]: [attach-window] t=95.06s pos_err=0.125m T=20.49N z=6.676 m_est=2.043
[INFO] [1788472455.466288998] [acados_nmpc_node]: [attach-window] t=95.10s pos_err=0.101m T=20.52N z=6.669 m_est=2.048
[INFO] [1788472455.473377246] [acados_nmpc_node]: [wcmd] raw=[-0.009,-0.048,-0.775] w=[+0.018,-0.081,-0.605] err=[-0.027,+0.033] scaled=[-0.009,-0.048] s=1.00
[INFO] [1788472455.521687379] [acados_nmpc_node]: [attach-window] t=95.16s pos_err=0.119m T=20.45N z=6.664 m_est=2.048
[INFO] [1788472455.566267723] [acados_nmpc_node]: [attach-window] t=95.20s pos_err=0.099m T=20.44N z=6.657 m_est=2.051
[INFO] [1788472455.621691237] [acados_nmpc_node]: [attach-window] t=95.26s pos_err=0.123m T=20.37N z=6.654 m_est=2.051
[INFO] [1788472455.666197921] [acados_nmpc_node]: [attach-window] t=95.30s pos_err=0.103m T=20.34N z=6.648 m_est=2.053
[INFO] [1788472455.673455410] [acados_nmpc_node]: [wcmd] raw=[-0.026,-0.070,-0.894] w=[+0.022,-0.062,-0.715] err=[-0.048,-0.007] scaled=[-0.026,-0.070] s=1.00
[INFO] [1788472455.721848627] [acados_nmpc_node]: [attach-window] t=95.36s pos_err=0.127m T=20.26N z=6.645 m_est=2.053
[INFO] [1788472455.766272151] [acados_nmpc_node]: [attach-window] t=95.40s pos_err=0.101m T=20.23N z=6.639 m_est=2.054
[INFO] [1788472455.821640322] [acados_nmpc_node]: [attach-window] t=95.46s pos_err=0.120m T=20.18N z=6.636 m_est=2.054
[INFO] [1788472455.866203229] [acados_nmpc_node]: [attach-window] t=95.50s pos_err=0.101m T=20.15N z=6.629 m_est=2.054
[INFO] [1788472455.873319915] [acados_nmpc_node]: [wcmd] raw=[-0.072,-0.144,-0.979] w=[+0.011,-0.083,-0.840] err=[-0.083,-0.062] scaled=[-0.072,-0.144] s=1.00
[INFO] [1788472455.921859993] [acados_nmpc_node]: [attach-window] t=95.56s pos_err=0.115m T=20.13N z=6.627 m_est=2.054
[INFO] [1788472455.922345594] [acados_nmpc_node]: t=95.6s | pos_err=0.115m | T=20.13N | tau=[r-0.000 p0.005 y-0.085]Nm | res_stat=2.145e-07(peak 1.727e+00) sqp_iter=6 | solve=2.5ms
[INFO] [1788472455.922549959] [acados_nmpc_node]: [flight-diag] t=95.6s | om_scale=1.000(lo 1.000 hi 1.000) | tilt_max=9.82deg | w_max=[r0.067 p0.241 y1.032]rad/s | u_frac=[T0.510 r0.058 p0.187 y0.764] | u_sat=[T0.0 r0.0 p0.0 y0.0]% | mot_peak=0.841 mot_sat=0.0% | health=na age=na conf=na | n=100
[INFO] [1788472455.966175079] [acados_nmpc_node]: [attach-window] t=95.60s pos_err=0.102m T=20.12N z=6.621 m_est=2.055
[INFO] [1788472456.021857629] [acados_nmpc_node]: [attach-window] t=95.66s pos_err=0.115m T=20.11N z=6.617 m_est=2.055
[INFO] [1788472456.066490317] [acados_nmpc_node]: [attach-window] t=95.70s pos_err=0.103m T=20.14N z=6.611 m_est=2.056
[INFO] [1788472456.073395737] [acados_nmpc_node]: [wcmd] raw=[+0.001,-0.056,-1.020] w=[-0.003,-0.095,-0.948] err=[+0.004,+0.039] scaled=[+0.001,-0.056] s=1.00
[INFO] [1788472456.121355419] [acados_nmpc_node]: [attach-window] t=95.76s pos_err=0.115m T=20.12N z=6.607 m_est=2.056
[INFO] [1788472456.166183941] [acados_nmpc_node]: [attach-window] t=95.80s pos_err=0.100m T=20.15N z=6.599 m_est=2.055
[INFO] [1788472456.221373972] [acados_nmpc_node]: [attach-window] t=95.86s pos_err=0.106m T=20.15N z=6.595 m_est=2.055
[INFO] [1788472456.266108407] [acados_nmpc_node]: [attach-window] t=95.90s pos_err=0.097m T=20.19N z=6.587 m_est=2.054
[INFO] [1788472456.273321881] [acados_nmpc_node]: [wcmd] raw=[+0.002,-0.065,-0.971] w=[+0.040,-0.053,-1.025] err=[-0.038,-0.013] scaled=[+0.002,-0.065] s=1.00
[INFO] [1788472456.321392689] [acados_nmpc_node]: [attach-window] t=95.96s pos_err=0.104m T=20.20N z=6.583 m_est=2.054
[INFO] [1788472456.365887695] [acados_nmpc_node]: [attach-window] t=96.00s pos_err=0.095m T=20.23N z=6.573 m_est=2.053
[INFO] [1788472456.421343880] [acados_nmpc_node]: [attach-window] t=96.06s pos_err=0.095m T=20.26N z=6.569 m_est=2.053
[INFO] [1788472456.466042481] [acados_nmpc_node]: [attach-window] t=96.10s pos_err=0.093m T=20.25N z=6.559 m_est=2.052
[INFO] [1788472456.473369411] [acados_nmpc_node]: [wcmd] raw=[-0.032,-0.148,-0.830] w=[+0.013,-0.068,-1.041] err=[-0.045,-0.080] scaled=[-0.032,-0.148] s=1.00
[INFO] [1788472456.521538305] [acados_nmpc_node]: [attach-window] t=96.16s pos_err=0.086m T=20.28N z=6.554 m_est=2.052
[INFO] [1788472456.566233618] [acados_nmpc_node]: [attach-window] t=96.20s pos_err=0.087m T=20.24N z=6.545 m_est=2.051
[INFO] [1788472456.621301844] [acados_nmpc_node]: [attach-window] t=96.26s pos_err=0.081m T=20.26N z=6.541 m_est=2.051
[INFO] [1788472456.666463441] [acados_nmpc_node]: [attach-window] t=96.30s pos_err=0.080m T=20.22N z=6.532 m_est=2.049
[INFO] [1788472456.673360373] [acados_nmpc_node]: [wcmd] raw=[+0.031,-0.053,-0.652] w=[-0.007,-0.083,-0.974] err=[+0.038,+0.031] scaled=[+0.031,-0.053] s=1.00
[INFO] [1788472456.721919775] [acados_nmpc_node]: [attach-window] t=96.36s pos_err=0.072m T=20.22N z=6.526 m_est=2.049
[INFO] [1788472456.766469765] [acados_nmpc_node]: [attach-window] t=96.40s pos_err=0.079m T=20.17N z=6.517 m_est=2.047
[INFO] [1788472456.821803604] [acados_nmpc_node]: [attach-window] t=96.46s pos_err=0.065m T=20.21N z=6.513 m_est=2.047
[INFO] [1788472456.866352475] [acados_nmpc_node]: [attach-window] t=96.50s pos_err=0.069m T=20.16N z=6.504 m_est=2.045
[INFO] [1788472456.873451356] [acados_nmpc_node]: [wcmd] raw=[+0.040,-0.073,-0.450] w=[+0.020,-0.072,-0.833] err=[+0.020,-0.001] scaled=[+0.040,-0.073] s=1.00
[INFO] [1788472456.921879679] [acados_nmpc_node]: [attach-window] t=96.56s pos_err=0.057m T=20.19N z=6.498 m_est=2.045
[INFO] [1788472456.966316979] [acados_nmpc_node]: [attach-window] t=96.60s pos_err=0.069m T=20.13N z=6.488 m_est=2.043
[INFO] [1788472457.021752909] [acados_nmpc_node]: [attach-window] t=96.66s pos_err=0.049m T=20.21N z=6.482 m_est=2.043
[INFO] [1788472457.066184390] [acados_nmpc_node]: [attach-window] t=96.70s pos_err=0.071m T=20.14N z=6.470 m_est=2.041
[INFO] [1788472457.073341280] [acados_nmpc_node]: [wcmd] raw=[+0.013,-0.167,-0.269] w=[+0.014,-0.099,-0.647] err=[-0.001,-0.069] scaled=[+0.013,-0.167] s=1.00
[INFO] [1788472457.121899551] [acados_nmpc_node]: [attach-window] t=96.76s pos_err=0.040m T=20.23N z=6.464 m_est=2.041
[INFO] [1788472457.166234070] [acados_nmpc_node]: [attach-window] t=96.80s pos_err=0.059m T=20.16N z=6.452 m_est=2.041
[INFO] [1788472457.221440615] [acados_nmpc_node]: [attach-window] t=96.86s pos_err=0.035m T=20.23N z=6.447 m_est=2.041
[INFO] [1788472457.266307669] [acados_nmpc_node]: [attach-window] t=96.90s pos_err=0.062m T=20.13N z=6.434 m_est=2.040
[INFO] [1788472457.273358153] [acados_nmpc_node]: [wcmd] raw=[+0.005,-0.150,-0.147] w=[+0.001,-0.087,-0.449] err=[+0.004,-0.063] scaled=[+0.005,-0.150] s=1.00
[INFO] [1788472457.321677788] [acados_nmpc_node]: [attach-window] t=96.96s pos_err=0.039m T=20.22N z=6.429 m_est=2.040
[INFO] [1788472457.366116280] [acados_nmpc_node]: [attach-window] t=97.00s pos_err=0.048m T=20.13N z=6.416 m_est=2.040
[INFO] [1788472457.418939734] [acados_nmpc_node]: [attach-window] t=97.05s pos_err=0.028m T=20.19N z=6.410 m_est=2.040
[INFO] [1788472457.465906162] [acados_nmpc_node]: [attach-window] t=97.10s pos_err=0.034m T=20.10N z=6.398 m_est=2.038
[INFO] [1788472457.473343230] [acados_nmpc_node]: [wcmd] raw=[-0.025,-0.113,-0.086] w=[-0.005,-0.070,-0.283] err=[-0.020,-0.043] scaled=[-0.025,-0.113] s=1.00
[INFO] [1788472457.521641660] [acados_nmpc_node]: [attach-window] t=97.16s pos_err=0.045m T=20.18N z=6.392 m_est=2.038
[INFO] [1788472457.565875350] [acados_nmpc_node]: [attach-window] t=97.20s pos_err=0.039m T=20.02N z=6.379 m_est=2.036
[INFO] [1788472457.621375689] [acados_nmpc_node]: [attach-window] t=97.26s pos_err=0.041m T=20.15N z=6.373 m_est=2.036
[INFO] [1788472457.665946392] [acados_nmpc_node]: [attach-window] t=97.30s pos_err=0.026m T=19.99N z=6.361 m_est=2.031
[INFO] [1788472457.673311920] [acados_nmpc_node]: [wcmd] raw=[-0.068,-0.170,-0.068] w=[-0.043,-0.156,-0.163] err=[-0.026,-0.013] scaled=[-0.068,-0.170] s=1.00
[INFO] [1788472457.721453371] [acados_nmpc_node]: [attach-window] t=97.36s pos_err=0.059m T=20.10N z=6.355 m_est=2.031
[INFO] [1788472457.765869255] [acados_nmpc_node]: [attach-window] t=97.40s pos_err=0.032m T=19.90N z=6.341 m_est=2.025
[INFO] [1788472457.821120145] [acados_nmpc_node]: [attach-window] t=97.46s pos_err=0.054m T=20.03N z=6.335 m_est=2.025
[INFO] [1788472457.865666011] [acados_nmpc_node]: [attach-window] t=97.50s pos_err=0.023m T=19.89N z=6.323 m_est=2.019
[INFO] [1788472457.873327549] [acados_nmpc_node]: [wcmd] raw=[-0.049,-0.154,-0.079] w=[-0.063,-0.174,-0.094] err=[+0.013,+0.019] scaled=[-0.049,-0.154] s=1.00
[INFO] [1788472457.921200698] [acados_nmpc_node]: [attach-window] t=97.56s pos_err=0.073m T=20.00N z=6.316 m_est=2.019
[INFO] [1788472457.965636691] [acados_nmpc_node]: [attach-window] t=97.60s pos_err=0.028m T=19.86N z=6.302 m_est=2.013
[INFO] [1788472458.021167376] [acados_nmpc_node]: [attach-window] t=97.66s pos_err=0.066m T=19.99N z=6.295 m_est=2.013
[INFO] [1788472458.065594391] [acados_nmpc_node]: [attach-window] t=97.70s pos_err=0.021m T=19.90N z=6.282 m_est=2.009
[INFO] [1788472458.073448419] [acados_nmpc_node]: [wcmd] raw=[-0.021,-0.151,-0.099] w=[-0.028,-0.162,-0.068] err=[+0.007,+0.012] scaled=[-0.021,-0.151] s=1.00
[INFO] [1788472458.121535836] [acados_nmpc_node]: [attach-window] t=97.76s pos_err=0.087m T=20.01N z=6.275 m_est=2.009
[INFO] [1788472458.165665144] [acados_nmpc_node]: [attach-window] t=97.80s pos_err=0.020m T=19.91N z=6.260 m_est=2.006
[INFO] [1788472458.221295718] [acados_nmpc_node]: [attach-window] t=97.86s pos_err=0.080m T=20.04N z=6.253 m_est=2.006
[INFO] [1788472458.265616207] [acados_nmpc_node]: [attach-window] t=97.90s pos_err=0.021m T=19.98N z=6.240 m_est=2.006
[INFO] [1788472458.273338566] [acados_nmpc_node]: [wcmd] raw=[-0.030,-0.152,-0.113] w=[-0.011,-0.161,-0.070] err=[-0.020,+0.009] scaled=[-0.030,-0.152] s=1.00
[INFO] [1788472458.321330135] [acados_nmpc_node]: [attach-window] t=97.96s pos_err=0.101m T=20.08N z=6.233 m_est=2.006
[INFO] [1788472458.365649164] [acados_nmpc_node]: [attach-window] t=98.00s pos_err=0.013m T=20.01N z=6.217 m_est=2.008
[INFO] [1788472458.421278425] [acados_nmpc_node]: [attach-window] t=98.06s pos_err=0.096m T=20.13N z=6.209 m_est=2.008
[INFO] [1788472458.465727597] [acados_nmpc_node]: [attach-window] t=98.10s pos_err=0.030m T=20.10N z=6.195 m_est=2.012
[INFO] [1788472458.473361623] [acados_nmpc_node]: [wcmd] raw=[-0.046,-0.162,-0.112] w=[-0.030,-0.168,-0.084] err=[-0.016,+0.006] scaled=[-0.046,-0.162] s=1.00
[INFO] [1788472458.521505524] [acados_nmpc_node]: [attach-window] t=98.16s pos_err=0.118m T=20.18N z=6.187 m_est=2.012
[INFO] [1788472458.564932646] [acados_nmpc_node]: [attach-window] t=98.20s pos_err=0.021m T=20.12N z=6.170 m_est=2.017
[INFO] [1788472458.618770495] [acados_nmpc_node]: [attach-window] t=98.25s pos_err=0.014m T=19.98N z=6.155 m_est=2.017
[INFO] [1788472458.664956527] [acados_nmpc_node]: [attach-window] t=98.30s pos_err=0.042m T=20.18N z=6.148 m_est=2.024
[INFO] [1788472458.673298518] [acados_nmpc_node]: [wcmd] raw=[-0.043,-0.173,-0.094] w=[-0.046,-0.206,-0.093] err=[+0.003,+0.034] scaled=[-0.043,-0.173] s=1.00
[INFO] [1788472458.719279155] [acados_nmpc_node]: [attach-window] t=98.35s pos_err=0.129m T=20.25N z=6.141 m_est=2.024
[INFO] [1788472458.765025152] [acados_nmpc_node]: [attach-window] t=98.40s pos_err=0.035m T=20.23N z=6.124 m_est=2.032
[INFO] [1788472458.818960587] [acados_nmpc_node]: [attach-window] t=98.45s pos_err=0.123m T=20.18N z=6.117 m_est=2.032
[INFO] [1788472458.865127794] [acados_nmpc_node]: [attach-window] t=98.50s pos_err=0.060m T=20.22N z=6.103 m_est=2.036
[INFO] [1788472458.873428231] [acados_nmpc_node]: [wcmd] raw=[-0.029,+0.012,-0.064] w=[-0.042,-0.005,-0.088] err=[+0.012,+0.017] scaled=[-0.029,+0.012] s=1.00
[INFO] [1788472458.918853988] [acados_nmpc_node]: [attach-window] t=98.55s pos_err=0.149m T=20.18N z=6.096 m_est=2.036
[INFO] [1788472458.965012372] [acados_nmpc_node]: [attach-window] t=98.60s pos_err=0.057m T=20.15N z=6.080 m_est=2.038
[INFO] [1788472459.019010939] [acados_nmpc_node]: [attach-window] t=98.65s pos_err=0.028m T=19.95N z=6.067 m_est=2.038
[INFO] [1788472459.065833406] [acados_nmpc_node]: [attach-window] t=98.70s pos_err=0.083m T=20.04N z=6.060 m_est=2.038
[INFO] [1788472459.073321117] [acados_nmpc_node]: [wcmd] raw=[-0.022,-0.215,-0.027] w=[-0.033,-0.133,-0.070] err=[+0.011,-0.082] scaled=[-0.022,-0.215] s=1.00
[INFO] [1788472459.121472071] [acados_nmpc_node]: [attach-window] t=98.76s pos_err=0.179m T=20.11N z=6.054 m_est=2.038
[INFO] [1788472459.165697972] [acados_nmpc_node]: [attach-window] t=98.80s pos_err=0.078m T=19.93N z=6.038 m_est=2.030
[INFO] [1788472459.221737142] [acados_nmpc_node]: [attach-window] t=98.86s pos_err=0.174m T=19.90N z=6.031 m_est=2.030
[INFO] [1788472459.265799776] [acados_nmpc_node]: [attach-window] t=98.90s pos_err=0.102m T=19.87N z=6.017 m_est=2.023
[INFO] [1788472459.273343953] [acados_nmpc_node]: [wcmd] raw=[-0.023,-0.055,+0.012] w=[-0.034,-0.088,-0.041] err=[+0.011,+0.033] scaled=[-0.023,-0.055] s=1.00
[INFO] [1788472459.321442811] [acados_nmpc_node]: [attach-window] t=98.96s pos_err=0.196m T=19.86N z=6.010 m_est=2.023
[INFO] [1788472459.366050648] [acados_nmpc_node]: [attach-window] t=99.00s pos_err=0.095m T=19.87N z=5.993 m_est=2.018
[INFO] [1788472459.421388340] [acados_nmpc_node]: [attach-window] t=99.06s pos_err=0.188m T=19.94N z=5.985 m_est=2.018
[INFO] [1788472459.466026025] [acados_nmpc_node]: [attach-window] t=99.10s pos_err=0.116m T=19.90N z=5.970 m_est=2.015
[INFO] [1788472459.473313334] [acados_nmpc_node]: [wcmd] raw=[-0.027,-0.255,+0.048] w=[-0.035,-0.166,-0.006] err=[+0.008,-0.088] scaled=[-0.027,-0.255] s=1.00
[INFO] [1788472459.521656864] [acados_nmpc_node]: [attach-window] t=99.16s pos_err=0.208m T=19.98N z=5.962 m_est=2.015
[INFO] [1788472459.565913647] [acados_nmpc_node]: [attach-window] t=99.20s pos_err=0.104m T=19.93N z=5.944 m_est=2.015
[INFO] [1788472459.621049851] [acados_nmpc_node]: [attach-window] t=99.26s pos_err=0.192m T=20.02N z=5.936 m_est=2.015
[INFO] [1788472459.665935783] [acados_nmpc_node]: [attach-window] t=99.30s pos_err=0.090m T=19.98N z=5.918 m_est=2.016
[INFO] [1788472459.673297075] [acados_nmpc_node]: [wcmd] raw=[-0.035,-0.352,+0.079] w=[-0.044,-0.290,+0.033] err=[+0.009,-0.062] scaled=[-0.035,-0.352] s=1.00
[INFO] [1788472459.721197565] [acados_nmpc_node]: [attach-window] t=99.36s pos_err=0.175m T=20.05N z=5.910 m_est=2.016
[INFO] [1788472459.765899798] [acados_nmpc_node]: [attach-window] t=99.40s pos_err=0.103m T=20.08N z=5.894 m_est=2.018
[INFO] [1788472459.821407486] [acados_nmpc_node]: [attach-window] t=99.46s pos_err=0.189m T=20.07N z=5.886 m_est=2.018
[INFO] [1788472459.865939057] [acados_nmpc_node]: [attach-window] t=99.50s pos_err=0.116m T=20.16N z=5.870 m_est=2.018
[INFO] [1788472459.873471900] [acados_nmpc_node]: [wcmd] raw=[-0.051,-0.088,+0.108] w=[-0.060,-0.225,+0.068] err=[+0.009,+0.137] scaled=[-0.051,-0.088] s=1.00
[INFO] [1788472459.922072858] [acados_nmpc_node]: [attach-window] t=99.56s pos_err=0.065m T=20.20N z=5.852 m_est=2.018
[INFO] [1788472459.965912322] [acados_nmpc_node]: [attach-window] t=99.60s pos_err=0.104m T=20.22N z=5.844 m_est=2.018
[INFO] [1788472460.019281925] [acados_nmpc_node]: [attach-window] t=99.65s pos_err=0.183m T=20.15N z=5.836 m_est=2.018
[INFO] [1788472460.065974010] [acados_nmpc_node]: [attach-window] t=99.70s pos_err=0.120m T=20.30N z=5.821 m_est=2.024
[INFO] [1788472460.073466129] [acados_nmpc_node]: [wcmd] raw=[-0.044,+0.069,+0.136] w=[-0.045,-0.129,+0.100] err=[+0.000,+0.198] scaled=[-0.044,+0.069] s=1.00
[INFO] [1788472460.121692344] [acados_nmpc_node]: [attach-window] t=99.76s pos_err=0.206m T=20.15N z=5.813 m_est=2.024
[INFO] [1788472460.166001866] [acados_nmpc_node]: [attach-window] t=99.80s pos_err=0.112m T=20.40N z=5.795 m_est=2.027
[INFO] [1788472460.221963261] [acados_nmpc_node]: [attach-window] t=99.86s pos_err=0.196m T=20.31N z=5.788 m_est=2.027
[INFO] [1788472460.266119242] [acados_nmpc_node]: [attach-window] t=99.90s pos_err=0.132m T=20.38N z=5.772 m_est=2.027
[INFO] [1788472460.273345364] [acados_nmpc_node]: [wcmd] raw=[-0.016,-0.121,+0.167] w=[-0.049,+0.007,+0.132] err=[+0.034,-0.128] scaled=[-0.016,-0.121] s=1.00
[INFO] [1788472460.321861605] [acados_nmpc_node]: [attach-window] t=99.96s pos_err=0.214m T=20.29N z=5.765 m_est=2.027
[INFO] [1788472460.366003607] [acados_nmpc_node]: [attach-window] t=100.00s pos_err=0.124m T=20.28N z=5.748 m_est=2.027
[INFO] [1788472460.421468101] [acados_nmpc_node]: [attach-window] t=100.06s pos_err=0.202m T=20.23N z=5.741 m_est=2.027
[INFO] [1788472460.466028121] [acados_nmpc_node]: [attach-window] t=100.10s pos_err=0.138m T=20.21N z=5.727 m_est=2.028
[INFO] [1788472460.473394237] [acados_nmpc_node]: [wcmd] raw=[-0.008,-0.254,+0.204] w=[-0.023,-0.218,+0.163] err=[+0.015,-0.036] scaled=[-0.008,-0.254] s=1.00
[INFO] [1788472460.522704997] [acados_nmpc_node]: [attach-window] t=100.16s pos_err=0.217m T=20.15N z=5.720 m_est=2.028
[INFO] [1788472460.566037126] [acados_nmpc_node]: [attach-window] t=100.20s pos_err=0.124m T=20.22N z=5.705 m_est=2.031
[INFO] [1788472460.621807833] [acados_nmpc_node]: [attach-window] t=100.26s pos_err=0.197m T=20.18N z=5.698 m_est=2.031
[INFO] [1788472460.665933516] [acados_nmpc_node]: [attach-window] t=100.30s pos_err=0.133m T=20.29N z=5.684 m_est=2.034
[INFO] [1788472460.673342513] [acados_nmpc_node]: [wcmd] raw=[-0.016,-0.182,+0.249] w=[-0.028,-0.238,+0.200] err=[+0.012,+0.056] scaled=[-0.016,-0.182] s=1.00
[INFO] [1788472460.721845530] [acados_nmpc_node]: [attach-window] t=100.36s pos_err=0.178m T=20.26N z=5.675 m_est=2.034
[INFO] [1788472460.765900336] [acados_nmpc_node]: [attach-window] t=100.40s pos_err=0.118m T=20.38N z=5.661 m_est=2.034
[INFO] [1788472460.821804458] [acados_nmpc_node]: [attach-window] t=100.46s pos_err=0.183m T=20.31N z=5.653 m_est=2.034
[INFO] [1788472460.865935968] [acados_nmpc_node]: [attach-window] t=100.50s pos_err=0.104m T=20.49N z=5.637 m_est=2.035
[INFO] [1788472460.873349970] [acados_nmpc_node]: [wcmd] raw=[-0.002,-0.159,+0.310] w=[-0.032,-0.165,+0.239] err=[+0.029,+0.005] scaled=[-0.002,-0.159] s=1.00
[INFO] [1788472460.921326591] [acados_nmpc_node]: [attach-window] t=100.56s pos_err=0.187m T=20.35N z=5.632 m_est=2.035
[INFO] [1788472460.921824904] [acados_nmpc_node]: t=100.6s | pos_err=0.187m | T=20.35N | tau=[r-0.008 p0.047 y0.040]Nm | res_stat=5.537e-07(peak 1.727e+00) sqp_iter=6 | solve=2.3ms
[INFO] [1788472460.922029212] [acados_nmpc_node]: [flight-diag] t=100.6s | om_scale=1.000(lo 1.000 hi 1.000) | tilt_max=10.37deg | w_max=[r0.078 p0.324 y1.043]rad/s | u_frac=[T0.506 r0.054 p0.334 y0.771] | u_sat=[T0.0 r0.0 p0.0 y0.0]% | mot_peak=0.843 mot_sat=0.0% | health=na age=na conf=na | n=100
[INFO] [1788472460.965935994] [acados_nmpc_node]: [attach-window] t=100.60s pos_err=0.111m T=20.52N z=5.615 m_est=2.036
[INFO] [1788472461.021513787] [acados_nmpc_node]: [attach-window] t=100.66s pos_err=0.169m T=20.41N z=5.608 m_est=2.036
[INFO] [1788472461.066027494] [acados_nmpc_node]: [attach-window] t=100.70s pos_err=0.118m T=20.50N z=5.594 m_est=2.034
[INFO] [1788472461.073415553] [acados_nmpc_node]: [wcmd] raw=[-0.001,-0.082,+0.384] w=[-0.034,-0.078,+0.292] err=[+0.033,-0.004] scaled=[-0.001,-0.082] s=1.00
[INFO] [1788472461.122004104] [acados_nmpc_node]: [attach-window] t=100.76s pos_err=0.154m T=20.42N z=5.586 m_est=2.034
[INFO] [1788472461.166099189] [acados_nmpc_node]: [attach-window] t=100.80s pos_err=0.108m T=20.56N z=5.573 m_est=2.040
[INFO] [1788472461.221558602] [acados_nmpc_node]: [attach-window] t=100.86s pos_err=0.160m T=20.46N z=5.566 m_est=2.040
[INFO] [1788472461.266116522] [acados_nmpc_node]: [attach-window] t=100.90s pos_err=0.101m T=20.58N z=5.553 m_est=2.044
[INFO] [1788472461.273323172] [acados_nmpc_node]: [wcmd] raw=[+0.037,-0.138,+0.470] w=[-0.012,-0.100,+0.357] err=[+0.049,-0.038] scaled=[+0.037,-0.138] s=1.00
[INFO] [1788472461.321804223] [acados_nmpc_node]: [attach-window] t=100.96s pos_err=0.165m T=20.44N z=5.548 m_est=2.044
[INFO] [1788472461.366216357] [acados_nmpc_node]: [attach-window] t=101.00s pos_err=0.109m T=20.52N z=5.535 m_est=2.046
[INFO] [1788472461.421503430] [acados_nmpc_node]: [attach-window] t=101.06s pos_err=0.153m T=20.41N z=5.530 m_est=2.046
[INFO] [1788472461.466177528] [acados_nmpc_node]: [attach-window] t=101.10s pos_err=0.104m T=20.46N z=5.518 m_est=2.047
[INFO] [1788472461.473406147] [acados_nmpc_node]: [wcmd] raw=[+0.043,-0.116,+0.573] w=[-0.010,-0.068,+0.439] err=[+0.052,-0.048] scaled=[+0.043,-0.116] s=1.00
[INFO] [1788472461.521631665] [acados_nmpc_node]: [attach-window] t=101.16s pos_err=0.158m T=20.33N z=5.514 m_est=2.047
[INFO] [1788472461.566269193] [acados_nmpc_node]: [attach-window] t=101.20s pos_err=0.110m T=20.38N z=5.503 m_est=2.046
[INFO] [1788472461.621525644] [acados_nmpc_node]: [attach-window] t=101.26s pos_err=0.147m T=20.29N z=5.498 m_est=2.046
[INFO] [1788472461.666195454] [acados_nmpc_node]: [attach-window] t=101.30s pos_err=0.116m T=20.32N z=5.489 m_est=2.045
[INFO] [1788472461.673367274] [acados_nmpc_node]: [wcmd] raw=[+0.023,-0.074,+0.695] w=[-0.012,-0.065,+0.532] err=[+0.035,-0.009] scaled=[+0.023,-0.074] s=1.00
[INFO] [1788472461.721880632] [acados_nmpc_node]: [attach-window] t=101.36s pos_err=0.151m T=20.24N z=5.485 m_est=2.045
[INFO] [1788472461.766357848] [acados_nmpc_node]: [attach-window] t=101.40s pos_err=0.112m T=20.32N z=5.474 m_est=2.043
[INFO] [1788472461.821776071] [acados_nmpc_node]: [attach-window] t=101.46s pos_err=0.141m T=20.28N z=5.469 m_est=2.043
[INFO] [1788472461.866232751] [acados_nmpc_node]: [attach-window] t=101.50s pos_err=0.109m T=20.34N z=5.458 m_est=2.042
[INFO] [1788472461.873387252] [acados_nmpc_node]: [wcmd] raw=[+0.064,-0.132,+0.819] w=[-0.009,-0.076,+0.645] err=[+0.073,-0.056] scaled=[+0.064,-0.132] s=1.00
[INFO] [1788472461.921733266] [acados_nmpc_node]: [attach-window] t=101.56s pos_err=0.142m T=20.29N z=5.454 m_est=2.042
[INFO] [1788472461.966147753] [acados_nmpc_node]: [attach-window] t=101.60s pos_err=0.111m T=20.35N z=5.443 m_est=2.039
[INFO] [1788472462.021788281] [acados_nmpc_node]: [attach-window] t=101.66s pos_err=0.131m T=20.33N z=5.438 m_est=2.039
[INFO] [1788472462.065905376] [acados_nmpc_node]: [attach-window] t=101.70s pos_err=0.110m T=20.41N z=5.427 m_est=2.039
[INFO] [1788472462.073318498] [acados_nmpc_node]: [wcmd] raw=[+0.022,-0.072,+0.930] w=[-0.005,-0.075,+0.769] err=[+0.027,+0.003] scaled=[+0.022,-0.072] s=1.00
[INFO] [1788472462.121857814] [acados_nmpc_node]: [attach-window] t=101.76s pos_err=0.105m T=20.47N z=5.416 m_est=2.039
[INFO] [1788472462.165201326] [acados_nmpc_node]: [attach-window] t=101.80s pos_err=0.104m T=20.50N z=5.410 m_est=2.039
[INFO] [1788472462.218986346] [acados_nmpc_node]: [attach-window] t=101.85s pos_err=0.114m T=20.49N z=5.405 m_est=2.039
[INFO] [1788472462.265241246] [acados_nmpc_node]: [attach-window] t=101.90s pos_err=0.098m T=20.54N z=5.393 m_est=2.038
[INFO] [1788472462.273295799] [acados_nmpc_node]: [wcmd] raw=[-0.013,-0.024,+0.991] w=[+0.019,-0.069,+0.886] err=[-0.032,+0.045] scaled=[-0.013,-0.024] s=1.00
[INFO] [1788472462.321601098] [acados_nmpc_node]: [attach-window] t=101.96s pos_err=0.110m T=20.50N z=5.389 m_est=2.038
[INFO] [1788472462.365986484] [acados_nmpc_node]: [attach-window] t=102.00s pos_err=0.090m T=20.55N z=5.378 m_est=2.036
[INFO] [1788472462.421674951] [acados_nmpc_node]: [attach-window] t=102.06s pos_err=0.087m T=20.54N z=5.369 m_est=2.036
[INFO] [1788472462.465904546] [acados_nmpc_node]: [attach-window] t=102.10s pos_err=0.080m T=20.53N z=5.365 m_est=2.034
[INFO] [1788472462.473334219] [acados_nmpc_node]: [wcmd] raw=[-0.013,-0.043,+1.000] w=[-0.070,+0.018,+0.984] err=[+0.056,-0.060] scaled=[-0.013,-0.043] s=1.00
[INFO] [1788472462.521469744] [acados_nmpc_node]: [attach-window] t=102.16s pos_err=0.085m T=20.54N z=5.360 m_est=2.034
[INFO] [1788472462.565871468] [acados_nmpc_node]: [attach-window] t=102.20s pos_err=0.070m T=20.49N z=5.351 m_est=2.029
[INFO] [1788472462.621415758] [acados_nmpc_node]: [attach-window] t=102.26s pos_err=0.069m T=20.50N z=5.347 m_est=2.029
[INFO] [1788472462.665960200] [acados_nmpc_node]: [attach-window] t=102.30s pos_err=0.058m T=20.47N z=5.340 m_est=2.026
[INFO] [1788472462.673320169] [acados_nmpc_node]: [wcmd] raw=[-0.014,-0.069,+0.919] w=[-0.037,-0.014,+1.028] err=[+0.023,-0.054] scaled=[-0.014,-0.069] s=1.00
[INFO] [1788472462.721529502] [acados_nmpc_node]: [attach-window] t=102.36s pos_err=0.059m T=20.50N z=5.336 m_est=2.026
[INFO] [1788472462.765942231] [acados_nmpc_node]: [attach-window] t=102.40s pos_err=0.050m T=20.45N z=5.327 m_est=2.024
[INFO] [1788472462.821135896] [acados_nmpc_node]: [attach-window] t=102.46s pos_err=0.042m T=20.53N z=5.324 m_est=2.024
[INFO] [1788472462.866139312] [acados_nmpc_node]: [attach-window] t=102.50s pos_err=0.038m T=20.49N z=5.316 m_est=2.025
[INFO] [1788472462.873377287] [acados_nmpc_node]: [wcmd] raw=[+0.009,-0.179,+0.769] w=[-0.002,-0.124,+1.016] err=[+0.011,-0.054] scaled=[+0.009,-0.179] s=1.00
[INFO] [1788472462.921607496] [acados_nmpc_node]: [attach-window] t=102.56s pos_err=0.034m T=20.58N z=5.312 m_est=2.025
[INFO] [1788472462.966447058] [acados_nmpc_node]: [attach-window] t=102.60s pos_err=0.040m T=20.53N z=5.303 m_est=2.028
[INFO] [1788472463.021414168] [acados_nmpc_node]: [attach-window] t=102.66s pos_err=0.018m T=20.61N z=5.300 m_est=2.028
[INFO] [1788472463.066273109] [acados_nmpc_node]: [attach-window] t=102.70s pos_err=0.033m T=20.57N z=5.292 m_est=2.032
[INFO] [1788472463.073332727] [acados_nmpc_node]: [wcmd] raw=[-0.015,-0.161,+0.581] w=[+0.018,-0.168,+0.927] err=[-0.033,+0.006] scaled=[-0.015,-0.161] s=1.00
[INFO] [1788472463.121766066] [acados_nmpc_node]: [attach-window] t=102.76s pos_err=0.018m T=20.64N z=5.289 m_est=2.032
[INFO] [1788472463.166272552] [acados_nmpc_node]: [attach-window] t=102.80s pos_err=0.044m T=20.55N z=5.281 m_est=2.035
[INFO] [1788472463.218995232] [acados_nmpc_node]: [attach-window] t=102.85s pos_err=0.014m T=20.62N z=5.277 m_est=2.035
[INFO] [1788472463.266417187] [acados_nmpc_node]: [attach-window] t=102.90s pos_err=0.041m T=20.55N z=5.270 m_est=2.038
[INFO] [1788472463.273353093] [acados_nmpc_node]: [wcmd] raw=[-0.035,-0.127,+0.400] w=[-0.005,-0.131,+0.773] err=[-0.030,+0.004] scaled=[-0.035,-0.127] s=1.00
[INFO] [1788472463.321686715] [acados_nmpc_node]: [attach-window] t=102.96s pos_err=0.023m T=20.58N z=5.267 m_est=2.038
[INFO] [1788472463.366316611] [acados_nmpc_node]: [attach-window] t=103.00s pos_err=0.052m T=20.48N z=5.261 m_est=2.041
[INFO] [1788472463.421770784] [acados_nmpc_node]: [attach-window] t=103.06s pos_err=0.033m T=20.55N z=5.258 m_est=2.041
[INFO] [1788472463.466286420] [acados_nmpc_node]: [attach-window] t=103.10s pos_err=0.048m T=20.44N z=5.254 m_est=2.041
[INFO] [1788472463.473276898] [acados_nmpc_node]: [wcmd] raw=[-0.019,-0.076,+0.262] w=[-0.003,-0.123,+0.590] err=[-0.017,+0.047] scaled=[-0.019,-0.076] s=1.00
[INFO] [1788472463.521678465] [acados_nmpc_node]: [attach-window] t=103.16s pos_err=0.047m T=20.48N z=5.252 m_est=2.041
[INFO] [1788472463.566080527] [acados_nmpc_node]: [attach-window] t=103.20s pos_err=0.055m T=20.32N z=5.247 m_est=2.040
[INFO] [1788472463.621577493] [acados_nmpc_node]: [attach-window] t=103.26s pos_err=0.053m T=20.39N z=5.246 m_est=2.040
[INFO] [1788472463.665772748] [acados_nmpc_node]: [attach-window] t=103.30s pos_err=0.059m T=20.20N z=5.242 m_est=2.038
[INFO] [1788472463.673429458] [acados_nmpc_node]: [wcmd] raw=[+0.030,-0.177,+0.176] w=[+0.006,-0.080,+0.419] err=[+0.023,-0.097] scaled=[+0.030,-0.177] s=1.00
[INFO] [1788472463.719099185] [acados_nmpc_node]: [attach-window] t=103.35s pos_err=0.066m T=20.33N z=5.241 m_est=2.038
[INFO] [1788472463.765091594] [acados_nmpc_node]: [attach-window] t=103.40s pos_err=0.053m T=20.17N z=5.238 m_est=2.036
[INFO] [1788472463.818680429] [acados_nmpc_node]: [attach-window] t=103.45s pos_err=0.069m T=20.26N z=5.236 m_est=2.036
[INFO] [1788472463.865633756] [acados_nmpc_node]: [attach-window] t=103.50s pos_err=0.052m T=20.14N z=5.234 m_est=2.034
[INFO] [1788472463.873339392] [acados_nmpc_node]: [wcmd] raw=[+0.035,-0.137,+0.154] w=[+0.031,-0.115,+0.286] err=[+0.004,-0.021] scaled=[+0.035,-0.137] s=1.00
[INFO] [1788472463.921319341] [acados_nmpc_node]: [attach-window] t=103.56s pos_err=0.087m T=20.26N z=5.233 m_est=2.034
[INFO] [1788472463.965681478] [acados_nmpc_node]: [attach-window] t=103.60s pos_err=0.049m T=20.11N z=5.231 m_est=2.034
[INFO] [1788472464.021146550] [acados_nmpc_node]: [attach-window] t=103.66s pos_err=0.086m T=20.24N z=5.230 m_est=2.034
[INFO] [1788472464.065664552] [acados_nmpc_node]: [attach-window] t=103.70s pos_err=0.052m T=20.14N z=5.228 m_est=2.036
[INFO] [1788472464.073362563] [acados_nmpc_node]: [wcmd] raw=[+0.041,-0.159,+0.168] w=[+0.032,-0.159,+0.203] err=[+0.009,+0.001] scaled=[+0.041,-0.159] s=1.00
[INFO] [1788472464.121625228] [acados_nmpc_node]: [attach-window] t=103.76s pos_err=0.083m T=20.23N z=5.227 m_est=2.036
[INFO] [1788472464.165712435] [acados_nmpc_node]: [attach-window] t=103.80s pos_err=0.046m T=20.13N z=5.225 m_est=2.038
[INFO] [1788472464.221150173] [acados_nmpc_node]: [attach-window] t=103.86s pos_err=0.037m T=20.07N z=5.224 m_est=2.038
[INFO] [1788472464.265892120] [acados_nmpc_node]: [attach-window] t=103.90s pos_err=0.054m T=20.19N z=5.223 m_est=2.038
[INFO] [1788472464.273273890] [acados_nmpc_node]: [wcmd] raw=[+0.026,-0.132,+0.206] w=[+0.030,-0.192,+0.173] err=[-0.003,+0.061] scaled=[+0.026,-0.132] s=1.00
[INFO] [1788472464.321647381] [acados_nmpc_node]: [attach-window] t=103.96s pos_err=0.112m T=20.33N z=5.222 m_est=2.038
[INFO] [1788472464.365635824] [acados_nmpc_node]: [attach-window] t=104.00s pos_err=0.047m T=20.28N z=5.219 m_est=2.040
[INFO] [1788472464.421323597] [acados_nmpc_node]: [attach-window] t=104.06s pos_err=0.032m T=20.24N z=5.216 m_est=2.040
[INFO] [1788472464.466072681] [acados_nmpc_node]: [attach-window] t=104.10s pos_err=0.060m T=20.34N z=5.215 m_est=2.042
[INFO] [1788472464.473391189] [acados_nmpc_node]: [wcmd] raw=[-0.000,-0.034,+0.250] w=[-0.007,-0.055,+0.180] err=[+0.006,+0.020] scaled=[-0.000,-0.034] s=1.00
[INFO] [1788472464.519177396] [acados_nmpc_node]: [attach-window] t=104.15s pos_err=0.121m T=20.42N z=5.214 m_est=2.042
[INFO] [1788472464.564942296] [acados_nmpc_node]: [attach-window] t=104.20s pos_err=0.056m T=20.34N z=5.211 m_est=2.039
[INFO] [1788472464.618778427] [acados_nmpc_node]: [attach-window] t=104.25s pos_err=0.035m T=20.27N z=5.210 m_est=2.039
[INFO] [1788472464.665172544] [acados_nmpc_node]: [attach-window] t=104.30s pos_err=0.075m T=20.32N z=5.209 m_est=2.036
[INFO] [1788472464.673188104] [acados_nmpc_node]: [wcmd] raw=[+0.012,-0.063,+0.289] w=[-0.026,-0.027,+0.210] err=[+0.038,-0.036] scaled=[+0.012,-0.063] s=1.00
[INFO] [1788472464.719080217] [acados_nmpc_node]: [attach-window] t=104.35s pos_err=0.138m T=20.42N z=5.208 m_est=2.036
[INFO] [1788472464.765923726] [acados_nmpc_node]: [attach-window] t=104.40s pos_err=0.073m T=20.24N z=5.206 m_est=2.026
[INFO] [1788472464.821148670] [acados_nmpc_node]: [attach-window] t=104.46s pos_err=0.141m T=20.31N z=5.205 m_est=2.026
[INFO] [1788472464.865913299] [acados_nmpc_node]: [attach-window] t=104.50s pos_err=0.094m T=20.19N z=5.204 m_est=2.018
[INFO] [1788472464.873483579] [acados_nmpc_node]: [wcmd] raw=[+0.032,-0.082,+0.315] w=[-0.007,-0.041,+0.250] err=[+0.039,-0.041] scaled=[+0.032,-0.082] s=1.00
[INFO] [1788472464.921227768] [acados_nmpc_node]: [attach-window] t=104.56s pos_err=0.162m T=20.29N z=5.203 m_est=2.018
[INFO] [1788472464.965938296] [acados_nmpc_node]: [attach-window] t=104.60s pos_err=0.093m T=20.13N z=5.203 m_est=2.013
[INFO] [1788472465.021262399] [acados_nmpc_node]: [attach-window] t=104.66s pos_err=0.074m T=20.04N z=5.202 m_est=2.013
[INFO] [1788472465.066163184] [acados_nmpc_node]: [attach-window] t=104.70s pos_err=0.113m T=20.15N z=5.202 m_est=2.012
[INFO] [1788472465.073295611] [acados_nmpc_node]: [wcmd] raw=[+0.046,-0.214,+0.330] w=[+0.023,-0.186,+0.289] err=[+0.023,-0.028] scaled=[+0.046,-0.214] s=1.00
[INFO] [1788472465.121475125] [acados_nmpc_node]: [attach-window] t=104.76s pos_err=0.180m T=20.32N z=5.202 m_est=2.012
[INFO] [1788472465.166122634] [acados_nmpc_node]: [attach-window] t=104.80s pos_err=0.110m T=20.25N z=5.202 m_est=2.011
[INFO] [1788472465.221373714] [acados_nmpc_node]: [attach-window] t=104.86s pos_err=0.177m T=20.34N z=5.202 m_est=2.011
[INFO] [1788472465.266086129] [acados_nmpc_node]: [attach-window] t=104.90s pos_err=0.129m T=20.34N z=5.202 m_est=2.014
[INFO] [1788472465.273399898] [acados_nmpc_node]: [wcmd] raw=[-0.018,-0.053,+0.341] w=[+0.001,-0.119,+0.315] err=[-0.019,+0.067] scaled=[-0.018,-0.053] s=1.00
[INFO] [1788472465.321670732] [acados_nmpc_node]: [attach-window] t=104.96s pos_err=0.194m T=20.41N z=5.202 m_est=2.014
[INFO] [1788472465.366156983] [acados_nmpc_node]: [attach-window] t=105.00s pos_err=0.127m T=20.39N z=5.203 m_est=2.019
[INFO] [1788472465.421909721] [acados_nmpc_node]: [attach-window] t=105.06s pos_err=0.190m T=20.47N z=5.204 m_est=2.019
[INFO] [1788472465.466051989] [acados_nmpc_node]: [attach-window] t=105.10s pos_err=0.143m T=20.44N z=5.205 m_est=2.026
[INFO] [1788472465.473343446] [acados_nmpc_node]: [wcmd] raw=[-0.009,-0.159,+0.356] w=[-0.040,-0.114,+0.335] err=[+0.031,-0.045] scaled=[-0.009,-0.159] s=1.00
[INFO] [1788472465.521923029] [acados_nmpc_node]: [attach-window] t=105.16s pos_err=0.205m T=20.51N z=5.205 m_est=2.026
[INFO] [1788472465.566019827] [acados_nmpc_node]: [attach-window] t=105.20s pos_err=0.138m T=20.41N z=5.207 m_est=2.031
[INFO] [1788472465.621493943] [acados_nmpc_node]: [attach-window] t=105.26s pos_err=0.196m T=20.48N z=5.208 m_est=2.031
[INFO] [1788472465.665226485] [acados_nmpc_node]: [attach-window] t=105.30s pos_err=0.149m T=20.37N z=5.211 m_est=2.033
[INFO] [1788472465.673274034] [acados_nmpc_node]: [wcmd] raw=[-0.001,-0.181,+0.379] w=[-0.027,-0.199,+0.356] err=[+0.026,+0.018] scaled=[-0.001,-0.181] s=1.00
[INFO] [1788472465.719300729] [acados_nmpc_node]: [attach-window] t=105.35s pos_err=0.202m T=20.43N z=5.213 m_est=2.033
[INFO] [1788472465.765942132] [acados_nmpc_node]: [attach-window] t=105.40s pos_err=0.141m T=20.30N z=5.216 m_est=2.033
[INFO] [1788472465.821399457] [acados_nmpc_node]: [attach-window] t=105.46s pos_err=0.123m T=20.24N z=5.220 m_est=2.033
[INFO] [1788472465.866166102] [acados_nmpc_node]: [attach-window] t=105.50s pos_err=0.150m T=20.29N z=5.222 m_est=2.031
[INFO] [1788472465.873343034] [acados_nmpc_node]: [wcmd] raw=[-0.001,-0.138,+0.427] w=[-0.024,-0.188,+0.377] err=[+0.023,+0.049] scaled=[-0.001,-0.138] s=1.00
[INFO] [1788472465.921909675] [acados_nmpc_node]: [attach-window] t=105.56s pos_err=0.202m T=20.38N z=5.224 m_est=2.031
[INFO] [1788472465.922400979] [acados_nmpc_node]: t=105.6s | pos_err=0.202m | T=20.38N | tau=[r-0.016 p0.073 y0.038]Nm | res_stat=4.879e-07(peak 1.727e+00) sqp_iter=6 | solve=2.4ms
[INFO] [1788472465.922601029] [acados_nmpc_node]: [flight-diag] t=105.6s | om_scale=1.000(lo 1.000 hi 1.000) | tilt_max=10.46deg | w_max=[r0.113 p0.251 y1.032]rad/s | u_frac=[T0.510 r0.081 p0.206 y0.755] | u_sat=[T0.0 r0.0 p0.0 y0.0]% | mot_peak=0.841 mot_sat=0.0% | health=na age=na conf=na | n=100
[INFO] [1788472465.966017247] [acados_nmpc_node]: [attach-window] t=105.60s pos_err=0.142m T=20.38N z=5.228 m_est=2.031
[INFO] [1788472466.021850619] [acados_nmpc_node]: [attach-window] t=105.66s pos_err=0.191m T=20.44N z=5.229 m_est=2.031
[INFO] [1788472466.065988681] [acados_nmpc_node]: [attach-window] t=105.70s pos_err=0.136m T=20.45N z=5.233 m_est=2.032
[INFO] [1788472466.073331755] [acados_nmpc_node]: [wcmd] raw=[+0.005,-0.076,+0.497] w=[-0.042,-0.053,+0.408] err=[+0.046,-0.023] scaled=[+0.005,-0.076] s=1.00
[INFO] [1788472466.121762599] [acados_nmpc_node]: [attach-window] t=105.76s pos_err=0.198m T=20.52N z=5.234 m_est=2.032
[INFO] [1788472466.166242877] [acados_nmpc_node]: [attach-window] t=105.80s pos_err=0.145m T=20.53N z=5.238 m_est=2.037
[INFO] [1788472466.221474055] [acados_nmpc_node]: [attach-window] t=105.86s pos_err=0.188m T=20.59N z=5.240 m_est=2.037
[INFO] [1788472466.266327533] [acados_nmpc_node]: [attach-window] t=105.90s pos_err=0.153m T=20.58N z=5.244 m_est=2.043
[INFO] [1788472466.273363047] [acados_nmpc_node]: [wcmd] raw=[+0.026,-0.122,+0.591] w=[-0.029,-0.074,+0.465] err=[+0.056,-0.048] scaled=[+0.026,-0.122] s=1.00
[INFO] [1788472466.321710031] [acados_nmpc_node]: [attach-window] t=105.96s pos_err=0.193m T=20.64N z=5.246 m_est=2.043
[INFO] [1788472466.366236297] [acados_nmpc_node]: [attach-window] t=106.00s pos_err=0.148m T=20.55N z=5.251 m_est=2.047
[INFO] [1788472466.421694804] [acados_nmpc_node]: [attach-window] t=106.06s pos_err=0.184m T=20.62N z=5.253 m_est=2.047
[INFO] [1788472466.466244282] [acados_nmpc_node]: [attach-window] t=106.10s pos_err=0.154m T=20.55N z=5.258 m_est=2.051
[INFO] [1788472466.473330415] [acados_nmpc_node]: [wcmd] raw=[+0.038,-0.150,+0.703] w=[-0.002,-0.152,+0.548] err=[+0.040,+0.003] scaled=[+0.038,-0.150] s=1.00
[INFO] [1788472466.521518653] [acados_nmpc_node]: [attach-window] t=106.16s pos_err=0.187m T=20.61N z=5.261 m_est=2.051
[INFO] [1788472466.566217612] [acados_nmpc_node]: [attach-window] t=106.20s pos_err=0.151m T=20.47N z=5.269 m_est=2.053
[INFO] [1788472466.621773177] [acados_nmpc_node]: [attach-window] t=106.26s pos_err=0.178m T=20.53N z=5.272 m_est=2.053
[INFO] [1788472466.666201960] [acados_nmpc_node]: [attach-window] t=106.30s pos_err=0.156m T=20.44N z=5.279 m_est=2.054
[INFO] [1788472466.673361180] [acados_nmpc_node]: [wcmd] raw=[+0.032,-0.095,+0.818] w=[-0.005,-0.129,+0.650] err=[+0.036,+0.034] scaled=[+0.032,-0.095] s=1.00
[INFO] [1788472466.721504755] [acados_nmpc_node]: [attach-window] t=106.36s pos_err=0.179m T=20.51N z=5.283 m_est=2.054
[INFO] [1788472466.766246731] [acados_nmpc_node]: [attach-window] t=106.40s pos_err=0.154m T=20.39N z=5.291 m_est=2.055
[INFO] [1788472466.821518364] [acados_nmpc_node]: [attach-window] t=106.46s pos_err=0.171m T=20.47N z=5.295 m_est=2.055
[INFO] [1788472466.866191477] [acados_nmpc_node]: [attach-window] t=106.50s pos_err=0.157m T=20.38N z=5.304 m_est=2.055
[INFO] [1788472466.873360318] [acados_nmpc_node]: [wcmd] raw=[+0.025,-0.072,+0.932] w=[-0.015,-0.081,+0.764] err=[+0.040,+0.009] scaled=[+0.025,-0.072] s=1.00
[INFO] [1788472466.921360843] [acados_nmpc_node]: [attach-window] t=106.56s pos_err=0.171m T=20.46N z=5.308 m_est=2.055
[INFO] [1788472466.966157588] [acados_nmpc_node]: [attach-window] t=106.60s pos_err=0.155m T=20.34N z=5.318 m_est=2.055
[INFO] [1788472467.021417280] [acados_nmpc_node]: [attach-window] t=106.66s pos_err=0.164m T=20.44N z=5.322 m_est=2.055
[INFO] [1788472467.066168537] [acados_nmpc_node]: [attach-window] t=106.70s pos_err=0.156m T=20.34N z=5.332 m_est=2.055
[INFO] [1788472467.073352380] [acados_nmpc_node]: [wcmd] raw=[+0.020,-0.061,+0.999] w=[-0.021,-0.064,+0.883] err=[+0.041,+0.003] scaled=[+0.020,-0.061] s=1.00
[INFO] [1788472467.121856935] [acados_nmpc_node]: [attach-window] t=106.76s pos_err=0.162m T=20.45N z=5.336 m_est=2.055
[INFO] [1788472467.166128407] [acados_nmpc_node]: [attach-window] t=106.80s pos_err=0.154m T=20.33N z=5.347 m_est=2.055
[INFO] [1788472467.221770253] [acados_nmpc_node]: [attach-window] t=106.86s pos_err=0.155m T=20.46N z=5.351 m_est=2.055
[INFO] [1788472467.266224739] [acados_nmpc_node]: [attach-window] t=106.90s pos_err=0.151m T=20.37N z=5.361 m_est=2.055
[INFO] [1788472467.273357901] [acados_nmpc_node]: [wcmd] raw=[+0.014,-0.066,+0.992] w=[-0.019,-0.054,+0.981] err=[+0.034,-0.012] scaled=[+0.014,-0.066] s=1.00
[INFO] [1788472467.321596898] [acados_nmpc_node]: [attach-window] t=106.96s pos_err=0.149m T=20.51N z=5.366 m_est=2.055
[INFO] [1788472467.366177672] [acados_nmpc_node]: [attach-window] t=107.00s pos_err=0.149m T=20.36N z=5.376 m_est=2.055
[INFO] [1788472467.421694228] [acados_nmpc_node]: [attach-window] t=107.06s pos_err=0.152m T=20.28N z=5.387 m_est=2.055
[INFO] [1788472467.465901556] [acados_nmpc_node]: [attach-window] t=107.10s pos_err=0.143m T=20.39N z=5.392 m_est=2.055
[INFO] [1788472467.473314520] [acados_nmpc_node]: [wcmd] raw=[+0.004,-0.077,+0.899] w=[-0.013,-0.068,+1.030] err=[+0.017,-0.010] scaled=[+0.004,-0.077] s=1.00
[INFO] [1788472467.521514652] [acados_nmpc_node]: [attach-window] t=107.16s pos_err=0.133m T=20.57N z=5.397 m_est=2.055
[INFO] [1788472467.566197035] [acados_nmpc_node]: [attach-window] t=107.20s pos_err=0.140m T=20.43N z=5.408 m_est=2.054
[INFO] [1788472467.621313093] [acados_nmpc_node]: [attach-window] t=107.26s pos_err=0.124m T=20.56N z=5.414 m_est=2.054
[INFO] [1788472467.666135328] [acados_nmpc_node]: [attach-window] t=107.30s pos_err=0.130m T=20.47N z=5.424 m_est=2.053
[INFO] [1788472467.673342285] [acados_nmpc_node]: [wcmd] raw=[-0.062,+0.018,+0.737] w=[-0.043,+0.020,+0.991] err=[-0.019,-0.002] scaled=[-0.062,+0.018] s=1.00
[INFO] [1788472467.721453257] [acados_nmpc_node]: [attach-window] t=107.36s pos_err=0.115m T=20.56N z=5.431 m_est=2.053
[INFO] [1788472467.766352880] [acados_nmpc_node]: [attach-window] t=107.40s pos_err=0.125m T=20.43N z=5.442 m_est=2.053
[INFO] [1788472467.821752109] [acados_nmpc_node]: [attach-window] t=107.46s pos_err=0.101m T=20.63N z=5.447 m_est=2.053
[INFO] [1788472467.866264179] [acados_nmpc_node]: [attach-window] t=107.50s pos_err=0.111m T=20.47N z=5.458 m_est=2.052
[INFO] [1788472467.873315608] [acados_nmpc_node]: [wcmd] raw=[-0.022,-0.089,+0.541] w=[-0.041,-0.040,+0.892] err=[+0.019,-0.049] scaled=[-0.022,-0.089] s=1.00
[INFO] [1788472467.921609214] [acados_nmpc_node]: [attach-window] t=107.56s pos_err=0.087m T=20.67N z=5.463 m_est=2.052
[INFO] [1788472467.966340737] [acados_nmpc_node]: [attach-window] t=107.60s pos_err=0.107m T=20.39N z=5.476 m_est=2.052
[INFO] [1788472468.021709917] [acados_nmpc_node]: [attach-window] t=107.66s pos_err=0.075m T=20.61N z=5.482 m_est=2.052
[INFO] [1788472468.066265728] [acados_nmpc_node]: [attach-window] t=107.70s pos_err=0.093m T=20.36N z=5.493 m_est=2.051
[INFO] [1788472468.073477821] [acados_nmpc_node]: [wcmd] raw=[-0.033,-0.154,+0.350] w=[-0.011,-0.117,+0.732] err=[-0.022,-0.036] scaled=[-0.033,-0.154] s=1.00
[INFO] [1788472468.121524230] [acados_nmpc_node]: [attach-window] t=107.76s pos_err=0.061m T=20.58N z=5.499 m_est=2.051
[INFO] [1788472468.166347315] [acados_nmpc_node]: [attach-window] t=107.80s pos_err=0.095m T=20.21N z=5.514 m_est=2.051
[INFO] [1788472468.221957495] [acados_nmpc_node]: [attach-window] t=107.86s pos_err=0.052m T=20.45N z=5.521 m_est=2.051
[INFO] [1788472468.266292062] [acados_nmpc_node]: [attach-window] t=107.90s pos_err=0.103m T=20.04N z=5.536 m_est=2.049
[INFO] [1788472468.273333958] [acados_nmpc_node]: [wcmd] raw=[-0.042,-0.249,+0.192] w=[-0.026,-0.156,+0.536] err=[-0.016,-0.093] scaled=[-0.042,-0.249] s=1.00
[INFO] [1788472468.321814667] [acados_nmpc_node]: [attach-window] t=107.96s pos_err=0.050m T=20.31N z=5.543 m_est=2.049
[INFO] [1788472468.366202029] [acados_nmpc_node]: [attach-window] t=108.00s pos_err=0.096m T=20.04N z=5.556 m_est=2.046
[INFO] [1788472468.421646683] [acados_nmpc_node]: [attach-window] t=108.06s pos_err=0.037m T=20.31N z=5.563 m_est=2.046
[INFO] [1788472468.466261263] [acados_nmpc_node]: [attach-window] t=108.10s pos_err=0.087m T=20.07N z=5.577 m_est=2.042
[INFO] [1788472468.473412040] [acados_nmpc_node]: [wcmd] raw=[-0.024,-0.093,+0.102] w=[-0.028,-0.156,+0.355] err=[+0.004,+0.064] scaled=[-0.024,-0.093] s=1.00
[INFO] [1788472468.521646088] [acados_nmpc_node]: [attach-window] t=108.16s pos_err=0.023m T=20.30N z=5.584 m_est=2.042
[INFO] [1788472468.565293748] [acados_nmpc_node]: [attach-window] t=108.20s pos_err=0.099m T=19.99N z=5.600 m_est=2.037
[INFO] [1788472468.618964361] [acados_nmpc_node]: [attach-window] t=108.25s pos_err=0.129m T=19.81N z=5.613 m_est=2.037
[INFO] [1788472468.665759660] [acados_nmpc_node]: [attach-window] t=108.30s pos_err=0.087m T=20.01N z=5.620 m_est=2.031
[INFO] [1788472468.673440653] [acados_nmpc_node]: [wcmd] raw=[+0.050,-0.118,+0.060] w=[+0.005,-0.111,+0.209] err=[+0.045,-0.007] scaled=[+0.050,-0.118] s=1.00
[INFO] [1788472468.719210509] [acados_nmpc_node]: [attach-window] t=108.35s pos_err=0.026m T=20.31N z=5.626 m_est=2.031
[INFO] [1788472468.765866064] [acados_nmpc_node]: [attach-window] t=108.40s pos_err=0.097m T=20.13N z=5.641 m_est=2.029
[INFO] [1788472468.821611547] [acados_nmpc_node]: [attach-window] t=108.46s pos_err=0.030m T=20.35N z=5.647 m_est=2.029
[INFO] [1788472468.865973585] [acados_nmpc_node]: [attach-window] t=108.50s pos_err=0.081m T=20.23N z=5.659 m_est=2.029
[INFO] [1788472468.873342193] [acados_nmpc_node]: [wcmd] raw=[+0.059,+0.011,+0.058] w=[+0.062,+0.012,+0.109] err=[-0.002,-0.001] scaled=[+0.059,+0.011] s=1.00
[INFO] [1788472468.921665794] [acados_nmpc_node]: [attach-window] t=108.56s pos_err=0.127m T=19.99N z=5.674 m_est=2.029
[INFO] [1788472468.965660594] [acados_nmpc_node]: [attach-window] t=108.60s pos_err=0.087m T=20.21N z=5.680 m_est=2.031
[INFO] [1788472469.019222337] [acados_nmpc_node]: [attach-window] t=108.65s pos_err=0.032m T=20.53N z=5.686 m_est=2.031
[INFO] [1788472469.065228353] [acados_nmpc_node]: [attach-window] t=108.70s pos_err=0.070m T=20.35N z=5.698 m_est=2.030
[INFO] [1788472469.073398011] [acados_nmpc_node]: [wcmd] raw=[+0.045,+0.026,+0.077] w=[+0.060,-0.150,+0.063] err=[-0.015,+0.176] scaled=[+0.045,+0.026] s=1.00
[INFO] [1788472469.121382689] [acados_nmpc_node]: [attach-window] t=108.76s pos_err=0.039m T=20.54N z=5.704 m_est=2.030
[INFO] [1788472469.165752525] [acados_nmpc_node]: [attach-window] t=108.80s pos_err=0.077m T=20.29N z=5.717 m_est=2.030
[INFO] [1788472469.221188919] [acados_nmpc_node]: [attach-window] t=108.86s pos_err=0.041m T=20.53N z=5.723 m_est=2.030
[INFO] [1788472469.265664255] [acados_nmpc_node]: [attach-window] t=108.90s pos_err=0.062m T=20.29N z=5.735 m_est=2.032
[INFO] [1788472469.273336949] [acados_nmpc_node]: [wcmd] raw=[+0.036,-0.160,+0.097] w=[+0.032,-0.040,+0.054] err=[+0.005,-0.119] scaled=[+0.036,-0.160] s=1.00
[INFO] [1788472469.321476680] [acados_nmpc_node]: [attach-window] t=108.96s pos_err=0.043m T=20.45N z=5.744 m_est=2.032
[INFO] [1788472469.365720313] [acados_nmpc_node]: [attach-window] t=109.00s pos_err=0.069m T=20.09N z=5.758 m_est=2.035
[INFO] [1788472469.421267248] [acados_nmpc_node]: [attach-window] t=109.06s pos_err=0.055m T=20.41N z=5.765 m_est=2.035
[INFO] [1788472469.465735795] [acados_nmpc_node]: [attach-window] t=109.10s pos_err=0.058m T=20.06N z=5.779 m_est=2.035
[INFO] [1788472469.473373310] [acados_nmpc_node]: [wcmd] raw=[+0.041,-0.224,+0.106] w=[+0.032,-0.251,+0.065] err=[+0.010,+0.027] scaled=[+0.041,-0.224] s=1.00
[INFO] [1788472469.519215072] [acados_nmpc_node]: [attach-window] t=109.15s pos_err=0.066m T=20.32N z=5.787 m_est=2.035
[INFO] [1788472469.565060232] [acados_nmpc_node]: [attach-window] t=109.20s pos_err=0.069m T=19.88N z=5.804 m_est=2.034
[INFO] [1788472469.619061871] [acados_nmpc_node]: [attach-window] t=109.25s pos_err=0.062m T=20.14N z=5.811 m_est=2.034
[INFO] [1788472469.665056272] [acados_nmpc_node]: [attach-window] t=109.30s pos_err=0.062m T=19.84N z=5.827 m_est=2.030
[INFO] [1788472469.673256877] [acados_nmpc_node]: [wcmd] raw=[+0.038,-0.186,+0.097] w=[+0.037,-0.205,+0.080] err=[+0.001,+0.019] scaled=[+0.038,-0.186] s=1.00
[INFO] [1788472469.721457917] [acados_nmpc_node]: [attach-window] t=109.36s pos_err=0.062m T=20.01N z=5.836 m_est=2.030
[INFO] [1788472469.765587448] [acados_nmpc_node]: [attach-window] t=109.40s pos_err=0.072m T=19.72N z=5.852 m_est=2.023
[INFO] [1788472469.821115430] [acados_nmpc_node]: [attach-window] t=109.46s pos_err=0.075m T=20.01N z=5.859 m_est=2.023
[INFO] [1788472469.865707577] [acados_nmpc_node]: [attach-window] t=109.50s pos_err=0.065m T=19.80N z=5.874 m_est=2.016
[INFO] [1788472469.873346506] [acados_nmpc_node]: [wcmd] raw=[+0.035,-0.110,+0.074] w=[+0.041,-0.200,+0.086] err=[-0.006,+0.091] scaled=[+0.035,-0.110] s=1.00
[INFO] [1788472469.921383252] [acados_nmpc_node]: [attach-window] t=109.56s pos_err=0.073m T=19.97N z=5.883 m_est=2.016
[INFO] [1788472469.965600281] [acados_nmpc_node]: [attach-window] t=109.60s pos_err=0.071m T=19.75N z=5.898 m_est=2.007
[INFO] [1788472470.021262553] [acados_nmpc_node]: [attach-window] t=109.66s pos_err=0.091m T=20.01N z=5.905 m_est=2.007
[INFO] [1788472470.065573127] [acados_nmpc_node]: [attach-window] t=109.70s pos_err=0.077m T=19.76N z=5.921 m_est=2.000
[INFO] [1788472470.073364648] [acados_nmpc_node]: [wcmd] raw=[+0.039,-0.195,+0.039] w=[+0.042,-0.127,+0.075] err=[-0.003,-0.069] scaled=[+0.039,-0.195] s=1.00
[INFO] [1788472470.121388463] [acados_nmpc_node]: [attach-window] t=109.76s pos_err=0.112m T=20.06N z=5.926 m_est=2.000
[INFO] [1788472470.165700695] [acados_nmpc_node]: [attach-window] t=109.80s pos_err=0.070m T=19.83N z=5.941 m_est=1.994
[INFO] [1788472470.221372879] [acados_nmpc_node]: [attach-window] t=109.86s pos_err=0.109m T=20.05N z=5.948 m_est=1.994
[INFO] [1788472470.265704099] [acados_nmpc_node]: [attach-window] t=109.90s pos_err=0.070m T=19.87N z=5.961 m_est=1.990
[INFO] [1788472470.273378499] [acados_nmpc_node]: [wcmd] raw=[+0.041,-0.144,+0.001] w=[+0.047,-0.112,+0.053] err=[-0.006,-0.032] scaled=[+0.041,-0.144] s=1.00
[INFO] [1788472470.321300842] [acados_nmpc_node]: [attach-window] t=109.96s pos_err=0.130m T=20.10N z=5.967 m_est=1.990
[INFO] [1788472470.365596479] [acados_nmpc_node]: [attach-window] t=110.00s pos_err=0.070m T=19.89N z=5.981 m_est=1.989
[INFO] [1788472470.421452373] [acados_nmpc_node]: [attach-window] t=110.06s pos_err=0.125m T=20.16N z=5.988 m_est=1.989
[INFO] [1788472470.465639751] [acados_nmpc_node]: [attach-window] t=110.10s pos_err=0.076m T=20.03N z=6.000 m_est=1.995
[INFO] [1788472470.473326785] [acados_nmpc_node]: [wcmd] raw=[+0.035,-0.226,-0.036] w=[+0.055,-0.204,+0.020] err=[-0.020,-0.022] scaled=[+0.035,-0.226] s=1.00
[INFO] [1788472470.521965532] [acados_nmpc_node]: [attach-window] t=110.16s pos_err=0.146m T=20.27N z=6.006 m_est=1.995
[INFO] [1788472470.565940948] [acados_nmpc_node]: [attach-window] t=110.20s pos_err=0.074m T=20.10N z=6.020 m_est=2.006
[INFO] [1788472470.621366266] [acados_nmpc_node]: [attach-window] t=110.26s pos_err=0.136m T=20.32N z=6.027 m_est=2.006
[INFO] [1788472470.665921367] [acados_nmpc_node]: [attach-window] t=110.30s pos_err=0.074m T=20.11N z=6.042 m_est=2.019
[INFO] [1788472470.673325726] [acados_nmpc_node]: [wcmd] raw=[+0.004,-0.309,-0.068] w=[+0.040,-0.232,-0.019] err=[-0.036,-0.077] scaled=[+0.004,-0.309] s=1.00
[INFO] [1788472470.721317960] [acados_nmpc_node]: [attach-window] t=110.36s pos_err=0.127m T=20.30N z=6.049 m_est=2.019
[INFO] [1788472470.765938149] [acados_nmpc_node]: [attach-window] t=110.40s pos_err=0.081m T=20.15N z=6.063 m_est=2.026
[INFO] [1788472470.821429194] [acados_nmpc_node]: [attach-window] t=110.46s pos_err=0.144m T=20.27N z=6.070 m_est=2.026
[INFO] [1788472470.865991635] [acados_nmpc_node]: [attach-window] t=110.50s pos_err=0.091m T=20.17N z=6.085 m_est=2.035
[INFO] [1788472470.873328137] [acados_nmpc_node]: [wcmd] raw=[+0.019,-0.091,-0.096] w=[+0.022,-0.183,-0.055] err=[-0.004,+0.092] scaled=[+0.019,-0.091] s=1.00
[INFO] [1788472470.921341418] [acados_nmpc_node]: [attach-window] t=110.56s pos_err=0.161m T=20.24N z=6.093 m_est=2.035
[INFO] [1788472470.921836798] [acados_nmpc_node]: t=110.6s | pos_err=0.161m | T=20.24N | tau=[r0.005 p0.073 y-0.019]Nm | res_stat=8.913e-07(peak 1.727e+00) sqp_iter=5 | solve=2.0ms
[INFO] [1788472470.922040572] [acados_nmpc_node]: [flight-diag] t=110.6s | om_scale=1.000(lo 1.000 hi 1.000) | tilt_max=10.91deg | w_max=[r0.069 p0.276 y1.030]rad/s | u_frac=[T0.510 r0.076 p0.287 y0.773] | u_sat=[T0.0 r0.0 p0.0 y0.0]% | mot_peak=0.840 mot_sat=0.0% | health=na age=na conf=na | n=100
[INFO] [1788472470.965900352] [acados_nmpc_node]: [attach-window] t=110.60s pos_err=0.087m T=20.08N z=6.110 m_est=2.041
[INFO] [1788472471.021309757] [acados_nmpc_node]: [attach-window] t=110.66s pos_err=0.151m T=20.16N z=6.118 m_est=2.041
[INFO] [1788472471.066139151] [acados_nmpc_node]: [attach-window] t=110.70s pos_err=0.098m T=19.98N z=6.134 m_est=2.043
[INFO] [1788472471.073386518] [acados_nmpc_node]: [wcmd] raw=[+0.044,-0.146,-0.120] w=[+0.043,-0.114,-0.087] err=[+0.001,-0.032] scaled=[+0.044,-0.146] s=1.00
[INFO] [1788472471.121736264] [acados_nmpc_node]: [attach-window] t=110.76s pos_err=0.169m T=20.06N z=6.143 m_est=2.043
[INFO] [1788472471.166080085] [acados_nmpc_node]: [attach-window] t=110.80s pos_err=0.092m T=19.85N z=6.162 m_est=2.045
[INFO] [1788472471.221483060] [acados_nmpc_node]: [attach-window] t=110.86s pos_err=0.159m T=19.96N z=6.170 m_est=2.045
[INFO] [1788472471.265917341] [acados_nmpc_node]: [attach-window] t=110.90s pos_err=0.088m T=19.76N z=6.189 m_est=2.047
[INFO] [1788472471.273313155] [acados_nmpc_node]: [wcmd] raw=[+0.022,-0.260,-0.145] w=[+0.061,-0.180,-0.116] err=[-0.039,-0.080] scaled=[+0.022,-0.260] s=1.00
[INFO] [1788472471.322081069] [acados_nmpc_node]: [attach-window] t=110.96s pos_err=0.177m T=19.94N z=6.195 m_est=2.047
[INFO] [1788472471.366011185] [acados_nmpc_node]: [attach-window] t=111.00s pos_err=0.099m T=19.82N z=6.212 m_est=2.048
[INFO] [1788472471.421456095] [acados_nmpc_node]: [attach-window] t=111.06s pos_err=0.165m T=19.94N z=6.220 m_est=2.048
[INFO] [1788472471.465977599] [acados_nmpc_node]: [attach-window] t=111.10s pos_err=0.094m T=19.85N z=6.236 m_est=2.048
[INFO] [1788472471.473355499] [acados_nmpc_node]: [wcmd] raw=[+0.003,-0.202,-0.175] w=[+0.043,-0.158,-0.145] err=[-0.040,-0.044] scaled=[+0.003,-0.202] s=1.00
[INFO] [1788472471.521484374] [acados_nmpc_node]: [attach-window] t=111.16s pos_err=0.155m T=19.98N z=6.243 m_est=2.048
[INFO] [1788472471.565900447] [acados_nmpc_node]: [attach-window] t=111.20s pos_err=0.105m T=19.97N z=6.256 m_est=2.048
[INFO] [1788472471.621545470] [acados_nmpc_node]: [attach-window] t=111.26s pos_err=0.171m T=20.09N z=6.262 m_est=2.048
[INFO] [1788472471.665891704] [acados_nmpc_node]: [attach-window] t=111.30s pos_err=0.119m T=20.10N z=6.274 m_est=2.047
[INFO] [1788472471.673480017] [acados_nmpc_node]: [wcmd] raw=[+0.022,-0.071,-0.215] w=[+0.033,-0.127,-0.173] err=[-0.010,+0.056] scaled=[+0.022,-0.071] s=1.00
[INFO] [1788472471.721452118] [acados_nmpc_node]: [attach-window] t=111.36s pos_err=0.186m T=20.18N z=6.280 m_est=2.047
[INFO] [1788472471.765944287] [acados_nmpc_node]: [attach-window] t=111.40s pos_err=0.114m T=20.17N z=6.293 m_est=2.046
[INFO] [1788472471.821547856] [acados_nmpc_node]: [attach-window] t=111.46s pos_err=0.178m T=20.26N z=6.299 m_est=2.046
[INFO] [1788472471.865904960] [acados_nmpc_node]: [attach-window] t=111.50s pos_err=0.110m T=20.19N z=6.311 m_est=2.045
[INFO] [1788472471.873360593] [acados_nmpc_node]: [wcmd] raw=[+0.001,-0.181,-0.262] w=[+0.045,-0.088,-0.207] err=[-0.044,-0.093] scaled=[+0.001,-0.181] s=1.00
[INFO] [1788472471.921812175] [acados_nmpc_node]: [attach-window] t=111.56s pos_err=0.171m T=20.28N z=6.316 m_est=2.045
[INFO] [1788472471.965908445] [acados_nmpc_node]: [attach-window] t=111.60s pos_err=0.124m T=20.22N z=6.328 m_est=2.044
[INFO] [1788472472.021380728] [acados_nmpc_node]: [attach-window] t=111.66s pos_err=0.185m T=20.30N z=6.333 m_est=2.044
[INFO] [1788472472.066165641] [acados_nmpc_node]: [attach-window] t=111.70s pos_err=0.136m T=20.27N z=6.344 m_est=2.043
[INFO] [1788472472.073359229] [acados_nmpc_node]: [wcmd] raw=[+0.018,-0.090,-0.328] w=[+0.034,-0.133,-0.251] err=[-0.016,+0.043] scaled=[+0.018,-0.090] s=1.00
[INFO] [1788472472.121566878] [acados_nmpc_node]: [attach-window] t=111.76s pos_err=0.197m T=20.33N z=6.349 m_est=2.043
[INFO] [1788472472.166261131] [acados_nmpc_node]: [attach-window] t=111.80s pos_err=0.130m T=20.28N z=6.362 m_est=2.043
[INFO] [1788472472.221761856] [acados_nmpc_node]: [attach-window] t=111.86s pos_err=0.188m T=20.35N z=6.367 m_est=2.043
[INFO] [1788472472.266176678] [acados_nmpc_node]: [attach-window] t=111.90s pos_err=0.141m T=20.30N z=6.378 m_est=2.041
[INFO] [1788472472.273390226] [acados_nmpc_node]: [wcmd] raw=[+0.020,-0.105,-0.407] w=[+0.048,-0.095,-0.307] err=[-0.028,-0.010] scaled=[+0.020,-0.105] s=1.00
[INFO] [1788472472.319194560] [acados_nmpc_node]: [attach-window] t=111.95s pos_err=0.174m T=20.33N z=6.385 m_est=2.041
[INFO] [1788472472.365465007] [acados_nmpc_node]: [attach-window] t=112.00s pos_err=0.133m T=20.27N z=6.396 m_est=2.039
[INFO] [1788472472.421474019] [acados_nmpc_node]: [attach-window] t=112.06s pos_err=0.187m T=20.35N z=6.402 m_est=2.039
[INFO] [1788472472.466351214] [acados_nmpc_node]: [attach-window] t=112.10s pos_err=0.143m T=20.29N z=6.413 m_est=2.037
[INFO] [1788472472.473406016] [acados_nmpc_node]: [wcmd] raw=[+0.005,-0.084,-0.504] w=[+0.042,-0.120,-0.378] err=[-0.037,+0.036] scaled=[+0.005,-0.084] s=1.00
[INFO] [1788472472.522100408] [acados_nmpc_node]: [attach-window] t=112.16s pos_err=0.196m T=20.36N z=6.419 m_est=2.037
[INFO] [1788472472.566190040] [acados_nmpc_node]: [attach-window] t=112.20s pos_err=0.134m T=20.27N z=6.432 m_est=2.034
[INFO] [1788472472.619240940] [acados_nmpc_node]: [attach-window] t=112.25s pos_err=0.180m T=20.34N z=6.437 m_est=2.034
[INFO] [1788472472.666247376] [acados_nmpc_node]: [attach-window] t=112.30s pos_err=0.126m T=20.24N z=6.450 m_est=2.031
[INFO] [1788472472.673426190] [acados_nmpc_node]: [wcmd] raw=[-0.043,-0.131,-0.613] w=[+0.032,-0.071,-0.467] err=[-0.075,-0.060] scaled=[-0.043,-0.131] s=1.00
[INFO] [1788472472.721789854] [acados_nmpc_node]: [attach-window] t=112.36s pos_err=0.189m T=20.35N z=6.454 m_est=2.031
[INFO] [1788472472.766219244] [acados_nmpc_node]: [attach-window] t=112.40s pos_err=0.133m T=20.25N z=6.467 m_est=2.030
[INFO] [1788472472.821634399] [acados_nmpc_node]: [attach-window] t=112.46s pos_err=0.178m T=20.33N z=6.472 m_est=2.030
[INFO] [1788472472.866375043] [acados_nmpc_node]: [attach-window] t=112.50s pos_err=0.140m T=20.27N z=6.483 m_est=2.029
[INFO] [1788472472.873318073] [acados_nmpc_node]: [wcmd] raw=[-0.022,-0.074,-0.742] w=[+0.015,-0.079,-0.572] err=[-0.037,+0.005] scaled=[-0.022,-0.074] s=1.00
[INFO] [1788472472.921785051] [acados_nmpc_node]: [attach-window] t=112.56s pos_err=0.183m T=20.35N z=6.489 m_est=2.029
[INFO] [1788472472.966191473] [acados_nmpc_node]: [attach-window] t=112.60s pos_err=0.132m T=20.28N z=6.501 m_est=2.030
[INFO] [1788472473.021814580] [acados_nmpc_node]: [attach-window] t=112.66s pos_err=0.173m T=20.36N z=6.507 m_est=2.030
[INFO] [1788472473.066200520] [acados_nmpc_node]: [attach-window] t=112.70s pos_err=0.139m T=20.31N z=6.517 m_est=2.033
[INFO] [1788472473.073331372] [acados_nmpc_node]: [wcmd] raw=[-0.041,-0.066,-0.864] w=[+0.012,-0.071,-0.689] err=[-0.053,+0.005] scaled=[-0.041,-0.066] s=1.00
[INFO] [1788472473.122003310] [acados_nmpc_node]: [attach-window] t=112.76s pos_err=0.178m T=20.39N z=6.523 m_est=2.033
[INFO] [1788472473.166344500] [acados_nmpc_node]: [attach-window] t=112.80s pos_err=0.134m T=20.31N z=6.535 m_est=2.037
[INFO] [1788472473.221696910] [acados_nmpc_node]: [attach-window] t=112.86s pos_err=0.170m T=20.40N z=6.540 m_est=2.037
[INFO] [1788472473.266222920] [acados_nmpc_node]: [attach-window] t=112.90s pos_err=0.129m T=20.29N z=6.551 m_est=2.041
[INFO] [1788472473.273354034] [acados_nmpc_node]: [wcmd] raw=[-0.090,-0.108,-0.951] w=[-0.009,-0.060,-0.820] err=[-0.081,-0.048] scaled=[-0.090,-0.108] s=1.00
[INFO] [1788472473.321434326] [acados_nmpc_node]: [attach-window] t=112.96s pos_err=0.162m T=20.39N z=6.557 m_est=2.041
[INFO] [1788472473.365925112] [acados_nmpc_node]: [attach-window] t=113.00s pos_err=0.135m T=20.30N z=6.567 m_est=2.045
[INFO] [1788472473.421307928] [acados_nmpc_node]: [attach-window] t=113.06s pos_err=0.166m T=20.39N z=6.573 m_est=2.045
[INFO] [1788472473.465932083] [acados_nmpc_node]: [attach-window] t=113.10s pos_err=0.139m T=20.30N z=6.583 m_est=2.047
[INFO] [1788472473.473326643] [acados_nmpc_node]: [wcmd] raw=[-0.023,-0.048,-0.995] w=[-0.031,-0.070,-0.931] err=[+0.007,+0.022] scaled=[-0.023,-0.048] s=1.00
[INFO] [1788472473.521877764] [acados_nmpc_node]: [attach-window] t=113.16s pos_err=0.158m T=20.34N z=6.590 m_est=2.047
[INFO] [1788472473.565995878] [acados_nmpc_node]: [attach-window] t=113.20s pos_err=0.132m T=20.22N z=6.601 m_est=2.049
[INFO] [1788472473.621597512] [acados_nmpc_node]: [attach-window] t=113.26s pos_err=0.159m T=20.31N z=6.606 m_est=2.049
[INFO] [1788472473.665979570] [acados_nmpc_node]: [attach-window] t=113.30s pos_err=0.126m T=20.15N z=6.619 m_est=2.051
[INFO] [1788472473.673465151] [acados_nmpc_node]: [wcmd] raw=[-0.028,-0.109,-0.952] w=[+0.005,-0.055,-1.011] err=[-0.033,-0.054] scaled=[-0.028,-0.109] s=1.00
[INFO] [1788472473.721495699] [acados_nmpc_node]: [attach-window] t=113.36s pos_err=0.159m T=20.29N z=6.623 m_est=2.051
[INFO] [1788472473.765983065] [acados_nmpc_node]: [attach-window] t=113.40s pos_err=0.125m T=20.13N z=6.636 m_est=2.052
[INFO] [1788472473.821580739] [acados_nmpc_node]: [attach-window] t=113.46s pos_err=0.115m T=20.03N z=6.647 m_est=2.052
[INFO] [1788472473.865971794] [acados_nmpc_node]: [attach-window] t=113.50s pos_err=0.122m T=20.12N z=6.652 m_est=2.052
[INFO] [1788472473.873317189] [acados_nmpc_node]: [wcmd] raw=[+0.010,-0.077,-0.829] w=[+0.015,-0.068,-1.027] err=[-0.005,-0.009] scaled=[+0.010,-0.077] s=1.00
[INFO] [1788472473.921308044] [acados_nmpc_node]: [attach-window] t=113.56s pos_err=0.146m T=20.26N z=6.657 m_est=2.052
[INFO] [1788472473.965942735] [acados_nmpc_node]: [attach-window] t=113.60s pos_err=0.112m T=20.15N z=6.668 m_est=2.052
[INFO] [1788472474.021446491] [acados_nmpc_node]: [attach-window] t=113.66s pos_err=0.134m T=20.25N z=6.673 m_est=2.052
[INFO] [1788472474.066067108] [acados_nmpc_node]: [attach-window] t=113.70s pos_err=0.109m T=20.19N z=6.681 m_est=2.052
[INFO] [1788472474.073368804] [acados_nmpc_node]: [wcmd] raw=[+0.053,-0.008,-0.655] w=[+0.038,-0.004,-0.957] err=[+0.015,-0.004] scaled=[+0.053,-0.008] s=1.00
[INFO] [1788472474.121730908] [acados_nmpc_node]: [attach-window] t=113.76s pos_err=0.134m T=20.30N z=6.685 m_est=2.052
[INFO] [1788472474.166336378] [acados_nmpc_node]: [attach-window] t=113.80s pos_err=0.099m T=20.18N z=6.694 m_est=2.051
[INFO] [1788472474.222000917] [acados_nmpc_node]: [attach-window] t=113.86s pos_err=0.124m T=20.33N z=6.698 m_est=2.051
[INFO] [1788472474.266222128] [acados_nmpc_node]: [attach-window] t=113.90s pos_err=0.090m T=20.11N z=6.707 m_est=2.051
[INFO] [1788472474.273334738] [acados_nmpc_node]: [wcmd] raw=[-0.024,-0.213,-0.463] w=[+0.022,-0.067,-0.829] err=[-0.046,-0.146] scaled=[-0.024,-0.213] s=1.00
[INFO] [1788472474.321830174] [acados_nmpc_node]: [attach-window] t=113.96s pos_err=0.113m T=20.28N z=6.710 m_est=2.051
[INFO] [1788472474.366242165] [acados_nmpc_node]: [attach-window] t=114.00s pos_err=0.087m T=20.09N z=6.717 m_est=2.051
[INFO] [1788472474.421639395] [acados_nmpc_node]: [attach-window] t=114.06s pos_err=0.115m T=20.25N z=6.721 m_est=2.051
[INFO] [1788472474.466198176] [acados_nmpc_node]: [attach-window] t=114.10s pos_err=0.085m T=20.10N z=6.727 m_est=2.051
[INFO] [1788472474.473332247] [acados_nmpc_node]: [wcmd] raw=[+0.027,-0.135,-0.313] w=[-0.027,-0.176,-0.663] err=[+0.054,+0.041] scaled=[+0.027,-0.135] s=1.00
[INFO] [1788472474.521600117] [acados_nmpc_node]: [attach-window] t=114.16s pos_err=0.117m T=20.24N z=6.730 m_est=2.051
[INFO] [1788472474.566198908] [acados_nmpc_node]: [attach-window] t=114.20s pos_err=0.075m T=20.05N z=6.736 m_est=2.050
[INFO] [1788472474.621634940] [acados_nmpc_node]: [attach-window] t=114.26s pos_err=0.106m T=20.20N z=6.739 m_est=2.050
[INFO] [1788472474.666054089] [acados_nmpc_node]: [attach-window] t=114.30s pos_err=0.075m T=20.07N z=6.744 m_est=2.049
[INFO] [1788472474.673412101] [acados_nmpc_node]: [wcmd] raw=[+0.036,-0.127,-0.205] w=[+0.025,-0.136,-0.485] err=[+0.011,+0.009] scaled=[+0.036,-0.127] s=1.00
[INFO] [1788472474.721448884] [acados_nmpc_node]: [attach-window] t=114.36s pos_err=0.112m T=20.21N z=6.747 m_est=2.049
[INFO] [1788472474.766005367] [acados_nmpc_node]: [attach-window] t=114.40s pos_err=0.066m T=20.01N z=6.752 m_est=2.048
[INFO] [1788472474.821335975] [acados_nmpc_node]: [attach-window] t=114.46s pos_err=0.103m T=20.16N z=6.755 m_est=2.048
[INFO] [1788472474.865918120] [acados_nmpc_node]: [attach-window] t=114.50s pos_err=0.069m T=20.01N z=6.759 m_est=2.046
[INFO] [1788472474.873435089] [acados_nmpc_node]: [wcmd] raw=[-0.018,-0.138,-0.155] w=[+0.017,-0.138,-0.335] err=[-0.035,+0.001] scaled=[-0.018,-0.138] s=1.00
[INFO] [1788472474.921677181] [acados_nmpc_node]: [attach-window] t=114.56s pos_err=0.054m T=19.85N z=6.764 m_est=2.046
[INFO] [1788472474.965938057] [acados_nmpc_node]: [attach-window] t=114.60s pos_err=0.063m T=19.96N z=6.767 m_est=2.043
[INFO] [1788472475.019229223] [acados_nmpc_node]: [attach-window] t=114.65s pos_err=0.053m T=19.97N z=6.770 m_est=2.043
[INFO] [1788472475.065885467] [acados_nmpc_node]: [attach-window] t=114.70s pos_err=0.069m T=20.07N z=6.772 m_est=2.043
[INFO] [1788472475.073367726] [acados_nmpc_node]: [wcmd] raw=[-0.008,+0.026,-0.150] w=[-0.047,-0.195,-0.228] err=[+0.039,+0.221] scaled=[-0.008,+0.026] s=1.00
[INFO] [1788472475.121439250] [acados_nmpc_node]: [attach-window] t=114.76s pos_err=0.119m T=20.17N z=6.773 m_est=2.043
[INFO] [1788472475.165919875] [acados_nmpc_node]: [attach-window] t=114.80s pos_err=0.064m T=20.14N z=6.776 m_est=2.042
[INFO] [1788472475.221235637] [acados_nmpc_node]: [attach-window] t=114.86s pos_err=0.116m T=20.21N z=6.777 m_est=2.042
[INFO] [1788472475.265791155] [acados_nmpc_node]: [attach-window] t=114.90s pos_err=0.077m T=20.20N z=6.779 m_est=2.042
[INFO] [1788472475.273325376] [acados_nmpc_node]: [wcmd] raw=[+0.006,-0.012,-0.183] w=[+0.017,+0.071,-0.170] err=[-0.012,-0.084] scaled=[+0.006,-0.012] s=1.00
[INFO] [1788472475.321224627] [acados_nmpc_node]: [attach-window] t=114.96s pos_err=0.116m T=20.26N z=6.780 m_est=2.042
[INFO] [1788472475.366014146] [acados_nmpc_node]: [attach-window] t=115.00s pos_err=0.076m T=20.15N z=6.782 m_est=2.042
[INFO] [1788472475.421433959] [acados_nmpc_node]: [attach-window] t=115.06s pos_err=0.135m T=20.28N z=6.783 m_est=2.042
[INFO] [1788472475.465985152] [acados_nmpc_node]: [attach-window] t=115.10s pos_err=0.091m T=20.10N z=6.784 m_est=2.042
[INFO] [1788472475.473370048] [acados_nmpc_node]: [wcmd] raw=[-0.046,-0.211,-0.228] w=[+0.005,-0.157,-0.167] err=[-0.051,-0.054] scaled=[-0.046,-0.211] s=1.00
[INFO] [1788472475.521511781] [acados_nmpc_node]: [attach-window] t=115.16s pos_err=0.152m T=20.22N z=6.785 m_est=2.042
[INFO] [1788472475.565941912] [acados_nmpc_node]: [attach-window] t=115.20s pos_err=0.087m T=19.98N z=6.787 m_est=2.043
[INFO] [1788472475.621485905] [acados_nmpc_node]: [attach-window] t=115.26s pos_err=0.147m T=20.11N z=6.787 m_est=2.043
[INFO] [1788472475.666004877] [acados_nmpc_node]: [attach-window] t=115.30s pos_err=0.098m T=19.95N z=6.789 m_est=2.044
[INFO] [1788472475.673366477] [acados_nmpc_node]: [wcmd] raw=[-0.050,-0.221,-0.266] w=[-0.032,-0.244,-0.193] err=[-0.019,+0.023] scaled=[-0.050,-0.221] s=1.00
[INFO] [1788472475.721490893] [acados_nmpc_node]: [attach-window] t=115.36s pos_err=0.159m T=20.07N z=6.789 m_est=2.044
[INFO] [1788472475.766015838] [acados_nmpc_node]: [attach-window] t=115.40s pos_err=0.090m T=19.90N z=6.790 m_est=2.043
[INFO] [1788472475.821328023] [acados_nmpc_node]: [attach-window] t=115.46s pos_err=0.148m T=20.01N z=6.790 m_est=2.043
[INFO] [1788472475.865965772] [acados_nmpc_node]: [attach-window] t=115.50s pos_err=0.081m T=19.86N z=6.791 m_est=2.039
[INFO] [1788472475.873355213] [acados_nmpc_node]: [wcmd] raw=[-0.035,-0.248,-0.295] w=[-0.020,-0.221,-0.231] err=[-0.015,-0.027] scaled=[-0.035,-0.248] s=1.00
[INFO] [1788472475.921572693] [acados_nmpc_node]: [attach-window] t=115.56s pos_err=0.157m T=19.97N z=6.791 m_est=2.039
[INFO] [1788472475.922062520] [acados_nmpc_node]: t=115.6s | pos_err=0.157m | T=19.97N | tau=[r0.011 p0.050 y-0.035]Nm | res_stat=3.415e-07(peak 1.727e+00) sqp_iter=5 | solve=2.2ms
[INFO] [1788472475.922267265] [acados_nmpc_node]: [flight-diag] t=115.6s | om_scale=1.000(lo 1.000 hi 1.000) | tilt_max=10.18deg | w_max=[r0.066 p0.276 y1.030]rad/s | u_frac=[T0.504 r0.070 p0.269 y0.746] | u_sat=[T0.0 r0.0 p0.0 y0.0]% | mot_peak=0.838 mot_sat=0.0% | health=na age=na conf=na | n=100
[INFO] [1788472475.966183945] [acados_nmpc_node]: [attach-window] t=115.60s pos_err=0.089m T=19.86N z=6.792 m_est=2.037
[INFO] [1788472476.021642998] [acados_nmpc_node]: [attach-window] t=115.66s pos_err=0.145m T=19.92N z=6.792 m_est=2.037
[INFO] [1788472476.066008053] [acados_nmpc_node]: [attach-window] t=115.70s pos_err=0.097m T=19.83N z=6.793 m_est=2.031
[INFO] [1788472476.073307839] [acados_nmpc_node]: [wcmd] raw=[-0.006,-0.123,-0.315] w=[+0.008,-0.160,-0.268] err=[-0.014,+0.038] scaled=[-0.006,-0.123] s=1.00
[INFO] [1788472476.121671235] [acados_nmpc_node]: [attach-window] t=115.76s pos_err=0.154m T=19.87N z=6.793 m_est=2.031
[INFO] [1788472476.165912841] [acados_nmpc_node]: [attach-window] t=115.80s pos_err=0.089m T=19.82N z=6.793 m_est=2.026
[INFO] [1788472476.221458104] [acados_nmpc_node]: [attach-window] t=115.86s pos_err=0.143m T=19.88N z=6.793 m_est=2.026
[INFO] [1788472476.266000008] [acados_nmpc_node]: [attach-window] t=115.90s pos_err=0.098m T=19.86N z=6.791 m_est=2.021
[INFO] [1788472476.273324325] [acados_nmpc_node]: [wcmd] raw=[-0.021,-0.146,-0.327] w=[+0.008,-0.144,-0.298] err=[-0.029,-0.002] scaled=[-0.021,-0.146] s=1.00
[INFO] [1788472476.321905265] [acados_nmpc_node]: [attach-window] t=115.96s pos_err=0.154m T=19.91N z=6.790 m_est=2.021
[INFO] [1788472476.365914279] [acados_nmpc_node]: [attach-window] t=116.00s pos_err=0.091m T=19.91N z=6.788 m_est=2.017
[INFO] [1788472476.421338310] [acados_nmpc_node]: [attach-window] t=116.06s pos_err=0.143m T=19.97N z=6.787 m_est=2.017
[INFO] [1788472476.466076283] [acados_nmpc_node]: [attach-window] t=116.10s pos_err=0.100m T=20.01N z=6.784 m_est=2.016
[INFO] [1788472476.473345328] [acados_nmpc_node]: [wcmd] raw=[-0.003,-0.143,-0.340] w=[+0.002,-0.160,-0.321] err=[-0.005,+0.017] scaled=[-0.003,-0.143] s=1.00
[INFO] [1788472476.521359284] [acados_nmpc_node]: [attach-window] t=116.16s pos_err=0.153m T=20.04N z=6.782 m_est=2.016
[INFO] [1788472476.565959597] [acados_nmpc_node]: [attach-window] t=116.20s pos_err=0.093m T=20.12N z=6.777 m_est=2.019
[INFO] [1788472476.621495701] [acados_nmpc_node]: [attach-window] t=116.26s pos_err=0.144m T=20.15N z=6.775 m_est=2.019
[INFO] [1788472476.665926033] [acados_nmpc_node]: [attach-window] t=116.30s pos_err=0.101m T=20.23N z=6.771 m_est=2.024
[INFO] [1788472476.673409489] [acados_nmpc_node]: [wcmd] raw=[+0.018,-0.126,-0.364] w=[+0.026,-0.142,-0.338] err=[-0.008,+0.016] scaled=[+0.018,-0.126] s=1.00
[INFO] [1788472476.721931381] [acados_nmpc_node]: [attach-window] t=116.36s pos_err=0.152m T=20.22N z=6.769 m_est=2.024
[INFO] [1788472476.765990982] [acados_nmpc_node]: [attach-window] t=116.40s pos_err=0.093m T=20.31N z=6.764 m_est=2.033
[INFO] [1788472476.821798230] [acados_nmpc_node]: [attach-window] t=116.46s pos_err=0.141m T=20.30N z=6.762 m_est=2.033
[INFO] [1788472476.865920653] [acados_nmpc_node]: [attach-window] t=116.50s pos_err=0.099m T=20.37N z=6.757 m_est=2.043
[INFO] [1788472476.873373804] [acados_nmpc_node]: [wcmd] raw=[+0.004,-0.147,-0.403] w=[+0.038,-0.144,-0.359] err=[-0.033,-0.003] scaled=[+0.004,-0.147] s=1.00
[INFO] [1788472476.922060661] [acados_nmpc_node]: [attach-window] t=116.56s pos_err=0.148m T=20.33N z=6.755 m_est=2.043
[INFO] [1788472476.965990493] [acados_nmpc_node]: [attach-window] t=116.60s pos_err=0.091m T=20.36N z=6.750 m_est=2.050
[INFO] [1788472477.021553535] [acados_nmpc_node]: [attach-window] t=116.66s pos_err=0.135m T=20.32N z=6.748 m_est=2.050
[INFO] [1788472477.065863881] [acados_nmpc_node]: [attach-window] t=116.70s pos_err=0.096m T=20.28N z=6.744 m_est=2.051
[INFO] [1788472477.073330943] [acados_nmpc_node]: [wcmd] raw=[-0.021,-0.145,-0.464] w=[+0.020,-0.153,-0.391] err=[-0.041,+0.009] scaled=[-0.021,-0.145] s=1.00
[INFO] [1788472477.121776225] [acados_nmpc_node]: [attach-window] t=116.76s pos_err=0.140m T=20.22N z=6.741 m_est=2.051
[INFO] [1788472477.166010704] [acados_nmpc_node]: [attach-window] t=116.80s pos_err=0.089m T=20.19N z=6.737 m_est=2.050
[INFO] [1788472477.221508231] [acados_nmpc_node]: [attach-window] t=116.86s pos_err=0.129m T=20.15N z=6.735 m_est=2.050
[INFO] [1788472477.266073637] [acados_nmpc_node]: [attach-window] t=116.90s pos_err=0.095m T=20.15N z=6.730 m_est=2.050
[INFO] [1788472477.273365521] [acados_nmpc_node]: [wcmd] raw=[-0.036,-0.122,-0.548] w=[+0.002,-0.137,-0.440] err=[-0.038,+0.015] scaled=[-0.036,-0.122] s=1.00
[INFO] [1788472477.322027706] [acados_nmpc_node]: [attach-window] t=116.96s pos_err=0.135m T=20.11N z=6.728 m_est=2.050
[INFO] [1788472477.366122569] [acados_nmpc_node]: [attach-window] t=117.00s pos_err=0.090m T=20.14N z=6.722 m_est=2.049
[INFO] [1788472477.421809851] [acados_nmpc_node]: [attach-window] t=117.06s pos_err=0.124m T=20.11N z=6.720 m_est=2.049
[INFO] [1788472477.466233371] [acados_nmpc_node]: [attach-window] t=117.10s pos_err=0.095m T=20.14N z=6.715 m_est=2.048
[INFO] [1788472477.473350945] [acados_nmpc_node]: [wcmd] raw=[-0.032,-0.107,-0.654] w=[-0.002,-0.117,-0.508] err=[-0.030,+0.010] scaled=[-0.032,-0.107] s=1.00
[INFO] [1788472477.521998736] [acados_nmpc_node]: [attach-window] t=117.16s pos_err=0.129m T=20.11N z=6.712 m_est=2.048
[INFO] [1788472477.565473728] [acados_nmpc_node]: [attach-window] t=117.20s pos_err=0.093m T=20.17N z=6.705 m_est=2.047
[INFO] [1788472477.619256419] [acados_nmpc_node]: [attach-window] t=117.25s pos_err=0.119m T=20.14N z=6.702 m_est=2.047
[INFO] [1788472477.665314521] [acados_nmpc_node]: [attach-window] t=117.30s pos_err=0.097m T=20.19N z=6.696 m_est=2.047
[INFO] [1788472477.673273804] [acados_nmpc_node]: [wcmd] raw=[-0.019,-0.082,-0.775] w=[+0.016,-0.090,-0.603] err=[-0.035,+0.007] scaled=[-0.019,-0.082] s=1.00
[INFO] [1788472477.721589489] [acados_nmpc_node]: [attach-window] t=117.36s pos_err=0.125m T=20.15N z=6.693 m_est=2.047
[INFO] [1788472477.766197781] [acados_nmpc_node]: [attach-window] t=117.40s pos_err=0.095m T=20.21N z=6.685 m_est=2.047
[INFO] [1788472477.821858360] [acados_nmpc_node]: [attach-window] t=117.46s pos_err=0.117m T=20.19N z=6.682 m_est=2.047
[INFO] [1788472477.866245649] [acados_nmpc_node]: [attach-window] t=117.50s pos_err=0.097m T=20.23N z=6.675 m_est=2.047
[INFO] [1788472477.873338049] [acados_nmpc_node]: [wcmd] raw=[-0.021,-0.087,-0.895] w=[+0.027,-0.079,-0.714] err=[-0.048,-0.008] scaled=[-0.021,-0.087] s=1.00
[INFO] [1788472477.922033838] [acados_nmpc_node]: [attach-window] t=117.56s pos_err=0.092m T=20.24N z=6.666 m_est=2.047
[INFO] [1788472477.966190952] [acados_nmpc_node]: [attach-window] t=117.60s pos_err=0.093m T=20.25N z=6.663 m_est=2.047
[INFO] [1788472478.021712038] [acados_nmpc_node]: [attach-window] t=117.66s pos_err=0.109m T=20.24N z=6.658 m_est=2.047
[INFO] [1788472478.066212888] [acados_nmpc_node]: [attach-window] t=117.70s pos_err=0.093m T=20.27N z=6.650 m_est=2.046
[INFO] [1788472478.073411857] [acados_nmpc_node]: [wcmd] raw=[+0.032,-0.007,-0.988] w=[-0.021,-0.114,-0.832] err=[+0.054,+0.107] scaled=[+0.032,-0.007] s=1.00
[INFO] [1788472478.119165316] [acados_nmpc_node]: [attach-window] t=117.75s pos_err=0.107m T=20.23N z=6.646 m_est=2.046
[INFO] [1788472478.166199587] [acados_nmpc_node]: [attach-window] t=117.80s pos_err=0.091m T=20.29N z=6.636 m_est=2.044
[INFO] [1788472478.221633711] [acados_nmpc_node]: [attach-window] t=117.86s pos_err=0.100m T=20.27N z=6.631 m_est=2.044
[INFO] [1788472478.266270567] [acados_nmpc_node]: [attach-window] t=117.90s pos_err=0.089m T=20.31N z=6.621 m_est=2.042
[INFO] [1788472478.273448378] [acados_nmpc_node]: [wcmd] raw=[-0.045,-0.098,-1.025] w=[+0.068,-0.001,-0.946] err=[-0.113,-0.097] scaled=[-0.045,-0.098] s=1.00
[INFO] [1788472478.321415101] [acados_nmpc_node]: [attach-window] t=117.96s pos_err=0.098m T=20.30N z=6.617 m_est=2.042
[INFO] [1788472478.366227631] [acados_nmpc_node]: [attach-window] t=118.00s pos_err=0.086m T=20.31N z=6.607 m_est=2.041
[INFO] [1788472478.421460451] [acados_nmpc_node]: [attach-window] t=118.06s pos_err=0.091m T=20.30N z=6.603 m_est=2.041
[INFO] [1788472478.466011114] [acados_nmpc_node]: [attach-window] t=118.10s pos_err=0.083m T=20.28N z=6.594 m_est=2.041
[INFO] [1788472478.473444763] [acados_nmpc_node]: [wcmd] raw=[-0.045,-0.090,-0.979] w=[-0.002,-0.068,-1.029] err=[-0.042,-0.023] scaled=[-0.045,-0.090] s=1.00
[INFO] [1788472478.521729046] [acados_nmpc_node]: [attach-window] t=118.16s pos_err=0.090m T=20.28N z=6.590 m_est=2.041
[INFO] [1788472478.566086263] [acados_nmpc_node]: [attach-window] t=118.20s pos_err=0.082m T=20.26N z=6.580 m_est=2.042
[INFO] [1788472478.621431137] [acados_nmpc_node]: [attach-window] t=118.26s pos_err=0.082m T=20.28N z=6.576 m_est=2.042
[INFO] [1788472478.666022223] [acados_nmpc_node]: [attach-window] t=118.30s pos_err=0.077m T=20.26N z=6.567 m_est=2.043
[INFO] [1788472478.673366108] [acados_nmpc_node]: [wcmd] raw=[+0.003,-0.100,-0.847] w=[-0.017,-0.091,-1.044] err=[+0.020,-0.009] scaled=[+0.003,-0.100] s=1.00
[INFO] [1788472478.721824091] [acados_nmpc_node]: [attach-window] t=118.36s pos_err=0.079m T=20.27N z=6.562 m_est=2.043
[INFO] [1788472478.766063541] [acados_nmpc_node]: [attach-window] t=118.40s pos_err=0.076m T=20.25N z=6.552 m_est=2.043
[INFO] [1788472478.821096084] [acados_nmpc_node]: [attach-window] t=118.46s pos_err=0.070m T=20.28N z=6.547 m_est=2.043
[INFO] [1788472478.866210565] [acados_nmpc_node]: [attach-window] t=118.50s pos_err=0.075m T=20.23N z=6.536 m_est=2.041
[INFO] [1788472478.873481751] [acados_nmpc_node]: [wcmd] raw=[+0.023,-0.157,-0.648] w=[+0.021,-0.088,-0.979] err=[+0.002,-0.069] scaled=[+0.023,-0.157] s=1.00
[INFO] [1788472478.921640334] [acados_nmpc_node]: [attach-window] t=118.56s pos_err=0.060m T=20.27N z=6.531 m_est=2.041
[INFO] [1788472478.966361517] [acados_nmpc_node]: [attach-window] t=118.60s pos_err=0.065m T=20.22N z=6.521 m_est=2.039
[INFO] [1788472479.021660002] [acados_nmpc_node]: [attach-window] t=118.66s pos_err=0.053m T=20.24N z=6.516 m_est=2.039
[INFO] [1788472479.066428087] [acados_nmpc_node]: [attach-window] t=118.70s pos_err=0.064m T=20.17N z=6.505 m_est=2.035
[INFO] [1788472479.073349724] [acados_nmpc_node]: [wcmd] raw=[+0.035,-0.102,-0.445] w=[+0.029,-0.064,-0.835] err=[+0.006,-0.038] scaled=[+0.035,-0.102] s=1.00
[INFO] [1788472479.121947197] [acados_nmpc_node]: [attach-window] t=118.76s pos_err=0.050m T=20.21N z=6.501 m_est=2.035
[INFO] [1788472479.166229923] [acados_nmpc_node]: [attach-window] t=118.80s pos_err=0.050m T=20.13N z=6.490 m_est=2.031
[INFO] [1788472479.221798841] [acados_nmpc_node]: [attach-window] t=118.86s pos_err=0.041m T=20.16N z=6.485 m_est=2.031
[INFO] [1788472479.265502341] [acados_nmpc_node]: [attach-window] t=118.90s pos_err=0.036m T=20.08N z=6.474 m_est=2.025
[INFO] [1788472479.273309448] [acados_nmpc_node]: [wcmd] raw=[+0.012,-0.069,-0.271] w=[+0.022,-0.027,-0.647] err=[-0.010,-0.042] scaled=[+0.012,-0.069] s=1.00
[INFO] [1788472479.319097270] [acados_nmpc_node]: [attach-window] t=118.95s pos_err=0.031m T=20.13N z=6.468 m_est=2.025
[INFO] [1788472479.365588492] [acados_nmpc_node]: [attach-window] t=119.00s pos_err=0.034m T=20.04N z=6.457 m_est=2.020
[INFO] [1788472479.421815503] [acados_nmpc_node]: [attach-window] t=119.06s pos_err=0.043m T=20.16N z=6.451 m_est=2.020
[INFO] [1788472479.466262354] [acados_nmpc_node]: [attach-window] t=119.10s pos_err=0.021m T=20.12N z=6.439 m_est=2.017
[INFO] [1788472479.473366985] [acados_nmpc_node]: [wcmd] raw=[-0.014,-0.109,-0.147] w=[-0.025,-0.121,-0.454] err=[+0.011,+0.013] scaled=[-0.014,-0.109] s=1.00
[INFO] [1788472479.521610872] [acados_nmpc_node]: [attach-window] t=119.16s pos_err=0.057m T=20.22N z=6.433 m_est=2.017
[INFO] [1788472479.566050028] [acados_nmpc_node]: [attach-window] t=119.20s pos_err=0.021m T=20.16N z=6.418 m_est=2.017
[INFO] [1788472479.621423420] [acados_nmpc_node]: [attach-window] t=119.26s pos_err=0.056m T=20.28N z=6.411 m_est=2.017
[INFO] [1788472479.666060758] [acados_nmpc_node]: [attach-window] t=119.30s pos_err=0.016m T=20.24N z=6.398 m_est=2.020
[INFO] [1788472479.673480948] [acados_nmpc_node]: [wcmd] raw=[-0.018,-0.131,-0.083] w=[-0.026,-0.127,-0.287] err=[+0.008,-0.004] scaled=[-0.018,-0.131] s=1.00
[INFO] [1788472479.721698665] [acados_nmpc_node]: [attach-window] t=119.36s pos_err=0.054m T=20.32N z=6.389 m_est=2.020
[INFO] [1788472479.765916822] [acados_nmpc_node]: [attach-window] t=119.40s pos_err=0.016m T=20.25N z=6.375 m_est=2.023
[INFO] [1788472479.821469223] [acados_nmpc_node]: [attach-window] t=119.46s pos_err=0.072m T=20.38N z=6.368 m_est=2.023
[INFO] [1788472479.865683447] [acados_nmpc_node]: [attach-window] t=119.50s pos_err=0.023m T=20.32N z=6.354 m_est=2.028
[INFO] [1788472479.873389315] [acados_nmpc_node]: [wcmd] raw=[-0.028,-0.118,-0.064] w=[-0.027,-0.165,-0.163] err=[-0.001,+0.047] scaled=[-0.028,-0.118] s=1.00
[INFO] [1788472479.921469787] [acados_nmpc_node]: [attach-window] t=119.56s pos_err=0.091m T=20.39N z=6.347 m_est=2.028
[INFO] [1788472479.965645289] [acados_nmpc_node]: [attach-window] t=119.60s pos_err=0.020m T=20.27N z=6.332 m_est=2.032
[INFO] [1788472480.021354738] [acados_nmpc_node]: [attach-window] t=119.66s pos_err=0.086m T=20.37N z=6.325 m_est=2.032
[INFO] [1788472480.065669012] [acados_nmpc_node]: [attach-window] t=119.70s pos_err=0.032m T=20.22N z=6.311 m_est=2.032
[INFO] [1788472480.073553733] [acados_nmpc_node]: [wcmd] raw=[-0.044,-0.147,-0.075] w=[-0.027,-0.137,-0.090] err=[-0.018,-0.010] scaled=[-0.044,-0.147] s=1.00
[INFO] [1788472480.121916236] [acados_nmpc_node]: [attach-window] t=119.76s pos_err=0.030m T=19.98N z=6.297 m_est=2.032
[INFO] [1788472480.165645257] [acados_nmpc_node]: [attach-window] t=119.80s pos_err=0.025m T=20.10N z=6.290 m_est=2.033
[INFO] [1788472480.219107280] [acados_nmpc_node]: [attach-window] t=119.85s pos_err=0.094m T=20.23N z=6.284 m_est=2.033
[INFO] [1788472480.265074371] [acados_nmpc_node]: [attach-window] t=119.90s pos_err=0.020m T=20.12N z=6.269 m_est=2.034
[INFO] [1788472480.273294464] [acados_nmpc_node]: [wcmd] raw=[-0.042,-0.044,-0.096] w=[-0.044,-0.197,-0.063] err=[+0.001,+0.153] scaled=[-0.042,-0.044] s=1.00
[INFO] [1788472480.319390762] [acados_nmpc_node]: [attach-window] t=119.95s pos_err=0.115m T=20.13N z=6.264 m_est=2.034
[INFO] [1788472480.365196108] [acados_nmpc_node]: [attach-window] t=120.00s pos_err=0.034m T=20.14N z=6.249 m_est=2.035
[INFO] [1788472480.418764646] [acados_nmpc_node]: [attach-window] t=120.05s pos_err=0.109m T=20.15N z=6.242 m_est=2.035
[INFO] [1788472480.465199160] [acados_nmpc_node]: [attach-window] t=120.10s pos_err=0.054m T=20.17N z=6.230 m_est=2.039
[INFO] [1788472480.473320858] [acados_nmpc_node]: [wcmd] raw=[-0.033,-0.064,-0.113] w=[-0.023,+0.050,-0.066] err=[-0.010,-0.114] scaled=[-0.033,-0.064] s=1.00
[INFO] [1788472480.521698222] [acados_nmpc_node]: [attach-window] t=120.16s pos_err=0.141m T=20.23N z=6.223 m_est=2.039
[INFO] [1788472480.565638929] [acados_nmpc_node]: [attach-window] t=120.20s pos_err=0.049m T=20.08N z=6.210 m_est=2.042
[INFO] [1788472480.621231386] [acados_nmpc_node]: [attach-window] t=120.26s pos_err=0.137m T=20.19N z=6.204 m_est=2.042
[INFO] [1788472480.665624172] [acados_nmpc_node]: [attach-window] t=120.30s pos_err=0.042m T=19.85N z=6.192 m_est=2.044
[INFO] [1788472480.673348770] [acados_nmpc_node]: [wcmd] raw=[-0.048,-0.364,-0.113] w=[-0.027,-0.189,-0.081] err=[-0.021,-0.175] scaled=[-0.048,-0.364] s=1.00
[INFO] [1788472480.721486862] [acados_nmpc_node]: [attach-window] t=120.36s pos_err=0.161m T=20.05N z=6.188 m_est=2.044
[INFO] [1788472480.765655363] [acados_nmpc_node]: [attach-window] t=120.40s pos_err=0.063m T=19.76N z=6.176 m_est=2.044
[INFO] [1788472480.821210660] [acados_nmpc_node]: [attach-window] t=120.46s pos_err=0.153m T=19.84N z=6.170 m_est=2.044
[INFO] [1788472480.865612925] [acados_nmpc_node]: [attach-window] t=120.50s pos_err=0.053m T=19.58N z=6.158 m_est=2.040
[INFO] [1788472480.873346132] [acados_nmpc_node]: [wcmd] raw=[-0.052,-0.285,-0.096] w=[-0.041,-0.236,-0.093] err=[-0.011,-0.049] scaled=[-0.052,-0.285] s=1.00
[INFO] [1788472480.921297507] [acados_nmpc_node]: [attach-window] t=120.56s pos_err=0.175m T=19.72N z=6.154 m_est=2.040
[INFO] [1788472480.921790563] [acados_nmpc_node]: t=120.6s | pos_err=0.175m | T=19.72N | tau=[r0.001 p0.076 y-0.003]Nm | res_stat=1.731e-07(peak 1.727e+00) sqp_iter=5 | solve=2.0ms
[INFO] [1788472480.921995422] [acados_nmpc_node]: [flight-diag] t=120.6s | om_scale=1.000(lo 1.000 hi 1.000) | tilt_max=10.93deg | w_max=[r0.089 p0.316 y1.046]rad/s | u_frac=[T0.504 r0.093 p0.245 y0.786] | u_sat=[T0.0 r0.0 p0.0 y0.0]% | mot_peak=0.836 mot_sat=0.0% | health=na age=na conf=na | n=100
[INFO] [1788472480.965626269] [acados_nmpc_node]: [attach-window] t=120.60s pos_err=0.072m T=19.55N z=6.141 m_est=2.032
[INFO] [1788472481.021478730] [acados_nmpc_node]: [attach-window] t=120.66s pos_err=0.165m T=19.63N z=6.135 m_est=2.032
[INFO] [1788472481.065690878] [acados_nmpc_node]: [attach-window] t=120.70s pos_err=0.062m T=19.48N z=6.121 m_est=2.018
[INFO] [1788472481.073463446] [acados_nmpc_node]: [wcmd] raw=[-0.046,-0.240,-0.066] w=[-0.051,-0.163,-0.090] err=[+0.005,-0.077] scaled=[-0.046,-0.240] s=1.00
[INFO] [1788472481.121337536] [acados_nmpc_node]: [attach-window] t=120.76s pos_err=0.186m T=19.60N z=6.116 m_est=2.018
[INFO] [1788472481.165823695] [acados_nmpc_node]: [attach-window] t=120.80s pos_err=0.082m T=19.51N z=6.100 m_est=2.004
[INFO] [1788472481.221209146] [acados_nmpc_node]: [attach-window] t=120.86s pos_err=0.175m T=19.61N z=6.093 m_est=2.004
[INFO] [1788472481.265566516] [acados_nmpc_node]: [attach-window] t=120.90s pos_err=0.102m T=19.70N z=6.078 m_est=2.004
[INFO] [1788472481.273279847] [acados_nmpc_node]: [wcmd] raw=[-0.020,-0.151,-0.028] w=[-0.044,-0.153,-0.074] err=[+0.024,+0.001] scaled=[-0.020,-0.151] s=1.00
[INFO] [1788472481.321279489] [acados_nmpc_node]: [attach-window] t=120.96s pos_err=0.197m T=19.65N z=6.070 m_est=1.987
[INFO] [1788472481.365551408] [acados_nmpc_node]: [attach-window] t=121.00s pos_err=0.092m T=19.76N z=6.051 m_est=1.987
[INFO] [1788472481.421536309] [acados_nmpc_node]: [attach-window] t=121.06s pos_err=0.188m T=19.77N z=6.042 m_est=1.973
[INFO] [1788472481.465742629] [acados_nmpc_node]: [attach-window] t=121.10s pos_err=0.114m T=19.81N z=6.024 m_est=1.966
[INFO] [1788472481.473342669] [acados_nmpc_node]: [wcmd] raw=[-0.014,-0.181,+0.012] w=[-0.026,-0.185,-0.043] err=[+0.012,+0.003] scaled=[-0.014,-0.181] s=1.00
[INFO] [1788472481.521569366] [acados_nmpc_node]: [attach-window] t=121.16s pos_err=0.209m T=19.91N z=6.015 m_est=1.966
[INFO] [1788472481.566088752] [acados_nmpc_node]: [attach-window] t=121.20s pos_err=0.104m T=20.04N z=5.993 m_est=1.965
[INFO] [1788472481.621570182] [acados_nmpc_node]: [attach-window] t=121.26s pos_err=0.199m T=20.16N z=5.983 m_est=1.965
[INFO] [1788472481.665941679] [acados_nmpc_node]: [attach-window] t=121.30s pos_err=0.126m T=20.31N z=5.963 m_est=1.972
[INFO] [1788472481.673384898] [acados_nmpc_node]: [wcmd] raw=[-0.023,-0.181,+0.049] w=[-0.029,-0.202,-0.006] err=[+0.006,+0.022] scaled=[-0.023,-0.181] s=1.00
[INFO] [1788472481.721287268] [acados_nmpc_node]: [attach-window] t=121.36s pos_err=0.219m T=20.36N z=5.953 m_est=1.972
[INFO] [1788472481.765941135] [acados_nmpc_node]: [attach-window] t=121.40s pos_err=0.115m T=20.52N z=5.930 m_est=1.985
[INFO] [1788472481.821290362] [acados_nmpc_node]: [attach-window] t=121.46s pos_err=0.207m T=20.54N z=5.920 m_est=1.985
[INFO] [1788472481.865929505] [acados_nmpc_node]: [attach-window] t=121.50s pos_err=0.135m T=20.63N z=5.902 m_est=1.999
[INFO] [1788472481.873396630] [acados_nmpc_node]: [wcmd] raw=[-0.030,-0.181,+0.081] w=[-0.039,-0.205,+0.032] err=[+0.009,+0.025] scaled=[-0.030,-0.181] s=1.00
[INFO] [1788472481.921765909] [acados_nmpc_node]: [attach-window] t=121.56s pos_err=0.196m T=20.57N z=5.891 m_est=1.999
[INFO] [1788472481.966056170] [acados_nmpc_node]: [attach-window] t=121.60s pos_err=0.124m T=20.58N z=5.874 m_est=2.013
[INFO] [1788472482.021645502] [acados_nmpc_node]: [attach-window] t=121.66s pos_err=0.212m T=20.51N z=5.866 m_est=2.013
[INFO] [1788472482.066008240] [acados_nmpc_node]: [attach-window] t=121.70s pos_err=0.140m T=20.41N z=5.851 m_est=2.013
[INFO] [1788472482.073369525] [acados_nmpc_node]: [wcmd] raw=[-0.031,-0.138,+0.110] w=[-0.043,-0.209,+0.070] err=[+0.012,+0.071] scaled=[-0.031,-0.138] s=1.00
[INFO] [1788472482.121759995] [acados_nmpc_node]: [attach-window] t=121.76s pos_err=0.228m T=20.40N z=5.843 m_est=2.024
[INFO] [1788472482.165960318] [acados_nmpc_node]: [attach-window] t=121.80s pos_err=0.129m T=20.34N z=5.827 m_est=2.024
[INFO] [1788472482.221707959] [acados_nmpc_node]: [attach-window] t=121.86s pos_err=0.213m T=20.32N z=5.820 m_est=2.032
[INFO] [1788472482.266002137] [acados_nmpc_node]: [attach-window] t=121.90s pos_err=0.145m T=20.25N z=5.807 m_est=2.032
[INFO] [1788472482.273338509] [acados_nmpc_node]: [wcmd] raw=[-0.012,-0.159,+0.136] w=[-0.039,-0.153,+0.102] err=[+0.028,-0.006] scaled=[-0.012,-0.159] s=1.00
[INFO] [1788472482.321757708] [acados_nmpc_node]: [attach-window] t=121.96s pos_err=0.229m T=20.15N z=5.801 m_est=2.033
[INFO] [1788472482.365411242] [acados_nmpc_node]: [attach-window] t=122.00s pos_err=0.135m T=20.12N z=5.787 m_est=2.033
[INFO] [1788472482.421759468] [acados_nmpc_node]: [attach-window] t=122.06s pos_err=0.215m T=20.04N z=5.781 m_est=2.033
[INFO] [1788472482.465852743] [acados_nmpc_node]: [attach-window] t=122.10s pos_err=0.148m T=20.04N z=5.769 m_est=2.033
[INFO] [1788472482.473269153] [acados_nmpc_node]: [wcmd] raw=[-0.003,-0.179,+0.166] w=[-0.021,-0.180,+0.134] err=[+0.018,+0.000] scaled=[-0.003,-0.179] s=1.00
[INFO] [1788472482.519230056] [acados_nmpc_node]: [attach-window] t=122.15s pos_err=0.221m T=19.96N z=5.763 m_est=2.032
[INFO] [1788472482.565942733] [acados_nmpc_node]: [attach-window] t=122.20s pos_err=0.136m T=20.03N z=5.749 m_est=2.032
[INFO] [1788472482.621518234] [acados_nmpc_node]: [attach-window] t=122.26s pos_err=0.209m T=19.98N z=5.742 m_est=2.031
[INFO] [1788472482.665890560] [acados_nmpc_node]: [attach-window] t=122.30s pos_err=0.147m T=20.08N z=5.730 m_est=2.032
[INFO] [1788472482.673446912] [acados_nmpc_node]: [wcmd] raw=[-0.021,-0.171,+0.202] w=[-0.025,-0.184,+0.163] err=[+0.004,+0.013] scaled=[-0.021,-0.171] s=1.00
[INFO] [1788472482.721739739] [acados_nmpc_node]: [attach-window] t=122.36s pos_err=0.218m T=20.01N z=5.723 m_est=2.032
[INFO] [1788472482.766020584] [acados_nmpc_node]: [attach-window] t=122.40s pos_err=0.133m T=20.20N z=5.708 m_est=2.034
[INFO] [1788472482.821438887] [acados_nmpc_node]: [attach-window] t=122.46s pos_err=0.199m T=20.15N z=5.701 m_est=2.034
[INFO] [1788472482.865859836] [acados_nmpc_node]: [attach-window] t=122.50s pos_err=0.141m T=20.29N z=5.688 m_est=2.036
[INFO] [1788472482.873353981] [acados_nmpc_node]: [wcmd] raw=[-0.030,-0.147,+0.250] w=[-0.046,-0.171,+0.196] err=[+0.015,+0.023] scaled=[-0.030,-0.147] s=1.00
[INFO] [1788472482.921708903] [acados_nmpc_node]: [attach-window] t=122.56s pos_err=0.206m T=20.21N z=5.680 m_est=2.036
[INFO] [1788472482.965959645] [acados_nmpc_node]: [attach-window] t=122.60s pos_err=0.128m T=20.40N z=5.664 m_est=2.038
[INFO] [1788472483.021709878] [acados_nmpc_node]: [attach-window] t=122.66s pos_err=0.188m T=20.31N z=5.658 m_est=2.038
[INFO] [1788472483.065856036] [acados_nmpc_node]: [attach-window] t=122.70s pos_err=0.135m T=20.43N z=5.644 m_est=2.039
[INFO] [1788472483.073332323] [acados_nmpc_node]: [wcmd] raw=[-0.016,-0.118,+0.310] w=[-0.052,-0.134,+0.238] err=[+0.036,+0.016] scaled=[-0.016,-0.118] s=1.00
[INFO] [1788472483.121719069] [acados_nmpc_node]: [attach-window] t=122.76s pos_err=0.193m T=20.31N z=5.637 m_est=2.039
[INFO] [1788472483.166077837] [acados_nmpc_node]: [attach-window] t=122.80s pos_err=0.124m T=20.45N z=5.622 m_est=2.039
[INFO] [1788472483.221630602] [acados_nmpc_node]: [attach-window] t=122.86s pos_err=0.176m T=20.35N z=5.616 m_est=2.039
[INFO] [1788472483.266124262] [acados_nmpc_node]: [attach-window] t=122.90s pos_err=0.129m T=20.42N z=5.603 m_est=2.038
[INFO] [1788472483.273365164] [acados_nmpc_node]: [wcmd] raw=[+0.004,-0.106,+0.384] w=[-0.033,-0.107,+0.290] err=[+0.037,+0.001] scaled=[+0.004,-0.106] s=1.00
[INFO] [1788472483.321562675] [acados_nmpc_node]: [attach-window] t=122.96s pos_err=0.180m T=20.31N z=5.597 m_est=2.038
[INFO] [1788472483.365940608] [acados_nmpc_node]: [attach-window] t=123.00s pos_err=0.119m T=20.41N z=5.583 m_est=2.037
[INFO] [1788472483.421913485] [acados_nmpc_node]: [attach-window] t=123.06s pos_err=0.165m T=20.32N z=5.577 m_est=2.037
[INFO] [1788472483.466016122] [acados_nmpc_node]: [attach-window] t=123.10s pos_err=0.109m T=20.41N z=5.564 m_est=2.036
[INFO] [1788472483.473362847] [acados_nmpc_node]: [wcmd] raw=[+0.024,-0.162,+0.473] w=[-0.019,-0.105,+0.357] err=[+0.043,-0.057] scaled=[+0.024,-0.162] s=1.00
[INFO] [1788472483.521822383] [acados_nmpc_node]: [attach-window] t=123.16s pos_err=0.166m T=20.29N z=5.560 m_est=2.036
[INFO] [1788472483.566149254] [acados_nmpc_node]: [attach-window] t=123.20s pos_err=0.111m T=20.40N z=5.547 m_est=2.035
[INFO] [1788472483.621773108] [acados_nmpc_node]: [attach-window] t=123.26s pos_err=0.150m T=20.31N z=5.541 m_est=2.035
[INFO] [1788472483.666148497] [acados_nmpc_node]: [attach-window] t=123.30s pos_err=0.112m T=20.39N z=5.530 m_est=2.034
[INFO] [1788472483.673339821] [acados_nmpc_node]: [wcmd] raw=[-0.007,-0.083,+0.577] w=[-0.029,-0.094,+0.438] err=[+0.023,+0.011] scaled=[-0.007,-0.083] s=1.00
[INFO] [1788472483.721569471] [acados_nmpc_node]: [attach-window] t=123.36s pos_err=0.150m T=20.31N z=5.524 m_est=2.034
[INFO] [1788472483.765949892] [acados_nmpc_node]: [attach-window] t=123.40s pos_err=0.102m T=20.44N z=5.512 m_est=2.033
[INFO] [1788472483.821625219] [acados_nmpc_node]: [attach-window] t=123.46s pos_err=0.134m T=20.38N z=5.506 m_est=2.033
[INFO] [1788472483.865956576] [acados_nmpc_node]: [attach-window] t=123.50s pos_err=0.102m T=20.47N z=5.494 m_est=2.033
[INFO] [1788472483.873335888] [acados_nmpc_node]: [wcmd] raw=[+0.030,-0.098,+0.690] w=[-0.028,-0.080,+0.537] err=[+0.058,-0.018] scaled=[+0.030,-0.098] s=1.00
[INFO] [1788472483.922078500] [acados_nmpc_node]: [attach-window] t=123.56s pos_err=0.120m T=20.45N z=5.487 m_est=2.033
[INFO] [1788472483.966310535] [acados_nmpc_node]: [attach-window] t=123.60s pos_err=0.094m T=20.53N z=5.476 m_est=2.033
[INFO] [1788472484.021718716] [acados_nmpc_node]: [attach-window] t=123.66s pos_err=0.117m T=20.49N z=5.470 m_est=2.033
[INFO] [1788472484.066018911] [acados_nmpc_node]: [attach-window] t=123.70s pos_err=0.092m T=20.56N z=5.459 m_est=2.034
[INFO] [1788472484.073355861] [acados_nmpc_node]: [wcmd] raw=[+0.038,-0.094,+0.817] w=[+0.015,-0.103,+0.645] err=[+0.024,+0.010] scaled=[+0.038,-0.094] s=1.00
[INFO] [1788472484.121647791] [acados_nmpc_node]: [attach-window] t=123.76s pos_err=0.113m T=20.51N z=5.453 m_est=2.034
[INFO] [1788472484.166010045] [acados_nmpc_node]: [attach-window] t=123.80s pos_err=0.086m T=20.57N z=5.441 m_est=2.034
[INFO] [1788472484.221256504] [acados_nmpc_node]: [attach-window] t=123.86s pos_err=0.097m T=20.53N z=5.436 m_est=2.034
[INFO] [1788472484.266108985] [acados_nmpc_node]: [attach-window] t=123.90s pos_err=0.081m T=20.55N z=5.426 m_est=2.034
[INFO] [1788472484.273343126] [acados_nmpc_node]: [wcmd] raw=[+0.027,-0.090,+0.929] w=[-0.000,-0.080,+0.768] err=[+0.027,-0.010] scaled=[+0.027,-0.090] s=1.00
[INFO] [1788472484.321484985] [acados_nmpc_node]: [attach-window] t=123.96s pos_err=0.091m T=20.51N z=5.421 m_est=2.034
[INFO] [1788472484.387288583] [acados_nmpc_node]: [attach-window] t=124.00s pos_err=0.076m T=20.53N z=5.410 m_est=2.034
[INFO] [1788472484.421113959] [acados_nmpc_node]: [attach-window] t=124.05s pos_err=0.076m T=20.51N z=5.405 m_est=2.034
[INFO] [1788472484.466074296] [acados_nmpc_node]: [attach-window] t=124.10s pos_err=0.068m T=20.53N z=5.395 m_est=2.034
[INFO] [1788472484.473377986] [acados_nmpc_node]: [wcmd] raw=[+0.035,-0.093,+0.998] w=[-0.024,-0.058,+0.891] err=[+0.059,-0.035] scaled=[+0.035,-0.093] s=1.00
[INFO] [1788472484.521744879] [acados_nmpc_node]: [attach-window] t=124.16s pos_err=0.068m T=20.52N z=5.390 m_est=2.034
[INFO] [1788472484.566175023] [acados_nmpc_node]: [attach-window] t=124.20s pos_err=0.064m T=20.53N z=5.380 m_est=2.034
[INFO] [1788472484.621567044] [acados_nmpc_node]: [attach-window] t=124.26s pos_err=0.053m T=20.53N z=5.376 m_est=2.034
[INFO] [1788472484.666201625] [acados_nmpc_node]: [attach-window] t=124.30s pos_err=0.055m T=20.53N z=5.367 m_est=2.034
[INFO] [1788472484.673325115] [acados_nmpc_node]: [wcmd] raw=[+0.035,-0.089,+0.996] w=[+0.013,-0.078,+0.993] err=[+0.022,-0.011] scaled=[+0.035,-0.089] s=1.00
[INFO] [1788472484.721531670] [acados_nmpc_node]: [attach-window] t=124.36s pos_err=0.044m T=20.54N z=5.363 m_est=2.034
[INFO] [1788472484.765954194] [acados_nmpc_node]: [attach-window] t=124.40s pos_err=0.055m T=20.53N z=5.353 m_est=2.036
[INFO] [1788472484.821204439] [acados_nmpc_node]: [attach-window] t=124.46s pos_err=0.030m T=20.56N z=5.349 m_est=2.036
[INFO] [1788472484.865994404] [acados_nmpc_node]: [attach-window] t=124.50s pos_err=0.045m T=20.55N z=5.341 m_est=2.039
[INFO] [1788472484.873365663] [acados_nmpc_node]: [wcmd] raw=[+0.013,-0.096,+0.910] w=[+0.017,-0.078,+1.043] err=[-0.004,-0.018] scaled=[+0.013,-0.096] s=1.00
[INFO] [1788472484.921464474] [acados_nmpc_node]: [attach-window] t=124.56s pos_err=0.020m T=20.57N z=5.337 m_est=2.039
[INFO] [1788472484.965968888] [acados_nmpc_node]: [attach-window] t=124.60s pos_err=0.049m T=20.55N z=5.329 m_est=2.041
[INFO] [1788472485.021751803] [acados_nmpc_node]: [attach-window] t=124.66s pos_err=0.009m T=20.60N z=5.325 m_est=2.041
[INFO] [1788472485.066266287] [acados_nmpc_node]: [attach-window] t=124.70s pos_err=0.084m T=20.61N z=5.325 m_est=2.044
[INFO] [1788472485.073414419] [acados_nmpc_node]: [wcmd] raw=[-0.219,+0.326,+0.940] w=[+0.001,-0.020,+1.039] err=[-0.220,+0.345] scaled=[-0.219,+0.326] s=1.00
[ros2run]: Killed
