[INFO] [1789409441.923636323] [acados_nmpc_node]: acados NMPC node starting, building/loading solver...
Code reuse possible, skipping code generation.
acados was compiled without OpenMP.
[INFO] [1789409441.930960489] [acados_nmpc_node]: OMEGA SCALE: on (source=djest, tau=0.50s, cap=5.0) — 增益调度走 setpoint 侧,PX4 参数不动
[INFO] [1789409441.942219416] [acados_nmpc_node]: GRIPPER MODE: hover over box (1.0,0.1) z 0.55->6.0m, lift after 3.0s, empty m_est=2.06kg, attach J bootstrap=True (0.30kg envelope)
[INFO] [1789409441.942951573] [acados_nmpc_node]: Warming up acados solver...
[INFO] [1789409441.949353376] [acados_nmpc_node]: Solver warmup complete, took 5.6 ms
[INFO] [1789409441.956310818] [acados_nmpc_node]: Decoupled publish enabled: solve @20Hz, body_rate/thrust @50Hz (trajectory interpolation)
[INFO] [1789409441.957140821] [acados_nmpc_node]: [GEOM-TRUTH] 检查通过:geom_source=estimate (载荷几何不来自真值)
[INFO] [1789409441.957941414] [acados_nmpc_node]: acados NMPC node initialized! Waiting for EKF2 convergence...
[INFO] [1789409451.956655284] [acados_nmpc_node]: Waiting for EKF2 convergence... 5/10 s
[INFO] [1789409456.957427750] [acados_nmpc_node]: Waiting for EKF2 convergence... 10/10 s
[INFO] [1789409457.006041275] [acados_nmpc_node]: Switching to OFFBOARD mode
[INFO] [1789409458.006051257] [acados_nmpc_node]: Sending arm command
[INFO] [1789409459.005816645] [acados_nmpc_node]: Armed, preparing to move to trajectory start...
[INFO] [1789409461.457780798] [acados_nmpc_node]: Gripper approach (climb): rising at spawn to z=1.50m | z=0.08m v=0.46m/s
[INFO] [1789409463.958063681] [acados_nmpc_node]: Gripper approach (climb): rising at spawn to z=1.50m | z=1.07m v=0.18m/s
[INFO] [1789409465.458050064] [acados_nmpc_node]: Gripper approach: climbed to safe altitude at spawn, now translating over box
[INFO] [1789409466.458301672] [acados_nmpc_node]: Gripper approach (high): aligning over box at z=1.50m | xy=0.638m z_err=0.098m v=0.71m/s
[INFO] [1789409467.757796764] [acados_nmpc_node]: Gripper approach: aligned above box, NMPC will take over here (z=1.50m), settle 3.0s then descend to z=0.55m to trigger attach
[INFO] [1789409467.806322656] [acados_nmpc_node]: Reached trajectory start, NMPC tracking begins!
[INFO] [1789409467.806537817] [acados_nmpc_node]: [payload-health] healthy/fresh; model updates enabled
[INFO] [1789409467.996042086] [acados_nmpc_node]: [wcmd] raw=[+0.001,-0.013,+0.005] w=[+0.004,+0.035,+0.106] err=[-0.003,-0.047] scaled=[+0.001,-0.013] s=1.00
[INFO] [1789409468.196013046] [acados_nmpc_node]: [wcmd] raw=[-0.019,-0.030,+0.007] w=[+0.001,-0.015,+0.080] err=[-0.020,-0.015] scaled=[-0.019,-0.030] s=1.00
[INFO] [1789409468.395960242] [acados_nmpc_node]: [wcmd] raw=[-0.077,+0.069,-0.018] w=[-0.046,+0.021,+0.045] err=[-0.031,+0.047] scaled=[-0.077,+0.069] s=1.00
[INFO] [1789409468.596003079] [acados_nmpc_node]: [wcmd] raw=[-0.040,+0.096,-0.044] w=[-0.077,+0.126,+0.014] err=[+0.037,-0.030] scaled=[-0.040,+0.096] s=1.00
[INFO] [1789409468.795963282] [acados_nmpc_node]: [wcmd] raw=[+0.035,+0.008,-0.052] w=[+0.009,+0.048,-0.016] err=[+0.026,-0.040] scaled=[+0.035,+0.008] s=1.00
[INFO] [1789409468.907951812] [acados_nmpc_node]: t=1.1s | pos_err=0.028m | T=20.11N | tau=[r-0.000 p-0.001 y-0.009]Nm | res_stat=6.407e-08(peak 7.758e-07) sqp_iter=3 | solve=1.5ms
[INFO] [1789409468.908198937] [acados_nmpc_node]: [flight-diag] t=1.1s | om_scale=1.000(lo 1.000 hi 1.000) | tilt_max=2.19deg | w_max=[r0.082 p0.126 y0.109]rad/s | u_frac=[T0.671 r0.043 p0.177 y0.134] | u_sat=[T0.0 r0.0 p0.0 y0.0]% | mot_peak=0.885 mot_sat=0.0% | health=1 age=0.000s conf=1.000 | n=23
[INFO] [1789409468.995962919] [acados_nmpc_node]: [wcmd] raw=[+0.031,-0.030,-0.045] w=[+0.043,-0.022,-0.034] err=[-0.013,-0.008] scaled=[+0.031,-0.030] s=1.00
[INFO] [1789409469.195962278] [acados_nmpc_node]: [wcmd] raw=[+0.014,-0.022,-0.027] w=[+0.020,-0.030,-0.042] err=[-0.006,+0.008] scaled=[+0.014,-0.022] s=1.00
[INFO] [1789409469.395887114] [acados_nmpc_node]: [wcmd] raw=[+0.017,-0.008,-0.007] w=[+0.012,-0.014,-0.035] err=[+0.005,+0.006] scaled=[+0.017,-0.008] s=1.00
[INFO] [1789409469.595961599] [acados_nmpc_node]: [wcmd] raw=[+0.022,-0.005,+0.011] w=[+0.019,-0.007,-0.020] err=[+0.002,+0.003] scaled=[+0.022,-0.005] s=1.00
[INFO] [1789409469.795959059] [acados_nmpc_node]: [wcmd] raw=[-0.000,+0.002,+0.020] w=[+0.012,-0.004,-0.003] err=[-0.013,+0.006] scaled=[-0.000,+0.002] s=1.00
[INFO] [1789409469.995972750] [acados_nmpc_node]: [wcmd] raw=[-0.022,+0.011,+0.019] w=[-0.016,+0.006,+0.011] err=[-0.006,+0.005] scaled=[-0.022,+0.011] s=1.00
[INFO] [1789409470.195973073] [acados_nmpc_node]: [wcmd] raw=[-0.015,+0.015,+0.010] w=[-0.026,+0.015,+0.018] err=[+0.011,-0.000] scaled=[-0.015,+0.015] s=1.00
[INFO] [1789409470.415964746] [acados_nmpc_node]: [wcmd] raw=[+0.003,+0.002,+0.000] w=[-0.001,+0.007,+0.016] err=[+0.004,-0.006] scaled=[+0.003,+0.002] s=1.00
[INFO] [1789409470.615943916] [acados_nmpc_node]: [wcmd] raw=[+0.008,-0.007,-0.006] w=[+0.012,-0.005,+0.008] err=[-0.004,-0.002] scaled=[+0.008,-0.007] s=1.00
[INFO] [1789409470.816012587] [acados_nmpc_node]: [wcmd] raw=[-0.006,+0.002,-0.010] w=[+0.004,-0.002,+0.001] err=[-0.010,+0.003] scaled=[-0.006,+0.002] s=1.00
[INFO] [1789409470.858462365] [acados_nmpc_node]: t=3.1s | DESCEND: settle done, lowering 1.5->0.55m, will enable gripper at bottom
[INFO] [1789409471.015972668] [acados_nmpc_node]: [wcmd] raw=[-0.003,+0.000,-0.010] w=[-0.007,+0.003,-0.005] err=[+0.004,-0.003] scaled=[-0.003,+0.000] s=1.00
[INFO] [1789409471.215971491] [acados_nmpc_node]: [wcmd] raw=[+0.011,+0.003,-0.007] w=[+0.007,+0.001,-0.008] err=[+0.004,+0.002] scaled=[+0.011,+0.003] s=1.00
[INFO] [1789409471.415965023] [acados_nmpc_node]: [wcmd] raw=[+0.008,+0.001,-0.004] w=[+0.012,+0.003,-0.006] err=[-0.004,-0.002] scaled=[+0.008,+0.001] s=1.00
[INFO] [1789409471.615979929] [acados_nmpc_node]: [wcmd] raw=[-0.001,-0.005,-0.000] w=[+0.002,-0.003,-0.005] err=[-0.003,-0.003] scaled=[-0.001,-0.005] s=1.00
[INFO] [1789409471.815971599] [acados_nmpc_node]: [wcmd] raw=[+0.006,-0.010,+0.002] w=[+0.001,-0.009,-0.002] err=[+0.005,-0.001] scaled=[+0.006,-0.010] s=1.00
[INFO] [1789409472.015970895] [acados_nmpc_node]: [wcmd] raw=[+0.003,-0.004,+0.003] w=[+0.005,-0.006,+0.000] err=[-0.003,+0.002] scaled=[+0.003,-0.004] s=1.00
[INFO] [1789409472.215947209] [acados_nmpc_node]: [wcmd] raw=[-0.016,-0.002,+0.003] w=[-0.009,-0.002,+0.003] err=[-0.007,+0.000] scaled=[-0.016,-0.002] s=1.00
[INFO] [1789409472.415952562] [acados_nmpc_node]: [wcmd] raw=[-0.009,+0.001,+0.002] w=[-0.017,+0.002,+0.004] err=[+0.007,-0.001] scaled=[-0.009,+0.001] s=1.00
[INFO] [1789409472.615949788] [acados_nmpc_node]: [wcmd] raw=[+0.013,+0.002,+0.000] w=[+0.004,+0.002,+0.003] err=[+0.009,-0.000] scaled=[+0.013,+0.002] s=1.00
[INFO] [1789409472.815963327] [acados_nmpc_node]: [wcmd] raw=[+0.014,+0.001,-0.001] w=[+0.017,+0.001,+0.002] err=[-0.003,-0.001] scaled=[+0.014,+0.001] s=1.00
[INFO] [1789409473.016014060] [acados_nmpc_node]: [wcmd] raw=[-0.003,+0.004,-0.001] w=[+0.005,+0.004,+0.000] err=[-0.008,+0.000] scaled=[-0.003,+0.004] s=1.00
[INFO] [1789409473.215998742] [acados_nmpc_node]: [wcmd] raw=[-0.005,+0.005,-0.001] w=[-0.008,+0.005,-0.001] err=[+0.003,-0.000] scaled=[-0.005,+0.005] s=1.03
[INFO] [1789409473.415984319] [acados_nmpc_node]: [wcmd] raw=[+0.002,+0.001,-0.001] w=[+0.001,+0.003,-0.001] err=[+0.001,-0.002] scaled=[+0.002,+0.001] s=1.08
[INFO] [1789409473.615987822] [acados_nmpc_node]: [wcmd] raw=[-0.009,-0.010,+0.000] w=[-0.007,-0.008,-0.002] err=[-0.002,-0.002] scaled=[-0.009,-0.010] s=1.13
[INFO] [1789409473.815982186] [acados_nmpc_node]: [wcmd] raw=[-0.013,-0.009,+0.001] w=[-0.013,-0.011,+0.000] err=[+0.000,+0.002] scaled=[-0.013,-0.008] s=1.17
[INFO] [1789409473.907837005] [acados_nmpc_node]: t=6.1s | pos_err=0.063m | T=20.23N | tau=[r0.001 p0.002 y0.000]Nm | res_stat=5.439e-07(peak 9.969e-07) sqp_iter=2 | solve=1.4ms
[INFO] [1789409473.908079007] [acados_nmpc_node]: [flight-diag] t=6.1s | om_scale=1.181(lo 1.000 hi 1.181) | tilt_max=0.90deg | w_max=[r0.045 p0.034 y0.042]rad/s | u_frac=[T0.702 r0.010 p0.020 y0.064] | u_sat=[T0.0 r0.0 p0.0 y0.0]% | mot_peak=0.803 mot_sat=0.0% | health=1 age=0.000s conf=0.959 | n=100
[INFO] [1789409474.015868149] [acados_nmpc_node]: [wcmd] raw=[+0.002,+0.003,+0.001] w=[-0.006,-0.000,+0.000] err=[+0.008,+0.003] scaled=[+0.004,+0.004] s=1.18
[INFO] [1789409474.216011442] [acados_nmpc_node]: [wcmd] raw=[+0.018,+0.001,+0.001] w=[+0.016,+0.001,+0.001] err=[+0.002,-0.001] scaled=[+0.018,+0.001] s=1.17
[INFO] [1789409474.416007086] [acados_nmpc_node]: [wcmd] raw=[+0.014,-0.004,-0.001] w=[+0.019,-0.004,+0.001] err=[-0.005,-0.000] scaled=[+0.014,-0.004] s=1.14
[INFO] [1789409474.615968722] [acados_nmpc_node]: [wcmd] raw=[+0.002,-0.008,-0.002] w=[+0.006,-0.008,+0.001] err=[-0.005,-0.000] scaled=[+0.001,-0.008] s=1.10
[INFO] [1789409474.815975462] [acados_nmpc_node]: [wcmd] raw=[-0.003,+0.005,-0.002] w=[-0.003,+0.001,-0.000] err=[-0.000,+0.004] scaled=[-0.003,+0.005] s=1.07
[INFO] [1789409475.015973227] [acados_nmpc_node]: [wcmd] raw=[-0.013,+0.013,-0.002] w=[-0.010,+0.012,-0.002] err=[-0.002,+0.001] scaled=[-0.013,+0.013] s=1.04
[INFO] [1789409475.215980873] [acados_nmpc_node]: [wcmd] raw=[-0.013,+0.008,-0.001] w=[-0.016,+0.010,-0.001] err=[+0.003,-0.002] scaled=[-0.013,+0.008] s=1.03
[INFO] [1789409475.415967616] [acados_nmpc_node]: [wcmd] raw=[-0.005,+0.004,-0.000] w=[-0.009,+0.002,-0.003] err=[+0.004,+0.001] scaled=[-0.004,+0.004] s=1.02
[INFO] [1789409475.605860107] [acados_nmpc_node]: t=7.8s | DESCEND done at z=0.570m (target 0.550m, z_err=0.020m, v=0.04m/s), gripper ENABLED (attach will trigger now)
[INFO] [1789409475.606061820] [acados_nmpc_node]: ATTACH J bootstrap armed: m_p,envelope=0.300kg, dJxx=dJyy=0.0579kg m^2, Jxx=0.0721, Jyy=0.0721; m/s_xy remain MHE-only
[INFO] [1789409475.606213504] [acados_nmpc_node]: t=7.8s | ATTACH command issued; m/s remain on continuous MHE estimates, J safety bootstrap active (no attach notification subscription)
[INFO] [1789409475.608321757] [acados_nmpc_node]: [attach-window] t=7.80s pos_err=0.020m T=20.29N z=0.570 m_est=2.064
[INFO] [1789409475.615942129] [acados_nmpc_node]: [wcmd] raw=[+0.002,+0.005,+0.000] w=[+0.000,+0.005,-0.001] err=[+0.002,-0.000] scaled=[+0.002,+0.005] s=1.02
[INFO] [1789409475.660731771] [acados_nmpc_node]: [attach-window] t=7.85s pos_err=0.019m T=20.29N z=0.569 m_est=2.064
[INFO] [1789409475.707077182] [acados_nmpc_node]: [attach-window] t=7.90s pos_err=0.019m T=20.28N z=0.568 m_est=2.064
[INFO] [1789409475.760975127] [acados_nmpc_node]: [attach-window] t=7.95s pos_err=0.018m T=20.27N z=0.567 m_est=2.064
[INFO] [1789409475.807647247] [acados_nmpc_node]: [attach-window] t=8.00s pos_err=0.018m T=20.28N z=0.567 m_est=2.064
[INFO] [1789409475.816001948] [acados_nmpc_node]: [wcmd] raw=[+0.014,-0.016,+0.001] w=[-0.003,+0.004,+0.009] err=[+0.017,-0.020] scaled=[+0.020,-0.022] s=1.31
[INFO] [1789409475.861080523] [acados_nmpc_node]: [attach-window] t=8.05s pos_err=0.017m T=20.30N z=0.566 m_est=2.064
[INFO] [1789409475.907940078] [acados_nmpc_node]: [attach-window] t=8.10s pos_err=0.016m T=20.31N z=0.566 m_est=2.064
[INFO] [1789409475.960944597] [acados_nmpc_node]: [attach-window] t=8.15s pos_err=0.016m T=20.33N z=0.565 m_est=2.064
[INFO] [1789409476.007873675] [acados_nmpc_node]: [attach-window] t=8.20s pos_err=0.015m T=20.34N z=0.564 m_est=2.064
[INFO] [1789409476.015932032] [acados_nmpc_node]: [wcmd] raw=[+0.033,-0.017,+0.002] w=[-0.003,+0.003,-0.010] err=[+0.036,-0.020] scaled=[+0.064,-0.035] s=1.87
[INFO] [1789409476.061028203] [acados_nmpc_node]: [attach-window] t=8.25s pos_err=0.015m T=20.34N z=0.564 m_est=2.064
[INFO] [1789409476.107865303] [acados_nmpc_node]: [attach-window] t=8.30s pos_err=0.015m T=20.34N z=0.564 m_est=2.064
[INFO] [1789409476.161091303] [acados_nmpc_node]: [attach-window] t=8.35s pos_err=0.015m T=20.34N z=0.564 m_est=2.064
[INFO] [1789409476.207886938] [acados_nmpc_node]: [attach-window] t=8.40s pos_err=0.015m T=20.34N z=0.564 m_est=2.064
[INFO] [1789409476.215933250] [acados_nmpc_node]: [wcmd] raw=[+0.034,-0.032,+0.013] w=[-0.001,+0.001,-0.021] err=[+0.035,-0.033] scaled=[+0.091,-0.085] s=2.60
[INFO] [1789409476.261216597] [acados_nmpc_node]: [attach-window] t=8.45s pos_err=0.016m T=20.33N z=0.564 m_est=2.064
[INFO] [1789409476.307879892] [acados_nmpc_node]: [attach-window] t=8.50s pos_err=0.017m T=20.32N z=0.565 m_est=2.064
[INFO] [1789409476.360976609] [acados_nmpc_node]: [attach-window] t=8.55s pos_err=0.019m T=20.29N z=0.566 m_est=2.064
[INFO] [1789409476.407990251] [acados_nmpc_node]: [attach-window] t=8.60s pos_err=0.020m T=20.27N z=0.566 m_est=2.064
[INFO] [1789409476.415979384] [acados_nmpc_node]: [wcmd] raw=[+0.035,-0.051,+0.026] w=[+0.002,-0.004,-0.024] err=[+0.033,-0.046] scaled=[+0.110,-0.157] s=3.29
[INFO] [1789409476.461223391] [acados_nmpc_node]: [attach-window] t=8.65s pos_err=0.022m T=20.23N z=0.568 m_est=2.064
[INFO] [1789409476.508059045] [acados_nmpc_node]: [attach-window] t=8.70s pos_err=0.023m T=20.22N z=0.569 m_est=2.064
[INFO] [1789409476.561600312] [acados_nmpc_node]: [attach-window] t=8.75s pos_err=0.025m T=20.18N z=0.570 m_est=2.064
[INFO] [1789409476.608067338] [acados_nmpc_node]: [attach-window] t=8.80s pos_err=0.026m T=20.17N z=0.571 m_est=2.064
[INFO] [1789409476.615934899] [acados_nmpc_node]: [wcmd] raw=[+0.040,-0.045,+0.037] w=[+0.005,-0.013,-0.032] err=[+0.035,-0.032] scaled=[+0.139,-0.134] s=3.83
[INFO] [1789409476.661840786] [acados_nmpc_node]: [attach-window] t=8.85s pos_err=0.027m T=20.13N z=0.572 m_est=2.064
[INFO] [1789409476.708125507] [acados_nmpc_node]: [attach-window] t=8.90s pos_err=0.027m T=20.12N z=0.572 m_est=2.064
[INFO] [1789409476.761515770] [acados_nmpc_node]: [attach-window] t=8.95s pos_err=0.027m T=20.10N z=0.573 m_est=2.064
[INFO] [1789409476.807890960] [acados_nmpc_node]: [attach-window] t=9.00s pos_err=0.027m T=20.10N z=0.573 m_est=2.064
[INFO] [1789409476.816059580] [acados_nmpc_node]: [wcmd] raw=[+0.020,-0.007,+0.051] w=[+0.012,-0.017,+0.002] err=[+0.008,+0.010] scaled=[+0.046,+0.026] s=4.22
[INFO] [1789409476.860959806] [acados_nmpc_node]: [attach-window] t=9.05s pos_err=0.026m T=20.09N z=0.573 m_est=2.064
[INFO] [1789409476.907817229] [acados_nmpc_node]: [attach-window] t=9.10s pos_err=0.026m T=20.09N z=0.573 m_est=2.064
[INFO] [1789409476.961134343] [acados_nmpc_node]: [attach-window] t=9.15s pos_err=0.025m T=20.10N z=0.573 m_est=2.064
[INFO] [1789409477.007853600] [acados_nmpc_node]: [attach-window] t=9.20s pos_err=0.024m T=20.11N z=0.573 m_est=2.064
[INFO] [1789409477.015947262] [acados_nmpc_node]: [wcmd] raw=[-0.025,+0.023,+0.047] w=[+0.021,-0.002,+0.079] err=[-0.046,+0.025] scaled=[-0.185,+0.108] s=4.48
[INFO] [1789409477.061190420] [acados_nmpc_node]: [attach-window] t=9.25s pos_err=0.023m T=20.11N z=0.573 m_est=2.064
[INFO] [1789409477.107888638] [acados_nmpc_node]: [attach-window] t=9.30s pos_err=0.023m T=20.11N z=0.573 m_est=2.064
[INFO] [1789409477.161308112] [acados_nmpc_node]: [attach-window] t=9.35s pos_err=0.023m T=20.12N z=0.573 m_est=2.064
[INFO] [1789409477.207940441] [acados_nmpc_node]: [attach-window] t=9.40s pos_err=0.023m T=20.13N z=0.573 m_est=2.064
[INFO] [1789409477.216011786] [acados_nmpc_node]: [wcmd] raw=[-0.062,+0.020,+0.011] w=[+0.012,+0.008,+0.092] err=[-0.074,+0.012] scaled=[-0.333,+0.064] s=4.65
[INFO] [1789409477.261249391] [acados_nmpc_node]: [attach-window] t=9.45s pos_err=0.023m T=20.14N z=0.572 m_est=2.064
[INFO] [1789409477.308335099] [acados_nmpc_node]: [attach-window] t=9.50s pos_err=0.023m T=20.15N z=0.572 m_est=2.064
[INFO] [1789409477.359789190] [acados_nmpc_node]: [attach-window] t=9.55s pos_err=0.023m T=20.16N z=0.572 m_est=2.064
[INFO] [1789409477.407671698] [acados_nmpc_node]: [attach-window] t=9.60s pos_err=0.023m T=20.17N z=0.572 m_est=2.064
[INFO] [1789409477.415871721] [acados_nmpc_node]: [wcmd] raw=[-0.056,+0.006,-0.027] w=[-0.009,+0.003,+0.023] err=[-0.048,+0.003] scaled=[-0.236,+0.017] s=4.76
[INFO] [1789409477.459391154] [acados_nmpc_node]: [attach-window] t=9.65s pos_err=0.022m T=20.21N z=0.571 m_est=2.064
[INFO] [1789409477.507308864] [acados_nmpc_node]: [attach-window] t=9.70s pos_err=0.021m T=20.22N z=0.570 m_est=2.064
[INFO] [1789409477.559468161] [acados_nmpc_node]: [attach-window] t=9.75s pos_err=0.019m T=20.26N z=0.569 m_est=2.064
[INFO] [1789409477.607600607] [acados_nmpc_node]: [attach-window] t=9.80s pos_err=0.018m T=20.27N z=0.568 m_est=2.064
[INFO] [1789409477.615928045] [acados_nmpc_node]: [wcmd] raw=[-0.007,-0.000,-0.036] w=[-0.022,-0.001,-0.022] err=[+0.016,+0.001] scaled=[+0.053,+0.006] s=4.84
[INFO] [1789409477.661057487] [acados_nmpc_node]: [attach-window] t=9.85s pos_err=0.016m T=20.31N z=0.566 m_est=2.064
[INFO] [1789409477.707858947] [acados_nmpc_node]: [attach-window] t=9.90s pos_err=0.016m T=20.33N z=0.565 m_est=2.064
[INFO] [1789409477.761352466] [acados_nmpc_node]: [attach-window] t=9.95s pos_err=0.014m T=20.35N z=0.564 m_est=2.064
[INFO] [1789409477.808024430] [acados_nmpc_node]: [attach-window] t=10.00s pos_err=0.014m T=20.36N z=0.564 m_est=2.064
[INFO] [1789409477.815940010] [acados_nmpc_node]: [wcmd] raw=[+0.037,+0.003,-0.027] w=[-0.016,+0.006,+0.006] err=[+0.053,-0.003] scaled=[+0.245,-0.007] s=4.89
[INFO] [1789409477.861191096] [acados_nmpc_node]: [attach-window] t=10.05s pos_err=0.014m T=20.37N z=0.563 m_est=2.064
[INFO] [1789409477.907896107] [acados_nmpc_node]: [attach-window] t=10.10s pos_err=0.013m T=20.37N z=0.562 m_est=2.064
[INFO] [1789409477.961423850] [acados_nmpc_node]: [attach-window] t=10.15s pos_err=0.013m T=20.37N z=0.562 m_est=2.064
[INFO] [1789409478.008030622] [acados_nmpc_node]: [attach-window] t=10.20s pos_err=0.014m T=20.38N z=0.562 m_est=2.064
[INFO] [1789409478.015959784] [acados_nmpc_node]: [wcmd] raw=[+0.048,-0.001,-0.031] w=[-0.001,+0.013,+0.044] err=[+0.049,-0.014] scaled=[+0.241,-0.057] s=4.93
[INFO] [1789409478.061271591] [acados_nmpc_node]: [attach-window] t=10.25s pos_err=0.014m T=20.37N z=0.562 m_est=2.064
[INFO] [1789409478.107941827] [acados_nmpc_node]: [attach-window] t=10.30s pos_err=0.014m T=20.37N z=0.562 m_est=2.064
[INFO] [1789409478.161195811] [acados_nmpc_node]: [attach-window] t=10.35s pos_err=0.014m T=20.35N z=0.562 m_est=2.064
[INFO] [1789409478.207846187] [acados_nmpc_node]: [attach-window] t=10.40s pos_err=0.015m T=20.34N z=0.563 m_est=2.064
[INFO] [1789409478.215886763] [acados_nmpc_node]: [wcmd] raw=[+0.029,-0.010,-0.050] w=[+0.008,+0.007,+0.022] err=[+0.020,-0.017] scaled=[+0.109,-0.078] s=4.95
[INFO] [1789409478.261063560] [acados_nmpc_node]: [attach-window] t=10.45s pos_err=0.015m T=20.31N z=0.563 m_est=2.064
[INFO] [1789409478.307649812] [acados_nmpc_node]: [attach-window] t=10.50s pos_err=0.016m T=20.30N z=0.564 m_est=2.064
[INFO] [1789409478.361019742] [acados_nmpc_node]: [attach-window] t=10.55s pos_err=0.016m T=20.27N z=0.565 m_est=2.064
[INFO] [1789409478.407852561] [acados_nmpc_node]: [attach-window] t=10.60s pos_err=0.017m T=20.25N z=0.566 m_est=2.064
[INFO] [1789409478.415952262] [acados_nmpc_node]: [wcmd] raw=[+0.004,-0.013,-0.057] w=[+0.007,-0.005,-0.037] err=[-0.003,-0.009] scaled=[-0.009,-0.047] s=4.97
[INFO] [1789409478.461249668] [acados_nmpc_node]: [attach-window] t=10.65s pos_err=0.018m T=20.23N z=0.567 m_est=2.064
[INFO] [1789409478.507728166] [acados_nmpc_node]: [attach-window] t=10.70s pos_err=0.018m T=20.22N z=0.567 m_est=2.064
[INFO] [1789409478.561068938] [acados_nmpc_node]: [attach-window] t=10.75s pos_err=0.019m T=20.20N z=0.568 m_est=2.064
[INFO] [1789409478.605889735] [acados_nmpc_node]: t=10.8s | LIFT: raising hover 0.55->6.0m to lift payload
[INFO] [1789409478.608063553] [acados_nmpc_node]: [attach-window] t=10.80s pos_err=0.019m T=20.19N z=0.569 m_est=2.064
[INFO] [1789409478.615951265] [acados_nmpc_node]: [wcmd] raw=[-0.015,-0.006,-0.040] w=[+0.003,-0.009,-0.067] err=[-0.018,+0.003] scaled=[-0.088,+0.008] s=4.98
[INFO] [1789409478.661263421] [acados_nmpc_node]: [attach-window] t=10.85s pos_err=0.020m T=20.18N z=0.570 m_est=2.064
[INFO] [1789409478.707969375] [acados_nmpc_node]: [attach-window] t=10.90s pos_err=0.020m T=20.18N z=0.570 m_est=2.064
[INFO] [1789409478.761136226] [acados_nmpc_node]: [attach-window] t=10.95s pos_err=0.020m T=20.18N z=0.570 m_est=2.064
[INFO] [1789409478.807966143] [acados_nmpc_node]: [attach-window] t=11.00s pos_err=0.020m T=20.19N z=0.570 m_est=2.064
[INFO] [1789409478.815968376] [acados_nmpc_node]: [wcmd] raw=[-0.027,+0.000,-0.010] w=[-0.004,-0.004,-0.064] err=[-0.023,+0.005] scaled=[-0.118,+0.020] s=4.99
[INFO] [1789409478.861270459] [acados_nmpc_node]: [attach-window] t=11.05s pos_err=0.020m T=20.21N z=0.571 m_est=2.064
[INFO] [1789409478.907919953] [acados_nmpc_node]: [attach-window] t=11.10s pos_err=0.019m T=20.23N z=0.571 m_est=2.064
[INFO] [1789409478.908406656] [acados_nmpc_node]: t=11.1s | pos_err=0.019m | T=20.23N | tau=[r-0.021 p-0.038 y0.026]Nm | res_stat=1.521e-07(peak 9.969e-07) sqp_iter=3 | solve=1.5ms
[INFO] [1789409478.908609279] [acados_nmpc_node]: [flight-diag] t=11.1s | om_scale=4.988(lo 1.014 hi 4.988) | tilt_max=0.42deg | w_max=[r0.023 p0.018 y0.101]rad/s | u_frac=[T0.650 r0.227 p0.171 y0.182] | u_sat=[T0.0 r0.0 p0.0 y0.0]% | mot_peak=0.815 mot_sat=0.0% | health=1 age=0.000s conf=0.235 | n=100
[INFO] [1789409478.961485221] [acados_nmpc_node]: [attach-window] t=11.15s pos_err=0.017m T=20.26N z=0.570 m_est=2.064
[INFO] [1789409479.007744770] [acados_nmpc_node]: [attach-window] t=11.20s pos_err=0.016m T=20.30N z=0.570 m_est=2.064
[INFO] [1789409479.015978161] [acados_nmpc_node]: [wcmd] raw=[-0.015,+0.001,+0.018] w=[-0.012,+0.001,-0.042] err=[-0.003,+0.000] scaled=[-0.027,+0.002] s=4.99
[INFO] [1789409479.061444024] [acados_nmpc_node]: [attach-window] t=11.25s pos_err=0.013m T=20.36N z=0.570 m_est=2.064
[INFO] [1789409479.107742912] [acados_nmpc_node]: [attach-window] t=11.30s pos_err=0.011m T=20.42N z=0.570 m_est=2.064
[INFO] [1789409479.161322050] [acados_nmpc_node]: [attach-window] t=11.35s pos_err=0.008m T=20.49N z=0.569 m_est=2.064
[INFO] [1789409479.207207384] [acados_nmpc_node]: [attach-window] t=11.40s pos_err=0.006m T=20.56N z=0.569 m_est=2.064
[INFO] [1789409479.215823726] [acados_nmpc_node]: [wcmd] raw=[+0.010,-0.002,+0.035] w=[-0.011,+0.004,-0.006] err=[+0.021,-0.006] scaled=[+0.095,-0.027] s=4.99
[INFO] [1789409479.260946895] [acados_nmpc_node]: [attach-window] t=11.45s pos_err=0.006m T=20.63N z=0.570 m_est=2.064
[INFO] [1789409479.307672482] [acados_nmpc_node]: [attach-window] t=11.50s pos_err=0.009m T=20.71N z=0.570 m_est=2.064
[INFO] [1789409479.361015831] [acados_nmpc_node]: [attach-window] t=11.55s pos_err=0.014m T=20.81N z=0.571 m_est=2.064
[INFO] [1789409479.407650805] [acados_nmpc_node]: [attach-window] t=11.60s pos_err=0.020m T=20.92N z=0.571 m_est=2.064
[INFO] [1789409479.415930407] [acados_nmpc_node]: [wcmd] raw=[+0.010,+0.001,+0.035] w=[+0.002,+0.002,+0.054] err=[+0.008,-0.001] scaled=[+0.044,-0.004] s=5.00
[INFO] [1789409479.461218163] [acados_nmpc_node]: [attach-window] t=11.65s pos_err=0.027m T=21.06N z=0.572 m_est=2.064
[INFO] [1789409479.507957401] [acados_nmpc_node]: [attach-window] t=11.70s pos_err=0.035m T=21.20N z=0.572 m_est=2.064
[INFO] [1789409479.563152143] [acados_nmpc_node]: [attach-window] t=11.75s pos_err=0.044m T=21.38N z=0.573 m_est=2.064
[INFO] [1789409479.608102001] [acados_nmpc_node]: [attach-window] t=11.80s pos_err=0.053m T=21.54N z=0.574 m_est=2.064
[INFO] [1789409479.615980819] [acados_nmpc_node]: [wcmd] raw=[-0.011,+0.011,+0.010] w=[+0.017,+0.004,+0.070] err=[-0.028,+0.007] scaled=[-0.123,+0.038] s=5.00
[INFO] [1789409479.661430378] [acados_nmpc_node]: [attach-window] t=11.85s pos_err=0.065m T=21.73N z=0.574 m_est=2.064
[INFO] [1789409479.707947960] [acados_nmpc_node]: [attach-window] t=11.90s pos_err=0.076m T=21.90N z=0.574 m_est=2.064
[INFO] [1789409479.761562101] [acados_nmpc_node]: [attach-window] t=11.95s pos_err=0.089m T=22.02N z=0.575 m_est=2.064
[INFO] [1789409479.808241376] [acados_nmpc_node]: [attach-window] t=12.00s pos_err=0.102m T=22.16N z=0.576 m_est=2.064
[INFO] [1789409479.815996376] [acados_nmpc_node]: [wcmd] raw=[-0.054,+0.020,-0.018] w=[-0.032,+0.040,+0.042] err=[-0.021,-0.020] scaled=[-0.138,-0.060] s=5.00
[INFO] [1789409479.861152906] [acados_nmpc_node]: [attach-window] t=12.05s pos_err=0.115m T=22.17N z=0.578 m_est=2.064
[INFO] [1789409479.908074737] [acados_nmpc_node]: [attach-window] t=12.10s pos_err=0.129m T=22.30N z=0.580 m_est=2.064
[INFO] [1789409479.961583850] [acados_nmpc_node]: [attach-window] t=12.15s pos_err=0.142m T=22.27N z=0.585 m_est=2.064
[INFO] [1789409480.008327560] [acados_nmpc_node]: [attach-window] t=12.20s pos_err=0.156m T=22.36N z=0.588 m_est=2.064
[INFO] [1789409480.015944961] [acados_nmpc_node]: [wcmd] raw=[-0.028,+0.035,-0.032] w=[+0.040,+0.125,+0.020] err=[-0.069,-0.089] scaled=[-0.302,-0.322] s=5.00
[INFO] [1789409480.061403847] [acados_nmpc_node]: [attach-window] t=12.25s pos_err=0.167m T=22.17N z=0.598 m_est=2.065
[INFO] [1789409480.107866609] [acados_nmpc_node]: [attach-window] t=12.30s pos_err=0.180m T=22.25N z=0.603 m_est=2.066
[INFO] [1789409480.161582248] [acados_nmpc_node]: [attach-window] t=12.35s pos_err=0.191m T=22.12N z=0.615 m_est=2.068
[INFO] [1789409480.208099908] [acados_nmpc_node]: [attach-window] t=12.40s pos_err=0.205m T=22.16N z=0.622 m_est=2.069
[INFO] [1789409480.215980931] [acados_nmpc_node]: [wcmd] raw=[-0.011,+0.075,-0.030] w=[+0.009,+0.258,+0.012] err=[-0.020,-0.183] scaled=[-0.091,-0.657] s=5.00
[INFO] [1789409480.262023576] [acados_nmpc_node]: [attach-window] t=12.45s pos_err=0.212m T=21.76N z=0.641 m_est=2.071
[INFO] [1789409480.308393243] [acados_nmpc_node]: [attach-window] t=12.50s pos_err=0.226m T=21.81N z=0.650 m_est=2.072
[INFO] [1789409480.361919860] [acados_nmpc_node]: [attach-window] t=12.55s pos_err=0.233m T=21.61N z=0.671 m_est=2.073
[INFO] [1789409480.408414665] [acados_nmpc_node]: [attach-window] t=12.60s pos_err=0.247m T=21.64N z=0.682 m_est=2.074
[INFO] [1789409480.415946911] [acados_nmpc_node]: [wcmd] raw=[-0.024,+0.090,-0.018] w=[-0.065,+0.201,-0.005] err=[+0.041,-0.111] scaled=[+0.139,-0.354] s=5.00
[INFO] [1789409480.461817895] [acados_nmpc_node]: [attach-window] t=12.65s pos_err=0.249m T=21.14N z=0.710 m_est=2.075
[INFO] [1789409480.508594462] [acados_nmpc_node]: [attach-window] t=12.70s pos_err=0.263m T=21.16N z=0.724 m_est=2.075
[INFO] [1789409480.561958792] [acados_nmpc_node]: [attach-window] t=12.75s pos_err=0.267m T=21.04N z=0.752 m_est=2.075
[INFO] [1789409480.608539408] [acados_nmpc_node]: [attach-window] t=12.80s pos_err=0.281m T=21.19N z=0.767 m_est=2.074
[INFO] [1789409480.615970340] [acados_nmpc_node]: [wcmd] raw=[-0.016,-0.009,-0.007] w=[+0.026,-0.189,-0.061] err=[-0.042,+0.180] scaled=[-0.183,+0.712] s=5.00
[INFO] [1789409480.659798495] [acados_nmpc_node]: [attach-window] t=12.85s pos_err=0.280m T=21.00N z=0.802 m_est=2.073
[INFO] [1789409480.707784837] [acados_nmpc_node]: [attach-window] t=12.90s pos_err=0.296m T=21.25N z=0.818 m_est=2.073
[INFO] [1789409480.761981988] [acados_nmpc_node]: [attach-window] t=12.95s pos_err=0.301m T=21.10N z=0.851 m_est=2.072
[INFO] [1789409480.807979247] [acados_nmpc_node]: [attach-window] t=13.00s pos_err=0.317m T=21.36N z=0.868 m_est=2.071
[WARN] [1789409480.815939117] [acados_nmpc_node]: [omega_scale] body-rate headroom limited scale 5.00->3.85 (guard ±1.90, hard ±2.00rad/s)
[INFO] [1789409480.816215598] [acados_nmpc_node]: [wcmd] raw=[+0.024,-0.123,+0.000] w=[+0.098,-0.833,-0.147] err=[-0.074,+0.710] scaled=[-0.187,+1.900] s=5.00
[INFO] [1789409480.862773088] [acados_nmpc_node]: [attach-window] t=13.05s pos_err=0.318m T=21.25N z=0.906 m_est=2.070
[INFO] [1789409480.908608247] [acados_nmpc_node]: [attach-window] t=13.10s pos_err=0.335m T=21.24N z=0.924 m_est=2.069
[INFO] [1789409480.962256922] [acados_nmpc_node]: [attach-window] t=13.15s pos_err=0.341m T=21.07N z=0.961 m_est=2.068
[INFO] [1789409481.008094452] [acados_nmpc_node]: [attach-window] t=13.20s pos_err=0.359m T=21.29N z=0.980 m_est=2.068
[INFO] [1789409481.015960595] [acados_nmpc_node]: [wcmd] raw=[-0.011,+0.046,+0.018] w=[-0.066,-0.299,-0.032] err=[+0.055,+0.345] scaled=[+0.208,+1.426] s=5.00
[INFO] [1789409481.062281242] [acados_nmpc_node]: [attach-window] t=13.25s pos_err=0.360m T=21.02N z=1.023 m_est=2.068
[INFO] [1789409481.108219755] [acados_nmpc_node]: [attach-window] t=13.30s pos_err=0.379m T=21.18N z=1.043 m_est=2.068
[INFO] [1789409481.162337641] [acados_nmpc_node]: [attach-window] t=13.35s pos_err=0.384m T=21.08N z=1.084 m_est=2.070
[INFO] [1789409481.208663128] [acados_nmpc_node]: [attach-window] t=13.40s pos_err=0.404m T=21.29N z=1.105 m_est=2.072
[INFO] [1789409481.215937752] [acados_nmpc_node]: [wcmd] raw=[-0.051,-0.092,+0.003] w=[-0.075,-0.237,-0.041] err=[+0.024,+0.145] scaled=[+0.047,+0.488] s=5.00
[INFO] [1789409481.261724079] [acados_nmpc_node]: [attach-window] t=13.45s pos_err=0.403m T=21.13N z=1.154 m_est=2.075
[INFO] [1789409481.307909869] [acados_nmpc_node]: [attach-window] t=13.50s pos_err=0.423m T=21.48N z=1.176 m_est=2.078
[INFO] [1789409481.361886664] [acados_nmpc_node]: [attach-window] t=13.55s pos_err=0.428m T=21.41N z=1.221 m_est=2.082
[INFO] [1789409481.408248458] [acados_nmpc_node]: [attach-window] t=13.60s pos_err=0.450m T=21.71N z=1.244 m_est=2.085
[INFO] [1789409481.415920612] [acados_nmpc_node]: [wcmd] raw=[+0.000,-0.116,+0.003] w=[+0.084,-0.340,-0.068] err=[-0.083,+0.224] scaled=[-0.333,+0.781] s=5.00
[INFO] [1789409481.482486767] [acados_nmpc_node]: [attach-window] t=13.65s pos_err=0.449m T=21.45N z=1.297 m_est=2.088
[INFO] [1789409481.508456357] [acados_nmpc_node]: [attach-window] t=13.70s pos_err=0.471m T=21.67N z=1.321 m_est=2.091
[INFO] [1789409481.562171426] [acados_nmpc_node]: [attach-window] t=13.75s pos_err=0.475m T=21.53N z=1.371 m_est=2.093
[INFO] [1789409481.633686669] [acados_nmpc_node]: [attach-window] t=13.80s pos_err=0.497m T=21.79N z=1.396 m_est=2.094
[INFO] [1789409481.635913140] [acados_nmpc_node]: [wcmd] raw=[+0.030,-0.062,+0.012] w=[+0.021,+0.006,+0.010] err=[+0.010,-0.068] scaled=[+0.069,-0.334] s=5.00
[INFO] [1789409481.661785904] [acados_nmpc_node]: [attach-window] t=13.85s pos_err=0.493m T=21.42N z=1.455 m_est=2.095
[INFO] [1789409481.708932417] [acados_nmpc_node]: [attach-window] t=13.90s pos_err=0.515m T=21.68N z=1.482 m_est=2.095
[INFO] [1789409481.759973506] [acados_nmpc_node]: [attach-window] t=13.95s pos_err=0.509m T=21.10N z=1.544 m_est=2.095
[INFO] [1789409481.807521713] [acados_nmpc_node]: [attach-window] t=14.00s pos_err=0.539m T=21.62N z=1.565 m_est=2.095
[INFO] [1789409481.836010520] [acados_nmpc_node]: [wcmd] raw=[-0.032,+0.157,+0.017] w=[-0.145,+0.661,+0.140] err=[+0.113,-0.504] scaled=[+0.420,-1.858] s=5.00
[INFO] [1789409481.862629182] [acados_nmpc_node]: [attach-window] t=14.05s pos_err=0.532m T=21.30N z=1.630 m_est=2.093
[INFO] [1789409481.908143356] [acados_nmpc_node]: [attach-window] t=14.10s pos_err=0.554m T=21.51N z=1.659 m_est=2.092
[INFO] [1789409481.962197878] [acados_nmpc_node]: [attach-window] t=14.15s pos_err=0.553m T=21.10N z=1.719 m_est=2.089
[INFO] [1789409482.008195461] [acados_nmpc_node]: [attach-window] t=14.20s pos_err=0.574m T=21.27N z=1.751 m_est=2.087
[INFO] [1789409482.035942252] [acados_nmpc_node]: [wcmd] raw=[-0.024,+0.117,-0.002] w=[+0.091,+0.618,+0.123] err=[-0.115,-0.501] scaled=[-0.483,-1.888] s=5.00
[INFO] [1789409482.062517003] [acados_nmpc_node]: [attach-window] t=14.25s pos_err=0.564m T=20.77N z=1.822 m_est=2.085
[INFO] [1789409482.108199921] [acados_nmpc_node]: [attach-window] t=14.30s pos_err=0.585m T=21.11N z=1.854 m_est=2.082
[INFO] [1789409482.162522666] [acados_nmpc_node]: [attach-window] t=14.35s pos_err=0.581m T=20.88N z=1.920 m_est=2.080
[INFO] [1789409482.208138794] [acados_nmpc_node]: [attach-window] t=14.40s pos_err=0.602m T=21.07N z=1.953 m_est=2.078
[INFO] [1789409482.236023647] [acados_nmpc_node]: [wcmd] raw=[+0.054,+0.069,-0.010] w=[+0.128,+0.469,+0.061] err=[-0.073,-0.400] scaled=[-0.238,-1.532] s=5.00
[INFO] [1789409482.262252085] [acados_nmpc_node]: [attach-window] t=14.45s pos_err=0.589m T=20.60N z=2.028 m_est=2.076
[INFO] [1789409482.308141909] [acados_nmpc_node]: [attach-window] t=14.50s pos_err=0.610m T=20.86N z=2.062 m_est=2.075
[INFO] [1789409482.362219521] [acados_nmpc_node]: [attach-window] t=14.55s pos_err=0.605m T=20.70N z=2.131 m_est=2.073
[INFO] [1789409482.408130623] [acados_nmpc_node]: [attach-window] t=14.60s pos_err=0.626m T=20.97N z=2.165 m_est=2.072
[INFO] [1789409482.435942102] [acados_nmpc_node]: [wcmd] raw=[-0.007,+0.099,+0.004] w=[-0.180,+0.334,+0.035] err=[+0.173,-0.235] scaled=[+0.684,-0.842] s=5.00
[INFO] [1789409482.462253657] [acados_nmpc_node]: [attach-window] t=14.65s pos_err=0.612m T=20.63N z=2.243 m_est=2.071
[INFO] [1789409482.508193916] [acados_nmpc_node]: [attach-window] t=14.70s pos_err=0.633m T=20.92N z=2.278 m_est=2.070
[INFO] [1789409482.562202578] [acados_nmpc_node]: [attach-window] t=14.75s pos_err=0.628m T=20.74N z=2.348 m_est=2.069
[INFO] [1789409482.608605805] [acados_nmpc_node]: [attach-window] t=14.80s pos_err=0.649m T=21.03N z=2.383 m_est=2.068
[INFO] [1789409482.635938967] [acados_nmpc_node]: [wcmd] raw=[-0.067,+0.118,+0.012] w=[-0.069,+0.272,+0.057] err=[+0.002,-0.154] scaled=[-0.060,-0.498] s=5.00
[INFO] [1789409482.677264122] [acados_nmpc_node]: [attach-window] t=14.85s pos_err=0.633m T=20.73N z=2.463 m_est=2.067
[INFO] [1789409482.708537124] [acados_nmpc_node]: [attach-window] t=14.90s pos_err=0.655m T=21.07N z=2.498 m_est=2.067
[INFO] [1789409482.761741371] [acados_nmpc_node]: [attach-window] t=14.95s pos_err=0.649m T=20.89N z=2.569 m_est=2.067
[INFO] [1789409482.808594532] [acados_nmpc_node]: [attach-window] t=15.00s pos_err=0.661m T=21.03N z=2.614 m_est=2.066
[INFO] [1789409482.861960783] [acados_nmpc_node]: [attach-window] t=15.05s pos_err=0.655m T=20.75N z=2.686 m_est=2.066
[INFO] [1789409482.862368731] [acados_nmpc_node]: [wcmd] raw=[-0.025,+0.112,+0.009] w=[+0.256,+0.144,+0.037] err=[-0.281,-0.032] scaled=[-1.150,-0.017] s=5.00
[INFO] [1789409482.908561049] [acados_nmpc_node]: [attach-window] t=15.10s pos_err=0.675m T=21.14N z=2.722 m_est=2.066
[INFO] [1789409482.961885492] [acados_nmpc_node]: [attach-window] t=15.15s pos_err=0.668m T=20.97N z=2.794 m_est=2.065
[INFO] [1789409483.008319802] [acados_nmpc_node]: [attach-window] t=15.20s pos_err=0.688m T=21.30N z=2.830 m_est=2.065
[INFO] [1789409483.063425182] [acados_nmpc_node]: [attach-window] t=15.25s pos_err=0.670m T=20.38N z=2.913 m_est=2.065
[INFO] [1789409483.063842189] [acados_nmpc_node]: [wcmd] raw=[+0.066,-0.359,-0.011] w=[+0.045,-0.704,-0.110] err=[+0.022,+0.344] scaled=[+0.154,+1.017] s=5.00
[INFO] [1789409483.108524372] [acados_nmpc_node]: [attach-window] t=15.30s pos_err=0.689m T=20.78N z=2.950 m_est=2.065
[INFO] [1789409483.162122355] [acados_nmpc_node]: [attach-window] t=15.35s pos_err=0.668m T=20.37N z=3.035 m_est=2.065
[INFO] [1789409483.208321786] [acados_nmpc_node]: [attach-window] t=15.40s pos_err=0.695m T=20.88N z=3.064 m_est=2.065
[INFO] [1789409483.262955549] [acados_nmpc_node]: [attach-window] t=15.45s pos_err=0.674m T=20.35N z=3.149 m_est=2.065
[INFO] [1789409483.263606892] [acados_nmpc_node]: [wcmd] raw=[+0.008,-0.028,-0.010] w=[-0.156,-0.372,-0.071] err=[+0.164,+0.344] scaled=[+0.666,+1.346] s=5.00
[INFO] [1789409483.308582652] [acados_nmpc_node]: [attach-window] t=15.50s pos_err=0.691m T=20.66N z=3.187 m_est=2.065
[INFO] [1789409483.363098792] [acados_nmpc_node]: [attach-window] t=15.55s pos_err=0.678m T=20.59N z=3.263 m_est=2.065
[INFO] [1789409483.408397479] [acados_nmpc_node]: [attach-window] t=15.60s pos_err=0.693m T=20.66N z=3.302 m_est=2.065
[INFO] [1789409483.462771326] [acados_nmpc_node]: [attach-window] t=15.65s pos_err=0.669m T=20.02N z=3.389 m_est=2.064
[INFO] [1789409483.463227182] [acados_nmpc_node]: [wcmd] raw=[-0.019,-0.202,-0.018] w=[+0.093,-0.553,-0.122] err=[-0.112,+0.351] scaled=[-0.466,+1.203] s=5.00
[INFO] [1789409483.508308060] [acados_nmpc_node]: [attach-window] t=15.70s pos_err=0.683m T=20.27N z=3.428 m_est=2.064
[INFO] [1789409483.562785678] [acados_nmpc_node]: [attach-window] t=15.75s pos_err=0.667m T=20.05N z=3.506 m_est=2.064
[INFO] [1789409483.608247730] [acados_nmpc_node]: [attach-window] t=15.80s pos_err=0.671m T=20.04N z=3.554 m_est=2.064
[INFO] [1789409483.662336129] [acados_nmpc_node]: [attach-window] t=15.85s pos_err=0.654m T=19.83N z=3.631 m_est=2.064
[INFO] [1789409483.662766324] [acados_nmpc_node]: [wcmd] raw=[+0.040,-0.304,-0.009] w=[+0.156,-0.664,-0.119] err=[-0.116,+0.361] scaled=[-0.424,+1.140] s=5.00
[INFO] [1789409483.708370892] [acados_nmpc_node]: [attach-window] t=15.90s pos_err=0.667m T=20.10N z=3.670 m_est=2.064
[INFO] [1789409483.763040610] [acados_nmpc_node]: [attach-window] t=15.95s pos_err=0.650m T=19.93N z=3.746 m_est=2.064
[INFO] [1789409483.807620102] [acados_nmpc_node]: [attach-window] t=16.00s pos_err=0.662m T=20.18N z=3.784 m_est=2.064
[INFO] [1789409483.860586122] [acados_nmpc_node]: [attach-window] t=16.05s pos_err=0.635m T=19.94N z=3.868 m_est=2.064
[INFO] [1789409483.860918612] [acados_nmpc_node]: [wcmd] raw=[+0.006,-0.284,-0.002] w=[-0.158,-0.650,-0.102] err=[+0.165,+0.366] scaled=[+0.665,+1.181] s=5.00
[INFO] [1789409483.908649421] [acados_nmpc_node]: [attach-window] t=16.10s pos_err=0.648m T=20.17N z=3.905 m_est=2.064
[INFO] [1789409483.909144509] [acados_nmpc_node]: t=16.1s | pos_err=0.648m | T=20.17N | tau=[r0.063 p0.462 y0.025]Nm | res_stat=5.831e-08(peak 9.969e-07) sqp_iter=4 | solve=2.2ms
[INFO] [1789409483.909352643] [acados_nmpc_node]: [flight-diag] t=16.1s | om_scale=5.000(lo 4.989 hi 5.000) | tilt_max=2.48deg | w_max=[r0.256 p0.830 y0.144]rad/s | u_frac=[T0.713 r0.934 p1.000 y0.296] | u_sat=[T0.0 r0.0 p34.0 y0.0]% | mot_peak=1.000 mot_sat=7.0% | health=1 age=0.000s conf=0.004 | n=100
[INFO] [1789409483.962328034] [acados_nmpc_node]: [attach-window] t=16.15s pos_err=0.621m T=19.81N z=3.988 m_est=2.064
[INFO] [1789409484.008756162] [acados_nmpc_node]: [attach-window] t=16.20s pos_err=0.642m T=20.22N z=4.015 m_est=2.064
[INFO] [1789409484.062322611] [acados_nmpc_node]: [attach-window] t=16.25s pos_err=0.615m T=20.01N z=4.097 m_est=2.064
[INFO] [1789409484.062749181] [acados_nmpc_node]: [wcmd] raw=[-0.064,-0.085,+0.004] w=[-0.047,-0.424,-0.078] err=[-0.017,+0.339] scaled=[-0.132,+1.271] s=5.00
[INFO] [1789409484.122689520] [acados_nmpc_node]: [attach-window] t=16.30s pos_err=0.626m T=20.31N z=4.133 m_est=2.064
[INFO] [1789409484.161814450] [acados_nmpc_node]: [attach-window] t=16.35s pos_err=0.608m T=20.18N z=4.203 m_est=2.064
[INFO] [1789409484.209040169] [acados_nmpc_node]: [attach-window] t=16.40s pos_err=0.618m T=20.33N z=4.238 m_est=2.064
[INFO] [1789409484.262010866] [acados_nmpc_node]: [attach-window] t=16.45s pos_err=0.591m T=19.79N z=4.317 m_est=2.064
[INFO] [1789409484.262428689] [acados_nmpc_node]: [wcmd] raw=[+0.013,-0.218,+0.008] w=[+0.148,+0.000,-0.003] err=[-0.134,-0.218] scaled=[-0.524,-1.092] s=5.00
[INFO] [1789409484.308128049] [acados_nmpc_node]: [attach-window] t=16.50s pos_err=0.599m T=20.09N z=4.352 m_est=2.064
[INFO] [1789409484.379776390] [acados_nmpc_node]: [attach-window] t=16.55s pos_err=0.571m T=19.90N z=4.429 m_est=2.064
[INFO] [1789409484.408323485] [acados_nmpc_node]: [attach-window] t=16.60s pos_err=0.579m T=20.10N z=4.463 m_est=2.064
[INFO] [1789409484.462723532] [acados_nmpc_node]: [attach-window] t=16.65s pos_err=0.560m T=19.75N z=4.530 m_est=2.064
[INFO] [1789409484.475956235] [acados_nmpc_node]: [wcmd] raw=[+0.039,+0.159,+0.024] w=[-0.127,+0.583,+0.113] err=[+0.166,-0.425] scaled=[+0.702,-1.540] s=5.00
[INFO] [1789409484.508192393] [acados_nmpc_node]: [attach-window] t=16.70s pos_err=0.566m T=19.89N z=4.563 m_est=2.064
[INFO] [1789409484.562884068] [acados_nmpc_node]: [attach-window] t=16.75s pos_err=0.545m T=19.66N z=4.629 m_est=2.064
[INFO] [1789409484.608343087] [acados_nmpc_node]: [attach-window] t=16.80s pos_err=0.550m T=19.76N z=4.662 m_est=2.064
[INFO] [1789409484.671843863] [acados_nmpc_node]: [attach-window] t=16.85s pos_err=0.520m T=19.30N z=4.735 m_est=2.064
[INFO] [1789409484.675984626] [acados_nmpc_node]: [wcmd] raw=[-0.025,+0.247,+0.016] w=[-0.106,+0.669,+0.150] err=[+0.081,-0.422] scaled=[+0.298,-1.441] s=5.00
[INFO] [1789409484.708945427] [acados_nmpc_node]: [attach-window] t=16.90s pos_err=0.524m T=19.42N z=4.768 m_est=2.064
[INFO] [1789409484.781290636] [acados_nmpc_node]: [attach-window] t=16.95s pos_err=0.501m T=19.35N z=4.831 m_est=2.064
[INFO] [1789409484.808121932] [acados_nmpc_node]: [attach-window] t=17.00s pos_err=0.504m T=19.52N z=4.863 m_est=2.064
[INFO] [1789409484.862079457] [acados_nmpc_node]: [attach-window] t=17.05s pos_err=0.473m T=19.31N z=4.931 m_est=2.064
[INFO] [1789409484.895935349] [acados_nmpc_node]: [wcmd] raw=[-0.027,-0.046,-0.008] w=[+0.131,+0.248,+0.043] err=[-0.158,-0.294] scaled=[-0.661,-1.221] s=5.00
[INFO] [1789409484.908516817] [acados_nmpc_node]: [attach-window] t=17.10s pos_err=0.476m T=19.51N z=4.961 m_est=2.064
[INFO] [1789409484.962285135] [acados_nmpc_node]: [attach-window] t=17.15s pos_err=0.447m T=19.45N z=5.025 m_est=2.064
[INFO] [1789409485.008540182] [acados_nmpc_node]: [attach-window] t=17.20s pos_err=0.457m T=19.76N z=5.046 m_est=2.064
[INFO] [1789409485.062174129] [acados_nmpc_node]: [attach-window] t=17.25s pos_err=0.430m T=19.54N z=5.107 m_est=2.064
[INFO] [1789409485.095958111] [acados_nmpc_node]: [wcmd] raw=[+0.069,+0.018,-0.002] w=[+0.118,+0.431,+0.048] err=[-0.048,-0.413] scaled=[-0.124,-1.636] s=5.00
[INFO] [1789409485.132576246] [acados_nmpc_node]: [attach-window] t=17.30s pos_err=0.432m T=19.71N z=5.133 m_est=2.064
[INFO] [1789409485.162109408] [acados_nmpc_node]: [attach-window] t=17.35s pos_err=0.407m T=19.56N z=5.189 m_est=2.064
[INFO] [1789409485.208883814] [acados_nmpc_node]: [attach-window] t=17.40s pos_err=0.414m T=19.82N z=5.208 m_est=2.064
[INFO] [1789409485.262410855] [acados_nmpc_node]: [attach-window] t=17.45s pos_err=0.389m T=19.47N z=5.262 m_est=2.064
[INFO] [1789409485.295887238] [acados_nmpc_node]: [wcmd] raw=[-0.025,+0.235,+0.015] w=[-0.202,+0.397,+0.067] err=[+0.177,-0.161] scaled=[+0.682,-0.410] s=5.00
[INFO] [1789409485.307528678] [acados_nmpc_node]: [attach-window] t=17.50s pos_err=0.389m T=19.64N z=5.286 m_est=2.064
[INFO] [1789409485.363521062] [acados_nmpc_node]: [attach-window] t=17.55s pos_err=0.370m T=19.45N z=5.331 m_est=2.064
[INFO] [1789409485.408868640] [acados_nmpc_node]: [attach-window] t=17.60s pos_err=0.369m T=19.37N z=5.354 m_est=2.064
[INFO] [1789409485.462278271] [acados_nmpc_node]: [attach-window] t=17.65s pos_err=0.342m T=19.15N z=5.405 m_est=2.064
[INFO] [1789409485.496005953] [acados_nmpc_node]: [wcmd] raw=[-0.031,-0.063,-0.003] w=[+0.088,-0.028,-0.006] err=[-0.118,-0.034] scaled=[-0.504,-0.201] s=5.00
[INFO] [1789409485.508144632] [acados_nmpc_node]: [attach-window] t=17.70s pos_err=0.340m T=19.29N z=5.428 m_est=2.064
[INFO] [1789409485.560394907] [acados_nmpc_node]: [attach-window] t=17.75s pos_err=0.318m T=19.20N z=5.470 m_est=2.064
[INFO] [1789409485.607445134] [acados_nmpc_node]: [attach-window] t=17.80s pos_err=0.311m T=19.24N z=5.496 m_est=2.064
[INFO] [1789409485.660538072] [acados_nmpc_node]: [attach-window] t=17.85s pos_err=0.290m T=19.16N z=5.536 m_est=2.064
[INFO] [1789409485.695875899] [acados_nmpc_node]: [wcmd] raw=[+0.042,-0.164,+0.005] w=[+0.074,-0.152,-0.016] err=[-0.032,-0.012] scaled=[-0.085,-0.212] s=5.00
[INFO] [1789409485.708123881] [acados_nmpc_node]: [attach-window] t=17.90s pos_err=0.287m T=19.07N z=5.556 m_est=2.064
[INFO] [1789409485.762377719] [acados_nmpc_node]: [attach-window] t=17.95s pos_err=0.266m T=18.94N z=5.594 m_est=2.064
[INFO] [1789409485.808306651] [acados_nmpc_node]: [attach-window] t=18.00s pos_err=0.261m T=18.98N z=5.613 m_est=2.064
[INFO] [1789409485.863101716] [acados_nmpc_node]: [attach-window] t=18.05s pos_err=0.236m T=18.89N z=5.654 m_est=2.064
[INFO] [1789409485.896004419] [acados_nmpc_node]: [wcmd] raw=[-0.001,-0.047,+0.007] w=[-0.121,-0.149,-0.023] err=[+0.119,+0.103] scaled=[+0.475,+0.365] s=5.00
[INFO] [1789409485.908603097] [acados_nmpc_node]: [attach-window] t=18.10s pos_err=0.230m T=18.92N z=5.671 m_est=2.064
[INFO] [1789409485.962403383] [acados_nmpc_node]: [attach-window] t=18.15s pos_err=0.211m T=19.03N z=5.704 m_est=2.064
[INFO] [1789409486.007960898] [acados_nmpc_node]: [attach-window] t=18.20s pos_err=0.205m T=19.13N z=5.719 m_est=2.064
[INFO] [1789409486.062253288] [acados_nmpc_node]: [attach-window] t=18.25s pos_err=0.184m T=19.10N z=5.752 m_est=2.064
[INFO] [1789409486.095969813] [acados_nmpc_node]: [wcmd] raw=[-0.037,+0.094,+0.004] w=[+0.036,-0.224,-0.033] err=[-0.073,+0.318] scaled=[-0.329,+1.366] s=5.00
[INFO] [1789409486.108542440] [acados_nmpc_node]: [attach-window] t=18.30s pos_err=0.179m T=19.17N z=5.766 m_est=2.064
[INFO] [1789409486.162422031] [acados_nmpc_node]: [attach-window] t=18.35s pos_err=0.163m T=19.36N z=5.790 m_est=2.064
[INFO] [1789409486.208650381] [acados_nmpc_node]: [attach-window] t=18.40s pos_err=0.158m T=19.47N z=5.802 m_est=2.064
[INFO] [1789409486.261641299] [acados_nmpc_node]: [attach-window] t=18.45s pos_err=0.142m T=19.45N z=5.826 m_est=2.064
[INFO] [1789409486.295990022] [acados_nmpc_node]: [wcmd] raw=[+0.021,+0.004,-0.008] w=[+0.097,-0.321,-0.041] err=[-0.075,+0.325] scaled=[-0.280,+1.305] s=5.00
[INFO] [1789409486.308513477] [acados_nmpc_node]: [attach-window] t=18.50s pos_err=0.137m T=19.50N z=5.836 m_est=2.064
[INFO] [1789409486.361642150] [acados_nmpc_node]: [attach-window] t=18.55s pos_err=0.122m T=19.62N z=5.856 m_est=2.064
[INFO] [1789409486.408036567] [acados_nmpc_node]: [attach-window] t=18.60s pos_err=0.120m T=19.76N z=5.862 m_est=2.064
[INFO] [1789409486.461629363] [acados_nmpc_node]: [attach-window] t=18.65s pos_err=0.108m T=19.89N z=5.879 m_est=2.064
[INFO] [1789409486.495934774] [acados_nmpc_node]: [wcmd] raw=[-0.005,-0.082,-0.016] w=[-0.104,-0.319,-0.048] err=[+0.098,+0.237] scaled=[+0.388,+0.865] s=5.00
[INFO] [1789409486.508469751] [acados_nmpc_node]: [attach-window] t=18.70s pos_err=0.104m T=19.97N z=5.886 m_est=2.064
[INFO] [1789409486.564412476] [acados_nmpc_node]: [attach-window] t=18.75s pos_err=0.095m T=19.83N z=5.898 m_est=2.064
[INFO] [1789409486.608174078] [acados_nmpc_node]: [attach-window] t=18.80s pos_err=0.091m T=19.82N z=5.904 m_est=2.064
[INFO] [1789409486.663111076] [acados_nmpc_node]: [attach-window] t=18.85s pos_err=0.079m T=19.78N z=5.918 m_est=2.064
[INFO] [1789409486.695947643] [acados_nmpc_node]: [wcmd] raw=[-0.042,+0.148,-0.019] w=[-0.031,+0.091,+0.001] err=[-0.011,+0.057] scaled=[-0.085,+0.375] s=5.00
[INFO] [1789409486.708567389] [acados_nmpc_node]: [attach-window] t=18.90s pos_err=0.074m T=19.50N z=5.924 m_est=2.064
[INFO] [1789409486.762704687] [acados_nmpc_node]: [attach-window] t=18.95s pos_err=0.063m T=19.42N z=5.936 m_est=2.064
[INFO] [1789409486.807906968] [acados_nmpc_node]: [attach-window] t=19.00s pos_err=0.057m T=19.40N z=5.943 m_est=2.064
[INFO] [1789409486.868575314] [acados_nmpc_node]: [attach-window] t=19.05s pos_err=0.045m T=19.42N z=5.955 m_est=2.064
[INFO] [1789409486.896006761] [acados_nmpc_node]: [wcmd] raw=[+0.018,-0.166,-0.007] w=[+0.089,+0.027,-0.024] err=[-0.071,-0.193] scaled=[-0.268,-0.937] s=5.00
[INFO] [1789409486.908188126] [acados_nmpc_node]: [attach-window] t=19.10s pos_err=0.040m T=19.39N z=5.960 m_est=2.064
[INFO] [1789409486.962702197] [acados_nmpc_node]: [attach-window] t=19.15s pos_err=0.031m T=19.51N z=5.969 m_est=2.064
[INFO] [1789409487.008094447] [acados_nmpc_node]: [attach-window] t=19.20s pos_err=0.026m T=19.46N z=5.974 m_est=2.064
[INFO] [1789409487.062465036] [acados_nmpc_node]: [attach-window] t=19.25s pos_err=0.018m T=19.62N z=5.982 m_est=2.064
[INFO] [1789409487.095969094] [acados_nmpc_node]: [wcmd] raw=[+0.038,-0.006,+0.016] w=[-0.051,+0.253,+0.042] err=[+0.089,-0.259] scaled=[+0.392,-1.043] s=5.00
[INFO] [1789409487.108066634] [acados_nmpc_node]: [attach-window] t=19.30s pos_err=0.015m T=19.69N z=5.985 m_est=2.064
[INFO] [1789409487.162024267] [acados_nmpc_node]: [attach-window] t=19.35s pos_err=0.011m T=19.83N z=5.990 m_est=2.064
[WARN] [1789409487.252279159] [acados_nmpc_node]: t=0.00s | KKT residual abnormal! res_stat=2.252e-06 res_eq=3.786e-11 res_ineq=0.000e+00 res_comp=7.834e-07 | sqp_iter=100 | peak res_stat=2.252e-06
[WARN] [1789409487.252815140] [acados_nmpc_node]: acados solve failed [status=2, 1 consecutive] | x_cur pos=[1.00400591 0.10093471 5.99152613] vel=[0.00680817 0.00145075 0.04644499] |q|=1.0000
[INFO] [1789409487.253373133] [acados_nmpc_node]: [attach-window] t=19.40s pos_err=0.009m T=19.83N z=5.992 m_est=2.064
[INFO] [1789409487.261832906] [acados_nmpc_node]: [attach-window] t=19.45s pos_err=0.007m T=20.07N z=5.995 m_est=2.064
[INFO] [1789409487.308808404] [acados_nmpc_node]: [attach-window] t=19.50s pos_err=0.007m T=20.14N z=5.995 m_est=2.064
[INFO] [1789409487.315963451] [acados_nmpc_node]: [wcmd] raw=[-0.007,+0.341,+0.017] w=[-0.134,+0.578,+0.111] err=[+0.127,-0.237] scaled=[+0.502,-0.609] s=5.00
[INFO] [1789409487.370456347] [acados_nmpc_node]: [attach-window] t=19.55s pos_err=0.007m T=19.83N z=5.997 m_est=2.064
[INFO] [1789409487.408157800] [acados_nmpc_node]: [attach-window] t=19.60s pos_err=0.007m T=19.95N z=5.998 m_est=2.064
[INFO] [1789409487.462812192] [acados_nmpc_node]: [attach-window] t=19.65s pos_err=0.007m T=20.13N z=5.999 m_est=2.065
[INFO] [1789409487.507979043] [acados_nmpc_node]: [attach-window] t=19.70s pos_err=0.007m T=19.97N z=6.000 m_est=2.066
[INFO] [1789409487.515921137] [acados_nmpc_node]: [wcmd] raw=[-0.020,+0.042,+0.005] w=[+0.015,+0.420,+0.089] err=[-0.035,-0.377] scaled=[-0.160,-1.466] s=5.00
[INFO] [1789409487.563667140] [acados_nmpc_node]: [attach-window] t=19.75s pos_err=0.009m T=19.85N z=6.002 m_est=2.066
[INFO] [1789409487.607939550] [acados_nmpc_node]: [attach-window] t=19.80s pos_err=0.009m T=19.83N z=6.003 m_est=2.066
[INFO] [1789409487.662615021] [acados_nmpc_node]: [attach-window] t=19.85s pos_err=0.010m T=19.86N z=6.006 m_est=2.066
[INFO] [1789409487.708091665] [acados_nmpc_node]: [attach-window] t=19.90s pos_err=0.011m T=19.68N z=6.007 m_est=2.066
[INFO] [1789409487.715927640] [acados_nmpc_node]: [wcmd] raw=[+0.021,+0.153,+0.005] w=[+0.115,+0.645,+0.111] err=[-0.094,-0.492] scaled=[-0.355,-1.816] s=5.00
[INFO] [1789409487.762895672] [acados_nmpc_node]: [attach-window] t=19.95s pos_err=0.013m T=19.57N z=6.010 m_est=2.066
[INFO] [1789409487.808296038] [acados_nmpc_node]: [attach-window] t=20.00s pos_err=0.014m T=19.60N z=6.012 m_est=2.066
[INFO] [1789409487.881719816] [acados_nmpc_node]: [attach-window] t=20.05s pos_err=0.017m T=19.61N z=6.016 m_est=2.065
[INFO] [1789409487.907906388] [acados_nmpc_node]: [attach-window] t=20.10s pos_err=0.019m T=19.54N z=6.018 m_est=2.065
[INFO] [1789409487.935933505] [acados_nmpc_node]: [wcmd] raw=[+0.010,+0.089,-0.001] w=[-0.073,+0.743,+0.108] err=[+0.083,-0.654] scaled=[+0.262,-1.900] s=5.00
[INFO] [1789409487.963389397] [acados_nmpc_node]: [attach-window] t=20.15s pos_err=0.022m T=19.23N z=6.021 m_est=2.065
[INFO] [1789409488.008925312] [acados_nmpc_node]: [attach-window] t=20.20s pos_err=0.024m T=19.31N z=6.024 m_est=2.065
[INFO] [1789409488.062254920] [acados_nmpc_node]: [attach-window] t=20.25s pos_err=0.029m T=19.48N z=6.028 m_est=2.065
[INFO] [1789409488.108047695] [acados_nmpc_node]: [attach-window] t=20.30s pos_err=0.030m T=19.60N z=6.030 m_est=2.065
[INFO] [1789409488.135957103] [acados_nmpc_node]: [wcmd] raw=[-0.025,-0.074,-0.001] w=[-0.036,+0.294,+0.034] err=[+0.011,-0.368] scaled=[+0.017,-1.545] s=5.00
[INFO] [1789409488.169751134] [acados_nmpc_node]: [attach-window] t=20.35s pos_err=0.032m T=19.68N z=6.032 m_est=2.065
[INFO] [1789409488.208225346] [acados_nmpc_node]: [attach-window] t=20.40s pos_err=0.033m T=19.78N z=6.032 m_est=2.065
[INFO] [1789409488.272285454] [acados_nmpc_node]: [attach-window] t=20.45s pos_err=0.034m T=20.05N z=6.033 m_est=2.065
[INFO] [1789409488.308193532] [acados_nmpc_node]: [attach-window] t=20.50s pos_err=0.034m T=19.83N z=6.033 m_est=2.065
[INFO] [1789409488.335942495] [acados_nmpc_node]: [wcmd] raw=[+0.017,+0.126,+0.015] w=[+0.088,+0.514,+0.080] err=[-0.071,-0.388] scaled=[-0.265,-1.424] s=5.00
[INFO] [1789409488.382993041] [acados_nmpc_node]: [attach-window] t=20.55s pos_err=0.035m T=19.64N z=6.034 m_est=2.065
[INFO] [1789409488.408285653] [acados_nmpc_node]: [attach-window] t=20.60s pos_err=0.035m T=19.66N z=6.035 m_est=2.065
[INFO] [1789409488.474119335] [acados_nmpc_node]: [attach-window] t=20.65s pos_err=0.036m T=19.78N z=6.036 m_est=2.064
[INFO] [1789409488.507935578] [acados_nmpc_node]: [attach-window] t=20.70s pos_err=0.037m T=19.79N z=6.036 m_est=2.064
[INFO] [1789409488.563022090] [acados_nmpc_node]: [attach-window] t=20.75s pos_err=0.037m T=19.79N z=6.036 m_est=2.064
[INFO] [1789409488.563440926] [acados_nmpc_node]: [wcmd] raw=[+0.015,+0.242,+0.022] w=[-0.035,+0.570,+0.090] err=[+0.051,-0.327] scaled=[+0.218,-1.066] s=5.00
[INFO] [1789409488.608265588] [acados_nmpc_node]: [attach-window] t=20.80s pos_err=0.037m T=19.81N z=6.036 m_est=2.064
[INFO] [1789409488.662457328] [acados_nmpc_node]: [attach-window] t=20.85s pos_err=0.036m T=20.07N z=6.036 m_est=2.064
[INFO] [1789409488.708023459] [acados_nmpc_node]: [attach-window] t=20.90s pos_err=0.036m T=20.15N z=6.035 m_est=2.064
[INFO] [1789409488.762593348] [acados_nmpc_node]: [attach-window] t=20.95s pos_err=0.034m T=20.19N z=6.034 m_est=2.064
[INFO] [1789409488.763011159] [acados_nmpc_node]: [wcmd] raw=[-0.024,+0.089,+0.022] w=[-0.109,+0.413,+0.080] err=[+0.085,-0.324] scaled=[+0.318,-1.209] s=5.00
[INFO] [1789409488.808594165] [acados_nmpc_node]: [attach-window] t=21.00s pos_err=0.033m T=20.18N z=6.033 m_est=2.064
[INFO] [1789409488.860133787] [acados_nmpc_node]: [attach-window] t=21.05s pos_err=0.031m T=20.30N z=6.031 m_est=2.064
[INFO] [1789409488.907527875] [acados_nmpc_node]: [attach-window] t=21.10s pos_err=0.030m T=20.34N z=6.030 m_est=2.064
[INFO] [1789409488.907882502] [acados_nmpc_node]: t=21.1s | pos_err=0.030m | T=20.34N | tau=[r-0.131 p0.500 y0.021]Nm | res_stat=4.509e-07(peak 2.252e-06) sqp_iter=3 | solve=1.4ms
[INFO] [1789409488.908036645] [acados_nmpc_node]: [flight-diag] t=21.1s | om_scale=5.000(lo 5.000 hi 5.000) | tilt_max=2.52deg | w_max=[r0.229 p0.861 y0.150]rad/s | u_frac=[T0.649 r0.741 p1.000 y0.265] | u_sat=[T0.0 r0.0 p48.0 y0.0]% | mot_peak=1.000 mot_sat=5.0% | health=1 age=0.000s conf=0.009 | n=100
[INFO] [1789409488.960332448] [acados_nmpc_node]: [attach-window] t=21.15s pos_err=0.028m T=20.32N z=6.028 m_est=2.064
[INFO] [1789409488.960652535] [acados_nmpc_node]: [wcmd] raw=[-0.008,+0.055,+0.014] w=[+0.082,+0.227,+0.055] err=[-0.090,-0.172] scaled=[-0.369,-0.631] s=5.00
[INFO] [1789409489.008569807] [acados_nmpc_node]: [attach-window] t=21.20s pos_err=0.027m T=20.35N z=6.027 m_est=2.064
[INFO] [1789409489.061998687] [acados_nmpc_node]: [attach-window] t=21.25s pos_err=0.025m T=20.39N z=6.025 m_est=2.064
[INFO] [1789409489.108246100] [acados_nmpc_node]: [attach-window] t=21.30s pos_err=0.025m T=20.47N z=6.024 m_est=2.064
[INFO] [1789409489.170196336] [acados_nmpc_node]: [attach-window] t=21.35s pos_err=0.022m T=20.42N z=6.022 m_est=2.064
[INFO] [1789409489.170520243] [acados_nmpc_node]: [wcmd] raw=[+0.031,+0.045,-0.000] w=[+0.065,-0.362,-0.052] err=[-0.034,+0.407] scaled=[-0.103,+1.675] s=5.00
[INFO] [1789409489.207899383] [acados_nmpc_node]: [attach-window] t=21.40s pos_err=0.022m T=20.37N z=6.021 m_est=2.064
[INFO] [1789409489.263465853] [acados_nmpc_node]: [attach-window] t=21.45s pos_err=0.021m T=20.18N z=6.020 m_est=2.064
[INFO] [1789409489.309034154] [acados_nmpc_node]: [attach-window] t=21.50s pos_err=0.021m T=20.04N z=6.020 m_est=2.064
[INFO] [1789409489.362105302] [acados_nmpc_node]: [attach-window] t=21.55s pos_err=0.022m T=20.07N z=6.021 m_est=2.064
[INFO] [1789409489.362521529] [acados_nmpc_node]: [wcmd] raw=[-0.012,-0.193,-0.022] w=[-0.085,-0.489,-0.092] err=[+0.072,+0.296] scaled=[+0.277,+0.992] s=5.00
[INFO] [1789409489.407908192] [acados_nmpc_node]: [attach-window] t=21.60s pos_err=0.023m T=20.12N z=6.021 m_est=2.064
[INFO] [1789409489.471300168] [acados_nmpc_node]: [attach-window] t=21.65s pos_err=0.024m T=20.09N z=6.021 m_est=2.064
[INFO] [1789409489.508123490] [acados_nmpc_node]: [attach-window] t=21.70s pos_err=0.025m T=20.05N z=6.022 m_est=2.064
[INFO] [1789409489.563236933] [acados_nmpc_node]: [attach-window] t=21.75s pos_err=0.027m T=20.03N z=6.022 m_est=2.064
[INFO] [1789409489.563645359] [acados_nmpc_node]: [wcmd] raw=[-0.015,-0.529,-0.012] w=[+0.040,-0.873,-0.154] err=[-0.055,+0.345] scaled=[-0.235,+0.851] s=5.00
[INFO] [1789409489.608665112] [acados_nmpc_node]: [attach-window] t=21.80s pos_err=0.028m T=20.05N z=6.022 m_est=2.064
[INFO] [1789409489.661882559] [acados_nmpc_node]: [attach-window] t=21.85s pos_err=0.030m T=20.05N z=6.023 m_est=2.064
[INFO] [1789409489.707538268] [acados_nmpc_node]: [attach-window] t=21.90s pos_err=0.031m T=20.07N z=6.024 m_est=2.064
[INFO] [1789409489.763403263] [acados_nmpc_node]: [attach-window] t=21.95s pos_err=0.031m T=19.99N z=6.024 m_est=2.064
[INFO] [1789409489.763850372] [acados_nmpc_node]: [wcmd] raw=[+0.019,-0.045,+0.007] w=[+0.085,-0.379,-0.046] err=[-0.066,+0.334] scaled=[-0.247,+1.291] s=5.00
[INFO] [1789409489.808493701] [acados_nmpc_node]: [attach-window] t=22.00s pos_err=0.031m T=20.02N z=6.024 m_est=2.064
[INFO] [1789409489.863273828] [acados_nmpc_node]: [attach-window] t=22.05s pos_err=0.031m T=20.11N z=6.024 m_est=2.064
[INFO] [1789409489.908243167] [acados_nmpc_node]: [attach-window] t=22.10s pos_err=0.031m T=19.90N z=6.025 m_est=2.064
[INFO] [1789409489.963527386] [acados_nmpc_node]: [attach-window] t=22.15s pos_err=0.031m T=19.57N z=6.026 m_est=2.064
[INFO] [1789409489.964000555] [acados_nmpc_node]: [wcmd] raw=[+0.016,-0.301,-0.014] w=[-0.062,-0.635,-0.097] err=[+0.077,+0.334] scaled=[+0.326,+1.037] s=5.00
[INFO] [1789409490.008907232] [acados_nmpc_node]: t=22.2s | DYNAMIC: switch to figure8 (r=10.0 w=0.283) centered at [1.01,0.10] z=6.0, tracking with payload
[INFO] [1789409490.011204615] [acados_nmpc_node]: [attach-window] t=22.20s pos_err=0.028m T=19.52N z=6.028 m_est=2.064
[INFO] [1789409490.068298263] [acados_nmpc_node]: [attach-window] t=22.25s pos_err=0.032m T=19.58N z=6.031 m_est=2.064
[INFO] [1789409490.107472047] [acados_nmpc_node]: [attach-window] t=22.30s pos_err=0.033m T=19.58N z=6.033 m_est=2.064
[INFO] [1789409490.161055750] [acados_nmpc_node]: [attach-window] t=22.35s pos_err=0.036m T=19.49N z=6.036 m_est=2.064
[INFO] [1789409490.161378052] [acados_nmpc_node]: [wcmd] raw=[-0.033,-0.262,-0.018] w=[-0.063,-0.597,-0.110] err=[+0.029,+0.334] scaled=[+0.085,+1.075] s=5.00
[INFO] [1789409490.208420142] [acados_nmpc_node]: [attach-window] t=22.40s pos_err=0.039m T=19.47N z=6.038 m_est=2.064
[INFO] [1789409490.269817253] [acados_nmpc_node]: [attach-window] t=22.45s pos_err=0.042m T=19.63N z=6.041 m_est=2.064
[INFO] [1789409490.307950103] [acados_nmpc_node]: [attach-window] t=22.50s pos_err=0.044m T=19.65N z=6.042 m_est=2.064
[INFO] [1789409490.362945095] [acados_nmpc_node]: [attach-window] t=22.55s pos_err=0.046m T=19.68N z=6.044 m_est=2.064
[INFO] [1789409490.363501007] [acados_nmpc_node]: [wcmd] raw=[-0.007,-0.166,-0.015] w=[+0.107,-0.516,-0.097] err=[-0.114,+0.350] scaled=[-0.463,+1.234] s=5.00
[INFO] [1789409490.408196051] [acados_nmpc_node]: [attach-window] t=22.60s pos_err=0.047m T=19.66N z=6.044 m_est=2.064
[INFO] [1789409490.463043770] [acados_nmpc_node]: [attach-window] t=22.65s pos_err=0.047m T=19.84N z=6.045 m_est=2.064
[INFO] [1789409490.508254269] [acados_nmpc_node]: [attach-window] t=22.70s pos_err=0.047m T=19.82N z=6.045 m_est=2.064
[INFO] [1789409490.562532543] [acados_nmpc_node]: [attach-window] t=22.75s pos_err=0.047m T=19.95N z=6.044 m_est=2.064
[INFO] [1789409490.562945702] [acados_nmpc_node]: [wcmd] raw=[+0.025,-0.204,-0.017] w=[+0.008,-0.564,-0.097] err=[+0.018,+0.360] scaled=[+0.097,+1.238] s=5.00
[INFO] [1789409490.608142208] [acados_nmpc_node]: [attach-window] t=22.80s pos_err=0.046m T=19.95N z=6.043 m_est=2.064
[INFO] [1789409490.662440925] [acados_nmpc_node]: [attach-window] t=22.85s pos_err=0.044m T=20.08N z=6.042 m_est=2.064
[INFO] [1789409490.708746021] [acados_nmpc_node]: [attach-window] t=22.90s pos_err=0.043m T=20.11N z=6.041 m_est=2.064
[INFO] [1789409490.762518896] [acados_nmpc_node]: [attach-window] t=22.95s pos_err=0.041m T=20.25N z=6.038 m_est=2.064
[INFO] [1789409490.762935081] [acados_nmpc_node]: [wcmd] raw=[-0.017,-0.118,-0.013] w=[-0.122,-0.484,-0.087] err=[+0.106,+0.367] scaled=[+0.407,+1.348] s=5.00
[INFO] [1789409490.808163739] [acados_nmpc_node]: [attach-window] t=23.00s pos_err=0.040m T=20.27N z=6.037 m_est=2.064
[INFO] [1789409490.862211374] [acados_nmpc_node]: [attach-window] t=23.05s pos_err=0.038m T=20.27N z=6.035 m_est=2.064
[INFO] [1789409490.918418666] [acados_nmpc_node]: [attach-window] t=23.10s pos_err=0.037m T=20.27N z=6.034 m_est=2.064
[INFO] [1789409490.962182835] [acados_nmpc_node]: [attach-window] t=23.15s pos_err=0.036m T=20.32N z=6.031 m_est=2.064
[INFO] [1789409490.962599005] [acados_nmpc_node]: [wcmd] raw=[-0.030,-0.124,-0.003] w=[+0.059,-0.216,-0.051] err=[-0.089,+0.092] scaled=[-0.387,+0.244] s=5.00
[INFO] [1789409491.008587003] [acados_nmpc_node]: [attach-window] t=23.20s pos_err=0.035m T=20.42N z=6.030 m_est=2.064
[INFO] [1789409491.062710130] [acados_nmpc_node]: [attach-window] t=23.25s pos_err=0.034m T=20.22N z=6.028 m_est=2.064
[INFO] [1789409491.108053716] [acados_nmpc_node]: [attach-window] t=23.30s pos_err=0.034m T=20.22N z=6.028 m_est=2.064
[INFO] [1789409491.163751232] [acados_nmpc_node]: [attach-window] t=23.35s pos_err=0.034m T=19.80N z=6.027 m_est=2.064
[INFO] [1789409491.164165030] [acados_nmpc_node]: [wcmd] raw=[+0.040,+0.522,+0.027] w=[+0.085,+0.859,+0.137] err=[-0.044,-0.337] scaled=[-0.136,-0.824] s=5.00
[INFO] [1789409491.223211706] [acados_nmpc_node]: [attach-window] t=23.40s pos_err=0.035m T=19.85N z=6.027 m_est=2.064
[INFO] [1789409491.262454235] [acados_nmpc_node]: [attach-window] t=23.45s pos_err=0.036m T=19.94N z=6.028 m_est=2.064
[INFO] [1789409491.307870169] [acados_nmpc_node]: [attach-window] t=23.50s pos_err=0.037m T=19.94N z=6.028 m_est=2.064
[INFO] [1789409491.362183329] [acados_nmpc_node]: [attach-window] t=23.55s pos_err=0.039m T=20.13N z=6.029 m_est=2.064
[INFO] [1789409491.362586802] [acados_nmpc_node]: [wcmd] raw=[+0.029,-0.137,+0.016] w=[-0.116,+0.041,+0.013] err=[+0.144,-0.178] scaled=[+0.606,-0.849] s=5.00
[INFO] [1789409491.409514231] [acados_nmpc_node]: [attach-window] t=23.60s pos_err=0.040m T=20.22N z=6.029 m_est=2.064
[INFO] [1789409491.463134299] [acados_nmpc_node]: [attach-window] t=23.65s pos_err=0.041m T=20.50N z=6.028 m_est=2.064
[INFO] [1789409491.509179668] [acados_nmpc_node]: [attach-window] t=23.70s pos_err=0.041m T=20.57N z=6.027 m_est=2.064
[INFO] [1789409491.563729797] [acados_nmpc_node]: [attach-window] t=23.75s pos_err=0.042m T=20.51N z=6.025 m_est=2.064
[INFO] [1789409491.564161578] [acados_nmpc_node]: [wcmd] raw=[-0.017,+0.075,+0.259] w=[-0.038,+0.403,+0.130] err=[+0.022,-0.327] scaled=[+0.070,-1.233] s=5.00
[INFO] [1789409491.608914598] [acados_nmpc_node]: [attach-window] t=23.80s pos_err=0.042m T=20.47N z=6.024 m_est=2.064
[INFO] [1789409491.663742377] [acados_nmpc_node]: [attach-window] t=23.85s pos_err=0.042m T=20.45N z=6.023 m_est=2.064
[INFO] [1789409491.708935627] [acados_nmpc_node]: [attach-window] t=23.90s pos_err=0.041m T=20.37N z=6.023 m_est=2.064
[INFO] [1789409491.763904826] [acados_nmpc_node]: [attach-window] t=23.95s pos_err=0.041m T=20.23N z=6.022 m_est=2.064
[INFO] [1789409491.764321615] [acados_nmpc_node]: [wcmd] raw=[+0.009,+0.209,+0.342] w=[+0.041,+0.556,+0.259] err=[-0.032,-0.347] scaled=[-0.117,-1.181] s=5.00
[INFO] [1789409491.809263879] [acados_nmpc_node]: [attach-window] t=24.00s pos_err=0.041m T=20.12N z=6.023 m_est=2.064
[INFO] [1789409491.863565876] [acados_nmpc_node]: [attach-window] t=24.05s pos_err=0.040m T=20.14N z=6.024 m_est=2.064
[INFO] [1789409491.909079638] [acados_nmpc_node]: [attach-window] t=24.10s pos_err=0.039m T=20.12N z=6.024 m_est=2.064
[INFO] [1789409491.963352684] [acados_nmpc_node]: [attach-window] t=24.15s pos_err=0.037m T=20.08N z=6.025 m_est=2.064
[INFO] [1789409491.963771178] [acados_nmpc_node]: [wcmd] raw=[+0.009,+0.149,+0.509] w=[-0.130,+0.495,+0.352] err=[+0.138,-0.346] scaled=[+0.563,-1.235] s=5.00
[INFO] [1789409492.009194887] [acados_nmpc_node]: [attach-window] t=24.20s pos_err=0.036m T=20.07N z=6.025 m_est=2.064
[INFO] [1789409492.063278331] [acados_nmpc_node]: [attach-window] t=24.25s pos_err=0.034m T=20.06N z=6.026 m_est=2.064
[INFO] [1789409492.109073849] [acados_nmpc_node]: [attach-window] t=24.30s pos_err=0.033m T=20.08N z=6.026 m_est=2.064
[INFO] [1789409492.163438896] [acados_nmpc_node]: [attach-window] t=24.35s pos_err=0.031m T=20.14N z=6.026 m_est=2.064
[INFO] [1789409492.163879783] [acados_nmpc_node]: [wcmd] raw=[-0.016,+0.145,+0.844] w=[-0.122,+0.230,+0.451] err=[+0.106,-0.085] scaled=[+0.409,-0.196] s=5.00
[INFO] [1789409492.209138238] [acados_nmpc_node]: [attach-window] t=24.40s pos_err=0.030m T=20.22N z=6.026 m_est=2.064
[INFO] [1789409492.263561429] [acados_nmpc_node]: [attach-window] t=24.45s pos_err=0.028m T=20.23N z=6.025 m_est=2.064
[INFO] [1789409492.309007472] [acados_nmpc_node]: [attach-window] t=24.50s pos_err=0.027m T=20.25N z=6.025 m_est=2.064
[INFO] [1789409492.370324650] [acados_nmpc_node]: [attach-window] t=24.55s pos_err=0.026m T=20.22N z=6.024 m_est=2.064
[INFO] [1789409492.370642757] [acados_nmpc_node]: [wcmd] raw=[-0.077,-0.258,+1.063] w=[+0.166,-0.655,+0.542] err=[-0.243,+0.398] scaled=[-1.051,+1.334] s=5.00
[INFO] [1789409492.409391957] [acados_nmpc_node]: [attach-window] t=24.60s pos_err=0.024m T=21.03N z=6.022 m_est=2.064
[INFO] [1789409492.463343268] [acados_nmpc_node]: [attach-window] t=24.65s pos_err=0.017m T=21.72N z=6.013 m_est=2.064
[INFO] [1789409492.508595288] [acados_nmpc_node]: [attach-window] t=24.70s pos_err=0.015m T=21.83N z=6.009 m_est=2.064
[INFO] [1789409492.563306744] [acados_nmpc_node]: [attach-window] t=24.75s pos_err=0.014m T=22.00N z=5.999 m_est=2.064
[INFO] [1789409492.563713467] [acados_nmpc_node]: [wcmd] raw=[+0.073,-0.072,+0.893] w=[+0.390,-0.394,+0.870] err=[-0.318,+0.322] scaled=[-1.198,+1.214] s=5.00
[INFO] [1789409492.609002616] [acados_nmpc_node]: [attach-window] t=24.80s pos_err=0.016m T=22.28N z=5.994 m_est=2.064
[INFO] [1789409492.663037450] [acados_nmpc_node]: [attach-window] t=24.85s pos_err=0.025m T=22.43N z=5.982 m_est=2.064
[INFO] [1789409492.708891374] [acados_nmpc_node]: [attach-window] t=24.90s pos_err=0.029m T=22.22N z=5.978 m_est=2.064
[INFO] [1789409492.792451422] [acados_nmpc_node]: [attach-window] t=24.95s pos_err=0.034m T=21.55N z=5.973 m_est=2.064
[INFO] [1789409492.792868890] [acados_nmpc_node]: [wcmd] raw=[+0.057,+0.074,+0.344] w=[-0.159,-0.399,+0.928] err=[+0.216,+0.472] scaled=[+0.892,+1.900] s=5.00
[INFO] [1789409492.809020879] [acados_nmpc_node]: [attach-window] t=25.00s pos_err=0.035m T=21.19N z=5.972 m_est=2.064
[INFO] [1789409492.862963567] [acados_nmpc_node]: [attach-window] t=25.05s pos_err=0.034m T=20.74N z=5.974 m_est=2.064
[INFO] [1789409492.908809149] [acados_nmpc_node]: [attach-window] t=25.10s pos_err=0.033m T=20.65N z=5.976 m_est=2.064
[INFO] [1789409492.963273211] [acados_nmpc_node]: [attach-window] t=25.15s pos_err=0.029m T=20.51N z=5.981 m_est=2.064
[INFO] [1789409492.975981033] [acados_nmpc_node]: [wcmd] raw=[-0.102,-0.021,+0.172] w=[-0.242,+0.220,+0.790] err=[+0.140,-0.241] scaled=[+0.460,-0.985] s=5.00
[INFO] [1789409493.008805686] [acados_nmpc_node]: [attach-window] t=25.20s pos_err=0.026m T=20.44N z=5.984 m_est=2.064
[INFO] [1789409493.063288912] [acados_nmpc_node]: [attach-window] t=25.25s pos_err=0.021m T=20.18N z=5.990 m_est=2.064
[INFO] [1789409493.109175919] [acados_nmpc_node]: [attach-window] t=25.30s pos_err=0.019m T=20.54N z=5.993 m_est=2.064
[INFO] [1789409493.163727207] [acados_nmpc_node]: [attach-window] t=25.35s pos_err=0.015m T=20.86N z=5.996 m_est=2.064
[INFO] [1789409493.175976632] [acados_nmpc_node]: [wcmd] raw=[+0.026,+0.177,-0.109] w=[+0.402,+0.664,+0.512] err=[-0.377,-0.487] scaled=[-1.481,-1.771] s=5.00
[INFO] [1789409493.208646200] [acados_nmpc_node]: [attach-window] t=25.40s pos_err=0.014m T=21.46N z=5.996 m_est=2.064
[INFO] [1789409493.263337050] [acados_nmpc_node]: [attach-window] t=25.45s pos_err=0.016m T=22.07N z=5.992 m_est=2.064
[INFO] [1789409493.308983373] [acados_nmpc_node]: [attach-window] t=25.50s pos_err=0.019m T=22.37N z=5.989 m_est=2.064
[INFO] [1789409493.363387646] [acados_nmpc_node]: [attach-window] t=25.55s pos_err=0.026m T=22.43N z=5.982 m_est=2.064
[INFO] [1789409493.375960261] [acados_nmpc_node]: [wcmd] raw=[+0.009,+0.107,-0.424] w=[+0.119,+0.568,+0.151] err=[-0.110,-0.461] scaled=[-0.430,-1.738] s=5.00
[INFO] [1789409493.408628103] [acados_nmpc_node]: [attach-window] t=25.60s pos_err=0.030m T=22.53N z=5.978 m_est=2.064
[INFO] [1789409493.461437998] [acados_nmpc_node]: [attach-window] t=25.65s pos_err=0.039m T=22.51N z=5.971 m_est=2.064
[INFO] [1789409493.509219205] [acados_nmpc_node]: [attach-window] t=25.70s pos_err=0.042m T=22.43N z=5.969 m_est=2.064
[INFO] [1789409493.563918614] [acados_nmpc_node]: [attach-window] t=25.75s pos_err=0.047m T=22.04N z=5.966 m_est=2.065
[INFO] [1789409493.575961574] [acados_nmpc_node]: [wcmd] raw=[+0.003,+0.128,-0.650] w=[+0.074,+0.562,-0.161] err=[-0.070,-0.434] scaled=[-0.278,-1.606] s=5.00
[INFO] [1789409493.608724573] [acados_nmpc_node]: [attach-window] t=25.80s pos_err=0.048m T=21.85N z=5.967 m_est=2.065
[INFO] [1789409493.664662197] [acados_nmpc_node]: [attach-window] t=25.85s pos_err=0.050m T=21.52N z=5.969 m_est=2.067
[INFO] [1789409493.709112519] [acados_nmpc_node]: [attach-window] t=25.90s pos_err=0.047m T=21.27N z=5.972 m_est=2.068
[INFO] [1789409493.763686764] [acados_nmpc_node]: [attach-window] t=25.95s pos_err=0.046m T=20.87N z=5.979 m_est=2.069
[INFO] [1789409493.775925888] [acados_nmpc_node]: [wcmd] raw=[+0.038,+0.035,-0.577] w=[+0.208,+0.405,-0.459] err=[-0.171,-0.370] scaled=[-0.646,-1.443] s=5.00
[INFO] [1789409493.809004066] [acados_nmpc_node]: [attach-window] t=26.00s pos_err=0.041m T=20.74N z=5.983 m_est=2.071
[INFO] [1789409493.863175246] [acados_nmpc_node]: [attach-window] t=26.05s pos_err=0.043m T=20.50N z=5.994 m_est=2.073
[INFO] [1789409493.928150749] [acados_nmpc_node]: [attach-window] t=26.10s pos_err=0.036m T=20.47N z=5.999 m_est=2.074
[INFO] [1789409493.928641743] [acados_nmpc_node]: t=26.1s | pos_err=0.036m | T=20.47N | tau=[r0.167 p0.500 y0.072]Nm | res_stat=9.934e-07(peak 2.252e-06) sqp_iter=49 | solve=21.5ms
[INFO] [1789409493.928845617] [acados_nmpc_node]: [flight-diag] t=26.1s | om_scale=5.000(lo 5.000 hi 5.000) | tilt_max=5.52deg | w_max=[r0.402 p0.873 y1.124]rad/s | u_frac=[T0.719 r1.000 p1.000 y1.000] | u_sat=[T0.0 r4.0 p53.0 y20.0]% | mot_peak=1.000 mot_sat=21.6% | health=1 age=0.000s conf=0.000 | n=100
[INFO] [1789409493.963199954] [acados_nmpc_node]: [attach-window] t=26.15s pos_err=0.039m T=20.29N z=6.009 m_est=2.076
[INFO] [1789409493.976038778] [acados_nmpc_node]: [wcmd] raw=[+0.105,+0.106,-0.422] w=[-0.008,-0.053,-0.631] err=[+0.112,+0.160] scaled=[+0.553,+0.745] s=5.00
[INFO] [1789409494.009146093] [acados_nmpc_node]: [attach-window] t=26.20s pos_err=0.030m T=20.30N z=6.015 m_est=2.077
[INFO] [1789409494.063574965] [acados_nmpc_node]: [attach-window] t=26.25s pos_err=0.045m T=19.89N z=6.025 m_est=2.078
[INFO] [1789409494.108995063] [acados_nmpc_node]: [attach-window] t=26.30s pos_err=0.034m T=20.06N z=6.030 m_est=2.079
[INFO] [1789409494.161194285] [acados_nmpc_node]: [attach-window] t=26.35s pos_err=0.046m T=19.99N z=6.040 m_est=2.080
[INFO] [1789409494.175968464] [acados_nmpc_node]: [wcmd] raw=[+0.044,-0.215,-0.259] w=[-0.080,-0.705,-0.701] err=[+0.124,+0.491] scaled=[+0.542,+1.748] s=5.00
[INFO] [1789409494.208894374] [acados_nmpc_node]: [attach-window] t=26.40s pos_err=0.033m T=19.86N z=6.045 m_est=2.081
[INFO] [1789409494.263585946] [acados_nmpc_node]: [attach-window] t=26.45s pos_err=0.056m T=19.50N z=6.056 m_est=2.081
[INFO] [1789409494.308946558] [acados_nmpc_node]: [attach-window] t=26.50s pos_err=0.044m T=19.71N z=6.060 m_est=2.081
[INFO] [1789409494.363443993] [acados_nmpc_node]: [attach-window] t=26.55s pos_err=0.058m T=19.85N z=6.070 m_est=2.080
[INFO] [1789409494.375997289] [acados_nmpc_node]: [wcmd] raw=[+0.045,-0.144,-0.136] w=[+0.309,-0.625,-0.533] err=[-0.264,+0.481] scaled=[-1.013,+1.779] s=5.00
[INFO] [1789409494.408696124] [acados_nmpc_node]: [attach-window] t=26.60s pos_err=0.044m T=20.02N z=6.074 m_est=2.080
[INFO] [1789409494.463375803] [acados_nmpc_node]: [attach-window] t=26.65s pos_err=0.068m T=19.89N z=6.081 m_est=2.079
[INFO] [1789409494.508714710] [acados_nmpc_node]: [attach-window] t=26.70s pos_err=0.053m T=20.13N z=6.084 m_est=2.078
[INFO] [1789409494.580684627] [acados_nmpc_node]: [attach-window] t=26.75s pos_err=0.065m T=20.15N z=6.090 m_est=2.077
[INFO] [1789409494.595956281] [acados_nmpc_node]: [wcmd] raw=[+0.072,-0.008,-0.084] w=[+0.224,-0.037,-0.230] err=[-0.152,+0.030] scaled=[-0.536,+0.111] s=5.00
[INFO] [1789409494.608566108] [acados_nmpc_node]: [attach-window] t=26.80s pos_err=0.048m T=20.14N z=6.094 m_est=2.075
[INFO] [1789409494.663408316] [acados_nmpc_node]: [attach-window] t=26.85s pos_err=0.072m T=19.79N z=6.102 m_est=2.074
[INFO] [1789409494.708632649] [acados_nmpc_node]: [attach-window] t=26.90s pos_err=0.054m T=19.99N z=6.106 m_est=2.073
[INFO] [1789409494.783588610] [acados_nmpc_node]: [attach-window] t=26.95s pos_err=0.066m T=20.04N z=6.114 m_est=2.072
[INFO] [1789409494.808548002] [acados_nmpc_node]: [attach-window] t=27.00s pos_err=0.048m T=20.03N z=6.119 m_est=2.071
[INFO] [1789409494.815914809] [acados_nmpc_node]: [wcmd] raw=[+0.100,+0.041,-0.152] w=[+0.114,+0.400,-0.084] err=[-0.014,-0.359] scaled=[+0.042,-1.393] s=5.00
[INFO] [1789409494.863526011] [acados_nmpc_node]: [attach-window] t=27.05s pos_err=0.071m T=19.83N z=6.128 m_est=2.070
[INFO] [1789409494.908438009] [acados_nmpc_node]: [attach-window] t=27.10s pos_err=0.052m T=19.99N z=6.133 m_est=2.069
[INFO] [1789409494.984135063] [acados_nmpc_node]: [attach-window] t=27.15s pos_err=0.064m T=20.07N z=6.142 m_est=2.068
[INFO] [1789409495.008617691] [acados_nmpc_node]: [attach-window] t=27.20s pos_err=0.045m T=20.05N z=6.146 m_est=2.068
[INFO] [1789409495.035946779] [acados_nmpc_node]: [wcmd] raw=[+0.030,+0.097,-0.253] w=[-0.088,+0.383,-0.077] err=[+0.118,-0.286] scaled=[+0.500,-1.047] s=5.00
[INFO] [1789409495.063400247] [acados_nmpc_node]: [attach-window] t=27.25s pos_err=0.068m T=19.92N z=6.156 m_est=2.067
[INFO] [1789409495.108964033] [acados_nmpc_node]: [attach-window] t=27.30s pos_err=0.049m T=20.07N z=6.160 m_est=2.067
[INFO] [1789409495.163551773] [acados_nmpc_node]: [attach-window] t=27.35s pos_err=0.060m T=20.19N z=6.169 m_est=2.066
[INFO] [1789409495.209162163] [acados_nmpc_node]: [attach-window] t=27.40s pos_err=0.045m T=20.26N z=6.173 m_est=2.066
[INFO] [1789409495.235931611] [acados_nmpc_node]: [wcmd] raw=[+0.038,+0.093,-0.366] w=[+0.139,+0.106,-0.159] err=[-0.101,-0.014] scaled=[-0.366,+0.038] s=5.00
[INFO] [1789409495.263591492] [acados_nmpc_node]: [attach-window] t=27.45s pos_err=0.062m T=20.25N z=6.182 m_est=2.066
[INFO] [1789409495.309032857] [acados_nmpc_node]: [attach-window] t=27.50s pos_err=0.047m T=20.43N z=6.186 m_est=2.066
[INFO] [1789409495.362980250] [acados_nmpc_node]: [attach-window] t=27.55s pos_err=0.055m T=20.34N z=6.194 m_est=2.065
[INFO] [1789409495.421511160] [acados_nmpc_node]: [attach-window] t=27.60s pos_err=0.047m T=20.36N z=6.198 m_est=2.065
[INFO] [1789409495.435925394] [acados_nmpc_node]: [wcmd] raw=[+0.149,+0.034,-0.478] w=[+0.236,-0.193,-0.308] err=[-0.088,+0.227] scaled=[-0.202,+0.942] s=5.00
[INFO] [1789409495.462983451] [acados_nmpc_node]: [attach-window] t=27.65s pos_err=0.058m T=20.27N z=6.208 m_est=2.065
[INFO] [1789409495.508972997] [acados_nmpc_node]: [attach-window] t=27.70s pos_err=0.052m T=20.40N z=6.212 m_est=2.065
[INFO] [1789409495.563307140] [acados_nmpc_node]: [attach-window] t=27.75s pos_err=0.062m T=20.52N z=6.221 m_est=2.065
[INFO] [1789409495.608888846] [acados_nmpc_node]: [attach-window] t=27.80s pos_err=0.059m T=20.84N z=6.224 m_est=2.065
[INFO] [1789409495.635930400] [acados_nmpc_node]: [wcmd] raw=[+0.048,-0.105,-0.563] w=[-0.238,-0.965,-0.566] err=[+0.286,+0.860] scaled=[+0.715,+1.900] s=5.00
[INFO] [1789409495.664438364] [acados_nmpc_node]: [attach-window] t=27.85s pos_err=0.061m T=20.78N z=6.232 m_est=2.065
[INFO] [1789409495.709133434] [acados_nmpc_node]: [attach-window] t=27.90s pos_err=0.065m T=20.73N z=6.236 m_est=2.065
[INFO] [1789409495.763863641] [acados_nmpc_node]: [attach-window] t=27.95s pos_err=0.066m T=20.69N z=6.243 m_est=2.065
[INFO] [1789409495.808998766] [acados_nmpc_node]: [attach-window] t=28.00s pos_err=0.078m T=20.66N z=6.247 m_est=2.064
[INFO] [1789409495.836014114] [acados_nmpc_node]: [wcmd] raw=[-0.010,+0.233,-0.571] w=[+0.049,-0.093,-0.497] err=[-0.059,+0.326] scaled=[-0.248,+1.537] s=5.00
[INFO] [1789409495.863497607] [acados_nmpc_node]: [attach-window] t=28.05s pos_err=0.075m T=20.58N z=6.257 m_est=2.064
[INFO] [1789409495.908595510] [acados_nmpc_node]: [attach-window] t=28.10s pos_err=0.088m T=20.71N z=6.262 m_est=2.064
[INFO] [1789409495.963507168] [acados_nmpc_node]: [attach-window] t=28.15s pos_err=0.088m T=20.65N z=6.272 m_est=2.064
[INFO] [1789409496.009015090] [acados_nmpc_node]: [attach-window] t=28.20s pos_err=0.106m T=20.62N z=6.277 m_est=2.064
[INFO] [1789409496.035942963] [acados_nmpc_node]: [wcmd] raw=[+0.184,-0.109,-0.595] w=[+0.211,-0.698,-0.650] err=[-0.027,+0.588] scaled=[+0.093,+1.900] s=5.00
[INFO] [1789409496.064319449] [acados_nmpc_node]: [attach-window] t=28.25s pos_err=0.097m T=20.14N z=6.291 m_est=2.064
[INFO] [1789409496.108645641] [acados_nmpc_node]: [attach-window] t=28.30s pos_err=0.114m T=20.11N z=6.297 m_est=2.064
[INFO] [1789409496.200248543] [acados_nmpc_node]: [attach-window] t=28.35s pos_err=0.103m T=19.84N z=6.313 m_est=2.064
[INFO] [1789409496.208623650] [acados_nmpc_node]: [attach-window] t=28.40s pos_err=0.119m T=19.97N z=6.320 m_est=2.064
[INFO] [1789409496.264906930] [acados_nmpc_node]: [attach-window] t=28.45s pos_err=0.114m T=20.16N z=6.335 m_est=2.064
[INFO] [1789409496.276004452] [acados_nmpc_node]: [wcmd] raw=[+0.205,-0.620,-0.565] w=[-0.226,-1.028,-0.746] err=[+0.431,+0.408] scaled=[+1.900,+0.983] s=5.00
[INFO] [1789409496.309377682] [acados_nmpc_node]: [attach-window] t=28.50s pos_err=0.132m T=19.88N z=6.341 m_est=2.064
[INFO] [1789409496.363966731] [acados_nmpc_node]: [attach-window] t=28.55s pos_err=0.124m T=20.14N z=6.353 m_est=2.064
[INFO] [1789409496.409419010] [acados_nmpc_node]: [attach-window] t=28.60s pos_err=0.144m T=20.16N z=6.359 m_est=2.064
[INFO] [1789409496.463352669] [acados_nmpc_node]: [attach-window] t=28.65s pos_err=0.127m T=20.27N z=6.371 m_est=2.064
[INFO] [1789409496.475957115] [acados_nmpc_node]: [wcmd] raw=[-0.063,+0.256,-0.537] w=[+0.118,+0.110,-0.552] err=[-0.182,+0.146] scaled=[-0.789,+0.841] s=5.00
[INFO] [1789409496.509186820] [acados_nmpc_node]: [attach-window] t=28.70s pos_err=0.145m T=20.58N z=6.376 m_est=2.064
[INFO] [1789409496.592055967] [acados_nmpc_node]: [attach-window] t=28.75s pos_err=0.136m T=20.49N z=6.387 m_est=2.064
[INFO] [1789409496.609219602] [acados_nmpc_node]: [attach-window] t=28.80s pos_err=0.158m T=20.64N z=6.392 m_est=2.064
[INFO] [1789409496.663737524] [acados_nmpc_node]: [attach-window] t=28.85s pos_err=0.138m T=20.20N z=6.406 m_est=2.064
[INFO] [1789409496.695970309] [acados_nmpc_node]: [wcmd] raw=[+0.180,-0.116,-0.538] w=[+0.390,+0.077,-0.543] err=[-0.211,-0.194] scaled=[-0.663,-0.892] s=5.00
[INFO] [1789409496.708699692] [acados_nmpc_node]: [attach-window] t=28.90s pos_err=0.159m T=20.11N z=6.412 m_est=2.064
[INFO] [1789409496.764215044] [acados_nmpc_node]: [attach-window] t=28.95s pos_err=0.148m T=19.72N z=6.426 m_est=2.064
[INFO] [1789409496.808614642] [acados_nmpc_node]: [attach-window] t=29.00s pos_err=0.168m T=20.14N z=6.433 m_est=2.064
[INFO] [1789409496.863641380] [acados_nmpc_node]: [attach-window] t=29.05s pos_err=0.145m T=20.03N z=6.448 m_est=2.064
[INFO] [1789409496.895968004] [acados_nmpc_node]: [wcmd] raw=[+0.084,-0.192,-0.502] w=[-0.136,-0.182,-0.608] err=[+0.220,-0.010] scaled=[+0.963,-0.234] s=5.00
[INFO] [1789409496.908574288] [acados_nmpc_node]: [attach-window] t=29.10s pos_err=0.162m T=19.99N z=6.454 m_est=2.064
[INFO] [1789409496.981259495] [acados_nmpc_node]: [attach-window] t=29.15s pos_err=0.148m T=19.62N z=6.467 m_est=2.064
[INFO] [1789409497.008609263] [acados_nmpc_node]: [attach-window] t=29.20s pos_err=0.164m T=19.86N z=6.473 m_est=2.064
[INFO] [1789409497.063483199] [acados_nmpc_node]: [attach-window] t=29.25s pos_err=0.140m T=19.92N z=6.487 m_est=2.064
[INFO] [1789409497.108506359] [acados_nmpc_node]: [attach-window] t=29.30s pos_err=0.153m T=20.09N z=6.493 m_est=2.064
[INFO] [1789409497.115941613] [acados_nmpc_node]: [wcmd] raw=[-0.028,-0.041,-0.456] w=[-0.207,+0.368,-0.444] err=[+0.179,-0.409] scaled=[+0.690,-1.677] s=5.00
[INFO] [1789409497.163582219] [acados_nmpc_node]: [attach-window] t=29.35s pos_err=0.137m T=19.90N z=6.503 m_est=2.064
[INFO] [1789409497.208628247] [acados_nmpc_node]: [attach-window] t=29.40s pos_err=0.149m T=20.10N z=6.508 m_est=2.064
[INFO] [1789409497.281544249] [acados_nmpc_node]: [attach-window] t=29.45s pos_err=0.126m T=20.00N z=6.519 m_est=2.064
[INFO] [1789409497.308919261] [acados_nmpc_node]: [attach-window] t=29.50s pos_err=0.134m T=19.93N z=6.524 m_est=2.064
[INFO] [1789409497.336008661] [acados_nmpc_node]: [wcmd] raw=[+0.040,-0.052,-0.438] w=[+0.307,+0.587,-0.345] err=[-0.267,-0.639] scaled=[-0.733,-1.900] s=5.00
[INFO] [1789409497.364324638] [acados_nmpc_node]: [attach-window] t=29.55s pos_err=0.117m T=19.27N z=6.536 m_est=2.064
[INFO] [1789409497.408926219] [acados_nmpc_node]: [attach-window] t=29.60s pos_err=0.130m T=19.93N z=6.540 m_est=2.064
[INFO] [1789409497.463556248] [acados_nmpc_node]: [attach-window] t=29.65s pos_err=0.112m T=20.03N z=6.551 m_est=2.064
[INFO] [1789409497.508693892] [acados_nmpc_node]: [attach-window] t=29.70s pos_err=0.117m T=20.08N z=6.556 m_est=2.064
[INFO] [1789409497.535992674] [acados_nmpc_node]: [wcmd] raw=[+0.124,-0.113,-0.447] w=[+0.075,+0.257,-0.414] err=[+0.049,-0.370] scaled=[+0.321,-1.593] s=5.00
[INFO] [1789409497.563662178] [acados_nmpc_node]: [attach-window] t=29.75s pos_err=0.106m T=19.85N z=6.564 m_est=2.064
[INFO] [1789409497.608769525] [acados_nmpc_node]: [attach-window] t=29.80s pos_err=0.113m T=20.06N z=6.569 m_est=2.064
[INFO] [1789409497.663598029] [acados_nmpc_node]: [attach-window] t=29.85s pos_err=0.099m T=20.18N z=6.578 m_est=2.064
[INFO] [1789409497.708550870] [acados_nmpc_node]: [attach-window] t=29.90s pos_err=0.103m T=20.16N z=6.582 m_est=2.064
[INFO] [1789409497.735951524] [acados_nmpc_node]: [wcmd] raw=[-0.060,+0.032,-0.427] w=[-0.265,+0.339,-0.370] err=[+0.205,-0.307] scaled=[+0.760,-1.197] s=5.00
[INFO] [1789409497.763706243] [acados_nmpc_node]: [attach-window] t=29.95s pos_err=0.095m T=20.05N z=6.589 m_est=2.064
[INFO] [1789409497.808583212] [acados_nmpc_node]: [attach-window] t=30.00s pos_err=0.103m T=20.13N z=6.593 m_est=2.064
[INFO] [1789409497.863681480] [acados_nmpc_node]: [attach-window] t=30.05s pos_err=0.090m T=20.07N z=6.602 m_est=2.064
[INFO] [1789409497.909282220] [acados_nmpc_node]: [attach-window] t=30.10s pos_err=0.098m T=19.96N z=6.606 m_est=2.064
[INFO] [1789409497.935965991] [acados_nmpc_node]: [wcmd] raw=[-0.048,+0.076,-0.437] w=[+0.190,+0.302,-0.337] err=[-0.237,-0.225] scaled=[-0.997,-0.826] s=5.00
[INFO] [1789409497.963840088] [acados_nmpc_node]: [attach-window] t=30.15s pos_err=0.090m T=19.90N z=6.613 m_est=2.064
[INFO] [1789409498.008573393] [acados_nmpc_node]: [attach-window] t=30.20s pos_err=0.096m T=19.99N z=6.618 m_est=2.064
[INFO] [1789409498.063465436] [acados_nmpc_node]: [attach-window] t=30.25s pos_err=0.089m T=20.03N z=6.625 m_est=2.064
[INFO] [1789409498.109182205] [acados_nmpc_node]: [attach-window] t=30.30s pos_err=0.107m T=19.98N z=6.628 m_est=2.064
[INFO] [1789409498.135984950] [acados_nmpc_node]: [wcmd] raw=[+0.096,+0.032,-0.464] w=[+0.188,+0.004,-0.423] err=[-0.092,+0.029] scaled=[-0.272,+0.147] s=5.00
[INFO] [1789409498.163784532] [acados_nmpc_node]: [attach-window] t=30.35s pos_err=0.098m T=19.95N z=6.634 m_est=2.064
[INFO] [1789409498.209386834] [acados_nmpc_node]: [attach-window] t=30.40s pos_err=0.122m T=20.07N z=6.637 m_est=2.064
[INFO] [1789409498.263471003] [acados_nmpc_node]: [attach-window] t=30.45s pos_err=0.099m T=20.11N z=6.643 m_est=2.064
[INFO] [1789409498.309854628] [acados_nmpc_node]: [attach-window] t=30.50s pos_err=0.124m T=20.23N z=6.645 m_est=2.064
[INFO] [1789409498.336133098] [acados_nmpc_node]: [wcmd] raw=[-0.011,-0.048,-0.491] w=[-0.247,-0.293,-0.518] err=[+0.236,+0.246] scaled=[+0.935,+0.934] s=5.00
[INFO] [1789409498.363864921] [acados_nmpc_node]: [attach-window] t=30.55s pos_err=0.112m T=20.35N z=6.648 m_est=2.064
[INFO] [1789409498.409151304] [acados_nmpc_node]: [attach-window] t=30.60s pos_err=0.138m T=20.45N z=6.649 m_est=2.064
[INFO] [1789409498.462002432] [acados_nmpc_node]: [attach-window] t=30.65s pos_err=0.106m T=20.29N z=6.651 m_est=2.064
[INFO] [1789409498.508390317] [acados_nmpc_node]: [attach-window] t=30.70s pos_err=0.134m T=20.40N z=6.652 m_est=2.064
[INFO] [1789409498.536020025] [acados_nmpc_node]: [wcmd] raw=[-0.017,-0.265,-0.532] w=[+0.018,-0.863,-0.631] err=[-0.035,+0.599] scaled=[-0.143,+1.900] s=5.00
[INFO] [1789409498.562041252] [acados_nmpc_node]: [attach-window] t=30.75s pos_err=0.116m T=20.52N z=6.654 m_est=2.064
[INFO] [1789409498.610061247] [acados_nmpc_node]: [attach-window] t=30.80s pos_err=0.145m T=20.14N z=6.655 m_est=2.064
[INFO] [1789409498.664145933] [acados_nmpc_node]: [attach-window] t=30.85s pos_err=0.113m T=19.89N z=6.659 m_est=2.064
[INFO] [1789409498.709649436] [acados_nmpc_node]: [attach-window] t=30.90s pos_err=0.139m T=19.94N z=6.661 m_est=2.064
[INFO] [1789409498.736075518] [acados_nmpc_node]: [wcmd] raw=[+0.097,-0.164,-0.591] w=[+0.212,-0.538,-0.563] err=[-0.115,+0.374] scaled=[-0.363,+1.334] s=5.00
[INFO] [1789409498.764764668] [acados_nmpc_node]: [attach-window] t=30.95s pos_err=0.123m T=19.99N z=6.664 m_est=2.064
[INFO] [1789409498.809686100] [acados_nmpc_node]: [attach-window] t=31.00s pos_err=0.149m T=19.83N z=6.666 m_est=2.064
[INFO] [1789409498.872615301] [acados_nmpc_node]: [attach-window] t=31.06s pos_err=0.118m T=19.82N z=6.669 m_est=2.064
[INFO] [1789409498.909941249] [acados_nmpc_node]: [attach-window] t=31.10s pos_err=0.141m T=19.89N z=6.670 m_est=2.064
[INFO] [1789409498.910459360] [acados_nmpc_node]: t=31.1s | pos_err=0.141m | T=19.89N | tau=[r0.176 p-0.414 y-0.089]Nm | res_stat=3.823e-08(peak 2.252e-06) sqp_iter=7 | solve=3.3ms
[INFO] [1789409498.910673892] [acados_nmpc_node]: [flight-diag] t=31.1s | om_scale=5.000(lo 5.000 hi 5.000) | tilt_max=10.27deg | w_max=[r0.487 p1.028 y0.746]rad/s | u_frac=[T0.665 r1.000 p1.000 y0.864] | u_sat=[T0.0 r7.0 p51.0 y0.0]% | mot_peak=1.000 mot_sat=17.8% | health=1 age=0.000s conf=0.000 | n=100
[INFO] [1789409498.936045945] [acados_nmpc_node]: [wcmd] raw=[+0.081,-0.241,-0.717] w=[-0.118,-0.380,-0.564] err=[+0.200,+0.139] scaled=[+0.880,+0.313] s=5.00
[INFO] [1789409498.966394187] [acados_nmpc_node]: [attach-window] t=31.15s pos_err=0.125m T=20.01N z=6.672 m_est=2.064
[INFO] [1789409499.011623602] [acados_nmpc_node]: [attach-window] t=31.20s pos_err=0.149m T=19.97N z=6.672 m_est=2.064
[INFO] [1789409499.064276426] [acados_nmpc_node]: [attach-window] t=31.25s pos_err=0.118m T=20.02N z=6.672 m_est=2.064
[INFO] [1789409499.120845244] [acados_nmpc_node]: [attach-window] t=31.30s pos_err=0.141m T=20.13N z=6.672 m_est=2.064
[INFO] [1789409499.135980477] [acados_nmpc_node]: [wcmd] raw=[-0.040,-0.218,-0.888] w=[-0.065,-0.103,-0.631] err=[+0.026,-0.115] scaled=[+0.062,-0.678] s=5.00
[INFO] [1789409499.164617572] [acados_nmpc_node]: [attach-window] t=31.35s pos_err=0.125m T=20.40N z=6.669 m_est=2.064
[INFO] [1789409499.209993537] [acados_nmpc_node]: [attach-window] t=31.40s pos_err=0.147m T=20.52N z=6.668 m_est=2.064
[INFO] [1789409499.264242032] [acados_nmpc_node]: [attach-window] t=31.45s pos_err=0.119m T=20.56N z=6.663 m_est=2.064
[INFO] [1789409499.309550098] [acados_nmpc_node]: [attach-window] t=31.50s pos_err=0.140m T=20.63N z=6.660 m_est=2.064
[INFO] [1789409499.336005850] [acados_nmpc_node]: [wcmd] raw=[+0.090,+0.114,-1.086] w=[+0.501,+0.603,-0.668] err=[-0.411,-0.490] scaled=[-1.553,-1.846] s=5.00
[INFO] [1789409499.364469770] [acados_nmpc_node]: [attach-window] t=31.55s pos_err=0.126m T=20.69N z=6.655 m_est=2.064
[INFO] [1789409499.409857258] [acados_nmpc_node]: [attach-window] t=31.60s pos_err=0.146m T=21.60N z=6.651 m_est=2.064
[INFO] [1789409499.464463454] [acados_nmpc_node]: [attach-window] t=31.65s pos_err=0.122m T=22.24N z=6.637 m_est=2.064
[INFO] [1789409499.509270468] [acados_nmpc_node]: [attach-window] t=31.70s pos_err=0.141m T=22.19N z=6.630 m_est=2.064
[INFO] [1789409499.536011434] [acados_nmpc_node]: [wcmd] raw=[+0.080,-0.045,-1.326] w=[+0.024,+0.190,-0.941] err=[+0.056,-0.235] scaled=[+0.305,-0.985] s=5.00
[INFO] [1789409499.564649213] [acados_nmpc_node]: [attach-window] t=31.75s pos_err=0.120m T=21.99N z=6.615 m_est=2.064
[INFO] [1789409499.609265422] [acados_nmpc_node]: [attach-window] t=31.80s pos_err=0.146m T=21.94N z=6.611 m_est=2.064
[INFO] [1789409499.664222954] [acados_nmpc_node]: [attach-window] t=31.85s pos_err=0.127m T=21.91N z=6.598 m_est=2.064
[INFO] [1789409499.709269600] [acados_nmpc_node]: [attach-window] t=31.90s pos_err=0.141m T=21.65N z=6.594 m_est=2.064
[INFO] [1789409499.735961104] [acados_nmpc_node]: [wcmd] raw=[-0.002,-0.010,-1.501] w=[-0.055,+0.124,-1.146] err=[+0.053,-0.134] scaled=[+0.208,-0.548] s=5.00
[INFO] [1789409499.764368265] [acados_nmpc_node]: [attach-window] t=31.95s pos_err=0.130m T=21.17N z=6.587 m_est=2.064
[INFO] [1789409499.810037716] [acados_nmpc_node]: [attach-window] t=32.00s pos_err=0.134m T=20.93N z=6.584 m_est=2.064
[INFO] [1789409499.864569619] [acados_nmpc_node]: [attach-window] t=32.05s pos_err=0.125m T=20.65N z=6.580 m_est=2.064
[INFO] [1789409499.909193579] [acados_nmpc_node]: [attach-window] t=32.10s pos_err=0.133m T=20.52N z=6.579 m_est=2.064
[INFO] [1789409499.935969692] [acados_nmpc_node]: [wcmd] raw=[+0.063,-0.003,-1.571] w=[+0.221,-0.038,-1.354] err=[-0.158,+0.035] scaled=[-0.567,+0.137] s=5.00
[INFO] [1789409499.964179709] [acados_nmpc_node]: [attach-window] t=32.15s pos_err=0.121m T=20.17N z=6.577 m_est=2.064
[INFO] [1789409500.009738842] [acados_nmpc_node]: [attach-window] t=32.20s pos_err=0.125m T=20.17N z=6.577 m_est=2.064
[INFO] [1789409500.063930897] [acados_nmpc_node]: [attach-window] t=32.25s pos_err=0.119m T=20.31N z=6.575 m_est=2.064
[INFO] [1789409500.108973759] [acados_nmpc_node]: [attach-window] t=32.30s pos_err=0.121m T=20.31N z=6.573 m_est=2.064
[INFO] [1789409500.136007123] [acados_nmpc_node]: [wcmd] raw=[+0.127,+0.042,-1.441] w=[+0.090,-0.147,-1.512] err=[+0.037,+0.190] scaled=[+0.273,+0.801] s=5.00
[INFO] [1789409500.163677513] [acados_nmpc_node]: [attach-window] t=32.35s pos_err=0.115m T=20.28N z=6.569 m_est=2.064
[INFO] [1789409500.208788006] [acados_nmpc_node]: [attach-window] t=32.40s pos_err=0.116m T=20.39N z=6.566 m_est=2.064
[INFO] [1789409500.264139503] [acados_nmpc_node]: [attach-window] t=32.45s pos_err=0.109m T=20.44N z=6.558 m_est=2.064
[INFO] [1789409500.308929846] [acados_nmpc_node]: [attach-window] t=32.50s pos_err=0.106m T=20.60N z=6.555 m_est=2.064
[INFO] [1789409500.335989713] [acados_nmpc_node]: [wcmd] raw=[+0.030,-0.077,-1.147] w=[-0.217,-0.763,-1.634] err=[+0.247,+0.686] scaled=[+0.743,+1.900] s=5.00
[INFO] [1789409500.364840084] [acados_nmpc_node]: [attach-window] t=32.55s pos_err=0.099m T=20.62N z=6.546 m_est=2.064
[INFO] [1789409500.409620874] [acados_nmpc_node]: [attach-window] t=32.60s pos_err=0.095m T=20.47N z=6.542 m_est=2.064
[INFO] [1789409500.464135479] [acados_nmpc_node]: [attach-window] t=32.65s pos_err=0.090m T=20.48N z=6.533 m_est=2.064
[INFO] [1789409500.509285117] [acados_nmpc_node]: [attach-window] t=32.70s pos_err=0.082m T=20.59N z=6.529 m_est=2.064
[INFO] [1789409500.536018959] [acados_nmpc_node]: [wcmd] raw=[-0.011,+0.045,-0.767] w=[+0.163,-0.230,-1.390] err=[-0.174,+0.275] scaled=[-0.709,+1.144] s=5.00
[INFO] [1789409500.564175546] [acados_nmpc_node]: [attach-window] t=32.75s pos_err=0.075m T=20.52N z=6.520 m_est=2.064
[INFO] [1789409500.609085676] [acados_nmpc_node]: [attach-window] t=32.80s pos_err=0.069m T=20.54N z=6.516 m_est=2.064
[INFO] [1789409500.679468749] [acados_nmpc_node]: [attach-window] t=32.85s pos_err=0.062m T=20.58N z=6.506 m_est=2.064
[INFO] [1789409500.709395992] [acados_nmpc_node]: [attach-window] t=32.90s pos_err=0.055m T=20.69N z=6.502 m_est=2.064
[INFO] [1789409500.763777856] [acados_nmpc_node]: [attach-window] t=32.95s pos_err=0.047m T=20.81N z=6.492 m_est=2.064
[INFO] [1789409500.764189032] [acados_nmpc_node]: [wcmd] raw=[+0.151,-0.156,-0.576] w=[+0.453,-0.440,-1.076] err=[-0.302,+0.284] scaled=[-1.056,+0.978] s=5.00
[INFO] [1789409500.809008813] [acados_nmpc_node]: [attach-window] t=33.00s pos_err=0.049m T=20.82N z=6.487 m_est=2.064
[INFO] [1789409500.864130415] [acados_nmpc_node]: [attach-window] t=33.05s pos_err=0.034m T=21.18N z=6.474 m_est=2.064
[INFO] [1789409500.908862788] [acados_nmpc_node]: [attach-window] t=33.10s pos_err=0.037m T=21.34N z=6.468 m_est=2.064
[INFO] [1789409500.964009762] [acados_nmpc_node]: [attach-window] t=33.15s pos_err=0.021m T=21.14N z=6.455 m_est=2.064
[INFO] [1789409500.964438220] [acados_nmpc_node]: [wcmd] raw=[+0.086,-0.217,-0.218] w=[-0.190,-0.205,-0.710] err=[+0.277,-0.013] scaled=[+1.192,-0.268] s=5.00
[INFO] [1789409501.009147762] [acados_nmpc_node]: [attach-window] t=33.20s pos_err=0.044m T=21.12N z=6.449 m_est=2.064
[INFO] [1789409501.064188911] [acados_nmpc_node]: [attach-window] t=33.25s pos_err=0.009m T=20.97N z=6.436 m_est=2.064
[INFO] [1789409501.108307272] [acados_nmpc_node]: [attach-window] t=33.30s pos_err=0.040m T=21.51N z=6.429 m_est=2.064
[INFO] [1789409501.161944794] [acados_nmpc_node]: [attach-window] t=33.35s pos_err=0.017m T=21.60N z=6.413 m_est=2.064
[INFO] [1789409501.162284466] [acados_nmpc_node]: [wcmd] raw=[-0.039,+0.315,+0.088] w=[-0.215,+0.693,-0.238] err=[+0.176,-0.379] scaled=[+0.664,-1.201] s=5.00
[INFO] [1789409501.208878138] [acados_nmpc_node]: [attach-window] t=33.40s pos_err=0.059m T=21.93N z=6.405 m_est=2.064
[INFO] [1789409501.264276812] [acados_nmpc_node]: [attach-window] t=33.45s pos_err=0.027m T=21.55N z=6.388 m_est=2.064
[INFO] [1789409501.308739518] [acados_nmpc_node]: [attach-window] t=33.50s pos_err=0.061m T=21.70N z=6.380 m_est=2.064
[INFO] [1789409501.364550316] [acados_nmpc_node]: [attach-window] t=33.55s pos_err=0.035m T=20.97N z=6.364 m_est=2.064
[INFO] [1789409501.364990321] [acados_nmpc_node]: [wcmd] raw=[+0.020,+0.143,+0.122] w=[+0.008,+0.514,-0.003] err=[+0.012,-0.371] scaled=[+0.069,-1.340] s=5.00
[INFO] [1789409501.408750597] [acados_nmpc_node]: [attach-window] t=33.60s pos_err=0.082m T=21.34N z=6.359 m_est=2.064
[INFO] [1789409501.480809951] [acados_nmpc_node]: [attach-window] t=33.65s pos_err=0.048m T=20.96N z=6.347 m_est=2.064
[INFO] [1789409501.507802080] [acados_nmpc_node]: [attach-window] t=33.70s pos_err=0.081m T=21.13N z=6.341 m_est=2.064
[INFO] [1789409501.564456154] [acados_nmpc_node]: [attach-window] t=33.75s pos_err=0.066m T=20.41N z=6.330 m_est=2.064
[INFO] [1789409501.575929926] [acados_nmpc_node]: [wcmd] raw=[+0.030,+0.221,+0.061] w=[-0.147,+0.655,+0.185] err=[+0.177,-0.435] scaled=[+0.739,-1.519] s=5.00
[INFO] [1789409501.608733889] [acados_nmpc_node]: [attach-window] t=33.80s pos_err=0.099m T=20.74N z=6.325 m_est=2.064
[INFO] [1789409501.663504008] [acados_nmpc_node]: [attach-window] t=33.85s pos_err=0.069m T=20.33N z=6.315 m_est=2.064
[INFO] [1789409501.708441793] [acados_nmpc_node]: [attach-window] t=33.90s pos_err=0.097m T=20.28N z=6.311 m_est=2.064
[INFO] [1789409501.772210442] [acados_nmpc_node]: [attach-window] t=33.95s pos_err=0.083m T=19.90N z=6.303 m_est=2.064
[INFO] [1789409501.775922831] [acados_nmpc_node]: [wcmd] raw=[-0.061,-0.153,-0.043] w=[-0.052,+0.273,+0.172] err=[-0.009,-0.427] scaled=[-0.096,-1.860] s=5.00
[INFO] [1789409501.808692310] [acados_nmpc_node]: [attach-window] t=34.00s pos_err=0.114m T=20.05N z=6.300 m_est=2.064
[INFO] [1789409501.864128902] [acados_nmpc_node]: [attach-window] t=34.05s pos_err=0.087m T=20.07N z=6.292 m_est=2.064
[INFO] [1789409501.909102089] [acados_nmpc_node]: [attach-window] t=34.10s pos_err=0.114m T=19.72N z=6.288 m_est=2.064
[INFO] [1789409501.963736224] [acados_nmpc_node]: [attach-window] t=34.15s pos_err=0.103m T=19.62N z=6.281 m_est=2.064
[INFO] [1789409501.976034901] [acados_nmpc_node]: [wcmd] raw=[-0.021,+0.024,-0.127] w=[+0.165,+0.416,+0.151] err=[-0.186,-0.392] scaled=[-0.766,-1.543] s=5.00
[INFO] [1789409502.008905685] [acados_nmpc_node]: [attach-window] t=34.20s pos_err=0.134m T=19.73N z=6.277 m_est=2.064
[INFO] [1789409502.077553795] [acados_nmpc_node]: [attach-window] t=34.25s pos_err=0.108m T=19.74N z=6.266 m_est=2.064
[INFO] [1789409502.107773639] [acados_nmpc_node]: [attach-window] t=34.30s pos_err=0.139m T=19.55N z=6.262 m_est=2.064
[INFO] [1789409502.161687692] [acados_nmpc_node]: [attach-window] t=34.35s pos_err=0.126m T=19.49N z=6.252 m_est=2.064
[INFO] [1789409502.195869227] [acados_nmpc_node]: [wcmd] raw=[-0.014,+0.143,-0.205] w=[-0.032,+0.213,+0.005] err=[+0.019,-0.070] scaled=[+0.062,-0.136] s=5.00
[INFO] [1789409502.207815588] [acados_nmpc_node]: [attach-window] t=34.40s pos_err=0.163m T=19.67N z=6.247 m_est=2.064
[INFO] [1789409502.261257211] [acados_nmpc_node]: [attach-window] t=34.45s pos_err=0.131m T=19.66N z=6.235 m_est=2.064
[INFO] [1789409502.308431865] [acados_nmpc_node]: [attach-window] t=34.50s pos_err=0.168m T=19.70N z=6.229 m_est=2.064
[INFO] [1789409502.363797161] [acados_nmpc_node]: [attach-window] t=34.55s pos_err=0.153m T=19.81N z=6.216 m_est=2.064
[INFO] [1789409502.396000609] [acados_nmpc_node]: [wcmd] raw=[-0.098,-0.157,-0.211] w=[-0.167,+0.012,-0.109] err=[+0.070,-0.169] scaled=[+0.180,-0.834] s=5.00
[INFO] [1789409502.408599834] [acados_nmpc_node]: [attach-window] t=34.60s pos_err=0.191m T=20.04N z=6.209 m_est=2.064
[INFO] [1789409502.464590876] [acados_nmpc_node]: [attach-window] t=34.66s pos_err=0.155m T=20.12N z=6.193 m_est=2.064
[INFO] [1789409502.508722150] [acados_nmpc_node]: [attach-window] t=34.70s pos_err=0.191m T=19.99N z=6.185 m_est=2.064
[INFO] [1789409502.563758806] [acados_nmpc_node]: [attach-window] t=34.75s pos_err=0.172m T=19.98N z=6.170 m_est=2.064
[INFO] [1789409502.595988760] [acados_nmpc_node]: [wcmd] raw=[-0.091,-0.063,-0.158] w=[+0.068,+0.155,-0.141] err=[-0.159,-0.218] scaled=[-0.725,-0.934] s=5.00
[INFO] [1789409502.608642044] [acados_nmpc_node]: [attach-window] t=34.80s pos_err=0.212m T=20.16N z=6.162 m_est=2.064
[INFO] [1789409502.663834739] [acados_nmpc_node]: [attach-window] t=34.85s pos_err=0.169m T=20.17N z=6.144 m_est=2.064
[INFO] [1789409502.709207849] [acados_nmpc_node]: [attach-window] t=34.90s pos_err=0.209m T=20.10N z=6.136 m_est=2.064
[INFO] [1789409502.763832015] [acados_nmpc_node]: [attach-window] t=34.95s pos_err=0.185m T=20.10N z=6.120 m_est=2.064
[INFO] [1789409502.795969925] [acados_nmpc_node]: [wcmd] raw=[-0.001,-0.188,-0.075] w=[+0.025,+0.136,-0.140] err=[-0.026,-0.325] scaled=[-0.105,-1.487] s=5.00
[INFO] [1789409502.808621642] [acados_nmpc_node]: [attach-window] t=35.00s pos_err=0.227m T=20.24N z=6.112 m_est=2.064
[INFO] [1789409502.863797290] [acados_nmpc_node]: [attach-window] t=35.05s pos_err=0.178m T=20.16N z=6.094 m_est=2.064
[INFO] [1789409502.909011460] [acados_nmpc_node]: [attach-window] t=35.10s pos_err=0.220m T=20.06N z=6.087 m_est=2.064
[INFO] [1789409502.963912388] [acados_nmpc_node]: [attach-window] t=35.16s pos_err=0.171m T=20.07N z=6.070 m_est=2.064
[INFO] [1789409502.995955506] [acados_nmpc_node]: [wcmd] raw=[-0.057,-0.215,+0.011] w=[-0.246,+0.185,-0.054] err=[+0.189,-0.400] scaled=[+0.699,-1.815] s=5.00
[INFO] [1789409503.008708554] [acados_nmpc_node]: [attach-window] t=35.20s pos_err=0.211m T=20.20N z=6.062 m_est=2.064
[INFO] [1789409503.073097178] [acados_nmpc_node]: [attach-window] t=35.26s pos_err=0.185m T=20.11N z=6.047 m_est=2.064
[INFO] [1789409503.109059886] [acados_nmpc_node]: [attach-window] t=35.30s pos_err=0.227m T=20.02N z=6.040 m_est=2.064
[INFO] [1789409503.164137299] [acados_nmpc_node]: [attach-window] t=35.36s pos_err=0.200m T=20.05N z=6.025 m_est=2.064
[INFO] [1789409503.195970165] [acados_nmpc_node]: [wcmd] raw=[-0.114,-0.041,+0.068] w=[-0.041,+0.301,+0.046] err=[-0.072,-0.342] scaled=[-0.402,-1.407] s=5.00
[INFO] [1789409503.208661987] [acados_nmpc_node]: [attach-window] t=35.40s pos_err=0.243m T=20.15N z=6.018 m_est=2.064
[INFO] [1789409503.263843533] [acados_nmpc_node]: [attach-window] t=35.46s pos_err=0.189m T=20.25N z=6.000 m_est=2.064
[INFO] [1789409503.308693593] [acados_nmpc_node]: [attach-window] t=35.50s pos_err=0.232m T=20.34N z=5.993 m_est=2.064
[INFO] [1789409503.385098527] [acados_nmpc_node]: [attach-window] t=35.56s pos_err=0.178m T=20.34N z=5.974 m_est=2.064
[INFO] [1789409503.408570523] [acados_nmpc_node]: [attach-window] t=35.60s pos_err=0.248m T=20.16N z=5.968 m_est=2.064
[INFO] [1789409503.415972520] [acados_nmpc_node]: [wcmd] raw=[-0.036,+0.147,+0.109] w=[+0.108,+0.790,+0.192] err=[-0.145,-0.643] scaled=[-0.496,-1.900] s=5.00
[INFO] [1789409503.464549231] [acados_nmpc_node]: [attach-window] t=35.65s pos_err=0.190m T=19.70N z=5.951 m_est=2.064
[INFO] [1789409503.508805594] [acados_nmpc_node]: [attach-window] t=35.70s pos_err=0.235m T=19.95N z=5.945 m_est=2.064
[INFO] [1789409503.564350377] [acados_nmpc_node]: [attach-window] t=35.76s pos_err=0.206m T=19.93N z=5.932 m_est=2.064
[INFO] [1789409503.607903037] [acados_nmpc_node]: [attach-window] t=35.80s pos_err=0.250m T=19.82N z=5.926 m_est=2.064
[INFO] [1789409503.615855051] [acados_nmpc_node]: [wcmd] raw=[-0.046,-0.037,+0.121] w=[-0.119,+0.373,+0.144] err=[+0.073,-0.410] scaled=[+0.247,-1.678] s=5.00
[INFO] [1789409503.664699016] [acados_nmpc_node]: [attach-window] t=35.85s pos_err=0.193m T=19.52N z=5.911 m_est=2.065
[INFO] [1789409503.708783460] [acados_nmpc_node]: [attach-window] t=35.90s pos_err=0.236m T=19.73N z=5.905 m_est=2.065
[INFO] [1789409503.764147490] [acados_nmpc_node]: [attach-window] t=35.95s pos_err=0.206m T=19.96N z=5.892 m_est=2.065
[INFO] [1789409503.809078004] [acados_nmpc_node]: [attach-window] t=36.00s pos_err=0.249m T=19.82N z=5.885 m_est=2.065
[INFO] [1789409503.816006619] [acados_nmpc_node]: [wcmd] raw=[-0.102,+0.033,+0.153] w=[-0.215,+0.310,+0.192] err=[+0.114,-0.277] scaled=[+0.353,-1.074] s=5.00
[INFO] [1789409503.861675109] [acados_nmpc_node]: [attach-window] t=36.05s pos_err=0.187m T=19.82N z=5.869 m_est=2.065
[INFO] [1789409503.908937417] [acados_nmpc_node]: [attach-window] t=36.10s pos_err=0.234m T=19.98N z=5.862 m_est=2.065
[INFO] [1789409503.909429672] [acados_nmpc_node]: t=36.1s | pos_err=0.234m | T=19.98N | tau=[r0.198 p-0.306 y-0.004]Nm | res_stat=2.180e-07(peak 2.252e-06) sqp_iter=6 | solve=2.4ms
[INFO] [1789409503.909638126] [acados_nmpc_node]: [flight-diag] t=36.1s | om_scale=5.000(lo 5.000 hi 5.000) | tilt_max=13.08deg | w_max=[r0.459 p0.916 y1.624]rad/s | u_frac=[T0.709 r1.000 p1.000 y1.000] | u_sat=[T0.0 r7.0 p51.0 y13.0]% | mot_peak=1.000 mot_sat=23.7% | health=1 age=0.000s conf=0.000 | n=100
[INFO] [1789409503.988965429] [acados_nmpc_node]: [attach-window] t=36.15s pos_err=0.205m T=20.16N z=5.847 m_est=2.065
[INFO] [1789409504.009476135] [acados_nmpc_node]: [attach-window] t=36.20s pos_err=0.248m T=20.05N z=5.840 m_est=2.065
[INFO] [1789409504.035998686] [acados_nmpc_node]: [wcmd] raw=[-0.068,+0.052,+0.171] w=[+0.128,+0.036,+0.200] err=[-0.196,+0.016] scaled=[-0.850,+0.115] s=5.00
[INFO] [1789409504.064118796] [acados_nmpc_node]: [attach-window] t=36.26s pos_err=0.194m T=20.30N z=5.822 m_est=2.065
[INFO] [1789409504.108936438] [acados_nmpc_node]: [attach-window] t=36.30s pos_err=0.234m T=20.40N z=5.813 m_est=2.065
[INFO] [1789409504.164261072] [acados_nmpc_node]: [attach-window] t=36.36s pos_err=0.184m T=20.58N z=5.794 m_est=2.065
[INFO] [1789409504.209477904] [acados_nmpc_node]: [attach-window] t=36.40s pos_err=0.248m T=20.50N z=5.787 m_est=2.065
[INFO] [1789409504.236087767] [acados_nmpc_node]: [wcmd] raw=[+0.003,+0.059,+0.180] w=[+0.051,-0.187,+0.159] err=[-0.048,+0.246] scaled=[-0.190,+1.042] s=5.00
[INFO] [1789409504.264488984] [acados_nmpc_node]: [attach-window] t=36.46s pos_err=0.197m T=20.69N z=5.767 m_est=2.065
[INFO] [1789409504.309049138] [acados_nmpc_node]: [attach-window] t=36.50s pos_err=0.236m T=20.70N z=5.758 m_est=2.065
[INFO] [1789409504.364519177] [acados_nmpc_node]: [attach-window] t=36.56s pos_err=0.209m T=20.76N z=5.741 m_est=2.065
[INFO] [1789409504.409068308] [acados_nmpc_node]: [attach-window] t=36.60s pos_err=0.224m T=20.79N z=5.730 m_est=2.065
[INFO] [1789409504.436059678] [acados_nmpc_node]: [wcmd] raw=[-0.095,-0.089,+0.203] w=[-0.265,-0.752,+0.059] err=[+0.169,+0.662] scaled=[+0.413,+1.900] s=5.00
[INFO] [1789409504.464496296] [acados_nmpc_node]: [attach-window] t=36.66s pos_err=0.200m T=20.79N z=5.713 m_est=2.064
[INFO] [1789409504.509570079] [acados_nmpc_node]: [attach-window] t=36.70s pos_err=0.239m T=20.46N z=5.705 m_est=2.064
[INFO] [1789409504.564775795] [acados_nmpc_node]: [attach-window] t=36.76s pos_err=0.214m T=20.44N z=5.690 m_est=2.064
[INFO] [1789409504.609261772] [acados_nmpc_node]: [attach-window] t=36.80s pos_err=0.254m T=20.39N z=5.683 m_est=2.064
[INFO] [1789409504.636007696] [acados_nmpc_node]: [wcmd] raw=[-0.114,+0.024,+0.272] w=[+0.040,-0.361,+0.141] err=[-0.154,+0.385] scaled=[-0.730,+1.564] s=5.00
[INFO] [1789409504.665305790] [acados_nmpc_node]: [attach-window] t=36.86s pos_err=0.208m T=20.47N z=5.667 m_est=2.064
[INFO] [1789409504.709339546] [acados_nmpc_node]: [attach-window] t=36.90s pos_err=0.246m T=20.38N z=5.660 m_est=2.064
[INFO] [1789409504.764752834] [acados_nmpc_node]: [attach-window] t=36.96s pos_err=0.223m T=20.51N z=5.646 m_est=2.064
[INFO] [1789409504.809485678] [acados_nmpc_node]: [attach-window] t=37.00s pos_err=0.260m T=20.43N z=5.640 m_est=2.064
[INFO] [1789409504.836044068] [acados_nmpc_node]: [wcmd] raw=[+0.002,-0.136,+0.347] w=[+0.147,-0.373,+0.202] err=[-0.145,+0.237] scaled=[-0.576,+0.814] s=5.00
[INFO] [1789409504.864781429] [acados_nmpc_node]: [attach-window] t=37.06s pos_err=0.215m T=20.38N z=5.625 m_est=2.064
[INFO] [1789409504.918299260] [acados_nmpc_node]: [attach-window] t=37.10s pos_err=0.251m T=20.25N z=5.618 m_est=2.064
[INFO] [1789409504.962835153] [acados_nmpc_node]: [attach-window] t=37.15s pos_err=0.222m T=20.39N z=5.605 m_est=2.064
[INFO] [1789409505.010002092] [acados_nmpc_node]: [attach-window] t=37.20s pos_err=0.260m T=20.41N z=5.599 m_est=2.064
[INFO] [1789409505.036003609] [acados_nmpc_node]: [wcmd] raw=[-0.036,-0.226,+0.438] w=[-0.290,-0.245,+0.295] err=[+0.255,+0.019] scaled=[+0.983,-0.149] s=5.00
[INFO] [1789409505.068882260] [acados_nmpc_node]: [attach-window] t=37.25s pos_err=0.212m T=20.41N z=5.584 m_est=2.064
[INFO] [1789409505.109608733] [acados_nmpc_node]: [attach-window] t=37.30s pos_err=0.244m T=20.36N z=5.577 m_est=2.064
[INFO] [1789409505.164411925] [acados_nmpc_node]: [attach-window] t=37.36s pos_err=0.218m T=20.35N z=5.564 m_est=2.064
[INFO] [1789409505.215198038] [acados_nmpc_node]: [attach-window] t=37.40s pos_err=0.247m T=20.35N z=5.558 m_est=2.064
[INFO] [1789409505.235946170] [acados_nmpc_node]: [wcmd] raw=[-0.150,-0.081,+0.563] w=[-0.124,+0.210,+0.439] err=[-0.026,-0.292] scaled=[-0.253,-1.248] s=5.00
[INFO] [1789409505.265187110] [acados_nmpc_node]: [attach-window] t=37.46s pos_err=0.200m T=20.58N z=5.543 m_est=2.064
[INFO] [1789409505.314255114] [acados_nmpc_node]: [attach-window] t=37.50s pos_err=0.227m T=20.71N z=5.536 m_est=2.064
[INFO] [1789409505.364806543] [acados_nmpc_node]: [attach-window] t=37.56s pos_err=0.201m T=20.74N z=5.522 m_est=2.064
[INFO] [1789409505.409526843] [acados_nmpc_node]: [attach-window] t=37.60s pos_err=0.208m T=20.67N z=5.513 m_est=2.064
[INFO] [1789409505.435989046] [acados_nmpc_node]: [wcmd] raw=[+0.044,+0.108,+0.708] w=[+0.190,+0.581,+0.594] err=[-0.147,-0.472] scaled=[-0.543,-1.782] s=5.00
[INFO] [1789409505.464454952] [acados_nmpc_node]: [attach-window] t=37.66s pos_err=0.184m T=20.60N z=5.500 m_est=2.064
[INFO] [1789409505.512407908] [acados_nmpc_node]: [attach-window] t=37.70s pos_err=0.208m T=20.50N z=5.494 m_est=2.064
[INFO] [1789409505.564651153] [acados_nmpc_node]: [attach-window] t=37.76s pos_err=0.187m T=20.46N z=5.483 m_est=2.064
[INFO] [1789409505.609598748] [acados_nmpc_node]: [attach-window] t=37.80s pos_err=0.210m T=20.61N z=5.478 m_est=2.064
[INFO] [1789409505.635968726] [acados_nmpc_node]: [wcmd] raw=[-0.026,+0.242,+0.854] w=[-0.287,+0.487,+0.689] err=[+0.261,-0.246] scaled=[+1.018,-0.740] s=5.00
[INFO] [1789409505.664477008] [acados_nmpc_node]: [attach-window] t=37.86s pos_err=0.174m T=20.86N z=5.464 m_est=2.064
[INFO] [1789409505.709660136] [acados_nmpc_node]: [attach-window] t=37.90s pos_err=0.197m T=20.87N z=5.459 m_est=2.064
[INFO] [1789409505.764355771] [acados_nmpc_node]: [attach-window] t=37.95s pos_err=0.179m T=20.83N z=5.447 m_est=2.064
[INFO] [1789409505.809793655] [acados_nmpc_node]: [attach-window] t=38.00s pos_err=0.203m T=21.09N z=5.441 m_est=2.064
[INFO] [1789409505.836047508] [acados_nmpc_node]: [wcmd] raw=[-0.160,+0.241,+0.969] w=[-0.153,+0.419,+0.850] err=[-0.008,-0.178] scaled=[-0.190,-0.471] s=5.00
[INFO] [1789409505.864625480] [acados_nmpc_node]: [attach-window] t=38.06s pos_err=0.173m T=21.76N z=5.424 m_est=2.065
[INFO] [1789409505.908569715] [acados_nmpc_node]: [attach-window] t=38.10s pos_err=0.195m T=21.79N z=5.417 m_est=2.065
[INFO] [1789409505.964466548] [acados_nmpc_node]: [attach-window] t=38.16s pos_err=0.180m T=21.74N z=5.402 m_est=2.066
[INFO] [1789409506.008997695] [acados_nmpc_node]: [attach-window] t=38.20s pos_err=0.201m T=21.54N z=5.396 m_est=2.066
[INFO] [1789409506.035952005] [acados_nmpc_node]: [wcmd] raw=[-0.037,+0.081,+1.016] w=[+0.230,-0.016,+0.903] err=[-0.266,+0.097] scaled=[-1.103,+0.471] s=5.00
[INFO] [1789409506.063987024] [acados_nmpc_node]: [attach-window] t=38.25s pos_err=0.171m T=21.19N z=5.383 m_est=2.068
[INFO] [1789409506.109121661] [acados_nmpc_node]: [attach-window] t=38.30s pos_err=0.190m T=21.12N z=5.379 m_est=2.069
[INFO] [1789409506.164067298] [acados_nmpc_node]: [attach-window] t=38.36s pos_err=0.174m T=20.93N z=5.372 m_est=2.071
[INFO] [1789409506.209153757] [acados_nmpc_node]: [attach-window] t=38.40s pos_err=0.192m T=20.92N z=5.368 m_est=2.073
[INFO] [1789409506.235988727] [acados_nmpc_node]: [wcmd] raw=[-0.002,-0.024,+1.003] w=[-0.014,-0.559,+0.876] err=[+0.011,+0.535] scaled=[+0.039,+1.900] s=5.00
[INFO] [1789409506.264377987] [acados_nmpc_node]: [attach-window] t=38.46s pos_err=0.163m T=20.76N z=5.362 m_est=2.075
[INFO] [1789409506.308748715] [acados_nmpc_node]: [attach-window] t=38.50s pos_err=0.180m T=20.72N z=5.359 m_est=2.077
[INFO] [1789409506.382431205] [acados_nmpc_node]: [attach-window] t=38.56s pos_err=0.161m T=20.25N z=5.355 m_est=2.079
[INFO] [1789409506.409058972] [acados_nmpc_node]: [attach-window] t=38.60s pos_err=0.178m T=20.44N z=5.353 m_est=2.081
[INFO] [1789409506.464391556] [acados_nmpc_node]: [attach-window] t=38.66s pos_err=0.147m T=20.17N z=5.350 m_est=2.083
[INFO] [1789409506.464830126] [acados_nmpc_node]: [wcmd] raw=[-0.050,-0.229,+0.895] w=[-0.076,-0.606,+0.902] err=[+0.026,+0.377] scaled=[+0.053,+1.279] s=5.00
[INFO] [1789409506.508812048] [acados_nmpc_node]: [attach-window] t=38.70s pos_err=0.162m T=20.09N z=5.350 m_est=2.084
[INFO] [1789409506.564807866] [acados_nmpc_node]: [attach-window] t=38.76s pos_err=0.142m T=19.62N z=5.348 m_est=2.086
[INFO] [1789409506.608790032] [acados_nmpc_node]: [attach-window] t=38.80s pos_err=0.157m T=19.87N z=5.348 m_est=2.087
[INFO] [1789409506.692148080] [acados_nmpc_node]: [attach-window] t=38.86s pos_err=0.125m T=19.89N z=5.347 m_est=2.088
[INFO] [1789409506.692586053] [acados_nmpc_node]: [wcmd] raw=[-0.053,-0.201,+0.738] w=[+0.089,-0.731,+0.865] err=[-0.143,+0.529] scaled=[-0.619,+1.900] s=5.00
[INFO] [1789409506.708644169] [acados_nmpc_node]: [attach-window] t=38.90s pos_err=0.138m T=19.85N z=5.346 m_est=2.088
[INFO] [1789409506.781772197] [acados_nmpc_node]: [attach-window] t=38.95s pos_err=0.116m T=19.59N z=5.344 m_est=2.087
[INFO] [1789409506.807994333] [acados_nmpc_node]: [attach-window] t=39.00s pos_err=0.120m T=19.75N z=5.343 m_est=2.087
[INFO] [1789409506.884260550] [acados_nmpc_node]: [attach-window] t=39.06s pos_err=0.104m T=19.91N z=5.340 m_est=2.085
[INFO] [1789409506.908766616] [acados_nmpc_node]: [attach-window] t=39.10s pos_err=0.117m T=19.71N z=5.339 m_est=2.084
[INFO] [1789409506.916000389] [acados_nmpc_node]: [wcmd] raw=[+0.014,+0.072,+0.568] w=[+0.143,+0.526,+0.942] err=[-0.128,-0.454] scaled=[-0.499,-1.742] s=5.00
[INFO] [1789409506.964264540] [acados_nmpc_node]: [attach-window] t=39.15s pos_err=0.102m T=19.60N z=5.335 m_est=2.081
[INFO] [1789409507.008885872] [acados_nmpc_node]: [attach-window] t=39.20s pos_err=0.117m T=19.85N z=5.333 m_est=2.080
[INFO] [1789409507.064665356] [acados_nmpc_node]: [attach-window] t=39.26s pos_err=0.094m T=20.00N z=5.328 m_est=2.078
[INFO] [1789409507.109030346] [acados_nmpc_node]: [attach-window] t=39.30s pos_err=0.108m T=19.98N z=5.325 m_est=2.076
[INFO] [1789409507.116009878] [acados_nmpc_node]: [wcmd] raw=[+0.041,+0.111,+0.398] w=[+0.030,+0.589,+0.776] err=[+0.011,-0.477] scaled=[+0.085,-1.798] s=5.00
[INFO] [1789409507.164347881] [acados_nmpc_node]: [attach-window] t=39.36s pos_err=0.095m T=19.95N z=5.319 m_est=2.074
[INFO] [1789409507.208914628] [acados_nmpc_node]: [attach-window] t=39.40s pos_err=0.113m T=20.17N z=5.316 m_est=2.073
[INFO] [1789409507.289252368] [acados_nmpc_node]: [attach-window] t=39.46s pos_err=0.089m T=20.14N z=5.309 m_est=2.072
[INFO] [1789409507.308726769] [acados_nmpc_node]: [attach-window] t=39.50s pos_err=0.109m T=20.09N z=5.307 m_est=2.071
[INFO] [1789409507.336007611] [acados_nmpc_node]: [wcmd] raw=[-0.013,+0.052,+0.251] w=[-0.069,+0.548,+0.603] err=[+0.055,-0.496] scaled=[+0.204,-1.900] s=5.00
[INFO] [1789409507.364580272] [acados_nmpc_node]: [attach-window] t=39.56s pos_err=0.096m T=19.99N z=5.301 m_est=2.070
[INFO] [1789409507.408887476] [acados_nmpc_node]: [attach-window] t=39.60s pos_err=0.119m T=20.15N z=5.298 m_est=2.069
[INFO] [1789409507.464556466] [acados_nmpc_node]: [attach-window] t=39.66s pos_err=0.094m T=20.01N z=5.293 m_est=2.068
[INFO] [1789409507.508594486] [acados_nmpc_node]: [attach-window] t=39.70s pos_err=0.118m T=19.96N z=5.291 m_est=2.068
[INFO] [1789409507.535988252] [acados_nmpc_node]: [wcmd] raw=[+0.002,+0.021,+0.186] w=[+0.154,+0.508,+0.450] err=[-0.152,-0.487] scaled=[-0.599,-1.900] s=5.00
[INFO] [1789409507.564361609] [acados_nmpc_node]: [attach-window] t=39.76s pos_err=0.104m T=19.95N z=5.287 m_est=2.067
[INFO] [1789409507.608681349] [acados_nmpc_node]: [attach-window] t=39.80s pos_err=0.131m T=20.27N z=5.285 m_est=2.067
[INFO] [1789409507.664421386] [acados_nmpc_node]: [attach-window] t=39.86s pos_err=0.101m T=20.35N z=5.279 m_est=2.066
[INFO] [1789409507.708684717] [acados_nmpc_node]: [attach-window] t=39.90s pos_err=0.128m T=20.36N z=5.276 m_est=2.066
[INFO] [1789409507.735963539] [acados_nmpc_node]: [wcmd] raw=[+0.048,+0.056,+0.177] w=[+0.071,+0.453,+0.313] err=[-0.022,-0.397] scaled=[-0.040,-1.531] s=5.00
[INFO] [1789409507.764534000] [acados_nmpc_node]: [attach-window] t=39.96s pos_err=0.111m T=20.32N z=5.270 m_est=2.066
[INFO] [1789409507.808609316] [acados_nmpc_node]: [attach-window] t=40.00s pos_err=0.139m T=20.38N z=5.268 m_est=2.065
[INFO] [1789409507.864452768] [acados_nmpc_node]: [attach-window] t=40.06s pos_err=0.104m T=20.28N z=5.262 m_est=2.065
[INFO] [1789409507.909453076] [acados_nmpc_node]: [attach-window] t=40.10s pos_err=0.133m T=20.28N z=5.259 m_est=2.065
[INFO] [1789409507.935983322] [acados_nmpc_node]: [wcmd] raw=[-0.038,+0.136,+0.213] w=[-0.200,+0.412,+0.265] err=[+0.162,-0.276] scaled=[+0.610,-0.969] s=5.00
[INFO] [1789409507.964650730] [acados_nmpc_node]: [attach-window] t=40.16s pos_err=0.115m T=20.37N z=5.254 m_est=2.065
[INFO] [1789409508.008811106] [acados_nmpc_node]: [attach-window] t=40.20s pos_err=0.146m T=20.48N z=5.252 m_est=2.065
[INFO] [1789409508.064434247] [acados_nmpc_node]: [attach-window] t=40.26s pos_err=0.108m T=20.34N z=5.247 m_est=2.065
[INFO] [1789409508.108878568] [acados_nmpc_node]: [attach-window] t=40.30s pos_err=0.140m T=20.38N z=5.245 m_est=2.065
[INFO] [1789409508.135977980] [acados_nmpc_node]: [wcmd] raw=[-0.061,+0.149,+0.249] w=[+0.003,+0.443,+0.290] err=[-0.064,-0.294] scaled=[-0.317,-1.027] s=5.00
[INFO] [1789409508.164281379] [acados_nmpc_node]: [attach-window] t=40.36s pos_err=0.121m T=20.49N z=5.241 m_est=2.065
[INFO] [1789409508.208683794] [acados_nmpc_node]: [attach-window] t=40.40s pos_err=0.135m T=20.55N z=5.239 m_est=2.065
[INFO] [1789409508.264412290] [acados_nmpc_node]: [attach-window] t=40.46s pos_err=0.117m T=20.30N z=5.235 m_est=2.065
[INFO] [1789409508.335259843] [acados_nmpc_node]: [attach-window] t=40.50s pos_err=0.152m T=20.18N z=5.234 m_est=2.064
[INFO] [1789409508.364128368] [acados_nmpc_node]: [attach-window] t=40.56s pos_err=0.134m T=20.28N z=5.233 m_est=2.064
[INFO] [1789409508.364580510] [acados_nmpc_node]: [wcmd] raw=[+0.002,+0.018,+0.276] w=[+0.183,+0.346,+0.280] err=[-0.181,-0.328] scaled=[-0.722,-1.295] s=5.00
[INFO] [1789409508.408705763] [acados_nmpc_node]: [attach-window] t=40.60s pos_err=0.170m T=20.37N z=5.232 m_est=2.064
[INFO] [1789409508.464227778] [acados_nmpc_node]: [attach-window] t=40.66s pos_err=0.131m T=20.07N z=5.232 m_est=2.064
[INFO] [1789409508.508910583] [acados_nmpc_node]: [attach-window] t=40.70s pos_err=0.166m T=20.16N z=5.232 m_est=2.064
[INFO] [1789409508.579156455] [acados_nmpc_node]: [attach-window] t=40.76s pos_err=0.147m T=20.12N z=5.231 m_est=2.064
[INFO] [1789409508.579639739] [acados_nmpc_node]: [wcmd] raw=[+0.040,-0.051,+0.298] w=[-0.253,-0.434,+0.151] err=[+0.292,+0.383] scaled=[+1.209,+1.482] s=5.00
[INFO] [1789409508.608739399] [acados_nmpc_node]: [attach-window] t=40.80s pos_err=0.182m T=20.18N z=5.231 m_est=2.064
[INFO] [1789409508.665287260] [acados_nmpc_node]: [attach-window] t=40.86s pos_err=0.138m T=20.03N z=5.230 m_est=2.064
[INFO] [1789409508.708129012] [acados_nmpc_node]: [attach-window] t=40.90s pos_err=0.172m T=20.07N z=5.230 m_est=2.064
[INFO] [1789409508.764831665] [acados_nmpc_node]: [attach-window] t=40.96s pos_err=0.149m T=20.06N z=5.230 m_est=2.064
[INFO] [1789409508.775972462] [acados_nmpc_node]: [wcmd] raw=[-0.095,-0.290,+0.312] w=[-0.008,-0.627,+0.133] err=[-0.087,+0.337] scaled=[-0.445,+1.057] s=5.00
[INFO] [1789409508.808594939] [acados_nmpc_node]: [attach-window] t=41.00s pos_err=0.182m T=20.18N z=5.230 m_est=2.064
[INFO] [1789409508.864638909] [acados_nmpc_node]: [attach-window] t=41.06s pos_err=0.136m T=20.07N z=5.230 m_est=2.064
[INFO] [1789409508.908688347] [acados_nmpc_node]: [attach-window] t=41.10s pos_err=0.168m T=20.28N z=5.230 m_est=2.064
[INFO] [1789409508.909178297] [acados_nmpc_node]: t=41.1s | pos_err=0.168m | T=20.28N | tau=[r0.188 p-0.144 y0.036]Nm | res_stat=2.976e-07(peak 2.252e-06) sqp_iter=5 | solve=2.1ms
[INFO] [1789409508.909379453] [acados_nmpc_node]: [flight-diag] t=41.1s | om_scale=5.000(lo 5.000 hi 5.000) | tilt_max=10.98deg | w_max=[r0.414 p0.845 y1.126]rad/s | u_frac=[T0.695 r1.000 p1.000 y0.856] | u_sat=[T0.0 r3.0 p50.0 y0.0]% | mot_peak=1.000 mot_sat=18.3% | health=1 age=0.000s conf=0.362 | n=100
[INFO] [1789409508.965210644] [acados_nmpc_node]: [attach-window] t=41.16s pos_err=0.144m T=20.57N z=5.229 m_est=2.064
[INFO] [1789409508.976008398] [acados_nmpc_node]: [wcmd] raw=[-0.002,-0.426,+0.346] w=[+0.318,-0.878,+0.180] err=[-0.320,+0.452] scaled=[-1.281,+1.383] s=5.00
[INFO] [1789409509.009142574] [acados_nmpc_node]: [attach-window] t=41.20s pos_err=0.175m T=20.51N z=5.228 m_est=2.064
[INFO] [1789409509.064697158] [acados_nmpc_node]: [attach-window] t=41.26s pos_err=0.129m T=20.50N z=5.227 m_est=2.064
[INFO] [1789409509.108698171] [acados_nmpc_node]: [attach-window] t=41.30s pos_err=0.161m T=20.63N z=5.227 m_est=2.064
[INFO] [1789409509.164927016] [acados_nmpc_node]: [attach-window] t=41.36s pos_err=0.139m T=20.66N z=5.226 m_est=2.064
[INFO] [1789409509.175952555] [acados_nmpc_node]: [wcmd] raw=[+0.070,-0.082,+0.358] w=[-0.155,-0.496,+0.298] err=[+0.225,+0.414] scaled=[+0.968,+1.575] s=5.00
[INFO] [1789409509.209156014] [acados_nmpc_node]: [attach-window] t=41.40s pos_err=0.172m T=20.56N z=5.225 m_est=2.064
[INFO] [1789409509.283922093] [acados_nmpc_node]: [attach-window] t=41.46s pos_err=0.133m T=20.40N z=5.226 m_est=2.064
[INFO] [1789409509.309141708] [acados_nmpc_node]: [attach-window] t=41.50s pos_err=0.166m T=20.44N z=5.227 m_est=2.064
[INFO] [1789409509.364330874] [acados_nmpc_node]: [attach-window] t=41.56s pos_err=0.148m T=20.55N z=5.228 m_est=2.064
[INFO] [1789409509.395906175] [acados_nmpc_node]: [wcmd] raw=[-0.059,-0.190,+0.361] w=[-0.265,-0.440,+0.275] err=[+0.206,+0.250] scaled=[+0.766,+0.810] s=5.00
[INFO] [1789409509.408246502] [acados_nmpc_node]: [attach-window] t=41.60s pos_err=0.182m T=20.66N z=5.229 m_est=2.064
[INFO] [1789409509.464458171] [acados_nmpc_node]: [attach-window] t=41.66s pos_err=0.147m T=20.56N z=5.231 m_est=2.064
[INFO] [1789409509.508786381] [acados_nmpc_node]: [attach-window] t=41.70s pos_err=0.179m T=20.47N z=5.232 m_est=2.064
[INFO] [1789409509.567091012] [acados_nmpc_node]: [attach-window] t=41.76s pos_err=0.163m T=19.21N z=5.235 m_est=2.064
[INFO] [1789409509.595972540] [acados_nmpc_node]: [wcmd] raw=[+0.023,+0.266,+0.452] w=[+0.184,+0.023,+0.345] err=[-0.160,+0.243] scaled=[-0.619,+1.239] s=5.00
[INFO] [1789409509.609745359] [acados_nmpc_node]: [attach-window] t=41.80s pos_err=0.195m T=20.26N z=5.238 m_est=2.064
[INFO] [1789409509.664235123] [acados_nmpc_node]: [attach-window] t=41.86s pos_err=0.162m T=20.34N z=5.243 m_est=2.064
[INFO] [1789409509.709430583] [acados_nmpc_node]: [attach-window] t=41.90s pos_err=0.191m T=20.42N z=5.245 m_est=2.064
[INFO] [1789409509.764643855] [acados_nmpc_node]: [attach-window] t=41.96s pos_err=0.158m T=20.18N z=5.250 m_est=2.064
[INFO] [1789409509.795993275] [acados_nmpc_node]: [wcmd] raw=[+0.032,-0.368,+0.476] w=[-0.090,-0.513,+0.314] err=[+0.122,+0.145] scaled=[+0.518,+0.211] s=5.00
[INFO] [1789409509.809425789] [acados_nmpc_node]: [attach-window] t=42.00s pos_err=0.202m T=20.52N z=5.252 m_est=2.064
[INFO] [1789409509.864437371] [acados_nmpc_node]: [attach-window] t=42.06s pos_err=0.169m T=20.87N z=5.257 m_est=2.064
[INFO] [1789409509.913371493] [acados_nmpc_node]: [attach-window] t=42.10s pos_err=0.195m T=20.78N z=5.259 m_est=2.064
[INFO] [1789409509.965099438] [acados_nmpc_node]: [attach-window] t=42.16s pos_err=0.178m T=20.69N z=5.262 m_est=2.064
[INFO] [1789409509.995977338] [acados_nmpc_node]: [wcmd] raw=[-0.054,+0.018,+0.581] w=[-0.232,+0.129,+0.508] err=[+0.177,-0.111] scaled=[+0.654,-0.425] s=5.00
[INFO] [1789409510.009666730] [acados_nmpc_node]: [attach-window] t=42.20s pos_err=0.188m T=20.80N z=5.264 m_est=2.064
[INFO] [1789409510.065066895] [acados_nmpc_node]: [attach-window] t=42.26s pos_err=0.174m T=20.77N z=5.268 m_est=2.064
[INFO] [1789409510.112041431] [acados_nmpc_node]: [attach-window] t=42.30s pos_err=0.197m T=20.71N z=5.271 m_est=2.064
[INFO] [1789409510.164866158] [acados_nmpc_node]: [attach-window] t=42.36s pos_err=0.183m T=20.44N z=5.276 m_est=2.064
[INFO] [1789409510.195972728] [acados_nmpc_node]: [wcmd] raw=[-0.079,+0.016,+0.679] w=[+0.068,+0.220,+0.570] err=[-0.147,-0.204] scaled=[-0.667,-0.800] s=5.00
[INFO] [1789409510.209860477] [acados_nmpc_node]: [attach-window] t=42.40s pos_err=0.204m T=20.52N z=5.280 m_est=2.064
[INFO] [1789409510.269219199] [acados_nmpc_node]: [attach-window] t=42.46s pos_err=0.178m T=20.59N z=5.287 m_est=2.064
[INFO] [1789409510.314229570] [acados_nmpc_node]: [attach-window] t=42.50s pos_err=0.197m T=20.66N z=5.290 m_est=2.064
[INFO] [1789409510.368342583] [acados_nmpc_node]: [attach-window] t=42.56s pos_err=0.182m T=20.69N z=5.296 m_est=2.064
[INFO] [1789409510.395938850] [acados_nmpc_node]: [wcmd] raw=[+0.045,-0.100,+0.803] w=[+0.045,+0.171,+0.630] err=[+0.001,-0.271] scaled=[+0.048,-1.185] s=5.00
[INFO] [1789409510.412687479] [acados_nmpc_node]: [attach-window] t=42.60s pos_err=0.200m T=20.80N z=5.299 m_est=2.064
[INFO] [1789409510.465261126] [acados_nmpc_node]: [attach-window] t=42.66s pos_err=0.174m T=20.79N z=5.305 m_est=2.064
[INFO] [1789409510.509697934] [acados_nmpc_node]: [attach-window] t=42.70s pos_err=0.190m T=20.87N z=5.307 m_est=2.064
[INFO] [1789409510.564949427] [acados_nmpc_node]: [attach-window] t=42.76s pos_err=0.176m T=20.94N z=5.312 m_est=2.064
[INFO] [1789409510.596005384] [acados_nmpc_node]: [wcmd] raw=[-0.051,+0.022,+0.934] w=[-0.378,+0.232,+0.763] err=[+0.327,-0.210] scaled=[+1.255,-0.817] s=5.00
[INFO] [1789409510.609497791] [acados_nmpc_node]: [attach-window] t=42.80s pos_err=0.190m T=21.02N z=5.315 m_est=2.064
[INFO] [1789409510.664677682] [acados_nmpc_node]: [attach-window] t=42.86s pos_err=0.166m T=20.78N z=5.321 m_est=2.064
[INFO] [1789409510.709564279] [acados_nmpc_node]: [attach-window] t=42.90s pos_err=0.178m T=20.93N z=5.324 m_est=2.064
[INFO] [1789409510.765857959] [acados_nmpc_node]: [attach-window] t=42.96s pos_err=0.166m T=20.99N z=5.331 m_est=2.064
[INFO] [1789409510.796102555] [acados_nmpc_node]: [wcmd] raw=[-0.149,-0.255,+1.018] w=[+0.011,-0.234,+0.837] err=[-0.160,-0.021] scaled=[-0.788,-0.339] s=5.00
[INFO] [1789409510.812093237] [acados_nmpc_node]: [attach-window] t=43.00s pos_err=0.176m T=21.54N z=5.333 m_est=2.064
[INFO] [1789409510.867995818] [acados_nmpc_node]: [attach-window] t=43.06s pos_err=0.155m T=22.15N z=5.334 m_est=2.064
[INFO] [1789409510.909418649] [acados_nmpc_node]: [attach-window] t=43.10s pos_err=0.164m T=22.18N z=5.334 m_est=2.064
[INFO] [1789409510.964984784] [acados_nmpc_node]: [attach-window] t=43.16s pos_err=0.153m T=22.00N z=5.336 m_est=2.064
[INFO] [1789409510.996049697] [acados_nmpc_node]: [wcmd] raw=[+0.028,+0.113,+1.032] w=[+0.244,-0.001,+1.002] err=[-0.216,+0.114] scaled=[-0.834,+0.570] s=5.00
[INFO] [1789409511.009137983] [acados_nmpc_node]: [attach-window] t=43.20s pos_err=0.161m T=21.88N z=5.337 m_est=2.064
[INFO] [1789409511.064675030] [acados_nmpc_node]: [attach-window] t=43.26s pos_err=0.143m T=21.53N z=5.343 m_est=2.064
[INFO] [1789409511.109322359] [acados_nmpc_node]: [attach-window] t=43.30s pos_err=0.149m T=21.44N z=5.347 m_est=2.064
[INFO] [1789409511.164997935] [acados_nmpc_node]: [attach-window] t=43.36s pos_err=0.139m T=21.15N z=5.357 m_est=2.064
[INFO] [1789409511.195969273] [acados_nmpc_node]: [wcmd] raw=[+0.005,-0.042,+0.938] w=[-0.216,-0.263,+0.961] err=[+0.221,+0.220] scaled=[+0.888,+0.839] s=5.00
[INFO] [1789409511.209105052] [acados_nmpc_node]: [attach-window] t=43.40s pos_err=0.145m T=21.06N z=5.363 m_est=2.064
[INFO] [1789409511.264303991] [acados_nmpc_node]: [attach-window] t=43.46s pos_err=0.129m T=20.66N z=5.377 m_est=2.064
[INFO] [1789409511.309320513] [acados_nmpc_node]: [attach-window] t=43.50s pos_err=0.132m T=20.69N z=5.384 m_est=2.064
[INFO] [1789409511.364660112] [acados_nmpc_node]: [attach-window] t=43.56s pos_err=0.121m T=20.42N z=5.399 m_est=2.064
[INFO] [1789409511.395987535] [acados_nmpc_node]: [wcmd] raw=[-0.132,-0.076,+0.805] w=[-0.191,-0.506,+0.887] err=[+0.059,+0.430] scaled=[+0.103,+1.643] s=5.00
[INFO] [1789409511.409279135] [acados_nmpc_node]: [attach-window] t=43.60s pos_err=0.119m T=20.35N z=5.408 m_est=2.064
[INFO] [1789409511.464776919] [acados_nmpc_node]: [attach-window] t=43.66s pos_err=0.112m T=20.19N z=5.424 m_est=2.064
[INFO] [1789409511.508849795] [acados_nmpc_node]: [attach-window] t=43.70s pos_err=0.112m T=20.30N z=5.432 m_est=2.064
[INFO] [1789409511.564458550] [acados_nmpc_node]: [attach-window] t=43.76s pos_err=0.103m T=20.20N z=5.447 m_est=2.064
[INFO] [1789409511.595881825] [acados_nmpc_node]: [wcmd] raw=[-0.037,-0.060,+0.633] w=[+0.291,-0.310,+0.872] err=[-0.328,+0.250] scaled=[-1.348,+0.942] s=5.00
[INFO] [1789409511.608264743] [acados_nmpc_node]: [attach-window] t=43.80s pos_err=0.104m T=20.29N z=5.455 m_est=2.065
[INFO] [1789409511.664397216] [acados_nmpc_node]: [attach-window] t=43.86s pos_err=0.093m T=20.29N z=5.471 m_est=2.066
[INFO] [1789409511.708972380] [acados_nmpc_node]: [attach-window] t=43.90s pos_err=0.091m T=20.49N z=5.478 m_est=2.066
[INFO] [1789409511.764966677] [acados_nmpc_node]: [attach-window] t=43.96s pos_err=0.082m T=20.47N z=5.492 m_est=2.069
[INFO] [1789409511.795974707] [acados_nmpc_node]: [wcmd] raw=[+0.059,+0.105,+0.427] w=[-0.026,-0.062,+0.787] err=[+0.085,+0.166] scaled=[+0.400,+0.770] s=5.00
[INFO] [1789409511.808910662] [acados_nmpc_node]: [attach-window] t=44.00s pos_err=0.084m T=20.64N z=5.498 m_est=2.071
[INFO] [1789409511.864743577] [acados_nmpc_node]: [attach-window] t=44.06s pos_err=0.073m T=20.27N z=5.514 m_est=2.074
[INFO] [1789409511.909166478] [acados_nmpc_node]: [attach-window] t=44.10s pos_err=0.071m T=20.33N z=5.521 m_est=2.076
[INFO] [1789409511.965198280] [acados_nmpc_node]: [attach-window] t=44.16s pos_err=0.066m T=20.22N z=5.537 m_est=2.080
[INFO] [1789409511.995984246] [acados_nmpc_node]: [wcmd] raw=[-0.137,-0.190,+0.247] w=[-0.381,+0.233,+0.659] err=[+0.244,-0.423] scaled=[+0.838,-1.880] s=5.00
[INFO] [1789409512.009119663] [acados_nmpc_node]: [attach-window] t=44.20s pos_err=0.066m T=20.66N z=5.542 m_est=2.082
[INFO] [1789409512.072667680] [acados_nmpc_node]: [attach-window] t=44.26s pos_err=0.056m T=20.39N z=5.558 m_est=2.085
[INFO] [1789409512.110226777] [acados_nmpc_node]: [attach-window] t=44.30s pos_err=0.055m T=20.51N z=5.565 m_est=2.087
[INFO] [1789409512.165130756] [acados_nmpc_node]: [attach-window] t=44.36s pos_err=0.048m T=20.40N z=5.578 m_est=2.089
[INFO] [1789409512.196006776] [acados_nmpc_node]: [wcmd] raw=[+0.031,+0.187,+0.143] w=[+0.512,+0.340,+0.495] err=[-0.481,-0.153] scaled=[-1.895,-0.427] s=5.00
[INFO] [1789409512.209146856] [acados_nmpc_node]: [attach-window] t=44.40s pos_err=0.055m T=20.55N z=5.584 m_est=2.091
[INFO] [1789409512.266717531] [acados_nmpc_node]: [attach-window] t=44.46s pos_err=0.042m T=20.78N z=5.598 m_est=2.092
[INFO] [1789409512.309086702] [acados_nmpc_node]: [attach-window] t=44.50s pos_err=0.045m T=21.27N z=5.604 m_est=2.093
[INFO] [1789409512.364747953] [acados_nmpc_node]: [attach-window] t=44.56s pos_err=0.034m T=21.28N z=5.615 m_est=2.091
[INFO] [1789409512.396039852] [acados_nmpc_node]: [wcmd] raw=[-0.011,-0.132,+0.049] w=[-0.343,-0.429,+0.161] err=[+0.333,+0.297] scaled=[+1.321,+1.055] s=5.00
[INFO] [1789409512.428051739] [acados_nmpc_node]: [attach-window] t=44.60s pos_err=0.052m T=21.25N z=5.620 m_est=2.090
[INFO] [1789409512.464038534] [acados_nmpc_node]: [attach-window] t=44.66s pos_err=0.029m T=20.67N z=5.635 m_est=2.088
[INFO] [1789409512.508631485] [acados_nmpc_node]: [attach-window] t=44.70s pos_err=0.045m T=20.77N z=5.642 m_est=2.086
[INFO] [1789409512.564684422] [acados_nmpc_node]: [attach-window] t=44.76s pos_err=0.030m T=20.62N z=5.656 m_est=2.083
[INFO] [1789409512.596004621] [acados_nmpc_node]: [wcmd] raw=[+0.023,-0.048,+0.050] w=[+0.163,-0.131,+0.058] err=[-0.139,+0.083] scaled=[-0.533,+0.286] s=5.00
[INFO] [1789409512.609205470] [acados_nmpc_node]: [attach-window] t=44.80s pos_err=0.056m T=21.56N z=5.662 m_est=2.081
[INFO] [1789409512.694889951] [acados_nmpc_node]: [attach-window] t=44.86s pos_err=0.022m T=21.52N z=5.672 m_est=2.079
[INFO] [1789409512.709044219] [acados_nmpc_node]: [attach-window] t=44.90s pos_err=0.047m T=21.52N z=5.676 m_est=2.077
[INFO] [1789409512.764532846] [acados_nmpc_node]: [attach-window] t=44.96s pos_err=0.024m T=21.15N z=5.686 m_est=2.075
[INFO] [1789409512.808793725] [acados_nmpc_node]: [attach-window] t=45.00s pos_err=0.036m T=21.02N z=5.693 m_est=2.074
[INFO] [1789409512.815937870] [acados_nmpc_node]: [wcmd] raw=[+0.274,-0.067,+0.114] w=[+0.236,+0.306,+0.096] err=[+0.038,-0.373] scaled=[+0.427,-1.558] s=5.00
[INFO] [1789409512.864338162] [acados_nmpc_node]: [attach-window] t=45.06s pos_err=0.017m T=20.56N z=5.706 m_est=2.072
[INFO] [1789409512.909497884] [acados_nmpc_node]: [attach-window] t=45.10s pos_err=0.051m T=20.63N z=5.714 m_est=2.071
[INFO] [1789409512.965162758] [acados_nmpc_node]: [attach-window] t=45.16s pos_err=0.028m T=20.53N z=5.728 m_est=2.070
[INFO] [1789409513.014103738] [acados_nmpc_node]: [attach-window] t=45.20s pos_err=0.071m T=20.98N z=5.734 m_est=2.069
[INFO] [1789409513.015919286] [acados_nmpc_node]: [wcmd] raw=[-0.073,+0.345,+0.163] w=[-0.282,+0.324,+0.161] err=[+0.208,+0.021] scaled=[+0.760,+0.429] s=5.00
[INFO] [1789409513.064528952] [acados_nmpc_node]: [attach-window] t=45.26s pos_err=0.023m T=21.30N z=5.746 m_est=2.069
[INFO] [1789409513.109097110] [acados_nmpc_node]: [attach-window] t=45.30s pos_err=0.068m T=21.41N z=5.751 m_est=2.068
[INFO] [1789409513.164277851] [acados_nmpc_node]: [attach-window] t=45.36s pos_err=0.047m T=21.14N z=5.762 m_est=2.067
[INFO] [1789409513.209686139] [acados_nmpc_node]: [attach-window] t=45.40s pos_err=0.096m T=20.98N z=5.768 m_est=2.067
[INFO] [1789409513.215958525] [acados_nmpc_node]: [wcmd] raw=[+0.199,-0.081,+0.123] w=[+0.649,-0.535,+0.073] err=[-0.450,+0.454] scaled=[-1.601,+1.733] s=5.00
[INFO] [1789409513.281500409] [acados_nmpc_node]: [attach-window] t=45.45s pos_err=0.041m T=20.74N z=5.784 m_est=2.066
[INFO] [1789409513.307855103] [acados_nmpc_node]: [attach-window] t=45.50s pos_err=0.097m T=21.24N z=5.790 m_est=2.066
[INFO] [1789409513.363275912] [acados_nmpc_node]: [attach-window] t=45.55s pos_err=0.068m T=21.35N z=5.802 m_est=2.066
[INFO] [1789409513.409238137] [acados_nmpc_node]: [attach-window] t=45.60s pos_err=0.125m T=21.32N z=5.809 m_est=2.066
[INFO] [1789409513.435948112] [acados_nmpc_node]: [wcmd] raw=[+0.035,-0.199,+0.053] w=[-0.497,-0.233,+0.103] err=[+0.533,+0.034] scaled=[+1.900,-0.081] s=5.00
[INFO] [1789409513.463892890] [acados_nmpc_node]: [attach-window] t=45.66s pos_err=0.069m T=20.58N z=5.827 m_est=2.065
[INFO] [1789409513.508667110] [acados_nmpc_node]: [attach-window] t=45.70s pos_err=0.120m T=20.64N z=5.836 m_est=2.065
[INFO] [1789409513.564780718] [acados_nmpc_node]: [attach-window] t=45.76s pos_err=0.091m T=20.09N z=5.854 m_est=2.065
[INFO] [1789409513.640889971] [acados_nmpc_node]: [attach-window] t=45.80s pos_err=0.140m T=20.26N z=5.863 m_est=2.065
[INFO] [1789409513.663941842] [acados_nmpc_node]: [attach-window] t=45.86s pos_err=0.079m T=20.03N z=5.883 m_est=2.065
[INFO] [1789409513.664381425] [acados_nmpc_node]: [wcmd] raw=[-0.212,-0.305,+0.010] w=[-0.206,-0.313,+0.027] err=[-0.007,+0.007] scaled=[-0.239,-0.276] s=5.00
[INFO] [1789409513.709183683] [acados_nmpc_node]: [attach-window] t=45.90s pos_err=0.127m T=20.30N z=5.892 m_est=2.065
[INFO] [1789409513.764999786] [acados_nmpc_node]: [attach-window] t=45.96s pos_err=0.099m T=20.08N z=5.909 m_est=2.065
[INFO] [1789409513.808710710] [acados_nmpc_node]: [attach-window] t=46.00s pos_err=0.146m T=20.17N z=5.917 m_est=2.065
[INFO] [1789409513.865478481] [acados_nmpc_node]: [attach-window] t=46.06s pos_err=0.086m T=19.76N z=5.936 m_est=2.065
[INFO] [1789409513.865909640] [acados_nmpc_node]: [wcmd] raw=[+0.088,+0.328,+0.023] w=[+0.371,+0.720,+0.153] err=[-0.283,-0.392] scaled=[-1.046,-1.242] s=5.00
[INFO] [1789409513.909200754] [acados_nmpc_node]: [attach-window] t=46.10s pos_err=0.134m T=19.89N z=5.944 m_est=2.064
[INFO] [1789409513.909697983] [acados_nmpc_node]: t=46.1s | pos_err=0.134m | T=19.89N | tau=[r-0.500 p-0.500 y-0.029]Nm | res_stat=4.555e-08(peak 2.252e-06) sqp_iter=5 | solve=2.6ms
[INFO] [1789409513.909904186] [acados_nmpc_node]: [flight-diag] t=46.1s | om_scale=5.000(lo 5.000 hi 5.000) | tilt_max=12.62deg | w_max=[r0.646 p0.942 y1.129]rad/s | u_frac=[T0.707 r1.000 p1.000 y0.938] | u_sat=[T0.0 r27.0 p47.0 y0.0]% | mot_peak=1.000 mot_sat=22.3% | health=1 age=0.000s conf=0.002 | n=100
[INFO] [1789409513.964599125] [acados_nmpc_node]: [attach-window] t=46.16s pos_err=0.107m T=19.75N z=5.962 m_est=2.064
[INFO] [1789409514.008966088] [acados_nmpc_node]: [attach-window] t=46.20s pos_err=0.154m T=20.03N z=5.970 m_est=2.064
[INFO] [1789409514.069271559] [acados_nmpc_node]: [attach-window] t=46.26s pos_err=0.099m T=19.90N z=5.989 m_est=2.064
[INFO] [1789409514.069697166] [acados_nmpc_node]: [wcmd] raw=[-0.132,-0.089,-0.004] w=[-0.595,-0.280,-0.054] err=[+0.463,+0.192] scaled=[+1.719,+0.677] s=5.00
[INFO] [1789409514.108934055] [acados_nmpc_node]: [attach-window] t=46.30s pos_err=0.144m T=19.92N z=5.996 m_est=2.064
[INFO] [1789409514.165491078] [acados_nmpc_node]: [attach-window] t=46.36s pos_err=0.117m T=19.53N z=6.012 m_est=2.064
[INFO] [1789409514.209041383] [acados_nmpc_node]: [attach-window] t=46.40s pos_err=0.161m T=19.94N z=6.020 m_est=2.064
[INFO] [1789409514.268276242] [acados_nmpc_node]: [attach-window] t=46.46s pos_err=0.107m T=19.74N z=6.037 m_est=2.064
[INFO] [1789409514.268734258] [acados_nmpc_node]: [wcmd] raw=[+0.229,-0.374,-0.026] w=[+0.564,-0.744,-0.102] err=[-0.335,+0.370] scaled=[-1.111,+1.106] s=5.00
[INFO] [1789409514.309017530] [acados_nmpc_node]: [attach-window] t=46.50s pos_err=0.149m T=19.88N z=6.044 m_est=2.064
[INFO] [1789409514.383570774] [acados_nmpc_node]: [attach-window] t=46.56s pos_err=0.119m T=19.96N z=6.058 m_est=2.064
[INFO] [1789409514.409315798] [acados_nmpc_node]: [attach-window] t=46.60s pos_err=0.163m T=20.25N z=6.064 m_est=2.064
[INFO] [1789409514.464588134] [acados_nmpc_node]: [attach-window] t=46.66s pos_err=0.106m T=20.11N z=6.078 m_est=2.064
[INFO] [1789409514.475986474] [acados_nmpc_node]: [wcmd] raw=[+0.207,-0.391,-0.055] w=[-0.232,-0.078,+0.008] err=[+0.439,-0.313] scaled=[+1.900,-1.596] s=5.00
[INFO] [1789409514.508958027] [acados_nmpc_node]: [attach-window] t=46.70s pos_err=0.147m T=20.37N z=6.083 m_est=2.064
[INFO] [1789409514.565327781] [acados_nmpc_node]: [attach-window] t=46.76s pos_err=0.095m T=20.41N z=6.097 m_est=2.064
[INFO] [1789409514.609627109] [acados_nmpc_node]: [attach-window] t=46.80s pos_err=0.163m T=20.05N z=6.101 m_est=2.064
[INFO] [1789409514.678783324] [acados_nmpc_node]: [attach-window] t=46.86s pos_err=0.112m T=20.32N z=6.113 m_est=2.064
[INFO] [1789409514.696015943] [acados_nmpc_node]: [wcmd] raw=[-0.218,+0.105,-0.100] w=[-0.127,+0.299,+0.065] err=[-0.091,-0.195] scaled=[-0.580,-0.674] s=5.00
[INFO] [1789409514.708643218] [acados_nmpc_node]: [attach-window] t=46.90s pos_err=0.153m T=20.49N z=6.119 m_est=2.064
[INFO] [1789409514.764828425] [acados_nmpc_node]: [attach-window] t=46.96s pos_err=0.129m T=20.68N z=6.130 m_est=2.064
[INFO] [1789409514.808347427] [acados_nmpc_node]: [attach-window] t=47.00s pos_err=0.174m T=20.76N z=6.135 m_est=2.064
[INFO] [1789409514.861639056] [acados_nmpc_node]: [attach-window] t=47.05s pos_err=0.119m T=20.49N z=6.148 m_est=2.064
[INFO] [1789409514.895880357] [acados_nmpc_node]: [wcmd] raw=[+0.202,+0.065,-0.165] w=[+0.400,+0.027,-0.047] err=[-0.197,+0.038] scaled=[-0.586,+0.217] s=5.00
[INFO] [1789409514.908061772] [acados_nmpc_node]: [attach-window] t=47.10s pos_err=0.170m T=20.46N z=6.154 m_est=2.064
[INFO] [1789409514.964659640] [acados_nmpc_node]: [attach-window] t=47.16s pos_err=0.146m T=20.32N z=6.166 m_est=2.064
[INFO] [1789409515.009447711] [acados_nmpc_node]: [attach-window] t=47.20s pos_err=0.192m T=20.45N z=6.173 m_est=2.064
[INFO] [1789409515.064103087] [acados_nmpc_node]: [attach-window] t=47.26s pos_err=0.142m T=20.44N z=6.187 m_est=2.064
[INFO] [1789409515.095969610] [acados_nmpc_node]: [wcmd] raw=[-0.085,-0.262,-0.213] w=[-0.369,-0.728,-0.297] err=[+0.283,+0.465] scaled=[+1.049,+1.599] s=5.00
[INFO] [1789409515.112921987] [acados_nmpc_node]: [attach-window] t=47.30s pos_err=0.185m T=20.63N z=6.194 m_est=2.064
[INFO] [1789409515.164568132] [acados_nmpc_node]: [attach-window] t=47.36s pos_err=0.161m T=20.45N z=6.206 m_est=2.064
[INFO] [1789409515.208984467] [acados_nmpc_node]: [attach-window] t=47.40s pos_err=0.204m T=20.59N z=6.212 m_est=2.064
[INFO] [1789409515.264962101] [acados_nmpc_node]: [attach-window] t=47.46s pos_err=0.152m T=20.32N z=6.225 m_est=2.064
[INFO] [1789409515.295963347] [acados_nmpc_node]: [wcmd] raw=[+0.012,+0.180,-0.192] w=[+0.406,+0.193,-0.195] err=[-0.394,-0.012] scaled=[-1.566,+0.131] s=5.00
[INFO] [1789409515.309422423] [acados_nmpc_node]: [attach-window] t=47.50s pos_err=0.193m T=20.46N z=6.231 m_est=2.064
[INFO] [1789409515.363990556] [acados_nmpc_node]: [attach-window] t=47.56s pos_err=0.167m T=20.41N z=6.244 m_est=2.064
[INFO] [1789409515.409469456] [acados_nmpc_node]: [attach-window] t=47.60s pos_err=0.206m T=20.52N z=6.251 m_est=2.064
[INFO] [1789409515.483077125] [acados_nmpc_node]: [attach-window] t=47.66s pos_err=0.155m T=20.33N z=6.265 m_est=2.064
[INFO] [1789409515.509361876] [acados_nmpc_node]: [attach-window] t=47.70s pos_err=0.191m T=20.30N z=6.272 m_est=2.064
[INFO] [1789409515.515944921] [acados_nmpc_node]: [wcmd] raw=[+0.237,+0.005,-0.196] w=[+0.259,+0.623,-0.141] err=[-0.022,-0.618] scaled=[+0.168,-1.900] s=5.00
[INFO] [1789409515.565404224] [acados_nmpc_node]: [attach-window] t=47.76s pos_err=0.141m T=19.34N z=6.287 m_est=2.064
[INFO] [1789409515.609849842] [acados_nmpc_node]: [attach-window] t=47.80s pos_err=0.174m T=19.89N z=6.295 m_est=2.064
[INFO] [1789409515.694161117] [acados_nmpc_node]: [attach-window] t=47.86s pos_err=0.148m T=20.17N z=6.309 m_est=2.064
[INFO] [1789409515.708928873] [acados_nmpc_node]: [attach-window] t=47.90s pos_err=0.178m T=20.35N z=6.316 m_est=2.064
[INFO] [1789409515.735960715] [acados_nmpc_node]: [wcmd] raw=[-0.024,-0.116,-0.227] w=[-0.429,-0.266,-0.273] err=[+0.405,+0.150] scaled=[+1.597,+0.483] s=5.00
[INFO] [1789409515.764893315] [acados_nmpc_node]: [attach-window] t=47.96s pos_err=0.150m T=20.42N z=6.329 m_est=2.064
[INFO] [1789409515.809405954] [acados_nmpc_node]: [attach-window] t=48.00s pos_err=0.179m T=20.31N z=6.335 m_est=2.064
[INFO] [1789409515.864290304] [acados_nmpc_node]: [attach-window] t=48.06s pos_err=0.132m T=20.37N z=6.348 m_est=2.064
[INFO] [1789409515.909526980] [acados_nmpc_node]: [attach-window] t=48.10s pos_err=0.158m T=20.62N z=6.353 m_est=2.064
[INFO] [1789409515.935963944] [acados_nmpc_node]: [wcmd] raw=[+0.256,-0.059,-0.307] w=[+0.628,-0.634,-0.296] err=[-0.372,+0.575] scaled=[-1.014,+1.900] s=5.00
[INFO] [1789409515.965125891] [acados_nmpc_node]: [attach-window] t=48.16s pos_err=0.134m T=20.87N z=6.363 m_est=2.064
[INFO] [1789409516.009485744] [acados_nmpc_node]: [attach-window] t=48.20s pos_err=0.161m T=21.09N z=6.368 m_est=2.064
[INFO] [1789409516.065560294] [acados_nmpc_node]: [attach-window] t=48.26s pos_err=0.119m T=20.91N z=6.377 m_est=2.064
[INFO] [1789409516.109447027] [acados_nmpc_node]: [attach-window] t=48.30s pos_err=0.144m T=21.01N z=6.381 m_est=2.064
[INFO] [1789409516.135990659] [acados_nmpc_node]: [wcmd] raw=[+0.049,-0.065,-0.445] w=[-0.430,+0.218,-0.192] err=[+0.479,-0.283] scaled=[+1.900,-1.157] s=5.00
[INFO] [1789409516.164527134] [acados_nmpc_node]: [attach-window] t=48.36s pos_err=0.107m T=20.95N z=6.390 m_est=2.064
[INFO] [1789409516.209057108] [acados_nmpc_node]: [attach-window] t=48.40s pos_err=0.131m T=21.00N z=6.395 m_est=2.064
[INFO] [1789409516.264864995] [acados_nmpc_node]: [attach-window] t=48.46s pos_err=0.112m T=20.92N z=6.405 m_est=2.064
[INFO] [1789409516.308671210] [acados_nmpc_node]: [attach-window] t=48.50s pos_err=0.137m T=20.77N z=6.411 m_est=2.064
[INFO] [1789409516.335992861] [acados_nmpc_node]: [wcmd] raw=[+0.002,+0.052,-0.582] w=[+0.425,+0.372,-0.252] err=[-0.423,-0.320] scaled=[-1.688,-1.228] s=5.00
[INFO] [1789409516.365072495] [acados_nmpc_node]: [attach-window] t=48.56s pos_err=0.118m T=20.40N z=6.423 m_est=2.064
[INFO] [1789409516.409463206] [acados_nmpc_node]: [attach-window] t=48.60s pos_err=0.142m T=20.86N z=6.429 m_est=2.064
[INFO] [1789409516.464552761] [acados_nmpc_node]: [attach-window] t=48.66s pos_err=0.110m T=21.03N z=6.441 m_est=2.064
[INFO] [1789409516.509421768] [acados_nmpc_node]: [attach-window] t=48.70s pos_err=0.131m T=20.95N z=6.447 m_est=2.064
[INFO] [1789409516.535997229] [acados_nmpc_node]: [wcmd] raw=[+0.187,-0.004,-0.751] w=[-0.120,-0.459,-0.549] err=[+0.307,+0.454] scaled=[+1.413,+1.813] s=5.00
[INFO] [1789409516.564088505] [acados_nmpc_node]: [attach-window] t=48.76s pos_err=0.103m T=20.86N z=6.459 m_est=2.064
[INFO] [1789409516.609280161] [acados_nmpc_node]: [attach-window] t=48.80s pos_err=0.121m T=20.76N z=6.465 m_est=2.064
[INFO] [1789409516.665174783] [acados_nmpc_node]: [attach-window] t=48.86s pos_err=0.107m T=20.89N z=6.476 m_est=2.064
[INFO] [1789409516.708981900] [acados_nmpc_node]: [attach-window] t=48.90s pos_err=0.124m T=22.00N z=6.479 m_est=2.064
[INFO] [1789409516.735960036] [acados_nmpc_node]: [wcmd] raw=[-0.136,-0.327,-0.891] w=[-0.177,-0.501,-0.756] err=[+0.040,+0.175] scaled=[+0.025,+0.373] s=5.00
[INFO] [1789409516.764606583] [acados_nmpc_node]: [attach-window] t=48.96s pos_err=0.111m T=22.25N z=6.483 m_est=2.064
[INFO] [1789409516.809078606] [acados_nmpc_node]: [attach-window] t=49.00s pos_err=0.128m T=22.10N z=6.486 m_est=2.064
[INFO] [1789409516.864428581] [acados_nmpc_node]: [attach-window] t=49.06s pos_err=0.107m T=22.03N z=6.491 m_est=2.064
[INFO] [1789409516.909105398] [acados_nmpc_node]: [attach-window] t=49.10s pos_err=0.119m T=21.86N z=6.495 m_est=2.064
[INFO] [1789409516.935988168] [acados_nmpc_node]: [wcmd] raw=[+0.066,-0.019,-0.961] w=[+0.584,+0.480,-0.735] err=[-0.518,-0.499] scaled=[-1.887,-1.900] s=5.00
[INFO] [1789409516.964523057] [acados_nmpc_node]: [attach-window] t=49.16s pos_err=0.108m T=21.82N z=6.502 m_est=2.064
[INFO] [1789409517.009168612] [acados_nmpc_node]: [attach-window] t=49.20s pos_err=0.119m T=22.50N z=6.505 m_est=2.064
[INFO] [1789409517.064803326] [acados_nmpc_node]: [attach-window] t=49.26s pos_err=0.106m T=22.35N z=6.511 m_est=2.064
[INFO] [1789409517.108051625] [acados_nmpc_node]: [attach-window] t=49.30s pos_err=0.112m T=22.10N z=6.515 m_est=2.064
[INFO] [1789409517.135861314] [acados_nmpc_node]: [wcmd] raw=[-0.004,+0.187,-0.983] w=[-0.345,+0.356,-0.847] err=[+0.341,-0.169] scaled=[+1.361,-0.489] s=5.00
[INFO] [1789409517.162346565] [acados_nmpc_node]: [attach-window] t=49.35s pos_err=0.105m T=21.42N z=6.525 m_est=2.064
[INFO] [1789409517.207828411] [acados_nmpc_node]: [attach-window] t=49.40s pos_err=0.109m T=21.21N z=6.531 m_est=2.064
[INFO] [1789409517.264716291] [acados_nmpc_node]: [attach-window] t=49.46s pos_err=0.098m T=20.58N z=6.548 m_est=2.064
[INFO] [1789409517.309142013] [acados_nmpc_node]: [attach-window] t=49.50s pos_err=0.099m T=20.47N z=6.556 m_est=2.064
[INFO] [1789409517.335980973] [acados_nmpc_node]: [wcmd] raw=[-0.147,+0.086,-0.989] w=[+0.020,-0.386,-1.014] err=[-0.167,+0.472] scaled=[-0.790,+1.900] s=5.00
[INFO] [1789409517.364071776] [acados_nmpc_node]: [attach-window] t=49.56s pos_err=0.092m T=20.29N z=6.575 m_est=2.064
[INFO] [1789409517.433331157] [acados_nmpc_node]: [attach-window] t=49.60s pos_err=0.089m T=20.35N z=6.583 m_est=2.064
[INFO] [1789409517.464897129] [acados_nmpc_node]: [attach-window] t=49.66s pos_err=0.084m T=19.90N z=6.600 m_est=2.064
[INFO] [1789409517.508789305] [acados_nmpc_node]: [attach-window] t=49.70s pos_err=0.082m T=19.93N z=6.608 m_est=2.064
[INFO] [1789409517.535916277] [acados_nmpc_node]: [wcmd] raw=[+0.227,-0.099,-0.947] w=[+0.071,-0.624,-1.066] err=[+0.156,+0.525] scaled=[+0.822,+1.900] s=5.00
[INFO] [1789409517.578868007] [acados_nmpc_node]: [attach-window] t=49.76s pos_err=0.077m T=19.79N z=6.625 m_est=2.064
[INFO] [1789409517.609202929] [acados_nmpc_node]: [attach-window] t=49.80s pos_err=0.077m T=19.39N z=6.633 m_est=2.064
[INFO] [1789409517.664571427] [acados_nmpc_node]: [attach-window] t=49.86s pos_err=0.073m T=19.27N z=6.651 m_est=2.064
[INFO] [1789409517.709078081] [acados_nmpc_node]: [attach-window] t=49.90s pos_err=0.071m T=19.79N z=6.658 m_est=2.064
[INFO] [1789409517.764270653] [acados_nmpc_node]: [attach-window] t=49.96s pos_err=0.068m T=20.02N z=6.671 m_est=2.064
[INFO] [1789409517.764716353] [acados_nmpc_node]: [wcmd] raw=[-0.201,-0.182,-0.806] w=[-0.499,-0.223,-1.027] err=[+0.298,+0.041] scaled=[+0.990,-0.018] s=5.00
[INFO] [1789409517.809064623] [acados_nmpc_node]: [attach-window] t=50.00s pos_err=0.070m T=20.27N z=6.676 m_est=2.064
[INFO] [1789409517.864290913] [acados_nmpc_node]: [attach-window] t=50.06s pos_err=0.067m T=20.20N z=6.686 m_est=2.064
[INFO] [1789409517.908099267] [acados_nmpc_node]: [attach-window] t=50.10s pos_err=0.066m T=20.32N z=6.689 m_est=2.064
[INFO] [1789409517.964957803] [acados_nmpc_node]: [attach-window] t=50.16s pos_err=0.064m T=20.19N z=6.696 m_est=2.064
[INFO] [1789409517.965390424] [acados_nmpc_node]: [wcmd] raw=[+0.059,+0.463,-0.575] w=[+0.386,+0.817,-0.797] err=[-0.327,-0.354] scaled=[-1.250,-0.951] s=5.00
[INFO] [1789409518.009520997] [acados_nmpc_node]: [attach-window] t=50.20s pos_err=0.067m T=20.44N z=6.699 m_est=2.064
[INFO] [1789409518.064870982] [acados_nmpc_node]: [attach-window] t=50.26s pos_err=0.062m T=20.39N z=6.707 m_est=2.064
[INFO] [1789409518.109138198] [acados_nmpc_node]: [attach-window] t=50.30s pos_err=0.061m T=20.54N z=6.710 m_est=2.064
[INFO] [1789409518.165032752] [acados_nmpc_node]: [attach-window] t=50.36s pos_err=0.057m T=20.42N z=6.716 m_est=2.064
[INFO] [1789409518.165465208] [acados_nmpc_node]: [wcmd] raw=[+0.157,-0.026,-0.416] w=[-0.220,-0.306,-0.850] err=[+0.376,+0.280] scaled=[+1.662,+1.096] s=5.00
[INFO] [1789409518.209000120] [acados_nmpc_node]: [attach-window] t=50.40s pos_err=0.060m T=20.44N z=6.719 m_est=2.064
[INFO] [1789409518.264602873] [acados_nmpc_node]: [attach-window] t=50.46s pos_err=0.053m T=19.91N z=6.726 m_est=2.064
[INFO] [1789409518.308226847] [acados_nmpc_node]: [attach-window] t=50.50s pos_err=0.050m T=20.18N z=6.730 m_est=2.064
[INFO] [1789409518.364906693] [acados_nmpc_node]: [attach-window] t=50.56s pos_err=0.045m T=20.32N z=6.736 m_est=2.064
[INFO] [1789409518.365327404] [acados_nmpc_node]: [wcmd] raw=[-0.185,-0.244,-0.263] w=[+0.061,-0.493,-0.725] err=[-0.246,+0.249] scaled=[-1.167,+0.754] s=5.00
[INFO] [1789409518.409490081] [acados_nmpc_node]: [attach-window] t=50.60s pos_err=0.047m T=20.55N z=6.740 m_est=2.064
[INFO] [1789409518.479911945] [acados_nmpc_node]: [attach-window] t=50.66s pos_err=0.040m T=20.36N z=6.746 m_est=2.064
[INFO] [1789409518.509121277] [acados_nmpc_node]: [attach-window] t=50.70s pos_err=0.036m T=20.21N z=6.749 m_est=2.064
[INFO] [1789409518.566357309] [acados_nmpc_node]: [attach-window] t=50.76s pos_err=0.031m T=19.46N z=6.755 m_est=2.064
[INFO] [1789409518.575983764] [acados_nmpc_node]: [wcmd] raw=[+0.213,+0.200,-0.139] w=[+0.071,+0.605,-0.310] err=[+0.141,-0.405] scaled=[+0.778,-1.419] s=5.00
[INFO] [1789409518.608884898] [acados_nmpc_node]: [attach-window] t=50.80s pos_err=0.032m T=20.52N z=6.757 m_est=2.064
[INFO] [1789409518.664430684] [acados_nmpc_node]: [attach-window] t=50.86s pos_err=0.030m T=20.65N z=6.761 m_est=2.064
[INFO] [1789409518.708768887] [acados_nmpc_node]: [attach-window] t=50.90s pos_err=0.018m T=20.85N z=6.762 m_est=2.064
[INFO] [1789409518.764753512] [acados_nmpc_node]: [attach-window] t=50.96s pos_err=0.019m T=20.69N z=6.764 m_est=2.064
[INFO] [1789409518.775943594] [acados_nmpc_node]: [wcmd] raw=[-0.028,-0.253,-0.099] w=[-0.211,+0.093,-0.201] err=[+0.184,-0.346] scaled=[+0.708,-1.639] s=5.00
[INFO] [1789409518.809062309] [acados_nmpc_node]: [attach-window] t=51.00s pos_err=0.017m T=20.82N z=6.765 m_est=2.064
[INFO] [1789409518.864470014] [acados_nmpc_node]: [attach-window] t=51.06s pos_err=0.030m T=20.56N z=6.768 m_est=2.064
[INFO] [1789409518.909013209] [acados_nmpc_node]: [attach-window] t=51.10s pos_err=0.008m T=20.64N z=6.770 m_est=2.064
[INFO] [1789409518.909509653] [acados_nmpc_node]: t=51.1s | pos_err=0.008m | T=20.64N | tau=[r-0.257 p0.500 y0.044]Nm | res_stat=2.798e-07(peak 2.252e-06) sqp_iter=5 | solve=2.4ms
[INFO] [1789409518.909712479] [acados_nmpc_node]: [flight-diag] t=51.1s | om_scale=5.000(lo 5.000 hi 5.000) | tilt_max=12.16deg | w_max=[r0.708 p0.961 y1.098]rad/s | u_frac=[T0.718 r1.000 p1.000 y0.959] | u_sat=[T0.0 r45.0 p51.0 y0.0]% | mot_peak=1.000 mot_sat=25.0% | health=1 age=0.000s conf=0.000 | n=100
[INFO] [1789409518.964795975] [acados_nmpc_node]: [attach-window] t=51.16s pos_err=0.021m T=20.13N z=6.775 m_est=2.064
[INFO] [1789409518.976043621] [acados_nmpc_node]: [wcmd] raw=[+0.190,+0.099,-0.131] w=[+0.585,-0.030,-0.094] err=[-0.395,+0.129] scaled=[-1.391,+0.615] s=5.00
[INFO] [1789409519.008726039] [acados_nmpc_node]: [attach-window] t=51.20s pos_err=0.018m T=20.21N z=6.777 m_est=2.064
[INFO] [1789409519.064659882] [acados_nmpc_node]: [attach-window] t=51.26s pos_err=0.030m T=19.73N z=6.783 m_est=2.064
[INFO] [1789409519.107802178] [acados_nmpc_node]: [attach-window] t=51.30s pos_err=0.015m T=20.23N z=6.786 m_est=2.064
[INFO] [1789409519.179237395] [acados_nmpc_node]: [attach-window] t=51.36s pos_err=0.018m T=20.15N z=6.791 m_est=2.064
[INFO] [1789409519.195967726] [acados_nmpc_node]: [wcmd] raw=[+0.016,-0.092,-0.245] w=[-0.181,-0.173,-0.140] err=[+0.197,+0.081] scaled=[+0.804,+0.232] s=5.00
[INFO] [1789409519.208697286] [acados_nmpc_node]: [attach-window] t=51.40s pos_err=0.029m T=20.05N z=6.793 m_est=2.064
[INFO] [1789409519.264454262] [acados_nmpc_node]: [attach-window] t=51.46s pos_err=0.022m T=19.84N z=6.798 m_est=2.064
[INFO] [1789409519.308960053] [acados_nmpc_node]: [attach-window] t=51.50s pos_err=0.024m T=19.95N z=6.800 m_est=2.064
[INFO] [1789409519.363978383] [acados_nmpc_node]: [attach-window] t=51.56s pos_err=0.014m T=20.25N z=6.803 m_est=2.064
[INFO] [1789409519.395996312] [acados_nmpc_node]: [wcmd] raw=[-0.201,-0.267,-0.310] w=[-0.286,-0.781,-0.328] err=[+0.085,+0.515] scaled=[+0.137,+1.791] s=5.00
[INFO] [1789409519.409461021] [acados_nmpc_node]: [attach-window] t=51.60s pos_err=0.039m T=20.56N z=6.803 m_est=2.064
[INFO] [1789409519.501975125] [acados_nmpc_node]: [attach-window] t=51.66s pos_err=0.012m T=20.37N z=6.804 m_est=2.064
[INFO] [1789409519.530932735] [acados_nmpc_node]: [attach-window] t=51.70s pos_err=0.035m T=20.33N z=6.804 m_est=2.064
[INFO] [1789409519.565061611] [acados_nmpc_node]: [attach-window] t=51.75s pos_err=0.013m T=21.00N z=6.803 m_est=2.064
[INFO] [1789409519.611071646] [acados_nmpc_node]: [attach-window] t=51.80s pos_err=0.052m T=20.95N z=6.803 m_est=2.064
[INFO] [1789409519.635984146] [acados_nmpc_node]: [wcmd] raw=[-0.013,+0.514,-0.318] w=[+0.560,+0.690,-0.143] err=[-0.572,-0.176] scaled=[-1.900,-0.068] s=5.00
[INFO] [1789409519.670152597] [acados_nmpc_node]: [attach-window] t=51.86s pos_err=0.011m T=19.60N z=6.803 m_est=2.064
[INFO] [1789409519.708987768] [acados_nmpc_node]: [attach-window] t=51.90s pos_err=0.044m T=19.92N z=6.803 m_est=2.064
[INFO] [1789409519.764476843] [acados_nmpc_node]: [attach-window] t=51.96s pos_err=0.021m T=19.99N z=6.801 m_est=2.064
[INFO] [1789409519.820481752] [acados_nmpc_node]: [attach-window] t=52.00s pos_err=0.055m T=20.50N z=6.800 m_est=2.064
[INFO] [1789409519.835974944] [acados_nmpc_node]: [wcmd] raw=[+0.222,-0.580,-0.332] w=[-0.216,-1.285,-0.505] err=[+0.438,+0.704] scaled=[+1.764,+1.900] s=5.00
[INFO] [1789409519.865470187] [acados_nmpc_node]: [attach-window] t=52.06s pos_err=0.012m T=21.24N z=6.797 m_est=2.064
[INFO] [1789409519.909310063] [acados_nmpc_node]: [attach-window] t=52.10s pos_err=0.042m T=20.75N z=6.795 m_est=2.064
[INFO] [1789409519.964796104] [acados_nmpc_node]: [attach-window] t=52.16s pos_err=0.022m T=20.54N z=6.791 m_est=2.064
[INFO] [1789409520.009083269] [acados_nmpc_node]: [attach-window] t=52.20s pos_err=0.054m T=20.53N z=6.789 m_est=2.064
[INFO] [1789409520.035995183] [acados_nmpc_node]: [wcmd] raw=[-0.209,+0.113,-0.301] w=[-0.007,+0.147,-0.256] err=[-0.202,-0.033] scaled=[-1.019,-0.020] s=5.00
[INFO] [1789409520.063933133] [acados_nmpc_node]: [attach-window] t=52.26s pos_err=0.020m T=20.62N z=6.786 m_est=2.064
[INFO] [1789409520.108654353] [acados_nmpc_node]: [attach-window] t=52.30s pos_err=0.049m T=20.72N z=6.784 m_est=2.064
[INFO] [1789409520.164252903] [acados_nmpc_node]: [attach-window] t=52.36s pos_err=0.033m T=20.77N z=6.780 m_est=2.064
[INFO] [1789409520.208651474] [acados_nmpc_node]: [attach-window] t=52.40s pos_err=0.068m T=20.72N z=6.778 m_est=2.064
[INFO] [1789409520.236014387] [acados_nmpc_node]: [wcmd] raw=[+0.056,+0.133,-0.333] w=[+0.137,-0.063,-0.282] err=[-0.080,+0.196] scaled=[-0.264,+0.919] s=5.00
[INFO] [1789409520.264413198] [acados_nmpc_node]: [attach-window] t=52.46s pos_err=0.034m T=20.69N z=6.774 m_est=2.064
[INFO] [1789409520.309096555] [acados_nmpc_node]: [attach-window] t=52.50s pos_err=0.069m T=20.68N z=6.772 m_est=2.064
[INFO] [1789409520.364423243] [acados_nmpc_node]: [attach-window] t=52.56s pos_err=0.055m T=20.76N z=6.768 m_est=2.064
[INFO] [1789409520.409005776] [acados_nmpc_node]: [attach-window] t=52.60s pos_err=0.091m T=20.88N z=6.766 m_est=2.064
[INFO] [1789409520.435938033] [acados_nmpc_node]: [wcmd] raw=[-0.086,-0.061,-0.387] w=[-0.553,-0.803,-0.458] err=[+0.467,+0.741] scaled=[+1.149,+1.900] s=5.00
[INFO] [1789409520.465235689] [acados_nmpc_node]: [attach-window] t=52.66s pos_err=0.059m T=20.94N z=6.761 m_est=2.064
[INFO] [1789409520.510273193] [acados_nmpc_node]: [attach-window] t=52.70s pos_err=0.095m T=20.69N z=6.758 m_est=2.064
[INFO] [1789409520.564098111] [acados_nmpc_node]: [attach-window] t=52.76s pos_err=0.082m T=20.71N z=6.753 m_est=2.064
[INFO] [1789409520.609450912] [acados_nmpc_node]: [attach-window] t=52.80s pos_err=0.117m T=20.67N z=6.751 m_est=2.064
[INFO] [1789409520.635986834] [acados_nmpc_node]: [wcmd] raw=[+0.060,+0.078,-0.413] w=[+0.621,+0.356,-0.288] err=[-0.561,-0.279] scaled=[-1.900,-0.895] s=5.00
[INFO] [1789409520.664638645] [acados_nmpc_node]: [attach-window] t=52.86s pos_err=0.087m T=20.44N z=6.747 m_est=2.064
[INFO] [1789409520.709211783] [acados_nmpc_node]: [attach-window] t=52.90s pos_err=0.121m T=20.46N z=6.745 m_est=2.064
[INFO] [1789409520.764425733] [acados_nmpc_node]: [attach-window] t=52.96s pos_err=0.109m T=20.33N z=6.742 m_est=2.064
[INFO] [1789409520.810208207] [acados_nmpc_node]: [attach-window] t=53.00s pos_err=0.141m T=20.20N z=6.741 m_est=2.064
[INFO] [1789409520.836138040] [acados_nmpc_node]: [wcmd] raw=[+0.118,+0.079,-0.464] w=[-0.306,+0.724,-0.276] err=[+0.424,-0.645] scaled=[+1.420,-1.900] s=5.00
[INFO] [1789409520.866515745] [acados_nmpc_node]: [attach-window] t=53.06s pos_err=0.110m T=19.47N z=6.738 m_est=2.064
[INFO] [1789409520.909479030] [acados_nmpc_node]: [attach-window] t=53.10s pos_err=0.139m T=19.88N z=6.738 m_est=2.064
[INFO] [1789409520.964948403] [acados_nmpc_node]: [attach-window] t=53.16s pos_err=0.125m T=19.95N z=6.736 m_est=2.064
[INFO] [1789409521.008929020] [acados_nmpc_node]: [attach-window] t=53.20s pos_err=0.151m T=20.01N z=6.735 m_est=2.064
[INFO] [1789409521.036057900] [acados_nmpc_node]: [wcmd] raw=[-0.014,-0.240,-0.556] w=[-0.104,-0.354,-0.472] err=[+0.090,+0.114] scaled=[+0.346,+0.218] s=5.00
[INFO] [1789409521.064815994] [acados_nmpc_node]: [attach-window] t=53.26s pos_err=0.117m T=20.12N z=6.732 m_est=2.064
[INFO] [1789409521.109490024] [acados_nmpc_node]: [attach-window] t=53.30s pos_err=0.139m T=20.18N z=6.730 m_est=2.064
[INFO] [1789409521.164290990] [acados_nmpc_node]: [attach-window] t=53.36s pos_err=0.120m T=20.32N z=6.724 m_est=2.064
[INFO] [1789409521.209427419] [acados_nmpc_node]: [attach-window] t=53.40s pos_err=0.141m T=20.50N z=6.721 m_est=2.064
[INFO] [1789409521.236049719] [acados_nmpc_node]: [wcmd] raw=[+0.120,-0.119,-0.655] w=[+0.669,-0.442,-0.513] err=[-0.549,+0.323] scaled=[-1.900,+1.070] s=5.00
[INFO] [1789409521.264645863] [acados_nmpc_node]: [attach-window] t=53.46s pos_err=0.109m T=20.56N z=6.711 m_est=2.064
[INFO] [1789409521.309625590] [acados_nmpc_node]: [attach-window] t=53.50s pos_err=0.126m T=20.74N z=6.707 m_est=2.064
[INFO] [1789409521.364413665] [acados_nmpc_node]: [attach-window] t=53.56s pos_err=0.110m T=20.58N z=6.698 m_est=2.064
[INFO] [1789409521.409368251] [acados_nmpc_node]: [attach-window] t=53.60s pos_err=0.126m T=20.70N z=6.693 m_est=2.064
[INFO] [1789409521.436027135] [acados_nmpc_node]: [wcmd] raw=[+0.062,-0.231,-0.808] w=[-0.391,-0.247,-0.546] err=[+0.453,+0.016] scaled=[+1.873,-0.165] s=5.00
[INFO] [1789409521.464832368] [acados_nmpc_node]: [attach-window] t=53.66s pos_err=0.101m T=20.74N z=6.683 m_est=2.064
[INFO] [1789409521.509328333] [acados_nmpc_node]: [attach-window] t=53.70s pos_err=0.114m T=20.69N z=6.679 m_est=2.064
[INFO] [1789409521.564659647] [acados_nmpc_node]: [attach-window] t=53.76s pos_err=0.103m T=20.42N z=6.671 m_est=2.064
[INFO] [1789409521.612258832] [acados_nmpc_node]: [attach-window] t=53.80s pos_err=0.114m T=20.17N z=6.667 m_est=2.064
[INFO] [1789409521.635969019] [acados_nmpc_node]: [wcmd] raw=[-0.123,+0.174,-0.944] w=[+0.144,+0.738,-0.531] err=[-0.267,-0.564] scaled=[-1.106,-1.900] s=5.00
[INFO] [1789409521.664912206] [acados_nmpc_node]: [attach-window] t=53.86s pos_err=0.099m T=20.60N z=6.658 m_est=2.064
[INFO] [1789409521.708986353] [acados_nmpc_node]: [attach-window] t=53.90s pos_err=0.107m T=21.13N z=6.652 m_est=2.064
[INFO] [1789409521.764875862] [acados_nmpc_node]: [attach-window] t=53.96s pos_err=0.101m T=21.58N z=6.641 m_est=2.064
[INFO] [1789409521.809266199] [acados_nmpc_node]: [attach-window] t=54.00s pos_err=0.108m T=21.69N z=6.634 m_est=2.064
[INFO] [1789409521.835967384] [acados_nmpc_node]: [wcmd] raw=[+0.148,+0.126,-1.055] w=[+0.120,-0.059,-0.829] err=[+0.028,+0.185] scaled=[+0.260,+0.865] s=5.00
[INFO] [1789409521.865038317] [acados_nmpc_node]: [attach-window] t=54.06s pos_err=0.104m T=22.04N z=6.617 m_est=2.064
[INFO] [1789409521.909049065] [acados_nmpc_node]: [attach-window] t=54.10s pos_err=0.107m T=21.90N z=6.609 m_est=2.064
[INFO] [1789409521.965327846] [acados_nmpc_node]: [attach-window] t=54.16s pos_err=0.109m T=22.77N z=6.592 m_est=2.064
[INFO] [1789409522.009303716] [acados_nmpc_node]: [attach-window] t=54.20s pos_err=0.112m T=23.17N z=6.582 m_est=2.064
[INFO] [1789409522.036071188] [acados_nmpc_node]: [wcmd] raw=[-0.124,-0.027,-1.097] w=[-0.448,-0.839,-1.122] err=[+0.325,+0.812] scaled=[+0.646,+1.900] s=5.00
[INFO] [1789409522.065259316] [acados_nmpc_node]: [attach-window] t=54.26s pos_err=0.118m T=23.27N z=6.560 m_est=2.064
[INFO] [1789409522.109304712] [acados_nmpc_node]: [attach-window] t=54.30s pos_err=0.119m T=23.35N z=6.550 m_est=2.064
[INFO] [1789409522.165110880] [acados_nmpc_node]: [attach-window] t=54.36s pos_err=0.126m T=23.41N z=6.530 m_est=2.064
[INFO] [1789409522.209014980] [acados_nmpc_node]: [attach-window] t=54.40s pos_err=0.127m T=23.11N z=6.519 m_est=2.064
[INFO] [1789409522.235969602] [acados_nmpc_node]: [wcmd] raw=[+0.074,+0.127,-1.024] w=[+0.592,+0.322,-1.005] err=[-0.518,-0.195] scaled=[-1.900,-0.617] s=5.00
[INFO] [1789409522.264899630] [acados_nmpc_node]: [attach-window] t=54.46s pos_err=0.132m T=22.48N z=6.505 m_est=2.064
[INFO] [1789409522.308951203] [acados_nmpc_node]: [attach-window] t=54.50s pos_err=0.129m T=22.17N z=6.500 m_est=2.064
[INFO] [1789409522.364818836] [acados_nmpc_node]: [attach-window] t=54.56s pos_err=0.127m T=21.42N z=6.494 m_est=2.064
[INFO] [1789409522.409280392] [acados_nmpc_node]: [attach-window] t=54.60s pos_err=0.124m T=21.15N z=6.493 m_est=2.064
[INFO] [1789409522.436068659] [acados_nmpc_node]: [wcmd] raw=[+0.124,+0.225,-0.880] w=[-0.264,+0.922,-0.916] err=[+0.389,-0.697] scaled=[+1.310,-1.900] s=5.00
[INFO] [1789409522.462194531] [acados_nmpc_node]: [attach-window] t=54.65s pos_err=0.119m T=20.55N z=6.491 m_est=2.064
[INFO] [1789409522.509038024] [acados_nmpc_node]: [attach-window] t=54.70s pos_err=0.113m T=20.72N z=6.491 m_est=2.064
[INFO] [1789409522.564697548] [acados_nmpc_node]: [attach-window] t=54.76s pos_err=0.110m T=20.40N z=6.490 m_est=2.064
[INFO] [1789409522.608838845] [acados_nmpc_node]: [attach-window] t=54.80s pos_err=0.104m T=20.42N z=6.490 m_est=2.064
[INFO] [1789409522.636017397] [acados_nmpc_node]: [wcmd] raw=[-0.035,+0.026,-0.692] w=[-0.167,+0.111,-0.952] err=[+0.132,-0.085] scaled=[+0.494,-0.314] s=5.00
[INFO] [1789409522.664823316] [acados_nmpc_node]: [attach-window] t=54.86s pos_err=0.099m T=20.07N z=6.488 m_est=2.064
[INFO] [1789409522.708902854] [acados_nmpc_node]: [attach-window] t=54.90s pos_err=0.092m T=20.08N z=6.487 m_est=2.064
[INFO] [1789409522.765170682] [acados_nmpc_node]: [attach-window] t=54.96s pos_err=0.087m T=20.05N z=6.485 m_est=2.064
[INFO] [1789409522.809473892] [acados_nmpc_node]: [attach-window] t=55.00s pos_err=0.081m T=20.24N z=6.483 m_est=2.064
[INFO] [1789409522.836002192] [acados_nmpc_node]: [wcmd] raw=[+0.148,-0.218,-0.508] w=[+0.700,-0.858,-0.939] err=[-0.552,+0.639] scaled=[-1.681,+1.900] s=5.00
[INFO] [1789409522.864732688] [acados_nmpc_node]: [attach-window] t=55.06s pos_err=0.083m T=20.19N z=6.479 m_est=2.064
[INFO] [1789409522.908960604] [acados_nmpc_node]: [attach-window] t=55.10s pos_err=0.070m T=20.85N z=6.474 m_est=2.064
[INFO] [1789409522.965607684] [acados_nmpc_node]: [attach-window] t=55.16s pos_err=0.073m T=20.83N z=6.464 m_est=2.064
[INFO] [1789409523.008961568] [acados_nmpc_node]: [attach-window] t=55.20s pos_err=0.060m T=21.02N z=6.459 m_est=2.064
[INFO] [1789409523.035986525] [acados_nmpc_node]: [wcmd] raw=[-0.038,-0.217,-0.361] w=[-0.372,-0.298,-0.681] err=[+0.334,+0.081] scaled=[+1.297,+0.106] s=5.00
[INFO] [1789409523.064324067] [acados_nmpc_node]: [attach-window] t=55.26s pos_err=0.074m T=20.64N z=6.448 m_est=2.064
[INFO] [1789409523.108774583] [acados_nmpc_node]: [attach-window] t=55.30s pos_err=0.053m T=20.57N z=6.443 m_est=2.064
[INFO] [1789409523.164576756] [acados_nmpc_node]: [attach-window] t=55.36s pos_err=0.062m T=20.41N z=6.435 m_est=2.064
[INFO] [1789409523.209040960] [acados_nmpc_node]: [attach-window] t=55.40s pos_err=0.041m T=20.48N z=6.431 m_est=2.064
[INFO] [1789409523.235946645] [acados_nmpc_node]: [wcmd] raw=[-0.064,-0.117,-0.230] w=[+0.313,+0.185,-0.465] err=[-0.377,-0.302] scaled=[-1.574,-1.324] s=5.00
[INFO] [1789409523.264196002] [acados_nmpc_node]: [attach-window] t=55.46s pos_err=0.067m T=20.31N z=6.422 m_est=2.064
[INFO] [1789409523.309080198] [acados_nmpc_node]: [attach-window] t=55.50s pos_err=0.038m T=20.45N z=6.418 m_est=2.064
[INFO] [1789409523.364915594] [acados_nmpc_node]: [attach-window] t=55.56s pos_err=0.052m T=20.19N z=6.410 m_est=2.064
[INFO] [1789409523.409216811] [acados_nmpc_node]: [attach-window] t=55.60s pos_err=0.022m T=20.13N z=6.406 m_est=2.064
[INFO] [1789409523.435945035] [acados_nmpc_node]: [wcmd] raw=[+0.187,+0.278,-0.112] w=[-0.126,+0.570,-0.271] err=[+0.314,-0.292] scaled=[+1.442,-0.892] s=5.00
[INFO] [1789409523.465011924] [acados_nmpc_node]: [attach-window] t=55.66s pos_err=0.057m T=19.99N z=6.396 m_est=2.064
[INFO] [1789409523.508806910] [acados_nmpc_node]: [attach-window] t=55.70s pos_err=0.021m T=20.10N z=6.392 m_est=2.064
[INFO] [1789409523.564481140] [acados_nmpc_node]: [attach-window] t=55.76s pos_err=0.041m T=19.95N z=6.384 m_est=2.064
[INFO] [1789409523.609173399] [acados_nmpc_node]: [attach-window] t=55.80s pos_err=0.009m T=20.21N z=6.379 m_est=2.064
[INFO] [1789409523.635981416] [acados_nmpc_node]: [wcmd] raw=[-0.234,+0.014,-0.084] w=[-0.198,-0.422,-0.319] err=[-0.036,+0.437] scaled=[-0.376,+1.761] s=5.00
[INFO] [1789409523.664260264] [acados_nmpc_node]: [attach-window] t=55.86s pos_err=0.046m T=20.23N z=6.368 m_est=2.064
[INFO] [1789409523.709138900] [acados_nmpc_node]: [attach-window] t=55.90s pos_err=0.013m T=20.26N z=6.363 m_est=2.064
[INFO] [1789409523.764563117] [acados_nmpc_node]: [attach-window] t=55.96s pos_err=0.031m T=20.06N z=6.352 m_est=2.064
[INFO] [1789409523.807991472] [acados_nmpc_node]: [attach-window] t=56.00s pos_err=0.022m T=20.45N z=6.346 m_est=2.064
[INFO] [1789409523.835889589] [acados_nmpc_node]: [wcmd] raw=[+0.029,-0.175,-0.071] w=[+0.411,-0.533,-0.196] err=[-0.382,+0.359] scaled=[-1.500,+1.260] s=5.00
[INFO] [1789409523.875564623] [acados_nmpc_node]: [attach-window] t=56.05s pos_err=0.041m T=20.30N z=6.332 m_est=2.064
[INFO] [1789409523.908314869] [acados_nmpc_node]: [attach-window] t=56.10s pos_err=0.020m T=20.61N z=6.325 m_est=2.064
[INFO] [1789409523.908667859] [acados_nmpc_node]: t=56.1s | pos_err=0.020m | T=20.61N | tau=[r-0.500 p0.463 y0.016]Nm | res_stat=6.692e-08(peak 2.252e-06) sqp_iter=5 | solve=1.9ms
[INFO] [1789409523.908824676] [acados_nmpc_node]: [flight-diag] t=56.1s | om_scale=5.000(lo 5.000 hi 5.000) | tilt_max=12.26deg | w_max=[r0.655 p1.186 y1.128]rad/s | u_frac=[T0.747 r1.000 p1.000 y0.811] | u_sat=[T0.0 r52.0 p46.0 y0.0]% | mot_peak=1.000 mot_sat=30.0% | health=1 age=0.000s conf=0.003 | n=100
[INFO] [1789409523.967391332] [acados_nmpc_node]: [attach-window] t=56.16s pos_err=0.021m T=20.81N z=6.309 m_est=2.064
[INFO] [1789409524.008936305] [acados_nmpc_node]: [attach-window] t=56.20s pos_err=0.033m T=21.00N z=6.301 m_est=2.064
[INFO] [1789409524.062189446] [acados_nmpc_node]: [attach-window] t=56.25s pos_err=0.030m T=20.63N z=6.283 m_est=2.064
[INFO] [1789409524.062513336] [acados_nmpc_node]: [wcmd] raw=[+0.050,-0.290,-0.100] w=[-0.309,-0.366,-0.073] err=[+0.359,+0.077] scaled=[+1.486,+0.017] s=5.00
[INFO] [1789409524.118782092] [acados_nmpc_node]: [attach-window] t=56.30s pos_err=0.027m T=20.61N z=6.276 m_est=2.064
[INFO] [1789409524.199351169] [acados_nmpc_node]: [attach-window] t=56.36s pos_err=0.013m T=19.91N z=6.262 m_est=2.064
[INFO] [1789409524.208754439] [acados_nmpc_node]: [attach-window] t=56.40s pos_err=0.049m T=19.86N z=6.255 m_est=2.064
[INFO] [1789409524.265013338] [acados_nmpc_node]: [attach-window] t=56.46s pos_err=0.013m T=20.57N z=6.241 m_est=2.064
[INFO] [1789409524.295978685] [acados_nmpc_node]: [wcmd] raw=[-0.372,+0.369,-0.130] w=[-0.252,+0.909,+0.141] err=[-0.120,-0.539] scaled=[-0.851,-1.789] s=5.00
[INFO] [1789409524.309470680] [acados_nmpc_node]: [attach-window] t=56.50s pos_err=0.046m T=20.64N z=6.234 m_est=2.064
[INFO] [1789409524.364555164] [acados_nmpc_node]: [attach-window] t=56.56s pos_err=0.023m T=20.58N z=6.220 m_est=2.064
[INFO] [1789409524.420724867] [acados_nmpc_node]: [attach-window] t=56.60s pos_err=0.071m T=20.81N z=6.213 m_est=2.064
[INFO] [1789409524.464741476] [acados_nmpc_node]: [attach-window] t=56.66s pos_err=0.019m T=20.41N z=6.198 m_est=2.064
[INFO] [1789409524.496027396] [acados_nmpc_node]: [wcmd] raw=[+0.125,-0.463,-0.170] w=[+0.317,-0.664,-0.178] err=[-0.191,+0.200] scaled=[-0.640,+0.339] s=5.00
[INFO] [1789409524.509101631] [acados_nmpc_node]: [attach-window] t=56.70s pos_err=0.068m T=20.12N z=6.192 m_est=2.064
[INFO] [1789409524.564546446] [acados_nmpc_node]: [attach-window] t=56.76s pos_err=0.042m T=19.97N z=6.179 m_est=2.064
[INFO] [1789409524.608959378] [acados_nmpc_node]: [attach-window] t=56.80s pos_err=0.093m T=20.07N z=6.173 m_est=2.064
[INFO] [1789409524.664210267] [acados_nmpc_node]: [attach-window] t=56.86s pos_err=0.040m T=20.46N z=6.158 m_est=2.064
[INFO] [1789409524.696016829] [acados_nmpc_node]: [wcmd] raw=[-0.220,-0.058,-0.140] w=[-0.398,+0.276,-0.080] err=[+0.178,-0.334] scaled=[+0.493,-1.392] s=5.00
[INFO] [1789409524.708684543] [acados_nmpc_node]: [attach-window] t=56.90s pos_err=0.091m T=20.68N z=6.152 m_est=2.064
[INFO] [1789409524.769340472] [acados_nmpc_node]: [attach-window] t=56.96s pos_err=0.066m T=20.62N z=6.137 m_est=2.064
[INFO] [1789409524.828318756] [acados_nmpc_node]: [attach-window] t=57.00s pos_err=0.119m T=20.46N z=6.130 m_est=2.064
[INFO] [1789409524.864555032] [acados_nmpc_node]: [attach-window] t=57.06s pos_err=0.065m T=20.11N z=6.114 m_est=2.064
[INFO] [1789409524.896059742] [acados_nmpc_node]: [wcmd] raw=[-0.046,+0.139,-0.085] w=[+0.460,+0.428,-0.035] err=[-0.506,-0.289] scaled=[-1.900,-0.922] s=5.00
[INFO] [1789409524.909117818] [acados_nmpc_node]: [attach-window] t=57.10s pos_err=0.118m T=20.01N z=6.108 m_est=2.064
[INFO] [1789409524.965517075] [acados_nmpc_node]: [attach-window] t=57.16s pos_err=0.063m T=20.24N z=6.093 m_est=2.064
[INFO] [1789409525.008669101] [acados_nmpc_node]: [attach-window] t=57.20s pos_err=0.115m T=20.67N z=6.086 m_est=2.064
[INFO] [1789409525.064477692] [acados_nmpc_node]: [attach-window] t=57.26s pos_err=0.089m T=20.65N z=6.071 m_est=2.064
[INFO] [1789409525.096062385] [acados_nmpc_node]: [wcmd] raw=[-0.009,-0.235,-0.044] w=[-0.372,-0.352,-0.208] err=[+0.363,+0.117] scaled=[+1.443,+0.233] s=5.00
[INFO] [1789409525.108906072] [acados_nmpc_node]: [attach-window] t=57.30s pos_err=0.141m T=20.54N z=6.063 m_est=2.064
[INFO] [1789409525.164088299] [acados_nmpc_node]: [attach-window] t=57.36s pos_err=0.083m T=20.34N z=6.046 m_est=2.064
[INFO] [1789409525.234887284] [acados_nmpc_node]: [attach-window] t=57.40s pos_err=0.132m T=20.41N z=6.039 m_est=2.064
[INFO] [1789409525.266212611] [acados_nmpc_node]: [attach-window] t=57.46s pos_err=0.102m T=20.25N z=6.024 m_est=2.064
[INFO] [1789409525.296028923] [acados_nmpc_node]: [wcmd] raw=[-0.126,-0.339,+0.037] w=[+0.073,-0.782,-0.233] err=[-0.199,+0.443] scaled=[-0.920,+1.434] s=5.00
[INFO] [1789409525.309110114] [acados_nmpc_node]: [attach-window] t=57.50s pos_err=0.152m T=20.42N z=6.017 m_est=2.064
[INFO] [1789409525.376269311] [acados_nmpc_node]: [attach-window] t=57.56s pos_err=0.124m T=20.38N z=6.002 m_est=2.064
[INFO] [1789409525.409470928] [acados_nmpc_node]: [attach-window] t=57.60s pos_err=0.143m T=20.17N z=5.992 m_est=2.064
[INFO] [1789409525.464561568] [acados_nmpc_node]: [attach-window] t=57.66s pos_err=0.116m T=20.32N z=5.977 m_est=2.064
[INFO] [1789409525.508587533] [acados_nmpc_node]: [attach-window] t=57.70s pos_err=0.164m T=20.45N z=5.969 m_est=2.064
[INFO] [1789409525.515965088] [acados_nmpc_node]: [wcmd] raw=[+0.197,+0.063,+0.130] w=[+0.476,+0.094,+0.058] err=[-0.278,-0.031] scaled=[-0.916,-0.062] s=5.00
[INFO] [1789409525.564762744] [acados_nmpc_node]: [attach-window] t=57.76s pos_err=0.138m T=20.32N z=5.954 m_est=2.064
[INFO] [1789409525.609259035] [acados_nmpc_node]: [attach-window] t=57.80s pos_err=0.187m T=20.10N z=5.947 m_est=2.064
[INFO] [1789409525.664098430] [acados_nmpc_node]: [attach-window] t=57.86s pos_err=0.134m T=20.53N z=5.930 m_est=2.064
[INFO] [1789409525.709043340] [acados_nmpc_node]: [attach-window] t=57.90s pos_err=0.181m T=20.60N z=5.922 m_est=2.064
[INFO] [1789409525.715985318] [acados_nmpc_node]: [wcmd] raw=[-0.230,+0.324,+0.150] w=[-0.426,+0.882,+0.269] err=[+0.196,-0.559] scaled=[+0.551,-1.900] s=5.00
[INFO] [1789409525.764728110] [acados_nmpc_node]: [attach-window] t=57.96s pos_err=0.156m T=20.17N z=5.907 m_est=2.064
[INFO] [1789409525.809472646] [acados_nmpc_node]: [attach-window] t=58.00s pos_err=0.201m T=20.31N z=5.900 m_est=2.064
[INFO] [1789409525.864709619] [acados_nmpc_node]: [attach-window] t=58.06s pos_err=0.148m T=20.10N z=5.886 m_est=2.064
[INFO] [1789409525.909075317] [acados_nmpc_node]: [attach-window] t=58.10s pos_err=0.191m T=19.77N z=5.881 m_est=2.064
[INFO] [1789409525.916038794] [acados_nmpc_node]: [wcmd] raw=[-0.007,+0.029,+0.136] w=[+0.416,+0.139,+0.180] err=[-0.423,-0.110] scaled=[-1.698,-0.411] s=5.00
[INFO] [1789409525.986481948] [acados_nmpc_node]: [attach-window] t=58.16s pos_err=0.163m T=19.52N z=5.870 m_est=2.064
[INFO] [1789409526.008658096] [acados_nmpc_node]: [attach-window] t=58.20s pos_err=0.178m T=19.67N z=5.863 m_est=2.064
[INFO] [1789409526.077772127] [acados_nmpc_node]: [attach-window] t=58.25s pos_err=0.144m T=19.92N z=5.851 m_est=2.064
[INFO] [1789409526.110060267] [acados_nmpc_node]: [attach-window] t=58.30s pos_err=0.192m T=20.07N z=5.844 m_est=2.064
[INFO] [1789409526.164558868] [acados_nmpc_node]: [attach-window] t=58.36s pos_err=0.163m T=20.19N z=5.830 m_est=2.064
[INFO] [1789409526.164991399] [acados_nmpc_node]: [wcmd] raw=[+0.133,-0.173,+0.147] w=[-0.169,-0.546,+0.045] err=[+0.302,+0.374] scaled=[+1.341,+1.321] s=5.00
[INFO] [1789409526.208894164] [acados_nmpc_node]: [attach-window] t=58.40s pos_err=0.205m T=20.20N z=5.822 m_est=2.064
[INFO] [1789409526.265250302] [acados_nmpc_node]: [attach-window] t=58.46s pos_err=0.148m T=20.15N z=5.803 m_est=2.064
[INFO] [1789409526.309761754] [acados_nmpc_node]: [attach-window] t=58.50s pos_err=0.188m T=20.21N z=5.795 m_est=2.064
[INFO] [1789409526.364251164] [acados_nmpc_node]: [attach-window] t=58.56s pos_err=0.160m T=20.48N z=5.779 m_est=2.064
[INFO] [1789409526.364685646] [acados_nmpc_node]: [wcmd] raw=[-0.230,-0.248,+0.163] w=[-0.177,-0.383,+0.048] err=[-0.054,+0.134] scaled=[-0.445,+0.289] s=5.00
[INFO] [1789409526.409350210] [acados_nmpc_node]: [attach-window] t=58.60s pos_err=0.200m T=20.62N z=5.770 m_est=2.064
[INFO] [1789409526.464514619] [acados_nmpc_node]: [attach-window] t=58.66s pos_err=0.146m T=20.72N z=5.751 m_est=2.064
[INFO] [1789409526.510545054] [acados_nmpc_node]: [attach-window] t=58.70s pos_err=0.184m T=20.66N z=5.743 m_est=2.064
[INFO] [1789409526.565280848] [acados_nmpc_node]: [attach-window] t=58.76s pos_err=0.155m T=20.23N z=5.726 m_est=2.064
[INFO] [1789409526.565702768] [acados_nmpc_node]: [wcmd] raw=[+0.067,+0.173,+0.255] w=[+0.294,+0.541,+0.235] err=[-0.228,-0.368] scaled=[-0.844,-1.298] s=5.00
[INFO] [1789409526.609620888] [acados_nmpc_node]: [attach-window] t=58.80s pos_err=0.192m T=20.39N z=5.719 m_est=2.064
[INFO] [1789409526.665748653] [acados_nmpc_node]: [attach-window] t=58.86s pos_err=0.143m T=20.81N z=5.702 m_est=2.064
[INFO] [1789409526.709038942] [acados_nmpc_node]: [attach-window] t=58.90s pos_err=0.176m T=20.94N z=5.693 m_est=2.064
[INFO] [1789409526.764882197] [acados_nmpc_node]: [attach-window] t=58.96s pos_err=0.127m T=21.03N z=5.674 m_est=2.064
[INFO] [1789409526.765347853] [acados_nmpc_node]: [wcmd] raw=[-0.289,+0.026,+0.327] w=[-0.684,+0.381,+0.303] err=[+0.395,-0.355] scaled=[+1.290,-1.392] s=5.00
[INFO] [1789409526.811021058] [acados_nmpc_node]: [attach-window] t=59.00s pos_err=0.159m T=20.91N z=5.665 m_est=2.064
[INFO] [1789409526.864410737] [acados_nmpc_node]: [attach-window] t=59.06s pos_err=0.134m T=21.10N z=5.648 m_est=2.064
[INFO] [1789409526.909164977] [acados_nmpc_node]: [attach-window] t=59.10s pos_err=0.165m T=21.25N z=5.640 m_est=2.064
[INFO] [1789409526.964784461] [acados_nmpc_node]: [attach-window] t=59.16s pos_err=0.142m T=21.31N z=5.624 m_est=2.064
[INFO] [1789409526.965219782] [acados_nmpc_node]: [wcmd] raw=[+0.148,-0.149,+0.379] w=[+0.503,-0.528,+0.273] err=[-0.355,+0.379] scaled=[-1.272,+1.369] s=5.00
[INFO] [1789409527.009479916] [acados_nmpc_node]: [attach-window] t=59.20s pos_err=0.172m T=21.71N z=5.615 m_est=2.064
[INFO] [1789409527.065776250] [acados_nmpc_node]: [attach-window] t=59.26s pos_err=0.131m T=21.81N z=5.594 m_est=2.064
[INFO] [1789409527.109490264] [acados_nmpc_node]: [attach-window] t=59.30s pos_err=0.158m T=21.68N z=5.585 m_est=2.064
[INFO] [1789409527.164861837] [acados_nmpc_node]: [attach-window] t=59.36s pos_err=0.137m T=21.35N z=5.568 m_est=2.064
[INFO] [1789409527.165301297] [acados_nmpc_node]: [wcmd] raw=[+0.138,-0.215,+0.403] w=[-0.184,-0.345,+0.335] err=[+0.322,+0.130] scaled=[+1.426,+0.307] s=5.00
[INFO] [1789409527.209609765] [acados_nmpc_node]: [attach-window] t=59.40s pos_err=0.164m T=21.21N z=5.561 m_est=2.064
[INFO] [1789409527.289028923] [acados_nmpc_node]: [attach-window] t=59.45s pos_err=0.125m T=20.94N z=5.548 m_est=2.064
[INFO] [1789409527.314597247] [acados_nmpc_node]: [attach-window] t=59.50s pos_err=0.150m T=21.03N z=5.542 m_est=2.064
[INFO] [1789409527.365588888] [acados_nmpc_node]: [attach-window] t=59.56s pos_err=0.130m T=20.85N z=5.530 m_est=2.064
[INFO] [1789409527.376022967] [acados_nmpc_node]: [wcmd] raw=[-0.245,+0.249,+0.497] w=[-0.245,+0.686,+0.555] err=[-0.000,-0.437] scaled=[-0.245,-1.499] s=5.00
[INFO] [1789409527.409849742] [acados_nmpc_node]: [attach-window] t=59.60s pos_err=0.150m T=20.98N z=5.524 m_est=2.064
[INFO] [1789409527.464760882] [acados_nmpc_node]: [attach-window] t=59.66s pos_err=0.117m T=20.96N z=5.512 m_est=2.064
[INFO] [1789409527.509936012] [acados_nmpc_node]: [attach-window] t=59.70s pos_err=0.134m T=20.87N z=5.507 m_est=2.064
[INFO] [1789409527.565008519] [acados_nmpc_node]: [attach-window] t=59.76s pos_err=0.114m T=20.63N z=5.498 m_est=2.064
[INFO] [1789409527.576030283] [acados_nmpc_node]: [wcmd] raw=[-0.026,-0.158,+0.603] w=[+0.188,+0.229,+0.487] err=[-0.213,-0.386] scaled=[-0.880,-1.703] s=5.00
[INFO] [1789409527.609418311] [acados_nmpc_node]: [attach-window] t=59.80s pos_err=0.130m T=20.52N z=5.494 m_est=2.064
[INFO] [1789409527.664591945] [acados_nmpc_node]: [attach-window] t=59.86s pos_err=0.101m T=20.49N z=5.485 m_est=2.064
[INFO] [1789409527.709176022] [acados_nmpc_node]: [attach-window] t=59.90s pos_err=0.114m T=20.53N z=5.481 m_est=2.064
[INFO] [1789409527.764735498] [acados_nmpc_node]: [attach-window] t=59.96s pos_err=0.099m T=20.37N z=5.472 m_est=2.064
[INFO] [1789409527.776015692] [acados_nmpc_node]: [wcmd] raw=[-0.226,+0.068,+0.769] w=[-0.688,-0.361,+0.455] err=[+0.462,+0.429] scaled=[+1.622,+1.784] s=5.00
[INFO] [1789409527.809117682] [acados_nmpc_node]: [attach-window] t=60.00s pos_err=0.113m T=20.29N z=5.468 m_est=2.064
[INFO] [1789409527.865088531] [acados_nmpc_node]: [attach-window] t=60.06s pos_err=0.092m T=20.40N z=5.460 m_est=2.064
[INFO] [1789409527.909404240] [acados_nmpc_node]: [attach-window] t=60.10s pos_err=0.104m T=20.31N z=5.456 m_est=2.064
[INFO] [1789409527.964981176] [acados_nmpc_node]: [attach-window] t=60.16s pos_err=0.095m T=20.40N z=5.448 m_est=2.064
[INFO] [1789409527.975966156] [acados_nmpc_node]: [wcmd] raw=[+0.383,-0.132,+0.917] w=[+0.816,-0.375,+0.600] err=[-0.433,+0.243] scaled=[-1.347,+0.840] s=5.00
[INFO] [1789409528.009614743] [acados_nmpc_node]: [attach-window] t=60.20s pos_err=0.108m T=20.19N z=5.444 m_est=2.064
[INFO] [1789409528.064459062] [acados_nmpc_node]: [attach-window] t=60.26s pos_err=0.093m T=20.66N z=5.433 m_est=2.064
[INFO] [1789409528.109138027] [acados_nmpc_node]: [attach-window] t=60.30s pos_err=0.101m T=20.93N z=5.428 m_est=2.064
[INFO] [1789409528.164849303] [acados_nmpc_node]: [attach-window] t=60.36s pos_err=0.093m T=21.24N z=5.416 m_est=2.064
[INFO] [1789409528.176008943] [acados_nmpc_node]: [wcmd] raw=[-0.040,+0.178,+1.023] w=[-0.447,+0.677,+0.934] err=[+0.407,-0.499] scaled=[+1.586,-1.817] s=5.00
[INFO] [1789409528.208815752] [acados_nmpc_node]: [attach-window] t=60.40s pos_err=0.100m T=21.32N z=5.409 m_est=2.064
[INFO] [1789409528.264681484] [acados_nmpc_node]: [attach-window] t=60.46s pos_err=0.087m T=21.17N z=5.395 m_est=2.064
[INFO] [1789409528.309080427] [acados_nmpc_node]: [attach-window] t=60.50s pos_err=0.089m T=21.09N z=5.389 m_est=2.064
[INFO] [1789409528.364292351] [acados_nmpc_node]: [attach-window] t=60.56s pos_err=0.081m T=21.11N z=5.378 m_est=2.064
[INFO] [1789409528.375943770] [acados_nmpc_node]: [wcmd] raw=[-0.147,-0.002,+1.072] w=[+0.029,+0.163,+1.003] err=[-0.175,-0.165] scaled=[-0.848,-0.662] s=5.00
[INFO] [1789409528.409084774] [acados_nmpc_node]: [attach-window] t=60.60s pos_err=0.082m T=21.17N z=5.373 m_est=2.064
[INFO] [1789409528.464292452] [acados_nmpc_node]: [attach-window] t=60.66s pos_err=0.074m T=21.14N z=5.361 m_est=2.064
[INFO] [1789409528.509036888] [acados_nmpc_node]: [attach-window] t=60.70s pos_err=0.071m T=21.23N z=5.356 m_est=2.064
[INFO] [1789409528.566159759] [acados_nmpc_node]: [attach-window] t=60.76s pos_err=0.069m T=20.45N z=5.345 m_est=2.064
[INFO] [1789409528.575974568] [acados_nmpc_node]: [wcmd] raw=[-0.002,-0.458,+1.005] w=[+0.322,-0.822,+0.938] err=[-0.323,+0.364] scaled=[-1.296,+1.000] s=5.00
[INFO] [1789409528.609447247] [acados_nmpc_node]: [attach-window] t=60.80s pos_err=0.063m T=20.79N z=5.342 m_est=2.064
[INFO] [1789409528.664101382] [acados_nmpc_node]: [attach-window] t=60.86s pos_err=0.060m T=21.02N z=5.332 m_est=2.064
[INFO] [1789409528.708653022] [acados_nmpc_node]: [attach-window] t=60.90s pos_err=0.055m T=21.05N z=5.328 m_est=2.064
[INFO] [1789409528.762304507] [acados_nmpc_node]: [attach-window] t=60.95s pos_err=0.053m T=20.98N z=5.320 m_est=2.064
[INFO] [1789409528.775873250] [acados_nmpc_node]: [wcmd] raw=[+0.103,+0.095,+0.851] w=[-0.342,+0.006,+1.069] err=[+0.446,+0.089] scaled=[+1.886,+0.451] s=5.00
[INFO] [1789409528.807902696] [acados_nmpc_node]: [attach-window] t=61.00s pos_err=0.053m T=20.97N z=5.316 m_est=2.064
[INFO] [1789409528.864328823] [acados_nmpc_node]: [attach-window] t=61.06s pos_err=0.049m T=20.96N z=5.307 m_est=2.064
[INFO] [1789409528.909023243] [acados_nmpc_node]: [attach-window] t=61.10s pos_err=0.050m T=20.96N z=5.304 m_est=2.064
[INFO] [1789409528.909504934] [acados_nmpc_node]: t=61.1s | pos_err=0.050m | T=20.96N | tau=[r-0.500 p-0.332 y-0.136]Nm | res_stat=2.848e-07(peak 2.252e-06) sqp_iter=5 | solve=2.5ms
[INFO] [1789409528.909713864] [acados_nmpc_node]: [flight-diag] t=61.1s | om_scale=5.000(lo 5.000 hi 5.000) | tilt_max=12.24deg | w_max=[r0.816 p1.012 y1.147]rad/s | u_frac=[T0.696 r1.000 p1.000 y0.718] | u_sat=[T0.0 r50.0 p53.0 y0.0]% | mot_peak=1.000 mot_sat=30.4% | health=1 age=0.000s conf=0.005 | n=100
[INFO] [1789409528.964196704] [acados_nmpc_node]: [attach-window] t=61.16s pos_err=0.045m T=20.99N z=5.297 m_est=2.064
[INFO] [1789409528.976014341] [acados_nmpc_node]: [wcmd] raw=[-0.185,-0.107,+0.653] w=[+0.089,+0.190,+0.999] err=[-0.274,-0.298] scaled=[-1.283,-1.298] s=5.00
[INFO] [1789409529.008265529] [acados_nmpc_node]: [attach-window] t=61.20s pos_err=0.055m T=21.05N z=5.293 m_est=2.064
[INFO] [1789409529.080693330] [acados_nmpc_node]: [attach-window] t=61.26s pos_err=0.042m T=20.66N z=5.286 m_est=2.064
[INFO] [1789409529.109328699] [acados_nmpc_node]: [attach-window] t=61.30s pos_err=0.054m T=20.89N z=5.282 m_est=2.064
[INFO] [1789409529.164538826] [acados_nmpc_node]: [attach-window] t=61.36s pos_err=0.045m T=20.99N z=5.276 m_est=2.064
[INFO] [1789409529.195947414] [acados_nmpc_node]: [wcmd] raw=[+0.198,+0.001,+0.464] w=[+0.451,+0.370,+0.837] err=[-0.253,-0.369] scaled=[-0.815,-1.476] s=5.00
[INFO] [1789409529.213192379] [acados_nmpc_node]: [attach-window] t=61.40s pos_err=0.065m T=21.06N z=5.273 m_est=2.064
[INFO] [1789409529.265206978] [acados_nmpc_node]: [attach-window] t=61.46s pos_err=0.043m T=20.54N z=5.268 m_est=2.064
[INFO] [1789409529.312623914] [acados_nmpc_node]: [attach-window] t=61.50s pos_err=0.065m T=20.37N z=5.266 m_est=2.064
[INFO] [1789409529.364190659] [acados_nmpc_node]: [attach-window] t=61.56s pos_err=0.041m T=20.08N z=5.264 m_est=2.064
[INFO] [1789409529.395971444] [acados_nmpc_node]: [wcmd] raw=[-0.097,+0.203,+0.331] w=[-0.383,+0.506,+0.706] err=[+0.287,-0.303] scaled=[+1.050,-1.011] s=5.00
[INFO] [1789409529.408874883] [acados_nmpc_node]: [attach-window] t=61.60s pos_err=0.080m T=20.24N z=5.263 m_est=2.064
[INFO] [1789409529.464496448] [acados_nmpc_node]: [attach-window] t=61.66s pos_err=0.051m T=20.19N z=5.262 m_est=2.064
[INFO] [1789409529.508680203] [acados_nmpc_node]: [attach-window] t=61.70s pos_err=0.078m T=20.30N z=5.261 m_est=2.064
[INFO] [1789409529.564551917] [acados_nmpc_node]: [attach-window] t=61.76s pos_err=0.048m T=20.00N z=5.260 m_est=2.064
[INFO] [1789409529.595949149] [acados_nmpc_node]: [wcmd] raw=[-0.127,-0.134,+0.219] w=[+0.119,-0.228,+0.457] err=[-0.246,+0.095] scaled=[-1.109,+0.246] s=5.00
[INFO] [1789409529.608952859] [acados_nmpc_node]: [attach-window] t=61.80s pos_err=0.093m T=20.05N z=5.260 m_est=2.064
[INFO] [1789409529.664250664] [acados_nmpc_node]: [attach-window] t=61.86s pos_err=0.058m T=20.13N z=5.258 m_est=2.064
[INFO] [1789409529.710482172] [acados_nmpc_node]: [attach-window] t=61.90s pos_err=0.087m T=20.39N z=5.257 m_est=2.064
[INFO] [1789409529.764090501] [acados_nmpc_node]: [attach-window] t=61.96s pos_err=0.068m T=20.28N z=5.254 m_est=2.064
[INFO] [1789409529.795967045] [acados_nmpc_node]: [wcmd] raw=[+0.129,-0.283,+0.156] w=[+0.097,-0.835,+0.240] err=[+0.032,+0.552] scaled=[+0.256,+1.900] s=5.00
[INFO] [1789409529.837325141] [acados_nmpc_node]: [attach-window] t=62.00s pos_err=0.098m T=20.50N z=5.252 m_est=2.064
[INFO] [1789409529.864547927] [acados_nmpc_node]: [attach-window] t=62.06s pos_err=0.059m T=20.02N z=5.249 m_est=2.064
[INFO] [1789409529.909935948] [acados_nmpc_node]: [attach-window] t=62.10s pos_err=0.091m T=19.80N z=5.247 m_est=2.064
[INFO] [1789409529.965347514] [acados_nmpc_node]: [attach-window] t=62.16s pos_err=0.070m T=19.88N z=5.244 m_est=2.064
[INFO] [1789409530.008891170] [acados_nmpc_node]: [attach-window] t=62.20s pos_err=0.102m T=20.61N z=5.241 m_est=2.064
[INFO] [1789409530.015926096] [acados_nmpc_node]: [wcmd] raw=[-0.366,-0.121,+0.147] w=[-0.426,-0.226,+0.208] err=[+0.060,+0.106] scaled=[-0.126,+0.302] s=5.00
[INFO] [1789409530.064457743] [acados_nmpc_node]: [attach-window] t=62.26s pos_err=0.062m T=21.06N z=5.233 m_est=2.064
[INFO] [1789409530.109002235] [acados_nmpc_node]: [attach-window] t=62.30s pos_err=0.095m T=21.22N z=5.229 m_est=2.064
[INFO] [1789409530.164024232] [acados_nmpc_node]: [attach-window] t=62.36s pos_err=0.054m T=20.98N z=5.220 m_est=2.064
[INFO] [1789409530.209173906] [acados_nmpc_node]: [attach-window] t=62.40s pos_err=0.109m T=21.11N z=5.218 m_est=2.064
[INFO] [1789409530.215979453] [acados_nmpc_node]: [wcmd] raw=[+0.097,-0.006,+0.182] w=[+0.482,+0.292,+0.203] err=[-0.384,-0.298] scaled=[-1.440,-1.197] s=5.00
[INFO] [1789409530.261778306] [acados_nmpc_node]: [attach-window] t=62.45s pos_err=0.063m T=20.60N z=5.212 m_est=2.064
[INFO] [1789409530.308976755] [acados_nmpc_node]: [attach-window] t=62.50s pos_err=0.103m T=20.70N z=5.211 m_est=2.064
[INFO] [1789409530.364742376] [acados_nmpc_node]: [attach-window] t=62.56s pos_err=0.084m T=20.60N z=5.209 m_est=2.064
[INFO] [1789409530.409180660] [acados_nmpc_node]: [attach-window] t=62.60s pos_err=0.098m T=20.53N z=5.208 m_est=2.064
[INFO] [1789409530.415956646] [acados_nmpc_node]: [wcmd] raw=[-0.051,+0.205,+0.266] w=[-0.468,+0.459,+0.247] err=[+0.418,-0.254] scaled=[+1.619,-0.811] s=5.00
[INFO] [1789409530.464345312] [acados_nmpc_node]: [attach-window] t=62.66s pos_err=0.077m T=20.42N z=5.207 m_est=2.064
[INFO] [1789409530.508584344] [acados_nmpc_node]: [attach-window] t=62.70s pos_err=0.114m T=20.59N z=5.206 m_est=2.064
[INFO] [1789409530.589750818] [acados_nmpc_node]: [attach-window] t=62.76s pos_err=0.073m T=20.45N z=5.206 m_est=2.064
[INFO] [1789409530.608897271] [acados_nmpc_node]: [attach-window] t=62.80s pos_err=0.133m T=20.35N z=5.206 m_est=2.064
[INFO] [1789409530.635944096] [acados_nmpc_node]: [wcmd] raw=[-0.057,+0.116,+0.302] w=[+0.329,-0.326,+0.193] err=[-0.386,+0.442] scaled=[-1.602,+1.882] s=5.00
[INFO] [1789409530.663771251] [acados_nmpc_node]: [attach-window] t=62.86s pos_err=0.093m T=20.51N z=5.206 m_est=2.064
[INFO] [1789409530.708982178] [acados_nmpc_node]: [attach-window] t=62.90s pos_err=0.131m T=20.71N z=5.206 m_est=2.064
[INFO] [1789409530.764867362] [acados_nmpc_node]: [attach-window] t=62.96s pos_err=0.112m T=20.39N z=5.205 m_est=2.064
[INFO] [1789409530.808914243] [acados_nmpc_node]: [attach-window] t=63.00s pos_err=0.150m T=20.73N z=5.205 m_est=2.064
[INFO] [1789409530.835949716] [acados_nmpc_node]: [wcmd] raw=[+0.126,-0.245,+0.290] w=[-0.197,-0.482,+0.209] err=[+0.323,+0.237] scaled=[+1.419,+0.702] s=5.00
[INFO] [1789409530.869949956] [acados_nmpc_node]: [attach-window] t=63.06s pos_err=0.109m T=20.37N z=5.205 m_est=2.064
[INFO] [1789409530.908973681] [acados_nmpc_node]: [attach-window] t=63.10s pos_err=0.146m T=20.31N z=5.206 m_est=2.064
[INFO] [1789409530.964102934] [acados_nmpc_node]: [attach-window] t=63.16s pos_err=0.123m T=19.97N z=5.209 m_est=2.064
[INFO] [1789409531.008969475] [acados_nmpc_node]: [attach-window] t=63.20s pos_err=0.160m T=20.11N z=5.211 m_est=2.064
[INFO] [1789409531.035927769] [acados_nmpc_node]: [wcmd] raw=[-0.237,-0.251,+0.301] w=[-0.148,+0.069,+0.290] err=[-0.089,-0.320] scaled=[-0.594,-1.530] s=5.00
[INFO] [1789409531.063823333] [acados_nmpc_node]: [attach-window] t=63.26s pos_err=0.115m T=20.09N z=5.215 m_est=2.064
[INFO] [1789409531.108940366] [acados_nmpc_node]: [attach-window] t=63.30s pos_err=0.151m T=20.37N z=5.217 m_est=2.064
[INFO] [1789409531.164100203] [acados_nmpc_node]: [attach-window] t=63.35s pos_err=0.128m T=20.04N z=5.220 m_est=2.064
[INFO] [1789409531.208607589] [acados_nmpc_node]: [attach-window] t=63.40s pos_err=0.142m T=20.18N z=5.221 m_est=2.064
[INFO] [1789409531.235929280] [acados_nmpc_node]: [wcmd] raw=[+0.101,+0.114,+0.353] w=[+0.384,+0.558,+0.366] err=[-0.284,-0.444] scaled=[-1.033,-1.664] s=5.00
[INFO] [1789409531.264623359] [acados_nmpc_node]: [attach-window] t=63.46s pos_err=0.119m T=20.22N z=5.223 m_est=2.064
[INFO] [1789409531.308825255] [acados_nmpc_node]: [attach-window] t=63.50s pos_err=0.153m T=20.34N z=5.224 m_est=2.064
[INFO] [1789409531.364140382] [acados_nmpc_node]: [attach-window] t=63.56s pos_err=0.111m T=20.40N z=5.224 m_est=2.064
[INFO] [1789409531.409296749] [acados_nmpc_node]: [attach-window] t=63.60s pos_err=0.145m T=20.51N z=5.225 m_est=2.064
[INFO] [1789409531.435935802] [acados_nmpc_node]: [wcmd] raw=[-0.074,+0.019,+0.386] w=[-0.501,-0.209,+0.234] err=[+0.427,+0.227] scaled=[+1.636,+0.928] s=5.00
[INFO] [1789409531.464178312] [acados_nmpc_node]: [attach-window] t=63.66s pos_err=0.125m T=20.55N z=5.225 m_est=2.064
[INFO] [1789409531.534487994] [acados_nmpc_node]: [attach-window] t=63.70s pos_err=0.158m T=20.62N z=5.225 m_est=2.064
[INFO] [1789409531.564237490] [acados_nmpc_node]: [attach-window] t=63.76s pos_err=0.137m T=20.41N z=5.227 m_est=2.064
[INFO] [1789409531.609052210] [acados_nmpc_node]: [attach-window] t=63.80s pos_err=0.170m T=20.35N z=5.228 m_est=2.064
[INFO] [1789409531.635961955] [acados_nmpc_node]: [wcmd] raw=[-0.019,-0.263,+0.432] w=[+0.435,-0.965,+0.183] err=[-0.454,+0.702] scaled=[-1.417,+1.900] s=5.00
[INFO] [1789409531.665368113] [acados_nmpc_node]: [attach-window] t=63.86s pos_err=0.133m T=20.62N z=5.230 m_est=2.064
[INFO] [1789409531.709111622] [acados_nmpc_node]: [attach-window] t=63.90s pos_err=0.164m T=21.21N z=5.229 m_est=2.064
[INFO] [1789409531.761789373] [acados_nmpc_node]: [attach-window] t=63.95s pos_err=0.143m T=21.69N z=5.226 m_est=2.064
[INFO] [1789409531.808205857] [acados_nmpc_node]: [attach-window] t=64.00s pos_err=0.178m T=21.62N z=5.224 m_est=2.064
[INFO] [1789409531.835819361] [acados_nmpc_node]: [wcmd] raw=[+0.095,+0.128,+0.496] w=[-0.273,+0.216,+0.461] err=[+0.368,-0.089] scaled=[+1.565,-0.227] s=5.00
[INFO] [1789409531.861658113] [acados_nmpc_node]: [attach-window] t=64.05s pos_err=0.142m T=21.36N z=5.222 m_est=2.064
[INFO] [1789409531.908279107] [acados_nmpc_node]: [attach-window] t=64.10s pos_err=0.177m T=21.30N z=5.222 m_est=2.064
[INFO] [1789409531.962092182] [acados_nmpc_node]: [attach-window] t=64.15s pos_err=0.144m T=21.04N z=5.224 m_est=2.064
[INFO] [1789409532.008368131] [acados_nmpc_node]: [attach-window] t=64.20s pos_err=0.194m T=21.11N z=5.225 m_est=2.064
[INFO] [1789409532.035824451] [acados_nmpc_node]: [wcmd] raw=[-0.238,+0.008,+0.525] w=[-0.187,+0.435,+0.557] err=[-0.051,-0.427] scaled=[-0.441,-1.701] s=5.00
[INFO] [1789409532.062064757] [acados_nmpc_node]: [attach-window] t=64.25s pos_err=0.159m T=20.91N z=5.229 m_est=2.064
[INFO] [1789409532.108435572] [acados_nmpc_node]: [attach-window] t=64.30s pos_err=0.191m T=20.92N z=5.232 m_est=2.064
[INFO] [1789409532.161986213] [acados_nmpc_node]: [attach-window] t=64.35s pos_err=0.173m T=20.39N z=5.238 m_est=2.064
[INFO] [1789409532.208372025] [acados_nmpc_node]: [attach-window] t=64.40s pos_err=0.187m T=20.66N z=5.242 m_est=2.064
[INFO] [1789409532.235864096] [acados_nmpc_node]: [wcmd] raw=[+0.027,+0.205,+0.594] w=[+0.387,+0.235,+0.535] err=[-0.360,-0.031] scaled=[-1.412,+0.082] s=5.00
[INFO] [1789409532.262238963] [acados_nmpc_node]: [attach-window] t=64.45s pos_err=0.170m T=20.69N z=5.248 m_est=2.064
[INFO] [1789409532.308456256] [acados_nmpc_node]: [attach-window] t=64.50s pos_err=0.196m T=20.74N z=5.251 m_est=2.064
[INFO] [1789409532.362417551] [acados_nmpc_node]: [attach-window] t=64.55s pos_err=0.179m T=20.73N z=5.257 m_est=2.064
[INFO] [1789409532.409534472] [acados_nmpc_node]: [attach-window] t=64.60s pos_err=0.205m T=20.77N z=5.260 m_est=2.064
[INFO] [1789409532.436089898] [acados_nmpc_node]: [wcmd] raw=[-0.015,+0.082,+0.690] w=[-0.530,-0.326,+0.462] err=[+0.515,+0.409] scaled=[+1.900,+1.603] s=5.00
[INFO] [1789409532.465487199] [acados_nmpc_node]: [attach-window] t=64.66s pos_err=0.178m T=20.67N z=5.267 m_est=2.064
[INFO] [1789409532.509577935] [acados_nmpc_node]: [attach-window] t=64.70s pos_err=0.198m T=20.75N z=5.270 m_est=2.064
[INFO] [1789409532.572031495] [acados_nmpc_node]: [attach-window] t=64.76s pos_err=0.182m T=20.29N z=5.276 m_est=2.064
[INFO] [1789409532.622462090] [acados_nmpc_node]: [attach-window] t=64.80s pos_err=0.201m T=20.26N z=5.280 m_est=2.064
[INFO] [1789409532.635948391] [acados_nmpc_node]: [wcmd] raw=[-0.016,-0.246,+0.821] w=[+0.373,-0.674,+0.453] err=[-0.389,+0.428] scaled=[-1.573,+1.465] s=5.00
[INFO] [1789409532.664668955] [acados_nmpc_node]: [attach-window] t=64.86s pos_err=0.173m T=20.46N z=5.288 m_est=2.064
[INFO] [1789409532.709330554] [acados_nmpc_node]: [attach-window] t=64.90s pos_err=0.189m T=20.75N z=5.291 m_est=2.064
[INFO] [1789409532.764598150] [acados_nmpc_node]: [attach-window] t=64.96s pos_err=0.172m T=21.55N z=5.294 m_est=2.064
[INFO] [1789409532.809282838] [acados_nmpc_node]: [attach-window] t=65.00s pos_err=0.186m T=21.68N z=5.295 m_est=2.064
[INFO] [1789409532.835929686] [acados_nmpc_node]: [wcmd] raw=[-0.079,+0.059,+0.995] w=[-0.554,+0.328,+0.782] err=[+0.476,-0.268] scaled=[+1.824,-1.014] s=5.00
[INFO] [1789409532.864491592] [acados_nmpc_node]: [attach-window] t=65.06s pos_err=0.161m T=21.45N z=5.298 m_est=2.064
[INFO] [1789409532.909292939] [acados_nmpc_node]: [attach-window] t=65.10s pos_err=0.174m T=21.47N z=5.299 m_est=2.064
[INFO] [1789409532.964675769] [acados_nmpc_node]: [attach-window] t=65.16s pos_err=0.161m T=21.23N z=5.304 m_est=2.064
[INFO] [1789409533.009355519] [acados_nmpc_node]: [attach-window] t=65.20s pos_err=0.173m T=21.80N z=5.306 m_est=2.064
[INFO] [1789409533.035921180] [acados_nmpc_node]: [wcmd] raw=[-0.214,+0.232,+1.073] w=[+0.021,+0.220,+0.953] err=[-0.234,+0.011] scaled=[-1.151,+0.278] s=5.00
[INFO] [1789409533.064466394] [acados_nmpc_node]: [attach-window] t=65.26s pos_err=0.154m T=22.46N z=5.307 m_est=2.064
[INFO] [1789409533.109275091] [acados_nmpc_node]: [attach-window] t=65.30s pos_err=0.164m T=22.49N z=5.307 m_est=2.064
[INFO] [1789409533.164234375] [acados_nmpc_node]: [attach-window] t=65.36s pos_err=0.148m T=22.35N z=5.309 m_est=2.064
[INFO] [1789409533.208897797] [acados_nmpc_node]: [attach-window] t=65.40s pos_err=0.163m T=22.48N z=5.310 m_est=2.064
[INFO] [1789409533.235975883] [acados_nmpc_node]: [wcmd] raw=[-0.028,-0.126,+1.027] w=[+0.230,-0.686,+0.903] err=[-0.258,+0.561] scaled=[-0.959,+1.900] s=5.00
[INFO] [1789409533.264699707] [acados_nmpc_node]: [attach-window] t=65.46s pos_err=0.146m T=22.11N z=5.316 m_est=2.064
[INFO] [1789409533.309019524] [acados_nmpc_node]: [attach-window] t=65.50s pos_err=0.152m T=22.48N z=5.319 m_est=2.064
[INFO] [1789409533.361988476] [acados_nmpc_node]: [attach-window] t=65.55s pos_err=0.142m T=22.54N z=5.322 m_est=2.064
[INFO] [1789409533.438401023] [acados_nmpc_node]: [attach-window] t=65.60s pos_err=0.148m T=22.61N z=5.325 m_est=2.064
[INFO] [1789409533.464292714] [acados_nmpc_node]: [attach-window] t=65.66s pos_err=0.135m T=21.96N z=5.333 m_est=2.064
[INFO] [1789409533.464699006] [acados_nmpc_node]: [wcmd] raw=[+0.026,-0.225,+0.888] w=[-0.349,-0.283,+1.018] err=[+0.375,+0.058] scaled=[+1.525,+0.007] s=5.00
[INFO] [1789409533.509128348] [acados_nmpc_node]: [attach-window] t=65.70s pos_err=0.137m T=21.90N z=5.339 m_est=2.064
[INFO] [1789409533.564850978] [acados_nmpc_node]: [attach-window] t=65.76s pos_err=0.128m T=21.06N z=5.352 m_est=2.064
[INFO] [1789409533.608881924] [acados_nmpc_node]: [attach-window] t=65.80s pos_err=0.128m T=20.94N z=5.360 m_est=2.064
[INFO] [1789409533.665087614] [acados_nmpc_node]: [attach-window] t=65.85s pos_err=0.117m T=20.24N z=5.380 m_est=2.064
[INFO] [1789409533.665487957] [acados_nmpc_node]: [wcmd] raw=[-0.061,+0.572,+0.768] w=[-0.066,+0.904,+1.168] err=[+0.005,-0.332] scaled=[-0.041,-0.756] s=5.00
[INFO] [1789409533.708947602] [acados_nmpc_node]: [attach-window] t=65.90s pos_err=0.114m T=20.62N z=5.389 m_est=2.064
[INFO] [1789409533.779307506] [acados_nmpc_node]: [attach-window] t=65.96s pos_err=0.108m T=20.67N z=5.406 m_est=2.064
[INFO] [1789409533.808743750] [acados_nmpc_node]: [attach-window] t=66.00s pos_err=0.104m T=20.80N z=5.414 m_est=2.064
[INFO] [1789409533.882933384] [acados_nmpc_node]: [attach-window] t=66.06s pos_err=0.102m T=20.57N z=5.432 m_est=2.064
[INFO] [1789409533.895975177] [acados_nmpc_node]: [wcmd] raw=[-0.046,-0.108,+0.471] w=[+0.383,-0.252,+0.795] err=[-0.429,+0.145] scaled=[-1.761,+0.471] s=5.00
[INFO] [1789409533.932968741] [acados_nmpc_node]: [attach-window] t=66.10s pos_err=0.092m T=20.59N z=5.440 m_est=2.064
[INFO] [1789409533.933469865] [acados_nmpc_node]: t=66.1s | pos_err=0.092m | T=20.59N | tau=[r-0.500 p0.294 y-0.127]Nm | res_stat=9.720e-07(peak 2.252e-06) sqp_iter=60 | solve=26.5ms
[INFO] [1789409533.933688731] [acados_nmpc_node]: [flight-diag] t=66.1s | om_scale=5.000(lo 5.000 hi 5.000) | tilt_max=12.10deg | w_max=[r0.824 p0.949 y1.176]rad/s | u_frac=[T0.721 r1.000 p1.000 y0.818] | u_sat=[T0.0 r52.0 p50.0 y0.0]% | mot_peak=1.000 mot_sat=27.1% | health=1 age=0.000s conf=0.008 | n=100
[INFO] [1789409533.965037834] [acados_nmpc_node]: [attach-window] t=66.16s pos_err=0.092m T=20.43N z=5.456 m_est=2.064
[INFO] [1789409534.009159013] [acados_nmpc_node]: [attach-window] t=66.20s pos_err=0.080m T=20.65N z=5.463 m_est=2.064
[INFO] [1789409534.064711401] [acados_nmpc_node]: [attach-window] t=66.26s pos_err=0.092m T=20.43N z=5.480 m_est=2.064
[INFO] [1789409534.096029516] [acados_nmpc_node]: [wcmd] raw=[-0.120,-0.199,+0.296] w=[-0.485,-0.616,+0.556] err=[+0.366,+0.417] scaled=[+1.343,+1.467] s=5.00
[INFO] [1789409534.109168230] [acados_nmpc_node]: [attach-window] t=66.30s pos_err=0.073m T=20.53N z=5.488 m_est=2.064
[INFO] [1789409534.164776555] [acados_nmpc_node]: [attach-window] t=66.36s pos_err=0.079m T=20.45N z=5.503 m_est=2.064
[INFO] [1789409534.209059549] [acados_nmpc_node]: [attach-window] t=66.40s pos_err=0.058m T=20.63N z=5.511 m_est=2.064
[INFO] [1789409534.265011565] [acados_nmpc_node]: [attach-window] t=66.46s pos_err=0.082m T=20.42N z=5.526 m_est=2.064
[INFO] [1789409534.296007770] [acados_nmpc_node]: [wcmd] raw=[+0.032,+0.240,+0.189] w=[+0.334,+0.375,+0.512] err=[-0.302,-0.135] scaled=[-1.176,-0.302] s=5.00
[INFO] [1789409534.309200292] [acados_nmpc_node]: [attach-window] t=66.50s pos_err=0.055m T=20.67N z=5.533 m_est=2.064
[INFO] [1789409534.364387134] [acados_nmpc_node]: [attach-window] t=66.56s pos_err=0.069m T=20.77N z=5.546 m_est=2.064
[INFO] [1789409534.423790008] [acados_nmpc_node]: [attach-window] t=66.60s pos_err=0.041m T=21.00N z=5.553 m_est=2.064
[INFO] [1789409534.464440303] [acados_nmpc_node]: [attach-window] t=66.66s pos_err=0.075m T=20.76N z=5.567 m_est=2.064
[INFO] [1789409534.496006292] [acados_nmpc_node]: [wcmd] raw=[+0.193,+0.050,+0.124] w=[+0.109,+0.256,+0.301] err=[+0.084,-0.206] scaled=[+0.530,-0.774] s=5.00
[INFO] [1789409534.508654361] [acados_nmpc_node]: [attach-window] t=66.70s pos_err=0.043m T=21.12N z=5.572 m_est=2.064
[INFO] [1789409534.564785733] [acados_nmpc_node]: [attach-window] t=66.76s pos_err=0.062m T=20.85N z=5.584 m_est=2.064
[INFO] [1789409534.609024435] [acados_nmpc_node]: [attach-window] t=66.80s pos_err=0.030m T=21.27N z=5.590 m_est=2.064
[INFO] [1789409534.664469158] [acados_nmpc_node]: [attach-window] t=66.86s pos_err=0.070m T=20.93N z=5.603 m_est=2.064
[INFO] [1789409534.695957243] [acados_nmpc_node]: [wcmd] raw=[-0.188,-0.122,+0.113] w=[-0.342,-0.318,+0.094] err=[+0.154,+0.195] scaled=[+0.428,+0.658] s=5.00
[INFO] [1789409534.709100663] [acados_nmpc_node]: [attach-window] t=66.90s pos_err=0.035m T=21.04N z=5.609 m_est=2.064
[INFO] [1789409534.764234933] [acados_nmpc_node]: [attach-window] t=66.96s pos_err=0.056m T=20.82N z=5.623 m_est=2.064
[INFO] [1789409534.808798437] [acados_nmpc_node]: [attach-window] t=67.00s pos_err=0.024m T=20.91N z=5.631 m_est=2.064
[INFO] [1789409534.863758933] [acados_nmpc_node]: [attach-window] t=67.06s pos_err=0.065m T=20.43N z=5.648 m_est=2.064
[INFO] [1789409534.895947130] [acados_nmpc_node]: [wcmd] raw=[+0.085,-0.357,+0.123] w=[+0.444,-0.714,+0.021] err=[-0.359,+0.357] scaled=[-1.352,+1.070] s=5.00
[INFO] [1789409534.908971019] [acados_nmpc_node]: [attach-window] t=67.10s pos_err=0.030m T=20.64N z=5.656 m_est=2.064
[INFO] [1789409534.995696858] [acados_nmpc_node]: [attach-window] t=67.16s pos_err=0.052m T=20.67N z=5.672 m_est=2.064
[INFO] [1789409535.018589995] [acados_nmpc_node]: [attach-window] t=67.20s pos_err=0.026m T=20.80N z=5.679 m_est=2.064
[INFO] [1789409535.064188772] [acados_nmpc_node]: [attach-window] t=67.26s pos_err=0.061m T=21.32N z=5.693 m_est=2.064
[INFO] [1789409535.110338334] [acados_nmpc_node]: [attach-window] t=67.30s pos_err=0.035m T=22.41N z=5.698 m_est=2.064
[INFO] [1789409535.135998353] [acados_nmpc_node]: [wcmd] raw=[+0.034,+0.567,+0.013] w=[-0.446,+1.092,+0.342] err=[+0.481,-0.525] scaled=[+1.900,-1.469] s=5.00
[INFO] [1789409535.161911620] [acados_nmpc_node]: [attach-window] t=67.35s pos_err=0.055m T=21.26N z=5.708 m_est=2.064
[INFO] [1789409535.208265652] [acados_nmpc_node]: [attach-window] t=67.40s pos_err=0.044m T=21.51N z=5.714 m_est=2.064
[INFO] [1789409535.264326747] [acados_nmpc_node]: [attach-window] t=67.46s pos_err=0.061m T=21.31N z=5.724 m_est=2.064
[INFO] [1789409535.309165856] [acados_nmpc_node]: [attach-window] t=67.50s pos_err=0.047m T=21.35N z=5.730 m_est=2.064
[INFO] [1789409535.336022801] [acados_nmpc_node]: [wcmd] raw=[+0.073,-0.272,+0.098] w=[+0.440,-0.700,+0.051] err=[-0.367,+0.427] scaled=[-1.395,+1.437] s=5.00
[INFO] [1789409535.363955636] [acados_nmpc_node]: [attach-window] t=67.56s pos_err=0.055m T=21.14N z=5.743 m_est=2.064
[INFO] [1789409535.408480487] [acados_nmpc_node]: [attach-window] t=67.60s pos_err=0.056m T=21.25N z=5.750 m_est=2.064
[INFO] [1789409535.464344400] [acados_nmpc_node]: [attach-window] t=67.66s pos_err=0.066m T=20.58N z=5.766 m_est=2.064
[INFO] [1789409535.508613255] [acados_nmpc_node]: [attach-window] t=67.70s pos_err=0.056m T=20.68N z=5.774 m_est=2.064
[INFO] [1789409535.535942284] [acados_nmpc_node]: [wcmd] raw=[+0.132,-0.175,+0.059] w=[-0.212,-0.668,+0.042] err=[+0.343,+0.493] scaled=[+1.505,+1.799] s=5.00
[INFO] [1789409535.565216552] [acados_nmpc_node]: [attach-window] t=67.76s pos_err=0.061m T=20.42N z=5.792 m_est=2.064
[INFO] [1789409535.609225234] [acados_nmpc_node]: [attach-window] t=67.80s pos_err=0.065m T=20.20N z=5.801 m_est=2.064
[INFO] [1789409535.676500924] [acados_nmpc_node]: [attach-window] t=67.86s pos_err=0.070m T=20.00N z=5.822 m_est=2.064
[INFO] [1789409535.708448442] [acados_nmpc_node]: [attach-window] t=67.90s pos_err=0.067m T=20.09N z=5.831 m_est=2.064
[INFO] [1789409535.764153609] [acados_nmpc_node]: [attach-window] t=67.96s pos_err=0.068m T=20.09N z=5.850 m_est=2.064
[INFO] [1789409535.764570277] [acados_nmpc_node]: [wcmd] raw=[-0.145,-0.020,+0.026] w=[-0.530,+0.175,+0.110] err=[+0.386,-0.195] scaled=[+1.397,-0.798] s=5.00
[INFO] [1789409535.809395667] [acados_nmpc_node]: [attach-window] t=68.00s pos_err=0.080m T=20.23N z=5.859 m_est=2.064
[INFO] [1789409535.879828724] [acados_nmpc_node]: [attach-window] t=68.06s pos_err=0.072m T=19.96N z=5.879 m_est=2.064
[INFO] [1789409535.908547192] [acados_nmpc_node]: [attach-window] t=68.10s pos_err=0.082m T=20.04N z=5.888 m_est=2.064
[INFO] [1789409535.964676176] [acados_nmpc_node]: [attach-window] t=68.16s pos_err=0.077m T=19.66N z=5.908 m_est=2.064
[INFO] [1789409535.975946788] [acados_nmpc_node]: [wcmd] raw=[+0.292,+0.218,+0.006] w=[+0.709,+0.658,+0.139] err=[-0.417,-0.440] scaled=[-1.376,-1.541] s=5.00
[INFO] [1789409536.008913930] [acados_nmpc_node]: [attach-window] t=68.20s pos_err=0.084m T=20.02N z=5.917 m_est=2.064
[INFO] [1789409536.063692672] [acados_nmpc_node]: [attach-window] t=68.26s pos_err=0.078m T=20.15N z=5.934 m_est=2.064
[INFO] [1789409536.108882657] [acados_nmpc_node]: [attach-window] t=68.30s pos_err=0.101m T=20.45N z=5.941 m_est=2.064
[INFO] [1789409536.164011534] [acados_nmpc_node]: [attach-window] t=68.36s pos_err=0.081m T=20.17N z=5.958 m_est=2.064
[INFO] [1789409536.175944793] [acados_nmpc_node]: [wcmd] raw=[+0.074,-0.041,+0.003] w=[-0.278,-0.144,-0.072] err=[+0.352,+0.104] scaled=[+1.482,+0.375] s=5.00
[INFO] [1789409536.210927554] [acados_nmpc_node]: [attach-window] t=68.40s pos_err=0.122m T=20.32N z=5.964 m_est=2.064
[INFO] [1789409536.264509690] [acados_nmpc_node]: [attach-window] t=68.46s pos_err=0.089m T=19.54N z=5.982 m_est=2.064
[INFO] [1789409536.309161375] [acados_nmpc_node]: [attach-window] t=68.50s pos_err=0.119m T=19.89N z=5.991 m_est=2.064
[INFO] [1789409536.378132857] [acados_nmpc_node]: [attach-window] t=68.56s pos_err=0.103m T=19.93N z=6.009 m_est=2.064
[INFO] [1789409536.395942874] [acados_nmpc_node]: [wcmd] raw=[-0.081,-0.182,+0.017] w=[-0.365,-0.098,-0.048] err=[+0.284,-0.083] scaled=[+1.054,-0.515] s=5.00
[INFO] [1789409536.408891617] [acados_nmpc_node]: [attach-window] t=68.60s pos_err=0.139m T=19.97N z=6.017 m_est=2.064
[INFO] [1789409536.462184543] [acados_nmpc_node]: [attach-window] t=68.65s pos_err=0.097m T=19.46N z=6.035 m_est=2.064
[INFO] [1789409536.509000753] [acados_nmpc_node]: [attach-window] t=68.70s pos_err=0.131m T=19.78N z=6.043 m_est=2.064
[INFO] [1789409536.563671250] [acados_nmpc_node]: [attach-window] t=68.76s pos_err=0.094m T=19.79N z=6.061 m_est=2.064
[INFO] [1789409536.595952028] [acados_nmpc_node]: [wcmd] raw=[+0.186,-0.407,-0.009] w=[+0.609,-0.673,-0.078] err=[-0.423,+0.265] scaled=[-1.505,+0.654] s=5.00
[INFO] [1789409536.608924479] [acados_nmpc_node]: [attach-window] t=68.80s pos_err=0.122m T=20.22N z=6.068 m_est=2.064
[INFO] [1789409536.676107397] [acados_nmpc_node]: [attach-window] t=68.86s pos_err=0.100m T=20.38N z=6.081 m_est=2.064
[INFO] [1789409536.708450914] [acados_nmpc_node]: [attach-window] t=68.90s pos_err=0.134m T=20.58N z=6.087 m_est=2.064
[INFO] [1789409536.765212178] [acados_nmpc_node]: [attach-window] t=68.96s pos_err=0.107m T=20.16N z=6.097 m_est=2.064
[INFO] [1789409536.809051498] [acados_nmpc_node]: [attach-window] t=69.00s pos_err=0.146m T=20.57N z=6.102 m_est=2.064
[INFO] [1789409536.815933531] [acados_nmpc_node]: [wcmd] raw=[+0.127,-0.052,-0.046] w=[-0.142,+0.084,+0.069] err=[+0.269,-0.136] scaled=[+1.202,-0.598] s=5.00
[INFO] [1789409536.861434264] [acados_nmpc_node]: [attach-window] t=69.05s pos_err=0.091m T=20.51N z=6.114 m_est=2.064
[INFO] [1789409536.908949063] [acados_nmpc_node]: [attach-window] t=69.10s pos_err=0.133m T=20.77N z=6.119 m_est=2.064
[INFO] [1789409536.964219487] [acados_nmpc_node]: [attach-window] t=69.16s pos_err=0.106m T=20.75N z=6.130 m_est=2.064
[INFO] [1789409537.008548486] [acados_nmpc_node]: [attach-window] t=69.20s pos_err=0.148m T=21.02N z=6.135 m_est=2.064
[INFO] [1789409537.015933524] [acados_nmpc_node]: [wcmd] raw=[-0.129,+0.107,-0.106] w=[-0.082,+0.179,+0.065] err=[-0.047,-0.072] scaled=[-0.317,-0.182] s=5.00
[INFO] [1789409537.064967509] [acados_nmpc_node]: [attach-window] t=69.26s pos_err=0.095m T=20.70N z=6.145 m_est=2.064
[INFO] [1789409537.109241392] [acados_nmpc_node]: [attach-window] t=69.30s pos_err=0.136m T=20.88N z=6.150 m_est=2.064
[INFO] [1789409537.163894194] [acados_nmpc_node]: [attach-window] t=69.36s pos_err=0.084m T=20.69N z=6.162 m_est=2.064
[INFO] [1789409537.209085097] [acados_nmpc_node]: [attach-window] t=69.40s pos_err=0.124m T=20.91N z=6.168 m_est=2.064
[INFO] [1789409537.215915870] [acados_nmpc_node]: [wcmd] raw=[+0.144,-0.226,-0.199] w=[+0.471,-0.714,-0.133] err=[-0.328,+0.488] scaled=[-1.167,+1.725] s=5.00
[INFO] [1789409537.264603280] [acados_nmpc_node]: [attach-window] t=69.46s pos_err=0.099m T=20.90N z=6.180 m_est=2.064
[INFO] [1789409537.308810527] [acados_nmpc_node]: [attach-window] t=69.50s pos_err=0.140m T=21.17N z=6.185 m_est=2.064
[INFO] [1789409537.364642963] [acados_nmpc_node]: [attach-window] t=69.56s pos_err=0.090m T=20.95N z=6.196 m_est=2.064
[INFO] [1789409537.410662633] [acados_nmpc_node]: [attach-window] t=69.60s pos_err=0.155m T=21.22N z=6.200 m_est=2.064
[INFO] [1789409537.415908650] [acados_nmpc_node]: [wcmd] raw=[-0.057,-0.124,-0.250] w=[-0.495,+0.024,-0.096] err=[+0.438,-0.149] scaled=[+1.693,-0.719] s=5.00
[INFO] [1789409537.482236574] [acados_nmpc_node]: [attach-window] t=69.66s pos_err=0.104m T=20.96N z=6.212 m_est=2.064
[INFO] [1789409537.509075756] [acados_nmpc_node]: [attach-window] t=69.70s pos_err=0.145m T=20.92N z=6.219 m_est=2.064
[INFO] [1789409537.564501116] [acados_nmpc_node]: [attach-window] t=69.76s pos_err=0.122m T=20.48N z=6.232 m_est=2.064
[INFO] [1789409537.609256628] [acados_nmpc_node]: [attach-window] t=69.80s pos_err=0.162m T=20.27N z=6.239 m_est=2.064
[INFO] [1789409537.635939166] [acados_nmpc_node]: [wcmd] raw=[+0.064,+0.159,-0.297] w=[+0.507,+0.627,-0.070] err=[-0.443,-0.468] scaled=[-1.706,-1.713] s=5.00
[INFO] [1789409537.672999918] [acados_nmpc_node]: [attach-window] t=69.86s pos_err=0.116m T=20.16N z=6.257 m_est=2.064
[INFO] [1789409537.708335480] [acados_nmpc_node]: [attach-window] t=69.90s pos_err=0.154m T=20.79N z=6.263 m_est=2.064
[INFO] [1789409537.761749920] [acados_nmpc_node]: [attach-window] t=69.95s pos_err=0.128m T=21.10N z=6.274 m_est=2.064
[INFO] [1789409537.811204553] [acados_nmpc_node]: [attach-window] t=70.00s pos_err=0.172m T=21.04N z=6.279 m_est=2.064
[INFO] [1789409537.835820769] [acados_nmpc_node]: [wcmd] raw=[+0.155,-0.071,-0.345] w=[-0.282,-0.425,-0.365] err=[+0.437,+0.354] scaled=[+1.900,+1.342] s=5.00
[INFO] [1789409537.861195311] [acados_nmpc_node]: [attach-window] t=70.05s pos_err=0.123m T=20.74N z=6.292 m_est=2.064
[INFO] [1789409537.908480290] [acados_nmpc_node]: [attach-window] t=70.10s pos_err=0.163m T=20.69N z=6.298 m_est=2.064
[INFO] [1789409537.961806557] [acados_nmpc_node]: [attach-window] t=70.15s pos_err=0.136m T=20.69N z=6.310 m_est=2.064
[INFO] [1789409538.009265938] [acados_nmpc_node]: [attach-window] t=70.20s pos_err=0.175m T=21.27N z=6.315 m_est=2.064
[INFO] [1789409538.035951072] [acados_nmpc_node]: [wcmd] raw=[-0.096,-0.171,-0.360] w=[-0.015,-0.690,-0.499] err=[-0.081,+0.518] scaled=[-0.419,+1.900] s=5.00
[INFO] [1789409538.064690342] [acados_nmpc_node]: [attach-window] t=70.26s pos_err=0.133m T=21.42N z=6.325 m_est=2.064
[INFO] [1789409538.109645342] [acados_nmpc_node]: [attach-window] t=70.30s pos_err=0.165m T=21.08N z=6.330 m_est=2.064
[INFO] [1789409538.164180874] [acados_nmpc_node]: [attach-window] t=70.36s pos_err=0.144m T=20.78N z=6.341 m_est=2.064
[INFO] [1789409538.208868375] [acados_nmpc_node]: [attach-window] t=70.40s pos_err=0.176m T=20.68N z=6.347 m_est=2.064
[INFO] [1789409538.236000351] [acados_nmpc_node]: [wcmd] raw=[+0.131,+0.093,-0.363] w=[+0.509,+0.171,-0.332] err=[-0.378,-0.078] scaled=[-1.381,-0.221] s=5.00
[INFO] [1789409538.264541113] [acados_nmpc_node]: [attach-window] t=70.46s pos_err=0.138m T=20.37N z=6.363 m_est=2.064
[INFO] [1789409538.309066683] [acados_nmpc_node]: [attach-window] t=70.50s pos_err=0.169m T=20.40N z=6.370 m_est=2.064
[INFO] [1789409538.364119437] [acados_nmpc_node]: [attach-window] t=70.55s pos_err=0.135m T=20.51N z=6.386 m_est=2.064
[INFO] [1789409538.409139073] [acados_nmpc_node]: [attach-window] t=70.60s pos_err=0.182m T=20.67N z=6.391 m_est=2.064
[INFO] [1789409538.436013583] [acados_nmpc_node]: [wcmd] raw=[-0.005,+0.006,-0.439] w=[-0.426,+0.506,-0.294] err=[+0.421,-0.499] scaled=[+1.603,-1.900] s=5.00
[INFO] [1789409538.464767313] [acados_nmpc_node]: [attach-window] t=70.66s pos_err=0.148m T=20.46N z=6.406 m_est=2.064
[INFO] [1789409538.509203547] [acados_nmpc_node]: [attach-window] t=70.70s pos_err=0.178m T=20.39N z=6.413 m_est=2.064
[INFO] [1789409538.585327660] [acados_nmpc_node]: [attach-window] t=70.76s pos_err=0.163m T=19.83N z=6.426 m_est=2.064
[INFO] [1789409538.609395823] [acados_nmpc_node]: [attach-window] t=70.80s pos_err=0.191m T=19.79N z=6.434 m_est=2.064
[INFO] [1789409538.664785609] [acados_nmpc_node]: [attach-window] t=70.86s pos_err=0.160m T=20.31N z=6.449 m_est=2.064
[INFO] [1789409538.665193543] [acados_nmpc_node]: [wcmd] raw=[-0.091,+0.180,-0.565] w=[+0.236,+0.579,-0.305] err=[-0.327,-0.399] scaled=[-1.399,-1.417] s=5.00
[INFO] [1789409538.708915366] [acados_nmpc_node]: [attach-window] t=70.90s pos_err=0.186m T=20.67N z=6.454 m_est=2.064
[INFO] [1789409538.766603491] [acados_nmpc_node]: [attach-window] t=70.96s pos_err=0.172m T=21.03N z=6.464 m_est=2.064
[INFO] [1789409538.809590719] [acados_nmpc_node]: [attach-window] t=71.00s pos_err=0.197m T=20.86N z=6.468 m_est=2.064
[INFO] [1789409538.865000718] [acados_nmpc_node]: [attach-window] t=71.06s pos_err=0.170m T=21.30N z=6.476 m_est=2.064
[INFO] [1789409538.865407094] [acados_nmpc_node]: [wcmd] raw=[+0.188,+0.082,-0.728] w=[+0.003,-0.254,-0.573] err=[+0.184,+0.337] scaled=[+0.925,+1.428] s=5.00
[INFO] [1789409538.908989682] [acados_nmpc_node]: [attach-window] t=71.10s pos_err=0.194m T=21.76N z=6.478 m_est=2.064
[INFO] [1789409538.909476285] [acados_nmpc_node]: t=71.1s | pos_err=0.194m | T=21.76N | tau=[r-0.319 p-0.087 y-0.109]Nm | res_stat=5.572e-07(peak 2.252e-06) sqp_iter=6 | solve=2.5ms
[INFO] [1789409538.909680895] [acados_nmpc_node]: [flight-diag] t=71.1s | om_scale=5.000(lo 5.000 hi 5.000) | tilt_max=12.86deg | w_max=[r0.758 p1.159 y0.818]rad/s | u_frac=[T0.715 r1.000 p1.000 y0.825] | u_sat=[T0.0 r53.0 p53.0 y0.0]% | mot_peak=1.000 mot_sat=27.5% | health=1 age=0.000s conf=0.001 | n=100
[INFO] [1789409538.966871703] [acados_nmpc_node]: [attach-window] t=71.16s pos_err=0.181m T=22.26N z=6.482 m_est=2.064
[INFO] [1789409539.009346709] [acados_nmpc_node]: [attach-window] t=71.20s pos_err=0.203m T=22.76N z=6.483 m_est=2.064
[INFO] [1789409539.064102580] [acados_nmpc_node]: [attach-window] t=71.26s pos_err=0.178m T=23.19N z=6.481 m_est=2.064
[INFO] [1789409539.064527949] [acados_nmpc_node]: [wcmd] raw=[-0.083,-0.224,-0.891] w=[-0.221,-0.352,-0.778] err=[+0.138,+0.128] scaled=[+0.468,+0.288] s=5.00
[INFO] [1789409539.109318709] [acados_nmpc_node]: [attach-window] t=71.30s pos_err=0.199m T=23.10N z=6.480 m_est=2.064
[INFO] [1789409539.163976557] [acados_nmpc_node]: [attach-window] t=71.36s pos_err=0.186m T=22.56N z=6.482 m_est=2.064
[INFO] [1789409539.209590561] [acados_nmpc_node]: [attach-window] t=71.40s pos_err=0.192m T=22.88N z=6.484 m_est=2.064
[INFO] [1789409539.264585240] [acados_nmpc_node]: [attach-window] t=71.46s pos_err=0.178m T=22.72N z=6.487 m_est=2.064
[INFO] [1789409539.264980068] [acados_nmpc_node]: [wcmd] raw=[+0.249,+0.174,-0.944] w=[+0.586,+0.555,-0.766] err=[-0.337,-0.381] scaled=[-1.100,-1.348] s=5.00
[INFO] [1789409539.309173260] [acados_nmpc_node]: [attach-window] t=71.50s pos_err=0.193m T=23.39N z=6.488 m_est=2.064
[INFO] [1789409539.364659668] [acados_nmpc_node]: [attach-window] t=71.56s pos_err=0.181m T=23.39N z=6.490 m_est=2.064
[INFO] [1789409539.408795537] [acados_nmpc_node]: [attach-window] t=71.60s pos_err=0.194m T=23.15N z=6.491 m_est=2.064
[INFO] [1789409539.490085750] [acados_nmpc_node]: [attach-window] t=71.66s pos_err=0.169m T=22.13N z=6.499 m_est=2.064
[INFO] [1789409539.490495108] [acados_nmpc_node]: [wcmd] raw=[+0.142,-0.095,-0.961] w=[-0.306,+0.166,-0.911] err=[+0.449,-0.260] scaled=[+1.900,-1.114] s=5.00
[INFO] [1789409539.508843013] [acados_nmpc_node]: [attach-window] t=71.70s pos_err=0.178m T=21.77N z=6.505 m_est=2.064
[INFO] [1789409539.568766512] [acados_nmpc_node]: [attach-window] t=71.76s pos_err=0.158m T=20.86N z=6.519 m_est=2.064
[INFO] [1789409539.609400246] [acados_nmpc_node]: [attach-window] t=71.80s pos_err=0.164m T=21.33N z=6.527 m_est=2.064
[INFO] [1789409539.663991944] [acados_nmpc_node]: [attach-window] t=71.86s pos_err=0.136m T=21.16N z=6.544 m_est=2.064
[INFO] [1789409539.675930528] [acados_nmpc_node]: [wcmd] raw=[-0.114,-0.427,-0.925] w=[+0.014,-0.729,-1.129] err=[-0.128,+0.302] scaled=[-0.625,+0.783] s=5.00
[INFO] [1789409539.709139585] [acados_nmpc_node]: [attach-window] t=71.90s pos_err=0.139m T=21.24N z=6.552 m_est=2.064
[INFO] [1789409539.764344811] [acados_nmpc_node]: [attach-window] t=71.96s pos_err=0.120m T=20.76N z=6.567 m_est=2.064
[INFO] [1789409539.809044128] [acados_nmpc_node]: [attach-window] t=72.00s pos_err=0.121m T=20.52N z=6.576 m_est=2.064
[INFO] [1789409539.883541408] [acados_nmpc_node]: [attach-window] t=72.06s pos_err=0.099m T=19.90N z=6.595 m_est=2.064
[INFO] [1789409539.895904021] [acados_nmpc_node]: [wcmd] raw=[+0.087,-0.320,-0.769] w=[+0.598,-0.519,-1.042] err=[-0.512,+0.199] scaled=[-1.900,+0.454] s=5.00
[INFO] [1789409539.908952954] [acados_nmpc_node]: [attach-window] t=72.10s pos_err=0.095m T=19.95N z=6.605 m_est=2.064
[INFO] [1789409539.966010053] [acados_nmpc_node]: [attach-window] t=72.16s pos_err=0.082m T=20.12N z=6.623 m_est=2.064
[INFO] [1789409540.009010974] [acados_nmpc_node]: [attach-window] t=72.20s pos_err=0.079m T=20.29N z=6.630 m_est=2.064
[INFO] [1789409540.064116305] [acados_nmpc_node]: [attach-window] t=72.26s pos_err=0.073m T=20.80N z=6.643 m_est=2.064
[INFO] [1789409540.095928377] [acados_nmpc_node]: [wcmd] raw=[-0.289,+0.185,-0.592] w=[-0.536,+0.243,-0.782] err=[+0.248,-0.058] scaled=[+0.703,-0.047] s=5.00
[INFO] [1789409540.108816687] [acados_nmpc_node]: [attach-window] t=72.30s pos_err=0.068m T=20.92N z=6.647 m_est=2.064
[INFO] [1789409540.177980137] [acados_nmpc_node]: [attach-window] t=72.36s pos_err=0.066m T=20.91N z=6.656 m_est=2.064
[INFO] [1789409540.208522123] [acados_nmpc_node]: [attach-window] t=72.40s pos_err=0.066m T=20.90N z=6.661 m_est=2.064
[INFO] [1789409540.261877516] [acados_nmpc_node]: [attach-window] t=72.45s pos_err=0.065m T=20.73N z=6.670 m_est=2.064
[INFO] [1789409540.309094407] [acados_nmpc_node]: [attach-window] t=72.50s pos_err=0.064m T=20.74N z=6.675 m_est=2.064
[INFO] [1789409540.315990981] [acados_nmpc_node]: [wcmd] raw=[-0.040,+0.132,-0.477] w=[+0.261,+0.238,-0.669] err=[-0.301,-0.106] scaled=[-1.243,-0.293] s=5.00
[INFO] [1789409540.363825689] [acados_nmpc_node]: [attach-window] t=72.56s pos_err=0.063m T=20.71N z=6.683 m_est=2.064
[INFO] [1789409540.408610632] [acados_nmpc_node]: [attach-window] t=72.60s pos_err=0.071m T=20.88N z=6.687 m_est=2.064
[INFO] [1789409540.464679633] [acados_nmpc_node]: [attach-window] t=72.66s pos_err=0.063m T=20.71N z=6.696 m_est=2.064
[INFO] [1789409540.509026754] [acados_nmpc_node]: [attach-window] t=72.70s pos_err=0.072m T=20.49N z=6.700 m_est=2.064
[INFO] [1789409540.515961131] [acados_nmpc_node]: [wcmd] raw=[+0.110,+0.104,-0.360] w=[-0.081,-0.095,-0.620] err=[+0.191,+0.199] scaled=[+0.873,+0.900] s=5.00
[INFO] [1789409540.564623034] [acados_nmpc_node]: [attach-window] t=72.76s pos_err=0.066m T=20.36N z=6.708 m_est=2.064
[INFO] [1789409540.609320199] [acados_nmpc_node]: [attach-window] t=72.80s pos_err=0.080m T=20.52N z=6.713 m_est=2.064
[INFO] [1789409540.664900912] [acados_nmpc_node]: [attach-window] t=72.86s pos_err=0.062m T=20.20N z=6.722 m_est=2.064
[INFO] [1789409540.709211804] [acados_nmpc_node]: [attach-window] t=72.90s pos_err=0.074m T=20.39N z=6.726 m_est=2.064
[INFO] [1789409540.715961563] [acados_nmpc_node]: [wcmd] raw=[-0.098,-0.236,-0.276] w=[-0.135,-0.847,-0.665] err=[+0.037,+0.612] scaled=[+0.031,+1.900] s=5.00
[INFO] [1789409540.792093077] [acados_nmpc_node]: [attach-window] t=72.96s pos_err=0.061m T=20.22N z=6.735 m_est=2.064
[INFO] [1789409540.813003427] [acados_nmpc_node]: [attach-window] t=73.00s pos_err=0.078m T=19.88N z=6.739 m_est=2.064
[INFO] [1789409540.864748566] [acados_nmpc_node]: [attach-window] t=73.06s pos_err=0.049m T=19.98N z=6.749 m_est=2.064
[INFO] [1789409540.908803100] [acados_nmpc_node]: [attach-window] t=73.10s pos_err=0.066m T=20.13N z=6.753 m_est=2.064
[INFO] [1789409540.936007686] [acados_nmpc_node]: [wcmd] raw=[+0.297,-0.007,-0.156] w=[+0.435,+0.269,-0.299] err=[-0.137,-0.276] scaled=[-0.252,-1.112] s=5.00
[INFO] [1789409540.964840072] [acados_nmpc_node]: [attach-window] t=73.16s pos_err=0.036m T=19.96N z=6.762 m_est=2.064
[INFO] [1789409541.009433892] [acados_nmpc_node]: [attach-window] t=73.20s pos_err=0.073m T=19.87N z=6.765 m_est=2.064
[INFO] [1789409541.064634214] [acados_nmpc_node]: [attach-window] t=73.26s pos_err=0.038m T=20.11N z=6.772 m_est=2.064
[WARN] [1789409541.105782782] [acados_nmpc_node]: [payload-health] unhealthy/stale; holding model and confidence timer (mhe_healthy=False, solution_age=0.127s, rx_age=infs)
[INFO] [1789409541.108726128] [acados_nmpc_node]: [attach-window] t=73.30s pos_err=0.067m T=20.43N z=6.775 m_est=2.064
[INFO] [1789409541.135943028] [acados_nmpc_node]: [wcmd] raw=[-0.197,+0.148,-0.145] w=[-0.238,+0.709,-0.078] err=[+0.041,-0.560] scaled=[-0.046,-1.900] s=5.00
[INFO] [1789409541.165067665] [acados_nmpc_node]: [attach-window] t=73.36s pos_err=0.049m T=20.49N z=6.779 m_est=2.064
[INFO] [1789409541.205795858] [acados_nmpc_node]: [payload-health] healthy/fresh; model updates enabled
[INFO] [1789409541.209162635] [acados_nmpc_node]: [attach-window] t=73.40s pos_err=0.063m T=20.30N z=6.782 m_est=2.064
[INFO] [1789409541.263594228] [acados_nmpc_node]: [attach-window] t=73.45s pos_err=0.045m T=19.97N z=6.788 m_est=2.064
[INFO] [1789409541.312976094] [acados_nmpc_node]: [attach-window] t=73.50s pos_err=0.081m T=20.04N z=6.791 m_est=2.064
[INFO] [1789409541.335828903] [acados_nmpc_node]: [wcmd] raw=[+0.067,-0.089,-0.204] w=[+0.507,-0.173,-0.186] err=[-0.440,+0.084] scaled=[-1.695,+0.248] s=5.00
[INFO] [1789409541.361706797] [acados_nmpc_node]: [attach-window] t=73.55s pos_err=0.058m T=19.81N z=6.796 m_est=2.064
[INFO] [1789409541.409043509] [acados_nmpc_node]: [attach-window] t=73.60s pos_err=0.098m T=20.10N z=6.798 m_est=2.064
[INFO] [1789409541.463382164] [acados_nmpc_node]: [attach-window] t=73.65s pos_err=0.056m T=20.02N z=6.803 m_est=2.064
[INFO] [1789409541.508902331] [acados_nmpc_node]: [attach-window] t=73.70s pos_err=0.092m T=20.28N z=6.805 m_est=2.064
[INFO] [1789409541.535939630] [acados_nmpc_node]: [wcmd] raw=[+0.012,-0.237,-0.243] w=[-0.430,-0.855,-0.310] err=[+0.442,+0.619] scaled=[+1.537,+1.900] s=5.00
[INFO] [1789409541.564215912] [acados_nmpc_node]: [attach-window] t=73.76s pos_err=0.072m T=20.10N z=6.808 m_est=2.064
[INFO] [1789409541.608808040] [acados_nmpc_node]: [attach-window] t=73.80s pos_err=0.108m T=20.13N z=6.808 m_est=2.064
[INFO] [1789409541.688434201] [acados_nmpc_node]: [attach-window] t=73.86s pos_err=0.063m T=19.69N z=6.810 m_est=2.064
[INFO] [1789409541.709130277] [acados_nmpc_node]: [attach-window] t=73.90s pos_err=0.099m T=20.03N z=6.810 m_est=2.064
[INFO] [1789409541.763880057] [acados_nmpc_node]: [attach-window] t=73.96s pos_err=0.055m T=20.13N z=6.810 m_est=2.064
[INFO] [1789409541.764302814] [acados_nmpc_node]: [wcmd] raw=[-0.201,-0.356,-0.283] w=[-0.146,-0.408,-0.304] err=[-0.055,+0.052] scaled=[-0.419,-0.146] s=5.00
[INFO] [1789409541.808610047] [acados_nmpc_node]: [attach-window] t=74.00s pos_err=0.090m T=20.37N z=6.810 m_est=2.064
[INFO] [1789409541.864339515] [acados_nmpc_node]: [attach-window] t=74.06s pos_err=0.067m T=20.41N z=6.809 m_est=2.064
[INFO] [1789409541.908453983] [acados_nmpc_node]: [attach-window] t=74.10s pos_err=0.102m T=20.36N z=6.808 m_est=2.064
[INFO] [1789409541.964483878] [acados_nmpc_node]: [attach-window] t=74.16s pos_err=0.077m T=20.02N z=6.806 m_est=2.064
[INFO] [1789409541.964887812] [acados_nmpc_node]: [wcmd] raw=[+0.082,+0.043,-0.270] w=[+0.397,+0.385,-0.190] err=[-0.316,-0.342] scaled=[-1.181,-1.326] s=5.00
[INFO] [1789409542.009125364] [acados_nmpc_node]: [attach-window] t=74.20s pos_err=0.112m T=20.19N z=6.805 m_est=2.064
[INFO] [1789409542.064390171] [acados_nmpc_node]: [attach-window] t=74.26s pos_err=0.067m T=20.15N z=6.804 m_est=2.064
[INFO] [1789409542.108939251] [acados_nmpc_node]: [attach-window] t=74.30s pos_err=0.102m T=20.21N z=6.803 m_est=2.064
[INFO] [1789409542.185866418] [acados_nmpc_node]: [attach-window] t=74.36s pos_err=0.059m T=20.10N z=6.801 m_est=2.064
[INFO] [1789409542.186315811] [acados_nmpc_node]: [wcmd] raw=[-0.017,-0.150,-0.275] w=[-0.586,+0.264,-0.203] err=[+0.569,-0.414] scaled=[+1.900,-1.545] s=5.00
[INFO] [1789409542.208996287] [acados_nmpc_node]: [attach-window] t=74.40s pos_err=0.113m T=19.99N z=6.801 m_est=2.064
[INFO] [1789409542.264799973] [acados_nmpc_node]: [attach-window] t=74.46s pos_err=0.069m T=19.50N z=6.798 m_est=2.064
[INFO] [1789409542.308562493] [acados_nmpc_node]: [attach-window] t=74.50s pos_err=0.101m T=20.09N z=6.796 m_est=2.064
[INFO] [1789409542.364344392] [acados_nmpc_node]: [attach-window] t=74.56s pos_err=0.079m T=20.31N z=6.793 m_est=2.064
[INFO] [1789409542.375928329] [acados_nmpc_node]: [wcmd] raw=[+0.032,-0.386,-0.322] w=[+0.375,-0.848,-0.374] err=[-0.343,+0.462] scaled=[-1.340,+1.462] s=5.00
[INFO] [1789409542.408450483] [acados_nmpc_node]: [attach-window] t=74.60s pos_err=0.110m T=20.30N z=6.791 m_est=2.064
[INFO] [1789409542.464386419] [acados_nmpc_node]: [attach-window] t=74.66s pos_err=0.069m T=20.21N z=6.787 m_est=2.064
[INFO] [1789409542.509151768] [acados_nmpc_node]: [attach-window] t=74.70s pos_err=0.097m T=20.24N z=6.784 m_est=2.064
[INFO] [1789409542.563846882] [acados_nmpc_node]: [attach-window] t=74.76s pos_err=0.075m T=20.26N z=6.780 m_est=2.064
[INFO] [1789409542.575977937] [acados_nmpc_node]: [wcmd] raw=[+0.175,-0.327,-0.370] w=[+0.053,-0.390,-0.281] err=[+0.122,+0.063] scaled=[+0.664,-0.076] s=5.00
[INFO] [1789409542.609133847] [acados_nmpc_node]: [attach-window] t=74.80s pos_err=0.104m T=20.50N z=6.778 m_est=2.064
[INFO] [1789409542.664305153] [acados_nmpc_node]: [attach-window] t=74.86s pos_err=0.070m T=20.55N z=6.772 m_est=2.064
[INFO] [1789409542.708878764] [acados_nmpc_node]: [attach-window] t=74.90s pos_err=0.097m T=20.79N z=6.768 m_est=2.064
[INFO] [1789409542.784282714] [acados_nmpc_node]: [attach-window] t=74.96s pos_err=0.083m T=20.89N z=6.759 m_est=2.064
[INFO] [1789409542.795993651] [acados_nmpc_node]: [wcmd] raw=[-0.188,+0.103,-0.451] w=[-0.421,+0.255,-0.208] err=[+0.234,-0.152] scaled=[+0.746,-0.505] s=5.00
[INFO] [1789409542.808681892] [acados_nmpc_node]: [attach-window] t=75.00s pos_err=0.110m T=20.96N z=6.755 m_est=2.064
[INFO] [1789409542.881677228] [acados_nmpc_node]: [attach-window] t=75.06s pos_err=0.084m T=20.92N z=6.746 m_est=2.064
[INFO] [1789409542.908778575] [acados_nmpc_node]: [attach-window] t=75.10s pos_err=0.110m T=20.74N z=6.743 m_est=2.064
[INFO] [1789409542.964403865] [acados_nmpc_node]: [attach-window] t=75.16s pos_err=0.100m T=20.53N z=6.737 m_est=2.064
[INFO] [1789409543.008989084] [acados_nmpc_node]: [attach-window] t=75.20s pos_err=0.126m T=20.36N z=6.734 m_est=2.064
[INFO] [1789409543.015927709] [acados_nmpc_node]: [wcmd] raw=[+0.233,+0.166,-0.541] w=[+0.603,+0.748,-0.246] err=[-0.369,-0.582] scaled=[-1.078,-1.900] s=5.00
[INFO] [1789409543.065645699] [acados_nmpc_node]: [attach-window] t=75.26s pos_err=0.102m T=20.47N z=6.729 m_est=2.064
[INFO] [1789409543.109594675] [acados_nmpc_node]: [attach-window] t=75.30s pos_err=0.125m T=21.17N z=6.726 m_est=2.064
[INFO] [1789409543.189760446] [acados_nmpc_node]: [attach-window] t=75.36s pos_err=0.116m T=21.57N z=6.715 m_est=2.064
[INFO] [1789409543.209290488] [acados_nmpc_node]: [attach-window] t=75.40s pos_err=0.138m T=21.50N z=6.710 m_est=2.064
[INFO] [1789409543.235929526] [acados_nmpc_node]: [wcmd] raw=[+0.101,-0.223,-0.658] w=[-0.431,-0.503,-0.580] err=[+0.533,+0.279] scaled=[+1.900,+0.720] s=5.00
[INFO] [1789409543.261747484] [acados_nmpc_node]: [attach-window] t=75.45s pos_err=0.114m T=21.33N z=6.699 m_est=2.064
[INFO] [1789409543.307925288] [acados_nmpc_node]: [attach-window] t=75.50s pos_err=0.135m T=21.15N z=6.695 m_est=2.064
[INFO] [1789409543.361549941] [acados_nmpc_node]: [attach-window] t=75.55s pos_err=0.121m T=20.88N z=6.688 m_est=2.064
[INFO] [1789409543.408072613] [acados_nmpc_node]: [attach-window] t=75.60s pos_err=0.140m T=20.69N z=6.685 m_est=2.064
[INFO] [1789409543.435943240] [acados_nmpc_node]: [wcmd] raw=[+0.093,-0.101,-0.716] w=[+0.410,+0.254,-0.565] err=[-0.317,-0.355] scaled=[-1.175,-1.523] s=5.00
[INFO] [1789409543.464697258] [acados_nmpc_node]: [attach-window] t=75.66s pos_err=0.117m T=21.10N z=6.679 m_est=2.064
[INFO] [1789409543.509106781] [acados_nmpc_node]: [attach-window] t=75.70s pos_err=0.131m T=21.28N z=6.675 m_est=2.064
[INFO] [1789409543.564338408] [acados_nmpc_node]: [attach-window] t=75.75s pos_err=0.120m T=21.03N z=6.669 m_est=2.064
[INFO] [1789409543.609662674] [acados_nmpc_node]: [attach-window] t=75.80s pos_err=0.134m T=20.82N z=6.667 m_est=2.064
[INFO] [1789409543.635972735] [acados_nmpc_node]: [wcmd] raw=[+0.122,+0.141,-0.761] w=[-0.278,+0.456,-0.590] err=[+0.400,-0.315] scaled=[+1.723,-1.121] s=5.00
[INFO] [1789409543.665016475] [acados_nmpc_node]: [attach-window] t=75.86s pos_err=0.113m T=20.29N z=6.663 m_est=2.064
[INFO] [1789409543.709317955] [acados_nmpc_node]: [attach-window] t=75.90s pos_err=0.125m T=20.15N z=6.662 m_est=2.064
[INFO] [1789409543.764678712] [acados_nmpc_node]: [attach-window] t=75.96s pos_err=0.114m T=19.99N z=6.662 m_est=2.064
[INFO] [1789409543.809064833] [acados_nmpc_node]: [attach-window] t=76.00s pos_err=0.125m T=20.04N z=6.661 m_est=2.064
[INFO] [1789409543.836002362] [acados_nmpc_node]: [wcmd] raw=[-0.068,-0.043,-0.866] w=[-0.187,-0.581,-0.818] err=[+0.118,+0.537] scaled=[+0.359,+1.900] s=5.00
[INFO] [1789409543.864202110] [acados_nmpc_node]: [attach-window] t=76.06s pos_err=0.107m T=19.90N z=6.660 m_est=2.064
[INFO] [1789409543.938570042] [acados_nmpc_node]: [attach-window] t=76.10s pos_err=0.117m T=19.80N z=6.659 m_est=2.064
[INFO] [1789409543.939048367] [acados_nmpc_node]: t=76.1s | pos_err=0.117m | T=19.80N | tau=[r0.500 p-0.500 y-0.083]Nm | res_stat=9.606e-07(peak 2.252e-06) sqp_iter=63 | solve=32.1ms
[INFO] [1789409543.939261548] [acados_nmpc_node]: [flight-diag] t=76.1s | om_scale=5.000(lo 5.000 hi 5.000) | tilt_max=12.38deg | w_max=[r0.771 p1.028 y1.129]rad/s | u_frac=[T0.746 r1.000 p1.000 y0.908] | u_sat=[T0.0 r53.0 p50.0 y0.0]% | mot_peak=1.000 mot_sat=28.0% | health=1 age=0.000s conf=0.143 | n=100
[INFO] [1789409543.965243639] [acados_nmpc_node]: [attach-window] t=76.16s pos_err=0.107m T=19.58N z=6.657 m_est=2.064
[INFO] [1789409544.008513725] [acados_nmpc_node]: [attach-window] t=76.20s pos_err=0.110m T=19.63N z=6.655 m_est=2.064
[INFO] [1789409544.064681006] [acados_nmpc_node]: [attach-window] t=76.26s pos_err=0.103m T=19.69N z=6.652 m_est=2.064
[INFO] [1789409544.065089553] [acados_nmpc_node]: [wcmd] raw=[+0.145,-0.290,-0.959] w=[+0.470,-0.474,-0.877] err=[-0.325,+0.184] scaled=[-1.157,+0.447] s=5.00
[INFO] [1789409544.108929783] [acados_nmpc_node]: [attach-window] t=76.30s pos_err=0.109m T=19.87N z=6.650 m_est=2.064
[INFO] [1789409544.164459354] [acados_nmpc_node]: [attach-window] t=76.36s pos_err=0.102m T=20.02N z=6.645 m_est=2.064
[INFO] [1789409544.209070155] [acados_nmpc_node]: [attach-window] t=76.40s pos_err=0.102m T=20.07N z=6.641 m_est=2.064
[INFO] [1789409544.264387104] [acados_nmpc_node]: [attach-window] t=76.46s pos_err=0.098m T=19.91N z=6.634 m_est=2.064
[INFO] [1789409544.264792390] [acados_nmpc_node]: [wcmd] raw=[+0.146,-0.088,-0.992] w=[+0.074,+0.296,-0.824] err=[+0.072,-0.383] scaled=[+0.434,-1.622] s=5.00
[INFO] [1789409544.308514799] [acados_nmpc_node]: [attach-window] t=76.50s pos_err=0.098m T=19.99N z=6.630 m_est=2.064
[INFO] [1789409544.383567500] [acados_nmpc_node]: [attach-window] t=76.56s pos_err=0.095m T=20.09N z=6.623 m_est=2.064
[INFO] [1789409544.441574832] [acados_nmpc_node]: [attach-window] t=76.60s pos_err=0.093m T=20.42N z=6.617 m_est=2.064
[INFO] [1789409544.464737634] [acados_nmpc_node]: [attach-window] t=76.66s pos_err=0.092m T=20.70N z=6.606 m_est=2.064
[INFO] [1789409544.496009347] [acados_nmpc_node]: [wcmd] raw=[-0.095,+0.018,-0.973] w=[-0.431,+0.220,-0.883] err=[+0.336,-0.202] scaled=[+1.249,-0.790] s=5.00
[INFO] [1789409544.508978130] [acados_nmpc_node]: [attach-window] t=76.70s pos_err=0.087m T=20.71N z=6.600 m_est=2.064
[INFO] [1789409544.564054648] [acados_nmpc_node]: [attach-window] t=76.76s pos_err=0.086m T=20.32N z=6.590 m_est=2.064
[INFO] [1789409544.609065447] [acados_nmpc_node]: [attach-window] t=76.80s pos_err=0.081m T=20.09N z=6.585 m_est=2.064
[INFO] [1789409544.664434124] [acados_nmpc_node]: [attach-window] t=76.86s pos_err=0.084m T=20.05N z=6.575 m_est=2.064
[INFO] [1789409544.695949203] [acados_nmpc_node]: [wcmd] raw=[+0.059,+0.218,-0.876] w=[+0.604,+0.614,-0.863] err=[-0.545,-0.396] scaled=[-1.900,-1.204] s=5.00
[INFO] [1789409544.709131830] [acados_nmpc_node]: [attach-window] t=76.90s pos_err=0.076m T=20.12N z=6.570 m_est=2.064
[INFO] [1789409544.764833379] [acados_nmpc_node]: [attach-window] t=76.96s pos_err=0.078m T=20.79N z=6.560 m_est=2.064
[INFO] [1789409544.808572456] [acados_nmpc_node]: [attach-window] t=77.00s pos_err=0.072m T=21.12N z=6.554 m_est=2.064
[INFO] [1789409544.864185725] [acados_nmpc_node]: [attach-window] t=77.06s pos_err=0.078m T=21.12N z=6.538 m_est=2.064
[INFO] [1789409544.895935792] [acados_nmpc_node]: [wcmd] raw=[-0.024,-0.160,-0.706] w=[-0.476,-0.348,-1.037] err=[+0.452,+0.189] scaled=[+1.784,+0.595] s=5.00
[INFO] [1789409544.931267028] [acados_nmpc_node]: [attach-window] t=77.10s pos_err=0.069m T=21.08N z=6.531 m_est=2.064
[INFO] [1789409544.964110702] [acados_nmpc_node]: [attach-window] t=77.16s pos_err=0.073m T=20.87N z=6.517 m_est=2.064
[INFO] [1789409545.029724850] [acados_nmpc_node]: [attach-window] t=77.20s pos_err=0.066m T=20.91N z=6.511 m_est=2.064
[INFO] [1789409545.062115409] [acados_nmpc_node]: [attach-window] t=77.25s pos_err=0.079m T=20.61N z=6.497 m_est=2.064
[INFO] [1789409545.095950563] [acados_nmpc_node]: [wcmd] raw=[+0.035,-0.319,-0.482] w=[+0.220,-0.580,-0.998] err=[-0.185,+0.261] scaled=[-0.705,+0.726] s=5.00
[INFO] [1789409545.109299851] [acados_nmpc_node]: [attach-window] t=77.30s pos_err=0.066m T=20.91N z=6.491 m_est=2.064
[INFO] [1789409545.165635582] [acados_nmpc_node]: [attach-window] t=77.36s pos_err=0.072m T=21.03N z=6.478 m_est=2.064
[INFO] [1789409545.209588134] [acados_nmpc_node]: [attach-window] t=77.40s pos_err=0.067m T=21.29N z=6.468 m_est=2.064
[INFO] [1789409545.264189717] [acados_nmpc_node]: [attach-window] t=77.46s pos_err=0.076m T=21.63N z=6.452 m_est=2.064
[INFO] [1789409545.295967258] [acados_nmpc_node]: [wcmd] raw=[+0.086,+0.163,-0.231] w=[+0.047,+0.256,-0.620] err=[+0.040,-0.093] scaled=[+0.244,-0.210] s=5.00
[INFO] [1789409545.308786815] [acados_nmpc_node]: [attach-window] t=77.50s pos_err=0.063m T=21.55N z=6.443 m_est=2.064
[INFO] [1789409545.364354535] [acados_nmpc_node]: [attach-window] t=77.56s pos_err=0.068m T=21.24N z=6.427 m_est=2.064
[INFO] [1789409545.421122520] [acados_nmpc_node]: [attach-window] t=77.60s pos_err=0.063m T=21.13N z=6.419 m_est=2.064
[INFO] [1789409545.464326127] [acados_nmpc_node]: [attach-window] t=77.66s pos_err=0.067m T=21.16N z=6.406 m_est=2.064
[INFO] [1789409545.495931784] [acados_nmpc_node]: [wcmd] raw=[-0.215,+0.034,-0.112] w=[-0.498,+0.085,-0.442] err=[+0.283,-0.051] scaled=[+0.917,-0.169] s=5.00
[INFO] [1789409545.508789793] [acados_nmpc_node]: [attach-window] t=77.70s pos_err=0.062m T=21.25N z=6.399 m_est=2.064
[INFO] [1789409545.564305677] [acados_nmpc_node]: [attach-window] t=77.76s pos_err=0.065m T=21.04N z=6.386 m_est=2.064
[INFO] [1789409545.608615730] [acados_nmpc_node]: [attach-window] t=77.80s pos_err=0.068m T=20.95N z=6.382 m_est=2.064
[INFO] [1789409545.664445486] [acados_nmpc_node]: [attach-window] t=77.86s pos_err=0.056m T=20.72N z=6.370 m_est=2.064
[INFO] [1789409545.695941936] [acados_nmpc_node]: [wcmd] raw=[+0.080,-0.003,-0.047] w=[+0.562,-0.066,-0.264] err=[-0.482,+0.063] scaled=[-1.846,+0.247] s=5.00
[INFO] [1789409545.708886337] [acados_nmpc_node]: [attach-window] t=77.90s pos_err=0.065m T=20.64N z=6.365 m_est=2.064
[INFO] [1789409545.764200409] [acados_nmpc_node]: [attach-window] t=77.96s pos_err=0.054m T=20.55N z=6.355 m_est=2.064
[INFO] [1789409545.808599906] [acados_nmpc_node]: [attach-window] t=78.00s pos_err=0.075m T=20.72N z=6.350 m_est=2.064
[INFO] [1789409545.864703001] [acados_nmpc_node]: [attach-window] t=78.06s pos_err=0.046m T=20.45N z=6.339 m_est=2.064
[INFO] [1789409545.896026947] [acados_nmpc_node]: [wcmd] raw=[+0.067,-0.226,-0.047] w=[-0.346,-0.520,-0.215] err=[+0.413,+0.295] scaled=[+1.720,+0.952] s=5.00
[INFO] [1789409545.909148959] [acados_nmpc_node]: [attach-window] t=78.10s pos_err=0.066m T=20.41N z=6.334 m_est=2.064
[INFO] [1789409545.964382516] [acados_nmpc_node]: [attach-window] t=78.16s pos_err=0.047m T=20.04N z=6.326 m_est=2.064
[INFO] [1789409546.009001733] [acados_nmpc_node]: [attach-window] t=78.20s pos_err=0.077m T=19.81N z=6.322 m_est=2.064
[INFO] [1789409546.065055744] [acados_nmpc_node]: [attach-window] t=78.26s pos_err=0.035m T=19.35N z=6.313 m_est=2.065
[INFO] [1789409546.095943024] [acados_nmpc_node]: [wcmd] raw=[-0.100,+0.218,-0.051] w=[+0.005,+0.387,-0.005] err=[-0.106,-0.169] scaled=[-0.523,-0.457] s=5.00
[INFO] [1789409546.108594152] [acados_nmpc_node]: [attach-window] t=78.30s pos_err=0.065m T=19.78N z=6.309 m_est=2.065
[INFO] [1789409546.172677706] [acados_nmpc_node]: [attach-window] t=78.36s pos_err=0.041m T=20.04N z=6.300 m_est=2.065
[INFO] [1789409546.209090299] [acados_nmpc_node]: [attach-window] t=78.40s pos_err=0.077m T=20.26N z=6.295 m_est=2.066
[INFO] [1789409546.274171853] [acados_nmpc_node]: [attach-window] t=78.46s pos_err=0.025m T=20.17N z=6.282 m_est=2.067
[INFO] [1789409546.295943345] [acados_nmpc_node]: [wcmd] raw=[+0.118,-0.079,-0.087] w=[+0.409,+0.006,-0.054] err=[-0.290,-0.086] scaled=[-1.043,-0.422] s=5.00
[INFO] [1789409546.308961943] [acados_nmpc_node]: [attach-window] t=78.50s pos_err=0.064m T=20.15N z=6.276 m_est=2.068
[INFO] [1789409546.381895050] [acados_nmpc_node]: [attach-window] t=78.56s pos_err=0.033m T=19.07N z=6.264 m_est=2.069
[INFO] [1789409546.408630857] [acados_nmpc_node]: [attach-window] t=78.60s pos_err=0.075m T=20.21N z=6.257 m_est=2.070
[INFO] [1789409546.463798821] [acados_nmpc_node]: [attach-window] t=78.66s pos_err=0.017m T=20.42N z=6.241 m_est=2.070
[INFO] [1789409546.508491086] [acados_nmpc_node]: [attach-window] t=78.70s pos_err=0.060m T=20.74N z=6.233 m_est=2.070
[INFO] [1789409546.515935699] [acados_nmpc_node]: [wcmd] raw=[-0.150,-0.181,-0.107] w=[-0.497,-0.612,-0.210] err=[+0.346,+0.431] scaled=[+1.235,+1.545] s=5.00
[INFO] [1789409546.564123477] [acados_nmpc_node]: [attach-window] t=78.75s pos_err=0.027m T=20.76N z=6.217 m_est=2.070
[INFO] [1789409546.608402271] [acados_nmpc_node]: [attach-window] t=78.80s pos_err=0.074m T=20.73N z=6.208 m_est=2.069
[INFO] [1789409546.665097216] [acados_nmpc_node]: [attach-window] t=78.86s pos_err=0.010m T=19.68N z=6.190 m_est=2.069
[INFO] [1789409546.708582624] [acados_nmpc_node]: [attach-window] t=78.90s pos_err=0.057m T=20.20N z=6.183 m_est=2.068
[INFO] [1789409546.715932472] [acados_nmpc_node]: [wcmd] raw=[-0.063,-0.186,-0.079] w=[+0.181,-0.089,-0.110] err=[-0.244,-0.098] scaled=[-1.040,-0.577] s=5.00
[INFO] [1789409546.763715813] [acados_nmpc_node]: [attach-window] t=78.96s pos_err=0.025m T=20.42N z=6.169 m_est=2.068
[INFO] [1789409546.811909442] [acados_nmpc_node]: [attach-window] t=79.00s pos_err=0.073m T=20.65N z=6.162 m_est=2.067
[INFO] [1789409546.863964722] [acados_nmpc_node]: [attach-window] t=79.06s pos_err=0.010m T=20.67N z=6.145 m_est=2.067
[INFO] [1789409546.908441237] [acados_nmpc_node]: [attach-window] t=79.10s pos_err=0.060m T=20.72N z=6.138 m_est=2.067
[INFO] [1789409546.915919329] [acados_nmpc_node]: [wcmd] raw=[+0.117,+0.017,-0.029] w=[-0.020,+0.454,-0.001] err=[+0.137,-0.438] scaled=[+0.663,-1.734] s=5.00
[INFO] [1789409546.997775584] [acados_nmpc_node]: [attach-window] t=79.16s pos_err=0.027m T=20.05N z=6.123 m_est=2.066
[INFO] [1789409547.008919868] [acados_nmpc_node]: [attach-window] t=79.20s pos_err=0.077m T=20.21N z=6.116 m_est=2.066
[INFO] [1789409547.065033576] [acados_nmpc_node]: [attach-window] t=79.26s pos_err=0.017m T=19.93N z=6.101 m_est=2.066
[INFO] [1789409547.108917374] [acados_nmpc_node]: [attach-window] t=79.30s pos_err=0.068m T=20.22N z=6.093 m_est=2.066
[INFO] [1789409547.164310776] [acados_nmpc_node]: [attach-window] t=79.36s pos_err=0.040m T=20.74N z=6.076 m_est=2.065
[INFO] [1789409547.164714426] [acados_nmpc_node]: [wcmd] raw=[-0.463,+0.276,+0.022] w=[-0.275,+0.184,+0.049] err=[-0.188,+0.091] scaled=[-1.217,+0.641] s=5.00
[INFO] [1789409547.208517455] [acados_nmpc_node]: [attach-window] t=79.40s pos_err=0.094m T=20.91N z=6.067 m_est=2.065
[INFO] [1789409547.264076580] [acados_nmpc_node]: [attach-window] t=79.46s pos_err=0.040m T=21.37N z=6.044 m_est=2.065
[INFO] [1789409547.308916604] [acados_nmpc_node]: [attach-window] t=79.50s pos_err=0.095m T=21.49N z=6.034 m_est=2.065
[INFO] [1789409547.365274840] [acados_nmpc_node]: [attach-window] t=79.56s pos_err=0.074m T=21.19N z=6.015 m_est=2.065
[INFO] [1789409547.365683136] [acados_nmpc_node]: [wcmd] raw=[-0.004,-0.026,-0.012] w=[-0.067,-0.402,-0.006] err=[+0.063,+0.376] scaled=[+0.247,+1.477] s=5.00
[INFO] [1789409547.408970695] [acados_nmpc_node]: [attach-window] t=79.60s pos_err=0.101m T=20.84N z=6.004 m_est=2.065
[INFO] [1789409547.464323376] [acados_nmpc_node]: [attach-window] t=79.66s pos_err=0.081m T=20.43N z=5.989 m_est=2.065
[INFO] [1789409547.508021144] [acados_nmpc_node]: [attach-window] t=79.70s pos_err=0.137m T=20.52N z=5.983 m_est=2.065
[INFO] [1789409547.564366457] [acados_nmpc_node]: [attach-window] t=79.76s pos_err=0.114m T=20.27N z=5.970 m_est=2.065
[INFO] [1789409547.564772773] [acados_nmpc_node]: [wcmd] raw=[-0.144,-0.015,-0.033] w=[-0.500,+0.355,+0.103] err=[+0.356,-0.370] scaled=[+1.279,-1.495] s=5.00
[INFO] [1789409547.608961284] [acados_nmpc_node]: [attach-window] t=79.80s pos_err=0.171m T=20.41N z=5.965 m_est=2.065
[INFO] [1789409547.664269234] [acados_nmpc_node]: [attach-window] t=79.86s pos_err=0.118m T=20.16N z=5.954 m_est=2.064
[INFO] [1789409547.709059673] [acados_nmpc_node]: [attach-window] t=79.90s pos_err=0.173m T=19.99N z=5.949 m_est=2.064
[INFO] [1789409547.764518505] [acados_nmpc_node]: [attach-window] t=79.96s pos_err=0.118m T=19.91N z=5.937 m_est=2.064
[INFO] [1789409547.764928951] [acados_nmpc_node]: [wcmd] raw=[+0.186,-0.070,-0.006] w=[+0.521,+0.293,+0.068] err=[-0.335,-0.362] scaled=[-1.152,-1.519] s=5.00
[INFO] [1789409547.808931973] [acados_nmpc_node]: [attach-window] t=80.00s pos_err=0.203m T=20.01N z=5.933 m_est=2.064
[INFO] [1789409547.863871723] [acados_nmpc_node]: [attach-window] t=80.06s pos_err=0.146m T=19.97N z=5.920 m_est=2.064
[INFO] [1789409547.909085536] [acados_nmpc_node]: [attach-window] t=80.10s pos_err=0.201m T=19.93N z=5.915 m_est=2.064
[INFO] [1789409547.964622436] [acados_nmpc_node]: [attach-window] t=80.16s pos_err=0.176m T=19.84N z=5.903 m_est=2.064
[INFO] [1789409547.965025332] [acados_nmpc_node]: [wcmd] raw=[+0.042,+0.142,+0.041] w=[-0.340,-0.093,-0.026] err=[+0.382,+0.236] scaled=[+1.570,+1.085] s=5.00
[INFO] [1789409548.008592816] [acados_nmpc_node]: [attach-window] t=80.20s pos_err=0.228m T=19.90N z=5.897 m_est=2.064
[INFO] [1789409548.074819146] [acados_nmpc_node]: [attach-window] t=80.26s pos_err=0.170m T=19.72N z=5.884 m_est=2.064
[INFO] [1789409548.109323205] [acados_nmpc_node]: [attach-window] t=80.30s pos_err=0.222m T=19.81N z=5.878 m_est=2.064
[INFO] [1789409548.161638587] [acados_nmpc_node]: [attach-window] t=80.35s pos_err=0.186m T=19.86N z=5.866 m_est=2.064
[INFO] [1789409548.161947083] [acados_nmpc_node]: [wcmd] raw=[-0.271,-0.341,+0.076] w=[-0.023,-0.673,-0.119] err=[-0.248,+0.332] scaled=[-1.263,+0.987] s=5.00
[INFO] [1789409548.209463971] [acados_nmpc_node]: [attach-window] t=80.40s pos_err=0.242m T=19.93N z=5.860 m_est=2.064
[INFO] [1789409548.264343699] [acados_nmpc_node]: [attach-window] t=80.46s pos_err=0.179m T=20.11N z=5.845 m_est=2.064
[INFO] [1789409548.308951413] [acados_nmpc_node]: [attach-window] t=80.50s pos_err=0.225m T=20.09N z=5.838 m_est=2.064
[INFO] [1789409548.364061101] [acados_nmpc_node]: [attach-window] t=80.56s pos_err=0.190m T=20.22N z=5.823 m_est=2.064
[INFO] [1789409548.364465946] [acados_nmpc_node]: [wcmd] raw=[+0.146,-0.414,+0.155] w=[+0.034,-0.240,+0.052] err=[+0.112,-0.174] scaled=[+0.593,-1.110] s=5.00
[INFO] [1789409548.409292594] [acados_nmpc_node]: [attach-window] t=80.60s pos_err=0.235m T=20.46N z=5.815 m_est=2.064
[INFO] [1789409548.464991046] [acados_nmpc_node]: [attach-window] t=80.66s pos_err=0.173m T=20.93N z=5.796 m_est=2.064
[INFO] [1789409548.509469431] [acados_nmpc_node]: [attach-window] t=80.70s pos_err=0.214m T=21.16N z=5.786 m_est=2.064
[INFO] [1789409548.563923285] [acados_nmpc_node]: [attach-window] t=80.76s pos_err=0.180m T=21.45N z=5.765 m_est=2.064
[INFO] [1789409548.564353256] [acados_nmpc_node]: [wcmd] raw=[-0.083,+0.065,+0.234] w=[-0.319,+0.319,+0.259] err=[+0.236,-0.255] scaled=[+0.860,-0.954] s=5.00
[INFO] [1789409548.609186674] [acados_nmpc_node]: [attach-window] t=80.80s pos_err=0.222m T=21.37N z=5.754 m_est=2.064
[INFO] [1789409548.664466157] [acados_nmpc_node]: [attach-window] t=80.86s pos_err=0.166m T=21.20N z=5.732 m_est=2.064
[INFO] [1789409548.709324659] [acados_nmpc_node]: [attach-window] t=80.90s pos_err=0.206m T=21.05N z=5.723 m_est=2.064
[INFO] [1789409548.764767337] [acados_nmpc_node]: [attach-window] t=80.96s pos_err=0.179m T=20.84N z=5.707 m_est=2.064
[INFO] [1789409548.765184606] [acados_nmpc_node]: [wcmd] raw=[+0.258,+0.086,+0.248] w=[+0.614,+0.055,+0.276] err=[-0.357,+0.031] scaled=[-1.169,+0.210] s=5.00
[INFO] [1789409548.816291393] [acados_nmpc_node]: [attach-window] t=81.00s pos_err=0.218m T=20.75N z=5.700 m_est=2.064
[INFO] [1789409548.864842475] [acados_nmpc_node]: [attach-window] t=81.06s pos_err=0.168m T=20.59N z=5.685 m_est=2.064
[INFO] [1789409548.909396354] [acados_nmpc_node]: [attach-window] t=81.10s pos_err=0.204m T=20.67N z=5.679 m_est=2.064
[INFO] [1789409548.909885426] [acados_nmpc_node]: t=81.1s | pos_err=0.204m | T=20.67N | tau=[r0.485 p0.162 y0.017]Nm | res_stat=4.767e-07(peak 2.252e-06) sqp_iter=6 | solve=2.9ms
[INFO] [1789409548.910094266] [acados_nmpc_node]: [flight-diag] t=81.1s | om_scale=5.000(lo 5.000 hi 5.000) | tilt_max=13.45deg | w_max=[r0.687 p1.035 y1.086]rad/s | u_frac=[T0.690 r1.000 p1.000 y1.000] | u_sat=[T0.0 r53.0 p41.0 y2.0]% | mot_peak=1.000 mot_sat=19.9% | health=1 age=0.000s conf=0.893 | n=100
[INFO] [1789409548.964220800] [acados_nmpc_node]: [attach-window] t=81.16s pos_err=0.156m T=20.72N z=5.666 m_est=2.064
[INFO] [1789409548.964627240] [acados_nmpc_node]: [wcmd] raw=[-0.075,-0.450,+0.247] w=[-0.445,-0.823,+0.101] err=[+0.370,+0.373] scaled=[+1.405,+1.042] s=5.00
[INFO] [1789409549.009184112] [acados_nmpc_node]: [attach-window] t=81.20s pos_err=0.190m T=20.65N z=5.660 m_est=2.064
[INFO] [1789409549.064318241] [acados_nmpc_node]: [attach-window] t=81.26s pos_err=0.165m T=20.64N z=5.648 m_est=2.064
[INFO] [1789409549.109523812] [acados_nmpc_node]: [attach-window] t=81.30s pos_err=0.197m T=20.56N z=5.642 m_est=2.064
[INFO] [1789409549.164816500] [acados_nmpc_node]: [attach-window] t=81.36s pos_err=0.153m T=20.77N z=5.628 m_est=2.064
[INFO] [1789409549.165231429] [acados_nmpc_node]: [wcmd] raw=[-0.199,-0.176,+0.315] w=[-0.105,-0.340,+0.172] err=[-0.094,+0.164] scaled=[-0.574,+0.481] s=5.00
[INFO] [1789409549.209111581] [acados_nmpc_node]: [attach-window] t=81.40s pos_err=0.182m T=20.85N z=5.622 m_est=2.064
[INFO] [1789409549.264528749] [acados_nmpc_node]: [attach-window] t=81.46s pos_err=0.161m T=20.74N z=5.610 m_est=2.064
[INFO] [1789409549.309290942] [acados_nmpc_node]: [attach-window] t=81.50s pos_err=0.189m T=20.73N z=5.603 m_est=2.064
[INFO] [1789409549.365642208] [acados_nmpc_node]: [attach-window] t=81.56s pos_err=0.167m T=20.52N z=5.590 m_est=2.064
[INFO] [1789409549.366055544] [acados_nmpc_node]: [wcmd] raw=[+0.214,+0.530,+0.484] w=[+0.279,+0.890,+0.414] err=[-0.065,-0.360] scaled=[-0.045,-0.912] s=5.00
[INFO] [1789409549.409678032] [acados_nmpc_node]: [attach-window] t=81.60s pos_err=0.194m T=20.51N z=5.584 m_est=2.064
[INFO] [1789409549.464608510] [acados_nmpc_node]: [attach-window] t=81.66s pos_err=0.157m T=20.54N z=5.572 m_est=2.064
[INFO] [1789409549.515554975] [acados_nmpc_node]: [attach-window] t=81.70s pos_err=0.182m T=20.58N z=5.566 m_est=2.064
[INFO] [1789409549.598622496] [acados_nmpc_node]: [attach-window] t=81.76s pos_err=0.162m T=20.76N z=5.554 m_est=2.064
[INFO] [1789409549.599040675] [acados_nmpc_node]: [wcmd] raw=[-0.118,-0.150,+0.587] w=[-0.556,-0.018,+0.379] err=[+0.438,-0.131] scaled=[+1.634,-0.675] s=5.00
[INFO] [1789409549.609520974] [acados_nmpc_node]: [attach-window] t=81.80s pos_err=0.183m T=20.83N z=5.548 m_est=2.064
[INFO] [1789409549.664499319] [acados_nmpc_node]: [attach-window] t=81.86s pos_err=0.148m T=20.80N z=5.533 m_est=2.064
[INFO] [1789409549.708323682] [acados_nmpc_node]: [attach-window] t=81.90s pos_err=0.166m T=21.01N z=5.526 m_est=2.064
[INFO] [1789409549.764428173] [acados_nmpc_node]: [attach-window] t=81.96s pos_err=0.147m T=21.29N z=5.511 m_est=2.064
[INFO] [1789409549.795933122] [acados_nmpc_node]: [wcmd] raw=[+0.182,-0.228,+0.700] w=[+0.540,-0.596,+0.465] err=[-0.358,+0.368] scaled=[-1.249,+1.243] s=5.00
[INFO] [1789409549.809275795] [acados_nmpc_node]: [attach-window] t=82.00s pos_err=0.163m T=21.12N z=5.504 m_est=2.064
[INFO] [1789409549.864364408] [acados_nmpc_node]: [attach-window] t=82.06s pos_err=0.135m T=21.52N z=5.488 m_est=2.064
[INFO] [1789409549.909520677] [acados_nmpc_node]: [attach-window] t=82.10s pos_err=0.147m T=21.60N z=5.480 m_est=2.064
[INFO] [1789409549.964429211] [acados_nmpc_node]: [attach-window] t=82.16s pos_err=0.133m T=21.47N z=5.464 m_est=2.064
[INFO] [1789409549.995934616] [acados_nmpc_node]: [wcmd] raw=[+0.061,-0.254,+0.788] w=[-0.310,-0.495,+0.601] err=[+0.370,+0.242] scaled=[+1.542,+0.713] s=5.00
[INFO] [1789409550.009588135] [acados_nmpc_node]: [attach-window] t=82.20s pos_err=0.143m T=21.50N z=5.457 m_est=2.064
[INFO] [1789409550.064677080] [acados_nmpc_node]: [attach-window] t=82.26s pos_err=0.126m T=21.36N z=5.442 m_est=2.064
[INFO] [1789409550.109550521] [acados_nmpc_node]: [attach-window] t=82.30s pos_err=0.133m T=21.24N z=5.436 m_est=2.064
[INFO] [1789409550.164457789] [acados_nmpc_node]: [attach-window] t=82.36s pos_err=0.124m T=21.13N z=5.424 m_est=2.064
[INFO] [1789409550.195981488] [acados_nmpc_node]: [wcmd] raw=[-0.098,+0.106,+0.906] w=[-0.047,+0.308,+0.819] err=[-0.051,-0.202] scaled=[-0.304,-0.700] s=5.00
[INFO] [1789409550.208952708] [acados_nmpc_node]: [attach-window] t=82.40s pos_err=0.130m T=21.03N z=5.419 m_est=2.064
[INFO] [1789409550.264534457] [acados_nmpc_node]: [attach-window] t=82.46s pos_err=0.119m T=20.95N z=5.408 m_est=2.064
[INFO] [1789409550.309105681] [acados_nmpc_node]: [attach-window] t=82.50s pos_err=0.123m T=20.87N z=5.403 m_est=2.064
[INFO] [1789409550.364166673] [acados_nmpc_node]: [attach-window] t=82.56s pos_err=0.117m T=20.69N z=5.395 m_est=2.064
[INFO] [1789409550.395956305] [acados_nmpc_node]: [wcmd] raw=[+0.178,+0.170,+0.984] w=[+0.440,+0.567,+0.918] err=[-0.262,-0.397] scaled=[-0.868,-1.417] s=5.00
[INFO] [1789409550.408987327] [acados_nmpc_node]: [attach-window] t=82.60s pos_err=0.117m T=20.66N z=5.390 m_est=2.064
[INFO] [1789409550.470040205] [acados_nmpc_node]: [attach-window] t=82.65s pos_err=0.112m T=20.59N z=5.383 m_est=2.064
[INFO] [1789409550.509592076] [acados_nmpc_node]: [attach-window] t=82.70s pos_err=0.114m T=20.90N z=5.378 m_est=2.064
[INFO] [1789409550.564528357] [acados_nmpc_node]: [attach-window] t=82.76s pos_err=0.108m T=21.04N z=5.367 m_est=2.064
[INFO] [1789409550.595957019] [acados_nmpc_node]: [wcmd] raw=[-0.285,-0.095,+1.017] w=[-0.470,-0.232,+0.839] err=[+0.186,+0.136] scaled=[+0.458,+0.451] s=5.00
[INFO] [1789409550.608841584] [acados_nmpc_node]: [attach-window] t=82.80s pos_err=0.109m T=21.07N z=5.362 m_est=2.064
[INFO] [1789409550.664477997] [acados_nmpc_node]: [attach-window] t=82.86s pos_err=0.100m T=21.11N z=5.351 m_est=2.064
[INFO] [1789409550.708974922] [acados_nmpc_node]: [attach-window] t=82.90s pos_err=0.097m T=21.06N z=5.346 m_est=2.064
[INFO] [1789409550.764051040] [acados_nmpc_node]: [attach-window] t=82.96s pos_err=0.090m T=21.31N z=5.336 m_est=2.064
[INFO] [1789409550.795931034] [acados_nmpc_node]: [wcmd] raw=[-0.016,-0.291,+0.982] w=[+0.424,-0.780,+0.862] err=[-0.440,+0.488] scaled=[-1.777,+1.661] s=5.00
[INFO] [1789409550.844437524] [acados_nmpc_node]: [attach-window] t=83.00s pos_err=0.087m T=21.32N z=5.331 m_est=2.064
[INFO] [1789409550.865067734] [acados_nmpc_node]: [attach-window] t=83.06s pos_err=0.081m T=21.72N z=5.319 m_est=2.064
[INFO] [1789409550.908935169] [acados_nmpc_node]: [attach-window] t=83.10s pos_err=0.076m T=22.47N z=5.312 m_est=2.064
[INFO] [1789409550.964112018] [acados_nmpc_node]: [attach-window] t=83.16s pos_err=0.075m T=22.78N z=5.295 m_est=2.064
[INFO] [1789409551.008747768] [acados_nmpc_node]: [attach-window] t=83.20s pos_err=0.072m T=22.57N z=5.288 m_est=2.064
[INFO] [1789409551.015919037] [acados_nmpc_node]: [wcmd] raw=[+0.106,+0.108,+0.883] w=[-0.124,+0.389,+1.122] err=[+0.230,-0.281] scaled=[+1.026,-1.017] s=5.00
[INFO] [1789409551.063695065] [acados_nmpc_node]: [attach-window] t=83.26s pos_err=0.073m T=22.04N z=5.274 m_est=2.064
[INFO] [1789409551.109233358] [acados_nmpc_node]: [attach-window] t=83.30s pos_err=0.068m T=21.79N z=5.270 m_est=2.064
[INFO] [1789409551.164648180] [acados_nmpc_node]: [attach-window] t=83.36s pos_err=0.065m T=21.43N z=5.263 m_est=2.064
[INFO] [1789409551.208996404] [acados_nmpc_node]: [attach-window] t=83.40s pos_err=0.066m T=21.91N z=5.259 m_est=2.064
[INFO] [1789409551.215925165] [acados_nmpc_node]: [wcmd] raw=[-0.167,+0.305,+0.678] w=[-0.039,+0.570,+1.129] err=[-0.128,-0.265] scaled=[-0.678,-0.755] s=5.00
[INFO] [1789409551.264492544] [acados_nmpc_node]: [attach-window] t=83.46s pos_err=0.063m T=21.95N z=5.250 m_est=2.064
[INFO] [1789409551.308904998] [acados_nmpc_node]: [attach-window] t=83.50s pos_err=0.064m T=21.85N z=5.246 m_est=2.064
[INFO] [1789409551.364141226] [acados_nmpc_node]: [attach-window] t=83.56s pos_err=0.058m T=21.31N z=5.241 m_est=2.064
[INFO] [1789409551.426537898] [acados_nmpc_node]: [attach-window] t=83.60s pos_err=0.064m T=21.12N z=5.240 m_est=2.064
[INFO] [1789409551.427099673] [acados_nmpc_node]: [wcmd] raw=[+0.039,-0.016,+0.411] w=[+0.222,-0.438,+0.791] err=[-0.183,+0.422] scaled=[-0.694,+1.673] s=5.00
[INFO] [1789409551.464530239] [acados_nmpc_node]: [attach-window] t=83.66s pos_err=0.048m T=20.32N z=5.240 m_est=2.064
[INFO] [1789409551.509645771] [acados_nmpc_node]: [attach-window] t=83.70s pos_err=0.053m T=20.21N z=5.240 m_est=2.064
[INFO] [1789409551.565195551] [acados_nmpc_node]: [attach-window] t=83.76s pos_err=0.038m T=20.34N z=5.241 m_est=2.064
[INFO] [1789409551.609180136] [acados_nmpc_node]: [attach-window] t=83.80s pos_err=0.053m T=20.89N z=5.240 m_est=2.064
[INFO] [1789409551.615964121] [acados_nmpc_node]: [wcmd] raw=[-0.347,-0.215,+0.248] w=[-0.425,-0.556,+0.543] err=[+0.078,+0.341] scaled=[-0.036,+1.150] s=5.00
[INFO] [1789409551.664466216] [acados_nmpc_node]: [attach-window] t=83.86s pos_err=0.027m T=21.01N z=5.237 m_est=2.064
[INFO] [1789409551.708967364] [acados_nmpc_node]: [attach-window] t=83.90s pos_err=0.045m T=20.90N z=5.236 m_est=2.064
[INFO] [1789409551.763901541] [acados_nmpc_node]: [attach-window] t=83.96s pos_err=0.030m T=20.75N z=5.234 m_est=2.064
[INFO] [1789409551.817469158] [acados_nmpc_node]: [attach-window] t=84.00s pos_err=0.056m T=20.78N z=5.233 m_est=2.064
[INFO] [1789409551.818043050] [acados_nmpc_node]: [wcmd] raw=[-0.013,-0.045,+0.171] w=[+0.309,+0.362,+0.486] err=[-0.322,-0.407] scaled=[-1.301,-1.672] s=5.00
[INFO] [1789409551.864451818] [acados_nmpc_node]: [attach-window] t=84.06s pos_err=0.027m T=20.48N z=5.231 m_est=2.064
[INFO] [1789409551.909306494] [acados_nmpc_node]: [attach-window] t=84.10s pos_err=0.053m T=20.84N z=5.230 m_est=2.064
[INFO] [1789409551.981610982] [acados_nmpc_node]: [attach-window] t=84.15s pos_err=0.038m T=20.43N z=5.229 m_est=2.064
[INFO] [1789409552.008116145] [acados_nmpc_node]: [attach-window] t=84.20s pos_err=0.072m T=20.34N z=5.229 m_est=2.064
[INFO] [1789409552.035865026] [acados_nmpc_node]: [wcmd] raw=[+0.019,+0.310,+0.181] w=[-0.502,+0.551,+0.358] err=[+0.521,-0.241] scaled=[+1.900,-0.559] s=5.00
[INFO] [1789409552.061753300] [acados_nmpc_node]: [attach-window] t=84.25s pos_err=0.039m T=20.19N z=5.228 m_est=2.064
[INFO] [1789409552.108827012] [acados_nmpc_node]: [attach-window] t=84.30s pos_err=0.073m T=20.36N z=5.228 m_est=2.064
[INFO] [1789409552.164348975] [acados_nmpc_node]: [attach-window] t=84.36s pos_err=0.060m T=20.32N z=5.228 m_est=2.064
[INFO] [1789409552.209054844] [acados_nmpc_node]: [attach-window] t=84.40s pos_err=0.094m T=20.35N z=5.227 m_est=2.064
[INFO] [1789409552.235936064] [acados_nmpc_node]: [wcmd] raw=[+0.033,-0.060,+0.180] w=[+0.388,-0.539,+0.123] err=[-0.355,+0.479] scaled=[-1.388,+1.855] s=5.00
[INFO] [1789409552.264384644] [acados_nmpc_node]: [attach-window] t=84.46s pos_err=0.060m T=20.26N z=5.226 m_est=2.064
[INFO] [1789409552.308484391] [acados_nmpc_node]: [attach-window] t=84.50s pos_err=0.094m T=20.33N z=5.226 m_est=2.064
[INFO] [1789409552.365307834] [acados_nmpc_node]: [attach-window] t=84.56s pos_err=0.076m T=19.94N z=5.225 m_est=2.064
[INFO] [1789409552.408958450] [acados_nmpc_node]: [attach-window] t=84.60s pos_err=0.109m T=20.31N z=5.225 m_est=2.064
[INFO] [1789409552.435942304] [acados_nmpc_node]: [wcmd] raw=[+0.139,-0.313,+0.212] w=[-0.123,-0.320,+0.151] err=[+0.263,+0.007] scaled=[+1.190,-0.284] s=5.00
[INFO] [1789409552.463762065] [acados_nmpc_node]: [attach-window] t=84.66s pos_err=0.070m T=20.13N z=5.225 m_est=2.064
[INFO] [1789409552.509091553] [acados_nmpc_node]: [attach-window] t=84.70s pos_err=0.104m T=20.22N z=5.225 m_est=2.064
[INFO] [1789409552.582224567] [acados_nmpc_node]: [attach-window] t=84.76s pos_err=0.083m T=20.10N z=5.225 m_est=2.064
[INFO] [1789409552.609843886] [acados_nmpc_node]: [attach-window] t=84.80s pos_err=0.117m T=20.28N z=5.224 m_est=2.064
[INFO] [1789409552.669977444] [acados_nmpc_node]: [attach-window] t=84.86s pos_err=0.074m T=20.09N z=5.223 m_est=2.064
[INFO] [1789409552.670472265] [acados_nmpc_node]: [wcmd] raw=[-0.165,-0.248,+0.256] w=[-0.600,+0.143,+0.240] err=[+0.435,-0.390] scaled=[+1.574,-1.809] s=5.00
[INFO] [1789409552.720638163] [acados_nmpc_node]: [attach-window] t=84.90s pos_err=0.108m T=20.31N z=5.223 m_est=2.064
[INFO] [1789409552.766453272] [acados_nmpc_node]: [attach-window] t=84.96s pos_err=0.088m T=20.61N z=5.222 m_est=2.064
[INFO] [1789409552.808263490] [acados_nmpc_node]: [attach-window] t=85.00s pos_err=0.122m T=20.01N z=5.222 m_est=2.064
[INFO] [1789409552.865076294] [acados_nmpc_node]: [attach-window] t=85.06s pos_err=0.081m T=20.15N z=5.221 m_est=2.064
[INFO] [1789409552.865535291] [acados_nmpc_node]: [wcmd] raw=[+0.307,+0.195,+0.307] w=[+0.643,+0.149,+0.271] err=[-0.336,+0.046] scaled=[-1.038,+0.380] s=5.00
[INFO] [1789409552.936321053] [acados_nmpc_node]: [attach-window] t=85.10s pos_err=0.117m T=20.17N z=5.221 m_est=2.064
[INFO] [1789409552.964416642] [acados_nmpc_node]: [attach-window] t=85.16s pos_err=0.099m T=20.57N z=5.219 m_est=2.064
[INFO] [1789409553.008766010] [acados_nmpc_node]: [attach-window] t=85.20s pos_err=0.137m T=20.81N z=5.218 m_est=2.064
[INFO] [1789409553.064858621] [acados_nmpc_node]: [attach-window] t=85.26s pos_err=0.099m T=20.82N z=5.214 m_est=2.064
[INFO] [1789409553.076023524] [acados_nmpc_node]: [wcmd] raw=[+0.014,-0.081,+0.300] w=[-0.435,-0.053,+0.263] err=[+0.449,-0.028] scaled=[+1.808,-0.195] s=5.00
[INFO] [1789409553.109020018] [acados_nmpc_node]: [attach-window] t=85.30s pos_err=0.137m T=20.82N z=5.212 m_est=2.064
[INFO] [1789409553.183324299] [acados_nmpc_node]: [attach-window] t=85.36s pos_err=0.120m T=20.62N z=5.209 m_est=2.064
[INFO] [1789409553.208933603] [acados_nmpc_node]: [attach-window] t=85.40s pos_err=0.159m T=20.56N z=5.208 m_est=2.064
[INFO] [1789409553.266085917] [acados_nmpc_node]: [attach-window] t=85.46s pos_err=0.119m T=20.56N z=5.207 m_est=2.064
[INFO] [1789409553.295954806] [acados_nmpc_node]: [wcmd] raw=[-0.216,+0.307,+0.329] w=[-0.227,+0.208,+0.313] err=[+0.012,+0.099] scaled=[-0.168,+0.704] s=5.00
[INFO] [1789409553.309211158] [acados_nmpc_node]: [attach-window] t=85.50s pos_err=0.157m T=21.05N z=5.206 m_est=2.064
[INFO] [1789409553.364031462] [acados_nmpc_node]: [attach-window] t=85.56s pos_err=0.137m T=21.34N z=5.203 m_est=2.064
[INFO] [1789409553.408976401] [acados_nmpc_node]: [attach-window] t=85.60s pos_err=0.174m T=21.40N z=5.201 m_est=2.064
[INFO] [1789409553.464310852] [acados_nmpc_node]: [attach-window] t=85.66s pos_err=0.131m T=21.10N z=5.198 m_est=2.064
[INFO] [1789409553.495966236] [acados_nmpc_node]: [wcmd] raw=[+0.123,-0.228,+0.327] w=[+0.391,-0.064,+0.269] err=[-0.268,-0.164] scaled=[-0.949,-0.885] s=5.00
[INFO] [1789409553.509270812] [acados_nmpc_node]: [attach-window] t=85.70s pos_err=0.165m T=21.05N z=5.198 m_est=2.064
[INFO] [1789409553.585077497] [acados_nmpc_node]: [attach-window] t=85.76s pos_err=0.141m T=20.70N z=5.198 m_est=2.064
[INFO] [1789409553.608686085] [acados_nmpc_node]: [attach-window] t=85.80s pos_err=0.174m T=20.74N z=5.199 m_est=2.064
[INFO] [1789409553.664648430] [acados_nmpc_node]: [attach-window] t=85.86s pos_err=0.130m T=20.68N z=5.202 m_est=2.064
[INFO] [1789409553.709041263] [acados_nmpc_node]: [attach-window] t=85.90s pos_err=0.162m T=20.56N z=5.204 m_est=2.064
[INFO] [1789409553.715931246] [acados_nmpc_node]: [wcmd] raw=[-0.148,-0.002,+0.391] w=[-0.531,-0.132,+0.261] err=[+0.383,+0.130] scaled=[+1.386,+0.519] s=5.00
[INFO] [1789409553.764417564] [acados_nmpc_node]: [attach-window] t=85.96s pos_err=0.118m T=20.23N z=5.210 m_est=2.064
[INFO] [1789409553.808993985] [acados_nmpc_node]: [attach-window] t=86.00s pos_err=0.170m T=20.31N z=5.212 m_est=2.064
[INFO] [1789409553.864624786] [acados_nmpc_node]: [attach-window] t=86.06s pos_err=0.127m T=20.01N z=5.219 m_est=2.064
[INFO] [1789409553.909024917] [acados_nmpc_node]: [attach-window] t=86.10s pos_err=0.159m T=20.04N z=5.223 m_est=2.064
[INFO] [1789409553.909511529] [acados_nmpc_node]: t=86.1s | pos_err=0.159m | T=20.04N | tau=[r-0.500 p0.500 y0.094]Nm | res_stat=8.039e-07(peak 2.252e-06) sqp_iter=5 | solve=2.5ms
[INFO] [1789409553.909712362] [acados_nmpc_node]: [flight-diag] t=86.1s | om_scale=5.000(lo 5.000 hi 5.000) | tilt_max=11.87deg | w_max=[r0.709 p1.085 y1.149]rad/s | u_frac=[T0.727 r1.000 p1.000 y1.000] | u_sat=[T0.0 r57.0 p50.0 y3.0]% | mot_peak=1.000 mot_sat=24.5% | health=1 age=0.000s conf=0.847 | n=100
[INFO] [1789409553.915879060] [acados_nmpc_node]: [wcmd] raw=[+0.019,-0.409,+0.437] w=[+0.244,-0.966,+0.183] err=[-0.224,+0.557] scaled=[-0.878,+1.819] s=5.00
[INFO] [1789409553.964730395] [acados_nmpc_node]: [attach-window] t=86.16s pos_err=0.139m T=20.22N z=5.230 m_est=2.064
[INFO] [1789409554.009040739] [acados_nmpc_node]: [attach-window] t=86.20s pos_err=0.169m T=20.51N z=5.232 m_est=2.064
[INFO] [1789409554.064393727] [acados_nmpc_node]: [attach-window] t=86.26s pos_err=0.132m T=20.88N z=5.234 m_est=2.064
[INFO] [1789409554.109329299] [acados_nmpc_node]: [attach-window] t=86.30s pos_err=0.161m T=20.98N z=5.235 m_est=2.064
[INFO] [1789409554.115950398] [acados_nmpc_node]: [wcmd] raw=[-0.002,-0.011,+0.526] w=[-0.261,+0.200,+0.464] err=[+0.258,-0.211] scaled=[+1.031,-0.857] s=5.00
[INFO] [1789409554.164086303] [acados_nmpc_node]: [attach-window] t=86.36s pos_err=0.145m T=21.00N z=5.236 m_est=2.064
[INFO] [1789409554.209059006] [acados_nmpc_node]: [attach-window] t=86.40s pos_err=0.175m T=21.00N z=5.237 m_est=2.064
[INFO] [1789409554.264793249] [acados_nmpc_node]: [attach-window] t=86.46s pos_err=0.144m T=20.99N z=5.239 m_est=2.064
[INFO] [1789409554.309352997] [acados_nmpc_node]: [attach-window] t=86.50s pos_err=0.172m T=21.45N z=5.239 m_est=2.064
[INFO] [1789409554.315911578] [acados_nmpc_node]: [wcmd] raw=[-0.204,+0.190,+0.590] w=[-0.231,+0.775,+0.661] err=[+0.027,-0.585] scaled=[-0.107,-1.900] s=5.00
[INFO] [1789409554.365664017] [acados_nmpc_node]: [attach-window] t=86.56s pos_err=0.158m T=21.45N z=5.238 m_est=2.064
[INFO] [1789409554.409427801] [acados_nmpc_node]: [attach-window] t=86.60s pos_err=0.185m T=21.50N z=5.238 m_est=2.064
[INFO] [1789409554.464674042] [acados_nmpc_node]: [attach-window] t=86.66s pos_err=0.157m T=21.19N z=5.240 m_est=2.064
[INFO] [1789409554.509605990] [acados_nmpc_node]: [attach-window] t=86.70s pos_err=0.181m T=21.16N z=5.242 m_est=2.064
[INFO] [1789409554.515978839] [acados_nmpc_node]: [wcmd] raw=[+0.047,-0.139,+0.617] w=[+0.521,-0.209,+0.509] err=[-0.474,+0.070] scaled=[-1.849,+0.142] s=5.00
[INFO] [1789409554.565228933] [acados_nmpc_node]: [attach-window] t=86.76s pos_err=0.167m T=20.77N z=5.247 m_est=2.064
[INFO] [1789409554.609558375] [acados_nmpc_node]: [attach-window] t=86.80s pos_err=0.189m T=20.77N z=5.250 m_est=2.064
[INFO] [1789409554.664762658] [acados_nmpc_node]: [attach-window] t=86.86s pos_err=0.159m T=20.74N z=5.258 m_est=2.064
[INFO] [1789409554.709531418] [acados_nmpc_node]: [attach-window] t=86.90s pos_err=0.178m T=20.91N z=5.261 m_est=2.064
[INFO] [1789409554.716023583] [acados_nmpc_node]: [wcmd] raw=[-0.121,-0.156,+0.719] w=[-0.537,-0.629,+0.480] err=[+0.416,+0.473] scaled=[+1.543,+1.736] s=5.00
[INFO] [1789409554.764953580] [acados_nmpc_node]: [attach-window] t=86.96s pos_err=0.162m T=20.79N z=5.269 m_est=2.064
[INFO] [1789409554.809450653] [acados_nmpc_node]: [attach-window] t=87.00s pos_err=0.178m T=20.93N z=5.272 m_est=2.064
[INFO] [1789409554.865309065] [acados_nmpc_node]: [attach-window] t=87.06s pos_err=0.151m T=20.55N z=5.280 m_est=2.064
[INFO] [1789409554.909576043] [acados_nmpc_node]: [attach-window] t=87.10s pos_err=0.163m T=20.60N z=5.284 m_est=2.064
[INFO] [1789409554.915929931] [acados_nmpc_node]: [wcmd] raw=[+0.004,-0.293,+0.846] w=[+0.284,-0.269,+0.583] err=[-0.280,-0.023] scaled=[-1.117,-0.386] s=5.00
[INFO] [1789409554.962021690] [acados_nmpc_node]: [attach-window] t=87.15s pos_err=0.147m T=20.74N z=5.291 m_est=2.064
[INFO] [1789409555.009576235] [acados_nmpc_node]: [attach-window] t=87.20s pos_err=0.160m T=20.95N z=5.295 m_est=2.064
[INFO] [1789409555.064140514] [acados_nmpc_node]: [attach-window] t=87.26s pos_err=0.139m T=20.88N z=5.303 m_est=2.064
[INFO] [1789409555.109062530] [acados_nmpc_node]: [attach-window] t=87.30s pos_err=0.146m T=20.75N z=5.307 m_est=2.064
[INFO] [1789409555.115924408] [acados_nmpc_node]: [wcmd] raw=[+0.021,+0.061,+0.997] w=[-0.197,+0.529,+0.840] err=[+0.219,-0.467] scaled=[+0.896,-1.809] s=5.00
[INFO] [1789409555.164116136] [acados_nmpc_node]: [attach-window] t=87.36s pos_err=0.135m T=20.59N z=5.316 m_est=2.064
[INFO] [1789409555.209182381] [acados_nmpc_node]: [attach-window] t=87.40s pos_err=0.141m T=20.83N z=5.321 m_est=2.064
[INFO] [1789409555.265802416] [acados_nmpc_node]: [attach-window] t=87.46s pos_err=0.130m T=21.51N z=5.330 m_est=2.064
[INFO] [1789409555.309296071] [acados_nmpc_node]: [attach-window] t=87.50s pos_err=0.132m T=22.15N z=5.331 m_est=2.064
[INFO] [1789409555.315980860] [acados_nmpc_node]: [wcmd] raw=[-0.103,+0.031,+1.086] w=[-0.215,+0.009,+0.943] err=[+0.112,+0.022] scaled=[+0.345,+0.118] s=5.00
[INFO] [1789409555.364605959] [acados_nmpc_node]: [attach-window] t=87.56s pos_err=0.130m T=22.68N z=5.329 m_est=2.064
[INFO] [1789409555.408991730] [acados_nmpc_node]: [attach-window] t=87.60s pos_err=0.132m T=22.65N z=5.328 m_est=2.064
[INFO] [1789409555.464251745] [acados_nmpc_node]: [attach-window] t=87.66s pos_err=0.132m T=22.18N z=5.329 m_est=2.064
[INFO] [1789409555.508967378] [acados_nmpc_node]: [attach-window] t=87.70s pos_err=0.133m T=22.14N z=5.330 m_est=2.064
[INFO] [1789409555.515973375] [acados_nmpc_node]: [wcmd] raw=[+0.183,+0.104,+1.051] w=[+0.673,+0.034,+1.050] err=[-0.490,+0.070] scaled=[-1.776,+0.385] s=5.00
[INFO] [1789409555.564686738] [acados_nmpc_node]: [attach-window] t=87.76s pos_err=0.137m T=21.62N z=5.336 m_est=2.064
[INFO] [1789409555.609340244] [acados_nmpc_node]: [attach-window] t=87.80s pos_err=0.134m T=21.55N z=5.340 m_est=2.064
[INFO] [1789409555.664377242] [acados_nmpc_node]: [attach-window] t=87.86s pos_err=0.136m T=21.42N z=5.350 m_est=2.064
[INFO] [1789409555.708994595] [acados_nmpc_node]: [attach-window] t=87.90s pos_err=0.133m T=21.51N z=5.355 m_est=2.064
[INFO] [1789409555.715932529] [acados_nmpc_node]: [wcmd] raw=[-0.069,+0.034,+0.906] w=[-0.423,+0.335,+1.126] err=[+0.354,-0.302] scaled=[+1.345,-1.172] s=5.00
[INFO] [1789409555.764181668] [acados_nmpc_node]: [attach-window] t=87.96s pos_err=0.137m T=21.03N z=5.368 m_est=2.064
[INFO] [1789409555.809447934] [acados_nmpc_node]: [attach-window] t=88.00s pos_err=0.129m T=20.99N z=5.373 m_est=2.064
[INFO] [1789409555.865085880] [acados_nmpc_node]: [attach-window] t=88.06s pos_err=0.129m T=20.55N z=5.389 m_est=2.064
[INFO] [1789409555.909020246] [acados_nmpc_node]: [attach-window] t=88.10s pos_err=0.121m T=20.76N z=5.395 m_est=2.064
[INFO] [1789409555.915933505] [acados_nmpc_node]: [wcmd] raw=[-0.162,+0.279,+0.721] w=[+0.023,+0.671,+1.140] err=[-0.185,-0.392] scaled=[-0.903,-1.289] s=5.00
[INFO] [1789409555.964710560] [acados_nmpc_node]: [attach-window] t=88.16s pos_err=0.120m T=20.87N z=5.409 m_est=2.064
[INFO] [1789409556.009104231] [acados_nmpc_node]: [attach-window] t=88.20s pos_err=0.114m T=20.86N z=5.418 m_est=2.064
[INFO] [1789409556.064520587] [acados_nmpc_node]: [attach-window] t=88.26s pos_err=0.114m T=20.52N z=5.432 m_est=2.064
[INFO] [1789409556.108110285] [acados_nmpc_node]: [attach-window] t=88.30s pos_err=0.101m T=20.55N z=5.440 m_est=2.064
[INFO] [1789409556.115813139] [acados_nmpc_node]: [wcmd] raw=[+0.058,+0.028,+0.479] w=[+0.296,-0.228,+0.800] err=[-0.238,+0.256] scaled=[-0.894,+1.051] s=5.00
[INFO] [1789409556.161903999] [acados_nmpc_node]: [attach-window] t=88.35s pos_err=0.102m T=20.24N z=5.456 m_est=2.064
[INFO] [1789409556.208465780] [acados_nmpc_node]: [attach-window] t=88.40s pos_err=0.086m T=20.25N z=5.464 m_est=2.064
[INFO] [1789409556.264264618] [acados_nmpc_node]: [attach-window] t=88.46s pos_err=0.094m T=20.51N z=5.481 m_est=2.064
[INFO] [1789409556.308994355] [acados_nmpc_node]: [attach-window] t=88.50s pos_err=0.075m T=20.96N z=5.487 m_est=2.064
[INFO] [1789409556.315982588] [acados_nmpc_node]: [wcmd] raw=[-0.301,-0.235,+0.277] w=[-0.520,-0.883,+0.472] err=[+0.219,+0.648] scaled=[+0.419,+1.900] s=5.00
[INFO] [1789409556.365946757] [acados_nmpc_node]: [attach-window] t=88.56s pos_err=0.079m T=21.19N z=5.500 m_est=2.064
[INFO] [1789409556.409718609] [acados_nmpc_node]: [attach-window] t=88.60s pos_err=0.058m T=21.22N z=5.505 m_est=2.064
[INFO] [1789409556.464185946] [acados_nmpc_node]: [attach-window] t=88.66s pos_err=0.079m T=21.17N z=5.516 m_est=2.064
[INFO] [1789409556.509137111] [acados_nmpc_node]: [attach-window] t=88.70s pos_err=0.052m T=21.15N z=5.522 m_est=2.064
[INFO] [1789409556.515913061] [acados_nmpc_node]: [wcmd] raw=[+0.023,+0.174,+0.205] w=[+0.465,+0.343,+0.489] err=[-0.442,-0.169] scaled=[-1.745,-0.500] s=5.00
[INFO] [1789409556.593904602] [acados_nmpc_node]: [attach-window] t=88.76s pos_err=0.064m T=20.75N z=5.534 m_est=2.064
[INFO] [1789409556.609070313] [acados_nmpc_node]: [attach-window] t=88.80s pos_err=0.037m T=20.77N z=5.541 m_est=2.064
[INFO] [1789409556.664413653] [acados_nmpc_node]: [attach-window] t=88.86s pos_err=0.067m T=20.53N z=5.557 m_est=2.064
[INFO] [1789409556.708911097] [acados_nmpc_node]: [attach-window] t=88.90s pos_err=0.036m T=20.59N z=5.565 m_est=2.064
[INFO] [1789409556.735964950] [acados_nmpc_node]: [wcmd] raw=[+0.056,+0.202,+0.137] w=[-0.432,+0.640,+0.369] err=[+0.489,-0.438] scaled=[+1.900,-1.452] s=5.00
[INFO] [1789409556.765613977] [acados_nmpc_node]: [attach-window] t=88.96s pos_err=0.052m T=20.23N z=5.581 m_est=2.064
[INFO] [1789409556.808611294] [acados_nmpc_node]: [attach-window] t=89.00s pos_err=0.025m T=20.45N z=5.589 m_est=2.064
[INFO] [1789409556.864187434] [acados_nmpc_node]: [attach-window] t=89.06s pos_err=0.059m T=20.11N z=5.608 m_est=2.064
[INFO] [1789409556.908761074] [acados_nmpc_node]: [attach-window] t=89.10s pos_err=0.027m T=20.28N z=5.617 m_est=2.064
[INFO] [1789409556.935931264] [acados_nmpc_node]: [wcmd] raw=[-0.067,-0.124,+0.102] w=[+0.229,-0.466,+0.109] err=[-0.296,+0.341] scaled=[-1.252,+1.241] s=5.00
[INFO] [1789409556.963845341] [acados_nmpc_node]: [attach-window] t=89.16s pos_err=0.046m T=20.27N z=5.633 m_est=2.064
[INFO] [1789409557.008768561] [acados_nmpc_node]: [attach-window] t=89.20s pos_err=0.020m T=20.45N z=5.641 m_est=2.064
[INFO] [1789409557.064551164] [acados_nmpc_node]: [attach-window] t=89.26s pos_err=0.059m T=19.93N z=5.657 m_est=2.064
[INFO] [1789409557.108611289] [acados_nmpc_node]: [attach-window] t=89.30s pos_err=0.027m T=20.32N z=5.664 m_est=2.064
[INFO] [1789409557.135857966] [acados_nmpc_node]: [wcmd] raw=[+0.166,-0.279,+0.104] w=[+0.244,-0.158,+0.133] err=[-0.077,-0.121] scaled=[-0.142,-0.763] s=5.00
[INFO] [1789409557.179215425] [acados_nmpc_node]: [attach-window] t=89.35s pos_err=0.056m T=20.32N z=5.679 m_est=2.064
[INFO] [1789409557.230387080] [acados_nmpc_node]: [attach-window] t=89.40s pos_err=0.024m T=20.60N z=5.686 m_est=2.064
[INFO] [1789409557.261683028] [acados_nmpc_node]: [attach-window] t=89.45s pos_err=0.071m T=20.89N z=5.700 m_est=2.064
[INFO] [1789409557.307766245] [acados_nmpc_node]: [attach-window] t=89.50s pos_err=0.033m T=21.31N z=5.704 m_est=2.064
[INFO] [1789409557.376248716] [acados_nmpc_node]: [attach-window] t=89.55s pos_err=0.061m T=20.84N z=5.713 m_est=2.064
[INFO] [1789409557.376561522] [acados_nmpc_node]: [wcmd] raw=[-0.122,+0.342,+0.058] w=[-0.612,+0.767,+0.295] err=[+0.491,-0.425] scaled=[+1.841,-1.358] s=5.00
[INFO] [1789409557.408035379] [acados_nmpc_node]: [attach-window] t=89.60s pos_err=0.035m T=21.54N z=5.717 m_est=2.064
[INFO] [1789409557.464540786] [acados_nmpc_node]: [attach-window] t=89.66s pos_err=0.065m T=21.15N z=5.728 m_est=2.064
[INFO] [1789409557.509065757] [acados_nmpc_node]: [attach-window] t=89.70s pos_err=0.043m T=21.21N z=5.734 m_est=2.064
[INFO] [1789409557.564750546] [acados_nmpc_node]: [attach-window] t=89.76s pos_err=0.056m T=20.75N z=5.747 m_est=2.064
[INFO] [1789409557.575969546] [acados_nmpc_node]: [wcmd] raw=[+0.135,-0.096,+0.067] w=[+0.560,+0.116,+0.168] err=[-0.424,-0.212] scaled=[-1.562,-0.942] s=5.00
[INFO] [1789409557.609022919] [acados_nmpc_node]: [attach-window] t=89.80s pos_err=0.048m T=20.80N z=5.754 m_est=2.064
[INFO] [1789409557.665047116] [acados_nmpc_node]: [attach-window] t=89.86s pos_err=0.062m T=20.28N z=5.772 m_est=2.064
[INFO] [1789409557.709093864] [acados_nmpc_node]: [attach-window] t=89.90s pos_err=0.049m T=20.49N z=5.781 m_est=2.064
[INFO] [1789409557.765298687] [acados_nmpc_node]: [attach-window] t=89.96s pos_err=0.054m T=20.53N z=5.798 m_est=2.064
[INFO] [1789409557.775942386] [acados_nmpc_node]: [wcmd] raw=[+0.168,-0.405,+0.052] w=[-0.096,-0.869,-0.056] err=[+0.264,+0.464] scaled=[+1.225,+1.451] s=5.00
[INFO] [1789409557.809280339] [acados_nmpc_node]: [attach-window] t=90.00s pos_err=0.059m T=20.22N z=5.807 m_est=2.064
[INFO] [1789409557.864760741] [acados_nmpc_node]: [attach-window] t=90.06s pos_err=0.058m T=20.19N z=5.826 m_est=2.064
[INFO] [1789409557.909011837] [acados_nmpc_node]: [attach-window] t=90.10s pos_err=0.059m T=20.29N z=5.835 m_est=2.064
[INFO] [1789409557.964128567] [acados_nmpc_node]: [attach-window] t=90.16s pos_err=0.054m T=20.20N z=5.852 m_est=2.064
[INFO] [1789409557.975898038] [acados_nmpc_node]: [wcmd] raw=[-0.070,+0.047,+0.020] w=[-0.107,-0.052,+0.021] err=[+0.037,+0.099] scaled=[+0.078,+0.441] s=5.00
[INFO] [1789409558.009003597] [acados_nmpc_node]: [attach-window] t=90.20s pos_err=0.079m T=20.26N z=5.860 m_est=2.064
[INFO] [1789409558.082120206] [acados_nmpc_node]: [attach-window] t=90.26s pos_err=0.056m T=20.12N z=5.879 m_est=2.064
[INFO] [1789409558.108715886] [acados_nmpc_node]: [attach-window] t=90.30s pos_err=0.082m T=20.37N z=5.887 m_est=2.064
[INFO] [1789409558.165791395] [acados_nmpc_node]: [attach-window] t=90.36s pos_err=0.068m T=20.22N z=5.904 m_est=2.064
[INFO] [1789409558.195931270] [acados_nmpc_node]: [wcmd] raw=[+0.090,+0.312,+0.039] w=[+0.533,+0.084,-0.015] err=[-0.444,+0.228] scaled=[-1.685,+1.225] s=5.00
[INFO] [1789409558.209152803] [acados_nmpc_node]: [attach-window] t=90.40s pos_err=0.084m T=20.18N z=5.914 m_est=2.064
[INFO] [1789409558.264002981] [acados_nmpc_node]: [attach-window] t=90.46s pos_err=0.069m T=20.04N z=5.931 m_est=2.064
[INFO] [1789409558.308570023] [acados_nmpc_node]: [attach-window] t=90.50s pos_err=0.107m T=20.29N z=5.940 m_est=2.064
[INFO] [1789409558.362160078] [acados_nmpc_node]: [attach-window] t=90.55s pos_err=0.081m T=20.21N z=5.955 m_est=2.064
[INFO] [1789409558.395946841] [acados_nmpc_node]: [wcmd] raw=[+0.123,-0.244,+0.041] w=[-0.250,-0.025,-0.017] err=[+0.373,-0.219] scaled=[+1.615,-1.119] s=5.00
[INFO] [1789409558.409009228] [acados_nmpc_node]: [attach-window] t=90.60s pos_err=0.128m T=20.40N z=5.963 m_est=2.064
[INFO] [1789409558.463691853] [acados_nmpc_node]: [attach-window] t=90.66s pos_err=0.081m T=20.18N z=5.980 m_est=2.064
[INFO] [1789409558.509130296] [acados_nmpc_node]: [attach-window] t=90.70s pos_err=0.120m T=20.40N z=5.987 m_est=2.064
[INFO] [1789409558.575959627] [acados_nmpc_node]: [attach-window] t=90.76s pos_err=0.079m T=20.18N z=6.004 m_est=2.064
[INFO] [1789409558.608627945] [acados_nmpc_node]: [attach-window] t=90.80s pos_err=0.139m T=20.46N z=6.009 m_est=2.064
[INFO] [1789409558.616003710] [acados_nmpc_node]: [wcmd] raw=[-0.160,+0.081,+0.040] w=[-0.258,+0.223,+0.092] err=[+0.098,-0.142] scaled=[+0.231,-0.487] s=5.00
[INFO] [1789409558.664385337] [acados_nmpc_node]: [attach-window] t=90.86s pos_err=0.091m T=20.38N z=6.024 m_est=2.064
[INFO] [1789409558.709070142] [acados_nmpc_node]: [attach-window] t=90.90s pos_err=0.129m T=20.54N z=6.031 m_est=2.064
[INFO] [1789409558.764681299] [acados_nmpc_node]: [attach-window] t=90.96s pos_err=0.106m T=20.36N z=6.044 m_est=2.064
[INFO] [1789409558.813678737] [acados_nmpc_node]: [attach-window] t=91.00s pos_err=0.147m T=20.34N z=6.051 m_est=2.064
[INFO] [1789409558.815924947] [acados_nmpc_node]: [wcmd] raw=[+0.167,-0.454,-0.030] w=[+0.594,-0.799,-0.032] err=[-0.427,+0.345] scaled=[-1.542,+0.927] s=5.00
[INFO] [1789409558.864417992] [acados_nmpc_node]: [attach-window] t=91.06s pos_err=0.101m T=19.98N z=6.067 m_est=2.064
[INFO] [1789409558.920378084] [acados_nmpc_node]: [attach-window] t=91.10s pos_err=0.140m T=20.06N z=6.074 m_est=2.064
[INFO] [1789409558.920855783] [acados_nmpc_node]: t=91.1s | pos_err=0.140m | T=20.06N | tau=[r-0.500 p-0.183 y-0.075]Nm | res_stat=2.285e-08(peak 2.252e-06) sqp_iter=32 | solve=13.9ms
[INFO] [1789409558.921059438] [acados_nmpc_node]: [flight-diag] t=91.1s | om_scale=5.000(lo 5.000 hi 5.000) | tilt_max=13.58deg | w_max=[r0.720 p1.042 y1.137]rad/s | u_frac=[T0.723 r1.000 p1.000 y0.991] | u_sat=[T0.0 r54.0 p40.0 y1.0]% | mot_peak=1.000 mot_sat=28.1% | health=1 age=0.000s conf=0.040 | n=100
[INFO] [1789409558.964599138] [acados_nmpc_node]: [attach-window] t=91.16s pos_err=0.118m T=20.16N z=6.089 m_est=2.064
[INFO] [1789409559.009079425] [acados_nmpc_node]: [attach-window] t=91.20s pos_err=0.134m T=20.20N z=6.098 m_est=2.064
[INFO] [1789409559.015974304] [acados_nmpc_node]: [wcmd] raw=[-0.055,-0.198,-0.104] w=[-0.499,-0.276,-0.018] err=[+0.444,+0.079] scaled=[+1.723,+0.116] s=5.00
[INFO] [1789409559.064320439] [acados_nmpc_node]: [attach-window] t=91.26s pos_err=0.114m T=20.01N z=6.114 m_est=2.064
[INFO] [1789409559.132525607] [acados_nmpc_node]: [attach-window] t=91.30s pos_err=0.154m T=19.97N z=6.122 m_est=2.064
[INFO] [1789409559.164631661] [acados_nmpc_node]: [attach-window] t=91.36s pos_err=0.133m T=19.89N z=6.138 m_est=2.064
[INFO] [1789409559.208242095] [acados_nmpc_node]: [attach-window] t=91.40s pos_err=0.150m T=19.87N z=6.148 m_est=2.064
[INFO] [1789409559.216108696] [acados_nmpc_node]: [wcmd] raw=[+0.199,+0.106,-0.144] w=[+0.490,+0.678,+0.063] err=[-0.291,-0.573] scaled=[-0.821,-1.900] s=5.00
[INFO] [1789409559.262104835] [acados_nmpc_node]: [attach-window] t=91.45s pos_err=0.126m T=19.95N z=6.163 m_est=2.064
[INFO] [1789409559.308999550] [acados_nmpc_node]: [attach-window] t=91.50s pos_err=0.169m T=20.36N z=6.169 m_est=2.064
[INFO] [1789409559.365496488] [acados_nmpc_node]: [attach-window] t=91.56s pos_err=0.127m T=20.60N z=6.183 m_est=2.064
[INFO] [1789409559.409741993] [acados_nmpc_node]: [attach-window] t=91.60s pos_err=0.188m T=20.28N z=6.188 m_est=2.064
[INFO] [1789409559.415985925] [acados_nmpc_node]: [wcmd] raw=[-0.014,+0.045,-0.163] w=[-0.354,+0.075,-0.133] err=[+0.341,-0.031] scaled=[+1.349,-0.077] s=5.00
[INFO] [1789409559.464406777] [acados_nmpc_node]: [attach-window] t=91.66s pos_err=0.144m T=20.22N z=6.202 m_est=2.064
[INFO] [1789409559.509427124] [acados_nmpc_node]: [attach-window] t=91.70s pos_err=0.182m T=20.20N z=6.208 m_est=2.064
[INFO] [1789409559.565188478] [acados_nmpc_node]: [attach-window] t=91.76s pos_err=0.162m T=20.10N z=6.222 m_est=2.064
[INFO] [1789409559.609500522] [acados_nmpc_node]: [attach-window] t=91.80s pos_err=0.201m T=20.17N z=6.229 m_est=2.064
[INFO] [1789409559.615972503] [acados_nmpc_node]: [wcmd] raw=[-0.126,+0.143,-0.186] w=[-0.032,-0.015,-0.159] err=[-0.094,+0.158] scaled=[-0.502,+0.775] s=5.00
[INFO] [1789409559.663949397] [acados_nmpc_node]: [attach-window] t=91.86s pos_err=0.157m T=20.42N z=6.243 m_est=2.064
[INFO] [1789409559.709383607] [acados_nmpc_node]: [attach-window] t=91.90s pos_err=0.195m T=20.63N z=6.248 m_est=2.064
[INFO] [1789409559.763934745] [acados_nmpc_node]: [attach-window] t=91.96s pos_err=0.173m T=20.54N z=6.259 m_est=2.064
[INFO] [1789409559.809146202] [acados_nmpc_node]: [attach-window] t=92.00s pos_err=0.212m T=20.58N z=6.264 m_est=2.064
[INFO] [1789409559.815923994] [acados_nmpc_node]: [wcmd] raw=[+0.193,-0.109,-0.226] w=[+0.458,-0.662,-0.261] err=[-0.265,+0.553] scaled=[-0.769,+1.900] s=5.00
[INFO] [1789409559.861961959] [acados_nmpc_node]: [attach-window] t=92.05s pos_err=0.165m T=20.35N z=6.277 m_est=2.064
[INFO] [1789409559.908618095] [acados_nmpc_node]: [attach-window] t=92.10s pos_err=0.206m T=20.49N z=6.282 m_est=2.064
[INFO] [1789409559.964461284] [acados_nmpc_node]: [attach-window] t=92.16s pos_err=0.184m T=20.58N z=6.292 m_est=2.064
[INFO] [1789409560.008792013] [acados_nmpc_node]: [attach-window] t=92.20s pos_err=0.222m T=20.76N z=6.297 m_est=2.064
[INFO] [1789409560.015977614] [acados_nmpc_node]: [wcmd] raw=[-0.115,-0.047,-0.275] w=[-0.464,+0.031,-0.182] err=[+0.349,-0.078] scaled=[+1.281,-0.359] s=5.00
[INFO] [1789409560.064624171] [acados_nmpc_node]: [attach-window] t=92.26s pos_err=0.179m T=20.67N z=6.309 m_est=2.064
[INFO] [1789409560.109413721] [acados_nmpc_node]: [attach-window] t=92.30s pos_err=0.215m T=20.54N z=6.314 m_est=2.064
[INFO] [1789409560.164240899] [acados_nmpc_node]: [attach-window] t=92.36s pos_err=0.193m T=20.61N z=6.325 m_est=2.064
[INFO] [1789409560.216897259] [acados_nmpc_node]: [attach-window] t=92.40s pos_err=0.228m T=20.70N z=6.330 m_est=2.064
[INFO] [1789409560.217450628] [acados_nmpc_node]: [wcmd] raw=[+0.202,+0.196,-0.324] w=[+0.580,+0.624,-0.141] err=[-0.378,-0.429] scaled=[-1.310,-1.519] s=5.00
[INFO] [1789409560.265446961] [acados_nmpc_node]: [attach-window] t=92.46s pos_err=0.184m T=20.74N z=6.342 m_est=2.064
[INFO] [1789409560.308888381] [acados_nmpc_node]: [attach-window] t=92.50s pos_err=0.215m T=21.49N z=6.346 m_est=2.064
[INFO] [1789409560.364858795] [acados_nmpc_node]: [attach-window] t=92.56s pos_err=0.192m T=21.67N z=6.352 m_est=2.064
[INFO] [1789409560.409193975] [acados_nmpc_node]: [attach-window] t=92.60s pos_err=0.222m T=21.62N z=6.355 m_est=2.064
[INFO] [1789409560.415943134] [acados_nmpc_node]: [wcmd] raw=[+0.013,-0.165,-0.403] w=[-0.359,-0.433,-0.431] err=[+0.372,+0.268] scaled=[+1.501,+0.905] s=5.00
[INFO] [1789409560.464010728] [acados_nmpc_node]: [attach-window] t=92.66s pos_err=0.177m T=21.45N z=6.362 m_est=2.064
[INFO] [1789409560.509341569] [acados_nmpc_node]: [attach-window] t=92.70s pos_err=0.204m T=21.33N z=6.366 m_est=2.064
[INFO] [1789409560.565017289] [acados_nmpc_node]: [attach-window] t=92.76s pos_err=0.179m T=21.02N z=6.376 m_est=2.064
[INFO] [1789409560.609660758] [acados_nmpc_node]: [attach-window] t=92.80s pos_err=0.185m T=21.45N z=6.381 m_est=2.064
[INFO] [1789409560.615930061] [acados_nmpc_node]: [wcmd] raw=[-0.069,-0.279,-0.467] w=[+0.094,-0.899,-0.573] err=[-0.163,+0.620] scaled=[-0.642,+1.900] s=5.00
[INFO] [1789409560.664781414] [acados_nmpc_node]: [attach-window] t=92.86s pos_err=0.163m T=21.75N z=6.390 m_est=2.064
[INFO] [1789409560.709351765] [acados_nmpc_node]: [attach-window] t=92.90s pos_err=0.186m T=21.47N z=6.394 m_est=2.064
[INFO] [1789409560.764542620] [acados_nmpc_node]: [attach-window] t=92.96s pos_err=0.164m T=21.21N z=6.404 m_est=2.064
[INFO] [1789409560.809122963] [acados_nmpc_node]: [attach-window] t=93.00s pos_err=0.187m T=21.08N z=6.410 m_est=2.064
[INFO] [1789409560.815914935] [acados_nmpc_node]: [wcmd] raw=[+0.102,+0.080,-0.529] w=[+0.085,+0.182,-0.385] err=[+0.017,-0.102] scaled=[+0.170,-0.327] s=5.00
[INFO] [1789409560.864618734] [acados_nmpc_node]: [attach-window] t=93.06s pos_err=0.153m T=20.79N z=6.424 m_est=2.064
[INFO] [1789409560.909492216] [acados_nmpc_node]: [attach-window] t=93.10s pos_err=0.174m T=20.75N z=6.431 m_est=2.064
[INFO] [1789409560.964304486] [acados_nmpc_node]: [attach-window] t=93.16s pos_err=0.157m T=20.62N z=6.444 m_est=2.064
[INFO] [1789409561.011777217] [acados_nmpc_node]: [attach-window] t=93.20s pos_err=0.178m T=20.64N z=6.451 m_est=2.064
[INFO] [1789409561.015916315] [acados_nmpc_node]: [wcmd] raw=[-0.067,+0.234,-0.666] w=[-0.450,+0.773,-0.325] err=[+0.383,-0.539] scaled=[+1.451,-1.900] s=5.00
[INFO] [1789409561.107125993] [acados_nmpc_node]: [attach-window] t=93.26s pos_err=0.148m T=20.34N z=6.465 m_est=2.064
[INFO] [1789409561.110797656] [acados_nmpc_node]: [attach-window] t=93.30s pos_err=0.229m T=20.66N z=6.465 m_est=2.064
[INFO] [1789409561.165253897] [acados_nmpc_node]: [attach-window] t=93.36s pos_err=0.149m T=21.01N z=6.483 m_est=2.064
[INFO] [1789409561.209261909] [acados_nmpc_node]: [attach-window] t=93.40s pos_err=0.167m T=20.62N z=6.489 m_est=2.064
[INFO] [1789409561.265364875] [acados_nmpc_node]: [attach-window] t=93.46s pos_err=0.138m T=20.65N z=6.501 m_est=2.064
[INFO] [1789409561.265823689] [acados_nmpc_node]: [wcmd] raw=[+0.132,+0.204,-0.880] w=[+0.458,+0.362,-0.523] err=[-0.327,-0.158] scaled=[-1.175,-0.427] s=5.00
[INFO] [1789409561.309018661] [acados_nmpc_node]: [attach-window] t=93.50s pos_err=0.153m T=20.75N z=6.507 m_est=2.064
[INFO] [1789409561.364602505] [acados_nmpc_node]: [attach-window] t=93.56s pos_err=0.136m T=20.73N z=6.518 m_est=2.064
[INFO] [1789409561.409155130] [acados_nmpc_node]: [attach-window] t=93.60s pos_err=0.152m T=20.73N z=6.524 m_est=2.064
[INFO] [1789409561.464964169] [acados_nmpc_node]: [attach-window] t=93.66s pos_err=0.123m T=20.82N z=6.537 m_est=2.064
[INFO] [1789409561.465395068] [acados_nmpc_node]: [wcmd] raw=[+0.167,+0.012,-1.036] w=[-0.127,-0.389,-0.852] err=[+0.294,+0.401] scaled=[+1.341,+1.614] s=5.00
[INFO] [1789409561.508770070] [acados_nmpc_node]: [attach-window] t=93.70s pos_err=0.139m T=21.35N z=6.541 m_est=2.064
[INFO] [1789409561.565926737] [acados_nmpc_node]: [attach-window] t=93.76s pos_err=0.123m T=21.21N z=6.548 m_est=2.064
[INFO] [1789409561.609644829] [acados_nmpc_node]: [attach-window] t=93.80s pos_err=0.140m T=21.96N z=6.550 m_est=2.064
[INFO] [1789409561.664086223] [acados_nmpc_node]: [attach-window] t=93.86s pos_err=0.114m T=22.35N z=6.553 m_est=2.064
[INFO] [1789409561.664516378] [acados_nmpc_node]: [wcmd] raw=[-0.139,-0.362,-1.094] w=[-0.148,-0.150,-1.030] err=[+0.009,-0.212] scaled=[-0.101,-1.210] s=5.00
[INFO] [1789409561.708730729] [acados_nmpc_node]: [attach-window] t=93.90s pos_err=0.131m T=22.43N z=6.554 m_est=2.064
[INFO] [1789409561.764520694] [acados_nmpc_node]: [attach-window] t=93.96s pos_err=0.117m T=22.06N z=6.557 m_est=2.064
[INFO] [1789409561.808955585] [acados_nmpc_node]: [attach-window] t=94.00s pos_err=0.132m T=21.83N z=6.560 m_est=2.064
[INFO] [1789409561.864582813] [acados_nmpc_node]: [attach-window] t=94.06s pos_err=0.106m T=21.45N z=6.568 m_est=2.064
[INFO] [1789409561.865006743] [acados_nmpc_node]: [wcmd] raw=[+0.271,-0.022,-0.994] w=[+0.591,+0.212,-1.045] err=[-0.319,-0.234] scaled=[-1.005,-0.959] s=5.00
[INFO] [1789409561.909454441] [acados_nmpc_node]: [attach-window] t=94.10s pos_err=0.119m T=21.04N z=6.573 m_est=2.064
[INFO] [1789409561.964664906] [acados_nmpc_node]: [attach-window] t=94.16s pos_err=0.103m T=21.26N z=6.581 m_est=2.064
[INFO] [1789409562.008844783] [acados_nmpc_node]: [attach-window] t=94.20s pos_err=0.117m T=21.85N z=6.585 m_est=2.064
[INFO] [1789409562.083243363] [acados_nmpc_node]: [attach-window] t=94.26s pos_err=0.094m T=21.76N z=6.594 m_est=2.064
[INFO] [1789409562.083676690] [acados_nmpc_node]: [wcmd] raw=[-0.062,-0.410,-0.823] w=[-0.577,-0.945,-1.257] err=[+0.515,+0.535] scaled=[+1.900,+1.628] s=5.00
[INFO] [1789409562.109034004] [acados_nmpc_node]: [attach-window] t=94.30s pos_err=0.105m T=21.32N z=6.598 m_est=2.064
[INFO] [1789409562.164882824] [acados_nmpc_node]: [attach-window] t=94.36s pos_err=0.091m T=20.79N z=6.610 m_est=2.064
[INFO] [1789409562.209017893] [acados_nmpc_node]: [attach-window] t=94.40s pos_err=0.100m T=20.74N z=6.616 m_est=2.064
[INFO] [1789409562.264969276] [acados_nmpc_node]: [attach-window] t=94.46s pos_err=0.077m T=20.11N z=6.631 m_est=2.064
[INFO] [1789409562.275954545] [acados_nmpc_node]: [wcmd] raw=[+0.176,-0.196,-0.630] w=[+0.555,-0.210,-1.031] err=[-0.379,+0.014] scaled=[-1.341,-0.140] s=5.00
[INFO] [1789409562.309209208] [acados_nmpc_node]: [attach-window] t=94.50s pos_err=0.085m T=20.28N z=6.639 m_est=2.064
[INFO] [1789409562.365450401] [acados_nmpc_node]: [attach-window] t=94.56s pos_err=0.070m T=20.10N z=6.654 m_est=2.064
[INFO] [1789409562.408843081] [acados_nmpc_node]: [attach-window] t=94.60s pos_err=0.082m T=20.17N z=6.660 m_est=2.064
[INFO] [1789409562.465586456] [acados_nmpc_node]: [attach-window] t=94.66s pos_err=0.060m T=19.86N z=6.675 m_est=2.064
[INFO] [1789409562.475942877] [acados_nmpc_node]: [wcmd] raw=[+0.001,+0.434,-0.422] w=[-0.383,+0.837,-0.655] err=[+0.384,-0.403] scaled=[+1.536,-1.180] s=5.00
[INFO] [1789409562.508994443] [acados_nmpc_node]: [attach-window] t=94.70s pos_err=0.072m T=20.08N z=6.681 m_est=2.064
[INFO] [1789409562.565130597] [acados_nmpc_node]: [attach-window] t=94.76s pos_err=0.062m T=20.11N z=6.693 m_est=2.064
[INFO] [1789409562.609284530] [acados_nmpc_node]: [attach-window] t=94.80s pos_err=0.079m T=20.21N z=6.699 m_est=2.064
[INFO] [1789409562.665115487] [acados_nmpc_node]: [attach-window] t=94.86s pos_err=0.060m T=20.14N z=6.710 m_est=2.064
[INFO] [1789409562.675961529] [acados_nmpc_node]: [wcmd] raw=[-0.223,-0.031,-0.286] w=[-0.091,-0.240,-0.633] err=[-0.131,+0.209] scaled=[-0.748,+0.805] s=5.00
[INFO] [1789409562.707888022] [acados_nmpc_node]: [attach-window] t=94.90s pos_err=0.076m T=20.33N z=6.714 m_est=2.064
[INFO] [1789409562.765025576] [acados_nmpc_node]: [attach-window] t=94.96s pos_err=0.065m T=20.12N z=6.723 m_est=2.064
[INFO] [1789409562.809168093] [acados_nmpc_node]: [attach-window] t=95.00s pos_err=0.086m T=20.70N z=6.726 m_est=2.064
[INFO] [1789409562.878419112] [acados_nmpc_node]: [attach-window] t=95.06s pos_err=0.063m T=20.64N z=6.732 m_est=2.064
[INFO] [1789409562.895982556] [acados_nmpc_node]: [wcmd] raw=[+0.095,-0.065,-0.202] w=[+0.526,-0.171,-0.382] err=[-0.430,+0.106] scaled=[-1.626,+0.358] s=5.00
[INFO] [1789409562.909087192] [acados_nmpc_node]: [attach-window] t=95.10s pos_err=0.083m T=20.49N z=6.735 m_est=2.064
[INFO] [1789409562.976060217] [acados_nmpc_node]: [attach-window] t=95.16s pos_err=0.071m T=20.09N z=6.741 m_est=2.064
[INFO] [1789409563.009345859] [acados_nmpc_node]: [attach-window] t=95.20s pos_err=0.093m T=20.31N z=6.744 m_est=2.064
[INFO] [1789409563.090752536] [acados_nmpc_node]: [attach-window] t=95.26s pos_err=0.066m T=20.17N z=6.752 m_est=2.064
[INFO] [1789409563.108944336] [acados_nmpc_node]: [attach-window] t=95.30s pos_err=0.086m T=20.32N z=6.756 m_est=2.064
[INFO] [1789409563.135978054] [acados_nmpc_node]: [wcmd] raw=[+0.105,-0.150,-0.210] w=[-0.364,-0.881,-0.418] err=[+0.469,+0.731] scaled=[+1.420,+1.900] s=5.00
[INFO] [1789409563.165463571] [acados_nmpc_node]: [attach-window] t=95.36s pos_err=0.060m T=20.64N z=6.763 m_est=2.064
[INFO] [1789409563.209235740] [acados_nmpc_node]: [attach-window] t=95.40s pos_err=0.095m T=20.23N z=6.764 m_est=2.064
[INFO] [1789409563.264641551] [acados_nmpc_node]: [attach-window] t=95.46s pos_err=0.064m T=20.23N z=6.769 m_est=2.064
[INFO] [1789409563.309029339] [acados_nmpc_node]: [attach-window] t=95.50s pos_err=0.088m T=20.30N z=6.771 m_est=2.064
[INFO] [1789409563.335978716] [acados_nmpc_node]: [wcmd] raw=[-0.054,+0.091,-0.214] w=[+0.283,+0.331,-0.162] err=[-0.337,-0.239] scaled=[-1.403,-0.867] s=5.00
[INFO] [1789409563.363969141] [acados_nmpc_node]: [attach-window] t=95.56s pos_err=0.072m T=20.29N z=6.775 m_est=2.064
[INFO] [1789409563.408920553] [acados_nmpc_node]: [attach-window] t=95.60s pos_err=0.101m T=20.39N z=6.776 m_est=2.064
[INFO] [1789409563.464803402] [acados_nmpc_node]: [attach-window] t=95.66s pos_err=0.069m T=20.28N z=6.780 m_est=2.064
[INFO] [1789409563.524997617] [acados_nmpc_node]: [attach-window] t=95.70s pos_err=0.099m T=20.34N z=6.782 m_est=2.064
[INFO] [1789409563.535959552] [acados_nmpc_node]: [wcmd] raw=[+0.163,+0.076,-0.229] w=[+0.042,+0.723,-0.113] err=[+0.121,-0.647] scaled=[+0.531,-1.900] s=5.00
[INFO] [1789409563.593210107] [acados_nmpc_node]: [attach-window] t=95.76s pos_err=0.083m T=19.76N z=6.786 m_est=2.064
[INFO] [1789409563.609077847] [acados_nmpc_node]: [attach-window] t=95.80s pos_err=0.115m T=20.02N z=6.788 m_est=2.064
[INFO] [1789409563.664906707] [acados_nmpc_node]: [attach-window] t=95.86s pos_err=0.080m T=19.71N z=6.794 m_est=2.064
[INFO] [1789409563.709036731] [acados_nmpc_node]: [attach-window] t=95.90s pos_err=0.111m T=19.95N z=6.797 m_est=2.064
[INFO] [1789409563.764516945] [acados_nmpc_node]: [attach-window] t=95.96s pos_err=0.093m T=20.01N z=6.801 m_est=2.064
[INFO] [1789409563.764953147] [acados_nmpc_node]: [wcmd] raw=[-0.244,-0.141,-0.238] w=[-0.486,+0.171,-0.180] err=[+0.241,-0.312] scaled=[+0.720,-1.389] s=5.00
[INFO] [1789409563.809071052] [acados_nmpc_node]: [attach-window] t=96.00s pos_err=0.125m T=20.18N z=6.802 m_est=2.064
[INFO] [1789409563.861931057] [acados_nmpc_node]: [attach-window] t=96.05s pos_err=0.083m T=19.84N z=6.804 m_est=2.064
[INFO] [1789409563.925403493] [acados_nmpc_node]: [attach-window] t=96.10s pos_err=0.117m T=20.07N z=6.805 m_est=2.064
[INFO] [1789409563.925891610] [acados_nmpc_node]: t=96.1s | pos_err=0.117m | T=20.07N | tau=[r-0.024 p0.500 y0.010]Nm | res_stat=9.598e-07(peak 2.252e-06) sqp_iter=43 | solve=18.9ms
[INFO] [1789409563.926098272] [acados_nmpc_node]: [flight-diag] t=96.1s | om_scale=5.000(lo 5.000 hi 5.000) | tilt_max=13.08deg | w_max=[r0.659 p1.043 y1.257]rad/s | u_frac=[T0.715 r1.000 p1.000 y0.990] | u_sat=[T0.0 r47.0 p56.0 y1.0]% | mot_peak=1.000 mot_sat=28.5% | health=1 age=0.000s conf=0.011 | n=100
[INFO] [1789409563.965661598] [acados_nmpc_node]: [attach-window] t=96.16s pos_err=0.099m T=20.13N z=6.807 m_est=2.064
[INFO] [1789409563.966072907] [acados_nmpc_node]: [wcmd] raw=[+0.161,-0.626,-0.308] w=[+0.485,-1.009,-0.329] err=[-0.324,+0.383] scaled=[-1.135,+0.906] s=5.00
[INFO] [1789409564.009133519] [acados_nmpc_node]: [attach-window] t=96.20s pos_err=0.131m T=19.43N z=6.809 m_est=2.064
[INFO] [1789409564.064450267] [acados_nmpc_node]: [attach-window] t=96.26s pos_err=0.095m T=19.56N z=6.811 m_est=2.064
[INFO] [1789409564.108584744] [acados_nmpc_node]: [attach-window] t=96.30s pos_err=0.125m T=19.76N z=6.812 m_est=2.064
[INFO] [1789409564.164689940] [acados_nmpc_node]: [attach-window] t=96.36s pos_err=0.109m T=19.97N z=6.813 m_est=2.064
[INFO] [1789409564.165108390] [acados_nmpc_node]: [wcmd] raw=[-0.243,+0.004,-0.306] w=[-0.656,-0.031,-0.204] err=[+0.413,+0.034] scaled=[+1.411,+0.141] s=5.00
[INFO] [1789409564.209041864] [acados_nmpc_node]: [attach-window] t=96.40s pos_err=0.140m T=19.93N z=6.814 m_est=2.064
[INFO] [1789409564.264028204] [acados_nmpc_node]: [attach-window] t=96.46s pos_err=0.106m T=19.90N z=6.814 m_est=2.064
[INFO] [1789409564.309136722] [acados_nmpc_node]: [attach-window] t=96.50s pos_err=0.136m T=19.92N z=6.814 m_est=2.064
[INFO] [1789409564.365656723] [acados_nmpc_node]: [attach-window] t=96.56s pos_err=0.119m T=19.94N z=6.813 m_est=2.064
[INFO] [1789409564.366076638] [acados_nmpc_node]: [wcmd] raw=[+0.160,+0.279,-0.320] w=[+0.492,+0.653,-0.165] err=[-0.332,-0.374] scaled=[-1.167,-1.216] s=5.00
[INFO] [1789409564.408762096] [acados_nmpc_node]: [attach-window] t=96.60s pos_err=0.149m T=20.79N z=6.811 m_est=2.064
[INFO] [1789409564.464755750] [acados_nmpc_node]: [attach-window] t=96.66s pos_err=0.113m T=20.98N z=6.804 m_est=2.064
[INFO] [1789409564.509348882] [acados_nmpc_node]: [attach-window] t=96.70s pos_err=0.141m T=21.01N z=6.800 m_est=2.064
[INFO] [1789409564.564562675] [acados_nmpc_node]: [attach-window] t=96.76s pos_err=0.121m T=20.77N z=6.794 m_est=2.064
[INFO] [1789409564.565007318] [acados_nmpc_node]: [wcmd] raw=[+0.132,-0.182,-0.344] w=[-0.084,+0.140,-0.314] err=[+0.216,-0.323] scaled=[+0.997,-1.474] s=5.00
[INFO] [1789409564.609276919] [acados_nmpc_node]: [attach-window] t=96.80s pos_err=0.149m T=20.75N z=6.791 m_est=2.064
[INFO] [1789409564.664688585] [acados_nmpc_node]: [attach-window] t=96.86s pos_err=0.110m T=20.26N z=6.786 m_est=2.064
[INFO] [1789409564.709393030] [acados_nmpc_node]: [attach-window] t=96.90s pos_err=0.137m T=20.46N z=6.784 m_est=2.064
[INFO] [1789409564.764796084] [acados_nmpc_node]: [attach-window] t=96.96s pos_err=0.118m T=20.26N z=6.781 m_est=2.064
[INFO] [1789409564.765215947] [acados_nmpc_node]: [wcmd] raw=[-0.178,-0.286,-0.336] w=[-0.161,-0.666,-0.442] err=[-0.017,+0.379] scaled=[-0.245,+1.230] s=5.00
[INFO] [1789409564.808755800] [acados_nmpc_node]: [attach-window] t=97.00s pos_err=0.145m T=20.19N z=6.780 m_est=2.064
[INFO] [1789409564.865342454] [acados_nmpc_node]: [attach-window] t=97.06s pos_err=0.110m T=20.05N z=6.777 m_est=2.064
[INFO] [1789409564.909099387] [acados_nmpc_node]: [attach-window] t=97.10s pos_err=0.136m T=20.12N z=6.776 m_est=2.064
[INFO] [1789409564.962457166] [acados_nmpc_node]: [attach-window] t=97.15s pos_err=0.117m T=20.19N z=6.774 m_est=2.064
[INFO] [1789409564.962784531] [acados_nmpc_node]: [wcmd] raw=[+0.038,-0.142,-0.377] w=[+0.324,-0.381,-0.352] err=[-0.286,+0.239] scaled=[-1.105,+0.812] s=5.00
[INFO] [1789409565.008189797] [acados_nmpc_node]: [attach-window] t=97.20s pos_err=0.146m T=20.22N z=6.772 m_est=2.064
[INFO] [1789409565.061646059] [acados_nmpc_node]: [attach-window] t=97.25s pos_err=0.114m T=20.22N z=6.768 m_est=2.064
[INFO] [1789409565.108136737] [acados_nmpc_node]: [attach-window] t=97.30s pos_err=0.141m T=20.22N z=6.766 m_est=2.064
[INFO] [1789409565.164873358] [acados_nmpc_node]: [attach-window] t=97.36s pos_err=0.125m T=19.89N z=6.761 m_est=2.064
[INFO] [1789409565.165297961] [acados_nmpc_node]: [wcmd] raw=[-0.126,+0.024,-0.452] w=[-0.550,+0.382,-0.234] err=[+0.424,-0.358] scaled=[+1.568,-1.406] s=5.00
[INFO] [1789409565.209748047] [acados_nmpc_node]: [attach-window] t=97.40s pos_err=0.149m T=20.01N z=6.760 m_est=2.064
[INFO] [1789409565.264547164] [acados_nmpc_node]: [attach-window] t=97.46s pos_err=0.121m T=20.16N z=6.756 m_est=2.064
[INFO] [1789409565.309184283] [acados_nmpc_node]: [attach-window] t=97.50s pos_err=0.142m T=20.07N z=6.754 m_est=2.064
[INFO] [1789409565.364919471] [acados_nmpc_node]: [attach-window] t=97.56s pos_err=0.127m T=19.84N z=6.749 m_est=2.064
[INFO] [1789409565.365351349] [acados_nmpc_node]: [wcmd] raw=[+0.268,+0.121,-0.544] w=[+0.589,+0.468,-0.294] err=[-0.322,-0.347] scaled=[-1.020,-1.265] s=5.00
[INFO] [1789409565.409627088] [acados_nmpc_node]: [attach-window] t=97.60s pos_err=0.147m T=20.07N z=6.746 m_est=2.064
[INFO] [1789409565.464153191] [acados_nmpc_node]: [attach-window] t=97.66s pos_err=0.119m T=20.33N z=6.740 m_est=2.064
[INFO] [1789409565.508999003] [acados_nmpc_node]: [attach-window] t=97.70s pos_err=0.138m T=20.52N z=6.736 m_est=2.064
[INFO] [1789409565.564754852] [acados_nmpc_node]: [attach-window] t=97.76s pos_err=0.124m T=20.51N z=6.728 m_est=2.064
[INFO] [1789409565.565185464] [acados_nmpc_node]: [wcmd] raw=[+0.088,+0.122,-0.644] w=[-0.061,-0.246,-0.527] err=[+0.148,+0.369] scaled=[+0.681,+1.596] s=5.00
[INFO] [1789409565.609501836] [acados_nmpc_node]: [attach-window] t=97.80s pos_err=0.129m T=20.64N z=6.723 m_est=2.064
[INFO] [1789409565.666646219] [acados_nmpc_node]: [attach-window] t=97.86s pos_err=0.117m T=20.61N z=6.713 m_est=2.064
[INFO] [1789409565.709848976] [acados_nmpc_node]: [attach-window] t=97.90s pos_err=0.133m T=21.36N z=6.707 m_est=2.064
[INFO] [1789409565.764450958] [acados_nmpc_node]: [attach-window] t=97.96s pos_err=0.121m T=21.78N z=6.691 m_est=2.064
[INFO] [1789409565.764874085] [acados_nmpc_node]: [wcmd] raw=[-0.091,-0.337,-0.770] w=[-0.265,-0.388,-0.692] err=[+0.174,+0.051] scaled=[+0.605,-0.134] s=5.00
[INFO] [1789409565.809153642] [acados_nmpc_node]: [attach-window] t=98.00s pos_err=0.125m T=21.77N z=6.682 m_est=2.064
[INFO] [1789409565.861725347] [acados_nmpc_node]: [attach-window] t=98.05s pos_err=0.114m T=21.56N z=6.667 m_est=2.064
[INFO] [1789409565.909055121] [acados_nmpc_node]: [attach-window] t=98.10s pos_err=0.127m T=21.43N z=6.661 m_est=2.064
[INFO] [1789409565.964822215] [acados_nmpc_node]: [attach-window] t=98.16s pos_err=0.116m T=21.13N z=6.650 m_est=2.064
[INFO] [1789409565.965273235] [acados_nmpc_node]: [wcmd] raw=[+0.346,-0.139,-0.843] w=[+0.667,+0.139,-0.682] err=[-0.321,-0.277] scaled=[-0.938,-1.248] s=5.00
[INFO] [1789409566.009794024] [acados_nmpc_node]: [attach-window] t=98.20s pos_err=0.126m T=21.10N z=6.645 m_est=2.064
[INFO] [1789409566.065216236] [acados_nmpc_node]: [attach-window] t=98.26s pos_err=0.109m T=21.08N z=6.635 m_est=2.064
[INFO] [1789409566.109134956] [acados_nmpc_node]: [attach-window] t=98.30s pos_err=0.116m T=21.06N z=6.631 m_est=2.064
[INFO] [1789409566.164995243] [acados_nmpc_node]: [attach-window] t=98.36s pos_err=0.108m T=20.75N z=6.624 m_est=2.064
[INFO] [1789409566.165448205] [acados_nmpc_node]: [wcmd] raw=[-0.034,+0.111,-0.912] w=[-0.431,+0.040,-0.779] err=[+0.397,+0.072] scaled=[+1.555,+0.398] s=5.00
[INFO] [1789409566.209150410] [acados_nmpc_node]: [attach-window] t=98.40s pos_err=0.115m T=20.60N z=6.621 m_est=2.064
[INFO] [1789409566.262638019] [acados_nmpc_node]: [attach-window] t=98.45s pos_err=0.103m T=20.18N z=6.615 m_est=2.064
[INFO] [1789409566.308544369] [acados_nmpc_node]: [attach-window] t=98.50s pos_err=0.106m T=20.20N z=6.613 m_est=2.064
[INFO] [1789409566.364925077] [acados_nmpc_node]: [attach-window] t=98.56s pos_err=0.101m T=20.17N z=6.609 m_est=2.064
[INFO] [1789409566.365369798] [acados_nmpc_node]: [wcmd] raw=[-0.060,-0.355,-1.006] w=[+0.118,-0.709,-0.987] err=[-0.178,+0.354] scaled=[-0.771,+1.061] s=5.00
[INFO] [1789409566.409301714] [acados_nmpc_node]: [attach-window] t=98.60s pos_err=0.104m T=20.18N z=6.607 m_est=2.064
[INFO] [1789409566.464740656] [acados_nmpc_node]: [attach-window] t=98.66s pos_err=0.097m T=20.21N z=6.602 m_est=2.064
[INFO] [1789409566.509061625] [acados_nmpc_node]: [attach-window] t=98.70s pos_err=0.096m T=20.18N z=6.599 m_est=2.064
[INFO] [1789409566.564303098] [acados_nmpc_node]: [attach-window] t=98.76s pos_err=0.092m T=20.07N z=6.594 m_est=2.064
[INFO] [1789409566.564731169] [acados_nmpc_node]: [wcmd] raw=[+0.151,-0.230,-1.011] w=[+0.346,-0.131,-0.939] err=[-0.195,-0.100] scaled=[-0.627,-0.630] s=5.00
[INFO] [1789409566.609179945] [acados_nmpc_node]: [attach-window] t=98.80s pos_err=0.091m T=20.10N z=6.592 m_est=2.064
[INFO] [1789409566.664989139] [acados_nmpc_node]: [attach-window] t=98.86s pos_err=0.089m T=20.22N z=6.585 m_est=2.064
[INFO] [1789409566.708977633] [acados_nmpc_node]: [attach-window] t=98.90s pos_err=0.084m T=20.69N z=6.581 m_est=2.064
[INFO] [1789409566.764554474] [acados_nmpc_node]: [attach-window] t=98.96s pos_err=0.082m T=20.93N z=6.570 m_est=2.064
[INFO] [1789409566.764970858] [acados_nmpc_node]: [wcmd] raw=[-0.101,+0.179,-0.925] w=[-0.423,+0.515,-0.838] err=[+0.322,-0.336] scaled=[+1.188,-1.164] s=5.00
[INFO] [1789409566.808983787] [acados_nmpc_node]: [attach-window] t=99.00s pos_err=0.078m T=20.92N z=6.565 m_est=2.064
[INFO] [1789409566.864335848] [acados_nmpc_node]: [attach-window] t=99.06s pos_err=0.078m T=20.67N z=6.554 m_est=2.064
[INFO] [1789409566.908946507] [acados_nmpc_node]: [attach-window] t=99.10s pos_err=0.072m T=20.53N z=6.550 m_est=2.064
[INFO] [1789409566.965169323] [acados_nmpc_node]: [attach-window] t=99.16s pos_err=0.071m T=20.35N z=6.541 m_est=2.064
[INFO] [1789409566.965593508] [acados_nmpc_node]: [wcmd] raw=[+0.213,+0.214,-0.821] w=[+0.554,+0.364,-0.886] err=[-0.342,-0.151] scaled=[-1.153,-0.389] s=5.00
[INFO] [1789409567.008251497] [acados_nmpc_node]: [attach-window] t=99.20s pos_err=0.069m T=20.55N z=6.537 m_est=2.064
[INFO] [1789409567.062337349] [acados_nmpc_node]: [attach-window] t=99.25s pos_err=0.069m T=20.28N z=6.528 m_est=2.064
[INFO] [1789409567.121289252] [acados_nmpc_node]: [attach-window] t=99.30s pos_err=0.064m T=20.40N z=6.524 m_est=2.064
[INFO] [1789409567.162967584] [acados_nmpc_node]: [attach-window] t=99.35s pos_err=0.061m T=20.21N z=6.517 m_est=2.064
[INFO] [1789409567.163302057] [acados_nmpc_node]: [wcmd] raw=[+0.126,-0.599,-0.664] w=[-0.285,-0.937,-1.079] err=[+0.410,+0.338] scaled=[+1.767,+0.754] s=5.00
[INFO] [1789409567.208695194] [acados_nmpc_node]: [attach-window] t=99.40s pos_err=0.062m T=19.94N z=6.513 m_est=2.064
[INFO] [1789409567.262036052] [acados_nmpc_node]: [attach-window] t=99.45s pos_err=0.058m T=20.27N z=6.503 m_est=2.064
[INFO] [1789409567.308166022] [acados_nmpc_node]: [attach-window] t=99.50s pos_err=0.056m T=20.37N z=6.499 m_est=2.064
[INFO] [1789409567.361913583] [acados_nmpc_node]: [attach-window] t=99.55s pos_err=0.051m T=20.66N z=6.488 m_est=2.064
[INFO] [1789409567.362232209] [acados_nmpc_node]: [wcmd] raw=[-0.248,+0.033,-0.451] w=[-0.092,+0.223,-0.786] err=[-0.155,-0.190] scaled=[-0.869,-0.725] s=5.00
[INFO] [1789409567.408013699] [acados_nmpc_node]: [attach-window] t=99.60s pos_err=0.058m T=20.84N z=6.482 m_est=2.064
[INFO] [1789409567.462193851] [acados_nmpc_node]: [attach-window] t=99.65s pos_err=0.046m T=20.85N z=6.468 m_est=2.064
[INFO] [1789409567.508026634] [acados_nmpc_node]: [attach-window] t=99.70s pos_err=0.053m T=20.73N z=6.462 m_est=2.064
[INFO] [1789409567.572238394] [acados_nmpc_node]: [attach-window] t=99.75s pos_err=0.042m T=20.68N z=6.450 m_est=2.064
[INFO] [1789409567.572578580] [acados_nmpc_node]: [wcmd] raw=[+0.121,+0.030,-0.238] w=[+0.251,+0.443,-0.579] err=[-0.130,-0.413] scaled=[-0.398,-1.622] s=5.00
[INFO] [1789409567.608142792] [acados_nmpc_node]: [attach-window] t=99.80s pos_err=0.060m T=20.82N z=6.445 m_est=2.064
[INFO] [1789409567.664205981] [acados_nmpc_node]: [attach-window] t=99.86s pos_err=0.037m T=20.61N z=6.431 m_est=2.064
[INFO] [1789409567.709350951] [acados_nmpc_node]: [attach-window] t=99.90s pos_err=0.051m T=20.82N z=6.425 m_est=2.064
[INFO] [1789409567.765149499] [acados_nmpc_node]: [attach-window] t=99.96s pos_err=0.036m T=20.77N z=6.414 m_est=2.064
[INFO] [1789409567.765566052] [acados_nmpc_node]: [wcmd] raw=[-0.122,-0.343,-0.117] w=[-0.439,-0.721,-0.600] err=[+0.317,+0.378] scaled=[+1.144,+1.169] s=5.00
[INFO] [1789409567.809181665] [acados_nmpc_node]: [attach-window] t=100.00s pos_err=0.060m T=20.81N z=6.408 m_est=2.064
[INFO] [1789409567.864716557] [acados_nmpc_node]: [attach-window] t=100.06s pos_err=0.028m T=20.75N z=6.393 m_est=2.064
[INFO] [1789409567.908632084] [acados_nmpc_node]: [attach-window] t=100.10s pos_err=0.049m T=20.94N z=6.387 m_est=2.064
[INFO] [1789409567.965426902] [acados_nmpc_node]: [attach-window] t=100.16s pos_err=0.030m T=20.60N z=6.374 m_est=2.064
[INFO] [1789409567.965869586] [acados_nmpc_node]: [wcmd] raw=[+0.374,-0.152,-0.025] w=[+0.704,-0.307,-0.279] err=[-0.330,+0.155] scaled=[-0.944,+0.467] s=5.00
[INFO] [1789409568.009101818] [acados_nmpc_node]: [attach-window] t=100.20s pos_err=0.039m T=20.54N z=6.367 m_est=2.064
[INFO] [1789409568.062002565] [acados_nmpc_node]: [attach-window] t=100.25s pos_err=0.020m T=20.53N z=6.356 m_est=2.064
[INFO] [1789409568.109049599] [acados_nmpc_node]: [attach-window] t=100.30s pos_err=0.050m T=20.67N z=6.350 m_est=2.064
[INFO] [1789409568.165328002] [acados_nmpc_node]: [attach-window] t=100.36s pos_err=0.018m T=19.73N z=6.336 m_est=2.064
[INFO] [1789409568.165752229] [acados_nmpc_node]: [wcmd] raw=[-0.111,+0.288,-0.017] w=[-0.444,+0.621,+0.028] err=[+0.333,-0.333] scaled=[+1.221,-1.044] s=5.00
[INFO] [1789409568.208706736] [acados_nmpc_node]: [attach-window] t=100.40s pos_err=0.063m T=20.51N z=6.332 m_est=2.064
[INFO] [1789409568.264213515] [acados_nmpc_node]: [attach-window] t=100.46s pos_err=0.019m T=20.24N z=6.320 m_est=2.064
[INFO] [1789409568.309293489] [acados_nmpc_node]: [attach-window] t=100.50s pos_err=0.053m T=20.23N z=6.315 m_est=2.064
[INFO] [1789409568.364299359] [acados_nmpc_node]: [attach-window] t=100.56s pos_err=0.029m T=19.84N z=6.304 m_est=2.064
[INFO] [1789409568.364712537] [acados_nmpc_node]: [wcmd] raw=[-0.093,+0.036,-0.038] w=[+0.227,+0.354,+0.059] err=[-0.320,-0.318] scaled=[-1.372,-1.236] s=5.00
[INFO] [1789409568.408769163] [acados_nmpc_node]: [attach-window] t=100.60s pos_err=0.067m T=20.14N z=6.299 m_est=2.064
[INFO] [1789409568.486132180] [acados_nmpc_node]: [attach-window] t=100.66s pos_err=0.021m T=20.13N z=6.286 m_est=2.064
[INFO] [1789409568.508965354] [acados_nmpc_node]: [attach-window] t=100.70s pos_err=0.055m T=20.37N z=6.280 m_est=2.064
[INFO] [1789409568.564643237] [acados_nmpc_node]: [attach-window] t=100.76s pos_err=0.030m T=20.53N z=6.268 m_est=2.064
[INFO] [1789409568.576015699] [acados_nmpc_node]: [wcmd] raw=[+0.180,-0.251,-0.083] w=[-0.034,-0.762,-0.130] err=[+0.214,+0.511] scaled=[+1.037,+1.794] s=5.00
[INFO] [1789409568.609137059] [acados_nmpc_node]: [attach-window] t=100.80s pos_err=0.071m T=20.28N z=6.261 m_est=2.064
[INFO] [1789409568.664459342] [acados_nmpc_node]: [attach-window] t=100.86s pos_err=0.021m T=20.22N z=6.244 m_est=2.064
[INFO] [1789409568.722559613] [acados_nmpc_node]: [attach-window] t=100.90s pos_err=0.061m T=20.45N z=6.237 m_est=2.064
[INFO] [1789409568.764159698] [acados_nmpc_node]: [attach-window] t=100.96s pos_err=0.037m T=20.59N z=6.223 m_est=2.064
[INFO] [1789409568.776019607] [acados_nmpc_node]: [wcmd] raw=[-0.149,-0.132,-0.132] w=[-0.172,-0.081,-0.063] err=[+0.023,-0.051] scaled=[-0.056,-0.334] s=5.00
[INFO] [1789409568.808395505] [acados_nmpc_node]: [attach-window] t=101.00s pos_err=0.084m T=20.73N z=6.216 m_est=2.064
[INFO] [1789409568.862430129] [acados_nmpc_node]: [attach-window] t=101.05s pos_err=0.027m T=20.66N z=6.199 m_est=2.064
[INFO] [1789409568.907818034] [acados_nmpc_node]: [attach-window] t=101.10s pos_err=0.082m T=20.63N z=6.191 m_est=2.064
[INFO] [1789409568.908171361] [acados_nmpc_node]: t=101.1s | pos_err=0.082m | T=20.63N | tau=[r0.279 p0.053 y-0.024]Nm | res_stat=4.170e-07(peak 2.252e-06) sqp_iter=5 | solve=1.6ms
[INFO] [1789409568.908325527] [acados_nmpc_node]: [flight-diag] t=101.1s | om_scale=5.000(lo 5.000 hi 5.000) | tilt_max=12.88deg | w_max=[r0.704 p1.009 y1.079]rad/s | u_frac=[T0.695 r1.000 p1.000 y1.000] | u_sat=[T0.0 r46.0 p47.0 y2.0]% | mot_peak=1.000 mot_sat=24.2% | health=1 age=0.000s conf=0.014 | n=100
[INFO] [1789409568.989850282] [acados_nmpc_node]: [attach-window] t=101.15s pos_err=0.052m T=20.42N z=6.176 m_est=2.064
[INFO] [1789409568.995961990] [acados_nmpc_node]: [wcmd] raw=[+0.023,+0.263,-0.105] w=[+0.519,+0.421,-0.028] err=[-0.496,-0.158] scaled=[-1.900,-0.349] s=5.00
[INFO] [1789409569.008185415] [acados_nmpc_node]: [attach-window] t=101.20s pos_err=0.110m T=20.70N z=6.169 m_est=2.064
[INFO] [1789409569.064571433] [acados_nmpc_node]: [attach-window] t=101.26s pos_err=0.057m T=20.50N z=6.152 m_est=2.064
[INFO] [1789409569.108572186] [acados_nmpc_node]: [attach-window] t=101.30s pos_err=0.109m T=20.72N z=6.145 m_est=2.064
[INFO] [1789409569.164848640] [acados_nmpc_node]: [attach-window] t=101.36s pos_err=0.085m T=20.69N z=6.130 m_est=2.064
[INFO] [1789409569.196014126] [acados_nmpc_node]: [wcmd] raw=[-0.146,-0.014,-0.071] w=[-0.591,-0.025,-0.126] err=[+0.445,+0.011] scaled=[+1.634,+0.031] s=5.00
[INFO] [1789409569.223628012] [acados_nmpc_node]: [attach-window] t=101.40s pos_err=0.137m T=20.51N z=6.123 m_est=2.064
[INFO] [1789409569.264998312] [acados_nmpc_node]: [attach-window] t=101.46s pos_err=0.080m T=19.92N z=6.109 m_est=2.064
[INFO] [1789409569.308974918] [acados_nmpc_node]: [attach-window] t=101.50s pos_err=0.130m T=19.93N z=6.103 m_est=2.064
[INFO] [1789409569.364810162] [acados_nmpc_node]: [attach-window] t=101.56s pos_err=0.100m T=19.66N z=6.092 m_est=2.064
[INFO] [1789409569.395932289] [acados_nmpc_node]: [wcmd] raw=[-0.006,-0.437,-0.040] w=[+0.162,-0.681,-0.192] err=[-0.167,+0.244] scaled=[-0.675,+0.541] s=5.00
[INFO] [1789409569.425216963] [acados_nmpc_node]: [attach-window] t=101.60s pos_err=0.151m T=19.87N z=6.086 m_est=2.064
[INFO] [1789409569.464973882] [acados_nmpc_node]: [attach-window] t=101.66s pos_err=0.089m T=19.99N z=6.073 m_est=2.064
[INFO] [1789409569.517417329] [acados_nmpc_node]: [attach-window] t=101.70s pos_err=0.138m T=20.04N z=6.067 m_est=2.064
[INFO] [1789409569.588526759] [acados_nmpc_node]: [attach-window] t=101.76s pos_err=0.105m T=20.06N z=6.052 m_est=2.064
[INFO] [1789409569.609232807] [acados_nmpc_node]: [attach-window] t=101.80s pos_err=0.154m T=20.04N z=6.045 m_est=2.064
[INFO] [1789409569.615975925] [acados_nmpc_node]: [wcmd] raw=[+0.092,-0.011,+0.036] w=[+0.186,+0.357,+0.067] err=[-0.094,-0.368] scaled=[-0.283,-1.481] s=5.00
[INFO] [1789409569.665044816] [acados_nmpc_node]: [attach-window] t=101.86s pos_err=0.088m T=19.82N z=6.028 m_est=2.064
[INFO] [1789409569.709116942] [acados_nmpc_node]: [attach-window] t=101.90s pos_err=0.137m T=19.95N z=6.021 m_est=2.064
[INFO] [1789409569.766232631] [acados_nmpc_node]: [attach-window] t=101.96s pos_err=0.103m T=20.59N z=6.005 m_est=2.064
[INFO] [1789409569.809202422] [acados_nmpc_node]: [attach-window] t=102.00s pos_err=0.153m T=20.28N z=5.997 m_est=2.064
[INFO] [1789409569.816023904] [acados_nmpc_node]: [wcmd] raw=[-0.226,-0.002,+0.075] w=[-0.467,-0.008,+0.061] err=[+0.241,+0.005] scaled=[+0.737,+0.019] s=5.00
[INFO] [1789409569.864611571] [acados_nmpc_node]: [attach-window] t=102.06s pos_err=0.088m T=20.90N z=5.974 m_est=2.064
[INFO] [1789409569.908883584] [acados_nmpc_node]: [attach-window] t=102.10s pos_err=0.139m T=20.79N z=5.965 m_est=2.064
[INFO] [1789409569.964170060] [acados_nmpc_node]: [attach-window] t=102.16s pos_err=0.110m T=20.93N z=5.945 m_est=2.064
[INFO] [1789409570.009018897] [acados_nmpc_node]: [attach-window] t=102.20s pos_err=0.163m T=20.96N z=5.936 m_est=2.064
[INFO] [1789409570.015924692] [acados_nmpc_node]: [wcmd] raw=[+0.083,+0.181,+0.079] w=[+0.546,+0.300,+0.167] err=[-0.463,-0.119] scaled=[-1.769,-0.293] s=5.00
[INFO] [1789409570.064486068] [acados_nmpc_node]: [attach-window] t=102.26s pos_err=0.105m T=20.91N z=5.915 m_est=2.064
[INFO] [1789409570.108532402] [acados_nmpc_node]: [attach-window] t=102.30s pos_err=0.157m T=20.92N z=5.906 m_est=2.064
[INFO] [1789409570.164687960] [acados_nmpc_node]: [attach-window] t=102.36s pos_err=0.132m T=20.92N z=5.889 m_est=2.064
[INFO] [1789409570.208855755] [acados_nmpc_node]: [attach-window] t=102.40s pos_err=0.185m T=20.76N z=5.881 m_est=2.064
[INFO] [1789409570.215953401] [acados_nmpc_node]: [wcmd] raw=[-0.092,+0.185,+0.074] w=[-0.461,+0.062,+0.081] err=[+0.370,+0.124] scaled=[+1.387,+0.679] s=5.00
[INFO] [1789409570.264720571] [acados_nmpc_node]: [attach-window] t=102.46s pos_err=0.130m T=20.53N z=5.864 m_est=2.064
[INFO] [1789409570.308523302] [acados_nmpc_node]: [attach-window] t=102.50s pos_err=0.180m T=20.42N z=5.857 m_est=2.064
[INFO] [1789409570.362371911] [acados_nmpc_node]: [attach-window] t=102.55s pos_err=0.147m T=20.05N z=5.844 m_est=2.064
[INFO] [1789409570.409404729] [acados_nmpc_node]: [attach-window] t=102.60s pos_err=0.201m T=20.15N z=5.838 m_est=2.064
[INFO] [1789409570.415944559] [acados_nmpc_node]: [wcmd] raw=[-0.183,-0.267,+0.080] w=[-0.054,-0.882,-0.090] err=[-0.129,+0.615] scaled=[-0.638,+1.900] s=5.00
[INFO] [1789409570.464694858] [acados_nmpc_node]: [attach-window] t=102.66s pos_err=0.143m T=20.25N z=5.825 m_est=2.064
[INFO] [1789409570.509666662] [acados_nmpc_node]: [attach-window] t=102.70s pos_err=0.189m T=20.03N z=5.819 m_est=2.064
[INFO] [1789409570.564618060] [acados_nmpc_node]: [attach-window] t=102.76s pos_err=0.131m T=19.75N z=5.806 m_est=2.064
[INFO] [1789409570.609053621] [acados_nmpc_node]: [attach-window] t=102.80s pos_err=0.175m T=19.94N z=5.800 m_est=2.064
[INFO] [1789409570.615968597] [acados_nmpc_node]: [wcmd] raw=[+0.054,-0.165,+0.158] w=[+0.271,+0.045,+0.139] err=[-0.217,-0.210] scaled=[-0.816,-1.006] s=5.00
[INFO] [1789409570.664551995] [acados_nmpc_node]: [attach-window] t=102.86s pos_err=0.146m T=19.98N z=5.788 m_est=2.064
[INFO] [1789409570.709585160] [acados_nmpc_node]: [attach-window] t=102.90s pos_err=0.190m T=20.10N z=5.781 m_est=2.064
[INFO] [1789409570.764452068] [acados_nmpc_node]: [attach-window] t=102.96s pos_err=0.161m T=20.21N z=5.768 m_est=2.064
[INFO] [1789409570.809431688] [acados_nmpc_node]: [attach-window] t=103.00s pos_err=0.203m T=20.28N z=5.761 m_est=2.064
[INFO] [1789409570.815981203] [acados_nmpc_node]: [wcmd] raw=[-0.199,+0.112,+0.219] w=[-0.543,+0.756,+0.314] err=[+0.344,-0.644] scaled=[+0.878,-1.900] s=5.00
[INFO] [1789409570.866795160] [acados_nmpc_node]: [attach-window] t=103.06s pos_err=0.146m T=18.94N z=5.745 m_est=2.064
[INFO] [1789409570.909557955] [acados_nmpc_node]: [attach-window] t=103.10s pos_err=0.187m T=20.27N z=5.738 m_est=2.064
[INFO] [1789409570.964348276] [acados_nmpc_node]: [attach-window] t=103.16s pos_err=0.158m T=20.46N z=5.724 m_est=2.064
[INFO] [1789409571.009696833] [acados_nmpc_node]: [attach-window] t=103.20s pos_err=0.195m T=20.42N z=5.717 m_est=2.064
[INFO] [1789409571.016019328] [acados_nmpc_node]: [wcmd] raw=[+0.093,-0.257,+0.222] w=[+0.520,-0.318,+0.173] err=[-0.427,+0.061] scaled=[-1.615,-0.013] s=5.00
[INFO] [1789409571.064813861] [acados_nmpc_node]: [attach-window] t=103.26s pos_err=0.141m T=20.44N z=5.701 m_est=2.064
[INFO] [1789409571.109036707] [acados_nmpc_node]: [attach-window] t=103.30s pos_err=0.175m T=20.56N z=5.694 m_est=2.064
[INFO] [1789409571.164848920] [acados_nmpc_node]: [attach-window] t=103.36s pos_err=0.147m T=20.83N z=5.679 m_est=2.064
[INFO] [1789409571.209260171] [acados_nmpc_node]: [attach-window] t=103.40s pos_err=0.179m T=20.81N z=5.672 m_est=2.064
[INFO] [1789409571.215963419] [acados_nmpc_node]: [wcmd] raw=[-0.082,-0.074,+0.293] w=[-0.408,+0.049,+0.249] err=[+0.326,-0.123] scaled=[+1.223,-0.567] s=5.00
[INFO] [1789409571.264467215] [acados_nmpc_node]: [attach-window] t=103.46s pos_err=0.130m T=20.79N z=5.655 m_est=2.064
[INFO] [1789409571.311443841] [acados_nmpc_node]: [attach-window] t=103.50s pos_err=0.160m T=20.83N z=5.648 m_est=2.064
[INFO] [1789409571.364866885] [acados_nmpc_node]: [attach-window] t=103.56s pos_err=0.118m T=20.90N z=5.632 m_est=2.064
[INFO] [1789409571.409237742] [acados_nmpc_node]: [attach-window] t=103.60s pos_err=0.144m T=20.97N z=5.625 m_est=2.064
[INFO] [1789409571.416021897] [acados_nmpc_node]: [wcmd] raw=[-0.203,+0.072,+0.368] w=[-0.185,+0.098,+0.333] err=[-0.018,-0.026] scaled=[-0.275,-0.032] s=5.00
[INFO] [1789409571.464797186] [acados_nmpc_node]: [attach-window] t=103.66s pos_err=0.124m T=20.93N z=5.610 m_est=2.064
[INFO] [1789409571.509846620] [acados_nmpc_node]: [attach-window] t=103.70s pos_err=0.150m T=20.89N z=5.603 m_est=2.064
[INFO] [1789409571.565055131] [acados_nmpc_node]: [attach-window] t=103.76s pos_err=0.130m T=20.90N z=5.589 m_est=2.064
[INFO] [1789409571.609471070] [acados_nmpc_node]: [attach-window] t=103.80s pos_err=0.154m T=20.90N z=5.582 m_est=2.064
[INFO] [1789409571.615954316] [acados_nmpc_node]: [wcmd] raw=[-0.017,-0.160,+0.424] w=[+0.404,-0.711,+0.269] err=[-0.421,+0.551] scaled=[-1.594,+1.900] s=5.00
[INFO] [1789409571.683364117] [acados_nmpc_node]: [attach-window] t=103.86s pos_err=0.122m T=21.08N z=5.567 m_est=2.064
[INFO] [1789409571.709701421] [acados_nmpc_node]: [attach-window] t=103.90s pos_err=0.142m T=21.45N z=5.560 m_est=2.064
[INFO] [1789409571.765878021] [acados_nmpc_node]: [attach-window] t=103.96s pos_err=0.125m T=21.54N z=5.542 m_est=2.064
[INFO] [1789409571.809748604] [acados_nmpc_node]: [attach-window] t=104.00s pos_err=0.144m T=21.38N z=5.534 m_est=2.064
[INFO] [1789409571.835942587] [acados_nmpc_node]: [wcmd] raw=[-0.047,-0.217,+0.514] w=[-0.527,-0.131,+0.410] err=[+0.480,-0.086] scaled=[+1.871,-0.559] s=5.00
[INFO] [1789409571.864730293] [acados_nmpc_node]: [attach-window] t=104.06s pos_err=0.117m T=21.09N z=5.518 m_est=2.064
[INFO] [1789409571.909499766] [acados_nmpc_node]: [attach-window] t=104.10s pos_err=0.132m T=20.96N z=5.512 m_est=2.064
[INFO] [1789409572.002116492] [acados_nmpc_node]: [attach-window] t=104.16s pos_err=0.118m T=20.66N z=5.500 m_est=2.064
[INFO] [1789409572.012061452] [acados_nmpc_node]: [attach-window] t=104.20s pos_err=0.130m T=20.52N z=5.495 m_est=2.064
[INFO] [1789409572.062287597] [acados_nmpc_node]: [attach-window] t=104.25s pos_err=0.107m T=20.57N z=5.484 m_est=2.064
[INFO] [1789409572.075866001] [acados_nmpc_node]: [wcmd] raw=[-0.186,-0.057,+0.668] w=[-0.425,+0.411,+0.568] err=[+0.239,-0.468] scaled=[+0.755,-1.900] s=5.00
[INFO] [1789409572.108408047] [acados_nmpc_node]: [attach-window] t=104.30s pos_err=0.117m T=20.60N z=5.480 m_est=2.064
[INFO] [1789409572.161826345] [acados_nmpc_node]: [attach-window] t=104.35s pos_err=0.104m T=20.55N z=5.471 m_est=2.064
[INFO] [1789409572.209049270] [acados_nmpc_node]: [attach-window] t=104.40s pos_err=0.113m T=20.38N z=5.467 m_est=2.064
[INFO] [1789409572.264896318] [acados_nmpc_node]: [attach-window] t=104.46s pos_err=0.098m T=20.44N z=5.457 m_est=2.064
[INFO] [1789409572.275940077] [acados_nmpc_node]: [wcmd] raw=[+0.113,+0.162,+0.833] w=[+0.512,-0.036,+0.593] err=[-0.399,+0.198] scaled=[-1.483,+0.952] s=5.00
[INFO] [1789409572.309005628] [acados_nmpc_node]: [attach-window] t=104.50s pos_err=0.101m T=20.43N z=5.453 m_est=2.064
[INFO] [1789409572.365214717] [acados_nmpc_node]: [attach-window] t=104.56s pos_err=0.094m T=20.54N z=5.445 m_est=2.064
[INFO] [1789409572.408982758] [acados_nmpc_node]: [attach-window] t=104.60s pos_err=0.098m T=20.47N z=5.440 m_est=2.064
[INFO] [1789409572.464956277] [acados_nmpc_node]: [attach-window] t=104.66s pos_err=0.091m T=20.23N z=5.431 m_est=2.064
[INFO] [1789409572.475954112] [acados_nmpc_node]: [wcmd] raw=[+0.040,-0.315,+0.950] w=[-0.370,-0.699,+0.574] err=[+0.410,+0.384] scaled=[+1.679,+1.222] s=5.00
[INFO] [1789409572.508945475] [acados_nmpc_node]: [attach-window] t=104.70s pos_err=0.092m T=20.20N z=5.427 m_est=2.064
[INFO] [1789409572.564446117] [acados_nmpc_node]: [attach-window] t=104.76s pos_err=0.088m T=20.39N z=5.420 m_est=2.064
[INFO] [1789409572.609157627] [acados_nmpc_node]: [attach-window] t=104.80s pos_err=0.091m T=20.44N z=5.416 m_est=2.064
[INFO] [1789409572.664689039] [acados_nmpc_node]: [attach-window] t=104.86s pos_err=0.085m T=20.49N z=5.406 m_est=2.064
[INFO] [1789409572.676059213] [acados_nmpc_node]: [wcmd] raw=[-0.126,-0.068,+1.051] w=[+0.202,+0.154,+0.841] err=[-0.328,-0.222] scaled=[-1.437,-0.958] s=5.00
[INFO] [1789409572.708184523] [acados_nmpc_node]: [attach-window] t=104.90s pos_err=0.086m T=20.50N z=5.401 m_est=2.064
[INFO] [1789409572.762152061] [acados_nmpc_node]: [attach-window] t=104.95s pos_err=0.082m T=20.29N z=5.391 m_est=2.064
[INFO] [1789409572.808096529] [acados_nmpc_node]: [attach-window] t=105.00s pos_err=0.085m T=20.51N z=5.386 m_est=2.064
[INFO] [1789409572.862108236] [acados_nmpc_node]: [attach-window] t=105.05s pos_err=0.081m T=20.73N z=5.376 m_est=2.064
[INFO] [1789409572.875884072] [acados_nmpc_node]: [wcmd] raw=[+0.307,+0.091,+1.091] w=[+0.045,+0.646,+1.032] err=[+0.261,-0.556] scaled=[+1.243,-1.900] s=5.00
[INFO] [1789409572.907726020] [acados_nmpc_node]: [attach-window] t=105.10s pos_err=0.081m T=20.81N z=5.371 m_est=2.064
[INFO] [1789409572.964994336] [acados_nmpc_node]: [attach-window] t=105.16s pos_err=0.078m T=20.57N z=5.361 m_est=2.064
[INFO] [1789409573.010006058] [acados_nmpc_node]: [attach-window] t=105.20s pos_err=0.080m T=19.97N z=5.357 m_est=2.064
[INFO] [1789409573.064528067] [acados_nmpc_node]: [attach-window] t=105.26s pos_err=0.073m T=20.76N z=5.346 m_est=2.064
[INFO] [1789409573.075940252] [acados_nmpc_node]: [wcmd] raw=[-0.169,+0.257,+1.030] w=[-0.204,-0.047,+1.064] err=[+0.035,+0.304] scaled=[-0.030,+1.473] s=5.00
[INFO] [1789409573.108738598] [acados_nmpc_node]: [attach-window] t=105.30s pos_err=0.073m T=21.05N z=5.341 m_est=2.064
[INFO] [1789409573.164525820] [acados_nmpc_node]: [attach-window] t=105.36s pos_err=0.067m T=21.42N z=5.330 m_est=2.064
[INFO] [1789409573.208312641] [acados_nmpc_node]: [attach-window] t=105.40s pos_err=0.069m T=21.30N z=5.325 m_est=2.064
[INFO] [1789409573.265030764] [acados_nmpc_node]: [attach-window] t=105.46s pos_err=0.058m T=20.94N z=5.315 m_est=2.064
[INFO] [1789409573.275978505] [acados_nmpc_node]: [wcmd] raw=[+0.007,-0.188,+0.823] w=[+0.432,-0.523,+1.012] err=[-0.426,+0.335] scaled=[-1.696,+1.153] s=5.00
[INFO] [1789409573.309466266] [acados_nmpc_node]: [attach-window] t=105.50s pos_err=0.058m T=20.69N z=5.311 m_est=2.064
[INFO] [1789409573.364673970] [acados_nmpc_node]: [attach-window] t=105.56s pos_err=0.048m T=20.99N z=5.304 m_est=2.064
[INFO] [1789409573.409115941] [acados_nmpc_node]: [attach-window] t=105.60s pos_err=0.053m T=21.24N z=5.300 m_est=2.064
[INFO] [1789409573.464935520] [acados_nmpc_node]: [attach-window] t=105.66s pos_err=0.036m T=21.34N z=5.291 m_est=2.064
[INFO] [1789409573.475992014] [acados_nmpc_node]: [wcmd] raw=[-0.129,+0.074,+0.612] w=[-0.594,+0.578,+1.125] err=[+0.465,-0.504] scaled=[+1.695,-1.900] s=5.00
[INFO] [1789409573.509240543] [acados_nmpc_node]: [attach-window] t=105.70s pos_err=0.041m T=21.58N z=5.287 m_est=2.064
[INFO] [1789409573.564966958] [acados_nmpc_node]: [attach-window] t=105.76s pos_err=0.028m T=21.26N z=5.279 m_est=2.064
[INFO] [1789409573.631254960] [acados_nmpc_node]: [attach-window] t=105.80s pos_err=0.043m T=21.05N z=5.276 m_est=2.064
[INFO] [1789409573.664603496] [acados_nmpc_node]: [attach-window] t=105.86s pos_err=0.016m T=20.73N z=5.270 m_est=2.064
[INFO] [1789409573.675939830] [acados_nmpc_node]: [wcmd] raw=[-0.147,-0.003,+0.384] w=[+0.234,+0.103,+0.875] err=[-0.382,-0.105] scaled=[-1.674,-0.425] s=5.00
[INFO] [1789409573.709361193] [acados_nmpc_node]: [attach-window] t=105.90s pos_err=0.033m T=20.77N z=5.268 m_est=2.064
[INFO] [1789409573.764697124] [acados_nmpc_node]: [attach-window] t=105.96s pos_err=0.016m T=20.68N z=5.265 m_est=2.064
[INFO] [1789409573.809083932] [acados_nmpc_node]: [attach-window] t=106.00s pos_err=0.043m T=20.62N z=5.264 m_est=2.064
[INFO] [1789409573.864540823] [acados_nmpc_node]: [attach-window] t=106.06s pos_err=0.010m T=20.53N z=5.262 m_est=2.064
[INFO] [1789409573.875963486] [acados_nmpc_node]: [wcmd] raw=[+0.213,-0.182,+0.211] w=[+0.008,-0.567,+0.528] err=[+0.205,+0.384] scaled=[+1.031,+1.355] s=5.00
[INFO] [1789409573.908820884] [acados_nmpc_node]: [attach-window] t=106.10s pos_err=0.040m T=21.01N z=5.260 m_est=2.064
[INFO] [1789409573.909307774] [acados_nmpc_node]: t=106.1s | pos_err=0.040m | T=21.01N | tau=[r-0.306 p0.225 y-0.153]Nm | res_stat=1.809e-07(peak 2.252e-06) sqp_iter=5 | solve=2.4ms
[INFO] [1789409573.909511671] [acados_nmpc_node]: [flight-diag] t=106.1s | om_scale=5.000(lo 5.000 hi 5.000) | tilt_max=12.51deg | w_max=[r0.782 p1.099 y1.223]rad/s | u_frac=[T0.688 r1.000 p1.000 y1.000] | u_sat=[T0.0 r50.0 p48.0 y2.0]% | mot_peak=1.000 mot_sat=21.6% | health=1 age=0.000s conf=0.000 | n=100
[INFO] [1789409573.962295025] [acados_nmpc_node]: [attach-window] t=106.15s pos_err=0.023m T=21.17N z=5.255 m_est=2.064
[INFO] [1789409574.008137959] [acados_nmpc_node]: [attach-window] t=106.20s pos_err=0.057m T=21.31N z=5.252 m_est=2.064
[INFO] [1789409574.077400706] [acados_nmpc_node]: [attach-window] t=106.26s pos_err=0.028m T=21.53N z=5.244 m_est=2.064
[INFO] [1789409574.095964599] [acados_nmpc_node]: [wcmd] raw=[-0.141,-0.088,+0.117] w=[-0.407,-0.602,+0.231] err=[+0.266,+0.514] scaled=[+0.889,+1.900] s=5.00
[INFO] [1789409574.109296484] [acados_nmpc_node]: [attach-window] t=106.30s pos_err=0.059m T=21.44N z=5.241 m_est=2.064
[INFO] [1789409574.164785883] [acados_nmpc_node]: [attach-window] t=106.36s pos_err=0.047m T=21.46N z=5.234 m_est=2.064
[INFO] [1789409574.208721624] [acados_nmpc_node]: [attach-window] t=106.40s pos_err=0.080m T=21.65N z=5.230 m_est=2.064
[INFO] [1789409574.276976569] [acados_nmpc_node]: [attach-window] t=106.46s pos_err=0.049m T=21.43N z=5.224 m_est=2.064
[INFO] [1789409574.309179214] [acados_nmpc_node]: [attach-window] t=106.50s pos_err=0.081m T=21.47N z=5.221 m_est=2.064
[INFO] [1789409574.315954892] [acados_nmpc_node]: [wcmd] raw=[+0.112,-0.231,+0.136] w=[+0.452,-0.441,+0.092] err=[-0.340,+0.210] scaled=[-1.247,+0.608] s=5.00
[INFO] [1789409574.380884603] [acados_nmpc_node]: [attach-window] t=106.55s pos_err=0.064m T=21.16N z=5.217 m_est=2.064
[INFO] [1789409574.409076166] [acados_nmpc_node]: [attach-window] t=106.60s pos_err=0.101m T=21.09N z=5.215 m_est=2.064
[INFO] [1789409574.464877817] [acados_nmpc_node]: [attach-window] t=106.66s pos_err=0.065m T=20.82N z=5.213 m_est=2.064
[INFO] [1789409574.508887186] [acados_nmpc_node]: [attach-window] t=106.70s pos_err=0.098m T=20.73N z=5.212 m_est=2.064
[INFO] [1789409574.535981186] [acados_nmpc_node]: [wcmd] raw=[+0.145,-0.154,+0.217] w=[-0.292,+0.432,+0.220] err=[+0.437,-0.586] scaled=[+1.448,-1.900] s=5.00
[INFO] [1789409574.563874010] [acados_nmpc_node]: [attach-window] t=106.76s pos_err=0.078m T=20.43N z=5.212 m_est=2.064
[INFO] [1789409574.609027640] [acados_nmpc_node]: [attach-window] t=106.80s pos_err=0.113m T=20.55N z=5.212 m_est=2.064
[INFO] [1789409574.669322250] [acados_nmpc_node]: [attach-window] t=106.86s pos_err=0.072m T=20.36N z=5.213 m_est=2.064
[INFO] [1789409574.709042109] [acados_nmpc_node]: [attach-window] t=106.90s pos_err=0.108m T=20.58N z=5.213 m_est=2.064
[INFO] [1789409574.735970138] [acados_nmpc_node]: [wcmd] raw=[-0.057,+0.198,+0.289] w=[+0.243,+0.332,+0.277] err=[-0.301,-0.133] scaled=[-1.260,-0.334] s=5.00
[INFO] [1789409574.765000021] [acados_nmpc_node]: [attach-window] t=106.96s pos_err=0.088m T=20.70N z=5.211 m_est=2.064
[INFO] [1789409574.809004413] [acados_nmpc_node]: [attach-window] t=107.00s pos_err=0.124m T=20.81N z=5.210 m_est=2.064
[INFO] [1789409574.870086626] [acados_nmpc_node]: [attach-window] t=107.06s pos_err=0.085m T=20.52N z=5.208 m_est=2.064
[INFO] [1789409574.909100102] [acados_nmpc_node]: [attach-window] t=107.10s pos_err=0.122m T=20.39N z=5.208 m_est=2.064
[INFO] [1789409574.935972834] [acados_nmpc_node]: [wcmd] raw=[+0.152,+0.010,+0.305] w=[+0.283,-0.449,+0.168] err=[-0.131,+0.459] scaled=[-0.373,+1.846] s=5.00
[INFO] [1789409574.980763177] [acados_nmpc_node]: [attach-window] t=107.16s pos_err=0.105m T=20.16N z=5.208 m_est=2.064
[INFO] [1789409575.009097206] [acados_nmpc_node]: [attach-window] t=107.20s pos_err=0.142m T=20.18N z=5.209 m_est=2.064
[INFO] [1789409575.069224101] [acados_nmpc_node]: [attach-window] t=107.26s pos_err=0.103m T=20.43N z=5.210 m_est=2.064
[INFO] [1789409575.108802982] [acados_nmpc_node]: [attach-window] t=107.30s pos_err=0.139m T=20.64N z=5.209 m_est=2.064
[INFO] [1789409575.181652494] [acados_nmpc_node]: [attach-window] t=107.36s pos_err=0.121m T=20.63N z=5.209 m_est=2.064
[INFO] [1789409575.182068642] [acados_nmpc_node]: [wcmd] raw=[-0.116,-0.285,+0.294] w=[-0.509,-0.640,+0.118] err=[+0.394,+0.355] scaled=[+1.460,+1.135] s=5.00
[INFO] [1789409575.209040697] [acados_nmpc_node]: [attach-window] t=107.40s pos_err=0.156m T=20.71N z=5.208 m_est=2.064
[INFO] [1789409575.264174622] [acados_nmpc_node]: [attach-window] t=107.46s pos_err=0.113m T=20.58N z=5.207 m_est=2.064
[INFO] [1789409575.308636564] [acados_nmpc_node]: [attach-window] t=107.50s pos_err=0.148m T=20.62N z=5.207 m_est=2.064
[INFO] [1789409575.389046098] [acados_nmpc_node]: [attach-window] t=107.56s pos_err=0.123m T=20.29N z=5.206 m_est=2.064
[INFO] [1789409575.395931721] [acados_nmpc_node]: [wcmd] raw=[-0.011,-0.369,+0.332] w=[+0.330,-0.552,+0.171] err=[-0.341,+0.183] scaled=[-1.376,+0.362] s=5.00
[INFO] [1789409575.409284954] [acados_nmpc_node]: [attach-window] t=107.60s pos_err=0.136m T=20.31N z=5.207 m_est=2.064
[INFO] [1789409575.466180850] [acados_nmpc_node]: [attach-window] t=107.66s pos_err=0.115m T=20.69N z=5.207 m_est=2.064
[INFO] [1789409575.509266977] [acados_nmpc_node]: [attach-window] t=107.70s pos_err=0.149m T=20.75N z=5.206 m_est=2.064
[INFO] [1789409575.565037539] [acados_nmpc_node]: [attach-window] t=107.76s pos_err=0.127m T=21.17N z=5.203 m_est=2.064
[INFO] [1789409575.596016157] [acados_nmpc_node]: [wcmd] raw=[+0.015,+0.098,+0.389] w=[-0.285,+0.097,+0.356] err=[+0.299,+0.000] scaled=[+1.212,+0.099] s=5.00
[INFO] [1789409575.609168356] [acados_nmpc_node]: [attach-window] t=107.80s pos_err=0.162m T=21.09N z=5.201 m_est=2.064
[INFO] [1789409575.664636138] [acados_nmpc_node]: [attach-window] t=107.86s pos_err=0.122m T=21.07N z=5.198 m_est=2.064
[INFO] [1789409575.709375507] [acados_nmpc_node]: [attach-window] t=107.90s pos_err=0.156m T=21.10N z=5.197 m_est=2.064
[INFO] [1789409575.764743424] [acados_nmpc_node]: [attach-window] t=107.96s pos_err=0.140m T=21.00N z=5.196 m_est=2.064
[INFO] [1789409575.796026959] [acados_nmpc_node]: [wcmd] raw=[-0.159,-0.061,+0.374] w=[-0.097,-0.057,+0.352] err=[-0.062,-0.004] scaled=[-0.406,-0.076] s=5.00
[INFO] [1789409575.808704794] [acados_nmpc_node]: [attach-window] t=108.00s pos_err=0.174m T=21.08N z=5.196 m_est=2.064
[INFO] [1789409575.864373862] [acados_nmpc_node]: [attach-window] t=108.06s pos_err=0.138m T=21.11N z=5.196 m_est=2.064
[INFO] [1789409575.908905629] [acados_nmpc_node]: [attach-window] t=108.10s pos_err=0.173m T=21.10N z=5.196 m_est=2.064
[INFO] [1789409575.964576264] [acados_nmpc_node]: [attach-window] t=108.16s pos_err=0.157m T=20.87N z=5.198 m_est=2.064
[INFO] [1789409575.995970768] [acados_nmpc_node]: [wcmd] raw=[+0.196,-0.184,+0.387] w=[+0.454,+0.061,+0.375] err=[-0.258,-0.246] scaled=[-0.836,-1.168] s=5.00
[INFO] [1789409576.009627449] [acados_nmpc_node]: [attach-window] t=108.20s pos_err=0.190m T=20.91N z=5.199 m_est=2.064
[INFO] [1789409576.064824281] [acados_nmpc_node]: [attach-window] t=108.26s pos_err=0.154m T=20.43N z=5.203 m_est=2.064
[INFO] [1789409576.109418258] [acados_nmpc_node]: [attach-window] t=108.30s pos_err=0.186m T=20.42N z=5.206 m_est=2.064
[INFO] [1789409576.164200013] [acados_nmpc_node]: [attach-window] t=108.36s pos_err=0.170m T=20.37N z=5.211 m_est=2.064
[INFO] [1789409576.195888191] [acados_nmpc_node]: [wcmd] raw=[-0.145,+0.039,+0.439] w=[-0.423,+0.639,+0.504] err=[+0.277,-0.600] scaled=[+0.751,-1.900] s=5.00
[INFO] [1789409576.208610117] [acados_nmpc_node]: [attach-window] t=108.40s pos_err=0.200m T=20.46N z=5.214 m_est=2.064
[INFO] [1789409576.265309539] [acados_nmpc_node]: [attach-window] t=108.46s pos_err=0.165m T=20.14N z=5.221 m_est=2.064
[INFO] [1789409576.309627115] [acados_nmpc_node]: [attach-window] t=108.50s pos_err=0.193m T=20.39N z=5.224 m_est=2.064
[INFO] [1789409576.365396363] [acados_nmpc_node]: [attach-window] t=108.56s pos_err=0.176m T=20.33N z=5.231 m_est=2.064
[INFO] [1789409576.395986885] [acados_nmpc_node]: [wcmd] raw=[-0.100,-0.303,+0.477] w=[+0.216,-0.340,+0.401] err=[-0.316,+0.037] scaled=[-1.365,-0.153] s=5.00
[INFO] [1789409576.411844567] [acados_nmpc_node]: [attach-window] t=108.60s pos_err=0.201m T=20.13N z=5.234 m_est=2.064
[INFO] [1789409576.464856346] [acados_nmpc_node]: [attach-window] t=108.66s pos_err=0.165m T=20.17N z=5.243 m_est=2.064
[INFO] [1789409576.509589453] [acados_nmpc_node]: [attach-window] t=108.70s pos_err=0.189m T=20.34N z=5.246 m_est=2.064
[INFO] [1789409576.566034244] [acados_nmpc_node]: [attach-window] t=108.76s pos_err=0.171m T=20.24N z=5.253 m_est=2.064
[INFO] [1789409576.596004916] [acados_nmpc_node]: [wcmd] raw=[+0.101,-0.223,+0.541] w=[+0.031,-0.884,+0.354] err=[+0.070,+0.661] scaled=[+0.325,+1.900] s=5.00
[INFO] [1789409576.609251774] [acados_nmpc_node]: [attach-window] t=108.80s pos_err=0.193m T=20.40N z=5.257 m_est=2.064
[INFO] [1789409576.664862897] [acados_nmpc_node]: [attach-window] t=108.86s pos_err=0.163m T=20.04N z=5.265 m_est=2.064
[INFO] [1789409576.712380751] [acados_nmpc_node]: [attach-window] t=108.90s pos_err=0.184m T=20.15N z=5.269 m_est=2.064
[INFO] [1789409576.765008047] [acados_nmpc_node]: [attach-window] t=108.96s pos_err=0.168m T=20.33N z=5.275 m_est=2.064
[INFO] [1789409576.796023983] [acados_nmpc_node]: [wcmd] raw=[-0.151,+0.138,+0.643] w=[-0.357,+0.270,+0.591] err=[+0.206,-0.132] scaled=[+0.671,-0.390] s=5.00
[INFO] [1789409576.813301380] [acados_nmpc_node]: [attach-window] t=109.00s pos_err=0.188m T=20.50N z=5.278 m_est=2.064
[INFO] [1789409576.865692286] [acados_nmpc_node]: [attach-window] t=109.06s pos_err=0.163m T=20.59N z=5.284 m_est=2.064
[INFO] [1789409576.911689011] [acados_nmpc_node]: [attach-window] t=109.10s pos_err=0.180m T=20.65N z=5.287 m_est=2.064
[INFO] [1789409576.965588679] [acados_nmpc_node]: [attach-window] t=109.16s pos_err=0.168m T=20.48N z=5.293 m_est=2.064
[INFO] [1789409576.996039045] [acados_nmpc_node]: [wcmd] raw=[-0.007,+0.085,+0.768] w=[+0.408,+0.645,+0.695] err=[-0.414,-0.560] scaled=[-1.475,-1.900] s=5.00
[INFO] [1789409577.009736087] [acados_nmpc_node]: [attach-window] t=109.20s pos_err=0.184m T=20.43N z=5.296 m_est=2.064
[INFO] [1789409577.082470091] [acados_nmpc_node]: [attach-window] t=109.26s pos_err=0.160m T=20.34N z=5.303 m_est=2.064
[INFO] [1789409577.109779048] [acados_nmpc_node]: [attach-window] t=109.30s pos_err=0.172m T=20.86N z=5.305 m_est=2.064
[INFO] [1789409577.201240384] [acados_nmpc_node]: [attach-window] t=109.36s pos_err=0.159m T=20.98N z=5.310 m_est=2.064
[INFO] [1789409577.208476179] [acados_nmpc_node]: [attach-window] t=109.40s pos_err=0.170m T=21.04N z=5.313 m_est=2.064
[INFO] [1789409577.262331313] [acados_nmpc_node]: [attach-window] t=109.45s pos_err=0.147m T=21.10N z=5.318 m_est=2.064
[INFO] [1789409577.262649543] [acados_nmpc_node]: [wcmd] raw=[+0.101,-0.155,+0.935] w=[-0.283,-0.026,+0.671] err=[+0.384,-0.129] scaled=[+1.635,-0.669] s=5.00
[INFO] [1789409577.309153226] [acados_nmpc_node]: [attach-window] t=109.50s pos_err=0.155m T=21.18N z=5.320 m_est=2.064
[INFO] [1789409577.365106201] [acados_nmpc_node]: [attach-window] t=109.56s pos_err=0.144m T=20.85N z=5.326 m_est=2.064
[INFO] [1789409577.439217425] [acados_nmpc_node]: [attach-window] t=109.60s pos_err=0.149m T=20.76N z=5.329 m_est=2.064
[INFO] [1789409577.465243671] [acados_nmpc_node]: [attach-window] t=109.66s pos_err=0.136m T=21.44N z=5.336 m_est=2.064
[INFO] [1789409577.475921676] [acados_nmpc_node]: [wcmd] raw=[-0.276,-0.304,+1.067] w=[-0.003,-0.761,+0.718] err=[-0.273,+0.457] scaled=[-1.367,+1.522] s=5.00
[INFO] [1789409577.509324529] [acados_nmpc_node]: [attach-window] t=109.70s pos_err=0.137m T=22.38N z=5.336 m_est=2.064
[INFO] [1789409577.565088139] [acados_nmpc_node]: [attach-window] t=109.76s pos_err=0.132m T=22.88N z=5.333 m_est=2.064
[INFO] [1789409577.609052910] [acados_nmpc_node]: [attach-window] t=109.80s pos_err=0.133m T=22.70N z=5.332 m_est=2.064
[INFO] [1789409577.664232468] [acados_nmpc_node]: [attach-window] t=109.86s pos_err=0.131m T=22.59N z=5.331 m_est=2.064
[INFO] [1789409577.675950910] [acados_nmpc_node]: [wcmd] raw=[+0.210,-0.075,+1.067] w=[+0.288,-0.053,+0.987] err=[-0.078,-0.022] scaled=[-0.101,-0.162] s=5.00
[INFO] [1789409577.709001010] [acados_nmpc_node]: [attach-window] t=109.90s pos_err=0.131m T=22.49N z=5.332 m_est=2.064
[INFO] [1789409577.764873492] [acados_nmpc_node]: [attach-window] t=109.96s pos_err=0.132m T=22.36N z=5.335 m_est=2.064
[INFO] [1789409577.808948758] [acados_nmpc_node]: [attach-window] t=110.00s pos_err=0.131m T=23.15N z=5.335 m_est=2.064
[INFO] [1789409577.865841204] [acados_nmpc_node]: [attach-window] t=110.06s pos_err=0.138m T=23.29N z=5.335 m_est=2.064
[INFO] [1789409577.876093289] [acados_nmpc_node]: [wcmd] raw=[+0.035,+0.375,+0.974] w=[-0.393,+0.806,+1.241] err=[+0.428,-0.431] scaled=[+1.747,-1.349] s=5.00
[INFO] [1789409577.909152793] [acados_nmpc_node]: [attach-window] t=110.10s pos_err=0.136m T=23.12N z=5.336 m_est=2.064
[INFO] [1789409577.964121830] [acados_nmpc_node]: [attach-window] t=110.16s pos_err=0.145m T=22.52N z=5.341 m_est=2.064
[INFO] [1789409578.009204336] [acados_nmpc_node]: [attach-window] t=110.20s pos_err=0.138m T=22.48N z=5.343 m_est=2.064
[INFO] [1789409578.065285330] [acados_nmpc_node]: [attach-window] t=110.26s pos_err=0.142m T=21.89N z=5.354 m_est=2.064
[INFO] [1789409578.075948110] [acados_nmpc_node]: [wcmd] raw=[+0.114,-0.031,+0.764] w=[+0.518,-0.459,+1.010] err=[-0.404,+0.427] scaled=[-1.502,+1.678] s=5.00
[INFO] [1789409578.109175503] [acados_nmpc_node]: [attach-window] t=110.30s pos_err=0.136m T=22.44N z=5.359 m_est=2.064
[INFO] [1789409578.166938288] [acados_nmpc_node]: [attach-window] t=110.36s pos_err=0.144m T=22.19N z=5.369 m_est=2.064
[INFO] [1789409578.209202940] [acados_nmpc_node]: [attach-window] t=110.40s pos_err=0.134m T=22.12N z=5.374 m_est=2.064
[INFO] [1789409578.264614699] [acados_nmpc_node]: [attach-window] t=110.46s pos_err=0.136m T=21.50N z=5.388 m_est=2.064
[INFO] [1789409578.275977197] [acados_nmpc_node]: [wcmd] raw=[+0.017,-0.177,+0.495] w=[-0.249,-0.369,+0.877] err=[+0.267,+0.193] scaled=[+1.084,+0.594] s=5.00
[INFO] [1789409578.309006775] [acados_nmpc_node]: [attach-window] t=110.50s pos_err=0.123m T=21.37N z=5.396 m_est=2.064
[INFO] [1789409578.365018838] [acados_nmpc_node]: [attach-window] t=110.56s pos_err=0.123m T=20.65N z=5.414 m_est=2.064
[INFO] [1789409578.409237505] [acados_nmpc_node]: [attach-window] t=110.60s pos_err=0.108m T=20.63N z=5.424 m_est=2.064
[INFO] [1789409578.464859269] [acados_nmpc_node]: [attach-window] t=110.66s pos_err=0.118m T=20.39N z=5.446 m_est=2.064
[INFO] [1789409578.475935878] [acados_nmpc_node]: [wcmd] raw=[-0.231,+0.013,+0.306] w=[-0.304,+0.462,+0.810] err=[+0.073,-0.450] scaled=[+0.061,-1.786] s=5.00
[INFO] [1789409578.508934165] [acados_nmpc_node]: [attach-window] t=110.70s pos_err=0.098m T=20.93N z=5.455 m_est=2.064
[INFO] [1789409578.565077809] [acados_nmpc_node]: [attach-window] t=110.76s pos_err=0.104m T=20.95N z=5.473 m_est=2.064
[INFO] [1789409578.609004688] [acados_nmpc_node]: [attach-window] t=110.80s pos_err=0.082m T=21.25N z=5.481 m_est=2.064
[INFO] [1789409578.665081564] [acados_nmpc_node]: [attach-window] t=110.86s pos_err=0.106m T=21.17N z=5.496 m_est=2.064
[INFO] [1789409578.676006676] [acados_nmpc_node]: [wcmd] raw=[+0.110,-0.028,+0.174] w=[+0.487,+0.336,+0.535] err=[-0.378,-0.363] scaled=[-1.401,-1.480] s=5.00
[INFO] [1789409578.709171315] [acados_nmpc_node]: [attach-window] t=110.90s pos_err=0.081m T=21.14N z=5.503 m_est=2.064
[INFO] [1789409578.764707864] [acados_nmpc_node]: [attach-window] t=110.96s pos_err=0.095m T=21.81N z=5.514 m_est=2.064
[INFO] [1789409578.809427663] [acados_nmpc_node]: [attach-window] t=111.00s pos_err=0.070m T=22.12N z=5.519 m_est=2.064
[INFO] [1789409578.895263852] [acados_nmpc_node]: [attach-window] t=111.06s pos_err=0.100m T=21.89N z=5.529 m_est=2.064
[INFO] [1789409578.896090288] [acados_nmpc_node]: [wcmd] raw=[+0.057,+0.035,+0.119] w=[-0.575,-0.533,+0.190] err=[+0.632,+0.568] scaled=[+1.900,+1.690] s=5.00
[INFO] [1789409578.908935727] [acados_nmpc_node]: [attach-window] t=111.10s pos_err=0.075m T=22.18N z=5.533 m_est=2.064
[INFO] [1789409578.909418452] [acados_nmpc_node]: t=111.1s | pos_err=0.075m | T=22.18N | tau=[r0.500 p0.195 y-0.063]Nm | res_stat=7.864e-07(peak 2.252e-06) sqp_iter=5 | solve=2.4ms
[INFO] [1789409578.909623248] [acados_nmpc_node]: [flight-diag] t=111.1s | om_scale=5.000(lo 5.000 hi 5.000) | tilt_max=11.51deg | w_max=[r0.770 p1.050 y1.241]rad/s | u_frac=[T0.743 r1.000 p1.000 y1.000] | u_sat=[T0.0 r52.0 p53.0 y2.0]% | mot_peak=1.000 mot_sat=33.5% | health=1 age=0.000s conf=0.004 | n=100
[INFO] [1789409578.966532353] [acados_nmpc_node]: [attach-window] t=111.16s pos_err=0.108m T=22.33N z=5.543 m_est=2.064
[INFO] [1789409579.009418169] [acados_nmpc_node]: [attach-window] t=111.20s pos_err=0.070m T=21.85N z=5.547 m_est=2.064
[INFO] [1789409579.064895138] [acados_nmpc_node]: [attach-window] t=111.26s pos_err=0.095m T=20.77N z=5.562 m_est=2.064
[INFO] [1789409579.096025043] [acados_nmpc_node]: [wcmd] raw=[+0.139,-0.461,+0.081] w=[+0.258,-0.195,+0.100] err=[-0.120,-0.267] scaled=[-0.341,-1.528] s=5.00
[INFO] [1789409579.108995059] [acados_nmpc_node]: [attach-window] t=111.30s pos_err=0.071m T=20.92N z=5.570 m_est=2.064
[INFO] [1789409579.164912220] [acados_nmpc_node]: [attach-window] t=111.36s pos_err=0.081m T=20.75N z=5.587 m_est=2.064
[INFO] [1789409579.209371224] [acados_nmpc_node]: [attach-window] t=111.40s pos_err=0.059m T=20.79N z=5.597 m_est=2.064
[INFO] [1789409579.264516427] [acados_nmpc_node]: [attach-window] t=111.46s pos_err=0.084m T=20.18N z=5.618 m_est=2.064
[INFO] [1789409579.296053041] [acados_nmpc_node]: [wcmd] raw=[+0.128,+0.024,+0.148] w=[+0.120,+0.370,+0.155] err=[+0.008,-0.346] scaled=[+0.159,-1.361] s=5.00
[INFO] [1789409579.308495230] [acados_nmpc_node]: [attach-window] t=111.50s pos_err=0.056m T=20.25N z=5.629 m_est=2.064
[INFO] [1789409579.364768287] [acados_nmpc_node]: [attach-window] t=111.56s pos_err=0.069m T=19.91N z=5.649 m_est=2.064
[INFO] [1789409579.408165086] [acados_nmpc_node]: [attach-window] t=111.60s pos_err=0.044m T=19.98N z=5.660 m_est=2.064
[INFO] [1789409579.465399967] [acados_nmpc_node]: [attach-window] t=111.66s pos_err=0.074m T=19.75N z=5.684 m_est=2.064
[INFO] [1789409579.496004856] [acados_nmpc_node]: [wcmd] raw=[-0.080,-0.291,+0.176] w=[-0.360,-0.160,+0.073] err=[+0.280,-0.131] scaled=[+1.042,-0.814] s=5.00
[INFO] [1789409579.509329412] [acados_nmpc_node]: [attach-window] t=111.70s pos_err=0.043m T=19.72N z=5.695 m_est=2.064
[INFO] [1789409579.564927061] [acados_nmpc_node]: [attach-window] t=111.76s pos_err=0.058m T=19.86N z=5.715 m_est=2.064
[INFO] [1789409579.608708503] [acados_nmpc_node]: [attach-window] t=111.80s pos_err=0.038m T=20.02N z=5.725 m_est=2.064
[INFO] [1789409579.683649779] [acados_nmpc_node]: [attach-window] t=111.86s pos_err=0.064m T=19.83N z=5.747 m_est=2.064
[INFO] [1789409579.709238696] [acados_nmpc_node]: [attach-window] t=111.90s pos_err=0.043m T=19.91N z=5.756 m_est=2.064
[INFO] [1789409579.715916213] [acados_nmpc_node]: [wcmd] raw=[+0.151,+0.127,+0.158] w=[+0.462,-0.299,+0.107] err=[-0.311,+0.426] scaled=[-1.092,+1.833] s=5.00
[INFO] [1789409579.764924536] [acados_nmpc_node]: [attach-window] t=111.96s pos_err=0.051m T=19.85N z=5.774 m_est=2.064
[INFO] [1789409579.808620411] [acados_nmpc_node]: [attach-window] t=112.00s pos_err=0.056m T=20.15N z=5.783 m_est=2.064
[INFO] [1789409579.865732298] [acados_nmpc_node]: [attach-window] t=112.06s pos_err=0.058m T=20.04N z=5.800 m_est=2.064
[INFO] [1789409579.908988944] [acados_nmpc_node]: [attach-window] t=112.10s pos_err=0.062m T=20.28N z=5.809 m_est=2.064
[INFO] [1789409579.915945082] [acados_nmpc_node]: [wcmd] raw=[-0.018,-0.147,+0.106] w=[-0.332,-0.080,+0.157] err=[+0.314,-0.067] scaled=[+1.238,-0.414] s=5.00
[INFO] [1789409579.963974509] [acados_nmpc_node]: [attach-window] t=112.16s pos_err=0.060m T=20.07N z=5.825 m_est=2.064
[INFO] [1789409580.009179053] [acados_nmpc_node]: [attach-window] t=112.20s pos_err=0.081m T=20.28N z=5.833 m_est=2.064
[INFO] [1789409580.064900376] [acados_nmpc_node]: [attach-window] t=112.26s pos_err=0.068m T=19.95N z=5.851 m_est=2.064
[INFO] [1789409580.109063062] [acados_nmpc_node]: [attach-window] t=112.30s pos_err=0.083m T=20.23N z=5.859 m_est=2.064
[INFO] [1789409580.115971570] [acados_nmpc_node]: [wcmd] raw=[-0.139,-0.083,+0.066] w=[-0.032,+0.302,+0.214] err=[-0.106,-0.385] scaled=[-0.564,-1.623] s=5.00
[INFO] [1789409580.164412215] [acados_nmpc_node]: [attach-window] t=112.36s pos_err=0.074m T=20.08N z=5.873 m_est=2.064
[INFO] [1789409580.208068324] [acados_nmpc_node]: [attach-window] t=112.40s pos_err=0.098m T=20.43N z=5.881 m_est=2.064
[INFO] [1789409580.264803050] [acados_nmpc_node]: [attach-window] t=112.46s pos_err=0.077m T=20.47N z=5.897 m_est=2.064
[INFO] [1789409580.309016383] [acados_nmpc_node]: [attach-window] t=112.50s pos_err=0.094m T=20.63N z=5.903 m_est=2.064
[INFO] [1789409580.316009622] [acados_nmpc_node]: [wcmd] raw=[+0.134,+0.058,+0.020] w=[+0.396,+0.066,+0.118] err=[-0.262,-0.008] scaled=[-0.914,+0.027] s=5.00
[INFO] [1789409580.365299338] [acados_nmpc_node]: [attach-window] t=112.56s pos_err=0.084m T=20.66N z=5.914 m_est=2.064
[INFO] [1789409580.409006649] [acados_nmpc_node]: [attach-window] t=112.60s pos_err=0.109m T=20.77N z=5.920 m_est=2.064
[INFO] [1789409580.464121560] [acados_nmpc_node]: [attach-window] t=112.66s pos_err=0.084m T=20.62N z=5.932 m_est=2.064
[INFO] [1789409580.509180026] [acados_nmpc_node]: [attach-window] t=112.70s pos_err=0.105m T=20.76N z=5.938 m_est=2.064
[INFO] [1789409580.515983955] [acados_nmpc_node]: [wcmd] raw=[-0.058,-0.080,-0.027] w=[-0.433,-0.488,-0.065] err=[+0.375,+0.408] scaled=[+1.444,+1.553] s=5.00
[INFO] [1789409580.584420971] [acados_nmpc_node]: [attach-window] t=112.76s pos_err=0.092m T=20.52N z=5.950 m_est=2.064
[INFO] [1789409580.609207920] [acados_nmpc_node]: [attach-window] t=112.80s pos_err=0.102m T=20.51N z=5.959 m_est=2.064
[INFO] [1789409580.666179465] [acados_nmpc_node]: [attach-window] t=112.86s pos_err=0.091m T=19.62N z=5.973 m_est=2.064
[INFO] [1789409580.709281666] [acados_nmpc_node]: [attach-window] t=112.90s pos_err=0.117m T=20.19N z=5.981 m_est=2.064
[INFO] [1789409580.736057699] [acados_nmpc_node]: [wcmd] raw=[-0.003,-0.343,-0.049] w=[+0.420,-0.387,-0.098] err=[-0.423,+0.044] scaled=[-1.696,-0.167] s=5.00
[INFO] [1789409580.764468109] [acados_nmpc_node]: [attach-window] t=112.96s pos_err=0.101m T=20.24N z=5.996 m_est=2.064
[INFO] [1789409580.808702448] [acados_nmpc_node]: [attach-window] t=113.00s pos_err=0.134m T=20.49N z=6.003 m_est=2.064
[INFO] [1789409580.864860138] [acados_nmpc_node]: [attach-window] t=113.06s pos_err=0.097m T=20.32N z=6.019 m_est=2.064
[INFO] [1789409580.908921518] [acados_nmpc_node]: [attach-window] t=113.10s pos_err=0.126m T=20.43N z=6.026 m_est=2.064
[INFO] [1789409580.935983484] [acados_nmpc_node]: [wcmd] raw=[+0.238,-0.211,-0.031] w=[+0.054,+0.081,-0.017] err=[+0.184,-0.292] scaled=[+0.974,-1.379] s=5.00
[INFO] [1789409580.964789689] [acados_nmpc_node]: [attach-window] t=113.16s pos_err=0.107m T=20.26N z=6.040 m_est=2.064
[INFO] [1789409581.009169512] [acados_nmpc_node]: [attach-window] t=113.20s pos_err=0.141m T=20.44N z=6.047 m_est=2.064
[INFO] [1789409581.064643743] [acados_nmpc_node]: [attach-window] t=113.26s pos_err=0.102m T=20.50N z=6.062 m_est=2.064
[INFO] [1789409581.108610222] [acados_nmpc_node]: [attach-window] t=113.30s pos_err=0.133m T=20.82N z=6.067 m_est=2.064
[INFO] [1789409581.136037699] [acados_nmpc_node]: [wcmd] raw=[-0.131,+0.156,-0.034] w=[-0.219,+0.530,+0.108] err=[+0.088,-0.374] scaled=[+0.220,-1.338] s=5.00
[INFO] [1789409581.184766719] [acados_nmpc_node]: [attach-window] t=113.36s pos_err=0.113m T=20.67N z=6.078 m_est=2.064
[INFO] [1789409581.209065520] [acados_nmpc_node]: [attach-window] t=113.40s pos_err=0.127m T=20.70N z=6.086 m_est=2.064
[INFO] [1789409581.264552590] [acados_nmpc_node]: [attach-window] t=113.46s pos_err=0.110m T=20.41N z=6.099 m_est=2.064
[INFO] [1789409581.309055271] [acados_nmpc_node]: [attach-window] t=113.50s pos_err=0.145m T=20.45N z=6.106 m_est=2.064
[INFO] [1789409581.364729819] [acados_nmpc_node]: [attach-window] t=113.56s pos_err=0.124m T=20.19N z=6.121 m_est=2.064
[INFO] [1789409581.365154388] [acados_nmpc_node]: [wcmd] raw=[+0.342,-0.046,-0.101] w=[+0.672,-0.070,-0.008] err=[-0.330,+0.024] scaled=[-0.977,+0.049] s=5.00
[INFO] [1789409581.409083119] [acados_nmpc_node]: [attach-window] t=113.60s pos_err=0.139m T=20.12N z=6.130 m_est=2.064
[INFO] [1789409581.464762145] [acados_nmpc_node]: [attach-window] t=113.66s pos_err=0.119m T=19.85N z=6.146 m_est=2.064
[INFO] [1789409581.509255871] [acados_nmpc_node]: [attach-window] t=113.70s pos_err=0.156m T=20.17N z=6.154 m_est=2.064
[INFO] [1789409581.565437376] [acados_nmpc_node]: [attach-window] t=113.76s pos_err=0.134m T=20.34N z=6.170 m_est=2.064
[INFO] [1789409581.565871229] [acados_nmpc_node]: [wcmd] raw=[+0.050,-0.585,-0.156] w=[-0.298,-0.955,-0.232] err=[+0.348,+0.371] scaled=[+1.442,+0.899] s=5.00
[INFO] [1789409581.609564881] [acados_nmpc_node]: [attach-window] t=113.80s pos_err=0.173m T=20.20N z=6.177 m_est=2.064
[INFO] [1789409581.664960569] [acados_nmpc_node]: [attach-window] t=113.86s pos_err=0.129m T=20.15N z=6.193 m_est=2.064
[INFO] [1789409581.708909911] [acados_nmpc_node]: [attach-window] t=113.90s pos_err=0.165m T=20.19N z=6.200 m_est=2.064
[INFO] [1789409581.764618267] [acados_nmpc_node]: [attach-window] t=113.96s pos_err=0.146m T=20.26N z=6.214 m_est=2.064
[INFO] [1789409581.765066459] [acados_nmpc_node]: [wcmd] raw=[-0.116,-0.051,-0.195] w=[-0.020,-0.312,-0.196] err=[-0.097,+0.261] scaled=[-0.503,+0.994] s=5.00
[INFO] [1789409581.809268401] [acados_nmpc_node]: [attach-window] t=114.00s pos_err=0.184m T=20.31N z=6.220 m_est=2.064
[INFO] [1789409581.864611912] [acados_nmpc_node]: [attach-window] t=114.06s pos_err=0.142m T=20.18N z=6.235 m_est=2.064
[INFO] [1789409581.909418593] [acados_nmpc_node]: [attach-window] t=114.10s pos_err=0.179m T=20.22N z=6.241 m_est=2.064
[WARN] [1789409582.007885776] [acados_nmpc_node]: t=114.16s | KKT residual abnormal! res_stat=8.426e-06 res_eq=2.590e-10 res_ineq=0.000e+00 res_comp=9.688e-07 | sqp_iter=100 | peak res_stat=8.426e-06
[WARN] [1789409582.008285489] [acados_nmpc_node]: acados solve failed [status=2, 1 consecutive] | x_cur pos=[4.17406702 2.97223997 6.25459051] vel=[2.61069107 2.27848125 0.22158042] |q|=1.0000
[INFO] [1789409582.008708773] [acados_nmpc_node]: [attach-window] t=114.16s pos_err=0.159m T=20.22N z=6.255 m_est=2.064
[INFO] [1789409582.009028002] [acados_nmpc_node]: [wcmd] raw=[+0.183,+0.236,-0.183] w=[+0.469,+0.683,-0.078] err=[-0.286,-0.447] scaled=[-0.962,-1.554] s=5.00
[INFO] [1789409582.012356734] [acados_nmpc_node]: [attach-window] t=114.20s pos_err=0.308m T=20.39N z=6.255 m_est=2.064
[INFO] [1789409582.064956792] [acados_nmpc_node]: [attach-window] t=114.25s pos_err=0.150m T=20.08N z=6.277 m_est=2.064
[INFO] [1789409582.108562060] [acados_nmpc_node]: [attach-window] t=114.30s pos_err=0.190m T=20.13N z=6.283 m_est=2.064
[INFO] [1789409582.161728100] [acados_nmpc_node]: [attach-window] t=114.35s pos_err=0.165m T=20.48N z=6.294 m_est=2.064
[INFO] [1789409582.195833567] [acados_nmpc_node]: [wcmd] raw=[-0.327,-0.060,-0.231] w=[-0.448,+0.257,-0.155] err=[+0.122,-0.317] scaled=[+0.160,-1.328] s=5.00
[INFO] [1789409582.208913683] [acados_nmpc_node]: [attach-window] t=114.40s pos_err=0.205m T=20.77N z=6.298 m_est=2.064
[INFO] [1789409582.264653584] [acados_nmpc_node]: [attach-window] t=114.46s pos_err=0.165m T=20.82N z=6.308 m_est=2.064
[INFO] [1789409582.309287153] [acados_nmpc_node]: [attach-window] t=114.50s pos_err=0.199m T=20.76N z=6.313 m_est=2.064
[INFO] [1789409582.365339489] [acados_nmpc_node]: [attach-window] t=114.56s pos_err=0.182m T=20.48N z=6.323 m_est=2.064
[INFO] [1789409582.395986835] [acados_nmpc_node]: [wcmd] raw=[+0.156,+0.144,-0.290] w=[+0.449,+0.367,-0.148] err=[-0.293,-0.223] scaled=[-1.017,-0.750] s=5.00
[INFO] [1789409582.409857834] [acados_nmpc_node]: [attach-window] t=114.60s pos_err=0.214m T=20.46N z=6.329 m_est=2.064
[INFO] [1789409582.468099020] [acados_nmpc_node]: [attach-window] t=114.66s pos_err=0.177m T=20.60N z=6.342 m_est=2.064
[INFO] [1789409582.509292720] [acados_nmpc_node]: [attach-window] t=114.70s pos_err=0.207m T=21.15N z=6.347 m_est=2.064
[INFO] [1789409582.568059394] [acados_nmpc_node]: [attach-window] t=114.76s pos_err=0.188m T=21.45N z=6.354 m_est=2.064
[INFO] [1789409582.595975805] [acados_nmpc_node]: [wcmd] raw=[+0.105,-0.221,-0.384] w=[-0.372,-0.452,-0.392] err=[+0.477,+0.230] scaled=[+1.900,+0.645] s=5.00
[INFO] [1789409582.609418316] [acados_nmpc_node]: [attach-window] t=114.80s pos_err=0.198m T=21.41N z=6.359 m_est=2.064
[INFO] [1789409582.664622258] [acados_nmpc_node]: [attach-window] t=114.86s pos_err=0.178m T=21.12N z=6.366 m_est=2.064
[INFO] [1789409582.716711787] [acados_nmpc_node]: [attach-window] t=114.90s pos_err=0.204m T=21.08N z=6.371 m_est=2.064
[INFO] [1789409582.764904729] [acados_nmpc_node]: [attach-window] t=114.96s pos_err=0.182m T=21.03N z=6.381 m_est=2.064
[INFO] [1789409582.795968398] [acados_nmpc_node]: [wcmd] raw=[+0.155,-0.301,-0.463] w=[+0.295,-0.403,-0.460] err=[-0.140,+0.101] scaled=[-0.404,+0.104] s=5.00
[INFO] [1789409582.809673090] [acados_nmpc_node]: [attach-window] t=115.00s pos_err=0.207m T=21.55N z=6.385 m_est=2.064
[INFO] [1789409582.864741118] [acados_nmpc_node]: [attach-window] t=115.06s pos_err=0.169m T=21.67N z=6.394 m_est=2.064
[INFO] [1789409582.909337081] [acados_nmpc_node]: [attach-window] t=115.10s pos_err=0.192m T=21.54N z=6.398 m_est=2.064
[INFO] [1789409582.965206401] [acados_nmpc_node]: [attach-window] t=115.16s pos_err=0.172m T=21.28N z=6.406 m_est=2.064
[INFO] [1789409582.996172170] [acados_nmpc_node]: [wcmd] raw=[+0.122,-0.025,-0.538] w=[+0.010,+0.233,-0.375] err=[+0.112,-0.258] scaled=[+0.570,-1.057] s=5.00
[INFO] [1789409583.009328831] [acados_nmpc_node]: [attach-window] t=115.20s pos_err=0.194m T=21.18N z=6.412 m_est=2.064
[INFO] [1789409583.065726591] [acados_nmpc_node]: [attach-window] t=115.26s pos_err=0.160m T=20.87N z=6.425 m_est=2.064
[INFO] [1789409583.109376423] [acados_nmpc_node]: [attach-window] t=115.30s pos_err=0.181m T=20.81N z=6.431 m_est=2.064
[INFO] [1789409583.165287349] [acados_nmpc_node]: [attach-window] t=115.36s pos_err=0.164m T=20.76N z=6.443 m_est=2.064
[INFO] [1789409583.195965408] [acados_nmpc_node]: [wcmd] raw=[-0.173,+0.193,-0.673] w=[-0.250,+0.456,-0.379] err=[+0.077,-0.263] scaled=[+0.133,-0.857] s=5.00
[INFO] [1789409583.209379188] [acados_nmpc_node]: [attach-window] t=115.40s pos_err=0.186m T=20.93N z=6.449 m_est=2.064
[INFO] [1789409583.290374618] [acados_nmpc_node]: [attach-window] t=115.46s pos_err=0.156m T=20.84N z=6.463 m_est=2.064
[INFO] [1789409583.309656613] [acados_nmpc_node]: [attach-window] t=115.50s pos_err=0.175m T=20.75N z=6.469 m_est=2.064
[INFO] [1789409583.365224874] [acados_nmpc_node]: [attach-window] t=115.56s pos_err=0.160m T=20.69N z=6.481 m_est=2.064
[INFO] [1789409583.409469696] [acados_nmpc_node]: [attach-window] t=115.60s pos_err=0.179m T=20.75N z=6.487 m_est=2.064
[INFO] [1789409583.415990119] [acados_nmpc_node]: [wcmd] raw=[+0.202,-0.044,-0.876] w=[+0.629,-0.338,-0.633] err=[-0.427,+0.294] scaled=[-1.506,+1.132] s=5.00
[INFO] [1789409583.464611087] [acados_nmpc_node]: [attach-window] t=115.66s pos_err=0.150m T=20.30N z=6.502 m_est=2.064
[INFO] [1789409583.509217188] [acados_nmpc_node]: [attach-window] t=115.70s pos_err=0.166m T=20.30N z=6.509 m_est=2.064
[INFO] [1789409583.564752254] [acados_nmpc_node]: [attach-window] t=115.76s pos_err=0.150m T=20.45N z=6.522 m_est=2.064
[INFO] [1789409583.609214116] [acados_nmpc_node]: [attach-window] t=115.80s pos_err=0.153m T=20.73N z=6.530 m_est=2.064
[INFO] [1789409583.615930278] [acados_nmpc_node]: [wcmd] raw=[-0.080,-0.289,-1.032] w=[-0.411,-0.877,-0.902] err=[+0.331,+0.588] scaled=[+1.154,+1.900] s=5.00
[INFO] [1789409583.665118820] [acados_nmpc_node]: [attach-window] t=115.86s pos_err=0.139m T=21.11N z=6.541 m_est=2.064
[INFO] [1789409583.709354836] [acados_nmpc_node]: [attach-window] t=115.90s pos_err=0.153m T=21.38N z=6.544 m_est=2.064
[INFO] [1789409583.765197586] [acados_nmpc_node]: [attach-window] t=115.96s pos_err=0.141m T=21.42N z=6.550 m_est=2.064
[INFO] [1789409583.809403003] [acados_nmpc_node]: [attach-window] t=116.00s pos_err=0.145m T=21.30N z=6.554 m_est=2.064
[INFO] [1789409583.815974465] [acados_nmpc_node]: [wcmd] raw=[-0.047,+0.108,-1.062] w=[+0.202,+0.233,-0.873] err=[-0.249,-0.124] scaled=[-1.044,-0.389] s=5.00
[INFO] [1789409583.864298705] [acados_nmpc_node]: [attach-window] t=116.06s pos_err=0.136m T=21.21N z=6.560 m_est=2.064
[INFO] [1789409583.908184304] [acados_nmpc_node]: [attach-window] t=116.10s pos_err=0.147m T=21.29N z=6.564 m_est=2.064
[INFO] [1789409583.908558325] [acados_nmpc_node]: t=116.1s | pos_err=0.147m | T=21.29N | tau=[r0.449 p0.307 y-0.036]Nm | res_stat=4.464e-07(peak 8.426e-06) sqp_iter=5 | solve=1.8ms
[INFO] [1789409583.908714945] [acados_nmpc_node]: [flight-diag] t=116.1s | om_scale=5.000(lo 5.000 hi 5.000) | tilt_max=12.60deg | w_max=[r0.691 p1.085 y0.988]rad/s | u_frac=[T0.712 r1.000 p1.000 y0.903] | u_sat=[T0.0 r48.0 p50.0 y0.0]% | mot_peak=1.000 mot_sat=27.8% | health=1 age=0.000s conf=0.026 | n=100
[INFO] [1789409583.964785973] [acados_nmpc_node]: [attach-window] t=116.16s pos_err=0.139m T=21.15N z=6.572 m_est=2.064
[INFO] [1789409584.009072214] [acados_nmpc_node]: [attach-window] t=116.20s pos_err=0.149m T=21.26N z=6.576 m_est=2.064
[INFO] [1789409584.015976597] [acados_nmpc_node]: [wcmd] raw=[+0.161,+0.182,-1.048] w=[+0.074,+0.394,-0.977] err=[+0.088,-0.212] scaled=[+0.512,-0.667] s=5.00
[INFO] [1789409584.064990593] [acados_nmpc_node]: [attach-window] t=116.26s pos_err=0.134m T=21.11N z=6.585 m_est=2.064
[INFO] [1789409584.109325645] [acados_nmpc_node]: [attach-window] t=116.30s pos_err=0.143m T=21.04N z=6.590 m_est=2.064
[INFO] [1789409584.164559902] [acados_nmpc_node]: [attach-window] t=116.36s pos_err=0.134m T=21.12N z=6.599 m_est=2.064
[INFO] [1789409584.209076958] [acados_nmpc_node]: [attach-window] t=116.40s pos_err=0.142m T=21.19N z=6.603 m_est=2.064
[INFO] [1789409584.215952060] [acados_nmpc_node]: [wcmd] raw=[-0.069,-0.247,-0.939] w=[-0.446,-0.710,-1.234] err=[+0.377,+0.463] scaled=[+1.440,+1.604] s=5.00
[INFO] [1789409584.264851163] [acados_nmpc_node]: [attach-window] t=116.46s pos_err=0.126m T=20.69N z=6.614 m_est=2.064
[INFO] [1789409584.308855051] [acados_nmpc_node]: [attach-window] t=116.50s pos_err=0.131m T=20.60N z=6.620 m_est=2.064
[INFO] [1789409584.365074905] [acados_nmpc_node]: [attach-window] t=116.56s pos_err=0.120m T=20.28N z=6.631 m_est=2.064
[INFO] [1789409584.409465755] [acados_nmpc_node]: [attach-window] t=116.60s pos_err=0.125m T=20.24N z=6.638 m_est=2.064
[INFO] [1789409584.415978033] [acados_nmpc_node]: [wcmd] raw=[+0.187,-0.211,-0.730] w=[+0.583,-0.300,-1.096] err=[-0.396,+0.089] scaled=[-1.397,+0.147] s=5.00
[INFO] [1789409584.464913383] [acados_nmpc_node]: [attach-window] t=116.66s pos_err=0.108m T=20.03N z=6.653 m_est=2.064
[INFO] [1789409584.509252464] [acados_nmpc_node]: [attach-window] t=116.70s pos_err=0.111m T=20.15N z=6.660 m_est=2.064
[INFO] [1789409584.597283368] [acados_nmpc_node]: [attach-window] t=116.76s pos_err=0.099m T=20.09N z=6.672 m_est=2.064
[INFO] [1789409584.609193829] [acados_nmpc_node]: [attach-window] t=116.80s pos_err=0.104m T=20.18N z=6.678 m_est=2.064
[INFO] [1789409584.664557968] [acados_nmpc_node]: [attach-window] t=116.86s pos_err=0.086m T=20.15N z=6.689 m_est=2.064
[INFO] [1789409584.664991246] [acados_nmpc_node]: [wcmd] raw=[+0.253,-0.232,-0.456] w=[-0.023,+0.132,-0.798] err=[+0.276,-0.364] scaled=[+1.357,-1.686] s=5.00
[INFO] [1789409584.709137542] [acados_nmpc_node]: [attach-window] t=116.90s pos_err=0.090m T=20.43N z=6.693 m_est=2.064
[INFO] [1789409584.782228282] [acados_nmpc_node]: [attach-window] t=116.96s pos_err=0.076m T=20.68N z=6.702 m_est=2.064
[INFO] [1789409584.809294341] [acados_nmpc_node]: [attach-window] t=117.00s pos_err=0.079m T=21.22N z=6.704 m_est=2.064
[INFO] [1789409584.862282033] [acados_nmpc_node]: [attach-window] t=117.05s pos_err=0.073m T=21.97N z=6.702 m_est=2.064
[INFO] [1789409584.876034647] [acados_nmpc_node]: [wcmd] raw=[-0.271,+0.051,-0.269] w=[-0.063,+0.468,-0.501] err=[-0.208,-0.416] scaled=[-1.101,-1.614] s=5.00
[INFO] [1789409584.908146852] [acados_nmpc_node]: [attach-window] t=117.10s pos_err=0.083m T=22.15N z=6.701 m_est=2.064
[INFO] [1789409584.961992720] [acados_nmpc_node]: [attach-window] t=117.15s pos_err=0.077m T=21.78N z=6.699 m_est=2.064
[INFO] [1789409585.015371322] [acados_nmpc_node]: [attach-window] t=117.20s pos_err=0.093m T=21.57N z=6.700 m_est=2.064
[INFO] [1789409585.064416164] [acados_nmpc_node]: [attach-window] t=117.26s pos_err=0.079m T=20.82N z=6.704 m_est=2.064
[INFO] [1789409585.075935316] [acados_nmpc_node]: [wcmd] raw=[-0.003,+0.091,-0.202] w=[+0.046,-0.335,-0.476] err=[-0.049,+0.426] scaled=[-0.198,+1.796] s=5.00
[INFO] [1789409585.109050272] [acados_nmpc_node]: [attach-window] t=117.30s pos_err=0.095m T=20.74N z=6.706 m_est=2.064
[INFO] [1789409585.164300650] [acados_nmpc_node]: [attach-window] t=117.36s pos_err=0.088m T=20.66N z=6.714 m_est=2.064
[INFO] [1789409585.209387040] [acados_nmpc_node]: [attach-window] t=117.40s pos_err=0.109m T=20.72N z=6.718 m_est=2.064
[INFO] [1789409585.290809663] [acados_nmpc_node]: [attach-window] t=117.46s pos_err=0.089m T=20.50N z=6.728 m_est=2.064
[INFO] [1789409585.295990294] [acados_nmpc_node]: [wcmd] raw=[-0.020,-0.215,-0.196] w=[-0.491,-0.453,-0.404] err=[+0.471,+0.238] scaled=[+1.863,+0.736] s=5.00
[INFO] [1789409585.309128567] [acados_nmpc_node]: [attach-window] t=117.50s pos_err=0.109m T=20.48N z=6.732 m_est=2.064
[INFO] [1789409585.365279656] [acados_nmpc_node]: [attach-window] t=117.56s pos_err=0.099m T=20.10N z=6.741 m_est=2.064
[INFO] [1789409585.408768441] [acados_nmpc_node]: [attach-window] t=117.60s pos_err=0.123m T=20.15N z=6.746 m_est=2.064
[INFO] [1789409585.465060518] [acados_nmpc_node]: [attach-window] t=117.66s pos_err=0.095m T=20.07N z=6.755 m_est=2.064
[INFO] [1789409585.496023919] [acados_nmpc_node]: [wcmd] raw=[+0.105,-0.048,-0.178] w=[+0.428,+0.294,-0.207] err=[-0.323,-0.343] scaled=[-1.186,-1.420] s=5.00
[INFO] [1789409585.509283725] [acados_nmpc_node]: [attach-window] t=117.70s pos_err=0.119m T=20.19N z=6.759 m_est=2.064
[INFO] [1789409585.564280121] [acados_nmpc_node]: [attach-window] t=117.76s pos_err=0.105m T=20.17N z=6.766 m_est=2.064
[INFO] [1789409585.609575340] [acados_nmpc_node]: [attach-window] t=117.80s pos_err=0.131m T=20.27N z=6.769 m_est=2.064
[INFO] [1789409585.682611891] [acados_nmpc_node]: [attach-window] t=117.86s pos_err=0.099m T=19.80N z=6.775 m_est=2.064
[INFO] [1789409585.736346060] [acados_nmpc_node]: [attach-window] t=117.90s pos_err=0.126m T=19.78N z=6.778 m_est=2.064
[INFO] [1789409585.736930400] [acados_nmpc_node]: [wcmd] raw=[+0.181,+0.100,-0.173] w=[-0.285,+0.364,-0.152] err=[+0.466,-0.265] scaled=[+1.900,-0.875] s=5.00
[INFO] [1789409585.792292422] [acados_nmpc_node]: [attach-window] t=117.96s pos_err=0.108m T=19.73N z=6.784 m_est=2.064
[INFO] [1789409585.808180585] [acados_nmpc_node]: [attach-window] t=118.00s pos_err=0.136m T=19.64N z=6.787 m_est=2.064
[INFO] [1789409585.862647402] [acados_nmpc_node]: [attach-window] t=118.05s pos_err=0.097m T=18.80N z=6.793 m_est=2.064
[INFO] [1789409585.908876456] [acados_nmpc_node]: [attach-window] t=118.10s pos_err=0.128m T=19.31N z=6.795 m_est=2.064
[INFO] [1789409585.983532906] [acados_nmpc_node]: [attach-window] t=118.16s pos_err=0.109m T=19.86N z=6.798 m_est=2.064
[INFO] [1789409585.983975328] [acados_nmpc_node]: [wcmd] raw=[-0.393,-0.453,-0.213] w=[-0.129,-0.901,-0.343] err=[-0.263,+0.447] scaled=[-1.446,+1.336] s=5.00
[INFO] [1789409586.009083100] [acados_nmpc_node]: [attach-window] t=118.20s pos_err=0.137m T=19.93N z=6.799 m_est=2.064
[INFO] [1789409586.064074913] [acados_nmpc_node]: [attach-window] t=118.26s pos_err=0.101m T=20.28N z=6.799 m_est=2.064
[INFO] [1789409586.134773107] [acados_nmpc_node]: [attach-window] t=118.30s pos_err=0.128m T=20.55N z=6.798 m_est=2.064
[INFO] [1789409586.164318806] [acados_nmpc_node]: [attach-window] t=118.36s pos_err=0.111m T=20.41N z=6.796 m_est=2.064
[INFO] [1789409586.176075946] [acados_nmpc_node]: [wcmd] raw=[+0.066,-0.209,-0.237] w=[-0.277,-0.238,-0.179] err=[+0.343,+0.029] scaled=[+1.436,-0.091] s=5.00
[INFO] [1789409586.209037426] [acados_nmpc_node]: [attach-window] t=118.40s pos_err=0.139m T=20.37N z=6.795 m_est=2.064
[INFO] [1789409586.264778938] [acados_nmpc_node]: [attach-window] t=118.46s pos_err=0.108m T=19.89N z=6.795 m_est=2.064
[INFO] [1789409586.309164875] [acados_nmpc_node]: [attach-window] t=118.50s pos_err=0.135m T=20.05N z=6.794 m_est=2.064
[INFO] [1789409586.364856581] [acados_nmpc_node]: [attach-window] t=118.56s pos_err=0.120m T=20.36N z=6.793 m_est=2.064
[INFO] [1789409586.375944008] [acados_nmpc_node]: [wcmd] raw=[-0.223,+0.147,-0.281] w=[-0.094,+0.625,-0.015] err=[-0.129,-0.478] scaled=[-0.741,-1.763] s=5.00
[INFO] [1789409586.408949299] [acados_nmpc_node]: [attach-window] t=118.60s pos_err=0.148m T=20.53N z=6.792 m_est=2.064
[INFO] [1789409586.482369413] [acados_nmpc_node]: [attach-window] t=118.66s pos_err=0.118m T=20.43N z=6.791 m_est=2.064
[INFO] [1789409586.509065047] [acados_nmpc_node]: [attach-window] t=118.70s pos_err=0.146m T=20.20N z=6.790 m_est=2.064
[INFO] [1789409586.564473355] [acados_nmpc_node]: [attach-window] t=118.76s pos_err=0.133m T=20.22N z=6.789 m_est=2.064
[INFO] [1789409586.595964130] [acados_nmpc_node]: [wcmd] raw=[+0.078,+0.211,-0.357] w=[+0.558,+0.553,-0.131] err=[-0.481,-0.342] scaled=[-1.845,-1.158] s=5.00
[INFO] [1789409586.609080351] [acados_nmpc_node]: [attach-window] t=118.80s pos_err=0.163m T=20.30N z=6.788 m_est=2.064
[INFO] [1789409586.665627634] [acados_nmpc_node]: [attach-window] t=118.86s pos_err=0.131m T=20.72N z=6.786 m_est=2.064
[INFO] [1789409586.709820044] [acados_nmpc_node]: [attach-window] t=118.90s pos_err=0.159m T=21.37N z=6.783 m_est=2.064
[INFO] [1789409586.764945663] [acados_nmpc_node]: [attach-window] t=118.96s pos_err=0.144m T=21.49N z=6.776 m_est=2.064
[INFO] [1789409586.796012282] [acados_nmpc_node]: [wcmd] raw=[+0.059,-0.241,-0.408] w=[-0.403,-0.467,-0.418] err=[+0.461,+0.226] scaled=[+1.900,+0.660] s=5.00
[INFO] [1789409586.809292657] [acados_nmpc_node]: [attach-window] t=119.00s pos_err=0.172m T=21.36N z=6.772 m_est=2.064
[INFO] [1789409586.864522680] [acados_nmpc_node]: [attach-window] t=119.06s pos_err=0.136m T=20.95N z=6.766 m_est=2.064
[INFO] [1789409586.909227178] [acados_nmpc_node]: [attach-window] t=119.10s pos_err=0.162m T=20.81N z=6.764 m_est=2.064
[INFO] [1789409586.965209644] [acados_nmpc_node]: [attach-window] t=119.16s pos_err=0.141m T=20.53N z=6.762 m_est=2.064
[INFO] [1789409586.996111226] [acados_nmpc_node]: [wcmd] raw=[+0.098,-0.433,-0.404] w=[+0.261,-0.535,-0.492] err=[-0.163,+0.102] scaled=[-0.554,-0.026] s=5.00
[INFO] [1789409587.009151296] [acados_nmpc_node]: [attach-window] t=119.20s pos_err=0.166m T=20.96N z=6.760 m_est=2.064
[INFO] [1789409587.065244336] [acados_nmpc_node]: [attach-window] t=119.26s pos_err=0.128m T=21.29N z=6.755 m_est=2.064
[INFO] [1789409587.109161972] [acados_nmpc_node]: [attach-window] t=119.30s pos_err=0.151m T=20.98N z=6.753 m_est=2.064
[INFO] [1789409587.165195408] [acados_nmpc_node]: [attach-window] t=119.36s pos_err=0.130m T=20.79N z=6.749 m_est=2.064
[INFO] [1789409587.196050437] [acados_nmpc_node]: [wcmd] raw=[+0.104,-0.036,-0.369] w=[-0.025,+0.079,-0.348] err=[+0.129,-0.115] scaled=[+0.622,-0.497] s=5.00
[INFO] [1789409587.208921455] [acados_nmpc_node]: [attach-window] t=119.40s pos_err=0.153m T=20.64N z=6.747 m_est=2.064
[INFO] [1789409587.265047619] [acados_nmpc_node]: [attach-window] t=119.46s pos_err=0.120m T=20.46N z=6.745 m_est=2.064
[INFO] [1789409587.309194103] [acados_nmpc_node]: [attach-window] t=119.50s pos_err=0.141m T=20.41N z=6.744 m_est=2.064
[INFO] [1789409587.364175646] [acados_nmpc_node]: [attach-window] t=119.56s pos_err=0.125m T=20.41N z=6.741 m_est=2.064
[INFO] [1789409587.395990593] [acados_nmpc_node]: [wcmd] raw=[-0.211,+0.013,-0.422] w=[-0.313,+0.217,-0.306] err=[+0.102,-0.203] scaled=[+0.196,-0.801] s=5.00
[INFO] [1789409587.408884345] [acados_nmpc_node]: [attach-window] t=119.60s pos_err=0.148m T=20.46N z=6.740 m_est=2.064
[INFO] [1789409587.465235078] [acados_nmpc_node]: [attach-window] t=119.66s pos_err=0.119m T=20.42N z=6.737 m_est=2.064
[INFO] [1789409587.511629634] [acados_nmpc_node]: [attach-window] t=119.70s pos_err=0.140m T=20.28N z=6.736 m_est=2.064
[INFO] [1789409587.564741927] [acados_nmpc_node]: [attach-window] t=119.76s pos_err=0.126m T=20.19N z=6.733 m_est=2.064
[INFO] [1789409587.595968864] [acados_nmpc_node]: [wcmd] raw=[+0.157,-0.209,-0.531] w=[+0.559,-0.373,-0.397] err=[-0.401,+0.164] scaled=[-1.448,+0.446] s=5.00
[INFO] [1789409587.609687205] [acados_nmpc_node]: [attach-window] t=119.80s pos_err=0.148m T=19.86N z=6.732 m_est=2.064
[INFO] [1789409587.664776295] [acados_nmpc_node]: [attach-window] t=119.86s pos_err=0.123m T=19.77N z=6.731 m_est=2.064
[INFO] [1789409587.709550152] [acados_nmpc_node]: [attach-window] t=119.90s pos_err=0.142m T=19.92N z=6.730 m_est=2.064
[INFO] [1789409587.765064389] [acados_nmpc_node]: [attach-window] t=119.96s pos_err=0.131m T=19.92N z=6.729 m_est=2.064
[INFO] [1789409587.796097701] [acados_nmpc_node]: [wcmd] raw=[-0.010,-0.157,-0.675] w=[-0.473,-0.572,-0.527] err=[+0.463,+0.415] scaled=[+1.843,+1.503] s=5.00
[INFO] [1789409587.809660262] [acados_nmpc_node]: [attach-window] t=120.00s pos_err=0.150m T=19.93N z=6.728 m_est=2.064
[INFO] [1789409587.865286973] [acados_nmpc_node]: [attach-window] t=120.06s pos_err=0.129m T=20.12N z=6.724 m_est=2.064
[INFO] [1789409587.908934027] [acados_nmpc_node]: [attach-window] t=120.10s pos_err=0.147m T=20.34N z=6.721 m_est=2.064
[INFO] [1789409587.965446964] [acados_nmpc_node]: [attach-window] t=120.16s pos_err=0.128m T=20.57N z=6.713 m_est=2.064
[INFO] [1789409587.995973894] [acados_nmpc_node]: [wcmd] raw=[-0.038,+0.025,-0.796] w=[+0.112,+0.306,-0.532] err=[-0.150,-0.282] scaled=[-0.636,-1.101] s=5.00
[INFO] [1789409588.009175142] [acados_nmpc_node]: [attach-window] t=120.20s pos_err=0.144m T=20.71N z=6.709 m_est=2.064
[INFO] [1789409588.065063487] [acados_nmpc_node]: [attach-window] t=120.26s pos_err=0.135m T=20.98N z=6.699 m_est=2.064
[INFO] [1789409588.109104296] [acados_nmpc_node]: [attach-window] t=120.30s pos_err=0.152m T=20.94N z=6.694 m_est=2.064
[INFO] [1789409588.164391220] [acados_nmpc_node]: [attach-window] t=120.36s pos_err=0.143m T=21.44N z=6.682 m_est=2.064
[INFO] [1789409588.196009242] [acados_nmpc_node]: [wcmd] raw=[+0.175,+0.224,-0.909] w=[+0.340,+0.628,-0.625] err=[-0.164,-0.404] scaled=[-0.482,-1.392] s=5.00
[INFO] [1789409588.209615907] [acados_nmpc_node]: [attach-window] t=120.40s pos_err=0.160m T=21.67N z=6.675 m_est=2.064
[INFO] [1789409588.266867961] [acados_nmpc_node]: [attach-window] t=120.46s pos_err=0.141m T=21.83N z=6.658 m_est=2.064
[INFO] [1789409588.309495510] [acados_nmpc_node]: [attach-window] t=120.50s pos_err=0.155m T=22.77N z=6.649 m_est=2.064
[INFO] [1789409588.364743600] [acados_nmpc_node]: [attach-window] t=120.56s pos_err=0.140m T=22.89N z=6.625 m_est=2.064
[INFO] [1789409588.395961279] [acados_nmpc_node]: [wcmd] raw=[-0.096,-0.328,-0.995] w=[-0.341,-0.400,-0.947] err=[+0.246,+0.072] scaled=[+0.888,-0.041] s=5.00
[INFO] [1789409588.409044323] [acados_nmpc_node]: [attach-window] t=120.60s pos_err=0.150m T=22.75N z=6.616 m_est=2.064
[INFO] [1789409588.464789243] [acados_nmpc_node]: [attach-window] t=120.66s pos_err=0.143m T=22.25N z=6.599 m_est=2.064
[INFO] [1789409588.508901298] [acados_nmpc_node]: [attach-window] t=120.70s pos_err=0.150m T=21.96N z=6.593 m_est=2.064
[INFO] [1789409588.565214210] [acados_nmpc_node]: [attach-window] t=120.76s pos_err=0.141m T=21.43N z=6.582 m_est=2.064
[INFO] [1789409588.595987742] [acados_nmpc_node]: [wcmd] raw=[+0.073,-0.264,-1.002] w=[+0.414,-0.206,-1.002] err=[-0.341,-0.058] scaled=[-1.293,-0.495] s=5.00
[INFO] [1789409588.609345152] [acados_nmpc_node]: [attach-window] t=120.80s pos_err=0.145m T=21.32N z=6.578 m_est=2.064
[INFO] [1789409588.664585723] [acados_nmpc_node]: [attach-window] t=120.86s pos_err=0.132m T=21.07N z=6.570 m_est=2.064
[INFO] [1789409588.709194839] [acados_nmpc_node]: [attach-window] t=120.90s pos_err=0.132m T=20.84N z=6.568 m_est=2.064
[INFO] [1789409588.764821970] [acados_nmpc_node]: [attach-window] t=120.96s pos_err=0.123m T=20.52N z=6.564 m_est=2.064
[INFO] [1789409588.795968377] [acados_nmpc_node]: [wcmd] raw=[+0.121,-0.051,-0.946] w=[-0.075,+0.626,-0.873] err=[+0.197,-0.677] scaled=[+0.658,-1.900] s=5.00
[INFO] [1789409588.808499424] [acados_nmpc_node]: [attach-window] t=121.00s pos_err=0.119m T=20.32N z=6.563 m_est=2.064
[INFO] [1789409588.862205563] [acados_nmpc_node]: [attach-window] t=121.05s pos_err=0.115m T=20.15N z=6.560 m_est=2.064
[INFO] [1789409588.908058955] [acados_nmpc_node]: [attach-window] t=121.10s pos_err=0.109m T=20.23N z=6.559 m_est=2.064
[INFO] [1789409588.908405699] [acados_nmpc_node]: t=121.1s | pos_err=0.109m | T=20.23N | tau=[r-0.500 p0.500 y0.052]Nm | res_stat=4.817e-07(peak 8.426e-06) sqp_iter=5 | solve=1.9ms
[INFO] [1789409588.908558395] [acados_nmpc_node]: [flight-diag] t=121.1s | om_scale=5.000(lo 5.000 hi 5.000) | tilt_max=10.77deg | w_max=[r0.823 p1.078 y1.225]rad/s | u_frac=[T0.730 r1.000 p1.000 y0.979] | u_sat=[T0.0 r47.0 p52.0 y0.0]% | mot_peak=1.000 mot_sat=26.4% | health=1 age=0.000s conf=0.000 | n=100
[INFO] [1789409588.962862118] [acados_nmpc_node]: [attach-window] t=121.15s pos_err=0.104m T=20.26N z=6.556 m_est=2.064
[INFO] [1789409588.996004302] [acados_nmpc_node]: [wcmd] raw=[-0.096,-0.073,-0.853] w=[-0.127,+0.088,-0.929] err=[+0.031,-0.161] scaled=[+0.027,-0.719] s=5.00
[INFO] [1789409589.008780669] [acados_nmpc_node]: [attach-window] t=121.20s pos_err=0.098m T=20.29N z=6.554 m_est=2.064
[INFO] [1789409589.064890296] [acados_nmpc_node]: [attach-window] t=121.26s pos_err=0.096m T=20.32N z=6.548 m_est=2.064
[INFO] [1789409589.108805845] [acados_nmpc_node]: [attach-window] t=121.30s pos_err=0.087m T=20.33N z=6.545 m_est=2.064
[INFO] [1789409589.164786419] [acados_nmpc_node]: [attach-window] t=121.36s pos_err=0.084m T=20.28N z=6.539 m_est=2.064
[INFO] [1789409589.195959573] [acados_nmpc_node]: [wcmd] raw=[+0.065,+0.055,-0.748] w=[+0.412,-0.464,-0.964] err=[-0.347,+0.519] scaled=[-1.169,+1.900] s=5.00
[INFO] [1789409589.209218559] [acados_nmpc_node]: [attach-window] t=121.40s pos_err=0.077m T=20.23N z=6.536 m_est=2.064
[INFO] [1789409589.264597377] [acados_nmpc_node]: [attach-window] t=121.46s pos_err=0.078m T=20.20N z=6.529 m_est=2.064
[INFO] [1789409589.309081804] [acados_nmpc_node]: [attach-window] t=121.50s pos_err=0.068m T=20.36N z=6.526 m_est=2.064
[INFO] [1789409589.365434367] [acados_nmpc_node]: [attach-window] t=121.56s pos_err=0.067m T=20.15N z=6.519 m_est=2.064
[INFO] [1789409589.396009256] [acados_nmpc_node]: [wcmd] raw=[+0.010,-0.163,-0.607] w=[-0.470,-0.316,-0.857] err=[+0.479,+0.153] scaled=[+1.900,+0.443] s=5.00
[INFO] [1789409589.408965166] [acados_nmpc_node]: [attach-window] t=121.60s pos_err=0.061m T=20.11N z=6.516 m_est=2.064
[INFO] [1789409589.465347763] [acados_nmpc_node]: [attach-window] t=121.66s pos_err=0.063m T=19.86N z=6.510 m_est=2.064
[INFO] [1789409589.509342203] [acados_nmpc_node]: [attach-window] t=121.70s pos_err=0.055m T=19.67N z=6.507 m_est=2.064
[INFO] [1789409589.564776579] [acados_nmpc_node]: [attach-window] t=121.76s pos_err=0.061m T=19.81N z=6.500 m_est=2.064
[INFO] [1789409589.595940974] [acados_nmpc_node]: [wcmd] raw=[-0.057,-0.013,-0.422] w=[+0.192,+0.355,-0.661] err=[-0.250,-0.368] scaled=[-1.055,-1.484] s=5.00
[INFO] [1789409589.608966864] [acados_nmpc_node]: [attach-window] t=121.80s pos_err=0.052m T=20.04N z=6.497 m_est=2.064
[INFO] [1789409589.664456209] [acados_nmpc_node]: [attach-window] t=121.86s pos_err=0.050m T=20.08N z=6.488 m_est=2.064
[INFO] [1789409589.709586755] [acados_nmpc_node]: [attach-window] t=121.90s pos_err=0.046m T=20.12N z=6.484 m_est=2.064
[INFO] [1789409589.764723348] [acados_nmpc_node]: [attach-window] t=121.96s pos_err=0.041m T=20.00N z=6.474 m_est=2.064
[INFO] [1789409589.795962530] [acados_nmpc_node]: [wcmd] raw=[+0.167,+0.238,-0.259] w=[+0.160,+0.553,-0.506] err=[+0.007,-0.316] scaled=[+0.193,-1.024] s=5.00
[INFO] [1789409589.808759793] [acados_nmpc_node]: [attach-window] t=122.00s pos_err=0.051m T=20.17N z=6.469 m_est=2.064
[INFO] [1789409589.865719080] [acados_nmpc_node]: [attach-window] t=122.06s pos_err=0.036m T=20.00N z=6.457 m_est=2.064
[INFO] [1789409589.909201866] [acados_nmpc_node]: [attach-window] t=122.10s pos_err=0.046m T=20.39N z=6.451 m_est=2.064
[INFO] [1789409589.964689627] [acados_nmpc_node]: [attach-window] t=122.16s pos_err=0.035m T=20.62N z=6.439 m_est=2.064
[INFO] [1789409589.996061935] [acados_nmpc_node]: [wcmd] raw=[-0.213,-0.190,-0.143] w=[-0.353,-0.260,-0.504] err=[+0.140,+0.071] scaled=[+0.346,+0.093] s=5.00
[INFO] [1789409590.009165885] [acados_nmpc_node]: [attach-window] t=122.20s pos_err=0.058m T=20.84N z=6.432 m_est=2.064
[INFO] [1789409590.064880161] [acados_nmpc_node]: [attach-window] t=122.26s pos_err=0.028m T=20.75N z=6.416 m_est=2.064
[INFO] [1789409590.137649001] [acados_nmpc_node]: [attach-window] t=122.30s pos_err=0.049m T=20.75N z=6.409 m_est=2.064
[INFO] [1789409590.164362013] [acados_nmpc_node]: [attach-window] t=122.36s pos_err=0.029m T=20.58N z=6.395 m_est=2.064
[INFO] [1789409590.209382644] [acados_nmpc_node]: [attach-window] t=122.40s pos_err=0.060m T=20.63N z=6.388 m_est=2.064
[INFO] [1789409590.215978891] [acados_nmpc_node]: [wcmd] raw=[+0.288,-0.345,-0.064] w=[+0.756,-0.896,-0.369] err=[-0.468,+0.551] scaled=[-1.585,+1.857] s=5.00
[INFO] [1789409590.265648975] [acados_nmpc_node]: [attach-window] t=122.46s pos_err=0.022m T=20.74N z=6.372 m_est=2.064
[INFO] [1789409590.309164362] [acados_nmpc_node]: [attach-window] t=122.50s pos_err=0.051m T=21.63N z=6.362 m_est=2.064
[INFO] [1789409590.364648710] [acados_nmpc_node]: [attach-window] t=122.56s pos_err=0.028m T=22.02N z=6.340 m_est=2.064
[INFO] [1789409590.409119424] [acados_nmpc_node]: [attach-window] t=122.60s pos_err=0.042m T=22.13N z=6.326 m_est=2.064
[INFO] [1789409590.415971586] [acados_nmpc_node]: [wcmd] raw=[-0.181,+0.012,-0.045] w=[-0.562,+0.207,-0.034] err=[+0.381,-0.194] scaled=[+1.343,-0.765] s=5.00
[INFO] [1789409590.464448079] [acados_nmpc_node]: [attach-window] t=122.66s pos_err=0.026m T=21.81N z=6.305 m_est=2.064
[INFO] [1789409590.508910389] [acados_nmpc_node]: [attach-window] t=122.70s pos_err=0.062m T=21.69N z=6.296 m_est=2.064
[INFO] [1789409590.588518964] [acados_nmpc_node]: [attach-window] t=122.76s pos_err=0.042m T=21.01N z=6.280 m_est=2.064
[INFO] [1789409590.608985843] [acados_nmpc_node]: [attach-window] t=122.80s pos_err=0.083m T=21.06N z=6.273 m_est=2.064
[INFO] [1789409590.635983280] [acados_nmpc_node]: [wcmd] raw=[-0.180,+0.169,-0.083] w=[+0.150,+0.614,+0.112] err=[-0.330,-0.445] scaled=[-1.501,-1.613] s=5.00
[INFO] [1789409590.665977762] [acados_nmpc_node]: [attach-window] t=122.86s pos_err=0.037m T=20.55N z=6.257 m_est=2.064
[INFO] [1789409590.708804765] [acados_nmpc_node]: [attach-window] t=122.90s pos_err=0.075m T=21.03N z=6.250 m_est=2.064
[INFO] [1789409590.764596444] [acados_nmpc_node]: [attach-window] t=122.96s pos_err=0.051m T=20.99N z=6.236 m_est=2.064
[INFO] [1789409590.809312313] [acados_nmpc_node]: [attach-window] t=123.00s pos_err=0.093m T=20.92N z=6.229 m_est=2.064
[INFO] [1789409590.835980307] [acados_nmpc_node]: [wcmd] raw=[+0.173,-0.143,-0.144] w=[-0.036,-0.455,-0.117] err=[+0.209,+0.312] scaled=[+1.008,+1.106] s=5.00
[INFO] [1789409590.864633877] [acados_nmpc_node]: [attach-window] t=123.06s pos_err=0.041m T=20.56N z=6.215 m_est=2.064
[INFO] [1789409590.908981839] [acados_nmpc_node]: [attach-window] t=123.10s pos_err=0.081m T=20.41N z=6.208 m_est=2.064
[INFO] [1789409590.964636506] [acados_nmpc_node]: [attach-window] t=123.16s pos_err=0.052m T=20.06N z=6.197 m_est=2.064
[INFO] [1789409591.008383705] [acados_nmpc_node]: [attach-window] t=123.20s pos_err=0.095m T=20.27N z=6.191 m_est=2.064
[INFO] [1789409591.035984180] [acados_nmpc_node]: [wcmd] raw=[-0.203,-0.164,-0.151] w=[-0.360,-0.283,-0.134] err=[+0.157,+0.118] scaled=[+0.424,+0.309] s=5.00
[INFO] [1789409591.064528331] [acados_nmpc_node]: [attach-window] t=123.26s pos_err=0.036m T=20.23N z=6.179 m_est=2.064
[INFO] [1789409591.108995324] [acados_nmpc_node]: [attach-window] t=123.30s pos_err=0.082m T=20.03N z=6.174 m_est=2.064
[INFO] [1789409591.164179110] [acados_nmpc_node]: [attach-window] t=123.36s pos_err=0.024m T=20.00N z=6.161 m_est=2.064
[INFO] [1789409591.209058466] [acados_nmpc_node]: [attach-window] t=123.40s pos_err=0.071m T=20.07N z=6.155 m_est=2.064
[INFO] [1789409591.235994644] [acados_nmpc_node]: [wcmd] raw=[+0.033,-0.007,-0.105] w=[+0.562,+0.550,-0.023] err=[-0.529,-0.557] scaled=[-1.766,-1.900] s=5.00
[INFO] [1789409591.265117775] [acados_nmpc_node]: [attach-window] t=123.46s pos_err=0.042m T=19.98N z=6.143 m_est=2.064
[INFO] [1789409591.309163196] [acados_nmpc_node]: [attach-window] t=123.50s pos_err=0.092m T=20.23N z=6.137 m_est=2.064
[INFO] [1789409591.365474519] [acados_nmpc_node]: [attach-window] t=123.56s pos_err=0.038m T=19.95N z=6.122 m_est=2.064
[INFO] [1789409591.409645004] [acados_nmpc_node]: [attach-window] t=123.60s pos_err=0.090m T=19.92N z=6.116 m_est=2.064
[INFO] [1789409591.435938533] [acados_nmpc_node]: [wcmd] raw=[-0.039,+0.363,-0.034] w=[-0.467,+0.402,-0.056] err=[+0.428,-0.039] scaled=[+1.675,+0.207] s=5.00
[INFO] [1789409591.464499872] [acados_nmpc_node]: [attach-window] t=123.66s pos_err=0.067m T=20.18N z=6.103 m_est=2.064
[INFO] [1789409591.508628126] [acados_nmpc_node]: [attach-window] t=123.70s pos_err=0.120m T=20.18N z=6.097 m_est=2.064
[INFO] [1789409591.564896456] [acados_nmpc_node]: [attach-window] t=123.76s pos_err=0.069m T=20.03N z=6.082 m_est=2.064
[INFO] [1789409591.630981250] [acados_nmpc_node]: [attach-window] t=123.80s pos_err=0.153m T=20.01N z=6.077 m_est=2.064
[INFO] [1789409591.635952096] [acados_nmpc_node]: [wcmd] raw=[-0.188,+0.268,-0.012] w=[+0.094,+0.071,-0.038] err=[-0.282,+0.197] scaled=[-1.317,+1.054] s=5.00
[INFO] [1789409591.664312105] [acados_nmpc_node]: [attach-window] t=123.86s pos_err=0.102m T=20.50N z=6.061 m_est=2.064
[INFO] [1789409591.708946736] [acados_nmpc_node]: [attach-window] t=123.90s pos_err=0.157m T=20.75N z=6.053 m_est=2.064
[INFO] [1789409591.768918827] [acados_nmpc_node]: [attach-window] t=123.96s pos_err=0.134m T=20.62N z=6.037 m_est=2.064
[INFO] [1789409591.814978465] [acados_nmpc_node]: [attach-window] t=124.00s pos_err=0.188m T=20.43N z=6.030 m_est=2.064
[INFO] [1789409591.835944604] [acados_nmpc_node]: [wcmd] raw=[+0.086,-0.130,+0.004] w=[+0.028,-0.872,-0.140] err=[+0.058,+0.742] scaled=[+0.245,+1.900] s=5.00
[INFO] [1789409591.864951465] [acados_nmpc_node]: [attach-window] t=124.06s pos_err=0.133m T=19.75N z=6.014 m_est=2.064
[INFO] [1789409591.909553245] [acados_nmpc_node]: [attach-window] t=124.10s pos_err=0.187m T=19.55N z=6.008 m_est=2.064
[INFO] [1789409591.965343806] [acados_nmpc_node]: [attach-window] t=124.16s pos_err=0.161m T=20.00N z=5.996 m_est=2.064
[INFO] [1789409592.008784201] [acados_nmpc_node]: [attach-window] t=124.20s pos_err=0.212m T=20.25N z=5.990 m_est=2.064
[INFO] [1789409592.036042212] [acados_nmpc_node]: [wcmd] raw=[-0.165,+0.029,+0.022] w=[-0.486,+0.174,+0.042] err=[+0.321,-0.145] scaled=[+1.118,-0.550] s=5.00
[INFO] [1789409592.064711327] [acados_nmpc_node]: [attach-window] t=124.26s pos_err=0.152m T=20.29N z=5.974 m_est=2.064
[INFO] [1789409592.109189611] [acados_nmpc_node]: [attach-window] t=124.30s pos_err=0.204m T=20.13N z=5.968 m_est=2.064
[INFO] [1789409592.164223027] [acados_nmpc_node]: [attach-window] t=124.36s pos_err=0.173m T=19.95N z=5.955 m_est=2.064
[INFO] [1789409592.209281523] [acados_nmpc_node]: [attach-window] t=124.40s pos_err=0.223m T=19.94N z=5.948 m_est=2.064
[INFO] [1789409592.235997470] [acados_nmpc_node]: [wcmd] raw=[+0.035,-0.013,+0.058] w=[+0.593,+0.713,+0.145] err=[-0.558,-0.726] scaled=[-1.414,-1.900] s=5.00
[INFO] [1789409592.265613609] [acados_nmpc_node]: [attach-window] t=124.46s pos_err=0.158m T=19.78N z=5.933 m_est=2.064
[INFO] [1789409592.309423774] [acados_nmpc_node]: [attach-window] t=124.50s pos_err=0.206m T=20.40N z=5.926 m_est=2.064
[INFO] [1789409592.364772538] [acados_nmpc_node]: [attach-window] t=124.56s pos_err=0.171m T=20.58N z=5.910 m_est=2.064
[INFO] [1789409592.409118410] [acados_nmpc_node]: [attach-window] t=124.60s pos_err=0.218m T=20.58N z=5.902 m_est=2.064
[INFO] [1789409592.436011713] [acados_nmpc_node]: [wcmd] raw=[-0.078,-0.076,+0.110] w=[-0.559,-0.298,-0.047] err=[+0.480,+0.221] scaled=[+1.844,+0.809] s=5.00
[INFO] [1789409592.472708696] [acados_nmpc_node]: [attach-window] t=124.66s pos_err=0.149m T=20.41N z=5.883 m_est=2.064
[INFO] [1789409592.509060461] [acados_nmpc_node]: [attach-window] t=124.70s pos_err=0.194m T=20.32N z=5.875 m_est=2.064
[INFO] [1789409592.592227679] [acados_nmpc_node]: [attach-window] t=124.76s pos_err=0.156m T=20.03N z=5.860 m_est=2.064
[INFO] [1789409592.609052998] [acados_nmpc_node]: [attach-window] t=124.80s pos_err=0.200m T=20.11N z=5.852 m_est=2.064
[INFO] [1789409592.665611970] [acados_nmpc_node]: [attach-window] t=124.86s pos_err=0.133m T=21.35N z=5.836 m_est=2.064
[INFO] [1789409592.666033396] [acados_nmpc_node]: [wcmd] raw=[-0.250,-0.776,+0.130] w=[+0.064,-1.166,-0.089] err=[-0.314,+0.391] scaled=[-1.506,+0.787] s=5.00
[INFO] [1789409592.709762349] [acados_nmpc_node]: [attach-window] t=124.90s pos_err=0.176m T=20.93N z=5.827 m_est=2.064
[INFO] [1789409592.765340008] [acados_nmpc_node]: [attach-window] t=124.96s pos_err=0.142m T=21.32N z=5.807 m_est=2.064
[INFO] [1789409592.809002892] [acados_nmpc_node]: [attach-window] t=125.00s pos_err=0.184m T=21.23N z=5.797 m_est=2.064
[INFO] [1789409592.865812230] [acados_nmpc_node]: [attach-window] t=125.06s pos_err=0.128m T=21.13N z=5.777 m_est=2.064
[INFO] [1789409592.866404378] [acados_nmpc_node]: [wcmd] raw=[+0.101,+0.022,+0.223] w=[-0.185,+0.232,+0.239] err=[+0.286,-0.210] scaled=[+1.246,-0.818] s=5.00
[INFO] [1789409592.908895662] [acados_nmpc_node]: [attach-window] t=125.10s pos_err=0.168m T=21.05N z=5.769 m_est=2.064
[INFO] [1789409592.965227261] [acados_nmpc_node]: [attach-window] t=125.16s pos_err=0.141m T=20.69N z=5.753 m_est=2.064
[INFO] [1789409593.009753200] [acados_nmpc_node]: [attach-window] t=125.20s pos_err=0.184m T=20.54N z=5.746 m_est=2.064
[INFO] [1789409593.064245798] [acados_nmpc_node]: [attach-window] t=125.26s pos_err=0.130m T=20.70N z=5.731 m_est=2.064
[INFO] [1789409593.064699379] [acados_nmpc_node]: [wcmd] raw=[-0.227,+0.033,+0.229] w=[-0.218,+0.259,+0.287] err=[-0.009,-0.227] scaled=[-0.264,-0.874] s=5.00
[INFO] [1789409593.109662185] [acados_nmpc_node]: [attach-window] t=125.30s pos_err=0.173m T=20.52N z=5.724 m_est=2.064
[INFO] [1789409593.165260832] [acados_nmpc_node]: [attach-window] t=125.36s pos_err=0.147m T=20.36N z=5.711 m_est=2.064
[INFO] [1789409593.209024101] [acados_nmpc_node]: [attach-window] t=125.40s pos_err=0.186m T=20.43N z=5.706 m_est=2.064
[INFO] [1789409593.264705065] [acados_nmpc_node]: [attach-window] t=125.46s pos_err=0.133m T=20.58N z=5.693 m_est=2.064
[INFO] [1789409593.265136856] [acados_nmpc_node]: [wcmd] raw=[+0.029,-0.506,+0.217] w=[+0.300,-0.931,+0.114] err=[-0.270,+0.425] scaled=[-1.051,+1.195] s=5.00
[INFO] [1789409593.309465671] [acados_nmpc_node]: [attach-window] t=125.50s pos_err=0.172m T=19.97N z=5.688 m_est=2.064
[INFO] [1789409593.364926441] [acados_nmpc_node]: [attach-window] t=125.56s pos_err=0.145m T=19.72N z=5.678 m_est=2.064
[INFO] [1789409593.409418395] [acados_nmpc_node]: [attach-window] t=125.60s pos_err=0.182m T=19.88N z=5.673 m_est=2.064
[INFO] [1789409593.464580003] [acados_nmpc_node]: [attach-window] t=125.66s pos_err=0.131m T=20.17N z=5.662 m_est=2.064
[INFO] [1789409593.465011040] [acados_nmpc_node]: [wcmd] raw=[-0.136,-0.233,+0.257] w=[-0.546,-0.261,+0.207] err=[+0.410,+0.028] scaled=[+1.506,-0.121] s=5.00
[INFO] [1789409593.509693259] [acados_nmpc_node]: [attach-window] t=125.70s pos_err=0.167m T=20.24N z=5.656 m_est=2.064
[INFO] [1789409593.564828673] [acados_nmpc_node]: [attach-window] t=125.76s pos_err=0.120m T=20.13N z=5.643 m_est=2.064
[INFO] [1789409593.609444954] [acados_nmpc_node]: [attach-window] t=125.80s pos_err=0.175m T=19.90N z=5.639 m_est=2.064
[INFO] [1789409593.687557970] [acados_nmpc_node]: [attach-window] t=125.86s pos_err=0.127m T=18.99N z=5.626 m_est=2.064
[INFO] [1789409593.688013394] [acados_nmpc_node]: [wcmd] raw=[-0.052,+0.362,+0.433] w=[+0.347,+0.810,+0.408] err=[-0.399,-0.447] scaled=[-1.647,-1.427] s=5.00
[INFO] [1789409593.710067091] [acados_nmpc_node]: [attach-window] t=125.90s pos_err=0.158m T=20.26N z=5.619 m_est=2.064
[INFO] [1789409593.765253394] [acados_nmpc_node]: [attach-window] t=125.96s pos_err=0.134m T=20.86N z=5.604 m_est=2.064
[INFO] [1789409593.808624655] [acados_nmpc_node]: [attach-window] t=126.00s pos_err=0.162m T=20.94N z=5.595 m_est=2.064
[INFO] [1789409593.862183370] [acados_nmpc_node]: [attach-window] t=126.05s pos_err=0.117m T=20.89N z=5.577 m_est=2.064
[INFO] [1789409593.875865392] [acados_nmpc_node]: [wcmd] raw=[+0.183,-0.204,+0.466] w=[-0.055,-0.102,+0.263] err=[+0.237,-0.101] scaled=[+1.132,-0.609] s=5.00
[INFO] [1789409593.909402297] [acados_nmpc_node]: [attach-window] t=126.10s pos_err=0.143m T=20.84N z=5.569 m_est=2.064
[INFO] [1789409593.909893201] [acados_nmpc_node]: t=126.1s | pos_err=0.143m | T=20.84N | tau=[r-0.390 p-0.500 y0.069]Nm | res_stat=9.634e-07(peak 8.426e-06) sqp_iter=5 | solve=2.9ms
[INFO] [1789409593.910099953] [acados_nmpc_node]: [flight-diag] t=126.1s | om_scale=5.000(lo 5.000 hi 5.000) | tilt_max=13.63deg | w_max=[r0.648 p1.166 y1.074]rad/s | u_frac=[T0.706 r1.000 p1.000 y0.803] | u_sat=[T0.0 r47.0 p49.0 y0.0]% | mot_peak=1.000 mot_sat=23.6% | health=1 age=0.000s conf=0.000 | n=100
[INFO] [1789409593.968160120] [acados_nmpc_node]: [attach-window] t=126.16s pos_err=0.122m T=20.58N z=5.553 m_est=2.064
[INFO] [1789409594.009754670] [acados_nmpc_node]: [attach-window] t=126.20s pos_err=0.142m T=20.83N z=5.545 m_est=2.064
[INFO] [1789409594.064746994] [acados_nmpc_node]: [attach-window] t=126.26s pos_err=0.110m T=21.39N z=5.528 m_est=2.064
[INFO] [1789409594.075970923] [acados_nmpc_node]: [wcmd] raw=[-0.230,-0.183,+0.627] w=[-0.266,-0.708,+0.255] err=[+0.036,+0.525] scaled=[-0.086,+1.900] s=5.00
[INFO] [1789409594.109628267] [acados_nmpc_node]: [attach-window] t=126.30s pos_err=0.126m T=21.63N z=5.519 m_est=2.064
[INFO] [1789409594.164885600] [acados_nmpc_node]: [attach-window] t=126.36s pos_err=0.110m T=21.60N z=5.501 m_est=2.064
[INFO] [1789409594.209855410] [acados_nmpc_node]: [attach-window] t=126.40s pos_err=0.124m T=21.57N z=5.493 m_est=2.064
[INFO] [1789409594.286931504] [acados_nmpc_node]: [attach-window] t=126.46s pos_err=0.100m T=21.42N z=5.475 m_est=2.064
[INFO] [1789409594.295959507] [acados_nmpc_node]: [wcmd] raw=[-0.102,-0.081,+0.785] w=[+0.329,-0.360,+0.514] err=[-0.430,+0.280] scaled=[-1.823,+1.037] s=5.00
[INFO] [1789409594.309458530] [acados_nmpc_node]: [attach-window] t=126.50s pos_err=0.111m T=21.23N z=5.468 m_est=2.064
[INFO] [1789409594.365181604] [acados_nmpc_node]: [attach-window] t=126.56s pos_err=0.099m T=21.66N z=5.454 m_est=2.064
[INFO] [1789409594.409008713] [acados_nmpc_node]: [attach-window] t=126.60s pos_err=0.110m T=22.20N z=5.445 m_est=2.064
[INFO] [1789409594.465921701] [acados_nmpc_node]: [attach-window] t=126.66s pos_err=0.093m T=22.49N z=5.423 m_est=2.064
[INFO] [1789409594.496100940] [acados_nmpc_node]: [wcmd] raw=[+0.013,+0.388,+0.874] w=[-0.334,+0.546,+0.819] err=[+0.347,-0.158] scaled=[+1.400,-0.245] s=5.00
[INFO] [1789409594.509407003] [acados_nmpc_node]: [attach-window] t=126.70s pos_err=0.102m T=22.37N z=5.414 m_est=2.064
[INFO] [1789409594.564395539] [acados_nmpc_node]: [attach-window] t=126.76s pos_err=0.095m T=22.35N z=5.397 m_est=2.064
[INFO] [1789409594.609074428] [acados_nmpc_node]: [attach-window] t=126.80s pos_err=0.104m T=22.17N z=5.389 m_est=2.064
[INFO] [1789409594.664633966] [acados_nmpc_node]: [attach-window] t=126.86s pos_err=0.090m T=21.79N z=5.375 m_est=2.064
[INFO] [1789409594.696002998] [acados_nmpc_node]: [wcmd] raw=[-0.227,-0.039,+0.976] w=[-0.246,-0.317,+0.808] err=[+0.019,+0.277] scaled=[-0.152,+1.069] s=5.00
[INFO] [1789409594.709278833] [acados_nmpc_node]: [attach-window] t=126.90s pos_err=0.096m T=21.88N z=5.369 m_est=2.064
[INFO] [1789409594.765196095] [acados_nmpc_node]: [attach-window] t=126.96s pos_err=0.089m T=22.26N z=5.357 m_est=2.064
[INFO] [1789409594.809117106] [acados_nmpc_node]: [attach-window] t=127.00s pos_err=0.090m T=22.03N z=5.350 m_est=2.064
[INFO] [1789409594.864566955] [acados_nmpc_node]: [attach-window] t=127.06s pos_err=0.086m T=22.36N z=5.337 m_est=2.064
[INFO] [1789409594.896006624] [acados_nmpc_node]: [wcmd] raw=[+0.148,-0.383,+1.003] w=[+0.384,-0.583,+0.869] err=[-0.236,+0.201] scaled=[-0.797,+0.420] s=5.00
[INFO] [1789409594.909314210] [acados_nmpc_node]: [attach-window] t=127.10s pos_err=0.090m T=22.44N z=5.331 m_est=2.064
[INFO] [1789409594.965658310] [acados_nmpc_node]: [attach-window] t=127.16s pos_err=0.086m T=22.82N z=5.318 m_est=2.064
[INFO] [1789409595.009571106] [acados_nmpc_node]: [attach-window] t=127.20s pos_err=0.090m T=22.93N z=5.312 m_est=2.064
[INFO] [1789409595.090146927] [acados_nmpc_node]: [attach-window] t=127.26s pos_err=0.093m T=23.48N z=5.292 m_est=2.064
[INFO] [1789409595.109176851] [acados_nmpc_node]: [attach-window] t=127.30s pos_err=0.096m T=23.25N z=5.284 m_est=2.064
[INFO] [1789409595.115992991] [acados_nmpc_node]: [wcmd] raw=[-0.050,+0.277,+1.004] w=[-0.509,+0.339,+1.116] err=[+0.459,-0.062] scaled=[+1.786,+0.030] s=5.00
[INFO] [1789409595.164626995] [acados_nmpc_node]: [attach-window] t=127.36s pos_err=0.099m T=22.73N z=5.269 m_est=2.064
[INFO] [1789409595.209092353] [acados_nmpc_node]: [attach-window] t=127.40s pos_err=0.099m T=22.37N z=5.263 m_est=2.064
[INFO] [1789409595.262285553] [acados_nmpc_node]: [attach-window] t=127.45s pos_err=0.097m T=21.81N z=5.257 m_est=2.064
[INFO] [1789409595.308768928] [acados_nmpc_node]: [attach-window] t=127.50s pos_err=0.095m T=21.33N z=5.255 m_est=2.064
[INFO] [1789409595.315839820] [acados_nmpc_node]: [wcmd] raw=[+0.198,-0.357,+0.849] w=[+0.463,-0.810,+0.917] err=[-0.265,+0.453] scaled=[-0.862,+1.454] s=5.00
[INFO] [1789409595.364853132] [acados_nmpc_node]: [attach-window] t=127.56s pos_err=0.088m T=21.04N z=5.253 m_est=2.064
[INFO] [1789409595.408757280] [acados_nmpc_node]: [attach-window] t=127.60s pos_err=0.089m T=21.21N z=5.252 m_est=2.064
[INFO] [1789409595.464725747] [acados_nmpc_node]: [attach-window] t=127.66s pos_err=0.077m T=21.27N z=5.251 m_est=2.064
[INFO] [1789409595.509242188] [acados_nmpc_node]: [attach-window] t=127.70s pos_err=0.077m T=21.02N z=5.251 m_est=2.064
[INFO] [1789409595.515996999] [acados_nmpc_node]: [wcmd] raw=[+0.065,-0.045,+0.698] w=[-0.162,+0.067,+0.997] err=[+0.227,-0.112] scaled=[+0.971,-0.491] s=5.00
[INFO] [1789409595.564571778] [acados_nmpc_node]: [attach-window] t=127.76s pos_err=0.065m T=20.62N z=5.252 m_est=2.064
[INFO] [1789409595.609061099] [acados_nmpc_node]: [attach-window] t=127.80s pos_err=0.070m T=20.47N z=5.253 m_est=2.064
[INFO] [1789409595.665041117] [acados_nmpc_node]: [attach-window] t=127.86s pos_err=0.049m T=20.16N z=5.255 m_est=2.064
[INFO] [1789409595.709067785] [acados_nmpc_node]: [attach-window] t=127.90s pos_err=0.055m T=20.29N z=5.256 m_est=2.064
[INFO] [1789409595.715928092] [acados_nmpc_node]: [wcmd] raw=[-0.255,+0.034,+0.521] w=[-0.276,+0.581,+0.970] err=[+0.021,-0.547] scaled=[-0.181,-1.900] s=5.00
[INFO] [1789409595.765204713] [acados_nmpc_node]: [attach-window] t=127.96s pos_err=0.040m T=20.18N z=5.257 m_est=2.064
[INFO] [1789409595.813079086] [acados_nmpc_node]: [attach-window] t=128.00s pos_err=0.054m T=20.29N z=5.258 m_est=2.064
[INFO] [1789409595.864861458] [acados_nmpc_node]: [attach-window] t=128.06s pos_err=0.026m T=20.14N z=5.260 m_est=2.064
[INFO] [1789409595.909151215] [acados_nmpc_node]: [attach-window] t=128.10s pos_err=0.045m T=20.33N z=5.260 m_est=2.064
[INFO] [1789409595.915995557] [acados_nmpc_node]: [wcmd] raw=[+0.070,+0.047,+0.345] w=[+0.455,+0.046,+0.672] err=[-0.385,+0.001] scaled=[-1.469,+0.053] s=5.00
[INFO] [1789409595.965037933] [acados_nmpc_node]: [attach-window] t=128.16s pos_err=0.029m T=20.24N z=5.259 m_est=2.064
[INFO] [1789409596.008978092] [acados_nmpc_node]: [attach-window] t=128.20s pos_err=0.054m T=20.27N z=5.259 m_est=2.064
[INFO] [1789409596.064313822] [acados_nmpc_node]: [attach-window] t=128.26s pos_err=0.028m T=20.57N z=5.256 m_est=2.064
[INFO] [1789409596.109344961] [acados_nmpc_node]: [attach-window] t=128.30s pos_err=0.051m T=20.77N z=5.255 m_est=2.064
[INFO] [1789409596.115987640] [acados_nmpc_node]: [wcmd] raw=[-0.164,-0.339,+0.239] w=[-0.523,-0.791,+0.332] err=[+0.359,+0.452] scaled=[+1.272,+1.471] s=5.00
[INFO] [1789409596.164413638] [acados_nmpc_node]: [attach-window] t=128.36s pos_err=0.040m T=20.68N z=5.251 m_est=2.064
[INFO] [1789409596.208552812] [acados_nmpc_node]: [attach-window] t=128.40s pos_err=0.067m T=20.88N z=5.249 m_est=2.064
[INFO] [1789409596.287431553] [acados_nmpc_node]: [attach-window] t=128.46s pos_err=0.042m T=20.74N z=5.244 m_est=2.064
[INFO] [1789409596.309302519] [acados_nmpc_node]: [attach-window] t=128.50s pos_err=0.067m T=20.77N z=5.242 m_est=2.064
[INFO] [1789409596.336011959] [acados_nmpc_node]: [wcmd] raw=[-0.069,-0.261,+0.194] w=[+0.407,-0.261,+0.255] err=[-0.476,-0.000] scaled=[-1.900,-0.262] s=5.00
[INFO] [1789409596.364600791] [acados_nmpc_node]: [attach-window] t=128.56s pos_err=0.056m T=20.64N z=5.239 m_est=2.064
[INFO] [1789409596.409066720] [acados_nmpc_node]: [attach-window] t=128.60s pos_err=0.084m T=20.75N z=5.238 m_est=2.064
[INFO] [1789409596.461773324] [acados_nmpc_node]: [attach-window] t=128.65s pos_err=0.051m T=20.56N z=5.235 m_est=2.064
[INFO] [1789409596.508192365] [acados_nmpc_node]: [attach-window] t=128.70s pos_err=0.081m T=20.50N z=5.233 m_est=2.064
[INFO] [1789409596.536024331] [acados_nmpc_node]: [wcmd] raw=[+0.130,-0.053,+0.222] w=[-0.255,+0.474,+0.316] err=[+0.385,-0.527] scaled=[+1.478,-1.900] s=5.00
[INFO] [1789409596.564007408] [acados_nmpc_node]: [attach-window] t=128.76s pos_err=0.063m T=20.44N z=5.231 m_est=2.064
[INFO] [1789409596.618914795] [acados_nmpc_node]: [attach-window] t=128.80s pos_err=0.093m T=20.68N z=5.230 m_est=2.064
[INFO] [1789409596.677634153] [acados_nmpc_node]: [attach-window] t=128.86s pos_err=0.056m T=20.66N z=5.228 m_est=2.064
[INFO] [1789409596.709388870] [acados_nmpc_node]: [attach-window] t=128.90s pos_err=0.086m T=20.58N z=5.226 m_est=2.064
[INFO] [1789409596.764507486] [acados_nmpc_node]: [attach-window] t=128.96s pos_err=0.067m T=20.71N z=5.223 m_est=2.064
[INFO] [1789409596.764922139] [acados_nmpc_node]: [wcmd] raw=[-0.077,+0.088,+0.273] w=[-0.156,+0.443,+0.348] err=[+0.079,-0.355] scaled=[+0.239,-1.333] s=5.00
[INFO] [1789409596.809224692] [acados_nmpc_node]: [attach-window] t=129.00s pos_err=0.100m T=20.82N z=5.221 m_est=2.064
[INFO] [1789409596.886941801] [acados_nmpc_node]: [attach-window] t=129.06s pos_err=0.062m T=20.50N z=5.218 m_est=2.064
[INFO] [1789409596.923152240] [acados_nmpc_node]: [attach-window] t=129.10s pos_err=0.097m T=20.47N z=5.217 m_est=2.064
[INFO] [1789409596.964970928] [acados_nmpc_node]: [attach-window] t=129.16s pos_err=0.081m T=20.12N z=5.216 m_est=2.064
[INFO] [1789409596.975953806] [acados_nmpc_node]: [wcmd] raw=[+0.204,-0.128,+0.263] w=[+0.634,-0.562,+0.193] err=[-0.430,+0.434] scaled=[-1.516,+1.609] s=5.00
[INFO] [1789409597.009487654] [acados_nmpc_node]: [attach-window] t=129.20s pos_err=0.118m T=20.00N z=5.216 m_est=2.064
[INFO] [1789409597.064698091] [acados_nmpc_node]: [attach-window] t=129.26s pos_err=0.080m T=20.31N z=5.215 m_est=2.064
[INFO] [1789409597.125385712] [acados_nmpc_node]: [attach-window] t=129.30s pos_err=0.118m T=20.59N z=5.215 m_est=2.064
[INFO] [1789409597.177674304] [acados_nmpc_node]: [attach-window] t=129.36s pos_err=0.103m T=20.71N z=5.214 m_est=2.064
[INFO] [1789409597.195935597] [acados_nmpc_node]: [wcmd] raw=[-0.022,-0.065,+0.246] w=[-0.521,-0.574,+0.137] err=[+0.499,+0.509] scaled=[+1.900,+1.896] s=5.00
[INFO] [1789409597.209122086] [acados_nmpc_node]: [attach-window] t=129.40s pos_err=0.142m T=20.70N z=5.213 m_est=2.064
[INFO] [1789409597.264419630] [acados_nmpc_node]: [attach-window] t=129.46s pos_err=0.105m T=20.67N z=5.210 m_est=2.064
[INFO] [1789409597.308518964] [acados_nmpc_node]: [attach-window] t=129.50s pos_err=0.144m T=20.81N z=5.209 m_est=2.064
[INFO] [1789409597.381178911] [acados_nmpc_node]: [attach-window] t=129.56s pos_err=0.126m T=20.69N z=5.207 m_est=2.064
[INFO] [1789409597.409144287] [acados_nmpc_node]: [attach-window] t=129.60s pos_err=0.165m T=21.07N z=5.206 m_est=2.064
[INFO] [1789409597.415920510] [acados_nmpc_node]: [wcmd] raw=[-0.026,-0.206,+0.269] w=[+0.194,-0.222,+0.154] err=[-0.220,+0.016] scaled=[-0.906,-0.143] s=5.00
[INFO] [1789409597.464362158] [acados_nmpc_node]: [attach-window] t=129.66s pos_err=0.125m T=20.97N z=5.203 m_est=2.064
[INFO] [1789409597.509145623] [acados_nmpc_node]: [attach-window] t=129.70s pos_err=0.162m T=21.02N z=5.202 m_est=2.064
[INFO] [1789409597.564456928] [acados_nmpc_node]: [attach-window] t=129.76s pos_err=0.142m T=20.74N z=5.201 m_est=2.064
[INFO] [1789409597.609020077] [acados_nmpc_node]: [attach-window] t=129.80s pos_err=0.177m T=20.68N z=5.201 m_est=2.064
[INFO] [1789409597.615915278] [acados_nmpc_node]: [wcmd] raw=[+0.116,-0.054,+0.333] w=[+0.150,+0.434,+0.294] err=[-0.034,-0.488] scaled=[-0.012,-1.900] s=5.00
[INFO] [1789409597.678933100] [acados_nmpc_node]: [attach-window] t=129.86s pos_err=0.131m T=20.09N z=5.202 m_est=2.064
[INFO] [1789409597.709014354] [acados_nmpc_node]: [attach-window] t=129.90s pos_err=0.165m T=20.15N z=5.204 m_est=2.064
[INFO] [1789409597.765415352] [acados_nmpc_node]: [attach-window] t=129.96s pos_err=0.120m T=20.92N z=5.207 m_est=2.064
[INFO] [1789409597.808956238] [acados_nmpc_node]: [attach-window] t=130.00s pos_err=0.153m T=21.01N z=5.207 m_est=2.064
[INFO] [1789409597.835997450] [acados_nmpc_node]: [wcmd] raw=[-0.249,+0.154,+0.405] w=[-0.405,+0.038,+0.322] err=[+0.155,+0.116] scaled=[+0.372,+0.617] s=5.00
[INFO] [1789409597.864445374] [acados_nmpc_node]: [attach-window] t=130.06s pos_err=0.129m T=21.36N z=5.203 m_est=2.064
[INFO] [1789409597.908938645] [acados_nmpc_node]: [attach-window] t=130.10s pos_err=0.163m T=21.33N z=5.202 m_est=2.064
[INFO] [1789409597.964323083] [acados_nmpc_node]: [attach-window] t=130.16s pos_err=0.142m T=21.23N z=5.200 m_est=2.064
[INFO] [1789409598.009068431] [acados_nmpc_node]: [attach-window] t=130.20s pos_err=0.176m T=21.22N z=5.199 m_est=2.064
[INFO] [1789409598.035866472] [acados_nmpc_node]: [wcmd] raw=[-0.003,+0.055,+0.408] w=[+0.532,+0.015,+0.384] err=[-0.535,+0.040] scaled=[-1.900,+0.197] s=5.00
[INFO] [1789409598.062012089] [acados_nmpc_node]: [attach-window] t=130.25s pos_err=0.132m T=20.89N z=5.199 m_est=2.064
[INFO] [1789409598.107942790] [acados_nmpc_node]: [attach-window] t=130.30s pos_err=0.170m T=20.91N z=5.200 m_est=2.064
[INFO] [1789409598.164374994] [acados_nmpc_node]: [attach-window] t=130.36s pos_err=0.151m T=21.01N z=5.202 m_est=2.064
[INFO] [1789409598.209341167] [acados_nmpc_node]: [attach-window] t=130.40s pos_err=0.185m T=21.13N z=5.203 m_est=2.064
[INFO] [1789409598.236036461] [acados_nmpc_node]: [wcmd] raw=[-0.012,-0.046,+0.408] w=[-0.474,-0.037,+0.388] err=[+0.462,-0.009] scaled=[+1.837,-0.083] s=5.00
[INFO] [1789409598.264374031] [acados_nmpc_node]: [attach-window] t=130.46s pos_err=0.148m T=20.93N z=5.206 m_est=2.064
[INFO] [1789409598.309096390] [acados_nmpc_node]: [attach-window] t=130.50s pos_err=0.180m T=20.91N z=5.208 m_est=2.064
[INFO] [1789409598.390631873] [acados_nmpc_node]: [attach-window] t=130.56s pos_err=0.162m T=20.62N z=5.212 m_est=2.064
[INFO] [1789409598.409367713] [acados_nmpc_node]: [attach-window] t=130.60s pos_err=0.194m T=20.61N z=5.215 m_est=2.064
[INFO] [1789409598.464781117] [acados_nmpc_node]: [attach-window] t=130.66s pos_err=0.157m T=20.58N z=5.220 m_est=2.064
[INFO] [1789409598.465200612] [acados_nmpc_node]: [wcmd] raw=[-0.194,-0.166,+0.434] w=[-0.337,+0.207,+0.452] err=[+0.142,-0.373] scaled=[+0.375,-1.658] s=5.00
[INFO] [1789409598.509233339] [acados_nmpc_node]: [attach-window] t=130.70s pos_err=0.186m T=20.74N z=5.223 m_est=2.064
[INFO] [1789409598.564764319] [acados_nmpc_node]: [attach-window] t=130.76s pos_err=0.168m T=20.61N z=5.228 m_est=2.064
[INFO] [1789409598.609356703] [acados_nmpc_node]: [attach-window] t=130.80s pos_err=0.196m T=20.36N z=5.231 m_est=2.064
[INFO] [1789409598.664789874] [acados_nmpc_node]: [attach-window] t=130.86s pos_err=0.160m T=20.29N z=5.238 m_est=2.064
[INFO] [1789409598.665198435] [acados_nmpc_node]: [wcmd] raw=[+0.170,+0.073,+0.508] w=[+0.500,+0.204,+0.456] err=[-0.330,-0.131] scaled=[-1.149,-0.449] s=5.00
[INFO] [1789409598.710858654] [acados_nmpc_node]: [attach-window] t=130.90s pos_err=0.186m T=20.32N z=5.241 m_est=2.064
[INFO] [1789409598.765226481] [acados_nmpc_node]: [attach-window] t=130.96s pos_err=0.167m T=20.40N z=5.246 m_est=2.064
[INFO] [1789409598.812228161] [acados_nmpc_node]: [attach-window] t=131.00s pos_err=0.193m T=20.55N z=5.249 m_est=2.064
[INFO] [1789409598.864963148] [acados_nmpc_node]: [attach-window] t=131.06s pos_err=0.160m T=20.55N z=5.255 m_est=2.064
[INFO] [1789409598.865370496] [acados_nmpc_node]: [wcmd] raw=[-0.173,-0.525,+0.620] w=[-0.569,-0.887,+0.284] err=[+0.396,+0.362] scaled=[+1.410,+0.922] s=5.00
[INFO] [1789409598.909445276] [acados_nmpc_node]: [attach-window] t=131.10s pos_err=0.183m T=20.49N z=5.257 m_est=2.064
[INFO] [1789409598.909935791] [acados_nmpc_node]: t=131.1s | pos_err=0.183m | T=20.49N | tau=[r0.500 p0.500 y0.092]Nm | res_stat=6.273e-07(peak 8.426e-06) sqp_iter=6 | solve=2.9ms
[INFO] [1789409598.910150700] [acados_nmpc_node]: [flight-diag] t=131.1s | om_scale=5.000(lo 5.000 hi 5.000) | tilt_max=12.32deg | w_max=[r0.710 p1.087 y1.162]rad/s | u_frac=[T0.749 r1.000 p1.000 y0.952] | u_sat=[T0.0 r56.0 p52.0 y0.0]% | mot_peak=1.000 mot_sat=29.8% | health=1 age=0.000s conf=0.037 | n=100
[INFO] [1789409598.965289752] [acados_nmpc_node]: [attach-window] t=131.16s pos_err=0.167m T=20.61N z=5.262 m_est=2.064
[INFO] [1789409599.011183046] [acados_nmpc_node]: [attach-window] t=131.20s pos_err=0.190m T=20.73N z=5.264 m_est=2.064
[INFO] [1789409599.065063998] [acados_nmpc_node]: [attach-window] t=131.26s pos_err=0.162m T=20.51N z=5.269 m_est=2.064
[INFO] [1789409599.065480015] [acados_nmpc_node]: [wcmd] raw=[+0.241,-0.007,+0.726] w=[+0.576,-0.113,+0.506] err=[-0.335,+0.106] scaled=[-1.098,+0.417] s=5.00
[INFO] [1789409599.109692305] [acados_nmpc_node]: [attach-window] t=131.30s pos_err=0.184m T=20.60N z=5.272 m_est=2.064
[INFO] [1789409599.169661790] [acados_nmpc_node]: [attach-window] t=131.36s pos_err=0.171m T=20.72N z=5.276 m_est=2.064
[INFO] [1789409599.209541097] [acados_nmpc_node]: [attach-window] t=131.40s pos_err=0.192m T=20.85N z=5.279 m_est=2.064
[INFO] [1789409599.265234047] [acados_nmpc_node]: [attach-window] t=131.46s pos_err=0.166m T=20.78N z=5.284 m_est=2.064
[INFO] [1789409599.265637301] [acados_nmpc_node]: [wcmd] raw=[+0.086,+0.314,+0.851] w=[-0.318,+0.674,+0.750] err=[+0.404,-0.360] scaled=[+1.700,-1.125] s=5.00
[INFO] [1789409599.309534354] [acados_nmpc_node]: [attach-window] t=131.50s pos_err=0.183m T=21.51N z=5.286 m_est=2.064
[INFO] [1789409599.364730649] [acados_nmpc_node]: [attach-window] t=131.56s pos_err=0.159m T=21.36N z=5.288 m_est=2.064
[INFO] [1789409599.412432083] [acados_nmpc_node]: [attach-window] t=131.60s pos_err=0.172m T=21.33N z=5.289 m_est=2.064
[INFO] [1789409599.465272055] [acados_nmpc_node]: [attach-window] t=131.66s pos_err=0.159m T=21.40N z=5.292 m_est=2.064
[INFO] [1789409599.465712216] [acados_nmpc_node]: [wcmd] raw=[-0.229,-0.184,+0.974] w=[-0.178,-0.022,+0.788] err=[-0.050,-0.162] scaled=[-0.429,-0.833] s=5.00
[INFO] [1789409599.509828826] [acados_nmpc_node]: [attach-window] t=131.70s pos_err=0.169m T=21.52N z=5.294 m_est=2.064
[INFO] [1789409599.564730914] [acados_nmpc_node]: [attach-window] t=131.76s pos_err=0.155m T=21.47N z=5.299 m_est=2.064
[INFO] [1789409599.608881706] [acados_nmpc_node]: [attach-window] t=131.80s pos_err=0.164m T=21.61N z=5.302 m_est=2.064
[INFO] [1789409599.664678003] [acados_nmpc_node]: [attach-window] t=131.86s pos_err=0.144m T=21.24N z=5.310 m_est=2.064
[INFO] [1789409599.665087194] [acados_nmpc_node]: [wcmd] raw=[+0.034,-0.137,+1.036] w=[+0.366,-0.543,+0.846] err=[-0.333,+0.407] scaled=[-1.297,+1.490] s=5.00
[INFO] [1789409599.709155456] [acados_nmpc_node]: [attach-window] t=131.90s pos_err=0.149m T=21.29N z=5.314 m_est=2.064
[INFO] [1789409599.765927499] [acados_nmpc_node]: [attach-window] t=131.96s pos_err=0.138m T=20.94N z=5.322 m_est=2.064
[INFO] [1789409599.809202260] [acados_nmpc_node]: [attach-window] t=132.00s pos_err=0.142m T=21.24N z=5.326 m_est=2.064
[INFO] [1789409599.865041840] [acados_nmpc_node]: [attach-window] t=132.06s pos_err=0.132m T=21.07N z=5.337 m_est=2.064
[INFO] [1789409599.865457951] [acados_nmpc_node]: [wcmd] raw=[-0.034,-0.237,+0.995] w=[-0.407,-0.266,+0.940] err=[+0.373,+0.029] scaled=[+1.459,-0.123] s=5.00
[INFO] [1789409599.907878906] [acados_nmpc_node]: [attach-window] t=132.10s pos_err=0.132m T=21.11N z=5.343 m_est=2.064
[INFO] [1789409599.992480984] [acados_nmpc_node]: [attach-window] t=132.16s pos_err=0.127m T=20.95N z=5.354 m_est=2.064
[INFO] [1789409600.041793191] [acados_nmpc_node]: [attach-window] t=132.20s pos_err=0.125m T=20.95N z=5.360 m_est=2.064
[INFO] [1789409600.061805182] [acados_nmpc_node]: [attach-window] t=132.25s pos_err=0.123m T=20.79N z=5.374 m_est=2.064
[INFO] [1789409600.095972044] [acados_nmpc_node]: [wcmd] raw=[-0.232,-0.115,+0.892] w=[-0.263,+0.144,+1.048] err=[+0.032,-0.260] scaled=[-0.105,-1.154] s=5.00
[INFO] [1789409600.108521159] [acados_nmpc_node]: [attach-window] t=132.30s pos_err=0.117m T=20.95N z=5.379 m_est=2.064
[INFO] [1789409600.164053517] [acados_nmpc_node]: [attach-window] t=132.36s pos_err=0.117m T=20.88N z=5.391 m_est=2.064
[INFO] [1789409600.208868727] [acados_nmpc_node]: [attach-window] t=132.40s pos_err=0.110m T=20.94N z=5.397 m_est=2.064
[INFO] [1789409600.263940535] [acados_nmpc_node]: [attach-window] t=132.46s pos_err=0.117m T=20.57N z=5.411 m_est=2.064
[INFO] [1789409600.295929402] [acados_nmpc_node]: [wcmd] raw=[+0.244,+0.118,+0.737] w=[+0.364,+0.516,+1.043] err=[-0.121,-0.398] scaled=[-0.240,-1.475] s=5.00
[INFO] [1789409600.309031335] [acados_nmpc_node]: [attach-window] t=132.50s pos_err=0.106m T=20.64N z=5.418 m_est=2.064
[INFO] [1789409600.372913168] [acados_nmpc_node]: [attach-window] t=132.55s pos_err=0.113m T=20.25N z=5.431 m_est=2.064
[INFO] [1789409600.408795162] [acados_nmpc_node]: [attach-window] t=132.60s pos_err=0.098m T=20.96N z=5.437 m_est=2.064
[INFO] [1789409600.464318053] [acados_nmpc_node]: [attach-window] t=132.66s pos_err=0.115m T=20.98N z=5.449 m_est=2.064
[INFO] [1789409600.495929274] [acados_nmpc_node]: [wcmd] raw=[-0.159,-0.103,+0.538] w=[-0.452,-0.276,+0.784] err=[+0.293,+0.173] scaled=[+1.014,+0.590] s=5.00
[INFO] [1789409600.508954817] [acados_nmpc_node]: [attach-window] t=132.70s pos_err=0.098m T=21.10N z=5.454 m_est=2.064
[INFO] [1789409600.562082903] [acados_nmpc_node]: [attach-window] t=132.75s pos_err=0.123m T=20.69N z=5.466 m_est=2.064
[INFO] [1789409600.608975910] [acados_nmpc_node]: [attach-window] t=132.80s pos_err=0.089m T=20.91N z=5.471 m_est=2.064
[INFO] [1789409600.678503336] [acados_nmpc_node]: [attach-window] t=132.86s pos_err=0.113m T=20.48N z=5.485 m_est=2.064
[INFO] [1789409600.709690805] [acados_nmpc_node]: [attach-window] t=132.90s pos_err=0.090m T=20.65N z=5.492 m_est=2.064
[INFO] [1789409600.715931841] [acados_nmpc_node]: [wcmd] raw=[+0.000,-0.402,+0.346] w=[+0.329,-1.055,+0.514] err=[-0.329,+0.653] scaled=[-1.158,+1.900] s=5.00
[INFO] [1789409600.766467574] [acados_nmpc_node]: [attach-window] t=132.96s pos_err=0.101m T=20.85N z=5.505 m_est=2.064
[INFO] [1789409600.809562932] [acados_nmpc_node]: [attach-window] t=133.00s pos_err=0.089m T=21.02N z=5.511 m_est=2.064
[INFO] [1789409600.864699198] [acados_nmpc_node]: [attach-window] t=133.06s pos_err=0.102m T=21.20N z=5.521 m_est=2.064
[INFO] [1789409600.909045887] [acados_nmpc_node]: [attach-window] t=133.10s pos_err=0.072m T=21.20N z=5.526 m_est=2.064
[INFO] [1789409600.915964894] [acados_nmpc_node]: [wcmd] raw=[+0.075,+0.351,+0.245] w=[-0.159,+0.444,+0.617] err=[+0.234,-0.093] scaled=[+1.011,-0.023] s=5.00
[INFO] [1789409600.964237267] [acados_nmpc_node]: [attach-window] t=133.16s pos_err=0.083m T=21.14N z=5.536 m_est=2.064
[INFO] [1789409601.008970638] [acados_nmpc_node]: [attach-window] t=133.20s pos_err=0.051m T=21.24N z=5.542 m_est=2.064
[INFO] [1789409601.064819638] [acados_nmpc_node]: [attach-window] t=133.26s pos_err=0.079m T=20.84N z=5.556 m_est=2.064
[INFO] [1789409601.108891626] [acados_nmpc_node]: [attach-window] t=133.30s pos_err=0.046m T=20.88N z=5.563 m_est=2.064
[INFO] [1789409601.115947028] [acados_nmpc_node]: [wcmd] raw=[-0.151,+0.203,+0.116] w=[-0.259,+0.053,+0.367] err=[+0.108,+0.149] scaled=[+0.280,+0.800] s=5.00
[INFO] [1789409601.164317869] [acados_nmpc_node]: [attach-window] t=133.36s pos_err=0.058m T=20.93N z=5.576 m_est=2.064
[INFO] [1789409601.209161895] [acados_nmpc_node]: [attach-window] t=133.40s pos_err=0.029m T=21.15N z=5.583 m_est=2.064
[INFO] [1789409601.263568936] [acados_nmpc_node]: [attach-window] t=133.46s pos_err=0.059m T=20.73N z=5.598 m_est=2.064
[INFO] [1789409601.308967923] [acados_nmpc_node]: [attach-window] t=133.50s pos_err=0.029m T=20.84N z=5.605 m_est=2.064
[INFO] [1789409601.315950755] [acados_nmpc_node]: [wcmd] raw=[+0.115,-0.188,+0.042] w=[+0.561,-0.818,+0.103] err=[-0.446,+0.630] scaled=[-1.361,+1.900] s=5.00
[INFO] [1789409601.365310178] [acados_nmpc_node]: [attach-window] t=133.56s pos_err=0.042m T=20.49N z=5.620 m_est=2.064
[INFO] [1789409601.424719127] [acados_nmpc_node]: [attach-window] t=133.60s pos_err=0.032m T=20.71N z=5.626 m_est=2.064
[INFO] [1789409601.463908646] [acados_nmpc_node]: [attach-window] t=133.66s pos_err=0.050m T=21.08N z=5.639 m_est=2.064
[INFO] [1789409601.507859385] [acados_nmpc_node]: [attach-window] t=133.70s pos_err=0.040m T=21.28N z=5.645 m_est=2.064
[INFO] [1789409601.515932783] [acados_nmpc_node]: [wcmd] raw=[-0.122,+0.226,+0.046] w=[-0.541,+0.405,+0.216] err=[+0.419,-0.178] scaled=[+1.554,-0.487] s=5.00
[INFO] [1789409601.584972414] [acados_nmpc_node]: [attach-window] t=133.76s pos_err=0.046m T=21.18N z=5.657 m_est=2.064
[INFO] [1789409601.608504848] [acados_nmpc_node]: [attach-window] t=133.80s pos_err=0.057m T=21.19N z=5.664 m_est=2.064
[INFO] [1789409601.664314807] [acados_nmpc_node]: [attach-window] t=133.86s pos_err=0.054m T=20.67N z=5.680 m_est=2.064
[INFO] [1789409601.708914676] [acados_nmpc_node]: [attach-window] t=133.90s pos_err=0.062m T=20.60N z=5.688 m_est=2.064
[INFO] [1789409601.735941857] [acados_nmpc_node]: [wcmd] raw=[+0.024,+0.088,+0.031] w=[+0.426,+0.396,+0.151] err=[-0.402,-0.308] scaled=[-1.585,-1.144] s=5.00
[INFO] [1789409601.764621136] [acados_nmpc_node]: [attach-window] t=133.96s pos_err=0.058m T=20.30N z=5.705 m_est=2.064
[INFO] [1789409601.808486805] [acados_nmpc_node]: [attach-window] t=134.00s pos_err=0.078m T=20.59N z=5.713 m_est=2.064
[INFO] [1789409601.874164889] [acados_nmpc_node]: [attach-window] t=134.06s pos_err=0.063m T=20.33N z=5.733 m_est=2.064
[INFO] [1789409601.909136185] [acados_nmpc_node]: [attach-window] t=134.10s pos_err=0.076m T=20.36N z=5.741 m_est=2.064
[INFO] [1789409601.935943655] [acados_nmpc_node]: [wcmd] raw=[+0.188,-0.014,+0.051] w=[-0.182,-0.461,-0.071] err=[+0.370,+0.448] scaled=[+1.667,+1.778] s=5.00
[INFO] [1789409601.964238881] [acados_nmpc_node]: [attach-window] t=134.16s pos_err=0.067m T=20.15N z=5.759 m_est=2.064
[INFO] [1789409602.008573960] [acados_nmpc_node]: [attach-window] t=134.20s pos_err=0.088m T=20.29N z=5.768 m_est=2.064
[INFO] [1789409602.064748100] [acados_nmpc_node]: [attach-window] t=134.26s pos_err=0.069m T=19.79N z=5.787 m_est=2.064
[INFO] [1789409602.107809612] [acados_nmpc_node]: [attach-window] t=134.30s pos_err=0.082m T=20.53N z=5.795 m_est=2.064
[INFO] [1789409602.135940104] [acados_nmpc_node]: [wcmd] raw=[-0.144,-0.292,+0.076] w=[+0.031,-0.622,-0.148] err=[-0.174,+0.330] scaled=[-0.841,+1.028] s=5.00
[INFO] [1789409602.164279126] [acados_nmpc_node]: [attach-window] t=134.36s pos_err=0.071m T=20.63N z=5.809 m_est=2.064
[INFO] [1789409602.208962836] [acados_nmpc_node]: [attach-window] t=134.40s pos_err=0.092m T=20.57N z=5.816 m_est=2.064
[INFO] [1789409602.264295853] [acados_nmpc_node]: [attach-window] t=134.46s pos_err=0.072m T=20.13N z=5.833 m_est=2.064
[INFO] [1789409602.308860241] [acados_nmpc_node]: [attach-window] t=134.50s pos_err=0.084m T=20.27N z=5.840 m_est=2.064
[INFO] [1789409602.335941395] [acados_nmpc_node]: [wcmd] raw=[+0.168,-0.153,+0.131] w=[+0.352,+0.338,+0.084] err=[-0.184,-0.491] scaled=[-0.487,-1.900] s=5.00
[INFO] [1789409602.364352920] [acados_nmpc_node]: [attach-window] t=134.56s pos_err=0.075m T=19.91N z=5.856 m_est=2.064
[INFO] [1789409602.409318158] [acados_nmpc_node]: [attach-window] t=134.60s pos_err=0.095m T=20.13N z=5.864 m_est=2.064
[INFO] [1789409602.491288862] [acados_nmpc_node]: [attach-window] t=134.66s pos_err=0.080m T=20.29N z=5.881 m_est=2.064
[INFO] [1789409602.508497230] [acados_nmpc_node]: [attach-window] t=134.70s pos_err=0.092m T=20.46N z=5.887 m_est=2.064
[INFO] [1789409602.581690319] [acados_nmpc_node]: [attach-window] t=134.76s pos_err=0.087m T=20.41N z=5.901 m_est=2.064
[INFO] [1789409602.582117638] [acados_nmpc_node]: [wcmd] raw=[-0.034,+0.289,+0.123] w=[-0.462,+0.732,+0.239] err=[+0.428,-0.443] scaled=[+1.677,-1.485] s=5.00
[INFO] [1789409602.631432374] [acados_nmpc_node]: [attach-window] t=134.80s pos_err=0.093m T=20.77N z=5.906 m_est=2.064
[INFO] [1789409602.663858550] [acados_nmpc_node]: [attach-window] t=134.86s pos_err=0.091m T=20.74N z=5.918 m_est=2.064
[INFO] [1789409602.708773933] [acados_nmpc_node]: [attach-window] t=134.90s pos_err=0.108m T=20.90N z=5.924 m_est=2.064
[INFO] [1789409602.764366994] [acados_nmpc_node]: [attach-window] t=134.96s pos_err=0.101m T=20.72N z=5.937 m_est=2.064
[INFO] [1789409602.775938695] [acados_nmpc_node]: [wcmd] raw=[+0.172,-0.225,+0.059] w=[+0.563,-0.714,+0.046] err=[-0.391,+0.488] scaled=[-1.391,+1.728] s=5.00
[INFO] [1789409602.809253183] [acados_nmpc_node]: [attach-window] t=135.00s pos_err=0.128m T=20.99N z=5.943 m_est=2.064
[INFO] [1789409602.864893690] [acados_nmpc_node]: [attach-window] t=135.06s pos_err=0.105m T=21.11N z=5.954 m_est=2.064
[INFO] [1789409602.909076026] [acados_nmpc_node]: [attach-window] t=135.10s pos_err=0.129m T=21.30N z=5.959 m_est=2.064
[INFO] [1789409602.964885192] [acados_nmpc_node]: [attach-window] t=135.16s pos_err=0.118m T=21.09N z=5.970 m_est=2.064
[INFO] [1789409602.975975023] [acados_nmpc_node]: [wcmd] raw=[+0.127,-0.273,-0.036] w=[-0.297,-0.101,+0.115] err=[+0.424,-0.172] scaled=[+1.824,-0.962] s=5.00
[INFO] [1789409603.008830572] [acados_nmpc_node]: [attach-window] t=135.20s pos_err=0.150m T=21.14N z=5.977 m_est=2.064
[INFO] [1789409603.064585230] [acados_nmpc_node]: [attach-window] t=135.26s pos_err=0.119m T=20.60N z=5.993 m_est=2.064
[INFO] [1789409603.109080590] [acados_nmpc_node]: [attach-window] t=135.30s pos_err=0.150m T=20.37N z=6.001 m_est=2.064
[INFO] [1789409603.164520017] [acados_nmpc_node]: [attach-window] t=135.36s pos_err=0.134m T=20.01N z=6.017 m_est=2.064
[INFO] [1789409603.175970553] [acados_nmpc_node]: [wcmd] raw=[-0.204,+0.235,-0.091] w=[+0.087,+0.639,+0.187] err=[-0.291,-0.405] scaled=[-1.368,-1.384] s=5.00
[INFO] [1789409603.208885062] [acados_nmpc_node]: [attach-window] t=135.40s pos_err=0.170m T=20.38N z=6.025 m_est=2.064
[INFO] [1789409603.264300908] [acados_nmpc_node]: [attach-window] t=135.46s pos_err=0.132m T=20.33N z=6.044 m_est=2.064
[INFO] [1789409603.330005764] [acados_nmpc_node]: [attach-window] t=135.50s pos_err=0.166m T=20.39N z=6.052 m_est=2.064
[INFO] [1789409603.364731624] [acados_nmpc_node]: [attach-window] t=135.56s pos_err=0.147m T=20.08N z=6.068 m_est=2.064
[INFO] [1789409603.375926256] [acados_nmpc_node]: [wcmd] raw=[+0.231,+0.053,-0.148] w=[+0.250,-0.333,-0.088] err=[-0.019,+0.387] scaled=[+0.156,+1.599] s=5.00
[INFO] [1789409603.408977916] [acados_nmpc_node]: [attach-window] t=135.60s pos_err=0.161m T=20.04N z=6.079 m_est=2.064
[INFO] [1789409603.466812821] [acados_nmpc_node]: [attach-window] t=135.66s pos_err=0.140m T=19.39N z=6.096 m_est=2.064
[INFO] [1789409603.509219823] [acados_nmpc_node]: [attach-window] t=135.70s pos_err=0.176m T=20.59N z=6.103 m_est=2.064
[INFO] [1789409603.564318588] [acados_nmpc_node]: [attach-window] t=135.76s pos_err=0.151m T=21.03N z=6.115 m_est=2.064
[INFO] [1789409603.575952710] [acados_nmpc_node]: [wcmd] raw=[+0.006,-0.289,-0.178] w=[-0.368,-0.465,-0.250] err=[+0.374,+0.176] scaled=[+1.501,+0.414] s=5.00
[INFO] [1789409603.609034815] [acados_nmpc_node]: [attach-window] t=135.80s pos_err=0.189m T=21.20N z=6.120 m_est=2.064
[INFO] [1789409603.664190626] [acados_nmpc_node]: [attach-window] t=135.86s pos_err=0.139m T=20.88N z=6.131 m_est=2.064
[INFO] [1789409603.709315055] [acados_nmpc_node]: [attach-window] t=135.90s pos_err=0.175m T=20.84N z=6.136 m_est=2.064
[INFO] [1789409603.764855949] [acados_nmpc_node]: [attach-window] t=135.96s pos_err=0.147m T=20.53N z=6.148 m_est=2.064
[INFO] [1789409603.776021925] [acados_nmpc_node]: [wcmd] raw=[+0.233,-0.225,-0.148] w=[+0.638,+0.187,-0.161] err=[-0.405,-0.413] scaled=[-1.386,-1.876] s=5.00
[INFO] [1789409603.809425288] [acados_nmpc_node]: [attach-window] t=136.00s pos_err=0.184m T=20.99N z=6.153 m_est=2.064
[INFO] [1789409603.864692753] [acados_nmpc_node]: [attach-window] t=136.06s pos_err=0.133m T=21.28N z=6.165 m_est=2.064
[INFO] [1789409603.909261649] [acados_nmpc_node]: [attach-window] t=136.10s pos_err=0.169m T=21.16N z=6.170 m_est=2.064
[INFO] [1789409603.909735066] [acados_nmpc_node]: t=136.1s | pos_err=0.169m | T=21.16N | tau=[r0.363 p0.500 y0.059]Nm | res_stat=1.862e-07(peak 8.426e-06) sqp_iter=6 | solve=2.8ms
[INFO] [1789409603.909935578] [acados_nmpc_node]: [flight-diag] t=136.1s | om_scale=5.000(lo 5.000 hi 5.000) | tilt_max=12.85deg | w_max=[r0.656 p0.997 y1.123]rad/s | u_frac=[T0.689 r1.000 p1.000 y0.798] | u_sat=[T0.0 r51.0 p50.0 y0.0]% | mot_peak=1.000 mot_sat=21.5% | health=1 age=0.000s conf=0.129 | n=100
[INFO] [1789409603.964697584] [acados_nmpc_node]: [attach-window] t=136.16s pos_err=0.142m T=21.04N z=6.180 m_est=2.064
[INFO] [1789409603.975921585] [acados_nmpc_node]: [wcmd] raw=[+0.084,+0.006,-0.097] w=[-0.340,+0.352,-0.113] err=[+0.424,-0.346] scaled=[+1.779,-1.379] s=5.00
[INFO] [1789409604.008839297] [acados_nmpc_node]: [attach-window] t=136.20s pos_err=0.180m T=21.00N z=6.185 m_est=2.064
[INFO] [1789409604.064699301] [acados_nmpc_node]: [attach-window] t=136.26s pos_err=0.133m T=20.62N z=6.199 m_est=2.064
[INFO] [1789409604.109479203] [acados_nmpc_node]: [attach-window] t=136.30s pos_err=0.169m T=20.53N z=6.206 m_est=2.064
[INFO] [1789409604.164544880] [acados_nmpc_node]: [attach-window] t=136.36s pos_err=0.148m T=20.51N z=6.221 m_est=2.064
[INFO] [1789409604.176001150] [acados_nmpc_node]: [wcmd] raw=[-0.196,+0.181,-0.125] w=[+0.049,-0.159,-0.131] err=[-0.246,+0.339] scaled=[-1.179,+1.539] s=5.00
[INFO] [1789409604.208790454] [acados_nmpc_node]: [attach-window] t=136.40s pos_err=0.185m T=20.67N z=6.228 m_est=2.064
[INFO] [1789409604.266141654] [acados_nmpc_node]: [attach-window] t=136.46s pos_err=0.141m T=20.40N z=6.243 m_est=2.064
[INFO] [1789409604.309466128] [acados_nmpc_node]: [attach-window] t=136.50s pos_err=0.176m T=20.56N z=6.250 m_est=2.064
[INFO] [1789409604.364265077] [acados_nmpc_node]: [attach-window] t=136.56s pos_err=0.154m T=20.45N z=6.264 m_est=2.064
[INFO] [1789409604.375937909] [acados_nmpc_node]: [wcmd] raw=[+0.215,-0.254,-0.228] w=[+0.181,-0.455,-0.173] err=[+0.034,+0.200] scaled=[+0.350,+0.547] s=5.00
[INFO] [1789409604.409273947] [acados_nmpc_node]: [attach-window] t=136.60s pos_err=0.189m T=20.51N z=6.271 m_est=2.064
[INFO] [1789409604.465016100] [acados_nmpc_node]: [attach-window] t=136.66s pos_err=0.146m T=20.26N z=6.288 m_est=2.064
[INFO] [1789409604.509283685] [acados_nmpc_node]: [attach-window] t=136.70s pos_err=0.176m T=20.34N z=6.295 m_est=2.064
[INFO] [1789409604.564330657] [acados_nmpc_node]: [attach-window] t=136.76s pos_err=0.152m T=20.33N z=6.309 m_est=2.064
[INFO] [1789409604.576043803] [acados_nmpc_node]: [wcmd] raw=[-0.059,-0.251,-0.309] w=[-0.344,-0.149,-0.183] err=[+0.285,-0.103] scaled=[+1.081,-0.661] s=5.00
[INFO] [1789409604.609470330] [acados_nmpc_node]: [attach-window] t=136.80s pos_err=0.183m T=20.49N z=6.316 m_est=2.064
[INFO] [1789409604.664495781] [acados_nmpc_node]: [attach-window] t=136.86s pos_err=0.140m T=20.56N z=6.332 m_est=2.064
[INFO] [1789409604.708979033] [acados_nmpc_node]: [attach-window] t=136.90s pos_err=0.169m T=20.78N z=6.337 m_est=2.064
[INFO] [1789409604.764550418] [acados_nmpc_node]: [attach-window] t=136.96s pos_err=0.148m T=20.77N z=6.348 m_est=2.064
[INFO] [1789409604.775956167] [acados_nmpc_node]: [wcmd] raw=[+0.149,+0.188,-0.384] w=[+0.556,+0.642,-0.143] err=[-0.406,-0.454] scaled=[-1.477,-1.628] s=5.00
[INFO] [1789409604.809336198] [acados_nmpc_node]: [attach-window] t=137.00s pos_err=0.177m T=20.82N z=6.354 m_est=2.064
[INFO] [1789409604.864771272] [acados_nmpc_node]: [attach-window] t=137.06s pos_err=0.139m T=20.90N z=6.366 m_est=2.064
[INFO] [1789409604.910058913] [acados_nmpc_node]: [attach-window] t=137.10s pos_err=0.167m T=20.93N z=6.371 m_est=2.064
[INFO] [1789409604.965140572] [acados_nmpc_node]: [attach-window] t=137.16s pos_err=0.148m T=20.77N z=6.382 m_est=2.064
[INFO] [1789409604.975944191] [acados_nmpc_node]: [wcmd] raw=[+0.134,+0.133,-0.475] w=[-0.280,+0.043,-0.361] err=[+0.415,+0.090] scaled=[+1.793,+0.493] s=5.00
[INFO] [1789409605.009376413] [acados_nmpc_node]: [attach-window] t=137.20s pos_err=0.175m T=20.88N z=6.388 m_est=2.064
[INFO] [1789409605.065275988] [acados_nmpc_node]: [attach-window] t=137.26s pos_err=0.140m T=20.77N z=6.401 m_est=2.064
[INFO] [1789409605.109537666] [acados_nmpc_node]: [attach-window] t=137.30s pos_err=0.165m T=21.01N z=6.406 m_est=2.064
[INFO] [1789409605.164791715] [acados_nmpc_node]: [attach-window] t=137.36s pos_err=0.148m T=20.98N z=6.417 m_est=2.064
[INFO] [1789409605.175933680] [acados_nmpc_node]: [wcmd] raw=[-0.190,-0.307,-0.585] w=[+0.030,-0.715,-0.591] err=[-0.219,+0.407] scaled=[-1.066,+1.322] s=5.00
[INFO] [1789409605.209394434] [acados_nmpc_node]: [attach-window] t=137.40s pos_err=0.173m T=20.98N z=6.423 m_est=2.064
[INFO] [1789409605.264251313] [acados_nmpc_node]: [attach-window] t=137.46s pos_err=0.139m T=20.81N z=6.436 m_est=2.064
[INFO] [1789409605.312492091] [acados_nmpc_node]: [attach-window] t=137.50s pos_err=0.161m T=20.72N z=6.442 m_est=2.064
[INFO] [1789409605.364455840] [acados_nmpc_node]: [attach-window] t=137.56s pos_err=0.143m T=20.41N z=6.456 m_est=2.064
[INFO] [1789409605.375980409] [acados_nmpc_node]: [wcmd] raw=[+0.145,-0.211,-0.683] w=[+0.260,-0.174,-0.536] err=[-0.115,-0.038] scaled=[-0.315,-0.362] s=5.00
[INFO] [1789409605.409324552] [acados_nmpc_node]: [attach-window] t=137.60s pos_err=0.164m T=20.38N z=6.464 m_est=2.064
[INFO] [1789409605.464983670] [acados_nmpc_node]: [attach-window] t=137.66s pos_err=0.135m T=20.36N z=6.480 m_est=2.064
[INFO] [1789409605.509327697] [acados_nmpc_node]: [attach-window] t=137.70s pos_err=0.155m T=20.95N z=6.486 m_est=2.064
[INFO] [1789409605.565810032] [acados_nmpc_node]: [attach-window] t=137.76s pos_err=0.141m T=21.16N z=6.495 m_est=2.064
[INFO] [1789409605.576018335] [acados_nmpc_node]: [wcmd] raw=[-0.089,+0.110,-0.797] w=[-0.408,+0.538,-0.460] err=[+0.319,-0.429] scaled=[+1.187,-1.605] s=5.00
[INFO] [1789409605.609561244] [acados_nmpc_node]: [attach-window] t=137.80s pos_err=0.160m T=21.20N z=6.500 m_est=2.064
[INFO] [1789409605.665369506] [acados_nmpc_node]: [attach-window] t=137.86s pos_err=0.136m T=20.78N z=6.510 m_est=2.064
[INFO] [1789409605.709708096] [acados_nmpc_node]: [attach-window] t=137.90s pos_err=0.155m T=20.59N z=6.516 m_est=2.064
[INFO] [1789409605.764937511] [acados_nmpc_node]: [attach-window] t=137.96s pos_err=0.135m T=20.40N z=6.528 m_est=2.064
[INFO] [1789409605.776070344] [acados_nmpc_node]: [wcmd] raw=[+0.270,+0.193,-0.953] w=[+0.677,+0.300,-0.641] err=[-0.407,-0.107] scaled=[-1.357,-0.236] s=5.00
[INFO] [1789409605.809145345] [acados_nmpc_node]: [attach-window] t=138.00s pos_err=0.164m T=20.63N z=6.533 m_est=2.064
[INFO] [1789409605.864698452] [acados_nmpc_node]: [attach-window] t=138.06s pos_err=0.143m T=20.90N z=6.546 m_est=2.064
[INFO] [1789409605.909276444] [acados_nmpc_node]: [attach-window] t=138.10s pos_err=0.161m T=21.44N z=6.550 m_est=2.064
[INFO] [1789409605.964845553] [acados_nmpc_node]: [attach-window] t=138.16s pos_err=0.143m T=21.41N z=6.558 m_est=2.064
[INFO] [1789409605.975941903] [acados_nmpc_node]: [wcmd] raw=[-0.026,-0.458,-1.072] w=[-0.470,-0.846,-1.014] err=[+0.444,+0.388] scaled=[+1.750,+1.093] s=5.00
[INFO] [1789409606.009200019] [acados_nmpc_node]: [attach-window] t=138.20s pos_err=0.169m T=21.49N z=6.560 m_est=2.064
[INFO] [1789409606.064576309] [acados_nmpc_node]: [attach-window] t=138.26s pos_err=0.151m T=21.40N z=6.567 m_est=2.064
[INFO] [1789409606.108826315] [acados_nmpc_node]: [attach-window] t=138.30s pos_err=0.165m T=21.36N z=6.570 m_est=2.064
[INFO] [1789409606.164019654] [acados_nmpc_node]: [attach-window] t=138.36s pos_err=0.149m T=21.32N z=6.578 m_est=2.064
[INFO] [1789409606.175929482] [acados_nmpc_node]: [wcmd] raw=[-0.200,-0.148,-1.056] w=[+0.007,+0.041,-1.022] err=[-0.207,-0.189] scaled=[-1.028,-0.903] s=5.00
[INFO] [1789409606.208903026] [acados_nmpc_node]: [attach-window] t=138.40s pos_err=0.161m T=21.43N z=6.582 m_est=2.064
[INFO] [1789409606.303369867] [acados_nmpc_node]: [attach-window] t=138.46s pos_err=0.153m T=21.24N z=6.590 m_est=2.064
[INFO] [1789409606.308472724] [acados_nmpc_node]: [attach-window] t=138.50s pos_err=0.164m T=21.64N z=6.593 m_est=2.064
[INFO] [1789409606.362521330] [acados_nmpc_node]: [attach-window] t=138.55s pos_err=0.154m T=22.02N z=6.598 m_est=2.064
[INFO] [1789409606.408325556] [acados_nmpc_node]: [attach-window] t=138.60s pos_err=0.165m T=21.67N z=6.601 m_est=2.064
[INFO] [1789409606.415832021] [acados_nmpc_node]: [wcmd] raw=[+0.200,+0.364,-0.895] w=[+0.633,+0.569,-1.022] err=[-0.433,-0.206] scaled=[-1.534,-0.458] s=5.00
[INFO] [1789409606.461735530] [acados_nmpc_node]: [attach-window] t=138.65s pos_err=0.148m T=21.38N z=6.608 m_est=2.064
[INFO] [1789409606.508737867] [acados_nmpc_node]: [attach-window] t=138.70s pos_err=0.156m T=21.58N z=6.611 m_est=2.064
[INFO] [1789409606.565403891] [acados_nmpc_node]: [attach-window] t=138.76s pos_err=0.146m T=21.40N z=6.619 m_est=2.064
[INFO] [1789409606.609196263] [acados_nmpc_node]: [attach-window] t=138.80s pos_err=0.152m T=20.92N z=6.624 m_est=2.064
[INFO] [1789409606.616022226] [acados_nmpc_node]: [wcmd] raw=[+0.169,-0.221,-0.700] w=[-0.096,-0.392,-1.120] err=[+0.265,+0.170] scaled=[+1.229,+0.460] s=5.00
[INFO] [1789409606.664637811] [acados_nmpc_node]: [attach-window] t=138.86s pos_err=0.134m T=20.53N z=6.636 m_est=2.064
[INFO] [1789409606.709323157] [acados_nmpc_node]: [attach-window] t=138.90s pos_err=0.138m T=20.53N z=6.642 m_est=2.064
[INFO] [1789409606.764490724] [acados_nmpc_node]: [attach-window] t=138.96s pos_err=0.126m T=20.29N z=6.654 m_est=2.064
[INFO] [1789409606.808977686] [acados_nmpc_node]: [attach-window] t=139.00s pos_err=0.131m T=20.47N z=6.661 m_est=2.064
[INFO] [1789409606.815955223] [acados_nmpc_node]: [wcmd] raw=[-0.158,-0.042,-0.489] w=[-0.202,-0.277,-0.966] err=[+0.044,+0.235] scaled=[+0.017,+0.898] s=5.00
[INFO] [1789409606.864535946] [acados_nmpc_node]: [attach-window] t=139.06s pos_err=0.113m T=20.26N z=6.674 m_est=2.064
[INFO] [1789409606.909339209] [acados_nmpc_node]: [attach-window] t=139.10s pos_err=0.118m T=20.10N z=6.680 m_est=2.064
[INFO] [1789409606.964778228] [acados_nmpc_node]: [attach-window] t=139.16s pos_err=0.106m T=19.91N z=6.693 m_est=2.064
[INFO] [1789409607.008986578] [acados_nmpc_node]: [attach-window] t=139.20s pos_err=0.114m T=20.01N z=6.699 m_est=2.064
[INFO] [1789409607.015974180] [acados_nmpc_node]: [wcmd] raw=[+0.112,+0.219,-0.281] w=[+0.480,+0.557,-0.603] err=[-0.368,-0.338] scaled=[-1.360,-1.131] s=5.00
[INFO] [1789409607.064923311] [acados_nmpc_node]: [attach-window] t=139.26s pos_err=0.096m T=19.57N z=6.712 m_est=2.064
[INFO] [1789409607.109243715] [acados_nmpc_node]: [attach-window] t=139.30s pos_err=0.105m T=19.74N z=6.718 m_est=2.064
[INFO] [1789409607.165289628] [acados_nmpc_node]: [attach-window] t=139.36s pos_err=0.095m T=19.89N z=6.729 m_est=2.064
[INFO] [1789409607.208790741] [acados_nmpc_node]: [attach-window] t=139.40s pos_err=0.109m T=20.13N z=6.734 m_est=2.064
[INFO] [1789409607.215925703] [acados_nmpc_node]: [wcmd] raw=[-0.135,+0.263,-0.147] w=[-0.476,+0.336,-0.413] err=[+0.340,-0.073] scaled=[+1.226,-0.030] s=5.00
[INFO] [1789409607.264481429] [acados_nmpc_node]: [attach-window] t=139.46s pos_err=0.089m T=20.19N z=6.741 m_est=2.064
[INFO] [1789409607.308936641] [acados_nmpc_node]: [attach-window] t=139.50s pos_err=0.104m T=20.43N z=6.743 m_est=2.064
[INFO] [1789409607.364384529] [acados_nmpc_node]: [attach-window] t=139.56s pos_err=0.093m T=20.48N z=6.748 m_est=2.064
[INFO] [1789409607.409099146] [acados_nmpc_node]: [attach-window] t=139.60s pos_err=0.113m T=20.56N z=6.750 m_est=2.064
[INFO] [1789409607.415909612] [acados_nmpc_node]: [wcmd] raw=[+0.115,-0.065,-0.128] w=[+0.419,-0.587,-0.356] err=[-0.304,+0.522] scaled=[-1.030,+1.900] s=5.00
[INFO] [1789409607.464339411] [acados_nmpc_node]: [attach-window] t=139.66s pos_err=0.089m T=20.69N z=6.754 m_est=2.064
[INFO] [1789409607.508624170] [acados_nmpc_node]: [attach-window] t=139.70s pos_err=0.108m T=21.14N z=6.755 m_est=2.064
[INFO] [1789409607.565927386] [acados_nmpc_node]: [attach-window] t=139.76s pos_err=0.094m T=20.21N z=6.754 m_est=2.064
[INFO] [1789409607.608270594] [acados_nmpc_node]: [attach-window] t=139.80s pos_err=0.116m T=21.39N z=6.754 m_est=2.064
[INFO] [1789409607.615863422] [acados_nmpc_node]: [wcmd] raw=[+0.150,-0.280,-0.156] w=[-0.138,-0.330,-0.164] err=[+0.289,+0.050] scaled=[+1.305,-0.081] s=5.00
[INFO] [1789409607.661445680] [acados_nmpc_node]: [attach-window] t=139.85s pos_err=0.084m T=21.09N z=6.753 m_est=2.064
[INFO] [1789409607.708000894] [acados_nmpc_node]: [attach-window] t=139.90s pos_err=0.106m T=21.03N z=6.753 m_est=2.064
[INFO] [1789409607.764510287] [acados_nmpc_node]: [attach-window] t=139.96s pos_err=0.089m T=20.61N z=6.754 m_est=2.064
[INFO] [1789409607.808440847] [acados_nmpc_node]: [attach-window] t=140.00s pos_err=0.110m T=20.84N z=6.755 m_est=2.064
[INFO] [1789409607.815908444] [acados_nmpc_node]: [wcmd] raw=[-0.173,-0.152,-0.215] w=[-0.253,-0.219,-0.139] err=[+0.080,+0.067] scaled=[+0.145,+0.116] s=5.00
[INFO] [1789409607.863994496] [acados_nmpc_node]: [attach-window] t=140.06s pos_err=0.078m T=20.75N z=6.758 m_est=2.064
[INFO] [1789409607.909073191] [acados_nmpc_node]: [attach-window] t=140.10s pos_err=0.097m T=20.81N z=6.759 m_est=2.064
[INFO] [1789409607.964056203] [acados_nmpc_node]: [attach-window] t=140.16s pos_err=0.079m T=20.64N z=6.762 m_est=2.064
[INFO] [1789409608.008983497] [acados_nmpc_node]: [attach-window] t=140.20s pos_err=0.101m T=20.69N z=6.764 m_est=2.064
[INFO] [1789409608.015954440] [acados_nmpc_node]: [wcmd] raw=[+0.058,-0.054,-0.268] w=[+0.485,+0.142,-0.110] err=[-0.426,-0.196] scaled=[-1.647,-0.837] s=5.00
[INFO] [1789409608.064253769] [acados_nmpc_node]: [attach-window] t=140.26s pos_err=0.069m T=20.29N z=6.767 m_est=2.064
[INFO] [1789409608.108549625] [acados_nmpc_node]: [attach-window] t=140.30s pos_err=0.089m T=20.51N z=6.769 m_est=2.064
[INFO] [1789409608.164340155] [acados_nmpc_node]: [attach-window] t=140.36s pos_err=0.073m T=20.46N z=6.772 m_est=2.064
[INFO] [1789409608.209173318] [acados_nmpc_node]: [attach-window] t=140.40s pos_err=0.097m T=20.22N z=6.775 m_est=2.064
[INFO] [1789409608.215976253] [acados_nmpc_node]: [wcmd] raw=[+0.004,+0.171,-0.299] w=[-0.376,+0.378,-0.142] err=[+0.380,-0.207] scaled=[+1.526,-0.655] s=5.00
[INFO] [1789409608.264917261] [acados_nmpc_node]: [attach-window] t=140.46s pos_err=0.064m T=19.38N z=6.781 m_est=2.064
[INFO] [1789409608.309125628] [acados_nmpc_node]: [attach-window] t=140.50s pos_err=0.089m T=19.59N z=6.784 m_est=2.064
[INFO] [1789409608.364256363] [acados_nmpc_node]: [attach-window] t=140.56s pos_err=0.072m T=19.64N z=6.791 m_est=2.064
[INFO] [1789409608.408966003] [acados_nmpc_node]: [attach-window] t=140.60s pos_err=0.101m T=19.95N z=6.793 m_est=2.064
[INFO] [1789409608.415917204] [acados_nmpc_node]: [wcmd] raw=[-0.148,-0.195,-0.346] w=[-0.067,-0.559,-0.348] err=[-0.081,+0.364] scaled=[-0.473,+1.260] s=5.00
[INFO] [1789409608.485361705] [acados_nmpc_node]: [attach-window] t=140.66s pos_err=0.067m T=20.08N z=6.798 m_est=2.064
[INFO] [1789409608.509141212] [acados_nmpc_node]: [attach-window] t=140.70s pos_err=0.095m T=20.00N z=6.800 m_est=2.064
[INFO] [1789409608.598165081] [acados_nmpc_node]: [attach-window] t=140.76s pos_err=0.063m T=19.59N z=6.803 m_est=2.064
[INFO] [1789409608.608873393] [acados_nmpc_node]: [attach-window] t=140.80s pos_err=0.089m T=19.73N z=6.804 m_est=2.064
[INFO] [1789409608.665010086] [acados_nmpc_node]: [attach-window] t=140.86s pos_err=0.073m T=19.59N z=6.806 m_est=2.064
[INFO] [1789409608.675988081] [acados_nmpc_node]: [wcmd] raw=[+0.346,-0.306,-0.340] w=[+0.723,-0.272,-0.311] err=[-0.377,-0.033] scaled=[-1.162,-0.439] s=5.00
[INFO] [1789409608.709259957] [acados_nmpc_node]: [attach-window] t=140.90s pos_err=0.104m T=19.62N z=6.807 m_est=2.064
[INFO] [1789409608.764531423] [acados_nmpc_node]: [attach-window] t=140.96s pos_err=0.072m T=19.68N z=6.807 m_est=2.064
[INFO] [1789409608.807936587] [acados_nmpc_node]: [attach-window] t=141.00s pos_err=0.101m T=19.77N z=6.807 m_est=2.064
[INFO] [1789409608.865657653] [acados_nmpc_node]: [attach-window] t=141.06s pos_err=0.088m T=19.71N z=6.806 m_est=2.064
[INFO] [1789409608.875895122] [acados_nmpc_node]: [wcmd] raw=[-0.255,+0.186,-0.330] w=[-0.526,+0.625,-0.175] err=[+0.271,-0.439] scaled=[+0.828,-1.571] s=5.00
[INFO] [1789409608.908883658] [acados_nmpc_node]: [attach-window] t=141.10s pos_err=0.118m T=19.95N z=6.806 m_est=2.064
[INFO] [1789409608.909370598] [acados_nmpc_node]: t=141.1s | pos_err=0.118m | T=19.95N | tau=[r0.500 p-0.152 y-0.022]Nm | res_stat=3.545e-07(peak 8.426e-06) sqp_iter=5 | solve=2.4ms
[INFO] [1789409608.909574555] [acados_nmpc_node]: [flight-diag] t=141.1s | om_scale=5.000(lo 5.000 hi 5.000) | tilt_max=11.37deg | w_max=[r0.723 p0.969 y1.251]rad/s | u_frac=[T0.702 r1.000 p1.000 y1.000] | u_sat=[T0.0 r50.0 p47.0 y4.0]% | mot_peak=1.000 mot_sat=25.8% | health=1 age=0.000s conf=0.000 | n=100
[INFO] [1789409608.964546596] [acados_nmpc_node]: [attach-window] t=141.16s pos_err=0.104m T=19.83N z=6.805 m_est=2.064
[INFO] [1789409609.008992419] [acados_nmpc_node]: [attach-window] t=141.20s pos_err=0.135m T=19.73N z=6.804 m_est=2.064
[INFO] [1789409609.064770772] [acados_nmpc_node]: [attach-window] t=141.26s pos_err=0.104m T=19.76N z=6.803 m_est=2.064
[INFO] [1789409609.075976981] [acados_nmpc_node]: [wcmd] raw=[+0.192,-0.067,-0.349] w=[+0.583,+0.337,-0.257] err=[-0.391,-0.404] scaled=[-1.373,-1.683] s=5.00
[INFO] [1789409609.109075687] [acados_nmpc_node]: [attach-window] t=141.30s pos_err=0.133m T=19.80N z=6.801 m_est=2.064
[INFO] [1789409609.161729247] [acados_nmpc_node]: [attach-window] t=141.35s pos_err=0.113m T=20.25N z=6.797 m_est=2.064
[INFO] [1789409609.208950872] [acados_nmpc_node]: [attach-window] t=141.40s pos_err=0.146m T=20.55N z=6.794 m_est=2.064
[INFO] [1789409609.264459673] [acados_nmpc_node]: [attach-window] t=141.46s pos_err=0.113m T=20.65N z=6.786 m_est=2.064
[INFO] [1789409609.275919482] [acados_nmpc_node]: [wcmd] raw=[-0.057,-0.498,-0.350] w=[-0.521,-0.911,-0.516] err=[+0.465,+0.413] scaled=[+1.802,+1.155] s=5.00
[INFO] [1789409609.309346543] [acados_nmpc_node]: [attach-window] t=141.50s pos_err=0.141m T=20.41N z=6.783 m_est=2.064
[INFO] [1789409609.364025950] [acados_nmpc_node]: [attach-window] t=141.56s pos_err=0.124m T=20.36N z=6.777 m_est=2.064
[INFO] [1789409609.409489722] [acados_nmpc_node]: [attach-window] t=141.60s pos_err=0.152m T=20.36N z=6.774 m_est=2.064
[INFO] [1789409609.464437090] [acados_nmpc_node]: [attach-window] t=141.66s pos_err=0.121m T=20.24N z=6.768 m_est=2.064
[INFO] [1789409609.475926438] [acados_nmpc_node]: [wcmd] raw=[+0.165,-0.008,-0.397] w=[+0.565,-0.235,-0.383] err=[-0.400,+0.227] scaled=[-1.434,+0.900] s=5.00
[INFO] [1789409609.509463509] [acados_nmpc_node]: [attach-window] t=141.70s pos_err=0.148m T=20.26N z=6.766 m_est=2.064
[INFO] [1789409609.564287845] [acados_nmpc_node]: [attach-window] t=141.76s pos_err=0.132m T=20.36N z=6.760 m_est=2.064
[INFO] [1789409609.609408483] [acados_nmpc_node]: [attach-window] t=141.80s pos_err=0.158m T=20.46N z=6.758 m_est=2.064
[INFO] [1789409609.664406939] [acados_nmpc_node]: [attach-window] t=141.86s pos_err=0.126m T=20.40N z=6.751 m_est=2.064
[INFO] [1789409609.675912392] [acados_nmpc_node]: [wcmd] raw=[+0.159,-0.111,-0.471] w=[-0.087,+0.375,-0.289] err=[+0.246,-0.486] scaled=[+1.064,-1.900] s=5.00
[INFO] [1789409609.708850424] [acados_nmpc_node]: [attach-window] t=141.90s pos_err=0.150m T=20.50N z=6.748 m_est=2.064
[INFO] [1789409609.764556129] [acados_nmpc_node]: [attach-window] t=141.96s pos_err=0.133m T=20.50N z=6.742 m_est=2.064
[INFO] [1789409609.816786710] [acados_nmpc_node]: [attach-window] t=142.00s pos_err=0.156m T=20.36N z=6.738 m_est=2.064
[INFO] [1789409609.863970500] [acados_nmpc_node]: [attach-window] t=142.06s pos_err=0.124m T=20.35N z=6.732 m_est=2.064
[INFO] [1789409609.875899098] [acados_nmpc_node]: [wcmd] raw=[-0.117,-0.028,-0.560] w=[-0.081,+0.233,-0.322] err=[-0.036,-0.261] scaled=[-0.261,-1.073] s=5.00
[INFO] [1789409609.909413414] [acados_nmpc_node]: [attach-window] t=142.10s pos_err=0.145m T=20.32N z=6.729 m_est=2.064
[INFO] [1789409609.964550192] [acados_nmpc_node]: [attach-window] t=142.16s pos_err=0.128m T=20.12N z=6.724 m_est=2.064
[INFO] [1789409610.009435881] [acados_nmpc_node]: [attach-window] t=142.20s pos_err=0.148m T=20.00N z=6.722 m_est=2.064
[INFO] [1789409610.064491372] [acados_nmpc_node]: [attach-window] t=142.26s pos_err=0.121m T=19.89N z=6.717 m_est=2.064
[INFO] [1789409610.076004307] [acados_nmpc_node]: [wcmd] raw=[+0.173,-0.226,-0.712] w=[+0.559,-0.654,-0.531] err=[-0.385,+0.428] scaled=[-1.368,+1.485] s=5.00
[INFO] [1789409610.109462730] [acados_nmpc_node]: [attach-window] t=142.30s pos_err=0.139m T=19.87N z=6.715 m_est=2.064
[INFO] [1789409610.164447360] [acados_nmpc_node]: [attach-window] t=142.36s pos_err=0.126m T=20.22N z=6.710 m_est=2.064
[INFO] [1789409610.209064855] [acados_nmpc_node]: [attach-window] t=142.40s pos_err=0.144m T=20.52N z=6.707 m_est=2.064
[INFO] [1789409610.264423423] [acados_nmpc_node]: [attach-window] t=142.46s pos_err=0.123m T=20.88N z=6.697 m_est=2.064
[INFO] [1789409610.275959039] [acados_nmpc_node]: [wcmd] raw=[-0.157,-0.104,-0.869] w=[-0.622,-0.473,-0.681] err=[+0.465,+0.369] scaled=[+1.702,+1.371] s=5.00
[INFO] [1789409610.310683524] [acados_nmpc_node]: [attach-window] t=142.50s pos_err=0.138m T=20.80N z=6.692 m_est=2.064
[INFO] [1789409610.364252772] [acados_nmpc_node]: [attach-window] t=142.56s pos_err=0.129m T=21.21N z=6.681 m_est=2.064
[INFO] [1789409610.409466586] [acados_nmpc_node]: [attach-window] t=142.60s pos_err=0.142m T=21.23N z=6.675 m_est=2.064
[INFO] [1789409610.465028633] [acados_nmpc_node]: [attach-window] t=142.66s pos_err=0.127m T=21.39N z=6.661 m_est=2.064
[INFO] [1789409610.475919601] [acados_nmpc_node]: [wcmd] raw=[+0.033,-0.146,-0.975] w=[+0.449,+0.289,-0.735] err=[-0.416,-0.435] scaled=[-1.632,-1.886] s=5.00
[INFO] [1789409610.508860713] [acados_nmpc_node]: [attach-window] t=142.70s pos_err=0.137m T=22.18N z=6.653 m_est=2.064
[INFO] [1789409610.564962784] [acados_nmpc_node]: [attach-window] t=142.76s pos_err=0.131m T=22.61N z=6.636 m_est=2.064
[INFO] [1789409610.611209436] [acados_nmpc_node]: [attach-window] t=142.80s pos_err=0.139m T=22.15N z=6.627 m_est=2.064
[INFO] [1789409610.664446144] [acados_nmpc_node]: [attach-window] t=142.86s pos_err=0.129m T=21.79N z=6.610 m_est=2.064
[INFO] [1789409610.675915220] [acados_nmpc_node]: [wcmd] raw=[+0.138,+0.027,-1.007] w=[+0.005,+0.330,-0.840] err=[+0.133,-0.303] scaled=[+0.669,-1.184] s=5.00
[INFO] [1789409610.709905666] [acados_nmpc_node]: [attach-window] t=142.90s pos_err=0.133m T=21.59N z=6.604 m_est=2.064
[INFO] [1789409610.764836454] [acados_nmpc_node]: [attach-window] t=142.96s pos_err=0.128m T=21.24N z=6.594 m_est=2.064
[INFO] [1789409610.809047224] [acados_nmpc_node]: [attach-window] t=143.00s pos_err=0.130m T=21.49N z=6.589 m_est=2.064
[INFO] [1789409610.864810633] [acados_nmpc_node]: [attach-window] t=143.06s pos_err=0.123m T=21.16N z=6.578 m_est=2.064
[INFO] [1789409610.875954105] [acados_nmpc_node]: [wcmd] raw=[-0.125,+0.066,-1.011] w=[-0.305,-0.410,-1.059] err=[+0.180,+0.476] scaled=[+0.570,+1.900] s=5.00
[INFO] [1789409610.909068282] [acados_nmpc_node]: [attach-window] t=143.10s pos_err=0.122m T=20.99N z=6.574 m_est=2.064
[INFO] [1789409610.966243736] [acados_nmpc_node]: [attach-window] t=143.16s pos_err=0.117m T=20.47N z=6.567 m_est=2.064
[INFO] [1789409611.009453984] [acados_nmpc_node]: [attach-window] t=143.20s pos_err=0.116m T=20.65N z=6.564 m_est=2.064
[INFO] [1789409611.064639435] [acados_nmpc_node]: [attach-window] t=143.26s pos_err=0.111m T=20.60N z=6.557 m_est=2.064
[INFO] [1789409611.075963775] [acados_nmpc_node]: [wcmd] raw=[+0.040,-0.189,-0.960] w=[+0.329,-0.235,-1.046] err=[-0.289,+0.046] scaled=[-1.115,-0.003] s=5.00
[INFO] [1789409611.108760481] [acados_nmpc_node]: [attach-window] t=143.30s pos_err=0.108m T=20.63N z=6.554 m_est=2.064
[INFO] [1789409611.164097498] [acados_nmpc_node]: [attach-window] t=143.36s pos_err=0.103m T=20.67N z=6.548 m_est=2.064
[INFO] [1789409611.208698932] [acados_nmpc_node]: [attach-window] t=143.40s pos_err=0.099m T=20.71N z=6.545 m_est=2.064
[INFO] [1789409611.264170797] [acados_nmpc_node]: [attach-window] t=143.46s pos_err=0.097m T=20.71N z=6.536 m_est=2.064
[INFO] [1789409611.275922414] [acados_nmpc_node]: [wcmd] raw=[+0.159,-0.112,-0.820] w=[-0.111,+0.090,-0.979] err=[+0.270,-0.202] scaled=[+1.238,-0.919] s=5.00
[INFO] [1789409611.308507944] [acados_nmpc_node]: [attach-window] t=143.50s pos_err=0.090m T=20.79N z=6.532 m_est=2.064
[INFO] [1789409611.364692211] [acados_nmpc_node]: [attach-window] t=143.56s pos_err=0.087m T=20.79N z=6.523 m_est=2.064
[INFO] [1789409611.409168010] [acados_nmpc_node]: [attach-window] t=143.60s pos_err=0.080m T=20.82N z=6.518 m_est=2.064
[INFO] [1789409611.463996586] [acados_nmpc_node]: [attach-window] t=143.66s pos_err=0.083m T=20.76N z=6.507 m_est=2.064
[INFO] [1789409611.475936905] [acados_nmpc_node]: [wcmd] raw=[-0.136,+0.019,-0.649] w=[-0.100,+0.094,-0.897] err=[-0.036,-0.075] scaled=[-0.281,-0.282] s=5.00
[INFO] [1789409611.509149035] [acados_nmpc_node]: [attach-window] t=143.70s pos_err=0.072m T=20.68N z=6.503 m_est=2.064
[INFO] [1789409611.564682753] [acados_nmpc_node]: [attach-window] t=143.76s pos_err=0.072m T=20.37N z=6.494 m_est=2.064
[INFO] [1789409611.608916363] [acados_nmpc_node]: [attach-window] t=143.80s pos_err=0.062m T=20.74N z=6.489 m_est=2.064
[INFO] [1789409611.664685802] [acados_nmpc_node]: [attach-window] t=143.86s pos_err=0.070m T=20.65N z=6.478 m_est=2.064
[INFO] [1789409611.675934673] [acados_nmpc_node]: [wcmd] raw=[+0.141,-0.278,-0.497] w=[+0.463,-0.782,-0.893] err=[-0.323,+0.503] scaled=[-1.149,+1.735] s=5.00
[INFO] [1789409611.708072760] [acados_nmpc_node]: [attach-window] t=143.90s pos_err=0.055m T=20.30N z=6.474 m_est=2.064
[INFO] [1789409611.762070142] [acados_nmpc_node]: [attach-window] t=143.95s pos_err=0.062m T=19.86N z=6.466 m_est=2.064
[INFO] [1789409611.808116681] [acados_nmpc_node]: [attach-window] t=144.00s pos_err=0.045m T=20.19N z=6.462 m_est=2.064
[INFO] [1789409611.887386030] [acados_nmpc_node]: [attach-window] t=144.05s pos_err=0.065m T=20.28N z=6.453 m_est=2.064
[INFO] [1789409611.895788883] [acados_nmpc_node]: [wcmd] raw=[+0.044,-0.246,-0.313] w=[-0.400,-0.526,-0.710] err=[+0.444,+0.280] scaled=[+1.820,+0.874] s=5.00
[INFO] [1789409611.908134262] [acados_nmpc_node]: [attach-window] t=144.10s pos_err=0.039m T=20.37N z=6.449 m_est=2.064
[INFO] [1789409611.961716055] [acados_nmpc_node]: [attach-window] t=144.15s pos_err=0.052m T=20.27N z=6.439 m_est=2.064
[INFO] [1789409612.008711962] [acados_nmpc_node]: [attach-window] t=144.20s pos_err=0.027m T=20.19N z=6.434 m_est=2.064
[INFO] [1789409612.064547325] [acados_nmpc_node]: [attach-window] t=144.26s pos_err=0.052m T=19.94N z=6.423 m_est=2.064
[INFO] [1789409612.096048765] [acados_nmpc_node]: [wcmd] raw=[-0.035,+0.245,-0.169] w=[+0.148,+0.412,-0.409] err=[-0.182,-0.168] scaled=[-0.764,-0.425] s=5.00
[INFO] [1789409612.109155381] [acados_nmpc_node]: [attach-window] t=144.30s pos_err=0.023m T=20.22N z=6.419 m_est=2.064
[INFO] [1789409612.164946519] [acados_nmpc_node]: [attach-window] t=144.36s pos_err=0.036m T=20.41N z=6.409 m_est=2.064
[INFO] [1789409612.209142093] [acados_nmpc_node]: [attach-window] t=144.40s pos_err=0.023m T=20.55N z=6.402 m_est=2.064
[INFO] [1789409612.296007076] [acados_nmpc_node]: [attach-window] t=144.46s pos_err=0.039m T=20.45N z=6.391 m_est=2.064
[INFO] [1789409612.309002618] [acados_nmpc_node]: [attach-window] t=144.50s pos_err=0.009m T=20.47N z=6.385 m_est=2.064
[INFO] [1789409612.336059856] [acados_nmpc_node]: [wcmd] raw=[+0.043,+0.114,-0.076] w=[+0.317,+0.434,-0.251] err=[-0.274,-0.320] scaled=[-1.054,-1.167] s=5.00
[INFO] [1789409612.366560050] [acados_nmpc_node]: [attach-window] t=144.56s pos_err=0.021m T=20.07N z=6.373 m_est=2.064
[INFO] [1789409612.409189173] [acados_nmpc_node]: [attach-window] t=144.60s pos_err=0.019m T=20.11N z=6.367 m_est=2.064
[INFO] [1789409612.464788103] [acados_nmpc_node]: [attach-window] t=144.66s pos_err=0.028m T=20.42N z=6.352 m_est=2.064
[INFO] [1789409612.508437233] [acados_nmpc_node]: [attach-window] t=144.70s pos_err=0.015m T=20.81N z=6.346 m_est=2.064
[INFO] [1789409612.535971255] [acados_nmpc_node]: [wcmd] raw=[-0.279,-0.349,-0.056] w=[-0.445,-0.427,-0.310] err=[+0.166,+0.078] scaled=[+0.383,-0.038] s=5.00
[INFO] [1789409612.571648643] [acados_nmpc_node]: [attach-window] t=144.76s pos_err=0.016m T=20.99N z=6.331 m_est=2.064
[INFO] [1789409612.609461833] [acados_nmpc_node]: [attach-window] t=144.80s pos_err=0.032m T=20.97N z=6.324 m_est=2.064
[INFO] [1789409612.663993986] [acados_nmpc_node]: [attach-window] t=144.86s pos_err=0.026m T=20.97N z=6.307 m_est=2.064
[INFO] [1789409612.708747111] [acados_nmpc_node]: [attach-window] t=144.90s pos_err=0.026m T=20.98N z=6.299 m_est=2.064
[INFO] [1789409612.735984535] [acados_nmpc_node]: [wcmd] raw=[+0.023,+0.075,-0.004] w=[+0.434,+0.578,-0.006] err=[-0.411,-0.504] scaled=[-1.589,-1.900] s=5.00
[INFO] [1789409612.764309814] [acados_nmpc_node]: [attach-window] t=144.96s pos_err=0.018m T=20.66N z=6.285 m_est=2.064
[INFO] [1789409612.809049763] [acados_nmpc_node]: [attach-window] t=145.00s pos_err=0.045m T=21.11N z=6.277 m_est=2.064
[INFO] [1789409612.864529412] [acados_nmpc_node]: [attach-window] t=145.06s pos_err=0.022m T=21.14N z=6.260 m_est=2.064
[INFO] [1789409612.909003935] [acados_nmpc_node]: [attach-window] t=145.10s pos_err=0.045m T=21.12N z=6.252 m_est=2.064
[INFO] [1789409612.935992030] [acados_nmpc_node]: [wcmd] raw=[-0.055,+0.243,-0.010] w=[-0.525,+0.188,-0.019] err=[+0.470,+0.055] scaled=[+1.824,+0.464] s=5.00
[INFO] [1789409612.964018228] [acados_nmpc_node]: [attach-window] t=145.16s pos_err=0.029m T=21.05N z=6.236 m_est=2.064
[INFO] [1789409613.011064829] [acados_nmpc_node]: [attach-window] t=145.20s pos_err=0.069m T=21.03N z=6.229 m_est=2.064
[INFO] [1789409613.064463566] [acados_nmpc_node]: [attach-window] t=145.26s pos_err=0.029m T=20.45N z=6.215 m_est=2.064
[INFO] [1789409613.109449466] [acados_nmpc_node]: [attach-window] t=145.30s pos_err=0.069m T=20.25N z=6.209 m_est=2.064
[INFO] [1789409613.135942286] [acados_nmpc_node]: [wcmd] raw=[-0.025,-0.066,-0.054] w=[+0.311,-0.676,-0.088] err=[-0.335,+0.610] scaled=[-1.106,+1.900] s=5.00
[INFO] [1789409613.164501228] [acados_nmpc_node]: [attach-window] t=145.36s pos_err=0.049m T=20.14N z=6.198 m_est=2.064
[INFO] [1789409613.208621203] [acados_nmpc_node]: [attach-window] t=145.40s pos_err=0.097m T=20.29N z=6.192 m_est=2.064
[INFO] [1789409613.281929772] [acados_nmpc_node]: [attach-window] t=145.46s pos_err=0.048m T=20.41N z=6.179 m_est=2.064
[INFO] [1789409613.308951937] [acados_nmpc_node]: [attach-window] t=145.50s pos_err=0.097m T=20.50N z=6.173 m_est=2.064
[INFO] [1789409613.363854963] [acados_nmpc_node]: [attach-window] t=145.56s pos_err=0.074m T=20.25N z=6.162 m_est=2.064
[INFO] [1789409613.364263232] [acados_nmpc_node]: [wcmd] raw=[+0.119,-0.231,-0.116] w=[-0.148,-0.346,-0.030] err=[+0.267,+0.115] scaled=[+1.187,+0.229] s=5.00
[INFO] [1789409613.408902852] [acados_nmpc_node]: [attach-window] t=145.60s pos_err=0.125m T=20.27N z=6.156 m_est=2.064
[INFO] [1789409613.464587801] [acados_nmpc_node]: [attach-window] t=145.66s pos_err=0.071m T=19.92N z=6.144 m_est=2.064
[INFO] [1789409613.521524180] [acados_nmpc_node]: [attach-window] t=145.70s pos_err=0.121m T=20.13N z=6.138 m_est=2.064
[INFO] [1789409613.581076819] [acados_nmpc_node]: [attach-window] t=145.76s pos_err=0.062m T=19.84N z=6.124 m_est=2.064
[INFO] [1789409613.581501117] [acados_nmpc_node]: [wcmd] raw=[-0.211,-0.155,-0.135] w=[-0.208,+0.341,+0.060] err=[-0.003,-0.495] scaled=[-0.222,-1.900] s=5.00
[INFO] [1789409613.608868438] [acados_nmpc_node]: [attach-window] t=145.80s pos_err=0.143m T=20.30N z=6.119 m_est=2.064
[INFO] [1789409613.664517627] [acados_nmpc_node]: [attach-window] t=145.86s pos_err=0.082m T=20.41N z=6.105 m_est=2.064
[INFO] [1789409613.708797228] [acados_nmpc_node]: [attach-window] t=145.90s pos_err=0.132m T=20.45N z=6.098 m_est=2.064
[INFO] [1789409613.775827761] [acados_nmpc_node]: [attach-window] t=145.96s pos_err=0.100m T=20.61N z=6.082 m_est=2.064
[INFO] [1789409613.795917872] [acados_nmpc_node]: [wcmd] raw=[+0.012,-0.090,-0.105] w=[+0.519,+0.210,-0.027] err=[-0.506,-0.300] scaled=[-1.900,-1.221] s=5.00
[INFO] [1789409613.808916440] [acados_nmpc_node]: [attach-window] t=146.00s pos_err=0.150m T=20.63N z=6.074 m_est=2.064
[INFO] [1789409613.877723668] [acados_nmpc_node]: [attach-window] t=146.05s pos_err=0.080m T=20.64N z=6.056 m_est=2.064
[INFO] [1789409613.908912127] [acados_nmpc_node]: [attach-window] t=146.10s pos_err=0.138m T=20.80N z=6.048 m_est=2.064
[INFO] [1789409613.909392296] [acados_nmpc_node]: t=146.1s | pos_err=0.138m | T=20.80N | tau=[r-0.051 p0.500 y0.036]Nm | res_stat=4.673e-08(peak 8.426e-06) sqp_iter=5 | solve=2.5ms
[INFO] [1789409613.909592954] [acados_nmpc_node]: [flight-diag] t=146.1s | om_scale=5.000(lo 5.000 hi 5.000) | tilt_max=13.27deg | w_max=[r0.671 p0.953 y1.076]rad/s | u_frac=[T0.721 r1.000 p1.000 y0.801] | u_sat=[T0.0 r46.0 p54.0 y0.0]% | mot_peak=1.000 mot_sat=23.4% | health=1 age=0.000s conf=0.327 | n=100
[INFO] [1789409613.986991778] [acados_nmpc_node]: [attach-window] t=146.16s pos_err=0.107m T=20.76N z=6.031 m_est=2.064
[INFO] [1789409614.008902638] [acados_nmpc_node]: [attach-window] t=146.20s pos_err=0.159m T=20.56N z=6.023 m_est=2.064
[INFO] [1789409614.035924395] [acados_nmpc_node]: [wcmd] raw=[+0.028,+0.210,-0.027] w=[-0.463,+0.444,-0.041] err=[+0.491,-0.234] scaled=[+1.900,-0.681] s=5.00
[INFO] [1789409614.065106284] [acados_nmpc_node]: [attach-window] t=146.26s pos_err=0.098m T=20.17N z=6.007 m_est=2.064
[INFO] [1789409614.108924816] [acados_nmpc_node]: [attach-window] t=146.30s pos_err=0.149m T=20.18N z=6.001 m_est=2.064
[INFO] [1789409614.164317488] [acados_nmpc_node]: [attach-window] t=146.36s pos_err=0.088m T=19.99N z=5.987 m_est=2.064
[INFO] [1789409614.208999093] [acados_nmpc_node]: [attach-window] t=146.40s pos_err=0.171m T=20.09N z=5.983 m_est=2.064
[INFO] [1789409614.236038327] [acados_nmpc_node]: [wcmd] raw=[-0.058,-0.132,+0.020] w=[+0.292,-0.737,-0.178] err=[-0.350,+0.605] scaled=[-1.234,+1.900] s=5.00
[INFO] [1789409614.264143397] [acados_nmpc_node]: [attach-window] t=146.46s pos_err=0.109m T=20.19N z=5.969 m_est=2.064
[INFO] [1789409614.308656522] [acados_nmpc_node]: [attach-window] t=146.50s pos_err=0.160m T=20.28N z=5.962 m_est=2.064
[INFO] [1789409614.364282694] [acados_nmpc_node]: [attach-window] t=146.56s pos_err=0.128m T=20.46N z=5.948 m_est=2.064
[INFO] [1789409614.408945192] [acados_nmpc_node]: [attach-window] t=146.60s pos_err=0.179m T=20.55N z=5.940 m_est=2.064
[INFO] [1789409614.435918970] [acados_nmpc_node]: [wcmd] raw=[+0.030,-0.128,+0.085] w=[-0.259,+0.080,+0.040] err=[+0.289,-0.208] scaled=[+1.185,-0.958] s=5.00
[INFO] [1789409614.463987103] [acados_nmpc_node]: [attach-window] t=146.66s pos_err=0.117m T=20.48N z=5.923 m_est=2.064
[INFO] [1789409614.508941360] [acados_nmpc_node]: [attach-window] t=146.70s pos_err=0.167m T=20.47N z=5.915 m_est=2.064
[INFO] [1789409614.588720332] [acados_nmpc_node]: [attach-window] t=146.76s pos_err=0.136m T=20.40N z=5.901 m_est=2.064
[INFO] [1789409614.608986164] [acados_nmpc_node]: [attach-window] t=146.80s pos_err=0.186m T=20.65N z=5.893 m_est=2.064
[INFO] [1789409614.666591478] [acados_nmpc_node]: [attach-window] t=146.86s pos_err=0.125m T=20.30N z=5.874 m_est=2.064
[INFO] [1789409614.667012777] [acados_nmpc_node]: [wcmd] raw=[-0.228,+0.479,+0.026] w=[-0.633,+0.850,+0.263] err=[+0.405,-0.371] scaled=[+1.394,-1.005] s=5.00
[INFO] [1789409614.709714817] [acados_nmpc_node]: [attach-window] t=146.90s pos_err=0.172m T=20.52N z=5.866 m_est=2.064
[INFO] [1789409614.763940976] [acados_nmpc_node]: [attach-window] t=146.96s pos_err=0.140m T=20.52N z=5.851 m_est=2.064
[INFO] [1789409614.808594282] [acados_nmpc_node]: [attach-window] t=147.00s pos_err=0.186m T=20.59N z=5.843 m_est=2.064
[INFO] [1789409614.864751534] [acados_nmpc_node]: [attach-window] t=147.06s pos_err=0.124m T=20.43N z=5.826 m_est=2.064
[INFO] [1789409614.865162278] [acados_nmpc_node]: [wcmd] raw=[+0.308,-0.276,+0.109] w=[+0.658,-0.238,+0.102] err=[-0.350,-0.039] scaled=[-1.090,-0.431] s=5.00
[INFO] [1789409614.908127301] [acados_nmpc_node]: [attach-window] t=147.10s pos_err=0.167m T=20.38N z=5.819 m_est=2.064
[INFO] [1789409614.961547275] [acados_nmpc_node]: [attach-window] t=147.15s pos_err=0.127m T=20.44N z=5.805 m_est=2.064
[INFO] [1789409615.009207323] [acados_nmpc_node]: [attach-window] t=147.20s pos_err=0.176m T=20.58N z=5.797 m_est=2.064
[INFO] [1789409615.064318244] [acados_nmpc_node]: [attach-window] t=147.26s pos_err=0.115m T=20.79N z=5.780 m_est=2.064
[INFO] [1789409615.064735890] [acados_nmpc_node]: [wcmd] raw=[-0.085,-0.229,+0.141] w=[-0.462,-0.612,+0.032] err=[+0.377,+0.384] scaled=[+1.422,+1.306] s=5.00
[INFO] [1789409615.108625987] [acados_nmpc_node]: [attach-window] t=147.30s pos_err=0.157m T=20.72N z=5.773 m_est=2.064
[INFO] [1789409615.165201364] [acados_nmpc_node]: [attach-window] t=147.36s pos_err=0.125m T=20.38N z=5.757 m_est=2.064
[INFO] [1789409615.209507930] [acados_nmpc_node]: [attach-window] t=147.40s pos_err=0.166m T=20.35N z=5.750 m_est=2.064
[INFO] [1789409615.263863286] [acados_nmpc_node]: [attach-window] t=147.46s pos_err=0.109m T=20.37N z=5.735 m_est=2.064
[INFO] [1789409615.264288543] [acados_nmpc_node]: [wcmd] raw=[-0.220,-0.274,+0.176] w=[+0.024,-0.382,+0.075] err=[-0.244,+0.108] scaled=[-1.196,+0.159] s=5.00
[INFO] [1789409615.309481256] [acados_nmpc_node]: [attach-window] t=147.50s pos_err=0.149m T=20.48N z=5.728 m_est=2.064
[INFO] [1789409615.364567820] [acados_nmpc_node]: [attach-window] t=147.56s pos_err=0.121m T=20.61N z=5.714 m_est=2.064
[INFO] [1789409615.409197555] [acados_nmpc_node]: [attach-window] t=147.60s pos_err=0.160m T=20.45N z=5.707 m_est=2.064
[INFO] [1789409615.464777172] [acados_nmpc_node]: [attach-window] t=147.66s pos_err=0.108m T=19.98N z=5.693 m_est=2.064
[INFO] [1789409615.465185842] [acados_nmpc_node]: [wcmd] raw=[+0.142,+0.130,+0.260] w=[+0.191,+0.491,+0.245] err=[-0.049,-0.361] scaled=[-0.054,-1.314] s=5.00
[INFO] [1789409615.509521697] [acados_nmpc_node]: [attach-window] t=147.70s pos_err=0.145m T=20.12N z=5.687 m_est=2.064
[INFO] [1789409615.564510135] [acados_nmpc_node]: [attach-window] t=147.76s pos_err=0.119m T=20.37N z=5.675 m_est=2.064
[INFO] [1789409615.608793691] [acados_nmpc_node]: [attach-window] t=147.80s pos_err=0.132m T=20.77N z=5.666 m_est=2.064
[INFO] [1789409615.664641479] [acados_nmpc_node]: [attach-window] t=147.86s pos_err=0.108m T=21.05N z=5.650 m_est=2.064
[INFO] [1789409615.665049100] [acados_nmpc_node]: [wcmd] raw=[-0.147,+0.072,+0.343] w=[-0.534,+0.433,+0.336] err=[+0.387,-0.361] scaled=[+1.402,-1.371] s=5.00
[INFO] [1789409615.709315519] [acados_nmpc_node]: [attach-window] t=147.90s pos_err=0.143m T=21.08N z=5.642 m_est=2.064
[INFO] [1789409615.764055548] [acados_nmpc_node]: [attach-window] t=147.96s pos_err=0.100m T=21.30N z=5.623 m_est=2.064
[INFO] [1789409615.808969556] [acados_nmpc_node]: [attach-window] t=148.00s pos_err=0.132m T=21.31N z=5.615 m_est=2.064
[INFO] [1789409615.864341715] [acados_nmpc_node]: [attach-window] t=148.06s pos_err=0.112m T=21.23N z=5.599 m_est=2.064
[INFO] [1789409615.864740651] [acados_nmpc_node]: [wcmd] raw=[+0.156,+0.027,+0.409] w=[+0.497,-0.329,+0.317] err=[-0.341,+0.356] scaled=[-1.209,+1.452] s=5.00
[INFO] [1789409615.913252142] [acados_nmpc_node]: [attach-window] t=148.10s pos_err=0.144m T=21.72N z=5.589 m_est=2.064
[INFO] [1789409615.968598547] [acados_nmpc_node]: [attach-window] t=148.16s pos_err=0.108m T=22.14N z=5.567 m_est=2.064
[INFO] [1789409616.009594001] [acados_nmpc_node]: [attach-window] t=148.20s pos_err=0.136m T=21.86N z=5.558 m_est=2.064
[INFO] [1789409616.064913178] [acados_nmpc_node]: [attach-window] t=148.26s pos_err=0.120m T=21.46N z=5.543 m_est=2.064
[INFO] [1789409616.065325639] [acados_nmpc_node]: [wcmd] raw=[+0.062,-0.174,+0.438] w=[-0.202,-0.313,+0.350] err=[+0.265,+0.139] scaled=[+1.121,+0.381] s=5.00
[INFO] [1789409616.109344664] [acados_nmpc_node]: [attach-window] t=148.30s pos_err=0.146m T=21.23N z=5.536 m_est=2.064
[INFO] [1789409616.190751667] [acados_nmpc_node]: [attach-window] t=148.36s pos_err=0.127m T=20.78N z=5.526 m_est=2.064
[INFO] [1789409616.209552019] [acados_nmpc_node]: [attach-window] t=148.40s pos_err=0.152m T=20.91N z=5.521 m_est=2.064
[INFO] [1789409616.265566498] [acados_nmpc_node]: [attach-window] t=148.46s pos_err=0.117m T=20.97N z=5.509 m_est=2.064
[INFO] [1789409616.275929246] [acados_nmpc_node]: [wcmd] raw=[-0.166,+0.303,+0.547] w=[-0.341,+0.784,+0.583] err=[+0.175,-0.481] scaled=[+0.535,-1.621] s=5.00
[INFO] [1789409616.309723169] [acados_nmpc_node]: [attach-window] t=148.50s pos_err=0.138m T=20.68N z=5.505 m_est=2.064
[INFO] [1789409616.364405088] [acados_nmpc_node]: [attach-window] t=148.56s pos_err=0.105m T=20.51N z=5.496 m_est=2.064
[INFO] [1789409616.409126512] [acados_nmpc_node]: [attach-window] t=148.60s pos_err=0.122m T=20.48N z=5.492 m_est=2.064
[INFO] [1789409616.464601939] [acados_nmpc_node]: [attach-window] t=148.66s pos_err=0.102m T=20.33N z=5.486 m_est=2.064
[INFO] [1789409616.475906544] [acados_nmpc_node]: [wcmd] raw=[-0.031,-0.155,+0.672] w=[+0.352,-0.146,+0.471] err=[-0.383,-0.009] scaled=[-1.564,-0.191] s=5.00
[INFO] [1789409616.509262207] [acados_nmpc_node]: [attach-window] t=148.70s pos_err=0.117m T=20.26N z=5.482 m_est=2.064
[INFO] [1789409616.564666876] [acados_nmpc_node]: [attach-window] t=148.76s pos_err=0.096m T=20.18N z=5.476 m_est=2.064
[INFO] [1789409616.609085225] [acados_nmpc_node]: [attach-window] t=148.80s pos_err=0.098m T=20.28N z=5.472 m_est=2.064
[INFO] [1789409616.666095101] [acados_nmpc_node]: [attach-window] t=148.86s pos_err=0.083m T=20.05N z=5.465 m_est=2.064
[INFO] [1789409616.675922836] [acados_nmpc_node]: [wcmd] raw=[+0.016,-0.516,+0.869] w=[-0.330,-0.902,+0.430] err=[+0.346,+0.386] scaled=[+1.400,+1.028] s=5.00
[INFO] [1789409616.709543268] [acados_nmpc_node]: [attach-window] t=148.90s pos_err=0.094m T=20.59N z=5.461 m_est=2.064
[INFO] [1789409616.764290955] [acados_nmpc_node]: [attach-window] t=148.96s pos_err=0.074m T=20.96N z=5.449 m_est=2.064
[INFO] [1789409616.808972363] [acados_nmpc_node]: [attach-window] t=149.00s pos_err=0.081m T=20.92N z=5.443 m_est=2.064
[INFO] [1789409616.864000527] [acados_nmpc_node]: [attach-window] t=149.06s pos_err=0.072m T=21.01N z=5.431 m_est=2.064
[INFO] [1789409616.875912740] [acados_nmpc_node]: [wcmd] raw=[-0.074,+0.116,+0.979] w=[+0.170,+0.138,+0.733] err=[-0.244,-0.021] scaled=[-1.050,+0.032] s=5.00
[INFO] [1789409616.908714858] [acados_nmpc_node]: [attach-window] t=149.10s pos_err=0.080m T=21.06N z=5.425 m_est=2.064
[INFO] [1789409616.964743710] [acados_nmpc_node]: [attach-window] t=149.16s pos_err=0.069m T=21.18N z=5.412 m_est=2.064
[INFO] [1789409617.008902314] [acados_nmpc_node]: [attach-window] t=149.20s pos_err=0.082m T=21.18N z=5.407 m_est=2.064
[INFO] [1789409617.063980485] [acados_nmpc_node]: [attach-window] t=149.26s pos_err=0.069m T=21.13N z=5.394 m_est=2.064
[INFO] [1789409617.075932588] [acados_nmpc_node]: [wcmd] raw=[+0.151,-0.043,+1.063] w=[+0.327,+0.103,+0.862] err=[-0.176,-0.146] scaled=[-0.551,-0.627] s=5.00
[INFO] [1789409617.109100594] [acados_nmpc_node]: [attach-window] t=149.30s pos_err=0.076m T=21.07N z=5.388 m_est=2.064
[INFO] [1789409617.187669387] [acados_nmpc_node]: [attach-window] t=149.36s pos_err=0.068m T=20.99N z=5.377 m_est=2.064
[INFO] [1789409617.208679263] [acados_nmpc_node]: [attach-window] t=149.40s pos_err=0.077m T=21.39N z=5.371 m_est=2.064
[INFO] [1789409617.264833526] [acados_nmpc_node]: [attach-window] t=149.46s pos_err=0.064m T=21.87N z=5.355 m_est=2.064
[INFO] [1789409617.295942743] [acados_nmpc_node]: [wcmd] raw=[-0.028,-0.067,+1.062] w=[-0.561,+0.392,+1.091] err=[+0.533,-0.459] scaled=[+1.900,-1.726] s=5.00
[INFO] [1789409617.309036039] [acados_nmpc_node]: [attach-window] t=149.50s pos_err=0.070m T=21.85N z=5.348 m_est=2.064
[INFO] [1789409617.364028727] [acados_nmpc_node]: [attach-window] t=149.56s pos_err=0.064m T=22.28N z=5.333 m_est=2.064
[INFO] [1789409617.409504836] [acados_nmpc_node]: [attach-window] t=149.60s pos_err=0.071m T=22.22N z=5.325 m_est=2.064
[INFO] [1789409617.464704324] [acados_nmpc_node]: [attach-window] t=149.66s pos_err=0.063m T=22.06N z=5.310 m_est=2.064
[INFO] [1789409617.495938812] [acados_nmpc_node]: [wcmd] raw=[+0.057,+0.031,+0.958] w=[+0.208,+0.146,+1.149] err=[-0.152,-0.116] scaled=[-0.551,-0.432] s=5.00
[INFO] [1789409617.548209063] [acados_nmpc_node]: [attach-window] t=149.70s pos_err=0.067m T=22.62N z=5.302 m_est=2.064
[INFO] [1789409617.564309500] [acados_nmpc_node]: [attach-window] t=149.76s pos_err=0.067m T=22.78N z=5.284 m_est=2.064
[INFO] [1789409617.608928992] [acados_nmpc_node]: [attach-window] t=149.80s pos_err=0.068m T=22.68N z=5.277 m_est=2.064
[INFO] [1789409617.664614188] [acados_nmpc_node]: [attach-window] t=149.86s pos_err=0.069m T=22.19N z=5.265 m_est=2.064
[INFO] [1789409617.723424750] [acados_nmpc_node]: [attach-window] t=149.90s pos_err=0.070m T=21.87N z=5.261 m_est=2.064
[INFO] [1789409617.723972689] [acados_nmpc_node]: [wcmd] raw=[+0.033,-0.350,+0.714] w=[+0.175,-0.779,+0.948] err=[-0.142,+0.429] scaled=[-0.536,+1.365] s=5.00
[INFO] [1789409617.764893833] [acados_nmpc_node]: [attach-window] t=149.96s pos_err=0.064m T=21.09N z=5.255 m_est=2.064
[INFO] [1789409617.809013170] [acados_nmpc_node]: [attach-window] t=150.00s pos_err=0.062m T=21.04N z=5.253 m_est=2.064
[INFO] [1789409617.865059611] [acados_nmpc_node]: [attach-window] t=150.06s pos_err=0.055m T=21.11N z=5.250 m_est=2.064
[INFO] [1789409617.909207089] [acados_nmpc_node]: [attach-window] t=150.10s pos_err=0.057m T=21.22N z=5.248 m_est=2.064
[INFO] [1789409617.915924483] [acados_nmpc_node]: [wcmd] raw=[-0.252,-0.067,+0.511] w=[-0.518,-0.032,+0.897] err=[+0.266,-0.035] scaled=[+0.811,-0.206] s=5.00
[INFO] [1789409617.970347939] [acados_nmpc_node]: [attach-window] t=150.16s pos_err=0.048m T=21.19N z=5.246 m_est=2.064
[INFO] [1789409618.008949139] [acados_nmpc_node]: [attach-window] t=150.20s pos_err=0.059m T=21.12N z=5.245 m_est=2.064
[INFO] [1789409618.064256770] [acados_nmpc_node]: [attach-window] t=150.26s pos_err=0.041m T=20.95N z=5.242 m_est=2.064
[INFO] [1789409618.108971585] [acados_nmpc_node]: [attach-window] t=150.30s pos_err=0.054m T=20.88N z=5.241 m_est=2.064
[INFO] [1789409618.115920647] [acados_nmpc_node]: [wcmd] raw=[+0.076,+0.090,+0.342] w=[+0.515,+0.695,+0.776] err=[-0.439,-0.605] scaled=[-1.370,-1.900] s=5.00
[INFO] [1789409618.164729931] [acados_nmpc_node]: [attach-window] t=150.36s pos_err=0.043m T=20.84N z=5.240 m_est=2.064
[INFO] [1789409618.208932692] [acados_nmpc_node]: [attach-window] t=150.40s pos_err=0.065m T=21.66N z=5.237 m_est=2.064
[INFO] [1789409618.264836458] [acados_nmpc_node]: [attach-window] t=150.46s pos_err=0.046m T=21.89N z=5.228 m_est=2.064
[INFO] [1789409618.309154941] [acados_nmpc_node]: [attach-window] t=150.50s pos_err=0.067m T=21.61N z=5.224 m_est=2.064
[INFO] [1789409618.315920044] [acados_nmpc_node]: [wcmd] raw=[-0.131,+0.037,+0.241] w=[-0.513,-0.015,+0.446] err=[+0.382,+0.051] scaled=[+1.395,+0.243] s=5.00
[INFO] [1789409618.364017427] [acados_nmpc_node]: [attach-window] t=150.56s pos_err=0.057m T=21.21N z=5.218 m_est=2.064
[INFO] [1789409618.408375694] [acados_nmpc_node]: [attach-window] t=150.60s pos_err=0.080m T=21.16N z=5.216 m_est=2.064
[INFO] [1789409618.464748427] [acados_nmpc_node]: [attach-window] t=150.66s pos_err=0.053m T=20.48N z=5.215 m_est=2.064
[INFO] [1789409618.509286101] [acados_nmpc_node]: [attach-window] t=150.70s pos_err=0.075m T=20.34N z=5.215 m_est=2.064
[INFO] [1789409618.515958508] [acados_nmpc_node]: [wcmd] raw=[-0.116,-0.281,+0.200] w=[+0.015,-0.757,+0.202] err=[-0.131,+0.476] scaled=[-0.640,+1.622] s=5.00
[INFO] [1789409618.564106744] [acados_nmpc_node]: [attach-window] t=150.76s pos_err=0.060m T=19.95N z=5.217 m_est=2.064
[INFO] [1789409618.608729514] [acados_nmpc_node]: [attach-window] t=150.80s pos_err=0.087m T=20.03N z=5.218 m_est=2.064
[INFO] [1789409618.665205338] [acados_nmpc_node]: [attach-window] t=150.86s pos_err=0.054m T=19.97N z=5.222 m_est=2.064
[INFO] [1789409618.709225831] [acados_nmpc_node]: [attach-window] t=150.90s pos_err=0.083m T=20.09N z=5.223 m_est=2.064
[INFO] [1789409618.715970846] [acados_nmpc_node]: [wcmd] raw=[+0.090,-0.228,+0.206] w=[+0.248,-0.131,+0.253] err=[-0.158,-0.097] scaled=[-0.543,-0.616] s=5.00
[INFO] [1789409618.780715270] [acados_nmpc_node]: [attach-window] t=150.96s pos_err=0.068m T=19.97N z=5.226 m_est=2.064
[INFO] [1789409618.808965695] [acados_nmpc_node]: [attach-window] t=151.00s pos_err=0.100m T=20.01N z=5.227 m_est=2.064
[INFO] [1789409618.863942780] [acados_nmpc_node]: [attach-window] t=151.06s pos_err=0.066m T=19.94N z=5.229 m_est=2.064
[INFO] [1789409618.908593706] [acados_nmpc_node]: [attach-window] t=151.10s pos_err=0.099m T=20.08N z=5.229 m_est=2.064
[INFO] [1789409618.909080146] [acados_nmpc_node]: t=151.1s | pos_err=0.099m | T=20.08N | tau=[r0.380 p-0.384 y-0.024]Nm | res_stat=9.053e-07(peak 8.426e-06) sqp_iter=5 | solve=2.1ms
[INFO] [1789409618.909287939] [acados_nmpc_node]: [flight-diag] t=151.1s | om_scale=5.000(lo 5.000 hi 5.000) | tilt_max=12.38deg | w_max=[r0.697 p0.908 y1.231]rad/s | u_frac=[T0.727 r1.000 p1.000 y1.000] | u_sat=[T0.0 r49.0 p47.0 y1.0]% | mot_peak=1.000 mot_sat=30.7% | health=1 age=0.000s conf=0.381 | n=100
[INFO] [1789409618.935959031] [acados_nmpc_node]: [wcmd] raw=[-0.076,-0.025,+0.242] w=[-0.516,+0.550,+0.342] err=[+0.440,-0.576] scaled=[+1.358,-1.900] s=5.00
[INFO] [1789409618.964635456] [acados_nmpc_node]: [attach-window] t=151.16s pos_err=0.082m T=20.00N z=5.230 m_est=2.064
[INFO] [1789409619.008630730] [acados_nmpc_node]: [attach-window] t=151.20s pos_err=0.096m T=20.26N z=5.230 m_est=2.064
[INFO] [1789409619.064520480] [acados_nmpc_node]: [attach-window] t=151.26s pos_err=0.079m T=20.26N z=5.229 m_est=2.064
[INFO] [1789409619.109311628] [acados_nmpc_node]: [attach-window] t=151.30s pos_err=0.113m T=20.23N z=5.229 m_est=2.064
[INFO] [1789409619.135983079] [acados_nmpc_node]: [wcmd] raw=[-0.013,+0.004,+0.249] w=[+0.471,-0.291,+0.229] err=[-0.485,+0.294] scaled=[-1.900,+1.150] s=5.00
[INFO] [1789409619.163927136] [acados_nmpc_node]: [attach-window] t=151.36s pos_err=0.075m T=20.22N z=5.227 m_est=2.064
[INFO] [1789409619.229146999] [acados_nmpc_node]: [attach-window] t=151.40s pos_err=0.108m T=20.40N z=5.226 m_est=2.064
[INFO] [1789409619.264628493] [acados_nmpc_node]: [attach-window] t=151.46s pos_err=0.090m T=20.25N z=5.225 m_est=2.064
[INFO] [1789409619.308983344] [acados_nmpc_node]: [attach-window] t=151.50s pos_err=0.124m T=20.28N z=5.225 m_est=2.064
[INFO] [1789409619.335949302] [acados_nmpc_node]: [wcmd] raw=[+0.149,-0.186,+0.248] w=[-0.227,-0.918,+0.119] err=[+0.376,+0.733] scaled=[+1.220,+1.900] s=5.00
[INFO] [1789409619.365313896] [acados_nmpc_node]: [attach-window] t=151.56s pos_err=0.107m T=20.07N z=5.225 m_est=2.064
[INFO] [1789409619.408955597] [acados_nmpc_node]: [attach-window] t=151.60s pos_err=0.122m T=20.09N z=5.225 m_est=2.064
[INFO] [1789409619.464311435] [acados_nmpc_node]: [attach-window] t=151.66s pos_err=0.104m T=20.33N z=5.225 m_est=2.064
[INFO] [1789409619.508561642] [acados_nmpc_node]: [attach-window] t=151.70s pos_err=0.141m T=20.46N z=5.224 m_est=2.064
[INFO] [1789409619.535927537] [acados_nmpc_node]: [wcmd] raw=[-0.115,+0.070,+0.261] w=[-0.090,-0.022,+0.233] err=[-0.026,+0.092] scaled=[-0.218,+0.439] s=5.00
[INFO] [1789409619.564457621] [acados_nmpc_node]: [attach-window] t=151.76s pos_err=0.125m T=20.43N z=5.222 m_est=2.064
[INFO] [1789409619.631276950] [acados_nmpc_node]: [attach-window] t=151.80s pos_err=0.163m T=20.38N z=5.222 m_est=2.064
[INFO] [1789409619.664391022] [acados_nmpc_node]: [attach-window] t=151.86s pos_err=0.125m T=20.46N z=5.220 m_est=2.064
[INFO] [1789409619.709517666] [acados_nmpc_node]: [attach-window] t=151.90s pos_err=0.164m T=20.64N z=5.220 m_est=2.064
[INFO] [1789409619.736004991] [acados_nmpc_node]: [wcmd] raw=[+0.054,+0.205,+0.298] w=[+0.594,+0.816,+0.339] err=[-0.540,-0.611] scaled=[-1.806,-1.900] s=5.00
[INFO] [1789409619.764953655] [acados_nmpc_node]: [attach-window] t=151.96s pos_err=0.146m T=20.12N z=5.220 m_est=2.064
[INFO] [1789409619.809128815] [acados_nmpc_node]: [attach-window] t=152.00s pos_err=0.183m T=20.28N z=5.221 m_est=2.064
[INFO] [1789409619.865087813] [acados_nmpc_node]: [attach-window] t=152.06s pos_err=0.143m T=20.61N z=5.222 m_est=2.064
[INFO] [1789409619.908912685] [acados_nmpc_node]: [attach-window] t=152.10s pos_err=0.180m T=20.59N z=5.222 m_est=2.064
[INFO] [1789409619.935935574] [acados_nmpc_node]: [wcmd] raw=[-0.179,+0.121,+0.364] w=[-0.513,+0.041,+0.232] err=[+0.334,+0.079] scaled=[+1.155,+0.438] s=5.00
[INFO] [1789409619.964322532] [acados_nmpc_node]: [attach-window] t=152.16s pos_err=0.159m T=20.83N z=5.220 m_est=2.064
[INFO] [1789409620.007758348] [acados_nmpc_node]: [attach-window] t=152.20s pos_err=0.196m T=20.85N z=5.219 m_est=2.064
[INFO] [1789409620.061486143] [acados_nmpc_node]: [attach-window] t=152.25s pos_err=0.150m T=20.73N z=5.217 m_est=2.064
[INFO] [1789409620.108718800] [acados_nmpc_node]: [attach-window] t=152.30s pos_err=0.191m T=20.75N z=5.217 m_est=2.064
[INFO] [1789409620.135923180] [acados_nmpc_node]: [wcmd] raw=[-0.070,+0.026,+0.395] w=[+0.375,-0.176,+0.287] err=[-0.445,+0.203] scaled=[-1.851,+0.836] s=5.00
[INFO] [1789409620.163732306] [acados_nmpc_node]: [attach-window] t=152.36s pos_err=0.171m T=20.77N z=5.216 m_est=2.064
[INFO] [1789409620.208572859] [acados_nmpc_node]: [attach-window] t=152.40s pos_err=0.207m T=20.89N z=5.215 m_est=2.064
[INFO] [1789409620.264761864] [acados_nmpc_node]: [attach-window] t=152.46s pos_err=0.166m T=20.78N z=5.214 m_est=2.064
[INFO] [1789409620.309461937] [acados_nmpc_node]: [attach-window] t=152.50s pos_err=0.199m T=20.80N z=5.214 m_est=2.064
[INFO] [1789409620.335928845] [acados_nmpc_node]: [wcmd] raw=[+0.182,-0.190,+0.401] w=[-0.097,-0.492,+0.300] err=[+0.279,+0.302] scaled=[+1.300,+1.019] s=5.00
[INFO] [1789409620.364470368] [acados_nmpc_node]: [attach-window] t=152.56s pos_err=0.180m T=20.71N z=5.214 m_est=2.064
[INFO] [1789409620.409262829] [acados_nmpc_node]: [attach-window] t=152.60s pos_err=0.213m T=20.39N z=5.215 m_est=2.064
[INFO] [1789409620.464141916] [acados_nmpc_node]: [attach-window] t=152.66s pos_err=0.172m T=20.24N z=5.218 m_est=2.064
[INFO] [1789409620.509487403] [acados_nmpc_node]: [attach-window] t=152.70s pos_err=0.204m T=20.35N z=5.220 m_est=2.064
[INFO] [1789409620.535933668] [acados_nmpc_node]: [wcmd] raw=[-0.176,-0.076,+0.429] w=[-0.266,+0.392,+0.479] err=[+0.090,-0.468] scaled=[+0.173,-1.900] s=5.00
[INFO] [1789409620.564477800] [acados_nmpc_node]: [attach-window] t=152.76s pos_err=0.184m T=20.29N z=5.223 m_est=2.064
[INFO] [1789409620.609315834] [acados_nmpc_node]: [attach-window] t=152.80s pos_err=0.195m T=20.39N z=5.225 m_est=2.064
[INFO] [1789409620.664711343] [acados_nmpc_node]: [attach-window] t=152.86s pos_err=0.178m T=20.34N z=5.229 m_est=2.064
[INFO] [1789409620.709310435] [acados_nmpc_node]: [attach-window] t=152.90s pos_err=0.206m T=20.38N z=5.230 m_est=2.064
[INFO] [1789409620.735940717] [acados_nmpc_node]: [wcmd] raw=[+0.028,+0.156,+0.483] w=[+0.379,+0.530,+0.497] err=[-0.351,-0.374] scaled=[-1.376,-1.341] s=5.00
[INFO] [1789409620.765645466] [acados_nmpc_node]: [attach-window] t=152.96s pos_err=0.187m T=20.07N z=5.233 m_est=2.064
[INFO] [1789409620.809582793] [acados_nmpc_node]: [attach-window] t=153.00s pos_err=0.214m T=20.49N z=5.235 m_est=2.064
[INFO] [1789409620.864638892] [acados_nmpc_node]: [attach-window] t=153.06s pos_err=0.178m T=20.67N z=5.238 m_est=2.064
[INFO] [1789409620.909324770] [acados_nmpc_node]: [attach-window] t=153.10s pos_err=0.202m T=20.84N z=5.239 m_est=2.064
[INFO] [1789409620.935954961] [acados_nmpc_node]: [wcmd] raw=[-0.011,-0.169,+0.538] w=[-0.434,-0.380,+0.335] err=[+0.423,+0.211] scaled=[+1.680,+0.675] s=5.00
[INFO] [1789409620.965077276] [acados_nmpc_node]: [attach-window] t=153.16s pos_err=0.169m T=20.80N z=5.242 m_est=2.064
[INFO] [1789409621.009555881] [acados_nmpc_node]: [attach-window] t=153.20s pos_err=0.189m T=20.84N z=5.243 m_est=2.064
[INFO] [1789409621.098084344] [acados_nmpc_node]: [attach-window] t=153.26s pos_err=0.170m T=20.66N z=5.246 m_est=2.064
[INFO] [1789409621.109667367] [acados_nmpc_node]: [attach-window] t=153.30s pos_err=0.189m T=20.74N z=5.248 m_est=2.064
[INFO] [1789409621.164731423] [acados_nmpc_node]: [attach-window] t=153.36s pos_err=0.158m T=20.93N z=5.252 m_est=2.064
[INFO] [1789409621.175907169] [acados_nmpc_node]: [wcmd] raw=[-0.196,-0.121,+0.687] w=[-0.360,-0.586,+0.370] err=[+0.165,+0.464] scaled=[+0.463,+1.736] s=5.00
[INFO] [1789409621.209334002] [acados_nmpc_node]: [attach-window] t=153.40s pos_err=0.189m T=20.95N z=5.253 m_est=2.064
[INFO] [1789409621.264864665] [acados_nmpc_node]: [attach-window] t=153.46s pos_err=0.159m T=20.58N z=5.259 m_est=2.064
[INFO] [1789409621.316259299] [acados_nmpc_node]: [attach-window] t=153.50s pos_err=0.175m T=20.13N z=5.262 m_est=2.064
[INFO] [1789409621.364887676] [acados_nmpc_node]: [attach-window] t=153.56s pos_err=0.158m T=20.44N z=5.269 m_est=2.064
[INFO] [1789409621.375948321] [acados_nmpc_node]: [wcmd] raw=[+0.135,-0.274,+0.818] w=[+0.551,+0.082,+0.594] err=[-0.417,-0.356] scaled=[-1.532,-1.697] s=5.00
[INFO] [1789409621.412571199] [acados_nmpc_node]: [attach-window] t=153.60s pos_err=0.174m T=20.50N z=5.272 m_est=2.064
[INFO] [1789409621.464595142] [acados_nmpc_node]: [attach-window] t=153.66s pos_err=0.146m T=21.08N z=5.279 m_est=2.064
[INFO] [1789409621.509480547] [acados_nmpc_node]: [attach-window] t=153.70s pos_err=0.159m T=21.54N z=5.281 m_est=2.064
[INFO] [1789409621.564455586] [acados_nmpc_node]: [attach-window] t=153.76s pos_err=0.135m T=22.43N z=5.279 m_est=2.064
[INFO] [1789409621.575974252] [acados_nmpc_node]: [wcmd] raw=[-0.267,+0.116,+0.968] w=[-0.760,+0.476,+0.828] err=[+0.493,-0.359] scaled=[+1.704,-1.321] s=5.00
[INFO] [1789409621.608975603] [acados_nmpc_node]: [attach-window] t=153.80s pos_err=0.146m T=22.41N z=5.278 m_est=2.064
[INFO] [1789409621.664619491] [acados_nmpc_node]: [attach-window] t=153.86s pos_err=0.134m T=23.22N z=5.274 m_est=2.064
[INFO] [1789409621.708817566] [acados_nmpc_node]: [attach-window] t=153.90s pos_err=0.145m T=23.48N z=5.271 m_est=2.064
[INFO] [1789409621.764962043] [acados_nmpc_node]: [attach-window] t=153.96s pos_err=0.136m T=23.48N z=5.267 m_est=2.064
[INFO] [1789409621.775926593] [acados_nmpc_node]: [wcmd] raw=[+0.103,-0.199,+1.031] w=[+0.529,-0.686,+0.802] err=[-0.427,+0.487] scaled=[-1.604,+1.750] s=5.00
[INFO] [1789409621.811469487] [acados_nmpc_node]: [attach-window] t=154.00s pos_err=0.148m T=24.18N z=5.265 m_est=2.064
[INFO] [1789409621.864642789] [acados_nmpc_node]: [attach-window] t=154.06s pos_err=0.141m T=24.77N z=5.254 m_est=2.064
[INFO] [1789409621.909252008] [acados_nmpc_node]: [attach-window] t=154.10s pos_err=0.153m T=24.62N z=5.250 m_est=2.064
[INFO] [1789409621.964522354] [acados_nmpc_node]: [attach-window] t=154.16s pos_err=0.155m T=24.53N z=5.244 m_est=2.064
[INFO] [1789409621.976007034] [acados_nmpc_node]: [wcmd] raw=[+0.116,-0.267,+1.011] w=[-0.249,-0.083,+1.006] err=[+0.365,-0.184] scaled=[+1.577,-1.003] s=5.00
[INFO] [1789409622.009068245] [acados_nmpc_node]: [attach-window] t=154.20s pos_err=0.165m T=24.55N z=5.243 m_est=2.064
[INFO] [1789409622.062309090] [acados_nmpc_node]: [attach-window] t=154.25s pos_err=0.161m T=23.95N z=5.243 m_est=2.064
[INFO] [1789409622.108468282] [acados_nmpc_node]: [attach-window] t=154.30s pos_err=0.169m T=24.38N z=5.244 m_est=2.064
[INFO] [1789409622.161472637] [acados_nmpc_node]: [attach-window] t=154.35s pos_err=0.170m T=24.28N z=5.244 m_est=2.064
[INFO] [1789409622.175826856] [acados_nmpc_node]: [wcmd] raw=[-0.215,+0.161,+0.943] w=[-0.213,+0.579,+1.189] err=[-0.002,-0.418] scaled=[-0.224,-1.512] s=5.00
[INFO] [1789409622.207973524] [acados_nmpc_node]: [attach-window] t=154.40s pos_err=0.174m T=24.07N z=5.246 m_est=2.064
[INFO] [1789409622.261722162] [acados_nmpc_node]: [attach-window] t=154.45s pos_err=0.172m T=23.02N z=5.254 m_est=2.064
[INFO] [1789409622.308124937] [acados_nmpc_node]: [attach-window] t=154.50s pos_err=0.171m T=22.65N z=5.260 m_est=2.064
[INFO] [1789409622.361881539] [acados_nmpc_node]: [attach-window] t=154.55s pos_err=0.160m T=21.46N z=5.279 m_est=2.064
[INFO] [1789409622.375856849] [acados_nmpc_node]: [wcmd] raw=[-0.013,+0.144,+0.785] w=[+0.347,-0.265,+0.987] err=[-0.361,+0.408] scaled=[-1.456,+1.777] s=5.00
[INFO] [1789409622.424795114] [acados_nmpc_node]: [attach-window] t=154.60s pos_err=0.156m T=21.13N z=5.290 m_est=2.064
[INFO] [1789409622.463082872] [acados_nmpc_node]: [attach-window] t=154.65s pos_err=0.141m T=20.44N z=5.318 m_est=2.064
[INFO] [1789409622.508267379] [acados_nmpc_node]: [attach-window] t=154.70s pos_err=0.132m T=20.83N z=5.330 m_est=2.064
[INFO] [1789409622.561867613] [acados_nmpc_node]: [attach-window] t=154.75s pos_err=0.124m T=20.81N z=5.352 m_est=2.064
[INFO] [1789409622.575961016] [acados_nmpc_node]: [wcmd] raw=[+0.029,-0.376,+0.568] w=[-0.355,-0.276,+0.830] err=[+0.384,-0.100] scaled=[+1.565,-0.774] s=5.00
[INFO] [1789409622.608554154] [acados_nmpc_node]: [attach-window] t=154.80s pos_err=0.116m T=20.93N z=5.363 m_est=2.064
[INFO] [1789409622.692908769] [acados_nmpc_node]: [attach-window] t=154.86s pos_err=0.113m T=20.52N z=5.387 m_est=2.064
[INFO] [1789409622.709200250] [acados_nmpc_node]: [attach-window] t=154.90s pos_err=0.101m T=20.50N z=5.397 m_est=2.064
[INFO] [1789409622.764194516] [acados_nmpc_node]: [attach-window] t=154.96s pos_err=0.101m T=20.40N z=5.417 m_est=2.064
[INFO] [1789409622.795923332] [acados_nmpc_node]: [wcmd] raw=[-0.223,-0.007,+0.412] w=[-0.417,+0.289,+0.786] err=[+0.194,-0.296] scaled=[+0.553,-1.191] s=5.00
[INFO] [1789409622.808774368] [acados_nmpc_node]: [attach-window] t=155.00s pos_err=0.087m T=20.56N z=5.427 m_est=2.064
[INFO] [1789409622.874144407] [acados_nmpc_node]: [attach-window] t=155.06s pos_err=0.103m T=20.14N z=5.448 m_est=2.064
[INFO] [1789409622.915029948] [acados_nmpc_node]: [attach-window] t=155.10s pos_err=0.083m T=20.42N z=5.458 m_est=2.064
[INFO] [1789409622.965138541] [acados_nmpc_node]: [attach-window] t=155.16s pos_err=0.093m T=20.36N z=5.477 m_est=2.064
[INFO] [1789409622.995933896] [acados_nmpc_node]: [wcmd] raw=[+0.113,-0.213,+0.258] w=[+0.529,-0.246,+0.564] err=[-0.417,+0.032] scaled=[-1.554,-0.083] s=5.00
[INFO] [1789409623.008933172] [acados_nmpc_node]: [attach-window] t=155.20s pos_err=0.070m T=20.10N z=5.486 m_est=2.064
[INFO] [1789409623.064467907] [acados_nmpc_node]: [attach-window] t=155.26s pos_err=0.099m T=19.79N z=5.509 m_est=2.064
[INFO] [1789409623.109163821] [acados_nmpc_node]: [attach-window] t=155.30s pos_err=0.070m T=19.97N z=5.519 m_est=2.064
[INFO] [1789409623.164414900] [acados_nmpc_node]: [attach-window] t=155.36s pos_err=0.086m T=20.10N z=5.538 m_est=2.064
[INFO] [1789409623.195952438] [acados_nmpc_node]: [wcmd] raw=[+0.028,-0.057,+0.134] w=[-0.480,-0.599,+0.304] err=[+0.508,+0.543] scaled=[+1.861,+1.900] s=5.00
[INFO] [1789409623.210834048] [acados_nmpc_node]: [attach-window] t=155.40s pos_err=0.054m T=20.25N z=5.547 m_est=2.064
[INFO] [1789409623.264847905] [acados_nmpc_node]: [attach-window] t=155.46s pos_err=0.088m T=20.22N z=5.566 m_est=2.064
[INFO] [1789409623.308777823] [acados_nmpc_node]: [attach-window] t=155.50s pos_err=0.053m T=20.49N z=5.574 m_est=2.064
[INFO] [1789409623.369135282] [acados_nmpc_node]: [attach-window] t=155.56s pos_err=0.070m T=20.52N z=5.589 m_est=2.064
[INFO] [1789409623.395932237] [acados_nmpc_node]: [wcmd] raw=[+0.065,+0.341,+0.102] w=[+0.349,+0.376,+0.273] err=[-0.284,-0.036] scaled=[-1.071,+0.198] s=5.00
[INFO] [1789409623.408993124] [acados_nmpc_node]: [attach-window] t=155.60s pos_err=0.032m T=20.95N z=5.596 m_est=2.064
[INFO] [1789409623.464043850] [acados_nmpc_node]: [attach-window] t=155.66s pos_err=0.069m T=20.87N z=5.611 m_est=2.064
[INFO] [1789409623.509080298] [acados_nmpc_node]: [attach-window] t=155.70s pos_err=0.030m T=21.05N z=5.617 m_est=2.064
[INFO] [1789409623.571278447] [acados_nmpc_node]: [attach-window] t=155.76s pos_err=0.046m T=20.84N z=5.630 m_est=2.064
[INFO] [1789409623.595948411] [acados_nmpc_node]: [wcmd] raw=[+0.201,+0.030,+0.092] w=[+0.205,+0.347,+0.143] err=[-0.004,-0.318] scaled=[+0.185,-1.240] s=5.00
[INFO] [1789409623.608540021] [acados_nmpc_node]: [attach-window] t=155.80s pos_err=0.011m T=21.01N z=5.637 m_est=2.064
[INFO] [1789409623.664706348] [acados_nmpc_node]: [attach-window] t=155.86s pos_err=0.049m T=20.37N z=5.652 m_est=2.064
[INFO] [1789409623.708972583] [acados_nmpc_node]: [attach-window] t=155.90s pos_err=0.013m T=20.74N z=5.660 m_est=2.064
[INFO] [1789409623.764392142] [acados_nmpc_node]: [attach-window] t=155.96s pos_err=0.032m T=20.56N z=5.673 m_est=2.064
[INFO] [1789409623.795951792] [acados_nmpc_node]: [wcmd] raw=[-0.226,-0.194,+0.127] w=[-0.375,-0.232,+0.008] err=[+0.148,+0.038] scaled=[+0.366,-0.043] s=5.00
[INFO] [1789409623.808679500] [acados_nmpc_node]: [attach-window] t=156.00s pos_err=0.019m T=20.46N z=5.683 m_est=2.064
[INFO] [1789409623.864453747] [acados_nmpc_node]: [attach-window] t=156.06s pos_err=0.042m T=20.37N z=5.697 m_est=2.064
[INFO] [1789409623.908898107] [acados_nmpc_node]: [attach-window] t=156.10s pos_err=0.023m T=20.58N z=5.704 m_est=2.064
[INFO] [1789409623.909405901] [acados_nmpc_node]: t=156.1s | pos_err=0.023m | T=20.58N | tau=[r0.500 p-0.500 y0.011]Nm | res_stat=1.507e-07(peak 8.426e-06) sqp_iter=4 | solve=2.4ms
[INFO] [1789409623.909701877] [acados_nmpc_node]: [flight-diag] t=156.1s | om_scale=5.000(lo 5.000 hi 5.000) | tilt_max=12.45deg | w_max=[r0.760 p1.038 y1.189]rad/s | u_frac=[T0.790 r1.000 p1.000 y0.795] | u_sat=[T0.0 r52.0 p53.0 y0.0]% | mot_peak=1.000 mot_sat=31.4% | health=1 age=0.000s conf=0.536 | n=100
[INFO] [1789409623.964234656] [acados_nmpc_node]: [attach-window] t=156.16s pos_err=0.034m T=20.38N z=5.719 m_est=2.064
[INFO] [1789409623.995946990] [acados_nmpc_node]: [wcmd] raw=[+0.063,-0.135,+0.152] w=[+0.492,-0.812,-0.009] err=[-0.429,+0.677] scaled=[-1.225,+1.900] s=5.00
[INFO] [1789409624.010111282] [acados_nmpc_node]: [attach-window] t=156.20s pos_err=0.033m T=20.38N z=5.729 m_est=2.064
[INFO] [1789409624.064451038] [acados_nmpc_node]: [attach-window] t=156.26s pos_err=0.047m T=20.33N z=5.743 m_est=2.064
[INFO] [1789409624.108528481] [acados_nmpc_node]: [attach-window] t=156.30s pos_err=0.050m T=20.67N z=5.750 m_est=2.064
[INFO] [1789409624.164603776] [acados_nmpc_node]: [attach-window] t=156.36s pos_err=0.051m T=20.92N z=5.762 m_est=2.064
[INFO] [1789409624.195984291] [acados_nmpc_node]: [wcmd] raw=[+0.037,+0.150,+0.130] w=[-0.421,+0.283,+0.222] err=[+0.458,-0.133] scaled=[+1.870,-0.381] s=5.00
[INFO] [1789409624.208895300] [acados_nmpc_node]: [attach-window] t=156.40s pos_err=0.059m T=20.89N z=5.770 m_est=2.064
[INFO] [1789409624.263674185] [acados_nmpc_node]: [attach-window] t=156.46s pos_err=0.062m T=20.59N z=5.783 m_est=2.064
[INFO] [1789409624.309402081] [acados_nmpc_node]: [attach-window] t=156.50s pos_err=0.080m T=20.68N z=5.791 m_est=2.064
[INFO] [1789409624.364383158] [acados_nmpc_node]: [attach-window] t=156.56s pos_err=0.073m T=20.36N z=5.806 m_est=2.064
[INFO] [1789409624.396035322] [acados_nmpc_node]: [wcmd] raw=[+0.022,+0.059,+0.087] w=[+0.169,+0.348,+0.253] err=[-0.147,-0.288] scaled=[-0.566,-1.094] s=5.00
[INFO] [1789409624.408979803] [acados_nmpc_node]: [attach-window] t=156.60s pos_err=0.102m T=20.72N z=5.813 m_est=2.064
[INFO] [1789409624.464854312] [acados_nmpc_node]: [attach-window] t=156.66s pos_err=0.078m T=20.45N z=5.829 m_est=2.064
[INFO] [1789409624.538393459] [acados_nmpc_node]: [attach-window] t=156.70s pos_err=0.102m T=20.69N z=5.836 m_est=2.064
[INFO] [1789409624.565543103] [acados_nmpc_node]: [attach-window] t=156.76s pos_err=0.079m T=20.16N z=5.854 m_est=2.064
[INFO] [1789409624.608987443] [acados_nmpc_node]: [attach-window] t=156.80s pos_err=0.119m T=20.25N z=5.860 m_est=2.064
[INFO] [1789409624.615933685] [acados_nmpc_node]: [wcmd] raw=[+0.166,-0.091,+0.013] w=[+0.487,-0.435,+0.056] err=[-0.321,+0.344] scaled=[-1.117,+1.286] s=5.00
[INFO] [1789409624.664570187] [acados_nmpc_node]: [attach-window] t=156.86s pos_err=0.087m T=19.71N z=5.880 m_est=2.064
[INFO] [1789409624.709364506] [acados_nmpc_node]: [attach-window] t=156.90s pos_err=0.114m T=19.78N z=5.890 m_est=2.064
[INFO] [1789409624.766137936] [acados_nmpc_node]: [attach-window] t=156.96s pos_err=0.097m T=19.55N z=5.908 m_est=2.064
[INFO] [1789409624.809075828] [acados_nmpc_node]: [attach-window] t=157.00s pos_err=0.130m T=19.89N z=5.918 m_est=2.064
[INFO] [1789409624.815979901] [acados_nmpc_node]: [wcmd] raw=[-0.130,-0.173,-0.043] w=[-0.360,-0.769,-0.086] err=[+0.229,+0.596] scaled=[+0.667,+1.900] s=5.00
[INFO] [1789409624.886341467] [acados_nmpc_node]: [attach-window] t=157.06s pos_err=0.097m T=19.96N z=5.938 m_est=2.064
[INFO] [1789409624.908893064] [acados_nmpc_node]: [attach-window] t=157.10s pos_err=0.126m T=19.81N z=5.946 m_est=2.064
[INFO] [1789409624.965895429] [acados_nmpc_node]: [attach-window] t=157.16s pos_err=0.112m T=19.85N z=5.962 m_est=2.064
[INFO] [1789409625.009277898] [acados_nmpc_node]: [attach-window] t=157.20s pos_err=0.143m T=19.98N z=5.970 m_est=2.064
[INFO] [1789409625.036065775] [acados_nmpc_node]: [wcmd] raw=[+0.038,+0.036,-0.037] w=[+0.469,+0.201,+0.041] err=[-0.431,-0.165] scaled=[-1.686,-0.624] s=5.00
[INFO] [1789409625.073841702] [acados_nmpc_node]: [attach-window] t=157.26s pos_err=0.108m T=19.75N z=5.987 m_est=2.064
[INFO] [1789409625.109419174] [acados_nmpc_node]: [attach-window] t=157.30s pos_err=0.140m T=19.83N z=5.995 m_est=2.064
[INFO] [1789409625.164531442] [acados_nmpc_node]: [attach-window] t=157.36s pos_err=0.122m T=19.82N z=6.010 m_est=2.064
[INFO] [1789409625.208796689] [acados_nmpc_node]: [attach-window] t=157.40s pos_err=0.159m T=19.96N z=6.017 m_est=2.064
[INFO] [1789409625.235916197] [acados_nmpc_node]: [wcmd] raw=[+0.168,+0.151,-0.031] w=[-0.301,+0.728,+0.080] err=[+0.469,-0.577] scaled=[+1.836,-1.900] s=5.00
[INFO] [1789409625.265018764] [acados_nmpc_node]: [attach-window] t=157.46s pos_err=0.117m T=20.01N z=6.034 m_est=2.064
[INFO] [1789409625.308816807] [acados_nmpc_node]: [attach-window] t=157.50s pos_err=0.152m T=20.07N z=6.042 m_est=2.064
[INFO] [1789409625.364433266] [acados_nmpc_node]: [attach-window] t=157.56s pos_err=0.130m T=19.90N z=6.057 m_est=2.064
[INFO] [1789409625.408928367] [acados_nmpc_node]: [attach-window] t=157.60s pos_err=0.169m T=20.00N z=6.064 m_est=2.064
[INFO] [1789409625.435933400] [acados_nmpc_node]: [wcmd] raw=[-0.085,-0.070,-0.054] w=[+0.112,-0.410,-0.101] err=[-0.196,+0.340] scaled=[-0.869,+1.289] s=5.00
[INFO] [1789409625.463513858] [acados_nmpc_node]: [attach-window] t=157.66s pos_err=0.121m T=19.92N z=6.081 m_est=2.064
[INFO] [1789409625.528505077] [acados_nmpc_node]: [attach-window] t=157.70s pos_err=0.157m T=20.13N z=6.088 m_est=2.064
[INFO] [1789409625.573894240] [acados_nmpc_node]: [attach-window] t=157.76s pos_err=0.110m T=19.70N z=6.104 m_est=2.064
[INFO] [1789409625.609042131] [acados_nmpc_node]: [attach-window] t=157.80s pos_err=0.168m T=20.04N z=6.110 m_est=2.064
[INFO] [1789409625.635959861] [acados_nmpc_node]: [wcmd] raw=[+0.209,-0.205,-0.077] w=[+0.245,-0.942,-0.169] err=[-0.036,+0.738] scaled=[+0.105,+1.900] s=5.00
[INFO] [1789409625.665392199] [acados_nmpc_node]: [attach-window] t=157.86s pos_err=0.118m T=20.09N z=6.126 m_est=2.064
[INFO] [1789409625.708882407] [acados_nmpc_node]: [attach-window] t=157.90s pos_err=0.154m T=19.79N z=6.132 m_est=2.064
[INFO] [1789409625.763788822] [acados_nmpc_node]: [attach-window] t=157.96s pos_err=0.106m T=20.00N z=6.148 m_est=2.064
[INFO] [1789409625.808502210] [acados_nmpc_node]: [attach-window] t=158.00s pos_err=0.167m T=20.09N z=6.153 m_est=2.064
[INFO] [1789409625.835954116] [acados_nmpc_node]: [wcmd] raw=[+0.003,+0.196,-0.100] w=[-0.386,+0.127,-0.011] err=[+0.389,+0.070] scaled=[+1.559,+0.475] s=5.00
[INFO] [1789409625.883093381] [acados_nmpc_node]: [attach-window] t=158.05s pos_err=0.114m T=20.26N z=6.167 m_est=2.064
[INFO] [1789409625.907828091] [acados_nmpc_node]: [attach-window] t=158.10s pos_err=0.158m T=20.37N z=6.172 m_est=2.064
[INFO] [1789409625.975513476] [acados_nmpc_node]: [attach-window] t=158.15s pos_err=0.130m T=20.57N z=6.183 m_est=2.064
[INFO] [1789409626.008589140] [acados_nmpc_node]: [attach-window] t=158.20s pos_err=0.178m T=20.73N z=6.188 m_est=2.064
[INFO] [1789409626.064340553] [acados_nmpc_node]: [attach-window] t=158.26s pos_err=0.132m T=20.57N z=6.199 m_est=2.064
[INFO] [1789409626.076083147] [acados_nmpc_node]: [wcmd] raw=[-0.110,-0.032,-0.162] w=[+0.265,-0.329,-0.152] err=[-0.376,+0.296] scaled=[-1.612,+1.152] s=5.00
[INFO] [1789409626.109245313] [acados_nmpc_node]: [attach-window] t=158.30s pos_err=0.175m T=20.59N z=6.205 m_est=2.064
[INFO] [1789409626.164367132] [acados_nmpc_node]: [attach-window] t=158.36s pos_err=0.153m T=20.60N z=6.216 m_est=2.064
[INFO] [1789409626.209537901] [acados_nmpc_node]: [attach-window] t=158.40s pos_err=0.197m T=20.61N z=6.221 m_est=2.064
[INFO] [1789409626.264276694] [acados_nmpc_node]: [attach-window] t=158.46s pos_err=0.149m T=20.28N z=6.235 m_est=2.064
[INFO] [1789409626.275932999] [acados_nmpc_node]: [wcmd] raw=[+0.213,-0.314,-0.202] w=[+0.109,-0.035,-0.134] err=[+0.104,-0.279] scaled=[+0.629,-1.429] s=5.00
[INFO] [1789409626.309309902] [acados_nmpc_node]: [attach-window] t=158.50s pos_err=0.190m T=20.44N z=6.242 m_est=2.064
[INFO] [1789409626.376810852] [acados_nmpc_node]: [attach-window] t=158.56s pos_err=0.168m T=20.52N z=6.255 m_est=2.064
[INFO] [1789409626.408529751] [acados_nmpc_node]: [attach-window] t=158.60s pos_err=0.208m T=20.43N z=6.261 m_est=2.064
[INFO] [1789409626.464892241] [acados_nmpc_node]: [attach-window] t=158.66s pos_err=0.161m T=20.63N z=6.273 m_est=2.064
[INFO] [1789409626.496044295] [acados_nmpc_node]: [wcmd] raw=[-0.106,-0.010,-0.240] w=[-0.403,+0.331,-0.093] err=[+0.297,-0.340] scaled=[+1.083,-1.370] s=5.00
[INFO] [1789409626.509410771] [acados_nmpc_node]: [attach-window] t=158.70s pos_err=0.199m T=20.74N z=6.278 m_est=2.064
[INFO] [1789409626.564599881] [acados_nmpc_node]: [attach-window] t=158.76s pos_err=0.177m T=20.49N z=6.290 m_est=2.064
[INFO] [1789409626.609364165] [acados_nmpc_node]: [attach-window] t=158.80s pos_err=0.215m T=20.43N z=6.296 m_est=2.064
[INFO] [1789409626.664852663] [acados_nmpc_node]: [attach-window] t=158.86s pos_err=0.172m T=20.02N z=6.311 m_est=2.064
[INFO] [1789409626.695871549] [acados_nmpc_node]: [wcmd] raw=[+0.059,+0.161,-0.303] w=[+0.596,+0.574,-0.096] err=[-0.536,-0.413] scaled=[-1.900,-1.348] s=5.00
[INFO] [1789409626.709717607] [acados_nmpc_node]: [attach-window] t=158.90s pos_err=0.208m T=19.97N z=6.318 m_est=2.064
[INFO] [1789409626.766783552] [acados_nmpc_node]: [attach-window] t=158.96s pos_err=0.186m T=19.83N z=6.332 m_est=2.064
[INFO] [1789409626.809709295] [acados_nmpc_node]: [attach-window] t=159.00s pos_err=0.221m T=20.85N z=6.338 m_est=2.064
[INFO] [1789409626.864361360] [acados_nmpc_node]: [attach-window] t=159.06s pos_err=0.176m T=21.04N z=6.348 m_est=2.064
[INFO] [1789409626.895999777] [acados_nmpc_node]: [wcmd] raw=[+0.050,-0.356,-0.394] w=[-0.412,-0.302,-0.364] err=[+0.462,-0.054] scaled=[+1.898,-0.570] s=5.00
[INFO] [1789409626.915211410] [acados_nmpc_node]: [attach-window] t=159.10s pos_err=0.208m T=21.04N z=6.352 m_est=2.064
[INFO] [1789409626.964777639] [acados_nmpc_node]: [attach-window] t=159.16s pos_err=0.185m T=20.92N z=6.362 m_est=2.064
[INFO] [1789409627.009398343] [acados_nmpc_node]: [attach-window] t=159.20s pos_err=0.193m T=20.95N z=6.368 m_est=2.064
[INFO] [1789409627.064534132] [acados_nmpc_node]: [attach-window] t=159.26s pos_err=0.168m T=20.66N z=6.379 m_est=2.064
[INFO] [1789409627.095967336] [acados_nmpc_node]: [wcmd] raw=[+0.074,-0.225,-0.431] w=[+0.125,-0.115,-0.383] err=[-0.052,-0.110] scaled=[-0.134,-0.667] s=5.00
[INFO] [1789409627.109074231] [acados_nmpc_node]: [attach-window] t=159.30s pos_err=0.196m T=20.78N z=6.385 m_est=2.064
[INFO] [1789409627.164226929] [acados_nmpc_node]: [attach-window] t=159.36s pos_err=0.172m T=20.85N z=6.396 m_est=2.064
[INFO] [1789409627.209161675] [acados_nmpc_node]: [attach-window] t=159.40s pos_err=0.199m T=20.90N z=6.402 m_est=2.064
[INFO] [1789409627.264288993] [acados_nmpc_node]: [attach-window] t=159.46s pos_err=0.158m T=20.80N z=6.414 m_est=2.064
[INFO] [1789409627.295918924] [acados_nmpc_node]: [wcmd] raw=[+0.112,-0.065,-0.502] w=[+0.309,+0.463,-0.343] err=[-0.197,-0.528] scaled=[-0.575,-1.900] s=5.00
[INFO] [1789409627.309400402] [acados_nmpc_node]: [attach-window] t=159.50s pos_err=0.183m T=20.75N z=6.419 m_est=2.064
[INFO] [1789409627.364938246] [acados_nmpc_node]: [attach-window] t=159.56s pos_err=0.163m T=20.74N z=6.430 m_est=2.064
[INFO] [1789409627.409337512] [acados_nmpc_node]: [attach-window] t=159.60s pos_err=0.170m T=21.05N z=6.436 m_est=2.064
[INFO] [1789409627.464778211] [acados_nmpc_node]: [attach-window] t=159.66s pos_err=0.153m T=21.03N z=6.446 m_est=2.064
[INFO] [1789409627.495931057] [acados_nmpc_node]: [wcmd] raw=[-0.041,-0.175,-0.599] w=[-0.351,-0.017,-0.500] err=[+0.311,-0.158] scaled=[+1.202,-0.806] s=5.00
[INFO] [1789409627.509279487] [acados_nmpc_node]: [attach-window] t=159.70s pos_err=0.176m T=20.61N z=6.451 m_est=2.064
[INFO] [1789409627.564372046] [acados_nmpc_node]: [attach-window] t=159.76s pos_err=0.145m T=20.29N z=6.464 m_est=2.064
[INFO] [1789409627.608809692] [acados_nmpc_node]: [attach-window] t=159.80s pos_err=0.181m T=20.39N z=6.469 m_est=2.064
[INFO] [1789409627.664801546] [acados_nmpc_node]: [attach-window] t=159.86s pos_err=0.153m T=20.32N z=6.483 m_est=2.064
[INFO] [1789409627.695928329] [acados_nmpc_node]: [wcmd] raw=[-0.067,+0.019,-0.733] w=[+0.164,-0.402,-0.625] err=[-0.232,+0.421] scaled=[-0.994,+1.702] s=5.00
[INFO] [1789409627.709105723] [acados_nmpc_node]: [attach-window] t=159.90s pos_err=0.174m T=20.44N z=6.489 m_est=2.064
[INFO] [1789409627.763746936] [acados_nmpc_node]: [attach-window] t=159.96s pos_err=0.149m T=20.31N z=6.502 m_est=2.064
[INFO] [1789409627.831218306] [acados_nmpc_node]: [attach-window] t=160.00s pos_err=0.181m T=20.35N z=6.506 m_est=2.064
[INFO] [1789409627.864901290] [acados_nmpc_node]: [attach-window] t=160.06s pos_err=0.156m T=20.00N z=6.519 m_est=2.064
[INFO] [1789409627.895957806] [acados_nmpc_node]: [wcmd] raw=[+0.171,-0.043,-0.893] w=[+0.042,-0.278,-0.694] err=[+0.130,+0.234] scaled=[+0.689,+0.895] s=5.00
[INFO] [1789409627.909016086] [acados_nmpc_node]: [attach-window] t=160.10s pos_err=0.174m T=20.22N z=6.525 m_est=2.064
[INFO] [1789409627.964814521] [acados_nmpc_node]: [attach-window] t=160.16s pos_err=0.161m T=20.10N z=6.538 m_est=2.064
[INFO] [1789409628.009345703] [acados_nmpc_node]: [attach-window] t=160.20s pos_err=0.178m T=19.94N z=6.544 m_est=2.064
[INFO] [1789409628.083561225] [acados_nmpc_node]: [attach-window] t=160.26s pos_err=0.153m T=19.67N z=6.560 m_est=2.064
[INFO] [1789409628.109128413] [acados_nmpc_node]: [attach-window] t=160.30s pos_err=0.168m T=19.88N z=6.566 m_est=2.064
[INFO] [1789409628.115938015] [acados_nmpc_node]: [wcmd] raw=[-0.116,-0.052,-1.012] w=[-0.413,+0.205,-0.772] err=[+0.297,-0.258] scaled=[+1.074,-1.083] s=5.00
[INFO] [1789409628.164832263] [acados_nmpc_node]: [attach-window] t=160.36s pos_err=0.153m T=20.15N z=6.579 m_est=2.064
[INFO] [1789409628.210831293] [acados_nmpc_node]: [attach-window] t=160.40s pos_err=0.214m T=20.44N z=6.579 m_est=2.064
[INFO] [1789409628.265553757] [acados_nmpc_node]: [attach-window] t=160.46s pos_err=0.305m T=20.68N z=6.579 m_est=2.064
[ros2run]: Killed
