[INFO] [1789396082.235752369] [acados_nmpc_node]: acados NMPC node starting, building/loading solver...
Code reuse possible, skipping code generation.
acados was compiled without OpenMP.
[INFO] [1789396082.243061560] [acados_nmpc_node]: OMEGA SCALE: on (source=djest, tau=0.50s, cap=5.0) — 增益调度走 setpoint 侧,PX4 参数不动
[INFO] [1789396082.253995449] [acados_nmpc_node]: GRIPPER MODE: hover over box (1.0,0.1) z 0.55->6.0m, lift after 3.0s, empty m_est=2.06kg, attach J bootstrap=True (0.30kg envelope)
[INFO] [1789396082.254729055] [acados_nmpc_node]: Warming up acados solver...
[INFO] [1789396082.261117520] [acados_nmpc_node]: Solver warmup complete, took 5.6 ms
[INFO] [1789396082.267941735] [acados_nmpc_node]: Decoupled publish enabled: solve @20Hz, body_rate/thrust @50Hz (trajectory interpolation)
[INFO] [1789396082.268875646] [acados_nmpc_node]: [GEOM-TRUTH] 检查通过:geom_source=estimate (载荷几何不来自真值)
[INFO] [1789396082.269770841] [acados_nmpc_node]: acados NMPC node initialized! Waiting for EKF2 convergence...
[INFO] [1789396092.268945368] [acados_nmpc_node]: Waiting for EKF2 convergence... 5/10 s
[INFO] [1789396097.269395248] [acados_nmpc_node]: Waiting for EKF2 convergence... 10/10 s
[INFO] [1789396097.317673789] [acados_nmpc_node]: Switching to OFFBOARD mode
[INFO] [1789396098.168682391] [acados_nmpc_node]: Sending arm command
[INFO] [1789396099.169425394] [acados_nmpc_node]: Armed, preparing to move to trajectory start...
[INFO] [1789396101.617616612] [acados_nmpc_node]: Gripper approach (climb): rising at spawn to z=1.50m | z=0.01m v=0.57m/s
[INFO] [1789396104.117569379] [acados_nmpc_node]: Gripper approach (climb): rising at spawn to z=1.50m | z=1.07m v=0.18m/s
[INFO] [1789396105.717572873] [acados_nmpc_node]: Gripper approach: climbed to safe altitude at spawn, now translating over box
[INFO] [1789396106.617537026] [acados_nmpc_node]: Gripper approach (high): aligning over box at z=1.50m | xy=0.721m z_err=0.116m v=0.67m/s
[INFO] [1789396108.017574232] [acados_nmpc_node]: Gripper approach: aligned above box, NMPC will take over here (z=1.50m), settle 3.0s then descend to z=0.55m to trigger attach
[INFO] [1789396108.070511032] [acados_nmpc_node]: Reached trajectory start, NMPC tracking begins!
[INFO] [1789396108.070734500] [acados_nmpc_node]: [payload-health] healthy/fresh; model updates enabled
[INFO] [1789396108.247528641] [acados_nmpc_node]: [wcmd] raw=[-0.002,-0.011,+0.000] w=[-0.007,+0.035,+0.029] err=[+0.005,-0.046] scaled=[-0.002,-0.011] s=1.00
[INFO] [1789396108.447532847] [acados_nmpc_node]: [wcmd] raw=[-0.026,-0.013,-0.004] w=[-0.007,-0.023,+0.017] err=[-0.019,+0.010] scaled=[-0.026,-0.013] s=1.00
[INFO] [1789396108.647551979] [acados_nmpc_node]: [wcmd] raw=[-0.046,+0.121,-0.012] w=[-0.047,+0.070,+0.007] err=[+0.001,+0.051] scaled=[-0.046,+0.121] s=1.00
[INFO] [1789396108.847577282] [acados_nmpc_node]: [wcmd] raw=[+0.013,+0.098,-0.016] w=[-0.019,+0.156,-0.001] err=[+0.032,-0.059] scaled=[+0.013,+0.098] s=1.00
[INFO] [1789396109.047612210] [acados_nmpc_node]: [wcmd] raw=[+0.041,-0.020,-0.014] w=[+0.040,+0.024,-0.007] err=[+0.001,-0.044] scaled=[+0.041,-0.020] s=1.00
[INFO] [1789396109.072361049] [acados_nmpc_node]: t=1.0s | pos_err=0.009m | T=20.03N | tau=[r0.001 p-0.010 y-0.003]Nm | res_stat=1.591e-08(peak 8.355e-07) sqp_iter=3 | solve=1.6ms
[INFO] [1789396109.072594246] [acados_nmpc_node]: [flight-diag] t=1.0s | om_scale=1.000(lo 1.000 hi 1.000) | tilt_max=2.31deg | w_max=[r0.049 p0.160 y0.034]rad/s | u_frac=[T0.674 r0.036 p0.179 y0.056] | u_sat=[T0.0 r0.0 p0.0 y0.0]% | mot_peak=0.884 mot_sat=0.0% | health=1 age=0.000s conf=0.999 | n=21
[INFO] [1789396109.247577899] [acados_nmpc_node]: [wcmd] raw=[+0.013,-0.036,-0.009] w=[+0.032,-0.042,-0.010] err=[-0.019,+0.006] scaled=[+0.013,-0.036] s=1.00
[INFO] [1789396109.447667712] [acados_nmpc_node]: [wcmd] raw=[-0.005,-0.016,-0.002] w=[+0.002,-0.023,-0.008] err=[-0.007,+0.007] scaled=[-0.005,-0.016] s=1.00
[INFO] [1789396109.647591660] [acados_nmpc_node]: [wcmd] raw=[-0.013,-0.014,+0.002] w=[-0.011,-0.017,-0.004] err=[-0.002,+0.003] scaled=[-0.013,-0.014] s=1.00
[INFO] [1789396109.847566473] [acados_nmpc_node]: [wcmd] raw=[-0.019,-0.011,+0.001] w=[-0.021,-0.014,+0.001] err=[+0.001,+0.003] scaled=[-0.019,-0.011] s=1.00
[INFO] [1789396110.047629859] [acados_nmpc_node]: [wcmd] raw=[-0.011,-0.007,-0.001] w=[-0.020,-0.012,+0.002] err=[+0.009,+0.005] scaled=[-0.011,-0.007] s=1.00
[INFO] [1789396110.247554836] [acados_nmpc_node]: [wcmd] raw=[+0.001,+0.004,-0.004] w=[-0.005,-0.000,+0.002] err=[+0.005,+0.005] scaled=[+0.001,+0.004] s=1.00
[INFO] [1789396110.447528367] [acados_nmpc_node]: [wcmd] raw=[+0.002,+0.003,-0.007] w=[+0.001,+0.005,-0.000] err=[+0.001,-0.001] scaled=[+0.002,+0.003] s=1.00
[INFO] [1789396110.647602709] [acados_nmpc_node]: [wcmd] raw=[+0.019,+0.007,-0.007] w=[+0.012,+0.004,-0.003] err=[+0.007,+0.003] scaled=[+0.019,+0.007] s=1.00
[INFO] [1789396110.847653371] [acados_nmpc_node]: [wcmd] raw=[+0.025,+0.015,-0.004] w=[+0.027,+0.013,-0.005] err=[-0.002,+0.001] scaled=[+0.025,+0.015] s=1.00
[INFO] [1789396111.047577973] [acados_nmpc_node]: [wcmd] raw=[+0.010,+0.009,-0.001] w=[+0.021,+0.015,-0.005] err=[-0.011,-0.006] scaled=[+0.010,+0.009] s=1.00
[INFO] [1789396111.117358741] [acados_nmpc_node]: t=3.0s | DESCEND: settle done, lowering 1.5->0.55m, will enable gripper at bottom
[INFO] [1789396111.247505438] [acados_nmpc_node]: [wcmd] raw=[-0.007,-0.005,+0.001] w=[-0.002,-0.001,-0.001] err=[-0.005,-0.005] scaled=[-0.007,-0.005] s=1.00
[INFO] [1789396111.447596380] [acados_nmpc_node]: [wcmd] raw=[-0.007,-0.002,+0.002] w=[-0.008,-0.007,+0.000] err=[+0.000,+0.005] scaled=[-0.007,-0.002] s=1.00
[INFO] [1789396111.647580198] [acados_nmpc_node]: [wcmd] raw=[-0.016,-0.000,+0.002] w=[-0.013,+0.000,+0.002] err=[-0.003,-0.001] scaled=[-0.016,-0.000] s=1.00
[INFO] [1789396111.847663750] [acados_nmpc_node]: [wcmd] raw=[-0.011,-0.001,+0.001] w=[-0.017,-0.001,+0.003] err=[+0.006,-0.000] scaled=[-0.011,-0.001] s=1.00
[INFO] [1789396112.047672782] [acados_nmpc_node]: [wcmd] raw=[+0.005,-0.006,-0.000] w=[-0.005,-0.004,+0.003] err=[+0.009,-0.002] scaled=[+0.005,-0.006] s=1.00
[INFO] [1789396112.247654971] [acados_nmpc_node]: [wcmd] raw=[+0.008,-0.009,-0.001] w=[+0.010,-0.011,+0.002] err=[-0.002,+0.001] scaled=[+0.008,-0.009] s=1.00
[INFO] [1789396112.447604145] [acados_nmpc_node]: [wcmd] raw=[-0.003,-0.001,-0.001] w=[+0.003,-0.007,+0.000] err=[-0.006,+0.006] scaled=[-0.003,-0.001] s=1.00
[INFO] [1789396112.647621282] [acados_nmpc_node]: [wcmd] raw=[-0.003,+0.005,-0.001] w=[-0.005,+0.004,+0.001] err=[+0.002,+0.001] scaled=[-0.003,+0.005] s=1.00
[INFO] [1789396112.847624666] [acados_nmpc_node]: [wcmd] raw=[+0.003,+0.004,-0.001] w=[+0.002,+0.003,-0.000] err=[+0.001,+0.001] scaled=[+0.003,+0.004] s=1.00
[INFO] [1789396113.047614611] [acados_nmpc_node]: [wcmd] raw=[-0.000,+0.008,-0.000] w=[+0.002,+0.006,-0.001] err=[-0.002,+0.002] scaled=[-0.000,+0.008] s=1.00
[INFO] [1789396113.247612684] [acados_nmpc_node]: [wcmd] raw=[+0.000,+0.011,+0.000] w=[-0.001,+0.010,+0.000] err=[+0.001,+0.001] scaled=[+0.000,+0.011] s=1.00
[INFO] [1789396113.447589008] [acados_nmpc_node]: [wcmd] raw=[+0.003,+0.015,+0.000] w=[+0.001,+0.016,+0.000] err=[+0.002,-0.001] scaled=[+0.003,+0.015] s=1.00
[INFO] [1789396113.647656037] [acados_nmpc_node]: [wcmd] raw=[+0.009,+0.003,-0.000] w=[+0.008,+0.011,+0.001] err=[+0.001,-0.008] scaled=[+0.009,+0.003] s=1.00
[INFO] [1789396113.847621165] [acados_nmpc_node]: [wcmd] raw=[+0.005,-0.013,-0.000] w=[+0.011,-0.007,-0.000] err=[-0.006,-0.006] scaled=[+0.005,-0.013] s=1.00
[INFO] [1789396114.047648809] [acados_nmpc_node]: [wcmd] raw=[-0.012,-0.014,-0.000] w=[-0.004,-0.017,+0.000] err=[-0.008,+0.003] scaled=[-0.012,-0.014] s=1.00
[INFO] [1789396114.071007864] [acados_nmpc_node]: t=6.0s | pos_err=0.053m | T=20.31N | tau=[r-0.004 p0.000 y-0.000]Nm | res_stat=1.465e-07(peak 9.862e-07) sqp_iter=2 | solve=1.0ms
[INFO] [1789396114.071199694] [acados_nmpc_node]: [flight-diag] t=6.0s | om_scale=1.000(lo 1.000 hi 1.000) | tilt_max=0.89deg | w_max=[r0.046 p0.042 y0.010]rad/s | u_frac=[T0.700 r0.011 p0.015 y0.016] | u_sat=[T0.0 r0.0 p0.0 y0.0]% | mot_peak=0.802 mot_sat=0.0% | health=1 age=0.000s conf=1.000 | n=100
[INFO] [1789396114.247611669] [acados_nmpc_node]: [wcmd] raw=[-0.020,+0.001,+0.001] w=[-0.022,-0.007,+0.000] err=[+0.002,+0.008] scaled=[-0.020,+0.001] s=1.00
[INFO] [1789396114.447658157] [acados_nmpc_node]: [wcmd] raw=[-0.000,+0.000,+0.001] w=[-0.012,+0.001,-0.000] err=[+0.012,-0.001] scaled=[-0.000,+0.000] s=1.00
[INFO] [1789396114.647727531] [acados_nmpc_node]: [wcmd] raw=[+0.014,-0.006,+0.001] w=[+0.008,-0.004,+0.001] err=[+0.006,-0.002] scaled=[+0.014,-0.006] s=1.00
[INFO] [1789396114.847606084] [acados_nmpc_node]: [wcmd] raw=[+0.012,-0.010,+0.000] w=[+0.015,-0.010,+0.001] err=[-0.003,+0.000] scaled=[+0.012,-0.010] s=1.00
[INFO] [1789396115.047645418] [acados_nmpc_node]: [wcmd] raw=[+0.005,-0.002,-0.001] w=[+0.009,-0.007,+0.002] err=[-0.005,+0.005] scaled=[+0.005,-0.002] s=1.00
[INFO] [1789396115.070709331] [acados_nmpc_node]: t=7.0s | DESCEND done at z=0.570m (target 0.550m, z_err=0.020m, v=0.04m/s), gripper ENABLED (attach will trigger now)
[INFO] [1789396115.070906737] [acados_nmpc_node]: ATTACH J bootstrap armed: m_p,envelope=0.300kg, dJxx=dJyy=0.0579kg m^2, Jxx=0.0721, Jyy=0.0721; m/s_xy remain MHE-only
[INFO] [1789396115.071050531] [acados_nmpc_node]: t=7.0s | ATTACH command issued; m/s remain on continuous MHE estimates, J safety bootstrap active (no attach notification subscription)
[INFO] [1789396115.073236575] [acados_nmpc_node]: [attach-window] t=7.00s pos_err=0.023m T=20.27N z=0.570 m_est=2.064
[INFO] [1789396115.119316633] [acados_nmpc_node]: [attach-window] t=7.05s pos_err=0.023m T=20.25N z=0.569 m_est=2.064
[INFO] [1789396115.172618256] [acados_nmpc_node]: [attach-window] t=7.10s pos_err=0.023m T=20.20N z=0.569 m_est=2.064
[INFO] [1789396115.219576217] [acados_nmpc_node]: [attach-window] t=7.15s pos_err=0.024m T=20.20N z=0.569 m_est=2.064
[INFO] [1789396115.247559002] [acados_nmpc_node]: [wcmd] raw=[-0.013,-0.002,-0.004] w=[+0.003,+0.001,+0.027] err=[-0.015,-0.002] scaled=[-0.016,-0.002] s=1.23
[INFO] [1789396115.272611475] [acados_nmpc_node]: [attach-window] t=7.20s pos_err=0.024m T=20.20N z=0.569 m_est=2.064
[INFO] [1789396115.320651218] [acados_nmpc_node]: [attach-window] t=7.25s pos_err=0.023m T=20.21N z=0.568 m_est=2.064
[INFO] [1789396115.372739226] [acados_nmpc_node]: [attach-window] t=7.30s pos_err=0.023m T=20.19N z=0.568 m_est=2.064
[INFO] [1789396115.419505073] [acados_nmpc_node]: [attach-window] t=7.35s pos_err=0.023m T=20.21N z=0.568 m_est=2.064
[INFO] [1789396115.447561548] [acados_nmpc_node]: [wcmd] raw=[-0.046,-0.003,-0.007] w=[+0.001,-0.000,-0.001] err=[-0.047,-0.003] scaled=[-0.081,-0.005] s=1.76
[INFO] [1789396115.472714436] [acados_nmpc_node]: [attach-window] t=7.40s pos_err=0.022m T=20.22N z=0.568 m_est=2.064
[INFO] [1789396115.519566737] [acados_nmpc_node]: [attach-window] t=7.45s pos_err=0.022m T=20.25N z=0.568 m_est=2.064
[INFO] [1789396115.572509516] [acados_nmpc_node]: [attach-window] t=7.50s pos_err=0.022m T=20.27N z=0.567 m_est=2.064
[INFO] [1789396115.618905283] [acados_nmpc_node]: [attach-window] t=7.55s pos_err=0.021m T=20.25N z=0.567 m_est=2.064
[INFO] [1789396115.647527777] [acados_nmpc_node]: [wcmd] raw=[-0.028,+0.003,-0.006] w=[-0.003,+0.000,+0.001] err=[-0.025,+0.003] scaled=[-0.064,+0.007] s=2.48
[INFO] [1789396115.672813673] [acados_nmpc_node]: [attach-window] t=7.60s pos_err=0.021m T=20.25N z=0.567 m_est=2.064
[INFO] [1789396115.719545130] [acados_nmpc_node]: [attach-window] t=7.65s pos_err=0.020m T=20.25N z=0.567 m_est=2.064
[INFO] [1789396115.772846078] [acados_nmpc_node]: [attach-window] t=7.70s pos_err=0.020m T=20.24N z=0.567 m_est=2.064
[INFO] [1789396115.819508016] [acados_nmpc_node]: [attach-window] t=7.75s pos_err=0.021m T=20.23N z=0.567 m_est=2.064
[INFO] [1789396115.847550992] [acados_nmpc_node]: [wcmd] raw=[-0.067,+0.009,-0.006] w=[+0.001,+0.000,-0.000] err=[-0.068,+0.009] scaled=[-0.216,+0.030] s=3.19
[INFO] [1789396115.872803076] [acados_nmpc_node]: [attach-window] t=7.80s pos_err=0.021m T=20.24N z=0.567 m_est=2.064
[INFO] [1789396115.919507558] [acados_nmpc_node]: [attach-window] t=7.85s pos_err=0.022m T=20.24N z=0.567 m_est=2.064
[INFO] [1789396115.972724446] [acados_nmpc_node]: [attach-window] t=7.90s pos_err=0.022m T=20.23N z=0.567 m_est=2.064
[INFO] [1789396116.019543085] [acados_nmpc_node]: [attach-window] t=7.95s pos_err=0.023m T=20.21N z=0.568 m_est=2.064
[INFO] [1789396116.047668035] [acados_nmpc_node]: [wcmd] raw=[-0.058,+0.007,-0.006] w=[-0.002,+0.001,-0.000] err=[-0.057,+0.006] scaled=[-0.215,+0.022] s=3.76
[INFO] [1789396116.073011097] [acados_nmpc_node]: [attach-window] t=8.00s pos_err=0.024m T=20.20N z=0.568 m_est=2.064
[INFO] [1789396116.119542507] [acados_nmpc_node]: [attach-window] t=8.05s pos_err=0.025m T=20.19N z=0.569 m_est=2.064
[INFO] [1789396116.172929986] [acados_nmpc_node]: [attach-window] t=8.10s pos_err=0.026m T=20.18N z=0.569 m_est=2.064
[INFO] [1789396116.219535533] [acados_nmpc_node]: [attach-window] t=8.15s pos_err=0.027m T=20.16N z=0.570 m_est=2.064
[INFO] [1789396116.247593279] [acados_nmpc_node]: [wcmd] raw=[-0.084,-0.000,-0.006] w=[+0.004,+0.001,-0.000] err=[-0.088,-0.001] scaled=[-0.364,-0.002] s=4.17
[INFO] [1789396116.272873803] [acados_nmpc_node]: [attach-window] t=8.20s pos_err=0.028m T=20.15N z=0.570 m_est=2.064
[INFO] [1789396116.319634901] [acados_nmpc_node]: [attach-window] t=8.25s pos_err=0.029m T=20.14N z=0.571 m_est=2.064
[INFO] [1789396116.372833424] [acados_nmpc_node]: [attach-window] t=8.30s pos_err=0.030m T=20.14N z=0.571 m_est=2.064
[INFO] [1789396116.419817858] [acados_nmpc_node]: [attach-window] t=8.35s pos_err=0.031m T=20.13N z=0.571 m_est=2.064
[INFO] [1789396116.447621205] [acados_nmpc_node]: [wcmd] raw=[-0.089,-0.007,-0.006] w=[-0.001,+0.001,-0.000] err=[-0.088,-0.008] scaled=[-0.393,-0.034] s=4.44
[INFO] [1789396116.472911806] [acados_nmpc_node]: [attach-window] t=8.40s pos_err=0.031m T=20.12N z=0.572 m_est=2.064
[INFO] [1789396116.519557715] [acados_nmpc_node]: [attach-window] t=8.45s pos_err=0.032m T=20.09N z=0.573 m_est=2.064
[INFO] [1789396116.572837400] [acados_nmpc_node]: [attach-window] t=8.50s pos_err=0.033m T=20.08N z=0.574 m_est=2.064
[INFO] [1789396116.619491379] [acados_nmpc_node]: [attach-window] t=8.55s pos_err=0.034m T=20.05N z=0.575 m_est=2.064
[INFO] [1789396116.647620935] [acados_nmpc_node]: [wcmd] raw=[-0.061,-0.012,-0.006] w=[-0.012,+0.001,-0.000] err=[-0.049,-0.013] scaled=[-0.239,-0.058] s=4.63
[INFO] [1789396116.672774166] [acados_nmpc_node]: [attach-window] t=8.60s pos_err=0.034m T=20.03N z=0.576 m_est=2.064
[INFO] [1789396116.719549551] [acados_nmpc_node]: [attach-window] t=8.65s pos_err=0.035m T=20.00N z=0.578 m_est=2.064
[INFO] [1789396116.772894066] [acados_nmpc_node]: [attach-window] t=8.70s pos_err=0.035m T=19.98N z=0.578 m_est=2.064
[INFO] [1789396116.819566318] [acados_nmpc_node]: [attach-window] t=8.75s pos_err=0.036m T=19.95N z=0.580 m_est=2.064
[INFO] [1789396116.847606430] [acados_nmpc_node]: [wcmd] raw=[-0.007,-0.015,-0.007] w=[-0.021,+0.001,+0.000] err=[+0.014,-0.016] scaled=[+0.046,-0.076] s=4.75
[INFO] [1789396116.872757974] [acados_nmpc_node]: [attach-window] t=8.80s pos_err=0.036m T=19.93N z=0.581 m_est=2.064
[INFO] [1789396116.919535029] [acados_nmpc_node]: [attach-window] t=8.85s pos_err=0.037m T=19.90N z=0.582 m_est=2.064
[INFO] [1789396116.973006815] [acados_nmpc_node]: [attach-window] t=8.90s pos_err=0.037m T=19.89N z=0.583 m_est=2.064
[INFO] [1789396117.019417029] [acados_nmpc_node]: [attach-window] t=8.95s pos_err=0.037m T=19.86N z=0.584 m_est=2.064
[INFO] [1789396117.047683608] [acados_nmpc_node]: [wcmd] raw=[+0.056,-0.011,-0.007] w=[-0.022,+0.001,+0.000] err=[+0.079,-0.011] scaled=[+0.357,-0.054] s=4.83
[INFO] [1789396117.072837217] [acados_nmpc_node]: [attach-window] t=9.00s pos_err=0.038m T=19.84N z=0.585 m_est=2.064
[INFO] [1789396117.119566698] [acados_nmpc_node]: [attach-window] t=9.05s pos_err=0.038m T=19.83N z=0.585 m_est=2.064
[INFO] [1789396117.171306297] [acados_nmpc_node]: [attach-window] t=9.10s pos_err=0.038m T=19.82N z=0.586 m_est=2.064
[INFO] [1789396117.219432889] [acados_nmpc_node]: [attach-window] t=9.15s pos_err=0.038m T=19.81N z=0.586 m_est=2.064
[INFO] [1789396117.247571550] [acados_nmpc_node]: [wcmd] raw=[+0.090,-0.000,-0.008] w=[-0.013,+0.000,-0.000] err=[+0.103,-0.000] scaled=[+0.492,-0.002] s=4.89
[INFO] [1789396117.273018313] [acados_nmpc_node]: [attach-window] t=9.20s pos_err=0.038m T=19.81N z=0.586 m_est=2.064
[INFO] [1789396117.319862752] [acados_nmpc_node]: [attach-window] t=9.25s pos_err=0.039m T=19.79N z=0.587 m_est=2.064
[INFO] [1789396117.372640374] [acados_nmpc_node]: [attach-window] t=9.30s pos_err=0.039m T=19.78N z=0.587 m_est=2.064
[INFO] [1789396117.419527943] [acados_nmpc_node]: [attach-window] t=9.35s pos_err=0.039m T=19.77N z=0.587 m_est=2.064
[INFO] [1789396117.447605863] [acados_nmpc_node]: [wcmd] raw=[+0.084,+0.015,-0.008] w=[+0.003,-0.001,+0.000] err=[+0.081,+0.016] scaled=[+0.401,+0.076] s=4.92
[INFO] [1789396117.472962860] [acados_nmpc_node]: [attach-window] t=9.40s pos_err=0.039m T=19.77N z=0.587 m_est=2.064
[INFO] [1789396117.519482885] [acados_nmpc_node]: [attach-window] t=9.45s pos_err=0.039m T=19.75N z=0.588 m_est=2.064
[INFO] [1789396117.572755822] [acados_nmpc_node]: [attach-window] t=9.50s pos_err=0.039m T=19.75N z=0.588 m_est=2.064
[INFO] [1789396117.618898997] [acados_nmpc_node]: [attach-window] t=9.55s pos_err=0.040m T=19.73N z=0.588 m_est=2.064
[INFO] [1789396117.647502524] [acados_nmpc_node]: [wcmd] raw=[+0.048,+0.021,-0.008] w=[+0.016,-0.001,-0.001] err=[+0.032,+0.022] scaled=[+0.174,+0.106] s=4.95
[INFO] [1789396117.672710466] [acados_nmpc_node]: [attach-window] t=9.60s pos_err=0.040m T=19.73N z=0.589 m_est=2.064
[INFO] [1789396117.719459869] [acados_nmpc_node]: [attach-window] t=9.65s pos_err=0.040m T=19.71N z=0.589 m_est=2.064
[WARN] [1789396117.770704973] [acados_nmpc_node]: [payload-health] unhealthy/stale; holding model and confidence timer (mhe_healthy=False, solution_age=0.111s, rx_age=infs)
[INFO] [1789396117.772897519] [acados_nmpc_node]: [attach-window] t=9.70s pos_err=0.040m T=19.71N z=0.589 m_est=2.064
[INFO] [1789396117.819483557] [acados_nmpc_node]: [attach-window] t=9.75s pos_err=0.041m T=19.69N z=0.590 m_est=2.064
[INFO] [1789396117.847582807] [acados_nmpc_node]: [wcmd] raw=[+0.005,+0.020,-0.008] w=[+0.025,-0.001,+0.000] err=[-0.020,+0.021] scaled=[-0.076,+0.101] s=4.97
[INFO] [1789396117.872873527] [acados_nmpc_node]: [attach-window] t=9.80s pos_err=0.041m T=19.68N z=0.590 m_est=2.064
[INFO] [1789396117.919509027] [acados_nmpc_node]: [attach-window] t=9.85s pos_err=0.041m T=19.67N z=0.590 m_est=2.064
[INFO] [1789396117.972826258] [acados_nmpc_node]: [attach-window] t=9.90s pos_err=0.041m T=19.67N z=0.590 m_est=2.064
[INFO] [1789396118.019436633] [acados_nmpc_node]: [attach-window] t=9.95s pos_err=0.041m T=19.67N z=0.590 m_est=2.064
[INFO] [1789396118.047584937] [acados_nmpc_node]: [wcmd] raw=[-0.043,+0.017,-0.009] w=[+0.030,-0.002,-0.000] err=[-0.073,+0.019] scaled=[-0.333,+0.092] s=4.98
[INFO] [1789396118.070982399] [acados_nmpc_node]: t=10.0s | LIFT: raising hover 0.55->6.0m to lift payload
[INFO] [1789396118.071181249] [acados_nmpc_node]: [payload-health] healthy/fresh; model updates enabled
[INFO] [1789396118.073628620] [acados_nmpc_node]: [attach-window] t=10.00s pos_err=0.041m T=19.67N z=0.590 m_est=2.064
[INFO] [1789396118.119516254] [acados_nmpc_node]: [attach-window] t=10.05s pos_err=0.041m T=19.62N z=0.591 m_est=2.064
[INFO] [1789396118.172894922] [acados_nmpc_node]: [attach-window] t=10.10s pos_err=0.041m T=19.64N z=0.591 m_est=2.064
[INFO] [1789396118.219427353] [acados_nmpc_node]: [attach-window] t=10.15s pos_err=0.041m T=19.69N z=0.591 m_est=2.064
[INFO] [1789396118.247521707] [acados_nmpc_node]: [wcmd] raw=[-0.020,+0.018,-0.009] w=[-0.006,-0.000,+0.001] err=[-0.014,+0.018] scaled=[-0.076,+0.091] s=4.98
[INFO] [1789396118.272633659] [acados_nmpc_node]: [attach-window] t=10.20s pos_err=0.041m T=19.71N z=0.591 m_est=2.064
[INFO] [1789396118.319447898] [acados_nmpc_node]: [attach-window] t=10.25s pos_err=0.041m T=19.76N z=0.592 m_est=2.064
[INFO] [1789396118.372881536] [acados_nmpc_node]: [attach-window] t=10.30s pos_err=0.040m T=19.73N z=0.592 m_est=2.064
[INFO] [1789396118.419469783] [acados_nmpc_node]: [attach-window] t=10.35s pos_err=0.040m T=19.75N z=0.592 m_est=2.064
[INFO] [1789396118.447581541] [acados_nmpc_node]: [wcmd] raw=[+0.039,+0.012,-0.009] w=[-0.010,+0.000,-0.000] err=[+0.049,+0.012] scaled=[+0.234,+0.060] s=4.99
[INFO] [1789396118.472879912] [acados_nmpc_node]: [attach-window] t=10.40s pos_err=0.038m T=19.78N z=0.592 m_est=2.064
[INFO] [1789396118.519424436] [acados_nmpc_node]: [attach-window] t=10.45s pos_err=0.036m T=19.82N z=0.592 m_est=2.064
[INFO] [1789396118.572531303] [acados_nmpc_node]: [attach-window] t=10.50s pos_err=0.033m T=19.87N z=0.592 m_est=2.064
[INFO] [1789396118.619441219] [acados_nmpc_node]: [attach-window] t=10.55s pos_err=0.030m T=19.92N z=0.592 m_est=2.064
[INFO] [1789396118.647567780] [acados_nmpc_node]: [wcmd] raw=[-0.007,+0.020,-0.009] w=[+0.017,-0.000,-0.000] err=[-0.024,+0.020] scaled=[-0.105,+0.099] s=4.99
[INFO] [1789396118.672985495] [acados_nmpc_node]: [attach-window] t=10.60s pos_err=0.026m T=20.00N z=0.592 m_est=2.064
[INFO] [1789396118.719562360] [acados_nmpc_node]: [attach-window] t=10.65s pos_err=0.022m T=20.06N z=0.592 m_est=2.064
[INFO] [1789396118.772996808] [acados_nmpc_node]: [attach-window] t=10.70s pos_err=0.016m T=20.18N z=0.592 m_est=2.064
[INFO] [1789396118.819493516] [acados_nmpc_node]: [attach-window] t=10.75s pos_err=0.011m T=20.31N z=0.593 m_est=2.064
[INFO] [1789396118.847554384] [acados_nmpc_node]: [wcmd] raw=[-0.004,+0.030,-0.009] w=[-0.008,+0.001,+0.002] err=[+0.004,+0.030] scaled=[+0.010,+0.149] s=5.00
[INFO] [1789396118.872967021] [acados_nmpc_node]: [attach-window] t=10.80s pos_err=0.006m T=20.46N z=0.593 m_est=2.064
[INFO] [1789396118.919489214] [acados_nmpc_node]: [attach-window] t=10.85s pos_err=0.007m T=20.57N z=0.593 m_est=2.064
[INFO] [1789396118.972813540] [acados_nmpc_node]: [attach-window] t=10.90s pos_err=0.015m T=20.74N z=0.593 m_est=2.064
[INFO] [1789396119.019438922] [acados_nmpc_node]: [attach-window] t=10.95s pos_err=0.023m T=20.89N z=0.593 m_est=2.064
[INFO] [1789396119.047604321] [acados_nmpc_node]: [wcmd] raw=[+0.003,+0.051,-0.011] w=[+0.003,+0.001,-0.013] err=[-0.000,+0.050] scaled=[+0.002,+0.250] s=5.00
[INFO] [1789396119.073243051] [acados_nmpc_node]: [attach-window] t=11.00s pos_err=0.034m T=21.09N z=0.593 m_est=2.064
[INFO] [1789396119.073725620] [acados_nmpc_node]: t=11.0s | pos_err=0.034m | T=21.09N | tau=[r-0.045 p0.106 y0.001]Nm | res_stat=2.832e-07(peak 9.862e-07) sqp_iter=3 | solve=1.6ms
[INFO] [1789396119.073927164] [acados_nmpc_node]: [flight-diag] t=11.0s | om_scale=4.997(lo 1.000 hi 4.997) | tilt_max=0.73deg | w_max=[r0.030 p0.016 y0.027]rad/s | u_frac=[T0.673 r0.533 p0.212 y0.061] | u_sat=[T0.0 r0.0 p0.0 y0.0]% | mot_peak=0.822 mot_sat=0.0% | health=1 age=0.000s conf=0.271 | n=100
[INFO] [1789396119.119531725] [acados_nmpc_node]: [attach-window] t=11.05s pos_err=0.044m T=21.27N z=0.594 m_est=2.064
[INFO] [1789396119.172910606] [acados_nmpc_node]: [attach-window] t=11.10s pos_err=0.056m T=21.48N z=0.594 m_est=2.064
[INFO] [1789396119.219461569] [acados_nmpc_node]: [attach-window] t=11.15s pos_err=0.068m T=21.71N z=0.595 m_est=2.064
[INFO] [1789396119.247598258] [acados_nmpc_node]: [wcmd] raw=[-0.031,+0.045,-0.007] w=[+0.003,+0.031,+0.083] err=[-0.034,+0.014] scaled=[-0.167,+0.103] s=5.00
[INFO] [1789396119.272985257] [acados_nmpc_node]: [attach-window] t=11.20s pos_err=0.082m T=21.99N z=0.595 m_est=2.064
[INFO] [1789396119.318933407] [acados_nmpc_node]: [attach-window] t=11.25s pos_err=0.095m T=22.24N z=0.596 m_est=2.064
[INFO] [1789396119.373190213] [acados_nmpc_node]: [attach-window] t=11.30s pos_err=0.112m T=22.56N z=0.596 m_est=2.064
[INFO] [1789396119.419749506] [acados_nmpc_node]: [attach-window] t=11.35s pos_err=0.127m T=22.84N z=0.597 m_est=2.064
[INFO] [1789396119.447657189] [acados_nmpc_node]: [wcmd] raw=[-0.017,-0.018,-0.052] w=[+0.004,+0.031,+0.052] err=[-0.022,-0.049] scaled=[-0.104,-0.213] s=5.00
[INFO] [1789396119.473162203] [acados_nmpc_node]: [attach-window] t=11.40s pos_err=0.146m T=23.19N z=0.598 m_est=2.064
[INFO] [1789396119.519611813] [acados_nmpc_node]: [attach-window] t=11.45s pos_err=0.163m T=23.50N z=0.599 m_est=2.064
[INFO] [1789396119.573476539] [acados_nmpc_node]: [attach-window] t=11.50s pos_err=0.185m T=23.89N z=0.599 m_est=2.064
[INFO] [1789396119.619830431] [acados_nmpc_node]: [attach-window] t=11.55s pos_err=0.204m T=24.21N z=0.599 m_est=2.064
[INFO] [1789396119.647665438] [acados_nmpc_node]: [wcmd] raw=[-0.053,-0.035,-0.052] w=[+0.044,-0.035,-0.125] err=[-0.097,-0.000] scaled=[-0.441,-0.035] s=5.00
[INFO] [1789396119.673360426] [acados_nmpc_node]: [attach-window] t=11.60s pos_err=0.228m T=24.59N z=0.600 m_est=2.064
[INFO] [1789396119.719792732] [acados_nmpc_node]: [attach-window] t=11.65s pos_err=0.248m T=24.70N z=0.601 m_est=2.064
[INFO] [1789396119.771606879] [acados_nmpc_node]: [attach-window] t=11.70s pos_err=0.272m T=25.01N z=0.603 m_est=2.064
[INFO] [1789396119.819827931] [acados_nmpc_node]: [attach-window] t=11.75s pos_err=0.292m T=24.95N z=0.608 m_est=2.064
[INFO] [1789396119.847574960] [acados_nmpc_node]: [wcmd] raw=[-0.122,-0.017,+0.004] w=[-0.044,+0.014,-0.089] err=[-0.078,-0.031] scaled=[-0.433,-0.140] s=5.00
[INFO] [1789396119.871569791] [acados_nmpc_node]: [attach-window] t=11.80s pos_err=0.317m T=25.28N z=0.611 m_est=2.064
[INFO] [1789396119.919087903] [acados_nmpc_node]: [attach-window] t=11.85s pos_err=0.334m T=25.09N z=0.621 m_est=2.064
[INFO] [1789396119.973272617] [acados_nmpc_node]: [attach-window] t=11.90s pos_err=0.359m T=25.34N z=0.627 m_est=2.064
[INFO] [1789396120.019714184] [acados_nmpc_node]: [attach-window] t=11.95s pos_err=0.374m T=25.15N z=0.640 m_est=2.064
[INFO] [1789396120.047577324] [acados_nmpc_node]: [wcmd] raw=[-0.063,-0.009,+0.046] w=[-0.061,-0.036,-0.069] err=[-0.002,+0.027] scaled=[-0.070,+0.099] s=5.00
[INFO] [1789396120.073419860] [acados_nmpc_node]: [attach-window] t=12.00s pos_err=0.400m T=25.39N z=0.648 m_est=2.064
[INFO] [1789396120.120001030] [acados_nmpc_node]: [attach-window] t=12.05s pos_err=0.410m T=25.04N z=0.668 m_est=2.064
[INFO] [1789396120.173450730] [acados_nmpc_node]: [attach-window] t=12.10s pos_err=0.436m T=25.28N z=0.678 m_est=2.064
[INFO] [1789396120.219811548] [acados_nmpc_node]: [attach-window] t=12.15s pos_err=0.443m T=24.89N z=0.704 m_est=2.064
[INFO] [1789396120.247644591] [acados_nmpc_node]: [wcmd] raw=[-0.044,-0.020,+0.063] w=[+0.001,+0.000,+0.010] err=[-0.045,-0.020] scaled=[-0.222,-0.101] s=5.00
[WARN] [1789396120.270919906] [acados_nmpc_node]: [payload-health] unhealthy/stale; holding model and confidence timer (mhe_healthy=False, solution_age=0.121s, rx_age=infs)
[INFO] [1789396120.273532848] [acados_nmpc_node]: [attach-window] t=12.20s pos_err=0.472m T=25.26N z=0.713 m_est=2.064
[INFO] [1789396120.319790286] [acados_nmpc_node]: [attach-window] t=12.25s pos_err=0.476m T=24.87N z=0.743 m_est=2.064
[INFO] [1789396120.373613577] [acados_nmpc_node]: [attach-window] t=12.30s pos_err=0.503m T=25.14N z=0.758 m_est=2.064
[INFO] [1789396120.419767359] [acados_nmpc_node]: [attach-window] t=12.35s pos_err=0.508m T=24.83N z=0.789 m_est=2.064
[INFO] [1789396120.447659149] [acados_nmpc_node]: [wcmd] raw=[-0.019,+0.007,+0.059] w=[-0.010,+0.013,+0.046] err=[-0.009,-0.007] scaled=[-0.054,-0.020] s=5.00
[INFO] [1789396120.473449741] [acados_nmpc_node]: [attach-window] t=12.40s pos_err=0.534m T=25.11N z=0.806 m_est=2.064
[INFO] [1789396120.519707878] [acados_nmpc_node]: [attach-window] t=12.45s pos_err=0.532m T=24.65N z=0.845 m_est=2.064
[INFO] [1789396120.573371493] [acados_nmpc_node]: [attach-window] t=12.50s pos_err=0.558m T=24.94N z=0.864 m_est=2.064
[INFO] [1789396120.619830568] [acados_nmpc_node]: [attach-window] t=12.55s pos_err=0.559m T=24.61N z=0.903 m_est=2.064
[INFO] [1789396120.647675514] [acados_nmpc_node]: [wcmd] raw=[+0.008,-0.007,+0.035] w=[+0.027,-0.036,+0.036] err=[-0.019,+0.029] scaled=[-0.067,+0.108] s=5.00
[INFO] [1789396120.673183089] [acados_nmpc_node]: [attach-window] t=12.60s pos_err=0.586m T=24.93N z=0.924 m_est=2.064
[INFO] [1789396120.717372442] [acados_nmpc_node]: [payload-health] healthy/fresh; model updates enabled
[INFO] [1789396120.719891340] [acados_nmpc_node]: [attach-window] t=12.65s pos_err=0.580m T=24.62N z=0.972 m_est=2.084
[INFO] [1789396120.773198918] [acados_nmpc_node]: [attach-window] t=12.70s pos_err=0.606m T=25.10N z=0.994 m_est=2.099
[INFO] [1789396120.819689178] [acados_nmpc_node]: [attach-window] t=12.75s pos_err=0.604m T=24.98N z=1.039 m_est=2.125
[INFO] [1789396120.847715654] [acados_nmpc_node]: [wcmd] raw=[+0.001,+0.002,+0.014] w=[+0.031,+0.045,+0.073] err=[-0.030,-0.043] scaled=[-0.121,-0.168] s=5.00
[INFO] [1789396120.873775123] [acados_nmpc_node]: [attach-window] t=12.80s pos_err=0.632m T=25.48N z=1.063 m_est=2.145
[INFO] [1789396120.919860444] [acados_nmpc_node]: [attach-window] t=12.85s pos_err=0.621m T=25.02N z=1.119 m_est=2.173
[INFO] [1789396120.973548859] [acados_nmpc_node]: [attach-window] t=12.90s pos_err=0.648m T=25.48N z=1.144 m_est=2.194
[INFO] [1789396121.019564195] [acados_nmpc_node]: [attach-window] t=12.95s pos_err=0.641m T=25.08N z=1.198 m_est=2.220
[INFO] [1789396121.047622852] [acados_nmpc_node]: [wcmd] raw=[-0.008,+0.022,-0.008] w=[+0.008,-0.017,+0.014] err=[-0.015,+0.039] scaled=[-0.069,+0.180] s=5.00
[INFO] [1789396121.073626234] [acados_nmpc_node]: [attach-window] t=13.00s pos_err=0.667m T=25.50N z=1.226 m_est=2.240
[INFO] [1789396121.119540328] [acados_nmpc_node]: [attach-window] t=13.05s pos_err=0.649m T=24.78N z=1.292 m_est=2.262
[INFO] [1789396121.171011576] [acados_nmpc_node]: ATTACH J bootstrap handoff: persistent MHE payload evidence, blending floor 0.0579 -> MHE dJ 0.0537kg m^2 over 0.50s
[INFO] [1789396121.173425378] [acados_nmpc_node]: [attach-window] t=13.10s pos_err=0.675m T=25.14N z=1.322 m_est=2.279
[INFO] [1789396121.219539012] [acados_nmpc_node]: [attach-window] t=13.15s pos_err=0.654m T=24.38N z=1.393 m_est=2.297
[INFO] [1789396121.247635218] [acados_nmpc_node]: [wcmd] raw=[-0.016,-0.018,-0.021] w=[-0.003,-0.004,-0.006] err=[-0.013,-0.014] scaled=[-0.069,-0.074] s=5.00
[INFO] [1789396121.273188119] [acados_nmpc_node]: [attach-window] t=13.20s pos_err=0.679m T=24.77N z=1.425 m_est=2.312
[INFO] [1789396121.319555680] [acados_nmpc_node]: [attach-window] t=13.25s pos_err=0.663m T=24.24N z=1.491 m_est=2.327
[INFO] [1789396121.373237381] [acados_nmpc_node]: [attach-window] t=13.30s pos_err=0.689m T=24.64N z=1.525 m_est=2.338
[INFO] [1789396121.419486857] [acados_nmpc_node]: [attach-window] t=13.35s pos_err=0.671m T=24.10N z=1.594 m_est=2.350
[INFO] [1789396121.447625242] [acados_nmpc_node]: [wcmd] raw=[-0.016,+0.017,-0.013] w=[-0.010,+0.039,+0.008] err=[-0.006,-0.022] scaled=[-0.041,-0.072] s=5.00
[INFO] [1789396121.473201497] [acados_nmpc_node]: [attach-window] t=13.40s pos_err=0.696m T=24.50N z=1.629 m_est=2.359
[INFO] [1789396121.519580321] [acados_nmpc_node]: [attach-window] t=13.45s pos_err=0.669m T=23.74N z=1.709 m_est=2.367
[INFO] [1789396121.573160198] [acados_nmpc_node]: [attach-window] t=13.50s pos_err=0.694m T=24.14N z=1.746 m_est=2.374
[INFO] [1789396121.619578382] [acados_nmpc_node]: [attach-window] t=13.55s pos_err=0.674m T=23.63N z=1.819 m_est=2.380
[INFO] [1789396121.647627880] [acados_nmpc_node]: [wcmd] raw=[-0.016,-0.005,-0.013] w=[-0.021,-0.052,-0.053] err=[+0.005,+0.047] scaled=[+0.006,+0.182] s=5.00
[INFO] [1789396121.670934594] [acados_nmpc_node]: ATTACH J bootstrap released; NMPC J is now MHE-only
[INFO] [1789396121.673624371] [acados_nmpc_node]: [attach-window] t=13.60s pos_err=0.699m T=24.05N z=1.856 m_est=2.385
[INFO] [1789396121.718958015] [acados_nmpc_node]: [attach-window] t=13.65s pos_err=0.669m T=23.37N z=1.941 m_est=2.389
[INFO] [1789396121.773228906] [acados_nmpc_node]: [attach-window] t=13.70s pos_err=0.695m T=23.82N z=1.978 m_est=2.393
[INFO] [1789396121.819641822] [acados_nmpc_node]: [attach-window] t=13.75s pos_err=0.675m T=23.40N z=2.054 m_est=2.396
[INFO] [1789396121.847612460] [acados_nmpc_node]: [wcmd] raw=[+0.002,-0.016,+0.002] w=[-0.001,+0.044,+0.010] err=[+0.003,-0.060] scaled=[+0.016,-0.258] s=5.00
[INFO] [1789396121.873239310] [acados_nmpc_node]: [attach-window] t=13.80s pos_err=0.701m T=23.87N z=2.091 m_est=2.398
[INFO] [1789396121.919548627] [acados_nmpc_node]: [attach-window] t=13.85s pos_err=0.671m T=23.23N z=2.177 m_est=2.400
[INFO] [1789396121.973239672] [acados_nmpc_node]: [attach-window] t=13.90s pos_err=0.697m T=23.69N z=2.215 m_est=2.402
[INFO] [1789396122.019841691] [acados_nmpc_node]: [attach-window] t=13.95s pos_err=0.677m T=23.29N z=2.291 m_est=2.403
[INFO] [1789396122.047637404] [acados_nmpc_node]: [wcmd] raw=[+0.008,+0.006,+0.009] w=[+0.008,-0.034,-0.023] err=[+0.000,+0.039] scaled=[+0.009,+0.163] s=5.00
[INFO] [1789396122.073573551] [acados_nmpc_node]: [attach-window] t=14.00s pos_err=0.704m T=23.79N z=2.329 m_est=2.404
[INFO] [1789396122.118967065] [acados_nmpc_node]: [attach-window] t=14.05s pos_err=0.674m T=23.20N z=2.415 m_est=2.404
[INFO] [1789396122.171537604] [acados_nmpc_node]: [attach-window] t=14.10s pos_err=0.700m T=23.66N z=2.453 m_est=2.405
[INFO] [1789396122.219559032] [acados_nmpc_node]: [attach-window] t=14.15s pos_err=0.681m T=23.30N z=2.529 m_est=2.405
[INFO] [1789396122.247545034] [acados_nmpc_node]: [wcmd] raw=[+0.008,-0.023,+0.011] w=[+0.011,-0.015,-0.005] err=[-0.003,-0.008] scaled=[-0.004,-0.056] s=5.00
[INFO] [1789396122.273413027] [acados_nmpc_node]: [attach-window] t=14.20s pos_err=0.708m T=23.80N z=2.568 m_est=2.405
[INFO] [1789396122.319172065] [acados_nmpc_node]: [attach-window] t=14.25s pos_err=0.679m T=23.20N z=2.654 m_est=2.405
[INFO] [1789396122.371662555] [acados_nmpc_node]: [attach-window] t=14.30s pos_err=0.704m T=23.64N z=2.692 m_est=2.405
[INFO] [1789396122.419046696] [acados_nmpc_node]: [attach-window] t=14.35s pos_err=0.685m T=23.27N z=2.769 m_est=2.405
[INFO] [1789396122.447702957] [acados_nmpc_node]: [wcmd] raw=[-0.005,+0.023,+0.016] w=[+0.005,+0.042,+0.034] err=[-0.010,-0.018] scaled=[-0.044,-0.050] s=5.00
[INFO] [1789396122.471459177] [acados_nmpc_node]: [attach-window] t=14.40s pos_err=0.710m T=23.73N z=2.808 m_est=2.404
[INFO] [1789396122.519077127] [acados_nmpc_node]: [attach-window] t=14.45s pos_err=0.680m T=23.13N z=2.894 m_est=2.404
[INFO] [1789396122.573273752] [acados_nmpc_node]: [attach-window] t=14.50s pos_err=0.706m T=23.61N z=2.933 m_est=2.404
[INFO] [1789396122.619546741] [acados_nmpc_node]: [attach-window] t=14.55s pos_err=0.675m T=23.01N z=3.020 m_est=2.403
[INFO] [1789396122.647683568] [acados_nmpc_node]: [wcmd] raw=[-0.006,+0.020,+0.003] w=[-0.015,-0.025,-0.011] err=[+0.009,+0.045] scaled=[+0.029,+0.202] s=5.00
[INFO] [1789396122.673361447] [acados_nmpc_node]: [attach-window] t=14.60s pos_err=0.701m T=23.50N z=3.058 m_est=2.403
[INFO] [1789396122.719651762] [acados_nmpc_node]: [attach-window] t=14.65s pos_err=0.679m T=23.13N z=3.135 m_est=2.402
[INFO] [1789396122.773525535] [acados_nmpc_node]: [attach-window] t=14.70s pos_err=0.705m T=23.63N z=3.173 m_est=2.402
[INFO] [1789396122.819836900] [acados_nmpc_node]: [attach-window] t=14.75s pos_err=0.683m T=23.25N z=3.250 m_est=2.401
[INFO] [1789396122.847601903] [acados_nmpc_node]: [wcmd] raw=[+0.004,+0.016,-0.001] w=[+0.004,+0.061,+0.034] err=[-0.000,-0.045] scaled=[+0.002,-0.165] s=5.00
[INFO] [1789396122.873444986] [acados_nmpc_node]: [attach-window] t=14.80s pos_err=0.708m T=23.71N z=3.288 m_est=2.401
[INFO] [1789396122.919534262] [acados_nmpc_node]: [attach-window] t=14.85s pos_err=0.677m T=23.10N z=3.373 m_est=2.400
[INFO] [1789396122.973236703] [acados_nmpc_node]: [attach-window] t=14.90s pos_err=0.701m T=23.54N z=3.411 m_est=2.400
[INFO] [1789396123.019552527] [acados_nmpc_node]: [attach-window] t=14.95s pos_err=0.678m T=23.12N z=3.487 m_est=2.400
[INFO] [1789396123.047664946] [acados_nmpc_node]: [wcmd] raw=[+0.004,+0.022,-0.006] w=[+0.006,+0.002,-0.006] err=[-0.002,+0.020] scaled=[-0.004,+0.103] s=5.00
[INFO] [1789396123.073680317] [acados_nmpc_node]: [attach-window] t=15.00s pos_err=0.701m T=23.57N z=3.525 m_est=2.399
[INFO] [1789396123.119904865] [acados_nmpc_node]: [attach-window] t=15.05s pos_err=0.667m T=22.97N z=3.610 m_est=2.399
[INFO] [1789396123.173853148] [acados_nmpc_node]: [attach-window] t=15.10s pos_err=0.689m T=23.39N z=3.648 m_est=2.399
[INFO] [1789396123.219654311] [acados_nmpc_node]: [attach-window] t=15.15s pos_err=0.665m T=22.98N z=3.724 m_est=2.399
[INFO] [1789396123.247584023] [acados_nmpc_node]: [wcmd] raw=[+0.005,-0.027,-0.007] w=[+0.003,-0.023,-0.026] err=[+0.002,-0.005] scaled=[+0.013,-0.046] s=5.00
[INFO] [1789396123.273404365] [acados_nmpc_node]: [attach-window] t=15.20s pos_err=0.676m T=23.24N z=3.771 m_est=2.399
[INFO] [1789396123.319658930] [acados_nmpc_node]: [attach-window] t=15.25s pos_err=0.652m T=22.85N z=3.845 m_est=2.399
[INFO] [1789396123.373253409] [acados_nmpc_node]: [attach-window] t=15.30s pos_err=0.672m T=23.27N z=3.882 m_est=2.399
[INFO] [1789396123.419504627] [acados_nmpc_node]: [attach-window] t=15.35s pos_err=0.647m T=22.91N z=3.956 m_est=2.399
[INFO] [1789396123.447595097] [acados_nmpc_node]: [wcmd] raw=[+0.005,+0.000,+0.007] w=[+0.009,+0.017,+0.003] err=[-0.004,-0.017] scaled=[-0.009,-0.066] s=5.00
[INFO] [1789396123.473348498] [acados_nmpc_node]: [attach-window] t=15.40s pos_err=0.666m T=23.32N z=3.992 m_est=2.399
[INFO] [1789396123.519741251] [acados_nmpc_node]: [attach-window] t=15.45s pos_err=0.631m T=22.78N z=4.074 m_est=2.399
[INFO] [1789396123.573340921] [acados_nmpc_node]: [attach-window] t=15.50s pos_err=0.649m T=23.15N z=4.110 m_est=2.400
[INFO] [1789396123.619554425] [acados_nmpc_node]: [attach-window] t=15.55s pos_err=0.623m T=22.79N z=4.182 m_est=2.400
[INFO] [1789396123.647591013] [acados_nmpc_node]: [wcmd] raw=[-0.002,-0.013,+0.007] w=[-0.002,-0.044,-0.025] err=[-0.000,+0.031] scaled=[-0.002,+0.110] s=5.00
[INFO] [1789396123.673145689] [acados_nmpc_node]: [attach-window] t=15.60s pos_err=0.640m T=23.16N z=4.217 m_est=2.400
[INFO] [1789396123.718829209] [acados_nmpc_node]: [attach-window] t=15.65s pos_err=0.605m T=22.64N z=4.296 m_est=2.400
[INFO] [1789396123.771470686] [acados_nmpc_node]: [attach-window] t=15.70s pos_err=0.619m T=22.97N z=4.331 m_est=2.401
[INFO] [1789396123.818839656] [acados_nmpc_node]: [attach-window] t=15.75s pos_err=0.584m T=22.49N z=4.409 m_est=2.401
[INFO] [1789396123.847674239] [acados_nmpc_node]: [wcmd] raw=[+0.007,-0.018,+0.012] w=[+0.001,+0.013,+0.015] err=[+0.005,-0.030] scaled=[+0.027,-0.139] s=5.00
[INFO] [1789396123.873324459] [acados_nmpc_node]: [attach-window] t=15.80s pos_err=0.598m T=22.84N z=4.444 m_est=2.401
[INFO] [1789396123.919617612] [acados_nmpc_node]: [attach-window] t=15.85s pos_err=0.571m T=22.53N z=4.512 m_est=2.401
[INFO] [1789396123.973358088] [acados_nmpc_node]: [attach-window] t=15.90s pos_err=0.584m T=22.86N z=4.545 m_est=2.401
[INFO] [1789396124.019498973] [acados_nmpc_node]: [attach-window] t=15.95s pos_err=0.556m T=22.54N z=4.612 m_est=2.401
[INFO] [1789396124.047572411] [acados_nmpc_node]: [wcmd] raw=[+0.014,-0.001,+0.010] w=[+0.013,-0.024,+0.002] err=[+0.000,+0.023] scaled=[+0.014,+0.090] s=5.00
[INFO] [1789396124.073348404] [acados_nmpc_node]: [attach-window] t=16.00s pos_err=0.567m T=22.84N z=4.645 m_est=2.401
[INFO] [1789396124.073829204] [acados_nmpc_node]: t=16.0s | pos_err=0.567m | T=22.84N | tau=[r-0.328 p0.152 y0.003]Nm | res_stat=4.489e-07(peak 9.862e-07) sqp_iter=3 | solve=1.6ms
[INFO] [1789396124.074032229] [acados_nmpc_node]: [flight-diag] t=16.0s | om_scale=5.000(lo 4.997 hi 5.000) | tilt_max=0.65deg | w_max=[r0.084 p0.071 y0.130]rad/s | u_frac=[T0.813 r0.721 p0.441 y0.291] | u_sat=[T0.0 r0.0 p0.0 y0.0]% | mot_peak=0.937 mot_sat=0.0% | health=1 age=0.000s conf=0.000 | n=100
[INFO] [1789396124.119531532] [acados_nmpc_node]: [attach-window] t=16.05s pos_err=0.531m T=22.38N z=4.718 m_est=2.401
[INFO] [1789396124.173288517] [acados_nmpc_node]: [attach-window] t=16.10s pos_err=0.541m T=22.66N z=4.750 m_est=2.401
[INFO] [1789396124.219518063] [acados_nmpc_node]: [attach-window] t=16.15s pos_err=0.513m T=22.36N z=4.813 m_est=2.401
[INFO] [1789396124.247552705] [acados_nmpc_node]: [wcmd] raw=[+0.003,-0.016,+0.003] w=[+0.011,-0.010,+0.009] err=[-0.008,-0.006] scaled=[-0.029,-0.040] s=5.00
[INFO] [1789396124.273427458] [acados_nmpc_node]: [attach-window] t=16.20s pos_err=0.522m T=22.64N z=4.844 m_est=2.401
[INFO] [1789396124.319474415] [acados_nmpc_node]: [attach-window] t=16.25s pos_err=0.486m T=22.22N z=4.913 m_est=2.400
[INFO] [1789396124.373283374] [acados_nmpc_node]: [attach-window] t=16.30s pos_err=0.493m T=22.47N z=4.944 m_est=2.400
[INFO] [1789396124.419586655] [acados_nmpc_node]: [attach-window] t=16.35s pos_err=0.464m T=22.20N z=5.003 m_est=2.400
[INFO] [1789396124.447612625] [acados_nmpc_node]: [wcmd] raw=[-0.015,+0.009,+0.001] w=[-0.008,+0.015,+0.019] err=[-0.007,-0.006] scaled=[-0.043,-0.016] s=5.00
[INFO] [1789396124.473435400] [acados_nmpc_node]: [attach-window] t=16.40s pos_err=0.470m T=22.45N z=5.033 m_est=2.399
[INFO] [1789396124.519537291] [acados_nmpc_node]: [attach-window] t=16.45s pos_err=0.436m T=22.11N z=5.096 m_est=2.399
[INFO] [1789396124.573331812] [acados_nmpc_node]: [attach-window] t=16.50s pos_err=0.440m T=22.34N z=5.124 m_est=2.398
[INFO] [1789396124.619445026] [acados_nmpc_node]: [attach-window] t=16.55s pos_err=0.413m T=22.13N z=5.179 m_est=2.398
[INFO] [1789396124.647628270] [acados_nmpc_node]: [wcmd] raw=[-0.015,+0.002,-0.005] w=[-0.024,-0.019,-0.008] err=[+0.009,+0.021] scaled=[+0.022,+0.087] s=5.00
[INFO] [1789396124.673596729] [acados_nmpc_node]: [attach-window] t=16.60s pos_err=0.417m T=22.35N z=5.205 m_est=2.397
[INFO] [1789396124.719532233] [acados_nmpc_node]: [attach-window] t=16.65s pos_err=0.384m T=22.06N z=5.263 m_est=2.397
[INFO] [1789396124.773353381] [acados_nmpc_node]: [attach-window] t=16.70s pos_err=0.387m T=22.26N z=5.288 m_est=2.396
[INFO] [1789396124.819450352] [acados_nmpc_node]: [attach-window] t=16.75s pos_err=0.361m T=22.09N z=5.337 m_est=2.395
[INFO] [1789396124.847654718] [acados_nmpc_node]: [wcmd] raw=[-0.004,+0.012,-0.005] w=[-0.007,+0.035,+0.019] err=[+0.002,-0.023] scaled=[+0.005,-0.080] s=5.00
[INFO] [1789396124.873281677] [acados_nmpc_node]: [attach-window] t=16.80s pos_err=0.363m T=22.27N z=5.361 m_est=2.395
[INFO] [1789396124.919398753] [acados_nmpc_node]: [attach-window] t=16.85s pos_err=0.332m T=22.04N z=5.412 m_est=2.394
[INFO] [1789396124.973258486] [acados_nmpc_node]: [attach-window] t=16.90s pos_err=0.333m T=22.21N z=5.434 m_est=2.393
[INFO] [1789396125.019408114] [acados_nmpc_node]: [attach-window] t=16.95s pos_err=0.310m T=22.10N z=5.476 m_est=2.392
[INFO] [1789396125.047636681] [acados_nmpc_node]: [wcmd] raw=[-0.001,+0.012,-0.008] w=[-0.006,-0.003,-0.009] err=[+0.005,+0.015] scaled=[+0.017,+0.073] s=5.00
[INFO] [1789396125.073475135] [acados_nmpc_node]: [attach-window] t=17.00s pos_err=0.311m T=22.27N z=5.496 m_est=2.392
[INFO] [1789396125.119451539] [acados_nmpc_node]: [attach-window] t=17.05s pos_err=0.284m T=22.13N z=5.540 m_est=2.391
[INFO] [1789396125.173092210] [acados_nmpc_node]: [attach-window] t=17.10s pos_err=0.284m T=22.28N z=5.558 m_est=2.390
[INFO] [1789396125.219576080] [acados_nmpc_node]: [attach-window] t=17.15s pos_err=0.264m T=22.19N z=5.594 m_est=2.389
[INFO] [1789396125.247595450] [acados_nmpc_node]: [wcmd] raw=[+0.009,-0.010,-0.007] w=[+0.006,+0.001,-0.009] err=[+0.002,-0.010] scaled=[+0.017,-0.051] s=5.00
[INFO] [1789396125.273119640] [acados_nmpc_node]: [attach-window] t=17.20s pos_err=0.263m T=22.31N z=5.611 m_est=2.389
[INFO] [1789396125.319564901] [acados_nmpc_node]: [attach-window] t=17.25s pos_err=0.239m T=22.17N z=5.648 m_est=2.388
[INFO] [1789396125.373436657] [acados_nmpc_node]: [attach-window] t=17.30s pos_err=0.237m T=22.27N z=5.664 m_est=2.387
[INFO] [1789396125.419549531] [acados_nmpc_node]: [attach-window] t=17.35s pos_err=0.217m T=22.17N z=5.695 m_est=2.386
[INFO] [1789396125.447555889] [acados_nmpc_node]: [wcmd] raw=[-0.002,-0.001,-0.001] w=[+0.005,+0.002,-0.006] err=[-0.008,-0.003] scaled=[-0.032,-0.012] s=5.00
[INFO] [1789396125.473231379] [acados_nmpc_node]: [attach-window] t=17.40s pos_err=0.214m T=22.26N z=5.710 m_est=2.386
[INFO] [1789396125.519384000] [acados_nmpc_node]: [attach-window] t=17.45s pos_err=0.191m T=22.15N z=5.742 m_est=2.385
[INFO] [1789396125.573153137] [acados_nmpc_node]: [attach-window] t=17.50s pos_err=0.188m T=22.22N z=5.756 m_est=2.385
[INFO] [1789396125.619398128] [acados_nmpc_node]: [attach-window] t=17.55s pos_err=0.170m T=22.17N z=5.782 m_est=2.384
[INFO] [1789396125.647509280] [acados_nmpc_node]: [wcmd] raw=[-0.003,-0.009,+0.002] w=[-0.007,-0.022,-0.018] err=[+0.004,+0.013] scaled=[+0.011,+0.043] s=5.00
[INFO] [1789396125.673555795] [acados_nmpc_node]: [attach-window] t=17.60s pos_err=0.163m T=22.22N z=5.797 m_est=2.383
[INFO] [1789396125.719451037] [acados_nmpc_node]: [attach-window] t=17.65s pos_err=0.147m T=22.19N z=5.819 m_est=2.383
[INFO] [1789396125.772964422] [acados_nmpc_node]: [attach-window] t=17.70s pos_err=0.143m T=22.26N z=5.830 m_est=2.382
[INFO] [1789396125.819417705] [acados_nmpc_node]: [attach-window] t=17.75s pos_err=0.128m T=22.26N z=5.850 m_est=2.382
[INFO] [1789396125.847577858] [acados_nmpc_node]: [wcmd] raw=[-0.008,-0.001,+0.007] w=[-0.005,+0.012,+0.006] err=[-0.003,-0.013] scaled=[-0.021,-0.053] s=5.00
[INFO] [1789396125.873322395] [acados_nmpc_node]: [attach-window] t=17.80s pos_err=0.124m T=22.32N z=5.859 m_est=2.381
[INFO] [1789396125.919371792] [acados_nmpc_node]: [attach-window] t=17.85s pos_err=0.109m T=22.34N z=5.877 m_est=2.381
[INFO] [1789396125.972983150] [acados_nmpc_node]: [attach-window] t=17.90s pos_err=0.106m T=22.39N z=5.885 m_est=2.380
[INFO] [1789396126.019360939] [acados_nmpc_node]: [attach-window] t=17.95s pos_err=0.092m T=22.41N z=5.901 m_est=2.380
[INFO] [1789396126.047651966] [acados_nmpc_node]: [wcmd] raw=[-0.007,+0.001,+0.006] w=[-0.011,-0.004,+0.001] err=[+0.003,+0.005] scaled=[+0.007,+0.023] s=5.00
[INFO] [1789396126.073522372] [acados_nmpc_node]: [attach-window] t=18.00s pos_err=0.090m T=22.45N z=5.906 m_est=2.379
[INFO] [1789396126.119572339] [acados_nmpc_node]: [attach-window] t=18.05s pos_err=0.078m T=22.47N z=5.919 m_est=2.379
[INFO] [1789396126.173464285] [acados_nmpc_node]: [attach-window] t=18.10s pos_err=0.074m T=22.49N z=5.925 m_est=2.379
[INFO] [1789396126.219439059] [acados_nmpc_node]: [attach-window] t=18.15s pos_err=0.065m T=22.50N z=5.936 m_est=2.378
[INFO] [1789396126.247527272] [acados_nmpc_node]: [wcmd] raw=[+0.003,-0.008,+0.004] w=[-0.001,-0.009,+0.002] err=[+0.003,+0.000] scaled=[+0.016,-0.007] s=5.00
[INFO] [1789396126.273120609] [acados_nmpc_node]: [attach-window] t=18.20s pos_err=0.061m T=22.52N z=5.941 m_est=2.378
[INFO] [1789396126.319404207] [acados_nmpc_node]: [attach-window] t=18.25s pos_err=0.052m T=22.54N z=5.951 m_est=2.377
[INFO] [1789396126.373287720] [acados_nmpc_node]: [attach-window] t=18.30s pos_err=0.048m T=22.55N z=5.955 m_est=2.377
[INFO] [1789396126.419263104] [acados_nmpc_node]: [attach-window] t=18.35s pos_err=0.041m T=22.56N z=5.964 m_est=2.377
[INFO] [1789396126.447546059] [acados_nmpc_node]: [wcmd] raw=[+0.010,+0.004,+0.003] w=[+0.011,+0.006,+0.013] err=[-0.001,-0.002] scaled=[+0.004,-0.004] s=5.00
[INFO] [1789396126.473208320] [acados_nmpc_node]: [attach-window] t=18.40s pos_err=0.037m T=22.57N z=5.968 m_est=2.376
[INFO] [1789396126.519536146] [acados_nmpc_node]: [attach-window] t=18.45s pos_err=0.030m T=22.59N z=5.976 m_est=2.376
[INFO] [1789396126.573061522] [acados_nmpc_node]: [attach-window] t=18.50s pos_err=0.028m T=22.60N z=5.979 m_est=2.376
[INFO] [1789396126.619184147] [acados_nmpc_node]: [attach-window] t=18.55s pos_err=0.024m T=22.64N z=5.985 m_est=2.375
[INFO] [1789396126.647610788] [acados_nmpc_node]: [wcmd] raw=[+0.015,+0.007,-0.002] w=[+0.015,-0.002,+0.005] err=[-0.000,+0.008] scaled=[+0.013,+0.041] s=5.00
[INFO] [1789396126.673134524] [acados_nmpc_node]: [attach-window] t=18.60s pos_err=0.021m T=22.66N z=5.989 m_est=2.375
[INFO] [1789396126.719133900] [acados_nmpc_node]: [attach-window] t=18.65s pos_err=0.019m T=22.71N z=5.993 m_est=2.375
[INFO] [1789396126.773121750] [acados_nmpc_node]: [attach-window] t=18.70s pos_err=0.019m T=22.73N z=5.995 m_est=2.374
[INFO] [1789396126.819256272] [acados_nmpc_node]: [attach-window] t=18.75s pos_err=0.018m T=22.78N z=5.999 m_est=2.374
[INFO] [1789396126.847596729] [acados_nmpc_node]: [wcmd] raw=[+0.010,+0.006,-0.006] w=[+0.019,+0.014,+0.008] err=[-0.009,-0.008] scaled=[-0.026,-0.027] s=5.00
[INFO] [1789396126.873164601] [acados_nmpc_node]: [attach-window] t=18.80s pos_err=0.018m T=22.80N z=6.001 m_est=2.373
[INFO] [1789396126.919290171] [acados_nmpc_node]: [attach-window] t=18.85s pos_err=0.018m T=22.85N z=6.004 m_est=2.373
[INFO] [1789396126.973051879] [acados_nmpc_node]: [attach-window] t=18.90s pos_err=0.019m T=22.87N z=6.005 m_est=2.372
[INFO] [1789396127.019157173] [acados_nmpc_node]: [attach-window] t=18.95s pos_err=0.020m T=22.90N z=6.007 m_est=2.372
[INFO] [1789396127.047565831] [acados_nmpc_node]: [wcmd] raw=[-0.001,+0.008,-0.006] w=[+0.003,+0.007,-0.004] err=[-0.004,+0.002] scaled=[-0.018,+0.016] s=5.00
[INFO] [1789396127.073317168] [acados_nmpc_node]: [attach-window] t=19.00s pos_err=0.020m T=22.92N z=6.007 m_est=2.371
[INFO] [1789396127.119287242] [acados_nmpc_node]: [attach-window] t=19.05s pos_err=0.021m T=22.95N z=6.009 m_est=2.371
[INFO] [1789396127.173296898] [acados_nmpc_node]: [attach-window] t=19.10s pos_err=0.022m T=22.97N z=6.010 m_est=2.370
[INFO] [1789396127.219194908] [acados_nmpc_node]: [attach-window] t=19.15s pos_err=0.022m T=22.99N z=6.010 m_est=2.370
[INFO] [1789396127.247586874] [acados_nmpc_node]: [wcmd] raw=[-0.008,-0.003,-0.004] w=[-0.004,-0.005,-0.015] err=[-0.004,+0.002] scaled=[-0.026,+0.007] s=5.00
[INFO] [1789396127.273151485] [acados_nmpc_node]: [attach-window] t=19.20s pos_err=0.022m T=23.00N z=6.011 m_est=2.369
[INFO] [1789396127.319236334] [acados_nmpc_node]: [attach-window] t=19.25s pos_err=0.023m T=23.01N z=6.012 m_est=2.369
[INFO] [1789396127.373393669] [acados_nmpc_node]: [attach-window] t=19.30s pos_err=0.023m T=23.01N z=6.012 m_est=2.368
[INFO] [1789396127.419244427] [acados_nmpc_node]: [attach-window] t=19.35s pos_err=0.023m T=23.00N z=6.014 m_est=2.368
[INFO] [1789396127.447643373] [acados_nmpc_node]: [wcmd] raw=[-0.008,+0.006,+0.003] w=[-0.011,+0.014,-0.001] err=[+0.003,-0.008] scaled=[+0.004,-0.026] s=5.00
[INFO] [1789396127.473669656] [acados_nmpc_node]: [attach-window] t=19.40s pos_err=0.024m T=22.99N z=6.015 m_est=2.367
[INFO] [1789396127.519317561] [acados_nmpc_node]: [attach-window] t=19.45s pos_err=0.024m T=22.98N z=6.017 m_est=2.367
[INFO] [1789396127.573475479] [acados_nmpc_node]: [attach-window] t=19.50s pos_err=0.025m T=22.97N z=6.017 m_est=2.367
[INFO] [1789396127.619301355] [acados_nmpc_node]: [attach-window] t=19.55s pos_err=0.025m T=22.96N z=6.019 m_est=2.366
[INFO] [1789396127.647557684] [acados_nmpc_node]: [wcmd] raw=[-0.007,+0.006,+0.004] w=[-0.007,-0.004,-0.007] err=[-0.000,+0.009] scaled=[-0.007,+0.043] s=5.00
[INFO] [1789396127.673343532] [acados_nmpc_node]: [attach-window] t=19.60s pos_err=0.026m T=22.95N z=6.020 m_est=2.366
[INFO] [1789396127.719451857] [acados_nmpc_node]: [attach-window] t=19.65s pos_err=0.026m T=22.95N z=6.022 m_est=2.365
[INFO] [1789396127.773092973] [acados_nmpc_node]: [attach-window] t=19.70s pos_err=0.027m T=22.95N z=6.023 m_est=2.365
[INFO] [1789396127.819276800] [acados_nmpc_node]: [attach-window] t=19.75s pos_err=0.028m T=22.95N z=6.024 m_est=2.365
[INFO] [1789396127.847659273] [acados_nmpc_node]: [wcmd] raw=[-0.007,+0.005,+0.005] w=[-0.008,+0.011,+0.004] err=[+0.001,-0.006] scaled=[-0.001,-0.020] s=5.00
[INFO] [1789396127.873290529] [acados_nmpc_node]: [attach-window] t=19.80s pos_err=0.028m T=22.95N z=6.025 m_est=2.364
[INFO] [1789396127.919622872] [acados_nmpc_node]: [attach-window] t=19.85s pos_err=0.029m T=22.97N z=6.026 m_est=2.364
[INFO] [1789396127.973442661] [acados_nmpc_node]: [attach-window] t=19.90s pos_err=0.030m T=22.97N z=6.027 m_est=2.363
[INFO] [1789396128.019525273] [acados_nmpc_node]: [attach-window] t=19.95s pos_err=0.031m T=22.98N z=6.028 m_est=2.363
[INFO] [1789396128.047544235] [acados_nmpc_node]: [wcmd] raw=[+0.004,+0.006,+0.004] w=[-0.000,+0.008,+0.005] err=[+0.004,-0.002] scaled=[+0.022,-0.002] s=5.00
[INFO] [1789396128.073396891] [acados_nmpc_node]: [attach-window] t=20.00s pos_err=0.032m T=22.98N z=6.028 m_est=2.363
[INFO] [1789396128.119311113] [acados_nmpc_node]: [attach-window] t=20.05s pos_err=0.032m T=23.00N z=6.029 m_est=2.362
[INFO] [1789396128.173545479] [acados_nmpc_node]: [attach-window] t=20.10s pos_err=0.033m T=23.00N z=6.029 m_est=2.362
[INFO] [1789396128.219259082] [acados_nmpc_node]: [attach-window] t=20.15s pos_err=0.034m T=23.00N z=6.030 m_est=2.361
[INFO] [1789396128.247616001] [acados_nmpc_node]: [wcmd] raw=[+0.006,-0.009,+0.002] w=[+0.007,-0.011,-0.004] err=[-0.002,+0.002] scaled=[-0.001,-0.003] s=5.00
[INFO] [1789396128.273411841] [acados_nmpc_node]: [attach-window] t=20.20s pos_err=0.034m T=23.00N z=6.030 m_est=2.361
[INFO] [1789396128.319493475] [acados_nmpc_node]: [attach-window] t=20.25s pos_err=0.034m T=23.01N z=6.030 m_est=2.361
[INFO] [1789396128.373737044] [acados_nmpc_node]: [attach-window] t=20.30s pos_err=0.034m T=23.02N z=6.031 m_est=2.360
[INFO] [1789396128.419538971] [acados_nmpc_node]: [attach-window] t=20.35s pos_err=0.034m T=23.04N z=6.031 m_est=2.360
[INFO] [1789396128.447521403] [acados_nmpc_node]: [wcmd] raw=[+0.002,-0.010,+0.004] w=[+0.008,-0.005,+0.003] err=[-0.006,-0.006] scaled=[-0.022,-0.034] s=5.00
[INFO] [1789396128.471770295] [acados_nmpc_node]: [attach-window] t=20.40s pos_err=0.034m T=23.04N z=6.030 m_est=2.360
[INFO] [1789396128.519301692] [acados_nmpc_node]: [attach-window] t=20.45s pos_err=0.033m T=23.06N z=6.030 m_est=2.359
[INFO] [1789396128.573373973] [acados_nmpc_node]: [attach-window] t=20.50s pos_err=0.033m T=23.08N z=6.029 m_est=2.359
[INFO] [1789396128.619235971] [acados_nmpc_node]: [attach-window] t=20.55s pos_err=0.031m T=23.09N z=6.029 m_est=2.359
[INFO] [1789396128.647628718] [acados_nmpc_node]: [wcmd] raw=[-0.005,-0.013,+0.004] w=[-0.004,-0.023,-0.006] err=[-0.001,+0.010] scaled=[-0.009,+0.025] s=5.00
[INFO] [1789396128.673345631] [acados_nmpc_node]: [attach-window] t=20.60s pos_err=0.031m T=23.10N z=6.028 m_est=2.359
[INFO] [1789396128.718697658] [acados_nmpc_node]: [attach-window] t=20.65s pos_err=0.029m T=23.11N z=6.027 m_est=2.358
[INFO] [1789396128.773229053] [acados_nmpc_node]: [attach-window] t=20.70s pos_err=0.029m T=23.12N z=6.027 m_est=2.358
[INFO] [1789396128.818744908] [acados_nmpc_node]: [attach-window] t=20.75s pos_err=0.027m T=23.13N z=6.025 m_est=2.358
[INFO] [1789396128.847729507] [acados_nmpc_node]: [wcmd] raw=[-0.006,-0.005,+0.004] w=[-0.005,-0.003,+0.007] err=[-0.001,-0.002] scaled=[-0.012,-0.013] s=5.00
[INFO] [1789396128.873334110] [acados_nmpc_node]: [attach-window] t=20.80s pos_err=0.027m T=23.13N z=6.025 m_est=2.358
[INFO] [1789396128.919219774] [acados_nmpc_node]: [attach-window] t=20.85s pos_err=0.025m T=23.14N z=6.024 m_est=2.358
[INFO] [1789396128.973287293] [acados_nmpc_node]: [attach-window] t=20.90s pos_err=0.025m T=23.14N z=6.024 m_est=2.357
[INFO] [1789396129.019211310] [acados_nmpc_node]: [attach-window] t=20.95s pos_err=0.024m T=23.15N z=6.022 m_est=2.357
[INFO] [1789396129.047586274] [acados_nmpc_node]: [wcmd] raw=[-0.004,+0.007,+0.001] w=[-0.006,+0.004,+0.011] err=[+0.002,+0.003] scaled=[+0.002,+0.020] s=5.00
[INFO] [1789396129.073691233] [acados_nmpc_node]: [attach-window] t=21.00s pos_err=0.023m T=23.15N z=6.022 m_est=2.357
[INFO] [1789396129.074203477] [acados_nmpc_node]: t=21.0s | pos_err=0.023m | T=23.15N | tau=[r-0.335 p0.122 y-0.004]Nm | res_stat=1.491e-08(peak 9.862e-07) sqp_iter=2 | solve=1.4ms
[INFO] [1789396129.074424975] [acados_nmpc_node]: [flight-diag] t=21.0s | om_scale=5.000(lo 5.000 hi 5.000) | tilt_max=0.51deg | w_max=[r0.024 p0.035 y0.028]rad/s | u_frac=[T0.738 r0.693 p0.328 y0.048] | u_sat=[T0.0 r0.0 p0.0 y0.0]% | mot_peak=0.874 mot_sat=0.0% | health=1 age=0.000s conf=0.000 | n=100
[INFO] [1789396129.119263954] [acados_nmpc_node]: [attach-window] t=21.05s pos_err=0.022m T=23.15N z=6.021 m_est=2.357
[INFO] [1789396129.173563182] [acados_nmpc_node]: [attach-window] t=21.10s pos_err=0.021m T=23.15N z=6.021 m_est=2.357
[INFO] [1789396129.219267399] [acados_nmpc_node]: [attach-window] t=21.15s pos_err=0.020m T=23.15N z=6.020 m_est=2.357
[INFO] [1789396129.247558562] [acados_nmpc_node]: [wcmd] raw=[+0.002,+0.013,-0.004] w=[-0.000,+0.007,+0.008] err=[+0.002,+0.005] scaled=[+0.010,+0.035] s=5.00
[INFO] [1789396129.271483420] [acados_nmpc_node]: [attach-window] t=21.20s pos_err=0.020m T=23.15N z=6.019 m_est=2.357
[INFO] [1789396129.318666389] [acados_nmpc_node]: [attach-window] t=21.25s pos_err=0.019m T=23.15N z=6.018 m_est=2.357
[INFO] [1789396129.373622346] [acados_nmpc_node]: [attach-window] t=21.30s pos_err=0.019m T=23.15N z=6.018 m_est=2.357
[INFO] [1789396129.419375567] [acados_nmpc_node]: [attach-window] t=21.35s pos_err=0.019m T=23.16N z=6.017 m_est=2.357
[INFO] [1789396129.447647229] [acados_nmpc_node]: [wcmd] raw=[+0.005,+0.008,-0.009] w=[+0.006,+0.020,+0.008] err=[-0.001,-0.012] scaled=[+0.000,-0.039] s=5.00
[INFO] [1789396129.476397490] [acados_nmpc_node]: t=21.4s | DYNAMIC: switch to figure8 (r=10.0 w=0.283) centered at [1.00,0.11] z=6.0, tracking with payload
[INFO] [1789396129.478903323] [acados_nmpc_node]: [attach-window] t=21.40s pos_err=0.017m T=23.15N z=6.017 m_est=2.358
[INFO] [1789396129.519376364] [acados_nmpc_node]: [attach-window] t=21.45s pos_err=0.017m T=23.13N z=6.017 m_est=2.358
[INFO] [1789396129.573491781] [acados_nmpc_node]: [attach-window] t=21.50s pos_err=0.017m T=23.12N z=6.017 m_est=2.358
[INFO] [1789396129.619426319] [acados_nmpc_node]: [attach-window] t=21.55s pos_err=0.017m T=23.11N z=6.017 m_est=2.358
[INFO] [1789396129.647664130] [acados_nmpc_node]: [wcmd] raw=[+0.000,-0.001,-0.008] w=[-0.011,-0.018,-0.021] err=[+0.012,+0.017] scaled=[+0.046,+0.065] s=5.00
[INFO] [1789396129.673637944] [acados_nmpc_node]: [attach-window] t=21.60s pos_err=0.017m T=23.10N z=6.017 m_est=2.358
[INFO] [1789396129.719357102] [acados_nmpc_node]: [attach-window] t=21.65s pos_err=0.018m T=23.08N z=6.017 m_est=2.359
[INFO] [1789396129.773591209] [acados_nmpc_node]: [attach-window] t=21.70s pos_err=0.018m T=23.08N z=6.018 m_est=2.359
[INFO] [1789396129.819340928] [acados_nmpc_node]: [attach-window] t=21.75s pos_err=0.018m T=23.07N z=6.018 m_est=2.359
[INFO] [1789396129.847596309] [acados_nmpc_node]: [wcmd] raw=[+0.014,-0.010,-0.002] w=[+0.016,+0.003,-0.004] err=[-0.003,-0.014] scaled=[+0.004,-0.065] s=5.00
[INFO] [1789396129.873525131] [acados_nmpc_node]: [attach-window] t=21.80s pos_err=0.019m T=23.06N z=6.018 m_est=2.359
[INFO] [1789396129.919245107] [acados_nmpc_node]: [attach-window] t=21.85s pos_err=0.019m T=23.06N z=6.018 m_est=2.359
[INFO] [1789396129.973129644] [acados_nmpc_node]: [attach-window] t=21.90s pos_err=0.019m T=23.06N z=6.018 m_est=2.359
[INFO] [1789396130.019336520] [acados_nmpc_node]: [attach-window] t=21.95s pos_err=0.020m T=23.05N z=6.019 m_est=2.359
[INFO] [1789396130.047550141] [acados_nmpc_node]: [wcmd] raw=[-0.003,+0.001,+0.002] w=[+0.007,-0.004,-0.004] err=[-0.010,+0.004] scaled=[-0.044,+0.018] s=5.00
[INFO] [1789396130.073618246] [acados_nmpc_node]: [attach-window] t=22.00s pos_err=0.020m T=23.05N z=6.019 m_est=2.359
[INFO] [1789396130.119348988] [acados_nmpc_node]: [attach-window] t=22.05s pos_err=0.021m T=23.05N z=6.020 m_est=2.360
[INFO] [1789396130.173411267] [acados_nmpc_node]: [attach-window] t=22.10s pos_err=0.021m T=23.05N z=6.020 m_est=2.360
[INFO] [1789396130.219456851] [acados_nmpc_node]: [attach-window] t=22.15s pos_err=0.021m T=23.06N z=6.020 m_est=2.360
[INFO] [1789396130.247583601] [acados_nmpc_node]: [wcmd] raw=[-0.004,-0.009,+0.003] w=[-0.009,-0.015,-0.010] err=[+0.005,+0.005] scaled=[+0.014,+0.012] s=5.00
[INFO] [1789396130.273383837] [acados_nmpc_node]: [attach-window] t=22.20s pos_err=0.021m T=23.06N z=6.020 m_est=2.359
[INFO] [1789396130.319289083] [acados_nmpc_node]: [attach-window] t=22.25s pos_err=0.021m T=23.07N z=6.020 m_est=2.359
[INFO] [1789396130.373527325] [acados_nmpc_node]: [attach-window] t=22.30s pos_err=0.021m T=23.08N z=6.020 m_est=2.359
[INFO] [1789396130.419417098] [acados_nmpc_node]: [attach-window] t=22.35s pos_err=0.021m T=23.08N z=6.020 m_est=2.359
[INFO] [1789396130.447673828] [acados_nmpc_node]: [wcmd] raw=[-0.001,+0.002,+0.007] w=[-0.002,+0.012,+0.011] err=[+0.001,-0.010] scaled=[+0.002,-0.039] s=5.00
[INFO] [1789396130.473509765] [acados_nmpc_node]: [attach-window] t=22.40s pos_err=0.022m T=23.08N z=6.020 m_est=2.359
[INFO] [1789396130.519304165] [acados_nmpc_node]: [attach-window] t=22.45s pos_err=0.022m T=23.07N z=6.020 m_est=2.359
[INFO] [1789396130.573385288] [acados_nmpc_node]: [attach-window] t=22.50s pos_err=0.022m T=23.07N z=6.020 m_est=2.359
[INFO] [1789396130.619440666] [acados_nmpc_node]: [attach-window] t=22.55s pos_err=0.022m T=23.06N z=6.021 m_est=2.359
[INFO] [1789396130.647552387] [acados_nmpc_node]: [wcmd] raw=[-0.003,+0.008,+0.004] w=[-0.004,-0.008,+0.002] err=[+0.000,+0.016] scaled=[-0.002,+0.071] s=5.00
[INFO] [1789396130.673741427] [acados_nmpc_node]: [attach-window] t=22.60s pos_err=0.022m T=23.06N z=6.021 m_est=2.359
[INFO] [1789396130.719413828] [acados_nmpc_node]: [attach-window] t=22.65s pos_err=0.022m T=23.05N z=6.021 m_est=2.358
[INFO] [1789396130.773786464] [acados_nmpc_node]: [attach-window] t=22.70s pos_err=0.022m T=23.04N z=6.022 m_est=2.358
[INFO] [1789396130.819396087] [acados_nmpc_node]: [attach-window] t=22.75s pos_err=0.023m T=23.03N z=6.022 m_est=2.358
[INFO] [1789396130.847596139] [acados_nmpc_node]: [wcmd] raw=[-0.004,+0.002,+0.000] w=[-0.004,+0.013,+0.010] err=[-0.000,-0.012] scaled=[-0.004,-0.045] s=5.00
[INFO] [1789396130.875117000] [acados_nmpc_node]: [attach-window] t=22.80s pos_err=0.023m T=23.03N z=6.023 m_est=2.358
[INFO] [1789396130.920602017] [acados_nmpc_node]: [attach-window] t=22.85s pos_err=0.023m T=23.04N z=6.023 m_est=2.358
[INFO] [1789396130.974914395] [acados_nmpc_node]: [attach-window] t=22.90s pos_err=0.023m T=23.03N z=6.023 m_est=2.358
[INFO] [1789396131.020553214] [acados_nmpc_node]: [attach-window] t=22.95s pos_err=0.023m T=23.02N z=6.023 m_est=2.358
[INFO] [1789396131.047550892] [acados_nmpc_node]: [wcmd] raw=[-0.000,+0.005,+0.260] w=[-0.007,+0.015,+0.052] err=[+0.007,-0.010] scaled=[+0.027,-0.036] s=5.00
[INFO] [1789396131.075359826] [acados_nmpc_node]: [attach-window] t=23.00s pos_err=0.024m T=23.01N z=6.023 m_est=2.357
[INFO] [1789396131.120644986] [acados_nmpc_node]: [attach-window] t=23.05s pos_err=0.024m T=23.00N z=6.024 m_est=2.357
[INFO] [1789396131.174878525] [acados_nmpc_node]: [attach-window] t=23.10s pos_err=0.025m T=23.00N z=6.024 m_est=2.357
[INFO] [1789396131.219872572] [acados_nmpc_node]: [attach-window] t=23.15s pos_err=0.025m T=22.99N z=6.025 m_est=2.357
[INFO] [1789396131.247454525] [acados_nmpc_node]: [wcmd] raw=[+0.001,-0.013,+0.354] w=[-0.002,-0.019,+0.141] err=[+0.003,+0.006] scaled=[+0.013,+0.012] s=5.00
[INFO] [1789396131.272134136] [acados_nmpc_node]: [attach-window] t=23.20s pos_err=0.025m T=22.99N z=6.025 m_est=2.357
[INFO] [1789396131.319346837] [acados_nmpc_node]: [attach-window] t=23.25s pos_err=0.026m T=22.99N z=6.025 m_est=2.357
[INFO] [1789396131.372420145] [acados_nmpc_node]: [attach-window] t=23.30s pos_err=0.026m T=23.00N z=6.025 m_est=2.357
[INFO] [1789396131.419653408] [acados_nmpc_node]: [attach-window] t=23.35s pos_err=0.026m T=23.02N z=6.025 m_est=2.357
[INFO] [1789396131.447548235] [acados_nmpc_node]: [wcmd] raw=[+0.002,-0.005,+0.558] w=[-0.003,+0.012,+0.280] err=[+0.005,-0.017] scaled=[+0.020,-0.073] s=5.00
[INFO] [1789396131.474434286] [acados_nmpc_node]: [attach-window] t=23.40s pos_err=0.026m T=23.03N z=6.024 m_est=2.357
[INFO] [1789396131.520182997] [acados_nmpc_node]: [attach-window] t=23.45s pos_err=0.025m T=23.05N z=6.023 m_est=2.356
[INFO] [1789396131.574707749] [acados_nmpc_node]: [attach-window] t=23.50s pos_err=0.024m T=23.05N z=6.023 m_est=2.356
[INFO] [1789396131.620306525] [acados_nmpc_node]: [attach-window] t=23.55s pos_err=0.023m T=23.05N z=6.022 m_est=2.356
[INFO] [1789396131.647580463] [acados_nmpc_node]: [wcmd] raw=[+0.003,+0.013,+0.949] w=[-0.007,+0.003,+0.435] err=[+0.010,+0.009] scaled=[+0.043,+0.050] s=5.00
[INFO] [1789396131.674559515] [acados_nmpc_node]: [attach-window] t=23.60s pos_err=0.023m T=23.05N z=6.021 m_est=2.356
[INFO] [1789396131.720512944] [acados_nmpc_node]: [attach-window] t=23.65s pos_err=0.022m T=23.01N z=6.020 m_est=2.356
[INFO] [1789396131.774626721] [acados_nmpc_node]: [attach-window] t=23.70s pos_err=0.022m T=22.98N z=6.020 m_est=2.356
[INFO] [1789396131.819777736] [acados_nmpc_node]: [attach-window] t=23.75s pos_err=0.023m T=22.91N z=6.020 m_est=2.356
[INFO] [1789396131.847479255] [acados_nmpc_node]: [wcmd] raw=[+0.008,+0.018,+1.196] w=[+0.003,+0.036,+0.713] err=[+0.005,-0.018] scaled=[+0.027,-0.055] s=5.00
[INFO] [1789396131.874821114] [acados_nmpc_node]: [attach-window] t=23.80s pos_err=0.023m T=22.87N z=6.020 m_est=2.356
[INFO] [1789396131.920227386] [acados_nmpc_node]: [attach-window] t=23.85s pos_err=0.025m T=22.80N z=6.021 m_est=2.356
[INFO] [1789396131.974195081] [acados_nmpc_node]: [attach-window] t=23.90s pos_err=0.025m T=22.78N z=6.022 m_est=2.356
[INFO] [1789396132.019828784] [acados_nmpc_node]: [attach-window] t=23.95s pos_err=0.027m T=22.75N z=6.023 m_est=2.356
[INFO] [1789396132.047535606] [acados_nmpc_node]: [wcmd] raw=[+0.006,+0.051,+0.882] w=[-0.008,+0.056,+0.978] err=[+0.014,-0.005] scaled=[+0.061,+0.032] s=5.00
[INFO] [1789396132.074230561] [acados_nmpc_node]: [attach-window] t=24.00s pos_err=0.028m T=22.74N z=6.024 m_est=2.356
[INFO] [1789396132.120020061] [acados_nmpc_node]: [attach-window] t=24.05s pos_err=0.031m T=22.75N z=6.026 m_est=2.355
[INFO] [1789396132.172336247] [acados_nmpc_node]: [attach-window] t=24.10s pos_err=0.031m T=22.78N z=6.027 m_est=2.355
[INFO] [1789396132.220275799] [acados_nmpc_node]: [attach-window] t=24.15s pos_err=0.034m T=22.81N z=6.029 m_est=2.355
[INFO] [1789396132.247563598] [acados_nmpc_node]: [wcmd] raw=[+0.006,+0.053,+0.408] w=[+0.013,+0.040,+0.979] err=[-0.006,+0.013] scaled=[-0.018,+0.103] s=5.00
[INFO] [1789396132.274603256] [acados_nmpc_node]: [attach-window] t=24.20s pos_err=0.034m T=22.83N z=6.030 m_est=2.355
[INFO] [1789396132.320207765] [acados_nmpc_node]: [attach-window] t=24.25s pos_err=0.037m T=22.84N z=6.031 m_est=2.354
[INFO] [1789396132.374478805] [acados_nmpc_node]: [attach-window] t=24.30s pos_err=0.036m T=22.85N z=6.032 m_est=2.354
[INFO] [1789396132.420325767] [acados_nmpc_node]: [attach-window] t=24.35s pos_err=0.038m T=22.86N z=6.033 m_est=2.353
[INFO] [1789396132.447545204] [acados_nmpc_node]: [wcmd] raw=[-0.016,+0.080,+0.077] w=[+0.018,+0.088,+0.776] err=[-0.034,-0.008] scaled=[-0.150,+0.050] s=5.00
[INFO] [1789396132.489735638] [acados_nmpc_node]: [attach-window] t=24.40s pos_err=0.037m T=22.87N z=6.034 m_est=2.353
[INFO] [1789396132.520365852] [acados_nmpc_node]: [attach-window] t=24.45s pos_err=0.041m T=22.84N z=6.035 m_est=2.352
[INFO] [1789396132.574684966] [acados_nmpc_node]: [attach-window] t=24.50s pos_err=0.039m T=22.85N z=6.036 m_est=2.352
[INFO] [1789396132.620563865] [acados_nmpc_node]: [attach-window] t=24.55s pos_err=0.042m T=22.81N z=6.038 m_est=2.351
[INFO] [1789396132.674745678] [acados_nmpc_node]: [attach-window] t=24.60s pos_err=0.040m T=22.81N z=6.039 m_est=2.351
[INFO] [1789396132.675178387] [acados_nmpc_node]: [wcmd] raw=[-0.010,+0.091,-0.083] w=[-0.012,+0.035,+0.421] err=[+0.001,+0.056] scaled=[-0.004,+0.314] s=5.00
[INFO] [1789396132.720701405] [acados_nmpc_node]: [attach-window] t=24.65s pos_err=0.046m T=22.77N z=6.041 m_est=2.351
[INFO] [1789396132.774639965] [acados_nmpc_node]: [attach-window] t=24.70s pos_err=0.043m T=22.79N z=6.042 m_est=2.350
[INFO] [1789396132.820467534] [acados_nmpc_node]: [attach-window] t=24.75s pos_err=0.049m T=22.73N z=6.045 m_est=2.350
[INFO] [1789396132.874554844] [acados_nmpc_node]: [attach-window] t=24.80s pos_err=0.048m T=22.74N z=6.046 m_est=2.349
[INFO] [1789396132.874961277] [acados_nmpc_node]: [wcmd] raw=[-0.007,+0.045,-0.398] w=[+0.006,+0.051,+0.096] err=[-0.013,-0.006] scaled=[-0.059,+0.021] s=4.97
[INFO] [1789396132.920591734] [acados_nmpc_node]: [attach-window] t=24.85s pos_err=0.055m T=22.70N z=6.049 m_est=2.349
[INFO] [1789396132.974516425] [acados_nmpc_node]: [attach-window] t=24.90s pos_err=0.050m T=22.73N z=6.051 m_est=2.349
[INFO] [1789396133.020839153] [acados_nmpc_node]: [attach-window] t=24.95s pos_err=0.061m T=22.70N z=6.054 m_est=2.348
[INFO] [1789396133.072747116] [acados_nmpc_node]: [attach-window] t=25.00s pos_err=0.055m T=22.74N z=6.055 m_est=2.348
[INFO] [1789396133.073083730] [acados_nmpc_node]: [wcmd] raw=[+0.018,+0.066,-0.692] w=[+0.011,+0.034,-0.216] err=[+0.007,+0.032] scaled=[+0.047,+0.194] s=4.95
[INFO] [1789396133.120590102] [acados_nmpc_node]: [attach-window] t=25.05s pos_err=0.064m T=22.71N z=6.058 m_est=2.347
[INFO] [1789396133.174682709] [acados_nmpc_node]: [attach-window] t=25.10s pos_err=0.056m T=22.77N z=6.060 m_est=2.347
[INFO] [1789396133.220315538] [acados_nmpc_node]: [attach-window] t=25.15s pos_err=0.066m T=22.75N z=6.063 m_est=2.346
[INFO] [1789396133.274302358] [acados_nmpc_node]: [attach-window] t=25.20s pos_err=0.056m T=22.81N z=6.064 m_est=2.345
[INFO] [1789396133.274715080] [acados_nmpc_node]: [wcmd] raw=[+0.046,+0.077,-0.653] w=[+0.025,+0.014,-0.492] err=[+0.022,+0.063] scaled=[+0.133,+0.326] s=4.94
[INFO] [1789396133.320274392] [acados_nmpc_node]: [attach-window] t=25.25s pos_err=0.071m T=22.80N z=6.068 m_est=2.345
[INFO] [1789396133.374441564] [acados_nmpc_node]: [attach-window] t=25.30s pos_err=0.061m T=22.88N z=6.070 m_est=2.344
[INFO] [1789396133.420284233] [acados_nmpc_node]: [attach-window] t=25.35s pos_err=0.073m T=22.85N z=6.073 m_est=2.344
[INFO] [1789396133.474287981] [acados_nmpc_node]: [attach-window] t=25.40s pos_err=0.061m T=22.94N z=6.075 m_est=2.343
[INFO] [1789396133.474716458] [acados_nmpc_node]: [wcmd] raw=[+0.059,+0.048,-0.514] w=[+0.043,+0.033,-0.617] err=[+0.016,+0.015] scaled=[+0.122,+0.108] s=4.91
[INFO] [1789396133.520316732] [acados_nmpc_node]: [attach-window] t=25.45s pos_err=0.078m T=22.91N z=6.079 m_est=2.343
[INFO] [1789396133.574561721] [acados_nmpc_node]: [attach-window] t=25.50s pos_err=0.063m T=23.00N z=6.081 m_est=2.342
[INFO] [1789396133.620397937] [acados_nmpc_node]: [attach-window] t=25.55s pos_err=0.077m T=22.98N z=6.084 m_est=2.341
[INFO] [1789396133.674582705] [acados_nmpc_node]: [attach-window] t=25.60s pos_err=0.061m T=23.08N z=6.086 m_est=2.341
[INFO] [1789396133.675025710] [acados_nmpc_node]: [wcmd] raw=[+0.068,+0.063,-0.334] w=[+0.053,+0.017,-0.608] err=[+0.016,+0.046] scaled=[+0.130,+0.240] s=4.89
[INFO] [1789396133.720572467] [acados_nmpc_node]: [attach-window] t=25.65s pos_err=0.081m T=23.02N z=6.090 m_est=2.340
[INFO] [1789396133.774556833] [acados_nmpc_node]: [attach-window] t=25.70s pos_err=0.062m T=23.13N z=6.092 m_est=2.340
[INFO] [1789396133.820496759] [acados_nmpc_node]: [attach-window] t=25.75s pos_err=0.077m T=23.04N z=6.096 m_est=2.339
[INFO] [1789396133.874722945] [acados_nmpc_node]: [attach-window] t=25.80s pos_err=0.057m T=23.13N z=6.098 m_est=2.339
[INFO] [1789396133.875143031] [acados_nmpc_node]: [wcmd] raw=[+0.067,+0.051,-0.192] w=[+0.060,-0.016,-0.511] err=[+0.008,+0.067] scaled=[+0.098,+0.310] s=4.87
[INFO] [1789396133.920493322] [acados_nmpc_node]: [attach-window] t=25.85s pos_err=0.079m T=23.04N z=6.102 m_est=2.338
[INFO] [1789396133.974818796] [acados_nmpc_node]: [attach-window] t=25.90s pos_err=0.056m T=23.14N z=6.104 m_est=2.338
[INFO] [1789396134.020318747] [acados_nmpc_node]: [attach-window] t=25.95s pos_err=0.072m T=23.06N z=6.107 m_est=2.337
[INFO] [1789396134.074456895] [acados_nmpc_node]: [attach-window] t=26.00s pos_err=0.049m T=23.19N z=6.109 m_est=2.336
[INFO] [1789396134.074955371] [acados_nmpc_node]: t=26.0s | pos_err=0.049m | T=23.19N | tau=[r-0.327 p0.209 y0.093]Nm | res_stat=5.403e-07(peak 9.862e-07) sqp_iter=4 | solve=1.9ms
[INFO] [1789396134.075166206] [acados_nmpc_node]: [flight-diag] t=26.0s | om_scale=4.846(lo 4.846 hi 5.000) | tilt_max=5.48deg | w_max=[r0.063 p0.088 y1.026]rad/s | u_frac=[T0.740 r0.744 p0.525 y1.000] | u_sat=[T0.0 r0.0 p0.0 y23.0]% | mot_peak=0.957 mot_sat=0.0% | health=1 age=0.000s conf=0.000 | n=100
[INFO] [1789396134.075579615] [acados_nmpc_node]: [wcmd] raw=[+0.069,+0.056,-0.107] w=[+0.063,+0.030,-0.331] err=[+0.006,+0.026] scaled=[+0.093,+0.158] s=4.84
[INFO] [1789396134.120206748] [acados_nmpc_node]: [attach-window] t=26.05s pos_err=0.072m T=23.08N z=6.114 m_est=2.335
[INFO] [1789396134.172120541] [acados_nmpc_node]: [attach-window] t=26.10s pos_err=0.048m T=23.19N z=6.116 m_est=2.334
[INFO] [1789396134.219292058] [acados_nmpc_node]: [attach-window] t=26.15s pos_err=0.063m T=23.09N z=6.120 m_est=2.333
[INFO] [1789396134.274629952] [acados_nmpc_node]: [attach-window] t=26.20s pos_err=0.039m T=23.20N z=6.123 m_est=2.333
[INFO] [1789396134.275038908] [acados_nmpc_node]: [wcmd] raw=[+0.076,+0.056,-0.114] w=[+0.068,-0.035,-0.233] err=[+0.008,+0.091] scaled=[+0.107,+0.404] s=4.81
[INFO] [1789396134.320146331] [acados_nmpc_node]: [attach-window] t=26.25s pos_err=0.063m T=23.09N z=6.128 m_est=2.332
[INFO] [1789396134.374387808] [acados_nmpc_node]: [attach-window] t=26.30s pos_err=0.037m T=23.21N z=6.131 m_est=2.331
[INFO] [1789396134.420085822] [acados_nmpc_node]: [attach-window] t=26.35s pos_err=0.053m T=23.08N z=6.137 m_est=2.330
[INFO] [1789396134.474833988] [acados_nmpc_node]: [attach-window] t=26.40s pos_err=0.033m T=23.20N z=6.140 m_est=2.330
[INFO] [1789396134.475265113] [acados_nmpc_node]: [wcmd] raw=[+0.092,+0.044,-0.188] w=[+0.080,-0.018,-0.147] err=[+0.012,+0.062] scaled=[+0.139,+0.277] s=4.78
[INFO] [1789396134.520090703] [acados_nmpc_node]: [attach-window] t=26.45s pos_err=0.052m T=23.05N z=6.147 m_est=2.329
[INFO] [1789396134.575086725] [acados_nmpc_node]: [attach-window] t=26.50s pos_err=0.031m T=23.17N z=6.151 m_est=2.329
[INFO] [1789396134.620294827] [acados_nmpc_node]: [attach-window] t=26.55s pos_err=0.042m T=23.05N z=6.158 m_est=2.329
[INFO] [1789396134.675126054] [acados_nmpc_node]: [attach-window] t=26.60s pos_err=0.031m T=23.13N z=6.163 m_est=2.329
[INFO] [1789396134.675558398] [acados_nmpc_node]: [wcmd] raw=[+0.092,+0.000,-0.304] w=[+0.096,-0.037,-0.152] err=[-0.004,+0.037] scaled=[+0.076,+0.139] s=4.74
[INFO] [1789396134.719578665] [acados_nmpc_node]: [attach-window] t=26.65s pos_err=0.043m T=23.04N z=6.170 m_est=2.329
[INFO] [1789396134.774788378] [acados_nmpc_node]: [attach-window] t=26.70s pos_err=0.033m T=23.19N z=6.174 m_est=2.329
[INFO] [1789396134.820264051] [acados_nmpc_node]: [attach-window] t=26.75s pos_err=0.035m T=23.09N z=6.181 m_est=2.330
[INFO] [1789396134.875153429] [acados_nmpc_node]: [attach-window] t=26.80s pos_err=0.040m T=23.20N z=6.185 m_est=2.330
[INFO] [1789396134.875586474] [acados_nmpc_node]: [wcmd] raw=[+0.092,+0.048,-0.429] w=[+0.086,-0.074,-0.235] err=[+0.006,+0.122] scaled=[+0.115,+0.501] s=4.72
[INFO] [1789396134.920423411] [acados_nmpc_node]: [attach-window] t=26.85s pos_err=0.036m T=23.05N z=6.194 m_est=2.331
[INFO] [1789396134.974831181] [acados_nmpc_node]: [attach-window] t=26.90s pos_err=0.041m T=23.19N z=6.199 m_est=2.331
[INFO] [1789396135.020416629] [acados_nmpc_node]: [attach-window] t=26.95s pos_err=0.034m T=23.01N z=6.208 m_est=2.332
[INFO] [1789396135.074965559] [acados_nmpc_node]: [attach-window] t=27.00s pos_err=0.042m T=23.09N z=6.213 m_est=2.333
[INFO] [1789396135.075396923] [acados_nmpc_node]: [wcmd] raw=[+0.068,-0.038,-0.538] w=[+0.071,-0.061,-0.331] err=[-0.004,+0.024] scaled=[+0.054,+0.050] s=4.70
[INFO] [1789396135.120538379] [acados_nmpc_node]: [attach-window] t=27.05s pos_err=0.038m T=22.97N z=6.223 m_est=2.334
[INFO] [1789396135.173209000] [acados_nmpc_node]: [attach-window] t=27.10s pos_err=0.051m T=23.09N z=6.228 m_est=2.334
[INFO] [1789396135.220463875] [acados_nmpc_node]: [attach-window] t=27.15s pos_err=0.042m T=22.96N z=6.239 m_est=2.335
[INFO] [1789396135.275049717] [acados_nmpc_node]: [attach-window] t=27.20s pos_err=0.055m T=23.10N z=6.244 m_est=2.336
[INFO] [1789396135.275466781] [acados_nmpc_node]: [wcmd] raw=[+0.080,+0.007,-0.598] w=[+0.067,-0.053,-0.428] err=[+0.013,+0.060] scaled=[+0.129,+0.227] s=4.69
[INFO] [1789396135.320585691] [acados_nmpc_node]: [attach-window] t=27.25s pos_err=0.045m T=22.96N z=6.254 m_est=2.337
[INFO] [1789396135.375160085] [acados_nmpc_node]: [attach-window] t=27.30s pos_err=0.068m T=23.09N z=6.259 m_est=2.337
[INFO] [1789396135.420727192] [acados_nmpc_node]: [attach-window] t=27.35s pos_err=0.052m T=22.97N z=6.270 m_est=2.338
[INFO] [1789396135.475792433] [acados_nmpc_node]: [attach-window] t=27.40s pos_err=0.082m T=23.06N z=6.276 m_est=2.339
[INFO] [1789396135.476220878] [acados_nmpc_node]: [wcmd] raw=[+0.097,+0.046,-0.637] w=[+0.068,-0.062,-0.523] err=[+0.029,+0.108] scaled=[+0.206,+0.445] s=4.70
[INFO] [1789396135.521014822] [acados_nmpc_node]: [attach-window] t=27.45s pos_err=0.059m T=22.92N z=6.288 m_est=2.339
[INFO] [1789396135.575547096] [acados_nmpc_node]: [attach-window] t=27.50s pos_err=0.085m T=23.05N z=6.294 m_est=2.340
[INFO] [1789396135.620871037] [acados_nmpc_node]: [attach-window] t=27.55s pos_err=0.069m T=22.88N z=6.306 m_est=2.340
[INFO] [1789396135.673109367] [acados_nmpc_node]: [attach-window] t=27.60s pos_err=0.098m T=22.98N z=6.312 m_est=2.340
[INFO] [1789396135.673450127] [acados_nmpc_node]: [wcmd] raw=[+0.071,+0.021,-0.643] w=[+0.062,-0.066,-0.601] err=[+0.009,+0.086] scaled=[+0.106,+0.342] s=4.72
[INFO] [1789396135.720988975] [acados_nmpc_node]: [attach-window] t=27.65s pos_err=0.078m T=22.80N z=6.326 m_est=2.341
[INFO] [1789396135.775681919] [acados_nmpc_node]: [attach-window] t=27.70s pos_err=0.104m T=22.92N z=6.332 m_est=2.341
[INFO] [1789396135.820800919] [acados_nmpc_node]: [attach-window] t=27.75s pos_err=0.090m T=22.79N z=6.344 m_est=2.341
[INFO] [1789396135.875654280] [acados_nmpc_node]: [attach-window] t=27.80s pos_err=0.118m T=22.91N z=6.351 m_est=2.341
[INFO] [1789396135.876074606] [acados_nmpc_node]: [wcmd] raw=[+0.068,+0.033,-0.608] w=[+0.040,-0.047,-0.628] err=[+0.028,+0.079] scaled=[+0.173,+0.329] s=4.73
[INFO] [1789396135.920853541] [acados_nmpc_node]: [attach-window] t=27.85s pos_err=0.099m T=22.75N z=6.365 m_est=2.341
[INFO] [1789396135.975549343] [acados_nmpc_node]: [attach-window] t=27.90s pos_err=0.122m T=22.88N z=6.372 m_est=2.341
[INFO] [1789396136.020876539] [acados_nmpc_node]: [attach-window] t=27.95s pos_err=0.111m T=22.72N z=6.384 m_est=2.340
[INFO] [1789396136.101658097] [acados_nmpc_node]: [attach-window] t=28.00s pos_err=0.135m T=22.81N z=6.391 m_est=2.340
[INFO] [1789396136.102117675] [acados_nmpc_node]: [wcmd] raw=[+0.083,+0.011,-0.554] w=[+0.044,-0.072,-0.637] err=[+0.039,+0.083] scaled=[+0.230,+0.323] s=4.74
[INFO] [1789396136.120807616] [acados_nmpc_node]: [attach-window] t=28.05s pos_err=0.119m T=22.75N z=6.404 m_est=2.340
[INFO] [1789396136.175551928] [acados_nmpc_node]: [attach-window] t=28.10s pos_err=0.139m T=22.79N z=6.410 m_est=2.339
[INFO] [1789396136.219972442] [acados_nmpc_node]: [attach-window] t=28.15s pos_err=0.127m T=22.75N z=6.423 m_est=2.339
[INFO] [1789396136.301499746] [acados_nmpc_node]: [attach-window] t=28.20s pos_err=0.142m T=22.84N z=6.429 m_est=2.339
[INFO] [1789396136.307552205] [acados_nmpc_node]: [wcmd] raw=[+0.066,+0.013,-0.498] w=[+0.045,-0.039,-0.572] err=[+0.022,+0.052] scaled=[+0.147,+0.210] s=4.74
[INFO] [1789396136.320713298] [acados_nmpc_node]: [attach-window] t=28.25s pos_err=0.134m T=22.82N z=6.440 m_est=2.338
[INFO] [1789396136.375484187] [acados_nmpc_node]: [attach-window] t=28.30s pos_err=0.153m T=22.76N z=6.445 m_est=2.338
[INFO] [1789396136.420869646] [acados_nmpc_node]: [attach-window] t=28.35s pos_err=0.142m T=22.88N z=6.456 m_est=2.337
[INFO] [1789396136.475803043] [acados_nmpc_node]: [attach-window] t=28.40s pos_err=0.164m T=22.82N z=6.461 m_est=2.336
[INFO] [1789396136.507604130] [acados_nmpc_node]: [wcmd] raw=[+0.088,+0.059,-0.460] w=[+0.047,+0.012,-0.495] err=[+0.040,+0.048] scaled=[+0.238,+0.237] s=4.75
[INFO] [1789396136.520889261] [acados_nmpc_node]: [attach-window] t=28.45s pos_err=0.145m T=22.97N z=6.472 m_est=2.335
[INFO] [1789396136.575351307] [acados_nmpc_node]: [attach-window] t=28.50s pos_err=0.165m T=23.12N z=6.477 m_est=2.335
[INFO] [1789396136.619935367] [acados_nmpc_node]: [attach-window] t=28.55s pos_err=0.149m T=22.97N z=6.487 m_est=2.333
[INFO] [1789396136.675755671] [acados_nmpc_node]: [attach-window] t=28.60s pos_err=0.173m T=23.02N z=6.492 m_est=2.333
[INFO] [1789396136.707700438] [acados_nmpc_node]: [wcmd] raw=[+0.081,+0.025,-0.455] w=[+0.050,-0.040,-0.494] err=[+0.031,+0.065] scaled=[+0.198,+0.267] s=4.75
[INFO] [1789396136.720695772] [acados_nmpc_node]: [attach-window] t=28.65s pos_err=0.147m T=22.84N z=6.504 m_est=2.331
[INFO] [1789396136.775798401] [acados_nmpc_node]: [attach-window] t=28.70s pos_err=0.168m T=22.92N z=6.509 m_est=2.330
[INFO] [1789396136.820745407] [acados_nmpc_node]: [attach-window] t=28.75s pos_err=0.147m T=22.76N z=6.520 m_est=2.329
[INFO] [1789396136.875527801] [acados_nmpc_node]: [attach-window] t=28.80s pos_err=0.173m T=22.79N z=6.525 m_est=2.328
[INFO] [1789396136.907627109] [acados_nmpc_node]: [wcmd] raw=[+0.100,-0.012,-0.450] w=[+0.066,-0.088,-0.489] err=[+0.033,+0.076] scaled=[+0.224,+0.271] s=4.73
[INFO] [1789396136.920919284] [acados_nmpc_node]: [attach-window] t=28.85s pos_err=0.141m T=22.69N z=6.537 m_est=2.327
[INFO] [1789396136.975661755] [acados_nmpc_node]: [attach-window] t=28.90s pos_err=0.166m T=22.82N z=6.542 m_est=2.327
[INFO] [1789396137.020694156] [acados_nmpc_node]: [attach-window] t=28.95s pos_err=0.141m T=22.69N z=6.551 m_est=2.326
[INFO] [1789396137.075854939] [acados_nmpc_node]: [attach-window] t=29.00s pos_err=0.171m T=22.75N z=6.556 m_est=2.325
[INFO] [1789396137.107705539] [acados_nmpc_node]: [wcmd] raw=[+0.071,-0.038,-0.443] w=[+0.070,-0.117,-0.478] err=[+0.001,+0.080] scaled=[+0.075,+0.258] s=4.71
[INFO] [1789396137.120868860] [acados_nmpc_node]: [attach-window] t=29.05s pos_err=0.134m T=22.67N z=6.566 m_est=2.324
[INFO] [1789396137.175632908] [acados_nmpc_node]: [attach-window] t=29.10s pos_err=0.163m T=22.77N z=6.570 m_est=2.324
[INFO] [1789396137.220677218] [acados_nmpc_node]: [attach-window] t=29.15s pos_err=0.134m T=22.69N z=6.578 m_est=2.324
[INFO] [1789396137.275974188] [acados_nmpc_node]: [attach-window] t=29.20s pos_err=0.169m T=22.76N z=6.582 m_est=2.323
[INFO] [1789396137.307645053] [acados_nmpc_node]: [wcmd] raw=[+0.044,-0.053,-0.434] w=[+0.021,-0.117,-0.459] err=[+0.023,+0.064] scaled=[+0.127,+0.182] s=4.68
[INFO] [1789396137.320705800] [acados_nmpc_node]: [attach-window] t=29.25s pos_err=0.126m T=22.70N z=6.591 m_est=2.323
[INFO] [1789396137.376015921] [acados_nmpc_node]: [attach-window] t=29.30s pos_err=0.159m T=22.81N z=6.594 m_est=2.323
[INFO] [1789396137.420706266] [acados_nmpc_node]: [attach-window] t=29.35s pos_err=0.118m T=22.66N z=6.602 m_est=2.322
[INFO] [1789396137.476793037] [acados_nmpc_node]: [attach-window] t=29.40s pos_err=0.166m T=22.75N z=6.604 m_est=2.322
[INFO] [1789396137.507708843] [acados_nmpc_node]: [wcmd] raw=[+0.043,-0.076,-0.437] w=[+0.008,-0.164,-0.459] err=[+0.035,+0.088] scaled=[+0.171,+0.245] s=4.65
[INFO] [1789396137.520691123] [acados_nmpc_node]: [attach-window] t=29.45s pos_err=0.119m T=22.64N z=6.612 m_est=2.322
[INFO] [1789396137.576374238] [acados_nmpc_node]: [attach-window] t=29.50s pos_err=0.156m T=22.62N z=6.615 m_est=2.322
[INFO] [1789396137.620838126] [acados_nmpc_node]: [attach-window] t=29.55s pos_err=0.121m T=22.65N z=6.621 m_est=2.321
[INFO] [1789396137.676223775] [acados_nmpc_node]: [attach-window] t=29.60s pos_err=0.161m T=22.70N z=6.624 m_est=2.321
[INFO] [1789396137.707650238] [acados_nmpc_node]: [wcmd] raw=[+0.050,-0.066,-0.453] w=[+0.018,-0.117,-0.405] err=[+0.032,+0.050] scaled=[+0.165,+0.117] s=4.63
[INFO] [1789396137.720984923] [acados_nmpc_node]: [attach-window] t=29.65s pos_err=0.113m T=22.72N z=6.629 m_est=2.320
[INFO] [1789396137.776489169] [acados_nmpc_node]: [attach-window] t=29.70s pos_err=0.150m T=22.78N z=6.632 m_est=2.320
[INFO] [1789396137.820971731] [acados_nmpc_node]: [attach-window] t=29.75s pos_err=0.115m T=22.73N z=6.636 m_est=2.319
[INFO] [1789396137.877214402] [acados_nmpc_node]: [attach-window] t=29.80s pos_err=0.157m T=22.71N z=6.639 m_est=2.319
[INFO] [1789396137.907644359] [acados_nmpc_node]: [wcmd] raw=[+0.052,-0.096,-0.513] w=[+0.018,-0.185,-0.446] err=[+0.034,+0.089] scaled=[+0.175,+0.227] s=4.61
[INFO] [1789396137.921029997] [acados_nmpc_node]: [attach-window] t=29.85s pos_err=0.105m T=22.74N z=6.643 m_est=2.319
[INFO] [1789396137.976311917] [acados_nmpc_node]: [attach-window] t=29.90s pos_err=0.144m T=22.74N z=6.645 m_est=2.318
[INFO] [1789396138.021258940] [acados_nmpc_node]: [attach-window] t=29.95s pos_err=0.108m T=22.76N z=6.649 m_est=2.318
[INFO] [1789396138.076302860] [acados_nmpc_node]: [attach-window] t=30.00s pos_err=0.150m T=22.77N z=6.651 m_est=2.319
[INFO] [1789396138.107622320] [acados_nmpc_node]: [wcmd] raw=[+0.054,-0.094,-0.589] w=[+0.026,-0.141,-0.446] err=[+0.028,+0.047] scaled=[+0.154,+0.077] s=4.60
[INFO] [1789396138.121134281] [acados_nmpc_node]: [attach-window] t=30.05s pos_err=0.098m T=22.82N z=6.653 m_est=2.319
[INFO] [1789396138.176050606] [acados_nmpc_node]: [attach-window] t=30.10s pos_err=0.138m T=22.85N z=6.654 m_est=2.320
[INFO] [1789396138.225339876] [acados_nmpc_node]: [attach-window] t=30.15s pos_err=0.102m T=22.87N z=6.656 m_est=2.321
[INFO] [1789396138.279150948] [acados_nmpc_node]: [attach-window] t=30.20s pos_err=0.144m T=22.84N z=6.657 m_est=2.322
[INFO] [1789396138.307585153] [acados_nmpc_node]: [wcmd] raw=[+0.059,-0.108,-0.702] w=[+0.027,-0.166,-0.521] err=[+0.033,+0.058] scaled=[+0.178,+0.099] s=4.60
[INFO] [1789396138.323434124] [acados_nmpc_node]: [attach-window] t=30.25s pos_err=0.093m T=22.93N z=6.658 m_est=2.323
[INFO] [1789396138.390734437] [acados_nmpc_node]: [attach-window] t=30.30s pos_err=0.134m T=22.91N z=6.658 m_est=2.324
[INFO] [1789396138.428409504] [acados_nmpc_node]: [attach-window] t=30.35s pos_err=0.099m T=22.96N z=6.659 m_est=2.326
[INFO] [1789396138.490557051] [acados_nmpc_node]: [attach-window] t=30.40s pos_err=0.140m T=22.89N z=6.660 m_est=2.327
[INFO] [1789396138.563075689] [acados_nmpc_node]: [attach-window] t=30.45s pos_err=0.093m T=22.99N z=6.660 m_est=2.328
[INFO] [1789396138.583472898] [acados_nmpc_node]: [attach-window] t=30.50s pos_err=0.130m T=22.95N z=6.660 m_est=2.328
[INFO] [1789396138.583784045] [acados_nmpc_node]: [wcmd] raw=[+0.034,-0.107,-0.893] w=[+0.018,-0.137,-0.626] err=[+0.016,+0.030] scaled=[+0.091,+0.000] s=4.59
[INFO] [1789396138.653016067] [acados_nmpc_node]: [attach-window] t=30.55s pos_err=0.101m T=23.01N z=6.659 m_est=2.329
[INFO] [1789396138.683156512] [acados_nmpc_node]: [attach-window] t=30.60s pos_err=0.138m T=23.01N z=6.659 m_est=2.329
[INFO] [1789396138.720291818] [acados_nmpc_node]: [attach-window] t=30.65s pos_err=0.097m T=22.99N z=6.658 m_est=2.329
[INFO] [1789396138.773420856] [acados_nmpc_node]: [attach-window] t=30.70s pos_err=0.131m T=22.97N z=6.657 m_est=2.329
[INFO] [1789396138.787754257] [acados_nmpc_node]: [wcmd] raw=[+0.015,-0.114,-1.110] w=[+0.007,-0.146,-0.803] err=[+0.008,+0.032] scaled=[+0.043,+0.000] s=4.59
[INFO] [1789396138.820323756] [acados_nmpc_node]: [attach-window] t=30.75s pos_err=0.105m T=22.92N z=6.656 m_est=2.328
[INFO] [1789396138.875718925] [acados_nmpc_node]: [attach-window] t=30.80s pos_err=0.139m T=22.83N z=6.655 m_est=2.327
[INFO] [1789396138.921007159] [acados_nmpc_node]: [attach-window] t=30.85s pos_err=0.101m T=22.90N z=6.653 m_est=2.325
[INFO] [1789396138.984932082] [acados_nmpc_node]: [attach-window] t=30.90s pos_err=0.131m T=22.90N z=6.652 m_est=2.324
[INFO] [1789396138.987528775] [acados_nmpc_node]: [wcmd] raw=[+0.061,-0.072,-1.332] w=[+0.023,-0.096,-0.944] err=[+0.038,+0.024] scaled=[+0.199,+0.012] s=4.59
[INFO] [1789396139.020820696] [acados_nmpc_node]: [attach-window] t=30.95s pos_err=0.106m T=22.90N z=6.648 m_est=2.322
[INFO] [1789396139.075802744] [acados_nmpc_node]: [attach-window] t=31.00s pos_err=0.134m T=22.90N z=6.646 m_est=2.320
[INFO] [1789396139.076283293] [acados_nmpc_node]: t=31.0s | pos_err=0.134m | T=22.90N | tau=[r-0.227 p0.480 y-0.172]Nm | res_stat=4.939e-07(peak 9.951e-07) sqp_iter=6 | solve=3.1ms
[INFO] [1789396139.076486766] [acados_nmpc_node]: [flight-diag] t=31.0s | om_scale=4.587(lo 4.587 hi 4.835) | tilt_max=11.25deg | w_max=[r0.096 p0.208 y1.009]rad/s | u_frac=[T0.740 r0.848 p1.000 y0.861] | u_sat=[T0.0 r0.0 p31.0 y0.0]% | mot_peak=0.933 mot_sat=0.0% | health=1 age=0.000s conf=0.000 | n=100
[INFO] [1789396139.126809718] [acados_nmpc_node]: [attach-window] t=31.05s pos_err=0.102m T=22.90N z=6.641 m_est=2.318
[INFO] [1789396139.179105323] [acados_nmpc_node]: [attach-window] t=31.10s pos_err=0.127m T=22.92N z=6.639 m_est=2.317
[INFO] [1789396139.187544787] [acados_nmpc_node]: [wcmd] raw=[+0.066,-0.067,-1.544] w=[+0.049,-0.081,-1.151] err=[+0.016,+0.015] scaled=[+0.123,-0.014] s=4.58
[INFO] [1789396139.225993277] [acados_nmpc_node]: [attach-window] t=31.15s pos_err=0.106m T=22.90N z=6.633 m_est=2.315
[INFO] [1789396139.278977848] [acados_nmpc_node]: [attach-window] t=31.20s pos_err=0.128m T=22.93N z=6.630 m_est=2.313
[INFO] [1789396139.320998547] [acados_nmpc_node]: [attach-window] t=31.25s pos_err=0.103m T=22.93N z=6.622 m_est=2.312
[INFO] [1789396139.375845584] [acados_nmpc_node]: [attach-window] t=31.30s pos_err=0.121m T=22.98N z=6.619 m_est=2.311
[INFO] [1789396139.387618446] [acados_nmpc_node]: [wcmd] raw=[+0.041,-0.048,-1.634] w=[+0.022,-0.072,-1.379] err=[+0.019,+0.023] scaled=[+0.107,+0.035] s=4.55
[INFO] [1789396139.421241183] [acados_nmpc_node]: [attach-window] t=31.35s pos_err=0.105m T=22.97N z=6.611 m_est=2.311
[INFO] [1789396139.475692852] [acados_nmpc_node]: [attach-window] t=31.40s pos_err=0.121m T=23.04N z=6.607 m_est=2.311
[INFO] [1789396139.520880395] [acados_nmpc_node]: [attach-window] t=31.45s pos_err=0.102m T=23.05N z=6.597 m_est=2.312
[INFO] [1789396139.575274612] [acados_nmpc_node]: [attach-window] t=31.50s pos_err=0.112m T=23.14N z=6.593 m_est=2.313
[INFO] [1789396139.587508427] [acados_nmpc_node]: [wcmd] raw=[+0.057,-0.040,-1.514] w=[+0.003,-0.054,-1.530] err=[+0.054,+0.013] scaled=[+0.249,+0.007] s=4.53
[INFO] [1789396139.620356057] [acados_nmpc_node]: [attach-window] t=31.55s pos_err=0.100m T=23.14N z=6.584 m_est=2.314
[INFO] [1789396139.675000710] [acados_nmpc_node]: [attach-window] t=31.60s pos_err=0.107m T=23.22N z=6.579 m_est=2.315
[INFO] [1789396139.720382609] [acados_nmpc_node]: [attach-window] t=31.65s pos_err=0.096m T=23.22N z=6.568 m_est=2.317
[INFO] [1789396139.775089720] [acados_nmpc_node]: [attach-window] t=31.70s pos_err=0.096m T=23.31N z=6.563 m_est=2.319
[INFO] [1789396139.787564078] [acados_nmpc_node]: [wcmd] raw=[+0.084,-0.020,-1.201] w=[+0.037,-0.031,-1.530] err=[+0.047,+0.011] scaled=[+0.251,+0.021] s=4.52
[INFO] [1789396139.820592546] [acados_nmpc_node]: [attach-window] t=31.75s pos_err=0.089m T=23.27N z=6.553 m_est=2.320
[INFO] [1789396139.873167613] [acados_nmpc_node]: [attach-window] t=31.80s pos_err=0.087m T=23.34N z=6.548 m_est=2.322
[INFO] [1789396139.920491382] [acados_nmpc_node]: [attach-window] t=31.85s pos_err=0.083m T=23.26N z=6.537 m_est=2.323
[INFO] [1789396139.975428893] [acados_nmpc_node]: [attach-window] t=31.90s pos_err=0.074m T=23.32N z=6.532 m_est=2.324
[INFO] [1789396139.987662222] [acados_nmpc_node]: [wcmd] raw=[+0.080,+0.010,-0.873] w=[+0.051,-0.028,-1.372] err=[+0.030,+0.037] scaled=[+0.184,+0.141] s=4.52
[INFO] [1789396140.020667592] [acados_nmpc_node]: [attach-window] t=31.95s pos_err=0.070m T=23.18N z=6.523 m_est=2.325
[INFO] [1789396140.075530244] [acados_nmpc_node]: [attach-window] t=32.00s pos_err=0.061m T=23.19N z=6.518 m_est=2.325
[INFO] [1789396140.120517228] [acados_nmpc_node]: [attach-window] t=32.05s pos_err=0.062m T=23.05N z=6.510 m_est=2.325
[INFO] [1789396140.175173967] [acados_nmpc_node]: [attach-window] t=32.10s pos_err=0.054m T=23.10N z=6.506 m_est=2.325
[INFO] [1789396140.187615466] [acados_nmpc_node]: [wcmd] raw=[+0.041,+0.042,-0.576] w=[+0.033,-0.029,-1.112] err=[+0.008,+0.071] scaled=[+0.070,+0.293] s=4.54
[INFO] [1789396140.220577706] [acados_nmpc_node]: [attach-window] t=32.15s pos_err=0.047m T=22.94N z=6.497 m_est=2.324
[INFO] [1789396140.275423483] [acados_nmpc_node]: [attach-window] t=32.20s pos_err=0.057m T=22.95N z=6.493 m_est=2.323
[INFO] [1789396140.321094373] [acados_nmpc_node]: [attach-window] t=32.25s pos_err=0.038m T=22.78N z=6.484 m_est=2.322
[INFO] [1789396140.375986430] [acados_nmpc_node]: [attach-window] t=32.30s pos_err=0.054m T=22.86N z=6.480 m_est=2.321
[INFO] [1789396140.387596779] [acados_nmpc_node]: [wcmd] raw=[+0.009,+0.043,-0.255] w=[+0.003,+0.055,-0.765] err=[+0.006,-0.013] scaled=[+0.029,-0.002] s=4.56
[INFO] [1789396140.420901943] [acados_nmpc_node]: [attach-window] t=32.35s pos_err=0.029m T=22.67N z=6.471 m_est=2.320
[INFO] [1789396140.475691739] [acados_nmpc_node]: [attach-window] t=32.40s pos_err=0.072m T=22.72N z=6.467 m_est=2.319
[INFO] [1789396140.520843212] [acados_nmpc_node]: [attach-window] t=32.45s pos_err=0.025m T=22.57N z=6.456 m_est=2.318
[INFO] [1789396140.575794313] [acados_nmpc_node]: [attach-window] t=32.50s pos_err=0.076m T=22.63N z=6.452 m_est=2.317
[INFO] [1789396140.587584405] [acados_nmpc_node]: [wcmd] raw=[+0.005,+0.056,-0.016] w=[-0.000,-0.030,-0.487] err=[+0.005,+0.087] scaled=[+0.023,+0.364] s=4.56
[INFO] [1789396140.620871099] [acados_nmpc_node]: [attach-window] t=32.55s pos_err=0.037m T=22.53N z=6.442 m_est=2.317
[INFO] [1789396140.675542743] [acados_nmpc_node]: [attach-window] t=32.60s pos_err=0.100m T=22.62N z=6.437 m_est=2.316
[INFO] [1789396140.721071934] [acados_nmpc_node]: [attach-window] t=32.65s pos_err=0.039m T=22.49N z=6.426 m_est=2.315
[INFO] [1789396140.775598422] [acados_nmpc_node]: [attach-window] t=32.70s pos_err=0.103m T=22.61N z=6.421 m_est=2.315
[INFO] [1789396140.787491987] [acados_nmpc_node]: [wcmd] raw=[+0.019,+0.008,+0.236] w=[+0.013,-0.028,-0.175] err=[+0.006,+0.035] scaled=[+0.039,+0.133] s=4.54
[INFO] [1789396140.820872671] [acados_nmpc_node]: [attach-window] t=32.75s pos_err=0.059m T=22.44N z=6.410 m_est=2.315
[INFO] [1789396140.875406551] [acados_nmpc_node]: [attach-window] t=32.80s pos_err=0.127m T=22.44N z=6.405 m_est=2.315
[INFO] [1789396140.920679572] [acados_nmpc_node]: [attach-window] t=32.85s pos_err=0.062m T=22.43N z=6.393 m_est=2.315
[INFO] [1789396140.975595860] [acados_nmpc_node]: [attach-window] t=32.90s pos_err=0.129m T=22.48N z=6.387 m_est=2.315
[INFO] [1789396140.987562901] [acados_nmpc_node]: [wcmd] raw=[+0.028,+0.021,+0.225] w=[+0.027,-0.043,+0.088] err=[+0.002,+0.064] scaled=[+0.034,+0.248] s=4.53
[INFO] [1789396141.020670147] [acados_nmpc_node]: [attach-window] t=32.95s pos_err=0.083m T=22.50N z=6.375 m_est=2.315
[INFO] [1789396141.076062200] [acados_nmpc_node]: [attach-window] t=33.00s pos_err=0.153m T=22.52N z=6.369 m_est=2.315
[INFO] [1789396141.120402319] [acados_nmpc_node]: [attach-window] t=33.05s pos_err=0.086m T=22.61N z=6.355 m_est=2.316
[INFO] [1789396141.173531708] [acados_nmpc_node]: [attach-window] t=33.10s pos_err=0.151m T=22.62N z=6.349 m_est=2.316
[INFO] [1789396141.187431778] [acados_nmpc_node]: [wcmd] raw=[+0.012,+0.001,+0.113] w=[+0.028,-0.065,+0.214] err=[-0.016,+0.067] scaled=[-0.045,+0.236] s=4.52
[INFO] [1789396141.219464667] [acados_nmpc_node]: [attach-window] t=33.15s pos_err=0.108m T=22.65N z=6.336 m_est=2.317
[INFO] [1789396141.273517031] [acados_nmpc_node]: [attach-window] t=33.20s pos_err=0.176m T=22.11N z=6.330 m_est=2.317
[INFO] [1789396141.320776221] [acados_nmpc_node]: [attach-window] t=33.25s pos_err=0.112m T=22.75N z=6.315 m_est=2.318
[INFO] [1789396141.376531141] [acados_nmpc_node]: [attach-window] t=33.30s pos_err=0.182m T=21.74N z=6.309 m_est=2.318
[INFO] [1789396141.387549821] [acados_nmpc_node]: [wcmd] raw=[-0.025,-0.058,-0.033] w=[-0.017,-0.094,+0.195] err=[-0.008,+0.036] scaled=[-0.052,+0.067] s=4.52
[INFO] [1789396141.420838625] [acados_nmpc_node]: [attach-window] t=33.35s pos_err=0.113m T=23.22N z=6.292 m_est=2.318
[INFO] [1789396141.502372979] [acados_nmpc_node]: [attach-window] t=33.40s pos_err=0.205m T=16.84N z=6.286 m_est=2.319
[INFO] [1789396141.550474025] [acados_nmpc_node]: [attach-window] t=33.45s pos_err=0.132m T=18.28N z=6.268 m_est=2.318
[WARN] [1789396141.607054189] [acados_nmpc_node]: t=33.50s | KKT residual abnormal! res_stat=3.139e-05 res_eq=6.630e-13 res_ineq=0.000e+00 res_comp=9.216e-08 | sqp_iter=100 | peak res_stat=3.139e-05
[WARN] [1789396141.607458507] [acados_nmpc_node]: acados solve failed [status=2, 1 consecutive] | x_cur pos=[ 3.87029886 -2.7612493   6.25988054] vel=[-2.68393588  2.39258504 -0.29906097] |q|=1.0000
[INFO] [1789396141.607871985] [acados_nmpc_node]: [attach-window] t=33.50s pos_err=0.200m T=18.28N z=6.260 m_est=2.318
[INFO] [1789396141.637115512] [acados_nmpc_node]: [attach-window] t=33.55s pos_err=0.153m T=17.61N z=6.240 m_est=2.316
[WARN] [1789396141.705595843] [acados_nmpc_node]: t=33.60s | KKT residual abnormal! res_stat=9.357e-02 res_eq=2.494e-06 res_ineq=0.000e+00 res_comp=2.641e-07 | sqp_iter=100 | peak res_stat=9.357e-02
[WARN] [1789396141.705971698] [acados_nmpc_node]: acados solve failed [status=2, 1 consecutive] | x_cur pos=[ 3.61223364 -2.54038978  6.22778988] vel=[-2.67762017  2.48774862 -0.43343076] |q|=1.0000
[INFO] [1789396141.706376298] [acados_nmpc_node]: [attach-window] t=33.60s pos_err=0.224m T=17.61N z=6.228 m_est=2.315
[INFO] [1789396141.706673027] [acados_nmpc_node]: [wcmd] raw=[+0.137,-0.000,-0.350] w=[+0.144,-0.014,+0.140] err=[-0.006,+0.014] scaled=[+0.116,+0.048] s=4.51
[WARN] [1789396141.755401338] [acados_nmpc_node]: t=33.65s | KKT residual abnormal! res_stat=4.426e-06 res_eq=2.209e-13 res_ineq=0.000e+00 res_comp=1.624e-07 | sqp_iter=100 | peak res_stat=9.357e-02
[WARN] [1789396141.755766175] [acados_nmpc_node]: acados solve failed [status=2, 2 consecutive] | x_cur pos=[ 3.41969323 -2.36836791  6.19372892] vel=[-2.66493487  2.55442643 -0.54942864] |q|=1.0000
[INFO] [1789396141.756190041] [acados_nmpc_node]: [attach-window] t=33.65s pos_err=0.149m T=17.61N z=6.194 m_est=2.313
[INFO] [1789396141.779631604] [acados_nmpc_node]: [attach-window] t=33.70s pos_err=0.222m T=17.44N z=6.175 m_est=2.311
[INFO] [1789396141.827896725] [acados_nmpc_node]: [attach-window] t=33.75s pos_err=0.174m T=17.88N z=6.132 m_est=2.307
[INFO] [1789396141.893352703] [acados_nmpc_node]: [attach-window] t=33.80s pos_err=0.257m T=13.52N z=6.107 m_est=2.304
[INFO] [1789396141.933644826] [acados_nmpc_node]: [attach-window] t=33.85s pos_err=0.195m T=19.13N z=6.043 m_est=2.302
[INFO] [1789396141.934208088] [acados_nmpc_node]: [wcmd] raw=[-0.182,+0.115,-0.651] w=[+0.102,+0.063,-0.203] err=[-0.283,+0.052] scaled=[-1.165,+0.297] s=4.47
[INFO] [1789396141.982210851] [acados_nmpc_node]: [attach-window] t=33.90s pos_err=0.277m T=17.68N z=6.011 m_est=2.298
[INFO] [1789396142.040495649] [acados_nmpc_node]: [attach-window] t=33.95s pos_err=0.259m T=22.04N z=5.941 m_est=2.295
[INFO] [1789396142.088262127] [acados_nmpc_node]: [attach-window] t=34.00s pos_err=0.340m T=20.73N z=5.903 m_est=2.291
[INFO] [1789396142.137160082] [acados_nmpc_node]: [attach-window] t=34.05s pos_err=0.335m T=29.81N z=5.813 m_est=2.288
[INFO] [1789396142.147558480] [acados_nmpc_node]: [wcmd] raw=[-0.617,-0.047,+0.285] w=[-0.535,+0.151,-0.492] err=[-0.082,-0.199] scaled=[-0.895,-0.722] s=4.39
[INFO] [1789396142.187460301] [acados_nmpc_node]: [attach-window] t=34.10s pos_err=0.408m T=31.21N z=5.772 m_est=2.281
[WARN] [1789396142.262505624] [acados_nmpc_node]: t=34.15s | KKT residual abnormal! res_stat=2.012e-06 res_eq=8.882e-16 res_ineq=0.000e+00 res_comp=1.612e-07 | sqp_iter=100 | peak res_stat=9.357e-02
[WARN] [1789396142.262877561] [acados_nmpc_node]: acados solve failed [status=2, 1 consecutive] | x_cur pos=[ 2.1025846  -1.03915811  5.69055748] vel=[-2.67957425  3.02231932 -1.14936864] |q|=1.0000
[INFO] [1789396142.263292095] [acados_nmpc_node]: [attach-window] t=34.15s pos_err=0.429m T=31.21N z=5.691 m_est=2.277
[INFO] [1789396142.302442952] [acados_nmpc_node]: [attach-window] t=34.20s pos_err=0.491m T=30.85N z=5.653 m_est=2.265
[INFO] [1789396142.351685026] [acados_nmpc_node]: [attach-window] t=34.25s pos_err=0.506m T=29.20N z=5.576 m_est=2.257
[WARN] [1789396142.352116618] [acados_nmpc_node]: [omega_scale] body-rate headroom limited scale 4.24->3.83 (guard ±1.90, hard ±2.00rad/s)
[WARN] [1789396142.370657173] [acados_nmpc_node]: [payload-health] unhealthy/stale; holding model and confidence timer (mhe_healthy=False, solution_age=0.124s, rx_age=infs)
[INFO] [1789396142.379180146] [acados_nmpc_node]: [attach-window] t=34.30s pos_err=0.553m T=22.88N z=5.544 m_est=2.257
[INFO] [1789396142.433200760] [acados_nmpc_node]: [attach-window] t=34.35s pos_err=0.569m T=19.55N z=5.487 m_est=2.257
[INFO] [1789396142.433745075] [acados_nmpc_node]: [wcmd] raw=[+0.150,-0.250,+0.417] w=[-0.476,-0.365,-0.212] err=[+0.627,+0.115] scaled=[+1.900,+0.071] s=4.16
[INFO] [1789396142.472751817] [acados_nmpc_node]: [payload-health] healthy/fresh; model updates enabled
[INFO] [1789396142.496819504] [acados_nmpc_node]: [attach-window] t=34.40s pos_err=0.611m T=19.23N z=5.460 m_est=2.238
[INFO] [1789396142.527615648] [acados_nmpc_node]: [attach-window] t=34.45s pos_err=0.625m T=28.14N z=5.397 m_est=2.224
[WARN] [1789396142.572496298] [acados_nmpc_node]: [payload-health] unhealthy/stale; holding model and confidence timer (mhe_healthy=False, solution_age=0.120s, rx_age=infs)
[WARN] [1789396142.617376659] [acados_nmpc_node]: t=34.50s | KKT residual abnormal! res_stat=2.813e-06 res_eq=2.109e-15 res_ineq=0.000e+00 res_comp=5.333e-08 | sqp_iter=100 | peak res_stat=9.357e-02
[WARN] [1789396142.617751145] [acados_nmpc_node]: acados solve failed [status=2, 1 consecutive] | x_cur pos=[ 1.13332665 -0.03658075  5.36856985] vel=[-2.9897058   3.06095338 -0.94382632] |q|=1.0000
[INFO] [1789396142.618169270] [acados_nmpc_node]: [attach-window] t=34.50s pos_err=0.661m T=28.14N z=5.369 m_est=2.224
[INFO] [1789396142.633648790] [acados_nmpc_node]: [attach-window] t=34.55s pos_err=0.729m T=21.32N z=5.369 m_est=2.224
[INFO] [1789396142.704427310] [acados_nmpc_node]: [attach-window] t=34.60s pos_err=0.714m T=23.10N z=5.279 m_est=2.224
[INFO] [1789396142.707653799] [acados_nmpc_node]: [wcmd] raw=[+0.969,-0.220,-0.392] w=[+0.289,-0.324,+0.489] err=[+0.680,+0.104] scaled=[+1.900,-0.078] s=3.82
[INFO] [1789396142.734128173] [acados_nmpc_node]: [attach-window] t=34.65s pos_err=0.737m T=23.91N z=5.234 m_est=2.224
[INFO] [1789396142.784625458] [acados_nmpc_node]: [attach-window] t=34.70s pos_err=0.758m T=24.26N z=5.212 m_est=2.224
[WARN] [1789396142.858338401] [acados_nmpc_node]: t=34.75s | KKT residual abnormal! res_stat=4.146e-06 res_eq=1.776e-15 res_ineq=0.000e+00 res_comp=4.993e-08 | sqp_iter=100 | peak res_stat=9.357e-02
[WARN] [1789396142.858703175] [acados_nmpc_node]: acados solve failed [status=2, 1 consecutive] | x_cur pos=[0.26747406 0.72729945 5.16727829] vel=[-3.13910651  2.89746284 -0.65343457] |q|=1.0000
[INFO] [1789396142.859090420] [acados_nmpc_node]: [attach-window] t=34.75s pos_err=0.781m T=24.26N z=5.167 m_est=2.224
[INFO] [1789396142.900986601] [acados_nmpc_node]: [attach-window] t=34.80s pos_err=0.795m T=22.29N z=5.153 m_est=2.224
[INFO] [1789396142.932229814] [acados_nmpc_node]: [attach-window] t=34.85s pos_err=0.813m T=23.85N z=5.116 m_est=2.224
[INFO] [1789396142.947517838] [acados_nmpc_node]: [wcmd] raw=[+0.494,-0.200,-0.336] w=[+0.778,-0.259,+0.327] err=[-0.285,+0.059] scaled=[-0.252,-0.047] s=3.62
[INFO] [1789396142.978646122] [acados_nmpc_node]: [attach-window] t=34.90s pos_err=0.823m T=21.42N z=5.101 m_est=2.224
[INFO] [1789396143.017289553] [acados_nmpc_node]: [payload-health] healthy/fresh; model updates enabled
[INFO] [1789396143.054866426] [acados_nmpc_node]: [attach-window] t=34.95s pos_err=0.837m T=17.55N z=5.072 m_est=2.224
[INFO] [1789396143.090907412] [acados_nmpc_node]: [attach-window] t=35.00s pos_err=0.846m T=13.19N z=5.058 m_est=2.224
[INFO] [1789396143.132496978] [acados_nmpc_node]: [attach-window] t=35.05s pos_err=0.863m T=7.06N z=5.024 m_est=2.229
[INFO] [1789396143.197365578] [acados_nmpc_node]: [attach-window] t=35.10s pos_err=0.871m T=9.43N z=5.007 m_est=2.232
[INFO] [1789396143.207547410] [acados_nmpc_node]: [wcmd] raw=[-0.261,+0.358,-0.818] w=[+0.171,-0.058,-0.075] err=[-0.432,+0.416] scaled=[-1.338,+1.397] s=3.50
[INFO] [1789396143.235892755] [acados_nmpc_node]: [attach-window] t=35.15s pos_err=0.899m T=14.82N z=4.964 m_est=2.235
[INFO] [1789396143.312581068] [acados_nmpc_node]: [attach-window] t=35.20s pos_err=0.919m T=21.45N z=4.931 m_est=2.237
[INFO] [1789396143.332515366] [acados_nmpc_node]: [attach-window] t=35.25s pos_err=0.965m T=28.85N z=4.871 m_est=2.236
[INFO] [1789396143.379675087] [acados_nmpc_node]: [attach-window] t=35.30s pos_err=0.985m T=31.35N z=4.840 m_est=2.235
[INFO] [1789396143.438742144] [acados_nmpc_node]: [attach-window] t=35.35s pos_err=1.036m T=31.35N z=4.775 m_est=2.225
[INFO] [1789396143.447559566] [acados_nmpc_node]: [wcmd] raw=[-0.740,-0.622,-0.351] w=[-0.538,+0.467,-0.403] err=[-0.202,-1.089] scaled=[-0.977,-1.900] s=3.46
[INFO] [1789396143.479432597] [acados_nmpc_node]: [attach-window] t=35.40s pos_err=1.056m T=31.35N z=4.744 m_est=2.218
[INFO] [1789396143.528222240] [acados_nmpc_node]: [attach-window] t=35.45s pos_err=1.118m T=31.35N z=4.673 m_est=2.212
[INFO] [1789396143.589619815] [acados_nmpc_node]: [attach-window] t=35.50s pos_err=1.142m T=31.35N z=4.638 m_est=2.198
[INFO] [1789396143.653253049] [acados_nmpc_node]: [attach-window] t=35.55s pos_err=1.207m T=31.35N z=4.568 m_est=2.187
[WARN] [1789396143.672289922] [acados_nmpc_node]: [payload-health] unhealthy/stale; holding model and confidence timer (mhe_healthy=False, solution_age=0.109s, rx_age=infs)
[INFO] [1789396143.703173976] [acados_nmpc_node]: [attach-window] t=35.60s pos_err=1.235m T=31.35N z=4.532 m_est=2.187
[INFO] [1789396143.707505133] [acados_nmpc_node]: [wcmd] raw=[-1.392,-0.789,-0.341] w=[-1.099,-0.998,-1.187] err=[-0.292,+0.209] scaled=[-1.900,-0.424] s=3.26
[WARN] [1789396143.745289104] [acados_nmpc_node]: t=35.65s | KKT residual abnormal! res_stat=9.103e-01 res_eq=7.688e-07 res_ineq=0.000e+00 res_comp=7.949e-07 | sqp_iter=100 | peak res_stat=9.103e-01
[WARN] [1789396143.745654540] [acados_nmpc_node]: acados solve failed [status=2, 1 consecutive] | x_cur pos=[-2.07766986  3.33074665  4.45447397] vel=[-2.25739336  2.96478081 -1.04368162] |q|=1.0000
[INFO] [1789396143.746045160] [acados_nmpc_node]: [attach-window] t=35.65s pos_err=1.312m T=31.35N z=4.454 m_est=2.187
[INFO] [1789396143.790895927] [acados_nmpc_node]: [attach-window] t=35.70s pos_err=1.339m T=31.35N z=4.420 m_est=2.187
[WARN] [1789396143.867571966] [acados_nmpc_node]: t=35.75s | KKT residual abnormal! res_stat=1.311e-05 res_eq=1.776e-15 res_ineq=0.000e+00 res_comp=4.531e-08 | sqp_iter=100 | peak res_stat=9.103e-01
[WARN] [1789396143.867947332] [acados_nmpc_node]: acados solve failed [status=2, 1 consecutive] | x_cur pos=[-2.28880382  3.60171795  4.34441328] vel=[-2.29666615  2.77851415 -1.24375713] |q|=1.0000
[INFO] [1789396143.868359351] [acados_nmpc_node]: [attach-window] t=35.75s pos_err=1.413m T=31.35N z=4.344 m_est=2.187
[WARN] [1789396143.921837838] [acados_nmpc_node]: t=35.80s | KKT residual abnormal! res_stat=6.515e-07 res_eq=8.882e-16 res_ineq=0.000e+00 res_comp=1.167e-07 | sqp_iter=99 | peak res_stat=9.103e-01
[INFO] [1789396143.922652916] [acados_nmpc_node]: [attach-window] t=35.80s pos_err=1.410m T=31.35N z=4.344 m_est=2.187
[WARN] [1789396143.970092625] [acados_nmpc_node]: t=35.85s | KKT residual abnormal! res_stat=3.644e-01 res_eq=4.034e-07 res_ineq=0.000e+00 res_comp=3.233e-09 | sqp_iter=100 | peak res_stat=9.103e-01
[WARN] [1789396143.970468777] [acados_nmpc_node]: acados solve failed [status=2, 1 consecutive] | x_cur pos=[-2.36078739  3.68691897  4.30346918] vel=[-2.30540752  2.6916573  -1.27898264] |q|=1.0000
[INFO] [1789396143.970864375] [acados_nmpc_node]: [attach-window] t=35.85s pos_err=1.452m T=31.35N z=4.303 m_est=2.187
[INFO] [1789396144.023060908] [acados_nmpc_node]: [attach-window] t=35.91s pos_err=1.504m T=31.35N z=4.251 m_est=2.187
[WARN] [1789396144.076171948] [acados_nmpc_node]: t=35.95s | KKT residual abnormal! res_stat=1.637e-05 res_eq=1.776e-15 res_ineq=0.000e+00 res_comp=3.821e-10 | sqp_iter=100 | peak res_stat=9.103e-01
[WARN] [1789396144.076556941] [acados_nmpc_node]: acados solve failed [status=2, 1 consecutive] | x_cur pos=[-2.52528787  3.86542773  4.20716381] vel=[-2.3301785   2.44378781 -1.34048223] |q|=1.0000
[INFO] [1789396144.076977215] [acados_nmpc_node]: [attach-window] t=35.95s pos_err=1.550m T=31.35N z=4.207 m_est=2.187
[INFO] [1789396144.131285516] [acados_nmpc_node]: [attach-window] t=36.01s pos_err=1.603m T=31.35N z=4.163 m_est=2.187
[INFO] [1789396144.131632277] [acados_nmpc_node]: t=36.0s | pos_err=1.603m | T=31.35N | tau=[r0.500 p0.500 y0.200]Nm | res_stat=2.522e-07(peak 9.103e-01) sqp_iter=92 | solve=49.4ms
[INFO] [1789396144.131783128] [acados_nmpc_node]: [flight-diag] t=36.0s | om_scale=3.044(lo 3.044 hi 4.586) | tilt_max=27.20deg | w_max=[r1.346 p1.238 y1.577]rad/s | u_frac=[T1.000 r1.000 p1.000 y1.000] | u_sat=[T18.0 r38.0 p51.0 y63.0]% | mot_peak=1.000 mot_sat=22.2% | health=0 age=0.407s conf=0.000 | n=100
[WARN] [1789396144.186907553] [acados_nmpc_node]: t=36.06s | KKT residual abnormal! res_stat=1.123e-04 res_eq=1.776e-15 res_ineq=0.000e+00 res_comp=2.566e-08 | sqp_iter=100 | peak res_stat=9.103e-01
[WARN] [1789396144.187275855] [acados_nmpc_node]: acados solve failed [status=2, 1 consecutive] | x_cur pos=[-2.67512012  4.00454235  4.117805  ] vel=[-2.36804104  2.16137457 -1.38037086] |q|=1.0000
[INFO] [1789396144.187672857] [acados_nmpc_node]: [attach-window] t=36.06s pos_err=1.654m T=31.35N z=4.118 m_est=2.187
[INFO] [1789396144.192149409] [acados_nmpc_node]: [payload-health] healthy/fresh; model updates enabled
[WARN] [1789396144.243487310] [acados_nmpc_node]: t=36.12s | KKT residual abnormal! res_stat=1.195e-02 res_eq=1.427e-10 res_ineq=0.000e+00 res_comp=4.749e-08 | sqp_iter=100 | peak res_stat=9.103e-01
[WARN] [1789396144.243849682] [acados_nmpc_node]: acados solve failed [status=2, 2 consecutive] | x_cur pos=[-2.75148487  4.06575584  4.07244539] vel=[-2.39037395  2.00032592 -1.39323759] |q|=1.0000
[INFO] [1789396144.244262364] [acados_nmpc_node]: [attach-window] t=36.12s pos_err=1.713m T=31.35N z=4.072 m_est=2.185
[WARN] [1789396144.297786530] [acados_nmpc_node]: t=36.18s | KKT residual abnormal! res_stat=7.620e-03 res_eq=3.477e-11 res_ineq=0.000e+00 res_comp=1.805e-09 | sqp_iter=100 | peak res_stat=9.103e-01
[WARN] [1789396144.298148318] [acados_nmpc_node]: acados solve failed [status=2, 3 consecutive] | x_cur pos=[-2.82877421  4.12114334  4.02684498] vel=[-2.41314721  1.82898045 -1.40200746] |q|=1.0000
[INFO] [1789396144.298546545] [acados_nmpc_node]: [attach-window] t=36.18s pos_err=1.768m T=31.35N z=4.027 m_est=2.184
[WARN] [1789396144.354157272] [acados_nmpc_node]: t=36.23s | KKT residual abnormal! res_stat=6.736e-02 res_eq=1.620e-08 res_ineq=0.000e+00 res_comp=3.651e-10 | sqp_iter=100 | peak res_stat=9.103e-01
[WARN] [1789396144.354547195] [acados_nmpc_node]: acados solve failed [status=2, 4 consecutive] | x_cur pos=[-2.92672896  4.18128395  3.96964884] vel=[-2.44046688  1.60692322 -1.41191089] |q|=1.0000
[INFO] [1789396144.354958894] [acados_nmpc_node]: [attach-window] t=36.23s pos_err=1.831m T=31.35N z=3.970 m_est=2.174
[WARN] [1789396144.407427554] [acados_nmpc_node]: t=36.29s | KKT residual abnormal! res_stat=1.577e-04 res_eq=2.942e-15 res_ineq=0.000e+00 res_comp=2.289e-08 | sqp_iter=100 | peak res_stat=9.103e-01
[WARN] [1789396144.407796454] [acados_nmpc_node]: acados solve failed [status=2, 5 consecutive] | x_cur pos=[-3.00606275  4.22176647  3.92385674] vel=[-2.45983648  1.42187417 -1.41537189] |q|=1.0000
[INFO] [1789396144.408211625] [acados_nmpc_node]: [attach-window] t=36.29s pos_err=1.887m T=31.35N z=3.924 m_est=2.167
[WARN] [1789396144.462788627] [acados_nmpc_node]: t=36.34s | KKT residual abnormal! res_stat=7.882e-02 res_eq=4.333e-09 res_ineq=0.000e+00 res_comp=5.025e-07 | sqp_iter=100 | peak res_stat=9.103e-01
[WARN] [1789396144.463140005] [acados_nmpc_node]: acados solve failed [status=2, 6 consecutive] | x_cur pos=[-3.08607793  4.25524378  3.87820339] vel=[-2.47513199  1.23054397 -1.41244769] |q|=1.0000
[INFO] [1789396144.463534325] [acados_nmpc_node]: [attach-window] t=36.34s pos_err=1.948m T=31.35N z=3.878 m_est=2.161
[INFO] [1789396144.463826674] [acados_nmpc_node]: [wcmd] raw=[+0.369,-0.542,+0.123] w=[+0.481,-0.266,+0.299] err=[-0.112,-0.277] scaled=[+0.168,-1.040] s=2.80
[WARN] [1789396144.464438350] [acados_nmpc_node]: [payload-health] unhealthy/stale; holding model and confidence timer (mhe_healthy=False, solution_age=0.157s, rx_age=infs)
[WARN] [1789396144.513028101] [acados_nmpc_node]: t=36.39s | KKT residual abnormal! res_stat=4.179e-02 res_eq=1.568e-09 res_ineq=0.000e+00 res_comp=1.421e-07 | sqp_iter=100 | peak res_stat=9.103e-01
[WARN] [1789396144.513373778] [acados_nmpc_node]: acados solve failed [status=2, 7 consecutive] | x_cur pos=[-3.16652703  4.28162956  3.83280993] vel=[-2.48508191  1.04043806 -1.40905428] |q|=1.0000
[INFO] [1789396144.513772840] [acados_nmpc_node]: [attach-window] t=36.39s pos_err=2.005m T=31.35N z=3.833 m_est=2.161
[WARN] [1789396144.568468384] [acados_nmpc_node]: t=36.45s | KKT residual abnormal! res_stat=2.906e-04 res_eq=1.971e-15 res_ineq=0.000e+00 res_comp=7.274e-11 | sqp_iter=100 | peak res_stat=9.103e-01
[WARN] [1789396144.568845063] [acados_nmpc_node]: acados solve failed [status=2, 8 consecutive] | x_cur pos=[-3.24712515  4.30112743  3.78764057] vel=[-2.48901916  0.85453671 -1.40638399] |q|=1.0000
[INFO] [1789396144.569264641] [acados_nmpc_node]: [attach-window] t=36.45s pos_err=2.065m T=31.35N z=3.788 m_est=2.161
[INFO] [1789396144.615425722] [acados_nmpc_node]: [attach-window] t=36.50s pos_err=2.128m T=31.35N z=3.743 m_est=2.161
[WARN] [1789396144.678020467] [acados_nmpc_node]: t=36.55s | KKT residual abnormal! res_stat=5.569e+00 res_eq=9.324e-06 res_ineq=0.000e+00 res_comp=1.910e-04 | sqp_iter=100 | peak res_stat=5.569e+00
[WARN] [1789396144.678391479] [acados_nmpc_node]: acados solve failed [status=2, 1 consecutive] | x_cur pos=[-3.93943024  4.17203665  3.40821886] vel=[-1.95941734 -0.73884982 -1.23766291] |q|=1.0000
[INFO] [1789396144.678785503] [acados_nmpc_node]: [attach-window] t=36.55s pos_err=2.278m T=31.35N z=3.408 m_est=2.161
[WARN] [1789396144.743580968] [acados_nmpc_node]: t=36.61s | KKT residual abnormal! res_stat=4.589e+00 res_eq=6.497e-06 res_ineq=0.000e+00 res_comp=1.346e-03 | sqp_iter=100 | peak res_stat=5.569e+00
[WARN] [1789396144.743980806] [acados_nmpc_node]: acados solve failed [status=2, 2 consecutive] | x_cur pos=[-3.99449968  4.1327529   3.36997914] vel=[-1.84043896 -0.85461771 -1.26412153] |q|=1.0000
[INFO] [1789396144.744410821] [acados_nmpc_node]: [attach-window] t=36.61s pos_err=2.354m T=31.35N z=3.370 m_est=2.161
[WARN] [1789396144.813674176] [acados_nmpc_node]: t=36.68s | KKT residual abnormal! res_stat=9.222e-02 res_eq=6.925e-10 res_ineq=0.000e+00 res_comp=4.893e-09 | sqp_iter=100 | peak res_stat=5.569e+00
[WARN] [1789396144.814054273] [acados_nmpc_node]: acados solve failed [status=2, 3 consecutive] | x_cur pos=[-4.04466867  4.0906167   3.33086109] vel=[-1.70458949 -0.96515745 -1.28521609] |q|=1.0000
[INFO] [1789396144.814488509] [acados_nmpc_node]: [attach-window] t=36.68s pos_err=2.436m T=31.35N z=3.331 m_est=2.161
[WARN] [1789396144.891783424] [acados_nmpc_node]: t=36.75s | KKT residual abnormal! res_stat=1.049e+01 res_eq=9.111e-06 res_ineq=0.000e+00 res_comp=1.891e-03 | sqp_iter=100 | peak res_stat=1.049e+01
[WARN] [1789396144.892167808] [acados_nmpc_node]: acados solve failed [status=2, 4 consecutive] | x_cur pos=[-4.08900452  4.04574633  3.29094386] vel=[-1.55406499 -1.06967878 -1.30972743] |q|=1.0000
[INFO] [1789396144.892593611] [acados_nmpc_node]: [attach-window] t=36.75s pos_err=2.534m T=31.35N z=3.291 m_est=2.161
[WARN] [1789396144.962028443] [acados_nmpc_node]: t=36.83s | KKT residual abnormal! res_stat=3.880e-01 res_eq=6.682e-08 res_ineq=0.000e+00 res_comp=2.173e-07 | sqp_iter=100 | peak res_stat=1.049e+01
[WARN] [1789396144.962411267] [acados_nmpc_node]: acados solve failed [status=2, 5 consecutive] | x_cur pos=[-4.12719488  3.99847889  3.24984312] vel=[-1.39522862 -1.16597366 -1.346434  ] |q|=1.0000
[INFO] [1789396144.962825614] [acados_nmpc_node]: [attach-window] t=36.83s pos_err=2.643m T=31.35N z=3.250 m_est=2.161
[WARN] [1789396145.028168388] [acados_nmpc_node]: t=36.89s | KKT residual abnormal! res_stat=1.841e+01 res_eq=2.755e-05 res_ineq=0.000e+00 res_comp=1.411e-02 | sqp_iter=100 | peak res_stat=1.841e+01
[WARN] [1789396145.028560407] [acados_nmpc_node]: acados solve failed [status=2, 6 consecutive] | x_cur pos=[-4.16665649  3.93719196  3.19589162] vel=[-1.22396088 -1.23905277 -1.43805492] |q|=1.0000
[INFO] [1789396145.028982186] [acados_nmpc_node]: [attach-window] t=36.89s pos_err=2.760m T=31.35N z=3.196 m_est=2.161
[WARN] [1789396145.100385167] [acados_nmpc_node]: t=36.96s | KKT residual abnormal! res_stat=5.903e+00 res_eq=9.189e-06 res_ineq=0.000e+00 res_comp=9.483e-04 | sqp_iter=100 | peak res_stat=1.841e+01
[WARN] [1789396145.100780581] [acados_nmpc_node]: acados solve failed [status=2, 7 consecutive] | x_cur pos=[-4.1921196   3.88746643  3.14912415] vel=[-1.10203016 -1.27836251 -1.54951584] |q|=1.0000
[INFO] [1789396145.101202538] [acados_nmpc_node]: [attach-window] t=36.96s pos_err=2.875m T=31.35N z=3.149 m_est=2.161
[WARN] [1789396145.173500725] [acados_nmpc_node]: t=37.04s | KKT residual abnormal! res_stat=1.779e+00 res_eq=1.795e-06 res_ineq=0.000e+00 res_comp=9.497e-08 | sqp_iter=100 | peak res_stat=1.841e+01
[WARN] [1789396145.173877038] [acados_nmpc_node]: acados solve failed [status=2, 8 consecutive] | x_cur pos=[-4.2282443   3.78813934  3.04295969] vel=[-0.85471189 -1.33585119 -1.80054653] |q|=1.0000
[INFO] [1789396145.174289462] [acados_nmpc_node]: [attach-window] t=37.04s pos_err=3.056m T=31.35N z=3.043 m_est=2.161
[WARN] [1789396145.241076289] [acados_nmpc_node]: t=37.11s | KKT residual abnormal! res_stat=9.518e-01 res_eq=8.851e-08 res_ineq=0.000e+00 res_comp=2.832e-04 | sqp_iter=100 | peak res_stat=1.841e+01
[WARN] [1789396145.241480556] [acados_nmpc_node]: acados solve failed [status=2, 9 consecutive] | x_cur pos=[-4.24675322  3.69088578  2.91780162] vel=[-0.61800516 -1.37166238 -2.07591033] |q|=1.0000
[INFO] [1789396145.241900154] [acados_nmpc_node]: [attach-window] t=37.11s pos_err=3.257m T=31.35N z=2.918 m_est=2.161
[WARN] [1789396145.309127160] [acados_nmpc_node]: t=37.17s | KKT residual abnormal! res_stat=1.948e+00 res_eq=1.209e-06 res_ineq=0.000e+00 res_comp=1.429e-03 | sqp_iter=100 | peak res_stat=1.841e+01
[WARN] [1789396145.309497846] [acados_nmpc_node]: acados solve failed [status=2, 10 consecutive] | x_cur pos=[-4.23985672  3.54103708  2.67739177] vel=[-0.15876313 -1.36784101 -2.38750458] |q|=1.0000
[INFO] [1789396145.309905827] [acados_nmpc_node]: [attach-window] t=37.17s pos_err=3.570m T=31.35N z=2.677 m_est=2.161
[WARN] [1789396145.374670485] [acados_nmpc_node]: t=37.24s | KKT residual abnormal! res_stat=5.670e+00 res_eq=2.496e-06 res_ineq=0.000e+00 res_comp=9.382e-04 | sqp_iter=100 | peak res_stat=1.841e+01
[WARN] [1789396145.375045987] [acados_nmpc_node]: acados solve failed [status=2, 11 consecutive] | x_cur pos=[-4.21043158  3.4570415   2.51466298] vel=[ 0.14197257 -1.3108331  -2.48654389] |q|=1.0000
[INFO] [1789396145.375452076] [acados_nmpc_node]: [attach-window] t=37.24s pos_err=3.808m T=31.35N z=2.515 m_est=2.161
[WARN] [1789396145.446166956] [acados_nmpc_node]: t=37.31s | KKT residual abnormal! res_stat=2.495e+01 res_eq=7.424e-05 res_ineq=0.000e+00 res_comp=1.105e-01 | sqp_iter=100 | peak res_stat=2.495e+01
[WARN] [1789396145.446559459] [acados_nmpc_node]: acados solve failed [status=2, 12 consecutive] | x_cur pos=[-4.18240738  3.4092381   2.40989828] vel=[ 0.3156195  -1.25385213 -2.52912259] |q|=1.0000
[INFO] [1789396145.446984359] [acados_nmpc_node]: [attach-window] t=37.31s pos_err=3.977m T=31.35N z=2.410 m_est=2.161
[INFO] [1789396145.447777434] [acados_nmpc_node]: [payload-health] healthy/fresh; model updates enabled
[WARN] [1789396145.509858402] [acados_nmpc_node]: t=37.38s | KKT residual abnormal! res_stat=5.337e+01 res_eq=2.509e-04 res_ineq=0.000e+00 res_comp=3.161e-01 | sqp_iter=100 | peak res_stat=5.337e+01
[WARN] [1789396145.510226095] [acados_nmpc_node]: acados solve failed [status=2, 13 consecutive] | x_cur pos=[-4.09100819  3.31299043  2.15661144] vel=[ 0.67082536 -1.04111254 -2.53913903] |q|=1.0000
[INFO] [1789396145.510633691] [acados_nmpc_node]: [attach-window] t=37.38s pos_err=4.311m T=31.35N z=2.157 m_est=2.151
[WARN] [1789396145.577410910] [acados_nmpc_node]: t=37.45s | KKT residual abnormal! res_stat=7.179e+01 res_eq=3.328e-04 res_ineq=3.469e-18 res_comp=4.742e-01 | sqp_iter=100 | peak res_stat=7.179e+01
[WARN] [1789396145.577772312] [acados_nmpc_node]: acados solve failed [status=2, 14 consecutive] | x_cur pos=[-4.0170207   3.26726627  1.98994219] vel=[ 0.82009315 -0.85820007 -2.52766323] |q|=1.0000
[INFO] [1789396145.578178626] [acados_nmpc_node]: [attach-window] t=37.45s pos_err=4.546m T=31.35N z=1.990 m_est=2.143
[WARN] [1789396145.582589612] [acados_nmpc_node]: [payload-health] unhealthy/stale; holding model and confidence timer (mhe_healthy=False, solution_age=0.163s, rx_age=infs)
[WARN] [1789396145.645273061] [acados_nmpc_node]: t=37.51s | KKT residual abnormal! res_stat=4.259e+01 res_eq=4.378e-04 res_ineq=3.469e-18 res_comp=2.131e+00 | sqp_iter=100 | peak res_stat=7.179e+01
[WARN] [1789396145.645664326] [acados_nmpc_node]: acados solve failed [status=2, 15 consecutive] | x_cur pos=[-3.92878938  3.23539138  1.80296123] vel=[ 0.91217273 -0.63981485 -2.57194805] |q|=1.0000
[INFO] [1789396145.646087069] [acados_nmpc_node]: [attach-window] t=37.51s pos_err=4.798m T=31.35N z=1.803 m_est=2.143
[WARN] [1789396145.707034554] [acados_nmpc_node]: t=37.58s | KKT residual abnormal! res_stat=7.335e+01 res_eq=4.737e-04 res_ineq=0.000e+00 res_comp=1.277e+00 | sqp_iter=100 | peak res_stat=7.335e+01
[WARN] [1789396145.707427312] [acados_nmpc_node]: acados solve failed [status=2, 16 consecutive] | x_cur pos=[-3.85196972  3.22431946  1.63623309] vel=[ 0.91888505 -0.42043814 -2.58829546] |q|=1.0000
[INFO] [1789396145.707850632] [acados_nmpc_node]: [attach-window] t=37.58s pos_err=5.017m T=31.35N z=1.636 m_est=2.143
[INFO] [1789396145.708172209] [acados_nmpc_node]: [wcmd] raw=[+0.702,+0.349,+1.049] w=[+0.586,+1.480,+0.949] err=[+0.116,-1.131] scaled=[+0.860,-1.186] s=2.36
[WARN] [1789396145.773955091] [acados_nmpc_node]: t=37.64s | KKT residual abnormal! res_stat=6.135e+01 res_eq=6.020e-04 res_ineq=6.939e-18 res_comp=1.723e+00 | sqp_iter=100 | peak res_stat=7.335e+01
[WARN] [1789396145.774334381] [acados_nmpc_node]: acados solve failed [status=2, 17 consecutive] | x_cur pos=[-3.7814703   3.23015618  1.46816909] vel=[ 0.88354474 -0.18628088 -2.63312101] |q|=1.0000
[INFO] [1789396145.774745554] [acados_nmpc_node]: [attach-window] t=37.64s pos_err=5.228m T=31.35N z=1.468 m_est=2.143
[WARN] [1789396145.843447240] [acados_nmpc_node]: t=37.71s | KKT residual abnormal! res_stat=1.088e+02 res_eq=8.983e-04 res_ineq=2.864e-07 res_comp=2.618e+00 | sqp_iter=100 | peak res_stat=1.088e+02
[WARN] [1789396145.843840091] [acados_nmpc_node]: acados solve failed [status=2, 18 consecutive] | x_cur pos=[-3.74980497  3.2398243   1.38377917] vel=[ 0.84147573 -0.05782462 -2.63704109] |q|=1.0000
[INFO] [1789396145.844258465] [acados_nmpc_node]: [attach-window] t=37.71s pos_err=5.353m T=31.35N z=1.384 m_est=2.143
[WARN] [1789396145.912539746] [acados_nmpc_node]: t=37.78s | KKT residual abnormal! res_stat=4.658e+01 res_eq=1.359e-04 res_ineq=1.105e-09 res_comp=3.960e-01 | sqp_iter=100 | peak res_stat=1.088e+02
[WARN] [1789396145.912921647] [acados_nmpc_node]: acados solve failed [status=2, 19 consecutive] | x_cur pos=[-3.66947556  3.30476737  1.10981429] vel=[ 0.64676756  0.38922346 -2.66048169] |q|=1.0000
[INFO] [1789396145.913342995] [acados_nmpc_node]: [attach-window] t=37.78s pos_err=5.631m T=31.35N z=1.110 m_est=2.143
[WARN] [1789396145.984646780] [acados_nmpc_node]: t=37.85s | KKT residual abnormal! res_stat=5.515e+01 res_eq=2.659e-04 res_ineq=0.000e+00 res_comp=7.344e-01 | sqp_iter=100 | peak res_stat=1.088e+02
[WARN] [1789396145.985019345] [acados_nmpc_node]: acados solve failed [status=2, 20 consecutive] | x_cur pos=[-3.6382575   3.37060261  0.94005108] vel=[ 0.50460863  0.68432111 -2.69443059] |q|=1.0000
[INFO] [1789396145.985430674] [acados_nmpc_node]: [attach-window] t=37.85s pos_err=5.809m T=31.35N z=0.940 m_est=2.143
[WARN] [1789396146.064684231] [acados_nmpc_node]: t=37.92s | KKT residual abnormal! res_stat=1.285e+01 res_eq=2.568e-05 res_ineq=0.000e+00 res_comp=3.778e-02 | sqp_iter=100 | peak res_stat=1.088e+02
[WARN] [1789396146.065076576] [acados_nmpc_node]: acados solve failed [status=2, 21 consecutive] | x_cur pos=[-3.6195755   3.46918082  0.74545968] vel=[ 0.35843271  1.0293833  -2.77575397] |q|=1.0000
[INFO] [1789396146.065508696] [acados_nmpc_node]: [attach-window] t=37.92s pos_err=5.993m T=31.35N z=0.745 m_est=2.143
[INFO] [1789396146.066185330] [acados_nmpc_node]: [payload-health] healthy/fresh; model updates enabled
[WARN] [1789396146.146522947] [acados_nmpc_node]: t=38.00s | KKT residual abnormal! res_stat=4.866e+01 res_eq=1.451e-03 res_ineq=0.000e+00 res_comp=4.811e+00 | sqp_iter=100 | peak res_stat=1.088e+02
[WARN] [1789396146.146897084] [acados_nmpc_node]: acados solve failed [status=2, 22 consecutive] | x_cur pos=[-3.61572742  3.57941699  0.56735623] vel=[ 0.24112362  1.36337304 -2.85762858] |q|=1.0000
[INFO] [1789396146.147314858] [acados_nmpc_node]: [attach-window] t=38.00s pos_err=6.160m T=31.35N z=0.567 m_est=2.135
[WARN] [1789396146.235040388] [acados_nmpc_node]: t=38.08s | KKT residual abnormal! res_stat=1.033e+02 res_eq=7.879e-05 res_ineq=0.000e+00 res_comp=3.770e-01 | sqp_iter=100 | peak res_stat=1.088e+02
[WARN] [1789396146.235422317] [acados_nmpc_node]: acados solve failed [status=2, 23 consecutive] | x_cur pos=[-3.62840748  3.78987217  0.29093727] vel=[ 0.09213144  1.93127775 -2.97157788] |q|=1.0000
[INFO] [1789396146.235830143] [acados_nmpc_node]: [attach-window] t=38.08s pos_err=6.391m T=31.35N z=0.291 m_est=2.129
[WARN] [1789396146.240424657] [acados_nmpc_node]: [payload-health] unhealthy/stale; holding model and confidence timer (mhe_healthy=False, solution_age=0.175s, rx_age=infs)
[WARN] [1789396146.323701113] [acados_nmpc_node]: t=38.17s | KKT residual abnormal! res_stat=4.517e+01 res_eq=9.314e-05 res_ineq=0.000e+00 res_comp=1.820e-01 | sqp_iter=100 | peak res_stat=1.088e+02
[WARN] [1789396146.324088653] [acados_nmpc_node]: acados solve failed [status=2, 24 consecutive] | x_cur pos=[-3.66212535  4.02483702  0.16807708] vel=[-0.22238265  2.97131824 -1.63928008] |q|=1.0000
[INFO] [1789396146.324518116] [acados_nmpc_node]: [attach-window] t=38.17s pos_err=6.504m T=31.35N z=0.168 m_est=2.129
[WARN] [1789396146.412951237] [acados_nmpc_node]: t=38.26s | KKT residual abnormal! res_stat=7.031e+00 res_eq=2.061e-05 res_ineq=4.337e-19 res_comp=1.442e-02 | sqp_iter=100 | peak res_stat=1.088e+02
[WARN] [1789396146.413352923] [acados_nmpc_node]: acados solve failed [status=2, 25 consecutive] | x_cur pos=[-3.72692013  4.43821192 -0.00860471] vel=[-0.30562165  3.53858685 -2.21355748] |q|=1.0000
[INFO] [1789396146.413775424] [acados_nmpc_node]: [attach-window] t=38.26s pos_err=6.657m T=31.35N z=-0.009 m_est=2.129
[WARN] [1789396146.500540492] [acados_nmpc_node]: t=38.35s | KKT residual abnormal! res_stat=1.319e+01 res_eq=2.786e-05 res_ineq=6.314e-10 res_comp=1.906e-01 | sqp_iter=100 | peak res_stat=1.088e+02
[WARN] [1789396146.500923351] [acados_nmpc_node]: acados solve failed [status=2, 26 consecutive] | x_cur pos=[-3.79362082  4.86783218 -0.24157885] vel=[-0.4004761   3.93254137 -2.96680021] |q|=1.0000
[INFO] [1789396146.501337880] [acados_nmpc_node]: [attach-window] t=38.35s pos_err=6.899m T=31.35N z=-0.242 m_est=2.129
[WARN] [1789396146.554654946] [acados_nmpc_node]: t=38.44s | KKT residual abnormal! res_stat=3.198e-03 res_eq=8.855e-13 res_ineq=0.000e+00 res_comp=3.907e-07 | sqp_iter=100 | peak res_stat=1.088e+02
[WARN] [1789396146.555040004] [acados_nmpc_node]: acados solve failed [status=2, 27 consecutive] | x_cur pos=[-4.07711697  4.93671417  0.03132436] vel=[-4.52149725 -0.67445499  5.42307568] |q|=1.0000
[INFO] [1789396146.555458233] [acados_nmpc_node]: [attach-window] t=38.44s pos_err=6.597m T=31.35N z=0.031 m_est=2.129
[WARN] [1789396146.606351233] [acados_nmpc_node]: t=38.49s | KKT residual abnormal! res_stat=8.620e-06 res_eq=1.776e-15 res_ineq=0.000e+00 res_comp=3.073e-07 | sqp_iter=100 | peak res_stat=1.088e+02
[WARN] [1789396146.606696464] [acados_nmpc_node]: acados solve failed [status=2, 28 consecutive] | x_cur pos=[-4.34766912  4.93778276  0.32229427] vel=[-4.59517336 -0.45580935  4.90374756] |q|=1.0000
[INFO] [1789396146.607081703] [acados_nmpc_node]: [attach-window] t=38.49s pos_err=6.251m T=31.35N z=0.322 m_est=2.129
[WARN] [1789396146.653303713] [acados_nmpc_node]: t=38.54s | KKT residual abnormal! res_stat=9.335e-07 res_eq=1.776e-15 res_ineq=0.000e+00 res_comp=2.041e-11 | sqp_iter=99 | peak res_stat=1.088e+02
[INFO] [1789396146.654078695] [acados_nmpc_node]: [attach-window] t=38.54s pos_err=6.035m T=20.46N z=0.514 m_est=2.129
[WARN] [1789396146.706923774] [acados_nmpc_node]: t=38.58s | KKT residual abnormal! res_stat=4.211e-06 res_eq=4.441e-15 res_ineq=0.000e+00 res_comp=6.594e-07 | sqp_iter=100 | peak res_stat=1.088e+02
[WARN] [1789396146.707277947] [acados_nmpc_node]: acados solve failed [status=2, 1 consecutive] | x_cur pos=[-4.86944056  4.94662571  0.78917873] vel=[-4.83072805 -0.28954828  4.00168276] |q|=1.0000
[INFO] [1789396146.707664805] [acados_nmpc_node]: [attach-window] t=38.58s pos_err=5.671m T=20.46N z=0.789 m_est=2.129
[INFO] [1789396146.720443802] [acados_nmpc_node]: [attach-window] t=38.64s pos_err=5.533m T=31.35N z=0.913 m_est=2.129
[INFO] [1789396146.731884010] [acados_nmpc_node]: [attach-window] t=38.65s pos_err=5.351m T=31.35N z=1.030 m_est=2.129
[WARN] [1789396146.817358074] [acados_nmpc_node]: t=38.70s | KKT residual abnormal! res_stat=1.227e-01 res_eq=1.976e-08 res_ineq=0.000e+00 res_comp=1.005e-07 | sqp_iter=100 | peak res_stat=1.088e+02
[WARN] [1789396146.817738177] [acados_nmpc_node]: acados solve failed [status=2, 1 consecutive] | x_cur pos=[-7.19305897  4.70105743  1.90711582] vel=[-5.53107834 -1.47371817  1.88234389] |q|=1.0000
[INFO] [1789396146.818142612] [acados_nmpc_node]: [attach-window] t=38.70s pos_err=3.700m T=31.35N z=1.907 m_est=2.129
[INFO] [1789396146.818433475] [acados_nmpc_node]: [wcmd] raw=[+4.299,-1.544,+8.984] w=[-2.447,+0.647,+9.146] err=[+6.747,-2.190] scaled=[+4.299,-1.544] s=2.03
[WARN] [1789396146.865480150] [acados_nmpc_node]: t=38.75s | KKT residual abnormal! res_stat=5.591e-06 res_eq=1.776e-15 res_ineq=0.000e+00 res_comp=5.772e-08 | sqp_iter=100 | peak res_stat=1.088e+02
[WARN] [1789396146.865861391] [acados_nmpc_node]: acados solve failed [status=2, 2 consecutive] | x_cur pos=[-7.19305897  4.70105743  1.90711582] vel=[-5.53107834 -1.47371817  1.88234389] |q|=1.0000
[INFO] [1789396146.866297197] [acados_nmpc_node]: [attach-window] t=38.75s pos_err=3.743m T=31.35N z=1.907 m_est=2.129
[WARN] [1789396146.919596333] [acados_nmpc_node]: t=38.80s | KKT residual abnormal! res_stat=3.140e+00 res_eq=9.103e-06 res_ineq=0.000e+00 res_comp=5.827e-06 | sqp_iter=100 | peak res_stat=1.088e+02
[WARN] [1789396146.919998544] [acados_nmpc_node]: acados solve failed [status=2, 3 consecutive] | x_cur pos=[-7.57418346  4.57652617  2.01402426] vel=[-5.52340841 -1.7603693   1.52527046] |q|=1.0000
[INFO] [1789396146.920431426] [acados_nmpc_node]: [attach-window] t=38.80s pos_err=3.551m T=31.35N z=2.014 m_est=2.129
[WARN] [1789396146.972437728] [acados_nmpc_node]: t=38.85s | KKT residual abnormal! res_stat=7.441e-01 res_eq=2.932e-07 res_ineq=0.000e+00 res_comp=1.366e-07 | sqp_iter=100 | peak res_stat=1.088e+02
[WARN] [1789396146.972811983] [acados_nmpc_node]: acados solve failed [status=2, 4 consecutive] | x_cur pos=[-7.8098917   4.48628092  2.06961441] vel=[-5.49839497 -1.95444345  1.30104685] |q|=1.0000
[INFO] [1789396146.973231827] [acados_nmpc_node]: [attach-window] t=38.85s pos_err=3.464m T=31.35N z=2.070 m_est=2.129
[WARN] [1789396147.027519822] [acados_nmpc_node]: t=38.91s | KKT residual abnormal! res_stat=1.214e+01 res_eq=5.428e-05 res_ineq=0.000e+00 res_comp=3.066e-02 | sqp_iter=100 | peak res_stat=1.088e+02
[WARN] [1789396147.027919203] [acados_nmpc_node]: acados solve failed [status=2, 5 consecutive] | x_cur pos=[-7.99669647  4.40709782  2.1073947 ] vel=[-5.46597433 -2.11799598  1.10806751] |q|=1.0000
[INFO] [1789396147.028340730] [acados_nmpc_node]: [attach-window] t=38.91s pos_err=3.421m T=31.35N z=2.107 m_est=2.129
[WARN] [1789396147.078049944] [acados_nmpc_node]: t=38.96s | KKT residual abnormal! res_stat=3.052e+01 res_eq=1.124e-04 res_ineq=0.000e+00 res_comp=4.603e-01 | sqp_iter=100 | peak res_stat=1.088e+02
[WARN] [1789396147.078449297] [acados_nmpc_node]: acados solve failed [status=2, 6 consecutive] | x_cur pos=[-8.1814537  4.3216238  2.1388042] vel=[-5.4179101  -2.28899908  0.90759087] |q|=1.0000
[INFO] [1789396147.078870392] [acados_nmpc_node]: [attach-window] t=38.96s pos_err=3.384m T=31.35N z=2.139 m_est=2.129
[WARN] [1789396147.134025239] [acados_nmpc_node]: t=39.01s | KKT residual abnormal! res_stat=1.297e+01 res_eq=3.064e-04 res_ineq=0.000e+00 res_comp=1.699e-01 | sqp_iter=100 | peak res_stat=1.088e+02
[WARN] [1789396147.134429194] [acados_nmpc_node]: acados solve failed [status=2, 7 consecutive] | x_cur pos=[-8.36349487  4.23019981  2.16360354] vel=[-5.35251141 -2.46362853  0.7006346 ] |q|=1.0000
[INFO] [1789396147.134854611] [acados_nmpc_node]: [attach-window] t=39.01s pos_err=3.361m T=31.35N z=2.164 m_est=2.129
[WARN] [1789396147.187466829] [acados_nmpc_node]: t=39.07s | KKT residual abnormal! res_stat=1.690e+01 res_eq=1.487e-04 res_ineq=0.000e+00 res_comp=3.140e-02 | sqp_iter=100 | peak res_stat=1.088e+02
[WARN] [1789396147.187851138] [acados_nmpc_node]: acados solve failed [status=2, 8 consecutive] | x_cur pos=[-8.54226875  4.13233376  2.18155241] vel=[-5.26929569 -2.63887763  0.48713234] |q|=1.0000
[INFO] [1789396147.188285178] [acados_nmpc_node]: [attach-window] t=39.07s pos_err=3.346m T=31.35N z=2.182 m_est=2.129
[WARN] [1789396147.245918206] [acados_nmpc_node]: t=39.12s | KKT residual abnormal! res_stat=1.825e+01 res_eq=1.726e-04 res_ineq=0.000e+00 res_comp=3.442e-02 | sqp_iter=100 | peak res_stat=1.088e+02
[WARN] [1789396147.246318717] [acados_nmpc_node]: acados solve failed [status=2, 9 consecutive] | x_cur pos=[-8.71708202  4.02811289  2.19246078] vel=[-5.16670132 -2.81232905  0.27009094] |q|=1.0000
[INFO] [1789396147.246753825] [acados_nmpc_node]: [attach-window] t=39.12s pos_err=3.347m T=31.35N z=2.192 m_est=2.129
[WARN] [1789396147.299078367] [acados_nmpc_node]: t=39.18s | KKT residual abnormal! res_stat=1.111e+01 res_eq=1.090e-04 res_ineq=0.000e+00 res_comp=4.452e-02 | sqp_iter=100 | peak res_stat=1.088e+02
[WARN] [1789396147.299485748] [acados_nmpc_node]: acados solve failed [status=2, 10 consecutive] | x_cur pos=[-8.92891407  3.88915825  2.19612455] vel=[-5.00963879e+00 -3.02604318e+00  8.75968835e-04] |q|=1.0000
[INFO] [1789396147.299900475] [acados_nmpc_node]: [attach-window] t=39.18s pos_err=3.347m T=31.35N z=2.196 m_est=2.129
[WARN] [1789396147.355452285] [acados_nmpc_node]: t=39.23s | KKT residual abnormal! res_stat=1.587e+00 res_eq=7.061e-06 res_ineq=0.000e+00 res_comp=4.579e-04 | sqp_iter=100 | peak res_stat=1.088e+02
[WARN] [1789396147.355840375] [acados_nmpc_node]: acados solve failed [status=2, 11 consecutive] | x_cur pos=[-9.09214973  3.77118802  2.1910665 ] vel=[-4.86226606 -3.19229746 -0.21033116] |q|=1.0000
[INFO] [1789396147.356259256] [acados_nmpc_node]: [attach-window] t=39.23s pos_err=3.370m T=31.35N z=2.191 m_est=2.129
[WARN] [1789396147.410722448] [acados_nmpc_node]: t=39.29s | KKT residual abnormal! res_stat=6.795e+01 res_eq=4.669e-04 res_ineq=0.000e+00 res_comp=2.440e-01 | sqp_iter=100 | peak res_stat=1.088e+02
[WARN] [1789396147.411107615] [acados_nmpc_node]: acados solve failed [status=2, 12 consecutive] | x_cur pos=[-9.24913979  3.6475215   2.17902899] vel=[-4.69787455 -3.35317397 -0.41656855] |q|=1.0000
[INFO] [1789396147.411518550] [acados_nmpc_node]: [attach-window] t=39.29s pos_err=3.398m T=31.35N z=2.179 m_est=2.129
[WARN] [1789396147.470516273] [acados_nmpc_node]: t=39.35s | KKT residual abnormal! res_stat=8.373e+01 res_eq=2.487e-04 res_ineq=0.000e+00 res_comp=2.080e-01 | sqp_iter=100 | peak res_stat=1.088e+02
[WARN] [1789396147.470856891] [acados_nmpc_node]: acados solve failed [status=2, 13 consecutive] | x_cur pos=[-9.39929867  3.51851439  2.16013956] vel=[-4.52076626 -3.50533962 -0.61875242] |q|=1.0000
[INFO] [1789396147.471244371] [acados_nmpc_node]: [attach-window] t=39.35s pos_err=3.441m T=31.35N z=2.160 m_est=2.129
[WARN] [1789396147.530402723] [acados_nmpc_node]: t=39.41s | KKT residual abnormal! res_stat=4.455e+01 res_eq=3.226e-04 res_ineq=8.674e-19 res_comp=6.136e-01 | sqp_iter=100 | peak res_stat=1.088e+02
[WARN] [1789396147.530761782] [acados_nmpc_node]: acados solve failed [status=2, 14 consecutive] | x_cur pos=[-9.57685947  3.350492    2.12734342] vel=[-4.28774881 -3.681355   -0.86630291] |q|=1.0000
[INFO] [1789396147.531163352] [acados_nmpc_node]: [attach-window] t=39.41s pos_err=3.490m T=31.35N z=2.127 m_est=2.129
[WARN] [1789396147.586781373] [acados_nmpc_node]: t=39.46s | KKT residual abnormal! res_stat=4.713e+01 res_eq=2.138e-04 res_ineq=0.000e+00 res_comp=5.090e-01 | sqp_iter=100 | peak res_stat=1.088e+02
[WARN] [1789396147.587139545] [acados_nmpc_node]: acados solve failed [status=2, 15 consecutive] | x_cur pos=[-9.67782116  3.24648333  2.10295296] vel=[-4.14299965 -3.78078079 -1.01126826] |q|=1.0000
[INFO] [1789396147.587532358] [acados_nmpc_node]: [attach-window] t=39.46s pos_err=3.545m T=31.35N z=2.103 m_est=2.129
[WARN] [1789396147.647504245] [acados_nmpc_node]: t=39.52s | KKT residual abnormal! res_stat=1.245e+01 res_eq=2.823e-04 res_ineq=0.000e+00 res_comp=3.056e-01 | sqp_iter=100 | peak res_stat=1.088e+02
[WARN] [1789396147.647857842] [acados_nmpc_node]: acados solve failed [status=2, 16 consecutive] | x_cur pos=[-9.95471764  2.9211657   2.00912213] vel=[-3.68833709 -4.06088543 -1.43017387] |q|=1.0000
[INFO] [1789396147.648252801] [acados_nmpc_node]: [attach-window] t=39.52s pos_err=3.627m T=31.35N z=2.009 m_est=2.129
[WARN] [1789396147.706339797] [acados_nmpc_node]: t=39.58s | KKT residual abnormal! res_stat=3.977e+01 res_eq=1.252e-04 res_ineq=0.000e+00 res_comp=2.401e-01 | sqp_iter=100 | peak res_stat=1.088e+02
[WARN] [1789396147.706680184] [acados_nmpc_node]: acados solve failed [status=2, 17 consecutive] | x_cur pos=[-10.16737461   2.61637211   1.90093768] vel=[-3.26097608 -4.29808474 -1.78592908] |q|=1.0000
[INFO] [1789396147.707062187] [acados_nmpc_node]: [attach-window] t=39.58s pos_err=3.729m T=31.35N z=1.901 m_est=2.129
[WARN] [1789396147.768199513] [acados_nmpc_node]: t=39.64s | KKT residual abnormal! res_stat=3.550e+01 res_eq=1.678e-04 res_ineq=0.000e+00 res_comp=1.617e-01 | sqp_iter=100 | peak res_stat=1.088e+02
[WARN] [1789396147.768604557] [acados_nmpc_node]: acados solve failed [status=2, 18 consecutive] | x_cur pos=[-10.26162148   2.45868969   1.83840883] vel=[-3.03947568 -4.41472816 -1.96094251] |q|=1.0000
[INFO] [1789396147.769029998] [acados_nmpc_node]: [attach-window] t=39.64s pos_err=3.812m T=31.35N z=1.838 m_est=2.129
[WARN] [1789396147.831730334] [acados_nmpc_node]: t=39.70s | KKT residual abnormal! res_stat=8.961e+00 res_eq=5.673e-05 res_ineq=0.000e+00 res_comp=3.487e-02 | sqp_iter=100 | peak res_stat=1.088e+02
[WARN] [1789396147.832101649] [acados_nmpc_node]: acados solve failed [status=2, 19 consecutive] | x_cur pos=[-10.42561054   2.13297153   1.69647968] vel=[-2.58107018 -4.64266062 -2.31800604] |q|=1.0000
[INFO] [1789396147.832506380] [acados_nmpc_node]: [attach-window] t=39.70s pos_err=3.944m T=31.35N z=1.696 m_est=2.129
[WARN] [1789396147.893008915] [acados_nmpc_node]: t=39.76s | KKT residual abnormal! res_stat=4.782e+00 res_eq=3.372e-05 res_ineq=0.000e+00 res_comp=2.779e-02 | sqp_iter=100 | peak res_stat=1.088e+02
[WARN] [1789396147.893380130] [acados_nmpc_node]: acados solve failed [status=2, 20 consecutive] | x_cur pos=[-10.56948471   1.75104046   1.51001382] vel=[-1.98684299 -4.90069628 -2.71165752] |q|=1.0000
[INFO] [1789396147.893784767] [acados_nmpc_node]: [attach-window] t=39.76s pos_err=4.109m T=31.35N z=1.510 m_est=2.129
[INFO] [1789396147.894089326] [acados_nmpc_node]: [wcmd] raw=[+4.299,-1.544,+8.984] w=[+0.179,-1.277,+2.629] err=[+4.121,-0.267] scaled=[+4.299,-1.544] s=1.97
[WARN] [1789396147.958529118] [acados_nmpc_node]: t=39.83s | KKT residual abnormal! res_stat=5.102e+00 res_eq=1.830e-06 res_ineq=0.000e+00 res_comp=6.808e-04 | sqp_iter=100 | peak res_stat=1.088e+02
[WARN] [1789396147.958903937] [acados_nmpc_node]: acados solve failed [status=2, 21 consecutive] | x_cur pos=[-10.66447258   1.35226035   1.2951411 ] vel=[-1.32190788 -5.13197374 -3.1150527 ] |q|=1.0000
[INFO] [1789396147.959309098] [acados_nmpc_node]: [attach-window] t=39.83s pos_err=4.297m T=31.35N z=1.295 m_est=2.129
[WARN] [1789396148.021025807] [acados_nmpc_node]: t=39.89s | KKT residual abnormal! res_stat=3.618e+00 res_eq=1.762e-05 res_ineq=0.000e+00 res_comp=1.133e-02 | sqp_iter=100 | peak res_stat=1.088e+02
[WARN] [1789396148.021388017] [acados_nmpc_node]: acados solve failed [status=2, 22 consecutive] | x_cur pos=[-10.70111656   1.03173518   1.10746181] vel=[-0.76050556 -5.27249622 -3.44374728] |q|=1.0000
[INFO] [1789396148.021785617] [acados_nmpc_node]: [attach-window] t=39.89s pos_err=4.460m T=31.35N z=1.107 m_est=2.129
[WARN] [1789396148.090587966] [acados_nmpc_node]: t=39.96s | KKT residual abnormal! res_stat=1.740e+01 res_eq=8.527e-06 res_ineq=0.000e+00 res_comp=1.996e-01 | sqp_iter=100 | peak res_stat=1.088e+02
[WARN] [1789396148.090945601] [acados_nmpc_node]: acados solve failed [status=2, 23 consecutive] | x_cur pos=[-10.69692707   0.611193     0.8383404 ] vel=[ 0.0237408  -5.37578487 -3.88157797] |q|=1.0000
[INFO] [1789396148.091342127] [acados_nmpc_node]: [attach-window] t=39.96s pos_err=4.686m T=31.35N z=0.838 m_est=2.129
[WARN] [1789396148.159448267] [acados_nmpc_node]: t=40.03s | KKT residual abnormal! res_stat=2.420e-01 res_eq=1.026e-07 res_ineq=0.000e+00 res_comp=2.809e-07 | sqp_iter=100 | peak res_stat=1.088e+02
[WARN] [1789396148.159811574] [acados_nmpc_node]: acados solve failed [status=2, 24 consecutive] | x_cur pos=[-10.63165092   0.18959747   0.53680813] vel=[ 0.86027348 -5.35536003 -4.32923651] |q|=1.0000
[INFO] [1789396148.160216858] [acados_nmpc_node]: [attach-window] t=40.03s pos_err=4.939m T=31.35N z=0.537 m_est=2.129
[WARN] [1789396148.225674664] [acados_nmpc_node]: t=40.09s | KKT residual abnormal! res_stat=1.320e+01 res_eq=1.361e-05 res_ineq=0.000e+00 res_comp=3.831e-02 | sqp_iter=100 | peak res_stat=1.088e+02
[WARN] [1789396148.226028324] [acados_nmpc_node]: acados solve failed [status=2, 25 consecutive] | x_cur pos=[-10.53667927  -0.13269155   0.27958182] vel=[ 1.496526   -5.23539734 -4.68312454] |q|=1.0000
[INFO] [1789396148.226428622] [acados_nmpc_node]: [attach-window] t=40.09s pos_err=5.156m T=31.35N z=0.280 m_est=2.129
[WARN] [1789396148.295746365] [acados_nmpc_node]: t=40.16s | KKT residual abnormal! res_stat=8.248e+01 res_eq=5.796e-05 res_ineq=0.000e+00 res_comp=5.603e-01 | sqp_iter=100 | peak res_stat=1.088e+02
[WARN] [1789396148.296096795] [acados_nmpc_node]: acados solve failed [status=2, 26 consecutive] | x_cur pos=[-10.36170769  -0.52954078  -0.08028123] vel=[ 2.24092412 -4.95034218 -5.13366127] |q|=1.0000
[INFO] [1789396148.296492877] [acados_nmpc_node]: [attach-window] t=40.16s pos_err=5.464m T=31.35N z=-0.080 m_est=2.129
[WARN] [1789396148.364489882] [acados_nmpc_node]: t=40.23s | KKT residual abnormal! res_stat=2.577e+01 res_eq=2.130e-04 res_ineq=0.000e+00 res_comp=1.041e+00 | sqp_iter=100 | peak res_stat=1.088e+02
[WARN] [1789396148.364839821] [acados_nmpc_node]: acados solve failed [status=2, 27 consecutive] | x_cur pos=[-10.13505077  -0.89633113  -0.47216633] vel=[ 2.86523509 -4.54309511 -5.56254005] |q|=1.0000
[INFO] [1789396148.365235004] [acados_nmpc_node]: [attach-window] t=40.23s pos_err=5.809m T=31.35N z=-0.472 m_est=2.129
[WARN] [1789396148.431546470] [acados_nmpc_node]: t=40.30s | KKT residual abnormal! res_stat=9.586e+00 res_eq=3.279e-05 res_ineq=0.000e+00 res_comp=1.580e-02 | sqp_iter=100 | peak res_stat=1.088e+02
[WARN] [1789396148.431884613] [acados_nmpc_node]: acados solve failed [status=2, 28 consecutive] | x_cur pos=[-9.93139267 -1.15508151 -0.7974335 ] vel=[ 3.24191117 -4.17510223 -5.87630224] |q|=1.0000
[INFO] [1789396148.432269077] [acados_nmpc_node]: [attach-window] t=40.30s pos_err=6.102m T=31.35N z=-0.797 m_est=2.129
[WARN] [1789396148.495276171] [acados_nmpc_node]: t=40.37s | KKT residual abnormal! res_stat=1.119e+02 res_eq=6.923e-05 res_ineq=0.000e+00 res_comp=3.056e-01 | sqp_iter=100 | peak res_stat=1.119e+02
[WARN] [1789396148.495642964] [acados_nmpc_node]: acados solve failed [status=2, 29 consecutive] | x_cur pos=[-9.65879631 -1.77170968 -0.57746506] vel=[ 3.00041246 -9.63752747  5.37372971] |q|=1.0000
[INFO] [1789396148.496045696] [acados_nmpc_node]: [attach-window] t=40.37s pos_err=5.907m T=31.35N z=-0.577 m_est=2.129
[WARN] [1789396148.560528733] [acados_nmpc_node]: t=40.43s | KKT residual abnormal! res_stat=1.797e+01 res_eq=1.740e-04 res_ineq=0.000e+00 res_comp=1.810e-01 | sqp_iter=100 | peak res_stat=1.119e+02
[WARN] [1789396148.560905043] [acados_nmpc_node]: acados solve failed [status=2, 30 consecutive] | x_cur pos=[-9.4476366  -2.38867331 -0.25972295] vel=[ 2.72884727 -9.36574841  4.62906408] |q|=1.0000
[INFO] [1789396148.561314535] [acados_nmpc_node]: [attach-window] t=40.43s pos_err=5.672m T=31.35N z=-0.260 m_est=2.129
[WARN] [1789396148.621600502] [acados_nmpc_node]: t=40.49s | KKT residual abnormal! res_stat=1.749e+01 res_eq=1.397e-04 res_ineq=0.000e+00 res_comp=4.160e-01 | sqp_iter=100 | peak res_stat=1.119e+02
[WARN] [1789396148.621941830] [acados_nmpc_node]: acados solve failed [status=2, 31 consecutive] | x_cur pos=[-9.25779819 -2.98837161  0.01784664] vel=[ 2.70567322 -9.05598545  4.00763273] |q|=1.0000
[INFO] [1789396148.622324923] [acados_nmpc_node]: [attach-window] t=40.49s pos_err=5.523m T=31.35N z=0.018 m_est=2.129
[WARN] [1789396148.687028575] [acados_nmpc_node]: t=40.56s | KKT residual abnormal! res_stat=5.768e+01 res_eq=1.707e-04 res_ineq=4.485e-14 res_comp=5.154e-01 | sqp_iter=100 | peak res_stat=1.119e+02
[WARN] [1789396148.687387315] [acados_nmpc_node]: acados solve failed [status=2, 32 consecutive] | x_cur pos=[-9.06463623 -3.64513397  0.28680119] vel=[ 2.78207588 -8.876894    3.43824911] |q|=1.0000
[INFO] [1789396148.687771344] [acados_nmpc_node]: [attach-window] t=40.56s pos_err=5.454m T=31.35N z=0.287 m_est=2.129
[WARN] [1789396148.756239765] [acados_nmpc_node]: t=40.62s | KKT residual abnormal! res_stat=1.612e+02 res_eq=3.166e-04 res_ineq=0.000e+00 res_comp=1.174e+00 | sqp_iter=100 | peak res_stat=1.612e+02
[WARN] [1789396148.756587726] [acados_nmpc_node]: acados solve failed [status=2, 33 consecutive] | x_cur pos=[-8.9039917  -4.22426653  0.49368295] vel=[ 2.78751874 -8.88098431  2.94791174] |q|=1.0000
[INFO] [1789396148.756972888] [acados_nmpc_node]: [attach-window] t=40.62s pos_err=5.459m T=31.35N z=0.494 m_est=2.129
[WARN] [1789396148.818931928] [acados_nmpc_node]: t=40.69s | KKT residual abnormal! res_stat=2.407e+02 res_eq=5.972e-03 res_ineq=0.000e+00 res_comp=8.115e+00 | sqp_iter=100 | peak res_stat=2.407e+02
[WARN] [1789396148.819277346] [acados_nmpc_node]: acados solve failed [status=2, 34 consecutive] | x_cur pos=[-8.75439548 -4.80967951  0.66901755] vel=[ 2.69508624 -8.9562645   2.38952184] |q|=1.0000
[INFO] [1789396148.819659412] [acados_nmpc_node]: [attach-window] t=40.69s pos_err=5.534m T=31.35N z=0.669 m_est=2.129
[WARN] [1789396148.889383516] [acados_nmpc_node]: t=40.75s | KKT residual abnormal! res_stat=4.413e+02 res_eq=1.759e-03 res_ineq=0.000e+00 res_comp=4.688e+00 | sqp_iter=100 | peak res_stat=4.413e+02
[WARN] [1789396148.889722105] [acados_nmpc_node]: acados solve failed [status=2, 35 consecutive] | x_cur pos=[-8.60237789 -5.4801302   0.82252622] vel=[ 2.61620569 -9.02705383  1.72692418] |q|=1.0000
[INFO] [1789396148.890102981] [acados_nmpc_node]: [attach-window] t=40.75s pos_err=5.718m T=31.35N z=0.823 m_est=2.129
[WARN] [1789396148.958125297] [acados_nmpc_node]: t=40.82s | KKT residual abnormal! res_stat=6.046e+01 res_eq=5.821e-04 res_ineq=0.000e+00 res_comp=6.782e-01 | sqp_iter=100 | peak res_stat=4.413e+02
[WARN] [1789396148.958485264] [acados_nmpc_node]: acados solve failed [status=2, 36 consecutive] | x_cur pos=[-8.4795723  -6.08514261  0.9179635 ] vel=[ 2.47905374 -9.06923389  1.09079671] |q|=1.0000
[INFO] [1789396148.958881605] [acados_nmpc_node]: [attach-window] t=40.82s pos_err=5.934m T=31.35N z=0.918 m_est=2.129
[WARN] [1789396149.024837407] [acados_nmpc_node]: t=40.89s | KKT residual abnormal! res_stat=4.793e+01 res_eq=1.207e-03 res_ineq=0.000e+00 res_comp=9.552e+00 | sqp_iter=100 | peak res_stat=4.413e+02
[WARN] [1789396149.025181965] [acados_nmpc_node]: acados solve failed [status=2, 37 consecutive] | x_cur pos=[-8.36323071 -6.76916409  0.97073221] vel=[ 2.2567656  -8.99734497  0.26582122] |q|=1.0000
[INFO] [1789396149.025565754] [acados_nmpc_node]: [attach-window] t=40.89s pos_err=6.271m T=31.35N z=0.971 m_est=2.129
[WARN] [1789396149.097122403] [acados_nmpc_node]: t=40.96s | KKT residual abnormal! res_stat=1.538e+02 res_eq=1.553e-04 res_ineq=0.000e+00 res_comp=4.217e-01 | sqp_iter=100 | peak res_stat=4.413e+02
[WARN] [1789396149.097477794] [acados_nmpc_node]: acados solve failed [status=2, 38 consecutive] | x_cur pos=[-8.2765379  -7.37118435  0.96540439] vel=[ 2.12341857 -8.84957695 -0.4839052 ] |q|=1.0000
[INFO] [1789396149.097867534] [acados_nmpc_node]: [attach-window] t=40.96s pos_err=6.598m T=31.35N z=0.965 m_est=2.129
[WARN] [1789396149.175510597] [acados_nmpc_node]: t=41.03s | KKT residual abnormal! res_stat=1.178e+02 res_eq=1.489e-03 res_ineq=0.000e+00 res_comp=5.652e+00 | sqp_iter=100 | peak res_stat=4.413e+02
[WARN] [1789396149.175856350] [acados_nmpc_node]: acados solve failed [status=2, 39 consecutive] | x_cur pos=[-8.18943691 -8.03207588  0.89914656] vel=[ 2.07639837 -8.60323334 -1.32934034] |q|=1.0000
[INFO] [1789396149.176246722] [acados_nmpc_node]: [attach-window] t=41.03s pos_err=7.019m T=31.35N z=0.899 m_est=2.129
[WARN] [1789396149.255505410] [acados_nmpc_node]: t=41.11s | KKT residual abnormal! res_stat=1.075e+02 res_eq=1.138e-03 res_ineq=0.000e+00 res_comp=7.105e+00 | sqp_iter=100 | peak res_stat=4.413e+02
[WARN] [1789396149.255854107] [acados_nmpc_node]: acados solve failed [status=2, 40 consecutive] | x_cur pos=[-8.12101269 -8.52949047  0.80463934] vel=[ 2.13294387 -8.38364697 -1.96336722] |q|=1.0000
[INFO] [1789396149.256235839] [acados_nmpc_node]: [attach-window] t=41.11s pos_err=7.327m T=31.35N z=0.805 m_est=2.129
[INFO] [1789396149.256518341] [acados_nmpc_node]: [wcmd] raw=[+4.299,-1.544,+8.984] w=[-0.757,-4.395,-4.363] err=[+5.057,+2.852] scaled=[+4.299,-1.544] s=1.97
[WARN] [1789396149.330063452] [acados_nmpc_node]: t=41.19s | KKT residual abnormal! res_stat=4.229e+01 res_eq=1.783e-04 res_ineq=0.000e+00 res_comp=3.339e-01 | sqp_iter=100 | peak res_stat=4.413e+02
[WARN] [1789396149.330413763] [acados_nmpc_node]: acados solve failed [status=2, 41 consecutive] | x_cur pos=[-7.96981668 -9.40899277  0.53774011] vel=[ 2.49978161 -7.92106438 -2.995157  ] |q|=1.0000
[WARN] [1789396149.330638401] [acados_nmpc_node]: Exceeded 40 consecutive failures, resetting warm-start to safe hover state
[INFO] [1789396149.331171888] [acados_nmpc_node]: [attach-window] t=41.19s pos_err=8.058m T=20.25N z=0.538 m_est=2.129
[WARN] [1789396149.413571554] [acados_nmpc_node]: t=41.27s | KKT residual abnormal! res_stat=9.857e+01 res_eq=3.599e-03 res_ineq=0.000e+00 res_comp=1.555e+01 | sqp_iter=100 | peak res_stat=4.413e+02
[WARN] [1789396149.413913762] [acados_nmpc_node]: acados solve failed [status=2, 42 consecutive] | x_cur pos=[-7.84549475 -9.92049217  0.32388809] vel=[ 2.81779528 -7.67924643 -3.51180768] |q|=1.0000
[WARN] [1789396149.414131961] [acados_nmpc_node]: Exceeded 40 consecutive failures, resetting warm-start to safe hover state
[INFO] [1789396149.414647795] [acados_nmpc_node]: [attach-window] t=41.27s pos_err=8.462m T=20.25N z=0.324 m_est=2.129
[WARN] [1789396149.500073349] [acados_nmpc_node]: t=41.35s | KKT residual abnormal! res_stat=1.508e+02 res_eq=1.888e-03 res_ineq=0.000e+00 res_comp=8.788e+00 | sqp_iter=100 | peak res_stat=4.413e+02
[WARN] [1789396149.500452388] [acados_nmpc_node]: acados solve failed [status=2, 43 consecutive] | x_cur pos=[ -7.57909679 -10.71535015  -0.08514485] vel=[ 3.44331861 -7.39934158 -4.16619205] |q|=1.0000
[WARN] [1789396149.500670968] [acados_nmpc_node]: Exceeded 40 consecutive failures, resetting warm-start to safe hover state
[INFO] [1789396149.501227045] [acados_nmpc_node]: [attach-window] t=41.35s pos_err=9.216m T=20.25N z=-0.085 m_est=2.129
[WARN] [1789396149.585689894] [acados_nmpc_node]: t=41.44s | KKT residual abnormal! res_stat=8.538e-01 res_eq=7.580e-08 res_ineq=0.000e+00 res_comp=1.770e-07 | sqp_iter=100 | peak res_stat=4.413e+02
[WARN] [1789396149.586043412] [acados_nmpc_node]: acados solve failed [status=2, 44 consecutive] | x_cur pos=[ -7.37058735 -11.19066238  -0.36384246] vel=[ 3.88023901 -7.31126928 -4.44102383] |q|=1.0000
[WARN] [1789396149.586261602] [acados_nmpc_node]: Exceeded 40 consecutive failures, resetting warm-start to safe hover state
[INFO] [1789396149.586774901] [acados_nmpc_node]: [attach-window] t=41.44s pos_err=9.633m T=20.25N z=-0.364 m_est=2.129
[WARN] [1789396149.667745894] [acados_nmpc_node]: t=41.52s | KKT residual abnormal! res_stat=5.487e+00 res_eq=9.131e-06 res_ineq=0.000e+00 res_comp=9.964e-03 | sqp_iter=100 | peak res_stat=4.413e+02
[WARN] [1789396149.668087746] [acados_nmpc_node]: acados solve failed [status=2, 45 consecutive] | x_cur pos=[ -6.95656347 -11.95940876  -0.84133792] vel=[ 4.5547266 -7.3344636 -4.7280097] |q|=1.0000
[WARN] [1789396149.668310174] [acados_nmpc_node]: Exceeded 40 consecutive failures, resetting warm-start to safe hover state
[INFO] [1789396149.668823548] [acados_nmpc_node]: [attach-window] t=41.52s pos_err=10.433m T=20.25N z=-0.841 m_est=2.129
[WARN] [1789396149.748293067] [acados_nmpc_node]: t=41.60s | KKT residual abnormal! res_stat=3.109e+00 res_eq=2.434e-06 res_ineq=0.000e+00 res_comp=1.886e-03 | sqp_iter=100 | peak res_stat=4.413e+02
[WARN] [1789396149.748653565] [acados_nmpc_node]: acados solve failed [status=2, 46 consecutive] | x_cur pos=[ -6.7043314  -12.42587185  -1.1875329 ] vel=[ 3.82947373 -7.08220434 -5.899755  ] |q|=1.0000
[WARN] [1789396149.748879241] [acados_nmpc_node]: Exceeded 40 consecutive failures, resetting warm-start to safe hover state
[INFO] [1789396149.749414262] [acados_nmpc_node]: [attach-window] t=41.60s pos_err=10.912m T=20.25N z=-1.188 m_est=2.129
[WARN] [1789396149.815298229] [acados_nmpc_node]: t=41.68s | KKT residual abnormal! res_stat=8.665e+01 res_eq=9.993e-04 res_ineq=0.000e+00 res_comp=3.017e+00 | sqp_iter=100 | peak res_stat=4.413e+02
[WARN] [1789396149.815662499] [acados_nmpc_node]: acados solve failed [status=2, 47 consecutive] | x_cur pos=[ -6.20373917 -12.62490177  -0.95424116] vel=[6.35080433 0.38175565 5.93351126] |q|=1.0000
[WARN] [1789396149.815882328] [acados_nmpc_node]: Exceeded 40 consecutive failures, resetting warm-start to safe hover state
[INFO] [1789396149.816417476] [acados_nmpc_node]: [attach-window] t=41.68s pos_err=10.889m T=20.25N z=-0.954 m_est=2.129
[WARN] [1789396149.887335881] [acados_nmpc_node]: t=41.75s | KKT residual abnormal! res_stat=5.836e+01 res_eq=6.678e-04 res_ineq=0.000e+00 res_comp=3.537e+00 | sqp_iter=100 | peak res_stat=4.413e+02
[WARN] [1789396149.887702028] [acados_nmpc_node]: acados solve failed [status=2, 48 consecutive] | x_cur pos=[ -5.75715733 -12.61277771  -0.54613197] vel=[6.51499605 0.22339518 5.30625916] |q|=1.0000
[WARN] [1789396149.887918714] [acados_nmpc_node]: Exceeded 40 consecutive failures, resetting warm-start to safe hover state
[INFO] [1789396149.888444349] [acados_nmpc_node]: [attach-window] t=41.75s pos_err=10.623m T=20.25N z=-0.546 m_est=2.129
[WARN] [1789396149.963843113] [acados_nmpc_node]: t=41.82s | KKT residual abnormal! res_stat=1.410e+02 res_eq=5.340e-04 res_ineq=0.000e+00 res_comp=7.990e+00 | sqp_iter=100 | peak res_stat=4.413e+02
[WARN] [1789396149.964215819] [acados_nmpc_node]: acados solve failed [status=2, 49 consecutive] | x_cur pos=[ -5.34366083 -12.61057091  -0.21208766] vel=[6.60466957 0.0900107  4.89154196] |q|=1.0000
[WARN] [1789396149.964433112] [acados_nmpc_node]: Exceeded 40 consecutive failures, resetting warm-start to safe hover state
[INFO] [1789396149.964964187] [acados_nmpc_node]: [attach-window] t=41.82s pos_err=10.421m T=20.25N z=-0.212 m_est=2.129
[WARN] [1789396150.033988903] [acados_nmpc_node]: t=41.90s | KKT residual abnormal! res_stat=9.442e+01 res_eq=5.814e-04 res_ineq=0.000e+00 res_comp=3.040e+00 | sqp_iter=100 | peak res_stat=4.413e+02
[WARN] [1789396150.034349544] [acados_nmpc_node]: acados solve failed [status=2, 50 consecutive] | x_cur pos=[ -4.91448927 -12.61828232   0.10004482] vel=[6.68523455 0.04113977 4.53102732] |q|=1.0000
[WARN] [1789396150.034570461] [acados_nmpc_node]: Exceeded 40 consecutive failures, resetting warm-start to safe hover state
[INFO] [1789396150.035095929] [acados_nmpc_node]: [attach-window] t=41.90s pos_err=10.265m T=20.25N z=0.100 m_est=2.129
[WARN] [1789396150.105631375] [acados_nmpc_node]: t=41.97s | KKT residual abnormal! res_stat=1.216e+02 res_eq=9.383e-04 res_ineq=0.000e+00 res_comp=3.549e+00 | sqp_iter=100 | peak res_stat=4.413e+02
[WARN] [1789396150.105988523] [acados_nmpc_node]: acados solve failed [status=2, 51 consecutive] | x_cur pos=[ -4.41515732 -12.62806988   0.42872795] vel=[6.74022865 0.08753887 4.14632988] |q|=1.0000
[WARN] [1789396150.106207264] [acados_nmpc_node]: Exceeded 40 consecutive failures, resetting warm-start to safe hover state
[INFO] [1789396150.106723704] [acados_nmpc_node]: [attach-window] t=41.97s pos_err=10.145m T=20.25N z=0.429 m_est=2.129
[WARN] [1789396150.172264750] [acados_nmpc_node]: t=42.04s | KKT residual abnormal! res_stat=2.101e+02 res_eq=1.292e-03 res_ineq=0.000e+00 res_comp=4.450e+00 | sqp_iter=100 | peak res_stat=4.413e+02
[WARN] [1789396150.172608899] [acados_nmpc_node]: acados solve failed [status=2, 52 consecutive] | x_cur pos=[ -3.90428495 -12.62822723   0.73343146] vel=[6.73679113 0.21761315 3.76092052] |q|=1.0000
[WARN] [1789396150.172824021] [acados_nmpc_node]: Exceeded 40 consecutive failures, resetting warm-start to safe hover state
[INFO] [1789396150.173340725] [acados_nmpc_node]: [attach-window] t=42.04s pos_err=10.066m T=20.25N z=0.733 m_est=2.129
[WARN] [1789396150.234877052] [acados_nmpc_node]: t=42.11s | KKT residual abnormal! res_stat=1.129e+02 res_eq=1.077e-03 res_ineq=0.000e+00 res_comp=2.036e+00 | sqp_iter=100 | peak res_stat=4.413e+02
[WARN] [1789396150.235223603] [acados_nmpc_node]: acados solve failed [status=2, 53 consecutive] | x_cur pos=[ -3.44662786 -12.61346722   0.98264253] vel=[6.67659235 0.38972852 3.41393304] |q|=1.0000
[WARN] [1789396150.235440079] [acados_nmpc_node]: Exceeded 40 consecutive failures, resetting warm-start to safe hover state
[INFO] [1789396150.235953537] [acados_nmpc_node]: [attach-window] t=42.11s pos_err=10.016m T=20.25N z=0.983 m_est=2.129
[WARN] [1789396150.293055913] [acados_nmpc_node]: t=42.17s | KKT residual abnormal! res_stat=1.258e+02 res_eq=1.402e-03 res_ineq=0.000e+00 res_comp=5.779e+00 | sqp_iter=100 | peak res_stat=4.413e+02
[WARN] [1789396150.293401226] [acados_nmpc_node]: acados solve failed [status=2, 54 consecutive] | x_cur pos=[ -2.99159575 -12.57958317   1.21046436] vel=[6.55734348 0.61128378 3.06584978] |q|=1.0000
[WARN] [1789396150.293621040] [acados_nmpc_node]: Exceeded 40 consecutive failures, resetting warm-start to safe hover state
[INFO] [1789396150.294138428] [acados_nmpc_node]: [attach-window] t=42.17s pos_err=9.992m T=20.25N z=1.210 m_est=2.129
[WARN] [1789396150.354300478] [acados_nmpc_node]: t=42.23s | KKT residual abnormal! res_stat=1.062e+02 res_eq=1.910e-03 res_ineq=0.000e+00 res_comp=2.120e+01 | sqp_iter=100 | peak res_stat=4.413e+02
[WARN] [1789396150.354652162] [acados_nmpc_node]: acados solve failed [status=2, 55 consecutive] | x_cur pos=[ -2.54402542 -12.52287674   1.41633046] vel=[6.3913703  0.86198682 2.71333122] |q|=1.0000
[WARN] [1789396150.354870130] [acados_nmpc_node]: Exceeded 40 consecutive failures, resetting warm-start to safe hover state
[INFO] [1789396150.355385038] [acados_nmpc_node]: [attach-window] t=42.23s pos_err=9.973m T=20.25N z=1.416 m_est=2.129
[WARN] [1789396150.412169237] [acados_nmpc_node]: t=42.29s | KKT residual abnormal! res_stat=1.054e+02 res_eq=2.156e-03 res_ineq=0.000e+00 res_comp=1.573e+01 | sqp_iter=100 | peak res_stat=4.413e+02
[WARN] [1789396150.412514984] [acados_nmpc_node]: acados solve failed [status=2, 56 consecutive] | x_cur pos=[ -2.05453992 -12.43073368   1.62022042] vel=[6.1741643  1.14445782 2.29674125] |q|=1.0000
[WARN] [1789396150.412732059] [acados_nmpc_node]: Exceeded 40 consecutive failures, resetting warm-start to safe hover state
[INFO] [1789396150.413260740] [acados_nmpc_node]: [attach-window] t=42.29s pos_err=9.975m T=20.25N z=1.620 m_est=2.129
[WARN] [1789396150.474139797] [acados_nmpc_node]: t=42.35s | KKT residual abnormal! res_stat=8.775e+01 res_eq=1.455e-03 res_ineq=0.000e+00 res_comp=1.213e+01 | sqp_iter=100 | peak res_stat=4.413e+02
[WARN] [1789396150.474483470] [acados_nmpc_node]: acados solve failed [status=2, 57 consecutive] | x_cur pos=[ -1.63485634 -12.32521629   1.77541816] vel=[5.96359921 1.39146507 1.91906464] |q|=1.0000
[WARN] [1789396150.474704233] [acados_nmpc_node]: Exceeded 40 consecutive failures, resetting warm-start to safe hover state
[INFO] [1789396150.475224144] [acados_nmpc_node]: [attach-window] t=42.35s pos_err=9.965m T=20.25N z=1.775 m_est=2.129
[WARN] [1789396150.537069911] [acados_nmpc_node]: t=42.41s | KKT residual abnormal! res_stat=1.485e+02 res_eq=1.680e-03 res_ineq=0.000e+00 res_comp=1.018e+01 | sqp_iter=100 | peak res_stat=4.413e+02
[WARN] [1789396150.537414956] [acados_nmpc_node]: acados solve failed [status=2, 58 consecutive] | x_cur pos=[ -1.43092442 -12.26478291   1.84359825] vel=[5.85363722 1.5139395  1.73178899] |q|=1.0000
[WARN] [1789396150.537630711] [acados_nmpc_node]: Exceeded 40 consecutive failures, resetting warm-start to safe hover state
[INFO] [1789396150.538280768] [acados_nmpc_node]: [attach-window] t=42.41s pos_err=9.917m T=20.25N z=1.844 m_est=2.129
[INFO] [1789396150.538567569] [acados_nmpc_node]: [wcmd] raw=[+4.299,-1.544,+8.984] w=[+0.213,-0.752,+2.930] err=[+4.086,-0.791] scaled=[+4.299,-1.544] s=1.97
[WARN] [1789396150.600221868] [acados_nmpc_node]: t=42.47s | KKT residual abnormal! res_stat=1.235e+02 res_eq=1.720e-03 res_ineq=0.000e+00 res_comp=2.023e+01 | sqp_iter=100 | peak res_stat=4.413e+02
[WARN] [1789396150.600593714] [acados_nmpc_node]: acados solve failed [status=2, 59 consecutive] | x_cur pos=[ -1.03569567 -12.12870789   1.9619323 ] vel=[5.62155581 1.76322627 1.37284148] |q|=1.0000
[WARN] [1789396150.600814386] [acados_nmpc_node]: Exceeded 40 consecutive failures, resetting warm-start to safe hover state
[INFO] [1789396150.601362640] [acados_nmpc_node]: [attach-window] t=42.47s pos_err=9.912m T=20.25N z=1.962 m_est=2.129
[INFO] [1789396150.601702693] [acados_nmpc_node]: t=42.5s | pos_err=9.912m | T=20.25N | tau=[r0.000 p0.000 y0.000]Nm | res_stat=1.235e+02(peak 4.413e+02) sqp_iter=100 | solve=61.8ms
[INFO] [1789396150.601850334] [acados_nmpc_node]: [flight-diag] t=42.5s | om_scale=1.965(lo 1.965 hi 2.996) | tilt_max=129.15deg | w_max=[r7.226 p10.072 y10.699]rad/s | u_frac=[T1.000 r1.000 p1.000 y1.000] | u_sat=[T79.0 r79.0 p40.0 y81.0]% | mot_peak=1.000 mot_sat=92.0% | health=0 age=4.483s conf=0.000 | n=100
[WARN] [1789396150.671127275] [acados_nmpc_node]: t=42.54s | KKT residual abnormal! res_stat=1.137e+02 res_eq=2.656e-03 res_ineq=0.000e+00 res_comp=3.006e+01 | sqp_iter=100 | peak res_stat=4.413e+02
[WARN] [1789396150.671471123] [acados_nmpc_node]: acados solve failed [status=2, 60 consecutive] | x_cur pos=[ -0.61212325 -11.95210743   2.06763792] vel=[5.35261154 2.05084419 1.00030982] |q|=1.0000
[WARN] [1789396150.671688836] [acados_nmpc_node]: Exceeded 40 consecutive failures, resetting warm-start to safe hover state
[INFO] [1789396150.672200374] [acados_nmpc_node]: [attach-window] t=42.54s pos_err=9.904m T=20.25N z=2.068 m_est=2.129
[WARN] [1789396150.742450383] [acados_nmpc_node]: t=42.61s | KKT residual abnormal! res_stat=1.942e+02 res_eq=2.838e-04 res_ineq=0.000e+00 res_comp=3.208e+00 | sqp_iter=100 | peak res_stat=4.413e+02
[WARN] [1789396150.742811889] [acados_nmpc_node]: acados solve failed [status=2, 61 consecutive] | x_cur pos=[ -0.25420487 -11.77456856   2.13909078] vel=[5.12345648 2.31272459 0.69740802] |q|=1.0000
[WARN] [1789396150.743029206] [acados_nmpc_node]: Exceeded 40 consecutive failures, resetting warm-start to safe hover state
[INFO] [1789396150.743553306] [acados_nmpc_node]: [attach-window] t=42.61s pos_err=9.878m T=20.25N z=2.139 m_est=2.129
[WARN] [1789396150.820997532] [acados_nmpc_node]: t=42.67s | KKT residual abnormal! res_stat=7.191e+00 res_eq=2.233e-05 res_ineq=0.000e+00 res_comp=2.893e-02 | sqp_iter=100 | peak res_stat=4.413e+02
[WARN] [1789396150.821343789] [acados_nmpc_node]: acados solve failed [status=2, 62 consecutive] | x_cur pos=[  0.25276816 -11.47444153   2.21051669] vel=[4.82748461 2.72141552 0.28895453] |q|=1.0000
[WARN] [1789396150.821559407] [acados_nmpc_node]: Exceeded 40 consecutive failures, resetting warm-start to safe hover state
[INFO] [1789396150.822071091] [acados_nmpc_node]: [attach-window] t=42.67s pos_err=9.886m T=20.25N z=2.211 m_est=2.129
[WARN] [1789396150.902466124] [acados_nmpc_node]: t=42.76s | KKT residual abnormal! res_stat=1.112e-01 res_eq=2.677e-10 res_ineq=0.000e+00 res_comp=1.368e-09 | sqp_iter=100 | peak res_stat=4.413e+02
[WARN] [1789396150.902812949] [acados_nmpc_node]: acados solve failed [status=2, 63 consecutive] | x_cur pos=[  0.61494184 -11.22139168   2.23917246] vel=[4.66671515 3.04706311 0.00527324] |q|=1.0000
[WARN] [1789396150.903030779] [acados_nmpc_node]: Exceeded 40 consecutive failures, resetting warm-start to safe hover state
[INFO] [1789396150.903546915] [acados_nmpc_node]: [attach-window] t=42.76s pos_err=9.844m T=20.25N z=2.239 m_est=2.129
[WARN] [1789396150.983439786] [acados_nmpc_node]: t=42.84s | KKT residual abnormal! res_stat=1.022e+02 res_eq=6.418e-04 res_ineq=0.000e+00 res_comp=2.305e+00 | sqp_iter=100 | peak res_stat=4.413e+02
[WARN] [1789396150.983804503] [acados_nmpc_node]: acados solve failed [status=2, 64 consecutive] | x_cur pos=[  0.96776611 -10.94317532   2.24721646] vel=[ 4.57242823  3.39530563 -0.27674738] |q|=1.0000
[WARN] [1789396150.984030672] [acados_nmpc_node]: Exceeded 40 consecutive failures, resetting warm-start to safe hover state
[INFO] [1789396150.984561979] [acados_nmpc_node]: [attach-window] t=42.84s pos_err=9.803m T=20.25N z=2.247 m_est=2.129
[WARN] [1789396151.069187255] [acados_nmpc_node]: t=42.92s | KKT residual abnormal! res_stat=8.546e+01 res_eq=1.858e-04 res_ineq=0.000e+00 res_comp=1.415e+00 | sqp_iter=100 | peak res_stat=4.413e+02
[WARN] [1789396151.069546574] [acados_nmpc_node]: acados solve failed [status=2, 65 consecutive] | x_cur pos=[  1.43375385 -10.53090572   2.22497988] vel=[ 4.55800295  3.90259099 -0.68346453] |q|=1.0000
[WARN] [1789396151.069765439] [acados_nmpc_node]: Exceeded 40 consecutive failures, resetting warm-start to safe hover state
[INFO] [1789396151.070294366] [acados_nmpc_node]: [attach-window] t=42.92s pos_err=9.792m T=20.25N z=2.225 m_est=2.129
[WARN] [1789396151.153815146] [acados_nmpc_node]: t=43.00s | KKT residual abnormal! res_stat=9.666e+00 res_eq=6.131e-05 res_ineq=0.000e+00 res_comp=7.584e-02 | sqp_iter=100 | peak res_stat=4.413e+02
[WARN] [1789396151.154180672] [acados_nmpc_node]: acados solve failed [status=2, 66 consecutive] | x_cur pos=[  1.74823773 -10.22788811   2.18709326] vel=[ 4.61649704  4.2712822  -0.99544138] |q|=1.0000
[WARN] [1789396151.154399440] [acados_nmpc_node]: Exceeded 40 consecutive failures, resetting warm-start to safe hover state
[INFO] [1789396151.154998817] [acados_nmpc_node]: [attach-window] t=43.00s pos_err=9.753m T=20.25N z=2.187 m_est=2.129
[WARN] [1789396151.236606925] [acados_nmpc_node]: t=43.09s | KKT residual abnormal! res_stat=1.015e+02 res_eq=1.604e-03 res_ineq=0.000e+00 res_comp=2.197e+00 | sqp_iter=100 | peak res_stat=4.413e+02
[WARN] [1789396151.236963837] [acados_nmpc_node]: acados solve failed [status=2, 67 consecutive] | x_cur pos=[ 2.23641658 -9.72613239  2.08730125] vel=[ 4.7901783   4.87297964 -1.55939901] |q|=1.0000
[WARN] [1789396151.237186378] [acados_nmpc_node]: Exceeded 40 consecutive failures, resetting warm-start to safe hover state
[INFO] [1789396151.237705909] [acados_nmpc_node]: [attach-window] t=43.09s pos_err=9.790m T=20.25N z=2.087 m_est=2.129
[WARN] [1789396151.317148365] [acados_nmpc_node]: t=43.17s | KKT residual abnormal! res_stat=8.341e+02 res_eq=1.164e-03 res_ineq=0.000e+00 res_comp=4.566e+01 | sqp_iter=100 | peak res_stat=8.341e+02
[WARN] [1789396151.317496716] [acados_nmpc_node]: acados solve failed [status=2, 68 consecutive] | x_cur pos=[ 2.61992145 -9.31072521  1.97098386] vel=[ 4.96596479  5.35755301 -2.07879543] |q|=1.0000
[WARN] [1789396151.317715356] [acados_nmpc_node]: Exceeded 40 consecutive failures, resetting warm-start to safe hover state
[INFO] [1789396151.318225419] [acados_nmpc_node]: [attach-window] t=43.17s pos_err=9.815m T=20.25N z=1.971 m_est=2.129
[WARN] [1789396151.396273920] [acados_nmpc_node]: t=43.25s | KKT residual abnormal! res_stat=4.648e+00 res_eq=4.965e-07 res_ineq=0.000e+00 res_comp=1.581e-08 | sqp_iter=100 | peak res_stat=8.341e+02
[WARN] [1789396151.396617650] [acados_nmpc_node]: acados solve failed [status=2, 69 consecutive] | x_cur pos=[ 3.20503235 -8.64750671  1.72403753] vel=[ 5.23772621  6.09241056 -3.00093937] |q|=1.0000
[WARN] [1789396151.396832869] [acados_nmpc_node]: Exceeded 40 consecutive failures, resetting warm-start to safe hover state
[INFO] [1789396151.397344726] [acados_nmpc_node]: [attach-window] t=43.25s pos_err=9.987m T=20.25N z=1.724 m_est=2.129
[WARN] [1789396151.476527714] [acados_nmpc_node]: t=43.33s | KKT residual abnormal! res_stat=8.050e+02 res_eq=1.923e-04 res_ineq=0.000e+00 res_comp=3.863e+00 | sqp_iter=100 | peak res_stat=8.341e+02
[WARN] [1789396151.476877223] [acados_nmpc_node]: acados solve failed [status=2, 70 consecutive] | x_cur pos=[ 3.58328319 -8.20016384  1.51622272] vel=[ 5.3835597   6.55228472 -3.67328072] |q|=1.0000
[WARN] [1789396151.477093106] [acados_nmpc_node]: Exceeded 40 consecutive failures, resetting warm-start to safe hover state
[INFO] [1789396151.477609688] [acados_nmpc_node]: [attach-window] t=43.33s pos_err=10.100m T=20.25N z=1.516 m_est=2.129
[WARN] [1789396151.554173096] [acados_nmpc_node]: t=43.41s | KKT residual abnormal! res_stat=1.178e+02 res_eq=2.519e-04 res_ineq=0.000e+00 res_comp=1.983e+00 | sqp_iter=100 | peak res_stat=8.341e+02
[WARN] [1789396151.554550063] [acados_nmpc_node]: acados solve failed [status=2, 71 consecutive] | x_cur pos=[ 4.16832066 -7.47466803  1.11112213] vel=[ 5.51734972  7.22475195 -4.81462383] |q|=1.0000
[WARN] [1789396151.554771779] [acados_nmpc_node]: Exceeded 40 consecutive failures, resetting warm-start to safe hover state
[INFO] [1789396151.555311769] [acados_nmpc_node]: [attach-window] t=43.41s pos_err=10.412m T=20.25N z=1.111 m_est=2.129
[WARN] [1789396151.629412541] [acados_nmpc_node]: t=43.49s | KKT residual abnormal! res_stat=2.451e-02 res_eq=2.078e-11 res_ineq=0.000e+00 res_comp=6.611e-07 | sqp_iter=100 | peak res_stat=8.341e+02
[WARN] [1789396151.629759141] [acados_nmpc_node]: acados solve failed [status=2, 72 consecutive] | x_cur pos=[ 4.56283426 -6.95731926  0.7729485 ] vel=[ 5.52331972  7.64361715 -5.64059114] |q|=1.0000
[WARN] [1789396151.629976821] [acados_nmpc_node]: Exceeded 40 consecutive failures, resetting warm-start to safe hover state
[INFO] [1789396151.630493667] [acados_nmpc_node]: [attach-window] t=43.49s pos_err=10.647m T=20.25N z=0.773 m_est=2.129
[WARN] [1789396151.709139720] [acados_nmpc_node]: t=43.57s | KKT residual abnormal! res_stat=3.394e+02 res_eq=8.527e-04 res_ineq=0.000e+00 res_comp=1.610e+01 | sqp_iter=100 | peak res_stat=8.341e+02
[WARN] [1789396151.709485805] [acados_nmpc_node]: acados solve failed [status=2, 73 consecutive] | x_cur pos=[ 5.00261068 -6.3459754   0.32408246] vel=[ 5.43526745  8.0714035  -6.59817982] |q|=1.0000
[WARN] [1789396151.709707621] [acados_nmpc_node]: Exceeded 40 consecutive failures, resetting warm-start to safe hover state
[INFO] [1789396151.710224027] [acados_nmpc_node]: [attach-window] t=43.57s pos_err=10.977m T=20.25N z=0.324 m_est=2.129
[WARN] [1789396151.788324657] [acados_nmpc_node]: t=43.64s | KKT residual abnormal! res_stat=4.093e+01 res_eq=7.005e-05 res_ineq=0.000e+00 res_comp=3.721e-02 | sqp_iter=100 | peak res_stat=8.341e+02
[WARN] [1789396151.788688495] [acados_nmpc_node]: acados solve failed [status=2, 74 consecutive] | x_cur pos=[ 5.56644344 -5.48890257 -0.38832703] vel=[ 5.16336966  8.55228519 -7.85397148] |q|=1.0000
[WARN] [1789396151.788907620] [acados_nmpc_node]: Exceeded 40 consecutive failures, resetting warm-start to safe hover state
[INFO] [1789396151.789528241] [acados_nmpc_node]: [attach-window] t=43.64s pos_err=11.558m T=20.25N z=-0.388 m_est=2.129
[WARN] [1789396151.876812041] [acados_nmpc_node]: t=43.72s | KKT residual abnormal! res_stat=2.262e+02 res_eq=3.150e-04 res_ineq=0.000e+00 res_comp=2.659e+01 | sqp_iter=100 | peak res_stat=8.341e+02
[WARN] [1789396151.877167503] [acados_nmpc_node]: acados solve failed [status=2, 75 consecutive] | x_cur pos=[ 5.96124792 -4.82263613 -1.00193262] vel=[ 4.86898041  8.84130573 -8.73066807] |q|=1.0000
[WARN] [1789396151.877383781] [acados_nmpc_node]: Exceeded 40 consecutive failures, resetting warm-start to safe hover state
[INFO] [1789396151.877897817] [acados_nmpc_node]: [attach-window] t=43.72s pos_err=12.023m T=20.25N z=-1.002 m_est=2.129
[WARN] [1789396151.950465578] [acados_nmpc_node]: t=43.81s | KKT residual abnormal! res_stat=1.836e+00 res_eq=4.667e-07 res_ineq=0.000e+00 res_comp=4.484e-07 | sqp_iter=100 | peak res_stat=8.341e+02
[WARN] [1789396151.950806379] [acados_nmpc_node]: acados solve failed [status=2, 76 consecutive] | x_cur pos=[ 6.34007025 -4.0921793  -1.32755411] vel=[2.02974057 4.66688633 4.98358583] |q|=1.0000
[WARN] [1789396151.951019979] [acados_nmpc_node]: Exceeded 40 consecutive failures, resetting warm-start to safe hover state
[INFO] [1789396151.951534256] [acados_nmpc_node]: [attach-window] t=43.81s pos_err=12.336m T=20.25N z=-1.328 m_est=2.129
[WARN] [1789396152.018731751] [acados_nmpc_node]: t=43.88s | KKT residual abnormal! res_stat=1.482e-03 res_eq=4.441e-14 res_ineq=0.000e+00 res_comp=3.008e-15 | sqp_iter=100 | peak res_stat=8.341e+02
[WARN] [1789396152.019108298] [acados_nmpc_node]: acados solve failed [status=2, 77 consecutive] | x_cur pos=[ 6.49234962 -3.75598073 -1.03693438] vel=[2.16903329 5.00094795 4.42080736] |q|=1.0000
[WARN] [1789396152.019328667] [acados_nmpc_node]: Exceeded 40 consecutive failures, resetting warm-start to safe hover state
[INFO] [1789396152.019873329] [acados_nmpc_node]: [attach-window] t=43.88s pos_err=12.167m T=20.25N z=-1.037 m_est=2.129
[WARN] [1789396152.089937021] [acados_nmpc_node]: t=43.95s | KKT residual abnormal! res_stat=1.348e+02 res_eq=1.775e-04 res_ineq=0.000e+00 res_comp=2.262e+00 | sqp_iter=100 | peak res_stat=8.341e+02
[WARN] [1789396152.090298183] [acados_nmpc_node]: acados solve failed [status=2, 78 consecutive] | x_cur pos=[ 6.66487885 -3.3582356  -0.75225866] vel=[2.16288424 5.30964661 3.50265813] |q|=1.0000
[WARN] [1789396152.090518658] [acados_nmpc_node]: Exceeded 40 consecutive failures, resetting warm-start to safe hover state
[INFO] [1789396152.091060885] [acados_nmpc_node]: [attach-window] t=43.95s pos_err=12.023m T=20.25N z=-0.752 m_est=2.129
[INFO] [1789396152.091361640] [acados_nmpc_node]: [wcmd] raw=[+4.299,-1.544,+8.984] w=[+0.552,+12.829,+26.336] err=[+3.748,-14.372] scaled=[+4.299,-1.544] s=1.97
[WARN] [1789396152.168934064] [acados_nmpc_node]: t=44.03s | KKT residual abnormal! res_stat=2.975e+01 res_eq=2.787e-05 res_ineq=0.000e+00 res_comp=6.266e-01 | sqp_iter=100 | peak res_stat=8.341e+02
[WARN] [1789396152.169286291] [acados_nmpc_node]: acados solve failed [status=2, 79 consecutive] | x_cur pos=[ 6.81057167 -3.00407982 -0.55459356] vel=[2.03749061 5.36514378 2.66000724] |q|=1.0000
[WARN] [1789396152.169501187] [acados_nmpc_node]: Exceeded 40 consecutive failures, resetting warm-start to safe hover state
[INFO] [1789396152.170020757] [acados_nmpc_node]: [attach-window] t=44.03s pos_err=11.910m T=20.25N z=-0.555 m_est=2.129
[WARN] [1789396152.248781826] [acados_nmpc_node]: t=44.10s | KKT residual abnormal! res_stat=3.525e-01 res_eq=2.690e-08 res_ineq=0.000e+00 res_comp=8.006e-09 | sqp_iter=100 | peak res_stat=8.341e+02
[WARN] [1789396152.249126538] [acados_nmpc_node]: acados solve failed [status=2, 80 consecutive] | x_cur pos=[ 6.94317341 -2.65232992 -0.4110401 ] vel=[1.78402507 5.46721315 1.86257291] |q|=1.0000
[WARN] [1789396152.249342013] [acados_nmpc_node]: Exceeded 40 consecutive failures, resetting warm-start to safe hover state
[INFO] [1789396152.249845620] [acados_nmpc_node]: [attach-window] t=44.10s pos_err=11.800m T=20.25N z=-0.411 m_est=2.129
[WARN] [1789396152.322283888] [acados_nmpc_node]: t=44.18s | KKT residual abnormal! res_stat=1.540e+00 res_eq=3.535e-07 res_ineq=0.000e+00 res_comp=1.581e-07 | sqp_iter=100 | peak res_stat=8.341e+02
[WARN] [1789396152.322639115] [acados_nmpc_node]: acados solve failed [status=2, 81 consecutive] | x_cur pos=[ 7.10874033 -2.08204722 -0.27312067] vel=[1.25149357 5.60423565 0.85651743] |q|=1.0000
[WARN] [1789396152.322859377] [acados_nmpc_node]: Exceeded 40 consecutive failures, resetting warm-start to safe hover state
[INFO] [1789396152.323389699] [acados_nmpc_node]: [attach-window] t=44.18s pos_err=11.754m T=20.25N z=-0.273 m_est=2.129
[WARN] [1789396152.405538165] [acados_nmpc_node]: t=44.26s | KKT residual abnormal! res_stat=4.963e+01 res_eq=1.124e-03 res_ineq=0.000e+00 res_comp=1.636e+00 | sqp_iter=100 | peak res_stat=8.341e+02
[WARN] [1789396152.405891615] [acados_nmpc_node]: acados solve failed [status=2, 82 consecutive] | x_cur pos=[ 7.17986917 -1.72882724 -0.22935027] vel=[1.06158447 5.66466093 0.42415923] |q|=1.0000
[WARN] [1789396152.406111264] [acados_nmpc_node]: Exceeded 40 consecutive failures, resetting warm-start to safe hover state
[INFO] [1789396152.406707449] [acados_nmpc_node]: [attach-window] t=44.26s pos_err=11.654m T=20.25N z=-0.229 m_est=2.129
[INFO] [1789396152.433098785] [acados_nmpc_node]: [attach-window] t=44.34s pos_err=11.559m T=1.27N z=-0.211 m_est=2.129
[WARN] [1789396152.502093820] [acados_nmpc_node]: t=44.36s | KKT residual abnormal! res_stat=2.057e-04 res_eq=1.421e-14 res_ineq=0.000e+00 res_comp=3.973e-09 | sqp_iter=100 | peak res_stat=8.341e+02
[WARN] [1789396152.502447967] [acados_nmpc_node]: acados solve failed [status=2, 1 consecutive] | x_cur pos=[ 7.27599859 -1.15169322 -0.2143818 ] vel=[ 0.92632526  5.73483419 -0.39542666] |q|=1.0000
[INFO] [1789396152.502828181] [acados_nmpc_node]: [attach-window] t=44.36s pos_err=11.558m T=1.27N z=-0.214 m_est=2.129
[WARN] [1789396152.582200057] [acados_nmpc_node]: t=44.44s | KKT residual abnormal! res_stat=1.055e-03 res_eq=3.553e-15 res_ineq=0.000e+00 res_comp=4.537e-09 | sqp_iter=100 | peak res_stat=8.341e+02
[WARN] [1789396152.582588162] [acados_nmpc_node]: acados solve failed [status=2, 2 consecutive] | x_cur pos=[ 7.33062172 -0.78985649 -0.24082473] vel=[ 0.87598711  5.92198229 -0.89333898] |q|=1.0000
[INFO] [1789396152.583005135] [acados_nmpc_node]: [attach-window] t=44.44s pos_err=11.498m T=1.27N z=-0.241 m_est=2.129
[WARN] [1789396152.654553395] [acados_nmpc_node]: t=44.52s | KKT residual abnormal! res_stat=1.122e-02 res_eq=6.830e-11 res_ineq=0.000e+00 res_comp=9.476e-11 | sqp_iter=100 | peak res_stat=8.341e+02
[WARN] [1789396152.654904490] [acados_nmpc_node]: acados solve failed [status=2, 3 consecutive] | x_cur pos=[ 7.41519594 -0.22059235 -0.33939981] vel=[ 0.85592973  6.28029633 -1.73917043] |q|=1.0000
[INFO] [1789396152.655299104] [acados_nmpc_node]: [attach-window] t=44.52s pos_err=11.528m T=1.27N z=-0.339 m_est=2.129
[WARN] [1789396152.724336614] [acados_nmpc_node]: t=44.59s | KKT residual abnormal! res_stat=5.175e+01 res_eq=9.211e-05 res_ineq=0.000e+00 res_comp=1.075e+00 | sqp_iter=100 | peak res_stat=8.341e+02
[WARN] [1789396152.724683248] [acados_nmpc_node]: acados solve failed [status=2, 4 consecutive] | x_cur pos=[ 7.47787428  0.23373373 -0.47005814] vel=[ 0.73389953  6.49873543 -2.52475095] |q|=1.0000
[INFO] [1789396152.725088269] [acados_nmpc_node]: [attach-window] t=44.59s pos_err=11.576m T=1.27N z=-0.470 m_est=2.129
[WARN] [1789396152.797389918] [acados_nmpc_node]: t=44.66s | KKT residual abnormal! res_stat=3.271e+01 res_eq=6.752e-05 res_ineq=0.000e+00 res_comp=5.446e-02 | sqp_iter=100 | peak res_stat=8.341e+02
[WARN] [1789396152.797738668] [acados_nmpc_node]: acados solve failed [status=2, 5 consecutive] | x_cur pos=[ 7.52671337  0.64847571 -0.63127434] vel=[ 0.60006487  6.54101419 -3.12137032] |q|=1.0000
[INFO] [1789396152.798129669] [acados_nmpc_node]: [attach-window] t=44.66s pos_err=11.612m T=1.27N z=-0.631 m_est=2.129
[WARN] [1789396152.874804898] [acados_nmpc_node]: t=44.73s | KKT residual abnormal! res_stat=3.675e+01 res_eq=6.626e-05 res_ineq=0.000e+00 res_comp=5.445e-02 | sqp_iter=100 | peak res_stat=8.341e+02
[WARN] [1789396152.875152751] [acados_nmpc_node]: acados solve failed [status=2, 6 consecutive] | x_cur pos=[ 7.57038975  1.06761074 -0.82945943] vel=[ 0.55898994  6.61022282 -3.75700116] |q|=1.0000
[INFO] [1789396152.875541717] [acados_nmpc_node]: [attach-window] t=44.73s pos_err=11.677m T=1.27N z=-0.829 m_est=2.129
[WARN] [1789396152.961396848] [acados_nmpc_node]: t=44.81s | KKT residual abnormal! res_stat=3.292e+02 res_eq=6.041e-04 res_ineq=0.000e+00 res_comp=9.021e+00 | sqp_iter=100 | peak res_stat=8.341e+02
[WARN] [1789396152.961743747] [acados_nmpc_node]: acados solve failed [status=2, 7 consecutive] | x_cur pos=[ 7.63273859  1.75431204 -1.26054275] vel=[ 0.35662919  6.63978338 -5.18196487] |q|=1.0000
[INFO] [1789396152.962135133] [acados_nmpc_node]: [attach-window] t=44.81s pos_err=11.972m T=1.27N z=-1.261 m_est=2.129
[WARN] [1789396153.048573881] [acados_nmpc_node]: t=44.89s | KKT residual abnormal! res_stat=3.776e+01 res_eq=2.370e-04 res_ineq=0.000e+00 res_comp=9.144e-03 | sqp_iter=100 | peak res_stat=8.341e+02
[WARN] [1789396153.048941121] [acados_nmpc_node]: acados solve failed [status=2, 8 consecutive] | x_cur pos=[ 7.65786076  2.22656941 -1.64529061] vel=[ 0.05345248  6.56727934 -6.07685232] |q|=1.0000
[INFO] [1789396153.049346868] [acados_nmpc_node]: [attach-window] t=44.89s pos_err=12.152m T=1.27N z=-1.645 m_est=2.129
[WARN] [1789396153.138651250] [acados_nmpc_node]: t=44.98s | KKT residual abnormal! res_stat=5.933e+01 res_eq=3.745e-04 res_ineq=0.000e+00 res_comp=6.020e-01 | sqp_iter=100 | peak res_stat=8.341e+02
[WARN] [1789396153.139017981] [acados_nmpc_node]: acados solve failed [status=2, 9 consecutive] | x_cur pos=[ 7.69027758  2.77735543 -2.11004567] vel=[2.07236838 2.62784195 1.33536148] |q|=1.0000
[INFO] [1789396153.139421309] [acados_nmpc_node]: [attach-window] t=44.98s pos_err=12.410m T=1.27N z=-2.110 m_est=2.129
[WARN] [1789396153.214386035] [acados_nmpc_node]: t=45.07s | KKT residual abnormal! res_stat=9.249e-01 res_eq=2.206e-08 res_ineq=0.000e+00 res_comp=4.694e-13 | sqp_iter=100 | peak res_stat=8.341e+02
[WARN] [1789396153.214734514] [acados_nmpc_node]: acados solve failed [status=2, 10 consecutive] | x_cur pos=[ 7.82389784  2.93646193 -2.02696753] vel=[2.01097631 2.54451013 0.75113672] |q|=1.0000
[INFO] [1789396153.215129296] [acados_nmpc_node]: [attach-window] t=45.07s pos_err=12.261m T=1.27N z=-2.027 m_est=2.129
[WARN] [1789396153.289435150] [acados_nmpc_node]: t=45.15s | KKT residual abnormal! res_stat=1.061e+01 res_eq=4.806e-05 res_ineq=0.000e+00 res_comp=1.978e-02 | sqp_iter=100 | peak res_stat=8.341e+02
[WARN] [1789396153.289781305] [acados_nmpc_node]: acados solve failed [status=2, 11 consecutive] | x_cur pos=[ 8.03187275  3.18261051 -1.95940864] vel=[ 1.88585126  2.47085404 -0.1573492 ] |q|=1.0000
[INFO] [1789396153.290181232] [acados_nmpc_node]: [attach-window] t=45.15s pos_err=12.239m T=1.27N z=-1.959 m_est=2.129
[WARN] [1789396153.361377143] [acados_nmpc_node]: t=45.22s | KKT residual abnormal! res_stat=6.429e+00 res_eq=1.938e-05 res_ineq=0.000e+00 res_comp=2.350e-02 | sqp_iter=100 | peak res_stat=8.341e+02
[WARN] [1789396153.361732820] [acados_nmpc_node]: acados solve failed [status=2, 12 consecutive] | x_cur pos=[ 8.15748501  3.3242166  -1.96009099] vel=[ 1.81328297  2.46450281 -0.70368236] |q|=1.0000
[INFO] [1789396153.362136136] [acados_nmpc_node]: [attach-window] t=45.22s pos_err=12.170m T=1.27N z=-1.960 m_est=2.129
[WARN] [1789396153.433680898] [acados_nmpc_node]: t=45.29s | KKT residual abnormal! res_stat=2.529e+01 res_eq=3.204e-04 res_ineq=0.000e+00 res_comp=8.650e-01 | sqp_iter=100 | peak res_stat=8.341e+02
[WARN] [1789396153.434034946] [acados_nmpc_node]: acados solve failed [status=2, 13 consecutive] | x_cur pos=[ 8.28116703  3.46220779 -1.99463415] vel=[ 1.74918342  2.48812318 -1.24836111] |q|=1.0000
[INFO] [1789396153.434431279] [acados_nmpc_node]: [attach-window] t=45.29s pos_err=12.138m T=1.27N z=-1.995 m_est=2.129
[WARN] [1789396153.508699213] [acados_nmpc_node]: t=45.37s | KKT residual abnormal! res_stat=7.660e+01 res_eq=3.273e-04 res_ineq=0.000e+00 res_comp=8.366e-01 | sqp_iter=100 | peak res_stat=8.341e+02
[WARN] [1789396153.509045753] [acados_nmpc_node]: acados solve failed [status=2, 14 consecutive] | x_cur pos=[ 8.41895676  3.61642146 -2.07327318] vel=[ 1.69657528  2.54861784 -1.86722863] |q|=1.0000
[INFO] [1789396153.509441847] [acados_nmpc_node]: [attach-window] t=45.37s pos_err=12.129m T=1.27N z=-2.073 m_est=2.129
[INFO] [1789396153.509734478] [acados_nmpc_node]: [wcmd] raw=[+10.648,-0.486,+22.179] w=[+3.964,+2.339,-1.359] err=[+6.684,-2.825] scaled=[+10.648,-0.486] s=1.97
[WARN] [1789396153.586612348] [acados_nmpc_node]: t=45.44s | KKT residual abnormal! res_stat=1.565e+01 res_eq=1.523e-05 res_ineq=0.000e+00 res_comp=3.438e-03 | sqp_iter=100 | peak res_stat=8.341e+02
[WARN] [1789396153.586996196] [acados_nmpc_node]: acados solve failed [status=2, 15 consecutive] | x_cur pos=[ 8.59421921  3.82975316 -2.13435411] vel=[1.3175739  2.81830692 1.98890805] |q|=1.0000
[INFO] [1789396153.587413012] [acados_nmpc_node]: [attach-window] t=45.44s pos_err=12.157m T=1.27N z=-2.134 m_est=2.129
[WARN] [1789396153.662707710] [acados_nmpc_node]: t=45.52s | KKT residual abnormal! res_stat=1.578e+01 res_eq=1.344e-05 res_ineq=0.000e+00 res_comp=4.036e-07 | sqp_iter=100 | peak res_stat=8.341e+02
[WARN] [1789396153.663106418] [acados_nmpc_node]: acados solve failed [status=2, 16 consecutive] | x_cur pos=[ 8.6935997   3.99825835 -1.99582875] vel=[1.32636607 3.2434442  1.31577873] |q|=1.0000
[INFO] [1789396153.663543656] [acados_nmpc_node]: [attach-window] t=45.52s pos_err=11.979m T=1.27N z=-1.996 m_est=2.129
[WARN] [1789396153.746711076] [acados_nmpc_node]: t=45.59s | KKT residual abnormal! res_stat=8.704e+00 res_eq=2.390e-05 res_ineq=0.000e+00 res_comp=8.767e-04 | sqp_iter=100 | peak res_stat=8.341e+02
[WARN] [1789396153.747102846] [acados_nmpc_node]: acados solve failed [status=2, 17 consecutive] | x_cur pos=[ 8.7996006   4.16551924 -1.84815443] vel=[1.17594218 2.24825883 1.52596557] |q|=1.0000
[INFO] [1789396153.747521867] [acados_nmpc_node]: [attach-window] t=45.59s pos_err=11.813m T=1.27N z=-1.848 m_est=2.129
[WARN] [1789396153.825961726] [acados_nmpc_node]: t=45.68s | KKT residual abnormal! res_stat=4.184e-04 res_eq=7.843e-13 res_ineq=0.000e+00 res_comp=2.787e-09 | sqp_iter=100 | peak res_stat=8.341e+02
[WARN] [1789396153.826367344] [acados_nmpc_node]: acados solve failed [status=2, 18 consecutive] | x_cur pos=[ 8.93723297  4.33494949 -1.67550671] vel=[1.22415888 2.17883658 0.63442129] |q|=1.0000
[INFO] [1789396153.826787598] [acados_nmpc_node]: [attach-window] t=45.68s pos_err=11.611m T=1.27N z=-1.676 m_est=2.129
[WARN] [1789396153.907499649] [acados_nmpc_node]: t=45.76s | KKT residual abnormal! res_stat=3.025e+02 res_eq=4.369e-04 res_ineq=0.000e+00 res_comp=6.754e+00 | sqp_iter=100 | peak res_stat=8.341e+02
[WARN] [1789396153.907898130] [acados_nmpc_node]: acados solve failed [status=2, 19 consecutive] | x_cur pos=[ 9.04428005  4.44355965 -1.59792674] vel=[1.26974511 2.09350991 0.03258117] |q|=1.0000
[INFO] [1789396153.908320721] [acados_nmpc_node]: [attach-window] t=45.76s pos_err=11.454m T=1.27N z=-1.598 m_est=2.129
[WARN] [1789396153.985859776] [acados_nmpc_node]: t=45.84s | KKT residual abnormal! res_stat=3.180e+02 res_eq=1.679e-03 res_ineq=0.000e+00 res_comp=1.087e+01 | sqp_iter=100 | peak res_stat=8.341e+02
[WARN] [1789396153.986257462] [acados_nmpc_node]: acados solve failed [status=2, 20 consecutive] | x_cur pos=[ 9.14368629  4.53172016 -1.55691516] vel=[ 1.32343364  1.8596704  -0.03567087] |q|=1.0000
[INFO] [1789396153.986687279] [acados_nmpc_node]: [attach-window] t=45.84s pos_err=11.304m T=1.27N z=-1.557 m_est=2.129
[WARN] [1789396154.063533141] [acados_nmpc_node]: t=45.92s | KKT residual abnormal! res_stat=1.040e+02 res_eq=6.985e-05 res_ineq=0.000e+00 res_comp=6.402e-01 | sqp_iter=100 | peak res_stat=8.341e+02
[WARN] [1789396154.063894000] [acados_nmpc_node]: acados solve failed [status=2, 21 consecutive] | x_cur pos=[ 9.30085182  4.64172649 -1.52186441] vel=[ 1.42011178  1.71008849 -0.59808576] |q|=1.0000
[INFO] [1789396154.064293273] [acados_nmpc_node]: [attach-window] t=45.92s pos_err=11.215m T=1.27N z=-1.522 m_est=2.129
[WARN] [1789396154.127817938] [acados_nmpc_node]: t=46.00s | KKT residual abnormal! res_stat=3.749e+00 res_eq=1.264e-06 res_ineq=0.000e+00 res_comp=7.873e-05 | sqp_iter=100 | peak res_stat=8.341e+02
[WARN] [1789396154.128176761] [acados_nmpc_node]: acados solve failed [status=2, 22 consecutive] | x_cur pos=[ 9.42703438  4.71482468 -1.52915251] vel=[ 1.52858686  1.63439548 -1.01669955] |q|=1.0000
[INFO] [1789396154.128589977] [acados_nmpc_node]: [attach-window] t=46.00s pos_err=11.136m T=1.27N z=-1.529 m_est=2.129
[WARN] [1789396154.209025048] [acados_nmpc_node]: t=46.06s | KKT residual abnormal! res_stat=3.125e+00 res_eq=5.181e-06 res_ineq=0.000e+00 res_comp=2.664e-03 | sqp_iter=100 | peak res_stat=8.341e+02
[WARN] [1789396154.209379237] [acados_nmpc_node]: acados solve failed [status=2, 23 consecutive] | x_cur pos=[ 9.54958344  4.77605391 -1.55466855] vel=[ 1.73045123  1.53289545 -1.15368712] |q|=1.0000
[INFO] [1789396154.209765839] [acados_nmpc_node]: [attach-window] t=46.06s pos_err=11.080m T=1.27N z=-1.555 m_est=2.129
[WARN] [1789396154.285277880] [acados_nmpc_node]: t=46.14s | KKT residual abnormal! res_stat=2.510e-02 res_eq=2.228e-11 res_ineq=0.000e+00 res_comp=1.062e-08 | sqp_iter=100 | peak res_stat=8.341e+02
[WARN] [1789396154.285624890] [acados_nmpc_node]: acados solve failed [status=2, 24 consecutive] | x_cur pos=[ 9.76699162  4.86938858 -1.64867806] vel=[ 1.81634367  1.44688797 -2.04060221] |q|=1.0000
[INFO] [1789396154.286017273] [acados_nmpc_node]: [attach-window] t=46.14s pos_err=11.113m T=1.27N z=-1.649 m_est=2.129
[WARN] [1789396154.361835713] [acados_nmpc_node]: t=46.22s | KKT residual abnormal! res_stat=1.884e+02 res_eq=3.311e-04 res_ineq=0.000e+00 res_comp=1.699e+00 | sqp_iter=100 | peak res_stat=8.341e+02
[WARN] [1789396154.362215762] [acados_nmpc_node]: acados solve failed [status=2, 25 consecutive] | x_cur pos=[ 9.90316582  4.92525673 -1.75902677] vel=[ 1.79540801  1.39164877 -2.68611932] |q|=1.0000
[INFO] [1789396154.362625772] [acados_nmpc_node]: [attach-window] t=46.22s pos_err=11.111m T=1.27N z=-1.759 m_est=2.129
[WARN] [1789396154.437468105] [acados_nmpc_node]: t=46.29s | KKT residual abnormal! res_stat=1.840e+03 res_eq=3.711e-04 res_ineq=0.000e+00 res_comp=4.544e+00 | sqp_iter=100 | peak res_stat=1.840e+03
[WARN] [1789396154.437832003] [acados_nmpc_node]: acados solve failed [status=2, 26 consecutive] | x_cur pos=[10.03588581  4.98016596 -1.91526544] vel=[ 1.75926721  1.33306646 -3.3275187 ] |q|=1.0000
[INFO] [1789396154.438249988] [acados_nmpc_node]: [attach-window] t=46.29s pos_err=11.152m T=1.27N z=-1.915 m_est=2.129
[WARN] [1789396154.522924594] [acados_nmpc_node]: t=46.37s | KKT residual abnormal! res_stat=1.936e-02 res_eq=4.348e-12 res_ineq=0.000e+00 res_comp=1.826e-07 | sqp_iter=100 | peak res_stat=1.840e+03
[WARN] [1789396154.523294272] [acados_nmpc_node]: acados solve failed [status=2, 27 consecutive] | x_cur pos=[10.15440655  5.03745794 -2.09015346] vel=[0.02323902 1.03038549 0.1720731 ] |q|=1.0000
[INFO] [1789396154.523695891] [acados_nmpc_node]: [attach-window] t=46.37s pos_err=11.190m T=1.27N z=-2.090 m_est=2.129
[WARN] [1789396154.605986008] [acados_nmpc_node]: t=46.46s | KKT residual abnormal! res_stat=3.718e+02 res_eq=2.382e-04 res_ineq=1.298e-12 res_comp=1.034e+01 | sqp_iter=100 | peak res_stat=1.840e+03
[WARN] [1789396154.606382689] [acados_nmpc_node]: acados solve failed [status=2, 28 consecutive] | x_cur pos=[10.16605377  5.07982779 -2.06588292] vel=[-0.28566599  0.28234249 -0.25472599] |q|=1.0000
[INFO] [1789396154.606794194] [acados_nmpc_node]: [attach-window] t=46.46s pos_err=11.004m T=1.27N z=-2.066 m_est=2.129
[WARN] [1789396154.687319536] [acados_nmpc_node]: t=46.54s | KKT residual abnormal! res_stat=1.282e+02 res_eq=5.384e-04 res_ineq=0.000e+00 res_comp=2.386e+00 | sqp_iter=100 | peak res_stat=1.840e+03
[WARN] [1789396154.687680151] [acados_nmpc_node]: acados solve failed [status=2, 29 consecutive] | x_cur pos=[10.15357304  5.08016014 -2.05502081] vel=[-0.4564842   0.6114254  -0.08259776] |q|=1.0000
[INFO] [1789396154.688074442] [acados_nmpc_node]: [attach-window] t=46.54s pos_err=10.816m T=1.27N z=-2.055 m_est=2.129
[WARN] [1789396154.770085944] [acados_nmpc_node]: t=46.62s | KKT residual abnormal! res_stat=4.025e+02 res_eq=7.371e-04 res_ineq=1.271e-08 res_comp=4.046e+00 | sqp_iter=100 | peak res_stat=1.840e+03
[WARN] [1789396154.770452256] [acados_nmpc_node]: acados solve failed [status=2, 30 consecutive] | x_cur pos=[10.1194191   5.1018343  -2.05759645] vel=[-0.18858229  0.69027811 -0.97496849] |q|=1.0000
[INFO] [1789396154.770854090] [acados_nmpc_node]: [attach-window] t=46.62s pos_err=10.640m T=1.27N z=-2.058 m_est=2.129
[WARN] [1789396154.853174094] [acados_nmpc_node]: t=46.71s | KKT residual abnormal! res_stat=1.855e+02 res_eq=5.147e-04 res_ineq=2.776e-17 res_comp=5.091e+00 | sqp_iter=100 | peak res_stat=1.840e+03
[WARN] [1789396154.853522345] [acados_nmpc_node]: acados solve failed [status=2, 31 consecutive] | x_cur pos=[10.11240196  5.09004068 -2.05363274] vel=[-0.1093075   0.21884713 -0.23132227] |q|=1.0000
[INFO] [1789396154.853909989] [acados_nmpc_node]: [attach-window] t=46.71s pos_err=10.475m T=1.27N z=-2.054 m_est=2.129
[WARN] [1789396154.932165803] [acados_nmpc_node]: t=46.78s | KKT residual abnormal! res_stat=1.747e+00 res_eq=1.635e-06 res_ineq=0.000e+00 res_comp=7.474e-07 | sqp_iter=100 | peak res_stat=1.840e+03
[WARN] [1789396154.932507874] [acados_nmpc_node]: acados solve failed [status=2, 32 consecutive] | x_cur pos=[10.08681393  5.06951714 -2.00865722] vel=[-0.55669063  0.05720645  0.01838349] |q|=1.0000
[INFO] [1789396154.932919306] [acados_nmpc_node]: [attach-window] t=46.78s pos_err=10.279m T=1.27N z=-2.009 m_est=2.129
[WARN] [1789396155.010161359] [acados_nmpc_node]: t=46.87s | KKT residual abnormal! res_stat=5.526e+01 res_eq=7.312e-04 res_ineq=0.000e+00 res_comp=3.474e+00 | sqp_iter=100 | peak res_stat=1.840e+03
[WARN] [1789396155.010530090] [acados_nmpc_node]: acados solve failed [status=2, 33 consecutive] | x_cur pos=[10.04572201  5.07681179 -1.96822309] vel=[-0.5288139   0.77484006 -0.33064917] |q|=1.0000
[INFO] [1789396155.010929339] [acados_nmpc_node]: [attach-window] t=46.87s pos_err=10.084m T=1.27N z=-1.968 m_est=2.129
[INFO] [1789396155.011232807] [acados_nmpc_node]: [wcmd] raw=[+10.648,-0.486,+22.179] w=[-0.428,-0.908,+2.834] err=[+11.076,+0.422] scaled=[+10.648,-0.486] s=1.97
[WARN] [1789396155.088374020] [acados_nmpc_node]: t=46.95s | KKT residual abnormal! res_stat=9.406e+01 res_eq=2.871e-04 res_ineq=0.000e+00 res_comp=1.497e+00 | sqp_iter=100 | peak res_stat=1.840e+03
[WARN] [1789396155.088751510] [acados_nmpc_node]: acados solve failed [status=2, 34 consecutive] | x_cur pos=[ 9.98788738  5.13523149 -1.96713471] vel=[ 0.06675672  0.1332107  -1.09010351] |q|=1.0000
[INFO] [1789396155.089162735] [acados_nmpc_node]: [attach-window] t=46.95s pos_err=9.936m T=1.27N z=-1.967 m_est=2.129
[WARN] [1789396155.162513538] [acados_nmpc_node]: t=47.02s | KKT residual abnormal! res_stat=3.709e+02 res_eq=1.606e-03 res_ineq=0.000e+00 res_comp=5.695e+00 | sqp_iter=100 | peak res_stat=1.840e+03
[WARN] [1789396155.162871666] [acados_nmpc_node]: acados solve failed [status=2, 35 consecutive] | x_cur pos=[ 9.92950535  5.18340921 -1.8900404 ] vel=[-0.9039306   0.78334522  0.32442084] |q|=1.0000
[INFO] [1789396155.163268343] [acados_nmpc_node]: [attach-window] t=47.02s pos_err=9.731m T=1.27N z=-1.890 m_est=2.129
[WARN] [1789396155.231031657] [acados_nmpc_node]: t=47.09s | KKT residual abnormal! res_stat=6.026e+02 res_eq=1.092e-03 res_ineq=5.551e-17 res_comp=4.479e+00 | sqp_iter=100 | peak res_stat=1.840e+03
[WARN] [1789396155.231384542] [acados_nmpc_node]: acados solve failed [status=2, 36 consecutive] | x_cur pos=[ 9.86107349  5.22622061 -1.84015286] vel=[-0.95863241  0.6952104  -0.31278273] |q|=1.0000
[INFO] [1789396155.231783244] [acados_nmpc_node]: [attach-window] t=47.09s pos_err=9.560m T=1.27N z=-1.840 m_est=2.129
[WARN] [1789396155.306986912] [acados_nmpc_node]: t=47.17s | KKT residual abnormal! res_stat=4.593e+01 res_eq=1.964e-04 res_ineq=0.000e+00 res_comp=1.085e+00 | sqp_iter=100 | peak res_stat=1.840e+03
[WARN] [1789396155.307337057] [acados_nmpc_node]: acados solve failed [status=2, 37 consecutive] | x_cur pos=[ 9.77651119  5.27664804 -1.82858336] vel=[-0.92808694  0.748119   -0.96343052] |q|=1.0000
[INFO] [1789396155.307728884] [acados_nmpc_node]: [attach-window] t=47.17s pos_err=9.419m T=1.27N z=-1.829 m_est=2.129
[WARN] [1789396155.393662956] [acados_nmpc_node]: t=47.24s | KKT residual abnormal! res_stat=2.940e+02 res_eq=2.474e-03 res_ineq=0.000e+00 res_comp=2.364e+01 | sqp_iter=100 | peak res_stat=1.840e+03
[WARN] [1789396155.394057132] [acados_nmpc_node]: acados solve failed [status=2, 38 consecutive] | x_cur pos=[ 9.69552612  5.31307507 -1.84038448] vel=[-1.30874825  0.27111924 -0.27292258] |q|=1.0000
[INFO] [1789396155.394475449] [acados_nmpc_node]: [attach-window] t=47.24s pos_err=9.302m T=1.27N z=-1.840 m_est=2.129
[WARN] [1789396155.465707039] [acados_nmpc_node]: t=47.33s | KKT residual abnormal! res_stat=1.166e+02 res_eq=2.654e-03 res_ineq=0.000e+00 res_comp=8.998e+00 | sqp_iter=100 | peak res_stat=1.840e+03
[WARN] [1789396155.466067780] [acados_nmpc_node]: acados solve failed [status=2, 39 consecutive] | x_cur pos=[ 9.54953289  5.32206869 -1.755723  ] vel=[-1.24091804  0.2296325   0.23612571] |q|=1.0000
[INFO] [1789396155.466465998] [acados_nmpc_node]: [attach-window] t=47.33s pos_err=9.065m T=1.27N z=-1.756 m_est=2.129
[WARN] [1789396155.541242415] [acados_nmpc_node]: t=47.40s | KKT residual abnormal! res_stat=9.267e+01 res_eq=5.100e-04 res_ineq=0.000e+00 res_comp=2.902e+00 | sqp_iter=100 | peak res_stat=1.840e+03
[WARN] [1789396155.541631462] [acados_nmpc_node]: acados solve failed [status=2, 40 consecutive] | x_cur pos=[ 9.44469452  5.32988787 -1.70342696] vel=[-1.17729115  0.35561696 -0.38074955] |q|=1.0000
[INFO] [1789396155.542043754] [acados_nmpc_node]: [attach-window] t=47.40s pos_err=8.902m T=1.27N z=-1.703 m_est=2.129
[WARN] [1789396155.618303023] [acados_nmpc_node]: t=47.47s | KKT residual abnormal! res_stat=2.554e+02 res_eq=9.161e-04 res_ineq=0.000e+00 res_comp=1.144e+01 | sqp_iter=100 | peak res_stat=1.840e+03
[WARN] [1789396155.618668129] [acados_nmpc_node]: acados solve failed [status=2, 41 consecutive] | x_cur pos=[ 9.31593227  5.35649109 -1.70804417] vel=[-1.13542545  0.4176839  -1.24348485] |q|=1.0000
[WARN] [1789396155.618889033] [acados_nmpc_node]: Exceeded 40 consecutive failures, resetting warm-start to safe hover state
[INFO] [1789396155.619427085] [acados_nmpc_node]: [attach-window] t=47.47s pos_err=8.793m T=20.25N z=-1.708 m_est=2.129
[WARN] [1789396155.695419697] [acados_nmpc_node]: t=47.55s | KKT residual abnormal! res_stat=3.210e-01 res_eq=1.754e-07 res_ineq=0.000e+00 res_comp=1.909e-07 | sqp_iter=100 | peak res_stat=1.840e+03
[WARN] [1789396155.695794111] [acados_nmpc_node]: acados solve failed [status=2, 42 consecutive] | x_cur pos=[ 9.20525932  5.35004997 -1.69454098] vel=[-1.90658379 -0.74704915  1.92470205] |q|=1.0000
[WARN] [1789396155.696015372] [acados_nmpc_node]: Exceeded 40 consecutive failures, resetting warm-start to safe hover state
[INFO] [1789396155.696549359] [acados_nmpc_node]: [attach-window] t=47.55s pos_err=8.674m T=20.25N z=-1.695 m_est=2.129
[WARN] [1789396155.767313202] [acados_nmpc_node]: t=47.63s | KKT residual abnormal! res_stat=6.624e-02 res_eq=7.915e-09 res_ineq=0.000e+00 res_comp=1.052e-08 | sqp_iter=100 | peak res_stat=1.840e+03
[WARN] [1789396155.767688851] [acados_nmpc_node]: acados solve failed [status=2, 43 consecutive] | x_cur pos=[ 9.07238197  5.29531574 -1.55223942] vel=[-1.89210248 -0.69389403  1.33061874] |q|=1.0000
[WARN] [1789396155.767905547] [acados_nmpc_node]: Exceeded 40 consecutive failures, resetting warm-start to safe hover state
[INFO] [1789396155.768443389] [acados_nmpc_node]: [attach-window] t=47.63s pos_err=8.437m T=20.25N z=-1.552 m_est=2.129
[WARN] [1789396155.832474735] [acados_nmpc_node]: t=47.70s | KKT residual abnormal! res_stat=1.016e+01 res_eq=9.163e-07 res_ineq=0.000e+00 res_comp=3.927e-07 | sqp_iter=100 | peak res_stat=1.840e+03
[WARN] [1789396155.832834011] [acados_nmpc_node]: acados solve failed [status=2, 44 consecutive] | x_cur pos=[ 8.93324184  5.22894335 -1.43121898] vel=[-1.88467753 -0.76077855  0.69993776] |q|=1.0000
[WARN] [1789396155.833052126] [acados_nmpc_node]: Exceeded 40 consecutive failures, resetting warm-start to safe hover state
[INFO] [1789396155.833685626] [acados_nmpc_node]: [attach-window] t=47.70s pos_err=8.233m T=20.25N z=-1.431 m_est=2.129
[WARN] [1789396155.895039805] [acados_nmpc_node]: t=47.76s | KKT residual abnormal! res_stat=1.921e+01 res_eq=6.561e-06 res_ineq=0.000e+00 res_comp=1.744e-02 | sqp_iter=100 | peak res_stat=1.840e+03
[WARN] [1789396155.895391676] [acados_nmpc_node]: acados solve failed [status=2, 45 consecutive] | x_cur pos=[ 8.77740002  5.15070963 -1.34920013] vel=[-1.87194216 -0.79831326  0.00559254] |q|=1.0000
[WARN] [1789396155.895609172] [acados_nmpc_node]: Exceeded 40 consecutive failures, resetting warm-start to safe hover state
[INFO] [1789396155.896143632] [acados_nmpc_node]: [attach-window] t=47.76s pos_err=8.078m T=20.25N z=-1.349 m_est=2.129
[WARN] [1789396155.961803309] [acados_nmpc_node]: t=47.83s | KKT residual abnormal! res_stat=6.057e+00 res_eq=4.434e-05 res_ineq=0.000e+00 res_comp=6.894e-02 | sqp_iter=100 | peak res_stat=1.840e+03
[WARN] [1789396155.962173499] [acados_nmpc_node]: acados solve failed [status=2, 46 consecutive] | x_cur pos=[ 8.64107513  5.08308268 -1.32926023] vel=[-1.86779082 -0.79824889 -0.59666282] |q|=1.0000
[WARN] [1789396155.962393594] [acados_nmpc_node]: Exceeded 40 consecutive failures, resetting warm-start to safe hover state
[INFO] [1789396155.962938886] [acados_nmpc_node]: [attach-window] t=47.83s pos_err=7.998m T=20.25N z=-1.329 m_est=2.129
[WARN] [1789396156.030702871] [acados_nmpc_node]: t=47.89s | KKT residual abnormal! res_stat=5.625e+00 res_eq=9.208e-06 res_ineq=0.000e+00 res_comp=4.801e-02 | sqp_iter=100 | peak res_stat=1.840e+03
[WARN] [1789396156.031062932] [acados_nmpc_node]: acados solve failed [status=2, 47 consecutive] | x_cur pos=[ 8.49060345  5.00912285 -1.36478329] vel=[-1.82906675 -0.84763581 -1.30810905] |q|=1.0000
[WARN] [1789396156.031289541] [acados_nmpc_node]: Exceeded 40 consecutive failures, resetting warm-start to safe hover state
[INFO] [1789396156.031826861] [acados_nmpc_node]: [attach-window] t=47.89s pos_err=7.982m T=20.25N z=-1.365 m_est=2.129
[WARN] [1789396156.105623778] [acados_nmpc_node]: t=47.97s | KKT residual abnormal! res_stat=1.542e+01 res_eq=1.235e-04 res_ineq=0.000e+00 res_comp=7.412e-02 | sqp_iter=100 | peak res_stat=1.840e+03
[WARN] [1789396156.106006433] [acados_nmpc_node]: acados solve failed [status=2, 48 consecutive] | x_cur pos=[ 8.36177349  4.94219303 -1.44806325] vel=[-1.7585876  -0.91994703 -1.9563936 ] |q|=1.0000
[WARN] [1789396156.106226397] [acados_nmpc_node]: Exceeded 40 consecutive failures, resetting warm-start to safe hover state
[INFO] [1789396156.106769089] [acados_nmpc_node]: [attach-window] t=47.97s pos_err=8.029m T=20.25N z=-1.448 m_est=2.129
[WARN] [1789396156.185813759] [acados_nmpc_node]: t=48.04s | KKT residual abnormal! res_stat=2.583e+01 res_eq=3.938e-05 res_ineq=0.000e+00 res_comp=1.516e-01 | sqp_iter=100 | peak res_stat=1.840e+03
[WARN] [1789396156.186182171] [acados_nmpc_node]: acados solve failed [status=2, 49 consecutive] | x_cur pos=[ 8.30274487  4.90313053 -1.46310234] vel=[ 0.29599616 -0.00689605  1.03809893] |q|=1.0000
[WARN] [1789396156.186400578] [acados_nmpc_node]: Exceeded 40 consecutive failures, resetting warm-start to safe hover state
[INFO] [1789396156.186943529] [acados_nmpc_node]: [attach-window] t=48.04s pos_err=8.028m T=20.25N z=-1.463 m_est=2.129
[WARN] [1789396156.272869193] [acados_nmpc_node]: t=48.12s | KKT residual abnormal! res_stat=3.936e+01 res_eq=8.994e-05 res_ineq=0.000e+00 res_comp=5.236e-01 | sqp_iter=100 | peak res_stat=1.840e+03
[WARN] [1789396156.273228238] [acados_nmpc_node]: acados solve failed [status=2, 50 consecutive] | x_cur pos=[ 8.31857777  4.88994932 -1.39120913] vel=[ 0.31340304 -0.00240104  0.10329527] |q|=1.0000
[WARN] [1789396156.273446109] [acados_nmpc_node]: Exceeded 40 consecutive failures, resetting warm-start to safe hover state
[INFO] [1789396156.274022287] [acados_nmpc_node]: [attach-window] t=48.12s pos_err=7.955m T=20.25N z=-1.391 m_est=2.129
[WARN] [1789396156.342629571] [acados_nmpc_node]: t=48.21s | KKT residual abnormal! res_stat=1.632e+00 res_eq=2.834e-06 res_ineq=0.000e+00 res_comp=6.667e-04 | sqp_iter=100 | peak res_stat=1.840e+03
[WARN] [1789396156.342990205] [acados_nmpc_node]: acados solve failed [status=2, 51 consecutive] | x_cur pos=[ 8.3546896   4.88230896 -1.36160922] vel=[ 1.04057789 -0.0561239   0.86394787] |q|=1.0000
[WARN] [1789396156.343211335] [acados_nmpc_node]: Exceeded 40 consecutive failures, resetting warm-start to safe hover state
[INFO] [1789396156.343755350] [acados_nmpc_node]: [attach-window] t=48.21s pos_err=7.927m T=20.25N z=-1.362 m_est=2.129
[WARN] [1789396156.410223786] [acados_nmpc_node]: t=48.27s | KKT residual abnormal! res_stat=4.608e+01 res_eq=3.875e-04 res_ineq=0.000e+00 res_comp=5.978e-01 | sqp_iter=100 | peak res_stat=1.840e+03
[WARN] [1789396156.410615370] [acados_nmpc_node]: acados solve failed [status=2, 52 consecutive] | x_cur pos=[ 8.42523384  4.87479544 -1.30906761] vel=[ 1.01276267 -0.04959409  0.17521355] |q|=1.0000
[WARN] [1789396156.410838292] [acados_nmpc_node]: Exceeded 40 consecutive failures, resetting warm-start to safe hover state
[INFO] [1789396156.411388560] [acados_nmpc_node]: [attach-window] t=48.27s pos_err=7.882m T=20.25N z=-1.309 m_est=2.129
[INFO] [1789396156.411710251] [acados_nmpc_node]: [wcmd] raw=[+10.648,-0.486,+22.179] w=[+0.103,-1.874,-5.774] err=[+10.545,+1.388] scaled=[+10.648,-0.486] s=1.97
[WARN] [1789396156.485965896] [acados_nmpc_node]: t=48.35s | KKT residual abnormal! res_stat=1.517e+01 res_eq=2.443e-04 res_ineq=0.000e+00 res_comp=4.568e-01 | sqp_iter=100 | peak res_stat=1.840e+03
[WARN] [1789396156.486436738] [acados_nmpc_node]: acados solve failed [status=2, 53 consecutive] | x_cur pos=[ 8.48866749  4.87312031 -1.29135776] vel=[ 0.74266499  0.16427249 -0.24425457] |q|=1.0000
[WARN] [1789396156.486656697] [acados_nmpc_node]: Exceeded 40 consecutive failures, resetting warm-start to safe hover state
[INFO] [1789396156.487179997] [acados_nmpc_node]: [attach-window] t=48.35s pos_err=7.870m T=20.25N z=-1.291 m_est=2.129
[WARN] [1789396156.554976302] [acados_nmpc_node]: t=48.42s | KKT residual abnormal! res_stat=4.416e+00 res_eq=6.880e-06 res_ineq=0.000e+00 res_comp=5.543e-03 | sqp_iter=100 | peak res_stat=1.840e+03
[WARN] [1789396156.555385909] [acados_nmpc_node]: acados solve failed [status=2, 54 consecutive] | x_cur pos=[ 8.53606129  4.88490963 -1.30669248] vel=[ 0.6469242   0.26346523 -0.7795949 ] |q|=1.0000
[WARN] [1789396156.555609962] [acados_nmpc_node]: Exceeded 40 consecutive failures, resetting warm-start to safe hover state
[INFO] [1789396156.556165757] [acados_nmpc_node]: [attach-window] t=48.42s pos_err=7.892m T=20.25N z=-1.307 m_est=2.129
[WARN] [1789396156.623575931] [acados_nmpc_node]: t=48.49s | KKT residual abnormal! res_stat=1.610e+01 res_eq=8.726e-04 res_ineq=0.000e+00 res_comp=1.673e+00 | sqp_iter=100 | peak res_stat=1.840e+03
[WARN] [1789396156.623957344] [acados_nmpc_node]: acados solve failed [status=2, 55 consecutive] | x_cur pos=[ 8.57464027  4.90356255 -1.35528111] vel=[ 0.29831082 -0.30837846  0.47097033] |q|=1.0000
[WARN] [1789396156.624183775] [acados_nmpc_node]: Exceeded 40 consecutive failures, resetting warm-start to safe hover state
[INFO] [1789396156.624748413] [acados_nmpc_node]: [attach-window] t=48.49s pos_err=7.946m T=20.25N z=-1.355 m_est=2.129
[WARN] [1789396156.705421416] [acados_nmpc_node]: t=48.56s | KKT residual abnormal! res_stat=1.827e+02 res_eq=7.069e-04 res_ineq=0.000e+00 res_comp=2.102e+00 | sqp_iter=100 | peak res_stat=1.840e+03
[WARN] [1789396156.705784204] [acados_nmpc_node]: acados solve failed [status=2, 56 consecutive] | x_cur pos=[ 8.58606911  4.88833284 -1.33282542] vel=[ 0.23548023 -0.24189027 -0.10516758] |q|=1.0000
[WARN] [1789396156.706000586] [acados_nmpc_node]: Exceeded 40 consecutive failures, resetting warm-start to safe hover state
[INFO] [1789396156.706532348] [acados_nmpc_node]: [attach-window] t=48.56s pos_err=7.931m T=20.25N z=-1.333 m_est=2.129
[WARN] [1789396156.786495992] [acados_nmpc_node]: t=48.64s | KKT residual abnormal! res_stat=2.767e+01 res_eq=1.697e-04 res_ineq=0.000e+00 res_comp=5.573e-01 | sqp_iter=100 | peak res_stat=1.840e+03
[WARN] [1789396156.786862864] [acados_nmpc_node]: acados solve failed [status=2, 57 consecutive] | x_cur pos=[ 8.58293056  4.87494373 -1.33580673] vel=[-0.0154214  -0.08182841 -0.58240849] |q|=1.0000
[WARN] [1789396156.787080389] [acados_nmpc_node]: Exceeded 40 consecutive failures, resetting warm-start to safe hover state
[INFO] [1789396156.787614162] [acados_nmpc_node]: [attach-window] t=48.64s pos_err=7.944m T=20.25N z=-1.336 m_est=2.129
[WARN] [1789396156.865897397] [acados_nmpc_node]: t=48.72s | KKT residual abnormal! res_stat=2.100e+01 res_eq=1.145e-04 res_ineq=0.000e+00 res_comp=5.998e-01 | sqp_iter=100 | peak res_stat=1.840e+03
[WARN] [1789396156.866274735] [acados_nmpc_node]: acados solve failed [status=2, 58 consecutive] | x_cur pos=[ 8.59359837  4.8374939  -1.29506242] vel=[ 0.52041322 -0.47581467  0.35499424] |q|=1.0000
[WARN] [1789396156.866497280] [acados_nmpc_node]: Exceeded 40 consecutive failures, resetting warm-start to safe hover state
[INFO] [1789396156.867036135] [acados_nmpc_node]: [attach-window] t=48.72s pos_err=7.916m T=20.25N z=-1.295 m_est=2.129
[WARN] [1789396156.943582549] [acados_nmpc_node]: t=48.80s | KKT residual abnormal! res_stat=4.468e+00 res_eq=3.735e-05 res_ineq=0.000e+00 res_comp=8.882e-02 | sqp_iter=100 | peak res_stat=1.840e+03
[WARN] [1789396156.943953610] [acados_nmpc_node]: acados solve failed [status=2, 59 consecutive] | x_cur pos=[ 8.61736679  4.79848385 -1.2641536 ] vel=[ 0.3364324  -0.35485294 -0.24212396] |q|=1.0000
[WARN] [1789396156.944178130] [acados_nmpc_node]: Exceeded 40 consecutive failures, resetting warm-start to safe hover state
[INFO] [1789396156.944713467] [acados_nmpc_node]: [attach-window] t=48.80s pos_err=7.899m T=20.25N z=-1.264 m_est=2.129
[WARN] [1789396157.025553446] [acados_nmpc_node]: t=48.88s | KKT residual abnormal! res_stat=7.672e+00 res_eq=2.101e-04 res_ineq=0.000e+00 res_comp=4.306e-01 | sqp_iter=100 | peak res_stat=1.840e+03
[WARN] [1789396157.025908551] [acados_nmpc_node]: acados solve failed [status=2, 60 consecutive] | x_cur pos=[ 8.63327217  4.75892639 -1.29356825] vel=[ 0.21945216 -0.27306053 -1.1033144 ] |q|=1.0000
[WARN] [1789396157.026127393] [acados_nmpc_node]: Exceeded 40 consecutive failures, resetting warm-start to safe hover state
[INFO] [1789396157.026658324] [acados_nmpc_node]: [attach-window] t=48.88s pos_err=7.942m T=20.25N z=-1.294 m_est=2.129
[WARN] [1789396157.098254997] [acados_nmpc_node]: t=48.96s | KKT residual abnormal! res_stat=1.057e+01 res_eq=1.651e-04 res_ineq=0.000e+00 res_comp=1.712e-01 | sqp_iter=100 | peak res_stat=1.840e+03
[WARN] [1789396157.098634915] [acados_nmpc_node]: acados solve failed [status=2, 61 consecutive] | x_cur pos=[ 8.66116047  4.65694904 -1.18508744] vel=[ 0.51600844 -1.38861597  1.08416104] |q|=1.0000
[WARN] [1789396157.098850717] [acados_nmpc_node]: Exceeded 40 consecutive failures, resetting warm-start to safe hover state
[INFO] [1789396157.099510977] [acados_nmpc_node]: [attach-window] t=48.96s pos_err=7.852m T=20.25N z=-1.185 m_est=2.129
[WARN] [1789396157.166177240] [acados_nmpc_node]: t=49.03s | KKT residual abnormal! res_stat=2.241e+02 res_eq=3.564e-04 res_ineq=0.000e+00 res_comp=1.987e+00 | sqp_iter=100 | peak res_stat=1.840e+03
[WARN] [1789396157.166560185] [acados_nmpc_node]: acados solve failed [status=2, 62 consecutive] | x_cur pos=[ 8.68418694  4.55510521 -1.1028024 ] vel=[ 0.41997322 -1.34886372  0.54301518] |q|=1.0000
[WARN] [1789396157.166777595] [acados_nmpc_node]: Exceeded 40 consecutive failures, resetting warm-start to safe hover state
[INFO] [1789396157.167323182] [acados_nmpc_node]: [attach-window] t=49.03s pos_err=7.787m T=20.25N z=-1.103 m_est=2.129
[WARN] [1789396157.241507743] [acados_nmpc_node]: t=49.10s | KKT residual abnormal! res_stat=4.263e+01 res_eq=4.695e-04 res_ineq=0.000e+00 res_comp=1.528e+00 | sqp_iter=100 | peak res_stat=1.840e+03
[WARN] [1789396157.241868859] [acados_nmpc_node]: acados solve failed [status=2, 63 consecutive] | x_cur pos=[ 8.70125294  4.45240498 -1.05274725] vel=[ 0.30911517 -1.32130957  0.01404101] |q|=1.0000
[WARN] [1789396157.242090702] [acados_nmpc_node]: Exceeded 40 consecutive failures, resetting warm-start to safe hover state
[INFO] [1789396157.242610449] [acados_nmpc_node]: [attach-window] t=49.10s pos_err=7.753m T=20.25N z=-1.053 m_est=2.129
[WARN] [1789396157.320176055] [acados_nmpc_node]: t=49.17s | KKT residual abnormal! res_stat=4.030e+01 res_eq=3.863e-04 res_ineq=0.000e+00 res_comp=1.507e+00 | sqp_iter=100 | peak res_stat=1.840e+03
[WARN] [1789396157.320532528] [acados_nmpc_node]: acados solve failed [status=2, 64 consecutive] | x_cur pos=[ 8.70930862  4.29601526 -1.06301522] vel=[ 0.12076615 -1.29731405 -0.85267556] |q|=1.0000
[WARN] [1789396157.320752499] [acados_nmpc_node]: Exceeded 40 consecutive failures, resetting warm-start to safe hover state
[INFO] [1789396157.321281729] [acados_nmpc_node]: [attach-window] t=49.17s pos_err=7.784m T=20.25N z=-1.063 m_est=2.129
[WARN] [1789396157.405580127] [acados_nmpc_node]: t=49.26s | KKT residual abnormal! res_stat=9.574e+01 res_eq=2.744e-03 res_ineq=0.000e+00 res_comp=8.341e+00 | sqp_iter=100 | peak res_stat=1.840e+03
[WARN] [1789396157.405939926] [acados_nmpc_node]: acados solve failed [status=2, 65 consecutive] | x_cur pos=[ 8.69816113  4.19183922 -1.13269114] vel=[-0.07728511 -1.32539368 -1.43856871] |q|=1.0000
[WARN] [1789396157.406168375] [acados_nmpc_node]: Exceeded 40 consecutive failures, resetting warm-start to safe hover state
[INFO] [1789396157.406698054] [acados_nmpc_node]: [attach-window] t=49.26s pos_err=7.877m T=20.25N z=-1.133 m_est=2.129
[WARN] [1789396157.485189249] [acados_nmpc_node]: t=49.34s | KKT residual abnormal! res_stat=1.078e+02 res_eq=2.989e-04 res_ineq=0.000e+00 res_comp=1.997e+00 | sqp_iter=100 | peak res_stat=1.840e+03
[WARN] [1789396157.485550747] [acados_nmpc_node]: acados solve failed [status=2, 66 consecutive] | x_cur pos=[ 8.66172981  4.12681007 -1.19969654] vel=[-0.79130775 -1.12091017 -0.65635854] |q|=1.0000
[WARN] [1789396157.485767566] [acados_nmpc_node]: Exceeded 40 consecutive failures, resetting warm-start to safe hover state
[INFO] [1789396157.486293493] [acados_nmpc_node]: [attach-window] t=49.34s pos_err=7.970m T=20.25N z=-1.200 m_est=2.129
[WARN] [1789396157.561556926] [acados_nmpc_node]: t=49.42s | KKT residual abnormal! res_stat=2.260e+02 res_eq=1.152e-03 res_ineq=0.000e+00 res_comp=1.460e+00 | sqp_iter=100 | peak res_stat=1.840e+03
[WARN] [1789396157.561948402] [acados_nmpc_node]: acados solve failed [status=2, 67 consecutive] | x_cur pos=[ 8.6721859   4.00336218 -1.11093664] vel=[ 0.74000198 -0.96029025  1.39749157] |q|=1.0000
[WARN] [1789396157.562169599] [acados_nmpc_node]: Exceeded 40 consecutive failures, resetting warm-start to safe hover state
[INFO] [1789396157.562720436] [acados_nmpc_node]: [attach-window] t=49.42s pos_err=7.904m T=20.25N z=-1.111 m_est=2.129
[WARN] [1789396157.631747197] [acados_nmpc_node]: t=49.49s | KKT residual abnormal! res_stat=5.609e+01 res_eq=7.098e-05 res_ineq=0.000e+00 res_comp=7.780e-01 | sqp_iter=100 | peak res_stat=1.840e+03
[WARN] [1789396157.632106931] [acados_nmpc_node]: acados solve failed [status=2, 68 consecutive] | x_cur pos=[ 8.7108326   3.94085193 -1.01600647] vel=[ 0.70636278 -0.95169568  0.78496283] |q|=1.0000
[WARN] [1789396157.632335485] [acados_nmpc_node]: Exceeded 40 consecutive failures, resetting warm-start to safe hover state
[INFO] [1789396157.632878818] [acados_nmpc_node]: [attach-window] t=49.49s pos_err=7.825m T=20.25N z=-1.016 m_est=2.129
[WARN] [1789396157.713645265] [acados_nmpc_node]: t=49.57s | KKT residual abnormal! res_stat=2.843e+01 res_eq=1.932e-04 res_ineq=0.000e+00 res_comp=3.036e-01 | sqp_iter=100 | peak res_stat=1.840e+03
[WARN] [1789396157.714006804] [acados_nmpc_node]: acados solve failed [status=2, 69 consecutive] | x_cur pos=[ 8.76297283  3.87450457 -0.94883692] vel=[ 0.6781702  -0.93440747  0.10184487] |q|=1.0000
[WARN] [1789396157.714243717] [acados_nmpc_node]: Exceeded 40 consecutive failures, resetting warm-start to safe hover state
[INFO] [1789396157.714773588] [acados_nmpc_node]: [attach-window] t=49.57s pos_err=7.771m T=20.25N z=-0.949 m_est=2.129
[WARN] [1789396157.797327362] [acados_nmpc_node]: t=49.65s | KKT residual abnormal! res_stat=3.489e+02 res_eq=1.185e-03 res_ineq=0.000e+00 res_comp=5.638e+00 | sqp_iter=100 | peak res_stat=1.840e+03
[WARN] [1789396157.797686716] [acados_nmpc_node]: acados solve failed [status=2, 70 consecutive] | x_cur pos=[ 8.82422638  3.78147173 -0.95112145] vel=[ 0.34163147 -0.95601946 -0.73495972] |q|=1.0000
[WARN] [1789396157.797903451] [acados_nmpc_node]: Exceeded 40 consecutive failures, resetting warm-start to safe hover state
[INFO] [1789396157.798524580] [acados_nmpc_node]: [attach-window] t=49.65s pos_err=7.786m T=20.25N z=-0.951 m_est=2.129
[INFO] [1789396157.798814329] [acados_nmpc_node]: [wcmd] raw=[+10.648,-0.486,+22.179] w=[-0.700,+1.619,+1.806] err=[+11.348,-2.105] scaled=[+10.648,-0.486] s=1.97
[WARN] [1789396157.877779024] [acados_nmpc_node]: t=49.73s | KKT residual abnormal! res_stat=1.152e+02 res_eq=2.604e-05 res_ineq=0.000e+00 res_comp=1.752e-02 | sqp_iter=100 | peak res_stat=1.840e+03
[WARN] [1789396157.878154160] [acados_nmpc_node]: acados solve failed [status=2, 71 consecutive] | x_cur pos=[ 8.84916592  3.73472023 -0.96859217] vel=[ 0.80282831 -0.69710535  0.26343775] |q|=1.0000
[WARN] [1789396157.878383404] [acados_nmpc_node]: Exceeded 40 consecutive failures, resetting warm-start to safe hover state
[INFO] [1789396157.878931796] [acados_nmpc_node]: [attach-window] t=49.73s pos_err=7.822m T=20.25N z=-0.969 m_est=2.129
[WARN] [1789396157.960790069] [acados_nmpc_node]: t=49.81s | KKT residual abnormal! res_stat=1.104e+02 res_eq=1.780e-04 res_ineq=0.000e+00 res_comp=5.366e+00 | sqp_iter=100 | peak res_stat=1.840e+03
[WARN] [1789396157.961183055] [acados_nmpc_node]: acados solve failed [status=2, 72 consecutive] | x_cur pos=[ 8.91392136  3.66592121 -0.96872497] vel=[ 0.53491956 -0.71549296 -0.62975603] |q|=1.0000
[WARN] [1789396157.961411070] [acados_nmpc_node]: Exceeded 40 consecutive failures, resetting warm-start to safe hover state
[INFO] [1789396157.961953687] [acados_nmpc_node]: [attach-window] t=49.81s pos_err=7.834m T=20.25N z=-0.969 m_est=2.129
[WARN] [1789396158.022349515] [acados_nmpc_node]: t=49.89s | KKT residual abnormal! res_stat=5.241e+01 res_eq=8.961e-04 res_ineq=0.000e+00 res_comp=6.318e-01 | sqp_iter=100 | peak res_stat=1.840e+03
[WARN] [1789396158.022711364] [acados_nmpc_node]: acados solve failed [status=2, 73 consecutive] | x_cur pos=[ 8.97660542  3.62549591 -0.92129254] vel=[ 1.43709087 -0.69037127  1.6288265 ] |q|=1.0000
[WARN] [1789396158.022933807] [acados_nmpc_node]: Exceeded 40 consecutive failures, resetting warm-start to safe hover state
[INFO] [1789396158.023481310] [acados_nmpc_node]: [attach-window] t=49.89s pos_err=7.799m T=20.25N z=-0.921 m_est=2.129
[WARN] [1789396158.090447649] [acados_nmpc_node]: t=49.96s | KKT residual abnormal! res_stat=1.062e+02 res_eq=7.585e-04 res_ineq=0.000e+00 res_comp=1.745e+00 | sqp_iter=100 | peak res_stat=1.840e+03
[WARN] [1789396158.090830093] [acados_nmpc_node]: acados solve failed [status=2, 74 consecutive] | x_cur pos=[ 9.07937813  3.57865143 -0.80067897] vel=[ 1.32910347 -0.70255166  1.00264788] |q|=1.0000
[WARN] [1789396158.091050674] [acados_nmpc_node]: Exceeded 40 consecutive failures, resetting warm-start to safe hover state
[INFO] [1789396158.091596281] [acados_nmpc_node]: [attach-window] t=49.96s pos_err=7.682m T=20.25N z=-0.801 m_est=2.129
[WARN] [1789396158.160014516] [acados_nmpc_node]: t=50.03s | KKT residual abnormal! res_stat=5.137e+01 res_eq=2.448e-04 res_ineq=0.000e+00 res_comp=5.562e-01 | sqp_iter=100 | peak res_stat=1.840e+03
[WARN] [1789396158.160379554] [acados_nmpc_node]: acados solve failed [status=2, 75 consecutive] | x_cur pos=[ 9.17026997  3.53405046 -0.71928096] vel=[ 1.21677113 -0.73475838  0.47876   ] |q|=1.0000
[WARN] [1789396158.160606525] [acados_nmpc_node]: Exceeded 40 consecutive failures, resetting warm-start to safe hover state
[INFO] [1789396158.161147823] [acados_nmpc_node]: [attach-window] t=50.03s pos_err=7.608m T=20.25N z=-0.719 m_est=2.129
[WARN] [1789396158.225735667] [acados_nmpc_node]: t=50.09s | KKT residual abnormal! res_stat=1.061e+02 res_eq=3.884e-04 res_ineq=0.000e+00 res_comp=8.487e-01 | sqp_iter=100 | peak res_stat=1.840e+03
[WARN] [1789396158.226090033] [acados_nmpc_node]: acados solve failed [status=2, 76 consecutive] | x_cur pos=[ 9.25005341  3.48509026 -0.67979872] vel=[ 1.08785594 -0.78774118 -0.03162751] |q|=1.0000
[WARN] [1789396158.226309883] [acados_nmpc_node]: Exceeded 40 consecutive failures, resetting warm-start to safe hover state
[INFO] [1789396158.226834950] [acados_nmpc_node]: [attach-window] t=50.09s pos_err=7.576m T=20.25N z=-0.680 m_est=2.129
[INFO] [1789396158.227162942] [acados_nmpc_node]: t=50.1s | pos_err=7.576m | T=20.25N | tau=[r0.000 p0.000 y0.000]Nm | res_stat=1.061e+02(peak 1.840e+03) sqp_iter=100 | solve=64.7ms
[INFO] [1789396158.227307162] [acados_nmpc_node]: [flight-diag] t=50.1s | om_scale=1.965(lo 1.965 hi 1.965) | tilt_max=134.04deg | w_max=[r10.055 p12.829 y30.570]rad/s | u_frac=[T0.646 r1.000 p1.000 y1.000] | u_sat=[T0.0 r41.0 p41.0 y41.0]% | mot_peak=1.000 mot_sat=25.0% | health=0 age=12.183s conf=0.000 | n=100
[WARN] [1789396158.300318761] [acados_nmpc_node]: t=50.16s | KKT residual abnormal! res_stat=3.476e+01 res_eq=1.640e-04 res_ineq=0.000e+00 res_comp=6.775e-01 | sqp_iter=100 | peak res_stat=1.840e+03
[WARN] [1789396158.300686371] [acados_nmpc_node]: acados solve failed [status=2, 77 consecutive] | x_cur pos=[ 9.32373142  3.42293787 -0.68732691] vel=[ 0.93932027 -0.86849755 -0.60788   ] |q|=1.0000
[WARN] [1789396158.300903372] [acados_nmpc_node]: Exceeded 40 consecutive failures, resetting warm-start to safe hover state
[INFO] [1789396158.301435700] [acados_nmpc_node]: [attach-window] t=50.16s pos_err=7.594m T=20.25N z=-0.687 m_est=2.129
[WARN] [1789396158.380867612] [acados_nmpc_node]: t=50.24s | KKT residual abnormal! res_stat=7.260e+01 res_eq=2.853e-04 res_ineq=0.000e+00 res_comp=1.157e+00 | sqp_iter=100 | peak res_stat=1.840e+03
[WARN] [1789396158.381243377] [acados_nmpc_node]: acados solve failed [status=2, 78 consecutive] | x_cur pos=[ 9.37569714  3.36031008 -0.7393198 ] vel=[ 0.82211912 -0.94472408 -1.14507401] |q|=1.0000
[WARN] [1789396158.381464615] [acados_nmpc_node]: Exceeded 40 consecutive failures, resetting warm-start to safe hover state
[INFO] [1789396158.381999197] [acados_nmpc_node]: [attach-window] t=50.24s pos_err=7.661m T=20.25N z=-0.739 m_est=2.129
[WARN] [1789396158.458110653] [acados_nmpc_node]: t=50.32s | KKT residual abnormal! res_stat=3.253e-03 res_eq=4.982e-14 res_ineq=0.000e+00 res_comp=5.931e-11 | sqp_iter=100 | peak res_stat=1.840e+03
[WARN] [1789396158.458467933] [acados_nmpc_node]: acados solve failed [status=2, 79 consecutive] | x_cur pos=[ 9.400877    3.26322579 -0.86646819] vel=[-0.06461231 -0.83178878 -1.08686364] |q|=1.0000
[WARN] [1789396158.458686929] [acados_nmpc_node]: Exceeded 40 consecutive failures, resetting warm-start to safe hover state
[INFO] [1789396158.459216866] [acados_nmpc_node]: [attach-window] t=50.32s pos_err=7.806m T=20.25N z=-0.866 m_est=2.129
[WARN] [1789396158.531524591] [acados_nmpc_node]: t=50.39s | KKT residual abnormal! res_stat=9.189e+00 res_eq=1.629e-05 res_ineq=0.000e+00 res_comp=2.956e-03 | sqp_iter=100 | peak res_stat=1.840e+03
[WARN] [1789396158.531869633] [acados_nmpc_node]: acados solve failed [status=2, 80 consecutive] | x_cur pos=[ 9.37179756  3.28014183 -0.82947958] vel=[-0.10754962  1.15372217  1.73868692] |q|=1.0000
[WARN] [1789396158.532089267] [acados_nmpc_node]: Exceeded 40 consecutive failures, resetting warm-start to safe hover state
[INFO] [1789396158.532620668] [acados_nmpc_node]: [attach-window] t=50.39s pos_err=7.812m T=20.25N z=-0.829 m_est=2.129
[WARN] [1789396158.611579537] [acados_nmpc_node]: t=50.47s | KKT residual abnormal! res_stat=3.570e+01 res_eq=2.228e-04 res_ineq=0.000e+00 res_comp=3.324e-01 | sqp_iter=100 | peak res_stat=1.840e+03
[WARN] [1789396158.611963156] [acados_nmpc_node]: acados solve failed [status=2, 81 consecutive] | x_cur pos=[ 9.33789444  3.35254169 -0.73168069] vel=[-0.21818876  1.06835842  1.16162348] |q|=1.0000
[WARN] [1789396158.612189042] [acados_nmpc_node]: Exceeded 40 consecutive failures, resetting warm-start to safe hover state
[INFO] [1789396158.612739886] [acados_nmpc_node]: [attach-window] t=50.47s pos_err=7.777m T=20.25N z=-0.732 m_est=2.129
[WARN] [1789396158.689573281] [acados_nmpc_node]: t=50.55s | KKT residual abnormal! res_stat=6.121e+01 res_eq=1.342e-04 res_ineq=0.000e+00 res_comp=2.642e-01 | sqp_iter=100 | peak res_stat=1.840e+03
[WARN] [1789396158.689936944] [acados_nmpc_node]: acados solve failed [status=2, 82 consecutive] | x_cur pos=[ 9.27513409  3.47979188 -0.63163209] vel=[-0.34787837  0.99457127  0.22853343] |q|=1.0000
[WARN] [1789396158.690158346] [acados_nmpc_node]: Exceeded 40 consecutive failures, resetting warm-start to safe hover state
[INFO] [1789396158.690694447] [acados_nmpc_node]: [attach-window] t=50.55s pos_err=7.771m T=20.25N z=-0.632 m_est=2.129
[WARN] [1789396158.769149680] [acados_nmpc_node]: t=50.63s | KKT residual abnormal! res_stat=1.612e+02 res_eq=1.959e-04 res_ineq=0.000e+00 res_comp=5.191e-01 | sqp_iter=100 | peak res_stat=1.840e+03
[WARN] [1789396158.769526678] [acados_nmpc_node]: acados solve failed [status=2, 83 consecutive] | x_cur pos=[ 9.23042679  3.54980731 -0.62839144] vel=[-0.48070654  0.9353404  -0.31437737] |q|=1.0000
[WARN] [1789396158.769755402] [acados_nmpc_node]: Exceeded 40 consecutive failures, resetting warm-start to safe hover state
[INFO] [1789396158.770310260] [acados_nmpc_node]: [attach-window] t=50.63s pos_err=7.853m T=20.25N z=-0.628 m_est=2.129
[WARN] [1789396158.853496434] [acados_nmpc_node]: t=50.70s | KKT residual abnormal! res_stat=9.444e+01 res_eq=8.990e-04 res_ineq=0.000e+00 res_comp=1.810e+00 | sqp_iter=100 | peak res_stat=1.840e+03
[WARN] [1789396158.853849108] [acados_nmpc_node]: acados solve failed [status=2, 84 consecutive] | x_cur pos=[ 9.17029476  3.62035155 -0.67624116] vel=[-0.6313864   0.88393271 -0.9388501 ] |q|=1.0000
[WARN] [1789396158.854069601] [acados_nmpc_node]: Exceeded 40 consecutive failures, resetting warm-start to safe hover state
[INFO] [1789396158.854592154] [acados_nmpc_node]: [attach-window] t=50.70s pos_err=7.996m T=20.25N z=-0.676 m_est=2.129
[WARN] [1789396158.927811567] [acados_nmpc_node]: t=50.79s | KKT residual abnormal! res_stat=5.097e+00 res_eq=8.904e-05 res_ineq=0.000e+00 res_comp=5.067e-02 | sqp_iter=100 | peak res_stat=1.840e+03
[WARN] [1789396158.928159201] [acados_nmpc_node]: acados solve failed [status=2, 85 consecutive] | x_cur pos=[ 9.07865906  3.70768118 -0.78193021] vel=[-0.30875728  1.04019713 -0.13014504] |q|=1.0000
[WARN] [1789396158.928380036] [acados_nmpc_node]: Exceeded 40 consecutive failures, resetting warm-start to safe hover state
[INFO] [1789396158.928915880] [acados_nmpc_node]: [attach-window] t=50.79s pos_err=8.214m T=20.25N z=-0.782 m_est=2.129
[WARN] [1789396159.007263541] [acados_nmpc_node]: t=50.86s | KKT residual abnormal! res_stat=2.259e+02 res_eq=1.615e-03 res_ineq=0.000e+00 res_comp=1.504e+01 | sqp_iter=100 | peak res_stat=1.840e+03
[WARN] [1789396159.007621071] [acados_nmpc_node]: acados solve failed [status=2, 86 consecutive] | x_cur pos=[ 9.07224178  3.78449845 -0.74983346] vel=[0.57334507 1.26882708 1.27263045] |q|=1.0000
[WARN] [1789396159.007839671] [acados_nmpc_node]: Exceeded 40 consecutive failures, resetting warm-start to safe hover state
[INFO] [1789396159.008373819] [acados_nmpc_node]: [attach-window] t=50.86s pos_err=8.289m T=20.25N z=-0.750 m_est=2.129
[WARN] [1789396159.084201344] [acados_nmpc_node]: t=50.94s | KKT residual abnormal! res_stat=5.246e+01 res_eq=1.452e-05 res_ineq=0.000e+00 res_comp=1.383e-02 | sqp_iter=100 | peak res_stat=1.840e+03
[WARN] [1789396159.084601824] [acados_nmpc_node]: acados solve failed [status=2, 87 consecutive] | x_cur pos=[ 9.11720085  3.91639233 -0.64949071] vel=[0.33191863 1.23167884 0.38246664] |q|=1.0000
[WARN] [1789396159.084834521] [acados_nmpc_node]: Exceeded 40 consecutive failures, resetting warm-start to safe hover state
[INFO] [1789396159.085503998] [acados_nmpc_node]: [attach-window] t=50.94s pos_err=8.323m T=20.25N z=-0.649 m_est=2.129
[WARN] [1789396159.157935152] [acados_nmpc_node]: t=51.02s | KKT residual abnormal! res_stat=6.357e-03 res_eq=2.029e-10 res_ineq=0.000e+00 res_comp=7.261e-07 | sqp_iter=100 | peak res_stat=1.840e+03
[WARN] [1789396159.158329613] [acados_nmpc_node]: acados solve failed [status=2, 88 consecutive] | x_cur pos=[ 9.14015388  3.99555373 -0.6271776 ] vel=[ 0.22155388  1.22603798 -0.16423786] |q|=1.0000
[WARN] [1789396159.158548651] [acados_nmpc_node]: Exceeded 40 consecutive failures, resetting warm-start to safe hover state
[INFO] [1789396159.159089490] [acados_nmpc_node]: [attach-window] t=51.02s pos_err=8.420m T=20.25N z=-0.627 m_est=2.129
[WARN] [1789396159.227094133] [acados_nmpc_node]: t=51.09s | KKT residual abnormal! res_stat=1.782e+00 res_eq=4.843e-08 res_ineq=0.000e+00 res_comp=3.347e-09 | sqp_iter=100 | peak res_stat=1.840e+03
[WARN] [1789396159.227444640] [acados_nmpc_node]: acados solve failed [status=2, 89 consecutive] | x_cur pos=[ 9.15273571  4.07256031 -0.64766967] vel=[ 0.17273365  0.98272288 -0.13912559] |q|=1.0000
[WARN] [1789396159.227662938] [acados_nmpc_node]: Exceeded 40 consecutive failures, resetting warm-start to safe hover state
[INFO] [1789396159.228186839] [acados_nmpc_node]: [attach-window] t=51.09s pos_err=8.555m T=20.25N z=-0.648 m_est=2.129
[WARN] [1789396159.305189271] [acados_nmpc_node]: t=51.16s | KKT residual abnormal! res_stat=1.132e+02 res_eq=5.703e-04 res_ineq=0.000e+00 res_comp=2.850e+00 | sqp_iter=100 | peak res_stat=1.840e+03
[WARN] [1789396159.305562500] [acados_nmpc_node]: acados solve failed [status=2, 90 consecutive] | x_cur pos=[ 9.16278458  4.12437153 -0.64194071] vel=[-0.02823648  0.74511367 -0.13813736] |q|=1.0000
[WARN] [1789396159.305786970] [acados_nmpc_node]: Exceeded 40 consecutive failures, resetting warm-start to safe hover state
[INFO] [1789396159.306336239] [acados_nmpc_node]: [attach-window] t=51.16s pos_err=8.665m T=20.25N z=-0.642 m_est=2.129
[INFO] [1789396159.306642304] [acados_nmpc_node]: [wcmd] raw=[+10.648,-0.486,+22.179] w=[+0.080,+0.701,+9.824] err=[+10.568,-1.188] scaled=[+10.648,-0.486] s=1.97
[WARN] [1789396159.382856767] [acados_nmpc_node]: t=51.24s | KKT residual abnormal! res_stat=3.794e-01 res_eq=9.103e-08 res_ineq=0.000e+00 res_comp=2.115e-05 | sqp_iter=100 | peak res_stat=1.840e+03
[WARN] [1789396159.383245605] [acados_nmpc_node]: acados solve failed [status=2, 91 consecutive] | x_cur pos=[ 9.16851044  4.20790386 -0.64757931] vel=[ 0.15155077  1.47472012 -0.35100135] |q|=1.0000
[WARN] [1789396159.383467232] [acados_nmpc_node]: Exceeded 40 consecutive failures, resetting warm-start to safe hover state
[INFO] [1789396159.384033606] [acados_nmpc_node]: [attach-window] t=51.24s pos_err=8.815m T=20.25N z=-0.648 m_est=2.129
[WARN] [1789396159.454907641] [acados_nmpc_node]: t=51.32s | KKT residual abnormal! res_stat=2.369e+01 res_eq=6.961e-05 res_ineq=0.000e+00 res_comp=2.246e-01 | sqp_iter=100 | peak res_stat=1.840e+03
[WARN] [1789396159.455262197] [acados_nmpc_node]: acados solve failed [status=2, 92 consecutive] | x_cur pos=[ 9.17290115  4.24312973 -0.63946557] vel=[ 0.53133523 -0.1639518   0.87117064] |q|=1.0000
[WARN] [1789396159.455483985] [acados_nmpc_node]: Exceeded 40 consecutive failures, resetting warm-start to safe hover state
[INFO] [1789396159.456019939] [acados_nmpc_node]: [attach-window] t=51.32s pos_err=8.933m T=20.25N z=-0.639 m_est=2.129
[WARN] [1789396159.527386014] [acados_nmpc_node]: t=51.39s | KKT residual abnormal! res_stat=1.304e+01 res_eq=1.079e-04 res_ineq=0.000e+00 res_comp=2.624e-03 | sqp_iter=100 | peak res_stat=1.840e+03
[WARN] [1789396159.527727397] [acados_nmpc_node]: acados solve failed [status=2, 93 consecutive] | x_cur pos=[ 9.20520496  4.20554066 -0.59455025] vel=[ 0.36627418 -0.43964994  0.32613847] |q|=1.0000
[WARN] [1789396159.527954271] [acados_nmpc_node]: Exceeded 40 consecutive failures, resetting warm-start to safe hover state
[INFO] [1789396159.528484840] [acados_nmpc_node]: [attach-window] t=51.39s pos_err=8.967m T=20.25N z=-0.595 m_est=2.129
[WARN] [1789396159.606773352] [acados_nmpc_node]: t=51.46s | KKT residual abnormal! res_stat=1.197e+02 res_eq=2.478e-04 res_ineq=0.000e+00 res_comp=7.148e-01 | sqp_iter=100 | peak res_stat=1.840e+03
[WARN] [1789396159.607154856] [acados_nmpc_node]: acados solve failed [status=2, 94 consecutive] | x_cur pos=[ 9.21699715  4.11743021 -0.56811398] vel=[ 0.01206512 -0.68103361 -0.11121688] |q|=1.0000
[WARN] [1789396159.607371859] [acados_nmpc_node]: Exceeded 40 consecutive failures, resetting warm-start to safe hover state
[INFO] [1789396159.607909661] [acados_nmpc_node]: [attach-window] t=51.46s pos_err=9.006m T=20.25N z=-0.568 m_est=2.129
[WARN] [1789396159.691242849] [acados_nmpc_node]: t=51.54s | KKT residual abnormal! res_stat=3.325e+01 res_eq=1.483e-04 res_ineq=0.000e+00 res_comp=3.443e-01 | sqp_iter=100 | peak res_stat=1.840e+03
[WARN] [1789396159.691596207] [acados_nmpc_node]: acados solve failed [status=2, 95 consecutive] | x_cur pos=[ 9.21013832  4.03809166 -0.58821976] vel=[-0.10519691 -0.69669282 -0.67917937] |q|=1.0000
[WARN] [1789396159.691814149] [acados_nmpc_node]: Exceeded 40 consecutive failures, resetting warm-start to safe hover state
[INFO] [1789396159.692341638] [acados_nmpc_node]: [attach-window] t=51.54s pos_err=9.095m T=20.25N z=-0.588 m_est=2.129
[WARN] [1789396159.773127057] [acados_nmpc_node]: t=51.63s | KKT residual abnormal! res_stat=1.142e+02 res_eq=3.123e-04 res_ineq=0.000e+00 res_comp=7.831e+00 | sqp_iter=100 | peak res_stat=1.840e+03
[WARN] [1789396159.773488869] [acados_nmpc_node]: acados solve failed [status=2, 96 consecutive] | x_cur pos=[ 9.21475601  3.97867632 -0.57500708] vel=[ 0.62258673 -0.17242151  0.96697462] |q|=1.0000
[WARN] [1789396159.773706331] [acados_nmpc_node]: Exceeded 40 consecutive failures, resetting warm-start to safe hover state
[INFO] [1789396159.774252521] [acados_nmpc_node]: [attach-window] t=51.63s pos_err=9.172m T=20.25N z=-0.575 m_est=2.129
[WARN] [1789396159.851109934] [acados_nmpc_node]: t=51.71s | KKT residual abnormal! res_stat=9.704e+01 res_eq=4.792e-04 res_ineq=0.000e+00 res_comp=1.784e+00 | sqp_iter=100 | peak res_stat=1.840e+03
[WARN] [1789396159.851467856] [acados_nmpc_node]: acados solve failed [status=2, 97 consecutive] | x_cur pos=[ 9.2668848   3.93358994 -0.51204944] vel=[ 0.17121388 -0.77527565  0.38351125] |q|=1.0000
[WARN] [1789396159.851693629] [acados_nmpc_node]: Exceeded 40 consecutive failures, resetting warm-start to safe hover state
[INFO] [1789396159.852239523] [acados_nmpc_node]: [attach-window] t=51.71s pos_err=9.207m T=20.25N z=-0.512 m_est=2.129
[WARN] [1789396159.929041902] [acados_nmpc_node]: t=51.78s | KKT residual abnormal! res_stat=2.248e+02 res_eq=7.348e-04 res_ineq=0.000e+00 res_comp=1.991e+00 | sqp_iter=100 | peak res_stat=1.840e+03
[WARN] [1789396159.929392758] [acados_nmpc_node]: acados solve failed [status=2, 98 consecutive] | x_cur pos=[ 9.27692795  3.85790348 -0.4874247 ] vel=[ 0.02910508 -0.83136934 -0.16907172] |q|=1.0000
[WARN] [1789396159.929616009] [acados_nmpc_node]: Exceeded 40 consecutive failures, resetting warm-start to safe hover state
[INFO] [1789396159.930150656] [acados_nmpc_node]: [attach-window] t=51.78s pos_err=9.249m T=20.25N z=-0.487 m_est=2.129
[WARN] [1789396160.007821877] [acados_nmpc_node]: t=51.86s | KKT residual abnormal! res_stat=3.392e+02 res_eq=4.473e-04 res_ineq=0.000e+00 res_comp=5.443e+00 | sqp_iter=100 | peak res_stat=1.840e+03
[WARN] [1789396160.008170963] [acados_nmpc_node]: acados solve failed [status=2, 99 consecutive] | x_cur pos=[ 9.27119827  3.79550624 -0.51098895] vel=[-0.17244022 -0.36440331 -0.72287786] |q|=1.0000
[WARN] [1789396160.008388271] [acados_nmpc_node]: Exceeded 40 consecutive failures, resetting warm-start to safe hover state
[INFO] [1789396160.008919426] [acados_nmpc_node]: [attach-window] t=51.86s pos_err=9.350m T=20.25N z=-0.511 m_est=2.129
[WARN] [1789396160.079652780] [acados_nmpc_node]: t=51.94s | KKT residual abnormal! res_stat=6.367e+01 res_eq=2.942e-04 res_ineq=0.000e+00 res_comp=8.182e-01 | sqp_iter=100 | peak res_stat=1.840e+03
[WARN] [1789396160.080035674] [acados_nmpc_node]: acados solve failed [status=2, 100 consecutive] | x_cur pos=[ 9.2975626   3.71607614 -0.47963965] vel=[ 0.7034896  -0.57854337  0.55357623] |q|=1.0000
[WARN] [1789396160.080262949] [acados_nmpc_node]: Exceeded 40 consecutive failures, resetting warm-start to safe hover state
[INFO] [1789396160.080831713] [acados_nmpc_node]: [attach-window] t=51.94s pos_err=9.386m T=20.25N z=-0.480 m_est=2.129
[WARN] [1789396160.158870239] [acados_nmpc_node]: t=52.02s | KKT residual abnormal! res_stat=6.866e+01 res_eq=3.043e-04 res_ineq=0.000e+00 res_comp=6.070e-01 | sqp_iter=100 | peak res_stat=1.840e+03
[WARN] [1789396160.159244705] [acados_nmpc_node]: acados solve failed [status=2, 101 consecutive] | x_cur pos=[ 9.34721947  3.6658721  -0.43035489] vel=[ 0.84290028 -0.79967856  0.74662519] |q|=1.0000
[WARN] [1789396160.159463962] [acados_nmpc_node]: Exceeded 40 consecutive failures, resetting warm-start to safe hover state
[INFO] [1789396160.159995004] [acados_nmpc_node]: [attach-window] t=52.02s pos_err=9.413m T=20.25N z=-0.430 m_est=2.129
[WARN] [1789396160.228835625] [acados_nmpc_node]: t=52.09s | KKT residual abnormal! res_stat=6.954e+01 res_eq=3.707e-04 res_ineq=0.000e+00 res_comp=1.628e+00 | sqp_iter=100 | peak res_stat=1.840e+03
[WARN] [1789396160.229184891] [acados_nmpc_node]: acados solve failed [status=2, 102 consecutive] | x_cur pos=[ 9.39970589  3.60688305 -0.38454351] vel=[ 0.62862498 -0.85105193  0.23409009] |q|=1.0000
[WARN] [1789396160.229411765] [acados_nmpc_node]: Exceeded 40 consecutive failures, resetting warm-start to safe hover state
[INFO] [1789396160.229940787] [acados_nmpc_node]: [attach-window] t=52.09s pos_err=9.440m T=20.25N z=-0.385 m_est=2.129
[WARN] [1789396160.302750892] [acados_nmpc_node]: t=52.16s | KKT residual abnormal! res_stat=1.381e+02 res_eq=3.065e-04 res_ineq=0.000e+00 res_comp=1.710e+00 | sqp_iter=100 | peak res_stat=1.840e+03
[WARN] [1789396160.303098669] [acados_nmpc_node]: acados solve failed [status=2, 103 consecutive] | x_cur pos=[ 9.44604492  3.5366385  -0.38011226] vel=[ 0.49453944 -0.89839101 -0.39030021] |q|=1.0000
[WARN] [1789396160.303320264] [acados_nmpc_node]: Exceeded 40 consecutive failures, resetting warm-start to safe hover state
[INFO] [1789396160.303841384] [acados_nmpc_node]: [attach-window] t=52.16s pos_err=9.490m T=20.25N z=-0.380 m_est=2.129
[WARN] [1789396160.383100164] [acados_nmpc_node]: t=52.24s | KKT residual abnormal! res_stat=6.674e+01 res_eq=1.340e-03 res_ineq=0.000e+00 res_comp=4.346e+00 | sqp_iter=100 | peak res_stat=1.840e+03
[WARN] [1789396160.383449212] [acados_nmpc_node]: acados solve failed [status=2, 104 consecutive] | x_cur pos=[ 9.46799088  3.46647239 -0.41751102] vel=[ 0.25483203 -1.08436894 -0.72842932] |q|=1.0000
[WARN] [1789396160.383665507] [acados_nmpc_node]: Exceeded 40 consecutive failures, resetting warm-start to safe hover state
[INFO] [1789396160.384272985] [acados_nmpc_node]: [attach-window] t=52.24s pos_err=9.572m T=20.25N z=-0.418 m_est=2.129
[WARN] [1789396160.469521152] [acados_nmpc_node]: t=52.32s | KKT residual abnormal! res_stat=4.841e+01 res_eq=3.942e-04 res_ineq=0.000e+00 res_comp=5.000e-01 | sqp_iter=100 | peak res_stat=1.840e+03
[WARN] [1789396160.469872769] [acados_nmpc_node]: acados solve failed [status=2, 105 consecutive] | x_cur pos=[ 9.52670097  3.42483997 -0.38605297] vel=[0.75190014 0.03984078 0.99590802] |q|=1.0000
[WARN] [1789396160.470091212] [acados_nmpc_node]: Exceeded 40 consecutive failures, resetting warm-start to safe hover state
[INFO] [1789396160.470612097] [acados_nmpc_node]: [attach-window] t=52.32s pos_err=9.623m T=20.25N z=-0.386 m_est=2.129
[WARN] [1789396160.555851816] [acados_nmpc_node]: t=52.41s | KKT residual abnormal! res_stat=3.081e+01 res_eq=2.460e-04 res_ineq=0.000e+00 res_comp=1.154e+00 | sqp_iter=100 | peak res_stat=1.840e+03
[WARN] [1789396160.556226985] [acados_nmpc_node]: acados solve failed [status=2, 106 consecutive] | x_cur pos=[ 9.57431889  3.43395519 -0.3273364 ] vel=[ 0.56481069 -0.06340617  0.38600418] |q|=1.0000
[WARN] [1789396160.556446616] [acados_nmpc_node]: Exceeded 40 consecutive failures, resetting warm-start to safe hover state
[INFO] [1789396160.556982066] [acados_nmpc_node]: [attach-window] t=52.41s pos_err=9.697m T=20.25N z=-0.327 m_est=2.129
[WARN] [1789396160.622685041] [acados_nmpc_node]: t=52.49s | KKT residual abnormal! res_stat=2.188e+01 res_eq=3.171e-04 res_ineq=0.000e+00 res_comp=3.609e-01 | sqp_iter=100 | peak res_stat=1.840e+03
[WARN] [1789396160.623086758] [acados_nmpc_node]: acados solve failed [status=2, 107 consecutive] | x_cur pos=[ 9.60615253  3.4589839  -0.31380633] vel=[-0.10033984  0.07162333 -0.41817525] |q|=1.0000
[WARN] [1789396160.623312953] [acados_nmpc_node]: Exceeded 40 consecutive failures, resetting warm-start to safe hover state
[INFO] [1789396160.623879497] [acados_nmpc_node]: [attach-window] t=52.49s pos_err=9.810m T=20.25N z=-0.314 m_est=2.129
[WARN] [1789396160.697561776] [acados_nmpc_node]: t=52.56s | KKT residual abnormal! res_stat=7.034e+00 res_eq=1.967e-05 res_ineq=0.000e+00 res_comp=5.285e-03 | sqp_iter=100 | peak res_stat=1.840e+03
[WARN] [1789396160.697945103] [acados_nmpc_node]: acados solve failed [status=2, 108 consecutive] | x_cur pos=[ 9.5901041   3.47887135 -0.35437384] vel=[0.13039353 1.08375728 0.97981602] |q|=1.0000
[WARN] [1789396160.698167760] [acados_nmpc_node]: Exceeded 40 consecutive failures, resetting warm-start to safe hover state
[INFO] [1789396160.698761003] [acados_nmpc_node]: [attach-window] t=52.56s pos_err=9.944m T=20.25N z=-0.354 m_est=2.129
[WARN] [1789396160.789793638] [acados_nmpc_node]: t=52.63s | KKT residual abnormal! res_stat=6.715e+01 res_eq=9.578e-04 res_ineq=0.000e+00 res_comp=6.144e+00 | sqp_iter=100 | peak res_stat=1.840e+03
[WARN] [1789396160.790188384] [acados_nmpc_node]: acados solve failed [status=2, 109 consecutive] | x_cur pos=[ 9.58001423  3.57114649 -0.28458741] vel=[-0.01639532  1.26248586  1.23810506] |q|=1.0000
[WARN] [1789396160.790416753] [acados_nmpc_node]: Exceeded 40 consecutive failures, resetting warm-start to safe hover state
[INFO] [1789396160.790966293] [acados_nmpc_node]: [attach-window] t=52.63s pos_err=10.053m T=20.25N z=-0.285 m_est=2.129
[INFO] [1789396160.791281858] [acados_nmpc_node]: [wcmd] raw=[+10.648,-0.486,+22.179] w=[+1.128,-1.168,+1.478] err=[+9.520,+0.682] scaled=[+10.648,-0.486] s=1.97
[WARN] [1789396160.882871796] [acados_nmpc_node]: t=52.73s | KKT residual abnormal! res_stat=6.310e+01 res_eq=4.112e-04 res_ineq=0.000e+00 res_comp=3.822e+00 | sqp_iter=100 | peak res_stat=1.840e+03
[WARN] [1789396160.883257585] [acados_nmpc_node]: acados solve failed [status=2, 110 consecutive] | x_cur pos=[ 9.55136776  3.72063613 -0.1969839 ] vel=[-0.24705401  1.18188214  0.40414223] |q|=1.0000
[WARN] [1789396160.883476772] [acados_nmpc_node]: Exceeded 40 consecutive failures, resetting warm-start to safe hover state
[INFO] [1789396160.884029246] [acados_nmpc_node]: [attach-window] t=52.73s pos_err=10.214m T=20.25N z=-0.197 m_est=2.129
[WARN] [1789396160.974818487] [acados_nmpc_node]: t=52.82s | KKT residual abnormal! res_stat=7.058e+01 res_eq=2.954e-04 res_ineq=0.000e+00 res_comp=6.691e-01 | sqp_iter=100 | peak res_stat=1.840e+03
[WARN] [1789396160.975186235] [acados_nmpc_node]: acados solve failed [status=2, 111 consecutive] | x_cur pos=[ 9.49808025  3.8721447  -0.20389551] vel=[-0.45262069  1.13546407 -0.5167101 ] |q|=1.0000
[WARN] [1789396160.975406376] [acados_nmpc_node]: Exceeded 40 consecutive failures, resetting warm-start to safe hover state
[INFO] [1789396160.975942961] [acados_nmpc_node]: [attach-window] t=52.82s pos_err=10.441m T=20.25N z=-0.204 m_est=2.129
[WARN] [1789396161.050999640] [acados_nmpc_node]: t=52.91s | KKT residual abnormal! res_stat=1.203e+02 res_eq=3.956e-05 res_ineq=0.000e+00 res_comp=1.648e-01 | sqp_iter=100 | peak res_stat=1.840e+03
[WARN] [1789396161.051377992] [acados_nmpc_node]: acados solve failed [status=2, 112 consecutive] | x_cur pos=[ 9.4846096   3.95572186 -0.20960899] vel=[0.45416549 0.33183643 0.66567099] |q|=1.0000
[WARN] [1789396161.051605587] [acados_nmpc_node]: Exceeded 40 consecutive failures, resetting warm-start to safe hover state
[INFO] [1789396161.052140149] [acados_nmpc_node]: [attach-window] t=52.91s pos_err=10.608m T=20.25N z=-0.210 m_est=2.129
[WARN] [1789396161.124886109] [acados_nmpc_node]: t=52.98s | KKT residual abnormal! res_stat=3.387e+01 res_eq=4.466e-05 res_ineq=0.000e+00 res_comp=1.889e-01 | sqp_iter=100 | peak res_stat=1.840e+03
[WARN] [1789396161.125274511] [acados_nmpc_node]: acados solve failed [status=2, 113 consecutive] | x_cur pos=[ 9.51185322  3.97640657 -0.19052136] vel=[0.25824836 0.31245014 0.05720832] |q|=1.0000
[WARN] [1789396161.125492351] [acados_nmpc_node]: Exceeded 40 consecutive failures, resetting warm-start to safe hover state
[INFO] [1789396161.126052973] [acados_nmpc_node]: [attach-window] t=52.98s pos_err=10.686m T=20.25N z=-0.191 m_est=2.129
[WARN] [1789396161.208923410] [acados_nmpc_node]: t=53.06s | KKT residual abnormal! res_stat=6.118e+00 res_eq=5.845e-05 res_ineq=0.000e+00 res_comp=7.445e-02 | sqp_iter=100 | peak res_stat=1.840e+03
[WARN] [1789396161.209337117] [acados_nmpc_node]: acados solve failed [status=2, 114 consecutive] | x_cur pos=[ 9.52945232  3.95743728 -0.1784288 ] vel=[ 0.0613672  -0.41737339  0.16352817] |q|=1.0000
[WARN] [1789396161.209565693] [acados_nmpc_node]: Exceeded 40 consecutive failures, resetting warm-start to safe hover state
[INFO] [1789396161.210151994] [acados_nmpc_node]: [attach-window] t=53.06s pos_err=10.740m T=20.25N z=-0.178 m_est=2.129
[WARN] [1789396161.292813345] [acados_nmpc_node]: t=53.14s | KKT residual abnormal! res_stat=5.425e+02 res_eq=1.641e-03 res_ineq=0.000e+00 res_comp=4.391e+00 | sqp_iter=100 | peak res_stat=1.840e+03
[WARN] [1789396161.293205028] [acados_nmpc_node]: acados solve failed [status=2, 115 consecutive] | x_cur pos=[ 9.52848339  3.88922811 -0.21216309] vel=[-0.06069558 -0.46376464 -0.69305724] |q|=1.0000
[WARN] [1789396161.293424353] [acados_nmpc_node]: Exceeded 40 consecutive failures, resetting warm-start to safe hover state
[INFO] [1789396161.293982680] [acados_nmpc_node]: [attach-window] t=53.14s pos_err=10.785m T=20.25N z=-0.212 m_est=2.129
[WARN] [1789396161.367840439] [acados_nmpc_node]: t=53.23s | KKT residual abnormal! res_stat=4.706e+01 res_eq=1.191e-03 res_ineq=0.000e+00 res_comp=3.641e+00 | sqp_iter=100 | peak res_stat=1.840e+03
[WARN] [1789396161.368238198] [acados_nmpc_node]: acados solve failed [status=2, 116 consecutive] | x_cur pos=[ 9.56629276  3.83402061 -0.18478255] vel=[ 0.66318488 -0.56430048  0.35102654] |q|=1.0000
[WARN] [1789396161.368462523] [acados_nmpc_node]: Exceeded 40 consecutive failures, resetting warm-start to safe hover state
[INFO] [1789396161.369034376] [acados_nmpc_node]: [attach-window] t=53.23s pos_err=10.796m T=20.25N z=-0.185 m_est=2.129
[WARN] [1789396161.437205231] [acados_nmpc_node]: t=53.30s | KKT residual abnormal! res_stat=9.962e+01 res_eq=1.857e-03 res_ineq=0.000e+00 res_comp=9.989e+00 | sqp_iter=100 | peak res_stat=1.840e+03
[WARN] [1789396161.437584279] [acados_nmpc_node]: acados solve failed [status=2, 117 consecutive] | x_cur pos=[ 9.61792183  3.77164483 -0.17971155] vel=[ 1.12513089 -0.5918631   1.65738702] |q|=1.0000
[WARN] [1789396161.437804846] [acados_nmpc_node]: Exceeded 40 consecutive failures, resetting warm-start to safe hover state
[INFO] [1789396161.438364288] [acados_nmpc_node]: [attach-window] t=53.30s pos_err=10.804m T=20.25N z=-0.180 m_est=2.129
[WARN] [1789396161.504886940] [acados_nmpc_node]: t=53.37s | KKT residual abnormal! res_stat=2.770e+01 res_eq=1.946e-04 res_ineq=0.000e+00 res_comp=5.371e-01 | sqp_iter=100 | peak res_stat=1.840e+03
[WARN] [1789396161.505242870] [acados_nmpc_node]: acados solve failed [status=2, 118 consecutive] | x_cur pos=[ 9.69771385  3.7160449  -0.08670759] vel=[ 1.06464505 -0.63239408  1.13163793] |q|=1.0000
[WARN] [1789396161.505463469] [acados_nmpc_node]: Exceeded 40 consecutive failures, resetting warm-start to safe hover state
[INFO] [1789396161.506014993] [acados_nmpc_node]: [attach-window] t=53.37s pos_err=10.753m T=20.25N z=-0.087 m_est=2.129
[WARN] [1789396161.577184738] [acados_nmpc_node]: t=53.44s | KKT residual abnormal! res_stat=6.025e+01 res_eq=8.094e-04 res_ineq=0.000e+00 res_comp=1.630e+00 | sqp_iter=100 | peak res_stat=1.840e+03
[WARN] [1789396161.577561419] [acados_nmpc_node]: acados solve failed [status=2, 119 consecutive] | x_cur pos=[ 9.77309036  3.66076589 -0.02312437] vel=[ 0.95978671 -0.6737141   0.58178765] |q|=1.0000
[WARN] [1789396161.577780492] [acados_nmpc_node]: Exceeded 40 consecutive failures, resetting warm-start to safe hover state
[INFO] [1789396161.578330631] [acados_nmpc_node]: [attach-window] t=53.44s pos_err=10.723m T=20.25N z=-0.023 m_est=2.129
[WARN] [1789396161.652581650] [acados_nmpc_node]: t=53.51s | KKT residual abnormal! res_stat=7.172e+01 res_eq=1.199e-03 res_ineq=0.000e+00 res_comp=3.540e+00 | sqp_iter=100 | peak res_stat=1.840e+03
[WARN] [1789396161.652945273] [acados_nmpc_node]: acados solve failed [status=2, 120 consecutive] | x_cur pos=[9.86964321e+00 3.57595325e+00 5.41862845e-03] vel=[ 0.77865946 -0.76208693 -0.21734288] |q|=1.0000
[WARN] [1789396161.653171365] [acados_nmpc_node]: Exceeded 40 consecutive failures, resetting warm-start to safe hover state
[INFO] [1789396161.653709550] [acados_nmpc_node]: [attach-window] t=53.51s pos_err=10.692m T=20.25N z=0.005 m_est=2.129
[WARN] [1789396161.725969022] [acados_nmpc_node]: t=53.58s | KKT residual abnormal! res_stat=5.116e+01 res_eq=9.059e-04 res_ineq=0.000e+00 res_comp=1.891e+00 | sqp_iter=100 | peak res_stat=1.840e+03
[WARN] [1789396161.726333844] [acados_nmpc_node]: acados solve failed [status=2, 121 consecutive] | x_cur pos=[ 9.92076206  3.50676703 -0.03947794] vel=[ 0.58587509 -0.90322268 -0.79627073] |q|=1.0000
[WARN] [1789396161.726572268] [acados_nmpc_node]: Exceeded 40 consecutive failures, resetting warm-start to safe hover state
[INFO] [1789396161.727393957] [acados_nmpc_node]: [attach-window] t=53.58s pos_err=10.712m T=20.25N z=-0.039 m_est=2.129
[WARN] [1789396161.808968452] [acados_nmpc_node]: t=53.66s | KKT residual abnormal! res_stat=1.975e+01 res_eq=1.876e-04 res_ineq=0.000e+00 res_comp=1.266e-01 | sqp_iter=100 | peak res_stat=1.840e+03
[WARN] [1789396161.809336294] [acados_nmpc_node]: acados solve failed [status=2, 122 consecutive] | x_cur pos=[ 9.9525528   3.43821502 -0.12487754] vel=[ 0.96626723 -0.95173693 -0.49204117] |q|=1.0000
[WARN] [1789396161.809552137] [acados_nmpc_node]: Exceeded 40 consecutive failures, resetting warm-start to safe hover state
[INFO] [1789396161.810073650] [acados_nmpc_node]: [attach-window] t=53.66s pos_err=10.755m T=20.25N z=-0.125 m_est=2.129
[WARN] [1789396161.878783949] [acados_nmpc_node]: t=53.74s | KKT residual abnormal! res_stat=7.759e+01 res_eq=1.138e-03 res_ineq=0.000e+00 res_comp=2.655e+00 | sqp_iter=100 | peak res_stat=1.840e+03
[WARN] [1789396161.879140062] [acados_nmpc_node]: acados solve failed [status=2, 123 consecutive] | x_cur pos=[10.16843224  3.24911618 -0.05418055] vel=[ 2.23667622 -1.71537185  0.56996036] |q|=1.0000
[WARN] [1789396161.879356880] [acados_nmpc_node]: Exceeded 40 consecutive failures, resetting warm-start to safe hover state
[INFO] [1789396161.879881396] [acados_nmpc_node]: [attach-window] t=53.74s pos_err=10.635m T=20.25N z=-0.054 m_est=2.129
[WARN] [1789396161.949329294] [acados_nmpc_node]: t=53.81s | KKT residual abnormal! res_stat=7.016e+01 res_eq=3.622e-04 res_ineq=0.000e+00 res_comp=9.446e-01 | sqp_iter=100 | peak res_stat=1.840e+03
[WARN] [1789396161.949685720] [acados_nmpc_node]: acados solve failed [status=2, 124 consecutive] | x_cur pos=[10.3307972   3.12310457 -0.03235549] vel=[ 2.27889705 -1.65993714 -0.07663833] |q|=1.0000
[WARN] [1789396161.949904160] [acados_nmpc_node]: Exceeded 40 consecutive failures, resetting warm-start to safe hover state
[INFO] [1789396161.950445949] [acados_nmpc_node]: [attach-window] t=53.81s pos_err=10.584m T=20.25N z=-0.032 m_est=2.129
[WARN] [1789396162.019431646] [acados_nmpc_node]: t=53.88s | KKT residual abnormal! res_stat=5.559e+01 res_eq=8.166e-04 res_ineq=0.000e+00 res_comp=2.780e+00 | sqp_iter=100 | peak res_stat=1.840e+03
[WARN] [1789396162.019790233] [acados_nmpc_node]: acados solve failed [status=2, 125 consecutive] | x_cur pos=[10.51549911  2.9887085  -0.06677598] vel=[ 2.30387592 -1.58690119 -0.79555243] |q|=1.0000
[WARN] [1789396162.020007362] [acados_nmpc_node]: Exceeded 40 consecutive failures, resetting warm-start to safe hover state
[INFO] [1789396162.020544703] [acados_nmpc_node]: [attach-window] t=53.88s pos_err=10.570m T=20.25N z=-0.067 m_est=2.129
[WARN] [1789396162.091487254] [acados_nmpc_node]: t=53.96s | KKT residual abnormal! res_stat=3.159e+01 res_eq=3.842e-04 res_ineq=0.000e+00 res_comp=9.681e-01 | sqp_iter=100 | peak res_stat=1.840e+03
[WARN] [1789396162.091857991] [acados_nmpc_node]: acados solve failed [status=2, 126 consecutive] | x_cur pos=[10.60385418  2.97089314  0.02555898] vel=[1.01839042 0.14179298 1.7574122 ] |q|=1.0000
[WARN] [1789396162.092076566] [acados_nmpc_node]: Exceeded 40 consecutive failures, resetting warm-start to safe hover state
[INFO] [1789396162.092612516] [acados_nmpc_node]: [attach-window] t=53.96s pos_err=10.548m T=20.25N z=0.026 m_est=2.129
[WARN] [1789396162.161399824] [acados_nmpc_node]: t=54.03s | KKT residual abnormal! res_stat=4.712e+01 res_eq=8.816e-04 res_ineq=0.000e+00 res_comp=4.069e+00 | sqp_iter=100 | peak res_stat=1.840e+03
[WARN] [1789396162.161770149] [acados_nmpc_node]: acados solve failed [status=2, 127 consecutive] | x_cur pos=[10.66623402  2.98946953  0.11612335] vel=[1.00114655 0.20496577 1.12307179] |q|=1.0000
[WARN] [1789396162.161992663] [acados_nmpc_node]: Exceeded 40 consecutive failures, resetting warm-start to safe hover state
[INFO] [1789396162.162529600] [acados_nmpc_node]: [attach-window] t=54.03s pos_err=10.547m T=20.25N z=0.116 m_est=2.129
[WARN] [1789396162.232777116] [acados_nmpc_node]: t=54.09s | KKT residual abnormal! res_stat=7.681e+01 res_eq=1.819e-03 res_ineq=0.000e+00 res_comp=8.010e+00 | sqp_iter=100 | peak res_stat=1.840e+03
[WARN] [1789396162.233140893] [acados_nmpc_node]: acados solve failed [status=2, 128 consecutive] | x_cur pos=[10.71448708  3.0287571   0.1752418 ] vel=[0.97274822 0.25633755 0.50988013] |q|=1.0000
[WARN] [1789396162.233364395] [acados_nmpc_node]: Exceeded 40 consecutive failures, resetting warm-start to safe hover state
[INFO] [1789396162.233901784] [acados_nmpc_node]: [attach-window] t=54.09s pos_err=10.575m T=20.25N z=0.175 m_est=2.129
[WARN] [1789396162.306114896] [acados_nmpc_node]: t=54.17s | KKT residual abnormal! res_stat=1.541e+02 res_eq=7.619e-04 res_ineq=0.000e+00 res_comp=6.875e-01 | sqp_iter=100 | peak res_stat=1.840e+03
[WARN] [1789396162.306467950] [acados_nmpc_node]: acados solve failed [status=2, 129 consecutive] | x_cur pos=[10.76819324  3.06547546  0.18128821] vel=[ 0.97620451  0.12916696 -0.08656474] |q|=1.0000
[WARN] [1789396162.306685111] [acados_nmpc_node]: Exceeded 40 consecutive failures, resetting warm-start to safe hover state
[INFO] [1789396162.307211870] [acados_nmpc_node]: [attach-window] t=54.17s pos_err=10.635m T=20.25N z=0.181 m_est=2.129
[INFO] [1789396162.307506856] [acados_nmpc_node]: [wcmd] raw=[+10.648,-0.486,+22.179] w=[-0.933,+1.252,+3.617] err=[+11.581,-1.738] scaled=[+10.648,-0.486] s=1.97
[WARN] [1789396162.390739584] [acados_nmpc_node]: t=54.24s | KKT residual abnormal! res_stat=3.915e+01 res_eq=4.672e-04 res_ineq=0.000e+00 res_comp=5.403e+00 | sqp_iter=100 | peak res_stat=1.840e+03
[WARN] [1789396162.391095906] [acados_nmpc_node]: acados solve failed [status=2, 130 consecutive] | x_cur pos=[10.81694126  3.08694911  0.13951567] vel=[ 0.98966861  0.01980204 -0.6349889 ] |q|=1.0000
[WARN] [1789396162.391320428] [acados_nmpc_node]: Exceeded 40 consecutive failures, resetting warm-start to safe hover state
[INFO] [1789396162.391844668] [acados_nmpc_node]: [attach-window] t=54.24s pos_err=10.708m T=20.25N z=0.140 m_est=2.129
[WARN] [1789396162.472386257] [acados_nmpc_node]: t=54.33s | KKT residual abnormal! res_stat=2.097e+01 res_eq=1.125e-04 res_ineq=0.000e+00 res_comp=2.636e-01 | sqp_iter=100 | peak res_stat=1.840e+03
[WARN] [1789396162.472780624] [acados_nmpc_node]: acados solve failed [status=2, 131 consecutive] | x_cur pos=[10.88870144  3.11713982  0.04329219] vel=[0.72437119 1.08292377 1.52278006] |q|=1.0000
[WARN] [1789396162.473005139] [acados_nmpc_node]: Exceeded 40 consecutive failures, resetting warm-start to safe hover state
[INFO] [1789396162.473568814] [acados_nmpc_node]: [attach-window] t=54.33s pos_err=10.828m T=20.25N z=0.043 m_est=2.129
[WARN] [1789396162.562799658] [acados_nmpc_node]: t=54.41s | KKT residual abnormal! res_stat=1.754e+01 res_eq=7.594e-05 res_ineq=0.000e+00 res_comp=1.006e-01 | sqp_iter=100 | peak res_stat=1.840e+03
[WARN] [1789396162.563186025] [acados_nmpc_node]: acados solve failed [status=2, 132 consecutive] | x_cur pos=[10.9431181   3.24900222  0.1130468 ] vel=[0.73758298 1.05788565 0.50003451] |q|=1.0000
[WARN] [1789396162.563406309] [acados_nmpc_node]: Exceeded 40 consecutive failures, resetting warm-start to safe hover state
[INFO] [1789396162.563945734] [acados_nmpc_node]: [attach-window] t=54.41s pos_err=10.915m T=20.25N z=0.113 m_est=2.129
[WARN] [1789396162.653644613] [acados_nmpc_node]: t=54.49s | KKT residual abnormal! res_stat=1.856e+01 res_eq=2.463e-04 res_ineq=0.000e+00 res_comp=3.083e+00 | sqp_iter=100 | peak res_stat=1.840e+03
[WARN] [1789396162.654034149] [acados_nmpc_node]: acados solve failed [status=2, 133 consecutive] | x_cur pos=[10.97945404  3.32860017  0.13039911] vel=[0.80593866 0.83362633 0.02089466] |q|=1.0000
[WARN] [1789396162.654264614] [acados_nmpc_node]: Exceeded 40 consecutive failures, resetting warm-start to safe hover state
[INFO] [1789396162.654826183] [acados_nmpc_node]: [attach-window] t=54.49s pos_err=10.987m T=20.25N z=0.130 m_est=2.129
[WARN] [1789396162.738659930] [acados_nmpc_node]: t=54.59s | KKT residual abnormal! res_stat=3.792e+02 res_eq=2.992e-03 res_ineq=0.000e+00 res_comp=2.647e+01 | sqp_iter=100 | peak res_stat=1.840e+03
[WARN] [1789396162.739059854] [acados_nmpc_node]: acados solve failed [status=2, 134 consecutive] | x_cur pos=[11.04484367  3.43212485  0.0624961 ] vel=[ 0.85279143  0.56763721 -0.86131901] |q|=1.0000
[WARN] [1789396162.739284660] [acados_nmpc_node]: Exceeded 40 consecutive failures, resetting warm-start to safe hover state
[INFO] [1789396162.739852092] [acados_nmpc_node]: [attach-window] t=54.59s pos_err=11.135m T=20.25N z=0.062 m_est=2.129
[WARN] [1789396162.818282392] [acados_nmpc_node]: t=54.67s | KKT residual abnormal! res_stat=2.730e+01 res_eq=1.393e-04 res_ineq=0.000e+00 res_comp=8.757e-01 | sqp_iter=100 | peak res_stat=1.840e+03
[WARN] [1789396162.818667988] [acados_nmpc_node]: acados solve failed [status=2, 135 consecutive] | x_cur pos=[11.09087086  3.50190353  0.03338724] vel=[0.68689716 1.47452867 2.04633474] |q|=1.0000
[WARN] [1789396162.818890202] [acados_nmpc_node]: Exceeded 40 consecutive failures, resetting warm-start to safe hover state
[INFO] [1789396162.819438007] [acados_nmpc_node]: [attach-window] t=54.67s pos_err=11.226m T=20.25N z=0.033 m_est=2.129
[WARN] [1789396162.897563573] [acados_nmpc_node]: t=54.75s | KKT residual abnormal! res_stat=1.518e+02 res_eq=3.518e-04 res_ineq=0.000e+00 res_comp=1.375e+00 | sqp_iter=100 | peak res_stat=1.840e+03
[WARN] [1789396162.897928696] [acados_nmpc_node]: acados solve failed [status=2, 136 consecutive] | x_cur pos=[11.14661503  3.65398097  0.16977194] vel=[0.78986049 1.23350716 1.23183441] |q|=1.0000
[WARN] [1789396162.898149971] [acados_nmpc_node]: Exceeded 40 consecutive failures, resetting warm-start to safe hover state
[INFO] [1789396162.898673219] [acados_nmpc_node]: [attach-window] t=54.75s pos_err=11.285m T=20.25N z=0.170 m_est=2.129
[WARN] [1789396162.972839049] [acados_nmpc_node]: t=54.83s | KKT residual abnormal! res_stat=3.071e+01 res_eq=6.229e-05 res_ineq=0.000e+00 res_comp=4.610e-01 | sqp_iter=100 | peak res_stat=1.840e+03
[WARN] [1789396162.973195575] [acados_nmpc_node]: acados solve failed [status=2, 137 consecutive] | x_cur pos=[11.19027424  3.74545026  0.23913804] vel=[0.80603349 1.17129421 0.64298296] |q|=1.0000
[WARN] [1789396162.973412739] [acados_nmpc_node]: Exceeded 40 consecutive failures, resetting warm-start to safe hover state
[INFO] [1789396162.973932149] [acados_nmpc_node]: [attach-window] t=54.83s pos_err=11.333m T=20.25N z=0.239 m_est=2.129
[WARN] [1789396163.051273029] [acados_nmpc_node]: t=54.91s | KKT residual abnormal! res_stat=5.026e+01 res_eq=2.691e-04 res_ineq=0.000e+00 res_comp=8.822e-01 | sqp_iter=100 | peak res_stat=1.840e+03
[WARN] [1789396163.051640757] [acados_nmpc_node]: acados solve failed [status=2, 138 consecutive] | x_cur pos=[11.2609663   3.8638854   0.25369194] vel=[ 0.83924878  1.05163348 -0.22773892] |q|=1.0000
[WARN] [1789396163.051862816] [acados_nmpc_node]: Exceeded 40 consecutive failures, resetting warm-start to safe hover state
[INFO] [1789396163.052493507] [acados_nmpc_node]: [attach-window] t=54.91s pos_err=11.443m T=20.25N z=0.254 m_est=2.129
[WARN] [1789396163.124365808] [acados_nmpc_node]: t=54.98s | KKT residual abnormal! res_stat=2.040e+02 res_eq=1.449e-03 res_ineq=0.000e+00 res_comp=5.756e+00 | sqp_iter=100 | peak res_stat=1.840e+03
[WARN] [1789396163.124730530] [acados_nmpc_node]: acados solve failed [status=2, 139 consecutive] | x_cur pos=[11.32228947  3.92094016  0.20589042] vel=[ 0.91552132  0.70607305 -0.72210604] |q|=1.0000
[WARN] [1789396163.124948473] [acados_nmpc_node]: Exceeded 40 consecutive failures, resetting warm-start to safe hover state
[INFO] [1789396163.125481671] [acados_nmpc_node]: [attach-window] t=54.98s pos_err=11.539m T=20.25N z=0.206 m_est=2.129
[WARN] [1789396163.207761466] [acados_nmpc_node]: t=55.06s | KKT residual abnormal! res_stat=5.105e+02 res_eq=4.695e-03 res_ineq=0.000e+00 res_comp=4.724e+01 | sqp_iter=100 | peak res_stat=1.840e+03
[WARN] [1789396163.208135046] [acados_nmpc_node]: acados solve failed [status=2, 140 consecutive] | x_cur pos=[11.37797832  3.96065593  0.11729166] vel=[ 0.90325654  0.64339972 -1.33116126] |q|=1.0000
[WARN] [1789396163.208366513] [acados_nmpc_node]: Exceeded 40 consecutive failures, resetting warm-start to safe hover state
[INFO] [1789396163.208904452] [acados_nmpc_node]: [attach-window] t=55.06s pos_err=11.643m T=20.25N z=0.117 m_est=2.129
[WARN] [1789396163.282496865] [acados_nmpc_node]: t=55.14s | KKT residual abnormal! res_stat=8.630e+01 res_eq=1.072e-04 res_ineq=0.000e+00 res_comp=5.241e-01 | sqp_iter=100 | peak res_stat=1.840e+03
[WARN] [1789396163.282850309] [acados_nmpc_node]: acados solve failed [status=2, 141 consecutive] | x_cur pos=[ 1.15014219e+01  3.98566103e+00 -2.75087357e-03] vel=[ 1.39509332  0.06924001 -0.22342408] |q|=1.0000
[WARN] [1789396163.283073833] [acados_nmpc_node]: Exceeded 40 consecutive failures, resetting warm-start to safe hover state
[INFO] [1789396163.283591994] [acados_nmpc_node]: [attach-window] t=55.14s pos_err=11.792m T=20.25N z=-0.003 m_est=2.129
[WARN] [1789396163.366353700] [acados_nmpc_node]: t=55.22s | KKT residual abnormal! res_stat=4.064e+01 res_eq=8.657e-04 res_ineq=0.000e+00 res_comp=3.274e+00 | sqp_iter=100 | peak res_stat=1.840e+03
[WARN] [1789396163.366721720] [acados_nmpc_node]: acados solve failed [status=2, 142 consecutive] | x_cur pos=[11.57608604  3.98011088 -0.02593289] vel=[0.09780324 0.14102434 1.16951096] |q|=1.0000
[WARN] [1789396163.366938207] [acados_nmpc_node]: Exceeded 40 consecutive failures, resetting warm-start to safe hover state
[INFO] [1789396163.367479084] [acados_nmpc_node]: [attach-window] t=55.22s pos_err=11.847m T=20.25N z=-0.026 m_est=2.129
[WARN] [1789396163.438308994] [acados_nmpc_node]: t=55.30s | KKT residual abnormal! res_stat=2.826e+01 res_eq=1.641e-04 res_ineq=0.000e+00 res_comp=4.080e-01 | sqp_iter=100 | peak res_stat=1.840e+03
[WARN] [1789396163.438662058] [acados_nmpc_node]: acados solve failed [status=2, 143 consecutive] | x_cur pos=[11.56312275  3.97038555  0.05276012] vel=[-0.27772126  0.09928053  1.03525746] |q|=1.0000
[WARN] [1789396163.438881271] [acados_nmpc_node]: Exceeded 40 consecutive failures, resetting warm-start to safe hover state
[INFO] [1789396163.439408049] [acados_nmpc_node]: [attach-window] t=55.30s pos_err=11.800m T=20.25N z=0.053 m_est=2.129
[WARN] [1789396163.504172970] [acados_nmpc_node]: t=55.37s | KKT residual abnormal! res_stat=6.472e-04 res_eq=3.553e-15 res_ineq=0.000e+00 res_comp=4.062e-11 | sqp_iter=100 | peak res_stat=1.840e+03
[WARN] [1789396163.504532536] [acados_nmpc_node]: acados solve failed [status=2, 144 consecutive] | x_cur pos=[11.52634525  3.96163845  0.10983512] vel=[-0.25855276  0.00893291  0.38050327] |q|=1.0000
[WARN] [1789396163.504757504] [acados_nmpc_node]: Exceeded 40 consecutive failures, resetting warm-start to safe hover state
[INFO] [1789396163.505301685] [acados_nmpc_node]: [attach-window] t=55.37s pos_err=11.753m T=20.25N z=0.110 m_est=2.129
[WARN] [1789396163.576395054] [acados_nmpc_node]: t=55.44s | KKT residual abnormal! res_stat=1.502e+01 res_eq=1.756e-04 res_ineq=0.000e+00 res_comp=5.671e-01 | sqp_iter=100 | peak res_stat=1.840e+03
[WARN] [1789396163.576779592] [acados_nmpc_node]: acados solve failed [status=2, 145 consecutive] | x_cur pos=[11.48922729  3.94734907  0.12217447] vel=[-0.21087895 -0.13792877 -0.16042559] |q|=1.0000
[WARN] [1789396163.576997097] [acados_nmpc_node]: Exceeded 40 consecutive failures, resetting warm-start to safe hover state
[INFO] [1789396163.577545477] [acados_nmpc_node]: [attach-window] t=55.44s pos_err=11.726m T=20.25N z=0.122 m_est=2.129
[WARN] [1789396163.652935196] [acados_nmpc_node]: t=55.51s | KKT residual abnormal! res_stat=9.060e+01 res_eq=3.510e-04 res_ineq=0.000e+00 res_comp=1.211e+00 | sqp_iter=100 | peak res_stat=1.840e+03
[WARN] [1789396163.653328220] [acados_nmpc_node]: acados solve failed [status=2, 146 consecutive] | x_cur pos=[11.44806862  3.90843868  0.05237105] vel=[-0.14641958 -0.33725536 -1.00354207] |q|=1.0000
[WARN] [1789396163.653546056] [acados_nmpc_node]: Exceeded 40 consecutive failures, resetting warm-start to safe hover state
[INFO] [1789396163.654092420] [acados_nmpc_node]: [attach-window] t=55.51s pos_err=11.729m T=20.25N z=0.052 m_est=2.129
[WARN] [1789396163.730337382] [acados_nmpc_node]: t=55.58s | KKT residual abnormal! res_stat=5.194e+01 res_eq=8.493e-04 res_ineq=0.000e+00 res_comp=1.137e+00 | sqp_iter=100 | peak res_stat=1.840e+03
[WARN] [1789396163.730695636] [acados_nmpc_node]: acados solve failed [status=2, 147 consecutive] | x_cur pos=[11.4035511   3.87371254  0.08690631] vel=[-0.69216597 -0.21850507  1.02921104] |q|=1.0000
[WARN] [1789396163.730912471] [acados_nmpc_node]: Exceeded 40 consecutive failures, resetting warm-start to safe hover state
[INFO] [1789396163.731444785] [acados_nmpc_node]: [attach-window] t=55.58s pos_err=11.680m T=20.25N z=0.087 m_est=2.129
[WARN] [1789396163.806117488] [acados_nmpc_node]: t=55.67s | KKT residual abnormal! res_stat=1.850e+02 res_eq=1.687e-03 res_ineq=0.000e+00 res_comp=7.611e+00 | sqp_iter=100 | peak res_stat=1.840e+03
[WARN] [1789396163.806477520] [acados_nmpc_node]: acados solve failed [status=2, 148 consecutive] | x_cur pos=[11.34540367  3.85188341  0.12884089] vel=[-0.72007298 -0.13286376  0.38960928] |q|=1.0000
[WARN] [1789396163.806696274] [acados_nmpc_node]: Exceeded 40 consecutive failures, resetting warm-start to safe hover state
[INFO] [1789396163.807241346] [acados_nmpc_node]: [attach-window] t=55.67s pos_err=11.631m T=20.25N z=0.129 m_est=2.129
[WARN] [1789396163.884173022] [acados_nmpc_node]: t=55.74s | KKT residual abnormal! res_stat=3.481e+01 res_eq=4.461e-04 res_ineq=0.000e+00 res_comp=2.708e+00 | sqp_iter=100 | peak res_stat=1.840e+03
[WARN] [1789396163.884539091] [acados_nmpc_node]: acados solve failed [status=2, 149 consecutive] | x_cur pos=[11.28259563  3.83670282  0.13977563] vel=[-0.73171258 -0.20716117 -0.17965363] |q|=1.0000
[WARN] [1789396163.884767151] [acados_nmpc_node]: Exceeded 40 consecutive failures, resetting warm-start to safe hover state
[INFO] [1789396163.885293769] [acados_nmpc_node]: [attach-window] t=55.74s pos_err=11.601m T=20.25N z=0.140 m_est=2.129
[INFO] [1789396163.885592439] [acados_nmpc_node]: [wcmd] raw=[+10.648,-0.486,+22.179] w=[+0.529,+0.533,-4.758] err=[+10.119,-1.019] scaled=[+10.648,-0.486] s=1.97
[WARN] [1789396163.954700868] [acados_nmpc_node]: t=55.82s | KKT residual abnormal! res_stat=1.768e+01 res_eq=2.813e-04 res_ineq=0.000e+00 res_comp=1.203e+00 | sqp_iter=100 | peak res_stat=1.840e+03
[WARN] [1789396163.955053554] [acados_nmpc_node]: acados solve failed [status=2, 150 consecutive] | x_cur pos=[11.20425224  3.85370612  0.16041282] vel=[-0.35257393  0.7336871   1.04459417] |q|=1.0000
[WARN] [1789396163.955272677] [acados_nmpc_node]: Exceeded 40 consecutive failures, resetting warm-start to safe hover state
[INFO] [1789396163.955810137] [acados_nmpc_node]: [attach-window] t=55.82s pos_err=11.576m T=20.25N z=0.160 m_est=2.129
[WARN] [1789396164.027543624] [acados_nmpc_node]: t=55.89s | KKT residual abnormal! res_stat=1.852e+02 res_eq=1.217e-03 res_ineq=0.000e+00 res_comp=1.602e+01 | sqp_iter=100 | peak res_stat=1.840e+03
[WARN] [1789396164.027907937] [acados_nmpc_node]: acados solve failed [status=2, 151 consecutive] | x_cur pos=[11.17516899  3.9001236   0.19659114] vel=[-0.33408016  0.47344315  0.55234885] |q|=1.0000
[WARN] [1789396164.028133619] [acados_nmpc_node]: Exceeded 40 consecutive failures, resetting warm-start to safe hover state
[INFO] [1789396164.028680608] [acados_nmpc_node]: [attach-window] t=55.89s pos_err=11.590m T=20.25N z=0.197 m_est=2.129
[WARN] [1789396164.117655734] [acados_nmpc_node]: t=55.96s | KKT residual abnormal! res_stat=4.020e+01 res_eq=2.458e-04 res_ineq=0.000e+00 res_comp=1.151e+00 | sqp_iter=100 | peak res_stat=1.840e+03
[WARN] [1789396164.118025141] [acados_nmpc_node]: acados solve failed [status=2, 152 consecutive] | x_cur pos=[11.15252876  3.94318891  0.20720288] vel=[-0.31531891  0.38107693 -0.09213661] |q|=1.0000
[WARN] [1789396164.118253504] [acados_nmpc_node]: Exceeded 40 consecutive failures, resetting warm-start to safe hover state
[INFO] [1789396164.118783465] [acados_nmpc_node]: [attach-window] t=55.96s pos_err=11.628m T=20.25N z=0.207 m_est=2.129
[WARN] [1789396164.209044552] [acados_nmpc_node]: t=56.05s | KKT residual abnormal! res_stat=2.168e+02 res_eq=2.388e-03 res_ineq=0.000e+00 res_comp=1.355e+01 | sqp_iter=100 | peak res_stat=1.840e+03
[WARN] [1789396164.209422532] [acados_nmpc_node]: acados solve failed [status=2, 153 consecutive] | x_cur pos=[11.11611462  3.96493006  0.14970219] vel=[-0.53241068 -0.1036326  -0.62437779] |q|=1.0000
[WARN] [1789396164.209643140] [acados_nmpc_node]: Exceeded 40 consecutive failures, resetting warm-start to safe hover state
[INFO] [1789396164.210192412] [acados_nmpc_node]: [attach-window] t=56.05s pos_err=11.691m T=20.25N z=0.150 m_est=2.129
[WARN] [1789396164.279126143] [acados_nmpc_node]: t=56.14s | KKT residual abnormal! res_stat=6.353e+01 res_eq=3.919e-04 res_ineq=0.000e+00 res_comp=9.401e-01 | sqp_iter=100 | peak res_stat=1.840e+03
[WARN] [1789396164.279480373] [acados_nmpc_node]: acados solve failed [status=2, 154 consecutive] | x_cur pos=[11.05602837  4.03659582  0.2468597 ] vel=[-0.6487968   0.94402468  1.65536666] |q|=1.0000
[WARN] [1789396164.279702171] [acados_nmpc_node]: Exceeded 40 consecutive failures, resetting warm-start to safe hover state
[INFO] [1789396164.280231549] [acados_nmpc_node]: [attach-window] t=56.14s pos_err=11.689m T=20.25N z=0.247 m_est=2.129
[WARN] [1789396164.355357544] [acados_nmpc_node]: t=56.21s | KKT residual abnormal! res_stat=1.746e+02 res_eq=2.321e-03 res_ineq=0.000e+00 res_comp=2.601e+00 | sqp_iter=100 | peak res_stat=1.840e+03
[WARN] [1789396164.355717279] [acados_nmpc_node]: acados solve failed [status=2, 155 consecutive] | x_cur pos=[11.01685619  4.10327482  0.33517835] vel=[-0.63744837  0.84799874  1.10029459] |q|=1.0000
[WARN] [1789396164.355938448] [acados_nmpc_node]: Exceeded 40 consecutive failures, resetting warm-start to safe hover state
[INFO] [1789396164.356570266] [acados_nmpc_node]: [attach-window] t=56.21s pos_err=11.695m T=20.25N z=0.335 m_est=2.129
[WARN] [1789396164.429340235] [acados_nmpc_node]: t=56.29s | KKT residual abnormal! res_stat=2.691e+02 res_eq=2.367e-03 res_ineq=0.000e+00 res_comp=1.203e+01 | sqp_iter=100 | peak res_stat=1.840e+03
[WARN] [1789396164.429687832] [acados_nmpc_node]: acados solve failed [status=2, 156 consecutive] | x_cur pos=[10.97921562  4.16483545  0.38766608] vel=[-0.63695717  0.727651    0.57525837] |q|=1.0000
[WARN] [1789396164.429907976] [acados_nmpc_node]: Exceeded 40 consecutive failures, resetting warm-start to safe hover state
[INFO] [1789396164.430427888] [acados_nmpc_node]: [attach-window] t=56.29s pos_err=11.723m T=20.25N z=0.388 m_est=2.129
[WARN] [1789396164.506897895] [acados_nmpc_node]: t=56.37s | KKT residual abnormal! res_stat=1.496e+02 res_eq=3.962e-03 res_ineq=0.000e+00 res_comp=6.032e+01 | sqp_iter=100 | peak res_stat=1.840e+03
[WARN] [1789396164.507244708] [acados_nmpc_node]: acados solve failed [status=2, 157 consecutive] | x_cur pos=[10.93713284  4.21832609  0.39629689] vel=[-0.68522483  0.45454645  0.10156489] |q|=1.0000
[WARN] [1789396164.507460644] [acados_nmpc_node]: Exceeded 40 consecutive failures, resetting warm-start to safe hover state
[INFO] [1789396164.507978442] [acados_nmpc_node]: [attach-window] t=56.37s pos_err=11.773m T=20.25N z=0.396 m_est=2.129
[WARN] [1789396164.582494407] [acados_nmpc_node]: t=56.44s | KKT residual abnormal! res_stat=2.362e+02 res_eq=1.936e-03 res_ineq=0.000e+00 res_comp=1.133e+01 | sqp_iter=100 | peak res_stat=1.840e+03
[WARN] [1789396164.582842402] [acados_nmpc_node]: acados solve failed [status=2, 158 consecutive] | x_cur pos=[10.89597702  4.24537277  0.36769053] vel=[-0.73475814  0.31365341 -0.39844081] |q|=1.0000
[WARN] [1789396164.583058432] [acados_nmpc_node]: Exceeded 40 consecutive failures, resetting warm-start to safe hover state
[INFO] [1789396164.583589573] [acados_nmpc_node]: [attach-window] t=56.44s pos_err=11.835m T=20.25N z=0.368 m_est=2.129
[WARN] [1789396164.660874178] [acados_nmpc_node]: t=56.52s | KKT residual abnormal! res_stat=2.082e+02 res_eq=2.934e-03 res_ineq=0.000e+00 res_comp=4.868e+01 | sqp_iter=100 | peak res_stat=1.840e+03
[WARN] [1789396164.661266205] [acados_nmpc_node]: acados solve failed [status=2, 159 consecutive] | x_cur pos=[10.82739449  4.26204348  0.25270715] vel=[-0.80669624  0.1362054  -1.19892323] |q|=1.0000
[WARN] [1789396164.661491773] [acados_nmpc_node]: Exceeded 40 consecutive failures, resetting warm-start to safe hover state
[INFO] [1789396164.662047393] [acados_nmpc_node]: [attach-window] t=56.52s pos_err=11.916m T=20.25N z=0.253 m_est=2.129
[WARN] [1789396164.732779830] [acados_nmpc_node]: t=56.59s | KKT residual abnormal! res_stat=1.687e+02 res_eq=1.902e-03 res_ineq=0.000e+00 res_comp=8.196e+00 | sqp_iter=100 | peak res_stat=1.840e+03
[WARN] [1789396164.733175330] [acados_nmpc_node]: acados solve failed [status=2, 160 consecutive] | x_cur pos=[10.78087521  4.25725603  0.12989435] vel=[ 0.00960368 -0.28319088  0.0983969 ] |q|=1.0000
[WARN] [1789396164.733400002] [acados_nmpc_node]: Exceeded 40 consecutive failures, resetting warm-start to safe hover state
[INFO] [1789396164.733957134] [acados_nmpc_node]: [attach-window] t=56.59s pos_err=12.015m T=20.25N z=0.130 m_est=2.129
[WARN] [1789396164.813648785] [acados_nmpc_node]: t=56.67s | KKT residual abnormal! res_stat=4.320e+01 res_eq=2.872e-04 res_ineq=0.000e+00 res_comp=1.082e+00 | sqp_iter=100 | peak res_stat=1.840e+03
[WARN] [1789396164.814047978] [acados_nmpc_node]: acados solve failed [status=2, 161 consecutive] | x_cur pos=[10.78560734  4.23133659  0.08293745] vel=[ 0.01432318 -0.29575193 -0.52218008] |q|=1.0000
[WARN] [1789396164.814272153] [acados_nmpc_node]: Exceeded 40 consecutive failures, resetting warm-start to safe hover state
[INFO] [1789396164.814844411] [acados_nmpc_node]: [attach-window] t=56.67s pos_err=12.117m T=20.25N z=0.083 m_est=2.129
[WARN] [1789396164.910267134] [acados_nmpc_node]: t=56.75s | KKT residual abnormal! res_stat=7.350e+01 res_eq=4.088e-04 res_ineq=0.000e+00 res_comp=1.878e+00 | sqp_iter=100 | peak res_stat=1.840e+03
[WARN] [1789396164.910667118] [acados_nmpc_node]: acados solve failed [status=2, 162 consecutive] | x_cur pos=[10.7899456   4.21163464  0.02771029] vel=[0.56064004 0.40082335 1.56569803] |q|=1.0000
[WARN] [1789396164.910890017] [acados_nmpc_node]: Exceeded 40 consecutive failures, resetting warm-start to safe hover state
[INFO] [1789396164.911462236] [acados_nmpc_node]: [attach-window] t=56.75s pos_err=12.239m T=20.25N z=0.028 m_est=2.129
[WARN] [1789396164.996585372] [acados_nmpc_node]: t=56.85s | KKT residual abnormal! res_stat=6.587e+01 res_eq=3.124e-04 res_ineq=0.000e+00 res_comp=2.347e+00 | sqp_iter=100 | peak res_stat=1.840e+03
[WARN] [1789396164.996981938] [acados_nmpc_node]: acados solve failed [status=2, 163 consecutive] | x_cur pos=[10.85976791  4.24525404  0.11451712] vel=[0.56464511 0.35601434 0.6262393 ] |q|=1.0000
[WARN] [1789396164.997203438] [acados_nmpc_node]: Exceeded 40 consecutive failures, resetting warm-start to safe hover state
[INFO] [1789396164.997772137] [acados_nmpc_node]: [attach-window] t=56.85s pos_err=12.393m T=20.25N z=0.115 m_est=2.129
[WARN] [1789396165.089494162] [acados_nmpc_node]: t=56.93s | KKT residual abnormal! res_stat=3.920e+01 res_eq=2.092e-04 res_ineq=0.000e+00 res_comp=5.414e-01 | sqp_iter=100 | peak res_stat=1.840e+03
[WARN] [1789396165.089886659] [acados_nmpc_node]: acados solve failed [status=2, 164 consecutive] | x_cur pos=[10.91288567  4.26776361  0.13635889] vel=[0.53366858 0.17987424 0.09293535] |q|=1.0000
[WARN] [1789396165.090107359] [acados_nmpc_node]: Exceeded 40 consecutive failures, resetting warm-start to safe hover state
[INFO] [1789396165.090684489] [acados_nmpc_node]: [attach-window] t=56.93s pos_err=12.558m T=20.25N z=0.136 m_est=2.129
[WARN] [1789396165.164646981] [acados_nmpc_node]: t=57.03s | KKT residual abnormal! res_stat=6.983e+01 res_eq=1.008e-03 res_ineq=0.000e+00 res_comp=5.496e+00 | sqp_iter=100 | peak res_stat=1.840e+03
[WARN] [1789396165.165006237] [acados_nmpc_node]: acados solve failed [status=2, 165 consecutive] | x_cur pos=[11.00781822  4.27795601  0.10480538] vel=[ 1.35050714 -0.04401869  0.5173173 ] |q|=1.0000
[WARN] [1789396165.165227524] [acados_nmpc_node]: Exceeded 40 consecutive failures, resetting warm-start to safe hover state
[INFO] [1789396165.165774318] [acados_nmpc_node]: [attach-window] t=57.03s pos_err=12.798m T=20.25N z=0.105 m_est=2.129
[WARN] [1789396165.242920495] [acados_nmpc_node]: t=57.10s | KKT residual abnormal! res_stat=1.885e+02 res_eq=1.502e-03 res_ineq=0.000e+00 res_comp=6.751e+00 | sqp_iter=100 | peak res_stat=1.840e+03
[WARN] [1789396165.243291832] [acados_nmpc_node]: acados solve failed [status=2, 166 consecutive] | x_cur pos=[11.10743046  4.26939869  0.10001409] vel=[ 1.34708047 -0.1233566  -0.05644525] |q|=1.0000
[WARN] [1789396165.243517039] [acados_nmpc_node]: Exceeded 40 consecutive failures, resetting warm-start to safe hover state
[INFO] [1789396165.244069097] [acados_nmpc_node]: [attach-window] t=57.10s pos_err=13.000m T=20.25N z=0.100 m_est=2.129
[WARN] [1789396165.338337662] [acados_nmpc_node]: t=57.18s | KKT residual abnormal! res_stat=9.475e+02 res_eq=3.008e-04 res_ineq=0.000e+00 res_comp=7.207e+00 | sqp_iter=100 | peak res_stat=1.840e+03
[WARN] [1789396165.338691409] [acados_nmpc_node]: acados solve failed [status=2, 167 consecutive] | x_cur pos=[11.2739439   4.24303865  0.03244945] vel=[0.59302545 0.08582795 0.39970237] |q|=1.0000
[WARN] [1789396165.338912208] [acados_nmpc_node]: Exceeded 40 consecutive failures, resetting warm-start to safe hover state
[INFO] [1789396165.339440998] [acados_nmpc_node]: [attach-window] t=57.18s pos_err=13.310m T=20.25N z=0.032 m_est=2.129
[WARN] [1789396165.422764438] [acados_nmpc_node]: t=57.27s | KKT residual abnormal! res_stat=2.366e+01 res_eq=5.939e-05 res_ineq=0.000e+00 res_comp=2.063e-01 | sqp_iter=100 | peak res_stat=1.840e+03
[WARN] [1789396165.423110582] [acados_nmpc_node]: acados solve failed [status=2, 168 consecutive] | x_cur pos=[11.32569885  4.24335527  0.01821452] vel=[ 0.6063413   0.03406253 -0.21032555] |q|=1.0000
[WARN] [1789396165.423334123] [acados_nmpc_node]: Exceeded 40 consecutive failures, resetting warm-start to safe hover state
[INFO] [1789396165.423857607] [acados_nmpc_node]: [attach-window] t=57.27s pos_err=13.535m T=20.25N z=0.018 m_est=2.129
[WARN] [1789396165.500035705] [acados_nmpc_node]: t=57.36s | KKT residual abnormal! res_stat=4.482e+00 res_eq=1.943e-06 res_ineq=0.000e+00 res_comp=1.997e-07 | sqp_iter=100 | peak res_stat=1.840e+03
[WARN] [1789396165.500383509] [acados_nmpc_node]: acados solve failed [status=2, 169 consecutive] | x_cur pos=[11.39783382  4.2720089   0.02520519] vel=[0.84410387 0.20729849 0.21481876] |q|=1.0000
[WARN] [1789396165.500601913] [acados_nmpc_node]: Exceeded 40 consecutive failures, resetting warm-start to safe hover state
[INFO] [1789396165.501135664] [acados_nmpc_node]: [attach-window] t=57.36s pos_err=13.761m T=20.25N z=0.025 m_est=2.129
[INFO] [1789396165.501427726] [acados_nmpc_node]: [wcmd] raw=[+10.648,-0.486,+22.179] w=[-0.994,-0.216,+2.544] err=[+11.642,-0.270] scaled=[+10.648,-0.486] s=1.97
[WARN] [1789396165.581356291] [acados_nmpc_node]: t=57.44s | KKT residual abnormal! res_stat=1.516e+01 res_eq=5.893e-07 res_ineq=0.000e+00 res_comp=2.318e-09 | sqp_iter=100 | peak res_stat=1.840e+03
[WARN] [1789396165.581715617] [acados_nmpc_node]: acados solve failed [status=2, 170 consecutive] | x_cur pos=[11.44839859  4.28971529  0.01336765] vel=[ 0.60617483  0.23682715 -0.14768699] |q|=1.0000
[WARN] [1789396165.581937172] [acados_nmpc_node]: Exceeded 40 consecutive failures, resetting warm-start to safe hover state
[INFO] [1789396165.582485656] [acados_nmpc_node]: [attach-window] t=57.44s pos_err=13.965m T=20.25N z=0.013 m_est=2.129
[WARN] [1789396165.661652331] [acados_nmpc_node]: t=57.52s | KKT residual abnormal! res_stat=4.001e+02 res_eq=3.671e-04 res_ineq=0.000e+00 res_comp=2.183e+01 | sqp_iter=100 | peak res_stat=1.840e+03
[WARN] [1789396165.662031556] [acados_nmpc_node]: acados solve failed [status=2, 171 consecutive] | x_cur pos=[11.50674629  4.32706785  0.04535967] vel=[0.62336457 0.24223605 0.27692342] |q|=1.0000
[WARN] [1789396165.662255609] [acados_nmpc_node]: Exceeded 40 consecutive failures, resetting warm-start to safe hover state
[INFO] [1789396165.662814476] [acados_nmpc_node]: [attach-window] t=57.52s pos_err=14.174m T=20.25N z=0.045 m_est=2.129
[WARN] [1789396165.737917244] [acados_nmpc_node]: t=57.59s | KKT residual abnormal! res_stat=2.317e+03 res_eq=5.389e-04 res_ineq=0.000e+00 res_comp=1.355e+01 | sqp_iter=100 | peak res_stat=2.317e+03
[WARN] [1789396165.738277553] [acados_nmpc_node]: acados solve failed [status=2, 172 consecutive] | x_cur pos=[11.54293156  4.3448863   0.03832772] vel=[ 0.64867419  0.17182772 -0.31172553] |q|=1.0000
[WARN] [1789396165.738495689] [acados_nmpc_node]: Exceeded 40 consecutive failures, resetting warm-start to safe hover state
[INFO] [1789396165.739131155] [acados_nmpc_node]: [attach-window] t=57.59s pos_err=14.369m T=20.25N z=0.038 m_est=2.129
[WARN] [1789396165.821588095] [acados_nmpc_node]: t=57.67s | KKT residual abnormal! res_stat=3.169e+02 res_eq=1.202e-03 res_ineq=0.000e+00 res_comp=2.730e+01 | sqp_iter=100 | peak res_stat=2.317e+03
[WARN] [1789396165.821940005] [acados_nmpc_node]: acados solve failed [status=2, 173 consecutive] | x_cur pos=[11.59945869  4.38102341  0.04267219] vel=[1.21895039 0.72580099 0.24506043] |q|=1.0000
[WARN] [1789396165.822161671] [acados_nmpc_node]: Exceeded 40 consecutive failures, resetting warm-start to safe hover state
[INFO] [1789396165.822684566] [acados_nmpc_node]: [attach-window] t=57.67s pos_err=14.592m T=20.25N z=0.043 m_est=2.129
[WARN] [1789396165.905152984] [acados_nmpc_node]: t=57.76s | KKT residual abnormal! res_stat=2.032e+02 res_eq=2.175e-03 res_ineq=0.000e+00 res_comp=1.373e+01 | sqp_iter=100 | peak res_stat=2.317e+03
[WARN] [1789396165.905503497] [acados_nmpc_node]: acados solve failed [status=2, 174 consecutive] | x_cur pos=[11.73101997  4.45171022  0.03360999] vel=[0.90939015 0.40145668 0.47134089] |q|=1.0000
[WARN] [1789396165.905719884] [acados_nmpc_node]: Exceeded 40 consecutive failures, resetting warm-start to safe hover state
[INFO] [1789396165.906259216] [acados_nmpc_node]: [attach-window] t=57.76s pos_err=14.902m T=20.25N z=0.034 m_est=2.129
[WARN] [1789396165.992044418] [acados_nmpc_node]: t=57.84s | KKT residual abnormal! res_stat=8.325e-01 res_eq=2.161e-07 res_ineq=0.000e+00 res_comp=2.509e-05 | sqp_iter=100 | peak res_stat=2.317e+03
[WARN] [1789396165.992403290] [acados_nmpc_node]: acados solve failed [status=2, 175 consecutive] | x_cur pos=[11.80012512  4.48689222  0.03541109] vel=[ 0.89225751  0.43088296 -0.16499703] |q|=1.0000
[WARN] [1789396165.992620300] [acados_nmpc_node]: Exceeded 40 consecutive failures, resetting warm-start to safe hover state
[INFO] [1789396165.993152901] [acados_nmpc_node]: [attach-window] t=57.84s pos_err=15.150m T=20.25N z=0.035 m_est=2.129
[WARN] [1789396166.085489938] [acados_nmpc_node]: t=57.93s | KKT residual abnormal! res_stat=7.572e+00 res_eq=8.892e-05 res_ineq=0.000e+00 res_comp=3.967e-01 | sqp_iter=100 | peak res_stat=2.317e+03
[WARN] [1789396166.085858987] [acados_nmpc_node]: acados solve failed [status=2, 176 consecutive] | x_cur pos=[11.84562206  4.53120613  0.05761003] vel=[-0.16783252 -0.10380707  0.1427149 ] |q|=1.0000
[WARN] [1789396166.086078709] [acados_nmpc_node]: Exceeded 40 consecutive failures, resetting warm-start to safe hover state
[INFO] [1789396166.086629424] [acados_nmpc_node]: [attach-window] t=57.93s pos_err=15.379m T=20.25N z=0.058 m_est=2.129
[INFO] [1789396166.086949969] [acados_nmpc_node]: t=57.9s | pos_err=15.379m | T=20.25N | tau=[r0.000 p0.000 y0.000]Nm | res_stat=7.572e+00(peak 2.317e+03) sqp_iter=100 | solve=88.7ms
[INFO] [1789396166.087100376] [acados_nmpc_node]: [flight-diag] t=57.9s | om_scale=1.965(lo 1.965 hi 1.965) | tilt_max=79.81deg | w_max=[r2.839 p2.649 y9.824]rad/s | u_frac=[T0.646 r0.000 p0.000 y0.000] | u_sat=[T0.0 r0.0 p0.0 y0.0]% | mot_peak=0.273 mot_sat=0.0% | health=0 age=19.983s conf=0.000 | n=100
[WARN] [1789396166.177546873] [acados_nmpc_node]: t=58.02s | KKT residual abnormal! res_stat=7.768e+01 res_eq=1.332e-03 res_ineq=0.000e+00 res_comp=9.110e+00 | sqp_iter=100 | peak res_stat=2.317e+03
[WARN] [1789396166.177922254] [acados_nmpc_node]: acados solve failed [status=2, 177 consecutive] | x_cur pos=[11.81569099  4.52958298  0.07282373] vel=[-0.09936284  0.15687136  0.52517581] |q|=1.0000
[WARN] [1789396166.178154446] [acados_nmpc_node]: Exceeded 40 consecutive failures, resetting warm-start to safe hover state
[INFO] [1789396166.178696987] [acados_nmpc_node]: [attach-window] t=58.02s pos_err=15.554m T=20.25N z=0.073 m_est=2.129
[WARN] [1789396166.267615931] [acados_nmpc_node]: t=58.11s | KKT residual abnormal! res_stat=3.568e+00 res_eq=2.055e-05 res_ineq=0.000e+00 res_comp=1.629e-01 | sqp_iter=100 | peak res_stat=2.317e+03
[WARN] [1789396166.267993825] [acados_nmpc_node]: acados solve failed [status=2, 178 consecutive] | x_cur pos=[11.75467682  4.48868275  0.07924175] vel=[-0.51268464 -0.70402718 -0.27373338] |q|=1.0000
[WARN] [1789396166.268222297] [acados_nmpc_node]: Exceeded 40 consecutive failures, resetting warm-start to safe hover state
[INFO] [1789396166.268762518] [acados_nmpc_node]: [attach-window] t=58.11s pos_err=15.699m T=20.25N z=0.079 m_est=2.129
[WARN] [1789396166.360659748] [acados_nmpc_node]: t=58.20s | KKT residual abnormal! res_stat=3.539e+01 res_eq=1.988e-04 res_ineq=0.000e+00 res_comp=6.330e-01 | sqp_iter=100 | peak res_stat=2.317e+03
[WARN] [1789396166.361037895] [acados_nmpc_node]: acados solve failed [status=2, 179 consecutive] | x_cur pos=[11.72599697  4.4559164   0.06756455] vel=[-0.45118657  0.07776074  0.78716332] |q|=1.0000
[WARN] [1789396166.361263483] [acados_nmpc_node]: Exceeded 40 consecutive failures, resetting warm-start to safe hover state
[INFO] [1789396166.361810768] [acados_nmpc_node]: [attach-window] t=58.20s pos_err=15.878m T=20.25N z=0.068 m_est=2.129
[WARN] [1789396166.446069166] [acados_nmpc_node]: t=58.29s | KKT residual abnormal! res_stat=8.656e+01 res_eq=8.019e-04 res_ineq=0.000e+00 res_comp=4.361e+00 | sqp_iter=100 | peak res_stat=2.317e+03
[WARN] [1789396166.446421736] [acados_nmpc_node]: acados solve failed [status=2, 180 consecutive] | x_cur pos=[11.66771507  4.45454502  0.08994696] vel=[-0.16208167  0.44178313  0.62720364] |q|=1.0000
[WARN] [1789396166.446638705] [acados_nmpc_node]: Exceeded 40 consecutive failures, resetting warm-start to safe hover state
[INFO] [1789396166.447180041] [acados_nmpc_node]: [attach-window] t=58.29s pos_err=16.019m T=20.25N z=0.090 m_est=2.129
[WARN] [1789396166.539845807] [acados_nmpc_node]: t=58.38s | KKT residual abnormal! res_stat=2.001e+02 res_eq=2.219e-03 res_ineq=0.000e+00 res_comp=1.145e+01 | sqp_iter=100 | peak res_stat=2.317e+03
[WARN] [1789396166.540199485] [acados_nmpc_node]: acados solve failed [status=2, 181 consecutive] | x_cur pos=[11.64889431  4.48438454  0.10415679] vel=[-0.42500469 -0.51676029 -0.17690192] |q|=1.0000
[WARN] [1789396166.540421017] [acados_nmpc_node]: Exceeded 40 consecutive failures, resetting warm-start to safe hover state
[INFO] [1789396166.540960319] [acados_nmpc_node]: [attach-window] t=58.38s pos_err=16.199m T=20.25N z=0.104 m_est=2.129
[WARN] [1789396166.631594912] [acados_nmpc_node]: t=58.48s | KKT residual abnormal! res_stat=2.194e+02 res_eq=9.640e-04 res_ineq=0.000e+00 res_comp=8.802e+00 | sqp_iter=100 | peak res_stat=2.317e+03
[WARN] [1789396166.631948003] [acados_nmpc_node]: acados solve failed [status=2, 182 consecutive] | x_cur pos=[11.63524532  4.45924807  0.0716553 ] vel=[-0.10156646  0.1294125   0.3269009 ] |q|=1.0000
[WARN] [1789396166.632173541] [acados_nmpc_node]: Exceeded 40 consecutive failures, resetting warm-start to safe hover state
[INFO] [1789396166.632696572] [acados_nmpc_node]: [attach-window] t=58.48s pos_err=16.409m T=20.25N z=0.072 m_est=2.129
[WARN] [1789396166.727868548] [acados_nmpc_node]: t=58.57s | KKT residual abnormal! res_stat=9.606e+00 res_eq=2.887e-05 res_ineq=0.000e+00 res_comp=1.446e-01 | sqp_iter=100 | peak res_stat=2.317e+03
[WARN] [1789396166.728265645] [acados_nmpc_node]: acados solve failed [status=2, 183 consecutive] | x_cur pos=[11.61436081  4.48174906  0.10035917] vel=[-0.26033837  0.34380445  0.26254103] |q|=1.0000
[WARN] [1789396166.728485952] [acados_nmpc_node]: Exceeded 40 consecutive failures, resetting warm-start to safe hover state
[INFO] [1789396166.729033121] [acados_nmpc_node]: [attach-window] t=58.57s pos_err=16.586m T=20.25N z=0.100 m_est=2.129
[WARN] [1789396166.815818596] [acados_nmpc_node]: t=58.66s | KKT residual abnormal! res_stat=2.746e-01 res_eq=3.156e-08 res_ineq=0.000e+00 res_comp=5.778e-05 | sqp_iter=100 | peak res_stat=2.317e+03
[WARN] [1789396166.816177039] [acados_nmpc_node]: acados solve failed [status=2, 184 consecutive] | x_cur pos=[11.62291527  4.54523754  0.12030068] vel=[ 0.26954976  0.44702411 -0.05350289] |q|=1.0000
[WARN] [1789396166.816397290] [acados_nmpc_node]: Exceeded 40 consecutive failures, resetting warm-start to safe hover state
[INFO] [1789396166.816917374] [acados_nmpc_node]: [attach-window] t=58.66s pos_err=16.803m T=20.25N z=0.120 m_est=2.129
[WARN] [1789396166.905906256] [acados_nmpc_node]: t=58.75s | KKT residual abnormal! res_stat=5.567e+02 res_eq=4.013e-03 res_ineq=0.000e+00 res_comp=1.743e+01 | sqp_iter=100 | peak res_stat=2.317e+03
[WARN] [1789396166.906253635] [acados_nmpc_node]: acados solve failed [status=2, 185 consecutive] | x_cur pos=[11.65201378  4.57173491  0.07237092] vel=[0.26872176 0.06455038 0.05900097] |q|=1.0000
[WARN] [1789396166.906473986] [acados_nmpc_node]: Exceeded 40 consecutive failures, resetting warm-start to safe hover state
[INFO] [1789396166.907011972] [acados_nmpc_node]: [attach-window] t=58.75s pos_err=17.038m T=20.25N z=0.072 m_est=2.129
[WARN] [1789396167.003970685] [acados_nmpc_node]: t=58.84s | KKT residual abnormal! res_stat=8.172e+01 res_eq=1.960e-04 res_ineq=0.000e+00 res_comp=4.490e-01 | sqp_iter=100 | peak res_stat=2.317e+03
[WARN] [1789396167.004328268] [acados_nmpc_node]: acados solve failed [status=2, 186 consecutive] | x_cur pos=[11.65655041  4.5982461   0.08386081] vel=[-0.14853524  0.62256879  0.7176131 ] |q|=1.0000
[WARN] [1789396167.004549917] [acados_nmpc_node]: Exceeded 40 consecutive failures, resetting warm-start to safe hover state
[INFO] [1789396167.005088091] [acados_nmpc_node]: [attach-window] t=58.84s pos_err=17.235m T=20.25N z=0.084 m_est=2.129
[WARN] [1789396167.087807863] [acados_nmpc_node]: t=58.94s | KKT residual abnormal! res_stat=7.813e-02 res_eq=7.630e-11 res_ineq=0.000e+00 res_comp=8.654e-07 | sqp_iter=100 | peak res_stat=2.317e+03
[WARN] [1789396167.088184209] [acados_nmpc_node]: acados solve failed [status=2, 187 consecutive] | x_cur pos=[11.65225887  4.66908979  0.1168797 ] vel=[0.27083766 0.79338372 0.48997819] |q|=1.0000
[WARN] [1789396167.088408211] [acados_nmpc_node]: Exceeded 40 consecutive failures, resetting warm-start to safe hover state
[INFO] [1789396167.088959445] [acados_nmpc_node]: [attach-window] t=58.94s pos_err=17.429m T=20.25N z=0.117 m_est=2.129
[WARN] [1789396167.179994462] [acados_nmpc_node]: t=59.02s | KKT residual abnormal! res_stat=6.090e+00 res_eq=6.127e-06 res_ineq=0.000e+00 res_comp=2.348e-03 | sqp_iter=100 | peak res_stat=2.317e+03
[WARN] [1789396167.180359089] [acados_nmpc_node]: acados solve failed [status=2, 188 consecutive] | x_cur pos=[11.68782711  4.7538662   0.10850236] vel=[ 0.46498391  0.64379108 -0.41191953] |q|=1.0000
[WARN] [1789396167.180579966] [acados_nmpc_node]: Exceeded 40 consecutive failures, resetting warm-start to safe hover state
[INFO] [1789396167.181124899] [acados_nmpc_node]: [attach-window] t=59.02s pos_err=17.642m T=20.25N z=0.109 m_est=2.129
[WARN] [1789396167.277473437] [acados_nmpc_node]: t=59.12s | KKT residual abnormal! res_stat=8.948e+01 res_eq=1.631e-03 res_ineq=0.000e+00 res_comp=1.805e+00 | sqp_iter=100 | peak res_stat=2.317e+03
[WARN] [1789396167.277827790] [acados_nmpc_node]: acados solve failed [status=2, 189 consecutive] | x_cur pos=[11.74704075  4.81626129  0.06560636] vel=[0.21076708 0.79155737 0.51027286] |q|=1.0000
[WARN] [1789396167.278052101] [acados_nmpc_node]: Exceeded 40 consecutive failures, resetting warm-start to safe hover state
[INFO] [1789396167.278661884] [acados_nmpc_node]: [attach-window] t=59.12s pos_err=17.901m T=20.25N z=0.066 m_est=2.129
[INFO] [1789396167.278955153] [acados_nmpc_node]: [wcmd] raw=[+10.648,-0.486,+22.179] w=[-0.215,-0.580,-8.627] err=[+10.863,+0.094] scaled=[+10.648,-0.486] s=1.97
[WARN] [1789396167.364223863] [acados_nmpc_node]: t=59.21s | KKT residual abnormal! res_stat=3.934e+00 res_eq=1.531e-05 res_ineq=0.000e+00 res_comp=6.231e-02 | sqp_iter=100 | peak res_stat=2.317e+03
[WARN] [1789396167.364575676] [acados_nmpc_node]: acados solve failed [status=2, 190 consecutive] | x_cur pos=[11.74477291  4.90633297  0.14147753] vel=[-0.26602238  0.90943706  1.01648676] |q|=1.0000
[WARN] [1789396167.364794696] [acados_nmpc_node]: Exceeded 40 consecutive failures, resetting warm-start to safe hover state
[INFO] [1789396167.365319020] [acados_nmpc_node]: [attach-window] t=59.21s pos_err=18.073m T=20.25N z=0.141 m_est=2.129
[WARN] [1789396167.448686991] [acados_nmpc_node]: t=59.30s | KKT residual abnormal! res_stat=2.347e+01 res_eq=5.784e-05 res_ineq=0.000e+00 res_comp=9.191e-02 | sqp_iter=100 | peak res_stat=2.317e+03
[WARN] [1789396167.449031351] [acados_nmpc_node]: acados solve failed [status=2, 191 consecutive] | x_cur pos=[11.72045517  4.96696568  0.19177493] vel=[-0.26329455  0.88935637  0.40049112] |q|=1.0000
[WARN] [1789396167.449250888] [acados_nmpc_node]: Exceeded 40 consecutive failures, resetting warm-start to safe hover state
[INFO] [1789396167.449767266] [acados_nmpc_node]: [attach-window] t=59.30s pos_err=18.198m T=20.25N z=0.192 m_est=2.129
[WARN] [1789396167.538885743] [acados_nmpc_node]: t=59.38s | KKT residual abnormal! res_stat=1.524e+02 res_eq=1.652e-03 res_ineq=0.000e+00 res_comp=4.253e+00 | sqp_iter=100 | peak res_stat=2.317e+03
[WARN] [1789396167.539240232] [acados_nmpc_node]: acados solve failed [status=2, 192 consecutive] | x_cur pos=[11.71090794  5.04830122  0.20462748] vel=[ 0.17701069  0.698883   -0.35961097] |q|=1.0000
[WARN] [1789396167.539454465] [acados_nmpc_node]: Exceeded 40 consecutive failures, resetting warm-start to safe hover state
[INFO] [1789396167.539984286] [acados_nmpc_node]: [attach-window] t=59.38s pos_err=18.357m T=20.25N z=0.205 m_est=2.129
[WARN] [1789396167.632670794] [acados_nmpc_node]: t=59.47s | KKT residual abnormal! res_stat=1.316e+02 res_eq=8.980e-05 res_ineq=0.000e+00 res_comp=5.470e-01 | sqp_iter=100 | peak res_stat=2.317e+03
[WARN] [1789396167.633064860] [acados_nmpc_node]: acados solve failed [status=2, 193 consecutive] | x_cur pos=[11.71645164  5.08784199  0.16562441] vel=[-0.19929647  0.48002309  0.09738478] |q|=1.0000
[WARN] [1789396167.633292124] [acados_nmpc_node]: Exceeded 40 consecutive failures, resetting warm-start to safe hover state
[INFO] [1789396167.633856880] [acados_nmpc_node]: [attach-window] t=59.47s pos_err=18.545m T=20.25N z=0.166 m_est=2.129
[WARN] [1789396167.731667640] [acados_nmpc_node]: t=59.57s | KKT residual abnormal! res_stat=2.215e+02 res_eq=3.890e-03 res_ineq=0.000e+00 res_comp=9.073e+00 | sqp_iter=100 | peak res_stat=2.317e+03
[WARN] [1789396167.732023386] [acados_nmpc_node]: acados solve failed [status=2, 194 consecutive] | x_cur pos=[11.72921658  5.14249754  0.12190431] vel=[ 0.76616234  0.90282655 -0.17174563] |q|=1.0000
[WARN] [1789396167.732244374] [acados_nmpc_node]: Exceeded 40 consecutive failures, resetting warm-start to safe hover state
[INFO] [1789396167.732775374] [acados_nmpc_node]: [attach-window] t=59.57s pos_err=18.744m T=20.25N z=0.122 m_est=2.129
[WARN] [1789396167.812946837] [acados_nmpc_node]: t=59.67s | KKT residual abnormal! res_stat=1.879e-02 res_eq=5.834e-11 res_ineq=0.000e+00 res_comp=4.339e-07 | sqp_iter=100 | peak res_stat=2.317e+03
[WARN] [1789396167.813319105] [acados_nmpc_node]: acados solve failed [status=2, 195 consecutive] | x_cur pos=[11.7671299   5.19943428  0.08527255] vel=[-0.27352056  0.48802987  0.84390503] |q|=1.0000
[WARN] [1789396167.813540210] [acados_nmpc_node]: Exceeded 40 consecutive failures, resetting warm-start to safe hover state
[INFO] [1789396167.814068340] [acados_nmpc_node]: [attach-window] t=59.67s pos_err=18.968m T=20.25N z=0.085 m_est=2.129
[WARN] [1789396167.906909449] [acados_nmpc_node]: t=59.75s | KKT residual abnormal! res_stat=3.040e+01 res_eq=2.015e-04 res_ineq=0.000e+00 res_comp=6.477e-01 | sqp_iter=100 | peak res_stat=2.317e+03
[WARN] [1789396167.907270829] [acados_nmpc_node]: acados solve failed [status=2, 196 consecutive] | x_cur pos=[11.75701141  5.23984528  0.12229052] vel=[-0.40667918  0.17525119  0.70787895] |q|=1.0000
[WARN] [1789396167.907489449] [acados_nmpc_node]: Exceeded 40 consecutive failures, resetting warm-start to safe hover state
[INFO] [1789396167.908027076] [acados_nmpc_node]: [attach-window] t=59.75s pos_err=19.091m T=20.25N z=0.122 m_est=2.129
[WARN] [1789396168.000968408] [acados_nmpc_node]: t=59.84s | KKT residual abnormal! res_stat=8.297e+00 res_eq=2.004e-05 res_ineq=0.000e+00 res_comp=2.801e-02 | sqp_iter=100 | peak res_stat=2.317e+03
[WARN] [1789396168.001326817] [acados_nmpc_node]: acados solve failed [status=2, 197 consecutive] | x_cur pos=[11.72759628  5.24680042  0.14442351] vel=[-0.37897483  0.16388321  0.09294514] |q|=1.0000
[WARN] [1789396168.001545029] [acados_nmpc_node]: Exceeded 40 consecutive failures, resetting warm-start to safe hover state
[INFO] [1789396168.002073733] [acados_nmpc_node]: [attach-window] t=59.84s pos_err=19.218m T=20.25N z=0.144 m_est=2.129
[WARN] [1789396168.093613385] [acados_nmpc_node]: t=59.94s | KKT residual abnormal! res_stat=8.503e+02 res_eq=1.281e-03 res_ineq=0.000e+00 res_comp=3.141e+01 | sqp_iter=100 | peak res_stat=2.317e+03
[WARN] [1789396168.093984436] [acados_nmpc_node]: acados solve failed [status=2, 198 consecutive] | x_cur pos=[11.67992973  5.25454044  0.14539415] vel=[-0.90646636  0.43689364  1.60930133] |q|=1.0000
[WARN] [1789396168.094211075] [acados_nmpc_node]: Exceeded 40 consecutive failures, resetting warm-start to safe hover state
[INFO] [1789396168.094747803] [acados_nmpc_node]: [attach-window] t=59.94s pos_err=19.328m T=20.25N z=0.145 m_est=2.129
[WARN] [1789396168.188253333] [acados_nmpc_node]: t=60.03s | KKT residual abnormal! res_stat=6.374e+01 res_eq=1.818e-03 res_ineq=0.000e+00 res_comp=5.546e+00 | sqp_iter=100 | peak res_stat=2.317e+03
[WARN] [1789396168.188626035] [acados_nmpc_node]: acados solve failed [status=2, 199 consecutive] | x_cur pos=[11.58703709  5.28677559  0.24393889] vel=[-0.78756577  0.37809443  0.74301219] |q|=1.0000
[WARN] [1789396168.188845936] [acados_nmpc_node]: Exceeded 40 consecutive failures, resetting warm-start to safe hover state
[INFO] [1789396168.189382681] [acados_nmpc_node]: [attach-window] t=60.03s pos_err=19.363m T=20.25N z=0.244 m_est=2.129
[WARN] [1789396168.287050391] [acados_nmpc_node]: t=60.12s | KKT residual abnormal! res_stat=1.460e+02 res_eq=8.812e-04 res_ineq=0.000e+00 res_comp=2.605e+00 | sqp_iter=100 | peak res_stat=2.317e+03
[WARN] [1789396168.287427391] [acados_nmpc_node]: acados solve failed [status=2, 200 consecutive] | x_cur pos=[11.509799    5.32051659  0.27951518] vel=[-0.48492378  0.3570002   0.00154732] |q|=1.0000
[WARN] [1789396168.287645252] [acados_nmpc_node]: Exceeded 40 consecutive failures, resetting warm-start to safe hover state
[INFO] [1789396168.288179406] [acados_nmpc_node]: [attach-window] t=60.12s pos_err=19.428m T=20.25N z=0.280 m_est=2.129
[WARN] [1789396168.380145337] [acados_nmpc_node]: t=60.22s | KKT residual abnormal! res_stat=1.065e+03 res_eq=5.421e-03 res_ineq=0.000e+00 res_comp=1.009e-07 | sqp_iter=100 | peak res_stat=2.317e+03
[WARN] [1789396168.380549930] [acados_nmpc_node]: acados solve failed [status=2, 201 consecutive] | x_cur pos=[11.46148205  5.35503769  0.20930314] vel=[-0.30231982  0.35889709 -0.91325611] |q|=1.0000
[WARN] [1789396168.380794022] [acados_nmpc_node]: Exceeded 40 consecutive failures, resetting warm-start to safe hover state
[INFO] [1789396168.381365241] [acados_nmpc_node]: [attach-window] t=60.22s pos_err=19.551m T=20.25N z=0.209 m_est=2.129
[WARN] [1789396168.463061368] [acados_nmpc_node]: t=60.32s | KKT residual abnormal! res_stat=1.875e+00 res_eq=2.987e-08 res_ineq=0.000e+00 res_comp=6.416e-14 | sqp_iter=100 | peak res_stat=2.317e+03
[WARN] [1789396168.463463204] [acados_nmpc_node]: acados solve failed [status=2, 202 consecutive] | x_cur pos=[11.41827106  5.37914801  0.14003783] vel=[-1.04937077  0.02230862  2.32245302] |q|=1.0000
[WARN] [1789396168.463685635] [acados_nmpc_node]: Exceeded 40 consecutive failures, resetting warm-start to safe hover state
[INFO] [1789396168.464260051] [acados_nmpc_node]: [attach-window] t=60.32s pos_err=19.666m T=20.25N z=0.140 m_est=2.129
[WARN] [1789396168.544254137] [acados_nmpc_node]: t=60.39s | KKT residual abnormal! res_stat=3.060e-02 res_eq=2.220e-10 res_ineq=0.000e+00 res_comp=8.121e-08 | sqp_iter=100 | peak res_stat=2.317e+03
[WARN] [1789396168.544611328] [acados_nmpc_node]: acados solve failed [status=2, 203 consecutive] | x_cur pos=[11.34716988  5.38036251  0.24929801] vel=[-0.96957725  0.04234472  1.63494945] |q|=1.0000
[WARN] [1789396168.544831047] [acados_nmpc_node]: Exceeded 40 consecutive failures, resetting warm-start to safe hover state
[INFO] [1789396168.545377686] [acados_nmpc_node]: [attach-window] t=60.39s pos_err=19.681m T=20.25N z=0.249 m_est=2.129
[WARN] [1789396168.635579541] [acados_nmpc_node]: t=60.48s | KKT residual abnormal! res_stat=3.226e+01 res_eq=1.348e-04 res_ineq=0.000e+00 res_comp=4.364e-01 | sqp_iter=100 | peak res_stat=2.317e+03
[WARN] [1789396168.635940419] [acados_nmpc_node]: acados solve failed [status=2, 204 consecutive] | x_cur pos=[11.25746346  5.38276863  0.34317306] vel=[-0.81324166  0.06712408  0.79659265] |q|=1.0000
[WARN] [1789396168.636162509] [acados_nmpc_node]: Exceeded 40 consecutive failures, resetting warm-start to safe hover state
[INFO] [1789396168.636705428] [acados_nmpc_node]: [attach-window] t=60.48s pos_err=19.689m T=20.25N z=0.343 m_est=2.129
[WARN] [1789396168.724001585] [acados_nmpc_node]: t=60.57s | KKT residual abnormal! res_stat=1.417e+01 res_eq=6.328e-04 res_ineq=0.000e+00 res_comp=2.003e+00 | sqp_iter=100 | peak res_stat=2.317e+03
[WARN] [1789396168.724391842] [acados_nmpc_node]: acados solve failed [status=2, 205 consecutive] | x_cur pos=[11.20700264  5.3856945   0.3647863 ] vel=[-0.4983182   0.05596969  0.36445042] |q|=1.0000
[WARN] [1789396168.724609050] [acados_nmpc_node]: Exceeded 40 consecutive failures, resetting warm-start to safe hover state
[INFO] [1789396168.725161159] [acados_nmpc_node]: [attach-window] t=60.57s pos_err=19.758m T=20.25N z=0.365 m_est=2.129
[WARN] [1789396168.814172486] [acados_nmpc_node]: t=60.66s | KKT residual abnormal! res_stat=4.578e+01 res_eq=1.800e-04 res_ineq=0.000e+00 res_comp=9.311e-01 | sqp_iter=100 | peak res_stat=2.317e+03
[WARN] [1789396168.814539968] [acados_nmpc_node]: acados solve failed [status=2, 206 consecutive] | x_cur pos=[11.1732254   5.38793278  0.33159629] vel=[-0.25530905  0.03390697 -0.355023  ] |q|=1.0000
[WARN] [1789396168.814757486] [acados_nmpc_node]: Exceeded 40 consecutive failures, resetting warm-start to safe hover state
[INFO] [1789396168.815395201] [acados_nmpc_node]: [attach-window] t=60.66s pos_err=19.850m T=20.25N z=0.332 m_est=2.129
[WARN] [1789396168.908216936] [acados_nmpc_node]: t=60.75s | KKT residual abnormal! res_stat=1.554e+01 res_eq=3.147e-05 res_ineq=0.000e+00 res_comp=2.105e-01 | sqp_iter=100 | peak res_stat=2.317e+03
[WARN] [1789396168.908577524] [acados_nmpc_node]: acados solve failed [status=2, 207 consecutive] | x_cur pos=[11.16870594  5.38847256  0.2074576 ] vel=[-0.03404898  0.01846875 -1.20167446] |q|=1.0000
[WARN] [1789396168.908793621] [acados_nmpc_node]: Exceeded 40 consecutive failures, resetting warm-start to safe hover state
[INFO] [1789396168.909340611] [acados_nmpc_node]: [attach-window] t=60.75s pos_err=19.991m T=20.25N z=0.207 m_est=2.129
[WARN] [1789396169.003936254] [acados_nmpc_node]: t=60.84s | KKT residual abnormal! res_stat=6.609e+02 res_eq=2.568e-02 res_ineq=0.000e+00 res_comp=5.159e+01 | sqp_iter=100 | peak res_stat=2.317e+03
[WARN] [1789396169.004292992] [acados_nmpc_node]: acados solve failed [status=2, 208 consecutive] | x_cur pos=[1.11837406e+01 5.38788080e+00 3.96513939e-03] vel=[ 0.21928968 -0.02086394 -2.01655507] |q|=1.0000
[WARN] [1789396169.004515301] [acados_nmpc_node]: Exceeded 40 consecutive failures, resetting warm-start to safe hover state
[INFO] [1789396169.005050109] [acados_nmpc_node]: [attach-window] t=60.84s pos_err=20.172m T=20.25N z=0.004 m_est=2.129
[WARN] [1789396169.096544783] [acados_nmpc_node]: t=60.94s | KKT residual abnormal! res_stat=3.240e+01 res_eq=6.347e-05 res_ineq=0.000e+00 res_comp=6.756e-01 | sqp_iter=100 | peak res_stat=2.317e+03
[WARN] [1789396169.096939568] [acados_nmpc_node]: acados solve failed [status=2, 209 consecutive] | x_cur pos=[11.15534782  5.34342289 -0.04225829] vel=[-1.0824405  -1.04926097  1.37783849] |q|=1.0000
[WARN] [1789396169.097165878] [acados_nmpc_node]: Exceeded 40 consecutive failures, resetting warm-start to safe hover state
[INFO] [1789396169.097733053] [acados_nmpc_node]: [attach-window] t=60.94s pos_err=20.266m T=20.25N z=-0.042 m_est=2.129
[INFO] [1789396169.098053537] [acados_nmpc_node]: [wcmd] raw=[+10.648,-0.486,+22.179] w=[+0.834,+1.429,-4.538] err=[+9.814,-1.915] scaled=[+10.648,-0.486] s=1.97
[WARN] [1789396169.186279362] [acados_nmpc_node]: t=61.03s | KKT residual abnormal! res_stat=2.533e+02 res_eq=2.394e-03 res_ineq=7.292e-11 res_comp=1.368e+01 | sqp_iter=100 | peak res_stat=2.317e+03
[WARN] [1789396169.186675024] [acados_nmpc_node]: acados solve failed [status=2, 210 consecutive] | x_cur pos=[1.10688305e+01 5.23916292e+00 4.12464142e-05] vel=[-0.92745733 -1.06808531  0.50108415] |q|=1.0000
[WARN] [1789396169.186895072] [acados_nmpc_node]: Exceeded 40 consecutive failures, resetting warm-start to safe hover state
[INFO] [1789396169.187454565] [acados_nmpc_node]: [attach-window] t=61.03s pos_err=20.268m T=20.25N z=0.000 m_est=2.129
[WARN] [1789396169.277774978] [acados_nmpc_node]: t=61.12s | KKT residual abnormal! res_stat=3.161e+02 res_eq=3.090e-03 res_ineq=0.000e+00 res_comp=5.007e+01 | sqp_iter=100 | peak res_stat=2.317e+03
[WARN] [1789396169.278180422] [acados_nmpc_node]: acados solve failed [status=2, 211 consecutive] | x_cur pos=[10.98860836  5.11930656 -0.03897315] vel=[-0.73059171 -1.15397084 -0.41481432] |q|=1.0000
[WARN] [1789396169.278402177] [acados_nmpc_node]: Exceeded 40 consecutive failures, resetting warm-start to safe hover state
[INFO] [1789396169.278971980] [acados_nmpc_node]: [attach-window] t=61.12s pos_err=20.287m T=20.25N z=-0.039 m_est=2.129
[WARN] [1789396169.369202428] [acados_nmpc_node]: t=61.21s | KKT residual abnormal! res_stat=4.880e+02 res_eq=1.018e-02 res_ineq=0.000e+00 res_comp=2.253e+01 | sqp_iter=100 | peak res_stat=2.317e+03
[WARN] [1789396169.369599299] [acados_nmpc_node]: acados solve failed [status=2, 212 consecutive] | x_cur pos=[10.92898273  4.99595833 -0.16439024] vel=[-0.56153721 -1.26981413 -1.26797676] |q|=1.0000
[WARN] [1789396169.369824268] [acados_nmpc_node]: Exceeded 40 consecutive failures, resetting warm-start to safe hover state
[INFO] [1789396169.370396548] [acados_nmpc_node]: [attach-window] t=61.21s pos_err=20.345m T=20.25N z=-0.164 m_est=2.129
[WARN] [1789396169.460003748] [acados_nmpc_node]: t=61.31s | KKT residual abnormal! res_stat=6.180e+02 res_eq=2.530e-03 res_ineq=0.000e+00 res_comp=2.976e+01 | sqp_iter=100 | peak res_stat=2.317e+03
[WARN] [1789396169.460395254] [acados_nmpc_node]: acados solve failed [status=2, 213 consecutive] | x_cur pos=[10.89462662  4.9072156  -0.29666823] vel=[-0.56520587 -1.24048567 -1.90189874] |q|=1.0000
[WARN] [1789396169.460614027] [acados_nmpc_node]: Exceeded 40 consecutive failures, resetting warm-start to safe hover state
[INFO] [1789396169.461162767] [acados_nmpc_node]: [attach-window] t=61.31s pos_err=20.429m T=20.25N z=-0.297 m_est=2.129
[WARN] [1789396169.547023879] [acados_nmpc_node]: t=61.39s | KKT residual abnormal! res_stat=1.186e+03 res_eq=1.834e-02 res_ineq=0.000e+00 res_comp=3.165e+01 | sqp_iter=100 | peak res_stat=2.317e+03
[WARN] [1789396169.547380507] [acados_nmpc_node]: acados solve failed [status=2, 214 consecutive] | x_cur pos=[10.90451431  4.91809082 -0.23577908] vel=[0.14358027 0.52721208 1.33644485] |q|=1.0000
[WARN] [1789396169.547607967] [acados_nmpc_node]: Exceeded 40 consecutive failures, resetting warm-start to safe hover state
[INFO] [1789396169.548146963] [acados_nmpc_node]: [attach-window] t=61.39s pos_err=20.506m T=20.25N z=-0.236 m_est=2.129
[WARN] [1789396169.637565017] [acados_nmpc_node]: t=61.48s | KKT residual abnormal! res_stat=4.893e+02 res_eq=2.174e-03 res_ineq=0.000e+00 res_comp=1.321e+01 | sqp_iter=100 | peak res_stat=2.317e+03
[WARN] [1789396169.637952034] [acados_nmpc_node]: acados solve failed [status=2, 215 consecutive] | x_cur pos=[10.91363335  4.96311712 -0.18008175] vel=[0.15715796 0.50427723 0.38557541] |q|=1.0000
[WARN] [1789396169.638182870] [acados_nmpc_node]: Exceeded 40 consecutive failures, resetting warm-start to safe hover state
[INFO] [1789396169.638744990] [acados_nmpc_node]: [attach-window] t=61.48s pos_err=20.590m T=20.25N z=-0.180 m_est=2.129
[WARN] [1789396169.730324295] [acados_nmpc_node]: t=61.57s | KKT residual abnormal! res_stat=6.554e+02 res_eq=2.176e-03 res_ineq=1.975e-10 res_comp=9.930e+00 | sqp_iter=100 | peak res_stat=2.317e+03
[WARN] [1789396169.730690244] [acados_nmpc_node]: acados solve failed [status=2, 216 consecutive] | x_cur pos=[10.9238081   4.99688005 -0.18920594] vel=[ 0.31589255  0.38304731 -0.19504991] |q|=1.0000
[WARN] [1789396169.730910010] [acados_nmpc_node]: Exceeded 40 consecutive failures, resetting warm-start to safe hover state
[INFO] [1789396169.731445335] [acados_nmpc_node]: [attach-window] t=61.57s pos_err=20.688m T=20.25N z=-0.189 m_est=2.129
[WARN] [1789396169.823956445] [acados_nmpc_node]: t=61.67s | KKT residual abnormal! res_stat=2.191e+02 res_eq=6.095e-03 res_ineq=0.000e+00 res_comp=3.594e+01 | sqp_iter=100 | peak res_stat=2.317e+03
[WARN] [1789396169.824310928] [acados_nmpc_node]: acados solve failed [status=2, 217 consecutive] | x_cur pos=[10.9593935   5.02867413 -0.28044236] vel=[ 0.54636317  0.23488672 -1.04661584] |q|=1.0000
[WARN] [1789396169.824532697] [acados_nmpc_node]: Exceeded 40 consecutive failures, resetting warm-start to safe hover state
[INFO] [1789396169.825059972] [acados_nmpc_node]: [attach-window] t=61.67s pos_err=20.832m T=20.25N z=-0.280 m_est=2.129
[WARN] [1789396169.919656113] [acados_nmpc_node]: t=61.76s | KKT residual abnormal! res_stat=1.453e+02 res_eq=1.379e-03 res_ineq=0.000e+00 res_comp=2.501e+00 | sqp_iter=100 | peak res_stat=2.317e+03
[WARN] [1789396169.920014417] [acados_nmpc_node]: acados solve failed [status=2, 218 consecutive] | x_cur pos=[11.01275063  5.04257774 -0.4379887 ] vel=[0.11187607 0.20994067 0.4301016 ] |q|=1.0000
[WARN] [1789396169.920246602] [acados_nmpc_node]: Exceeded 40 consecutive failures, resetting warm-start to safe hover state
[INFO] [1789396169.920784208] [acados_nmpc_node]: [attach-window] t=61.76s pos_err=21.006m T=20.25N z=-0.438 m_est=2.129
[WARN] [1789396170.012517959] [acados_nmpc_node]: t=61.86s | KKT residual abnormal! res_stat=6.874e+01 res_eq=1.085e-04 res_ineq=0.000e+00 res_comp=6.954e-01 | sqp_iter=100 | peak res_stat=2.317e+03
[WARN] [1789396170.012870883] [acados_nmpc_node]: acados solve failed [status=2, 219 consecutive] | x_cur pos=[11.02244473  5.05463076 -0.4618769 ] vel=[ 0.29408455  0.08806233 -0.5022952 ] |q|=1.0000
[WARN] [1789396170.013091227] [acados_nmpc_node]: Exceeded 40 consecutive failures, resetting warm-start to safe hover state
[INFO] [1789396170.013615313] [acados_nmpc_node]: [attach-window] t=61.86s pos_err=21.101m T=20.25N z=-0.462 m_est=2.129
[WARN] [1789396170.099370865] [acados_nmpc_node]: t=61.95s | KKT residual abnormal! res_stat=9.098e+02 res_eq=3.373e-03 res_ineq=0.000e+00 res_comp=9.755e+01 | sqp_iter=100 | peak res_stat=2.317e+03
[WARN] [1789396170.099775052] [acados_nmpc_node]: acados solve failed [status=2, 220 consecutive] | x_cur pos=[11.07695198  5.10068893 -0.54007959] vel=[ 0.82849848 -0.13415791 -0.83215171] |q|=1.0000
[WARN] [1789396170.100002133] [acados_nmpc_node]: Exceeded 40 consecutive failures, resetting warm-start to safe hover state
[INFO] [1789396170.100579986] [acados_nmpc_node]: [attach-window] t=61.95s pos_err=21.255m T=20.25N z=-0.540 m_est=2.129
[WARN] [1789396170.188484703] [acados_nmpc_node]: t=62.04s | KKT residual abnormal! res_stat=6.379e+01 res_eq=1.340e-04 res_ineq=0.000e+00 res_comp=9.683e-02 | sqp_iter=100 | peak res_stat=2.317e+03
[WARN] [1789396170.188873136] [acados_nmpc_node]: acados solve failed [status=2, 221 consecutive] | x_cur pos=[11.09933853  5.08736706 -0.55821514] vel=[-0.1386853  -0.39891046  0.47918293] |q|=1.0000
[WARN] [1789396170.189098175] [acados_nmpc_node]: Exceeded 40 consecutive failures, resetting warm-start to safe hover state
[INFO] [1789396170.189659419] [acados_nmpc_node]: [attach-window] t=62.04s pos_err=21.344m T=20.25N z=-0.558 m_est=2.129
[WARN] [1789396170.277091092] [acados_nmpc_node]: t=62.12s | KKT residual abnormal! res_stat=8.991e+02 res_eq=1.965e-03 res_ineq=0.000e+00 res_comp=1.836e+01 | sqp_iter=100 | peak res_stat=2.317e+03
[WARN] [1789396170.277461244] [acados_nmpc_node]: acados solve failed [status=2, 222 consecutive] | x_cur pos=[11.05469227  5.02038002 -0.51392037] vel=[-0.36608353 -0.69185829  0.060996  ] |q|=1.0000
[WARN] [1789396170.277678625] [acados_nmpc_node]: Exceeded 40 consecutive failures, resetting warm-start to safe hover state
[INFO] [1789396170.278216215] [acados_nmpc_node]: [attach-window] t=62.12s pos_err=21.340m T=20.25N z=-0.514 m_est=2.129
[WARN] [1789396170.369856196] [acados_nmpc_node]: t=62.21s | KKT residual abnormal! res_stat=1.547e+02 res_eq=1.808e-03 res_ineq=0.000e+00 res_comp=7.242e+00 | sqp_iter=100 | peak res_stat=2.317e+03
[WARN] [1789396170.370257670] [acados_nmpc_node]: acados solve failed [status=2, 223 consecutive] | x_cur pos=[10.99392891  4.9338069  -0.52664161] vel=[-0.18186386 -0.79666287 -0.78871077] |q|=1.0000
[WARN] [1789396170.370479166] [acados_nmpc_node]: Exceeded 40 consecutive failures, resetting warm-start to safe hover state
[INFO] [1789396170.371148660] [acados_nmpc_node]: [attach-window] t=62.21s pos_err=21.327m T=20.25N z=-0.527 m_est=2.129
[WARN] [1789396170.457572919] [acados_nmpc_node]: t=62.31s | KKT residual abnormal! res_stat=1.945e+02 res_eq=6.071e-04 res_ineq=0.000e+00 res_comp=7.443e+00 | sqp_iter=100 | peak res_stat=2.317e+03
[WARN] [1789396170.457956886] [acados_nmpc_node]: acados solve failed [status=2, 224 consecutive] | x_cur pos=[10.97643566  4.88534164 -0.56970835] vel=[ 0.05374876 -0.30368763 -0.19239859] |q|=1.0000
[WARN] [1789396170.458178044] [acados_nmpc_node]: Exceeded 40 consecutive failures, resetting warm-start to safe hover state
[INFO] [1789396170.458724749] [acados_nmpc_node]: [attach-window] t=62.31s pos_err=21.370m T=20.25N z=-0.570 m_est=2.129
[WARN] [1789396170.541065935] [acados_nmpc_node]: t=62.39s | KKT residual abnormal! res_stat=6.060e+02 res_eq=8.651e-04 res_ineq=0.000e+00 res_comp=4.262e+00 | sqp_iter=100 | peak res_stat=2.317e+03
[WARN] [1789396170.541439509] [acados_nmpc_node]: acados solve failed [status=2, 225 consecutive] | x_cur pos=[10.9459219   4.86275768 -0.55995739] vel=[-0.28948608 -0.09098157  0.0489099 ] |q|=1.0000
[WARN] [1789396170.541658277] [acados_nmpc_node]: Exceeded 40 consecutive failures, resetting warm-start to safe hover state
[INFO] [1789396170.542183609] [acados_nmpc_node]: [attach-window] t=62.39s pos_err=21.384m T=20.25N z=-0.560 m_est=2.129
[WARN] [1789396170.634358673] [acados_nmpc_node]: t=62.48s | KKT residual abnormal! res_stat=1.566e+02 res_eq=1.544e-03 res_ineq=1.556e-11 res_comp=9.299e+00 | sqp_iter=100 | peak res_stat=2.317e+03
[WARN] [1789396170.634729430] [acados_nmpc_node]: acados solve failed [status=2, 226 consecutive] | x_cur pos=[10.89339924  4.82386541 -0.54452288] vel=[-0.32197106 -0.68956834 -0.37011832] |q|=1.0000
[WARN] [1789396170.634965625] [acados_nmpc_node]: Exceeded 40 consecutive failures, resetting warm-start to safe hover state
[INFO] [1789396170.635531749] [acados_nmpc_node]: [attach-window] t=62.48s pos_err=21.370m T=20.25N z=-0.545 m_est=2.129
[WARN] [1789396170.722441185] [acados_nmpc_node]: t=62.57s | KKT residual abnormal! res_stat=1.445e+02 res_eq=1.161e-03 res_ineq=0.000e+00 res_comp=1.508e+01 | sqp_iter=100 | peak res_stat=2.317e+03
[WARN] [1789396170.722834749] [acados_nmpc_node]: acados solve failed [status=2, 227 consecutive] | x_cur pos=[10.85417557  4.77671337 -0.57434571] vel=[ 0.094297   -0.13882999 -0.78448665] |q|=1.0000
[WARN] [1789396170.723055590] [acados_nmpc_node]: Exceeded 40 consecutive failures, resetting warm-start to safe hover state
[INFO] [1789396170.723612398] [acados_nmpc_node]: [attach-window] t=62.57s pos_err=21.378m T=20.25N z=-0.574 m_est=2.129
[WARN] [1789396170.814855418] [acados_nmpc_node]: t=62.66s | KKT residual abnormal! res_stat=1.602e+02 res_eq=5.706e-04 res_ineq=0.000e+00 res_comp=2.400e+00 | sqp_iter=100 | peak res_stat=2.317e+03
[WARN] [1789396170.815233302] [acados_nmpc_node]: acados solve failed [status=2, 228 consecutive] | x_cur pos=[10.83401203  4.76540613 -0.57624841] vel=[-0.02768192 -0.13279167 -0.36130586] |q|=1.0000
[WARN] [1789396170.815455133] [acados_nmpc_node]: Exceeded 40 consecutive failures, resetting warm-start to safe hover state
[INFO] [1789396170.816001792] [acados_nmpc_node]: [attach-window] t=62.66s pos_err=21.399m T=20.25N z=-0.576 m_est=2.129
[WARN] [1789396170.900951401] [acados_nmpc_node]: t=62.75s | KKT residual abnormal! res_stat=1.281e+02 res_eq=1.015e-03 res_ineq=0.000e+00 res_comp=6.142e+00 | sqp_iter=100 | peak res_stat=2.317e+03
[WARN] [1789396170.901312912] [acados_nmpc_node]: acados solve failed [status=2, 229 consecutive] | x_cur pos=[10.79814434  4.78014755 -0.54351169] vel=[-0.27829748 -0.33160946 -0.11887213] |q|=1.0000
[WARN] [1789396170.901529538] [acados_nmpc_node]: Exceeded 40 consecutive failures, resetting warm-start to safe hover state
[INFO] [1789396170.902070729] [acados_nmpc_node]: [attach-window] t=62.75s pos_err=21.401m T=20.25N z=-0.544 m_est=2.129
[INFO] [1789396170.902373911] [acados_nmpc_node]: [wcmd] raw=[+10.648,-0.486,+22.179] w=[+0.386,+1.453,+7.070] err=[+10.262,-1.939] scaled=[+10.648,-0.486] s=1.97
[WARN] [1789396170.996283618] [acados_nmpc_node]: t=62.84s | KKT residual abnormal! res_stat=4.429e+02 res_eq=2.275e-03 res_ineq=0.000e+00 res_comp=7.033e+00 | sqp_iter=100 | peak res_stat=2.317e+03
[WARN] [1789396170.996649348] [acados_nmpc_node]: acados solve failed [status=2, 230 consecutive] | x_cur pos=[10.7615509   4.74773836 -0.54314756] vel=[-0.39104629 -0.64652485 -0.62406433] |q|=1.0000
[WARN] [1789396170.996869522] [acados_nmpc_node]: Exceeded 40 consecutive failures, resetting warm-start to safe hover state
[INFO] [1789396170.997411382] [acados_nmpc_node]: [attach-window] t=62.84s pos_err=21.392m T=20.25N z=-0.543 m_est=2.129
[WARN] [1789396171.088523573] [acados_nmpc_node]: t=62.93s | KKT residual abnormal! res_stat=4.988e+02 res_eq=3.985e-03 res_ineq=0.000e+00 res_comp=1.500e+01 | sqp_iter=100 | peak res_stat=2.317e+03
[WARN] [1789396171.088899832] [acados_nmpc_node]: acados solve failed [status=2, 231 consecutive] | x_cur pos=[10.71715927  4.70616245 -0.57501185] vel=[0.05112893 0.30053338 0.6254651 ] |q|=1.0000
[WARN] [1789396171.089122343] [acados_nmpc_node]: Exceeded 40 consecutive failures, resetting warm-start to safe hover state
[INFO] [1789396171.089659329] [acados_nmpc_node]: [attach-window] t=62.93s pos_err=21.380m T=20.25N z=-0.575 m_est=2.129
[WARN] [1789396171.184093083] [acados_nmpc_node]: t=63.02s | KKT residual abnormal! res_stat=2.391e+02 res_eq=1.727e-03 res_ineq=0.000e+00 res_comp=5.316e+00 | sqp_iter=100 | peak res_stat=2.317e+03
[WARN] [1789396171.184474901] [acados_nmpc_node]: acados solve failed [status=2, 232 consecutive] | x_cur pos=[10.71334362  4.72886229 -0.52827632] vel=[ 0.17405738  0.11330475 -0.32193723] |q|=1.0000
[WARN] [1789396171.184697813] [acados_nmpc_node]: Exceeded 40 consecutive failures, resetting warm-start to safe hover state
[INFO] [1789396171.185266669] [acados_nmpc_node]: [attach-window] t=63.02s pos_err=21.398m T=20.25N z=-0.528 m_est=2.129
[WARN] [1789396171.284650503] [acados_nmpc_node]: t=63.12s | KKT residual abnormal! res_stat=4.397e+02 res_eq=6.073e-03 res_ineq=0.000e+00 res_comp=1.759e+01 | sqp_iter=100 | peak res_stat=2.317e+03
[WARN] [1789396171.285037903] [acados_nmpc_node]: acados solve failed [status=2, 233 consecutive] | x_cur pos=[10.74068451  4.74743509 -0.55962569] vel=[ 0.64331484  0.20816253 -0.18376768] |q|=1.0000
[WARN] [1789396171.285265774] [acados_nmpc_node]: Exceeded 40 consecutive failures, resetting warm-start to safe hover state
[INFO] [1789396171.285820942] [acados_nmpc_node]: [attach-window] t=63.12s pos_err=21.459m T=20.25N z=-0.560 m_est=2.129
[WARN] [1789396171.377108412] [acados_nmpc_node]: t=63.22s | KKT residual abnormal! res_stat=1.593e+02 res_eq=1.503e-03 res_ineq=0.000e+00 res_comp=8.902e+00 | sqp_iter=100 | peak res_stat=2.317e+03
[WARN] [1789396171.377506550] [acados_nmpc_node]: acados solve failed [status=2, 234 consecutive] | x_cur pos=[10.812047    4.77721167 -0.59945852] vel=[-0.00692019 -0.00259615  0.0613276 ] |q|=1.0000
[WARN] [1789396171.377725844] [acados_nmpc_node]: Exceeded 40 consecutive failures, resetting warm-start to safe hover state
[INFO] [1789396171.378300127] [acados_nmpc_node]: [attach-window] t=63.22s pos_err=21.562m T=20.25N z=-0.599 m_est=2.129
[WARN] [1789396171.465972170] [acados_nmpc_node]: t=63.31s | KKT residual abnormal! res_stat=7.825e+02 res_eq=6.371e-03 res_ineq=0.000e+00 res_comp=1.483e+01 | sqp_iter=100 | peak res_stat=2.317e+03
[WARN] [1789396171.466366916] [acados_nmpc_node]: acados solve failed [status=2, 235 consecutive] | x_cur pos=[10.74006081  4.73745823 -0.49310747] vel=[-0.86247683 -0.49313635  0.43538922] |q|=1.0000
[WARN] [1789396171.466585250] [acados_nmpc_node]: Exceeded 40 consecutive failures, resetting warm-start to safe hover state
[INFO] [1789396171.467141482] [acados_nmpc_node]: [attach-window] t=63.31s pos_err=21.465m T=20.25N z=-0.493 m_est=2.129
[WARN] [1789396171.555929259] [acados_nmpc_node]: t=63.40s | KKT residual abnormal! res_stat=4.840e+02 res_eq=1.105e-02 res_ineq=0.000e+00 res_comp=2.975e+01 | sqp_iter=100 | peak res_stat=2.317e+03
[WARN] [1789396171.556330749] [acados_nmpc_node]: acados solve failed [status=2, 236 consecutive] | x_cur pos=[10.65463448  4.69705582 -0.45527735] vel=[-0.83696896 -0.53944409 -0.24187423] |q|=1.0000
[WARN] [1789396171.556549016] [acados_nmpc_node]: Exceeded 40 consecutive failures, resetting warm-start to safe hover state
[INFO] [1789396171.557119712] [acados_nmpc_node]: [attach-window] t=63.40s pos_err=21.369m T=20.25N z=-0.455 m_est=2.129
[WARN] [1789396171.644679100] [acados_nmpc_node]: t=63.49s | KKT residual abnormal! res_stat=2.577e+02 res_eq=2.985e-03 res_ineq=3.553e-15 res_comp=1.071e+01 | sqp_iter=100 | peak res_stat=2.317e+03
[WARN] [1789396171.645072134] [acados_nmpc_node]: acados solve failed [status=2, 237 consecutive] | x_cur pos=[10.54510117  4.62977695 -0.48507509] vel=[-0.74064779 -0.72347605 -1.08179593] |q|=1.0000
[WARN] [1789396171.645301351] [acados_nmpc_node]: Exceeded 40 consecutive failures, resetting warm-start to safe hover state
[INFO] [1789396171.645870068] [acados_nmpc_node]: [attach-window] t=63.49s pos_err=21.253m T=20.25N z=-0.485 m_est=2.129
[WARN] [1789396171.729249091] [acados_nmpc_node]: t=63.58s | KKT residual abnormal! res_stat=6.103e+01 res_eq=9.444e-04 res_ineq=0.000e+00 res_comp=4.177e+00 | sqp_iter=100 | peak res_stat=2.317e+03
[WARN] [1789396171.729643060] [acados_nmpc_node]: acados solve failed [status=2, 238 consecutive] | x_cur pos=[10.47562599  4.57020378 -0.56229663] vel=[1.01182032 0.82230353 1.35770774] |q|=1.0000
[WARN] [1789396171.729866790] [acados_nmpc_node]: Exceeded 40 consecutive failures, resetting warm-start to safe hover state
[INFO] [1789396171.730431813] [acados_nmpc_node]: [attach-window] t=63.58s pos_err=21.182m T=20.25N z=-0.562 m_est=2.129
[WARN] [1789396171.825206893] [acados_nmpc_node]: t=63.67s | KKT residual abnormal! res_stat=1.067e+03 res_eq=5.158e-03 res_ineq=0.000e+00 res_comp=1.165e+01 | sqp_iter=100 | peak res_stat=2.317e+03
[WARN] [1789396171.825596347] [acados_nmpc_node]: acados solve failed [status=2, 239 consecutive] | x_cur pos=[10.53328037  4.62322807 -0.48390532] vel=[1.0071981  0.84579408 0.71679103] |q|=1.0000
[WARN] [1789396171.825818983] [acados_nmpc_node]: Exceeded 40 consecutive failures, resetting warm-start to safe hover state
[INFO] [1789396171.826378201] [acados_nmpc_node]: [attach-window] t=63.67s pos_err=21.218m T=20.25N z=-0.484 m_est=2.129
[WARN] [1789396171.921320539] [acados_nmpc_node]: t=63.76s | KKT residual abnormal! res_stat=1.418e+02 res_eq=1.358e-03 res_ineq=0.000e+00 res_comp=1.158e+01 | sqp_iter=100 | peak res_stat=2.317e+03
[WARN] [1789396171.921712744] [acados_nmpc_node]: acados solve failed [status=2, 240 consecutive] | x_cur pos=[10.66555977  4.74407434 -0.41293901] vel=[ 1.05205131  0.85381323 -0.27386844] |q|=1.0000
[WARN] [1789396171.921930522] [acados_nmpc_node]: Exceeded 40 consecutive failures, resetting warm-start to safe hover state
[INFO] [1789396171.922597750] [acados_nmpc_node]: [attach-window] t=63.76s pos_err=21.340m T=20.25N z=-0.413 m_est=2.129
[WARN] [1789396172.017637671] [acados_nmpc_node]: t=63.86s | KKT residual abnormal! res_stat=5.979e+02 res_eq=9.197e-03 res_ineq=0.000e+00 res_comp=5.663e+01 | sqp_iter=100 | peak res_stat=2.317e+03
[WARN] [1789396172.018025281] [acados_nmpc_node]: acados solve failed [status=2, 241 consecutive] | x_cur pos=[10.80668259  4.85363388 -0.45617545] vel=[ 1.22229731  0.74426097 -1.17979038] |q|=1.0000
[WARN] [1789396172.018248469] [acados_nmpc_node]: Exceeded 40 consecutive failures, resetting warm-start to safe hover state
[INFO] [1789396172.018788363] [acados_nmpc_node]: [attach-window] t=63.86s pos_err=21.489m T=20.25N z=-0.456 m_est=2.129
[WARN] [1789396172.100575912] [acados_nmpc_node]: t=63.95s | KKT residual abnormal! res_stat=1.111e+02 res_eq=1.525e-03 res_ineq=0.000e+00 res_comp=2.243e+01 | sqp_iter=100 | peak res_stat=2.317e+03
[WARN] [1789396172.100966971] [acados_nmpc_node]: acados solve failed [status=2, 242 consecutive] | x_cur pos=[10.92529488  4.92709541 -0.55245161] vel=[ 0.56375402  0.66904801 -0.10114036] |q|=1.0000
[WARN] [1789396172.101187664] [acados_nmpc_node]: Exceeded 40 consecutive failures, resetting warm-start to safe hover state
[INFO] [1789396172.101734512] [acados_nmpc_node]: [attach-window] t=63.95s pos_err=21.610m T=20.25N z=-0.552 m_est=2.129
[WARN] [1789396172.186811108] [acados_nmpc_node]: t=64.04s | KKT residual abnormal! res_stat=1.017e+02 res_eq=1.007e-03 res_ineq=0.000e+00 res_comp=2.251e+01 | sqp_iter=100 | peak res_stat=2.317e+03
[WARN] [1789396172.187215145] [acados_nmpc_node]: acados solve failed [status=2, 243 consecutive] | x_cur pos=[10.96782112  4.97244406 -0.56964934] vel=[ 0.59736538  0.65438485 -0.72242278] |q|=1.0000
[WARN] [1789396172.187436279] [acados_nmpc_node]: Exceeded 40 consecutive failures, resetting warm-start to safe hover state
[INFO] [1789396172.188012897] [acados_nmpc_node]: [attach-window] t=64.04s pos_err=21.631m T=20.25N z=-0.570 m_est=2.129
[WARN] [1789396172.275469587] [acados_nmpc_node]: t=64.12s | KKT residual abnormal! res_stat=4.426e+02 res_eq=5.769e-04 res_ineq=0.000e+00 res_comp=1.771e+01 | sqp_iter=100 | peak res_stat=2.317e+03
[WARN] [1789396172.275865637] [acados_nmpc_node]: acados solve failed [status=2, 244 consecutive] | x_cur pos=[10.98974323  5.03354263 -0.55125785] vel=[ 0.51089406  0.67161727 -0.17656495] |q|=1.0000
[WARN] [1789396172.276086190] [acados_nmpc_node]: Exceeded 40 consecutive failures, resetting warm-start to safe hover state
[INFO] [1789396172.276660390] [acados_nmpc_node]: [attach-window] t=64.12s pos_err=21.622m T=20.25N z=-0.551 m_est=2.129
[WARN] [1789396172.370819986] [acados_nmpc_node]: t=64.21s | KKT residual abnormal! res_stat=9.021e+01 res_eq=2.332e-04 res_ineq=0.000e+00 res_comp=4.525e-01 | sqp_iter=100 | peak res_stat=2.317e+03
[WARN] [1789396172.371213742] [acados_nmpc_node]: acados solve failed [status=2, 245 consecutive] | x_cur pos=[11.02740479  5.12047958 -0.5401817 ] vel=[0.24927565 0.59734011 0.31149372] |q|=1.0000
[WARN] [1789396172.371433369] [acados_nmpc_node]: Exceeded 40 consecutive failures, resetting warm-start to safe hover state
[INFO] [1789396172.372000073] [acados_nmpc_node]: [attach-window] t=64.21s pos_err=21.633m T=20.25N z=-0.540 m_est=2.129
[WARN] [1789396172.456287622] [acados_nmpc_node]: t=64.31s | KKT residual abnormal! res_stat=5.084e+01 res_eq=9.069e-04 res_ineq=0.000e+00 res_comp=1.287e+01 | sqp_iter=100 | peak res_stat=2.317e+03
[WARN] [1789396172.456743291] [acados_nmpc_node]: acados solve failed [status=2, 246 consecutive] | x_cur pos=[11.04088402  5.17171764 -0.50915349] vel=[0.42288342 1.09591985 0.28530437] |q|=1.0000
[WARN] [1789396172.456982827] [acados_nmpc_node]: Exceeded 40 consecutive failures, resetting warm-start to safe hover state
[INFO] [1789396172.457634870] [acados_nmpc_node]: [attach-window] t=64.31s pos_err=21.588m T=20.25N z=-0.509 m_est=2.129
[WARN] [1789396172.540035153] [acados_nmpc_node]: t=64.39s | KKT residual abnormal! res_stat=1.616e+03 res_eq=6.056e-03 res_ineq=0.000e+00 res_comp=1.451e+02 | sqp_iter=100 | peak res_stat=2.317e+03
[WARN] [1789396172.540424894] [acados_nmpc_node]: acados solve failed [status=2, 247 consecutive] | x_cur pos=[11.06799603  5.27951813 -0.48584524] vel=[ 0.53123182  1.04634988 -0.5848369 ] |q|=1.0000
[WARN] [1789396172.540650030] [acados_nmpc_node]: Exceeded 40 consecutive failures, resetting warm-start to safe hover state
[INFO] [1789396172.541221776] [acados_nmpc_node]: [attach-window] t=64.39s pos_err=21.586m T=20.25N z=-0.486 m_est=2.129
[WARN] [1789396172.626695202] [acados_nmpc_node]: t=64.48s | KKT residual abnormal! res_stat=5.368e+01 res_eq=1.607e-04 res_ineq=0.000e+00 res_comp=1.408e-01 | sqp_iter=100 | peak res_stat=2.317e+03
[WARN] [1789396172.627085179] [acados_nmpc_node]: acados solve failed [status=2, 248 consecutive] | x_cur pos=[11.09671211  5.34588623 -0.52500629] vel=[ 0.31947175  0.66407251 -0.47550857] |q|=1.0000
[WARN] [1789396172.627306110] [acados_nmpc_node]: Exceeded 40 consecutive failures, resetting warm-start to safe hover state
[INFO] [1789396172.627863829] [acados_nmpc_node]: [attach-window] t=64.48s pos_err=21.571m T=20.25N z=-0.525 m_est=2.129
[WARN] [1789396172.713864804] [acados_nmpc_node]: t=64.56s | KKT residual abnormal! res_stat=2.490e+01 res_eq=3.740e-06 res_ineq=0.000e+00 res_comp=3.008e-15 | sqp_iter=100 | peak res_stat=2.317e+03
[WARN] [1789396172.714257168] [acados_nmpc_node]: acados solve failed [status=2, 249 consecutive] | x_cur pos=[11.10048962  5.37698412 -0.52173829] vel=[ 0.13796486  0.34661284 -0.1607572 ] |q|=1.0000
[WARN] [1789396172.714475549] [acados_nmpc_node]: Exceeded 40 consecutive failures, resetting warm-start to safe hover state
[INFO] [1789396172.715030551] [acados_nmpc_node]: [attach-window] t=64.56s pos_err=21.501m T=20.25N z=-0.522 m_est=2.129
[INFO] [1789396172.715348545] [acados_nmpc_node]: [wcmd] raw=[+10.648,-0.486,+22.179] w=[-0.071,-0.279,-7.518] err=[+10.719,-0.207] scaled=[+10.648,-0.486] s=1.97
[WARN] [1789396172.801928944] [acados_nmpc_node]: t=64.65s | KKT residual abnormal! res_stat=7.816e+01 res_eq=4.187e-04 res_ineq=0.000e+00 res_comp=2.784e+00 | sqp_iter=100 | peak res_stat=2.317e+03
[WARN] [1789396172.802326390] [acados_nmpc_node]: acados solve failed [status=2, 250 consecutive] | x_cur pos=[11.06737709  5.3951292  -0.46521169] vel=[-0.2846514   0.29050168  0.21184528] |q|=1.0000
[WARN] [1789396172.802543804] [acados_nmpc_node]: Exceeded 40 consecutive failures, resetting warm-start to safe hover state
[INFO] [1789396172.803086657] [acados_nmpc_node]: [attach-window] t=64.65s pos_err=21.369m T=20.25N z=-0.465 m_est=2.129
[WARN] [1789396172.890667797] [acados_nmpc_node]: t=64.74s | KKT residual abnormal! res_stat=1.869e+02 res_eq=3.862e-03 res_ineq=0.000e+00 res_comp=3.141e+01 | sqp_iter=100 | peak res_stat=2.317e+03
[WARN] [1789396172.891055463] [acados_nmpc_node]: acados solve failed [status=2, 251 consecutive] | x_cur pos=[11.03695488  5.40245199 -0.44336975] vel=[-0.08012789  0.21915656 -0.31283197] |q|=1.0000
[WARN] [1789396172.891275857] [acados_nmpc_node]: Exceeded 40 consecutive failures, resetting warm-start to safe hover state
[INFO] [1789396172.891834979] [acados_nmpc_node]: [attach-window] t=64.74s pos_err=21.235m T=20.25N z=-0.443 m_est=2.129
[WARN] [1789396172.978779621] [acados_nmpc_node]: t=64.83s | KKT residual abnormal! res_stat=2.342e+01 res_eq=4.106e-05 res_ineq=0.000e+00 res_comp=4.047e-01 | sqp_iter=100 | peak res_stat=2.317e+03
[WARN] [1789396172.979173843] [acados_nmpc_node]: acados solve failed [status=2, 252 consecutive] | x_cur pos=[11.00577259  5.40808058 -0.4701483 ] vel=[-0.84226042 -0.07960565  1.26890326] |q|=1.0000
[WARN] [1789396172.979392747] [acados_nmpc_node]: Exceeded 40 consecutive failures, resetting warm-start to safe hover state
[INFO] [1789396172.979965010] [acados_nmpc_node]: [attach-window] t=64.83s pos_err=21.104m T=20.25N z=-0.470 m_est=2.129
[WARN] [1789396173.069944532] [acados_nmpc_node]: t=64.91s | KKT residual abnormal! res_stat=5.655e+01 res_eq=1.624e-04 res_ineq=0.000e+00 res_comp=2.207e+00 | sqp_iter=100 | peak res_stat=2.317e+03
[WARN] [1789396173.070332819] [acados_nmpc_node]: acados solve failed [status=2, 253 consecutive] | x_cur pos=[10.91519833  5.38975239 -0.36819363] vel=[-0.72104871 -0.08806538  0.39465657] |q|=1.0000
[WARN] [1789396173.070551572] [acados_nmpc_node]: Exceeded 40 consecutive failures, resetting warm-start to safe hover state
[INFO] [1789396173.071122119] [acados_nmpc_node]: [attach-window] t=64.91s pos_err=20.867m T=20.25N z=-0.368 m_est=2.129
[WARN] [1789396173.153913491] [acados_nmpc_node]: t=65.01s | KKT residual abnormal! res_stat=4.528e+01 res_eq=2.507e-04 res_ineq=0.000e+00 res_comp=4.513e+00 | sqp_iter=100 | peak res_stat=2.317e+03
[WARN] [1789396173.154309541] [acados_nmpc_node]: acados solve failed [status=2, 254 consecutive] | x_cur pos=[10.85232639  5.3706255  -0.33109546] vel=[-0.44857523 -0.21084437 -0.12716147] |q|=1.0000
[WARN] [1789396173.154528932] [acados_nmpc_node]: Exceeded 40 consecutive failures, resetting warm-start to safe hover state
[INFO] [1789396173.155092002] [acados_nmpc_node]: [attach-window] t=65.01s pos_err=20.657m T=20.25N z=-0.331 m_est=2.129
[WARN] [1789396173.232374643] [acados_nmpc_node]: t=65.09s | KKT residual abnormal! res_stat=8.457e+00 res_eq=4.189e-05 res_ineq=0.000e+00 res_comp=2.738e-01 | sqp_iter=100 | peak res_stat=2.317e+03
[WARN] [1789396173.232757124] [acados_nmpc_node]: acados solve failed [status=2, 255 consecutive] | x_cur pos=[10.7973032   5.3307128  -0.36154366] vel=[-0.26458633 -0.328491   -1.01604867] |q|=1.0000
[WARN] [1789396173.232975548] [acados_nmpc_node]: Exceeded 40 consecutive failures, resetting warm-start to safe hover state
[INFO] [1789396173.233542711] [acados_nmpc_node]: [attach-window] t=65.09s pos_err=20.472m T=20.25N z=-0.362 m_est=2.129
[WARN] [1789396173.329163467] [acados_nmpc_node]: t=65.17s | KKT residual abnormal! res_stat=3.026e+02 res_eq=1.107e-03 res_ineq=0.000e+00 res_comp=2.579e+00 | sqp_iter=100 | peak res_stat=2.317e+03
[WARN] [1789396173.329570721] [acados_nmpc_node]: acados solve failed [status=2, 256 consecutive] | x_cur pos=[10.78304577  5.31686974 -0.40941292] vel=[ 0.03199358  0.43580496 -0.31929427] |q|=1.0000
[WARN] [1789396173.329800113] [acados_nmpc_node]: Exceeded 40 consecutive failures, resetting warm-start to safe hover state
[INFO] [1789396173.330372873] [acados_nmpc_node]: [attach-window] t=65.17s pos_err=20.326m T=20.25N z=-0.409 m_est=2.129
[WARN] [1789396173.413021314] [acados_nmpc_node]: t=65.27s | KKT residual abnormal! res_stat=4.218e+01 res_eq=4.130e-04 res_ineq=0.000e+00 res_comp=5.083e+00 | sqp_iter=100 | peak res_stat=2.317e+03
[WARN] [1789396173.413422164] [acados_nmpc_node]: acados solve failed [status=2, 257 consecutive] | x_cur pos=[10.79548168  5.35473633 -0.46637711] vel=[ 0.18862864  0.36254138 -1.18597579] |q|=1.0000
[WARN] [1789396173.413640507] [acados_nmpc_node]: Exceeded 40 consecutive failures, resetting warm-start to safe hover state
[INFO] [1789396173.414311472] [acados_nmpc_node]: [attach-window] t=65.27s pos_err=20.196m T=20.25N z=-0.466 m_est=2.129
[WARN] [1789396173.509437213] [acados_nmpc_node]: t=65.35s | KKT residual abnormal! res_stat=8.318e+01 res_eq=1.913e-04 res_ineq=0.000e+00 res_comp=7.448e-01 | sqp_iter=100 | peak res_stat=2.317e+03
[WARN] [1789396173.509834818] [acados_nmpc_node]: acados solve failed [status=2, 258 consecutive] | x_cur pos=[10.82664299  5.44666433 -0.51038134] vel=[-0.0797693   1.72501087  0.90348411] |q|=1.0000
[WARN] [1789396173.510059537] [acados_nmpc_node]: Exceeded 40 consecutive failures, resetting warm-start to safe hover state
[INFO] [1789396173.510628426] [acados_nmpc_node]: [attach-window] t=65.35s pos_err=20.120m T=20.25N z=-0.510 m_est=2.129
[WARN] [1789396173.600654741] [acados_nmpc_node]: t=65.45s | KKT residual abnormal! res_stat=9.726e+01 res_eq=7.235e-04 res_ineq=0.000e+00 res_comp=6.272e+00 | sqp_iter=100 | peak res_stat=2.317e+03
[WARN] [1789396173.601050939] [acados_nmpc_node]: acados solve failed [status=2, 259 consecutive] | x_cur pos=[10.84086323  5.65412045 -0.43226719] vel=[ 0.11862273  1.71382236 -0.05313813] |q|=1.0000
[WARN] [1789396173.601272890] [acados_nmpc_node]: Exceeded 40 consecutive failures, resetting warm-start to safe hover state
[INFO] [1789396173.601825306] [acados_nmpc_node]: [attach-window] t=65.45s pos_err=20.021m T=20.25N z=-0.432 m_est=2.129
[WARN] [1789396173.698587188] [acados_nmpc_node]: t=65.54s | KKT residual abnormal! res_stat=8.410e+01 res_eq=3.059e-04 res_ineq=0.000e+00 res_comp=8.599e-01 | sqp_iter=100 | peak res_stat=2.317e+03
[WARN] [1789396173.698990137] [acados_nmpc_node]: acados solve failed [status=2, 260 consecutive] | x_cur pos=[10.85474586  5.77358007 -0.424858  ] vel=[ 0.20466715  1.72635221 -0.56829882] |q|=1.0000
[WARN] [1789396173.699211142] [acados_nmpc_node]: Exceeded 40 consecutive failures, resetting warm-start to safe hover state
[INFO] [1789396173.699761296] [acados_nmpc_node]: [attach-window] t=65.54s pos_err=19.899m T=20.25N z=-0.425 m_est=2.129
[WARN] [1789396173.787863122] [acados_nmpc_node]: t=65.63s | KKT residual abnormal! res_stat=8.669e+01 res_eq=7.368e-04 res_ineq=0.000e+00 res_comp=1.779e+00 | sqp_iter=100 | peak res_stat=2.317e+03
[WARN] [1789396173.788270006] [acados_nmpc_node]: acados solve failed [status=2, 261 consecutive] | x_cur pos=[10.87863255  5.99498129 -0.48536772] vel=[ 0.07463285  1.8524965  -1.27972972] |q|=1.0000
[WARN] [1789396173.788496020] [acados_nmpc_node]: Exceeded 40 consecutive failures, resetting warm-start to safe hover state
[INFO] [1789396173.789072684] [acados_nmpc_node]: [attach-window] t=65.63s pos_err=19.836m T=20.25N z=-0.485 m_est=2.129
[WARN] [1789396173.876693054] [acados_nmpc_node]: t=65.72s | KKT residual abnormal! res_stat=1.773e+02 res_eq=7.382e-04 res_ineq=0.000e+00 res_comp=6.432e+00 | sqp_iter=100 | peak res_stat=2.317e+03
[WARN] [1789396173.877093890] [acados_nmpc_node]: acados solve failed [status=2, 262 consecutive] | x_cur pos=[10.89007664  6.12406015 -0.50585443] vel=[-0.23882015  0.05872119  1.52062857] |q|=1.0000
[WARN] [1789396173.877317043] [acados_nmpc_node]: Exceeded 40 consecutive failures, resetting warm-start to safe hover state
[INFO] [1789396173.877882006] [acados_nmpc_node]: [attach-window] t=65.72s pos_err=19.713m T=20.25N z=-0.506 m_est=2.129
[WARN] [1789396173.965577886] [acados_nmpc_node]: t=65.81s | KKT residual abnormal! res_stat=2.674e+02 res_eq=9.228e-04 res_ineq=0.000e+00 res_comp=4.477e+00 | sqp_iter=100 | peak res_stat=2.317e+03
[WARN] [1789396173.965983619] [acados_nmpc_node]: acados solve failed [status=2, 263 consecutive] | x_cur pos=[10.86507988  6.11273241 -0.36033717] vel=[-0.28581434  0.04301312  0.48213354] |q|=1.0000
[WARN] [1789396173.966214670] [acados_nmpc_node]: Exceeded 40 consecutive failures, resetting warm-start to safe hover state
[INFO] [1789396173.966787522] [acados_nmpc_node]: [attach-window] t=65.81s pos_err=19.428m T=20.25N z=-0.360 m_est=2.129
[WARN] [1789396174.054204414] [acados_nmpc_node]: t=65.90s | KKT residual abnormal! res_stat=1.376e+02 res_eq=1.033e-03 res_ineq=0.000e+00 res_comp=7.679e+00 | sqp_iter=100 | peak res_stat=2.317e+03
[WARN] [1789396174.054597682] [acados_nmpc_node]: acados solve failed [status=2, 264 consecutive] | x_cur pos=[10.8452158   6.09104729 -0.31298491] vel=[-0.15083075  0.06709424 -0.13932055] |q|=1.0000
[WARN] [1789396174.054816315] [acados_nmpc_node]: Exceeded 40 consecutive failures, resetting warm-start to safe hover state
[INFO] [1789396174.055388930] [acados_nmpc_node]: [attach-window] t=65.90s pos_err=19.162m T=20.25N z=-0.313 m_est=2.129
[WARN] [1789396174.140695806] [acados_nmpc_node]: t=65.99s | KKT residual abnormal! res_stat=1.772e+01 res_eq=2.689e-04 res_ineq=0.000e+00 res_comp=6.374e-02 | sqp_iter=100 | peak res_stat=2.317e+03
[WARN] [1789396174.141093868] [acados_nmpc_node]: acados solve failed [status=2, 265 consecutive] | x_cur pos=[10.83747196  6.07203245 -0.33873275] vel=[ 0.05626098  0.11482887 -0.96729749] |q|=1.0000
[WARN] [1789396174.141319982] [acados_nmpc_node]: Exceeded 40 consecutive failures, resetting warm-start to safe hover state
[INFO] [1789396174.141869048] [acados_nmpc_node]: [attach-window] t=65.99s pos_err=18.933m T=20.25N z=-0.339 m_est=2.129
[WARN] [1789396174.231873609] [acados_nmpc_node]: t=66.08s | KKT residual abnormal! res_stat=2.884e+00 res_eq=1.087e-06 res_ineq=0.000e+00 res_comp=2.709e-04 | sqp_iter=100 | peak res_stat=2.317e+03
[WARN] [1789396174.232278138] [acados_nmpc_node]: acados solve failed [status=2, 266 consecutive] | x_cur pos=[10.85107899  6.06492615 -0.44786698] vel=[ 0.04161249  0.17320336 -0.93328178] |q|=1.0000
[WARN] [1789396174.232509479] [acados_nmpc_node]: Exceeded 40 consecutive failures, resetting warm-start to safe hover state
[INFO] [1789396174.233069998] [acados_nmpc_node]: [attach-window] t=66.08s pos_err=18.731m T=20.25N z=-0.448 m_est=2.129
[WARN] [1789396174.321257882] [acados_nmpc_node]: t=66.17s | KKT residual abnormal! res_stat=1.222e+02 res_eq=1.008e-03 res_ineq=0.000e+00 res_comp=5.155e+00 | sqp_iter=100 | peak res_stat=2.317e+03
[WARN] [1789396174.321653442] [acados_nmpc_node]: acados solve failed [status=2, 267 consecutive] | x_cur pos=[10.89286995  6.05011177 -0.48166478] vel=[ 0.56314641 -0.00629526 -0.64642608] |q|=1.0000
[WARN] [1789396174.321874616] [acados_nmpc_node]: Exceeded 40 consecutive failures, resetting warm-start to safe hover state
[INFO] [1789396174.322420081] [acados_nmpc_node]: [attach-window] t=66.17s pos_err=18.514m T=20.25N z=-0.482 m_est=2.129
[WARN] [1789396174.402491352] [acados_nmpc_node]: t=66.26s | KKT residual abnormal! res_stat=1.263e+02 res_eq=3.911e-04 res_ineq=0.000e+00 res_comp=2.979e+00 | sqp_iter=100 | peak res_stat=2.317e+03
[WARN] [1789396174.402873479] [acados_nmpc_node]: acados solve failed [status=2, 268 consecutive] | x_cur pos=[10.94466305  5.98154163 -0.46566391] vel=[ 0.21275336 -1.25536919  1.0800668 ] |q|=1.0000
[WARN] [1789396174.403095433] [acados_nmpc_node]: Exceeded 40 consecutive failures, resetting warm-start to safe hover state
[INFO] [1789396174.403653165] [acados_nmpc_node]: [attach-window] t=66.26s pos_err=18.258m T=20.25N z=-0.466 m_est=2.129
[INFO] [1789396174.403961584] [acados_nmpc_node]: [wcmd] raw=[+10.648,-0.486,+22.179] w=[-0.886,+2.316,-0.767] err=[+11.534,-2.802] scaled=[+10.648,-0.486] s=1.97
[WARN] [1789396174.489458868] [acados_nmpc_node]: t=66.34s | KKT residual abnormal! res_stat=2.772e+01 res_eq=2.600e-04 res_ineq=0.000e+00 res_comp=2.337e+00 | sqp_iter=100 | peak res_stat=2.317e+03
[WARN] [1789396174.489851493] [acados_nmpc_node]: acados solve failed [status=2, 269 consecutive] | x_cur pos=[10.96343613  5.88124418 -0.39595017] vel=[ 0.17479908 -1.26639974  0.43500993] |q|=1.0000
[WARN] [1789396174.490072468] [acados_nmpc_node]: Exceeded 40 consecutive failures, resetting warm-start to safe hover state
[INFO] [1789396174.490638985] [acados_nmpc_node]: [attach-window] t=66.34s pos_err=17.958m T=20.25N z=-0.396 m_est=2.129
[WARN] [1789396174.581934448] [acados_nmpc_node]: t=66.43s | KKT residual abnormal! res_stat=3.023e+02 res_eq=8.624e-04 res_ineq=0.000e+00 res_comp=1.604e+01 | sqp_iter=100 | peak res_stat=2.317e+03
[WARN] [1789396174.582337729] [acados_nmpc_node]: acados solve failed [status=2, 270 consecutive] | x_cur pos=[10.98582745  5.70699215 -0.35781461] vel=[ 0.31989679 -1.25238776 -0.50219828] |q|=1.0000
[WARN] [1789396174.582561781] [acados_nmpc_node]: Exceeded 40 consecutive failures, resetting warm-start to safe hover state
[INFO] [1789396174.583139195] [acados_nmpc_node]: [attach-window] t=66.43s pos_err=17.613m T=20.25N z=-0.358 m_est=2.129
[WARN] [1789396174.669187046] [acados_nmpc_node]: t=66.52s | KKT residual abnormal! res_stat=4.086e+02 res_eq=1.609e-03 res_ineq=0.000e+00 res_comp=3.235e+00 | sqp_iter=100 | peak res_stat=2.317e+03
[WARN] [1789396174.669585235] [acados_nmpc_node]: acados solve failed [status=2, 271 consecutive] | x_cur pos=[11.02257824  5.55812359 -0.43009484] vel=[ 0.46756542 -1.24246502 -1.37392402] |q|=1.0000
[WARN] [1789396174.669808087] [acados_nmpc_node]: Exceeded 40 consecutive failures, resetting warm-start to safe hover state
[INFO] [1789396174.670382399] [acados_nmpc_node]: [attach-window] t=66.52s pos_err=17.308m T=20.25N z=-0.430 m_est=2.129
[WARN] [1789396174.753985689] [acados_nmpc_node]: t=66.61s | KKT residual abnormal! res_stat=3.468e+02 res_eq=7.020e-04 res_ineq=0.000e+00 res_comp=2.168e+00 | sqp_iter=100 | peak res_stat=2.317e+03
[WARN] [1789396174.754384574] [acados_nmpc_node]: acados solve failed [status=2, 272 consecutive] | x_cur pos=[11.03639603  5.49062157 -0.47670254] vel=[-0.50161093  0.36841068  1.27338946] |q|=1.0000
[WARN] [1789396174.754603302] [acados_nmpc_node]: Exceeded 40 consecutive failures, resetting warm-start to safe hover state
[INFO] [1789396174.755179473] [acados_nmpc_node]: [attach-window] t=66.61s pos_err=17.032m T=20.25N z=-0.477 m_est=2.129
[WARN] [1789396174.836785290] [acados_nmpc_node]: t=66.69s | KKT residual abnormal! res_stat=2.838e+02 res_eq=7.071e-04 res_ineq=0.000e+00 res_comp=2.758e+00 | sqp_iter=100 | peak res_stat=2.317e+03
[WARN] [1789396174.837187739] [acados_nmpc_node]: acados solve failed [status=2, 273 consecutive] | x_cur pos=[10.98161221  5.52596855 -0.3848519 ] vel=[-0.35315377  0.34765634  0.30542767] |q|=1.0000
[WARN] [1789396174.837410790] [acados_nmpc_node]: Exceeded 40 consecutive failures, resetting warm-start to safe hover state
[INFO] [1789396174.837975162] [acados_nmpc_node]: [attach-window] t=66.69s pos_err=16.719m T=20.25N z=-0.385 m_est=2.129
[WARN] [1789396174.925364422] [acados_nmpc_node]: t=66.77s | KKT residual abnormal! res_stat=1.054e+02 res_eq=2.864e-04 res_ineq=0.000e+00 res_comp=1.857e+00 | sqp_iter=100 | peak res_stat=2.317e+03
[WARN] [1789396174.925763920] [acados_nmpc_node]: acados solve failed [status=2, 274 consecutive] | x_cur pos=[10.95014477  5.56699991 -0.3554382 ] vel=[-0.21792513  0.35689211 -0.24069688] |q|=1.0000
[WARN] [1789396174.925984185] [acados_nmpc_node]: Exceeded 40 consecutive failures, resetting warm-start to safe hover state
[INFO] [1789396174.926677278] [acados_nmpc_node]: [attach-window] t=66.77s pos_err=16.427m T=20.25N z=-0.355 m_est=2.129
[WARN] [1789396175.016336148] [acados_nmpc_node]: t=66.86s | KKT residual abnormal! res_stat=3.963e+01 res_eq=2.775e-04 res_ineq=0.000e+00 res_comp=9.082e-01 | sqp_iter=100 | peak res_stat=2.317e+03
[WARN] [1789396175.016736941] [acados_nmpc_node]: acados solve failed [status=2, 275 consecutive] | x_cur pos=[10.92695045  5.62406254 -0.39617962] vel=[-0.01562407  0.37281308 -1.07707024] |q|=1.0000
[WARN] [1789396175.016957241] [acados_nmpc_node]: Exceeded 40 consecutive failures, resetting warm-start to safe hover state
[INFO] [1789396175.017519344] [acados_nmpc_node]: [attach-window] t=66.86s pos_err=16.165m T=20.25N z=-0.396 m_est=2.129
[WARN] [1789396175.104690942] [acados_nmpc_node]: t=66.95s | KKT residual abnormal! res_stat=9.999e+01 res_eq=1.134e-04 res_ineq=0.000e+00 res_comp=2.498e+00 | sqp_iter=100 | peak res_stat=2.317e+03
[WARN] [1789396175.105090008] [acados_nmpc_node]: acados solve failed [status=2, 276 consecutive] | x_cur pos=[10.93272114  5.69813681 -0.47016215] vel=[-0.01541287  1.15195513  0.93127167] |q|=1.0000
[WARN] [1789396175.105318027] [acados_nmpc_node]: Exceeded 40 consecutive failures, resetting warm-start to safe hover state
[INFO] [1789396175.105883107] [acados_nmpc_node]: [attach-window] t=66.95s pos_err=15.938m T=20.25N z=-0.470 m_est=2.129
[INFO] [1789396175.106206967] [acados_nmpc_node]: t=67.0s | pos_err=15.938m | T=20.25N | tau=[r0.000 p0.000 y0.000]Nm | res_stat=9.999e+01(peak 2.317e+03) sqp_iter=100 | solve=82.9ms
[INFO] [1789396175.106367356] [acados_nmpc_node]: [flight-diag] t=67.0s | om_scale=1.965(lo 1.965 hi 1.965) | tilt_max=82.35deg | w_max=[r2.288 p2.901 y10.202]rad/s | u_frac=[T0.646 r0.000 p0.000 y0.000] | u_sat=[T0.0 r0.0 p0.0 y0.0]% | mot_peak=0.275 mot_sat=0.0% | health=0 age=28.983s conf=0.000 | n=100
[WARN] [1789396175.182372911] [acados_nmpc_node]: t=67.04s | KKT residual abnormal! res_stat=6.255e+01 res_eq=7.334e-04 res_ineq=0.000e+00 res_comp=1.562e+00 | sqp_iter=100 | peak res_stat=2.317e+03
[WARN] [1789396175.182763672] [acados_nmpc_node]: acados solve failed [status=2, 277 consecutive] | x_cur pos=[10.9319458   5.78296804 -0.42855641] vel=[-0.01546764  1.16261327  0.29375252] |q|=1.0000
[WARN] [1789396175.182981626] [acados_nmpc_node]: Exceeded 40 consecutive failures, resetting warm-start to safe hover state
[INFO] [1789396175.183545555] [acados_nmpc_node]: [attach-window] t=67.04s pos_err=15.671m T=20.25N z=-0.429 m_est=2.129
[WARN] [1789396175.268617638] [acados_nmpc_node]: t=67.12s | KKT residual abnormal! res_stat=1.637e+02 res_eq=4.086e-04 res_ineq=0.000e+00 res_comp=2.878e+00 | sqp_iter=100 | peak res_stat=2.317e+03
[WARN] [1789396175.269015081] [acados_nmpc_node]: acados solve failed [status=2, 278 consecutive] | x_cur pos=[10.92937565  5.93391705 -0.41693872] vel=[-0.02037598  1.18649101 -0.72048855] |q|=1.0000
[WARN] [1789396175.269239314] [acados_nmpc_node]: Exceeded 40 consecutive failures, resetting warm-start to safe hover state
[INFO] [1789396175.269810687] [acados_nmpc_node]: [attach-window] t=67.12s pos_err=15.481m T=20.25N z=-0.417 m_est=2.129
[WARN] [1789396175.352605016] [acados_nmpc_node]: t=67.20s | KKT residual abnormal! res_stat=4.117e+01 res_eq=3.199e-04 res_ineq=0.000e+00 res_comp=4.129e-01 | sqp_iter=100 | peak res_stat=2.317e+03
[WARN] [1789396175.353004319] [acados_nmpc_node]: acados solve failed [status=2, 279 consecutive] | x_cur pos=[10.92586994  6.02404356 -0.47127014] vel=[-0.08505351  1.16288447 -1.36821508] |q|=1.0000
[WARN] [1789396175.353231225] [acados_nmpc_node]: Exceeded 40 consecutive failures, resetting warm-start to safe hover state
[INFO] [1789396175.353802077] [acados_nmpc_node]: [attach-window] t=67.20s pos_err=15.257m T=20.25N z=-0.471 m_est=2.129
[WARN] [1789396175.424897678] [acados_nmpc_node]: t=67.28s | KKT residual abnormal! res_stat=2.401e+01 res_eq=1.556e-04 res_ineq=0.000e+00 res_comp=6.595e-01 | sqp_iter=100 | peak res_stat=2.317e+03
[WARN] [1789396175.425308895] [acados_nmpc_node]: acados solve failed [status=2, 280 consecutive] | x_cur pos=[10.86072636  6.15158415 -0.47725862] vel=[-1.27390599  0.88067168  1.83888865] |q|=1.0000
[WARN] [1789396175.425540352] [acados_nmpc_node]: Exceeded 40 consecutive failures, resetting warm-start to safe hover state
[INFO] [1789396175.426117596] [acados_nmpc_node]: [attach-window] t=67.28s pos_err=15.004m T=20.25N z=-0.477 m_est=2.129
[WARN] [1789396175.502730658] [acados_nmpc_node]: t=67.36s | KKT residual abnormal! res_stat=4.612e+01 res_eq=1.308e-04 res_ineq=0.000e+00 res_comp=8.810e-01 | sqp_iter=100 | peak res_stat=2.317e+03
[WARN] [1789396175.503140583] [acados_nmpc_node]: acados solve failed [status=2, 281 consecutive] | x_cur pos=[10.7776413   6.21629429 -0.38012213] vel=[-1.28511214  0.87474012  1.19049084] |q|=1.0000
[WARN] [1789396175.503361165] [acados_nmpc_node]: Exceeded 40 consecutive failures, resetting warm-start to safe hover state
[INFO] [1789396175.503909831] [acados_nmpc_node]: [attach-window] t=67.36s pos_err=14.675m T=20.25N z=-0.380 m_est=2.129
[WARN] [1789396175.578754957] [acados_nmpc_node]: t=67.44s | KKT residual abnormal! res_stat=1.956e+02 res_eq=1.629e-04 res_ineq=0.000e+00 res_comp=6.122e-01 | sqp_iter=100 | peak res_stat=2.317e+03
[WARN] [1789396175.579147112] [acados_nmpc_node]: acados solve failed [status=2, 282 consecutive] | x_cur pos=[10.69043255  6.27631998 -0.3247838 ] vel=[-1.36755872  0.78800243  0.48356923] |q|=1.0000
[WARN] [1789396175.579365845] [acados_nmpc_node]: Exceeded 40 consecutive failures, resetting warm-start to safe hover state
[INFO] [1789396175.579926763] [acados_nmpc_node]: [attach-window] t=67.44s pos_err=14.350m T=20.25N z=-0.325 m_est=2.129
[WARN] [1789396175.654948141] [acados_nmpc_node]: t=67.51s | KKT residual abnormal! res_stat=3.195e+01 res_eq=2.221e-04 res_ineq=0.000e+00 res_comp=1.035e+00 | sqp_iter=100 | peak res_stat=2.317e+03
[WARN] [1789396175.655341782] [acados_nmpc_node]: acados solve failed [status=2, 283 consecutive] | x_cur pos=[10.54307747  6.3666811  -0.33237275] vel=[-1.30894649  0.89096522 -0.46699208] |q|=1.0000
[WARN] [1789396175.655562126] [acados_nmpc_node]: Exceeded 40 consecutive failures, resetting warm-start to safe hover state
[INFO] [1789396175.656163037] [acados_nmpc_node]: [attach-window] t=67.51s pos_err=14.033m T=20.25N z=-0.332 m_est=2.129
[WARN] [1789396175.727386401] [acados_nmpc_node]: t=67.59s | KKT residual abnormal! res_stat=4.765e+01 res_eq=8.330e-06 res_ineq=0.000e+00 res_comp=1.809e-07 | sqp_iter=100 | peak res_stat=2.317e+03
[WARN] [1789396175.727731853] [acados_nmpc_node]: acados solve failed [status=2, 284 consecutive] | x_cur pos=[10.45579147  6.42986155 -0.38894182] vel=[-1.26243281  1.0129528  -1.01377881] |q|=1.0000
[WARN] [1789396175.727947709] [acados_nmpc_node]: Exceeded 40 consecutive failures, resetting warm-start to safe hover state
[INFO] [1789396175.728494789] [acados_nmpc_node]: [attach-window] t=67.59s pos_err=13.782m T=20.25N z=-0.389 m_est=2.129
[WARN] [1789396175.806233376] [acados_nmpc_node]: t=67.66s | KKT residual abnormal! res_stat=2.953e+02 res_eq=5.209e-04 res_ineq=0.000e+00 res_comp=1.475e+01 | sqp_iter=100 | peak res_stat=2.317e+03
[WARN] [1789396175.806604422] [acados_nmpc_node]: acados solve failed [status=2, 285 consecutive] | x_cur pos=[10.37129402  6.49996185 -0.48459089] vel=[-1.25758123  1.02058744 -1.63751757] |q|=1.0000
[WARN] [1789396175.806824406] [acados_nmpc_node]: Exceeded 40 consecutive failures, resetting warm-start to safe hover state
[INFO] [1789396175.807352872] [acados_nmpc_node]: [attach-window] t=67.66s pos_err=13.545m T=20.25N z=-0.485 m_est=2.129
[WARN] [1789396175.887939029] [acados_nmpc_node]: t=67.74s | KKT residual abnormal! res_stat=2.488e+01 res_eq=3.448e-05 res_ineq=0.000e+00 res_comp=3.943e-02 | sqp_iter=100 | peak res_stat=2.317e+03
[WARN] [1789396175.888314418] [acados_nmpc_node]: acados solve failed [status=2, 286 consecutive] | x_cur pos=[10.28729248  6.56792784 -0.62333798] vel=[-1.2653079   0.95896882 -2.29634881] |q|=1.0000
[WARN] [1789396175.888537526] [acados_nmpc_node]: Exceeded 40 consecutive failures, resetting warm-start to safe hover state
[INFO] [1789396175.889079013] [acados_nmpc_node]: [attach-window] t=67.74s pos_err=13.323m T=20.25N z=-0.623 m_est=2.129
[WARN] [1789396175.960030036] [acados_nmpc_node]: t=67.82s | KKT residual abnormal! res_stat=4.374e+01 res_eq=2.280e-04 res_ineq=0.000e+00 res_comp=9.294e-01 | sqp_iter=100 | peak res_stat=2.317e+03
[WARN] [1789396175.960423231] [acados_nmpc_node]: acados solve failed [status=2, 287 consecutive] | x_cur pos=[10.15689278  6.58615541 -0.67457116] vel=[-0.9231075  -0.36783436  1.05041754] |q|=1.0000
[WARN] [1789396175.960647301] [acados_nmpc_node]: Exceeded 40 consecutive failures, resetting warm-start to safe hover state
[INFO] [1789396175.961204940] [acados_nmpc_node]: [attach-window] t=67.82s pos_err=12.997m T=20.25N z=-0.675 m_est=2.129
[INFO] [1789396175.961513836] [acados_nmpc_node]: [wcmd] raw=[+10.648,-0.486,+22.179] w=[+1.381,+1.703,+2.818] err=[+9.267,-2.189] scaled=[+10.648,-0.486] s=1.97
[WARN] [1789396176.026753978] [acados_nmpc_node]: t=67.89s | KKT residual abnormal! res_stat=4.971e+02 res_eq=6.706e-04 res_ineq=0.000e+00 res_comp=1.022e+01 | sqp_iter=100 | peak res_stat=2.317e+03
[WARN] [1789396176.027136936] [acados_nmpc_node]: acados solve failed [status=2, 288 consecutive] | x_cur pos=[10.08431721  6.55740929 -0.6296885 ] vel=[-0.92807347 -0.3546856   0.33638823] |q|=1.0000
[WARN] [1789396176.027357700] [acados_nmpc_node]: Exceeded 40 consecutive failures, resetting warm-start to safe hover state
[INFO] [1789396176.027936520] [acados_nmpc_node]: [attach-window] t=67.89s pos_err=12.686m T=20.25N z=-0.630 m_est=2.129
[WARN] [1789396176.099015417] [acados_nmpc_node]: t=67.96s | KKT residual abnormal! res_stat=7.586e+02 res_eq=1.031e-02 res_ineq=0.000e+00 res_comp=5.587e+00 | sqp_iter=100 | peak res_stat=2.317e+03
[WARN] [1789396176.099403821] [acados_nmpc_node]: acados solve failed [status=2, 289 consecutive] | x_cur pos=[10.02357578  6.52778864 -0.62255156] vel=[-0.91971028 -0.36186975 -0.28708756] |q|=1.0000
[WARN] [1789396176.099625990] [acados_nmpc_node]: Exceeded 40 consecutive failures, resetting warm-start to safe hover state
[INFO] [1789396176.100171705] [acados_nmpc_node]: [attach-window] t=67.96s pos_err=12.399m T=20.25N z=-0.623 m_est=2.129
[WARN] [1789396176.171298103] [acados_nmpc_node]: t=68.03s | KKT residual abnormal! res_stat=3.202e+01 res_eq=3.467e-04 res_ineq=0.000e+00 res_comp=6.964e+00 | sqp_iter=100 | peak res_stat=2.317e+03
[WARN] [1789396176.171680056] [acados_nmpc_node]: acados solve failed [status=2, 290 consecutive] | x_cur pos=[ 9.96178055  6.50104523 -0.65440559] vel=[-0.97904307 -0.24152097 -0.83300322] |q|=1.0000
[WARN] [1789396176.171898395] [acados_nmpc_node]: Exceeded 40 consecutive failures, resetting warm-start to safe hover state
[INFO] [1789396176.172454271] [acados_nmpc_node]: [attach-window] t=68.03s pos_err=12.132m T=20.25N z=-0.654 m_est=2.129
[WARN] [1789396176.244743011] [acados_nmpc_node]: t=68.11s | KKT residual abnormal! res_stat=5.758e+00 res_eq=5.020e-05 res_ineq=0.000e+00 res_comp=2.634e-02 | sqp_iter=100 | peak res_stat=2.317e+03
[WARN] [1789396176.245130490] [acados_nmpc_node]: acados solve failed [status=2, 291 consecutive] | x_cur pos=[ 9.85923481  6.47640133 -0.77594745] vel=[-1.08318853 -0.08405805 -1.67269266] |q|=1.0000
[WARN] [1789396176.245349298] [acados_nmpc_node]: Exceeded 40 consecutive failures, resetting warm-start to safe hover state
[INFO] [1789396176.246002279] [acados_nmpc_node]: [attach-window] t=68.11s pos_err=11.895m T=20.25N z=-0.776 m_est=2.129
[WARN] [1789396176.317860114] [acados_nmpc_node]: t=68.18s | KKT residual abnormal! res_stat=9.472e+01 res_eq=8.991e-04 res_ineq=0.000e+00 res_comp=7.009e+00 | sqp_iter=100 | peak res_stat=2.317e+03
[WARN] [1789396176.318254796] [acados_nmpc_node]: acados solve failed [status=2, 292 consecutive] | x_cur pos=[ 9.78203297  6.43134832 -0.8449434 ] vel=[-0.85881907 -1.3731848   0.53369206] |q|=1.0000
[WARN] [1789396176.318478315] [acados_nmpc_node]: Exceeded 40 consecutive failures, resetting warm-start to safe hover state
[INFO] [1789396176.319021120] [acados_nmpc_node]: [attach-window] t=68.18s pos_err=11.653m T=20.25N z=-0.845 m_est=2.129
[WARN] [1789396176.395230512] [acados_nmpc_node]: t=68.25s | KKT residual abnormal! res_stat=2.645e-04 res_eq=3.753e-14 res_ineq=0.000e+00 res_comp=2.132e-09 | sqp_iter=100 | peak res_stat=2.317e+03
[WARN] [1789396176.395632653] [acados_nmpc_node]: acados solve failed [status=2, 293 consecutive] | x_cur pos=[ 9.71763802  6.34187984 -0.82365537] vel=[-1.00691116 -1.15528882 -0.00770953] |q|=1.0000
[WARN] [1789396176.395853925] [acados_nmpc_node]: Exceeded 40 consecutive failures, resetting warm-start to safe hover state
[INFO] [1789396176.396404699] [acados_nmpc_node]: [attach-window] t=68.25s pos_err=11.330m T=20.25N z=-0.824 m_est=2.129
[WARN] [1789396176.470824321] [acados_nmpc_node]: t=68.33s | KKT residual abnormal! res_stat=1.863e+02 res_eq=8.248e-04 res_ineq=0.000e+00 res_comp=3.406e+00 | sqp_iter=100 | peak res_stat=2.317e+03
[WARN] [1789396176.471207050] [acados_nmpc_node]: acados solve failed [status=2, 294 consecutive] | x_cur pos=[ 9.64467716  6.22890568 -0.78201771] vel=[-1.12792444 -1.59666884  0.23687866] |q|=1.0000
[WARN] [1789396176.471424067] [acados_nmpc_node]: Exceeded 40 consecutive failures, resetting warm-start to safe hover state
[INFO] [1789396176.471975022] [acados_nmpc_node]: [attach-window] t=68.33s pos_err=10.985m T=20.25N z=-0.782 m_est=2.129
[WARN] [1789396176.549495161] [acados_nmpc_node]: t=68.41s | KKT residual abnormal! res_stat=5.501e+01 res_eq=3.394e-04 res_ineq=0.000e+00 res_comp=1.082e+00 | sqp_iter=100 | peak res_stat=2.317e+03
[WARN] [1789396176.549881027] [acados_nmpc_node]: acados solve failed [status=2, 295 consecutive] | x_cur pos=[ 9.5546608   6.0930438  -0.75747901] vel=[-1.19199383 -1.52683043 -0.41071922] |q|=1.0000
[WARN] [1789396176.550097840] [acados_nmpc_node]: Exceeded 40 consecutive failures, resetting warm-start to safe hover state
[INFO] [1789396176.550654510] [acados_nmpc_node]: [attach-window] t=68.41s pos_err=10.645m T=20.25N z=-0.757 m_est=2.129
[WARN] [1789396176.625451869] [acados_nmpc_node]: t=68.48s | KKT residual abnormal! res_stat=5.917e+02 res_eq=4.935e-04 res_ineq=0.000e+00 res_comp=2.937e+00 | sqp_iter=100 | peak res_stat=2.317e+03
[WARN] [1789396176.625830442] [acados_nmpc_node]: acados solve failed [status=2, 296 consecutive] | x_cur pos=[ 9.42116356  5.92089224 -0.8010118 ] vel=[-1.30036545 -1.45709312 -1.27688313] |q|=1.0000
[WARN] [1789396176.626051916] [acados_nmpc_node]: Exceeded 40 consecutive failures, resetting warm-start to safe hover state
[INFO] [1789396176.626606291] [acados_nmpc_node]: [attach-window] t=68.48s pos_err=10.320m T=20.25N z=-0.801 m_est=2.129
[WARN] [1789396176.697288263] [acados_nmpc_node]: t=68.56s | KKT residual abnormal! res_stat=3.475e+02 res_eq=1.249e-03 res_ineq=0.000e+00 res_comp=1.067e+01 | sqp_iter=100 | peak res_stat=2.317e+03
[WARN] [1789396176.697669236] [acados_nmpc_node]: acados solve failed [status=2, 297 consecutive] | x_cur pos=[ 9.34686756  5.81854296 -0.8419838 ] vel=[-0.60808206 -1.03153932 -0.63430816] |q|=1.0000
[WARN] [1789396176.697891986] [acados_nmpc_node]: Exceeded 40 consecutive failures, resetting warm-start to safe hover state
[INFO] [1789396176.698445342] [acados_nmpc_node]: [attach-window] t=68.56s pos_err=10.059m T=20.25N z=-0.842 m_est=2.129
[WARN] [1789396176.778585120] [acados_nmpc_node]: t=68.63s | KKT residual abnormal! res_stat=1.167e+02 res_eq=1.948e-03 res_ineq=0.000e+00 res_comp=5.206e+00 | sqp_iter=100 | peak res_stat=2.317e+03
[WARN] [1789396176.778971566] [acados_nmpc_node]: acados solve failed [status=2, 298 consecutive] | x_cur pos=[ 9.30186367  5.74609804 -0.88660884] vel=[-0.61434525 -0.43373463 -1.0069834 ] |q|=1.0000
[WARN] [1789396176.779193066] [acados_nmpc_node]: Exceeded 40 consecutive failures, resetting warm-start to safe hover state
[INFO] [1789396176.779755047] [acados_nmpc_node]: [attach-window] t=68.63s pos_err=9.863m T=20.25N z=-0.887 m_est=2.129
[WARN] [1789396176.846679966] [acados_nmpc_node]: t=68.71s | KKT residual abnormal! res_stat=4.379e+01 res_eq=1.734e-04 res_ineq=0.000e+00 res_comp=1.950e+00 | sqp_iter=100 | peak res_stat=2.317e+03
[WARN] [1789396176.847038930] [acados_nmpc_node]: acados solve failed [status=2, 299 consecutive] | x_cur pos=[ 9.30869579  5.7507019  -0.87131429] vel=[ 0.27541512  0.24761389 -0.07593556] |q|=1.0000
[WARN] [1789396176.847265855] [acados_nmpc_node]: Exceeded 40 consecutive failures, resetting warm-start to safe hover state
[INFO] [1789396176.847806837] [acados_nmpc_node]: [attach-window] t=68.71s pos_err=9.668m T=20.25N z=-0.871 m_est=2.129
[WARN] [1789396176.921278544] [acados_nmpc_node]: t=68.78s | KKT residual abnormal! res_stat=1.240e+02 res_eq=6.004e-04 res_ineq=0.000e+00 res_comp=2.422e+00 | sqp_iter=100 | peak res_stat=2.317e+03
[WARN] [1789396176.921646130] [acados_nmpc_node]: acados solve failed [status=2, 300 consecutive] | x_cur pos=[ 9.34335136  5.80439615 -0.84189963] vel=[ 0.35484776  0.69285202 -0.24806859] |q|=1.0000
[WARN] [1789396176.921864754] [acados_nmpc_node]: Exceeded 40 consecutive failures, resetting warm-start to safe hover state
[INFO] [1789396176.922411596] [acados_nmpc_node]: [attach-window] t=68.78s pos_err=9.540m T=20.25N z=-0.842 m_est=2.129
[WARN] [1789396177.006096329] [acados_nmpc_node]: t=68.86s | KKT residual abnormal! res_stat=1.090e+02 res_eq=1.843e-03 res_ineq=0.000e+00 res_comp=2.217e+00 | sqp_iter=100 | peak res_stat=2.317e+03
[WARN] [1789396177.006487194] [acados_nmpc_node]: acados solve failed [status=2, 301 consecutive] | x_cur pos=[ 9.37774944  5.87990475 -0.84260225] vel=[ 0.18500413  0.74354255 -0.85942161] |q|=1.0000
[WARN] [1789396177.006712287] [acados_nmpc_node]: Exceeded 40 consecutive failures, resetting warm-start to safe hover state
[INFO] [1789396177.007268207] [acados_nmpc_node]: [attach-window] t=68.86s pos_err=9.413m T=20.25N z=-0.843 m_est=2.129
[WARN] [1789396177.090427624] [acados_nmpc_node]: t=68.94s | KKT residual abnormal! res_stat=8.543e+01 res_eq=1.969e-03 res_ineq=0.000e+00 res_comp=3.269e+00 | sqp_iter=100 | peak res_stat=2.317e+03
[WARN] [1789396177.090819789] [acados_nmpc_node]: acados solve failed [status=2, 302 consecutive] | x_cur pos=[ 9.38766766  5.922925   -0.87263644] vel=[ 0.03700238  0.11130325 -0.0907428 ] |q|=1.0000
[WARN] [1789396177.091043671] [acados_nmpc_node]: Exceeded 40 consecutive failures, resetting warm-start to safe hover state
[INFO] [1789396177.091605881] [acados_nmpc_node]: [attach-window] t=68.94s pos_err=9.277m T=20.25N z=-0.873 m_est=2.129
[WARN] [1789396177.160425205] [acados_nmpc_node]: t=69.03s | KKT residual abnormal! res_stat=8.633e+01 res_eq=1.862e-04 res_ineq=0.000e+00 res_comp=1.430e+00 | sqp_iter=100 | peak res_stat=2.317e+03
[WARN] [1789396177.160804000] [acados_nmpc_node]: acados solve failed [status=2, 303 consecutive] | x_cur pos=[ 9.4128933   5.94779205 -0.84954107] vel=[0.52234328 0.14197677 0.37465072] |q|=1.0000
[WARN] [1789396177.161024915] [acados_nmpc_node]: Exceeded 40 consecutive failures, resetting warm-start to safe hover state
[INFO] [1789396177.161590398] [acados_nmpc_node]: [attach-window] t=69.03s pos_err=9.114m T=20.25N z=-0.850 m_est=2.129
[WARN] [1789396177.224636326] [acados_nmpc_node]: t=69.09s | KKT residual abnormal! res_stat=3.398e+00 res_eq=1.351e-05 res_ineq=0.000e+00 res_comp=2.118e-03 | sqp_iter=100 | peak res_stat=2.317e+03
[WARN] [1789396177.225014668] [acados_nmpc_node]: acados solve failed [status=2, 304 consecutive] | x_cur pos=[ 9.44913292  5.95798826 -0.81364036] vel=[ 0.4929491   0.15493709 -0.24485794] |q|=1.0000
[WARN] [1789396177.225243978] [acados_nmpc_node]: Exceeded 40 consecutive failures, resetting warm-start to safe hover state
[INFO] [1789396177.225794563] [acados_nmpc_node]: [attach-window] t=69.09s pos_err=8.983m T=20.25N z=-0.814 m_est=2.129
[WARN] [1789396177.301388439] [acados_nmpc_node]: t=69.16s | KKT residual abnormal! res_stat=1.075e+02 res_eq=3.644e-04 res_ineq=0.000e+00 res_comp=1.075e+00 | sqp_iter=100 | peak res_stat=2.317e+03
[WARN] [1789396177.301782743] [acados_nmpc_node]: acados solve failed [status=2, 305 consecutive] | x_cur pos=[ 9.49348259  5.99906921 -0.80405259] vel=[ 0.49398786  0.62674737 -0.75324816] |q|=1.0000
[WARN] [1789396177.302002968] [acados_nmpc_node]: Exceeded 40 consecutive failures, resetting warm-start to safe hover state
[INFO] [1789396177.302566112] [acados_nmpc_node]: [attach-window] t=69.16s pos_err=8.885m T=20.25N z=-0.804 m_est=2.129
[WARN] [1789396177.390229686] [acados_nmpc_node]: t=69.24s | KKT residual abnormal! res_stat=9.639e+01 res_eq=4.248e-04 res_ineq=0.000e+00 res_comp=4.373e+00 | sqp_iter=100 | peak res_stat=2.317e+03
[WARN] [1789396177.390621754] [acados_nmpc_node]: acados solve failed [status=2, 306 consecutive] | x_cur pos=[ 9.52564907  6.04527044 -0.84073842] vel=[ 0.34284717  0.68380243 -1.31012547] |q|=1.0000
[WARN] [1789396177.390844186] [acados_nmpc_node]: Exceeded 40 consecutive failures, resetting warm-start to safe hover state
[INFO] [1789396177.391405438] [acados_nmpc_node]: [attach-window] t=69.24s pos_err=8.810m T=20.25N z=-0.841 m_est=2.129
[WARN] [1789396177.472139339] [acados_nmpc_node]: t=69.33s | KKT residual abnormal! res_stat=3.732e+01 res_eq=5.206e-04 res_ineq=0.000e+00 res_comp=1.858e+00 | sqp_iter=100 | peak res_stat=2.317e+03
[WARN] [1789396177.472536526] [acados_nmpc_node]: acados solve failed [status=2, 307 consecutive] | x_cur pos=[ 9.53311825  6.04503775 -0.82145667] vel=[-0.09316236 -0.12144656 -0.54065436] |q|=1.0000
[WARN] [1789396177.472762386] [acados_nmpc_node]: Exceeded 40 consecutive failures, resetting warm-start to safe hover state
[INFO] [1789396177.473336890] [acados_nmpc_node]: [attach-window] t=69.33s pos_err=8.653m T=20.25N z=-0.821 m_est=2.129
[INFO] [1789396177.473655224] [acados_nmpc_node]: [wcmd] raw=[+10.648,-0.486,+22.179] w=[-0.066,-0.784,-2.922] err=[+10.714,+0.298] scaled=[+10.648,-0.486] s=1.97
[WARN] [1789396177.543861986] [acados_nmpc_node]: t=69.41s | KKT residual abnormal! res_stat=2.002e+01 res_eq=2.706e-04 res_ineq=0.000e+00 res_comp=1.181e+00 | sqp_iter=100 | peak res_stat=2.317e+03
[WARN] [1789396177.544220050] [acados_nmpc_node]: acados solve failed [status=2, 308 consecutive] | x_cur pos=[ 9.54716492  6.03121233 -0.77845395] vel=[ 0.65699321  0.51213831 -0.22235094] |q|=1.0000
[WARN] [1789396177.544441209] [acados_nmpc_node]: Exceeded 40 consecutive failures, resetting warm-start to safe hover state
[INFO] [1789396177.545059294] [acados_nmpc_node]: [attach-window] t=69.41s pos_err=8.494m T=20.25N z=-0.778 m_est=2.129
[WARN] [1789396177.624171215] [acados_nmpc_node]: t=69.48s | KKT residual abnormal! res_stat=5.239e+01 res_eq=1.793e-04 res_ineq=0.000e+00 res_comp=1.851e-01 | sqp_iter=100 | peak res_stat=2.317e+03
[WARN] [1789396177.624546315] [acados_nmpc_node]: acados solve failed [status=2, 309 consecutive] | x_cur pos=[ 9.58359528  6.0597477  -0.77462387] vel=[ 0.4796243   0.58048564 -0.84325069] |q|=1.0000
[WARN] [1789396177.624767636] [acados_nmpc_node]: Exceeded 40 consecutive failures, resetting warm-start to safe hover state
[INFO] [1789396177.625319145] [acados_nmpc_node]: [attach-window] t=69.48s pos_err=8.418m T=20.25N z=-0.775 m_est=2.129
[WARN] [1789396177.706370535] [acados_nmpc_node]: t=69.56s | KKT residual abnormal! res_stat=3.154e+01 res_eq=3.788e-04 res_ineq=0.000e+00 res_comp=8.286e-01 | sqp_iter=100 | peak res_stat=2.317e+03
[WARN] [1789396177.706773441] [acados_nmpc_node]: acados solve failed [status=2, 310 consecutive] | x_cur pos=[ 9.60417175  6.09263992 -0.79111779] vel=[-0.22313537 -0.15129314  1.47481871] |q|=1.0000
[WARN] [1789396177.706995551] [acados_nmpc_node]: Exceeded 40 consecutive failures, resetting warm-start to safe hover state
[INFO] [1789396177.707555937] [acados_nmpc_node]: [attach-window] t=69.56s pos_err=8.334m T=20.25N z=-0.791 m_est=2.129
[WARN] [1789396177.775268314] [acados_nmpc_node]: t=69.64s | KKT residual abnormal! res_stat=2.450e+02 res_eq=7.137e-04 res_ineq=0.000e+00 res_comp=1.184e+00 | sqp_iter=100 | peak res_stat=2.317e+03
[WARN] [1789396177.775654205] [acados_nmpc_node]: acados solve failed [status=2, 311 consecutive] | x_cur pos=[ 9.5885334   6.07978106 -0.68881822] vel=[-0.18005104 -0.19541702  0.82494622] |q|=1.0000
[WARN] [1789396177.775878543] [acados_nmpc_node]: Exceeded 40 consecutive failures, resetting warm-start to safe hover state
[INFO] [1789396177.776433022] [acados_nmpc_node]: [attach-window] t=69.64s pos_err=8.132m T=20.25N z=-0.689 m_est=2.129
[WARN] [1789396177.855340302] [acados_nmpc_node]: t=69.71s | KKT residual abnormal! res_stat=2.279e+01 res_eq=3.789e-04 res_ineq=0.000e+00 res_comp=8.042e-01 | sqp_iter=100 | peak res_stat=2.317e+03
[WARN] [1789396177.855721394] [acados_nmpc_node]: acados solve failed [status=2, 312 consecutive] | x_cur pos=[ 9.55597305  6.03999805 -0.58590996] vel=[-0.14613713 -0.24275513 -0.12454289] |q|=1.0000
[WARN] [1789396177.855942900] [acados_nmpc_node]: Exceeded 40 consecutive failures, resetting warm-start to safe hover state
[INFO] [1789396177.856501864] [acados_nmpc_node]: [attach-window] t=69.71s pos_err=7.938m T=20.25N z=-0.586 m_est=2.129
[WARN] [1789396177.931265422] [acados_nmpc_node]: t=69.79s | KKT residual abnormal! res_stat=3.425e+02 res_eq=1.086e-03 res_ineq=0.000e+00 res_comp=3.895e+00 | sqp_iter=100 | peak res_stat=2.317e+03
[WARN] [1789396177.931639265] [acados_nmpc_node]: acados solve failed [status=2, 313 consecutive] | x_cur pos=[ 9.52966309  6.0059042  -0.5739572 ] vel=[-0.27029973 -0.20669325 -0.75411552] |q|=1.0000
[WARN] [1789396177.931862477] [acados_nmpc_node]: Exceeded 40 consecutive failures, resetting warm-start to safe hover state
[INFO] [1789396177.932406442] [acados_nmpc_node]: [attach-window] t=69.79s pos_err=7.828m T=20.25N z=-0.574 m_est=2.129
[WARN] [1789396178.011948613] [acados_nmpc_node]: t=69.87s | KKT residual abnormal! res_stat=2.413e+02 res_eq=1.210e-03 res_ineq=0.000e+00 res_comp=3.269e+00 | sqp_iter=100 | peak res_stat=2.317e+03
[WARN] [1789396178.012334171] [acados_nmpc_node]: acados solve failed [status=2, 314 consecutive] | x_cur pos=[ 9.49792862  5.98137999 -0.61363769] vel=[-0.40930641 -0.16359913 -1.30692685] |q|=1.0000
[WARN] [1789396178.012562062] [acados_nmpc_node]: Exceeded 40 consecutive failures, resetting warm-start to safe hover state
[INFO] [1789396178.013118974] [acados_nmpc_node]: [attach-window] t=69.87s pos_err=7.769m T=20.25N z=-0.614 m_est=2.129
[WARN] [1789396178.083719156] [acados_nmpc_node]: t=69.95s | KKT residual abnormal! res_stat=2.083e+02 res_eq=2.192e-04 res_ineq=0.000e+00 res_comp=9.048e-01 | sqp_iter=100 | peak res_stat=2.317e+03
[WARN] [1789396178.084108473] [acados_nmpc_node]: acados solve failed [status=2, 315 consecutive] | x_cur pos=[ 9.45211697  5.94966316 -0.66801405] vel=[ 0.06327341 -0.15480311 -0.01375248] |q|=1.0000
[WARN] [1789396178.084332418] [acados_nmpc_node]: Exceeded 40 consecutive failures, resetting warm-start to safe hover state
[INFO] [1789396178.084888504] [acados_nmpc_node]: [attach-window] t=69.95s pos_err=7.727m T=20.25N z=-0.668 m_est=2.129
[WARN] [1789396178.157571284] [acados_nmpc_node]: t=70.02s | KKT residual abnormal! res_stat=1.377e+02 res_eq=1.244e-03 res_ineq=0.000e+00 res_comp=2.348e+00 | sqp_iter=100 | peak res_stat=2.317e+03
[WARN] [1789396178.157935050] [acados_nmpc_node]: acados solve failed [status=2, 316 consecutive] | x_cur pos=[ 9.44855785  5.93353653 -0.66842926] vel=[ 0.03761838 -0.14576438 -0.63790554] |q|=1.0000
[WARN] [1789396178.158169878] [acados_nmpc_node]: Exceeded 40 consecutive failures, resetting warm-start to safe hover state
[INFO] [1789396178.158708100] [acados_nmpc_node]: [attach-window] t=70.02s pos_err=7.668m T=20.25N z=-0.668 m_est=2.129
[WARN] [1789396178.229983684] [acados_nmpc_node]: t=70.09s | KKT residual abnormal! res_stat=1.152e+02 res_eq=4.158e-04 res_ineq=0.000e+00 res_comp=4.387e+00 | sqp_iter=100 | peak res_stat=2.317e+03
[WARN] [1789396178.230353224] [acados_nmpc_node]: acados solve failed [status=2, 317 consecutive] | x_cur pos=[ 9.44543171  5.92260313 -0.66260934] vel=[ 0.12764716 -0.17435107  0.45038369] |q|=1.0000
[WARN] [1789396178.230569895] [acados_nmpc_node]: Exceeded 40 consecutive failures, resetting warm-start to safe hover state
[INFO] [1789396178.231105837] [acados_nmpc_node]: [attach-window] t=70.09s pos_err=7.612m T=20.25N z=-0.663 m_est=2.129
[WARN] [1789396178.306210451] [acados_nmpc_node]: t=70.17s | KKT residual abnormal! res_stat=4.883e+01 res_eq=2.389e-04 res_ineq=0.000e+00 res_comp=5.942e-01 | sqp_iter=100 | peak res_stat=2.317e+03
[WARN] [1789396178.306592694] [acados_nmpc_node]: acados solve failed [status=2, 318 consecutive] | x_cur pos=[ 9.45448875  5.91139889 -0.62481034] vel=[ 0.112043   -0.13326737 -0.16685861] |q|=1.0000
[WARN] [1789396178.306814907] [acados_nmpc_node]: Exceeded 40 consecutive failures, resetting warm-start to safe hover state
[INFO] [1789396178.307361600] [acados_nmpc_node]: [attach-window] t=70.17s pos_err=7.531m T=20.25N z=-0.625 m_est=2.129
[WARN] [1789396178.389021191] [acados_nmpc_node]: t=70.24s | KKT residual abnormal! res_stat=1.990e+02 res_eq=1.941e-03 res_ineq=0.000e+00 res_comp=4.734e+00 | sqp_iter=100 | peak res_stat=2.317e+03
[WARN] [1789396178.389404333] [acados_nmpc_node]: acados solve failed [status=2, 319 consecutive] | x_cur pos=[ 9.45939922  5.90535593 -0.61574924] vel=[-0.00646782  0.21661727 -0.00512854] |q|=1.0000
[WARN] [1789396178.389625844] [acados_nmpc_node]: Exceeded 40 consecutive failures, resetting warm-start to safe hover state
[INFO] [1789396178.390188191] [acados_nmpc_node]: [attach-window] t=70.24s pos_err=7.481m T=20.25N z=-0.616 m_est=2.129
[WARN] [1789396178.459748517] [acados_nmpc_node]: t=70.32s | KKT residual abnormal! res_stat=1.068e+00 res_eq=2.258e-07 res_ineq=0.000e+00 res_comp=1.027e-04 | sqp_iter=100 | peak res_stat=2.317e+03
[WARN] [1789396178.460150897] [acados_nmpc_node]: acados solve failed [status=2, 320 consecutive] | x_cur pos=[ 9.4511404   5.90079594 -0.60160112] vel=[-0.30315289 -0.38114426 -0.58890754] |q|=1.0000
[WARN] [1789396178.460378134] [acados_nmpc_node]: Exceeded 40 consecutive failures, resetting warm-start to safe hover state
[INFO] [1789396178.460933886] [acados_nmpc_node]: [attach-window] t=70.32s pos_err=7.426m T=20.25N z=-0.602 m_est=2.129
[WARN] [1789396178.529009460] [acados_nmpc_node]: t=70.39s | KKT residual abnormal! res_stat=4.092e+01 res_eq=4.849e-04 res_ineq=0.000e+00 res_comp=2.457e+00 | sqp_iter=100 | peak res_stat=2.317e+03
[WARN] [1789396178.529402848] [acados_nmpc_node]: acados solve failed [status=2, 321 consecutive] | x_cur pos=[ 9.43405056  5.86161184 -0.56833458] vel=[-0.08138181 -0.70680326  0.47440323] |q|=1.0000
[WARN] [1789396178.529621560] [acados_nmpc_node]: Exceeded 40 consecutive failures, resetting warm-start to safe hover state
[INFO] [1789396178.530197731] [acados_nmpc_node]: [attach-window] t=70.39s pos_err=7.359m T=20.25N z=-0.568 m_est=2.129
[WARN] [1789396178.607445122] [acados_nmpc_node]: t=70.46s | KKT residual abnormal! res_stat=5.388e+01 res_eq=5.098e-04 res_ineq=0.000e+00 res_comp=3.642e+00 | sqp_iter=100 | peak res_stat=2.317e+03
[WARN] [1789396178.607847799] [acados_nmpc_node]: acados solve failed [status=2, 322 consecutive] | x_cur pos=[ 9.41050911  5.81013012 -0.51899552] vel=[-0.65720648 -1.09129369  0.10020606] |q|=1.0000
[WARN] [1789396178.608096651] [acados_nmpc_node]: Exceeded 40 consecutive failures, resetting warm-start to safe hover state
[INFO] [1789396178.608661069] [acados_nmpc_node]: [attach-window] t=70.46s pos_err=7.275m T=20.25N z=-0.519 m_est=2.129
[WARN] [1789396178.680681951] [acados_nmpc_node]: t=70.54s | KKT residual abnormal! res_stat=1.459e+02 res_eq=9.764e-04 res_ineq=0.000e+00 res_comp=8.489e+00 | sqp_iter=100 | peak res_stat=2.317e+03
[WARN] [1789396178.681072134] [acados_nmpc_node]: acados solve failed [status=2, 323 consecutive] | x_cur pos=[ 9.3289175   5.67791367 -0.50202918] vel=[-0.73345703 -1.04563379 -0.85383272] |q|=1.0000
[WARN] [1789396178.681296998] [acados_nmpc_node]: Exceeded 40 consecutive failures, resetting warm-start to safe hover state
[INFO] [1789396178.681861127] [acados_nmpc_node]: [attach-window] t=70.54s pos_err=7.210m T=20.25N z=-0.502 m_est=2.129
[WARN] [1789396178.755947073] [acados_nmpc_node]: t=70.62s | KKT residual abnormal! res_stat=7.633e-03 res_eq=1.772e-10 res_ineq=0.000e+00 res_comp=5.072e-08 | sqp_iter=100 | peak res_stat=2.317e+03
[WARN] [1789396178.756350027] [acados_nmpc_node]: acados solve failed [status=2, 324 consecutive] | x_cur pos=[ 9.28860092  5.63338089 -0.52367914] vel=[-0.04906517 -0.39512205  0.0696315 ] |q|=1.0000
[WARN] [1789396178.756569209] [acados_nmpc_node]: Exceeded 40 consecutive failures, resetting warm-start to safe hover state
[INFO] [1789396178.757137140] [acados_nmpc_node]: [attach-window] t=70.62s pos_err=7.207m T=20.25N z=-0.524 m_est=2.129
[WARN] [1789396178.824485659] [acados_nmpc_node]: t=70.69s | KKT residual abnormal! res_stat=1.392e+02 res_eq=1.893e-04 res_ineq=0.000e+00 res_comp=4.782e+00 | sqp_iter=100 | peak res_stat=2.317e+03
[WARN] [1789396178.824873759] [acados_nmpc_node]: acados solve failed [status=2, 325 consecutive] | x_cur pos=[ 9.27984428  5.60447788 -0.51913702] vel=[ 0.22748476 -0.28419912  0.48063707] |q|=1.0000
[WARN] [1789396178.825091019] [acados_nmpc_node]: Exceeded 40 consecutive failures, resetting warm-start to safe hover state
[INFO] [1789396178.825766448] [acados_nmpc_node]: [attach-window] t=70.69s pos_err=7.190m T=20.25N z=-0.519 m_est=2.129
[WARN] [1789396178.902668016] [acados_nmpc_node]: t=70.76s | KKT residual abnormal! res_stat=3.450e+01 res_eq=3.386e-04 res_ineq=0.000e+00 res_comp=1.018e+00 | sqp_iter=100 | peak res_stat=2.317e+03
[WARN] [1789396178.903067497] [acados_nmpc_node]: acados solve failed [status=2, 326 consecutive] | x_cur pos=[ 9.29405022  5.59024286 -0.4796311 ] vel=[ 0.05722062 -0.21764544 -0.15585764] |q|=1.0000
[WARN] [1789396178.903299944] [acados_nmpc_node]: Exceeded 40 consecutive failures, resetting warm-start to safe hover state
[INFO] [1789396178.903860198] [acados_nmpc_node]: [attach-window] t=70.76s pos_err=7.146m T=20.25N z=-0.480 m_est=2.129
[WARN] [1789396178.975244538] [acados_nmpc_node]: t=70.84s | KKT residual abnormal! res_stat=1.733e+01 res_eq=6.110e-05 res_ineq=0.000e+00 res_comp=6.867e-01 | sqp_iter=100 | peak res_stat=2.317e+03
[WARN] [1789396178.975648499] [acados_nmpc_node]: acados solve failed [status=2, 327 consecutive] | x_cur pos=[ 9.29264545  5.57580614 -0.47152644] vel=[-0.33019531 -0.65403461 -0.42111635] |q|=1.0000
[WARN] [1789396178.975869302] [acados_nmpc_node]: Exceeded 40 consecutive failures, resetting warm-start to safe hover state
[INFO] [1789396178.976437055] [acados_nmpc_node]: [attach-window] t=70.84s pos_err=7.134m T=20.25N z=-0.472 m_est=2.129
[INFO] [1789396178.976760520] [acados_nmpc_node]: [wcmd] raw=[+10.648,-0.486,+22.179] w=[+1.204,+0.918,+7.352] err=[+9.444,-1.404] scaled=[+10.648,-0.486] s=1.97
[WARN] [1789396179.053386135] [acados_nmpc_node]: t=70.91s | KKT residual abnormal! res_stat=2.481e+01 res_eq=4.026e-05 res_ineq=0.000e+00 res_comp=4.355e-02 | sqp_iter=100 | peak res_stat=2.317e+03
[WARN] [1789396179.053791100] [acados_nmpc_node]: acados solve failed [status=2, 328 consecutive] | x_cur pos=[ 9.27190971  5.52610445 -0.45925552] vel=[-0.18506218 -0.42209092 -0.13182084] |q|=1.0000
[WARN] [1789396179.054012419] [acados_nmpc_node]: Exceeded 40 consecutive failures, resetting warm-start to safe hover state
[INFO] [1789396179.054583614] [acados_nmpc_node]: [attach-window] t=70.91s pos_err=7.117m T=20.25N z=-0.459 m_est=2.129
[WARN] [1789396179.123053861] [acados_nmpc_node]: t=70.99s | KKT residual abnormal! res_stat=2.069e+02 res_eq=8.682e-04 res_ineq=0.000e+00 res_comp=2.863e+00 | sqp_iter=100 | peak res_stat=2.317e+03
[WARN] [1789396179.123453095] [acados_nmpc_node]: acados solve failed [status=2, 329 consecutive] | x_cur pos=[ 9.27073574  5.482059   -0.41734621] vel=[-0.00873339 -0.74613136  0.18466616] |q|=1.0000
[WARN] [1789396179.123675591] [acados_nmpc_node]: Exceeded 40 consecutive failures, resetting warm-start to safe hover state
[INFO] [1789396179.124244214] [acados_nmpc_node]: [attach-window] t=70.99s pos_err=7.076m T=20.25N z=-0.417 m_est=2.129
[WARN] [1789396179.198453342] [acados_nmpc_node]: t=71.06s | KKT residual abnormal! res_stat=1.051e+02 res_eq=3.410e-04 res_ineq=0.000e+00 res_comp=1.058e+00 | sqp_iter=100 | peak res_stat=2.317e+03
[WARN] [1789396179.198855573] [acados_nmpc_node]: acados solve failed [status=2, 330 consecutive] | x_cur pos=[ 9.27010059  5.4346447  -0.39684385] vel=[-0.22433652 -0.68039823 -0.34070039] |q|=1.0000
[WARN] [1789396179.199075010] [acados_nmpc_node]: Exceeded 40 consecutive failures, resetting warm-start to safe hover state
[INFO] [1789396179.199664460] [acados_nmpc_node]: [attach-window] t=71.06s pos_err=7.059m T=20.25N z=-0.397 m_est=2.129
[WARN] [1789396179.282734978] [acados_nmpc_node]: t=71.13s | KKT residual abnormal! res_stat=3.637e+02 res_eq=8.710e-04 res_ineq=0.000e+00 res_comp=7.788e+00 | sqp_iter=100 | peak res_stat=2.317e+03
[WARN] [1789396179.283135127] [acados_nmpc_node]: acados solve failed [status=2, 331 consecutive] | x_cur pos=[ 9.25775242  5.42344379 -0.40118182] vel=[-0.24395286  0.05493128 -0.69106084] |q|=1.0000
[WARN] [1789396179.283350965] [acados_nmpc_node]: Exceeded 40 consecutive failures, resetting warm-start to safe hover state
[INFO] [1789396179.283918434] [acados_nmpc_node]: [attach-window] t=71.13s pos_err=7.073m T=20.25N z=-0.401 m_est=2.129
[WARN] [1789396179.363008046] [acados_nmpc_node]: t=71.22s | KKT residual abnormal! res_stat=8.388e+00 res_eq=4.843e-05 res_ineq=0.000e+00 res_comp=3.672e-02 | sqp_iter=100 | peak res_stat=2.317e+03
[WARN] [1789396179.363405216] [acados_nmpc_node]: acados solve failed [status=2, 332 consecutive] | x_cur pos=[ 9.22973347  5.39889193 -0.43124729] vel=[-0.152979   -0.22867596 -0.30097276] |q|=1.0000
[WARN] [1789396179.363632424] [acados_nmpc_node]: Exceeded 40 consecutive failures, resetting warm-start to safe hover state
[INFO] [1789396179.364215099] [acados_nmpc_node]: [attach-window] t=71.22s pos_err=7.116m T=20.25N z=-0.431 m_est=2.129
[WARN] [1789396179.425645294] [acados_nmpc_node]: t=71.29s | KKT residual abnormal! res_stat=1.642e+02 res_eq=1.699e-04 res_ineq=0.000e+00 res_comp=3.029e+00 | sqp_iter=100 | peak res_stat=2.317e+03
[WARN] [1789396179.426037460] [acados_nmpc_node]: acados solve failed [status=2, 333 consecutive] | x_cur pos=[ 9.23663521  5.39552116 -0.40621781] vel=[0.43219793 0.02565207 0.69971871] |q|=1.0000
[WARN] [1789396179.426264543] [acados_nmpc_node]: Exceeded 40 consecutive failures, resetting warm-start to safe hover state
[INFO] [1789396179.426818073] [acados_nmpc_node]: [attach-window] t=71.29s pos_err=7.108m T=20.25N z=-0.406 m_est=2.129
[WARN] [1789396179.496270920] [acados_nmpc_node]: t=71.36s | KKT residual abnormal! res_stat=1.941e+02 res_eq=1.644e-04 res_ineq=0.000e+00 res_comp=2.599e+00 | sqp_iter=100 | peak res_stat=2.317e+03
[WARN] [1789396179.496671328] [acados_nmpc_node]: acados solve failed [status=2, 334 consecutive] | x_cur pos=[ 9.27002048  5.4016633  -0.3587026 ] vel=[ 0.39831236  0.04162403 -0.00497082] |q|=1.0000
[WARN] [1789396179.496890405] [acados_nmpc_node]: Exceeded 40 consecutive failures, resetting warm-start to safe hover state
[INFO] [1789396179.497448529] [acados_nmpc_node]: [attach-window] t=71.36s pos_err=7.080m T=20.25N z=-0.359 m_est=2.129
[WARN] [1789396179.567825104] [acados_nmpc_node]: t=71.43s | KKT residual abnormal! res_stat=3.999e-01 res_eq=6.120e-07 res_ineq=0.000e+00 res_comp=6.609e-05 | sqp_iter=100 | peak res_stat=2.317e+03
[WARN] [1789396179.568241452] [acados_nmpc_node]: acados solve failed [status=2, 335 consecutive] | x_cur pos=[ 9.2951088   5.41355228 -0.35041186] vel=[ 0.16624531  0.12079191 -0.52110422] |q|=1.0000
[WARN] [1789396179.568468096] [acados_nmpc_node]: Exceeded 40 consecutive failures, resetting warm-start to safe hover state
[INFO] [1789396179.569031922] [acados_nmpc_node]: [attach-window] t=71.43s pos_err=7.094m T=20.25N z=-0.350 m_est=2.129
[WARN] [1789396179.641526452] [acados_nmpc_node]: t=71.50s | KKT residual abnormal! res_stat=6.467e+00 res_eq=1.062e-05 res_ineq=0.000e+00 res_comp=5.983e-03 | sqp_iter=100 | peak res_stat=2.317e+03
[WARN] [1789396179.641929503] [acados_nmpc_node]: acados solve failed [status=2, 336 consecutive] | x_cur pos=[ 9.30983162  5.42892885 -0.38445497] vel=[ 0.44164041  0.29816785 -0.02605161] |q|=1.0000
[WARN] [1789396179.642160191] [acados_nmpc_node]: Exceeded 40 consecutive failures, resetting warm-start to safe hover state
[INFO] [1789396179.642725092] [acados_nmpc_node]: [attach-window] t=71.50s pos_err=7.154m T=20.25N z=-0.384 m_est=2.129
[WARN] [1789396179.718382927] [acados_nmpc_node]: t=71.57s | KKT residual abnormal! res_stat=2.928e+00 res_eq=6.465e-06 res_ineq=0.000e+00 res_comp=5.937e-04 | sqp_iter=100 | peak res_stat=2.317e+03
[WARN] [1789396179.718784299] [acados_nmpc_node]: acados solve failed [status=2, 337 consecutive] | x_cur pos=[ 9.39243793  5.48891783 -0.30968285] vel=[0.63057709 0.49626285 0.11897748] |q|=1.0000
[WARN] [1789396179.719008783] [acados_nmpc_node]: Exceeded 40 consecutive failures, resetting warm-start to safe hover state
[INFO] [1789396179.719575987] [acados_nmpc_node]: [attach-window] t=71.57s pos_err=7.113m T=20.25N z=-0.310 m_est=2.129
[WARN] [1789396179.799542759] [acados_nmpc_node]: t=71.65s | KKT residual abnormal! res_stat=1.967e+02 res_eq=2.863e-04 res_ineq=0.000e+00 res_comp=5.612e+00 | sqp_iter=100 | peak res_stat=2.317e+03
[WARN] [1789396179.799939701] [acados_nmpc_node]: acados solve failed [status=2, 338 consecutive] | x_cur pos=[ 9.44457436  5.5377841  -0.30020878] vel=[ 0.49050978  0.55947655 -0.50278777] |q|=1.0000
[WARN] [1789396179.800168821] [acados_nmpc_node]: Exceeded 40 consecutive failures, resetting warm-start to safe hover state
[INFO] [1789396179.800727014] [acados_nmpc_node]: [attach-window] t=71.65s pos_err=7.146m T=20.25N z=-0.300 m_est=2.129
[WARN] [1789396179.887309172] [acados_nmpc_node]: t=71.74s | KKT residual abnormal! res_stat=1.082e+02 res_eq=6.989e-04 res_ineq=0.000e+00 res_comp=2.742e+00 | sqp_iter=100 | peak res_stat=2.317e+03
[WARN] [1789396179.887689074] [acados_nmpc_node]: acados solve failed [status=2, 339 consecutive] | x_cur pos=[ 9.47597885  5.57853746 -0.33113945] vel=[ 0.38447005  0.61393094 -0.9952684 ] |q|=1.0000
[WARN] [1789396179.887909977] [acados_nmpc_node]: Exceeded 40 consecutive failures, resetting warm-start to safe hover state
[INFO] [1789396179.888464676] [acados_nmpc_node]: [attach-window] t=71.74s pos_err=7.223m T=20.25N z=-0.331 m_est=2.129
[WARN] [1789396179.967024727] [acados_nmpc_node]: t=71.82s | KKT residual abnormal! res_stat=9.153e+01 res_eq=1.176e-03 res_ineq=0.000e+00 res_comp=3.276e+00 | sqp_iter=100 | peak res_stat=2.317e+03
[WARN] [1789396179.967410478] [acados_nmpc_node]: acados solve failed [status=2, 340 consecutive] | x_cur pos=[ 9.51457596  5.62794113 -0.32524729] vel=[ 0.24290875  0.32455561 -0.18515837] |q|=1.0000
[WARN] [1789396179.967629071] [acados_nmpc_node]: Exceeded 40 consecutive failures, resetting warm-start to safe hover state
[INFO] [1789396179.968182988] [acados_nmpc_node]: [attach-window] t=71.82s pos_err=7.276m T=20.25N z=-0.325 m_est=2.129
[WARN] [1789396180.049111835] [acados_nmpc_node]: t=71.90s | KKT residual abnormal! res_stat=4.215e+00 res_eq=5.588e-05 res_ineq=0.000e+00 res_comp=1.476e-01 | sqp_iter=100 | peak res_stat=2.317e+03
[WARN] [1789396180.049500600] [acados_nmpc_node]: acados solve failed [status=2, 341 consecutive] | x_cur pos=[ 9.52619839  5.65116024 -0.33821321] vel=[-0.23935105 -0.19095543 -0.41197106] |q|=1.0000
[WARN] [1789396180.049733377] [acados_nmpc_node]: Exceeded 40 consecutive failures, resetting warm-start to safe hover state
[INFO] [1789396180.050293180] [acados_nmpc_node]: [attach-window] t=71.90s pos_err=7.345m T=20.25N z=-0.338 m_est=2.129
[WARN] [1789396180.130999257] [acados_nmpc_node]: t=71.98s | KKT residual abnormal! res_stat=3.594e+01 res_eq=4.987e-04 res_ineq=0.000e+00 res_comp=1.339e+00 | sqp_iter=100 | peak res_stat=2.317e+03
[WARN] [1789396180.131384994] [acados_nmpc_node]: acados solve failed [status=2, 342 consecutive] | x_cur pos=[ 9.50576115  5.66784954 -0.38939399] vel=[-0.04805997  0.49403298 -0.98347956] |q|=1.0000
[WARN] [1789396180.131606377] [acados_nmpc_node]: Exceeded 40 consecutive failures, resetting warm-start to safe hover state
[INFO] [1789396180.132279252] [acados_nmpc_node]: [attach-window] t=71.98s pos_err=7.456m T=20.25N z=-0.389 m_est=2.129
[WARN] [1789396180.210424472] [acados_nmpc_node]: t=72.07s | KKT residual abnormal! res_stat=2.936e+01 res_eq=7.624e-05 res_ineq=0.000e+00 res_comp=6.093e-01 | sqp_iter=100 | peak res_stat=2.317e+03
[WARN] [1789396180.210807912] [acados_nmpc_node]: acados solve failed [status=2, 343 consecutive] | x_cur pos=[ 9.52673531  5.69526339 -0.39310956] vel=[0.67128724 0.24763049 0.90292823] |q|=1.0000
[WARN] [1789396180.211029190] [acados_nmpc_node]: Exceeded 40 consecutive failures, resetting warm-start to safe hover state
[INFO] [1789396180.211591930] [acados_nmpc_node]: [attach-window] t=72.07s pos_err=7.532m T=20.25N z=-0.393 m_est=2.129
[WARN] [1789396180.289806795] [acados_nmpc_node]: t=72.15s | KKT residual abnormal! res_stat=9.639e+01 res_eq=5.748e-04 res_ineq=0.000e+00 res_comp=1.238e+00 | sqp_iter=100 | peak res_stat=2.317e+03
[WARN] [1789396180.290188218] [acados_nmpc_node]: acados solve failed [status=2, 344 consecutive] | x_cur pos=[ 9.59896469  5.73228073 -0.31473693] vel=[ 0.50632936  0.38307789 -0.02990782] |q|=1.0000
[WARN] [1789396180.290405931] [acados_nmpc_node]: Exceeded 40 consecutive failures, resetting warm-start to safe hover state
[INFO] [1789396180.290942465] [acados_nmpc_node]: [attach-window] t=72.15s pos_err=7.530m T=20.25N z=-0.315 m_est=2.129
[WARN] [1789396180.373522621] [acados_nmpc_node]: t=72.23s | KKT residual abnormal! res_stat=7.427e+01 res_eq=6.851e-04 res_ineq=0.000e+00 res_comp=1.125e+00 | sqp_iter=100 | peak res_stat=2.317e+03
[WARN] [1789396180.373907051] [acados_nmpc_node]: acados solve failed [status=2, 345 consecutive] | x_cur pos=[ 9.63857841  5.7605238  -0.30866593] vel=[ 0.41400546  0.49143654 -0.59266758] |q|=1.0000
[WARN] [1789396180.374136500] [acados_nmpc_node]: Exceeded 40 consecutive failures, resetting warm-start to safe hover state
[INFO] [1789396180.374688532] [acados_nmpc_node]: [attach-window] t=72.23s pos_err=7.603m T=20.25N z=-0.309 m_est=2.129
[WARN] [1789396180.455941526] [acados_nmpc_node]: t=72.31s | KKT residual abnormal! res_stat=7.083e+01 res_eq=6.990e-04 res_ineq=0.000e+00 res_comp=1.996e+00 | sqp_iter=100 | peak res_stat=2.317e+03
[WARN] [1789396180.456322683] [acados_nmpc_node]: acados solve failed [status=2, 346 consecutive] | x_cur pos=[ 9.66136646  5.79048157 -0.35348296] vel=[ 0.24369331  0.40763178 -0.72810173] |q|=1.0000
[WARN] [1789396180.456546395] [acados_nmpc_node]: Exceeded 40 consecutive failures, resetting warm-start to safe hover state
[INFO] [1789396180.457096811] [acados_nmpc_node]: [attach-window] t=72.31s pos_err=7.736m T=20.25N z=-0.353 m_est=2.129
[INFO] [1789396180.457409802] [acados_nmpc_node]: [wcmd] raw=[+10.648,-0.486,+22.179] w=[-1.133,-1.620,-5.073] err=[+11.782,+1.134] scaled=[+10.648,-0.486] s=1.97
[WARN] [1789396180.535366925] [acados_nmpc_node]: t=72.39s | KKT residual abnormal! res_stat=3.199e+01 res_eq=4.373e-04 res_ineq=0.000e+00 res_comp=8.108e+00 | sqp_iter=100 | peak res_stat=2.317e+03
[WARN] [1789396180.535723054] [acados_nmpc_node]: acados solve failed [status=2, 347 consecutive] | x_cur pos=[ 9.69844532  5.80504084 -0.34593624] vel=[0.68723953 0.20807116 0.01522544] |q|=1.0000
[WARN] [1789396180.535940404] [acados_nmpc_node]: Exceeded 40 consecutive failures, resetting warm-start to safe hover state
[INFO] [1789396180.536491644] [acados_nmpc_node]: [attach-window] t=72.39s pos_err=7.815m T=20.25N z=-0.346 m_est=2.129
[WARN] [1789396180.616153963] [acados_nmpc_node]: t=72.47s | KKT residual abnormal! res_stat=6.923e+01 res_eq=6.068e-04 res_ineq=0.000e+00 res_comp=2.274e+00 | sqp_iter=100 | peak res_stat=2.317e+03
[WARN] [1789396180.616554884] [acados_nmpc_node]: acados solve failed [status=2, 348 consecutive] | x_cur pos=[ 9.75862312  5.83032084 -0.31003556] vel=[0.83793616 0.51300663 0.14597271] |q|=1.0000
[WARN] [1789396180.616775274] [acados_nmpc_node]: Exceeded 40 consecutive failures, resetting warm-start to safe hover state
[INFO] [1789396180.617338549] [acados_nmpc_node]: [attach-window] t=72.47s pos_err=7.880m T=20.25N z=-0.310 m_est=2.129
[WARN] [1789396180.697668953] [acados_nmpc_node]: t=72.55s | KKT residual abnormal! res_stat=9.738e+01 res_eq=5.319e-04 res_ineq=0.000e+00 res_comp=2.124e+00 | sqp_iter=100 | peak res_stat=2.317e+03
[WARN] [1789396180.698052106] [acados_nmpc_node]: acados solve failed [status=2, 349 consecutive] | x_cur pos=[ 9.86070061  5.88509846 -0.31159672] vel=[ 0.80320096  0.56028152 -0.83876222] |q|=1.0000
[WARN] [1789396180.698282824] [acados_nmpc_node]: Exceeded 40 consecutive failures, resetting warm-start to safe hover state
[INFO] [1789396180.698951587] [acados_nmpc_node]: [attach-window] t=72.55s pos_err=7.993m T=20.25N z=-0.312 m_est=2.129
[WARN] [1789396180.781780752] [acados_nmpc_node]: t=72.63s | KKT residual abnormal! res_stat=7.123e+01 res_eq=3.096e-04 res_ineq=0.000e+00 res_comp=9.017e-01 | sqp_iter=100 | peak res_stat=2.317e+03
[WARN] [1789396180.782171209] [acados_nmpc_node]: acados solve failed [status=2, 350 consecutive] | x_cur pos=[ 9.87831402  5.89012671 -0.30895892] vel=[ 0.10513943 -0.08666867  0.19069183] |q|=1.0000
[WARN] [1789396180.782390536] [acados_nmpc_node]: Exceeded 40 consecutive failures, resetting warm-start to safe hover state
[INFO] [1789396180.782953927] [acados_nmpc_node]: [attach-window] t=72.63s pos_err=8.096m T=20.25N z=-0.309 m_est=2.129
[WARN] [1789396180.857075343] [acados_nmpc_node]: t=72.72s | KKT residual abnormal! res_stat=1.542e+01 res_eq=2.261e-05 res_ineq=0.000e+00 res_comp=7.653e-03 | sqp_iter=100 | peak res_stat=2.317e+03
[WARN] [1789396180.857452635] [acados_nmpc_node]: acados solve failed [status=2, 351 consecutive] | x_cur pos=[ 9.8797369   5.88110447 -0.31070951] vel=[ 0.12856096 -0.15247558  0.09648741] |q|=1.0000
[WARN] [1789396180.857679872] [acados_nmpc_node]: Exceeded 40 consecutive failures, resetting warm-start to safe hover state
[INFO] [1789396180.858231061] [acados_nmpc_node]: [attach-window] t=72.72s pos_err=8.207m T=20.25N z=-0.311 m_est=2.129
[WARN] [1789396180.935744551] [acados_nmpc_node]: t=72.79s | KKT residual abnormal! res_stat=3.060e+01 res_eq=3.016e-04 res_ineq=0.000e+00 res_comp=5.143e-01 | sqp_iter=100 | peak res_stat=2.317e+03
[WARN] [1789396180.936108035] [acados_nmpc_node]: acados solve failed [status=2, 352 consecutive] | x_cur pos=[ 9.89356232  5.8746624  -0.30918443] vel=[ 0.61517221  0.26955923 -0.36414713] |q|=1.0000
[WARN] [1789396180.936328995] [acados_nmpc_node]: Exceeded 40 consecutive failures, resetting warm-start to safe hover state
[INFO] [1789396180.936861942] [acados_nmpc_node]: [attach-window] t=72.79s pos_err=8.301m T=20.25N z=-0.309 m_est=2.129
[WARN] [1789396181.022157879] [acados_nmpc_node]: t=72.87s | KKT residual abnormal! res_stat=9.212e+01 res_eq=3.990e-04 res_ineq=0.000e+00 res_comp=1.048e+00 | sqp_iter=100 | peak res_stat=2.317e+03
[WARN] [1789396181.022523743] [acados_nmpc_node]: acados solve failed [status=2, 353 consecutive] | x_cur pos=[ 9.93002415  5.89101791 -0.3413775 ] vel=[ 0.58231246  0.37261051 -0.95208102] |q|=1.0000
[WARN] [1789396181.022754172] [acados_nmpc_node]: Exceeded 40 consecutive failures, resetting warm-start to safe hover state
[INFO] [1789396181.023290855] [acados_nmpc_node]: [attach-window] t=72.87s pos_err=8.454m T=20.25N z=-0.341 m_est=2.129
[WARN] [1789396181.105152457] [acados_nmpc_node]: t=72.96s | KKT residual abnormal! res_stat=5.897e+01 res_eq=4.520e-04 res_ineq=0.000e+00 res_comp=1.782e+00 | sqp_iter=100 | peak res_stat=2.317e+03
[WARN] [1789396181.105546540] [acados_nmpc_node]: acados solve failed [status=2, 354 consecutive] | x_cur pos=[10.04531097  5.89394236 -0.29257149] vel=[1.0650835  0.00554974 0.15337613] |q|=1.0000
[WARN] [1789396181.105769844] [acados_nmpc_node]: Exceeded 40 consecutive failures, resetting warm-start to safe hover state
[INFO] [1789396181.106336411] [acados_nmpc_node]: [attach-window] t=72.96s pos_err=8.534m T=20.25N z=-0.293 m_est=2.129
[WARN] [1789396181.185643118] [acados_nmpc_node]: t=73.04s | KKT residual abnormal! res_stat=7.334e+01 res_eq=2.983e-04 res_ineq=0.000e+00 res_comp=1.255e+00 | sqp_iter=100 | peak res_stat=2.317e+03
[WARN] [1789396181.186022436] [acados_nmpc_node]: acados solve failed [status=2, 355 consecutive] | x_cur pos=[10.12583256  5.89480972 -0.28089657] vel=[ 1.05703461  0.12088719 -0.42815784] |q|=1.0000
[WARN] [1789396181.186243645] [acados_nmpc_node]: Exceeded 40 consecutive failures, resetting warm-start to safe hover state
[INFO] [1789396181.186787306] [acados_nmpc_node]: [attach-window] t=73.04s pos_err=8.649m T=20.25N z=-0.281 m_est=2.129
[WARN] [1789396181.267346565] [acados_nmpc_node]: t=73.12s | KKT residual abnormal! res_stat=1.243e+01 res_eq=1.409e-04 res_ineq=0.000e+00 res_comp=5.585e-01 | sqp_iter=100 | peak res_stat=2.317e+03
[WARN] [1789396181.267722010] [acados_nmpc_node]: acados solve failed [status=2, 356 consecutive] | x_cur pos=[10.25168514  5.89739799 -0.28424248] vel=[ 1.51903629 -0.07217631  0.26684627] |q|=1.0000
[WARN] [1789396181.267949000] [acados_nmpc_node]: Exceeded 40 consecutive failures, resetting warm-start to safe hover state
[INFO] [1789396181.268504228] [acados_nmpc_node]: [attach-window] t=73.12s pos_err=8.774m T=20.25N z=-0.284 m_est=2.129
[WARN] [1789396181.353149273] [acados_nmpc_node]: t=73.20s | KKT residual abnormal! res_stat=2.738e+02 res_eq=1.296e-03 res_ineq=0.000e+00 res_comp=6.558e+00 | sqp_iter=100 | peak res_stat=2.317e+03
[WARN] [1789396181.353529787] [acados_nmpc_node]: acados solve failed [status=2, 357 consecutive] | x_cur pos=[10.37630272  5.88731289 -0.27497756] vel=[ 1.51219177 -0.06605103 -0.44035503] |q|=1.0000
[WARN] [1789396181.353762800] [acados_nmpc_node]: Exceeded 40 consecutive failures, resetting warm-start to safe hover state
[INFO] [1789396181.354311346] [acados_nmpc_node]: [attach-window] t=73.20s pos_err=8.890m T=20.25N z=-0.275 m_est=2.129
[WARN] [1789396181.429459272] [acados_nmpc_node]: t=73.28s | KKT residual abnormal! res_stat=3.283e+01 res_eq=2.008e-04 res_ineq=0.000e+00 res_comp=6.367e-01 | sqp_iter=100 | peak res_stat=2.317e+03
[WARN] [1789396181.429821982] [acados_nmpc_node]: acados solve failed [status=2, 358 consecutive] | x_cur pos=[10.51714134  5.87248755 -0.28530818] vel=[ 0.34133363 -0.1816608   0.5509823 ] |q|=1.0000
[WARN] [1789396181.430043863] [acados_nmpc_node]: Exceeded 40 consecutive failures, resetting warm-start to safe hover state
[INFO] [1789396181.430571841] [acados_nmpc_node]: [attach-window] t=73.28s pos_err=9.022m T=20.25N z=-0.285 m_est=2.129
[WARN] [1789396181.508745356] [acados_nmpc_node]: t=73.37s | KKT residual abnormal! res_stat=3.134e+02 res_eq=5.417e-04 res_ineq=0.000e+00 res_comp=6.635e+00 | sqp_iter=100 | peak res_stat=2.317e+03
[WARN] [1789396181.509123784] [acados_nmpc_node]: acados solve failed [status=2, 359 consecutive] | x_cur pos=[10.55003548  5.85347128 -0.25694209] vel=[ 0.33958393 -0.16325112 -0.15617763] |q|=1.0000
[WARN] [1789396181.509343553] [acados_nmpc_node]: Exceeded 40 consecutive failures, resetting warm-start to safe hover state
[INFO] [1789396181.509985638] [acados_nmpc_node]: [attach-window] t=73.37s pos_err=9.129m T=20.25N z=-0.257 m_est=2.129
[WARN] [1789396181.589447410] [acados_nmpc_node]: t=73.44s | KKT residual abnormal! res_stat=1.116e+01 res_eq=1.287e-05 res_ineq=0.000e+00 res_comp=3.484e-03 | sqp_iter=100 | peak res_stat=2.317e+03
[WARN] [1789396181.589833043] [acados_nmpc_node]: acados solve failed [status=2, 360 consecutive] | x_cur pos=[10.57302284  5.84014702 -0.27846569] vel=[ 0.49481848  0.0540592  -0.2678946 ] |q|=1.0000
[WARN] [1789396181.590062695] [acados_nmpc_node]: Exceeded 40 consecutive failures, resetting warm-start to safe hover state
[INFO] [1789396181.590616851] [acados_nmpc_node]: [attach-window] t=73.44s pos_err=9.278m T=20.25N z=-0.278 m_est=2.129
[WARN] [1789396181.676121271] [acados_nmpc_node]: t=73.53s | KKT residual abnormal! res_stat=1.338e+02 res_eq=1.147e-03 res_ineq=0.000e+00 res_comp=3.837e+00 | sqp_iter=100 | peak res_stat=2.317e+03
[WARN] [1789396181.676500409] [acados_nmpc_node]: acados solve failed [status=2, 361 consecutive] | x_cur pos=[10.58871651  5.81901836 -0.24228181] vel=[ 0.4042356  -0.37889612  0.31943542] |q|=1.0000
[WARN] [1789396181.676729124] [acados_nmpc_node]: Exceeded 40 consecutive failures, resetting warm-start to safe hover state
[INFO] [1789396181.677279410] [acados_nmpc_node]: [attach-window] t=73.53s pos_err=9.385m T=20.25N z=-0.242 m_est=2.129
[WARN] [1789396181.762485472] [acados_nmpc_node]: t=73.61s | KKT residual abnormal! res_stat=1.992e+02 res_eq=2.987e-03 res_ineq=0.000e+00 res_comp=1.017e+01 | sqp_iter=100 | peak res_stat=2.317e+03
[WARN] [1789396181.762879063] [acados_nmpc_node]: acados solve failed [status=2, 362 consecutive] | x_cur pos=[10.62253475  5.77336788 -0.23437072] vel=[ 0.4313204  -0.31957731 -0.67368883] |q|=1.0000
[WARN] [1789396181.763102265] [acados_nmpc_node]: Exceeded 40 consecutive failures, resetting warm-start to safe hover state
[INFO] [1789396181.763670504] [acados_nmpc_node]: [attach-window] t=73.61s pos_err=9.507m T=20.25N z=-0.234 m_est=2.129
[WARN] [1789396181.843637879] [acados_nmpc_node]: t=73.69s | KKT residual abnormal! res_stat=1.481e+02 res_eq=1.516e-03 res_ineq=0.000e+00 res_comp=2.750e+00 | sqp_iter=100 | peak res_stat=2.317e+03
[WARN] [1789396181.843994678] [acados_nmpc_node]: acados solve failed [status=2, 363 consecutive] | x_cur pos=[10.65535641  5.75975847 -0.26943743] vel=[ 0.01812776  0.35079774 -0.96433485] |q|=1.0000
[WARN] [1789396181.844215508] [acados_nmpc_node]: Exceeded 40 consecutive failures, resetting warm-start to safe hover state
[INFO] [1789396181.844755634] [acados_nmpc_node]: [attach-window] t=73.69s pos_err=9.677m T=20.25N z=-0.269 m_est=2.129
[WARN] [1789396181.922365833] [acados_nmpc_node]: t=73.78s | KKT residual abnormal! res_stat=7.796e+00 res_eq=2.727e-05 res_ineq=0.000e+00 res_comp=4.479e-02 | sqp_iter=100 | peak res_stat=2.317e+03
[WARN] [1789396181.922731540] [acados_nmpc_node]: acados solve failed [status=2, 364 consecutive] | x_cur pos=[10.5850935   5.78046894 -0.24396521] vel=[-0.827465    0.26511198  0.56483495] |q|=1.0000
[WARN] [1789396181.922959438] [acados_nmpc_node]: Exceeded 40 consecutive failures, resetting warm-start to safe hover state
[INFO] [1789396181.923497344] [acados_nmpc_node]: [attach-window] t=73.78s pos_err=9.835m T=20.25N z=-0.244 m_est=2.129
[WARN] [1789396182.008821089] [acados_nmpc_node]: t=73.86s | KKT residual abnormal! res_stat=1.141e+02 res_eq=5.011e-04 res_ineq=0.000e+00 res_comp=3.797e+00 | sqp_iter=100 | peak res_stat=2.317e+03
[WARN] [1789396182.009181337] [acados_nmpc_node]: acados solve failed [status=2, 365 consecutive] | x_cur pos=[10.4891367   5.82088804 -0.20506075] vel=[-1.31587493  0.72516418 -0.02413236] |q|=1.0000
[WARN] [1789396182.009398244] [acados_nmpc_node]: Exceeded 40 consecutive failures, resetting warm-start to safe hover state
[INFO] [1789396182.009936866] [acados_nmpc_node]: [attach-window] t=73.86s pos_err=9.988m T=20.25N z=-0.205 m_est=2.129
[WARN] [1789396182.093909574] [acados_nmpc_node]: t=73.94s | KKT residual abnormal! res_stat=8.403e+01 res_eq=3.243e-04 res_ineq=0.000e+00 res_comp=1.220e+00 | sqp_iter=100 | peak res_stat=2.317e+03
[WARN] [1789396182.094283979] [acados_nmpc_node]: acados solve failed [status=2, 366 consecutive] | x_cur pos=[10.31249619  5.92155027 -0.21776152] vel=[-1.2411561   0.92239404 -0.94545144] |q|=1.0000
[WARN] [1789396182.094503073] [acados_nmpc_node]: Exceeded 40 consecutive failures, resetting warm-start to safe hover state
[INFO] [1789396182.095050712] [acados_nmpc_node]: [attach-window] t=73.94s pos_err=10.241m T=20.25N z=-0.218 m_est=2.129
[INFO] [1789396182.095360989] [acados_nmpc_node]: [wcmd] raw=[+10.648,-0.486,+22.179] w=[+1.928,-0.099,+2.821] err=[+8.720,-0.387] scaled=[+10.648,-0.486] s=1.97
[WARN] [1789396182.174540263] [acados_nmpc_node]: t=74.03s | KKT residual abnormal! res_stat=2.460e-01 res_eq=4.254e-09 res_ineq=0.000e+00 res_comp=2.708e-09 | sqp_iter=100 | peak res_stat=2.317e+03
[WARN] [1789396182.174920087] [acados_nmpc_node]: acados solve failed [status=2, 367 consecutive] | x_cur pos=[10.24278927  5.9688282  -0.24812679] vel=[-0.51553988  0.08558835  0.08563253] |q|=1.0000
[WARN] [1789396182.175150744] [acados_nmpc_node]: Exceeded 40 consecutive failures, resetting warm-start to safe hover state
[INFO] [1789396182.175706107] [acados_nmpc_node]: [attach-window] t=74.03s pos_err=10.462m T=20.25N z=-0.248 m_est=2.129
[WARN] [1789396182.257249217] [acados_nmpc_node]: t=74.11s | KKT residual abnormal! res_stat=1.766e+02 res_eq=7.014e-04 res_ineq=0.000e+00 res_comp=2.525e+00 | sqp_iter=100 | peak res_stat=2.317e+03
[WARN] [1789396182.257647853] [acados_nmpc_node]: acados solve failed [status=2, 368 consecutive] | x_cur pos=[10.1875124   5.97792912 -0.23865248] vel=[-0.33596787 -0.08696577  0.13218963] |q|=1.0000
[WARN] [1789396182.257871183] [acados_nmpc_node]: Exceeded 40 consecutive failures, resetting warm-start to safe hover state
[INFO] [1789396182.258443277] [acados_nmpc_node]: [attach-window] t=74.11s pos_err=10.616m T=20.25N z=-0.239 m_est=2.129
[WARN] [1789396182.344756138] [acados_nmpc_node]: t=74.19s | KKT residual abnormal! res_stat=1.347e+02 res_eq=7.038e-04 res_ineq=0.000e+00 res_comp=1.855e+00 | sqp_iter=100 | peak res_stat=2.317e+03
[WARN] [1789396182.345154090] [acados_nmpc_node]: acados solve failed [status=2, 369 consecutive] | x_cur pos=[10.17140484  5.97381926 -0.23252872] vel=[-0.22794631  0.1468835  -0.47602454] |q|=1.0000
[WARN] [1789396182.345374816] [acados_nmpc_node]: Exceeded 40 consecutive failures, resetting warm-start to safe hover state
[INFO] [1789396182.345914616] [acados_nmpc_node]: [attach-window] t=74.19s pos_err=10.756m T=20.25N z=-0.233 m_est=2.129
[WARN] [1789396182.426606404] [acados_nmpc_node]: t=74.28s | KKT residual abnormal! res_stat=2.141e+01 res_eq=2.049e-04 res_ineq=0.000e+00 res_comp=2.746e+00 | sqp_iter=100 | peak res_stat=2.317e+03
[WARN] [1789396182.426995853] [acados_nmpc_node]: acados solve failed [status=2, 370 consecutive] | x_cur pos=[10.12074661  5.98769855 -0.23965959] vel=[-0.45818397  0.07168391  0.26805192] |q|=1.0000
[WARN] [1789396182.427225560] [acados_nmpc_node]: Exceeded 40 consecutive failures, resetting warm-start to safe hover state
[INFO] [1789396182.427787904] [acados_nmpc_node]: [attach-window] t=74.28s pos_err=10.940m T=20.25N z=-0.240 m_est=2.129
[WARN] [1789396182.502044206] [acados_nmpc_node]: t=74.36s | KKT residual abnormal! res_stat=2.483e+00 res_eq=2.347e-07 res_ineq=0.000e+00 res_comp=1.970e-07 | sqp_iter=100 | peak res_stat=2.317e+03
[WARN] [1789396182.502439780] [acados_nmpc_node]: acados solve failed [status=2, 371 consecutive] | x_cur pos=[10.08813572  5.99089909 -0.21858162] vel=[-0.78675848 -0.05874804  0.46057972] |q|=1.0000
[WARN] [1789396182.502663557] [acados_nmpc_node]: Exceeded 40 consecutive failures, resetting warm-start to safe hover state
[INFO] [1789396182.503219678] [acados_nmpc_node]: [attach-window] t=74.36s pos_err=11.078m T=20.25N z=-0.219 m_est=2.129
[WARN] [1789396182.578146030] [acados_nmpc_node]: t=74.44s | KKT residual abnormal! res_stat=3.522e+01 res_eq=8.315e-05 res_ineq=0.000e+00 res_comp=1.728e-01 | sqp_iter=100 | peak res_stat=2.317e+03
[WARN] [1789396182.578534929] [acados_nmpc_node]: acados solve failed [status=2, 372 consecutive] | x_cur pos=[10.04427338  5.98428869 -0.19218582] vel=[-0.77113938 -0.02896869 -0.15626211] |q|=1.0000
[WARN] [1789396182.578755047] [acados_nmpc_node]: Exceeded 40 consecutive failures, resetting warm-start to safe hover state
[INFO] [1789396182.579324806] [acados_nmpc_node]: [attach-window] t=74.44s pos_err=11.190m T=20.25N z=-0.192 m_est=2.129
[WARN] [1789396182.666821883] [acados_nmpc_node]: t=74.51s | KKT residual abnormal! res_stat=1.661e+02 res_eq=4.180e-05 res_ineq=0.000e+00 res_comp=1.829e-01 | sqp_iter=100 | peak res_stat=2.317e+03
[WARN] [1789396182.667212800] [acados_nmpc_node]: acados solve failed [status=2, 373 consecutive] | x_cur pos=[10.01680851  5.99792719 -0.21318567] vel=[-0.00973664  0.25900131 -0.82754433] |q|=1.0000
[WARN] [1789396182.667435211] [acados_nmpc_node]: Exceeded 40 consecutive failures, resetting warm-start to safe hover state
[INFO] [1789396182.667995892] [acados_nmpc_node]: [attach-window] t=74.51s pos_err=11.345m T=20.25N z=-0.213 m_est=2.129
[WARN] [1789396182.745725361] [acados_nmpc_node]: t=74.60s | KKT residual abnormal! res_stat=2.395e+00 res_eq=1.215e-06 res_ineq=0.000e+00 res_comp=3.446e-08 | sqp_iter=100 | peak res_stat=2.317e+03
[WARN] [1789396182.746105924] [acados_nmpc_node]: acados solve failed [status=2, 374 consecutive] | x_cur pos=[10.0055294   6.00773716 -0.24073942] vel=[-0.16419044 -0.01129986  0.06056213] |q|=1.0000
[WARN] [1789396182.746337950] [acados_nmpc_node]: Exceeded 40 consecutive failures, resetting warm-start to safe hover state
[INFO] [1789396182.746901266] [acados_nmpc_node]: [attach-window] t=74.60s pos_err=11.516m T=20.25N z=-0.241 m_est=2.129
[WARN] [1789396182.825511969] [acados_nmpc_node]: t=74.68s | KKT residual abnormal! res_stat=1.327e+01 res_eq=1.495e-05 res_ineq=0.000e+00 res_comp=1.670e-02 | sqp_iter=100 | peak res_stat=2.317e+03
[WARN] [1789396182.825892728] [acados_nmpc_node]: acados solve failed [status=2, 375 consecutive] | x_cur pos=[10.00900745  6.00364494 -0.2425712 ] vel=[-0.04033062 -0.31455117  0.45717904] |q|=1.0000
[WARN] [1789396182.826110775] [acados_nmpc_node]: Exceeded 40 consecutive failures, resetting warm-start to safe hover state
[INFO] [1789396182.826670133] [acados_nmpc_node]: [attach-window] t=74.68s pos_err=11.635m T=20.25N z=-0.243 m_est=2.129
[WARN] [1789396182.906560084] [acados_nmpc_node]: t=74.76s | KKT residual abnormal! res_stat=2.143e+02 res_eq=2.717e-04 res_ineq=0.000e+00 res_comp=1.097e+01 | sqp_iter=100 | peak res_stat=2.317e+03
[WARN] [1789396182.906947564] [acados_nmpc_node]: acados solve failed [status=2, 376 consecutive] | x_cur pos=[10.02011776  5.97656727 -0.21724138] vel=[ 0.49527207 -0.16082218  0.29233783] |q|=1.0000
[WARN] [1789396182.907171232] [acados_nmpc_node]: Exceeded 40 consecutive failures, resetting warm-start to safe hover state
[INFO] [1789396182.907844909] [acados_nmpc_node]: [attach-window] t=74.76s pos_err=11.728m T=20.25N z=-0.217 m_est=2.129
[INFO] [1789396182.908182228] [acados_nmpc_node]: t=74.8s | pos_err=11.728m | T=20.25N | tau=[r0.000 p0.000 y0.000]Nm | res_stat=2.143e+02(peak 2.317e+03) sqp_iter=100 | solve=75.9ms
[INFO] [1789396182.908330410] [acados_nmpc_node]: [flight-diag] t=74.8s | om_scale=1.965(lo 1.965 hi 1.965) | tilt_max=81.88deg | w_max=[r2.486 p2.427 y10.912]rad/s | u_frac=[T0.646 r0.000 p0.000 y0.000] | u_sat=[T0.0 r0.0 p0.0 y0.0]% | mot_peak=0.275 mot_sat=0.0% | health=0 age=36.783s conf=0.000 | n=100
[WARN] [1789396182.988703227] [acados_nmpc_node]: t=74.84s | KKT residual abnormal! res_stat=9.401e+01 res_eq=2.688e-03 res_ineq=0.000e+00 res_comp=1.102e+01 | sqp_iter=100 | peak res_stat=2.317e+03
[WARN] [1789396182.989084649] [acados_nmpc_node]: acados solve failed [status=2, 377 consecutive] | x_cur pos=[10.08776283  5.95360804 -0.20993567] vel=[ 0.51473361 -0.07190865 -0.60180455] |q|=1.0000
[WARN] [1789396182.989306109] [acados_nmpc_node]: Exceeded 40 consecutive failures, resetting warm-start to safe hover state
[INFO] [1789396182.989861843] [acados_nmpc_node]: [attach-window] t=74.84s pos_err=11.827m T=20.25N z=-0.210 m_est=2.129
[WARN] [1789396183.080442139] [acados_nmpc_node]: t=74.92s | KKT residual abnormal! res_stat=1.176e+00 res_eq=2.002e-07 res_ineq=0.000e+00 res_comp=4.114e-05 | sqp_iter=100 | peak res_stat=2.317e+03
[WARN] [1789396183.080828496] [acados_nmpc_node]: acados solve failed [status=2, 378 consecutive] | x_cur pos=[10.11986828  5.95647526 -0.25760874] vel=[-0.15624703  0.39172515 -1.10662043] |q|=1.0000
[WARN] [1789396183.081049616] [acados_nmpc_node]: Exceeded 40 consecutive failures, resetting warm-start to safe hover state
[INFO] [1789396183.081594990] [acados_nmpc_node]: [attach-window] t=74.92s pos_err=11.974m T=20.25N z=-0.258 m_est=2.129
[WARN] [1789396183.161901759] [acados_nmpc_node]: t=75.02s | KKT residual abnormal! res_stat=1.702e+00 res_eq=5.282e-07 res_ineq=0.000e+00 res_comp=1.837e-05 | sqp_iter=100 | peak res_stat=2.317e+03
[WARN] [1789396183.162277850] [acados_nmpc_node]: acados solve failed [status=2, 379 consecutive] | x_cur pos=[10.11858273  5.95638132 -0.24960038] vel=[-0.13813438 -0.37697315  0.75358713] |q|=1.0000
[WARN] [1789396183.162497053] [acados_nmpc_node]: Exceeded 40 consecutive failures, resetting warm-start to safe hover state
[INFO] [1789396183.163054264] [acados_nmpc_node]: [attach-window] t=75.02s pos_err=12.095m T=20.25N z=-0.250 m_est=2.129
[WARN] [1789396183.231003100] [acados_nmpc_node]: t=75.09s | KKT residual abnormal! res_stat=5.186e-04 res_eq=3.553e-15 res_ineq=0.000e+00 res_comp=3.215e-12 | sqp_iter=100 | peak res_stat=2.317e+03
[WARN] [1789396183.231368424] [acados_nmpc_node]: acados solve failed [status=2, 380 consecutive] | x_cur pos=[10.11390305  5.9305644  -0.20854242] vel=[-0.12280972 -0.34659946  0.12779139] |q|=1.0000
[WARN] [1789396183.231591348] [acados_nmpc_node]: Exceeded 40 consecutive failures, resetting warm-start to safe hover state
[INFO] [1789396183.232142984] [acados_nmpc_node]: [attach-window] t=75.09s pos_err=12.150m T=20.25N z=-0.209 m_est=2.129
[WARN] [1789396183.307837509] [acados_nmpc_node]: t=75.17s | KKT residual abnormal! res_stat=2.934e+02 res_eq=4.096e-04 res_ineq=0.000e+00 res_comp=1.220e+01 | sqp_iter=100 | peak res_stat=2.317e+03
[WARN] [1789396183.308244290] [acados_nmpc_node]: acados solve failed [status=2, 381 consecutive] | x_cur pos=[10.11473179  5.90722132 -0.19976975] vel=[-0.02310502 -0.08744359 -0.45067701] |q|=1.0000
[WARN] [1789396183.308465388] [acados_nmpc_node]: Exceeded 40 consecutive failures, resetting warm-start to safe hover state
[INFO] [1789396183.309030508] [acados_nmpc_node]: [attach-window] t=75.17s pos_err=12.216m T=20.25N z=-0.200 m_est=2.129
[WARN] [1789396183.392587551] [acados_nmpc_node]: t=75.24s | KKT residual abnormal! res_stat=2.050e+01 res_eq=1.770e-05 res_ineq=0.000e+00 res_comp=5.921e-02 | sqp_iter=100 | peak res_stat=2.317e+03
[WARN] [1789396183.392959867] [acados_nmpc_node]: acados solve failed [status=2, 382 consecutive] | x_cur pos=[10.1275692   5.87681484 -0.21571225] vel=[ 0.17835906 -0.72964782  0.85467863] |q|=1.0000
[WARN] [1789396183.393180307] [acados_nmpc_node]: Exceeded 40 consecutive failures, resetting warm-start to safe hover state
[INFO] [1789396183.393730125] [acados_nmpc_node]: [attach-window] t=75.24s pos_err=12.289m T=20.25N z=-0.216 m_est=2.129
[WARN] [1789396183.479566182] [acados_nmpc_node]: t=75.33s | KKT residual abnormal! res_stat=3.525e+02 res_eq=2.499e-03 res_ineq=0.000e+00 res_comp=4.748e+00 | sqp_iter=100 | peak res_stat=2.317e+03
[WARN] [1789396183.479922418] [acados_nmpc_node]: acados solve failed [status=2, 383 consecutive] | x_cur pos=[10.14755726  5.82686901 -0.16893651] vel=[ 0.21262941 -0.61527705  0.28556439] |q|=1.0000
[WARN] [1789396183.480142466] [acados_nmpc_node]: Exceeded 40 consecutive failures, resetting warm-start to safe hover state
[INFO] [1789396183.480683770] [acados_nmpc_node]: [attach-window] t=75.33s pos_err=12.314m T=20.25N z=-0.169 m_est=2.129
[WARN] [1789396183.569485759] [acados_nmpc_node]: t=75.42s | KKT residual abnormal! res_stat=1.020e+02 res_eq=8.252e-04 res_ineq=0.000e+00 res_comp=3.420e+00 | sqp_iter=100 | peak res_stat=2.317e+03
[WARN] [1789396183.569864847] [acados_nmpc_node]: acados solve failed [status=2, 384 consecutive] | x_cur pos=[10.18783188  5.75332212 -0.15516606] vel=[ 0.29807678 -0.41749188 -0.61240476] |q|=1.0000
[WARN] [1789396183.570088446] [acados_nmpc_node]: Exceeded 40 consecutive failures, resetting warm-start to safe hover state
[INFO] [1789396183.570637230] [acados_nmpc_node]: [attach-window] t=75.42s pos_err=12.335m T=20.25N z=-0.155 m_est=2.129
[INFO] [1789396183.570951461] [acados_nmpc_node]: [wcmd] raw=[+10.648,-0.486,+22.179] w=[-0.897,-0.422,-3.506] err=[+11.545,-0.064] scaled=[+10.648,-0.486] s=1.97
[WARN] [1789396183.653083497] [acados_nmpc_node]: t=75.51s | KKT residual abnormal! res_stat=1.819e+02 res_eq=9.829e-04 res_ineq=0.000e+00 res_comp=1.500e+01 | sqp_iter=100 | peak res_stat=2.317e+03
[WARN] [1789396183.653440545] [acados_nmpc_node]: acados solve failed [status=2, 385 consecutive] | x_cur pos=[10.21701145  5.72144985 -0.20273659] vel=[ 0.35950166 -0.29577389 -1.17426312] |q|=1.0000
[WARN] [1789396183.653663449] [acados_nmpc_node]: Exceeded 40 consecutive failures, resetting warm-start to safe hover state
[INFO] [1789396183.654206875] [acados_nmpc_node]: [attach-window] t=75.51s pos_err=12.421m T=20.25N z=-0.203 m_est=2.129
[WARN] [1789396183.738064517] [acados_nmpc_node]: t=75.58s | KKT residual abnormal! res_stat=4.163e+01 res_eq=9.302e-05 res_ineq=0.000e+00 res_comp=3.923e-02 | sqp_iter=100 | peak res_stat=2.317e+03
[WARN] [1789396183.738461716] [acados_nmpc_node]: acados solve failed [status=2, 386 consecutive] | x_cur pos=[10.29353523  5.70620155 -0.29141468] vel=[ 0.65333486 -0.40750453 -0.08320069] |q|=1.0000
[WARN] [1789396183.738683305] [acados_nmpc_node]: Exceeded 40 consecutive failures, resetting warm-start to safe hover state
[INFO] [1789396183.739235242] [acados_nmpc_node]: [attach-window] t=75.58s pos_err=12.530m T=20.25N z=-0.291 m_est=2.129
[WARN] [1789396183.823862454] [acados_nmpc_node]: t=75.67s | KKT residual abnormal! res_stat=6.219e+01 res_eq=5.748e-04 res_ineq=0.000e+00 res_comp=2.396e+00 | sqp_iter=100 | peak res_stat=2.317e+03
[WARN] [1789396183.824238996] [acados_nmpc_node]: acados solve failed [status=2, 387 consecutive] | x_cur pos=[10.33284092  5.66969395 -0.25546619] vel=[ 0.38148952 -0.61316752  0.5210976 ] |q|=1.0000
[WARN] [1789396183.824466518] [acados_nmpc_node]: Exceeded 40 consecutive failures, resetting warm-start to safe hover state
[INFO] [1789396183.825008167] [acados_nmpc_node]: [attach-window] t=75.67s pos_err=12.552m T=20.25N z=-0.255 m_est=2.129
[WARN] [1789396183.904201757] [acados_nmpc_node]: t=75.76s | KKT residual abnormal! res_stat=1.158e+02 res_eq=4.215e-04 res_ineq=0.000e+00 res_comp=5.401e+00 | sqp_iter=100 | peak res_stat=2.317e+03
[WARN] [1789396183.904573122] [acados_nmpc_node]: acados solve failed [status=2, 388 consecutive] | x_cur pos=[10.39089203  5.60259295 -0.21712272] vel=[ 0.53969294 -0.40716919 -0.38574728] |q|=1.0000
[WARN] [1789396183.904806313] [acados_nmpc_node]: Exceeded 40 consecutive failures, resetting warm-start to safe hover state
[INFO] [1789396183.905349331] [acados_nmpc_node]: [attach-window] t=75.76s pos_err=12.541m T=20.25N z=-0.217 m_est=2.129
[WARN] [1789396183.990081032] [acados_nmpc_node]: t=75.84s | KKT residual abnormal! res_stat=6.995e+01 res_eq=8.803e-04 res_ineq=0.000e+00 res_comp=9.433e-01 | sqp_iter=100 | peak res_stat=2.317e+03
[WARN] [1789396183.990455078] [acados_nmpc_node]: acados solve failed [status=2, 389 consecutive] | x_cur pos=[10.42995834  5.57466602 -0.24315977] vel=[ 0.2431843   0.04816347 -0.94045532] |q|=1.0000
[WARN] [1789396183.990676155] [acados_nmpc_node]: Exceeded 40 consecutive failures, resetting warm-start to safe hover state
[INFO] [1789396183.991223082] [acados_nmpc_node]: [attach-window] t=75.84s pos_err=12.586m T=20.25N z=-0.243 m_est=2.129
[WARN] [1789396184.080715325] [acados_nmpc_node]: t=75.93s | KKT residual abnormal! res_stat=5.202e-01 res_eq=7.756e-08 res_ineq=0.000e+00 res_comp=1.038e-06 | sqp_iter=100 | peak res_stat=2.317e+03
[WARN] [1789396184.081091997] [acados_nmpc_node]: acados solve failed [status=2, 390 consecutive] | x_cur pos=[10.50564575  5.53567839 -0.30378598] vel=[ 0.65551305 -0.88637757  0.07079642] |q|=1.0000
[WARN] [1789396184.081313876] [acados_nmpc_node]: Exceeded 40 consecutive failures, resetting warm-start to safe hover state
[INFO] [1789396184.081873733] [acados_nmpc_node]: [attach-window] t=75.93s pos_err=12.644m T=20.25N z=-0.304 m_est=2.129
[WARN] [1789396184.167675347] [acados_nmpc_node]: t=76.02s | KKT residual abnormal! res_stat=1.267e+02 res_eq=1.362e-03 res_ineq=0.000e+00 res_comp=3.638e+00 | sqp_iter=100 | peak res_stat=2.317e+03
[WARN] [1789396184.168058785] [acados_nmpc_node]: acados solve failed [status=2, 391 consecutive] | x_cur pos=[10.56622887  5.43967438 -0.24625975] vel=[ 0.52164614 -0.90113199  0.28637615] |q|=1.0000
[WARN] [1789396184.168282773] [acados_nmpc_node]: Exceeded 40 consecutive failures, resetting warm-start to safe hover state
[INFO] [1789396184.168844267] [acados_nmpc_node]: [attach-window] t=76.02s pos_err=12.585m T=20.25N z=-0.246 m_est=2.129
[WARN] [1789396184.250793740] [acados_nmpc_node]: t=76.10s | KKT residual abnormal! res_stat=4.056e+01 res_eq=3.970e-04 res_ineq=0.000e+00 res_comp=3.057e+00 | sqp_iter=100 | peak res_stat=2.317e+03
[WARN] [1789396184.251176022] [acados_nmpc_node]: acados solve failed [status=2, 392 consecutive] | x_cur pos=[10.60780334  5.36163568 -0.22633007] vel=[ 0.58919883 -0.8535943  -0.37976688] |q|=1.0000
[WARN] [1789396184.251406202] [acados_nmpc_node]: Exceeded 40 consecutive failures, resetting warm-start to safe hover state
[INFO] [1789396184.251945856] [acados_nmpc_node]: [attach-window] t=76.10s pos_err=12.551m T=20.25N z=-0.226 m_est=2.129
[WARN] [1789396184.329455297] [acados_nmpc_node]: t=76.18s | KKT residual abnormal! res_stat=4.416e+01 res_eq=1.002e-04 res_ineq=0.000e+00 res_comp=9.369e-03 | sqp_iter=100 | peak res_stat=2.317e+03
[WARN] [1789396184.329839172] [acados_nmpc_node]: acados solve failed [status=2, 393 consecutive] | x_cur pos=[10.6691761   5.27812862 -0.2804144 ] vel=[ 0.70777339 -0.60930389 -0.44770524] |q|=1.0000
[WARN] [1789396184.330058700] [acados_nmpc_node]: Exceeded 40 consecutive failures, resetting warm-start to safe hover state
[INFO] [1789396184.330725002] [acados_nmpc_node]: [attach-window] t=76.18s pos_err=12.550m T=20.25N z=-0.280 m_est=2.129
[WARN] [1789396184.412625206] [acados_nmpc_node]: t=76.27s | KKT residual abnormal! res_stat=2.027e+02 res_eq=1.983e-03 res_ineq=0.000e+00 res_comp=7.835e+00 | sqp_iter=100 | peak res_stat=2.317e+03
[WARN] [1789396184.412987913] [acados_nmpc_node]: acados solve failed [status=2, 394 consecutive] | x_cur pos=[10.71546459  5.23228312 -0.32635859] vel=[ 0.48814535 -0.81222183 -0.47003907] |q|=1.0000
[WARN] [1789396184.413213931] [acados_nmpc_node]: Exceeded 40 consecutive failures, resetting warm-start to safe hover state
[INFO] [1789396184.413765173] [acados_nmpc_node]: [attach-window] t=76.27s pos_err=12.569m T=20.25N z=-0.326 m_est=2.129
[WARN] [1789396184.493805844] [acados_nmpc_node]: t=76.35s | KKT residual abnormal! res_stat=1.678e+02 res_eq=5.166e-04 res_ineq=0.000e+00 res_comp=5.380e+00 | sqp_iter=100 | peak res_stat=2.317e+03
[WARN] [1789396184.494202719] [acados_nmpc_node]: acados solve failed [status=2, 395 consecutive] | x_cur pos=[10.73521042  5.11865807 -0.27067956] vel=[ 0.13126834 -1.01387763  0.25858015] |q|=1.0000
[WARN] [1789396184.494422732] [acados_nmpc_node]: Exceeded 40 consecutive failures, resetting warm-start to safe hover state
[INFO] [1789396184.494990431] [acados_nmpc_node]: [attach-window] t=76.35s pos_err=12.468m T=20.25N z=-0.271 m_est=2.129
[WARN] [1789396184.574494150] [acados_nmpc_node]: t=76.43s | KKT residual abnormal! res_stat=1.340e+02 res_eq=1.631e-03 res_ineq=0.000e+00 res_comp=7.346e+00 | sqp_iter=100 | peak res_stat=2.317e+03
[WARN] [1789396184.574902390] [acados_nmpc_node]: acados solve failed [status=2, 396 consecutive] | x_cur pos=[10.73908424  5.04583311 -0.24890229] vel=[ 0.23910336 -0.97844607 -0.31907019] |q|=1.0000
[WARN] [1789396184.575126190] [acados_nmpc_node]: Exceeded 40 consecutive failures, resetting warm-start to safe hover state
[INFO] [1789396184.575696864] [acados_nmpc_node]: [attach-window] t=76.43s pos_err=12.410m T=20.25N z=-0.249 m_est=2.129
[WARN] [1789396184.658325379] [acados_nmpc_node]: t=76.51s | KKT residual abnormal! res_stat=2.716e+02 res_eq=1.765e-03 res_ineq=0.000e+00 res_comp=1.009e+01 | sqp_iter=100 | peak res_stat=2.317e+03
[WARN] [1789396184.658720937] [acados_nmpc_node]: acados solve failed [status=2, 397 consecutive] | x_cur pos=[10.7526474   4.9594593  -0.28304309] vel=[ 0.00559122 -0.42973831 -0.00319155] |q|=1.0000
[WARN] [1789396184.658947617] [acados_nmpc_node]: Exceeded 40 consecutive failures, resetting warm-start to safe hover state
[INFO] [1789396184.659524205] [acados_nmpc_node]: [attach-window] t=76.51s pos_err=12.370m T=20.25N z=-0.283 m_est=2.129
[WARN] [1789396184.745201608] [acados_nmpc_node]: t=76.59s | KKT residual abnormal! res_stat=4.048e+02 res_eq=1.495e-03 res_ineq=0.000e+00 res_comp=5.085e+00 | sqp_iter=100 | peak res_stat=2.317e+03
[WARN] [1789396184.745580326] [acados_nmpc_node]: acados solve failed [status=2, 398 consecutive] | x_cur pos=[10.75097466  4.92747498 -0.2996847 ] vel=[ 0.1287574  -0.41484615 -0.67401195] |q|=1.0000
[WARN] [1789396184.745801491] [acados_nmpc_node]: Exceeded 40 consecutive failures, resetting warm-start to safe hover state
[INFO] [1789396184.746371727] [acados_nmpc_node]: [attach-window] t=76.59s pos_err=12.355m T=20.25N z=-0.300 m_est=2.129
[WARN] [1789396184.823636608] [acados_nmpc_node]: t=76.68s | KKT residual abnormal! res_stat=1.889e+02 res_eq=2.503e-03 res_ineq=0.000e+00 res_comp=3.968e+00 | sqp_iter=100 | peak res_stat=2.317e+03
[WARN] [1789396184.824018400] [acados_nmpc_node]: acados solve failed [status=2, 399 consecutive] | x_cur pos=[10.73120022  4.90249729 -0.27460209] vel=[-0.5186522  -0.27969936  1.42811358] |q|=1.0000
[WARN] [1789396184.824243935] [acados_nmpc_node]: Exceeded 40 consecutive failures, resetting warm-start to safe hover state
[INFO] [1789396184.824797796] [acados_nmpc_node]: [attach-window] t=76.68s pos_err=12.313m T=20.25N z=-0.275 m_est=2.129
[WARN] [1789396184.903465947] [acados_nmpc_node]: t=76.76s | KKT residual abnormal! res_stat=2.511e+02 res_eq=1.211e-03 res_ineq=0.000e+00 res_comp=2.187e+00 | sqp_iter=100 | peak res_stat=2.317e+03
[WARN] [1789396184.903831170] [acados_nmpc_node]: acados solve failed [status=2, 400 consecutive] | x_cur pos=[10.68370056  4.89020395 -0.1764219 ] vel=[-0.48972502 -0.25658047  0.73510414] |q|=1.0000
[WARN] [1789396184.904048582] [acados_nmpc_node]: Exceeded 40 consecutive failures, resetting warm-start to safe hover state
[INFO] [1789396184.904588227] [acados_nmpc_node]: [attach-window] t=76.76s pos_err=12.228m T=20.25N z=-0.176 m_est=2.129
[WARN] [1789396184.985922743] [acados_nmpc_node]: t=76.84s | KKT residual abnormal! res_stat=2.934e+02 res_eq=1.203e-03 res_ineq=0.000e+00 res_comp=5.578e+00 | sqp_iter=100 | peak res_stat=2.317e+03
[WARN] [1789396184.986284738] [acados_nmpc_node]: acados solve failed [status=2, 401 consecutive] | x_cur pos=[10.64192581  4.88064766 -0.11244515] vel=[-0.36291358 -0.23193154  0.18736948] |q|=1.0000
[WARN] [1789396184.986506291] [acados_nmpc_node]: Exceeded 40 consecutive failures, resetting warm-start to safe hover state
[INFO] [1789396184.987040340] [acados_nmpc_node]: [attach-window] t=76.84s pos_err=12.162m T=20.25N z=-0.112 m_est=2.129
[WARN] [1789396185.073208313] [acados_nmpc_node]: t=76.92s | KKT residual abnormal! res_stat=5.048e+01 res_eq=2.452e-04 res_ineq=0.000e+00 res_comp=1.435e+00 | sqp_iter=100 | peak res_stat=2.317e+03
[WARN] [1789396185.073584314] [acados_nmpc_node]: acados solve failed [status=2, 402 consecutive] | x_cur pos=[10.60280991  4.86768675 -0.10115528] vel=[-0.13031837 -0.1816359  -0.61210573] |q|=1.0000
[WARN] [1789396185.073805431] [acados_nmpc_node]: Exceeded 40 consecutive failures, resetting warm-start to safe hover state
[INFO] [1789396185.074360762] [acados_nmpc_node]: [attach-window] t=76.92s pos_err=12.118m T=20.25N z=-0.101 m_est=2.129
[WARN] [1789396185.159358862] [acados_nmpc_node]: t=77.01s | KKT residual abnormal! res_stat=1.269e+02 res_eq=7.222e-04 res_ineq=0.000e+00 res_comp=1.811e+00 | sqp_iter=100 | peak res_stat=2.317e+03
[WARN] [1789396185.159748335] [acados_nmpc_node]: acados solve failed [status=2, 403 consecutive] | x_cur pos=[10.59627151  4.85824108 -0.20020276] vel=[ 0.08980719 -0.11938938 -1.5170691 ] |q|=1.0000
[WARN] [1789396185.159976093] [acados_nmpc_node]: Exceeded 40 consecutive failures, resetting warm-start to safe hover state
[INFO] [1789396185.160520517] [acados_nmpc_node]: [attach-window] t=77.01s pos_err=12.144m T=20.25N z=-0.200 m_est=2.129
[WARN] [1789396185.246786593] [acados_nmpc_node]: t=77.09s | KKT residual abnormal! res_stat=9.046e+01 res_eq=1.254e-03 res_ineq=0.000e+00 res_comp=2.433e+00 | sqp_iter=100 | peak res_stat=2.317e+03
[WARN] [1789396185.247155202] [acados_nmpc_node]: acados solve failed [status=2, 404 consecutive] | x_cur pos=[10.60811901  4.85505056 -0.31860098] vel=[ 0.31668484  0.02688417 -2.0301373 ] |q|=1.0000
[WARN] [1789396185.247377922] [acados_nmpc_node]: Exceeded 40 consecutive failures, resetting warm-start to safe hover state
[INFO] [1789396185.247922453] [acados_nmpc_node]: [attach-window] t=77.09s pos_err=12.192m T=20.25N z=-0.319 m_est=2.129
[INFO] [1789396185.248224554] [acados_nmpc_node]: [wcmd] raw=[+10.648,-0.486,+22.179] w=[-0.472,-2.012,-0.122] err=[+11.120,+1.526] scaled=[+10.648,-0.486] s=1.97
[WARN] [1789396185.322531836] [acados_nmpc_node]: t=77.18s | KKT residual abnormal! res_stat=2.588e+02 res_eq=2.196e-03 res_ineq=0.000e+00 res_comp=5.773e+00 | sqp_iter=100 | peak res_stat=2.317e+03
[WARN] [1789396185.322900812] [acados_nmpc_node]: acados solve failed [status=2, 405 consecutive] | x_cur pos=[10.58573437  4.91082954 -0.28543681] vel=[-0.6033228   0.22419515  1.62633085] |q|=1.0000
[WARN] [1789396185.323130596] [acados_nmpc_node]: Exceeded 40 consecutive failures, resetting warm-start to safe hover state
[INFO] [1789396185.323676603] [acados_nmpc_node]: [attach-window] t=77.18s pos_err=12.182m T=20.25N z=-0.285 m_est=2.129
[WARN] [1789396185.403670701] [acados_nmpc_node]: t=77.26s | KKT residual abnormal! res_stat=1.048e+02 res_eq=7.309e-04 res_ineq=0.000e+00 res_comp=1.743e+00 | sqp_iter=100 | peak res_stat=2.317e+03
[WARN] [1789396185.404033852] [acados_nmpc_node]: acados solve failed [status=2, 406 consecutive] | x_cur pos=[10.54934788  4.93659973 -0.20261753] vel=[-0.64109135  0.23805906  0.96480018] |q|=1.0000
[WARN] [1789396185.404258924] [acados_nmpc_node]: Exceeded 40 consecutive failures, resetting warm-start to safe hover state
[INFO] [1789396185.404801670] [acados_nmpc_node]: [attach-window] t=77.26s pos_err=12.120m T=20.25N z=-0.203 m_est=2.129
[WARN] [1789396185.484357571] [acados_nmpc_node]: t=77.34s | KKT residual abnormal! res_stat=8.859e+01 res_eq=6.257e-04 res_ineq=0.000e+00 res_comp=7.645e+00 | sqp_iter=100 | peak res_stat=2.317e+03
[WARN] [1789396185.484721009] [acados_nmpc_node]: acados solve failed [status=2, 407 consecutive] | x_cur pos=[10.51478767  4.96152163 -0.15950927] vel=[-0.50430834  0.2556504   0.40280098] |q|=1.0000
[WARN] [1789396185.484941766] [acados_nmpc_node]: Exceeded 40 consecutive failures, resetting warm-start to safe hover state
[INFO] [1789396185.485488410] [acados_nmpc_node]: [attach-window] t=77.34s pos_err=12.077m T=20.25N z=-0.160 m_est=2.129
[WARN] [1789396185.574379982] [acados_nmpc_node]: t=77.42s | KKT residual abnormal! res_stat=1.810e+02 res_eq=9.795e-04 res_ineq=0.000e+00 res_comp=2.863e+00 | sqp_iter=100 | peak res_stat=2.317e+03
[WARN] [1789396185.574775231] [acados_nmpc_node]: acados solve failed [status=2, 408 consecutive] | x_cur pos=[10.48008442  5.00136185 -0.1757029 ] vel=[-0.24554189  0.29469636 -0.47608924] |q|=1.0000
[WARN] [1789396185.574993394] [acados_nmpc_node]: Exceeded 40 consecutive failures, resetting warm-start to safe hover state
[INFO] [1789396185.575567249] [acados_nmpc_node]: [attach-window] t=77.42s pos_err=12.075m T=20.25N z=-0.176 m_est=2.129
[WARN] [1789396185.661715527] [acados_nmpc_node]: t=77.51s | KKT residual abnormal! res_stat=3.979e+01 res_eq=2.876e-04 res_ineq=0.000e+00 res_comp=1.537e+00 | sqp_iter=100 | peak res_stat=2.317e+03
[WARN] [1789396185.662075219] [acados_nmpc_node]: acados solve failed [status=2, 409 consecutive] | x_cur pos=[10.47903919  5.04240036 -0.27574897] vel=[ 0.01389009  0.39074805 -1.26322341] |q|=1.0000
[WARN] [1789396185.662295586] [acados_nmpc_node]: Exceeded 40 consecutive failures, resetting warm-start to safe hover state
[INFO] [1789396185.662838853] [acados_nmpc_node]: [attach-window] t=77.51s pos_err=12.130m T=20.25N z=-0.276 m_est=2.129
[WARN] [1789396185.748230271] [acados_nmpc_node]: t=77.59s | KKT residual abnormal! res_stat=4.162e+01 res_eq=9.156e-05 res_ineq=0.000e+00 res_comp=1.918e-01 | sqp_iter=100 | peak res_stat=2.317e+03
[WARN] [1789396185.748618799] [acados_nmpc_node]: acados solve failed [status=2, 410 consecutive] | x_cur pos=[10.49520874  5.07771301 -0.40577328] vel=[ 0.15812433  0.44848862 -1.90318525] |q|=1.0000
[WARN] [1789396185.748839944] [acados_nmpc_node]: Exceeded 40 consecutive failures, resetting warm-start to safe hover state
[INFO] [1789396185.749502202] [acados_nmpc_node]: [attach-window] t=77.59s pos_err=12.210m T=20.25N z=-0.406 m_est=2.129
[WARN] [1789396185.835861301] [acados_nmpc_node]: t=77.68s | KKT residual abnormal! res_stat=1.411e+02 res_eq=1.214e-03 res_ineq=0.000e+00 res_comp=4.919e+00 | sqp_iter=100 | peak res_stat=2.317e+03
[WARN] [1789396185.836253412] [acados_nmpc_node]: acados solve failed [status=2, 411 consecutive] | x_cur pos=[10.50744915  5.15018845 -0.54151034] vel=[-0.4729594   0.57885075  0.77302837] |q|=1.0000
[WARN] [1789396185.836472021] [acados_nmpc_node]: Exceeded 40 consecutive failures, resetting warm-start to safe hover state
[INFO] [1789396185.837029249] [acados_nmpc_node]: [attach-window] t=77.68s pos_err=12.316m T=20.25N z=-0.542 m_est=2.129
[WARN] [1789396185.919696650] [acados_nmpc_node]: t=77.77s | KKT residual abnormal! res_stat=3.013e+01 res_eq=3.868e-04 res_ineq=0.000e+00 res_comp=4.035e-01 | sqp_iter=100 | peak res_stat=2.317e+03
[WARN] [1789396185.920083729] [acados_nmpc_node]: acados solve failed [status=2, 412 consecutive] | x_cur pos=[10.47909451  5.1987071  -0.50811285] vel=[-0.43341759  0.59592831  0.06860368] |q|=1.0000
[WARN] [1789396185.920311881] [acados_nmpc_node]: Exceeded 40 consecutive failures, resetting warm-start to safe hover state
[INFO] [1789396185.920871564] [acados_nmpc_node]: [attach-window] t=77.77s pos_err=12.294m T=20.25N z=-0.508 m_est=2.129
[WARN] [1789396186.003681799] [acados_nmpc_node]: t=77.86s | KKT residual abnormal! res_stat=2.515e+01 res_eq=3.111e-04 res_ineq=0.000e+00 res_comp=2.793e+00 | sqp_iter=100 | peak res_stat=2.317e+03
[WARN] [1789396186.004075727] [acados_nmpc_node]: acados solve failed [status=2, 413 consecutive] | x_cur pos=[10.45473671  5.2501235  -0.48900592] vel=[ 0.33914539  0.1420148  -0.53331268] |q|=1.0000
[WARN] [1789396186.004303107] [acados_nmpc_node]: Exceeded 40 consecutive failures, resetting warm-start to safe hover state
[INFO] [1789396186.004868222] [acados_nmpc_node]: [attach-window] t=77.86s pos_err=12.286m T=20.25N z=-0.489 m_est=2.129
[WARN] [1789396186.086274120] [acados_nmpc_node]: t=77.94s | KKT residual abnormal! res_stat=2.460e-02 res_eq=7.849e-13 res_ineq=0.000e+00 res_comp=9.266e-09 | sqp_iter=100 | peak res_stat=2.317e+03
[WARN] [1789396186.086669736] [acados_nmpc_node]: acados solve failed [status=2, 414 consecutive] | x_cur pos=[10.46868992  5.26083899 -0.51208824] vel=[ 0.01719687  1.01618016 -1.02621782] |q|=1.0000
[WARN] [1789396186.086895433] [acados_nmpc_node]: Exceeded 40 consecutive failures, resetting warm-start to safe hover state
[INFO] [1789396186.087460563] [acados_nmpc_node]: [attach-window] t=77.94s pos_err=12.299m T=20.25N z=-0.512 m_est=2.129
[WARN] [1789396186.167307505] [acados_nmpc_node]: t=78.02s | KKT residual abnormal! res_stat=9.543e+02 res_eq=8.988e-04 res_ineq=0.000e+00 res_comp=4.919e+00 | sqp_iter=100 | peak res_stat=2.317e+03
[WARN] [1789396186.167691375] [acados_nmpc_node]: acados solve failed [status=2, 415 consecutive] | x_cur pos=[10.46117783  5.3395896  -0.54082704] vel=[-0.43757206  0.22511621  0.89379811] |q|=1.0000
[WARN] [1789396186.167914490] [acados_nmpc_node]: Exceeded 40 consecutive failures, resetting warm-start to safe hover state
[INFO] [1789396186.168481253] [acados_nmpc_node]: [attach-window] t=78.02s pos_err=12.350m T=20.25N z=-0.541 m_est=2.129
[WARN] [1789396186.242970049] [acados_nmpc_node]: t=78.10s | KKT residual abnormal! res_stat=1.145e+03 res_eq=2.365e-04 res_ineq=0.000e+00 res_comp=7.028e+00 | sqp_iter=100 | peak res_stat=2.317e+03
[WARN] [1789396186.243352395] [acados_nmpc_node]: acados solve failed [status=2, 416 consecutive] | x_cur pos=[10.42990685  5.35709333 -0.47976837] vel=[-0.408335    0.2393557   0.27446774] |q|=1.0000
[WARN] [1789396186.243573403] [acados_nmpc_node]: Exceeded 40 consecutive failures, resetting warm-start to safe hover state
[INFO] [1789396186.244131064] [acados_nmpc_node]: [attach-window] t=78.10s pos_err=12.303m T=20.25N z=-0.480 m_est=2.129
[WARN] [1789396186.315648480] [acados_nmpc_node]: t=78.17s | KKT residual abnormal! res_stat=3.382e-02 res_eq=4.284e-10 res_ineq=0.000e+00 res_comp=6.020e-07 | sqp_iter=100 | peak res_stat=2.317e+03
[WARN] [1789396186.316027314] [acados_nmpc_node]: acados solve failed [status=2, 417 consecutive] | x_cur pos=[10.38232613  5.37450743 -0.43949673] vel=[-0.20300908  0.34309196 -0.61753196] |q|=1.0000
[WARN] [1789396186.316270126] [acados_nmpc_node]: Exceeded 40 consecutive failures, resetting warm-start to safe hover state
[INFO] [1789396186.316824760] [acados_nmpc_node]: [attach-window] t=78.17s pos_err=12.262m T=20.25N z=-0.439 m_est=2.129
[WARN] [1789396186.391250436] [acados_nmpc_node]: t=78.25s | KKT residual abnormal! res_stat=7.723e-01 res_eq=4.436e-08 res_ineq=0.000e+00 res_comp=1.570e-12 | sqp_iter=100 | peak res_stat=2.317e+03
[WARN] [1789396186.391624834] [acados_nmpc_node]: acados solve failed [status=2, 418 consecutive] | x_cur pos=[10.36238384  5.38978815 -0.46874037] vel=[-0.6424771  -0.30704087  1.25282967] |q|=1.0000
[WARN] [1789396186.391842912] [acados_nmpc_node]: Exceeded 40 consecutive failures, resetting warm-start to safe hover state
[INFO] [1789396186.392386425] [acados_nmpc_node]: [attach-window] t=78.25s pos_err=12.277m T=20.25N z=-0.469 m_est=2.129
[WARN] [1789396186.478985769] [acados_nmpc_node]: t=78.33s | KKT residual abnormal! res_stat=3.477e+01 res_eq=9.025e-04 res_ineq=0.000e+00 res_comp=5.214e+00 | sqp_iter=100 | peak res_stat=2.317e+03
[WARN] [1789396186.479353682] [acados_nmpc_node]: acados solve failed [status=2, 419 consecutive] | x_cur pos=[10.32451439  5.36827374 -0.39802033] vel=[-0.5932582  -0.25937319  0.73942465] |q|=1.0000
[WARN] [1789396186.479575634] [acados_nmpc_node]: Exceeded 40 consecutive failures, resetting warm-start to safe hover state
[INFO] [1789396186.480120050] [acados_nmpc_node]: [attach-window] t=78.33s pos_err=12.210m T=20.25N z=-0.398 m_est=2.129
[WARN] [1789396186.563995617] [acados_nmpc_node]: t=78.41s | KKT residual abnormal! res_stat=2.141e+01 res_eq=2.083e-04 res_ineq=0.000e+00 res_comp=8.930e-01 | sqp_iter=100 | peak res_stat=2.317e+03
[WARN] [1789396186.564397983] [acados_nmpc_node]: acados solve failed [status=2, 420 consecutive] | x_cur pos=[10.26124763  5.32542753 -0.31561056] vel=[-0.29526916 -0.13789292 -0.07928666] |q|=1.0000
[WARN] [1789396186.564626200] [acados_nmpc_node]: Exceeded 40 consecutive failures, resetting warm-start to safe hover state
[INFO] [1789396186.565184680] [acados_nmpc_node]: [attach-window] t=78.41s pos_err=12.117m T=20.25N z=-0.316 m_est=2.129
[WARN] [1789396186.639949265] [acados_nmpc_node]: t=78.50s | KKT residual abnormal! res_stat=1.051e+02 res_eq=2.278e-03 res_ineq=0.000e+00 res_comp=2.060e+01 | sqp_iter=100 | peak res_stat=2.317e+03
[WARN] [1789396186.640316110] [acados_nmpc_node]: acados solve failed [status=2, 421 consecutive] | x_cur pos=[10.23810768  5.30282927 -0.31636205] vel=[-0.16137974 -0.10970348 -0.69739586] |q|=1.0000
[WARN] [1789396186.640537173] [acados_nmpc_node]: Exceeded 40 consecutive failures, resetting warm-start to safe hover state
[INFO] [1789396186.641072047] [acados_nmpc_node]: [attach-window] t=78.50s pos_err=12.112m T=20.25N z=-0.316 m_est=2.129
[WARN] [1789396186.721696611] [acados_nmpc_node]: t=78.58s | KKT residual abnormal! res_stat=4.804e+01 res_eq=6.807e-04 res_ineq=0.000e+00 res_comp=1.081e+01 | sqp_iter=100 | peak res_stat=2.317e+03
[WARN] [1789396186.722067651] [acados_nmpc_node]: acados solve failed [status=2, 422 consecutive] | x_cur pos=[10.22838593  5.28002691 -0.40536195] vel=[-0.00298441 -0.08983977 -1.55557656] |q|=1.0000
[WARN] [1789396186.722292049] [acados_nmpc_node]: Exceeded 40 consecutive failures, resetting warm-start to safe hover state
[INFO] [1789396186.722842817] [acados_nmpc_node]: [attach-window] t=78.58s pos_err=12.170m T=20.25N z=-0.405 m_est=2.129
[WARN] [1789396186.802329349] [acados_nmpc_node]: t=78.66s | KKT residual abnormal! res_stat=9.172e+01 res_eq=7.452e-04 res_ineq=0.000e+00 res_comp=1.003e+01 | sqp_iter=100 | peak res_stat=2.317e+03
[WARN] [1789396186.802716931] [acados_nmpc_node]: acados solve failed [status=2, 423 consecutive] | x_cur pos=[10.20554733  5.28701019 -0.42252013] vel=[-1.03682172  0.73686725  1.96450305] |q|=1.0000
[WARN] [1789396186.802935237] [acados_nmpc_node]: Exceeded 40 consecutive failures, resetting warm-start to safe hover state
[INFO] [1789396186.803504490] [acados_nmpc_node]: [attach-window] t=78.66s pos_err=12.204m T=20.25N z=-0.423 m_est=2.129
[WARN] [1789396186.884547576] [acados_nmpc_node]: t=78.74s | KKT residual abnormal! res_stat=3.458e+02 res_eq=2.711e-03 res_ineq=0.000e+00 res_comp=2.078e+01 | sqp_iter=100 | peak res_stat=2.317e+03
[WARN] [1789396186.884923143] [acados_nmpc_node]: acados solve failed [status=2, 424 consecutive] | x_cur pos=[10.13957691  5.32640457 -0.31843644] vel=[-1.07768488  0.69768023  1.29980922] |q|=1.0000
[WARN] [1789396186.885149312] [acados_nmpc_node]: Exceeded 40 consecutive failures, resetting warm-start to safe hover state
[INFO] [1789396186.885706076] [acados_nmpc_node]: [attach-window] t=78.74s pos_err=12.164m T=20.25N z=-0.318 m_est=2.129
[INFO] [1789396186.886010403] [acados_nmpc_node]: [wcmd] raw=[+10.648,-0.486,+22.179] w=[-0.856,+2.510,+2.901] err=[+11.504,-2.996] scaled=[+10.648,-0.486] s=1.97
[WARN] [1789396186.963653120] [acados_nmpc_node]: t=78.82s | KKT residual abnormal! res_stat=2.334e+02 res_eq=9.212e-04 res_ineq=0.000e+00 res_comp=4.819e+00 | sqp_iter=100 | peak res_stat=2.317e+03
[WARN] [1789396186.964021854] [acados_nmpc_node]: acados solve failed [status=2, 425 consecutive] | x_cur pos=[10.02936459  5.3927474  -0.22752379] vel=[-0.94421881  0.73626083  0.36711496] |q|=1.0000
[WARN] [1789396186.964249987] [acados_nmpc_node]: Exceeded 40 consecutive failures, resetting warm-start to safe hover state
[INFO] [1789396186.964795811] [acados_nmpc_node]: [attach-window] t=78.82s pos_err=12.119m T=20.25N z=-0.228 m_est=2.129
[WARN] [1789396187.041860144] [acados_nmpc_node]: t=78.90s | KKT residual abnormal! res_stat=1.117e+03 res_eq=3.500e-03 res_ineq=0.000e+00 res_comp=7.843e+00 | sqp_iter=100 | peak res_stat=2.317e+03
[WARN] [1789396187.042218154] [acados_nmpc_node]: acados solve failed [status=2, 426 consecutive] | x_cur pos=[ 9.96218872  5.44771147 -0.21965736] vel=[-0.77840704  0.83330119 -0.19240765] |q|=1.0000
[WARN] [1789396187.042440087] [acados_nmpc_node]: Exceeded 40 consecutive failures, resetting warm-start to safe hover state
[INFO] [1789396187.042977232] [acados_nmpc_node]: [attach-window] t=78.90s pos_err=12.141m T=20.25N z=-0.220 m_est=2.129
[WARN] [1789396187.121874015] [acados_nmpc_node]: t=78.98s | KKT residual abnormal! res_stat=1.624e+01 res_eq=1.388e-04 res_ineq=0.000e+00 res_comp=1.078e-01 | sqp_iter=100 | peak res_stat=2.317e+03
[WARN] [1789396187.122252396] [acados_nmpc_node]: acados solve failed [status=2, 427 consecutive] | x_cur pos=[ 9.89459705  5.53866673 -0.27901042] vel=[-0.55625647  1.01499379 -0.91739643] |q|=1.0000
[WARN] [1789396187.122475167] [acados_nmpc_node]: Exceeded 40 consecutive failures, resetting warm-start to safe hover state
[INFO] [1789396187.123125720] [acados_nmpc_node]: [attach-window] t=78.98s pos_err=12.223m T=20.25N z=-0.279 m_est=2.129
[WARN] [1789396187.206913277] [acados_nmpc_node]: t=79.06s | KKT residual abnormal! res_stat=1.105e+02 res_eq=2.223e-03 res_ineq=0.000e+00 res_comp=9.769e+00 | sqp_iter=100 | peak res_stat=2.317e+03
[WARN] [1789396187.207293264] [acados_nmpc_node]: acados solve failed [status=2, 428 consecutive] | x_cur pos=[ 9.85943699  5.62239265 -0.37403858] vel=[-0.42287168  1.15858555 -1.49801075] |q|=1.0000
[WARN] [1789396187.207520558] [acados_nmpc_node]: Exceeded 40 consecutive failures, resetting warm-start to safe hover state
[INFO] [1789396187.208067628] [acados_nmpc_node]: [attach-window] t=79.06s pos_err=12.345m T=20.25N z=-0.374 m_est=2.129
[WARN] [1789396187.286879066] [acados_nmpc_node]: t=79.14s | KKT residual abnormal! res_stat=1.575e+02 res_eq=7.389e-04 res_ineq=0.000e+00 res_comp=2.360e+01 | sqp_iter=100 | peak res_stat=2.317e+03
[WARN] [1789396187.287258447] [acados_nmpc_node]: acados solve failed [status=2, 429 consecutive] | x_cur pos=[ 9.83903122  5.69627762 -0.47930664] vel=[-0.34946385  1.25994158 -1.98257732] |q|=1.0000
[WARN] [1789396187.287482109] [acados_nmpc_node]: Exceeded 40 consecutive failures, resetting warm-start to safe hover state
[INFO] [1789396187.288014769] [acados_nmpc_node]: [attach-window] t=79.14s pos_err=12.489m T=20.25N z=-0.479 m_est=2.129
[WARN] [1789396187.373997420] [acados_nmpc_node]: t=79.22s | KKT residual abnormal! res_stat=4.457e+01 res_eq=1.521e-04 res_ineq=0.000e+00 res_comp=8.100e-01 | sqp_iter=100 | peak res_stat=2.317e+03
[WARN] [1789396187.374370565] [acados_nmpc_node]: acados solve failed [status=2, 430 consecutive] | x_cur pos=[ 9.8341856   5.84102869 -0.72333241] vel=[ 0.93019682  0.36064887 -0.52596784] |q|=1.0000
[WARN] [1789396187.374590741] [acados_nmpc_node]: Exceeded 40 consecutive failures, resetting warm-start to safe hover state
[INFO] [1789396187.375135784] [acados_nmpc_node]: [attach-window] t=79.22s pos_err=12.744m T=20.25N z=-0.723 m_est=2.129
[WARN] [1789396187.458487847] [acados_nmpc_node]: t=79.31s | KKT residual abnormal! res_stat=7.222e+01 res_eq=1.981e-03 res_ineq=0.000e+00 res_comp=8.759e+00 | sqp_iter=100 | peak res_stat=2.317e+03
[WARN] [1789396187.458870075] [acados_nmpc_node]: acados solve failed [status=2, 431 consecutive] | x_cur pos=[ 9.98541451  5.80424118 -0.68047416] vel=[ 1.52939939 -0.65408689  0.45195866] |q|=1.0000
[WARN] [1789396187.459091888] [acados_nmpc_node]: Exceeded 40 consecutive failures, resetting warm-start to safe hover state
[INFO] [1789396187.459645050] [acados_nmpc_node]: [attach-window] t=79.31s pos_err=12.917m T=20.25N z=-0.680 m_est=2.129
[WARN] [1789396187.539231677] [acados_nmpc_node]: t=79.39s | KKT residual abnormal! res_stat=3.167e+01 res_eq=1.782e-04 res_ineq=0.000e+00 res_comp=2.161e+00 | sqp_iter=100 | peak res_stat=2.317e+03
[WARN] [1789396187.539614475] [acados_nmpc_node]: acados solve failed [status=2, 432 consecutive] | x_cur pos=[10.09904003  5.75708199 -0.6607331 ] vel=[ 1.5478121  -0.62720728 -0.17755172] |q|=1.0000
[WARN] [1789396187.539842885] [acados_nmpc_node]: Exceeded 40 consecutive failures, resetting warm-start to safe hover state
[INFO] [1789396187.540402725] [acados_nmpc_node]: [attach-window] t=79.39s pos_err=13.075m T=20.25N z=-0.661 m_est=2.129
[WARN] [1789396187.624157308] [acados_nmpc_node]: t=79.48s | KKT residual abnormal! res_stat=3.487e+01 res_eq=5.408e-05 res_ineq=0.000e+00 res_comp=3.209e-01 | sqp_iter=100 | peak res_stat=2.317e+03
[WARN] [1789396187.624522868] [acados_nmpc_node]: acados solve failed [status=2, 433 consecutive] | x_cur pos=[10.27121162  5.67957258 -0.70171094] vel=[ 1.57096946 -0.59449059 -1.11581337] |q|=1.0000
[WARN] [1789396187.624742366] [acados_nmpc_node]: Exceeded 40 consecutive failures, resetting warm-start to safe hover state
[INFO] [1789396187.625287303] [acados_nmpc_node]: [attach-window] t=79.48s pos_err=13.321m T=20.25N z=-0.702 m_est=2.129
[WARN] [1789396187.714774050] [acados_nmpc_node]: t=79.56s | KKT residual abnormal! res_stat=1.518e+01 res_eq=1.054e-04 res_ineq=0.000e+00 res_comp=9.536e-01 | sqp_iter=100 | peak res_stat=2.317e+03
[WARN] [1789396187.715131533] [acados_nmpc_node]: acados solve failed [status=2, 434 consecutive] | x_cur pos=[10.37825584  5.63417816 -0.7605232 ] vel=[ 0.92407537 -0.31318209 -0.41718531] |q|=1.0000
[WARN] [1789396187.715360845] [acados_nmpc_node]: Exceeded 40 consecutive failures, resetting warm-start to safe hover state
[INFO] [1789396187.715901282] [acados_nmpc_node]: [attach-window] t=79.56s pos_err=13.545m T=20.25N z=-0.761 m_est=2.129
[WARN] [1789396187.802488312] [acados_nmpc_node]: t=79.65s | KKT residual abnormal! res_stat=1.280e+01 res_eq=2.057e-05 res_ineq=0.000e+00 res_comp=5.710e-03 | sqp_iter=100 | peak res_stat=2.317e+03
[WARN] [1789396187.802866038] [acados_nmpc_node]: acados solve failed [status=2, 435 consecutive] | x_cur pos=[10.45703125  5.5900712  -0.81002748] vel=[ 0.63244975 -0.54277772 -0.51533765] |q|=1.0000
[WARN] [1789396187.803081766] [acados_nmpc_node]: Exceeded 40 consecutive failures, resetting warm-start to safe hover state
[INFO] [1789396187.803638322] [acados_nmpc_node]: [attach-window] t=79.65s pos_err=13.761m T=20.25N z=-0.810 m_est=2.129
[WARN] [1789396187.890112441] [acados_nmpc_node]: t=79.74s | KKT residual abnormal! res_stat=1.442e+01 res_eq=1.392e-04 res_ineq=0.000e+00 res_comp=4.365e-01 | sqp_iter=100 | peak res_stat=2.317e+03
[WARN] [1789396187.890478413] [acados_nmpc_node]: acados solve failed [status=2, 436 consecutive] | x_cur pos=[10.47762585  5.55054855 -0.7727809 ] vel=[ 0.46656057 -0.54382581  0.07470473] |q|=1.0000
[WARN] [1789396187.890698609] [acados_nmpc_node]: Exceeded 40 consecutive failures, resetting warm-start to safe hover state
[INFO] [1789396187.891242632] [acados_nmpc_node]: [attach-window] t=79.74s pos_err=13.893m T=20.25N z=-0.773 m_est=2.129
[WARN] [1789396187.981804056] [acados_nmpc_node]: t=79.83s | KKT residual abnormal! res_stat=3.829e+01 res_eq=9.002e-05 res_ineq=0.000e+00 res_comp=3.252e-01 | sqp_iter=100 | peak res_stat=2.317e+03
[WARN] [1789396187.982159943] [acados_nmpc_node]: acados solve failed [status=2, 437 consecutive] | x_cur pos=[10.50268555  5.49406195 -0.75444281] vel=[ 0.60395443 -0.36526752 -0.84207112] |q|=1.0000
[WARN] [1789396187.982377210] [acados_nmpc_node]: Exceeded 40 consecutive failures, resetting warm-start to safe hover state
[INFO] [1789396187.982908341] [acados_nmpc_node]: [attach-window] t=79.83s pos_err=14.042m T=20.25N z=-0.754 m_est=2.129
[WARN] [1789396188.070820235] [acados_nmpc_node]: t=79.92s | KKT residual abnormal! res_stat=2.507e+02 res_eq=4.189e-04 res_ineq=0.000e+00 res_comp=4.857e+00 | sqp_iter=100 | peak res_stat=2.317e+03
[WARN] [1789396188.071222324] [acados_nmpc_node]: acados solve failed [status=2, 438 consecutive] | x_cur pos=[10.55940723  5.41491413 -0.73936105] vel=[ 1.10688722 -1.21035111 -0.121574  ] |q|=1.0000
[WARN] [1789396188.071446563] [acados_nmpc_node]: Exceeded 40 consecutive failures, resetting warm-start to safe hover state
[INFO] [1789396188.072012117] [acados_nmpc_node]: [attach-window] t=79.92s pos_err=14.233m T=20.25N z=-0.739 m_est=2.129
[WARN] [1789396188.160647838] [acados_nmpc_node]: t=80.01s | KKT residual abnormal! res_stat=6.234e+00 res_eq=7.613e-05 res_ineq=0.000e+00 res_comp=2.667e-01 | sqp_iter=100 | peak res_stat=2.317e+03
[WARN] [1789396188.161042562] [acados_nmpc_node]: acados solve failed [status=2, 439 consecutive] | x_cur pos=[10.62252998  5.31958008 -0.74167621] vel=[ 1.01907516 -1.24038494 -0.84970176] |q|=1.0000
[WARN] [1789396188.161267837] [acados_nmpc_node]: Exceeded 40 consecutive failures, resetting warm-start to safe hover state
[INFO] [1789396188.161831921] [acados_nmpc_node]: [attach-window] t=80.01s pos_err=14.440m T=20.25N z=-0.742 m_est=2.129
[WARN] [1789396188.246733081] [acados_nmpc_node]: t=80.09s | KKT residual abnormal! res_stat=1.029e+02 res_eq=2.447e-04 res_ineq=0.000e+00 res_comp=1.382e+00 | sqp_iter=100 | peak res_stat=2.317e+03
[WARN] [1789396188.247137189] [acados_nmpc_node]: acados solve failed [status=2, 440 consecutive] | x_cur pos=[10.69228935  5.15492296 -0.70783699] vel=[ 0.75170654 -1.79971886  0.32489967] |q|=1.0000
[WARN] [1789396188.247363957] [acados_nmpc_node]: Exceeded 40 consecutive failures, resetting warm-start to safe hover state
[INFO] [1789396188.247944034] [acados_nmpc_node]: [attach-window] t=80.09s pos_err=14.629m T=20.25N z=-0.708 m_est=2.129
[WARN] [1789396188.337820723] [acados_nmpc_node]: t=80.18s | KKT residual abnormal! res_stat=1.055e+02 res_eq=3.039e-03 res_ineq=0.000e+00 res_comp=8.339e+00 | sqp_iter=100 | peak res_stat=2.317e+03
[WARN] [1789396188.338231404] [acados_nmpc_node]: acados solve failed [status=2, 441 consecutive] | x_cur pos=[10.74538994  4.94392633 -0.67550886] vel=[ 0.66157073 -1.81120503 -0.71610737] |q|=1.0000
[WARN] [1789396188.338451548] [acados_nmpc_node]: Exceeded 40 consecutive failures, resetting warm-start to safe hover state
[INFO] [1789396188.339018868] [acados_nmpc_node]: [attach-window] t=80.18s pos_err=14.820m T=20.25N z=-0.676 m_est=2.129
[WARN] [1789396188.425884631] [acados_nmpc_node]: t=80.27s | KKT residual abnormal! res_stat=1.454e+02 res_eq=3.002e-03 res_ineq=0.000e+00 res_comp=8.233e+00 | sqp_iter=100 | peak res_stat=2.317e+03
[WARN] [1789396188.426289757] [acados_nmpc_node]: acados solve failed [status=2, 442 consecutive] | x_cur pos=[10.77505779  4.81247473 -0.70775568] vel=[ 0.91401649 -1.81026363 -0.75352609] |q|=1.0000
[WARN] [1789396188.426510531] [acados_nmpc_node]: Exceeded 40 consecutive failures, resetting warm-start to safe hover state
[INFO] [1789396188.427106105] [acados_nmpc_node]: [attach-window] t=80.27s pos_err=15.039m T=20.25N z=-0.708 m_est=2.129
[WARN] [1789396188.514118468] [acados_nmpc_node]: t=80.36s | KKT residual abnormal! res_stat=5.713e-01 res_eq=3.659e-07 res_ineq=0.000e+00 res_comp=1.524e-03 | sqp_iter=100 | peak res_stat=2.317e+03
[WARN] [1789396188.514513861] [acados_nmpc_node]: acados solve failed [status=2, 443 consecutive] | x_cur pos=[10.81449223  4.61284542 -0.75632048] vel=[-0.71693569 -1.90536201  1.92435455] |q|=1.0000
[WARN] [1789396188.514737151] [acados_nmpc_node]: Exceeded 40 consecutive failures, resetting warm-start to safe hover state
[INFO] [1789396188.515305030] [acados_nmpc_node]: [attach-window] t=80.36s pos_err=15.270m T=20.25N z=-0.756 m_est=2.129
[WARN] [1789396188.603183366] [acados_nmpc_node]: t=80.45s | KKT residual abnormal! res_stat=9.783e+01 res_eq=1.638e-03 res_ineq=0.000e+00 res_comp=5.140e+00 | sqp_iter=100 | peak res_stat=2.317e+03
[WARN] [1789396188.603553319] [acados_nmpc_node]: acados solve failed [status=2, 444 consecutive] | x_cur pos=[10.7351017   4.41795158 -0.59397125] vel=[-0.70644593 -1.89750957  0.9687627 ] |q|=1.0000
[WARN] [1789396188.603772374] [acados_nmpc_node]: Exceeded 40 consecutive failures, resetting warm-start to safe hover state
[INFO] [1789396188.604418552] [acados_nmpc_node]: [attach-window] t=80.45s pos_err=15.313m T=20.25N z=-0.594 m_est=2.129
[INFO] [1789396188.604726644] [acados_nmpc_node]: [wcmd] raw=[+10.648,-0.486,+22.179] w=[-0.478,+2.088,+0.202] err=[+11.126,-2.574] scaled=[+10.648,-0.486] s=1.97
[WARN] [1789396188.692627158] [acados_nmpc_node]: t=80.54s | KKT residual abnormal! res_stat=2.718e+03 res_eq=5.211e-03 res_ineq=0.000e+00 res_comp=1.139e+01 | sqp_iter=100 | peak res_stat=2.718e+03
[WARN] [1789396188.692982250] [acados_nmpc_node]: acados solve failed [status=2, 445 consecutive] | x_cur pos=[10.67006397  4.28850079 -0.51624364] vel=[-0.74611002 -1.85877144  0.32793191] |q|=1.0000
[WARN] [1789396188.693203011] [acados_nmpc_node]: Exceeded 40 consecutive failures, resetting warm-start to safe hover state
[INFO] [1789396188.693741587] [acados_nmpc_node]: [attach-window] t=80.54s pos_err=15.417m T=20.25N z=-0.516 m_est=2.129
[WARN] [1789396188.781185876] [acados_nmpc_node]: t=80.63s | KKT residual abnormal! res_stat=2.818e+02 res_eq=1.807e-03 res_ineq=0.000e+00 res_comp=1.191e+01 | sqp_iter=100 | peak res_stat=2.718e+03
[WARN] [1789396188.781573186] [acados_nmpc_node]: acados solve failed [status=2, 446 consecutive] | x_cur pos=[10.56535053  4.08482552 -0.48821634] vel=[-0.69121873 -1.85829198 -0.64356679] |q|=1.0000
[WARN] [1789396188.781792174] [acados_nmpc_node]: Exceeded 40 consecutive failures, resetting warm-start to safe hover state
[INFO] [1789396188.782352403] [acados_nmpc_node]: [attach-window] t=80.63s pos_err=15.507m T=20.25N z=-0.488 m_est=2.129
[WARN] [1789396188.874779737] [acados_nmpc_node]: t=80.72s | KKT residual abnormal! res_stat=1.554e+02 res_eq=1.038e-03 res_ineq=0.000e+00 res_comp=3.210e+00 | sqp_iter=100 | peak res_stat=2.718e+03
[WARN] [1789396188.875174890] [acados_nmpc_node]: acados solve failed [status=2, 447 consecutive] | x_cur pos=[10.48062038  3.9005909  -0.5729903 ] vel=[-0.66751188 -1.84553003 -1.56966221] |q|=1.0000
[WARN] [1789396188.875394359] [acados_nmpc_node]: Exceeded 40 consecutive failures, resetting warm-start to safe hover state
[INFO] [1789396188.875956583] [acados_nmpc_node]: [attach-window] t=80.72s pos_err=15.666m T=20.25N z=-0.573 m_est=2.129
[WARN] [1789396188.965914367] [acados_nmpc_node]: t=80.81s | KKT residual abnormal! res_stat=6.945e+01 res_eq=6.535e-05 res_ineq=0.000e+00 res_comp=1.536e-01 | sqp_iter=100 | peak res_stat=2.718e+03
[WARN] [1789396188.966296819] [acados_nmpc_node]: acados solve failed [status=2, 448 consecutive] | x_cur pos=[10.39161205  3.70429182 -0.77595472] vel=[-0.71891737 -1.92099333 -2.29863596] |q|=1.0000
[WARN] [1789396188.966514933] [acados_nmpc_node]: Exceeded 40 consecutive failures, resetting warm-start to safe hover state
[INFO] [1789396188.967065372] [acados_nmpc_node]: [attach-window] t=80.81s pos_err=15.880m T=20.25N z=-0.776 m_est=2.129
[WARN] [1789396189.054651195] [acados_nmpc_node]: t=80.90s | KKT residual abnormal! res_stat=8.992e+01 res_eq=3.969e-04 res_ineq=0.000e+00 res_comp=2.800e+00 | sqp_iter=100 | peak res_stat=2.718e+03
[WARN] [1789396189.055060354] [acados_nmpc_node]: acados solve failed [status=2, 449 consecutive] | x_cur pos=[10.40441895  3.67301297 -0.76439607] vel=[ 0.592453   -0.11275491  0.56492376] |q|=1.0000
[WARN] [1789396189.055294136] [acados_nmpc_node]: Exceeded 40 consecutive failures, resetting warm-start to safe hover state
[INFO] [1789396189.055868320] [acados_nmpc_node]: [attach-window] t=80.90s pos_err=16.090m T=20.25N z=-0.764 m_est=2.129
[WARN] [1789396189.142626734] [acados_nmpc_node]: t=80.99s | KKT residual abnormal! res_stat=2.393e+02 res_eq=2.347e-03 res_ineq=0.000e+00 res_comp=8.345e+00 | sqp_iter=100 | peak res_stat=2.718e+03
[WARN] [1789396189.143016081] [acados_nmpc_node]: acados solve failed [status=2, 450 consecutive] | x_cur pos=[10.48386002  3.71172237 -0.75870359] vel=[ 1.05072784  0.55269945 -0.55044895] |q|=1.0000
[WARN] [1789396189.143240859] [acados_nmpc_node]: Exceeded 40 consecutive failures, resetting warm-start to safe hover state
[INFO] [1789396189.143800473] [acados_nmpc_node]: [attach-window] t=80.99s pos_err=16.343m T=20.25N z=-0.759 m_est=2.129
[WARN] [1789396189.234623205] [acados_nmpc_node]: t=81.08s | KKT residual abnormal! res_stat=9.823e+00 res_eq=1.497e-05 res_ineq=0.000e+00 res_comp=7.631e-03 | sqp_iter=100 | peak res_stat=2.718e+03
[WARN] [1789396189.235009056] [acados_nmpc_node]: acados solve failed [status=2, 451 consecutive] | x_cur pos=[10.58893299  3.79426241 -0.83337736] vel=[ 0.56888551  0.31381476 -0.84831506] |q|=1.0000
[WARN] [1789396189.235229234] [acados_nmpc_node]: Exceeded 40 consecutive failures, resetting warm-start to safe hover state
[INFO] [1789396189.235799956] [acados_nmpc_node]: [attach-window] t=81.08s pos_err=16.660m T=20.25N z=-0.833 m_est=2.129
[WARN] [1789396189.328336090] [acados_nmpc_node]: t=81.17s | KKT residual abnormal! res_stat=6.814e+01 res_eq=2.509e-04 res_ineq=0.000e+00 res_comp=2.195e+00 | sqp_iter=100 | peak res_stat=2.718e+03
[WARN] [1789396189.328723816] [acados_nmpc_node]: acados solve failed [status=2, 452 consecutive] | x_cur pos=[10.59875584  3.83201218 -0.82025886] vel=[-0.01611008  0.31954661  0.03064784] |q|=1.0000
[WARN] [1789396189.328945285] [acados_nmpc_node]: Exceeded 40 consecutive failures, resetting warm-start to safe hover state
[INFO] [1789396189.329507964] [acados_nmpc_node]: [attach-window] t=81.17s pos_err=16.855m T=20.25N z=-0.820 m_est=2.129
[WARN] [1789396189.416145709] [acados_nmpc_node]: t=81.26s | KKT residual abnormal! res_stat=4.604e+01 res_eq=5.392e-04 res_ineq=0.000e+00 res_comp=2.736e+00 | sqp_iter=100 | peak res_stat=2.718e+03
[WARN] [1789396189.416542387] [acados_nmpc_node]: acados solve failed [status=2, 453 consecutive] | x_cur pos=[10.58424473  3.86311936 -0.81201589] vel=[-0.07296722 -0.19343674 -0.17838928] |q|=1.0000
[WARN] [1789396189.416763914] [acados_nmpc_node]: Exceeded 40 consecutive failures, resetting warm-start to safe hover state
[INFO] [1789396189.417324481] [acados_nmpc_node]: [attach-window] t=81.26s pos_err=17.030m T=20.25N z=-0.812 m_est=2.129
[WARN] [1789396189.503960662] [acados_nmpc_node]: t=81.35s | KKT residual abnormal! res_stat=1.613e+01 res_eq=3.552e-05 res_ineq=0.000e+00 res_comp=4.553e-02 | sqp_iter=100 | peak res_stat=2.718e+03
[WARN] [1789396189.504336272] [acados_nmpc_node]: acados solve failed [status=2, 454 consecutive] | x_cur pos=[10.58655357  3.86991405 -0.83597493] vel=[ 0.61178476  0.37947911 -1.06429386] |q|=1.0000
[WARN] [1789396189.504553170] [acados_nmpc_node]: Exceeded 40 consecutive failures, resetting warm-start to safe hover state
[INFO] [1789396189.505106603] [acados_nmpc_node]: [attach-window] t=81.35s pos_err=17.216m T=20.25N z=-0.836 m_est=2.129
[WARN] [1789396189.594059100] [acados_nmpc_node]: t=81.44s | KKT residual abnormal! res_stat=3.321e+00 res_eq=2.958e-06 res_ineq=0.000e+00 res_comp=8.711e-03 | sqp_iter=100 | peak res_stat=2.718e+03
[WARN] [1789396189.594462063] [acados_nmpc_node]: acados solve failed [status=2, 455 consecutive] | x_cur pos=[10.60865688  3.89337993 -0.84415221] vel=[ 0.3468231   0.40407139 -0.24142833] |q|=1.0000
[WARN] [1789396189.594685600] [acados_nmpc_node]: Exceeded 40 consecutive failures, resetting warm-start to safe hover state
[INFO] [1789396189.595242606] [acados_nmpc_node]: [attach-window] t=81.44s pos_err=17.412m T=20.25N z=-0.844 m_est=2.129
[WARN] [1789396189.682530004] [acados_nmpc_node]: t=81.53s | KKT residual abnormal! res_stat=4.567e+02 res_eq=2.660e-03 res_ineq=0.000e+00 res_comp=3.559e+01 | sqp_iter=100 | peak res_stat=2.718e+03
[WARN] [1789396189.682920743] [acados_nmpc_node]: acados solve failed [status=2, 456 consecutive] | x_cur pos=[10.63526535  3.96330094 -0.79806328] vel=[ 0.24732046  0.69685954 -0.22491851] |q|=1.0000
[WARN] [1789396189.683153253] [acados_nmpc_node]: Exceeded 40 consecutive failures, resetting warm-start to safe hover state
[INFO] [1789396189.683707816] [acados_nmpc_node]: [attach-window] t=81.53s pos_err=17.589m T=20.25N z=-0.798 m_est=2.129
[WARN] [1789396189.768965184] [acados_nmpc_node]: t=81.62s | KKT residual abnormal! res_stat=7.149e+00 res_eq=9.371e-06 res_ineq=0.000e+00 res_comp=3.805e-02 | sqp_iter=100 | peak res_stat=2.718e+03
[WARN] [1789396189.769366712] [acados_nmpc_node]: acados solve failed [status=2, 457 consecutive] | x_cur pos=[10.66144562  4.00131178 -0.78977585] vel=[ 0.1212841  -0.08245408 -0.8204698 ] |q|=1.0000
[WARN] [1789396189.769600768] [acados_nmpc_node]: Exceeded 40 consecutive failures, resetting warm-start to safe hover state
[INFO] [1789396189.770155477] [acados_nmpc_node]: [attach-window] t=81.62s pos_err=17.774m T=20.25N z=-0.790 m_est=2.129
[WARN] [1789396189.857970323] [acados_nmpc_node]: t=81.70s | KKT residual abnormal! res_stat=2.533e+02 res_eq=7.140e-04 res_ineq=0.000e+00 res_comp=3.053e+01 | sqp_iter=100 | peak res_stat=2.718e+03
[WARN] [1789396189.858379231] [acados_nmpc_node]: acados solve failed [status=2, 458 consecutive] | x_cur pos=[10.67978191  4.01982832 -0.80430174] vel=[ 0.3095082   0.41399103 -0.79967707] |q|=1.0000
[WARN] [1789396189.858605885] [acados_nmpc_node]: Exceeded 40 consecutive failures, resetting warm-start to safe hover state
[INFO] [1789396189.859159985] [acados_nmpc_node]: [attach-window] t=81.70s pos_err=17.953m T=20.25N z=-0.804 m_est=2.129
[WARN] [1789396189.936566963] [acados_nmpc_node]: t=81.79s | KKT residual abnormal! res_stat=5.757e+01 res_eq=1.034e-03 res_ineq=0.000e+00 res_comp=1.796e+01 | sqp_iter=100 | peak res_stat=2.718e+03
[WARN] [1789396189.936964492] [acados_nmpc_node]: acados solve failed [status=2, 459 consecutive] | x_cur pos=[10.68710518  4.02910376 -0.79354858] vel=[-0.18546535  0.25068048  0.30599323] |q|=1.0000
[WARN] [1789396189.937199658] [acados_nmpc_node]: Exceeded 40 consecutive failures, resetting warm-start to safe hover state
[INFO] [1789396189.937767369] [acados_nmpc_node]: [attach-window] t=81.79s pos_err=18.107m T=20.25N z=-0.794 m_est=2.129
[WARN] [1789396190.021982530] [acados_nmpc_node]: t=81.87s | KKT residual abnormal! res_stat=6.191e+01 res_eq=4.897e-04 res_ineq=0.000e+00 res_comp=8.156e+00 | sqp_iter=100 | peak res_stat=2.718e+03
[WARN] [1789396190.022375431] [acados_nmpc_node]: acados solve failed [status=2, 460 consecutive] | x_cur pos=[10.67313862  4.04373693 -0.758219  ] vel=[-0.05453231  0.15211311 -0.33511481] |q|=1.0000
[WARN] [1789396190.022594408] [acados_nmpc_node]: Exceeded 40 consecutive failures, resetting warm-start to safe hover state
[INFO] [1789396190.023161267] [acados_nmpc_node]: [attach-window] t=81.87s pos_err=18.224m T=20.25N z=-0.758 m_est=2.129
[WARN] [1789396190.110240165] [acados_nmpc_node]: t=81.96s | KKT residual abnormal! res_stat=5.526e+01 res_eq=7.219e-04 res_ineq=0.000e+00 res_comp=5.405e+00 | sqp_iter=100 | peak res_stat=2.718e+03
[WARN] [1789396190.110641138] [acados_nmpc_node]: acados solve failed [status=2, 461 consecutive] | x_cur pos=[10.64073372  4.02842522 -0.70822799] vel=[-0.24685206 -0.22368309 -0.35792544] |q|=1.0000
[WARN] [1789396190.110864170] [acados_nmpc_node]: Exceeded 40 consecutive failures, resetting warm-start to safe hover state
[INFO] [1789396190.111540693] [acados_nmpc_node]: [attach-window] t=81.96s pos_err=18.321m T=20.25N z=-0.708 m_est=2.129
[WARN] [1789396190.200226873] [acados_nmpc_node]: t=82.05s | KKT residual abnormal! res_stat=5.913e+01 res_eq=9.443e-05 res_ineq=0.000e+00 res_comp=6.290e-01 | sqp_iter=100 | peak res_stat=2.718e+03
[WARN] [1789396190.200615514] [acados_nmpc_node]: acados solve failed [status=2, 462 consecutive] | x_cur pos=[10.64860344  4.02661371 -0.73477852] vel=[ 0.33143517  0.04378714 -0.7338987 ] |q|=1.0000
[WARN] [1789396190.200832907] [acados_nmpc_node]: Exceeded 40 consecutive failures, resetting warm-start to safe hover state
[INFO] [1789396190.201402525] [acados_nmpc_node]: [attach-window] t=82.05s pos_err=18.481m T=20.25N z=-0.735 m_est=2.129
[WARN] [1789396190.293413107] [acados_nmpc_node]: t=82.14s | KKT residual abnormal! res_stat=2.791e+02 res_eq=6.393e-03 res_ineq=0.000e+00 res_comp=5.472e+01 | sqp_iter=100 | peak res_stat=2.718e+03
[WARN] [1789396190.293803099] [acados_nmpc_node]: acados solve failed [status=2, 463 consecutive] | x_cur pos=[10.6603117   4.02302551 -0.74707568] vel=[-0.30690971  0.0996324   0.43137738] |q|=1.0000
[WARN] [1789396190.294022380] [acados_nmpc_node]: Exceeded 40 consecutive failures, resetting warm-start to safe hover state
[INFO] [1789396190.294588260] [acados_nmpc_node]: [attach-window] t=82.14s pos_err=18.638m T=20.25N z=-0.747 m_est=2.129
[WARN] [1789396190.386804144] [acados_nmpc_node]: t=82.23s | KKT residual abnormal! res_stat=1.362e+02 res_eq=1.091e-03 res_ineq=0.000e+00 res_comp=1.760e+00 | sqp_iter=100 | peak res_stat=2.718e+03
[WARN] [1789396190.387190446] [acados_nmpc_node]: acados solve failed [status=2, 464 consecutive] | x_cur pos=[10.63297272  4.02760172 -0.69845951] vel=[-0.45504999 -0.32177424  0.02231515] |q|=1.0000
[WARN] [1789396190.387408082] [acados_nmpc_node]: Exceeded 40 consecutive failures, resetting warm-start to safe hover state
[INFO] [1789396190.387956157] [acados_nmpc_node]: [attach-window] t=82.23s pos_err=18.738m T=20.25N z=-0.698 m_est=2.129
[INFO] [1789396190.388271451] [acados_nmpc_node]: [wcmd] raw=[+10.648,-0.486,+22.179] w=[-0.855,+0.395,-3.639] err=[+11.503,-0.881] scaled=[+10.648,-0.486] s=1.97
[WARN] [1789396190.479815262] [acados_nmpc_node]: t=82.32s | KKT residual abnormal! res_stat=5.071e+02 res_eq=1.470e-03 res_ineq=0.000e+00 res_comp=6.986e+00 | sqp_iter=100 | peak res_stat=2.718e+03
[WARN] [1789396190.480184139] [acados_nmpc_node]: acados solve failed [status=2, 465 consecutive] | x_cur pos=[10.59224033  3.99371719 -0.69155908] vel=[-0.30680978 -0.45705521 -0.82984948] |q|=1.0000
[WARN] [1789396190.480412903] [acados_nmpc_node]: Exceeded 40 consecutive failures, resetting warm-start to safe hover state
[INFO] [1789396190.480960999] [acados_nmpc_node]: [attach-window] t=82.32s pos_err=18.837m T=20.25N z=-0.692 m_est=2.129
[WARN] [1789396190.567408613] [acados_nmpc_node]: t=82.42s | KKT residual abnormal! res_stat=7.792e+02 res_eq=2.299e-03 res_ineq=0.000e+00 res_comp=2.427e+01 | sqp_iter=100 | peak res_stat=2.718e+03
[WARN] [1789396190.567797502] [acados_nmpc_node]: acados solve failed [status=2, 466 consecutive] | x_cur pos=[10.58322906  3.98158407 -0.69682992] vel=[-0.1515798  -0.13914441 -0.3724755 ] |q|=1.0000
[WARN] [1789396190.568027982] [acados_nmpc_node]: Exceeded 40 consecutive failures, resetting warm-start to safe hover state
[INFO] [1789396190.568582947] [acados_nmpc_node]: [attach-window] t=82.42s pos_err=18.960m T=20.25N z=-0.697 m_est=2.129
[WARN] [1789396190.655014659] [acados_nmpc_node]: t=82.50s | KKT residual abnormal! res_stat=6.120e+01 res_eq=2.099e-03 res_ineq=0.000e+00 res_comp=1.477e+01 | sqp_iter=100 | peak res_stat=2.718e+03
[WARN] [1789396190.655407404] [acados_nmpc_node]: acados solve failed [status=2, 467 consecutive] | x_cur pos=[10.56279182  3.98498416 -0.66368651] vel=[-0.44363114  0.07594065  0.18283948] |q|=1.0000
[WARN] [1789396190.655632460] [acados_nmpc_node]: Exceeded 40 consecutive failures, resetting warm-start to safe hover state
[INFO] [1789396190.656183727] [acados_nmpc_node]: [attach-window] t=82.50s pos_err=19.050m T=20.25N z=-0.664 m_est=2.129
[WARN] [1789396190.738558436] [acados_nmpc_node]: t=82.59s | KKT residual abnormal! res_stat=1.650e+02 res_eq=2.450e-03 res_ineq=4.157e-13 res_comp=7.042e+00 | sqp_iter=100 | peak res_stat=2.718e+03
[WARN] [1789396190.738939026] [acados_nmpc_node]: acados solve failed [status=2, 468 consecutive] | x_cur pos=[10.51241779  3.96958804 -0.62789011] vel=[-0.59010834 -0.60505146 -0.46282983] |q|=1.0000
[WARN] [1789396190.739168896] [acados_nmpc_node]: Exceeded 40 consecutive failures, resetting warm-start to safe hover state
[INFO] [1789396190.739709606] [acados_nmpc_node]: [attach-window] t=82.59s pos_err=19.101m T=20.25N z=-0.628 m_est=2.129
[WARN] [1789396190.831941741] [acados_nmpc_node]: t=82.67s | KKT residual abnormal! res_stat=2.053e+02 res_eq=9.959e-04 res_ineq=0.000e+00 res_comp=2.678e+00 | sqp_iter=100 | peak res_stat=2.718e+03
[WARN] [1789396190.832335524] [acados_nmpc_node]: acados solve failed [status=2, 469 consecutive] | x_cur pos=[10.47416973  3.92945075 -0.64819252] vel=[-0.49975604 -0.70522386 -1.03005433] |q|=1.0000
[WARN] [1789396190.832558263] [acados_nmpc_node]: Exceeded 40 consecutive failures, resetting warm-start to safe hover state
[INFO] [1789396190.833126176] [acados_nmpc_node]: [attach-window] t=82.67s pos_err=19.182m T=20.25N z=-0.648 m_est=2.129
[WARN] [1789396190.919329315] [acados_nmpc_node]: t=82.77s | KKT residual abnormal! res_stat=2.160e+02 res_eq=1.409e-03 res_ineq=0.000e+00 res_comp=1.691e+01 | sqp_iter=100 | peak res_stat=2.718e+03
[WARN] [1789396190.919716144] [acados_nmpc_node]: acados solve failed [status=2, 470 consecutive] | x_cur pos=[10.38533688  3.87555981 -0.60823524] vel=[-1.09867084 -0.35546994  0.51895499] |q|=1.0000
[WARN] [1789396190.919935053] [acados_nmpc_node]: Exceeded 40 consecutive failures, resetting warm-start to safe hover state
[INFO] [1789396190.920499540] [acados_nmpc_node]: [attach-window] t=82.77s pos_err=19.199m T=20.25N z=-0.608 m_est=2.129
[WARN] [1789396191.009239635] [acados_nmpc_node]: t=82.86s | KKT residual abnormal! res_stat=1.712e+02 res_eq=3.963e-03 res_ineq=0.000e+00 res_comp=1.834e+01 | sqp_iter=100 | peak res_stat=2.718e+03
[WARN] [1789396191.009622477] [acados_nmpc_node]: acados solve failed [status=2, 471 consecutive] | x_cur pos=[10.26480293  3.84437013 -0.5486207 ] vel=[-1.09251523 -0.36206958 -0.40368399] |q|=1.0000
[WARN] [1789396191.009842207] [acados_nmpc_node]: Exceeded 40 consecutive failures, resetting warm-start to safe hover state
[INFO] [1789396191.010419128] [acados_nmpc_node]: [attach-window] t=82.86s pos_err=19.167m T=20.25N z=-0.549 m_est=2.129
[WARN] [1789396191.102238437] [acados_nmpc_node]: t=82.95s | KKT residual abnormal! res_stat=1.258e+03 res_eq=3.103e-02 res_ineq=0.000e+00 res_comp=6.617e+01 | sqp_iter=100 | peak res_stat=2.718e+03
[WARN] [1789396191.102632352] [acados_nmpc_node]: acados solve failed [status=2, 472 consecutive] | x_cur pos=[10.13331604  3.80112267 -0.58863139] vel=[-1.06063747 -0.54123622 -1.33176112] |q|=1.0000
[WARN] [1789396191.102853849] [acados_nmpc_node]: Exceeded 40 consecutive failures, resetting warm-start to safe hover state
[INFO] [1789396191.103422765] [acados_nmpc_node]: [attach-window] t=82.95s pos_err=19.154m T=20.25N z=-0.589 m_est=2.129
[WARN] [1789396191.193218240] [acados_nmpc_node]: t=83.04s | KKT residual abnormal! res_stat=1.997e+03 res_eq=1.145e-02 res_ineq=0.000e+00 res_comp=2.179e+01 | sqp_iter=100 | peak res_stat=2.718e+03
[WARN] [1789396191.193611242] [acados_nmpc_node]: acados solve failed [status=2, 473 consecutive] | x_cur pos=[10.04491901  3.79064918 -0.60348541] vel=[-1.30521047 -0.11305086 -0.53866583] |q|=1.0000
[WARN] [1789396191.193833471] [acados_nmpc_node]: Exceeded 40 consecutive failures, resetting warm-start to safe hover state
[INFO] [1789396191.194391657] [acados_nmpc_node]: [attach-window] t=83.04s pos_err=19.173m T=20.25N z=-0.603 m_est=2.129
[WARN] [1789396191.280458786] [acados_nmpc_node]: t=83.13s | KKT residual abnormal! res_stat=8.570e+02 res_eq=7.131e-03 res_ineq=0.000e+00 res_comp=4.565e+01 | sqp_iter=100 | peak res_stat=2.718e+03
[WARN] [1789396191.280843785] [acados_nmpc_node]: acados solve failed [status=2, 474 consecutive] | x_cur pos=[ 9.90913963  3.80724502 -0.5379436 ] vel=[-1.28208315 -0.01217224 -0.0637626 ] |q|=1.0000
[WARN] [1789396191.281067488] [acados_nmpc_node]: Exceeded 40 consecutive failures, resetting warm-start to safe hover state
[INFO] [1789396191.281621720] [acados_nmpc_node]: [attach-window] t=83.13s pos_err=19.116m T=20.25N z=-0.538 m_est=2.129
[WARN] [1789396191.372502210] [acados_nmpc_node]: t=83.22s | KKT residual abnormal! res_stat=5.196e+02 res_eq=9.268e-03 res_ineq=0.000e+00 res_comp=2.500e+01 | sqp_iter=100 | peak res_stat=2.718e+03
[WARN] [1789396191.372894817] [acados_nmpc_node]: acados solve failed [status=2, 475 consecutive] | x_cur pos=[ 9.76873589  3.81694984 -0.54002768] vel=[-1.24932933 -0.06920421 -1.03369033] |q|=1.0000
[WARN] [1789396191.373123036] [acados_nmpc_node]: Exceeded 40 consecutive failures, resetting warm-start to safe hover state
[INFO] [1789396191.373678783] [acados_nmpc_node]: [attach-window] t=83.22s pos_err=19.069m T=20.25N z=-0.540 m_est=2.129
[WARN] [1789396191.457301812] [acados_nmpc_node]: t=83.31s | KKT residual abnormal! res_stat=9.789e+02 res_eq=9.129e-04 res_ineq=0.000e+00 res_comp=4.496e+01 | sqp_iter=100 | peak res_stat=2.718e+03
[WARN] [1789396191.457683905] [acados_nmpc_node]: acados solve failed [status=2, 476 consecutive] | x_cur pos=[ 9.62278461  3.81341767 -0.57682347] vel=[-1.4218365   0.34424677  0.10336439] |q|=1.0000
[WARN] [1789396191.457903094] [acados_nmpc_node]: Exceeded 40 consecutive failures, resetting warm-start to safe hover state
[INFO] [1789396191.458471068] [acados_nmpc_node]: [attach-window] t=83.31s pos_err=19.027m T=20.25N z=-0.577 m_est=2.129
[INFO] [1789396191.458803387] [acados_nmpc_node]: t=83.3s | pos_err=19.027m | T=20.25N | tau=[r0.000 p0.000 y0.000]Nm | res_stat=9.789e+02(peak 2.718e+03) sqp_iter=100 | solve=79.7ms
[INFO] [1789396191.458954713] [acados_nmpc_node]: [flight-diag] t=83.3s | om_scale=1.965(lo 1.965 hi 1.965) | tilt_max=86.00deg | w_max=[r2.726 p3.538 y10.464]rad/s | u_frac=[T0.646 r0.000 p0.000 y0.000] | u_sat=[T0.0 r0.0 p0.0 y0.0]% | mot_peak=0.262 mot_sat=0.0% | health=0 age=45.283s conf=0.000 | n=100
[WARN] [1789396191.543661876] [acados_nmpc_node]: t=83.39s | KKT residual abnormal! res_stat=7.943e+02 res_eq=9.888e-03 res_ineq=0.000e+00 res_comp=8.350e+01 | sqp_iter=100 | peak res_stat=2.718e+03
[WARN] [1789396191.544033316] [acados_nmpc_node]: acados solve failed [status=2, 477 consecutive] | x_cur pos=[ 9.53807068  3.84716368 -0.52586269] vel=[-1.17285812  0.60301059  0.7921294 ] |q|=1.0000
[WARN] [1789396191.544272692] [acados_nmpc_node]: Exceeded 40 consecutive failures, resetting warm-start to safe hover state
[INFO] [1789396191.544823479] [acados_nmpc_node]: [attach-window] t=83.39s pos_err=19.006m T=20.25N z=-0.526 m_est=2.129
[WARN] [1789396191.637390111] [acados_nmpc_node]: t=83.48s | KKT residual abnormal! res_stat=7.490e+02 res_eq=6.011e-03 res_ineq=0.000e+00 res_comp=2.516e+01 | sqp_iter=100 | peak res_stat=2.718e+03
[WARN] [1789396191.637780224] [acados_nmpc_node]: acados solve failed [status=2, 478 consecutive] | x_cur pos=[ 9.42624569  3.92084956 -0.43800581] vel=[-1.16120625  0.57656151 -0.12718318] |q|=1.0000
[WARN] [1789396191.637999177] [acados_nmpc_node]: Exceeded 40 consecutive failures, resetting warm-start to safe hover state
[INFO] [1789396191.638680391] [acados_nmpc_node]: [attach-window] t=83.48s pos_err=18.956m T=20.25N z=-0.438 m_est=2.129
[WARN] [1789396191.726510444] [acados_nmpc_node]: t=83.57s | KKT residual abnormal! res_stat=6.964e+02 res_eq=5.822e-03 res_ineq=0.000e+00 res_comp=2.311e+01 | sqp_iter=100 | peak res_stat=2.718e+03
[WARN] [1789396191.726907075] [acados_nmpc_node]: acados solve failed [status=2, 479 consecutive] | x_cur pos=[ 9.34473419  3.96505451 -0.42656794] vel=[-1.21495306  0.32510686 -0.6890226 ] |q|=1.0000
[WARN] [1789396191.727136333] [acados_nmpc_node]: Exceeded 40 consecutive failures, resetting warm-start to safe hover state
[INFO] [1789396191.727705881] [acados_nmpc_node]: [attach-window] t=83.57s pos_err=18.958m T=20.25N z=-0.427 m_est=2.129
[WARN] [1789396191.817846262] [acados_nmpc_node]: t=83.66s | KKT residual abnormal! res_stat=2.051e+02 res_eq=1.678e-03 res_ineq=0.000e+00 res_comp=5.131e+00 | sqp_iter=100 | peak res_stat=2.718e+03
[WARN] [1789396191.818229194] [acados_nmpc_node]: acados solve failed [status=2, 480 consecutive] | x_cur pos=[ 9.22612381  4.0098815  -0.51944345] vel=[-1.16096497  0.33816114 -1.70377326] |q|=1.0000
[WARN] [1789396191.818447361] [acados_nmpc_node]: Exceeded 40 consecutive failures, resetting warm-start to safe hover state
[INFO] [1789396191.819012071] [acados_nmpc_node]: [attach-window] t=83.66s pos_err=18.951m T=20.25N z=-0.519 m_est=2.129
[WARN] [1789396191.914901074] [acados_nmpc_node]: t=83.75s | KKT residual abnormal! res_stat=5.239e+02 res_eq=5.885e-02 res_ineq=0.000e+00 res_comp=9.202e+01 | sqp_iter=100 | peak res_stat=2.718e+03
[WARN] [1789396191.915287980] [acados_nmpc_node]: acados solve failed [status=2, 481 consecutive] | x_cur pos=[ 9.2382679   4.05015135 -0.42610082] vel=[0.42443848 0.33187664 1.21587765] |q|=1.0000
[WARN] [1789396191.915515177] [acados_nmpc_node]: Exceeded 40 consecutive failures, resetting warm-start to safe hover state
[INFO] [1789396191.916080014] [acados_nmpc_node]: [attach-window] t=83.75s pos_err=19.012m T=20.25N z=-0.426 m_est=2.129
[WARN] [1789396192.010718447] [acados_nmpc_node]: t=83.85s | KKT residual abnormal! res_stat=5.202e+02 res_eq=1.975e-03 res_ineq=0.000e+00 res_comp=5.058e+00 | sqp_iter=100 | peak res_stat=2.718e+03
[WARN] [1789396192.011090302] [acados_nmpc_node]: acados solve failed [status=2, 482 consecutive] | x_cur pos=[ 9.3180275   4.0826869  -0.28715706] vel=[0.35102525 0.17786244 0.38589454] |q|=1.0000
[WARN] [1789396192.011317094] [acados_nmpc_node]: Exceeded 40 consecutive failures, resetting warm-start to safe hover state
[INFO] [1789396192.011860562] [acados_nmpc_node]: [attach-window] t=83.85s pos_err=19.127m T=20.25N z=-0.287 m_est=2.129
[WARN] [1789396192.106514596] [acados_nmpc_node]: t=83.95s | KKT residual abnormal! res_stat=4.147e+02 res_eq=1.258e-02 res_ineq=0.000e+00 res_comp=4.972e+01 | sqp_iter=100 | peak res_stat=2.718e+03
[WARN] [1789396192.106914559] [acados_nmpc_node]: acados solve failed [status=2, 483 consecutive] | x_cur pos=[ 9.39212418  4.08996296 -0.23293124] vel=[ 0.212644   -0.06992752 -0.45270726] |q|=1.0000
[WARN] [1789396192.107138048] [acados_nmpc_node]: Exceeded 40 consecutive failures, resetting warm-start to safe hover state
[INFO] [1789396192.107696084] [acados_nmpc_node]: [attach-window] t=83.95s pos_err=19.254m T=20.25N z=-0.233 m_est=2.129
[WARN] [1789396192.204714333] [acados_nmpc_node]: t=84.04s | KKT residual abnormal! res_stat=1.263e+02 res_eq=1.032e-03 res_ineq=0.000e+00 res_comp=2.338e+00 | sqp_iter=100 | peak res_stat=2.718e+03
[WARN] [1789396192.205111529] [acados_nmpc_node]: acados solve failed [status=2, 484 consecutive] | x_cur pos=[ 9.42162991  4.07751465 -0.25983751] vel=[ 0.12436153 -0.22338977 -0.98251277] |q|=1.0000
[WARN] [1789396192.205335556] [acados_nmpc_node]: Exceeded 40 consecutive failures, resetting warm-start to safe hover state
[INFO] [1789396192.205923349] [acados_nmpc_node]: [attach-window] t=84.04s pos_err=19.358m T=20.25N z=-0.260 m_est=2.129
[INFO] [1789396192.206257624] [acados_nmpc_node]: [wcmd] raw=[+10.648,-0.486,+22.179] w=[+0.437,-0.956,+0.016] err=[+10.211,+0.470] scaled=[+10.648,-0.486] s=1.97
[WARN] [1789396192.299879982] [acados_nmpc_node]: t=84.14s | KKT residual abnormal! res_stat=2.935e+02 res_eq=4.308e-03 res_ineq=1.149e-12 res_comp=1.917e+01 | sqp_iter=100 | peak res_stat=2.718e+03
[WARN] [1789396192.300276765] [acados_nmpc_node]: acados solve failed [status=2, 485 consecutive] | x_cur pos=[ 9.446558    4.03816032 -0.38301927] vel=[ 0.02224162 -0.41160712 -1.83022881] |q|=1.0000
[WARN] [1789396192.300504828] [acados_nmpc_node]: Exceeded 40 consecutive failures, resetting warm-start to safe hover state
[INFO] [1789396192.301072505] [acados_nmpc_node]: [attach-window] t=84.14s pos_err=19.478m T=20.25N z=-0.383 m_est=2.129
[WARN] [1789396192.385605853] [acados_nmpc_node]: t=84.24s | KKT residual abnormal! res_stat=5.170e+02 res_eq=1.135e-02 res_ineq=0.000e+00 res_comp=4.961e+01 | sqp_iter=100 | peak res_stat=2.718e+03
[WARN] [1789396192.386000027] [acados_nmpc_node]: acados solve failed [status=2, 486 consecutive] | x_cur pos=[ 9.43117332  4.03646469 -0.44156897] vel=[-0.31495696  0.83773828  1.83773494] |q|=1.0000
[WARN] [1789396192.386228108] [acados_nmpc_node]: Exceeded 40 consecutive failures, resetting warm-start to safe hover state
[INFO] [1789396192.386789653] [acados_nmpc_node]: [attach-window] t=84.24s pos_err=19.542m T=20.25N z=-0.442 m_est=2.129
[WARN] [1789396192.471809937] [acados_nmpc_node]: t=84.32s | KKT residual abnormal! res_stat=4.786e+02 res_eq=9.002e-03 res_ineq=0.000e+00 res_comp=4.010e+01 | sqp_iter=100 | peak res_stat=2.718e+03
[WARN] [1789396192.472200209] [acados_nmpc_node]: acados solve failed [status=2, 487 consecutive] | x_cur pos=[ 9.39594841  4.12449551 -0.30668855] vel=[-0.29245618  0.85217804  0.78754336] |q|=1.0000
[WARN] [1789396192.472426965] [acados_nmpc_node]: Exceeded 40 consecutive failures, resetting warm-start to safe hover state
[INFO] [1789396192.472988789] [acados_nmpc_node]: [attach-window] t=84.32s pos_err=19.540m T=20.25N z=-0.307 m_est=2.129
[WARN] [1789396192.557108001] [acados_nmpc_node]: t=84.41s | KKT residual abnormal! res_stat=1.008e+03 res_eq=1.109e-02 res_ineq=0.000e+00 res_comp=3.946e+01 | sqp_iter=100 | peak res_stat=2.718e+03
[WARN] [1789396192.557498583] [acados_nmpc_node]: acados solve failed [status=2, 488 consecutive] | x_cur pos=[ 9.36074162  4.20781231 -0.25828862] vel=[-0.39350018  0.69096136 -0.03949885] |q|=1.0000
[WARN] [1789396192.557719520] [acados_nmpc_node]: Exceeded 40 consecutive failures, resetting warm-start to safe hover state
[INFO] [1789396192.558280251] [acados_nmpc_node]: [attach-window] t=84.41s pos_err=19.563m T=20.25N z=-0.258 m_est=2.129
[INFO] [1789396192.558947765] [acados_nmpc_node]: t=84.5s | DROP command issued; waiting for MHE no-payload confidence >= 0.90 for 1.00s
[WARN] [1789396192.635611351] [acados_nmpc_node]: t=84.49s | KKT residual abnormal! res_stat=8.666e+02 res_eq=9.306e-03 res_ineq=0.000e+00 res_comp=2.532e+01 | sqp_iter=100 | peak res_stat=2.718e+03
[WARN] [1789396192.635972759] [acados_nmpc_node]: acados solve failed [status=2, 489 consecutive] | x_cur pos=[ 9.32299519  4.2573452  -0.28351933] vel=[-0.53860748  0.53529549 -0.61959618] |q|=1.0000
[WARN] [1789396192.636194138] [acados_nmpc_node]: Exceeded 40 consecutive failures, resetting warm-start to safe hover state
[INFO] [1789396192.636746504] [acados_nmpc_node]: [attach-window] t=84.49s pos_err=19.594m T=20.25N z=-0.284 m_est=2.129
[WARN] [1789396192.716808286] [acados_nmpc_node]: t=84.57s | KKT residual abnormal! res_stat=1.922e+03 res_eq=2.506e-03 res_ineq=0.000e+00 res_comp=1.307e+01 | sqp_iter=100 | peak res_stat=2.718e+03
[WARN] [1789396192.717207838] [acados_nmpc_node]: acados solve failed [status=2, 490 consecutive] | x_cur pos=[ 9.27828121  4.29057026 -0.34686446] vel=[-0.67122674  0.41385987 -1.15014613] |q|=1.0000
[WARN] [1789396192.717432227] [acados_nmpc_node]: Exceeded 40 consecutive failures, resetting warm-start to safe hover state
[INFO] [1789396192.717998132] [acados_nmpc_node]: [attach-window] t=84.57s pos_err=19.625m T=20.25N z=-0.347 m_est=2.129
[WARN] [1789396192.808999917] [acados_nmpc_node]: t=84.65s | KKT residual abnormal! res_stat=1.010e+03 res_eq=7.435e-03 res_ineq=0.000e+00 res_comp=4.554e+01 | sqp_iter=100 | peak res_stat=2.718e+03
[WARN] [1789396192.809394342] [acados_nmpc_node]: acados solve failed [status=2, 491 consecutive] | x_cur pos=[ 9.18552876  4.3282814  -0.53217804] vel=[-0.82180238  0.30052397 -2.09294057] |q|=1.0000
[WARN] [1789396192.809613808] [acados_nmpc_node]: Exceeded 40 consecutive failures, resetting warm-start to safe hover state
[INFO] [1789396192.810186934] [acados_nmpc_node]: [attach-window] t=84.65s pos_err=19.646m T=20.25N z=-0.532 m_est=2.129
[WARN] [1789396192.912488557] [acados_nmpc_node]: t=84.75s | KKT residual abnormal! res_stat=1.176e+01 res_eq=9.552e-05 res_ineq=0.000e+00 res_comp=1.087e-01 | sqp_iter=100 | peak res_stat=2.718e+03
[WARN] [1789396192.912885322] [acados_nmpc_node]: acados solve failed [status=2, 492 consecutive] | x_cur pos=[ 9.19066143  4.27803802 -0.53495407] vel=[ 1.02042186 -1.12909675  1.87896597] |q|=1.0000
[WARN] [1789396192.913108856] [acados_nmpc_node]: Exceeded 40 consecutive failures, resetting warm-start to safe hover state
[INFO] [1789396192.913688598] [acados_nmpc_node]: [attach-window] t=84.75s pos_err=19.687m T=20.25N z=-0.535 m_est=2.129
[WARN] [1789396193.015645699] [acados_nmpc_node]: t=84.85s | KKT residual abnormal! res_stat=6.907e+01 res_eq=1.134e-03 res_ineq=0.000e+00 res_comp=1.874e+00 | sqp_iter=100 | peak res_stat=2.718e+03
[WARN] [1789396193.016034816] [acados_nmpc_node]: acados solve failed [status=2, 493 consecutive] | x_cur pos=[ 9.27876759  4.17161083 -0.41641107] vel=[ 1.04464793 -1.11888576  0.90018147] |q|=1.0000
[WARN] [1789396193.016260232] [acados_nmpc_node]: Exceeded 40 consecutive failures, resetting warm-start to safe hover state
[INFO] [1789396193.016808957] [acados_nmpc_node]: [attach-window] t=84.85s pos_err=19.756m T=20.25N z=-0.416 m_est=2.129
[WARN] [1789396193.114541270] [acados_nmpc_node]: t=84.95s | KKT residual abnormal! res_stat=3.916e+02 res_eq=3.313e-03 res_ineq=0.000e+00 res_comp=7.408e+00 | sqp_iter=100 | peak res_stat=2.718e+03
[WARN] [1789396193.114918294] [acados_nmpc_node]: acados solve failed [status=2, 494 consecutive] | x_cur pos=[ 9.38883877  4.04691172 -0.36733979] vel=[ 1.0143348  -1.17632043 -0.08549772] |q|=1.0000
[WARN] [1789396193.115141530] [acados_nmpc_node]: Exceeded 40 consecutive failures, resetting warm-start to safe hover state
[INFO] [1789396193.115692605] [acados_nmpc_node]: [attach-window] t=84.95s pos_err=19.852m T=20.25N z=-0.367 m_est=2.129
[WARN] [1789396193.216350755] [acados_nmpc_node]: t=85.05s | KKT residual abnormal! res_stat=2.892e+02 res_eq=3.866e-03 res_ineq=0.000e+00 res_comp=1.708e+01 | sqp_iter=100 | peak res_stat=2.718e+03
[WARN] [1789396193.216736431] [acados_nmpc_node]: acados solve failed [status=2, 495 consecutive] | x_cur pos=[ 9.49630165  3.917454   -0.43544793] vel=[ 1.00336814 -1.23304713 -1.07283461] |q|=1.0000
[WARN] [1789396193.216958368] [acados_nmpc_node]: Exceeded 40 consecutive failures, resetting warm-start to safe hover state
[INFO] [1789396193.217615445] [acados_nmpc_node]: [attach-window] t=85.05s pos_err=19.969m T=20.25N z=-0.435 m_est=2.129
[WARN] [1789396193.314661397] [acados_nmpc_node]: t=85.15s | KKT residual abnormal! res_stat=3.273e+02 res_eq=4.496e-03 res_ineq=0.000e+00 res_comp=1.436e+01 | sqp_iter=100 | peak res_stat=2.718e+03
[WARN] [1789396193.315041005] [acados_nmpc_node]: acados solve failed [status=2, 496 consecutive] | x_cur pos=[ 9.59449196  3.79409146 -0.59784412] vel=[ 1.00821018 -1.2807045  -1.98438501] |q|=1.0000
[WARN] [1789396193.315261542] [acados_nmpc_node]: Exceeded 40 consecutive failures, resetting warm-start to safe hover state
[INFO] [1789396193.315785689] [acados_nmpc_node]: [attach-window] t=85.15s pos_err=20.099m T=20.25N z=-0.598 m_est=2.129
[WARN] [1789396193.397372134] [acados_nmpc_node]: t=85.25s | KKT residual abnormal! res_stat=4.745e+01 res_eq=1.977e-05 res_ineq=0.000e+00 res_comp=3.324e-02 | sqp_iter=100 | peak res_stat=2.718e+03
[WARN] [1789396193.397723489] [acados_nmpc_node]: acados solve failed [status=2, 497 consecutive] | x_cur pos=[ 9.68846035  3.64713001 -0.80383575] vel=[ 0.67201489 -1.5885154  -0.90167999] |q|=1.0000
[WARN] [1789396193.397942305] [acados_nmpc_node]: Exceeded 40 consecutive failures, resetting warm-start to safe hover state
[INFO] [1789396193.398486346] [acados_nmpc_node]: [attach-window] t=85.25s pos_err=20.223m T=20.25N z=-0.804 m_est=2.129
[WARN] [1789396193.483914869] [acados_nmpc_node]: t=85.33s | KKT residual abnormal! res_stat=2.310e+03 res_eq=2.820e-04 res_ineq=0.000e+00 res_comp=9.386e+00 | sqp_iter=100 | peak res_stat=2.718e+03
[WARN] [1789396193.484263726] [acados_nmpc_node]: acados solve failed [status=2, 498 consecutive] | x_cur pos=[ 9.71160221  3.56578994 -0.8463043 ] vel=[-0.03117004 -1.07921302 -0.07845022] |q|=1.0000
[WARN] [1789396193.484482050] [acados_nmpc_node]: Exceeded 40 consecutive failures, resetting warm-start to safe hover state
[INFO] [1789396193.485007516] [acados_nmpc_node]: [attach-window] t=85.33s pos_err=20.245m T=20.25N z=-0.846 m_est=2.129
[WARN] [1789396193.571278912] [acados_nmpc_node]: t=85.42s | KKT residual abnormal! res_stat=5.486e+02 res_eq=1.106e-02 res_ineq=0.000e+00 res_comp=3.160e+01 | sqp_iter=100 | peak res_stat=2.718e+03
[WARN] [1789396193.571652062] [acados_nmpc_node]: acados solve failed [status=2, 499 consecutive] | x_cur pos=[ 9.66714478  3.47199178 -0.83429253] vel=[-0.26334834 -0.93209678 -0.62961805] |q|=1.0000
[WARN] [1789396193.571872542] [acados_nmpc_node]: Exceeded 40 consecutive failures, resetting warm-start to safe hover state
[INFO] [1789396193.572432031] [acados_nmpc_node]: [attach-window] t=85.42s pos_err=20.180m T=20.25N z=-0.834 m_est=2.129
[WARN] [1789396193.653660289] [acados_nmpc_node]: t=85.51s | KKT residual abnormal! res_stat=7.164e+01 res_eq=9.746e-04 res_ineq=0.000e+00 res_comp=2.159e+01 | sqp_iter=100 | peak res_stat=2.718e+03
[WARN] [1789396193.654029393] [acados_nmpc_node]: acados solve failed [status=2, 500 consecutive] | x_cur pos=[ 9.60577106  3.41766191 -0.85630262] vel=[-0.74898237 -0.14962645  0.14145358] |q|=1.0000
[WARN] [1789396193.654251159] [acados_nmpc_node]: Exceeded 40 consecutive failures, resetting warm-start to safe hover state
[INFO] [1789396193.654788886] [acados_nmpc_node]: [attach-window] t=85.51s pos_err=20.116m T=20.25N z=-0.856 m_est=2.129
[WARN] [1789396193.726167605] [acados_nmpc_node]: t=85.59s | KKT residual abnormal! res_stat=1.569e+02 res_eq=1.422e-03 res_ineq=0.000e+00 res_comp=1.965e+01 | sqp_iter=100 | peak res_stat=2.718e+03
[WARN] [1789396193.726520949] [acados_nmpc_node]: acados solve failed [status=2, 501 consecutive] | x_cur pos=[ 9.53864193  3.42342734 -0.83192909] vel=[-0.60008788 -0.18279791 -0.14875655] |q|=1.0000
[WARN] [1789396193.726739315] [acados_nmpc_node]: Exceeded 40 consecutive failures, resetting warm-start to safe hover state
[INFO] [1789396193.727279029] [acados_nmpc_node]: [attach-window] t=85.59s pos_err=20.047m T=20.25N z=-0.832 m_est=2.129
[WARN] [1789396193.804220775] [acados_nmpc_node]: t=85.66s | KKT residual abnormal! res_stat=1.571e+02 res_eq=8.927e-04 res_ineq=0.000e+00 res_comp=4.062e+00 | sqp_iter=100 | peak res_stat=2.718e+03
[WARN] [1789396193.804610555] [acados_nmpc_node]: acados solve failed [status=2, 502 consecutive] | x_cur pos=[ 9.48549366  3.43030167 -0.81473041] vel=[-0.51433408 -0.26713666 -0.30986091] |q|=1.0000
[WARN] [1789396193.804843627] [acados_nmpc_node]: Exceeded 40 consecutive failures, resetting warm-start to safe hover state
[INFO] [1789396193.805393512] [acados_nmpc_node]: [attach-window] t=85.66s pos_err=19.989m T=20.25N z=-0.815 m_est=2.129
[WARN] [1789396193.907547637] [acados_nmpc_node]: t=85.74s | KKT residual abnormal! res_stat=6.271e+01 res_eq=4.505e-04 res_ineq=0.000e+00 res_comp=8.318e-01 | sqp_iter=100 | peak res_stat=2.718e+03
[WARN] [1789396193.907908517] [acados_nmpc_node]: acados solve failed [status=2, 503 consecutive] | x_cur pos=[ 9.44429779  3.44083214 -0.80585086] vel=[-0.42389292 -0.04014784 -0.47386789] |q|=1.0000
[WARN] [1789396193.908131706] [acados_nmpc_node]: Exceeded 40 consecutive failures, resetting warm-start to safe hover state
[INFO] [1789396193.908674350] [acados_nmpc_node]: [attach-window] t=85.74s pos_err=19.942m T=20.25N z=-0.806 m_est=2.129
[INFO] [1789396193.908977360] [acados_nmpc_node]: [wcmd] raw=[+10.648,-0.486,+22.179] w=[-2.874,-3.998,-3.807] err=[+13.522,+3.512] scaled=[+10.648,-0.486] s=1.97
[WARN] [1789396193.995694296] [acados_nmpc_node]: t=85.84s | KKT residual abnormal! res_stat=3.462e+02 res_eq=2.996e-03 res_ineq=0.000e+00 res_comp=1.270e+01 | sqp_iter=100 | peak res_stat=2.718e+03
[WARN] [1789396193.996046572] [acados_nmpc_node]: acados solve failed [status=2, 504 consecutive] | x_cur pos=[ 9.39206314  3.52066183 -0.77646124] vel=[0.14159781 0.91992164 0.42275849] |q|=1.0000
[WARN] [1789396193.996269575] [acados_nmpc_node]: Exceeded 40 consecutive failures, resetting warm-start to safe hover state
[INFO] [1789396193.996801058] [acados_nmpc_node]: [attach-window] t=85.84s pos_err=19.893m T=20.25N z=-0.776 m_est=2.129
[WARN] [1789396194.083931988] [acados_nmpc_node]: t=85.93s | KKT residual abnormal! res_stat=7.782e+01 res_eq=1.616e-04 res_ineq=0.000e+00 res_comp=1.399e+00 | sqp_iter=100 | peak res_stat=2.718e+03
[WARN] [1789396194.084312803] [acados_nmpc_node]: acados solve failed [status=2, 505 consecutive] | x_cur pos=[ 9.39991951  3.60165119 -0.73748934] vel=[ 0.10712531  0.95693445 -0.16642611] |q|=1.0000
[WARN] [1789396194.084538378] [acados_nmpc_node]: Exceeded 40 consecutive failures, resetting warm-start to safe hover state
[INFO] [1789396194.085083876] [acados_nmpc_node]: [attach-window] t=85.93s pos_err=19.894m T=20.25N z=-0.737 m_est=2.129
[WARN] [1789396194.177053455] [acados_nmpc_node]: t=86.02s | KKT residual abnormal! res_stat=4.457e+02 res_eq=4.891e-03 res_ineq=0.000e+00 res_comp=6.815e+00 | sqp_iter=100 | peak res_stat=2.718e+03
[WARN] [1789396194.177430310] [acados_nmpc_node]: acados solve failed [status=2, 506 consecutive] | x_cur pos=[ 9.42494869  3.72553015 -0.71009982] vel=[ 0.14484602  0.62928855 -0.13910593] |q|=1.0000
[WARN] [1789396194.177657241] [acados_nmpc_node]: Exceeded 40 consecutive failures, resetting warm-start to safe hover state
[INFO] [1789396194.178219464] [acados_nmpc_node]: [attach-window] t=86.02s pos_err=19.925m T=20.25N z=-0.710 m_est=2.129
[WARN] [1789396194.268989860] [acados_nmpc_node]: t=86.11s | KKT residual abnormal! res_stat=1.367e+02 res_eq=2.557e-03 res_ineq=0.000e+00 res_comp=8.072e+00 | sqp_iter=100 | peak res_stat=2.718e+03
[WARN] [1789396194.269361298] [acados_nmpc_node]: acados solve failed [status=2, 507 consecutive] | x_cur pos=[ 9.45147419  3.80374742 -0.69160384] vel=[ 0.15655684  0.58939916 -0.24431027] |q|=1.0000
[WARN] [1789396194.269584212] [acados_nmpc_node]: Exceeded 40 consecutive failures, resetting warm-start to safe hover state
[INFO] [1789396194.270135670] [acados_nmpc_node]: [attach-window] t=86.11s pos_err=19.935m T=20.25N z=-0.692 m_est=2.129
[WARN] [1789396194.355646883] [acados_nmpc_node]: t=86.20s | KKT residual abnormal! res_stat=6.192e+02 res_eq=5.589e-03 res_ineq=0.000e+00 res_comp=1.131e+01 | sqp_iter=100 | peak res_stat=2.718e+03
[WARN] [1789396194.356019379] [acados_nmpc_node]: acados solve failed [status=2, 508 consecutive] | x_cur pos=[ 9.47357178  3.85406661 -0.68438768] vel=[ 0.19780003  0.62769389 -0.32236564] |q|=1.0000
[WARN] [1789396194.356242528] [acados_nmpc_node]: Exceeded 40 consecutive failures, resetting warm-start to safe hover state
[INFO] [1789396194.356798579] [acados_nmpc_node]: [attach-window] t=86.20s pos_err=19.929m T=20.25N z=-0.684 m_est=2.129
[WARN] [1789396194.443943286] [acados_nmpc_node]: t=86.29s | KKT residual abnormal! res_stat=1.729e+02 res_eq=2.242e-03 res_ineq=0.000e+00 res_comp=1.744e+01 | sqp_iter=100 | peak res_stat=2.718e+03
[WARN] [1789396194.444309719] [acados_nmpc_node]: acados solve failed [status=2, 509 consecutive] | x_cur pos=[ 9.50999928  3.92486334 -0.68854725] vel=[ 0.30985942  0.75736505 -0.52034211] |q|=1.0000
[WARN] [1789396194.444535878] [acados_nmpc_node]: Exceeded 40 consecutive failures, resetting warm-start to safe hover state
[INFO] [1789396194.445080164] [acados_nmpc_node]: [attach-window] t=86.29s pos_err=19.944m T=20.25N z=-0.689 m_est=2.129
[WARN] [1789396194.527814488] [acados_nmpc_node]: t=86.38s | KKT residual abnormal! res_stat=8.393e+02 res_eq=3.175e-03 res_ineq=0.000e+00 res_comp=1.224e+01 | sqp_iter=100 | peak res_stat=2.718e+03
[WARN] [1789396194.528178637] [acados_nmpc_node]: acados solve failed [status=2, 510 consecutive] | x_cur pos=[ 9.5666256   4.00260401 -0.70481253] vel=[ 0.50980961  0.51887542 -0.31755078] |q|=1.0000
[WARN] [1789396194.528394858] [acados_nmpc_node]: Exceeded 40 consecutive failures, resetting warm-start to safe hover state
[INFO] [1789396194.528927357] [acados_nmpc_node]: [attach-window] t=86.38s pos_err=19.972m T=20.25N z=-0.705 m_est=2.129
[WARN] [1789396194.616745419] [acados_nmpc_node]: t=86.46s | KKT residual abnormal! res_stat=3.120e+01 res_eq=2.654e-04 res_ineq=0.000e+00 res_comp=3.090e+00 | sqp_iter=100 | peak res_stat=2.718e+03
[WARN] [1789396194.617117848] [acados_nmpc_node]: acados solve failed [status=2, 511 consecutive] | x_cur pos=[ 9.59162998  4.04870844 -0.69049454] vel=[ 0.07516111  0.66740423 -0.11907981] |q|=1.0000
[WARN] [1789396194.617336504] [acados_nmpc_node]: Exceeded 40 consecutive failures, resetting warm-start to safe hover state
[INFO] [1789396194.617883829] [acados_nmpc_node]: [attach-window] t=86.46s pos_err=19.948m T=20.25N z=-0.690 m_est=2.129
[WARN] [1789396194.706087841] [acados_nmpc_node]: t=86.55s | KKT residual abnormal! res_stat=6.123e+00 res_eq=2.515e-04 res_ineq=0.000e+00 res_comp=1.109e+00 | sqp_iter=100 | peak res_stat=2.718e+03
[WARN] [1789396194.706459547] [acados_nmpc_node]: acados solve failed [status=2, 512 consecutive] | x_cur pos=[ 9.6069231   4.10804272 -0.68632144] vel=[-0.28663439  0.58362633  0.07753693] |q|=1.0000
[WARN] [1789396194.706679773] [acados_nmpc_node]: Exceeded 40 consecutive failures, resetting warm-start to safe hover state
[INFO] [1789396194.707324447] [acados_nmpc_node]: [attach-window] t=86.55s pos_err=19.915m T=20.25N z=-0.686 m_est=2.129
[WARN] [1789396194.789119000] [acados_nmpc_node]: t=86.64s | KKT residual abnormal! res_stat=4.233e+01 res_eq=5.513e-04 res_ineq=0.000e+00 res_comp=2.311e+00 | sqp_iter=100 | peak res_stat=2.718e+03
[WARN] [1789396194.789488666] [acados_nmpc_node]: acados solve failed [status=2, 513 consecutive] | x_cur pos=[ 9.58162403  4.16281366 -0.66346669] vel=[-0.44858831  1.05877864 -0.18562517] |q|=1.0000
[WARN] [1789396194.789707412] [acados_nmpc_node]: Exceeded 40 consecutive failures, resetting warm-start to safe hover state
[INFO] [1789396194.790244034] [acados_nmpc_node]: [attach-window] t=86.64s pos_err=19.831m T=20.25N z=-0.663 m_est=2.129
[WARN] [1789396194.874478873] [acados_nmpc_node]: t=86.73s | KKT residual abnormal! res_stat=7.780e+01 res_eq=4.845e-05 res_ineq=0.000e+00 res_comp=8.038e-01 | sqp_iter=100 | peak res_stat=2.718e+03
[WARN] [1789396194.874857347] [acados_nmpc_node]: acados solve failed [status=2, 514 consecutive] | x_cur pos=[ 9.53138447  4.25678062 -0.68173188] vel=[-0.31191966  0.96940398 -0.52610916] |q|=1.0000
[WARN] [1789396194.875080224] [acados_nmpc_node]: Exceeded 40 consecutive failures, resetting warm-start to safe hover state
[INFO] [1789396194.875645524] [acados_nmpc_node]: [attach-window] t=86.73s pos_err=19.755m T=20.25N z=-0.682 m_est=2.129
[WARN] [1789396194.963379716] [acados_nmpc_node]: t=86.81s | KKT residual abnormal! res_stat=7.154e+02 res_eq=1.176e-02 res_ineq=0.000e+00 res_comp=9.894e+01 | sqp_iter=100 | peak res_stat=2.718e+03
[WARN] [1789396194.963769025] [acados_nmpc_node]: acados solve failed [status=2, 515 consecutive] | x_cur pos=[ 9.49795723  4.28165436 -0.65766203] vel=[-0.29624748 -0.03664755 -0.09730339] |q|=1.0000
[WARN] [1789396194.963991737] [acados_nmpc_node]: Exceeded 40 consecutive failures, resetting warm-start to safe hover state
[INFO] [1789396194.964569381] [acados_nmpc_node]: [attach-window] t=86.81s pos_err=19.641m T=20.25N z=-0.658 m_est=2.129
[WARN] [1789396195.050052498] [acados_nmpc_node]: t=86.90s | KKT residual abnormal! res_stat=2.650e+02 res_eq=1.949e-03 res_ineq=0.000e+00 res_comp=5.123e+00 | sqp_iter=100 | peak res_stat=2.718e+03
[WARN] [1789396195.050428827] [acados_nmpc_node]: acados solve failed [status=2, 516 consecutive] | x_cur pos=[ 9.48744678  4.25830793 -0.64397204] vel=[-0.04244941 -0.13403569 -0.27112654] |q|=1.0000
[WARN] [1789396195.050647306] [acados_nmpc_node]: Exceeded 40 consecutive failures, resetting warm-start to safe hover state
[INFO] [1789396195.051208087] [acados_nmpc_node]: [attach-window] t=86.90s pos_err=19.519m T=20.25N z=-0.644 m_est=2.129
[WARN] [1789396195.141889433] [acados_nmpc_node]: t=86.99s | KKT residual abnormal! res_stat=1.079e+02 res_eq=4.433e-04 res_ineq=0.000e+00 res_comp=8.775e-01 | sqp_iter=100 | peak res_stat=2.718e+03
[WARN] [1789396195.142273856] [acados_nmpc_node]: acados solve failed [status=2, 517 consecutive] | x_cur pos=[ 9.50031948  4.22900677 -0.63420796] vel=[ 0.13969176  0.16575167 -0.2673035 ] |q|=1.0000
[WARN] [1789396195.142493201] [acados_nmpc_node]: Exceeded 40 consecutive failures, resetting warm-start to safe hover state
[INFO] [1789396195.143051668] [acados_nmpc_node]: [attach-window] t=86.99s pos_err=19.400m T=20.25N z=-0.634 m_est=2.129
[WARN] [1789396195.234173601] [acados_nmpc_node]: t=87.08s | KKT residual abnormal! res_stat=5.196e+01 res_eq=1.158e-04 res_ineq=0.000e+00 res_comp=6.532e-01 | sqp_iter=100 | peak res_stat=2.718e+03
[WARN] [1789396195.234548634] [acados_nmpc_node]: acados solve failed [status=2, 518 consecutive] | x_cur pos=[ 9.53794003  4.23160505 -0.63801134] vel=[ 0.38816759  0.29503793 -0.43691471] |q|=1.0000
[WARN] [1789396195.234765391] [acados_nmpc_node]: Exceeded 40 consecutive failures, resetting warm-start to safe hover state
[INFO] [1789396195.235313625] [acados_nmpc_node]: [attach-window] t=87.08s pos_err=19.308m T=20.25N z=-0.638 m_est=2.129
[WARN] [1789396195.324390553] [acados_nmpc_node]: t=87.17s | KKT residual abnormal! res_stat=2.417e+02 res_eq=9.499e-04 res_ineq=0.000e+00 res_comp=4.175e+00 | sqp_iter=100 | peak res_stat=2.718e+03
[WARN] [1789396195.324783299] [acados_nmpc_node]: acados solve failed [status=2, 519 consecutive] | x_cur pos=[ 9.57226658  4.24389267 -0.62849283] vel=[ 0.26587963  0.19508423 -0.33813754] |q|=1.0000
[WARN] [1789396195.325004702] [acados_nmpc_node]: Exceeded 40 consecutive failures, resetting warm-start to safe hover state
[INFO] [1789396195.325569190] [acados_nmpc_node]: [attach-window] t=87.17s pos_err=19.205m T=20.25N z=-0.628 m_est=2.129
[WARN] [1789396195.414605038] [acados_nmpc_node]: t=87.26s | KKT residual abnormal! res_stat=5.013e+02 res_eq=1.051e-02 res_ineq=0.000e+00 res_comp=5.920e+01 | sqp_iter=100 | peak res_stat=2.718e+03
[WARN] [1789396195.414988584] [acados_nmpc_node]: acados solve failed [status=2, 520 consecutive] | x_cur pos=[ 9.61278439  4.27133226 -0.61296731] vel=[0.12467448 0.56228405 0.73095644] |q|=1.0000
[WARN] [1789396195.415211343] [acados_nmpc_node]: Exceeded 40 consecutive failures, resetting warm-start to safe hover state
[INFO] [1789396195.415766515] [acados_nmpc_node]: [attach-window] t=87.26s pos_err=19.104m T=20.25N z=-0.613 m_est=2.129
[WARN] [1789396195.496916412] [acados_nmpc_node]: t=87.35s | KKT residual abnormal! res_stat=1.186e+02 res_eq=8.709e-04 res_ineq=0.000e+00 res_comp=6.182e+00 | sqp_iter=100 | peak res_stat=2.718e+03
[WARN] [1789396195.497302297] [acados_nmpc_node]: acados solve failed [status=2, 521 consecutive] | x_cur pos=[ 9.63942528  4.32991076 -0.55698776] vel=[ 0.17289443  0.60263121 -0.23290762] |q|=1.0000
[WARN] [1789396195.497528584] [acados_nmpc_node]: Exceeded 40 consecutive failures, resetting warm-start to safe hover state
[INFO] [1789396195.498089490] [acados_nmpc_node]: [attach-window] t=87.35s pos_err=18.985m T=20.25N z=-0.557 m_est=2.129
[WARN] [1789396195.579234624] [acados_nmpc_node]: t=87.43s | KKT residual abnormal! res_stat=1.885e+02 res_eq=2.922e-03 res_ineq=0.000e+00 res_comp=2.147e+01 | sqp_iter=100 | peak res_stat=2.718e+03
[WARN] [1789396195.579626463] [acados_nmpc_node]: acados solve failed [status=2, 522 consecutive] | x_cur pos=[ 9.65500641  4.37031364 -0.56929231] vel=[ 0.18238711  0.50789464 -0.5685271 ] |q|=1.0000
[WARN] [1789396195.579847189] [acados_nmpc_node]: Exceeded 40 consecutive failures, resetting warm-start to safe hover state
[INFO] [1789396195.580419541] [acados_nmpc_node]: [attach-window] t=87.43s pos_err=18.876m T=20.25N z=-0.569 m_est=2.129
[WARN] [1789396195.661242895] [acados_nmpc_node]: t=87.52s | KKT residual abnormal! res_stat=5.245e+02 res_eq=1.150e-03 res_ineq=0.000e+00 res_comp=4.630e+00 | sqp_iter=100 | peak res_stat=2.718e+03
[WARN] [1789396195.661632712] [acados_nmpc_node]: acados solve failed [status=2, 523 consecutive] | x_cur pos=[ 9.68775272  4.3947897  -0.59347403] vel=[ 0.38289627  0.12489821 -0.51312441] |q|=1.0000
[WARN] [1789396195.661851195] [acados_nmpc_node]: Exceeded 40 consecutive failures, resetting warm-start to safe hover state
[INFO] [1789396195.662405947] [acados_nmpc_node]: [attach-window] t=87.52s pos_err=18.769m T=20.25N z=-0.593 m_est=2.129
[INFO] [1789396195.662719466] [acados_nmpc_node]: [wcmd] raw=[+10.648,-0.486,+22.179] w=[-0.555,+2.295,+2.640] err=[+11.204,-2.781] scaled=[+10.648,-0.486] s=1.97
[WARN] [1789396195.737461883] [acados_nmpc_node]: t=87.59s | KKT residual abnormal! res_stat=1.273e+02 res_eq=9.522e-04 res_ineq=0.000e+00 res_comp=8.770e+00 | sqp_iter=100 | peak res_stat=2.718e+03
[WARN] [1789396195.737853567] [acados_nmpc_node]: acados solve failed [status=2, 524 consecutive] | x_cur pos=[ 9.71401119  4.39162874 -0.61132485] vel=[ 0.02603758  0.06372529 -0.16910452] |q|=1.0000
[WARN] [1789396195.738071827] [acados_nmpc_node]: Exceeded 40 consecutive failures, resetting warm-start to safe hover state
[INFO] [1789396195.738643609] [acados_nmpc_node]: [attach-window] t=87.59s pos_err=18.642m T=20.25N z=-0.611 m_est=2.129
[WARN] [1789396195.814692708] [acados_nmpc_node]: t=87.67s | KKT residual abnormal! res_stat=2.814e+02 res_eq=8.889e-04 res_ineq=0.000e+00 res_comp=6.968e+00 | sqp_iter=100 | peak res_stat=2.718e+03
[WARN] [1789396195.815082664] [acados_nmpc_node]: acados solve failed [status=2, 525 consecutive] | x_cur pos=[ 9.71777153  4.38727999 -0.61034381] vel=[ 0.01522447  0.06579431 -0.17290559] |q|=1.0000
[WARN] [1789396195.815305196] [acados_nmpc_node]: Exceeded 40 consecutive failures, resetting warm-start to safe hover state
[INFO] [1789396195.815852442] [acados_nmpc_node]: [attach-window] t=87.67s pos_err=18.479m T=20.25N z=-0.610 m_est=2.129
[WARN] [1789396195.894996614] [acados_nmpc_node]: t=87.75s | KKT residual abnormal! res_stat=1.589e+02 res_eq=1.899e-03 res_ineq=0.000e+00 res_comp=1.081e+01 | sqp_iter=100 | peak res_stat=2.718e+03
[WARN] [1789396195.895387939] [acados_nmpc_node]: acados solve failed [status=2, 526 consecutive] | x_cur pos=[ 9.71687794  4.37929201 -0.59993148] vel=[ 0.00842883  0.06489351 -0.16234909] |q|=1.0000
[WARN] [1789396195.895604575] [acados_nmpc_node]: Exceeded 40 consecutive failures, resetting warm-start to safe hover state
[INFO] [1789396195.896163242] [acados_nmpc_node]: [attach-window] t=87.75s pos_err=18.307m T=20.25N z=-0.600 m_est=2.129
[WARN] [1789396195.971859593] [acados_nmpc_node]: t=87.83s | KKT residual abnormal! res_stat=3.376e+02 res_eq=1.226e-03 res_ineq=0.000e+00 res_comp=5.342e+00 | sqp_iter=100 | peak res_stat=2.718e+03
[WARN] [1789396195.972252592] [acados_nmpc_node]: acados solve failed [status=2, 527 consecutive] | x_cur pos=[ 9.71545506  4.37539148 -0.59233218] vel=[ 0.00421419  0.06521736 -0.15544932] |q|=1.0000
[WARN] [1789396195.972480715] [acados_nmpc_node]: Exceeded 40 consecutive failures, resetting warm-start to safe hover state
[INFO] [1789396195.973040431] [acados_nmpc_node]: [attach-window] t=87.83s pos_err=18.124m T=20.25N z=-0.592 m_est=2.129
[WARN] [1789396196.051448204] [acados_nmpc_node]: t=87.91s | KKT residual abnormal! res_stat=5.509e+02 res_eq=1.688e-03 res_ineq=0.000e+00 res_comp=1.078e+01 | sqp_iter=100 | peak res_stat=2.718e+03
[WARN] [1789396196.051845177] [acados_nmpc_node]: acados solve failed [status=2, 528 consecutive] | x_cur pos=[ 9.71412945  4.37080145 -0.58075762] vel=[-0.00029745  0.06569933 -0.14585525] |q|=1.0000
[WARN] [1789396196.052061956] [acados_nmpc_node]: Exceeded 40 consecutive failures, resetting warm-start to safe hover state
[INFO] [1789396196.052637199] [acados_nmpc_node]: [attach-window] t=87.91s pos_err=17.941m T=20.25N z=-0.581 m_est=2.129
[WARN] [1789396196.124908209] [acados_nmpc_node]: t=87.98s | KKT residual abnormal! res_stat=2.450e+02 res_eq=3.111e-03 res_ineq=0.000e+00 res_comp=1.310e+01 | sqp_iter=100 | peak res_stat=2.718e+03
[WARN] [1789396196.125303661] [acados_nmpc_node]: acados solve failed [status=2, 529 consecutive] | x_cur pos=[ 9.71376228  4.36824274 -0.57198846] vel=[-0.00262956  0.06641958 -0.13923743] |q|=1.0000
[WARN] [1789396196.125528150] [acados_nmpc_node]: Exceeded 40 consecutive failures, resetting warm-start to safe hover state
[INFO] [1789396196.126192162] [acados_nmpc_node]: [attach-window] t=87.98s pos_err=17.757m T=20.25N z=-0.572 m_est=2.129
[WARN] [1789396196.203774013] [acados_nmpc_node]: t=88.06s | KKT residual abnormal! res_stat=1.659e+02 res_eq=1.014e-03 res_ineq=0.000e+00 res_comp=5.767e+00 | sqp_iter=100 | peak res_stat=2.718e+03
[WARN] [1789396196.204153364] [acados_nmpc_node]: acados solve failed [status=2, 530 consecutive] | x_cur pos=[ 9.7137537   4.36662674 -0.56459117] vel=[-0.00412857  0.06750841 -0.13375533] |q|=1.0000
[WARN] [1789396196.204371392] [acados_nmpc_node]: Exceeded 40 consecutive failures, resetting warm-start to safe hover state
[INFO] [1789396196.204909764] [acados_nmpc_node]: [attach-window] t=88.06s pos_err=17.564m T=20.25N z=-0.565 m_est=2.129
[WARN] [1789396196.280445265] [acados_nmpc_node]: t=88.14s | KKT residual abnormal! res_stat=5.773e+01 res_eq=3.310e-04 res_ineq=0.000e+00 res_comp=1.747e+00 | sqp_iter=100 | peak res_stat=2.718e+03
[WARN] [1789396196.280809639] [acados_nmpc_node]: acados solve failed [status=2, 531 consecutive] | x_cur pos=[ 9.7141943   4.36539555 -0.55699337] vel=[-0.00500788  0.06845737 -0.12882565] |q|=1.0000
[WARN] [1789396196.281032578] [acados_nmpc_node]: Exceeded 40 consecutive failures, resetting warm-start to safe hover state
[INFO] [1789396196.281578817] [acados_nmpc_node]: [attach-window] t=88.14s pos_err=17.363m T=20.25N z=-0.557 m_est=2.129
[WARN] [1789396196.356004559] [acados_nmpc_node]: t=88.22s | KKT residual abnormal! res_stat=1.136e+02 res_eq=4.541e-04 res_ineq=0.000e+00 res_comp=2.156e+00 | sqp_iter=100 | peak res_stat=2.718e+03
[WARN] [1789396196.356387757] [acados_nmpc_node]: acados solve failed [status=2, 532 consecutive] | x_cur pos=[ 9.71556473  4.36400557 -0.54483843] vel=[-0.00569141  0.07035757 -0.12103286] |q|=1.0000
[WARN] [1789396196.356610456] [acados_nmpc_node]: Exceeded 40 consecutive failures, resetting warm-start to safe hover state
[INFO] [1789396196.357146682] [acados_nmpc_node]: [attach-window] t=88.22s pos_err=17.160m T=20.25N z=-0.545 m_est=2.129
[WARN] [1789396196.429218525] [acados_nmpc_node]: t=88.29s | KKT residual abnormal! res_stat=2.090e+02 res_eq=1.275e-03 res_ineq=0.000e+00 res_comp=3.826e+00 | sqp_iter=100 | peak res_stat=2.718e+03
[WARN] [1789396196.429580428] [acados_nmpc_node]: acados solve failed [status=2, 533 consecutive] | x_cur pos=[ 9.71668625  4.36378431 -0.53782064] vel=[-0.00582397  0.07186517 -0.11662233] |q|=1.0000
[WARN] [1789396196.429795601] [acados_nmpc_node]: Exceeded 40 consecutive failures, resetting warm-start to safe hover state
[INFO] [1789396196.430354664] [acados_nmpc_node]: [attach-window] t=88.29s pos_err=16.968m T=20.25N z=-0.538 m_est=2.129
[WARN] [1789396196.503824210] [acados_nmpc_node]: t=88.37s | KKT residual abnormal! res_stat=9.453e+01 res_eq=2.164e-04 res_ineq=0.000e+00 res_comp=1.221e+00 | sqp_iter=100 | peak res_stat=2.718e+03
[WARN] [1789396196.504197427] [acados_nmpc_node]: acados solve failed [status=2, 534 consecutive] | x_cur pos=[ 9.71806526  4.36429358 -0.53021491] vel=[-0.00549372  0.07409143 -0.11177742] |q|=1.0000
[WARN] [1789396196.504417516] [acados_nmpc_node]: Exceeded 40 consecutive failures, resetting warm-start to safe hover state
[INFO] [1789396196.504959736] [acados_nmpc_node]: [attach-window] t=88.37s pos_err=16.756m T=20.25N z=-0.530 m_est=2.129
[WARN] [1789396196.583249246] [acados_nmpc_node]: t=88.44s | KKT residual abnormal! res_stat=2.991e+01 res_eq=1.866e-04 res_ineq=0.000e+00 res_comp=5.024e-01 | sqp_iter=100 | peak res_stat=2.718e+03
[WARN] [1789396196.583648406] [acados_nmpc_node]: acados solve failed [status=2, 535 consecutive] | x_cur pos=[ 9.7192297   4.36530161 -0.52347958] vel=[-0.00519551  0.07631394 -0.10767857] |q|=1.0000
[WARN] [1789396196.583870012] [acados_nmpc_node]: Exceeded 40 consecutive failures, resetting warm-start to safe hover state
[INFO] [1789396196.584438564] [acados_nmpc_node]: [attach-window] t=88.44s pos_err=16.548m T=20.25N z=-0.523 m_est=2.129
[WARN] [1789396196.657042292] [acados_nmpc_node]: t=88.52s | KKT residual abnormal! res_stat=6.544e+01 res_eq=2.767e-04 res_ineq=0.000e+00 res_comp=1.232e+00 | sqp_iter=100 | peak res_stat=2.718e+03
[WARN] [1789396196.657442162] [acados_nmpc_node]: acados solve failed [status=2, 536 consecutive] | x_cur pos=[ 9.72105122  4.36729956 -0.51321781] vel=[-0.00472219  0.07936841 -0.10182519] |q|=1.0000
[WARN] [1789396196.657661196] [acados_nmpc_node]: Exceeded 40 consecutive failures, resetting warm-start to safe hover state
[INFO] [1789396196.658231569] [acados_nmpc_node]: [attach-window] t=88.52s pos_err=16.320m T=20.25N z=-0.513 m_est=2.129
[WARN] [1789396196.725883003] [acados_nmpc_node]: t=88.59s | KKT residual abnormal! res_stat=3.904e+01 res_eq=1.407e-04 res_ineq=0.000e+00 res_comp=8.893e-01 | sqp_iter=100 | peak res_stat=2.718e+03
[WARN] [1789396196.726283550] [acados_nmpc_node]: acados solve failed [status=2, 537 consecutive] | x_cur pos=[ 9.72240448  4.36880302 -0.50547361] vel=[-0.00424559  0.08130069 -0.0974987 ] |q|=1.0000
[WARN] [1789396196.726502154] [acados_nmpc_node]: Exceeded 40 consecutive failures, resetting warm-start to safe hover state
[INFO] [1789396196.727063462] [acados_nmpc_node]: [attach-window] t=88.59s pos_err=16.117m T=20.25N z=-0.505 m_est=2.129
[WARN] [1789396196.799592618] [acados_nmpc_node]: t=88.66s | KKT residual abnormal! res_stat=4.186e+01 res_eq=8.661e-05 res_ineq=0.000e+00 res_comp=1.611e+00 | sqp_iter=100 | peak res_stat=2.718e+03
[WARN] [1789396196.799998450] [acados_nmpc_node]: acados solve failed [status=2, 538 consecutive] | x_cur pos=[ 9.72348309  4.36989832 -0.49834222] vel=[-0.00382183  0.08266909 -0.09366794] |q|=1.0000
[WARN] [1789396196.800224491] [acados_nmpc_node]: Exceeded 40 consecutive failures, resetting warm-start to safe hover state
[INFO] [1789396196.800789346] [acados_nmpc_node]: [attach-window] t=88.66s pos_err=15.900m T=20.25N z=-0.498 m_est=2.129
[WARN] [1789396196.873136935] [acados_nmpc_node]: t=88.74s | KKT residual abnormal! res_stat=5.551e+01 res_eq=2.885e-04 res_ineq=0.000e+00 res_comp=1.249e+00 | sqp_iter=100 | peak res_stat=2.718e+03
[WARN] [1789396196.873543936] [acados_nmpc_node]: acados solve failed [status=2, 539 consecutive] | x_cur pos=[ 9.72431946  4.37081528 -0.49102265] vel=[-0.0038164   0.08380785 -0.08981988] |q|=1.0000
[WARN] [1789396196.873769820] [acados_nmpc_node]: Exceeded 40 consecutive failures, resetting warm-start to safe hover state
[INFO] [1789396196.874344067] [acados_nmpc_node]: [attach-window] t=88.74s pos_err=15.678m T=20.25N z=-0.491 m_est=2.129
[WARN] [1789396196.944934586] [acados_nmpc_node]: t=88.81s | KKT residual abnormal! res_stat=3.522e+01 res_eq=1.009e-04 res_ineq=0.000e+00 res_comp=8.406e-01 | sqp_iter=100 | peak res_stat=2.718e+03
[WARN] [1789396196.945343495] [acados_nmpc_node]: acados solve failed [status=2, 540 consecutive] | x_cur pos=[ 9.72544003  4.37187147 -0.47858405] vel=[-0.00378772  0.08534746 -0.08355571] |q|=1.0000
[WARN] [1789396196.945571917] [acados_nmpc_node]: Exceeded 40 consecutive failures, resetting warm-start to safe hover state
[INFO] [1789396196.946140485] [acados_nmpc_node]: [attach-window] t=88.81s pos_err=15.452m T=20.25N z=-0.479 m_est=2.129
[WARN] [1789396197.016266736] [acados_nmpc_node]: t=88.88s | KKT residual abnormal! res_stat=1.174e+02 res_eq=6.944e-04 res_ineq=0.000e+00 res_comp=6.864e+00 | sqp_iter=100 | peak res_stat=2.718e+03
[WARN] [1789396197.016657789] [acados_nmpc_node]: acados solve failed [status=2, 541 consecutive] | x_cur pos=[ 9.72609615  4.37255096 -0.47109246] vel=[-0.00376967  0.08591393 -0.07994969] |q|=1.0000
[WARN] [1789396197.016879444] [acados_nmpc_node]: Exceeded 40 consecutive failures, resetting warm-start to safe hover state
[INFO] [1789396197.017441459] [acados_nmpc_node]: [attach-window] t=88.88s pos_err=15.242m T=20.25N z=-0.471 m_est=2.129
[WARN] [1789396197.087876268] [acados_nmpc_node]: t=88.95s | KKT residual abnormal! res_stat=3.454e+01 res_eq=7.690e-06 res_ineq=0.000e+00 res_comp=7.399e-02 | sqp_iter=100 | peak res_stat=2.718e+03
[WARN] [1789396197.088267345] [acados_nmpc_node]: acados solve failed [status=2, 542 consecutive] | x_cur pos=[ 9.72680187  4.37350988 -0.46286726] vel=[-0.00360789  0.08674841 -0.07600372] |q|=1.0000
[WARN] [1789396197.088488223] [acados_nmpc_node]: Exceeded 40 consecutive failures, resetting warm-start to safe hover state
[INFO] [1789396197.089048131] [acados_nmpc_node]: [attach-window] t=88.95s pos_err=15.005m T=20.25N z=-0.463 m_est=2.129
[WARN] [1789396197.158325711] [acados_nmpc_node]: t=89.02s | KKT residual abnormal! res_stat=6.135e+01 res_eq=1.083e-04 res_ineq=0.000e+00 res_comp=1.748e+00 | sqp_iter=100 | peak res_stat=2.718e+03
[WARN] [1789396197.158699418] [acados_nmpc_node]: acados solve failed [status=2, 543 consecutive] | x_cur pos=[ 9.72722912  4.37454796 -0.45569038] vel=[-0.00364196  0.08757332 -0.07288536] |q|=1.0000
[WARN] [1789396197.158917258] [acados_nmpc_node]: Exceeded 40 consecutive failures, resetting warm-start to safe hover state
[INFO] [1789396197.159449423] [acados_nmpc_node]: [attach-window] t=89.02s pos_err=14.779m T=20.25N z=-0.456 m_est=2.129
[INFO] [1789396197.159751250] [acados_nmpc_node]: [wcmd] raw=[+10.648,-0.486,+22.179] w=[-0.001,+0.000,+0.000] err=[+10.649,-0.486] scaled=[+10.648,-0.486] s=1.97
[WARN] [1789396197.225657329] [acados_nmpc_node]: t=89.09s | KKT residual abnormal! res_stat=1.218e+02 res_eq=2.952e-04 res_ineq=0.000e+00 res_comp=4.054e+00 | sqp_iter=100 | peak res_stat=2.718e+03
[WARN] [1789396197.226020288] [acados_nmpc_node]: acados solve failed [status=2, 544 consecutive] | x_cur pos=[ 9.72746086  4.37581348 -0.44896275] vel=[-0.00377162  0.08851168 -0.069869  ] |q|=1.0000
[WARN] [1789396197.226252878] [acados_nmpc_node]: Exceeded 40 consecutive failures, resetting warm-start to safe hover state
[INFO] [1789396197.226793656] [acados_nmpc_node]: [attach-window] t=89.09s pos_err=14.567m T=20.25N z=-0.449 m_est=2.129
[WARN] [1789396197.295500180] [acados_nmpc_node]: t=89.16s | KKT residual abnormal! res_stat=7.373e+01 res_eq=4.114e-04 res_ineq=0.000e+00 res_comp=6.775e+00 | sqp_iter=100 | peak res_stat=2.718e+03
[WARN] [1789396197.295861048] [acados_nmpc_node]: acados solve failed [status=2, 545 consecutive] | x_cur pos=[ 9.72749138  4.3774581  -0.4418112 ] vel=[-0.00386873  0.08965627 -0.06659296] |q|=1.0000
[WARN] [1789396197.296075558] [acados_nmpc_node]: Exceeded 40 consecutive failures, resetting warm-start to safe hover state
[INFO] [1789396197.296619654] [acados_nmpc_node]: [attach-window] t=89.16s pos_err=14.339m T=20.25N z=-0.442 m_est=2.129
[WARN] [1789396197.366873709] [acados_nmpc_node]: t=89.23s | KKT residual abnormal! res_stat=7.446e+01 res_eq=6.330e-04 res_ineq=0.000e+00 res_comp=1.024e+01 | sqp_iter=100 | peak res_stat=2.718e+03
[WARN] [1789396197.367248926] [acados_nmpc_node]: acados solve failed [status=2, 546 consecutive] | x_cur pos=[ 9.72763538  4.37917471 -0.43575209] vel=[-0.00356874  0.09079888 -0.06405579] |q|=1.0000
[WARN] [1789396197.367469476] [acados_nmpc_node]: Exceeded 40 consecutive failures, resetting warm-start to safe hover state
[INFO] [1789396197.368100083] [acados_nmpc_node]: [attach-window] t=89.23s pos_err=14.114m T=20.25N z=-0.436 m_est=2.129
[WARN] [1789396197.438153990] [acados_nmpc_node]: t=89.30s | KKT residual abnormal! res_stat=7.109e+01 res_eq=9.114e-04 res_ineq=0.000e+00 res_comp=7.973e+00 | sqp_iter=100 | peak res_stat=2.718e+03
[WARN] [1789396197.438543902] [acados_nmpc_node]: acados solve failed [status=2, 547 consecutive] | x_cur pos=[ 9.72794628  4.38102341 -0.43006748] vel=[-0.00301129  0.09188391 -0.06161438] |q|=1.0000
[WARN] [1789396197.438760641] [acados_nmpc_node]: Exceeded 40 consecutive failures, resetting warm-start to safe hover state
[INFO] [1789396197.439306381] [acados_nmpc_node]: [attach-window] t=89.30s pos_err=13.884m T=20.25N z=-0.430 m_est=2.129
[WARN] [1789396197.504408662] [acados_nmpc_node]: t=89.37s | KKT residual abnormal! res_stat=2.260e+02 res_eq=7.807e-04 res_ineq=0.000e+00 res_comp=3.244e+00 | sqp_iter=100 | peak res_stat=2.718e+03
[WARN] [1789396197.504778910] [acados_nmpc_node]: acados solve failed [status=2, 548 consecutive] | x_cur pos=[ 9.72842979  4.38321733 -0.42386532] vel=[-0.00220975  0.09309727 -0.05895106] |q|=1.0000
[WARN] [1789396197.505009118] [acados_nmpc_node]: Exceeded 40 consecutive failures, resetting warm-start to safe hover state
[INFO] [1789396197.505558994] [acados_nmpc_node]: [attach-window] t=89.37s pos_err=13.667m T=20.25N z=-0.424 m_est=2.129
[WARN] [1789396197.574147091] [acados_nmpc_node]: t=89.44s | KKT residual abnormal! res_stat=2.891e+02 res_eq=1.159e-03 res_ineq=0.000e+00 res_comp=2.912e+00 | sqp_iter=100 | peak res_stat=2.718e+03
[WARN] [1789396197.574528230] [acados_nmpc_node]: acados solve failed [status=2, 549 consecutive] | x_cur pos=[ 9.728899    4.3850112  -0.41841555] vel=[-0.00153163  0.09386145 -0.0566361 ] |q|=1.0000
[WARN] [1789396197.574744882] [acados_nmpc_node]: Exceeded 40 consecutive failures, resetting warm-start to safe hover state
[INFO] [1789396197.575301376] [acados_nmpc_node]: [attach-window] t=89.44s pos_err=13.439m T=20.25N z=-0.418 m_est=2.129
[WARN] [1789396197.644468455] [acados_nmpc_node]: t=89.51s | KKT residual abnormal! res_stat=1.012e+02 res_eq=6.300e-04 res_ineq=0.000e+00 res_comp=1.334e+00 | sqp_iter=100 | peak res_stat=2.718e+03
[WARN] [1789396197.644837913] [acados_nmpc_node]: acados solve failed [status=2, 550 consecutive] | x_cur pos=[ 9.72987652  4.38762045 -0.41016161] vel=[-0.00021922  0.09438904 -0.05316148] |q|=1.0000
[WARN] [1789396197.645060860] [acados_nmpc_node]: Exceeded 40 consecutive failures, resetting warm-start to safe hover state
[INFO] [1789396197.645605215] [acados_nmpc_node]: [attach-window] t=89.51s pos_err=13.214m T=20.25N z=-0.410 m_est=2.129
[WARN] [1789396197.709904155] [acados_nmpc_node]: t=89.58s | KKT residual abnormal! res_stat=1.661e+02 res_eq=5.664e-04 res_ineq=0.000e+00 res_comp=1.492e+00 | sqp_iter=100 | peak res_stat=2.718e+03
[WARN] [1789396197.710259931] [acados_nmpc_node]: acados solve failed [status=2, 551 consecutive] | x_cur pos=[ 9.73077488  4.38912582 -0.40526271] vel=[ 0.00080249  0.09447913 -0.05120191] |q|=1.0000
[WARN] [1789396197.710478500] [acados_nmpc_node]: Exceeded 40 consecutive failures, resetting warm-start to safe hover state
[INFO] [1789396197.711007561] [acados_nmpc_node]: [attach-window] t=89.58s pos_err=13.001m T=20.25N z=-0.405 m_est=2.129
[WARN] [1789396197.779946609] [acados_nmpc_node]: t=89.65s | KKT residual abnormal! res_stat=8.306e+01 res_eq=6.505e-04 res_ineq=0.000e+00 res_comp=1.989e+00 | sqp_iter=100 | peak res_stat=2.718e+03
[WARN] [1789396197.780336577] [acados_nmpc_node]: acados solve failed [status=2, 552 consecutive] | x_cur pos=[ 9.7317667   4.39080477 -0.40097255] vel=[ 0.00191139  0.09465339 -0.04919591] |q|=1.0000
[WARN] [1789396197.780553226] [acados_nmpc_node]: Exceeded 40 consecutive failures, resetting warm-start to safe hover state
[INFO] [1789396197.781110726] [acados_nmpc_node]: [attach-window] t=89.65s pos_err=12.778m T=20.25N z=-0.401 m_est=2.129
[WARN] [1789396197.851105426] [acados_nmpc_node]: t=89.72s | KKT residual abnormal! res_stat=1.006e+02 res_eq=6.005e-04 res_ineq=0.000e+00 res_comp=1.702e+00 | sqp_iter=100 | peak res_stat=2.718e+03
[WARN] [1789396197.851486398] [acados_nmpc_node]: acados solve failed [status=2, 553 consecutive] | x_cur pos=[ 9.73264885  4.39243031 -0.39683375] vel=[ 0.00284322  0.09475616 -0.04759259] |q|=1.0000
[WARN] [1789396197.851705005] [acados_nmpc_node]: Exceeded 40 consecutive failures, resetting warm-start to safe hover state
[INFO] [1789396197.852247706] [acados_nmpc_node]: [attach-window] t=89.72s pos_err=12.554m T=20.25N z=-0.397 m_est=2.129
[WARN] [1789396197.917772270] [acados_nmpc_node]: t=89.78s | KKT residual abnormal! res_stat=8.779e+01 res_eq=6.608e-04 res_ineq=0.000e+00 res_comp=2.460e+00 | sqp_iter=100 | peak res_stat=2.718e+03
[WARN] [1789396197.918125677] [acados_nmpc_node]: acados solve failed [status=2, 554 consecutive] | x_cur pos=[ 9.73344803  4.39400148 -0.39249092] vel=[ 0.00338881  0.09443055 -0.04592344] |q|=1.0000
[WARN] [1789396197.918349034] [acados_nmpc_node]: Exceeded 40 consecutive failures, resetting warm-start to safe hover state
[INFO] [1789396197.918872319] [acados_nmpc_node]: [attach-window] t=89.78s pos_err=12.341m T=20.25N z=-0.392 m_est=2.129
[WARN] [1789396197.989786025] [acados_nmpc_node]: t=89.85s | KKT residual abnormal! res_stat=1.254e+02 res_eq=1.516e-03 res_ineq=0.000e+00 res_comp=3.922e+00 | sqp_iter=100 | peak res_stat=2.718e+03
[WARN] [1789396197.990150612] [acados_nmpc_node]: acados solve failed [status=2, 555 consecutive] | x_cur pos=[ 9.73409462  4.3951025  -0.38841021] vel=[ 0.00373644  0.09369745 -0.04439791] |q|=1.0000
[WARN] [1789396197.990371298] [acados_nmpc_node]: Exceeded 40 consecutive failures, resetting warm-start to safe hover state
[INFO] [1789396197.990907946] [acados_nmpc_node]: [attach-window] t=89.85s pos_err=12.119m T=20.25N z=-0.388 m_est=2.129
[WARN] [1789396198.058778651] [acados_nmpc_node]: t=89.93s | KKT residual abnormal! res_stat=2.203e+02 res_eq=7.418e-04 res_ineq=0.000e+00 res_comp=1.947e+00 | sqp_iter=100 | peak res_stat=2.718e+03
[WARN] [1789396198.059163575] [acados_nmpc_node]: acados solve failed [status=2, 556 consecutive] | x_cur pos=[ 9.73459148  4.39606953 -0.38453457] vel=[ 0.00389807  0.09278913 -0.04298434] |q|=1.0000
[WARN] [1789396198.059395329] [acados_nmpc_node]: Exceeded 40 consecutive failures, resetting warm-start to safe hover state
[INFO] [1789396198.059940814] [acados_nmpc_node]: [attach-window] t=89.93s pos_err=11.894m T=20.25N z=-0.385 m_est=2.129
[WARN] [1789396198.126358367] [acados_nmpc_node]: t=89.99s | KKT residual abnormal! res_stat=2.234e+02 res_eq=9.308e-04 res_ineq=0.000e+00 res_comp=2.308e+00 | sqp_iter=100 | peak res_stat=2.718e+03
[WARN] [1789396198.126730467] [acados_nmpc_node]: acados solve failed [status=2, 557 consecutive] | x_cur pos=[ 9.73489094  4.39687681 -0.38036919] vel=[ 0.00402543  0.09164265 -0.04122884] |q|=1.0000
[WARN] [1789396198.126948130] [acados_nmpc_node]: Exceeded 40 consecutive failures, resetting warm-start to safe hover state
[INFO] [1789396198.127501595] [acados_nmpc_node]: [attach-window] t=89.99s pos_err=11.692m T=20.25N z=-0.380 m_est=2.129
[WARN] [1789396198.196279987] [acados_nmpc_node]: t=90.06s | KKT residual abnormal! res_stat=1.218e+02 res_eq=1.088e-03 res_ineq=0.000e+00 res_comp=4.903e+00 | sqp_iter=100 | peak res_stat=2.718e+03
[WARN] [1789396198.196640123] [acados_nmpc_node]: acados solve failed [status=2, 558 consecutive] | x_cur pos=[ 9.73506069  4.39727354 -0.37648568] vel=[ 0.00402435  0.09031574 -0.03965844] |q|=1.0000
[WARN] [1789396198.196857104] [acados_nmpc_node]: Exceeded 40 consecutive failures, resetting warm-start to safe hover state
[INFO] [1789396198.197399768] [acados_nmpc_node]: [attach-window] t=90.06s pos_err=11.473m T=20.25N z=-0.376 m_est=2.129
[WARN] [1789396198.264621851] [acados_nmpc_node]: t=90.13s | KKT residual abnormal! res_stat=3.343e+02 res_eq=1.742e-03 res_ineq=0.000e+00 res_comp=4.196e+00 | sqp_iter=100 | peak res_stat=2.718e+03
[WARN] [1789396198.264988694] [acados_nmpc_node]: acados solve failed [status=2, 559 consecutive] | x_cur pos=[ 9.73524952  4.39750195 -0.37250727] vel=[ 0.00397709  0.08897896 -0.03821974] |q|=1.0000
[WARN] [1789396198.265211591] [acados_nmpc_node]: Exceeded 40 consecutive failures, resetting warm-start to safe hover state
[INFO] [1789396198.265759980] [acados_nmpc_node]: [attach-window] t=90.13s pos_err=11.263m T=20.25N z=-0.373 m_est=2.129
[WARN] [1789396198.330042938] [acados_nmpc_node]: t=90.20s | KKT residual abnormal! res_stat=1.536e+02 res_eq=1.092e-03 res_ineq=0.000e+00 res_comp=2.486e+00 | sqp_iter=100 | peak res_stat=2.718e+03
[WARN] [1789396198.330425861] [acados_nmpc_node]: acados solve failed [status=2, 560 consecutive] | x_cur pos=[ 9.73550892  4.39795637 -0.36815509] vel=[ 0.00414141  0.08757891 -0.03655934] |q|=1.0000
[WARN] [1789396198.330653942] [acados_nmpc_node]: Exceeded 40 consecutive failures, resetting warm-start to safe hover state
[INFO] [1789396198.331201338] [acados_nmpc_node]: [attach-window] t=90.20s pos_err=11.070m T=20.25N z=-0.368 m_est=2.129
[WARN] [1789396198.398268285] [acados_nmpc_node]: t=90.27s | KKT residual abnormal! res_stat=1.134e+02 res_eq=1.018e-03 res_ineq=0.000e+00 res_comp=2.093e+00 | sqp_iter=100 | peak res_stat=2.718e+03
[WARN] [1789396198.398644506] [acados_nmpc_node]: acados solve failed [status=2, 561 consecutive] | x_cur pos=[ 9.73552227  4.39863682 -0.36352688] vel=[ 0.00431177  0.08624531 -0.03500615] |q|=1.0000
[WARN] [1789396198.398870056] [acados_nmpc_node]: Exceeded 40 consecutive failures, resetting warm-start to safe hover state
[INFO] [1789396198.399420602] [acados_nmpc_node]: [attach-window] t=90.27s pos_err=10.867m T=20.25N z=-0.364 m_est=2.129
[WARN] [1789396198.466150142] [acados_nmpc_node]: t=90.33s | KKT residual abnormal! res_stat=2.027e+02 res_eq=1.521e-03 res_ineq=0.000e+00 res_comp=3.928e+00 | sqp_iter=100 | peak res_stat=2.718e+03
[WARN] [1789396198.466512239] [acados_nmpc_node]: acados solve failed [status=2, 562 consecutive] | x_cur pos=[ 9.73531246  4.39944983 -0.35930347] vel=[ 0.00426266  0.08508994 -0.03348825] |q|=1.0000
[WARN] [1789396198.466734726] [acados_nmpc_node]: Exceeded 40 consecutive failures, resetting warm-start to safe hover state
[INFO] [1789396198.467275865] [acados_nmpc_node]: [attach-window] t=90.33s pos_err=10.672m T=20.25N z=-0.359 m_est=2.129
[WARN] [1789396198.535585833] [acados_nmpc_node]: t=90.40s | KKT residual abnormal! res_stat=2.189e+02 res_eq=1.245e-03 res_ineq=0.000e+00 res_comp=2.630e+00 | sqp_iter=100 | peak res_stat=2.718e+03
[WARN] [1789396198.535937859] [acados_nmpc_node]: acados solve failed [status=2, 563 consecutive] | x_cur pos=[ 9.73474407  4.4005084  -0.35505348] vel=[ 0.00380602  0.08425888 -0.03202612] |q|=1.0000
[WARN] [1789396198.536158016] [acados_nmpc_node]: Exceeded 40 consecutive failures, resetting warm-start to safe hover state
[INFO] [1789396198.536752023] [acados_nmpc_node]: [attach-window] t=90.40s pos_err=10.481m T=20.25N z=-0.355 m_est=2.129
[INFO] [1789396198.537035889] [acados_nmpc_node]: [wcmd] raw=[+10.648,-0.486,+22.179] w=[-0.001,+0.001,-0.000] err=[+10.650,-0.487] scaled=[+10.648,-0.486] s=1.97
[WARN] [1789396198.600609095] [acados_nmpc_node]: t=90.47s | KKT residual abnormal! res_stat=2.022e+02 res_eq=1.376e-03 res_ineq=0.000e+00 res_comp=3.276e+00 | sqp_iter=100 | peak res_stat=2.718e+03
[WARN] [1789396198.600969400] [acados_nmpc_node]: acados solve failed [status=2, 564 consecutive] | x_cur pos=[ 9.733778    4.40161133 -0.35069588] vel=[ 0.00307271  0.08336382 -0.03068465] |q|=1.0000
[WARN] [1789396198.601191727] [acados_nmpc_node]: Exceeded 40 consecutive failures, resetting warm-start to safe hover state
[INFO] [1789396198.601721590] [acados_nmpc_node]: [attach-window] t=90.47s pos_err=10.299m T=20.25N z=-0.351 m_est=2.129
[WARN] [1789396198.669486991] [acados_nmpc_node]: t=90.54s | KKT residual abnormal! res_stat=1.946e+02 res_eq=1.540e-03 res_ineq=0.000e+00 res_comp=3.482e+00 | sqp_iter=100 | peak res_stat=2.718e+03
[WARN] [1789396198.669886775] [acados_nmpc_node]: acados solve failed [status=2, 565 consecutive] | x_cur pos=[ 9.73234558  4.40286255 -0.34553668] vel=[ 0.00220232  0.08240249 -0.02914045] |q|=1.0000
[WARN] [1789396198.670110534] [acados_nmpc_node]: Exceeded 40 consecutive failures, resetting warm-start to safe hover state
[INFO] [1789396198.670680538] [acados_nmpc_node]: [attach-window] t=90.54s pos_err=10.113m T=20.25N z=-0.346 m_est=2.129
[WARN] [1789396198.736648808] [acados_nmpc_node]: t=90.61s | KKT residual abnormal! res_stat=2.481e+02 res_eq=1.322e-03 res_ineq=0.000e+00 res_comp=2.727e+00 | sqp_iter=100 | peak res_stat=2.718e+03
[WARN] [1789396198.737018883] [acados_nmpc_node]: acados solve failed [status=2, 566 consecutive] | x_cur pos=[ 9.73101425  4.4039731  -0.3410683 ] vel=[ 0.00116423  0.08152605 -0.02782426] |q|=1.0000
[WARN] [1789396198.737240379] [acados_nmpc_node]: Exceeded 40 consecutive failures, resetting warm-start to safe hover state
[INFO] [1789396198.737788697] [acados_nmpc_node]: [attach-window] t=90.61s pos_err=9.930m T=20.25N z=-0.341 m_est=2.129
[WARN] [1789396198.798624361] [acados_nmpc_node]: t=90.67s | KKT residual abnormal! res_stat=1.549e+02 res_eq=1.350e-03 res_ineq=0.000e+00 res_comp=2.844e+00 | sqp_iter=100 | peak res_stat=2.718e+03
[WARN] [1789396198.798992542] [acados_nmpc_node]: acados solve failed [status=2, 567 consecutive] | x_cur pos=[ 9.72956848  4.40505409 -0.33595631] vel=[ 0.00032959  0.0806551  -0.02629853] |q|=1.0000
[WARN] [1789396198.799217494] [acados_nmpc_node]: Exceeded 40 consecutive failures, resetting warm-start to safe hover state
[INFO] [1789396198.799759487] [acados_nmpc_node]: [attach-window] t=90.67s pos_err=9.769m T=20.25N z=-0.336 m_est=2.129
[WARN] [1789396198.864947409] [acados_nmpc_node]: t=90.73s | KKT residual abnormal! res_stat=1.801e+02 res_eq=1.990e-03 res_ineq=0.000e+00 res_comp=3.293e+00 | sqp_iter=100 | peak res_stat=2.718e+03
[WARN] [1789396198.865328608] [acados_nmpc_node]: acados solve failed [status=2, 568 consecutive] | x_cur pos=[ 9.72842216  4.40568447 -0.33140168] vel=[-0.00026532  0.07942089 -0.02514036] |q|=1.0000
[WARN] [1789396198.865546102] [acados_nmpc_node]: Exceeded 40 consecutive failures, resetting warm-start to safe hover state
[INFO] [1789396198.866091291] [acados_nmpc_node]: [attach-window] t=90.73s pos_err=9.604m T=20.25N z=-0.331 m_est=2.129
[WARN] [1789396198.928166360] [acados_nmpc_node]: t=90.80s | KKT residual abnormal! res_stat=1.751e+02 res_eq=1.530e-03 res_ineq=0.000e+00 res_comp=2.569e+00 | sqp_iter=100 | peak res_stat=2.718e+03
[WARN] [1789396198.928552676] [acados_nmpc_node]: acados solve failed [status=2, 569 consecutive] | x_cur pos=[ 9.72755909  4.40574741 -0.32695892] vel=[-0.00034609  0.07779894 -0.02403476] |q|=1.0000
[WARN] [1789396198.928771182] [acados_nmpc_node]: Exceeded 40 consecutive failures, resetting warm-start to safe hover state
[INFO] [1789396198.929330468] [acados_nmpc_node]: [attach-window] t=90.80s pos_err=9.453m T=20.25N z=-0.327 m_est=2.129
[WARN] [1789396198.991260574] [acados_nmpc_node]: t=90.86s | KKT residual abnormal! res_stat=1.061e+02 res_eq=1.689e-03 res_ineq=0.000e+00 res_comp=3.130e+00 | sqp_iter=100 | peak res_stat=2.718e+03
[WARN] [1789396198.991630573] [acados_nmpc_node]: acados solve failed [status=2, 570 consecutive] | x_cur pos=[ 9.72695541  4.40514469 -0.32215899] vel=[-0.00022911  0.07557178 -0.02311547] |q|=1.0000
[WARN] [1789396198.991850707] [acados_nmpc_node]: Exceeded 40 consecutive failures, resetting warm-start to safe hover state
[INFO] [1789396198.992397980] [acados_nmpc_node]: [attach-window] t=90.86s pos_err=9.295m T=20.25N z=-0.322 m_est=2.129
[WARN] [1789396199.052634699] [acados_nmpc_node]: t=90.93s | KKT residual abnormal! res_stat=1.429e+02 res_eq=1.847e-03 res_ineq=0.000e+00 res_comp=3.582e+00 | sqp_iter=100 | peak res_stat=2.718e+03
[WARN] [1789396199.053029000] [acados_nmpc_node]: acados solve failed [status=2, 571 consecutive] | x_cur pos=[ 9.72672272  4.40417671 -0.31822872] vel=[ 0.00044554  0.07341109 -0.02215412] |q|=1.0000
[WARN] [1789396199.053262911] [acados_nmpc_node]: Exceeded 40 consecutive failures, resetting warm-start to safe hover state
[INFO] [1789396199.053824460] [acados_nmpc_node]: [attach-window] t=90.93s pos_err=9.153m T=20.25N z=-0.318 m_est=2.129
[WARN] [1789396199.111095272] [acados_nmpc_node]: t=90.98s | KKT residual abnormal! res_stat=1.416e+02 res_eq=2.053e-03 res_ineq=0.000e+00 res_comp=3.980e+00 | sqp_iter=100 | peak res_stat=2.718e+03
[WARN] [1789396199.111479633] [acados_nmpc_node]: acados solve failed [status=2, 572 consecutive] | x_cur pos=[ 9.72670269  4.40283251 -0.31480503] vel=[ 0.00112762  0.07097254 -0.02139232] |q|=1.0000
[WARN] [1789396199.111702404] [acados_nmpc_node]: Exceeded 40 consecutive failures, resetting warm-start to safe hover state
[INFO] [1789396199.112265142] [acados_nmpc_node]: [attach-window] t=90.98s pos_err=9.027m T=20.25N z=-0.315 m_est=2.129
[WARN] [1789396199.171468263] [acados_nmpc_node]: t=91.05s | KKT residual abnormal! res_stat=1.634e+02 res_eq=1.935e-03 res_ineq=0.000e+00 res_comp=4.155e+00 | sqp_iter=100 | peak res_stat=2.718e+03
[WARN] [1789396199.171862170] [acados_nmpc_node]: acados solve failed [status=2, 573 consecutive] | x_cur pos=[ 9.72684383  4.40100336 -0.31154001] vel=[ 0.00206013  0.06818673 -0.02070548] |q|=1.0000
[WARN] [1789396199.172084382] [acados_nmpc_node]: Exceeded 40 consecutive failures, resetting warm-start to safe hover state
[INFO] [1789396199.172638073] [acados_nmpc_node]: [attach-window] t=91.05s pos_err=8.896m T=20.25N z=-0.312 m_est=2.129
[WARN] [1789396199.232826365] [acados_nmpc_node]: t=91.11s | KKT residual abnormal! res_stat=2.244e+02 res_eq=2.163e-03 res_ineq=0.000e+00 res_comp=4.115e+00 | sqp_iter=100 | peak res_stat=2.718e+03
[WARN] [1789396199.233192666] [acados_nmpc_node]: acados solve failed [status=2, 574 consecutive] | x_cur pos=[ 9.72698689  4.39891005 -0.30823812] vel=[ 0.00281801  0.06531816 -0.01995628] |q|=1.0000
[WARN] [1789396199.233413958] [acados_nmpc_node]: Exceeded 40 consecutive failures, resetting warm-start to safe hover state
[INFO] [1789396199.233949913] [acados_nmpc_node]: [attach-window] t=91.11s pos_err=8.774m T=20.25N z=-0.308 m_est=2.129
[INFO] [1789396199.234679834] [acados_nmpc_node]: Sending arm command
[INFO] [1789396200.172990028] [acados_nmpc_node]: Armed, preparing to move to trajectory start...
[INFO] [1789396200.217760823] [acados_nmpc_node]: Moving to trajectory start... xy=9.716m z=6.253m v=0.03m/s
[INFO] [1789396202.717599959] [acados_nmpc_node]: Moving to trajectory start... xy=9.472m z=6.066m v=1.17m/s
[INFO] [1789396205.217561579] [acados_nmpc_node]: Moving to trajectory start... xy=1.842m z=1.097m v=1.64m/s
[INFO] [1789396207.717567488] [acados_nmpc_node]: Moving to trajectory start... xy=1.186m z=0.220m v=0.22m/s
[INFO] [1789396210.217566842] [acados_nmpc_node]: Moving to trajectory start... xy=0.719m z=0.050m v=0.12m/s
[INFO] [1789396212.717664696] [acados_nmpc_node]: Moving to trajectory start... xy=0.395m z=0.005m v=0.08m/s
[INFO] [1789396214.174180039] [acados_nmpc_node]: Reached trajectory start, NMPC tracking begins!
[INFO] [1789396214.174408389] [acados_nmpc_node]: [payload-health] healthy/fresh; model updates enabled
[ERROR] [1789396214.174713020] [acados_nmpc_node]: PAYLOAD STATE UNRESOLVED: drop 指令后 12s 未取得 moment 证据。**不清模型、不切 s_target、不复位 L1**,用 3.0s 平滑制动后在停止点悬停。(conf=1.000) —— 载荷是否仍在机上未知,需上层介入/降落中止
[INFO] [1789396214.247621590] [acados_nmpc_node]: [wcmd] raw=[+0.000,-0.000,-0.000] w=[+0.004,+0.004,-0.001] err=[-0.004,-0.004] scaled=[-0.003,-0.003] s=1.93
[INFO] [1789396214.447661819] [acados_nmpc_node]: [wcmd] raw=[+0.006,-0.007,-0.000] w=[+0.004,-0.006,-0.003] err=[+0.002,-0.001] scaled=[+0.007,-0.007] s=1.74
[INFO] [1789396214.647621624] [acados_nmpc_node]: [wcmd] raw=[-0.006,-0.018,-0.000] w=[+0.002,-0.021,-0.000] err=[-0.008,+0.003] scaled=[-0.011,-0.016] s=1.54
[INFO] [1789396214.847619139] [acados_nmpc_node]: [wcmd] raw=[-0.034,-0.001,-0.001] w=[-0.036,-0.010,-0.002] err=[+0.003,+0.009] scaled=[-0.033,+0.003] s=1.38
[INFO] [1789396215.047561265] [acados_nmpc_node]: [wcmd] raw=[-0.007,+0.011,-0.001] w=[-0.028,+0.008,-0.003] err=[+0.021,+0.003] scaled=[-0.002,+0.012] s=1.25
[INFO] [1789396215.117464094] [acados_nmpc_node]: PAYLOAD STATE RESOLVED: 迟到的 moment 证据到达,恢复正常卸载流程
[INFO] [1789396215.117687768] [acados_nmpc_node]: DROP complete: MHE no-payload confidence 1.000 persisted for 1.00s; adaptive states reset
[INFO] [1789396215.175700969] [acados_nmpc_node]: t=1.0s | pos_err=0.055m | T=20.24N | tau=[r0.000 p0.000 y0.000]Nm | res_stat=3.887e-07(peak 2.718e+03) sqp_iter=3 | solve=1.7ms
[INFO] [1789396215.175927668] [acados_nmpc_node]: [flight-diag] t=1.0s | om_scale=1.208(lo 1.208 hi 1.965) | tilt_max=79.60deg | w_max=[r6.519 p5.688 y9.349]rad/s | u_frac=[T0.662 r0.309 p0.176 y0.005] | u_sat=[T0.0 r0.0 p0.0 y0.0]% | mot_peak=1.000 mot_sat=10.5% | health=1 age=0.003s conf=1.000 | n=119
[INFO] [1789396215.247618204] [acados_nmpc_node]: [wcmd] raw=[+0.009,+0.008,-0.001] w=[+0.005,+0.010,-0.001] err=[+0.004,-0.002] scaled=[+0.010,+0.008] s=1.17
[INFO] [1789396215.447580781] [acados_nmpc_node]: [wcmd] raw=[+0.009,+0.000,-0.001] w=[+0.005,+0.001,-0.002] err=[+0.005,-0.001] scaled=[+0.010,+0.000] s=1.11
[INFO] [1789396215.647592405] [acados_nmpc_node]: [wcmd] raw=[+0.015,+0.007,-0.001] w=[+0.010,+0.002,-0.001] err=[+0.005,+0.005] scaled=[+0.015,+0.008] s=1.08
[INFO] [1789396215.847640040] [acados_nmpc_node]: [wcmd] raw=[+0.006,+0.020,-0.001] w=[+0.009,+0.016,-0.002] err=[-0.003,+0.004] scaled=[+0.006,+0.021] s=1.05
[INFO] [1789396216.047612434] [acados_nmpc_node]: [wcmd] raw=[+0.001,+0.016,-0.001] w=[-0.002,+0.019,-0.001] err=[+0.003,-0.004] scaled=[+0.001,+0.016] s=1.03
[INFO] [1789396216.247556734] [acados_nmpc_node]: [wcmd] raw=[+0.014,+0.007,-0.001] w=[+0.003,+0.013,-0.001] err=[+0.011,-0.006] scaled=[+0.014,+0.007] s=1.02
[INFO] [1789396216.447603701] [acados_nmpc_node]: [wcmd] raw=[+0.017,-0.008,-0.001] w=[+0.018,-0.001,-0.002] err=[-0.001,-0.008] scaled=[+0.017,-0.009] s=1.02
[INFO] [1789396216.647646232] [acados_nmpc_node]: [wcmd] raw=[+0.001,-0.022,-0.001] w=[+0.006,-0.019,-0.002] err=[-0.005,-0.003] scaled=[+0.001,-0.022] s=1.01
[INFO] [1789396216.847613153] [acados_nmpc_node]: [wcmd] raw=[-0.001,-0.018,-0.000] w=[-0.006,-0.023,-0.001] err=[+0.005,+0.005] scaled=[-0.001,-0.018] s=1.01
[INFO] [1789396217.047600282] [acados_nmpc_node]: [wcmd] raw=[+0.012,-0.011,-0.000] w=[+0.002,-0.013,-0.001] err=[+0.010,+0.002] scaled=[+0.012,-0.011] s=1.00
[INFO] [1789396217.247583473] [acados_nmpc_node]: [wcmd] raw=[+0.011,-0.008,-0.000] w=[+0.013,-0.011,-0.001] err=[-0.002,+0.002] scaled=[+0.011,-0.008] s=1.00
[INFO] [1789396217.447493014] [acados_nmpc_node]: [wcmd] raw=[-0.014,+0.001,-0.000] w=[-0.005,-0.003,-0.001] err=[-0.009,+0.004] scaled=[-0.014,+0.001] s=1.00
[INFO] [1789396217.647611378] [acados_nmpc_node]: [wcmd] raw=[-0.018,+0.010,-0.001] w=[-0.026,+0.007,-0.001] err=[+0.007,+0.003] scaled=[-0.018,+0.010] s=1.00
[INFO] [1789396217.847602751] [acados_nmpc_node]: [wcmd] raw=[+0.006,+0.016,-0.001] w=[-0.010,+0.016,-0.001] err=[+0.017,+0.000] scaled=[+0.006,+0.016] s=1.00
[INFO] [1789396218.047562892] [acados_nmpc_node]: [wcmd] raw=[+0.016,+0.014,-0.001] w=[+0.013,+0.018,-0.001] err=[+0.003,-0.004] scaled=[+0.016,+0.014] s=1.00
[INFO] [1789396218.247620621] [acados_nmpc_node]: [wcmd] raw=[-0.009,+0.003,-0.001] w=[+0.003,+0.012,-0.002] err=[-0.012,-0.009] scaled=[-0.009,+0.003] s=1.00
[INFO] [1789396218.447549634] [acados_nmpc_node]: [wcmd] raw=[-0.018,-0.017,-0.001] w=[-0.023,-0.008,-0.002] err=[+0.005,-0.009] scaled=[-0.018,-0.017] s=1.00
[INFO] [1789396218.647660079] [acados_nmpc_node]: [wcmd] raw=[+0.001,-0.021,-0.001] w=[-0.014,-0.023,-0.001] err=[+0.015,+0.002] scaled=[+0.001,-0.021] s=1.00
[INFO] [1789396218.847559200] [acados_nmpc_node]: [wcmd] raw=[+0.022,-0.018,-0.001] w=[+0.011,-0.024,-0.000] err=[+0.011,+0.006] scaled=[+0.022,-0.018] s=1.00
[INFO] [1789396219.047612374] [acados_nmpc_node]: [wcmd] raw=[+0.019,-0.001,-0.001] w=[+0.024,-0.009,-0.001] err=[-0.005,+0.008] scaled=[+0.019,-0.001] s=1.00
[INFO] [1789396219.247609910] [acados_nmpc_node]: [wcmd] raw=[-0.012,+0.006,-0.001] w=[+0.004,+0.006,-0.002] err=[-0.015,+0.000] scaled=[-0.012,+0.006] s=1.00
[INFO] [1789396219.447655536] [acados_nmpc_node]: [wcmd] raw=[-0.020,+0.007,-0.001] w=[-0.026,+0.007,-0.001] err=[+0.006,-0.000] scaled=[-0.020,+0.007] s=1.00
[INFO] [1789396219.647581398] [acados_nmpc_node]: [wcmd] raw=[+0.006,+0.010,-0.001] w=[-0.012,+0.010,-0.001] err=[+0.018,+0.000] scaled=[+0.006,+0.010] s=1.00
[INFO] [1789396219.847582369] [acados_nmpc_node]: [wcmd] raw=[+0.014,+0.013,-0.001] w=[+0.013,+0.013,-0.001] err=[+0.001,-0.001] scaled=[+0.014,+0.013] s=1.00
[INFO] [1789396220.047626617] [acados_nmpc_node]: [wcmd] raw=[+0.006,+0.007,-0.001] w=[+0.009,+0.012,-0.001] err=[-0.003,-0.005] scaled=[+0.006,+0.007] s=1.00
[INFO] [1789396220.173498082] [acados_nmpc_node]: t=6.0s | pos_err=0.033m | T=20.27N | tau=[r-0.002 p0.000 y-0.000]Nm | res_stat=7.413e-08(peak 2.718e+03) sqp_iter=3 | solve=1.2ms
[INFO] [1789396220.173687097] [acados_nmpc_node]: [flight-diag] t=6.0s | om_scale=1.000(lo 1.000 hi 1.184) | tilt_max=0.84deg | w_max=[r0.026 p0.025 y0.002]rad/s | u_frac=[T0.649 r0.016 p0.007 y0.003] | u_sat=[T0.0 r0.0 p0.0 y0.0]% | mot_peak=0.772 mot_sat=0.0% | health=1 age=0.000s conf=1.000 | n=100
[INFO] [1789396220.247602983] [acados_nmpc_node]: [wcmd] raw=[+0.003,+0.005,-0.001] w=[+0.004,+0.008,-0.001] err=[-0.001,-0.003] scaled=[+0.003,+0.005] s=1.00
[INFO] [1789396220.447682258] [acados_nmpc_node]: [wcmd] raw=[+0.003,-0.003,-0.001] w=[+0.001,+0.003,-0.001] err=[+0.002,-0.006] scaled=[+0.003,-0.003] s=1.00
[INFO] [1789396220.647644379] [acados_nmpc_node]: [wcmd] raw=[+0.000,-0.017,-0.001] w=[+0.002,-0.014,-0.000] err=[-0.001,-0.003] scaled=[+0.000,-0.017] s=1.00
[INFO] [1789396220.847695287] [acados_nmpc_node]: [wcmd] raw=[-0.006,-0.001,-0.001] w=[-0.005,-0.008,-0.001] err=[-0.001,+0.008] scaled=[-0.006,-0.001] s=1.00
[INFO] [1789396221.047627912] [acados_nmpc_node]: [wcmd] raw=[-0.010,+0.014,-0.001] w=[-0.014,+0.011,-0.000] err=[+0.003,+0.002] scaled=[-0.010,+0.014] s=1.00
[INFO] [1789396221.219981071] [acados_nmpc_node]: [attach-window] t=7.04s pos_err=0.032m T=20.24N z=5.995 m_est=2.064
[INFO] [1789396221.247689112] [acados_nmpc_node]: [wcmd] raw=[+0.004,+0.012,-0.001] w=[-0.005,+0.020,-0.000] err=[+0.010,-0.008] scaled=[+0.004,+0.012] s=1.00
[INFO] [1789396221.275672362] [acados_nmpc_node]: [attach-window] t=7.10s pos_err=0.033m T=20.24N z=5.994 m_est=2.064
[INFO] [1789396221.320036973] [acados_nmpc_node]: [attach-window] t=7.14s pos_err=0.034m T=20.26N z=5.994 m_est=2.064
[INFO] [1789396221.375627075] [acados_nmpc_node]: [attach-window] t=7.20s pos_err=0.034m T=20.26N z=5.993 m_est=2.064
[INFO] [1789396221.420072521] [acados_nmpc_node]: [attach-window] t=7.24s pos_err=0.035m T=20.27N z=5.993 m_est=2.064
[INFO] [1789396221.447565113] [acados_nmpc_node]: [wcmd] raw=[+0.002,-0.013,-0.001] w=[+0.005,+0.000,-0.001] err=[-0.003,-0.014] scaled=[+0.002,-0.013] s=1.00
[INFO] [1789396221.475665698] [acados_nmpc_node]: [attach-window] t=7.30s pos_err=0.035m T=20.27N z=5.992 m_est=2.064
[INFO] [1789396221.520057187] [acados_nmpc_node]: [attach-window] t=7.34s pos_err=0.036m T=20.28N z=5.991 m_est=2.064
[INFO] [1789396221.575874756] [acados_nmpc_node]: [attach-window] t=7.40s pos_err=0.036m T=20.28N z=5.991 m_est=2.064
[INFO] [1789396221.619985793] [acados_nmpc_node]: [attach-window] t=7.44s pos_err=0.037m T=20.28N z=5.990 m_est=2.064
[INFO] [1789396221.647453806] [acados_nmpc_node]: [wcmd] raw=[-0.011,-0.023,-0.001] w=[-0.009,-0.023,-0.001] err=[-0.002,+0.001] scaled=[-0.011,-0.023] s=1.00
[INFO] [1789396221.673448933] [acados_nmpc_node]: [attach-window] t=7.50s pos_err=0.037m T=20.28N z=5.990 m_est=2.064
[INFO] [1789396221.719281742] [acados_nmpc_node]: [attach-window] t=7.54s pos_err=0.038m T=20.27N z=5.990 m_est=2.064
[INFO] [1789396221.773181075] [acados_nmpc_node]: [attach-window] t=7.60s pos_err=0.038m T=20.26N z=5.990 m_est=2.064
[INFO] [1789396221.819321933] [acados_nmpc_node]: [attach-window] t=7.64s pos_err=0.038m T=20.25N z=5.990 m_est=2.064
[INFO] [1789396221.847445858] [acados_nmpc_node]: [wcmd] raw=[+0.001,-0.009,-0.001] w=[-0.010,-0.015,-0.001] err=[+0.011,+0.006] scaled=[+0.001,-0.009] s=1.00
[INFO] [1789396221.875533039] [acados_nmpc_node]: [attach-window] t=7.70s pos_err=0.038m T=20.25N z=5.990 m_est=2.064
[INFO] [1789396221.919952366] [acados_nmpc_node]: [attach-window] t=7.74s pos_err=0.039m T=20.25N z=5.989 m_est=2.064
[INFO] [1789396221.976024222] [acados_nmpc_node]: [attach-window] t=7.80s pos_err=0.039m T=20.25N z=5.989 m_est=2.064
[INFO] [1789396222.019947552] [acados_nmpc_node]: [attach-window] t=7.84s pos_err=0.039m T=20.25N z=5.989 m_est=2.064
[INFO] [1789396222.047559034] [acados_nmpc_node]: [wcmd] raw=[+0.012,-0.003,-0.001] w=[+0.007,-0.005,-0.001] err=[+0.005,+0.002] scaled=[+0.012,-0.003] s=1.00
[INFO] [1789396222.075436161] [acados_nmpc_node]: [attach-window] t=7.90s pos_err=0.039m T=20.26N z=5.989 m_est=2.064
[INFO] [1789396222.119927542] [acados_nmpc_node]: [attach-window] t=7.94s pos_err=0.039m T=20.26N z=5.988 m_est=2.064
[INFO] [1789396222.175517635] [acados_nmpc_node]: [attach-window] t=8.00s pos_err=0.038m T=20.26N z=5.988 m_est=2.064
[INFO] [1789396222.219920349] [acados_nmpc_node]: [attach-window] t=8.04s pos_err=0.038m T=20.25N z=5.988 m_est=2.064
[INFO] [1789396222.247558829] [acados_nmpc_node]: [wcmd] raw=[+0.007,+0.004,-0.001] w=[+0.009,+0.002,-0.002] err=[-0.002,+0.002] scaled=[+0.007,+0.004] s=1.00
[INFO] [1789396222.275478409] [acados_nmpc_node]: [attach-window] t=8.10s pos_err=0.038m T=20.25N z=5.988 m_est=2.064
[INFO] [1789396222.319252476] [acados_nmpc_node]: [attach-window] t=8.14s pos_err=0.037m T=20.23N z=5.989 m_est=2.064
[INFO] [1789396222.373426239] [acados_nmpc_node]: [attach-window] t=8.20s pos_err=0.037m T=20.22N z=5.989 m_est=2.064
[INFO] [1789396222.419145014] [acados_nmpc_node]: [attach-window] t=8.24s pos_err=0.036m T=20.20N z=5.990 m_est=2.064
[INFO] [1789396222.447584665] [acados_nmpc_node]: [wcmd] raw=[+0.004,+0.014,-0.001] w=[+0.004,+0.011,-0.000] err=[+0.000,+0.003] scaled=[+0.004,+0.014] s=1.00
[INFO] [1789396222.475574578] [acados_nmpc_node]: [attach-window] t=8.30s pos_err=0.036m T=20.19N z=5.991 m_est=2.064
[INFO] [1789396222.520059328] [acados_nmpc_node]: [attach-window] t=8.34s pos_err=0.036m T=20.18N z=5.992 m_est=2.064
[INFO] [1789396222.575500705] [acados_nmpc_node]: [attach-window] t=8.40s pos_err=0.036m T=20.17N z=5.992 m_est=2.064
[INFO] [1789396222.619908003] [acados_nmpc_node]: [attach-window] t=8.44s pos_err=0.036m T=20.16N z=5.993 m_est=2.064
[INFO] [1789396222.647557598] [acados_nmpc_node]: [wcmd] raw=[+0.002,+0.014,-0.001] w=[+0.001,+0.017,-0.001] err=[+0.001,-0.003] scaled=[+0.002,+0.014] s=1.00
[INFO] [1789396222.675606530] [acados_nmpc_node]: [attach-window] t=8.50s pos_err=0.036m T=20.16N z=5.994 m_est=2.064
[INFO] [1789396222.719943673] [acados_nmpc_node]: [attach-window] t=8.54s pos_err=0.037m T=20.16N z=5.995 m_est=2.064
[INFO] [1789396222.775685112] [acados_nmpc_node]: [attach-window] t=8.60s pos_err=0.037m T=20.16N z=5.995 m_est=2.064
[INFO] [1789396222.819944787] [acados_nmpc_node]: [attach-window] t=8.64s pos_err=0.037m T=20.16N z=5.996 m_est=2.064
[INFO] [1789396222.847534287] [acados_nmpc_node]: [wcmd] raw=[-0.001,+0.009,-0.001] w=[-0.003,+0.015,+0.000] err=[+0.002,-0.006] scaled=[-0.001,+0.009] s=1.00
[INFO] [1789396222.875361824] [acados_nmpc_node]: [attach-window] t=8.70s pos_err=0.038m T=20.16N z=5.997 m_est=2.064
[INFO] [1789396222.919921539] [acados_nmpc_node]: [attach-window] t=8.74s pos_err=0.039m T=20.16N z=5.998 m_est=2.064
[INFO] [1789396222.975462444] [acados_nmpc_node]: [attach-window] t=8.80s pos_err=0.039m T=20.16N z=5.998 m_est=2.064
[INFO] [1789396223.019885134] [acados_nmpc_node]: [attach-window] t=8.84s pos_err=0.039m T=20.16N z=5.999 m_est=2.064
[INFO] [1789396223.047452217] [acados_nmpc_node]: [wcmd] raw=[+0.007,+0.001,-0.001] w=[+0.001,+0.008,-0.001] err=[+0.006,-0.007] scaled=[+0.007,+0.001] s=1.00
[INFO] [1789396223.073181548] [acados_nmpc_node]: [attach-window] t=8.90s pos_err=0.039m T=20.16N z=6.000 m_est=2.064
[INFO] [1789396223.119374636] [acados_nmpc_node]: [attach-window] t=8.94s pos_err=0.039m T=20.16N z=6.001 m_est=2.064
[INFO] [1789396223.173392439] [acados_nmpc_node]: [attach-window] t=9.00s pos_err=0.039m T=20.16N z=6.001 m_est=2.064
[INFO] [1789396223.220076824] [acados_nmpc_node]: [attach-window] t=9.04s pos_err=0.038m T=20.17N z=6.002 m_est=2.064
[INFO] [1789396223.247602093] [acados_nmpc_node]: [wcmd] raw=[+0.005,-0.016,-0.001] w=[+0.008,-0.008,-0.002] err=[-0.003,-0.008] scaled=[+0.005,-0.016] s=1.00
[INFO] [1789396223.275987895] [acados_nmpc_node]: [attach-window] t=9.10s pos_err=0.038m T=20.17N z=6.002 m_est=2.064
[INFO] [1789396223.320117577] [acados_nmpc_node]: [attach-window] t=9.14s pos_err=0.037m T=20.18N z=6.003 m_est=2.064
[INFO] [1789396223.375702072] [acados_nmpc_node]: [attach-window] t=9.20s pos_err=0.036m T=20.18N z=6.003 m_est=2.064
[INFO] [1789396223.420091018] [acados_nmpc_node]: [attach-window] t=9.24s pos_err=0.035m T=20.18N z=6.003 m_est=2.064
[INFO] [1789396223.447677728] [acados_nmpc_node]: [wcmd] raw=[-0.002,-0.024,-0.001] w=[+0.001,-0.023,-0.001] err=[-0.002,-0.001] scaled=[-0.002,-0.024] s=1.00
[INFO] [1789396223.475921513] [acados_nmpc_node]: [attach-window] t=9.30s pos_err=0.034m T=20.18N z=6.004 m_est=2.064
[INFO] [1789396223.520186986] [acados_nmpc_node]: [attach-window] t=9.34s pos_err=0.033m T=20.18N z=6.004 m_est=2.064
[INFO] [1789396223.575847717] [acados_nmpc_node]: [attach-window] t=9.40s pos_err=0.032m T=20.18N z=6.004 m_est=2.064
[INFO] [1789396223.619923110] [acados_nmpc_node]: [attach-window] t=9.44s pos_err=0.031m T=20.18N z=6.005 m_est=2.064
[INFO] [1789396223.647612854] [acados_nmpc_node]: [wcmd] raw=[-0.000,-0.007,-0.000] w=[-0.003,-0.017,-0.000] err=[+0.002,+0.010] scaled=[-0.000,-0.007] s=1.00
[INFO] [1789396223.675787365] [acados_nmpc_node]: [attach-window] t=9.50s pos_err=0.031m T=20.18N z=6.005 m_est=2.064
[INFO] [1789396223.719917363] [acados_nmpc_node]: [attach-window] t=9.54s pos_err=0.030m T=20.19N z=6.005 m_est=2.064
[INFO] [1789396223.775502709] [acados_nmpc_node]: [attach-window] t=9.60s pos_err=0.030m T=20.19N z=6.005 m_est=2.064
[INFO] [1789396223.819943469] [acados_nmpc_node]: [attach-window] t=9.64s pos_err=0.029m T=20.20N z=6.005 m_est=2.064
[INFO] [1789396223.847602989] [acados_nmpc_node]: [wcmd] raw=[-0.004,+0.005,-0.000] w=[-0.004,+0.002,-0.000] err=[-0.001,+0.003] scaled=[-0.004,+0.005] s=1.00
[INFO] [1789396223.875270760] [acados_nmpc_node]: [attach-window] t=9.70s pos_err=0.029m T=20.20N z=6.005 m_est=2.064
[INFO] [1789396223.919873711] [acados_nmpc_node]: [attach-window] t=9.74s pos_err=0.029m T=20.20N z=6.006 m_est=2.064
[INFO] [1789396223.975895679] [acados_nmpc_node]: [attach-window] t=9.80s pos_err=0.029m T=20.20N z=6.006 m_est=2.064
[INFO] [1789396224.019902010] [acados_nmpc_node]: [attach-window] t=9.84s pos_err=0.029m T=20.19N z=6.006 m_est=2.064
[INFO] [1789396224.047523272] [acados_nmpc_node]: [wcmd] raw=[-0.001,+0.005,-0.000] w=[-0.004,+0.007,+0.000] err=[+0.004,-0.002] scaled=[-0.001,+0.005] s=1.00
[INFO] [1789396224.075798362] [acados_nmpc_node]: [attach-window] t=9.90s pos_err=0.029m T=20.19N z=6.006 m_est=2.064
[INFO] [1789396224.119879238] [acados_nmpc_node]: [attach-window] t=9.94s pos_err=0.029m T=20.19N z=6.007 m_est=2.064
[INFO] [1789396224.175359352] [acados_nmpc_node]: [attach-window] t=10.00s pos_err=0.029m T=20.19N z=6.007 m_est=2.064
[INFO] [1789396224.219815608] [acados_nmpc_node]: [attach-window] t=10.04s pos_err=0.030m T=20.18N z=6.007 m_est=2.064
[INFO] [1789396224.247595499] [acados_nmpc_node]: [wcmd] raw=[-0.004,+0.009,-0.000] w=[-0.004,+0.008,+0.001] err=[+0.000,+0.001] scaled=[-0.004,+0.009] s=1.00
[INFO] [1789396224.275409753] [acados_nmpc_node]: [attach-window] t=10.10s pos_err=0.030m T=20.18N z=6.007 m_est=2.064
[INFO] [1789396224.319850018] [acados_nmpc_node]: [attach-window] t=10.14s pos_err=0.031m T=20.17N z=6.008 m_est=2.064
[INFO] [1789396224.375288296] [acados_nmpc_node]: [attach-window] t=10.20s pos_err=0.032m T=20.16N z=6.009 m_est=2.064
[INFO] [1789396224.419941815] [acados_nmpc_node]: [attach-window] t=10.24s pos_err=0.033m T=20.15N z=6.010 m_est=2.064
[INFO] [1789396224.447565836] [acados_nmpc_node]: [wcmd] raw=[-0.000,+0.003,-0.001] w=[-0.006,+0.008,+0.000] err=[+0.006,-0.004] scaled=[-0.000,+0.003] s=1.00
[INFO] [1789396224.475524830] [acados_nmpc_node]: [attach-window] t=10.30s pos_err=0.033m T=20.14N z=6.010 m_est=2.064
[INFO] [1789396224.519897334] [acados_nmpc_node]: [attach-window] t=10.34s pos_err=0.033m T=20.14N z=6.011 m_est=2.064
[INFO] [1789396224.575704061] [acados_nmpc_node]: [attach-window] t=10.40s pos_err=0.033m T=20.13N z=6.012 m_est=2.064
[INFO] [1789396224.619786607] [acados_nmpc_node]: [attach-window] t=10.44s pos_err=0.033m T=20.13N z=6.013 m_est=2.064
[INFO] [1789396224.647562370] [acados_nmpc_node]: [wcmd] raw=[+0.016,-0.005,-0.001] w=[+0.008,-0.001,-0.000] err=[+0.008,-0.004] scaled=[+0.016,-0.005] s=1.00
[INFO] [1789396224.675924987] [acados_nmpc_node]: [attach-window] t=10.50s pos_err=0.033m T=20.14N z=6.013 m_est=2.064
[INFO] [1789396224.719761940] [acados_nmpc_node]: [attach-window] t=10.54s pos_err=0.032m T=20.15N z=6.014 m_est=2.064
[INFO] [1789396224.775629891] [acados_nmpc_node]: [attach-window] t=10.60s pos_err=0.032m T=20.15N z=6.014 m_est=2.064
[INFO] [1789396224.819777310] [acados_nmpc_node]: [attach-window] t=10.64s pos_err=0.031m T=20.17N z=6.014 m_est=2.064
[INFO] [1789396224.847577676] [acados_nmpc_node]: [wcmd] raw=[+0.014,-0.006,-0.001] w=[+0.017,-0.006,-0.000] err=[-0.003,+0.000] scaled=[+0.014,-0.006] s=1.00
[INFO] [1789396224.875509475] [acados_nmpc_node]: [attach-window] t=10.70s pos_err=0.031m T=20.18N z=6.014 m_est=2.064
[INFO] [1789396224.919936213] [acados_nmpc_node]: [attach-window] t=10.74s pos_err=0.029m T=20.19N z=6.013 m_est=2.064
[INFO] [1789396224.975898760] [acados_nmpc_node]: [attach-window] t=10.80s pos_err=0.029m T=20.20N z=6.013 m_est=2.064
[INFO] [1789396225.019888568] [acados_nmpc_node]: [attach-window] t=10.84s pos_err=0.027m T=20.22N z=6.012 m_est=2.064
[INFO] [1789396225.047551847] [acados_nmpc_node]: [wcmd] raw=[+0.001,+0.001,-0.001] w=[+0.007,-0.002,-0.000] err=[-0.006,+0.004] scaled=[+0.001,+0.001] s=1.00
[INFO] [1789396225.075649539] [acados_nmpc_node]: [attach-window] t=10.90s pos_err=0.026m T=20.24N z=6.012 m_est=2.064
[INFO] [1789396225.119870464] [acados_nmpc_node]: [attach-window] t=10.94s pos_err=0.025m T=20.26N z=6.010 m_est=2.064
[INFO] [1789396225.175630794] [acados_nmpc_node]: [attach-window] t=11.00s pos_err=0.024m T=20.27N z=6.010 m_est=2.064
[INFO] [1789396225.176132979] [acados_nmpc_node]: t=11.0s | pos_err=0.024m | T=20.27N | tau=[r-0.001 p0.001 y0.000]Nm | res_stat=5.923e-07(peak 2.718e+03) sqp_iter=2 | solve=1.5ms
[INFO] [1789396225.176335967] [acados_nmpc_node]: [flight-diag] t=11.0s | om_scale=1.000(lo 1.000 hi 1.000) | tilt_max=0.57deg | w_max=[r0.018 p0.025 y0.002]rad/s | u_frac=[T0.647 r0.009 p0.009 y0.003] | u_sat=[T0.0 r0.0 p0.0 y0.0]% | mot_peak=0.771 mot_sat=0.0% | health=1 age=0.003s conf=1.000 | n=100
[INFO] [1789396225.219836291] [acados_nmpc_node]: [attach-window] t=11.04s pos_err=0.022m T=20.29N z=6.008 m_est=2.064
[INFO] [1789396225.247591503] [acados_nmpc_node]: [wcmd] raw=[-0.004,+0.003,-0.001] w=[-0.004,+0.005,-0.002] err=[+0.000,-0.003] scaled=[-0.004,+0.003] s=1.00
[INFO] [1789396225.275562902] [acados_nmpc_node]: [attach-window] t=11.10s pos_err=0.022m T=20.30N z=6.007 m_est=2.064
[INFO] [1789396225.319762714] [acados_nmpc_node]: [attach-window] t=11.14s pos_err=0.020m T=20.32N z=6.005 m_est=2.064
[INFO] [1789396225.375667340] [acados_nmpc_node]: [attach-window] t=11.20s pos_err=0.019m T=20.32N z=6.004 m_est=2.064
[INFO] [1789396225.419781349] [acados_nmpc_node]: [attach-window] t=11.24s pos_err=0.018m T=20.33N z=6.002 m_est=2.064
[INFO] [1789396225.447559528] [acados_nmpc_node]: [wcmd] raw=[-0.007,+0.001,-0.000] w=[-0.008,+0.002,-0.001] err=[+0.002,-0.002] scaled=[-0.007,+0.001] s=1.00
[INFO] [1789396225.475277653] [acados_nmpc_node]: [attach-window] t=11.30s pos_err=0.017m T=20.33N z=6.001 m_est=2.064
[INFO] [1789396225.519768173] [acados_nmpc_node]: [attach-window] t=11.34s pos_err=0.016m T=20.34N z=5.999 m_est=2.064
[INFO] [1789396225.576220401] [acados_nmpc_node]: [attach-window] t=11.40s pos_err=0.016m T=20.34N z=5.998 m_est=2.064
[INFO] [1789396225.619962735] [acados_nmpc_node]: [attach-window] t=11.44s pos_err=0.016m T=20.34N z=5.996 m_est=2.064
[INFO] [1789396225.647577837] [acados_nmpc_node]: [wcmd] raw=[-0.010,+0.001,-0.000] w=[-0.010,+0.002,-0.000] err=[+0.000,-0.001] scaled=[-0.010,+0.001] s=1.00
[INFO] [1789396225.675628624] [acados_nmpc_node]: [attach-window] t=11.50s pos_err=0.016m T=20.34N z=5.995 m_est=2.064
[INFO] [1789396225.720079679] [acados_nmpc_node]: [attach-window] t=11.54s pos_err=0.018m T=20.33N z=5.994 m_est=2.064
[INFO] [1789396225.775597233] [acados_nmpc_node]: [attach-window] t=11.60s pos_err=0.018m T=20.33N z=5.993 m_est=2.064
[INFO] [1789396225.820009284] [acados_nmpc_node]: [attach-window] t=11.64s pos_err=0.021m T=20.31N z=5.992 m_est=2.064
[INFO] [1789396225.847528082] [acados_nmpc_node]: [wcmd] raw=[-0.020,+0.006,-0.000] w=[-0.018,+0.007,-0.001] err=[-0.002,-0.001] scaled=[-0.020,+0.006] s=1.00
[INFO] [1789396225.875815179] [acados_nmpc_node]: [attach-window] t=11.70s pos_err=0.022m T=20.30N z=5.992 m_est=2.064
[INFO] [1789396225.919970243] [acados_nmpc_node]: [attach-window] t=11.74s pos_err=0.026m T=20.27N z=5.992 m_est=2.064
[INFO] [1789396225.975774636] [acados_nmpc_node]: [attach-window] t=11.80s pos_err=0.027m T=20.26N z=5.992 m_est=2.064
[INFO] [1789396226.019953673] [acados_nmpc_node]: [attach-window] t=11.84s pos_err=0.031m T=20.25N z=5.992 m_est=2.064
[INFO] [1789396226.047558897] [acados_nmpc_node]: [wcmd] raw=[-0.020,+0.003,-0.000] w=[-0.028,+0.006,-0.001] err=[+0.008,-0.003] scaled=[-0.020,+0.003] s=1.00
[INFO] [1789396226.075365811] [acados_nmpc_node]: [attach-window] t=11.90s pos_err=0.033m T=20.24N z=5.992 m_est=2.064
[INFO] [1789396226.119906016] [acados_nmpc_node]: [attach-window] t=11.94s pos_err=0.037m T=20.24N z=5.992 m_est=2.064
[INFO] [1789396226.175694958] [acados_nmpc_node]: [attach-window] t=12.00s pos_err=0.038m T=20.24N z=5.992 m_est=2.064
[INFO] [1789396226.220084258] [acados_nmpc_node]: [attach-window] t=12.04s pos_err=0.041m T=20.24N z=5.991 m_est=2.064
[INFO] [1789396226.247569669] [acados_nmpc_node]: [wcmd] raw=[+0.001,-0.006,-0.001] w=[-0.014,+0.000,-0.000] err=[+0.016,-0.006] scaled=[+0.001,-0.006] s=1.00
[INFO] [1789396226.273144388] [acados_nmpc_node]: [attach-window] t=12.10s pos_err=0.042m T=20.25N z=5.991 m_est=2.064
[INFO] [1789396226.319226757] [acados_nmpc_node]: [attach-window] t=12.14s pos_err=0.044m T=20.25N z=5.991 m_est=2.064
[INFO] [1789396226.373099090] [acados_nmpc_node]: [attach-window] t=12.20s pos_err=0.045m T=20.26N z=5.991 m_est=2.064
[INFO] [1789396226.419217407] [acados_nmpc_node]: [attach-window] t=12.24s pos_err=0.046m T=20.26N z=5.990 m_est=2.064
[INFO] [1789396226.447559271] [acados_nmpc_node]: [wcmd] raw=[+0.025,-0.015,-0.001] w=[+0.014,-0.010,-0.000] err=[+0.010,-0.005] scaled=[+0.025,-0.015] s=1.00
[INFO] [1789396226.475620226] [acados_nmpc_node]: [attach-window] t=12.30s pos_err=0.046m T=20.26N z=5.990 m_est=2.064
[INFO] [1789396226.519962622] [acados_nmpc_node]: [attach-window] t=12.34s pos_err=0.045m T=20.25N z=5.990 m_est=2.064
[INFO] [1789396226.575542604] [acados_nmpc_node]: [attach-window] t=12.40s pos_err=0.045m T=20.25N z=5.990 m_est=2.064
[INFO] [1789396226.619951477] [acados_nmpc_node]: [attach-window] t=12.44s pos_err=0.044m T=20.24N z=5.990 m_est=2.064
[INFO] [1789396226.647568256] [acados_nmpc_node]: [wcmd] raw=[+0.023,-0.016,-0.001] w=[+0.027,-0.017,+0.001] err=[-0.004,+0.001] scaled=[+0.023,-0.016] s=1.00
[INFO] [1789396226.675533612] [acados_nmpc_node]: [attach-window] t=12.50s pos_err=0.043m T=20.23N z=5.991 m_est=2.064
[INFO] [1789396226.719880292] [acados_nmpc_node]: [attach-window] t=12.54s pos_err=0.042m T=20.21N z=5.991 m_est=2.064
[INFO] [1789396226.773182372] [acados_nmpc_node]: [attach-window] t=12.60s pos_err=0.041m T=20.21N z=5.992 m_est=2.064
[INFO] [1789396226.819098987] [acados_nmpc_node]: [attach-window] t=12.64s pos_err=0.040m T=20.19N z=5.993 m_est=2.064
[INFO] [1789396226.847609211] [acados_nmpc_node]: [wcmd] raw=[+0.008,-0.007,-0.001] w=[+0.016,-0.014,-0.001] err=[-0.008,+0.006] scaled=[+0.008,-0.007] s=1.00
[INFO] [1789396226.873069953] [acados_nmpc_node]: [attach-window] t=12.70s pos_err=0.039m T=20.18N z=5.993 m_est=2.064
[INFO] [1789396226.920042168] [acados_nmpc_node]: [attach-window] t=12.74s pos_err=0.037m T=20.17N z=5.994 m_est=2.064
[INFO] [1789396226.975531720] [acados_nmpc_node]: [attach-window] t=12.80s pos_err=0.036m T=20.16N z=5.995 m_est=2.064
[INFO] [1789396227.019999087] [acados_nmpc_node]: [attach-window] t=12.84s pos_err=0.034m T=20.15N z=5.996 m_est=2.064
[INFO] [1789396227.047627191] [acados_nmpc_node]: [wcmd] raw=[+0.010,+0.004,-0.001] w=[+0.007,+0.001,-0.001] err=[+0.003,+0.003] scaled=[+0.010,+0.004] s=1.00
[INFO] [1789396227.075753487] [acados_nmpc_node]: [attach-window] t=12.90s pos_err=0.033m T=20.15N z=5.997 m_est=2.064
[INFO] [1789396227.119721861] [acados_nmpc_node]: [attach-window] t=12.94s pos_err=0.031m T=20.14N z=5.998 m_est=2.064
[INFO] [1789396227.175493835] [acados_nmpc_node]: [attach-window] t=13.00s pos_err=0.031m T=20.14N z=5.999 m_est=2.064
[INFO] [1789396227.219725133] [acados_nmpc_node]: [attach-window] t=13.04s pos_err=0.030m T=20.15N z=6.000 m_est=2.064
[INFO] [1789396227.247591392] [acados_nmpc_node]: [wcmd] raw=[+0.003,+0.007,-0.001] w=[+0.010,+0.006,-0.002] err=[-0.007,+0.000] scaled=[+0.003,+0.007] s=1.00
[INFO] [1789396227.275473997] [acados_nmpc_node]: [attach-window] t=13.10s pos_err=0.029m T=20.15N z=6.000 m_est=2.064
[INFO] [1789396227.319940858] [acados_nmpc_node]: [attach-window] t=13.14s pos_err=0.029m T=20.16N z=6.001 m_est=2.064
[INFO] [1789396227.375409397] [acados_nmpc_node]: [attach-window] t=13.20s pos_err=0.029m T=20.16N z=6.001 m_est=2.064
[INFO] [1789396227.419899803] [acados_nmpc_node]: [attach-window] t=13.24s pos_err=0.029m T=20.16N z=6.002 m_est=2.064
[INFO] [1789396227.447495309] [acados_nmpc_node]: [wcmd] raw=[-0.014,+0.008,-0.001] w=[-0.009,+0.007,-0.001] err=[-0.005,+0.001] scaled=[-0.014,+0.008] s=1.00
[INFO] [1789396227.475470201] [acados_nmpc_node]: [attach-window] t=13.30s pos_err=0.029m T=20.17N z=6.002 m_est=2.064
[INFO] [1789396227.519901494] [acados_nmpc_node]: [attach-window] t=13.34s pos_err=0.029m T=20.17N z=6.003 m_est=2.064
[INFO] [1789396227.576030846] [acados_nmpc_node]: [attach-window] t=13.40s pos_err=0.029m T=20.18N z=6.003 m_est=2.064
[INFO] [1789396227.619945438] [acados_nmpc_node]: [attach-window] t=13.44s pos_err=0.030m T=20.19N z=6.003 m_est=2.064
[INFO] [1789396227.647525018] [acados_nmpc_node]: [wcmd] raw=[-0.015,+0.022,-0.001] w=[-0.020,+0.019,-0.001] err=[+0.005,+0.002] scaled=[-0.015,+0.022] s=1.00
[INFO] [1789396227.675594381] [acados_nmpc_node]: [attach-window] t=13.50s pos_err=0.030m T=20.19N z=6.003 m_est=2.064
[INFO] [1789396227.719867298] [acados_nmpc_node]: [attach-window] t=13.54s pos_err=0.031m T=20.21N z=6.003 m_est=2.064
[INFO] [1789396227.775636310] [acados_nmpc_node]: [attach-window] t=13.60s pos_err=0.032m T=20.22N z=6.003 m_est=2.064
[INFO] [1789396227.819940723] [acados_nmpc_node]: [attach-window] t=13.64s pos_err=0.033m T=20.23N z=6.002 m_est=2.064
[INFO] [1789396227.847629510] [acados_nmpc_node]: [wcmd] raw=[-0.002,+0.015,-0.001] w=[-0.013,+0.024,-0.000] err=[+0.011,-0.009] scaled=[-0.002,+0.015] s=1.00
[INFO] [1789396227.875635038] [acados_nmpc_node]: [attach-window] t=13.70s pos_err=0.033m T=20.23N z=6.002 m_est=2.064
[INFO] [1789396227.919850165] [acados_nmpc_node]: [attach-window] t=13.74s pos_err=0.034m T=20.24N z=6.002 m_est=2.064
[INFO] [1789396227.975667522] [acados_nmpc_node]: [attach-window] t=13.80s pos_err=0.034m T=20.23N z=6.002 m_est=2.064
[INFO] [1789396228.019895831] [acados_nmpc_node]: [attach-window] t=13.84s pos_err=0.034m T=20.23N z=6.001 m_est=2.064
[INFO] [1789396228.047572037] [acados_nmpc_node]: [wcmd] raw=[+0.009,-0.015,-0.001] w=[+0.003,-0.002,-0.001] err=[+0.007,-0.013] scaled=[+0.009,-0.015] s=1.00
[INFO] [1789396228.075669881] [acados_nmpc_node]: [attach-window] t=13.90s pos_err=0.034m T=20.23N z=6.001 m_est=2.064
[INFO] [1789396228.119993021] [acados_nmpc_node]: [attach-window] t=13.94s pos_err=0.033m T=20.23N z=6.001 m_est=2.064
[INFO] [1789396228.175720018] [acados_nmpc_node]: [attach-window] t=14.00s pos_err=0.032m T=20.23N z=6.001 m_est=2.064
[INFO] [1789396228.220034493] [acados_nmpc_node]: [attach-window] t=14.04s pos_err=0.031m T=20.22N z=6.001 m_est=2.064
[INFO] [1789396228.247591610] [acados_nmpc_node]: [wcmd] raw=[+0.015,-0.028,-0.001] w=[+0.013,-0.029,-0.001] err=[+0.002,+0.001] scaled=[+0.015,-0.028] s=1.00
[INFO] [1789396228.275704943] [acados_nmpc_node]: [attach-window] t=14.10s pos_err=0.030m T=20.22N z=6.001 m_est=2.064
[INFO] [1789396228.319857196] [acados_nmpc_node]: [attach-window] t=14.14s pos_err=0.029m T=20.21N z=6.001 m_est=2.064
[INFO] [1789396228.375724702] [acados_nmpc_node]: [attach-window] t=14.20s pos_err=0.028m T=20.21N z=6.001 m_est=2.064
[INFO] [1789396228.419774291] [acados_nmpc_node]: [attach-window] t=14.24s pos_err=0.026m T=20.20N z=6.001 m_est=2.064
[INFO] [1789396228.447789397] [acados_nmpc_node]: [wcmd] raw=[+0.012,-0.011,-0.000] w=[+0.016,-0.022,-0.001] err=[-0.004,+0.011] scaled=[+0.012,-0.011] s=1.00
[INFO] [1789396228.475459807] [acados_nmpc_node]: [attach-window] t=14.30s pos_err=0.026m T=20.20N z=6.001 m_est=2.064
[INFO] [1789396228.519685768] [acados_nmpc_node]: [attach-window] t=14.34s pos_err=0.025m T=20.21N z=6.001 m_est=2.064
[INFO] [1789396228.575471318] [acados_nmpc_node]: [attach-window] t=14.40s pos_err=0.025m T=20.21N z=6.001 m_est=2.064
[INFO] [1789396228.619862408] [acados_nmpc_node]: [attach-window] t=14.44s pos_err=0.025m T=20.23N z=6.000 m_est=2.064
[INFO] [1789396228.647547813] [acados_nmpc_node]: [wcmd] raw=[-0.016,+0.002,-0.000] w=[-0.004,-0.003,-0.001] err=[-0.012,+0.005] scaled=[-0.016,+0.002] s=1.00
[INFO] [1789396228.675537018] [acados_nmpc_node]: [attach-window] t=14.50s pos_err=0.025m T=20.24N z=6.000 m_est=2.064
[INFO] [1789396228.719904693] [acados_nmpc_node]: [attach-window] t=14.54s pos_err=0.026m T=20.26N z=5.999 m_est=2.064
[INFO] [1789396228.775447202] [acados_nmpc_node]: [attach-window] t=14.60s pos_err=0.026m T=20.27N z=5.998 m_est=2.064
[INFO] [1789396228.819996723] [acados_nmpc_node]: [attach-window] t=14.64s pos_err=0.027m T=20.29N z=5.997 m_est=2.064
[INFO] [1789396228.847590878] [acados_nmpc_node]: [wcmd] raw=[-0.022,+0.004,-0.000] w=[-0.027,+0.004,+0.000] err=[+0.006,-0.000] scaled=[-0.022,+0.004] s=1.00
[INFO] [1789396228.875296588] [acados_nmpc_node]: [attach-window] t=14.70s pos_err=0.028m T=20.29N z=5.996 m_est=2.064
[INFO] [1789396228.919834550] [acados_nmpc_node]: [attach-window] t=14.74s pos_err=0.029m T=20.30N z=5.995 m_est=2.064
[INFO] [1789396228.975345261] [acados_nmpc_node]: [attach-window] t=14.80s pos_err=0.030m T=20.30N z=5.994 m_est=2.064
[INFO] [1789396229.019848290] [acados_nmpc_node]: [attach-window] t=14.84s pos_err=0.032m T=20.30N z=5.993 m_est=2.064
[INFO] [1789396229.047512485] [acados_nmpc_node]: [wcmd] raw=[-0.008,+0.012,-0.000] w=[-0.020,+0.010,-0.000] err=[+0.012,+0.003] scaled=[-0.008,+0.012] s=1.00
[INFO] [1789396229.075659764] [acados_nmpc_node]: [attach-window] t=14.90s pos_err=0.033m T=20.29N z=5.993 m_est=2.064
[INFO] [1789396229.119946749] [acados_nmpc_node]: [attach-window] t=14.94s pos_err=0.035m T=20.28N z=5.992 m_est=2.064
[INFO] [1789396229.175622954] [acados_nmpc_node]: [attach-window] t=15.00s pos_err=0.036m T=20.27N z=5.992 m_est=2.064
[INFO] [1789396229.219912652] [acados_nmpc_node]: [attach-window] t=15.04s pos_err=0.036m T=20.26N z=5.992 m_est=2.064
[INFO] [1789396229.247543076] [acados_nmpc_node]: [wcmd] raw=[+0.009,+0.007,-0.001] w=[-0.002,+0.015,-0.001] err=[+0.011,-0.008] scaled=[+0.009,+0.007] s=1.00
[INFO] [1789396229.275673117] [acados_nmpc_node]: [attach-window] t=15.10s pos_err=0.037m T=20.25N z=5.992 m_est=2.064
[INFO] [1789396229.319894926] [acados_nmpc_node]: [attach-window] t=15.14s pos_err=0.036m T=20.25N z=5.992 m_est=2.064
[INFO] [1789396229.375664320] [acados_nmpc_node]: [attach-window] t=15.20s pos_err=0.036m T=20.25N z=5.992 m_est=2.064
[INFO] [1789396229.419930961] [acados_nmpc_node]: [attach-window] t=15.24s pos_err=0.035m T=20.24N z=5.991 m_est=2.064
[INFO] [1789396229.447512931] [acados_nmpc_node]: [wcmd] raw=[+0.026,-0.007,-0.001] w=[+0.021,-0.003,-0.001] err=[+0.006,-0.004] scaled=[+0.026,-0.007] s=1.00
[INFO] [1789396229.475286239] [acados_nmpc_node]: [attach-window] t=15.30s pos_err=0.034m T=20.24N z=5.992 m_est=2.064
[INFO] [1789396229.519619058] [acados_nmpc_node]: [attach-window] t=15.34s pos_err=0.032m T=20.23N z=5.992 m_est=2.064
[INFO] [1789396229.575248246] [acados_nmpc_node]: [attach-window] t=15.40s pos_err=0.031m T=20.23N z=5.992 m_est=2.064
[INFO] [1789396229.619593145] [acados_nmpc_node]: [attach-window] t=15.44s pos_err=0.028m T=20.23N z=5.992 m_est=2.064
[INFO] [1789396229.647560987] [acados_nmpc_node]: [wcmd] raw=[+0.026,-0.005,-0.001] w=[+0.029,-0.007,-0.001] err=[-0.003,+0.002] scaled=[+0.026,-0.005] s=1.00
[INFO] [1789396229.675105501] [acados_nmpc_node]: [attach-window] t=15.50s pos_err=0.026m T=20.23N z=5.992 m_est=2.064
[INFO] [1789396229.719753771] [acados_nmpc_node]: [attach-window] t=15.54s pos_err=0.023m T=20.24N z=5.991 m_est=2.064
[INFO] [1789396229.775584904] [acados_nmpc_node]: [attach-window] t=15.60s pos_err=0.021m T=20.24N z=5.991 m_est=2.064
[INFO] [1789396229.819744030] [acados_nmpc_node]: [attach-window] t=15.64s pos_err=0.018m T=20.25N z=5.991 m_est=2.064
[INFO] [1789396229.847589698] [acados_nmpc_node]: [wcmd] raw=[+0.011,+0.001,-0.001] w=[+0.022,-0.000,-0.001] err=[-0.010,+0.001] scaled=[+0.011,+0.001] s=1.00
[INFO] [1789396229.875225107] [acados_nmpc_node]: [attach-window] t=15.70s pos_err=0.016m T=20.25N z=5.991 m_est=2.064
[INFO] [1789396229.919698370] [acados_nmpc_node]: [attach-window] t=15.74s pos_err=0.013m T=20.26N z=5.991 m_est=2.064
[INFO] [1789396229.975352753] [acados_nmpc_node]: [attach-window] t=15.80s pos_err=0.012m T=20.26N z=5.991 m_est=2.064
[INFO] [1789396230.019681806] [acados_nmpc_node]: [attach-window] t=15.84s pos_err=0.010m T=20.26N z=5.990 m_est=2.064
[INFO] [1789396230.047575499] [acados_nmpc_node]: [wcmd] raw=[-0.002,-0.004,-0.001] w=[+0.004,-0.001,-0.000] err=[-0.007,-0.003] scaled=[-0.002,-0.004] s=1.00
[INFO] [1789396230.075638578] [acados_nmpc_node]: [attach-window] t=15.90s pos_err=0.009m T=20.26N z=5.990 m_est=2.064
[INFO] [1789396230.119679868] [acados_nmpc_node]: [attach-window] t=15.94s pos_err=0.008m T=20.24N z=5.991 m_est=2.064
[INFO] [1789396230.175104380] [acados_nmpc_node]: [attach-window] t=16.00s pos_err=0.008m T=20.24N z=5.991 m_est=2.064
[INFO] [1789396230.175595711] [acados_nmpc_node]: t=16.0s | pos_err=0.008m | T=20.24N | tau=[r-0.001 p-0.001 y0.000]Nm | res_stat=2.518e-08(peak 2.718e+03) sqp_iter=2 | solve=1.2ms
[INFO] [1789396230.175799886] [acados_nmpc_node]: [flight-diag] t=16.0s | om_scale=1.000(lo 1.000 hi 1.000) | tilt_max=0.85deg | w_max=[r0.029 p0.029 y0.002]rad/s | u_frac=[T0.649 r0.013 p0.010 y0.003] | u_sat=[T0.0 r0.0 p0.0 y0.0]% | mot_peak=0.772 mot_sat=0.0% | health=1 age=0.000s conf=1.000 | n=100
[INFO] [1789396230.219608358] [acados_nmpc_node]: [attach-window] t=16.04s pos_err=0.008m T=20.23N z=5.991 m_est=2.064
[INFO] [1789396230.247598556] [acados_nmpc_node]: [wcmd] raw=[-0.011,-0.005,-0.000] w=[-0.008,-0.005,-0.001] err=[-0.003,+0.001] scaled=[-0.011,-0.005] s=1.00
[INFO] [1789396230.275367767] [acados_nmpc_node]: [attach-window] t=16.10s pos_err=0.009m T=20.22N z=5.991 m_est=2.064
[INFO] [1789396230.319657759] [acados_nmpc_node]: [attach-window] t=16.14s pos_err=0.010m T=20.21N z=5.992 m_est=2.064
[INFO] [1789396230.375434051] [acados_nmpc_node]: [attach-window] t=16.20s pos_err=0.010m T=20.21N z=5.992 m_est=2.064
[INFO] [1789396230.419639233] [acados_nmpc_node]: [attach-window] t=16.24s pos_err=0.010m T=20.20N z=5.993 m_est=2.064
[INFO] [1789396230.447586801] [acados_nmpc_node]: [wcmd] raw=[-0.018,-0.002,-0.000] w=[-0.019,-0.004,-0.001] err=[+0.001,+0.003] scaled=[-0.018,-0.002] s=1.00
[INFO] [1789396230.475123486] [acados_nmpc_node]: [attach-window] t=16.30s pos_err=0.011m T=20.19N z=5.993 m_est=2.064
[INFO] [1789396230.519599850] [acados_nmpc_node]: [attach-window] t=16.34s pos_err=0.011m T=20.18N z=5.994 m_est=2.064
[INFO] [1789396230.575444483] [acados_nmpc_node]: [attach-window] t=16.40s pos_err=0.012m T=20.18N z=5.995 m_est=2.064
[INFO] [1789396230.619753595] [acados_nmpc_node]: [attach-window] t=16.44s pos_err=0.012m T=20.17N z=5.996 m_est=2.064
[INFO] [1789396230.647588715] [acados_nmpc_node]: [wcmd] raw=[-0.004,+0.005,-0.000] w=[-0.014,+0.002,-0.000] err=[+0.009,+0.003] scaled=[-0.004,+0.005] s=1.00
[INFO] [1789396230.675709499] [acados_nmpc_node]: [attach-window] t=16.50s pos_err=0.012m T=20.17N z=5.996 m_est=2.064
[INFO] [1789396230.719629336] [acados_nmpc_node]: [attach-window] t=16.54s pos_err=0.013m T=20.16N z=5.997 m_est=2.064
[INFO] [1789396230.773060399] [acados_nmpc_node]: [attach-window] t=16.60s pos_err=0.013m T=20.15N z=5.998 m_est=2.064
[INFO] [1789396230.819087287] [acados_nmpc_node]: [attach-window] t=16.64s pos_err=0.013m T=20.16N z=5.998 m_est=2.064
[INFO] [1789396230.847595588] [acados_nmpc_node]: [wcmd] raw=[-0.005,+0.008,-0.000] w=[-0.005,+0.009,-0.000] err=[-0.000,-0.001] scaled=[-0.005,+0.008] s=1.00
[INFO] [1789396230.875441993] [acados_nmpc_node]: [attach-window] t=16.70s pos_err=0.013m T=20.17N z=5.999 m_est=2.064
[INFO] [1789396230.919883024] [acados_nmpc_node]: [attach-window] t=16.74s pos_err=0.013m T=20.18N z=5.999 m_est=2.064
[INFO] [1789396230.975425922] [acados_nmpc_node]: [attach-window] t=16.80s pos_err=0.013m T=20.19N z=5.999 m_est=2.064
[INFO] [1789396231.019673437] [acados_nmpc_node]: [attach-window] t=16.84s pos_err=0.013m T=20.22N z=5.999 m_est=2.064
[INFO] [1789396231.047502429] [acados_nmpc_node]: [wcmd] raw=[-0.003,+0.006,-0.000] w=[-0.007,+0.008,-0.001] err=[+0.004,-0.002] scaled=[-0.003,+0.006] s=1.00
[INFO] [1789396231.075795763] [acados_nmpc_node]: [attach-window] t=16.90s pos_err=0.013m T=20.23N z=5.998 m_est=2.064
[INFO] [1789396231.119744230] [acados_nmpc_node]: [attach-window] t=16.94s pos_err=0.013m T=20.25N z=5.998 m_est=2.064
[INFO] [1789396231.175507433] [acados_nmpc_node]: [attach-window] t=17.00s pos_err=0.012m T=20.26N z=5.997 m_est=2.064
[INFO] [1789396231.219690706] [acados_nmpc_node]: [attach-window] t=17.04s pos_err=0.012m T=20.27N z=5.996 m_est=2.064
[INFO] [1789396231.247552511] [acados_nmpc_node]: [wcmd] raw=[+0.010,-0.000,-0.001] w=[+0.003,+0.003,-0.001] err=[+0.007,-0.004] scaled=[+0.010,-0.000] s=1.00
[INFO] [1789396231.275289780] [acados_nmpc_node]: [attach-window] t=17.10s pos_err=0.011m T=20.28N z=5.996 m_est=2.064
[INFO] [1789396231.319670975] [acados_nmpc_node]: [attach-window] t=17.14s pos_err=0.010m T=20.30N z=5.994 m_est=2.064
[INFO] [1789396231.375302855] [acados_nmpc_node]: [attach-window] t=17.20s pos_err=0.009m T=20.31N z=5.994 m_est=2.064
[INFO] [1789396231.419743548] [acados_nmpc_node]: [attach-window] t=17.24s pos_err=0.008m T=20.32N z=5.992 m_est=2.064
[INFO] [1789396231.447533456] [acados_nmpc_node]: [wcmd] raw=[+0.012,-0.000,-0.001] w=[+0.015,-0.001,-0.000] err=[-0.003,+0.000] scaled=[+0.012,-0.000] s=1.00
[INFO] [1789396231.475232258] [acados_nmpc_node]: [attach-window] t=17.30s pos_err=0.007m T=20.32N z=5.992 m_est=2.064
[INFO] [1789396231.519889900] [acados_nmpc_node]: [attach-window] t=17.34s pos_err=0.006m T=20.32N z=5.991 m_est=2.064
[INFO] [1789396231.575757860] [acados_nmpc_node]: [attach-window] t=17.40s pos_err=0.005m T=20.32N z=5.990 m_est=2.064
[INFO] [1789396231.619887350] [acados_nmpc_node]: [attach-window] t=17.44s pos_err=0.005m T=20.31N z=5.989 m_est=2.064
[INFO] [1789396231.647536319] [acados_nmpc_node]: [wcmd] raw=[+0.007,+0.005,-0.000] w=[+0.009,+0.007,-0.001] err=[-0.002,-0.002] scaled=[+0.007,+0.005] s=1.00
[INFO] [1789396231.675266806] [acados_nmpc_node]: [attach-window] t=17.50s pos_err=0.004m T=20.30N z=5.989 m_est=2.064
[INFO] [1789396231.719703505] [acados_nmpc_node]: [attach-window] t=17.54s pos_err=0.004m T=20.26N z=5.989 m_est=2.064
[INFO] [1789396231.775479210] [acados_nmpc_node]: [attach-window] t=17.60s pos_err=0.004m T=20.25N z=5.990 m_est=2.064
[INFO] [1789396231.819787643] [acados_nmpc_node]: [attach-window] t=17.64s pos_err=0.004m T=20.22N z=5.990 m_est=2.064
[INFO] [1789396231.847546786] [acados_nmpc_node]: [wcmd] raw=[-0.003,-0.012,-0.000] w=[+0.005,-0.005,+0.001] err=[-0.008,-0.007] scaled=[-0.003,-0.012] s=1.00
[INFO] [1789396231.875528667] [acados_nmpc_node]: [attach-window] t=17.70s pos_err=0.004m T=20.21N z=5.991 m_est=2.064
[INFO] [1789396231.919949849] [acados_nmpc_node]: [attach-window] t=17.74s pos_err=0.003m T=20.20N z=5.991 m_est=2.064
[INFO] [1789396231.975479942] [acados_nmpc_node]: [attach-window] t=17.80s pos_err=0.003m T=20.19N z=5.992 m_est=2.064
[INFO] [1789396232.019924875] [acados_nmpc_node]: [attach-window] t=17.84s pos_err=0.004m T=20.19N z=5.992 m_est=2.064
[INFO] [1789396232.047506647] [acados_nmpc_node]: [wcmd] raw=[-0.022,-0.015,-0.000] w=[-0.019,-0.017,-0.001] err=[-0.004,+0.002] scaled=[-0.022,-0.015] s=1.00
[INFO] [1789396232.075470344] [acados_nmpc_node]: [attach-window] t=17.90s pos_err=0.004m T=20.19N z=5.993 m_est=2.064
[INFO] [1789396232.119940770] [acados_nmpc_node]: [attach-window] t=17.94s pos_err=0.006m T=20.19N z=5.993 m_est=2.064
[INFO] [1789396232.173200472] [acados_nmpc_node]: [attach-window] t=18.00s pos_err=0.007m T=20.20N z=5.993 m_est=2.064
[INFO] [1789396232.219622159] [acados_nmpc_node]: [attach-window] t=18.04s pos_err=0.009m T=20.21N z=5.993 m_est=2.064
[INFO] [1789396232.247530811] [acados_nmpc_node]: [wcmd] raw=[-0.012,-0.002,-0.000] w=[-0.023,-0.011,-0.000] err=[+0.011,+0.010] scaled=[-0.012,-0.002] s=1.00
[INFO] [1789396232.275328209] [acados_nmpc_node]: [attach-window] t=18.10s pos_err=0.010m T=20.22N z=5.993 m_est=2.064
[INFO] [1789396232.319660060] [acados_nmpc_node]: [attach-window] t=18.14s pos_err=0.012m T=20.22N z=5.994 m_est=2.064
[INFO] [1789396232.375747830] [acados_nmpc_node]: [attach-window] t=18.20s pos_err=0.013m T=20.22N z=5.994 m_est=2.064
[INFO] [1789396232.420068332] [acados_nmpc_node]: [attach-window] t=18.24s pos_err=0.015m T=20.21N z=5.994 m_est=2.064
[INFO] [1789396232.447548133] [acados_nmpc_node]: [wcmd] raw=[+0.003,+0.014,-0.000] w=[-0.004,+0.011,+0.000] err=[+0.007,+0.002] scaled=[+0.003,+0.014] s=1.00
[INFO] [1789396232.475677169] [acados_nmpc_node]: [attach-window] t=18.30s pos_err=0.016m T=20.20N z=5.995 m_est=2.064
[INFO] [1789396232.520137196] [acados_nmpc_node]: [attach-window] t=18.34s pos_err=0.018m T=20.19N z=5.995 m_est=2.064
[INFO] [1789396232.575772195] [acados_nmpc_node]: [attach-window] t=18.40s pos_err=0.019m T=20.19N z=5.996 m_est=2.064
[INFO] [1789396232.620088156] [acados_nmpc_node]: [attach-window] t=18.44s pos_err=0.021m T=20.18N z=5.997 m_est=2.064
[INFO] [1789396232.647561169] [acados_nmpc_node]: [wcmd] raw=[-0.001,+0.006,-0.000] w=[+0.001,+0.013,-0.001] err=[-0.002,-0.007] scaled=[-0.001,+0.006] s=1.00
[INFO] [1789396232.675659004] [acados_nmpc_node]: [attach-window] t=18.50s pos_err=0.022m T=20.17N z=5.997 m_est=2.064
[INFO] [1789396232.720087569] [acados_nmpc_node]: [attach-window] t=18.54s pos_err=0.024m T=20.17N z=5.998 m_est=2.064
[INFO] [1789396232.777487053] [acados_nmpc_node]: [attach-window] t=18.60s pos_err=0.025m T=20.17N z=5.998 m_est=2.064
[INFO] [1789396232.820179788] [acados_nmpc_node]: [attach-window] t=18.64s pos_err=0.026m T=20.18N z=5.998 m_est=2.064
[INFO] [1789396232.847608950] [acados_nmpc_node]: [wcmd] raw=[-0.001,-0.002,-0.001] w=[-0.004,+0.002,-0.000] err=[+0.003,-0.004] scaled=[-0.001,-0.002] s=1.00
[INFO] [1789396232.876184002] [acados_nmpc_node]: [attach-window] t=18.70s pos_err=0.027m T=20.19N z=5.999 m_est=2.064
[INFO] [1789396232.920122618] [acados_nmpc_node]: [attach-window] t=18.74s pos_err=0.029m T=20.20N z=5.999 m_est=2.064
[INFO] [1789396232.975849050] [acados_nmpc_node]: [attach-window] t=18.80s pos_err=0.029m T=20.20N z=5.999 m_est=2.064
[INFO] [1789396233.020063157] [acados_nmpc_node]: [attach-window] t=18.84s pos_err=0.030m T=20.21N z=5.999 m_est=2.064
[INFO] [1789396233.047602177] [acados_nmpc_node]: [wcmd] raw=[+0.009,+0.000,-0.001] w=[+0.002,+0.001,-0.001] err=[+0.007,-0.001] scaled=[+0.009,+0.000] s=1.00
[INFO] [1789396233.075854665] [acados_nmpc_node]: [attach-window] t=18.90s pos_err=0.030m T=20.21N z=5.999 m_est=2.064
[INFO] [1789396233.119335575] [acados_nmpc_node]: [attach-window] t=18.94s pos_err=0.030m T=20.21N z=5.999 m_est=2.064
[INFO] [1789396233.175635585] [acados_nmpc_node]: [attach-window] t=19.00s pos_err=0.030m T=20.21N z=5.999 m_est=2.064
[INFO] [1789396233.220004463] [acados_nmpc_node]: [attach-window] t=19.04s pos_err=0.029m T=20.22N z=5.999 m_est=2.064
[INFO] [1789396233.247588733] [acados_nmpc_node]: [wcmd] raw=[+0.016,-0.009,-0.001] w=[+0.015,-0.004,-0.001] err=[+0.001,-0.005] scaled=[+0.016,-0.009] s=1.00
[INFO] [1789396233.275766903] [acados_nmpc_node]: [attach-window] t=19.10s pos_err=0.029m T=20.22N z=5.999 m_est=2.064
[INFO] [1789396233.319700522] [acados_nmpc_node]: [attach-window] t=19.14s pos_err=0.027m T=20.23N z=5.999 m_est=2.064
[INFO] [1789396233.375521855] [acados_nmpc_node]: [attach-window] t=19.20s pos_err=0.027m T=20.23N z=5.998 m_est=2.064
[INFO] [1789396233.419745662] [acados_nmpc_node]: [attach-window] t=19.24s pos_err=0.026m T=20.23N z=5.998 m_est=2.064
[INFO] [1789396233.447558519] [acados_nmpc_node]: [wcmd] raw=[+0.010,-0.013,-0.001] w=[+0.016,-0.016,-0.001] err=[-0.006,+0.003] scaled=[+0.010,-0.013] s=1.00
[INFO] [1789396233.475356923] [acados_nmpc_node]: [attach-window] t=19.30s pos_err=0.025m T=20.24N z=5.998 m_est=2.064
[INFO] [1789396233.519778091] [acados_nmpc_node]: [attach-window] t=19.34s pos_err=0.024m T=20.24N z=5.998 m_est=2.064
[INFO] [1789396233.575636776] [acados_nmpc_node]: [attach-window] t=19.40s pos_err=0.023m T=20.24N z=5.998 m_est=2.064
[INFO] [1789396233.619802953] [acados_nmpc_node]: [attach-window] t=19.44s pos_err=0.022m T=20.23N z=5.998 m_est=2.064
[INFO] [1789396233.647627817] [acados_nmpc_node]: [wcmd] raw=[+0.001,+0.002,-0.001] w=[+0.003,-0.004,-0.002] err=[-0.003,+0.006] scaled=[+0.001,+0.002] s=1.00
[INFO] [1789396233.675674915] [acados_nmpc_node]: [attach-window] t=19.50s pos_err=0.022m T=20.22N z=5.998 m_est=2.064
[INFO] [1789396233.719739137] [acados_nmpc_node]: [attach-window] t=19.54s pos_err=0.021m T=20.21N z=5.998 m_est=2.064
[INFO] [1789396233.775322819] [acados_nmpc_node]: [attach-window] t=19.60s pos_err=0.021m T=20.21N z=5.998 m_est=2.064
[INFO] [1789396233.819822046] [acados_nmpc_node]: [attach-window] t=19.64s pos_err=0.020m T=20.20N z=5.999 m_est=2.064
[INFO] [1789396233.847585478] [acados_nmpc_node]: [wcmd] raw=[-0.004,+0.007,-0.000] w=[-0.002,+0.008,+0.000] err=[-0.001,-0.001] scaled=[-0.004,+0.007] s=1.00
[INFO] [1789396233.875418257] [acados_nmpc_node]: [attach-window] t=19.70s pos_err=0.020m T=20.20N z=5.999 m_est=2.064
[INFO] [1789396233.919944546] [acados_nmpc_node]: [attach-window] t=19.74s pos_err=0.020m T=20.19N z=5.999 m_est=2.064
[INFO] [1789396233.975730602] [acados_nmpc_node]: [attach-window] t=19.80s pos_err=0.020m T=20.20N z=5.999 m_est=2.064
[INFO] [1789396234.020015063] [acados_nmpc_node]: [attach-window] t=19.84s pos_err=0.020m T=20.20N z=6.000 m_est=2.064
[INFO] [1789396234.047580218] [acados_nmpc_node]: [wcmd] raw=[-0.003,+0.010,-0.001] w=[-0.007,+0.010,-0.002] err=[+0.005,-0.000] scaled=[-0.003,+0.010] s=1.00
[INFO] [1789396234.075697257] [acados_nmpc_node]: [attach-window] t=19.90s pos_err=0.020m T=20.20N z=6.000 m_est=2.064
[INFO] [1789396234.119952155] [acados_nmpc_node]: [attach-window] t=19.94s pos_err=0.020m T=20.20N z=6.000 m_est=2.064
[INFO] [1789396234.175705509] [acados_nmpc_node]: [attach-window] t=20.00s pos_err=0.020m T=20.20N z=6.000 m_est=2.064
[INFO] [1789396234.220005750] [acados_nmpc_node]: [attach-window] t=20.04s pos_err=0.020m T=20.21N z=6.000 m_est=2.064
[INFO] [1789396234.247496131] [acados_nmpc_node]: [wcmd] raw=[+0.007,+0.010,-0.000] w=[+0.002,+0.014,-0.001] err=[+0.005,-0.004] scaled=[+0.007,+0.010] s=1.00
[INFO] [1789396234.275848835] [acados_nmpc_node]: [attach-window] t=20.10s pos_err=0.020m T=20.21N z=6.000 m_est=2.064
[INFO] [1789396234.319749096] [acados_nmpc_node]: [attach-window] t=20.14s pos_err=0.020m T=20.22N z=6.000 m_est=2.064
[INFO] [1789396234.375621584] [acados_nmpc_node]: [attach-window] t=20.20s pos_err=0.020m T=20.23N z=6.000 m_est=2.064
[INFO] [1789396234.419730641] [acados_nmpc_node]: [attach-window] t=20.24s pos_err=0.020m T=20.24N z=5.999 m_est=2.064
[INFO] [1789396234.447554147] [acados_nmpc_node]: [wcmd] raw=[+0.001,-0.002,-0.000] w=[+0.005,+0.003,-0.001] err=[-0.003,-0.006] scaled=[+0.001,-0.002] s=1.00
[INFO] [1789396234.475824816] [acados_nmpc_node]: [attach-window] t=20.30s pos_err=0.020m T=20.25N z=5.999 m_est=2.064
[INFO] [1789396234.520297312] [acados_nmpc_node]: [attach-window] t=20.34s pos_err=0.021m T=20.27N z=5.998 m_est=2.064
[INFO] [1789396234.576893474] [acados_nmpc_node]: [attach-window] t=20.40s pos_err=0.021m T=20.27N z=5.997 m_est=2.064
[INFO] [1789396234.620218001] [acados_nmpc_node]: [attach-window] t=20.44s pos_err=0.022m T=20.28N z=5.997 m_est=2.064
[INFO] [1789396234.647638731] [acados_nmpc_node]: [wcmd] raw=[-0.013,-0.003,-0.000] w=[-0.008,-0.002,-0.001] err=[-0.006,-0.001] scaled=[-0.013,-0.003] s=1.00
[INFO] [1789396234.676226079] [acados_nmpc_node]: [attach-window] t=20.50s pos_err=0.023m T=20.28N z=5.996 m_est=2.064
[INFO] [1789396234.720134398] [acados_nmpc_node]: [attach-window] t=20.54s pos_err=0.025m T=20.27N z=5.996 m_est=2.064
[INFO] [1789396234.775974178] [acados_nmpc_node]: [attach-window] t=20.60s pos_err=0.026m T=20.27N z=5.995 m_est=2.064
[INFO] [1789396234.819387434] [acados_nmpc_node]: [attach-window] t=20.64s pos_err=0.028m T=20.26N z=5.995 m_est=2.064
[INFO] [1789396234.847509305] [acados_nmpc_node]: [wcmd] raw=[-0.016,+0.006,-0.000] w=[-0.022,+0.004,-0.001] err=[+0.006,+0.003] scaled=[-0.016,+0.006] s=1.00
[INFO] [1789396234.876148154] [acados_nmpc_node]: [attach-window] t=20.70s pos_err=0.029m T=20.25N z=5.995 m_est=2.064
[INFO] [1789396234.919571088] [acados_nmpc_node]: [attach-window] t=20.74s pos_err=0.032m T=20.24N z=5.995 m_est=2.064
[INFO] [1789396234.973362585] [acados_nmpc_node]: [attach-window] t=20.80s pos_err=0.033m T=20.24N z=5.995 m_est=2.064
[INFO] [1789396235.020111457] [acados_nmpc_node]: [attach-window] t=20.84s pos_err=0.035m T=20.24N z=5.995 m_est=2.064
[INFO] [1789396235.047661094] [acados_nmpc_node]: [wcmd] raw=[+0.002,+0.008,-0.000] w=[-0.010,+0.011,+0.000] err=[+0.012,-0.003] scaled=[+0.002,+0.008] s=1.00
[INFO] [1789396235.076028583] [acados_nmpc_node]: [attach-window] t=20.90s pos_err=0.036m T=20.24N z=5.995 m_est=2.064
[INFO] [1789396235.120098500] [acados_nmpc_node]: [attach-window] t=20.94s pos_err=0.038m T=20.24N z=5.995 m_est=2.064
[INFO] [1789396235.176719565] [acados_nmpc_node]: [attach-window] t=21.00s pos_err=0.039m T=20.23N z=5.995 m_est=2.064
[INFO] [1789396235.177262574] [acados_nmpc_node]: t=21.0s | pos_err=0.039m | T=20.23N | tau=[r0.001 p-0.001 y-0.000]Nm | res_stat=8.325e-08(peak 2.718e+03) sqp_iter=3 | solve=1.8ms
[INFO] [1789396235.177489526] [acados_nmpc_node]: [flight-diag] t=21.0s | om_scale=1.000(lo 1.000 hi 1.000) | tilt_max=0.67deg | w_max=[r0.025 p0.017 y0.002]rad/s | u_frac=[T0.648 r0.011 p0.008 y0.003] | u_sat=[T0.0 r0.0 p0.0 y0.0]% | mot_peak=0.772 mot_sat=0.0% | health=1 age=0.003s conf=1.000 | n=100
[INFO] [1789396235.220128158] [acados_nmpc_node]: [attach-window] t=21.04s pos_err=0.040m T=20.22N z=5.995 m_est=2.064
[INFO] [1789396235.247602843] [acados_nmpc_node]: [wcmd] raw=[+0.007,-0.006,-0.000] w=[+0.006,+0.005,-0.001] err=[+0.001,-0.010] scaled=[+0.007,-0.006] s=1.00
[INFO] [1789396235.276191193] [acados_nmpc_node]: [attach-window] t=21.10s pos_err=0.041m T=20.21N z=5.996 m_est=2.064
[INFO] [1789396235.320092698] [acados_nmpc_node]: [attach-window] t=21.14s pos_err=0.041m T=20.19N z=5.997 m_est=2.064
[INFO] [1789396235.375932587] [acados_nmpc_node]: [attach-window] t=21.20s pos_err=0.040m T=20.17N z=5.998 m_est=2.064
[INFO] [1789396235.420249247] [acados_nmpc_node]: [attach-window] t=21.24s pos_err=0.039m T=20.16N z=5.999 m_est=2.064
[INFO] [1789396235.447634840] [acados_nmpc_node]: [wcmd] raw=[+0.007,-0.030,-0.000] w=[+0.005,-0.023,-0.000] err=[+0.003,-0.006] scaled=[+0.007,-0.030] s=1.00
[INFO] [1789396235.476549223] [acados_nmpc_node]: [attach-window] t=21.30s pos_err=0.039m T=20.15N z=5.999 m_est=2.064
[INFO] [1789396235.520125272] [acados_nmpc_node]: [attach-window] t=21.34s pos_err=0.036m T=20.14N z=6.001 m_est=2.064
[INFO] [1789396235.576198289] [acados_nmpc_node]: [attach-window] t=21.40s pos_err=0.035m T=20.13N z=6.002 m_est=2.064
[INFO] [1789396235.619832238] [acados_nmpc_node]: [attach-window] t=21.44s pos_err=0.032m T=20.12N z=6.004 m_est=2.064
[INFO] [1789396235.647614058] [acados_nmpc_node]: [wcmd] raw=[+0.023,-0.025,-0.000] w=[+0.016,-0.031,-0.000] err=[+0.007,+0.007] scaled=[+0.023,-0.025] s=1.00
[INFO] [1789396235.675740767] [acados_nmpc_node]: [attach-window] t=21.50s pos_err=0.032m T=20.12N z=6.004 m_est=2.064
[INFO] [1789396235.719876653] [acados_nmpc_node]: [attach-window] t=21.54s pos_err=0.029m T=20.11N z=6.006 m_est=2.064
[INFO] [1789396235.775964591] [acados_nmpc_node]: [attach-window] t=21.60s pos_err=0.028m T=20.12N z=6.006 m_est=2.064
[INFO] [1789396235.819889650] [acados_nmpc_node]: [attach-window] t=21.64s pos_err=0.027m T=20.12N z=6.008 m_est=2.064
[INFO] [1789396235.847663567] [acados_nmpc_node]: [wcmd] raw=[+0.011,+0.003,-0.000] w=[+0.021,-0.009,-0.000] err=[-0.010,+0.012] scaled=[+0.011,+0.003] s=1.00
[INFO] [1789396235.875825744] [acados_nmpc_node]: [attach-window] t=21.70s pos_err=0.027m T=20.12N z=6.008 m_est=2.064
[INFO] [1789396235.919871373] [acados_nmpc_node]: [attach-window] t=21.74s pos_err=0.026m T=20.12N z=6.010 m_est=2.064
[INFO] [1789396235.973230195] [acados_nmpc_node]: [attach-window] t=21.80s pos_err=0.026m T=20.12N z=6.010 m_est=2.064
[INFO] [1789396236.019815132] [acados_nmpc_node]: [attach-window] t=21.84s pos_err=0.026m T=20.12N z=6.012 m_est=2.064
[INFO] [1789396236.047577006] [acados_nmpc_node]: [wcmd] raw=[-0.011,+0.016,-0.000] w=[-0.001,+0.016,+0.000] err=[-0.010,-0.000] scaled=[-0.011,+0.016] s=1.00
[INFO] [1789396236.075405371] [acados_nmpc_node]: [attach-window] t=21.90s pos_err=0.027m T=20.12N z=6.012 m_est=2.064
[INFO] [1789396236.119777792] [acados_nmpc_node]: [attach-window] t=21.94s pos_err=0.027m T=20.12N z=6.013 m_est=2.064
[INFO] [1789396236.175560612] [acados_nmpc_node]: [attach-window] t=22.00s pos_err=0.027m T=20.12N z=6.014 m_est=2.064
[INFO] [1789396236.219758334] [acados_nmpc_node]: [attach-window] t=22.04s pos_err=0.028m T=20.12N z=6.015 m_est=2.064
[INFO] [1789396236.247564973] [acados_nmpc_node]: [wcmd] raw=[-0.007,+0.003,-0.000] w=[-0.016,+0.010,-0.000] err=[+0.009,-0.008] scaled=[-0.007,+0.003] s=1.00
[INFO] [1789396236.275430461] [acados_nmpc_node]: [attach-window] t=22.10s pos_err=0.028m T=20.13N z=6.015 m_est=2.064
[INFO] [1789396236.319904654] [acados_nmpc_node]: [attach-window] t=22.14s pos_err=0.027m T=20.14N z=6.016 m_est=2.064
[INFO] [1789396236.375641454] [acados_nmpc_node]: [attach-window] t=22.20s pos_err=0.027m T=20.15N z=6.016 m_est=2.064
[INFO] [1789396236.419957889] [acados_nmpc_node]: [attach-window] t=22.24s pos_err=0.027m T=20.17N z=6.016 m_est=2.064
[INFO] [1789396236.447506685] [acados_nmpc_node]: [wcmd] raw=[+0.021,+0.005,-0.001] w=[+0.008,+0.002,-0.001] err=[+0.013,+0.002] scaled=[+0.021,+0.005] s=1.00
[INFO] [1789396236.475627953] [acados_nmpc_node]: [attach-window] t=22.30s pos_err=0.026m T=20.18N z=6.016 m_est=2.064
[INFO] [1789396236.519968321] [acados_nmpc_node]: [attach-window] t=22.34s pos_err=0.026m T=20.19N z=6.015 m_est=2.064
[INFO] [1789396236.576037754] [acados_nmpc_node]: [attach-window] t=22.40s pos_err=0.026m T=20.20N z=6.015 m_est=2.064
[INFO] [1789396236.619737307] [acados_nmpc_node]: [attach-window] t=22.44s pos_err=0.025m T=20.22N z=6.014 m_est=2.064
[INFO] [1789396236.647569508] [acados_nmpc_node]: [wcmd] raw=[+0.014,-0.000,-0.001] w=[+0.024,+0.005,-0.001] err=[-0.010,-0.005] scaled=[+0.014,-0.000] s=1.00
[INFO] [1789396236.676262381] [acados_nmpc_node]: [attach-window] t=22.50s pos_err=0.025m T=20.22N z=6.014 m_est=2.064
[INFO] [1789396236.719817839] [acados_nmpc_node]: [attach-window] t=22.54s pos_err=0.024m T=20.24N z=6.013 m_est=2.064
[INFO] [1789396236.775861030] [acados_nmpc_node]: [attach-window] t=22.60s pos_err=0.024m T=20.25N z=6.012 m_est=2.064
[INFO] [1789396236.819758509] [acados_nmpc_node]: [attach-window] t=22.64s pos_err=0.023m T=20.27N z=6.011 m_est=2.064
[INFO] [1789396236.847601859] [acados_nmpc_node]: [wcmd] raw=[-0.013,-0.002,-0.001] w=[-0.001,-0.002,-0.001] err=[-0.012,+0.001] scaled=[-0.013,-0.002] s=1.00
[INFO] [1789396236.875586845] [acados_nmpc_node]: [attach-window] t=22.70s pos_err=0.023m T=20.27N z=6.010 m_est=2.064
[INFO] [1789396236.919697810] [acados_nmpc_node]: [attach-window] t=22.74s pos_err=0.022m T=20.28N z=6.009 m_est=2.064
[INFO] [1789396236.975622311] [acados_nmpc_node]: [attach-window] t=22.80s pos_err=0.022m T=20.27N z=6.009 m_est=2.064
[INFO] [1789396237.019991700] [acados_nmpc_node]: [attach-window] t=22.84s pos_err=0.022m T=20.27N z=6.008 m_est=2.064
[INFO] [1789396237.047545958] [acados_nmpc_node]: [wcmd] raw=[-0.014,+0.006,-0.000] w=[-0.019,+0.006,-0.002] err=[+0.005,+0.000] scaled=[-0.014,+0.006] s=1.00
[INFO] [1789396237.075413333] [acados_nmpc_node]: [attach-window] t=22.90s pos_err=0.022m T=20.27N z=6.007 m_est=2.064
[INFO] [1789396237.119850072] [acados_nmpc_node]: [attach-window] t=22.94s pos_err=0.021m T=20.26N z=6.007 m_est=2.064
[INFO] [1789396237.175387502] [acados_nmpc_node]: [attach-window] t=23.00s pos_err=0.021m T=20.26N z=6.007 m_est=2.064
[INFO] [1789396237.219747750] [acados_nmpc_node]: [attach-window] t=23.04s pos_err=0.020m T=20.26N z=6.006 m_est=2.064
[INFO] [1789396237.247569478] [acados_nmpc_node]: [wcmd] raw=[-0.007,+0.001,-0.000] w=[-0.012,+0.004,-0.001] err=[+0.005,-0.003] scaled=[-0.007,+0.001] s=1.00
[INFO] [1789396237.275315738] [acados_nmpc_node]: [attach-window] t=23.10s pos_err=0.020m T=20.25N z=6.006 m_est=2.064
[INFO] [1789396237.319992117] [acados_nmpc_node]: [attach-window] t=23.14s pos_err=0.019m T=20.25N z=6.005 m_est=2.064
[INFO] [1789396237.375435312] [acados_nmpc_node]: [attach-window] t=23.20s pos_err=0.019m T=20.25N z=6.005 m_est=2.064
[INFO] [1789396237.419966501] [acados_nmpc_node]: [attach-window] t=23.24s pos_err=0.019m T=20.24N z=6.005 m_est=2.064
[INFO] [1789396237.447581953] [acados_nmpc_node]: [wcmd] raw=[-0.013,+0.005,+0.000] w=[-0.011,+0.004,+0.001] err=[-0.001,+0.000] scaled=[-0.013,+0.005] s=1.00
[INFO] [1789396237.475584479] [acados_nmpc_node]: [attach-window] t=23.30s pos_err=0.019m T=20.24N z=6.005 m_est=2.064
[INFO] [1789396237.519985737] [acados_nmpc_node]: [attach-window] t=23.34s pos_err=0.020m T=20.23N z=6.005 m_est=2.064
[INFO] [1789396237.575735374] [acados_nmpc_node]: [attach-window] t=23.40s pos_err=0.020m T=20.23N z=6.004 m_est=2.064
[INFO] [1789396237.619918255] [acados_nmpc_node]: [attach-window] t=23.44s pos_err=0.020m T=20.23N z=6.004 m_est=2.064
[INFO] [1789396237.647568307] [acados_nmpc_node]: [wcmd] raw=[-0.010,-0.002,+0.000] w=[-0.012,+0.004,+0.000] err=[+0.002,-0.006] scaled=[-0.010,-0.002] s=1.00
[INFO] [1789396237.675629223] [acados_nmpc_node]: [attach-window] t=23.50s pos_err=0.020m T=20.23N z=6.004 m_est=2.064
[INFO] [1789396237.719746213] [acados_nmpc_node]: [attach-window] t=23.54s pos_err=0.020m T=20.24N z=6.004 m_est=2.064
[INFO] [1789396237.775639752] [acados_nmpc_node]: [attach-window] t=23.60s pos_err=0.020m T=20.24N z=6.003 m_est=2.064
[INFO] [1789396237.819691810] [acados_nmpc_node]: [attach-window] t=23.64s pos_err=0.021m T=20.24N z=6.003 m_est=2.064
[INFO] [1789396237.847515431] [acados_nmpc_node]: [wcmd] raw=[-0.000,-0.014,-0.000] w=[-0.008,-0.010,+0.000] err=[+0.008,-0.005] scaled=[-0.000,-0.014] s=1.00
[INFO] [1789396237.875414998] [acados_nmpc_node]: [attach-window] t=23.70s pos_err=0.021m T=20.25N z=6.002 m_est=2.064
[INFO] [1789396237.919943439] [acados_nmpc_node]: [attach-window] t=23.74s pos_err=0.021m T=20.25N z=6.002 m_est=2.064
[INFO] [1789396237.975643796] [acados_nmpc_node]: [attach-window] t=23.80s pos_err=0.021m T=20.25N z=6.002 m_est=2.064
[INFO] [1789396238.019956310] [acados_nmpc_node]: [attach-window] t=23.84s pos_err=0.021m T=20.25N z=6.001 m_est=2.064
[INFO] [1789396238.047665530] [acados_nmpc_node]: [wcmd] raw=[+0.004,-0.020,-0.000] w=[+0.002,-0.020,+0.001] err=[+0.001,-0.000] scaled=[+0.004,-0.020] s=1.00
[INFO] [1789396238.073198697] [acados_nmpc_node]: [attach-window] t=23.90s pos_err=0.021m T=20.24N z=6.001 m_est=2.064
[INFO] [1789396238.119189920] [acados_nmpc_node]: [attach-window] t=23.94s pos_err=0.022m T=20.24N z=6.001 m_est=2.064
[INFO] [1789396238.175491697] [acados_nmpc_node]: [attach-window] t=24.00s pos_err=0.023m T=20.24N z=6.001 m_est=2.064
[INFO] [1789396238.219901054] [acados_nmpc_node]: [attach-window] t=24.04s pos_err=0.024m T=20.24N z=6.000 m_est=2.064
[INFO] [1789396238.247515118] [acados_nmpc_node]: [wcmd] raw=[+0.002,-0.002,-0.001] w=[+0.003,-0.013,-0.000] err=[-0.001,+0.011] scaled=[+0.002,-0.002] s=1.00
[INFO] [1789396238.275531797] [acados_nmpc_node]: [attach-window] t=24.10s pos_err=0.024m T=20.25N z=6.000 m_est=2.064
[INFO] [1789396238.319983369] [acados_nmpc_node]: [attach-window] t=24.14s pos_err=0.025m T=20.25N z=5.999 m_est=2.064
[INFO] [1789396238.375712287] [acados_nmpc_node]: [attach-window] t=24.20s pos_err=0.026m T=20.25N z=5.999 m_est=2.064
[INFO] [1789396238.419988218] [acados_nmpc_node]: [attach-window] t=24.24s pos_err=0.026m T=20.24N z=5.999 m_est=2.064
[INFO] [1789396238.447555729] [acados_nmpc_node]: [wcmd] raw=[+0.003,+0.015,-0.001] w=[+0.000,+0.012,-0.001] err=[+0.003,+0.003] scaled=[+0.003,+0.015] s=1.00
[INFO] [1789396238.475558945] [acados_nmpc_node]: [attach-window] t=24.30s pos_err=0.027m T=20.23N z=5.999 m_est=2.064
[INFO] [1789396238.519951700] [acados_nmpc_node]: [attach-window] t=24.34s pos_err=0.027m T=20.21N z=6.000 m_est=2.064
[INFO] [1789396238.575988466] [acados_nmpc_node]: [attach-window] t=24.40s pos_err=0.027m T=20.20N z=6.000 m_est=2.064
[INFO] [1789396238.619902302] [acados_nmpc_node]: [attach-window] t=24.44s pos_err=0.027m T=20.20N z=6.000 m_est=2.064
[INFO] [1789396238.647622480] [acados_nmpc_node]: [wcmd] raw=[+0.011,+0.015,-0.001] w=[+0.007,+0.018,-0.000] err=[+0.004,-0.004] scaled=[+0.011,+0.015] s=1.00
[INFO] [1789396238.675525086] [acados_nmpc_node]: [attach-window] t=24.50s pos_err=0.027m T=20.20N z=6.001 m_est=2.064
[INFO] [1789396238.720064739] [acados_nmpc_node]: [attach-window] t=24.54s pos_err=0.027m T=20.20N z=6.001 m_est=2.064
[INFO] [1789396238.775990753] [acados_nmpc_node]: [attach-window] t=24.60s pos_err=0.026m T=20.20N z=6.001 m_est=2.064
[INFO] [1789396238.819953666] [acados_nmpc_node]: [attach-window] t=24.64s pos_err=0.026m T=20.19N z=6.001 m_est=2.064
[INFO] [1789396238.847634806] [acados_nmpc_node]: [wcmd] raw=[+0.014,+0.009,-0.001] w=[+0.014,+0.014,-0.000] err=[-0.000,-0.005] scaled=[+0.014,+0.009] s=1.00
[INFO] [1789396238.875737770] [acados_nmpc_node]: [attach-window] t=24.70s pos_err=0.026m T=20.19N z=6.001 m_est=2.064
[INFO] [1789396238.919923202] [acados_nmpc_node]: [attach-window] t=24.74s pos_err=0.025m T=20.21N z=6.001 m_est=2.064
[INFO] [1789396238.975825862] [acados_nmpc_node]: [attach-window] t=24.80s pos_err=0.025m T=20.21N z=6.001 m_est=2.064
[INFO] [1789396239.019876401] [acados_nmpc_node]: [attach-window] t=24.84s pos_err=0.024m T=20.22N z=6.001 m_est=2.064
[INFO] [1789396239.047547105] [acados_nmpc_node]: [wcmd] raw=[+0.006,-0.002,-0.001] w=[+0.010,+0.005,-0.002] err=[-0.004,-0.007] scaled=[+0.006,-0.002] s=1.00
[INFO] [1789396239.076118767] [acados_nmpc_node]: [attach-window] t=24.90s pos_err=0.023m T=20.23N z=6.001 m_est=2.064
[INFO] [1789396239.119921285] [acados_nmpc_node]: [attach-window] t=24.94s pos_err=0.022m T=20.23N z=6.000 m_est=2.064
[INFO] [1789396239.175642354] [acados_nmpc_node]: [attach-window] t=25.00s pos_err=0.022m T=20.23N z=6.000 m_est=2.064
[INFO] [1789396239.219802282] [acados_nmpc_node]: [attach-window] t=25.04s pos_err=0.021m T=20.23N z=6.000 m_est=2.064
[INFO] [1789396239.247758388] [acados_nmpc_node]: [wcmd] raw=[-0.006,-0.017,-0.001] w=[-0.001,-0.011,-0.002] err=[-0.005,-0.006] scaled=[-0.006,-0.017] s=1.00
[INFO] [1789396239.275680551] [acados_nmpc_node]: [attach-window] t=25.10s pos_err=0.021m T=20.23N z=6.000 m_est=2.064
[INFO] [1789396239.319847590] [acados_nmpc_node]: [attach-window] t=25.14s pos_err=0.020m T=20.23N z=5.999 m_est=2.064
[INFO] [1789396239.375275425] [acados_nmpc_node]: [attach-window] t=25.20s pos_err=0.020m T=20.24N z=5.999 m_est=2.064
[INFO] [1789396239.419733729] [acados_nmpc_node]: [attach-window] t=25.24s pos_err=0.019m T=20.24N z=5.999 m_est=2.064
[INFO] [1789396239.447567601] [acados_nmpc_node]: [wcmd] raw=[-0.007,-0.008,-0.000] w=[-0.011,-0.015,-0.001] err=[+0.003,+0.007] scaled=[-0.007,-0.008] s=1.00
[INFO] [1789396239.475236502] [acados_nmpc_node]: [attach-window] t=25.30s pos_err=0.019m T=20.25N z=5.998 m_est=2.064
[INFO] [1789396239.519234826] [acados_nmpc_node]: [attach-window] t=25.34s pos_err=0.019m T=20.24N z=5.998 m_est=2.064
[INFO] [1789396239.575509027] [acados_nmpc_node]: [attach-window] t=25.40s pos_err=0.019m T=20.25N z=5.998 m_est=2.064
[INFO] [1789396239.619879128] [acados_nmpc_node]: [attach-window] t=25.44s pos_err=0.018m T=20.25N z=5.997 m_est=2.064
[INFO] [1789396239.647547733] [acados_nmpc_node]: [wcmd] raw=[+0.002,+0.011,+0.000] w=[-0.004,+0.007,-0.001] err=[+0.006,+0.004] scaled=[+0.002,+0.011] s=1.00
[INFO] [1789396239.675569966] [acados_nmpc_node]: [attach-window] t=25.50s pos_err=0.018m T=20.25N z=5.997 m_est=2.064
[INFO] [1789396239.719840498] [acados_nmpc_node]: [attach-window] t=25.54s pos_err=0.019m T=20.26N z=5.996 m_est=2.064
[INFO] [1789396239.775270765] [acados_nmpc_node]: [attach-window] t=25.60s pos_err=0.019m T=20.26N z=5.996 m_est=2.064
[INFO] [1789396239.819872182] [acados_nmpc_node]: [attach-window] t=25.64s pos_err=0.020m T=20.27N z=5.995 m_est=2.064
[INFO] [1789396239.847540871] [acados_nmpc_node]: [wcmd] raw=[-0.002,+0.012,+0.000] w=[+0.000,+0.016,-0.000] err=[-0.002,-0.005] scaled=[-0.002,+0.012] s=1.00
[INFO] [1789396239.875746580] [acados_nmpc_node]: [attach-window] t=25.70s pos_err=0.020m T=20.27N z=5.994 m_est=2.064
[INFO] [1789396239.919958875] [acados_nmpc_node]: [attach-window] t=25.74s pos_err=0.021m T=20.27N z=5.994 m_est=2.064
[INFO] [1789396239.975472686] [acados_nmpc_node]: [attach-window] t=25.80s pos_err=0.022m T=20.27N z=5.994 m_est=2.064
[INFO] [1789396240.019866134] [acados_nmpc_node]: [attach-window] t=25.84s pos_err=0.023m T=20.25N z=5.994 m_est=2.064
[INFO] [1789396240.047539527] [acados_nmpc_node]: [wcmd] raw=[-0.011,-0.007,+0.000] w=[-0.011,+0.003,-0.000] err=[-0.001,-0.010] scaled=[-0.011,-0.007] s=1.00
[INFO] [1789396240.075613910] [acados_nmpc_node]: [attach-window] t=25.90s pos_err=0.023m T=20.24N z=5.994 m_est=2.064
[INFO] [1789396240.119990529] [acados_nmpc_node]: [attach-window] t=25.94s pos_err=0.025m T=20.21N z=5.994 m_est=2.064
[INFO] [1789396240.175528963] [acados_nmpc_node]: [attach-window] t=26.00s pos_err=0.025m T=20.20N z=5.995 m_est=2.064
[INFO] [1789396240.176012577] [acados_nmpc_node]: t=26.0s | pos_err=0.025m | T=20.20N | tau=[r0.000 p-0.002 y-0.000]Nm | res_stat=5.594e-08(peak 2.718e+03) sqp_iter=3 | solve=1.5ms
[INFO] [1789396240.176225834] [acados_nmpc_node]: [flight-diag] t=26.0s | om_scale=1.000(lo 1.000 hi 1.000) | tilt_max=0.68deg | w_max=[r0.024 p0.034 y0.002]rad/s | u_frac=[T0.647 r0.013 p0.010 y0.003] | u_sat=[T0.0 r0.0 p0.0 y0.0]% | mot_peak=0.771 mot_sat=0.0% | health=1 age=0.000s conf=1.000 | n=100
[INFO] [1789396240.219975477] [acados_nmpc_node]: [attach-window] t=26.04s pos_err=0.026m T=20.17N z=5.996 m_est=2.064
[INFO] [1789396240.247560309] [acados_nmpc_node]: [wcmd] raw=[-0.005,-0.015,-0.000] w=[-0.012,-0.014,+0.001] err=[+0.007,-0.002] scaled=[-0.005,-0.015] s=1.00
[INFO] [1789396240.275407756] [acados_nmpc_node]: [attach-window] t=26.10s pos_err=0.027m T=20.16N z=5.997 m_est=2.064
[INFO] [1789396240.319893669] [acados_nmpc_node]: [attach-window] t=26.14s pos_err=0.028m T=20.15N z=5.998 m_est=2.064
[INFO] [1789396240.375596338] [acados_nmpc_node]: [attach-window] t=26.20s pos_err=0.028m T=20.15N z=5.998 m_est=2.064
[INFO] [1789396240.419155953] [acados_nmpc_node]: [attach-window] t=26.24s pos_err=0.028m T=20.16N z=5.999 m_est=2.064
[INFO] [1789396240.447725794] [acados_nmpc_node]: [wcmd] raw=[+0.005,-0.012,-0.000] w=[-0.002,-0.015,-0.001] err=[+0.007,+0.002] scaled=[+0.005,-0.012] s=1.00
[INFO] [1789396240.475377549] [acados_nmpc_node]: [attach-window] t=26.30s pos_err=0.028m T=20.17N z=5.999 m_est=2.064
[INFO] [1789396240.519218045] [acados_nmpc_node]: [attach-window] t=26.34s pos_err=0.029m T=20.19N z=5.999 m_est=2.064
[INFO] [1789396240.575301639] [acados_nmpc_node]: [attach-window] t=26.40s pos_err=0.029m T=20.20N z=5.999 m_est=2.064
[INFO] [1789396240.619855709] [acados_nmpc_node]: [attach-window] t=26.44s pos_err=0.029m T=20.22N z=5.999 m_est=2.064
[INFO] [1789396240.647541059] [acados_nmpc_node]: [wcmd] raw=[+0.005,-0.002,-0.000] w=[+0.005,-0.008,-0.000] err=[+0.000,+0.006] scaled=[+0.005,-0.002] s=1.00
[INFO] [1789396240.675412287] [acados_nmpc_node]: [attach-window] t=26.50s pos_err=0.029m T=20.22N z=5.998 m_est=2.064
[INFO] [1789396240.719812067] [acados_nmpc_node]: [attach-window] t=26.54s pos_err=0.029m T=20.23N z=5.998 m_est=2.064
[INFO] [1789396240.776374448] [acados_nmpc_node]: [attach-window] t=26.60s pos_err=0.028m T=20.23N z=5.998 m_est=2.064
[INFO] [1789396240.819952271] [acados_nmpc_node]: [attach-window] t=26.64s pos_err=0.027m T=20.24N z=5.998 m_est=2.064
[INFO] [1789396240.847570746] [acados_nmpc_node]: [wcmd] raw=[+0.009,+0.007,-0.001] w=[+0.005,+0.004,-0.000] err=[+0.004,+0.003] scaled=[+0.009,+0.007] s=1.00
[INFO] [1789396240.875569986] [acados_nmpc_node]: [attach-window] t=26.70s pos_err=0.027m T=20.24N z=5.997 m_est=2.064
[INFO] [1789396240.920707206] [acados_nmpc_node]: [attach-window] t=26.74s pos_err=0.025m T=20.24N z=5.997 m_est=2.064
[INFO] [1789396240.975567307] [acados_nmpc_node]: [attach-window] t=26.80s pos_err=0.024m T=20.25N z=5.997 m_est=2.064
[INFO] [1789396241.019897119] [acados_nmpc_node]: [attach-window] t=26.84s pos_err=0.023m T=20.25N z=5.996 m_est=2.064
[INFO] [1789396241.047598151] [acados_nmpc_node]: [wcmd] raw=[+0.019,+0.013,-0.001] w=[+0.016,+0.015,-0.002] err=[+0.003,-0.002] scaled=[+0.019,+0.013] s=1.00
[INFO] [1789396241.075854397] [acados_nmpc_node]: [attach-window] t=26.90s pos_err=0.022m T=20.25N z=5.996 m_est=2.064
[INFO] [1789396241.119967159] [acados_nmpc_node]: [attach-window] t=26.94s pos_err=0.020m T=20.25N z=5.996 m_est=2.064
[INFO] [1789396241.176082729] [acados_nmpc_node]: [attach-window] t=27.00s pos_err=0.020m T=20.24N z=5.996 m_est=2.064
[INFO] [1789396241.220022973] [acados_nmpc_node]: [attach-window] t=27.04s pos_err=0.018m T=20.24N z=5.995 m_est=2.064
[INFO] [1789396241.247528273] [acados_nmpc_node]: [wcmd] raw=[+0.009,+0.011,-0.001] w=[+0.017,+0.014,+0.001] err=[-0.008,-0.003] scaled=[+0.009,+0.011] s=1.00
[INFO] [1789396241.275649853] [acados_nmpc_node]: [attach-window] t=27.10s pos_err=0.018m T=20.24N z=5.995 m_est=2.064
[INFO] [1789396241.319896290] [acados_nmpc_node]: [attach-window] t=27.14s pos_err=0.018m T=20.25N z=5.995 m_est=2.064
[INFO] [1789396241.375623054] [acados_nmpc_node]: [attach-window] t=27.20s pos_err=0.018m T=20.25N z=5.994 m_est=2.064
[INFO] [1789396241.419937247] [acados_nmpc_node]: [attach-window] t=27.24s pos_err=0.018m T=20.26N z=5.994 m_est=2.064
[INFO] [1789396241.447492304] [acados_nmpc_node]: [wcmd] raw=[-0.008,+0.008,-0.001] w=[-0.003,+0.013,-0.001] err=[-0.006,-0.005] scaled=[-0.008,+0.008] s=1.00
[INFO] [1789396241.475607621] [acados_nmpc_node]: [attach-window] t=27.30s pos_err=0.018m T=20.26N z=5.993 m_est=2.064
[INFO] [1789396241.519818072] [acados_nmpc_node]: [attach-window] t=27.34s pos_err=0.019m T=20.26N z=5.993 m_est=2.064
[INFO] [1789396241.575485567] [acados_nmpc_node]: [attach-window] t=27.40s pos_err=0.019m T=20.27N z=5.992 m_est=2.064
[INFO] [1789396241.619588665] [acados_nmpc_node]: [attach-window] t=27.44s pos_err=0.020m T=20.27N z=5.992 m_est=2.064
[INFO] [1789396241.647671996] [acados_nmpc_node]: [wcmd] raw=[-0.010,-0.009,-0.001] w=[-0.014,+0.002,-0.001] err=[+0.003,-0.010] scaled=[-0.010,-0.009] s=1.00
[INFO] [1789396241.673199881] [acados_nmpc_node]: [attach-window] t=27.50s pos_err=0.020m T=20.27N z=5.992 m_est=2.064
[INFO] [1789396241.719799474] [acados_nmpc_node]: [attach-window] t=27.54s pos_err=0.019m T=20.26N z=5.991 m_est=2.064
[INFO] [1789396241.775863685] [acados_nmpc_node]: [attach-window] t=27.60s pos_err=0.019m T=20.26N z=5.991 m_est=2.064
[INFO] [1789396241.819686173] [acados_nmpc_node]: [attach-window] t=27.64s pos_err=0.018m T=20.25N z=5.991 m_est=2.064
[INFO] [1789396241.847498362] [acados_nmpc_node]: [wcmd] raw=[+0.001,-0.022,-0.000] w=[-0.007,-0.019,-0.001] err=[+0.008,-0.002] scaled=[+0.001,-0.022] s=1.00
[INFO] [1789396241.875183508] [acados_nmpc_node]: [attach-window] t=27.70s pos_err=0.018m T=20.24N z=5.991 m_est=2.064
[INFO] [1789396241.919621512] [acados_nmpc_node]: [attach-window] t=27.74s pos_err=0.016m T=20.23N z=5.991 m_est=2.064
[INFO] [1789396241.975314214] [acados_nmpc_node]: [attach-window] t=27.80s pos_err=0.015m T=20.23N z=5.991 m_est=2.064
[INFO] [1789396242.019640503] [acados_nmpc_node]: [attach-window] t=27.84s pos_err=0.013m T=20.23N z=5.992 m_est=2.064
[INFO] [1789396242.047577265] [acados_nmpc_node]: [wcmd] raw=[+0.004,-0.022,+0.000] w=[+0.004,-0.023,-0.000] err=[+0.000,+0.001] scaled=[+0.004,-0.022] s=1.00
[INFO] [1789396242.075761506] [acados_nmpc_node]: [attach-window] t=27.90s pos_err=0.012m T=20.22N z=5.992 m_est=2.064
[INFO] [1789396242.119930310] [acados_nmpc_node]: [attach-window] t=27.94s pos_err=0.010m T=20.21N z=5.992 m_est=2.064
[INFO] [1789396242.175709541] [acados_nmpc_node]: [attach-window] t=28.00s pos_err=0.010m T=20.21N z=5.993 m_est=2.064
[INFO] [1789396242.219867382] [acados_nmpc_node]: [attach-window] t=28.04s pos_err=0.009m T=20.20N z=5.994 m_est=2.064
[INFO] [1789396242.247708635] [acados_nmpc_node]: [wcmd] raw=[+0.001,-0.012,+0.001] w=[-0.001,-0.019,-0.001] err=[+0.002,+0.008] scaled=[+0.001,-0.012] s=1.00
[INFO] [1789396242.275666351] [acados_nmpc_node]: [attach-window] t=28.10s pos_err=0.009m T=20.19N z=5.994 m_est=2.064
[INFO] [1789396242.319946430] [acados_nmpc_node]: [attach-window] t=28.14s pos_err=0.009m T=20.18N z=5.995 m_est=2.064
[INFO] [1789396242.375614154] [acados_nmpc_node]: [attach-window] t=28.20s pos_err=0.009m T=20.17N z=5.996 m_est=2.064
[INFO] [1789396242.419864985] [acados_nmpc_node]: [attach-window] t=28.24s pos_err=0.010m T=20.15N z=5.997 m_est=2.064
[INFO] [1789396242.447689392] [acados_nmpc_node]: [wcmd] raw=[+0.010,+0.009,+0.001] w=[+0.006,+0.000,-0.000] err=[+0.004,+0.008] scaled=[+0.010,+0.009] s=1.00
[INFO] [1789396242.475581126] [acados_nmpc_node]: [attach-window] t=28.30s pos_err=0.011m T=20.14N z=5.998 m_est=2.064
[INFO] [1789396242.519736697] [acados_nmpc_node]: [attach-window] t=28.34s pos_err=0.012m T=20.12N z=6.000 m_est=2.064
[INFO] [1789396242.572687055] [acados_nmpc_node]: [attach-window] t=28.40s pos_err=0.012m T=20.11N z=6.000 m_est=2.064
[INFO] [1789396242.619122150] [acados_nmpc_node]: [attach-window] t=28.44s pos_err=0.013m T=20.10N z=6.002 m_est=2.064
[INFO] [1789396242.647540345] [acados_nmpc_node]: [wcmd] raw=[+0.008,+0.029,+0.000] w=[+0.011,+0.023,+0.000] err=[-0.003,+0.005] scaled=[+0.008,+0.029] s=1.00
[INFO] [1789396242.675247233] [acados_nmpc_node]: [attach-window] t=28.50s pos_err=0.014m T=20.10N z=6.003 m_est=2.064
[INFO] [1789396242.719844578] [acados_nmpc_node]: [attach-window] t=28.54s pos_err=0.015m T=20.09N z=6.005 m_est=2.064
[INFO] [1789396242.775515623] [acados_nmpc_node]: [attach-window] t=28.60s pos_err=0.016m T=20.09N z=6.006 m_est=2.064
[INFO] [1789396242.819838761] [acados_nmpc_node]: [attach-window] t=28.64s pos_err=0.018m T=20.10N z=6.007 m_est=2.064
[INFO] [1789396242.847529353] [acados_nmpc_node]: [wcmd] raw=[-0.003,+0.029,-0.001] w=[+0.002,+0.039,+0.000] err=[-0.005,-0.010] scaled=[-0.003,+0.029] s=1.00
[INFO] [1789396242.872777540] [acados_nmpc_node]: [attach-window] t=28.70s pos_err=0.019m T=20.10N z=6.008 m_est=2.064
[INFO] [1789396242.919192131] [acados_nmpc_node]: [attach-window] t=28.74s pos_err=0.021m T=20.10N z=6.009 m_est=2.064
[INFO] [1789396242.972730407] [acados_nmpc_node]: [attach-window] t=28.80s pos_err=0.022m T=20.11N z=6.010 m_est=2.064
[INFO] [1789396243.019342535] [acados_nmpc_node]: [attach-window] t=28.84s pos_err=0.023m T=20.13N z=6.010 m_est=2.064
[INFO] [1789396243.047620602] [acados_nmpc_node]: [wcmd] raw=[-0.005,-0.004,-0.001] w=[-0.006,+0.012,+0.000] err=[+0.001,-0.016] scaled=[-0.005,-0.004] s=1.00
[INFO] [1789396243.072642074] [acados_nmpc_node]: [attach-window] t=28.90s pos_err=0.024m T=20.14N z=6.010 m_est=2.064
[INFO] [1789396243.118939020] [acados_nmpc_node]: [attach-window] t=28.94s pos_err=0.024m T=20.17N z=6.010 m_est=2.064
[INFO] [1789396243.175717331] [acados_nmpc_node]: [attach-window] t=29.00s pos_err=0.024m T=20.18N z=6.010 m_est=2.064
[INFO] [1789396243.219787329] [acados_nmpc_node]: [attach-window] t=29.04s pos_err=0.022m T=20.21N z=6.009 m_est=2.064
[INFO] [1789396243.247616862] [acados_nmpc_node]: [wcmd] raw=[-0.014,-0.025,-0.001] w=[-0.011,-0.019,-0.000] err=[-0.003,-0.006] scaled=[-0.014,-0.025] s=1.00
[INFO] [1789396243.275099289] [acados_nmpc_node]: [attach-window] t=29.10s pos_err=0.022m T=20.23N z=6.009 m_est=2.064
[INFO] [1789396243.319913168] [acados_nmpc_node]: [attach-window] t=29.14s pos_err=0.020m T=20.26N z=6.007 m_est=2.064
[INFO] [1789396243.375507656] [acados_nmpc_node]: [attach-window] t=29.20s pos_err=0.019m T=20.27N z=6.006 m_est=2.064
[INFO] [1789396243.419863836] [acados_nmpc_node]: [attach-window] t=29.24s pos_err=0.017m T=20.29N z=6.005 m_est=2.064
[INFO] [1789396243.447527666] [acados_nmpc_node]: [wcmd] raw=[-0.019,-0.015,-0.000] w=[-0.021,-0.024,-0.000] err=[+0.002,+0.009] scaled=[-0.019,-0.015] s=1.00
[INFO] [1789396243.475809100] [acados_nmpc_node]: [attach-window] t=29.30s pos_err=0.017m T=20.29N z=6.004 m_est=2.064
[INFO] [1789396243.519944849] [acados_nmpc_node]: [attach-window] t=29.34s pos_err=0.016m T=20.31N z=6.002 m_est=2.064
[INFO] [1789396243.575487261] [acados_nmpc_node]: [attach-window] t=29.40s pos_err=0.016m T=20.32N z=6.002 m_est=2.064
[INFO] [1789396243.619848990] [acados_nmpc_node]: [attach-window] t=29.44s pos_err=0.016m T=20.33N z=6.000 m_est=2.064
[INFO] [1789396243.647566405] [acados_nmpc_node]: [wcmd] raw=[-0.007,+0.005,+0.000] w=[-0.018,+0.001,+0.000] err=[+0.011,+0.005] scaled=[-0.007,+0.005] s=1.00
[INFO] [1789396243.675220859] [acados_nmpc_node]: [attach-window] t=29.50s pos_err=0.016m T=20.33N z=5.999 m_est=2.064
[INFO] [1789396243.719797796] [acados_nmpc_node]: [attach-window] t=29.54s pos_err=0.017m T=20.33N z=5.997 m_est=2.064
[INFO] [1789396243.775622243] [acados_nmpc_node]: [attach-window] t=29.60s pos_err=0.017m T=20.32N z=5.997 m_est=2.064
[INFO] [1789396243.819929582] [acados_nmpc_node]: [attach-window] t=29.64s pos_err=0.019m T=20.31N z=5.996 m_est=2.064
[INFO] [1789396243.847592616] [acados_nmpc_node]: [wcmd] raw=[+0.004,-0.001,+0.000] w=[-0.003,+0.004,-0.001] err=[+0.007,-0.005] scaled=[+0.004,-0.001] s=1.00
[INFO] [1789396243.875371205] [acados_nmpc_node]: [attach-window] t=29.70s pos_err=0.019m T=20.31N z=5.995 m_est=2.064
[INFO] [1789396243.919850472] [acados_nmpc_node]: [attach-window] t=29.74s pos_err=0.021m T=20.30N z=5.994 m_est=2.064
[INFO] [1789396243.975502545] [acados_nmpc_node]: [attach-window] t=29.80s pos_err=0.021m T=20.29N z=5.994 m_est=2.064
[INFO] [1789396244.019599786] [acados_nmpc_node]: [attach-window] t=29.84s pos_err=0.022m T=20.27N z=5.994 m_est=2.064
[INFO] [1789396244.047526851] [acados_nmpc_node]: [wcmd] raw=[+0.014,+0.001,+0.000] w=[+0.009,-0.002,+0.000] err=[+0.006,+0.003] scaled=[+0.014,+0.001] s=1.00
[INFO] [1789396244.075663970] [acados_nmpc_node]: [attach-window] t=29.90s pos_err=0.022m T=20.26N z=5.993 m_est=2.064
[INFO] [1789396244.119896581] [acados_nmpc_node]: [attach-window] t=29.94s pos_err=0.022m T=20.25N z=5.993 m_est=2.064
[INFO] [1789396244.175302156] [acados_nmpc_node]: [attach-window] t=30.00s pos_err=0.022m T=20.24N z=5.993 m_est=2.064
[INFO] [1789396244.219633221] [acados_nmpc_node]: [attach-window] t=30.04s pos_err=0.022m T=20.23N z=5.993 m_est=2.064
[INFO] [1789396244.247486472] [acados_nmpc_node]: [wcmd] raw=[+0.013,-0.004,-0.000] w=[+0.015,+0.001,-0.000] err=[-0.002,-0.005] scaled=[+0.013,-0.004] s=1.00
[INFO] [1789396244.275143436] [acados_nmpc_node]: [attach-window] t=30.10s pos_err=0.021m T=20.23N z=5.993 m_est=2.064
[INFO] [1789396244.319916158] [acados_nmpc_node]: [attach-window] t=30.14s pos_err=0.021m T=20.22N z=5.994 m_est=2.064
[INFO] [1789396244.375304244] [acados_nmpc_node]: [attach-window] t=30.20s pos_err=0.021m T=20.21N z=5.994 m_est=2.064
[INFO] [1789396244.419994065] [acados_nmpc_node]: [attach-window] t=30.24s pos_err=0.021m T=20.20N z=5.994 m_est=2.064
[INFO] [1789396244.447521788] [acados_nmpc_node]: [wcmd] raw=[+0.001,-0.007,-0.001] w=[+0.005,-0.008,+0.001] err=[-0.004,+0.001] scaled=[+0.001,-0.007] s=1.00
[INFO] [1789396244.475177650] [acados_nmpc_node]: [attach-window] t=30.30s pos_err=0.021m T=20.20N z=5.995 m_est=2.064
[INFO] [1789396244.519667079] [acados_nmpc_node]: [attach-window] t=30.34s pos_err=0.020m T=20.20N z=5.995 m_est=2.064
[INFO] [1789396244.575083298] [acados_nmpc_node]: [attach-window] t=30.40s pos_err=0.020m T=20.19N z=5.995 m_est=2.064
[INFO] [1789396244.619603428] [acados_nmpc_node]: [attach-window] t=30.44s pos_err=0.019m T=20.19N z=5.996 m_est=2.064
[INFO] [1789396244.647529372] [acados_nmpc_node]: [wcmd] raw=[+0.005,-0.005,-0.001] w=[+0.001,-0.005,-0.000] err=[+0.004,+0.001] scaled=[+0.005,-0.005] s=1.00
[INFO] [1789396244.675030686] [acados_nmpc_node]: [attach-window] t=30.50s pos_err=0.019m T=20.19N z=5.996 m_est=2.064
[INFO] [1789396244.719634910] [acados_nmpc_node]: [attach-window] t=30.54s pos_err=0.019m T=20.20N z=5.996 m_est=2.064
[INFO] [1789396244.775362792] [acados_nmpc_node]: [attach-window] t=30.60s pos_err=0.019m T=20.21N z=5.996 m_est=2.064
[INFO] [1789396244.819596197] [acados_nmpc_node]: [attach-window] t=30.64s pos_err=0.020m T=20.21N z=5.996 m_est=2.064
[INFO] [1789396244.847528066] [acados_nmpc_node]: [wcmd] raw=[-0.001,-0.003,-0.001] w=[+0.004,-0.005,-0.001] err=[-0.005,+0.002] scaled=[-0.001,-0.003] s=1.00
[INFO] [1789396244.875235378] [acados_nmpc_node]: [attach-window] t=30.70s pos_err=0.020m T=20.22N z=5.996 m_est=2.064
[INFO] [1789396244.919819869] [acados_nmpc_node]: [attach-window] t=30.74s pos_err=0.020m T=20.23N z=5.996 m_est=2.064
[INFO] [1789396244.975496623] [acados_nmpc_node]: [attach-window] t=30.80s pos_err=0.021m T=20.23N z=5.996 m_est=2.064
[INFO] [1789396245.019854456] [acados_nmpc_node]: [attach-window] t=30.84s pos_err=0.022m T=20.23N z=5.996 m_est=2.064
[INFO] [1789396245.047573282] [acados_nmpc_node]: [wcmd] raw=[-0.011,+0.010,-0.000] w=[-0.009,+0.005,-0.000] err=[-0.002,+0.005] scaled=[-0.011,+0.010] s=1.00
[INFO] [1789396245.075729868] [acados_nmpc_node]: [attach-window] t=30.90s pos_err=0.022m T=20.22N z=5.997 m_est=2.064
[INFO] [1789396245.119925990] [acados_nmpc_node]: [attach-window] t=30.94s pos_err=0.024m T=20.20N z=5.997 m_est=2.064
[INFO] [1789396245.175997306] [acados_nmpc_node]: [attach-window] t=31.00s pos_err=0.024m T=20.20N z=5.998 m_est=2.064
[INFO] [1789396245.176491181] [acados_nmpc_node]: t=31.0s | pos_err=0.024m | T=20.20N | tau=[r-0.001 p0.001 y0.000]Nm | res_stat=5.950e-08(peak 2.718e+03) sqp_iter=3 | solve=1.7ms
[INFO] [1789396245.176699130] [acados_nmpc_node]: [flight-diag] t=31.0s | om_scale=1.000(lo 1.000 hi 1.000) | tilt_max=0.59deg | w_max=[r0.022 p0.039 y0.002]rad/s | u_frac=[T0.648 r0.009 p0.011 y0.004] | u_sat=[T0.0 r0.0 p0.0 y0.0]% | mot_peak=0.772 mot_sat=0.0% | health=1 age=0.003s conf=1.000 | n=100
[INFO] [1789396245.219873732] [acados_nmpc_node]: [attach-window] t=31.04s pos_err=0.026m T=20.19N z=5.998 m_est=2.064
[INFO] [1789396245.247505855] [acados_nmpc_node]: [wcmd] raw=[-0.011,+0.013,-0.001] w=[-0.015,+0.016,-0.000] err=[+0.003,-0.003] scaled=[-0.011,+0.013] s=1.00
[INFO] [1789396245.272805491] [acados_nmpc_node]: [attach-window] t=31.10s pos_err=0.027m T=20.18N z=5.999 m_est=2.064
[INFO] [1789396245.320003929] [acados_nmpc_node]: [attach-window] t=31.14s pos_err=0.028m T=20.18N z=6.000 m_est=2.064
[INFO] [1789396245.375110751] [acados_nmpc_node]: [attach-window] t=31.20s pos_err=0.029m T=20.18N z=6.000 m_est=2.064
[INFO] [1789396245.419770080] [acados_nmpc_node]: [attach-window] t=31.24s pos_err=0.030m T=20.19N z=6.000 m_est=2.064
[INFO] [1789396245.447511277] [acados_nmpc_node]: [wcmd] raw=[+0.003,+0.001,-0.001] w=[-0.006,+0.008,+0.001] err=[+0.009,-0.007] scaled=[+0.003,+0.001] s=1.00
[INFO] [1789396245.475154016] [acados_nmpc_node]: [attach-window] t=31.30s pos_err=0.031m T=20.19N z=6.000 m_est=2.064
[INFO] [1789396245.519849025] [acados_nmpc_node]: [attach-window] t=31.34s pos_err=0.031m T=20.21N z=6.000 m_est=2.064
[INFO] [1789396245.575422373] [acados_nmpc_node]: [attach-window] t=31.40s pos_err=0.032m T=20.22N z=6.000 m_est=2.064
[INFO] [1789396245.619801550] [acados_nmpc_node]: [attach-window] t=31.44s pos_err=0.032m T=20.23N z=5.999 m_est=2.064
[INFO] [1789396245.647567224] [acados_nmpc_node]: [wcmd] raw=[+0.009,-0.003,-0.001] w=[+0.007,-0.003,-0.001] err=[+0.002,-0.001] scaled=[+0.009,-0.003] s=1.00
[INFO] [1789396245.675418893] [acados_nmpc_node]: [attach-window] t=31.50s pos_err=0.032m T=20.24N z=5.999 m_est=2.064
[INFO] [1789396245.719836344] [acados_nmpc_node]: [attach-window] t=31.54s pos_err=0.032m T=20.25N z=5.999 m_est=2.064
[INFO] [1789396245.775368754] [acados_nmpc_node]: [attach-window] t=31.60s pos_err=0.032m T=20.25N z=5.998 m_est=2.064
[INFO] [1789396245.819851844] [acados_nmpc_node]: [attach-window] t=31.64s pos_err=0.032m T=20.24N z=5.999 m_est=2.064
[INFO] [1789396245.847522042] [acados_nmpc_node]: [wcmd] raw=[+0.010,+0.007,-0.001] w=[+0.009,+0.003,-0.001] err=[+0.001,+0.004] scaled=[+0.010,+0.007] s=1.00
[INFO] [1789396245.875287889] [acados_nmpc_node]: [attach-window] t=31.70s pos_err=0.032m T=20.23N z=5.999 m_est=2.064
[INFO] [1789396245.919913660] [acados_nmpc_node]: [attach-window] t=31.74s pos_err=0.033m T=20.22N z=5.999 m_est=2.064
[INFO] [1789396245.975350972] [acados_nmpc_node]: [attach-window] t=31.80s pos_err=0.033m T=20.21N z=5.999 m_est=2.064
[INFO] [1789396246.019910268] [acados_nmpc_node]: [attach-window] t=31.84s pos_err=0.033m T=20.20N z=6.000 m_est=2.064
[INFO] [1789396246.047525244] [acados_nmpc_node]: [wcmd] raw=[+0.004,+0.011,-0.000] w=[+0.007,+0.015,-0.002] err=[-0.003,-0.003] scaled=[+0.004,+0.011] s=1.00
[INFO] [1789396246.073059807] [acados_nmpc_node]: [attach-window] t=31.90s pos_err=0.034m T=20.19N z=6.000 m_est=2.064
[INFO] [1789396246.119203815] [acados_nmpc_node]: [attach-window] t=31.94s pos_err=0.035m T=20.19N z=6.000 m_est=2.064
[INFO] [1789396246.175551115] [acados_nmpc_node]: [attach-window] t=32.00s pos_err=0.035m T=20.19N z=6.001 m_est=2.064
[INFO] [1789396246.219855997] [acados_nmpc_node]: [attach-window] t=32.04s pos_err=0.036m T=20.19N z=6.001 m_est=2.064
[INFO] [1789396246.247589335] [acados_nmpc_node]: [wcmd] raw=[-0.003,-0.001,-0.000] w=[-0.003,+0.006,-0.001] err=[-0.001,-0.007] scaled=[-0.003,-0.001] s=1.00
[INFO] [1789396246.275504819] [acados_nmpc_node]: [attach-window] t=32.10s pos_err=0.036m T=20.19N z=6.001 m_est=2.064
[INFO] [1789396246.319912903] [acados_nmpc_node]: [attach-window] t=32.14s pos_err=0.037m T=20.19N z=6.001 m_est=2.064
[INFO] [1789396246.375823798] [acados_nmpc_node]: [attach-window] t=32.20s pos_err=0.037m T=20.20N z=6.002 m_est=2.064
[INFO] [1789396246.419945378] [acados_nmpc_node]: [attach-window] t=32.24s pos_err=0.038m T=20.20N z=6.002 m_est=2.064
[INFO] [1789396246.447523818] [acados_nmpc_node]: [wcmd] raw=[+0.005,+0.000,-0.000] w=[-0.000,-0.000,-0.001] err=[+0.006,+0.000] scaled=[+0.005,+0.000] s=1.00
[INFO] [1789396246.475795454] [acados_nmpc_node]: [attach-window] t=32.30s pos_err=0.038m T=20.20N z=6.002 m_est=2.064
[INFO] [1789396246.520033576] [acados_nmpc_node]: [attach-window] t=32.34s pos_err=0.038m T=20.21N z=6.002 m_est=2.064
[INFO] [1789396246.575753750] [acados_nmpc_node]: [attach-window] t=32.40s pos_err=0.038m T=20.21N z=6.002 m_est=2.064
[INFO] [1789396246.619980865] [acados_nmpc_node]: [attach-window] t=32.44s pos_err=0.038m T=20.22N z=6.001 m_est=2.064
[INFO] [1789396246.647564074] [acados_nmpc_node]: [wcmd] raw=[+0.012,-0.002,-0.000] w=[+0.009,+0.001,-0.001] err=[+0.002,-0.003] scaled=[+0.012,-0.002] s=1.00
[INFO] [1789396246.675899600] [acados_nmpc_node]: [attach-window] t=32.50s pos_err=0.038m T=20.23N z=6.001 m_est=2.064
[INFO] [1789396246.720072818] [acados_nmpc_node]: [attach-window] t=32.54s pos_err=0.038m T=20.23N z=6.001 m_est=2.064
[INFO] [1789396246.775771362] [acados_nmpc_node]: [attach-window] t=32.60s pos_err=0.038m T=20.24N z=6.000 m_est=2.064
[INFO] [1789396246.820013451] [acados_nmpc_node]: [attach-window] t=32.64s pos_err=0.037m T=20.25N z=6.000 m_est=2.064
[INFO] [1789396246.847559859] [acados_nmpc_node]: [wcmd] raw=[+0.006,-0.006,+0.000] w=[+0.010,-0.003,-0.001] err=[-0.004,-0.003] scaled=[+0.006,-0.006] s=1.00
[INFO] [1789396246.875667786] [acados_nmpc_node]: [attach-window] t=32.70s pos_err=0.037m T=20.25N z=5.999 m_est=2.064
[INFO] [1789396246.919975713] [acados_nmpc_node]: [attach-window] t=32.74s pos_err=0.037m T=20.26N z=5.998 m_est=2.064
[INFO] [1789396246.975415440] [acados_nmpc_node]: [attach-window] t=32.80s pos_err=0.037m T=20.26N z=5.998 m_est=2.064
[INFO] [1789396247.020031882] [acados_nmpc_node]: [attach-window] t=32.84s pos_err=0.036m T=20.27N z=5.997 m_est=2.064
[INFO] [1789396247.047553915] [acados_nmpc_node]: [wcmd] raw=[-0.006,-0.008,+0.000] w=[-0.002,-0.005,+0.000] err=[-0.004,-0.002] scaled=[-0.006,-0.008] s=1.00
[INFO] [1789396247.075460460] [acados_nmpc_node]: [attach-window] t=32.90s pos_err=0.036m T=20.27N z=5.997 m_est=2.064
[INFO] [1789396247.119831678] [acados_nmpc_node]: [attach-window] t=32.94s pos_err=0.035m T=20.26N z=5.996 m_est=2.064
[INFO] [1789396247.175419747] [acados_nmpc_node]: [attach-window] t=33.00s pos_err=0.035m T=20.26N z=5.996 m_est=2.064
[INFO] [1789396247.219957273] [acados_nmpc_node]: [attach-window] t=33.04s pos_err=0.034m T=20.26N z=5.996 m_est=2.064
[INFO] [1789396247.247530606] [acados_nmpc_node]: [wcmd] raw=[-0.014,-0.012,+0.001] w=[-0.014,-0.010,+0.000] err=[-0.000,-0.002] scaled=[-0.014,-0.012] s=1.00
[INFO] [1789396247.275477157] [acados_nmpc_node]: [attach-window] t=33.10s pos_err=0.034m T=20.25N z=5.996 m_est=2.064
[INFO] [1789396247.319935444] [acados_nmpc_node]: [attach-window] t=33.14s pos_err=0.033m T=20.24N z=5.996 m_est=2.064
[INFO] [1789396247.375711295] [acados_nmpc_node]: [attach-window] t=33.20s pos_err=0.032m T=20.24N z=5.996 m_est=2.064
[INFO] [1789396247.420091825] [acados_nmpc_node]: [attach-window] t=33.24s pos_err=0.032m T=20.23N z=5.996 m_est=2.064
[INFO] [1789396247.447502985] [acados_nmpc_node]: [wcmd] raw=[-0.005,-0.003,+0.001] w=[-0.013,-0.007,+0.001] err=[+0.008,+0.004] scaled=[-0.005,-0.003] s=1.00
[INFO] [1789396247.475484297] [acados_nmpc_node]: [attach-window] t=33.30s pos_err=0.032m T=20.23N z=5.996 m_est=2.064
[INFO] [1789396247.519959512] [acados_nmpc_node]: [attach-window] t=33.34s pos_err=0.032m T=20.22N z=5.996 m_est=2.064
[INFO] [1789396247.575922221] [acados_nmpc_node]: [attach-window] t=33.40s pos_err=0.032m T=20.22N z=5.996 m_est=2.064
[INFO] [1789396247.619916183] [acados_nmpc_node]: [attach-window] t=33.44s pos_err=0.031m T=20.21N z=5.996 m_est=2.064
[INFO] [1789396247.647620402] [acados_nmpc_node]: [wcmd] raw=[+0.005,+0.003,+0.001] w=[-0.002,+0.005,+0.001] err=[+0.008,-0.002] scaled=[+0.005,+0.003] s=1.00
[INFO] [1789396247.675663795] [acados_nmpc_node]: [attach-window] t=33.50s pos_err=0.031m T=20.21N z=5.996 m_est=2.064
[INFO] [1789396247.719952393] [acados_nmpc_node]: [attach-window] t=33.54s pos_err=0.030m T=20.20N z=5.997 m_est=2.064
[INFO] [1789396247.775625339] [acados_nmpc_node]: [attach-window] t=33.60s pos_err=0.029m T=20.20N z=5.997 m_est=2.064
[INFO] [1789396247.819715719] [acados_nmpc_node]: [attach-window] t=33.64s pos_err=0.028m T=20.19N z=5.998 m_est=2.064
[INFO] [1789396247.847559562] [acados_nmpc_node]: [wcmd] raw=[+0.015,-0.005,+0.000] w=[+0.012,-0.000,+0.001] err=[+0.003,-0.005] scaled=[+0.015,-0.005] s=1.00
[INFO] [1789396247.875028235] [acados_nmpc_node]: [attach-window] t=33.70s pos_err=0.027m T=20.19N z=5.998 m_est=2.064
[INFO] [1789396247.919683408] [acados_nmpc_node]: [attach-window] t=33.74s pos_err=0.026m T=20.18N z=5.999 m_est=2.064
[INFO] [1789396247.975486340] [acados_nmpc_node]: [attach-window] t=33.80s pos_err=0.025m T=20.18N z=5.999 m_est=2.064
[INFO] [1789396248.018996560] [acados_nmpc_node]: [attach-window] t=33.84s pos_err=0.024m T=20.18N z=6.000 m_est=2.064
[INFO] [1789396248.047646550] [acados_nmpc_node]: [wcmd] raw=[+0.004,-0.008,-0.000] w=[+0.013,-0.009,+0.001] err=[-0.009,+0.001] scaled=[+0.004,-0.008] s=1.00
[INFO] [1789396248.072796760] [acados_nmpc_node]: [attach-window] t=33.90s pos_err=0.024m T=20.18N z=6.000 m_est=2.064
[INFO] [1789396248.119737683] [acados_nmpc_node]: [attach-window] t=33.94s pos_err=0.023m T=20.18N z=6.000 m_est=2.064
[INFO] [1789396248.175263790] [acados_nmpc_node]: [attach-window] t=34.00s pos_err=0.023m T=20.18N z=6.001 m_est=2.064
[INFO] [1789396248.219898560] [acados_nmpc_node]: [attach-window] t=34.04s pos_err=0.022m T=20.19N z=6.001 m_est=2.064
[INFO] [1789396248.247642314] [acados_nmpc_node]: [wcmd] raw=[-0.011,+0.000,-0.000] w=[-0.007,-0.003,+0.000] err=[-0.004,+0.003] scaled=[-0.011,+0.000] s=1.00
[INFO] [1789396248.275409996] [acados_nmpc_node]: [attach-window] t=34.10s pos_err=0.022m T=20.20N z=6.001 m_est=2.064
[INFO] [1789396248.319881534] [acados_nmpc_node]: [attach-window] t=34.14s pos_err=0.021m T=20.22N z=6.000 m_est=2.064
[INFO] [1789396248.375209065] [acados_nmpc_node]: [attach-window] t=34.20s pos_err=0.020m T=20.23N z=6.000 m_est=2.064
[INFO] [1789396248.419605322] [acados_nmpc_node]: [attach-window] t=34.24s pos_err=0.019m T=20.24N z=6.000 m_est=2.064
[INFO] [1789396248.447484720] [acados_nmpc_node]: [wcmd] raw=[-0.005,-0.000,-0.001] w=[-0.012,+0.003,-0.000] err=[+0.007,-0.003] scaled=[-0.005,-0.000] s=1.00
[INFO] [1789396248.475143139] [acados_nmpc_node]: [attach-window] t=34.30s pos_err=0.019m T=20.25N z=5.999 m_est=2.064
[INFO] [1789396248.519815000] [acados_nmpc_node]: [attach-window] t=34.34s pos_err=0.018m T=20.25N z=5.999 m_est=2.064
[INFO] [1789396248.575249216] [acados_nmpc_node]: [attach-window] t=34.40s pos_err=0.018m T=20.26N z=5.998 m_est=2.064
[INFO] [1789396248.619648813] [acados_nmpc_node]: [attach-window] t=34.44s pos_err=0.017m T=20.26N z=5.998 m_est=2.064
[INFO] [1789396248.647515606] [acados_nmpc_node]: [wcmd] raw=[+0.006,-0.004,-0.001] w=[+0.001,-0.002,-0.001] err=[+0.006,-0.002] scaled=[+0.006,-0.004] s=1.00
[INFO] [1789396248.675299186] [acados_nmpc_node]: [attach-window] t=34.50s pos_err=0.016m T=20.26N z=5.998 m_est=2.064
[INFO] [1789396248.719868309] [acados_nmpc_node]: [attach-window] t=34.54s pos_err=0.015m T=20.25N z=5.997 m_est=2.064
[INFO] [1789396248.775861853] [acados_nmpc_node]: [attach-window] t=34.60s pos_err=0.015m T=20.24N z=5.997 m_est=2.064
[INFO] [1789396248.819895767] [acados_nmpc_node]: [attach-window] t=34.64s pos_err=0.014m T=20.23N z=5.998 m_est=2.064
[INFO] [1789396248.847584104] [acados_nmpc_node]: [wcmd] raw=[+0.007,-0.002,-0.001] w=[+0.008,-0.004,-0.000] err=[-0.001,+0.002] scaled=[+0.007,-0.002] s=1.00
[INFO] [1789396248.875630939] [acados_nmpc_node]: [attach-window] t=34.70s pos_err=0.014m T=20.22N z=5.998 m_est=2.064
[INFO] [1789396248.919932283] [acados_nmpc_node]: [attach-window] t=34.74s pos_err=0.014m T=20.22N z=5.998 m_est=2.064
[INFO] [1789396248.975809939] [acados_nmpc_node]: [attach-window] t=34.80s pos_err=0.014m T=20.22N z=5.998 m_est=2.064
[INFO] [1789396249.019833084] [acados_nmpc_node]: [attach-window] t=34.84s pos_err=0.013m T=20.23N z=5.997 m_est=2.064
[INFO] [1789396249.047607898] [acados_nmpc_node]: [wcmd] raw=[+0.000,+0.007,-0.000] w=[+0.003,+0.005,-0.001] err=[-0.002,+0.003] scaled=[+0.000,+0.007] s=1.00
[INFO] [1789396249.075487065] [acados_nmpc_node]: [attach-window] t=34.90s pos_err=0.013m T=20.24N z=5.997 m_est=2.064
[INFO] [1789396249.119688583] [acados_nmpc_node]: [attach-window] t=34.94s pos_err=0.013m T=20.25N z=5.996 m_est=2.064
[INFO] [1789396249.175478552] [acados_nmpc_node]: [attach-window] t=35.00s pos_err=0.013m T=20.25N z=5.996 m_est=2.064
[INFO] [1789396249.219753652] [acados_nmpc_node]: [attach-window] t=35.04s pos_err=0.013m T=20.26N z=5.995 m_est=2.064
[INFO] [1789396249.247503418] [acados_nmpc_node]: [wcmd] raw=[-0.008,+0.003,-0.000] w=[-0.006,+0.008,-0.001] err=[-0.002,-0.005] scaled=[-0.008,+0.003] s=1.00
[INFO] [1789396249.275770168] [acados_nmpc_node]: [attach-window] t=35.10s pos_err=0.013m T=20.26N z=5.995 m_est=2.064
[INFO] [1789396249.319918487] [acados_nmpc_node]: [attach-window] t=35.14s pos_err=0.014m T=20.26N z=5.995 m_est=2.064
[INFO] [1789396249.375441875] [acados_nmpc_node]: [attach-window] t=35.20s pos_err=0.015m T=20.26N z=5.995 m_est=2.064
[INFO] [1789396249.419845094] [acados_nmpc_node]: [attach-window] t=35.24s pos_err=0.016m T=20.25N z=5.994 m_est=2.064
[INFO] [1789396249.447482372] [acados_nmpc_node]: [wcmd] raw=[-0.012,+0.001,-0.000] w=[-0.014,+0.001,-0.001] err=[+0.003,-0.000] scaled=[-0.012,+0.001] s=1.00
[INFO] [1789396249.475393368] [acados_nmpc_node]: [attach-window] t=35.30s pos_err=0.016m T=20.25N z=5.994 m_est=2.064
[INFO] [1789396249.519860278] [acados_nmpc_node]: [attach-window] t=35.34s pos_err=0.017m T=20.24N z=5.994 m_est=2.064
[INFO] [1789396249.573103160] [acados_nmpc_node]: [attach-window] t=35.40s pos_err=0.018m T=20.24N z=5.994 m_est=2.064
[INFO] [1789396249.619832410] [acados_nmpc_node]: [attach-window] t=35.44s pos_err=0.019m T=20.23N z=5.994 m_est=2.064
[INFO] [1789396249.647524389] [acados_nmpc_node]: [wcmd] raw=[+0.002,+0.011,-0.000] w=[-0.007,+0.008,-0.001] err=[+0.008,+0.002] scaled=[+0.002,+0.011] s=1.00
[INFO] [1789396249.675453720] [acados_nmpc_node]: [attach-window] t=35.50s pos_err=0.020m T=20.22N z=5.995 m_est=2.064
[INFO] [1789396249.719792269] [acados_nmpc_node]: [attach-window] t=35.54s pos_err=0.021m T=20.19N z=5.996 m_est=2.064
[INFO] [1789396249.775600812] [acados_nmpc_node]: [attach-window] t=35.60s pos_err=0.022m T=20.18N z=5.996 m_est=2.064
[INFO] [1789396249.819841833] [acados_nmpc_node]: [attach-window] t=35.64s pos_err=0.023m T=20.15N z=5.998 m_est=2.064
[INFO] [1789396249.847519675] [acados_nmpc_node]: [wcmd] raw=[+0.003,-0.002,-0.000] w=[+0.004,+0.006,-0.000] err=[-0.001,-0.008] scaled=[+0.003,-0.002] s=1.00
[INFO] [1789396249.875430773] [acados_nmpc_node]: [attach-window] t=35.70s pos_err=0.024m T=20.13N z=5.999 m_est=2.064
[INFO] [1789396249.919819007] [acados_nmpc_node]: [attach-window] t=35.74s pos_err=0.025m T=20.10N z=6.001 m_est=2.064
[INFO] [1789396249.975495414] [acados_nmpc_node]: [attach-window] t=35.80s pos_err=0.026m T=20.10N z=6.002 m_est=2.064
[INFO] [1789396250.019863401] [acados_nmpc_node]: [attach-window] t=35.84s pos_err=0.027m T=20.09N z=6.004 m_est=2.064
[INFO] [1789396250.047518881] [acados_nmpc_node]: [wcmd] raw=[+0.001,-0.015,-0.000] w=[+0.001,-0.011,-0.001] err=[-0.000,-0.004] scaled=[+0.001,-0.015] s=1.00
[INFO] [1789396250.075229769] [acados_nmpc_node]: [attach-window] t=35.90s pos_err=0.027m T=20.09N z=6.005 m_est=2.064
[INFO] [1789396250.119930003] [acados_nmpc_node]: [attach-window] t=35.94s pos_err=0.028m T=20.11N z=6.006 m_est=2.064
[INFO] [1789396250.175204209] [acados_nmpc_node]: [attach-window] t=36.00s pos_err=0.028m T=20.12N z=6.006 m_est=2.064
[INFO] [1789396250.175688058] [acados_nmpc_node]: t=36.0s | pos_err=0.028m | T=20.12N | tau=[r0.000 p-0.001 y0.000]Nm | res_stat=9.145e-07(peak 2.718e+03) sqp_iter=2 | solve=1.3ms
[INFO] [1789396250.175897690] [acados_nmpc_node]: [flight-diag] t=36.0s | om_scale=1.000(lo 1.000 hi 1.000) | tilt_max=0.51deg | w_max=[r0.016 p0.016 y0.002]rad/s | u_frac=[T0.647 r0.009 p0.006 y0.003] | u_sat=[T0.0 r0.0 p0.0 y0.0]% | mot_peak=0.771 mot_sat=0.0% | health=1 age=0.000s conf=1.000 | n=100
[INFO] [1789396250.219737049] [acados_nmpc_node]: [attach-window] t=36.04s pos_err=0.028m T=20.15N z=6.006 m_est=2.064
[INFO] [1789396250.247498736] [acados_nmpc_node]: [wcmd] raw=[+0.009,-0.016,-0.000] w=[+0.002,-0.018,+0.000] err=[+0.006,+0.001] scaled=[+0.009,-0.016] s=1.00
[INFO] [1789396250.275160079] [acados_nmpc_node]: [attach-window] t=36.10s pos_err=0.028m T=20.17N z=6.006 m_est=2.064
[INFO] [1789396250.319635650] [acados_nmpc_node]: [attach-window] t=36.14s pos_err=0.027m T=20.20N z=6.006 m_est=2.064
[INFO] [1789396250.375600719] [acados_nmpc_node]: [attach-window] t=36.20s pos_err=0.027m T=20.21N z=6.005 m_est=2.064
[INFO] [1789396250.419590451] [acados_nmpc_node]: [attach-window] t=36.24s pos_err=0.026m T=20.24N z=6.004 m_est=2.064
[INFO] [1789396250.447548555] [acados_nmpc_node]: [wcmd] raw=[+0.010,-0.001,-0.000] w=[+0.009,-0.008,-0.001] err=[+0.001,+0.007] scaled=[+0.010,-0.001] s=1.00
[INFO] [1789396250.475184575] [acados_nmpc_node]: [attach-window] t=36.30s pos_err=0.025m T=20.25N z=6.004 m_est=2.064
[INFO] [1789396250.519647130] [acados_nmpc_node]: [attach-window] t=36.34s pos_err=0.023m T=20.27N z=6.003 m_est=2.064
[INFO] [1789396250.575082256] [acados_nmpc_node]: [attach-window] t=36.40s pos_err=0.023m T=20.28N z=6.002 m_est=2.064
[INFO] [1789396250.619665276] [acados_nmpc_node]: [attach-window] t=36.44s pos_err=0.021m T=20.29N z=6.001 m_est=2.064
[INFO] [1789396250.647632284] [acados_nmpc_node]: [wcmd] raw=[+0.012,+0.008,-0.000] w=[+0.012,+0.006,+0.000] err=[+0.000,+0.003] scaled=[+0.012,+0.008] s=1.00
[INFO] [1789396250.675325084] [acados_nmpc_node]: [attach-window] t=36.50s pos_err=0.020m T=20.29N z=6.000 m_est=2.064
[INFO] [1789396250.718929233] [acados_nmpc_node]: [attach-window] t=36.54s pos_err=0.018m T=20.29N z=5.999 m_est=2.064
[INFO] [1789396250.772869129] [acados_nmpc_node]: [attach-window] t=36.60s pos_err=0.017m T=20.28N z=5.999 m_est=2.064
[INFO] [1789396250.819570157] [acados_nmpc_node]: [attach-window] t=36.64s pos_err=0.016m T=20.26N z=5.999 m_est=2.064
[INFO] [1789396250.847556712] [acados_nmpc_node]: [wcmd] raw=[+0.007,+0.009,-0.000] w=[+0.012,+0.010,+0.000] err=[-0.005,-0.000] scaled=[+0.007,+0.009] s=1.00
[INFO] [1789396250.874974186] [acados_nmpc_node]: [attach-window] t=36.70s pos_err=0.015m T=20.25N z=5.999 m_est=2.064
[INFO] [1789396250.919638489] [acados_nmpc_node]: [attach-window] t=36.74s pos_err=0.014m T=20.22N z=5.999 m_est=2.064
[INFO] [1789396250.975259823] [acados_nmpc_node]: [attach-window] t=36.80s pos_err=0.014m T=20.21N z=6.000 m_est=2.064
[INFO] [1789396251.019838638] [acados_nmpc_node]: [attach-window] t=36.84s pos_err=0.013m T=20.20N z=6.000 m_est=2.064
[INFO] [1789396251.047541757] [acados_nmpc_node]: [wcmd] raw=[-0.007,+0.017,-0.001] w=[-0.002,+0.015,+0.000] err=[-0.005,+0.001] scaled=[-0.007,+0.017] s=1.00
[INFO] [1789396251.075710750] [acados_nmpc_node]: [attach-window] t=36.90s pos_err=0.012m T=20.20N z=6.000 m_est=2.064
[INFO] [1789396251.119974919] [acados_nmpc_node]: [attach-window] t=36.94s pos_err=0.011m T=20.21N z=6.000 m_est=2.064
[INFO] [1789396251.175668588] [acados_nmpc_node]: [attach-window] t=37.00s pos_err=0.011m T=20.21N z=6.000 m_est=2.064
[INFO] [1789396251.219979374] [acados_nmpc_node]: [attach-window] t=37.04s pos_err=0.011m T=20.22N z=6.000 m_est=2.064
[INFO] [1789396251.247569910] [acados_nmpc_node]: [wcmd] raw=[-0.012,+0.011,-0.001] w=[-0.011,+0.018,-0.000] err=[-0.001,-0.008] scaled=[-0.012,+0.011] s=1.00
[INFO] [1789396251.275542241] [acados_nmpc_node]: [attach-window] t=37.10s pos_err=0.011m T=20.22N z=6.000 m_est=2.064
[INFO] [1789396251.319900217] [acados_nmpc_node]: [attach-window] t=37.14s pos_err=0.011m T=20.24N z=5.999 m_est=2.064
[INFO] [1789396251.375441237] [acados_nmpc_node]: [attach-window] t=37.20s pos_err=0.011m T=20.25N z=5.999 m_est=2.064
[INFO] [1789396251.419847749] [acados_nmpc_node]: [attach-window] t=37.24s pos_err=0.012m T=20.27N z=5.998 m_est=2.064
[INFO] [1789396251.447468842] [acados_nmpc_node]: [wcmd] raw=[-0.009,-0.000,-0.001] w=[-0.015,+0.006,-0.001] err=[+0.006,-0.006] scaled=[-0.009,-0.000] s=1.00
[INFO] [1789396251.475195333] [acados_nmpc_node]: [attach-window] t=37.30s pos_err=0.012m T=20.27N z=5.997 m_est=2.064
[INFO] [1789396251.519880930] [acados_nmpc_node]: [attach-window] t=37.34s pos_err=0.013m T=20.27N z=5.997 m_est=2.064
[INFO] [1789396251.575532199] [acados_nmpc_node]: [attach-window] t=37.40s pos_err=0.014m T=20.27N z=5.996 m_est=2.064
[INFO] [1789396251.619910626] [acados_nmpc_node]: [attach-window] t=37.44s pos_err=0.015m T=20.27N z=5.996 m_est=2.064
[INFO] [1789396251.647474935] [acados_nmpc_node]: [wcmd] raw=[-0.007,-0.009,-0.000] w=[-0.009,-0.004,-0.001] err=[+0.002,-0.005] scaled=[-0.007,-0.009] s=1.00
[INFO] [1789396251.675438439] [acados_nmpc_node]: [attach-window] t=37.50s pos_err=0.015m T=20.27N z=5.995 m_est=2.064
[INFO] [1789396251.719873376] [acados_nmpc_node]: [attach-window] t=37.54s pos_err=0.016m T=20.26N z=5.995 m_est=2.064
[INFO] [1789396251.775446427] [acados_nmpc_node]: [attach-window] t=37.60s pos_err=0.016m T=20.26N z=5.995 m_est=2.064
[INFO] [1789396251.819889337] [acados_nmpc_node]: [attach-window] t=37.64s pos_err=0.017m T=20.24N z=5.995 m_est=2.064
[INFO] [1789396251.847698921] [acados_nmpc_node]: [wcmd] raw=[-0.003,-0.019,+0.000] w=[-0.008,-0.018,-0.001] err=[+0.005,-0.000] scaled=[-0.003,-0.019] s=1.00
[INFO] [1789396251.872759672] [acados_nmpc_node]: [attach-window] t=37.70s pos_err=0.017m T=20.23N z=5.995 m_est=2.064
[INFO] [1789396251.919585617] [acados_nmpc_node]: [attach-window] t=37.74s pos_err=0.017m T=20.20N z=5.996 m_est=2.064
[INFO] [1789396251.975019078] [acados_nmpc_node]: [attach-window] t=37.80s pos_err=0.018m T=20.19N z=5.997 m_est=2.064
[INFO] [1789396252.019622254] [acados_nmpc_node]: [attach-window] t=37.84s pos_err=0.018m T=20.18N z=5.997 m_est=2.064
[INFO] [1789396252.047573811] [acados_nmpc_node]: [wcmd] raw=[+0.008,-0.013,+0.001] w=[+0.001,-0.017,+0.001] err=[+0.007,+0.004] scaled=[+0.008,-0.013] s=1.00
[INFO] [1789396252.075039542] [acados_nmpc_node]: [attach-window] t=37.90s pos_err=0.018m T=20.17N z=5.998 m_est=2.064
[INFO] [1789396252.119702178] [acados_nmpc_node]: [attach-window] t=37.94s pos_err=0.018m T=20.17N z=5.999 m_est=2.064
[INFO] [1789396252.175577524] [acados_nmpc_node]: [attach-window] t=38.00s pos_err=0.018m T=20.16N z=5.999 m_est=2.064
[INFO] [1789396252.219730720] [acados_nmpc_node]: [attach-window] t=38.04s pos_err=0.018m T=20.15N z=6.000 m_est=2.064
[INFO] [1789396252.247545941] [acados_nmpc_node]: [wcmd] raw=[+0.013,-0.002,+0.001] w=[+0.012,-0.007,-0.000] err=[+0.001,+0.005] scaled=[+0.013,-0.002] s=1.00
[INFO] [1789396252.275443114] [acados_nmpc_node]: [attach-window] t=38.10s pos_err=0.018m T=20.15N z=6.001 m_est=2.064
[INFO] [1789396252.319651369] [acados_nmpc_node]: [attach-window] t=38.14s pos_err=0.018m T=20.15N z=6.002 m_est=2.064
[INFO] [1789396252.372945349] [acados_nmpc_node]: [attach-window] t=38.20s pos_err=0.018m T=20.15N z=6.002 m_est=2.064
[INFO] [1789396252.419606707] [acados_nmpc_node]: [attach-window] t=38.24s pos_err=0.018m T=20.16N z=6.003 m_est=2.064
[INFO] [1789396252.447485239] [acados_nmpc_node]: [wcmd] raw=[+0.008,+0.013,+0.000] w=[+0.012,+0.010,+0.001] err=[-0.005,+0.003] scaled=[+0.008,+0.013] s=1.00
[INFO] [1789396252.475151519] [acados_nmpc_node]: [attach-window] t=38.30s pos_err=0.018m T=20.17N z=6.003 m_est=2.064
[INFO] [1789396252.519561171] [acados_nmpc_node]: [attach-window] t=38.34s pos_err=0.017m T=20.20N z=6.002 m_est=2.064
[INFO] [1789396252.575206595] [acados_nmpc_node]: [attach-window] t=38.40s pos_err=0.017m T=20.22N z=6.002 m_est=2.064
[INFO] [1789396252.619583702] [acados_nmpc_node]: [attach-window] t=38.44s pos_err=0.016m T=20.24N z=6.001 m_est=2.064
[INFO] [1789396252.647524905] [acados_nmpc_node]: [wcmd] raw=[-0.008,+0.003,-0.000] w=[-0.001,+0.012,+0.000] err=[-0.007,-0.009] scaled=[-0.008,+0.003] s=1.00
[INFO] [1789396252.675440783] [acados_nmpc_node]: [attach-window] t=38.50s pos_err=0.016m T=20.25N z=6.000 m_est=2.064
[INFO] [1789396252.719817905] [acados_nmpc_node]: [attach-window] t=38.54s pos_err=0.015m T=20.28N z=5.999 m_est=2.064
[INFO] [1789396252.775453981] [acados_nmpc_node]: [attach-window] t=38.60s pos_err=0.015m T=20.29N z=5.998 m_est=2.064
[INFO] [1789396252.819616431] [acados_nmpc_node]: [attach-window] t=38.64s pos_err=0.013m T=20.31N z=5.996 m_est=2.064
[INFO] [1789396252.847485843] [acados_nmpc_node]: [wcmd] raw=[-0.004,-0.008,-0.001] w=[-0.013,-0.005,-0.000] err=[+0.008,-0.003] scaled=[-0.004,-0.008] s=1.00
[INFO] [1789396252.875156470] [acados_nmpc_node]: [attach-window] t=38.70s pos_err=0.013m T=20.31N z=5.996 m_est=2.064
[INFO] [1789396252.919626813] [acados_nmpc_node]: [attach-window] t=38.74s pos_err=0.012m T=20.31N z=5.994 m_est=2.064
[INFO] [1789396252.975070318] [acados_nmpc_node]: [attach-window] t=38.80s pos_err=0.011m T=20.31N z=5.994 m_est=2.064
[INFO] [1789396253.019707414] [acados_nmpc_node]: [attach-window] t=38.84s pos_err=0.010m T=20.30N z=5.993 m_est=2.064
[INFO] [1789396253.047526822] [acados_nmpc_node]: [wcmd] raw=[+0.010,-0.004,-0.001] w=[+0.005,-0.006,-0.000] err=[+0.005,+0.002] scaled=[+0.010,-0.004] s=1.00
[INFO] [1789396253.075169364] [acados_nmpc_node]: [attach-window] t=38.90s pos_err=0.010m T=20.29N z=5.993 m_est=2.064
[INFO] [1789396253.119520456] [acados_nmpc_node]: [attach-window] t=38.94s pos_err=0.010m T=20.27N z=5.992 m_est=2.064
[INFO] [1789396253.175216514] [acados_nmpc_node]: [attach-window] t=39.00s pos_err=0.010m T=20.27N z=5.992 m_est=2.064
[INFO] [1789396253.219669850] [acados_nmpc_node]: [attach-window] t=39.04s pos_err=0.009m T=20.25N z=5.992 m_est=2.064
[INFO] [1789396253.247552548] [acados_nmpc_node]: [wcmd] raw=[+0.001,+0.002,-0.001] w=[+0.007,-0.000,-0.001] err=[-0.006,+0.002] scaled=[+0.001,+0.002] s=1.00
[INFO] [1789396253.275344779] [acados_nmpc_node]: [attach-window] t=39.10s pos_err=0.009m T=20.25N z=5.992 m_est=2.064
[INFO] [1789396253.319736808] [acados_nmpc_node]: [attach-window] t=39.14s pos_err=0.009m T=20.23N z=5.992 m_est=2.064
[INFO] [1789396253.375426479] [acados_nmpc_node]: [attach-window] t=39.20s pos_err=0.008m T=20.23N z=5.992 m_est=2.064
[INFO] [1789396253.419631293] [acados_nmpc_node]: [attach-window] t=39.24s pos_err=0.008m T=20.22N z=5.992 m_est=2.064
[INFO] [1789396253.447593087] [acados_nmpc_node]: [wcmd] raw=[-0.004,+0.005,-0.000] w=[-0.004,+0.006,-0.001] err=[+0.000,-0.001] scaled=[-0.004,+0.005] s=1.00
[INFO] [1789396253.475223359] [acados_nmpc_node]: [attach-window] t=39.30s pos_err=0.008m T=20.23N z=5.992 m_est=2.064
[INFO] [1789396253.519587832] [acados_nmpc_node]: [attach-window] t=39.34s pos_err=0.007m T=20.23N z=5.992 m_est=2.064
[INFO] [1789396253.575125496] [acados_nmpc_node]: [attach-window] t=39.40s pos_err=0.007m T=20.24N z=5.992 m_est=2.064
[INFO] [1789396253.619849750] [acados_nmpc_node]: [attach-window] t=39.44s pos_err=0.007m T=20.24N z=5.992 m_est=2.064
[INFO] [1789396253.647505919] [acados_nmpc_node]: [wcmd] raw=[+0.002,+0.003,-0.000] w=[-0.002,+0.004,-0.001] err=[+0.004,-0.000] scaled=[+0.002,+0.003] s=1.00
[INFO] [1789396253.675308552] [acados_nmpc_node]: [attach-window] t=39.50s pos_err=0.006m T=20.23N z=5.992 m_est=2.064
[INFO] [1789396253.718943035] [acados_nmpc_node]: [attach-window] t=39.54s pos_err=0.006m T=20.22N z=5.992 m_est=2.064
[INFO] [1789396253.772800828] [acados_nmpc_node]: [attach-window] t=39.60s pos_err=0.006m T=20.22N z=5.992 m_est=2.064
[INFO] [1789396253.819585644] [acados_nmpc_node]: [attach-window] t=39.64s pos_err=0.005m T=20.20N z=5.993 m_est=2.064
[INFO] [1789396253.847543095] [acados_nmpc_node]: [wcmd] raw=[+0.005,+0.004,-0.000] w=[+0.004,+0.005,-0.001] err=[+0.001,-0.001] scaled=[+0.005,+0.004] s=1.00
[INFO] [1789396253.875162010] [acados_nmpc_node]: [attach-window] t=39.70s pos_err=0.005m T=20.20N z=5.993 m_est=2.064
[INFO] [1789396253.919551538] [acados_nmpc_node]: [attach-window] t=39.74s pos_err=0.005m T=20.19N z=5.993 m_est=2.064
[INFO] [1789396253.975299243] [acados_nmpc_node]: [attach-window] t=39.80s pos_err=0.005m T=20.19N z=5.994 m_est=2.064
[INFO] [1789396254.019581674] [acados_nmpc_node]: [attach-window] t=39.84s pos_err=0.005m T=20.19N z=5.994 m_est=2.064
[INFO] [1789396254.047502445] [acados_nmpc_node]: [wcmd] raw=[+0.002,-0.002,-0.000] w=[+0.004,+0.002,-0.000] err=[-0.001,-0.004] scaled=[+0.002,-0.002] s=1.00
[INFO] [1789396254.075197416] [acados_nmpc_node]: [attach-window] t=39.90s pos_err=0.005m T=20.19N z=5.994 m_est=2.064
[INFO] [1789396254.119692526] [acados_nmpc_node]: [attach-window] t=39.94s pos_err=0.005m T=20.20N z=5.994 m_est=2.064
[INFO] [1789396254.175345045] [acados_nmpc_node]: [attach-window] t=40.00s pos_err=0.005m T=20.20N z=5.994 m_est=2.064
[INFO] [1789396254.219663890] [acados_nmpc_node]: [attach-window] t=40.04s pos_err=0.005m T=20.20N z=5.995 m_est=2.064
[INFO] [1789396254.247476964] [acados_nmpc_node]: [wcmd] raw=[+0.004,-0.007,+0.000] w=[+0.002,-0.006,-0.001] err=[+0.002,-0.001] scaled=[+0.004,-0.007] s=1.00
[INFO] [1789396254.275306969] [acados_nmpc_node]: [attach-window] t=40.10s pos_err=0.005m T=20.20N z=5.995 m_est=2.064
[INFO] [1789396254.319593912] [acados_nmpc_node]: [attach-window] t=40.14s pos_err=0.006m T=20.20N z=5.995 m_est=2.064
[INFO] [1789396254.375044520] [acados_nmpc_node]: [attach-window] t=40.20s pos_err=0.006m T=20.20N z=5.996 m_est=2.064
[INFO] [1789396254.419536326] [acados_nmpc_node]: [attach-window] t=40.24s pos_err=0.007m T=20.19N z=5.996 m_est=2.064
[INFO] [1789396254.447526922] [acados_nmpc_node]: [wcmd] raw=[-0.001,-0.006,+0.000] w=[+0.003,-0.009,+0.000] err=[-0.003,+0.003] scaled=[-0.001,-0.006] s=1.00
[INFO] [1789396254.475362377] [acados_nmpc_node]: [attach-window] t=40.30s pos_err=0.007m T=20.20N z=5.996 m_est=2.064
[INFO] [1789396254.519582265] [acados_nmpc_node]: [attach-window] t=40.34s pos_err=0.008m T=20.20N z=5.996 m_est=2.064
[INFO] [1789396254.574972976] [acados_nmpc_node]: [attach-window] t=40.40s pos_err=0.008m T=20.20N z=5.997 m_est=2.064
[INFO] [1789396254.619622191] [acados_nmpc_node]: [attach-window] t=40.44s pos_err=0.008m T=20.20N z=5.997 m_est=2.064
[INFO] [1789396254.647567741] [acados_nmpc_node]: [wcmd] raw=[-0.007,+0.002,+0.000] w=[-0.006,-0.001,+0.000] err=[-0.001,+0.003] scaled=[-0.007,+0.002] s=1.00
[INFO] [1789396254.675226211] [acados_nmpc_node]: [attach-window] t=40.50s pos_err=0.008m T=20.19N z=5.997 m_est=2.064
[INFO] [1789396254.719587867] [acados_nmpc_node]: [attach-window] t=40.54s pos_err=0.008m T=20.19N z=5.998 m_est=2.064
[INFO] [1789396254.772958059] [acados_nmpc_node]: [attach-window] t=40.60s pos_err=0.009m T=20.19N z=5.998 m_est=2.064
[INFO] [1789396254.818852877] [acados_nmpc_node]: [attach-window] t=40.64s pos_err=0.009m T=20.18N z=5.999 m_est=2.064
[INFO] [1789396254.847542396] [acados_nmpc_node]: [wcmd] raw=[-0.006,+0.009,+0.000] w=[-0.009,+0.010,+0.000] err=[+0.004,-0.001] scaled=[-0.006,+0.009] s=1.00
[INFO] [1789396254.874997506] [acados_nmpc_node]: [attach-window] t=40.70s pos_err=0.009m T=20.17N z=5.999 m_est=2.064
[INFO] [1789396254.919591667] [acados_nmpc_node]: [attach-window] t=40.74s pos_err=0.009m T=20.18N z=5.999 m_est=2.064
[INFO] [1789396254.975136245] [acados_nmpc_node]: [attach-window] t=40.80s pos_err=0.009m T=20.18N z=5.999 m_est=2.064
[INFO] [1789396255.019490666] [acados_nmpc_node]: [attach-window] t=40.84s pos_err=0.009m T=20.19N z=5.999 m_est=2.064
[INFO] [1789396255.047552300] [acados_nmpc_node]: [wcmd] raw=[-0.000,+0.001,+0.000] w=[-0.004,+0.005,-0.000] err=[+0.004,-0.005] scaled=[-0.000,+0.001] s=1.00
[INFO] [1789396255.075017464] [acados_nmpc_node]: [attach-window] t=40.90s pos_err=0.010m T=20.20N z=5.999 m_est=2.064
[INFO] [1789396255.119637398] [acados_nmpc_node]: [attach-window] t=40.94s pos_err=0.010m T=20.20N z=5.999 m_est=2.064
[INFO] [1789396255.175339743] [acados_nmpc_node]: [attach-window] t=41.00s pos_err=0.010m T=20.20N z=6.000 m_est=2.064
[INFO] [1789396255.175861826] [acados_nmpc_node]: t=41.0s | pos_err=0.010m | T=20.20N | tau=[r0.000 p-0.002 y-0.000]Nm | res_stat=3.244e-08(peak 2.718e+03) sqp_iter=2 | solve=1.4ms
[INFO] [1789396255.176070669] [acados_nmpc_node]: [flight-diag] t=41.0s | om_scale=1.000(lo 1.000 hi 1.000) | tilt_max=0.52deg | w_max=[r0.015 p0.020 y0.002]rad/s | u_frac=[T0.648 r0.008 p0.006 y0.004] | u_sat=[T0.0 r0.0 p0.0 y0.0]% | mot_peak=0.771 mot_sat=0.0% | health=1 age=0.003s conf=1.000 | n=100
[INFO] [1789396255.219585921] [acados_nmpc_node]: [attach-window] t=41.04s pos_err=0.010m T=20.21N z=6.000 m_est=2.064
[INFO] [1789396255.247556409] [acados_nmpc_node]: [wcmd] raw=[+0.002,-0.011,-0.000] w=[+0.001,-0.007,+0.000] err=[+0.001,-0.004] scaled=[+0.002,-0.011] s=1.00
[INFO] [1789396255.275476535] [acados_nmpc_node]: [attach-window] t=41.10s pos_err=0.010m T=20.21N z=5.999 m_est=2.064
[INFO] [1789396255.319802273] [acados_nmpc_node]: [attach-window] t=41.14s pos_err=0.010m T=20.22N z=5.999 m_est=2.064
[INFO] [1789396255.375609018] [acados_nmpc_node]: [attach-window] t=41.20s pos_err=0.010m T=20.22N z=5.999 m_est=2.064
[INFO] [1789396255.419800262] [acados_nmpc_node]: [attach-window] t=41.24s pos_err=0.009m T=20.24N z=5.998 m_est=2.064
[INFO] [1789396255.447608663] [acados_nmpc_node]: [wcmd] raw=[-0.002,-0.004,-0.000] w=[+0.001,-0.010,-0.000] err=[-0.003,+0.006] scaled=[-0.002,-0.004] s=1.00
[INFO] [1789396255.475757883] [acados_nmpc_node]: [attach-window] t=41.30s pos_err=0.009m T=20.25N z=5.997 m_est=2.064
[INFO] [1789396255.519819757] [acados_nmpc_node]: [attach-window] t=41.34s pos_err=0.007m T=20.27N z=5.996 m_est=2.064
[INFO] [1789396255.575921551] [acados_nmpc_node]: [attach-window] t=41.40s pos_err=0.007m T=20.28N z=5.995 m_est=2.064
[INFO] [1789396255.619792169] [acados_nmpc_node]: [attach-window] t=41.44s pos_err=0.005m T=20.29N z=5.994 m_est=2.064
[INFO] [1789396255.647584830] [acados_nmpc_node]: [wcmd] raw=[+0.005,+0.010,-0.000] w=[-0.001,+0.006,-0.000] err=[+0.006,+0.004] scaled=[+0.005,+0.010] s=1.00
[INFO] [1789396255.675442545] [acados_nmpc_node]: [attach-window] t=41.50s pos_err=0.005m T=20.29N z=5.993 m_est=2.064
[INFO] [1789396255.719747766] [acados_nmpc_node]: [attach-window] t=41.54s pos_err=0.004m T=20.28N z=5.993 m_est=2.064
[INFO] [1789396255.775428668] [acados_nmpc_node]: [attach-window] t=41.60s pos_err=0.003m T=20.28N z=5.992 m_est=2.064
[INFO] [1789396255.819785457] [acados_nmpc_node]: [attach-window] t=41.64s pos_err=0.002m T=20.27N z=5.992 m_est=2.064
[INFO] [1789396255.847632274] [acados_nmpc_node]: [wcmd] raw=[+0.011,+0.007,-0.000] w=[+0.011,+0.012,+0.001] err=[+0.000,-0.005] scaled=[+0.011,+0.007] s=1.00
[INFO] [1789396255.875462717] [acados_nmpc_node]: [attach-window] t=41.70s pos_err=0.002m T=20.26N z=5.992 m_est=2.064
[INFO] [1789396255.919706507] [acados_nmpc_node]: [attach-window] t=41.74s pos_err=0.002m T=20.26N z=5.991 m_est=2.064
[INFO] [1789396255.975291148] [acados_nmpc_node]: [attach-window] t=41.80s pos_err=0.002m T=20.26N z=5.991 m_est=2.064
[INFO] [1789396256.019671279] [acados_nmpc_node]: [attach-window] t=41.84s pos_err=0.003m T=20.26N z=5.990 m_est=2.064
[INFO] [1789396256.047670875] [acados_nmpc_node]: [wcmd] raw=[+0.003,-0.001,-0.000] w=[+0.008,+0.003,+0.000] err=[-0.004,-0.005] scaled=[+0.003,-0.001] s=1.00
[INFO] [1789396256.075595635] [acados_nmpc_node]: [attach-window] t=41.90s pos_err=0.003m T=20.26N z=5.990 m_est=2.064
[INFO] [1789396256.119761666] [acados_nmpc_node]: [attach-window] t=41.94s pos_err=0.003m T=20.26N z=5.990 m_est=2.064
[INFO] [1789396256.175419386] [acados_nmpc_node]: [attach-window] t=42.00s pos_err=0.003m T=20.26N z=5.990 m_est=2.064
[INFO] [1789396256.219721407] [acados_nmpc_node]: [attach-window] t=42.04s pos_err=0.003m T=20.27N z=5.989 m_est=2.064
[INFO] [1789396256.247572419] [acados_nmpc_node]: [wcmd] raw=[-0.011,-0.016,-0.000] w=[-0.005,-0.012,+0.000] err=[-0.007,-0.005] scaled=[-0.011,-0.016] s=1.00
[INFO] [1789396256.275181554] [acados_nmpc_node]: [attach-window] t=42.10s pos_err=0.003m T=20.27N z=5.988 m_est=2.064
[INFO] [1789396256.319802179] [acados_nmpc_node]: [attach-window] t=42.14s pos_err=0.003m T=20.29N z=5.987 m_est=2.064
[INFO] [1789396256.375749366] [acados_nmpc_node]: [attach-window] t=42.20s pos_err=0.003m T=20.29N z=5.987 m_est=2.064
[INFO] [1789396256.419985839] [acados_nmpc_node]: [attach-window] t=42.24s pos_err=0.004m T=20.30N z=5.986 m_est=2.064
[INFO] [1789396256.447568796] [acados_nmpc_node]: [wcmd] raw=[-0.016,+0.001,+0.000] w=[-0.018,-0.010,-0.000] err=[+0.002,+0.011] scaled=[-0.016,+0.001] s=1.00
[INFO] [1789396256.475711145] [acados_nmpc_node]: [attach-window] t=42.30s pos_err=0.005m T=20.30N z=5.985 m_est=2.064
[INFO] [1789396256.519890795] [acados_nmpc_node]: [attach-window] t=42.34s pos_err=0.007m T=20.30N z=5.984 m_est=2.064
[INFO] [1789396256.575274475] [acados_nmpc_node]: [attach-window] t=42.40s pos_err=0.008m T=20.30N z=5.984 m_est=2.064
[INFO] [1789396256.620062616] [acados_nmpc_node]: [attach-window] t=42.44s pos_err=0.009m T=20.28N z=5.984 m_est=2.064
[INFO] [1789396256.647521685] [acados_nmpc_node]: [wcmd] raw=[-0.006,+0.018,+0.000] w=[-0.016,+0.017,+0.000] err=[+0.009,+0.000] scaled=[-0.006,+0.018] s=1.00
[INFO] [1789396256.675649557] [acados_nmpc_node]: [attach-window] t=42.50s pos_err=0.010m T=20.28N z=5.984 m_est=2.064
[INFO] [1789396256.719171540] [acados_nmpc_node]: [attach-window] t=42.54s pos_err=0.012m T=20.26N z=5.984 m_est=2.064
[INFO] [1789396256.775408945] [acados_nmpc_node]: [attach-window] t=42.60s pos_err=0.013m T=20.25N z=5.984 m_est=2.064
[INFO] [1789396256.819854097] [acados_nmpc_node]: [attach-window] t=42.64s pos_err=0.015m T=20.24N z=5.985 m_est=2.064
[INFO] [1789396256.847565423] [acados_nmpc_node]: [wcmd] raw=[+0.002,+0.005,+0.000] w=[-0.003,+0.011,+0.001] err=[+0.004,-0.006] scaled=[+0.002,+0.005] s=1.00
[INFO] [1789396256.875902268] [acados_nmpc_node]: [attach-window] t=42.70s pos_err=0.016m T=20.23N z=5.985 m_est=2.064
[INFO] [1789396256.919925860] [acados_nmpc_node]: [attach-window] t=42.74s pos_err=0.018m T=20.22N z=5.985 m_est=2.064
[INFO] [1789396256.975922093] [acados_nmpc_node]: [attach-window] t=42.80s pos_err=0.019m T=20.21N z=5.986 m_est=2.064
[INFO] [1789396257.019905029] [acados_nmpc_node]: [attach-window] t=42.84s pos_err=0.021m T=20.20N z=5.987 m_est=2.064
[INFO] [1789396257.047522834] [acados_nmpc_node]: [wcmd] raw=[-0.003,-0.002,-0.000] w=[-0.001,+0.002,+0.001] err=[-0.002,-0.004] scaled=[-0.003,-0.002] s=1.00
[INFO] [1789396257.075878208] [acados_nmpc_node]: [attach-window] t=42.90s pos_err=0.022m T=20.19N z=5.987 m_est=2.064
[INFO] [1789396257.120013915] [acados_nmpc_node]: [attach-window] t=42.94s pos_err=0.024m T=20.18N z=5.989 m_est=2.064
[INFO] [1789396257.175716128] [acados_nmpc_node]: [attach-window] t=43.00s pos_err=0.025m T=20.17N z=5.989 m_est=2.064
[INFO] [1789396257.219925021] [acados_nmpc_node]: [attach-window] t=43.04s pos_err=0.026m T=20.16N z=5.991 m_est=2.064
[INFO] [1789396257.247638933] [acados_nmpc_node]: [wcmd] raw=[-0.004,-0.015,-0.000] w=[-0.008,-0.009,+0.000] err=[+0.004,-0.005] scaled=[-0.004,-0.015] s=1.00
[INFO] [1789396257.275764360] [acados_nmpc_node]: [attach-window] t=43.10s pos_err=0.027m T=20.15N z=5.991 m_est=2.064
[INFO] [1789396257.320007221] [acados_nmpc_node]: [attach-window] t=43.14s pos_err=0.028m T=20.15N z=5.993 m_est=2.064
[INFO] [1789396257.375720851] [acados_nmpc_node]: [attach-window] t=43.20s pos_err=0.029m T=20.15N z=5.993 m_est=2.064
[INFO] [1789396257.419940121] [acados_nmpc_node]: [attach-window] t=43.24s pos_err=0.029m T=20.15N z=5.994 m_est=2.064
[INFO] [1789396257.447512515] [acados_nmpc_node]: [wcmd] raw=[+0.011,-0.005,-0.000] w=[+0.002,-0.012,+0.000] err=[+0.009,+0.008] scaled=[+0.011,-0.005] s=1.00
[INFO] [1789396257.475520955] [acados_nmpc_node]: [attach-window] t=43.30s pos_err=0.029m T=20.16N z=5.995 m_est=2.064
[INFO] [1789396257.519849298] [acados_nmpc_node]: [attach-window] t=43.34s pos_err=0.029m T=20.15N z=5.996 m_est=2.064
[INFO] [1789396257.575810648] [acados_nmpc_node]: [attach-window] t=43.40s pos_err=0.029m T=20.15N z=5.997 m_est=2.064
[INFO] [1789396257.620019348] [acados_nmpc_node]: [attach-window] t=43.44s pos_err=0.028m T=20.14N z=5.998 m_est=2.064
[INFO] [1789396257.647539288] [acados_nmpc_node]: [wcmd] raw=[+0.021,+0.006,-0.000] w=[+0.019,+0.006,-0.000] err=[+0.002,+0.000] scaled=[+0.021,+0.006] s=1.00
[INFO] [1789396257.675309936] [acados_nmpc_node]: [attach-window] t=43.50s pos_err=0.028m T=20.14N z=5.999 m_est=2.064
[INFO] [1789396257.719902688] [acados_nmpc_node]: [attach-window] t=43.54s pos_err=0.027m T=20.15N z=6.000 m_est=2.064
[INFO] [1789396257.773017167] [acados_nmpc_node]: [attach-window] t=43.60s pos_err=0.027m T=20.16N z=6.000 m_est=2.064
[INFO] [1789396257.819978724] [acados_nmpc_node]: [attach-window] t=43.64s pos_err=0.026m T=20.18N z=6.000 m_est=2.064
[INFO] [1789396257.847596548] [acados_nmpc_node]: [wcmd] raw=[+0.008,+0.003,-0.001] w=[+0.016,+0.004,-0.001] err=[-0.009,-0.001] scaled=[+0.008,+0.003] s=1.00
[INFO] [1789396257.875589159] [acados_nmpc_node]: [attach-window] t=43.70s pos_err=0.025m T=20.19N z=6.000 m_est=2.064
[INFO] [1789396257.919878598] [acados_nmpc_node]: [attach-window] t=43.74s pos_err=0.025m T=20.21N z=6.000 m_est=2.064
[INFO] [1789396257.975780775] [acados_nmpc_node]: [attach-window] t=43.80s pos_err=0.024m T=20.22N z=6.000 m_est=2.064
[INFO] [1789396258.019790997] [acados_nmpc_node]: [attach-window] t=43.84s pos_err=0.023m T=20.24N z=5.999 m_est=2.064
[INFO] [1789396258.047540362] [acados_nmpc_node]: [wcmd] raw=[-0.005,-0.004,-0.001] w=[-0.000,+0.002,-0.000] err=[-0.005,-0.006] scaled=[-0.005,-0.004] s=1.00
[INFO] [1789396258.075438070] [acados_nmpc_node]: [attach-window] t=43.90s pos_err=0.023m T=20.24N z=5.999 m_est=2.064
[INFO] [1789396258.120015759] [acados_nmpc_node]: [attach-window] t=43.94s pos_err=0.021m T=20.25N z=5.999 m_est=2.064
[INFO] [1789396258.173241617] [acados_nmpc_node]: [attach-window] t=44.00s pos_err=0.021m T=20.25N z=5.998 m_est=2.064
[INFO] [1789396258.219717312] [acados_nmpc_node]: [attach-window] t=44.04s pos_err=0.020m T=20.24N z=5.998 m_est=2.064
[INFO] [1789396258.247592436] [acados_nmpc_node]: [wcmd] raw=[+0.002,-0.007,-0.000] w=[-0.004,-0.009,-0.001] err=[+0.006,+0.001] scaled=[+0.002,-0.007] s=1.00
[INFO] [1789396258.275185839] [acados_nmpc_node]: [attach-window] t=44.10s pos_err=0.019m T=20.24N z=5.998 m_est=2.064
[INFO] [1789396258.319709862] [acados_nmpc_node]: [attach-window] t=44.14s pos_err=0.019m T=20.22N z=5.999 m_est=2.064
[INFO] [1789396258.375355441] [acados_nmpc_node]: [attach-window] t=44.20s pos_err=0.018m T=20.21N z=5.999 m_est=2.064
[INFO] [1789396258.419699147] [acados_nmpc_node]: [attach-window] t=44.24s pos_err=0.018m T=20.20N z=5.999 m_est=2.064
[INFO] [1789396258.447620900] [acados_nmpc_node]: [wcmd] raw=[+0.004,-0.004,+0.000] w=[+0.004,-0.005,-0.001] err=[-0.000,+0.000] scaled=[+0.004,-0.004] s=1.00
[INFO] [1789396258.475371947] [acados_nmpc_node]: [attach-window] t=44.30s pos_err=0.018m T=20.20N z=6.000 m_est=2.064
[INFO] [1789396258.519724676] [acados_nmpc_node]: [attach-window] t=44.34s pos_err=0.017m T=20.20N z=6.000 m_est=2.064
[INFO] [1789396258.575398463] [acados_nmpc_node]: [attach-window] t=44.40s pos_err=0.017m T=20.20N z=6.000 m_est=2.064
[INFO] [1789396258.619695405] [acados_nmpc_node]: [attach-window] t=44.44s pos_err=0.017m T=20.21N z=6.000 m_est=2.064
[INFO] [1789396258.647531929] [acados_nmpc_node]: [wcmd] raw=[-0.003,+0.003,+0.000] w=[-0.000,-0.000,-0.000] err=[-0.002,+0.004] scaled=[-0.003,+0.003] s=1.00
[INFO] [1789396258.675328146] [acados_nmpc_node]: [attach-window] t=44.50s pos_err=0.017m T=20.21N z=6.000 m_est=2.064
[INFO] [1789396258.719152359] [acados_nmpc_node]: [attach-window] t=44.54s pos_err=0.017m T=20.22N z=5.999 m_est=2.064
[INFO] [1789396258.773307857] [acados_nmpc_node]: [attach-window] t=44.60s pos_err=0.017m T=20.22N z=5.999 m_est=2.064
[INFO] [1789396258.819267420] [acados_nmpc_node]: [attach-window] t=44.64s pos_err=0.017m T=20.23N z=5.999 m_est=2.064
[INFO] [1789396258.847502227] [acados_nmpc_node]: [wcmd] raw=[-0.007,+0.007,+0.000] w=[-0.008,+0.008,+0.000] err=[+0.001,-0.001] scaled=[-0.007,+0.007] s=1.00
[INFO] [1789396258.872928643] [acados_nmpc_node]: [attach-window] t=44.70s pos_err=0.017m T=20.24N z=5.999 m_est=2.064
[INFO] [1789396258.918954743] [acados_nmpc_node]: [attach-window] t=44.74s pos_err=0.017m T=20.24N z=5.998 m_est=2.064
[INFO] [1789396258.975329817] [acados_nmpc_node]: [attach-window] t=44.80s pos_err=0.017m T=20.24N z=5.998 m_est=2.064
[INFO] [1789396259.019813892] [acados_nmpc_node]: [attach-window] t=44.84s pos_err=0.017m T=20.25N z=5.998 m_est=2.064
[INFO] [1789396259.047605441] [acados_nmpc_node]: [wcmd] raw=[+0.009,+0.006,+0.000] w=[-0.003,+0.009,+0.001] err=[+0.012,-0.003] scaled=[+0.009,+0.006] s=1.00
[INFO] [1789396259.075696124] [acados_nmpc_node]: [attach-window] t=44.90s pos_err=0.016m T=20.25N z=5.997 m_est=2.064
[INFO] [1789396259.120048938] [acados_nmpc_node]: [attach-window] t=44.94s pos_err=0.016m T=20.25N z=5.997 m_est=2.064
[INFO] [1789396259.175981513] [acados_nmpc_node]: [attach-window] t=45.00s pos_err=0.016m T=20.25N z=5.997 m_est=2.064
[INFO] [1789396259.220008132] [acados_nmpc_node]: [attach-window] t=45.04s pos_err=0.016m T=20.24N z=5.997 m_est=2.064
[INFO] [1789396259.247530277] [acados_nmpc_node]: [wcmd] raw=[+0.023,-0.000,-0.000] w=[+0.020,+0.006,+0.000] err=[+0.002,-0.006] scaled=[+0.023,-0.000] s=1.00
[INFO] [1789396259.275887961] [acados_nmpc_node]: [attach-window] t=45.10s pos_err=0.016m T=20.24N z=5.997 m_est=2.064
[INFO] [1789396259.319988018] [acados_nmpc_node]: [attach-window] t=45.14s pos_err=0.016m T=20.23N z=5.997 m_est=2.064
[INFO] [1789396259.375723813] [acados_nmpc_node]: [attach-window] t=45.20s pos_err=0.016m T=20.23N z=5.997 m_est=2.064
[INFO] [1789396259.419697246] [acados_nmpc_node]: [attach-window] t=45.24s pos_err=0.017m T=20.23N z=5.997 m_est=2.064
[INFO] [1789396259.447567750] [acados_nmpc_node]: [wcmd] raw=[+0.010,-0.005,-0.000] w=[+0.021,-0.004,+0.000] err=[-0.011,-0.001] scaled=[+0.010,-0.005] s=1.00
[INFO] [1789396259.475801354] [acados_nmpc_node]: [attach-window] t=45.30s pos_err=0.018m T=20.23N z=5.997 m_est=2.064
[INFO] [1789396259.519727023] [acados_nmpc_node]: [attach-window] t=45.34s pos_err=0.020m T=20.23N z=5.997 m_est=2.064
[INFO] [1789396259.576166121] [acados_nmpc_node]: [attach-window] t=45.40s pos_err=0.020m T=20.22N z=5.997 m_est=2.064
[INFO] [1789396259.619687945] [acados_nmpc_node]: [attach-window] t=45.44s pos_err=0.021m T=20.22N z=5.997 m_est=2.064
[INFO] [1789396259.647587824] [acados_nmpc_node]: [wcmd] raw=[-0.013,-0.001,+0.000] w=[-0.002,+0.000,-0.000] err=[-0.011,-0.001] scaled=[-0.013,-0.001] s=1.00
[INFO] [1789396259.675595555] [acados_nmpc_node]: [attach-window] t=45.50s pos_err=0.022m T=20.22N z=5.997 m_est=2.064
[INFO] [1789396259.719688158] [acados_nmpc_node]: [attach-window] t=45.54s pos_err=0.023m T=20.21N z=5.997 m_est=2.064
[INFO] [1789396259.775489888] [acados_nmpc_node]: [attach-window] t=45.60s pos_err=0.023m T=20.20N z=5.997 m_est=2.064
[INFO] [1789396259.819863222] [acados_nmpc_node]: [attach-window] t=45.64s pos_err=0.023m T=20.20N z=5.998 m_est=2.064
[INFO] [1789396259.847584463] [acados_nmpc_node]: [wcmd] raw=[-0.015,-0.005,+0.000] w=[-0.016,+0.001,-0.000] err=[+0.002,-0.006] scaled=[-0.015,-0.005] s=1.00
[INFO] [1789396259.875981837] [acados_nmpc_node]: [attach-window] t=45.70s pos_err=0.023m T=20.20N z=5.998 m_est=2.064
[ros2run]: Killed
