[INFO] [1789417886.427144916] [acados_nmpc_node]: acados NMPC node starting, building/loading solver...
Code reuse possible, skipping code generation.
acados was compiled without OpenMP.
[INFO] [1789417886.434446171] [acados_nmpc_node]: OMEGA SCALE: on (source=djest, tau=0.50s, cap=5.0) — 增益调度走 setpoint 侧,PX4 参数不动
[INFO] [1789417886.445742068] [acados_nmpc_node]: GRIPPER MODE: hover over box (1.0,0.1) z 0.55->6.0m, lift after 3.0s, empty m_est=2.06kg, attach J bootstrap=True (0.30kg envelope)
[INFO] [1789417886.446480573] [acados_nmpc_node]: Warming up acados solver...
[INFO] [1789417886.452956151] [acados_nmpc_node]: Solver warmup complete, took 5.7 ms
[INFO] [1789417886.459844881] [acados_nmpc_node]: Decoupled publish enabled: solve @20Hz, body_rate/thrust @50Hz (trajectory interpolation)
[INFO] [1789417886.460706884] [acados_nmpc_node]: [GEOM-TRUTH] 检查通过:geom_source=estimate (载荷几何不来自真值)
[INFO] [1789417886.461509395] [acados_nmpc_node]: acados NMPC node initialized! Waiting for EKF2 convergence...
[INFO] [1789417896.460655543] [acados_nmpc_node]: Waiting for EKF2 convergence... 5/10 s
[INFO] [1789417901.460381679] [acados_nmpc_node]: Waiting for EKF2 convergence... 10/10 s
[INFO] [1789417901.509418495] [acados_nmpc_node]: Switching to OFFBOARD mode
[INFO] [1789417902.460438594] [acados_nmpc_node]: Sending arm command
[INFO] [1789417903.461167115] [acados_nmpc_node]: Armed, preparing to move to trajectory start...
[INFO] [1789417905.909466626] [acados_nmpc_node]: Gripper approach (climb): rising at spawn to z=1.50m | z=0.01m v=0.51m/s
[INFO] [1789417908.409431476] [acados_nmpc_node]: Gripper approach (climb): rising at spawn to z=1.50m | z=1.05m v=0.20m/s
[INFO] [1789417910.009444610] [acados_nmpc_node]: Gripper approach: climbed to safe altitude at spawn, now translating over box
[INFO] [1789417910.909488270] [acados_nmpc_node]: Gripper approach (high): aligning over box at z=1.50m | xy=0.709m z_err=0.100m v=0.69m/s
[INFO] [1789417912.262226261] [acados_nmpc_node]: Gripper approach: aligned above box, NMPC will take over here (z=1.50m), settle 3.0s then descend to z=0.55m to trigger attach
[INFO] [1789417912.309840717] [acados_nmpc_node]: Reached trajectory start, NMPC tracking begins!
[INFO] [1789417912.310074633] [acados_nmpc_node]: [payload-health] healthy/fresh; model updates enabled
[INFO] [1789417912.499504692] [acados_nmpc_node]: [wcmd] raw=[+0.003,-0.014,+0.001] w=[-0.008,+0.032,+0.011] err=[+0.011,-0.046] scaled=[+0.003,-0.014] s=1.00
[INFO] [1789417912.699526562] [acados_nmpc_node]: [wcmd] raw=[+0.001,-0.026,+0.001] w=[+0.004,-0.021,+0.012] err=[-0.004,-0.005] scaled=[+0.001,-0.026] s=1.00
[INFO] [1789417912.899630015] [acados_nmpc_node]: [wcmd] raw=[-0.052,+0.103,-0.003] w=[-0.019,+0.038,+0.010] err=[-0.033,+0.065] scaled=[-0.052,+0.103] s=1.00
[INFO] [1789417913.099616073] [acados_nmpc_node]: [wcmd] raw=[-0.052,+0.116,-0.011] w=[-0.072,+0.154,+0.007] err=[+0.020,-0.038] scaled=[-0.052,+0.116] s=1.00
[INFO] [1789417913.299554386] [acados_nmpc_node]: [wcmd] raw=[+0.012,+0.005,-0.014] w=[-0.018,+0.054,+0.000] err=[+0.030,-0.049] scaled=[+0.012,+0.005] s=1.00
[INFO] [1789417913.363917164] [acados_nmpc_node]: t=1.1s | pos_err=0.013m | T=20.11N | tau=[r0.007 p-0.012 y-0.005]Nm | res_stat=3.331e-08(peak 8.692e-07) sqp_iter=3 | solve=1.5ms
[INFO] [1789417913.364156810] [acados_nmpc_node]: [flight-diag] t=1.1s | om_scale=1.000(lo 1.000 hi 1.000) | tilt_max=2.32deg | w_max=[r0.070 p0.158 y0.013]rad/s | u_frac=[T0.672 r0.055 p0.177 y0.034] | u_sat=[T0.0 r0.0 p0.0 y0.0]% | mot_peak=0.889 mot_sat=0.0% | health=1 age=0.000s conf=1.000 | n=22
[INFO] [1789417913.499531890] [acados_nmpc_node]: [wcmd] raw=[+0.027,-0.047,-0.014] w=[+0.027,-0.035,-0.006] err=[+0.000,-0.012] scaled=[+0.027,-0.047] s=1.00
[INFO] [1789417913.699517666] [acados_nmpc_node]: [wcmd] raw=[+0.024,-0.031,-0.008] w=[+0.031,-0.046,-0.008] err=[-0.007,+0.014] scaled=[+0.024,-0.031] s=1.00
[INFO] [1789417913.899543421] [acados_nmpc_node]: [wcmd] raw=[+0.020,-0.007,+0.001] w=[+0.025,-0.016,-0.007] err=[-0.005,+0.010] scaled=[+0.020,-0.007] s=1.00
[INFO] [1789417914.099531982] [acados_nmpc_node]: [wcmd] raw=[+0.006,+0.001,+0.008] w=[+0.017,-0.001,-0.001] err=[-0.011,+0.002] scaled=[+0.006,+0.001] s=1.00
[INFO] [1789417914.299543303] [acados_nmpc_node]: [wcmd] raw=[-0.015,-0.001,+0.009] w=[-0.006,+0.001,+0.005] err=[-0.009,-0.001] scaled=[-0.015,-0.001] s=1.00
[INFO] [1789417914.499487925] [acados_nmpc_node]: [wcmd] raw=[-0.026,+0.003,+0.005] w=[-0.026,+0.003,+0.010] err=[-0.000,+0.001] scaled=[-0.026,+0.003] s=1.00
[INFO] [1789417914.699629931] [acados_nmpc_node]: [wcmd] raw=[-0.017,+0.001,-0.002] w=[-0.026,+0.004,+0.009] err=[+0.009,-0.004] scaled=[-0.017,+0.001] s=1.00
[INFO] [1789417914.919516727] [acados_nmpc_node]: [wcmd] raw=[-0.002,-0.006,-0.008] w=[-0.007,-0.005,+0.004] err=[+0.005,-0.002] scaled=[-0.002,-0.006] s=1.00
[INFO] [1789417915.119549802] [acados_nmpc_node]: [wcmd] raw=[+0.011,+0.005,-0.009] w=[+0.008,-0.003,-0.000] err=[+0.003,+0.008] scaled=[+0.011,+0.005] s=1.00
[INFO] [1789417915.319572172] [acados_nmpc_node]: [wcmd] raw=[+0.015,+0.001,-0.007] w=[+0.019,+0.007,-0.005] err=[-0.003,-0.006] scaled=[+0.015,+0.001] s=1.00
[INFO] [1789417915.362229541] [acados_nmpc_node]: t=3.1s | DESCEND: settle done, lowering 1.5->0.55m, will enable gripper at bottom
[INFO] [1789417915.519544875] [acados_nmpc_node]: [wcmd] raw=[+0.002,-0.008,-0.004] w=[+0.014,-0.005,-0.007] err=[-0.012,-0.002] scaled=[+0.002,-0.008] s=1.00
[INFO] [1789417915.719411984] [acados_nmpc_node]: [wcmd] raw=[+0.002,-0.004,-0.001] w=[+0.000,-0.005,-0.006] err=[+0.001,+0.001] scaled=[+0.002,-0.004] s=1.00
[INFO] [1789417915.919586470] [acados_nmpc_node]: [wcmd] raw=[+0.001,-0.007,+0.002] w=[+0.002,-0.004,-0.003] err=[-0.002,-0.003] scaled=[+0.001,-0.007] s=1.00
[INFO] [1789417916.119535357] [acados_nmpc_node]: [wcmd] raw=[+0.005,-0.003,+0.004] w=[+0.001,-0.005,+0.001] err=[+0.004,+0.002] scaled=[+0.005,-0.003] s=1.00
[INFO] [1789417916.319542715] [acados_nmpc_node]: [wcmd] raw=[+0.010,+0.008,+0.004] w=[+0.008,+0.005,+0.003] err=[+0.002,+0.002] scaled=[+0.010,+0.008] s=1.00
[INFO] [1789417916.519541534] [acados_nmpc_node]: [wcmd] raw=[-0.000,+0.006,+0.003] w=[+0.007,+0.009,+0.005] err=[-0.007,-0.003] scaled=[-0.000,+0.006] s=1.00
[INFO] [1789417916.719608709] [acados_nmpc_node]: [wcmd] raw=[-0.007,+0.001,+0.001] w=[-0.005,+0.005,+0.004] err=[-0.002,-0.004] scaled=[-0.007,+0.001] s=1.00
[INFO] [1789417916.919587345] [acados_nmpc_node]: [wcmd] raw=[-0.004,+0.003,-0.000] w=[-0.007,+0.004,+0.003] err=[+0.002,-0.001] scaled=[-0.004,+0.003] s=1.00
[INFO] [1789417917.119617656] [acados_nmpc_node]: [wcmd] raw=[-0.007,+0.001,-0.001] w=[-0.004,+0.003,+0.003] err=[-0.003,-0.002] scaled=[-0.007,+0.001] s=1.00
[INFO] [1789417917.319543641] [acados_nmpc_node]: [wcmd] raw=[-0.012,-0.001,-0.002] w=[-0.011,-0.000,+0.000] err=[-0.002,-0.000] scaled=[-0.012,-0.001] s=1.00
[INFO] [1789417917.519539648] [acados_nmpc_node]: [wcmd] raw=[-0.008,-0.006,-0.001] w=[-0.010,-0.001,-0.001] err=[+0.002,-0.005] scaled=[-0.008,-0.006] s=1.03
[INFO] [1789417917.719553558] [acados_nmpc_node]: [wcmd] raw=[-0.000,-0.008,-0.000] w=[-0.005,-0.008,-0.000] err=[+0.004,-0.000] scaled=[+0.000,-0.008] s=1.07
[INFO] [1789417917.919512081] [acados_nmpc_node]: [wcmd] raw=[+0.007,+0.008,+0.001] w=[+0.005,-0.001,-0.000] err=[+0.002,+0.009] scaled=[+0.008,+0.009] s=1.13
[INFO] [1789417918.119697908] [acados_nmpc_node]: [wcmd] raw=[+0.008,+0.019,+0.001] w=[+0.011,+0.019,-0.000] err=[-0.003,+0.000] scaled=[+0.008,+0.019] s=1.18
[INFO] [1789417918.319506377] [acados_nmpc_node]: [wcmd] raw=[-0.008,+0.008,+0.001] w=[+0.004,+0.016,+0.001] err=[-0.012,-0.008] scaled=[-0.010,+0.006] s=1.21
[INFO] [1789417918.364685869] [acados_nmpc_node]: t=6.1s | pos_err=0.058m | T=20.14N | tau=[r-0.005 p-0.002 y-0.000]Nm | res_stat=3.622e-08(peak 9.873e-07) sqp_iter=3 | solve=1.5ms
[INFO] [1789417918.364940721] [acados_nmpc_node]: [flight-diag] t=6.1s | om_scale=1.210(lo 1.000 hi 1.210) | tilt_max=1.18deg | w_max=[r0.031 p0.049 y0.010]rad/s | u_frac=[T0.705 r0.010 p0.011 y0.026] | u_sat=[T0.0 r0.0 p0.0 y0.0]% | mot_peak=0.805 mot_sat=0.0% | health=1 age=0.000s conf=0.839 | n=100
[INFO] [1789417918.519642074] [acados_nmpc_node]: [wcmd] raw=[-0.020,-0.005,+0.001] w=[-0.014,-0.001,+0.000] err=[-0.006,-0.004] scaled=[-0.022,-0.006] s=1.23
[INFO] [1789417918.719684927] [acados_nmpc_node]: [wcmd] raw=[-0.001,-0.011,+0.001] w=[-0.012,-0.010,+0.001] err=[+0.011,-0.001] scaled=[+0.001,-0.011] s=1.21
[INFO] [1789417918.919561350] [acados_nmpc_node]: [wcmd] raw=[+0.015,-0.016,+0.001] w=[+0.012,-0.014,+0.001] err=[+0.003,-0.002] scaled=[+0.015,-0.017] s=1.18
[INFO] [1789417919.119519735] [acados_nmpc_node]: [wcmd] raw=[+0.010,-0.010,+0.001] w=[+0.016,-0.017,+0.002] err=[-0.006,+0.007] scaled=[+0.009,-0.009] s=1.14
[INFO] [1789417919.319564564] [acados_nmpc_node]: [wcmd] raw=[-0.006,+0.010,+0.000] w=[+0.003,+0.003,+0.000] err=[-0.008,+0.007] scaled=[-0.007,+0.011] s=1.09
[INFO] [1789417919.519666991] [acados_nmpc_node]: [wcmd] raw=[-0.009,+0.007,+0.000] w=[-0.008,+0.012,+0.000] err=[-0.002,-0.005] scaled=[-0.009,+0.007] s=1.06
[INFO] [1789417919.709363236] [acados_nmpc_node]: t=7.4s | DESCEND done at z=0.569m (target 0.550m, z_err=0.019m, v=0.04m/s), gripper ENABLED (attach will trigger now)
[INFO] [1789417919.709562289] [acados_nmpc_node]: ATTACH J bootstrap armed: m_p,envelope=0.300kg, dJxx=dJyy=0.0579kg m^2, Jxx=0.0721, Jyy=0.0721; m/s_xy remain MHE-only
[INFO] [1789417919.709708413] [acados_nmpc_node]: t=7.4s | ATTACH command issued; m/s remain on continuous MHE estimates, J safety bootstrap active (no attach notification subscription)
[INFO] [1789417919.711779617] [acados_nmpc_node]: [attach-window] t=7.40s pos_err=0.025m T=20.32N z=0.569 m_est=2.065
[INFO] [1789417919.719546136] [acados_nmpc_node]: [wcmd] raw=[+0.007,-0.005,+0.000] w=[-0.003,+0.000,+0.001] err=[+0.009,-0.005] scaled=[+0.007,-0.005] s=1.05
[INFO] [1789417919.764376762] [acados_nmpc_node]: [attach-window] t=7.45s pos_err=0.024m T=20.31N z=0.569 m_est=2.064
[INFO] [1789417919.811201255] [acados_nmpc_node]: [attach-window] t=7.50s pos_err=0.022m T=20.29N z=0.568 m_est=2.064
[INFO] [1789417919.864255658] [acados_nmpc_node]: [attach-window] t=7.55s pos_err=0.022m T=20.15N z=0.568 m_est=2.064
[INFO] [1789417919.911176900] [acados_nmpc_node]: [attach-window] t=7.60s pos_err=0.021m T=20.14N z=0.568 m_est=2.064
[INFO] [1789417919.919625292] [acados_nmpc_node]: [wcmd] raw=[+0.024,-0.007,-0.000] w=[-0.026,+0.001,+0.000] err=[+0.050,-0.008] scaled=[+0.041,-0.009] s=1.33
[INFO] [1789417919.964506618] [acados_nmpc_node]: [attach-window] t=7.65s pos_err=0.021m T=20.13N z=0.569 m_est=2.064
[INFO] [1789417920.011211450] [acados_nmpc_node]: [attach-window] t=7.70s pos_err=0.021m T=20.12N z=0.569 m_est=2.064
[INFO] [1789417920.064776892] [acados_nmpc_node]: [attach-window] t=7.75s pos_err=0.021m T=20.11N z=0.569 m_est=2.064
[INFO] [1789417920.111162446] [acados_nmpc_node]: [attach-window] t=7.80s pos_err=0.021m T=20.11N z=0.570 m_est=2.064
[INFO] [1789417920.119540784] [acados_nmpc_node]: [wcmd] raw=[+0.013,-0.008,-0.000] w=[-0.005,-0.000,+0.000] err=[+0.018,-0.008] scaled=[+0.029,-0.015] s=1.88
[INFO] [1789417920.164458452] [acados_nmpc_node]: [attach-window] t=7.85s pos_err=0.021m T=20.11N z=0.570 m_est=2.065
[INFO] [1789417920.211374802] [acados_nmpc_node]: [attach-window] t=7.90s pos_err=0.021m T=20.12N z=0.569 m_est=2.065
[INFO] [1789417920.264574827] [acados_nmpc_node]: [attach-window] t=7.95s pos_err=0.021m T=20.12N z=0.569 m_est=2.064
[INFO] [1789417920.311408671] [acados_nmpc_node]: [attach-window] t=8.00s pos_err=0.021m T=20.14N z=0.568 m_est=2.064
[INFO] [1789417920.319539109] [acados_nmpc_node]: [wcmd] raw=[-0.028,-0.013,+0.000] w=[+0.011,-0.000,-0.000] err=[-0.039,-0.013] scaled=[-0.090,-0.033] s=2.61
[INFO] [1789417920.364612758] [acados_nmpc_node]: [attach-window] t=8.05s pos_err=0.021m T=20.15N z=0.567 m_est=2.064
[INFO] [1789417920.411333942] [acados_nmpc_node]: [attach-window] t=8.10s pos_err=0.021m T=20.17N z=0.567 m_est=2.064
[INFO] [1789417920.464531833] [acados_nmpc_node]: [attach-window] t=8.15s pos_err=0.021m T=20.17N z=0.566 m_est=2.064
[INFO] [1789417920.511363943] [acados_nmpc_node]: [attach-window] t=8.20s pos_err=0.022m T=20.19N z=0.565 m_est=2.064
[INFO] [1789417920.519516978] [acados_nmpc_node]: [wcmd] raw=[-0.083,-0.014,+0.001] w=[+0.023,-0.000,-0.000] err=[-0.106,-0.014] scaled=[-0.325,-0.046] s=3.30
[INFO] [1789417920.564958693] [acados_nmpc_node]: [attach-window] t=8.25s pos_err=0.022m T=20.19N z=0.565 m_est=2.064
[INFO] [1789417920.610878676] [acados_nmpc_node]: [attach-window] t=8.30s pos_err=0.023m T=20.20N z=0.564 m_est=2.064
[INFO] [1789417920.664509527] [acados_nmpc_node]: [attach-window] t=8.35s pos_err=0.024m T=20.23N z=0.564 m_est=2.064
[INFO] [1789417920.711317498] [acados_nmpc_node]: [attach-window] t=8.40s pos_err=0.024m T=20.27N z=0.563 m_est=2.064
[INFO] [1789417920.719538880] [acados_nmpc_node]: [wcmd] raw=[-0.031,-0.025,+0.000] w=[-0.022,+0.001,-0.000] err=[-0.009,-0.026] scaled=[-0.056,-0.097] s=3.84
[INFO] [1789417920.764584738] [acados_nmpc_node]: [attach-window] t=8.45s pos_err=0.024m T=20.24N z=0.563 m_est=2.064
[INFO] [1789417920.811353046] [acados_nmpc_node]: [attach-window] t=8.50s pos_err=0.023m T=20.25N z=0.563 m_est=2.064
[INFO] [1789417920.864578910] [acados_nmpc_node]: [attach-window] t=8.55s pos_err=0.023m T=20.26N z=0.562 m_est=2.064
[INFO] [1789417920.911323300] [acados_nmpc_node]: [attach-window] t=8.60s pos_err=0.023m T=20.26N z=0.562 m_est=2.064
[INFO] [1789417920.919520693] [acados_nmpc_node]: [wcmd] raw=[-0.021,-0.034,+0.000] w=[-0.011,+0.001,-0.001] err=[-0.010,-0.035] scaled=[-0.054,-0.147] s=4.22
[INFO] [1789417920.964577529] [acados_nmpc_node]: [attach-window] t=8.65s pos_err=0.023m T=20.27N z=0.562 m_est=2.064
[INFO] [1789417921.011510247] [acados_nmpc_node]: [attach-window] t=8.70s pos_err=0.023m T=20.27N z=0.561 m_est=2.064
[INFO] [1789417921.064480997] [acados_nmpc_node]: [attach-window] t=8.75s pos_err=0.023m T=20.28N z=0.561 m_est=2.064
[INFO] [1789417921.111337169] [acados_nmpc_node]: [attach-window] t=8.80s pos_err=0.023m T=20.28N z=0.561 m_est=2.064
[INFO] [1789417921.119513611] [acados_nmpc_node]: [wcmd] raw=[-0.024,-0.034,+0.001] w=[-0.005,-0.001,+0.007] err=[-0.019,-0.033] scaled=[-0.090,-0.150] s=4.48
[INFO] [1789417921.164575155] [acados_nmpc_node]: [attach-window] t=8.85s pos_err=0.023m T=20.28N z=0.561 m_est=2.064
[INFO] [1789417921.211389631] [acados_nmpc_node]: [attach-window] t=8.90s pos_err=0.023m T=20.28N z=0.561 m_est=2.064
[INFO] [1789417921.264894134] [acados_nmpc_node]: [attach-window] t=8.95s pos_err=0.023m T=20.28N z=0.561 m_est=2.064
[INFO] [1789417921.311318793] [acados_nmpc_node]: [attach-window] t=9.00s pos_err=0.022m T=20.29N z=0.560 m_est=2.064
[INFO] [1789417921.319470478] [acados_nmpc_node]: [wcmd] raw=[-0.022,-0.025,-0.010] w=[+0.001,-0.002,+0.056] err=[-0.023,-0.023] scaled=[-0.105,-0.110] s=4.65
[INFO] [1789417921.364736016] [acados_nmpc_node]: [attach-window] t=9.05s pos_err=0.022m T=20.30N z=0.560 m_est=2.064
[INFO] [1789417921.411368040] [acados_nmpc_node]: [attach-window] t=9.10s pos_err=0.021m T=20.31N z=0.559 m_est=2.064
[INFO] [1789417921.464566034] [acados_nmpc_node]: [attach-window] t=9.15s pos_err=0.020m T=20.31N z=0.559 m_est=2.064
[INFO] [1789417921.510696292] [acados_nmpc_node]: [attach-window] t=9.20s pos_err=0.019m T=20.32N z=0.558 m_est=2.064
[INFO] [1789417921.519447194] [acados_nmpc_node]: [wcmd] raw=[-0.012,-0.006,-0.037] w=[-0.000,-0.004,+0.070] err=[-0.012,-0.003] scaled=[-0.056,-0.016] s=4.77
[INFO] [1789417921.563176457] [acados_nmpc_node]: [attach-window] t=9.25s pos_err=0.018m T=20.32N z=0.558 m_est=2.064
[INFO] [1789417921.611029729] [acados_nmpc_node]: [attach-window] t=9.30s pos_err=0.017m T=20.33N z=0.558 m_est=2.064
[INFO] [1789417921.665020824] [acados_nmpc_node]: [attach-window] t=9.35s pos_err=0.017m T=20.34N z=0.558 m_est=2.064
[INFO] [1789417921.711368578] [acados_nmpc_node]: [attach-window] t=9.40s pos_err=0.015m T=20.35N z=0.557 m_est=2.064
[INFO] [1789417921.719546917] [acados_nmpc_node]: [wcmd] raw=[-0.003,+0.005,-0.068] w=[-0.001,+0.000,+0.066] err=[-0.002,+0.004] scaled=[-0.012,+0.021] s=4.84
[INFO] [1789417921.764487718] [acados_nmpc_node]: [attach-window] t=9.45s pos_err=0.015m T=20.36N z=0.557 m_est=2.064
[INFO] [1789417921.811397174] [acados_nmpc_node]: [attach-window] t=9.50s pos_err=0.013m T=20.38N z=0.556 m_est=2.064
[INFO] [1789417921.864707412] [acados_nmpc_node]: [attach-window] t=9.55s pos_err=0.012m T=20.39N z=0.555 m_est=2.064
[INFO] [1789417921.911472820] [acados_nmpc_node]: [attach-window] t=9.60s pos_err=0.011m T=20.42N z=0.554 m_est=2.064
[INFO] [1789417921.919626352] [acados_nmpc_node]: [wcmd] raw=[+0.005,-0.008,-0.096] w=[-0.002,+0.007,+0.053] err=[+0.007,-0.015] scaled=[+0.033,-0.065] s=4.89
[INFO] [1789417921.964604101] [acados_nmpc_node]: [attach-window] t=9.65s pos_err=0.011m T=20.43N z=0.553 m_est=2.064
[INFO] [1789417922.011443464] [acados_nmpc_node]: [attach-window] t=9.70s pos_err=0.010m T=20.44N z=0.552 m_est=2.064
[INFO] [1789417922.064684395] [acados_nmpc_node]: [attach-window] t=9.75s pos_err=0.010m T=20.45N z=0.552 m_est=2.064
[INFO] [1789417922.111360647] [acados_nmpc_node]: [attach-window] t=9.80s pos_err=0.009m T=20.47N z=0.551 m_est=2.064
[INFO] [1789417922.119561817] [acados_nmpc_node]: [wcmd] raw=[+0.012,+0.006,-0.108] w=[-0.002,-0.004,+0.003] err=[+0.014,+0.009] scaled=[+0.067,+0.043] s=4.93
[INFO] [1789417922.164770760] [acados_nmpc_node]: [attach-window] t=9.85s pos_err=0.009m T=20.48N z=0.551 m_est=2.064
[INFO] [1789417922.211468086] [acados_nmpc_node]: [attach-window] t=9.90s pos_err=0.009m T=20.50N z=0.550 m_est=2.064
[INFO] [1789417922.264523917] [acados_nmpc_node]: [attach-window] t=9.95s pos_err=0.009m T=20.50N z=0.550 m_est=2.064
[INFO] [1789417922.311393855] [acados_nmpc_node]: [attach-window] t=10.00s pos_err=0.010m T=20.51N z=0.549 m_est=2.064
[INFO] [1789417922.319474876] [acados_nmpc_node]: [wcmd] raw=[+0.005,-0.015,-0.111] w=[+0.004,+0.003,+0.009] err=[+0.000,-0.018] scaled=[+0.006,-0.087] s=4.95
[INFO] [1789417922.364711108] [acados_nmpc_node]: [attach-window] t=10.05s pos_err=0.010m T=20.51N z=0.549 m_est=2.064
[INFO] [1789417922.411373156] [acados_nmpc_node]: [attach-window] t=10.10s pos_err=0.011m T=20.52N z=0.549 m_est=2.064
[INFO] [1789417922.464882168] [acados_nmpc_node]: [attach-window] t=10.15s pos_err=0.012m T=20.53N z=0.549 m_est=2.064
[INFO] [1789417922.511424398] [acados_nmpc_node]: [attach-window] t=10.20s pos_err=0.013m T=20.53N z=0.548 m_est=2.064
[INFO] [1789417922.519442940] [acados_nmpc_node]: [wcmd] raw=[-0.010,-0.018,-0.114] w=[+0.006,-0.003,-0.010] err=[-0.015,-0.015] scaled=[-0.071,-0.079] s=4.97
[INFO] [1789417922.564734139] [acados_nmpc_node]: [attach-window] t=10.25s pos_err=0.013m T=20.54N z=0.548 m_est=2.064
[INFO] [1789417922.611309992] [acados_nmpc_node]: [attach-window] t=10.30s pos_err=0.015m T=20.54N z=0.548 m_est=2.064
[INFO] [1789417922.664658470] [acados_nmpc_node]: [attach-window] t=10.35s pos_err=0.015m T=20.54N z=0.548 m_est=2.064
[INFO] [1789417922.711352323] [acados_nmpc_node]: [attach-window] t=10.40s pos_err=0.016m T=20.53N z=0.548 m_est=2.064
[INFO] [1789417922.719476403] [acados_nmpc_node]: [wcmd] raw=[-0.019,-0.007,-0.106] w=[+0.000,-0.011,-0.046] err=[-0.019,+0.003] scaled=[-0.096,+0.006] s=4.98
[INFO] [1789417922.762564911] [acados_nmpc_node]: t=10.5s | LIFT: raising hover 0.55->6.0m to lift payload
[INFO] [1789417922.764859445] [acados_nmpc_node]: [attach-window] t=10.45s pos_err=0.016m T=20.52N z=0.548 m_est=2.064
[INFO] [1789417922.811350436] [acados_nmpc_node]: [attach-window] t=10.50s pos_err=0.016m T=20.51N z=0.549 m_est=2.064
[INFO] [1789417922.864683395] [acados_nmpc_node]: [attach-window] t=10.55s pos_err=0.016m T=20.51N z=0.549 m_est=2.064
[INFO] [1789417922.911415984] [acados_nmpc_node]: [attach-window] t=10.60s pos_err=0.016m T=20.51N z=0.549 m_est=2.064
[INFO] [1789417922.919600051] [acados_nmpc_node]: [wcmd] raw=[-0.010,+0.009,-0.082] w=[-0.005,-0.013,-0.069] err=[-0.004,+0.022] scaled=[-0.027,+0.096] s=4.99
[INFO] [1789417922.965014748] [acados_nmpc_node]: [attach-window] t=10.65s pos_err=0.015m T=20.52N z=0.550 m_est=2.064
[INFO] [1789417923.011447596] [acados_nmpc_node]: [attach-window] t=10.70s pos_err=0.014m T=20.52N z=0.550 m_est=2.064
[INFO] [1789417923.064663176] [acados_nmpc_node]: [attach-window] t=10.75s pos_err=0.013m T=20.54N z=0.551 m_est=2.064
[INFO] [1789417923.111375435] [acados_nmpc_node]: [attach-window] t=10.80s pos_err=0.011m T=20.54N z=0.552 m_est=2.064
[INFO] [1789417923.119524466] [acados_nmpc_node]: [wcmd] raw=[+0.012,+0.026,-0.052] w=[-0.003,-0.009,-0.057] err=[+0.016,+0.035] scaled=[+0.075,+0.167] s=4.99
[INFO] [1789417923.164809789] [acados_nmpc_node]: [attach-window] t=10.85s pos_err=0.011m T=20.58N z=0.553 m_est=2.064
[INFO] [1789417923.211357744] [acados_nmpc_node]: [attach-window] t=10.90s pos_err=0.011m T=20.60N z=0.554 m_est=2.064
[INFO] [1789417923.264895492] [acados_nmpc_node]: [attach-window] t=10.95s pos_err=0.013m T=20.66N z=0.554 m_est=2.064
[INFO] [1789417923.311320528] [acados_nmpc_node]: [attach-window] t=11.00s pos_err=0.014m T=20.72N z=0.555 m_est=2.065
[INFO] [1789417923.319468741] [acados_nmpc_node]: [wcmd] raw=[+0.015,+0.029,-0.032] w=[+0.006,+0.001,-0.011] err=[+0.009,+0.028] scaled=[+0.050,+0.139] s=4.99
[INFO] [1789417923.364686850] [acados_nmpc_node]: [attach-window] t=11.05s pos_err=0.018m T=20.81N z=0.556 m_est=2.065
[INFO] [1789417923.365171620] [acados_nmpc_node]: t=11.1s | pos_err=0.018m | T=20.81N | tau=[r-0.069 p-0.131 y-0.010]Nm | res_stat=1.762e-07(peak 9.874e-07) sqp_iter=3 | solve=1.5ms
[INFO] [1789417923.365375280] [acados_nmpc_node]: [flight-diag] t=11.1s | om_scale=4.994(lo 1.043 hi 4.994) | tilt_max=0.68deg | w_max=[r0.026 p0.017 y0.071]rad/s | u_frac=[T0.664 r0.304 p0.317 y0.306] | u_sat=[T0.0 r0.0 p0.0 y0.0]% | mot_peak=0.840 mot_sat=0.0% | health=1 age=0.000s conf=0.000 | n=100
[INFO] [1789417923.411323037] [acados_nmpc_node]: [attach-window] t=11.10s pos_err=0.023m T=20.89N z=0.556 m_est=2.065
[INFO] [1789417923.464717757] [acados_nmpc_node]: [attach-window] t=11.15s pos_err=0.029m T=21.04N z=0.556 m_est=2.065
[INFO] [1789417923.511309056] [acados_nmpc_node]: [attach-window] t=11.20s pos_err=0.035m T=21.13N z=0.556 m_est=2.065
[INFO] [1789417923.519453214] [acados_nmpc_node]: [wcmd] raw=[-0.003,+0.022,-0.031] w=[+0.014,+0.008,+0.013] err=[-0.017,+0.014] scaled=[-0.071,+0.079] s=5.00
[INFO] [1789417923.563014020] [acados_nmpc_node]: [attach-window] t=11.25s pos_err=0.043m T=21.28N z=0.556 m_est=2.065
[INFO] [1789417923.610769403] [acados_nmpc_node]: [attach-window] t=11.30s pos_err=0.051m T=21.44N z=0.556 m_est=2.065
[INFO] [1789417923.663085828] [acados_nmpc_node]: [attach-window] t=11.35s pos_err=0.060m T=21.62N z=0.556 m_est=2.064
[INFO] [1789417923.711332781] [acados_nmpc_node]: [attach-window] t=11.40s pos_err=0.070m T=21.80N z=0.557 m_est=2.064
[INFO] [1789417923.719501445] [acados_nmpc_node]: [wcmd] raw=[-0.025,+0.021,-0.036] w=[+0.015,+0.011,-0.010] err=[-0.040,+0.010] scaled=[-0.185,+0.062] s=5.00
[INFO] [1789417923.762960313] [acados_nmpc_node]: [attach-window] t=11.45s pos_err=0.081m T=22.02N z=0.557 m_est=2.064
[INFO] [1789417923.810704121] [acados_nmpc_node]: [attach-window] t=11.50s pos_err=0.093m T=22.21N z=0.557 m_est=2.064
[INFO] [1789417923.862983030] [acados_nmpc_node]: [attach-window] t=11.55s pos_err=0.106m T=22.47N z=0.557 m_est=2.064
[INFO] [1789417923.911318288] [acados_nmpc_node]: [attach-window] t=11.60s pos_err=0.119m T=22.74N z=0.558 m_est=2.064
[INFO] [1789417923.919569407] [acados_nmpc_node]: [wcmd] raw=[-0.019,+0.023,-0.026] w=[-0.007,-0.006,-0.075] err=[-0.012,+0.029] scaled=[-0.067,+0.139] s=5.00
[INFO] [1789417923.964767050] [acados_nmpc_node]: [attach-window] t=11.65s pos_err=0.135m T=23.04N z=0.558 m_est=2.064
[INFO] [1789417924.011572593] [acados_nmpc_node]: [attach-window] t=11.70s pos_err=0.151m T=23.33N z=0.558 m_est=2.064
[INFO] [1789417924.064968306] [acados_nmpc_node]: [attach-window] t=11.75s pos_err=0.169m T=23.68N z=0.557 m_est=2.064
[INFO] [1789417924.111359474] [acados_nmpc_node]: [attach-window] t=11.80s pos_err=0.186m T=24.00N z=0.557 m_est=2.064
[INFO] [1789417924.119532889] [acados_nmpc_node]: [wcmd] raw=[-0.012,+0.024,+0.007] w=[+0.004,+0.002,-0.064] err=[-0.016,+0.022] scaled=[-0.077,+0.111] s=5.00
[INFO] [1789417924.165202219] [acados_nmpc_node]: [attach-window] t=11.85s pos_err=0.207m T=24.36N z=0.557 m_est=2.064
[INFO] [1789417924.211726510] [acados_nmpc_node]: [attach-window] t=11.90s pos_err=0.226m T=24.59N z=0.557 m_est=2.064
[INFO] [1789417924.264925083] [acados_nmpc_node]: [attach-window] t=11.95s pos_err=0.249m T=24.89N z=0.558 m_est=2.064
[INFO] [1789417924.311820248] [acados_nmpc_node]: [attach-window] t=12.00s pos_err=0.267m T=24.90N z=0.560 m_est=2.064
[INFO] [1789417924.319600721] [acados_nmpc_node]: [wcmd] raw=[-0.053,+0.023,+0.036] w=[+0.008,+0.022,-0.064] err=[-0.061,+0.001] scaled=[-0.299,+0.029] s=5.00
[INFO] [1789417924.365145885] [acados_nmpc_node]: [attach-window] t=12.05s pos_err=0.291m T=25.15N z=0.562 m_est=2.064
[INFO] [1789417924.411681280] [acados_nmpc_node]: [attach-window] t=12.10s pos_err=0.308m T=25.09N z=0.567 m_est=2.064
[INFO] [1789417924.465199836] [acados_nmpc_node]: [attach-window] t=12.15s pos_err=0.332m T=25.31N z=0.571 m_est=2.064
[INFO] [1789417924.511541508] [acados_nmpc_node]: [attach-window] t=12.20s pos_err=0.346m T=25.07N z=0.583 m_est=2.064
[INFO] [1789417924.519447474] [acados_nmpc_node]: [wcmd] raw=[-0.028,+0.016,+0.066] w=[-0.033,-0.012,-0.065] err=[+0.005,+0.027] scaled=[-0.009,+0.126] s=5.00
[INFO] [1789417924.564877827] [acados_nmpc_node]: [attach-window] t=12.25s pos_err=0.370m T=25.29N z=0.589 m_est=2.065
[INFO] [1789417924.611349749] [acados_nmpc_node]: [attach-window] t=12.30s pos_err=0.382m T=25.08N z=0.604 m_est=2.066
[INFO] [1789417924.664904811] [acados_nmpc_node]: [attach-window] t=12.35s pos_err=0.406m T=25.33N z=0.613 m_est=2.070
[INFO] [1789417924.711322609] [acados_nmpc_node]: [attach-window] t=12.40s pos_err=0.413m T=24.99N z=0.635 m_est=2.074
[INFO] [1789417924.719443561] [acados_nmpc_node]: [wcmd] raw=[-0.027,+0.001,+0.087] w=[+0.002,-0.003,-0.026] err=[-0.029,+0.004] scaled=[-0.143,+0.016] s=5.00
[INFO] [1789417924.765224357] [acados_nmpc_node]: [attach-window] t=12.45s pos_err=0.437m T=25.28N z=0.646 m_est=2.083
[INFO] [1789417924.811401590] [acados_nmpc_node]: [attach-window] t=12.50s pos_err=0.444m T=25.03N z=0.671 m_est=2.091
[INFO] [1789417924.865090368] [acados_nmpc_node]: [attach-window] t=12.55s pos_err=0.464m T=25.23N z=0.688 m_est=2.103
[INFO] [1789417924.911350806] [acados_nmpc_node]: [attach-window] t=12.60s pos_err=0.467m T=24.94N z=0.718 m_est=2.113
[INFO] [1789417924.919511317] [acados_nmpc_node]: [wcmd] raw=[-0.004,+0.007,+0.097] w=[-0.009,+0.027,+0.021] err=[+0.004,-0.020] scaled=[+0.013,-0.072] s=5.00
[INFO] [1789417924.964936566] [acados_nmpc_node]: [attach-window] t=12.65s pos_err=0.491m T=25.27N z=0.734 m_est=2.127
[INFO] [1789417925.011520095] [acados_nmpc_node]: [attach-window] t=12.70s pos_err=0.492m T=24.97N z=0.768 m_est=2.138
[INFO] [1789417925.065185101] [acados_nmpc_node]: [attach-window] t=12.75s pos_err=0.511m T=25.17N z=0.791 m_est=2.153
[INFO] [1789417925.111613129] [acados_nmpc_node]: [attach-window] t=12.80s pos_err=0.509m T=24.80N z=0.830 m_est=2.164
[INFO] [1789417925.119605512] [acados_nmpc_node]: [wcmd] raw=[+0.009,+0.014,+0.088] w=[+0.024,-0.027,+0.025] err=[-0.015,+0.041] scaled=[-0.052,+0.179] s=5.00
[INFO] [1789417925.165315322] [acados_nmpc_node]: [attach-window] t=12.85s pos_err=0.532m T=25.14N z=0.851 m_est=2.178
[INFO] [1789417925.209495510] [acados_nmpc_node]: ATTACH J bootstrap handoff: persistent MHE payload evidence, blending floor 0.0579 -> MHE dJ 0.0372kg m^2 over 0.50s
[INFO] [1789417925.211823838] [acados_nmpc_node]: [attach-window] t=12.90s pos_err=0.529m T=24.81N z=0.893 m_est=2.193
[INFO] [1789417925.265210505] [acados_nmpc_node]: [attach-window] t=12.95s pos_err=0.552m T=25.14N z=0.916 m_est=2.205
[INFO] [1789417925.311617219] [acados_nmpc_node]: [attach-window] t=13.00s pos_err=0.541m T=24.59N z=0.968 m_est=2.219
[INFO] [1789417925.319693230] [acados_nmpc_node]: [wcmd] raw=[+0.008,-0.012,+0.070] w=[+0.017,+0.007,+0.045] err=[-0.008,-0.019] scaled=[-0.025,-0.087] s=5.00
[INFO] [1789417925.365095460] [acados_nmpc_node]: [attach-window] t=13.05s pos_err=0.565m T=24.92N z=0.992 m_est=2.229
[INFO] [1789417925.410902503] [acados_nmpc_node]: [attach-window] t=13.10s pos_err=0.558m T=24.51N z=1.042 m_est=2.241
[INFO] [1789417925.463388554] [acados_nmpc_node]: [attach-window] t=13.15s pos_err=0.581m T=24.81N z=1.068 m_est=2.250
[INFO] [1789417925.510808374] [acados_nmpc_node]: [attach-window] t=13.20s pos_err=0.566m T=24.19N z=1.128 m_est=2.257
[INFO] [1789417925.519518805] [acados_nmpc_node]: [wcmd] raw=[+0.003,+0.018,+0.056] w=[+0.018,+0.037,+0.056] err=[-0.015,-0.019] scaled=[-0.055,-0.058] s=4.94
[INFO] [1789417925.564744074] [acados_nmpc_node]: [attach-window] t=13.25s pos_err=0.590m T=24.54N z=1.156 m_est=2.266
[INFO] [1789417925.611372630] [acados_nmpc_node]: [attach-window] t=13.30s pos_err=0.579m T=24.10N z=1.213 m_est=2.272
[INFO] [1789417925.664809021] [acados_nmpc_node]: [attach-window] t=13.35s pos_err=0.604m T=24.48N z=1.242 m_est=2.280
[INFO] [1789417925.709343231] [acados_nmpc_node]: ATTACH J bootstrap released; NMPC J is now MHE-only
[INFO] [1789417925.711618581] [acados_nmpc_node]: [attach-window] t=13.40s pos_err=0.585m T=23.92N z=1.308 m_est=2.287
[INFO] [1789417925.719477447] [acados_nmpc_node]: [wcmd] raw=[-0.003,+0.017,+0.033] w=[-0.002,-0.058,+0.003] err=[-0.001,+0.075] scaled=[-0.008,+0.302] s=4.81
[INFO] [1789417925.764769196] [acados_nmpc_node]: [attach-window] t=13.45s pos_err=0.610m T=24.30N z=1.338 m_est=2.293
[INFO] [1789417925.811334969] [acados_nmpc_node]: [attach-window] t=13.50s pos_err=0.598m T=23.92N z=1.399 m_est=2.299
[INFO] [1789417925.864866192] [acados_nmpc_node]: [attach-window] t=13.55s pos_err=0.624m T=24.33N z=1.430 m_est=2.304
[INFO] [1789417925.911540790] [acados_nmpc_node]: [attach-window] t=13.60s pos_err=0.604m T=23.75N z=1.500 m_est=2.308
[INFO] [1789417925.919535820] [acados_nmpc_node]: [wcmd] raw=[-0.007,-0.014,+0.025] w=[+0.001,+0.067,+0.039] err=[-0.008,-0.081] scaled=[-0.036,-0.315] s=4.70
[INFO] [1789417925.964868993] [acados_nmpc_node]: [attach-window] t=13.65s pos_err=0.630m T=24.17N z=1.532 m_est=2.311
[INFO] [1789417926.011473870] [acados_nmpc_node]: [attach-window] t=13.70s pos_err=0.618m T=23.79N z=1.596 m_est=2.314
[INFO] [1789417926.065109152] [acados_nmpc_node]: [attach-window] t=13.75s pos_err=0.645m T=24.23N z=1.628 m_est=2.317
[INFO] [1789417926.111449145] [acados_nmpc_node]: [attach-window] t=13.80s pos_err=0.624m T=23.65N z=1.701 m_est=2.319
[INFO] [1789417926.119499868] [acados_nmpc_node]: [wcmd] raw=[-0.016,+0.028,+0.023] w=[-0.011,-0.006,-0.001] err=[-0.005,+0.034] scaled=[-0.034,+0.152] s=4.63
[INFO] [1789417926.165075086] [acados_nmpc_node]: [attach-window] t=13.85s pos_err=0.652m T=24.10N z=1.734 m_est=2.320
[INFO] [1789417926.211587852] [acados_nmpc_node]: [attach-window] t=13.90s pos_err=0.639m T=23.74N z=1.800 m_est=2.322
[INFO] [1789417926.265017187] [acados_nmpc_node]: [attach-window] t=13.95s pos_err=0.667m T=24.19N z=1.834 m_est=2.323
[INFO] [1789417926.311338290] [acados_nmpc_node]: [attach-window] t=14.00s pos_err=0.645m T=23.61N z=1.910 m_est=2.323
[INFO] [1789417926.319491097] [acados_nmpc_node]: [wcmd] raw=[-0.013,-0.020,+0.015] w=[-0.020,-0.057,-0.031] err=[+0.007,+0.036] scaled=[+0.011,+0.111] s=4.61
[INFO] [1789417926.365146664] [acados_nmpc_node]: [attach-window] t=14.05s pos_err=0.674m T=24.06N z=1.944 m_est=2.324
[INFO] [1789417926.411601505] [acados_nmpc_node]: [attach-window] t=14.10s pos_err=0.652m T=23.46N z=2.021 m_est=2.324
[INFO] [1789417926.464932588] [acados_nmpc_node]: [attach-window] t=14.15s pos_err=0.681m T=23.94N z=2.055 m_est=2.325
[INFO] [1789417926.511777617] [acados_nmpc_node]: [attach-window] t=14.20s pos_err=0.667m T=23.62N z=2.125 m_est=2.325
[INFO] [1789417926.519458186] [acados_nmpc_node]: [wcmd] raw=[-0.011,-0.002,+0.029] w=[-0.006,+0.085,+0.031] err=[-0.005,-0.087] scaled=[-0.029,-0.317] s=4.60
[INFO] [1789417926.565004488] [acados_nmpc_node]: [attach-window] t=14.25s pos_err=0.696m T=24.11N z=2.160 m_est=2.325
[INFO] [1789417926.611502784] [acados_nmpc_node]: [attach-window] t=14.30s pos_err=0.681m T=23.72N z=2.230 m_est=2.325
[INFO] [1789417926.665029703] [acados_nmpc_node]: [attach-window] t=14.35s pos_err=0.711m T=24.20N z=2.265 m_est=2.325
[INFO] [1789417926.711628488] [acados_nmpc_node]: [attach-window] t=14.40s pos_err=0.686m T=23.57N z=2.346 m_est=2.325
[INFO] [1789417926.719471221] [acados_nmpc_node]: [wcmd] raw=[-0.008,+0.022,+0.024] w=[-0.014,-0.081,-0.033] err=[+0.006,+0.104] scaled=[+0.012,+0.396] s=4.60
[INFO] [1789417926.765230103] [acados_nmpc_node]: [attach-window] t=14.45s pos_err=0.715m T=24.03N z=2.382 m_est=2.325
[INFO] [1789417926.811580465] [acados_nmpc_node]: [attach-window] t=14.50s pos_err=0.699m T=23.63N z=2.455 m_est=2.326
[INFO] [1789417926.865003572] [acados_nmpc_node]: [attach-window] t=14.55s pos_err=0.728m T=24.10N z=2.491 m_est=2.326
[INFO] [1789417926.911757542] [acados_nmpc_node]: [attach-window] t=14.60s pos_err=0.702m T=23.47N z=2.573 m_est=2.326
[INFO] [1789417926.919509433] [acados_nmpc_node]: [wcmd] raw=[+0.003,-0.026,+0.024] w=[+0.000,+0.046,+0.022] err=[+0.003,-0.072] scaled=[+0.012,-0.286] s=4.59
[INFO] [1789417926.965022635] [acados_nmpc_node]: [attach-window] t=14.65s pos_err=0.730m T=23.94N z=2.610 m_est=2.326
[INFO] [1789417927.011678686] [acados_nmpc_node]: [attach-window] t=14.70s pos_err=0.713m T=23.54N z=2.684 m_est=2.327
[INFO] [1789417927.065445784] [acados_nmpc_node]: [attach-window] t=14.75s pos_err=0.741m T=24.02N z=2.721 m_est=2.327
[INFO] [1789417927.111400780] [acados_nmpc_node]: [attach-window] t=14.80s pos_err=0.713m T=23.39N z=2.805 m_est=2.327
[INFO] [1789417927.119585759] [acados_nmpc_node]: [wcmd] raw=[+0.010,+0.040,+0.029] w=[+0.011,+0.040,+0.024] err=[-0.001,-0.001] scaled=[+0.006,+0.037] s=4.59
[INFO] [1789417927.165084329] [acados_nmpc_node]: [attach-window] t=14.85s pos_err=0.740m T=23.85N z=2.843 m_est=2.328
[INFO] [1789417927.211692803] [acados_nmpc_node]: [attach-window] t=14.90s pos_err=0.721m T=23.43N z=2.918 m_est=2.328
[INFO] [1789417927.265251440] [acados_nmpc_node]: [attach-window] t=14.95s pos_err=0.748m T=23.88N z=2.956 m_est=2.328
[INFO] [1789417927.311767638] [acados_nmpc_node]: [attach-window] t=15.00s pos_err=0.718m T=23.26N z=3.041 m_est=2.328
[INFO] [1789417927.319499423] [acados_nmpc_node]: [wcmd] raw=[+0.015,-0.006,+0.012] w=[+0.010,-0.084,-0.031] err=[+0.005,+0.078] scaled=[+0.033,+0.272] s=4.58
[INFO] [1789417927.365092765] [acados_nmpc_node]: [attach-window] t=15.05s pos_err=0.743m T=23.71N z=3.080 m_est=2.329
[INFO] [1789417927.411553826] [acados_nmpc_node]: [attach-window] t=15.10s pos_err=0.721m T=23.25N z=3.156 m_est=2.329
[INFO] [1789417927.463028935] [acados_nmpc_node]: [attach-window] t=15.15s pos_err=0.744m T=23.68N z=3.195 m_est=2.329
[INFO] [1789417927.510863134] [acados_nmpc_node]: [attach-window] t=15.20s pos_err=0.714m T=23.09N z=3.282 m_est=2.329
[INFO] [1789417927.519612862] [acados_nmpc_node]: [wcmd] raw=[+0.018,-0.027,+0.020] w=[+0.024,+0.090,+0.041] err=[-0.006,-0.117] scaled=[-0.003,-0.446] s=4.58
[INFO] [1789417927.563282824] [acados_nmpc_node]: [attach-window] t=15.25s pos_err=0.736m T=23.49N z=3.320 m_est=2.329
[INFO] [1789417927.610728833] [acados_nmpc_node]: [attach-window] t=15.30s pos_err=0.703m T=22.90N z=3.408 m_est=2.329
[INFO] [1789417927.665139096] [acados_nmpc_node]: [attach-window] t=15.35s pos_err=0.726m T=23.36N z=3.446 m_est=2.329
[INFO] [1789417927.711558730] [acados_nmpc_node]: [attach-window] t=15.40s pos_err=0.701m T=22.93N z=3.524 m_est=2.329
[INFO] [1789417927.719502048] [acados_nmpc_node]: [wcmd] raw=[+0.012,+0.019,+0.017] w=[+0.012,-0.072,-0.023] err=[+0.000,+0.091] scaled=[+0.012,+0.346] s=4.58
[INFO] [1789417927.763777668] [acados_nmpc_node]: [attach-window] t=15.45s pos_err=0.722m T=23.36N z=3.563 m_est=2.329
[INFO] [1789417927.811646114] [acados_nmpc_node]: [attach-window] t=15.50s pos_err=0.697m T=23.01N z=3.640 m_est=2.329
[INFO] [1789417927.865607401] [acados_nmpc_node]: [attach-window] t=15.55s pos_err=0.719m T=23.44N z=3.678 m_est=2.329
[INFO] [1789417927.911333972] [acados_nmpc_node]: [attach-window] t=15.60s pos_err=0.683m T=22.81N z=3.764 m_est=2.328
[INFO] [1789417927.919510396] [acados_nmpc_node]: [wcmd] raw=[+0.003,-0.029,+0.011] w=[+0.007,-0.026,-0.006] err=[-0.004,-0.003] scaled=[-0.011,-0.038] s=4.58
[INFO] [1789417927.965062576] [acados_nmpc_node]: [attach-window] t=15.65s pos_err=0.703m T=23.19N z=3.802 m_est=2.328
[INFO] [1789417928.011642744] [acados_nmpc_node]: [attach-window] t=15.70s pos_err=0.676m T=22.79N z=3.877 m_est=2.328
[INFO] [1789417928.065259687] [acados_nmpc_node]: [attach-window] t=15.75s pos_err=0.695m T=23.18N z=3.915 m_est=2.327
[INFO] [1789417928.110939879] [acados_nmpc_node]: [attach-window] t=15.80s pos_err=0.659m T=22.65N z=3.998 m_est=2.326
[INFO] [1789417928.119486167] [acados_nmpc_node]: [wcmd] raw=[-0.012,+0.013,+0.019] w=[-0.007,+0.074,+0.036] err=[-0.005,-0.061] scaled=[-0.030,-0.206] s=4.58
[INFO] [1789417928.165174568] [acados_nmpc_node]: [attach-window] t=15.85s pos_err=0.677m T=23.03N z=4.035 m_est=2.326
[INFO] [1789417928.211571891] [acados_nmpc_node]: [attach-window] t=15.90s pos_err=0.651m T=22.67N z=4.108 m_est=2.326
[INFO] [1789417928.265108982] [acados_nmpc_node]: [attach-window] t=15.95s pos_err=0.667m T=23.05N z=4.144 m_est=2.325
[INFO] [1789417928.311512661] [acados_nmpc_node]: [attach-window] t=16.00s pos_err=0.632m T=22.56N z=4.225 m_est=2.325
[INFO] [1789417928.319526910] [acados_nmpc_node]: [wcmd] raw=[-0.007,+0.016,+0.007] w=[-0.020,-0.092,-0.034] err=[+0.013,+0.109] scaled=[+0.039,+0.406] s=4.58
[INFO] [1789417928.365292960] [acados_nmpc_node]: [attach-window] t=16.05s pos_err=0.647m T=22.90N z=4.260 m_est=2.324
[INFO] [1789417928.365775959] [acados_nmpc_node]: t=16.1s | pos_err=0.647m | T=22.90N | tau=[r-0.232 p0.220 y0.016]Nm | res_stat=8.025e-07(peak 9.874e-07) sqp_iter=3 | solve=1.6ms
[INFO] [1789417928.365977629] [acados_nmpc_node]: [flight-diag] t=16.1s | om_scale=4.581(lo 4.581 hi 5.000) | tilt_max=0.62deg | w_max=[r0.041 p0.098 y0.079]rad/s | u_frac=[T0.808 r0.535 p0.487 y0.266] | u_sat=[T0.0 r0.0 p0.0 y0.0]% | mot_peak=0.912 mot_sat=0.0% | health=1 age=0.000s conf=0.000 | n=100
[INFO] [1789417928.411408851] [acados_nmpc_node]: [attach-window] t=16.10s pos_err=0.620m T=22.57N z=4.330 m_est=2.324
[INFO] [1789417928.465208826] [acados_nmpc_node]: [attach-window] t=16.15s pos_err=0.635m T=22.93N z=4.365 m_est=2.323
[INFO] [1789417928.511647122] [acados_nmpc_node]: [attach-window] t=16.20s pos_err=0.599m T=22.45N z=4.442 m_est=2.323
[INFO] [1789417928.519449838] [acados_nmpc_node]: [wcmd] raw=[-0.008,-0.032,+0.010] w=[-0.007,+0.072,+0.031] err=[-0.001,-0.105] scaled=[-0.011,-0.407] s=4.58
[INFO] [1789417928.565220060] [acados_nmpc_node]: [attach-window] t=16.25s pos_err=0.613m T=22.79N z=4.476 m_est=2.323
[INFO] [1789417928.611566468] [acados_nmpc_node]: [attach-window] t=16.30s pos_err=0.586m T=22.50N z=4.542 m_est=2.322
[INFO] [1789417928.665211348] [acados_nmpc_node]: [attach-window] t=16.35s pos_err=0.598m T=22.83N z=4.575 m_est=2.322
[INFO] [1789417928.711362818] [acados_nmpc_node]: [attach-window] t=16.40s pos_err=0.563m T=22.38N z=4.648 m_est=2.322
[INFO] [1789417928.719483347] [acados_nmpc_node]: [wcmd] raw=[-0.002,+0.025,+0.013] w=[-0.008,-0.022,-0.004] err=[+0.006,+0.047] scaled=[+0.019,+0.192] s=4.58
[INFO] [1789417928.765150280] [acados_nmpc_node]: [attach-window] t=16.45s pos_err=0.575m T=22.70N z=4.680 m_est=2.322
[INFO] [1789417928.811269138] [acados_nmpc_node]: [attach-window] t=16.50s pos_err=0.548m T=22.43N z=4.743 m_est=2.322
[INFO] [1789417928.865163364] [acados_nmpc_node]: [attach-window] t=16.55s pos_err=0.557m T=22.72N z=4.774 m_est=2.322
[INFO] [1789417928.911360559] [acados_nmpc_node]: [attach-window] t=16.60s pos_err=0.523m T=22.32N z=4.842 m_est=2.323
[INFO] [1789417928.919580371] [acados_nmpc_node]: [wcmd] raw=[-0.002,-0.028,+0.003] w=[-0.002,-0.049,-0.016] err=[+0.001,+0.021] scaled=[+0.000,+0.047] s=4.58
[INFO] [1789417928.965437491] [acados_nmpc_node]: [attach-window] t=16.65s pos_err=0.532m T=22.59N z=4.872 m_est=2.323
[INFO] [1789417929.011563477] [acados_nmpc_node]: [attach-window] t=16.70s pos_err=0.505m T=22.32N z=4.931 m_est=2.323
[INFO] [1789417929.065170941] [acados_nmpc_node]: [attach-window] t=16.75s pos_err=0.513m T=22.59N z=4.959 m_est=2.323
[INFO] [1789417929.111324585] [acados_nmpc_node]: [attach-window] t=16.80s pos_err=0.480m T=22.28N z=5.023 m_est=2.324
[INFO] [1789417929.119447418] [acados_nmpc_node]: [wcmd] raw=[-0.006,+0.007,+0.013] w=[-0.001,+0.077,+0.036] err=[-0.005,-0.070] scaled=[-0.024,-0.244] s=4.58
[INFO] [1789417929.165407047] [acados_nmpc_node]: [attach-window] t=16.85s pos_err=0.486m T=22.52N z=5.050 m_est=2.324
[INFO] [1789417929.211332514] [acados_nmpc_node]: [attach-window] t=16.90s pos_err=0.460m T=22.28N z=5.104 m_est=2.324
[INFO] [1789417929.265182029] [acados_nmpc_node]: [attach-window] t=16.95s pos_err=0.459m T=22.41N z=5.137 m_est=2.325
[INFO] [1789417929.311341343] [acados_nmpc_node]: [attach-window] t=17.00s pos_err=0.433m T=22.21N z=5.188 m_est=2.326
[INFO] [1789417929.319468409] [acados_nmpc_node]: [wcmd] raw=[-0.004,+0.028,+0.003] w=[-0.009,-0.061,-0.023] err=[+0.005,+0.089] scaled=[+0.013,+0.347] s=4.58
[INFO] [1789417929.365055405] [acados_nmpc_node]: [attach-window] t=17.05s pos_err=0.437m T=22.42N z=5.213 m_est=2.326
[INFO] [1789417929.411309845] [acados_nmpc_node]: [attach-window] t=17.10s pos_err=0.407m T=22.17N z=5.267 m_est=2.327
[INFO] [1789417929.465005067] [acados_nmpc_node]: [attach-window] t=17.15s pos_err=0.410m T=22.37N z=5.291 m_est=2.327
[INFO] [1789417929.511280948] [acados_nmpc_node]: [attach-window] t=17.20s pos_err=0.386m T=22.20N z=5.337 m_est=2.328
[INFO] [1789417929.519454402] [acados_nmpc_node]: [wcmd] raw=[-0.005,-0.013,+0.001] w=[-0.002,+0.047,+0.015] err=[-0.003,-0.060] scaled=[-0.016,-0.229] s=4.58
[INFO] [1789417929.565138699] [acados_nmpc_node]: [attach-window] t=17.25s pos_err=0.388m T=22.39N z=5.359 m_est=2.328
[INFO] [1789417929.611334836] [acados_nmpc_node]: [attach-window] t=17.30s pos_err=0.365m T=22.26N z=5.402 m_est=2.329
[INFO] [1789417929.665097275] [acados_nmpc_node]: [attach-window] t=17.35s pos_err=0.361m T=22.35N z=5.428 m_est=2.330
[INFO] [1789417929.711318394] [acados_nmpc_node]: [attach-window] t=17.40s pos_err=0.338m T=22.21N z=5.469 m_est=2.330
[INFO] [1789417929.719491736] [acados_nmpc_node]: [wcmd] raw=[-0.002,+0.019,+0.005] w=[-0.001,+0.022,+0.005] err=[-0.001,-0.003] scaled=[-0.007,+0.008] s=4.58
[INFO] [1789417929.765125110] [acados_nmpc_node]: [attach-window] t=17.45s pos_err=0.338m T=22.36N z=5.488 m_est=2.331
[INFO] [1789417929.811362523] [acados_nmpc_node]: [attach-window] t=17.50s pos_err=0.311m T=22.17N z=5.531 m_est=2.331
[INFO] [1789417929.865203940] [acados_nmpc_node]: [attach-window] t=17.55s pos_err=0.315m T=22.35N z=5.545 m_est=2.332
[INFO] [1789417929.911322618] [acados_nmpc_node]: [attach-window] t=17.60s pos_err=0.289m T=22.21N z=5.585 m_est=2.333
[INFO] [1789417929.919456371] [acados_nmpc_node]: [wcmd] raw=[-0.001,-0.002,-0.001] w=[-0.002,-0.052,-0.027] err=[+0.001,+0.049] scaled=[+0.004,+0.176] s=4.61
[INFO] [1789417929.965174148] [acados_nmpc_node]: [attach-window] t=17.65s pos_err=0.287m T=22.31N z=5.602 m_est=2.333
[INFO] [1789417930.011399733] [acados_nmpc_node]: [attach-window] t=17.70s pos_err=0.263m T=22.16N z=5.639 m_est=2.334
[INFO] [1789417930.065316058] [acados_nmpc_node]: [attach-window] t=17.75s pos_err=0.260m T=22.26N z=5.654 m_est=2.335
[INFO] [1789417930.110799776] [acados_nmpc_node]: [attach-window] t=17.80s pos_err=0.240m T=22.19N z=5.684 m_est=2.336
[INFO] [1789417930.119607574] [acados_nmpc_node]: [wcmd] raw=[+0.008,-0.011,+0.006] w=[+0.007,+0.050,+0.017] err=[+0.001,-0.060] scaled=[+0.013,-0.230] s=4.63
[INFO] [1789417930.165170824] [acados_nmpc_node]: [attach-window] t=17.85s pos_err=0.237m T=22.27N z=5.699 m_est=2.336
[INFO] [1789417930.211381572] [acados_nmpc_node]: [attach-window] t=17.90s pos_err=0.218m T=22.21N z=5.726 m_est=2.337
[INFO] [1789417930.265378335] [acados_nmpc_node]: [attach-window] t=17.95s pos_err=0.214m T=22.29N z=5.739 m_est=2.337
[INFO] [1789417930.311366995] [acados_nmpc_node]: [attach-window] t=18.00s pos_err=0.193m T=22.21N z=5.767 m_est=2.338
[INFO] [1789417930.319507854] [acados_nmpc_node]: [wcmd] raw=[+0.008,+0.013,+0.007] w=[+0.011,-0.037,-0.013] err=[-0.004,+0.050] scaled=[-0.005,+0.195] s=4.65
[INFO] [1789417930.365238941] [acados_nmpc_node]: [attach-window] t=18.05s pos_err=0.189m T=22.27N z=5.779 m_est=2.339
[INFO] [1789417930.411369146] [acados_nmpc_node]: [attach-window] t=18.10s pos_err=0.172m T=22.26N z=5.801 m_est=2.340
[INFO] [1789417930.465152750] [acados_nmpc_node]: [attach-window] t=18.15s pos_err=0.167m T=22.30N z=5.812 m_est=2.341
[INFO] [1789417930.511316316] [acados_nmpc_node]: [attach-window] t=18.20s pos_err=0.148m T=22.26N z=5.835 m_est=2.341
[INFO] [1789417930.519509254] [acados_nmpc_node]: [wcmd] raw=[+0.007,-0.018,+0.004] w=[+0.008,-0.008,-0.001] err=[-0.001,-0.010] scaled=[+0.003,-0.055] s=4.69
[INFO] [1789417930.565172841] [acados_nmpc_node]: [attach-window] t=18.25s pos_err=0.143m T=22.30N z=5.844 m_est=2.342
[INFO] [1789417930.611318439] [acados_nmpc_node]: [attach-window] t=18.30s pos_err=0.128m T=22.27N z=5.862 m_est=2.343
[INFO] [1789417930.665038968] [acados_nmpc_node]: [attach-window] t=18.35s pos_err=0.123m T=22.30N z=5.871 m_est=2.343
[INFO] [1789417930.711306277] [acados_nmpc_node]: [attach-window] t=18.40s pos_err=0.107m T=22.30N z=5.889 m_est=2.344
[INFO] [1789417930.719542803] [acados_nmpc_node]: [wcmd] raw=[+0.002,+0.011,+0.009] w=[+0.008,+0.035,+0.018] err=[-0.005,-0.024] scaled=[-0.017,-0.080] s=4.71
[INFO] [1789417930.765337182] [acados_nmpc_node]: [attach-window] t=18.45s pos_err=0.101m T=22.33N z=5.896 m_est=2.345
[INFO] [1789417930.811325037] [acados_nmpc_node]: [attach-window] t=18.50s pos_err=0.088m T=22.33N z=5.910 m_est=2.346
[INFO] [1789417930.865151311] [acados_nmpc_node]: [attach-window] t=18.55s pos_err=0.083m T=22.36N z=5.917 m_est=2.346
[INFO] [1789417930.911339906] [acados_nmpc_node]: [attach-window] t=18.60s pos_err=0.069m T=22.38N z=5.930 m_est=2.347
[INFO] [1789417930.919594158] [acados_nmpc_node]: [wcmd] raw=[+0.006,+0.009,+0.001] w=[+0.000,-0.045,-0.016] err=[+0.006,+0.054] scaled=[+0.028,+0.212] s=4.75
[INFO] [1789417930.965326146] [acados_nmpc_node]: [attach-window] t=18.65s pos_err=0.064m T=22.40N z=5.936 m_est=2.348
[INFO] [1789417931.011081129] [acados_nmpc_node]: [attach-window] t=18.70s pos_err=0.054m T=22.43N z=5.946 m_est=2.348
[INFO] [1789417931.063153404] [acados_nmpc_node]: [attach-window] t=18.75s pos_err=0.050m T=22.45N z=5.951 m_est=2.349
[INFO] [1789417931.111311096] [acados_nmpc_node]: [attach-window] t=18.80s pos_err=0.040m T=22.50N z=5.960 m_est=2.350
[INFO] [1789417931.119537869] [acados_nmpc_node]: [wcmd] raw=[+0.006,-0.010,+0.002] w=[+0.013,+0.047,+0.020] err=[-0.006,-0.057] scaled=[-0.018,-0.227] s=4.78
[INFO] [1789417931.165026839] [acados_nmpc_node]: [attach-window] t=18.85s pos_err=0.036m T=22.52N z=5.964 m_est=2.350
[INFO] [1789417931.211384015] [acados_nmpc_node]: [attach-window] t=18.90s pos_err=0.030m T=22.58N z=5.971 m_est=2.350
[INFO] [1789417931.265015839] [acados_nmpc_node]: [attach-window] t=18.95s pos_err=0.027m T=22.60N z=5.974 m_est=2.351
[INFO] [1789417931.311282048] [acados_nmpc_node]: [attach-window] t=19.00s pos_err=0.020m T=22.64N z=5.981 m_est=2.351
[INFO] [1789417931.319508781] [acados_nmpc_node]: [wcmd] raw=[-0.008,+0.018,+0.003] w=[-0.001,-0.009,-0.004] err=[-0.007,+0.027] scaled=[-0.033,+0.120] s=4.80
[INFO] [1789417931.365266389] [acados_nmpc_node]: [attach-window] t=19.05s pos_err=0.018m T=22.67N z=5.983 m_est=2.351
[INFO] [1789417931.411313175] [acados_nmpc_node]: [attach-window] t=19.10s pos_err=0.014m T=22.72N z=5.988 m_est=2.352
[INFO] [1789417931.465036250] [acados_nmpc_node]: [attach-window] t=19.15s pos_err=0.012m T=22.74N z=5.990 m_est=2.352
[INFO] [1789417931.511207374] [acados_nmpc_node]: [attach-window] t=19.20s pos_err=0.008m T=22.78N z=5.994 m_est=2.352
[INFO] [1789417931.519447933] [acados_nmpc_node]: [wcmd] raw=[-0.017,-0.011,-0.002] w=[-0.017,-0.035,-0.018] err=[+0.000,+0.025] scaled=[-0.015,+0.085] s=4.84
[INFO] [1789417931.565217965] [acados_nmpc_node]: [attach-window] t=19.25s pos_err=0.007m T=22.80N z=5.996 m_est=2.352
[INFO] [1789417931.611283980] [acados_nmpc_node]: [attach-window] t=19.30s pos_err=0.006m T=22.82N z=5.998 m_est=2.352
[INFO] [1789417931.664967532] [acados_nmpc_node]: [attach-window] t=19.35s pos_err=0.006m T=22.85N z=5.999 m_est=2.353
[INFO] [1789417931.711373441] [acados_nmpc_node]: [attach-window] t=19.40s pos_err=0.005m T=22.90N z=6.002 m_est=2.353
[INFO] [1789417931.719480019] [acados_nmpc_node]: [wcmd] raw=[-0.009,-0.012,+0.006] w=[-0.012,+0.052,+0.020] err=[+0.004,-0.064] scaled=[+0.006,-0.258] s=4.86
[INFO] [1789417931.765262711] [acados_nmpc_node]: [attach-window] t=19.45s pos_err=0.005m T=22.91N z=6.003 m_est=2.353
[INFO] [1789417931.811100355] [acados_nmpc_node]: [attach-window] t=19.50s pos_err=0.006m T=22.92N z=6.004 m_est=2.353
[INFO] [1789417931.865068098] [acados_nmpc_node]: [attach-window] t=19.55s pos_err=0.007m T=22.93N z=6.005 m_est=2.354
[INFO] [1789417931.911101704] [acados_nmpc_node]: [attach-window] t=19.60s pos_err=0.009m T=22.92N z=6.007 m_est=2.354
[INFO] [1789417931.919502776] [acados_nmpc_node]: [wcmd] raw=[+0.000,+0.003,+0.005] w=[-0.003,-0.053,-0.017] err=[+0.004,+0.056] scaled=[+0.015,+0.220] s=4.88
[INFO] [1789417931.965068245] [acados_nmpc_node]: [attach-window] t=19.65s pos_err=0.010m T=22.92N z=6.008 m_est=2.354
[INFO] [1789417932.011335364] [acados_nmpc_node]: [attach-window] t=19.70s pos_err=0.011m T=22.95N z=6.010 m_est=2.354
[INFO] [1789417932.065615972] [acados_nmpc_node]: [attach-window] t=19.75s pos_err=0.012m T=22.95N z=6.010 m_est=2.354
[INFO] [1789417932.111421451] [acados_nmpc_node]: [attach-window] t=19.80s pos_err=0.015m T=22.94N z=6.012 m_est=2.355
[INFO] [1789417932.119613122] [acados_nmpc_node]: [wcmd] raw=[+0.009,-0.028,+0.002] w=[+0.006,-0.019,-0.001] err=[+0.004,-0.008] scaled=[+0.024,-0.061] s=4.89
[INFO] [1789417932.165210011] [acados_nmpc_node]: [attach-window] t=19.85s pos_err=0.015m T=22.95N z=6.012 m_est=2.355
[INFO] [1789417932.210563893] [acados_nmpc_node]: [attach-window] t=19.90s pos_err=0.017m T=22.94N z=6.014 m_est=2.355
[INFO] [1789417932.265288435] [acados_nmpc_node]: [attach-window] t=19.95s pos_err=0.018m T=22.94N z=6.014 m_est=2.355
[INFO] [1789417932.311274634] [acados_nmpc_node]: [attach-window] t=20.00s pos_err=0.019m T=22.94N z=6.016 m_est=2.355
[INFO] [1789417932.319520456] [acados_nmpc_node]: [wcmd] raw=[+0.011,+0.013,+0.008] w=[+0.018,+0.056,+0.033] err=[-0.007,-0.043] scaled=[-0.014,-0.157] s=4.93
[INFO] [1789417932.365500845] [acados_nmpc_node]: [attach-window] t=20.05s pos_err=0.020m T=22.94N z=6.016 m_est=2.355
[INFO] [1789417932.411363574] [acados_nmpc_node]: [attach-window] t=20.10s pos_err=0.021m T=22.93N z=6.017 m_est=2.356
[INFO] [1789417932.465119617] [acados_nmpc_node]: [attach-window] t=20.15s pos_err=0.021m T=22.94N z=6.018 m_est=2.356
[INFO] [1789417932.511362950] [acados_nmpc_node]: [attach-window] t=20.20s pos_err=0.021m T=22.95N z=6.018 m_est=2.356
[INFO] [1789417932.519509782] [acados_nmpc_node]: [wcmd] raw=[+0.004,+0.023,-0.004] w=[+0.006,-0.062,-0.021] err=[-0.001,+0.085] scaled=[-0.001,+0.359] s=4.95
[INFO] [1789417932.565251243] [acados_nmpc_node]: [attach-window] t=20.25s pos_err=0.021m T=22.96N z=6.018 m_est=2.356
[INFO] [1789417932.611339306] [acados_nmpc_node]: [attach-window] t=20.30s pos_err=0.022m T=22.98N z=6.019 m_est=2.356
[INFO] [1789417932.665011738] [acados_nmpc_node]: [attach-window] t=20.35s pos_err=0.022m T=22.98N z=6.019 m_est=2.356
[INFO] [1789417932.711306104] [acados_nmpc_node]: [attach-window] t=20.40s pos_err=0.022m T=22.96N z=6.019 m_est=2.356
[INFO] [1789417932.719492937] [acados_nmpc_node]: [wcmd] raw=[+0.000,-0.014,-0.006] w=[+0.003,+0.049,+0.015] err=[-0.003,-0.063] scaled=[-0.010,-0.263] s=4.97
[INFO] [1789417932.765158136] [acados_nmpc_node]: [attach-window] t=20.45s pos_err=0.023m T=22.96N z=6.019 m_est=2.356
[INFO] [1789417932.811355074] [acados_nmpc_node]: [attach-window] t=20.50s pos_err=0.023m T=22.97N z=6.020 m_est=2.356
[INFO] [1789417932.865726197] [acados_nmpc_node]: [attach-window] t=20.55s pos_err=0.022m T=22.97N z=6.019 m_est=2.356
[INFO] [1789417932.911419936] [acados_nmpc_node]: [attach-window] t=20.60s pos_err=0.022m T=22.97N z=6.019 m_est=2.356
[INFO] [1789417932.919530176] [acados_nmpc_node]: [wcmd] raw=[-0.001,+0.032,+0.001] w=[+0.000,+0.036,+0.008] err=[-0.001,-0.004] scaled=[-0.007,+0.017] s=4.98
[INFO] [1789417932.965772772] [acados_nmpc_node]: [attach-window] t=20.65s pos_err=0.022m T=22.98N z=6.019 m_est=2.355
[INFO] [1789417933.011484963] [acados_nmpc_node]: [attach-window] t=20.70s pos_err=0.021m T=22.97N z=6.018 m_est=2.355
[INFO] [1789417933.065424716] [acados_nmpc_node]: [attach-window] t=20.75s pos_err=0.021m T=22.97N z=6.018 m_est=2.355
[INFO] [1789417933.111461528] [acados_nmpc_node]: [attach-window] t=20.80s pos_err=0.020m T=22.98N z=6.017 m_est=2.355
[INFO] [1789417933.119455056] [acados_nmpc_node]: [wcmd] raw=[-0.007,-0.003,-0.008] w=[-0.010,-0.094,-0.049] err=[+0.003,+0.090] scaled=[+0.005,+0.357] s=4.99
[INFO] [1789417933.165463774] [acados_nmpc_node]: [attach-window] t=20.85s pos_err=0.020m T=22.98N z=6.017 m_est=2.355
[INFO] [1789417933.211396079] [acados_nmpc_node]: [attach-window] t=20.90s pos_err=0.019m T=22.95N z=6.017 m_est=2.355
[INFO] [1789417933.264977636] [acados_nmpc_node]: [attach-window] t=20.95s pos_err=0.019m T=22.96N z=6.017 m_est=2.354
[INFO] [1789417933.311355675] [acados_nmpc_node]: [attach-window] t=21.00s pos_err=0.019m T=22.93N z=6.017 m_est=2.354
[INFO] [1789417933.319607781] [acados_nmpc_node]: [wcmd] raw=[-0.007,-0.038,+0.004] w=[-0.005,+0.092,+0.029] err=[-0.002,-0.130] scaled=[-0.016,-0.556] s=4.99
[INFO] [1789417933.365444929] [acados_nmpc_node]: [attach-window] t=21.05s pos_err=0.019m T=22.91N z=6.017 m_est=2.354
[INFO] [1789417933.365927308] [acados_nmpc_node]: t=21.1s | pos_err=0.019m | T=22.91N | tau=[r-0.250 p-0.069 y-0.007]Nm | res_stat=6.129e-07(peak 9.945e-07) sqp_iter=3 | solve=1.5ms
[INFO] [1789417933.366135867] [acados_nmpc_node]: [flight-diag] t=21.1s | om_scale=4.990(lo 4.580 hi 4.990) | tilt_max=0.50deg | w_max=[r0.019 p0.105 y0.053]rad/s | u_frac=[T0.733 r0.514 p0.481 y0.094] | u_sat=[T0.0 r0.0 p0.0 y0.0]% | mot_peak=0.903 mot_sat=0.0% | health=1 age=0.000s conf=0.000 | n=100
[INFO] [1789417933.411169503] [acados_nmpc_node]: [attach-window] t=21.10s pos_err=0.019m T=22.88N z=6.018 m_est=2.354
[INFO] [1789417933.463466284] [acados_nmpc_node]: [attach-window] t=21.15s pos_err=0.020m T=22.86N z=6.019 m_est=2.354
[INFO] [1789417933.511353895] [acados_nmpc_node]: [attach-window] t=21.20s pos_err=0.021m T=22.79N z=6.020 m_est=2.353
[INFO] [1789417933.519562547] [acados_nmpc_node]: [wcmd] raw=[-0.004,+0.030,+0.012] w=[-0.008,-0.044,-0.016] err=[+0.004,+0.074] scaled=[+0.012,+0.324] s=4.99
[INFO] [1789417933.565242270] [acados_nmpc_node]: [attach-window] t=21.25s pos_err=0.022m T=22.79N z=6.021 m_est=2.353
[INFO] [1789417933.611352462] [acados_nmpc_node]: [attach-window] t=21.30s pos_err=0.023m T=22.78N z=6.023 m_est=2.353
[INFO] [1789417933.665312545] [acados_nmpc_node]: [attach-window] t=21.35s pos_err=0.024m T=22.77N z=6.023 m_est=2.353
[INFO] [1789417933.711305981] [acados_nmpc_node]: [attach-window] t=21.40s pos_err=0.026m T=22.76N z=6.024 m_est=2.352
[INFO] [1789417933.719498878] [acados_nmpc_node]: [wcmd] raw=[+0.002,-0.032,+0.001] w=[-0.005,-0.097,-0.033] err=[+0.007,+0.065] scaled=[+0.028,+0.228] s=5.00
[INFO] [1789417933.765473491] [acados_nmpc_node]: [attach-window] t=21.45s pos_err=0.027m T=22.76N z=6.025 m_est=2.352
[INFO] [1789417933.811352578] [acados_nmpc_node]: [attach-window] t=21.50s pos_err=0.028m T=22.73N z=6.026 m_est=2.352
[INFO] [1789417933.865422266] [acados_nmpc_node]: [attach-window] t=21.55s pos_err=0.028m T=22.74N z=6.026 m_est=2.352
[INFO] [1789417933.911390906] [acados_nmpc_node]: [attach-window] t=21.60s pos_err=0.030m T=22.78N z=6.027 m_est=2.351
[INFO] [1789417933.919507548] [acados_nmpc_node]: [wcmd] raw=[+0.007,-0.021,+0.014] w=[+0.012,+0.145,+0.070] err=[-0.005,-0.165] scaled=[-0.013,-0.682] s=5.00
[INFO] [1789417933.965479058] [acados_nmpc_node]: [attach-window] t=21.65s pos_err=0.031m T=22.77N z=6.027 m_est=2.351
[INFO] [1789417934.011310649] [acados_nmpc_node]: [attach-window] t=21.70s pos_err=0.032m T=22.74N z=6.028 m_est=2.351
[INFO] [1789417934.065444428] [acados_nmpc_node]: [attach-window] t=21.75s pos_err=0.033m T=22.74N z=6.029 m_est=2.350
[INFO] [1789417934.114072234] [acados_nmpc_node]: t=21.8s | DYNAMIC: switch to figure8 (r=10.0 w=0.283) centered at [1.02,0.10] z=6.0, tracking with payload
[INFO] [1789417934.116571241] [acados_nmpc_node]: [attach-window] t=21.80s pos_err=0.030m T=22.68N z=6.030 m_est=2.350
[INFO] [1789417934.119495858] [acados_nmpc_node]: [wcmd] raw=[+0.001,+0.086,+0.003] w=[+0.002,-0.120,-0.036] err=[-0.002,+0.206] scaled=[-0.007,+0.903] s=4.97
[INFO] [1789417934.165779270] [acados_nmpc_node]: [attach-window] t=21.85s pos_err=0.030m T=22.67N z=6.030 m_est=2.349
[INFO] [1789417934.211584929] [acados_nmpc_node]: [attach-window] t=21.90s pos_err=0.031m T=22.70N z=6.031 m_est=2.349
[INFO] [1789417934.265640540] [acados_nmpc_node]: [attach-window] t=21.95s pos_err=0.032m T=22.69N z=6.032 m_est=2.349
[INFO] [1789417934.311403503] [acados_nmpc_node]: [attach-window] t=22.00s pos_err=0.034m T=22.56N z=6.034 m_est=2.348
[INFO] [1789417934.319463664] [acados_nmpc_node]: [wcmd] raw=[-0.009,-0.062,-0.015] w=[-0.008,+0.027,+0.007] err=[-0.001,-0.090] scaled=[-0.015,-0.418] s=4.95
[INFO] [1789417934.365326836] [acados_nmpc_node]: [attach-window] t=22.05s pos_err=0.035m T=22.55N z=6.034 m_est=2.348
[INFO] [1789417934.411808828] [acados_nmpc_node]: [attach-window] t=22.10s pos_err=0.036m T=22.49N z=6.036 m_est=2.347
[INFO] [1789417934.463640125] [acados_nmpc_node]: [attach-window] t=22.15s pos_err=0.038m T=22.47N z=6.037 m_est=2.347
[INFO] [1789417934.511371818] [acados_nmpc_node]: [attach-window] t=22.20s pos_err=0.040m T=22.47N z=6.039 m_est=2.346
[INFO] [1789417934.519454929] [acados_nmpc_node]: [wcmd] raw=[-0.007,+0.030,+0.010] w=[-0.005,+0.165,+0.064] err=[-0.003,-0.135] scaled=[-0.018,-0.502] s=4.94
[INFO] [1789417934.565545825] [acados_nmpc_node]: [attach-window] t=22.25s pos_err=0.041m T=22.47N z=6.040 m_est=2.345
[INFO] [1789417934.611708941] [acados_nmpc_node]: [attach-window] t=22.30s pos_err=0.043m T=22.38N z=6.042 m_est=2.345
[INFO] [1789417934.665464695] [acados_nmpc_node]: [attach-window] t=22.35s pos_err=0.045m T=22.36N z=6.043 m_est=2.344
[INFO] [1789417934.711823647] [acados_nmpc_node]: [attach-window] t=22.40s pos_err=0.047m T=22.38N z=6.045 m_est=2.344
[INFO] [1789417934.719498156] [acados_nmpc_node]: [wcmd] raw=[+0.003,+0.010,-0.014] w=[-0.016,-0.296,-0.126] err=[+0.018,+0.306] scaled=[+0.075,+1.211] s=4.92
[INFO] [1789417934.766324566] [acados_nmpc_node]: [attach-window] t=22.45s pos_err=0.048m T=22.36N z=6.046 m_est=2.343
[INFO] [1789417934.811334085] [acados_nmpc_node]: [attach-window] t=22.50s pos_err=0.049m T=22.32N z=6.047 m_est=2.342
[INFO] [1789417934.865729131] [acados_nmpc_node]: [attach-window] t=22.55s pos_err=0.050m T=22.33N z=6.048 m_est=2.341
[INFO] [1789417934.911680724] [acados_nmpc_node]: [attach-window] t=22.60s pos_err=0.051m T=22.29N z=6.048 m_est=2.341
[INFO] [1789417934.919564416] [acados_nmpc_node]: [wcmd] raw=[+0.008,-0.113,+0.001] w=[+0.018,+0.193,+0.073] err=[-0.010,-0.306] scaled=[-0.033,-1.305] s=4.89
[INFO] [1789417934.965673041] [acados_nmpc_node]: [attach-window] t=22.65s pos_err=0.052m T=22.27N z=6.049 m_est=2.340
[INFO] [1789417935.011829599] [acados_nmpc_node]: [attach-window] t=22.70s pos_err=0.053m T=22.33N z=6.049 m_est=2.339
[INFO] [1789417935.065811462] [acados_nmpc_node]: [attach-window] t=22.75s pos_err=0.053m T=22.34N z=6.049 m_est=2.338
[INFO] [1789417935.111406023] [acados_nmpc_node]: [attach-window] t=22.80s pos_err=0.053m T=22.26N z=6.049 m_est=2.337
[INFO] [1789417935.119541185] [acados_nmpc_node]: [wcmd] raw=[-0.003,+0.095,+0.021] w=[+0.006,+0.003,+0.008] err=[-0.009,+0.092] scaled=[-0.036,+0.452] s=4.87
[INFO] [1789417935.165546524] [acados_nmpc_node]: [attach-window] t=22.85s pos_err=0.053m T=22.29N z=6.049 m_est=2.336
[INFO] [1789417935.211039763] [acados_nmpc_node]: [attach-window] t=22.90s pos_err=0.053m T=22.32N z=6.049 m_est=2.336
[INFO] [1789417935.264034494] [acados_nmpc_node]: [attach-window] t=22.95s pos_err=0.054m T=22.31N z=6.048 m_est=2.335
[INFO] [1789417935.311469462] [acados_nmpc_node]: [attach-window] t=23.00s pos_err=0.053m T=22.30N z=6.048 m_est=2.334
[INFO] [1789417935.319530030] [acados_nmpc_node]: [wcmd] raw=[-0.012,-0.032,-0.018] w=[-0.024,-0.262,-0.109] err=[+0.012,+0.230] scaled=[+0.033,+0.847] s=4.83
[INFO] [1789417935.366069852] [acados_nmpc_node]: [attach-window] t=23.05s pos_err=0.053m T=22.30N z=6.047 m_est=2.333
[INFO] [1789417935.411646526] [acados_nmpc_node]: [attach-window] t=23.10s pos_err=0.053m T=22.23N z=6.047 m_est=2.332
[INFO] [1789417935.465744128] [acados_nmpc_node]: [attach-window] t=23.15s pos_err=0.052m T=22.26N z=6.047 m_est=2.331
[INFO] [1789417935.513047670] [acados_nmpc_node]: [attach-window] t=23.20s pos_err=0.052m T=22.36N z=6.047 m_est=2.330
[INFO] [1789417935.519474544] [acados_nmpc_node]: [wcmd] raw=[-0.001,-0.042,+0.222] w=[+0.007,+0.308,+0.124] err=[-0.008,-0.349] scaled=[-0.033,-1.370] s=4.80
[INFO] [1789417935.566707362] [acados_nmpc_node]: [attach-window] t=23.25s pos_err=0.052m T=22.37N z=6.046 m_est=2.329
[INFO] [1789417935.612621111] [acados_nmpc_node]: [attach-window] t=23.30s pos_err=0.051m T=22.36N z=6.045 m_est=2.328
[INFO] [1789417935.666931592] [acados_nmpc_node]: [attach-window] t=23.35s pos_err=0.050m T=22.38N z=6.044 m_est=2.327
[INFO] [1789417935.711600320] [acados_nmpc_node]: [attach-window] t=23.40s pos_err=0.049m T=22.33N z=6.043 m_est=2.327
[INFO] [1789417935.719497481] [acados_nmpc_node]: [wcmd] raw=[+0.015,+0.098,+0.266] w=[-0.014,-0.101,+0.022] err=[+0.030,+0.199] scaled=[+0.127,+0.845] s=4.76
[INFO] [1789417935.766455919] [acados_nmpc_node]: [attach-window] t=23.45s pos_err=0.048m T=22.36N z=6.042 m_est=2.326
[INFO] [1789417935.812762939] [acados_nmpc_node]: [attach-window] t=23.50s pos_err=0.047m T=22.46N z=6.041 m_est=2.325
[INFO] [1789417935.867272633] [acados_nmpc_node]: [attach-window] t=23.55s pos_err=0.046m T=22.47N z=6.040 m_est=2.324
[INFO] [1789417935.912422549] [acados_nmpc_node]: [attach-window] t=23.60s pos_err=0.045m T=22.45N z=6.039 m_est=2.323
[INFO] [1789417935.919486274] [acados_nmpc_node]: [wcmd] raw=[+0.008,-0.071,+0.351] w=[+0.040,-0.097,+0.134] err=[-0.032,+0.026] scaled=[-0.112,+0.025] s=4.72
[INFO] [1789417935.966367627] [acados_nmpc_node]: [attach-window] t=23.65s pos_err=0.044m T=22.46N z=6.038 m_est=2.322
[INFO] [1789417936.012297009] [acados_nmpc_node]: [attach-window] t=23.70s pos_err=0.042m T=22.45N z=6.037 m_est=2.321
[INFO] [1789417936.066720125] [acados_nmpc_node]: [attach-window] t=23.75s pos_err=0.041m T=22.46N z=6.036 m_est=2.320
[INFO] [1789417936.112137941] [acados_nmpc_node]: [attach-window] t=23.80s pos_err=0.040m T=22.57N z=6.035 m_est=2.320
[INFO] [1789417936.119527591] [acados_nmpc_node]: [wcmd] raw=[+0.003,+0.010,+0.596] w=[-0.029,+0.254,+0.394] err=[+0.032,-0.244] scaled=[+0.119,-0.886] s=4.67
[INFO] [1789417936.166637901] [acados_nmpc_node]: [attach-window] t=23.85s pos_err=0.039m T=22.59N z=6.034 m_est=2.319
[INFO] [1789417936.212418633] [acados_nmpc_node]: [attach-window] t=23.90s pos_err=0.038m T=22.50N z=6.033 m_est=2.319
[INFO] [1789417936.277486626] [acados_nmpc_node]: [attach-window] t=23.95s pos_err=0.037m T=22.50N z=6.033 m_est=2.318
[INFO] [1789417936.312593964] [acados_nmpc_node]: [attach-window] t=24.00s pos_err=0.036m T=22.47N z=6.033 m_est=2.318
[INFO] [1789417936.319472344] [acados_nmpc_node]: [wcmd] raw=[-0.012,+0.071,+0.903] w=[-0.002,-0.240,+0.371] err=[-0.010,+0.311] scaled=[-0.049,+1.202] s=4.64
[INFO] [1789417936.366805645] [acados_nmpc_node]: [attach-window] t=24.05s pos_err=0.036m T=22.46N z=6.033 m_est=2.317
[INFO] [1789417936.412522378] [acados_nmpc_node]: [attach-window] t=24.10s pos_err=0.035m T=22.90N z=6.032 m_est=2.317
[INFO] [1789417936.466669408] [acados_nmpc_node]: [attach-window] t=24.15s pos_err=0.033m T=22.99N z=6.031 m_est=2.317
[INFO] [1789417936.512552713] [acados_nmpc_node]: [attach-window] t=24.20s pos_err=0.030m T=22.84N z=6.028 m_est=2.316
[INFO] [1789417936.519499252] [acados_nmpc_node]: [wcmd] raw=[+0.011,-0.053,+1.167] w=[+0.012,+0.159,+0.795] err=[-0.001,-0.212] scaled=[+0.008,-0.819] s=4.62
[INFO] [1789417936.566281222] [acados_nmpc_node]: [attach-window] t=24.25s pos_err=0.029m T=22.78N z=6.027 m_est=2.316
[INFO] [1789417936.612069718] [acados_nmpc_node]: [attach-window] t=24.30s pos_err=0.028m T=22.66N z=6.026 m_est=2.316
[INFO] [1789417936.666320670] [acados_nmpc_node]: [attach-window] t=24.35s pos_err=0.027m T=22.59N z=6.026 m_est=2.316
[INFO] [1789417936.711776640] [acados_nmpc_node]: [attach-window] t=24.40s pos_err=0.026m T=22.88N z=6.025 m_est=2.316
[INFO] [1789417936.719522424] [acados_nmpc_node]: [wcmd] raw=[-0.013,+0.114,+0.799] w=[-0.053,+0.104,+1.023] err=[+0.039,+0.009] scaled=[+0.127,+0.147] s=4.58
[INFO] [1789417936.766158629] [acados_nmpc_node]: [attach-window] t=24.45s pos_err=0.025m T=22.96N z=6.024 m_est=2.316
[INFO] [1789417936.812288797] [acados_nmpc_node]: [attach-window] t=24.50s pos_err=0.023m T=22.94N z=6.023 m_est=2.316
[INFO] [1789417936.876055797] [acados_nmpc_node]: [attach-window] t=24.55s pos_err=0.022m T=22.93N z=6.022 m_est=2.316
[INFO] [1789417936.912221089] [acados_nmpc_node]: [attach-window] t=24.60s pos_err=0.021m T=22.85N z=6.021 m_est=2.316
[INFO] [1789417936.919467385] [acados_nmpc_node]: [wcmd] raw=[+0.010,+0.015,+0.358] w=[+0.015,-0.153,+0.880] err=[-0.006,+0.168] scaled=[-0.010,+0.612] s=4.55
[INFO] [1789417936.966341766] [acados_nmpc_node]: [attach-window] t=24.65s pos_err=0.020m T=22.82N z=6.021 m_est=2.316
[INFO] [1789417937.012118473] [acados_nmpc_node]: [attach-window] t=24.70s pos_err=0.020m T=22.69N z=6.021 m_est=2.317
[INFO] [1789417937.066538867] [acados_nmpc_node]: [attach-window] t=24.75s pos_err=0.020m T=22.67N z=6.021 m_est=2.317
[INFO] [1789417937.126958326] [acados_nmpc_node]: [attach-window] t=24.80s pos_err=0.024m T=22.62N z=6.023 m_est=2.318
[INFO] [1789417937.127389562] [acados_nmpc_node]: [wcmd] raw=[-0.052,+0.004,+0.144] w=[+0.044,+0.274,+0.790] err=[-0.096,-0.270] scaled=[-0.392,-0.947] s=4.53
[INFO] [1789417937.176553805] [acados_nmpc_node]: [attach-window] t=24.85s pos_err=0.024m T=22.61N z=6.024 m_est=2.318
[INFO] [1789417937.211334926] [acados_nmpc_node]: [attach-window] t=24.90s pos_err=0.028m T=22.73N z=6.027 m_est=2.319
[INFO] [1789417937.264876369] [acados_nmpc_node]: [attach-window] t=24.95s pos_err=0.028m T=22.76N z=6.028 m_est=2.320
[INFO] [1789417937.313045285] [acados_nmpc_node]: [attach-window] t=25.00s pos_err=0.033m T=22.66N z=6.031 m_est=2.320
[INFO] [1789417937.319439184] [acados_nmpc_node]: [wcmd] raw=[+0.004,+0.103,-0.249] w=[-0.055,-0.101,+0.289] err=[+0.059,+0.205] scaled=[+0.212,+0.824] s=4.52
[INFO] [1789417937.366876655] [acados_nmpc_node]: [attach-window] t=25.05s pos_err=0.031m T=22.62N z=6.032 m_est=2.321
[INFO] [1789417937.412955831] [acados_nmpc_node]: [attach-window] t=25.10s pos_err=0.037m T=22.61N z=6.034 m_est=2.322
[INFO] [1789417937.467006930] [acados_nmpc_node]: [attach-window] t=25.15s pos_err=0.035m T=22.63N z=6.036 m_est=2.323
[INFO] [1789417937.512873331] [acados_nmpc_node]: [attach-window] t=25.20s pos_err=0.044m T=22.64N z=6.039 m_est=2.324
[INFO] [1789417937.519672783] [acados_nmpc_node]: [wcmd] raw=[-0.018,-0.041,-0.502] w=[+0.028,+0.062,+0.015] err=[-0.046,-0.103] scaled=[-0.181,-0.402] s=4.52
[INFO] [1789417937.567313850] [acados_nmpc_node]: [attach-window] t=25.25s pos_err=0.040m T=22.70N z=6.040 m_est=2.325
[INFO] [1789417937.612693112] [acados_nmpc_node]: [attach-window] t=25.30s pos_err=0.050m T=22.66N z=6.043 m_est=2.326
[INFO] [1789417937.666783909] [acados_nmpc_node]: [attach-window] t=25.35s pos_err=0.044m T=22.66N z=6.045 m_est=2.327
[INFO] [1789417937.712453946] [acados_nmpc_node]: [attach-window] t=25.40s pos_err=0.053m T=22.67N z=6.047 m_est=2.327
[INFO] [1789417937.719559555] [acados_nmpc_node]: [wcmd] raw=[+0.023,+0.055,-0.639] w=[+0.044,+0.124,-0.254] err=[-0.021,-0.069] scaled=[-0.051,-0.190] s=4.54
[INFO] [1789417937.766392233] [acados_nmpc_node]: [attach-window] t=25.45s pos_err=0.046m T=22.74N z=6.049 m_est=2.328
[INFO] [1789417937.812067857] [acados_nmpc_node]: [attach-window] t=25.50s pos_err=0.056m T=22.65N z=6.052 m_est=2.329
[INFO] [1789417937.866376310] [acados_nmpc_node]: [attach-window] t=25.55s pos_err=0.048m T=22.74N z=6.053 m_est=2.330
[INFO] [1789417937.912065402] [acados_nmpc_node]: [attach-window] t=25.60s pos_err=0.062m T=22.72N z=6.057 m_est=2.330
[INFO] [1789417937.919530929] [acados_nmpc_node]: [wcmd] raw=[+0.028,-0.011,-0.577] w=[+0.007,-0.131,-0.595] err=[+0.022,+0.119] scaled=[+0.107,+0.414] s=4.56
[INFO] [1789417937.966107357] [acados_nmpc_node]: [attach-window] t=25.65s pos_err=0.052m T=22.77N z=6.058 m_est=2.331
[INFO] [1789417938.012062820] [acados_nmpc_node]: [attach-window] t=25.70s pos_err=0.063m T=22.83N z=6.061 m_est=2.332
[INFO] [1789417938.066286616] [acados_nmpc_node]: [attach-window] t=25.75s pos_err=0.050m T=22.96N z=6.062 m_est=2.332
[INFO] [1789417938.112157108] [acados_nmpc_node]: [attach-window] t=25.80s pos_err=0.067m T=22.97N z=6.064 m_est=2.333
[INFO] [1789417938.119532188] [acados_nmpc_node]: [wcmd] raw=[+0.055,-0.070,-0.406] w=[+0.061,+0.138,-0.554] err=[-0.006,-0.208] scaled=[+0.033,-0.817] s=4.60
[INFO] [1789417938.166313099] [acados_nmpc_node]: [attach-window] t=25.85s pos_err=0.052m T=23.10N z=6.065 m_est=2.333
[INFO] [1789417938.212415209] [acados_nmpc_node]: [attach-window] t=25.90s pos_err=0.065m T=23.04N z=6.067 m_est=2.333
[INFO] [1789417938.266496163] [acados_nmpc_node]: [attach-window] t=25.95s pos_err=0.046m T=23.11N z=6.068 m_est=2.333
[INFO] [1789417938.312448651] [acados_nmpc_node]: [attach-window] t=26.00s pos_err=0.067m T=23.05N z=6.071 m_est=2.334
[INFO] [1789417938.319539678] [acados_nmpc_node]: [wcmd] raw=[+0.076,-0.006,-0.248] w=[+0.068,-0.066,-0.573] err=[+0.009,+0.060] scaled=[+0.107,+0.213] s=4.62
[INFO] [1789417938.366595049] [acados_nmpc_node]: [attach-window] t=26.05s pos_err=0.046m T=23.13N z=6.073 m_est=2.334
[INFO] [1789417938.367077159] [acados_nmpc_node]: t=26.1s | pos_err=0.046m | T=23.13N | tau=[r-0.193 p0.255 y0.116]Nm | res_stat=2.464e-07(peak 9.945e-07) sqp_iter=4 | solve=1.9ms
[INFO] [1789417938.367286050] [acados_nmpc_node]: [flight-diag] t=26.1s | om_scale=4.618(lo 4.513 hi 4.997) | tilt_max=5.35deg | w_max=[r0.081 p0.329 y1.087]rad/s | u_frac=[T0.738 r0.667 p1.000 y1.000] | u_sat=[T0.0 r0.0 p2.0 y21.0]% | mot_peak=1.000 mot_sat=9.0% | health=1 age=0.000s conf=0.000 | n=100
[INFO] [1789417938.412270083] [acados_nmpc_node]: [attach-window] t=26.10s pos_err=0.062m T=23.08N z=6.076 m_est=2.334
[INFO] [1789417938.466248700] [acados_nmpc_node]: [attach-window] t=26.15s pos_err=0.040m T=23.19N z=6.078 m_est=2.334
[INFO] [1789417938.512222330] [acados_nmpc_node]: [attach-window] t=26.20s pos_err=0.065m T=23.02N z=6.083 m_est=2.334
[INFO] [1789417938.519542814] [acados_nmpc_node]: [wcmd] raw=[+0.074,-0.080,-0.147] w=[+0.091,-0.051,-0.430] err=[-0.017,-0.030] scaled=[+0.011,-0.188] s=4.63
[INFO] [1789417938.566335253] [acados_nmpc_node]: [attach-window] t=26.25s pos_err=0.041m T=23.10N z=6.085 m_est=2.334
[INFO] [1789417938.612452895] [acados_nmpc_node]: [attach-window] t=26.30s pos_err=0.067m T=23.02N z=6.091 m_est=2.334
[INFO] [1789417938.666369676] [acados_nmpc_node]: [attach-window] t=26.35s pos_err=0.041m T=23.11N z=6.093 m_est=2.333
[INFO] [1789417938.711805956] [acados_nmpc_node]: [attach-window] t=26.40s pos_err=0.059m T=23.05N z=6.099 m_est=2.333
[INFO] [1789417938.719554831] [acados_nmpc_node]: [wcmd] raw=[+0.052,-0.036,-0.106] w=[+0.062,+0.038,-0.264] err=[-0.010,-0.074] scaled=[+0.016,-0.306] s=4.64
[INFO] [1789417938.766337952] [acados_nmpc_node]: [attach-window] t=26.45s pos_err=0.034m T=23.18N z=6.102 m_est=2.333
[INFO] [1789417938.811743032] [acados_nmpc_node]: [attach-window] t=26.50s pos_err=0.060m T=23.03N z=6.108 m_est=2.333
[INFO] [1789417938.866167453] [acados_nmpc_node]: [attach-window] t=26.55s pos_err=0.034m T=23.15N z=6.112 m_est=2.333
[INFO] [1789417938.911856550] [acados_nmpc_node]: [attach-window] t=26.60s pos_err=0.049m T=23.05N z=6.118 m_est=2.333
[INFO] [1789417938.919605744] [acados_nmpc_node]: [wcmd] raw=[+0.051,-0.041,-0.149] w=[+0.063,-0.078,-0.214] err=[-0.011,+0.038] scaled=[+0.011,+0.097] s=4.65
[INFO] [1789417938.966262917] [acados_nmpc_node]: [attach-window] t=26.65s pos_err=0.030m T=23.15N z=6.122 m_est=2.333
[INFO] [1789417939.011964327] [acados_nmpc_node]: [attach-window] t=26.70s pos_err=0.047m T=23.05N z=6.130 m_est=2.333
[INFO] [1789417939.066542032] [acados_nmpc_node]: [attach-window] t=26.75s pos_err=0.029m T=23.20N z=6.133 m_est=2.333
[INFO] [1789417939.112040271] [acados_nmpc_node]: [attach-window] t=26.80s pos_err=0.035m T=23.04N z=6.140 m_est=2.333
[INFO] [1789417939.119556578] [acados_nmpc_node]: [wcmd] raw=[+0.023,-0.088,-0.236] w=[+0.049,+0.004,-0.157] err=[-0.026,-0.092] scaled=[-0.071,-0.425] s=4.65
[INFO] [1789417939.166407428] [acados_nmpc_node]: [attach-window] t=26.85s pos_err=0.032m T=23.18N z=6.144 m_est=2.333
[INFO] [1789417939.212037376] [acados_nmpc_node]: [attach-window] t=26.90s pos_err=0.026m T=23.08N z=6.152 m_est=2.333
[INFO] [1789417939.266747033] [acados_nmpc_node]: [attach-window] t=26.95s pos_err=0.044m T=23.18N z=6.156 m_est=2.333
[INFO] [1789417939.312130886] [acados_nmpc_node]: [attach-window] t=27.00s pos_err=0.026m T=23.04N z=6.165 m_est=2.334
[INFO] [1789417939.319526233] [acados_nmpc_node]: [wcmd] raw=[+0.011,-0.081,-0.329] w=[+0.039,-0.006,-0.191] err=[-0.028,-0.075] scaled=[-0.092,-0.357] s=4.65
[INFO] [1789417939.366645020] [acados_nmpc_node]: [attach-window] t=27.05s pos_err=0.047m T=23.18N z=6.170 m_est=2.334
[INFO] [1789417939.412149643] [acados_nmpc_node]: [attach-window] t=27.10s pos_err=0.031m T=22.97N z=6.179 m_est=2.334
[INFO] [1789417939.466525185] [acados_nmpc_node]: [attach-window] t=27.15s pos_err=0.051m T=23.05N z=6.185 m_est=2.335
[INFO] [1789417939.512024315] [acados_nmpc_node]: [attach-window] t=27.20s pos_err=0.040m T=22.89N z=6.195 m_est=2.335
[INFO] [1789417939.519502237] [acados_nmpc_node]: [wcmd] raw=[+0.022,-0.122,-0.433] w=[+0.023,-0.198,-0.340] err=[-0.001,+0.076] scaled=[+0.018,+0.155] s=4.65
[INFO] [1789417939.566950185] [acados_nmpc_node]: [attach-window] t=27.25s pos_err=0.067m T=23.00N z=6.200 m_est=2.335
[INFO] [1789417939.612070567] [acados_nmpc_node]: [attach-window] t=27.30s pos_err=0.053m T=22.90N z=6.210 m_est=2.336
[INFO] [1789417939.666524796] [acados_nmpc_node]: [attach-window] t=27.35s pos_err=0.073m T=22.98N z=6.217 m_est=2.336
[INFO] [1789417939.712027861] [acados_nmpc_node]: [attach-window] t=27.40s pos_err=0.063m T=22.85N z=6.227 m_est=2.336
[INFO] [1789417939.719481378] [acados_nmpc_node]: [wcmd] raw=[+0.034,-0.143,-0.497] w=[+0.076,+0.052,-0.315] err=[-0.042,-0.195] scaled=[-0.121,-0.855] s=4.66
[INFO] [1789417939.766698055] [acados_nmpc_node]: [attach-window] t=27.45s pos_err=0.088m T=23.02N z=6.232 m_est=2.337
[INFO] [1789417939.812102087] [acados_nmpc_node]: [attach-window] t=27.50s pos_err=0.076m T=22.83N z=6.242 m_est=2.337
[INFO] [1789417939.867262847] [acados_nmpc_node]: [attach-window] t=27.55s pos_err=0.103m T=22.91N z=6.248 m_est=2.337
[INFO] [1789417939.912183873] [acados_nmpc_node]: [attach-window] t=27.60s pos_err=0.085m T=22.77N z=6.260 m_est=2.338
[INFO] [1789417939.919516869] [acados_nmpc_node]: [wcmd] raw=[+0.044,-0.074,-0.547] w=[+0.077,-0.121,-0.470] err=[-0.034,+0.047] scaled=[-0.080,+0.097] s=4.68
[INFO] [1789417939.964524343] [acados_nmpc_node]: [attach-window] t=27.65s pos_err=0.106m T=22.88N z=6.265 m_est=2.338
[INFO] [1789417940.011392240] [acados_nmpc_node]: [attach-window] t=27.70s pos_err=0.096m T=22.79N z=6.275 m_est=2.338
[INFO] [1789417940.066566968] [acados_nmpc_node]: [attach-window] t=27.75s pos_err=0.120m T=22.96N z=6.280 m_est=2.338
[INFO] [1789417940.112459110] [acados_nmpc_node]: [attach-window] t=27.80s pos_err=0.103m T=22.74N z=6.292 m_est=2.338
[INFO] [1789417940.119459118] [acados_nmpc_node]: [wcmd] raw=[+0.043,-0.148,-0.591] w=[+0.062,-0.141,-0.562] err=[-0.019,-0.008] scaled=[-0.027,-0.176] s=4.70
[INFO] [1789417940.167266320] [acados_nmpc_node]: [attach-window] t=27.85s pos_err=0.123m T=22.87N z=6.298 m_est=2.339
[INFO] [1789417940.212378496] [acados_nmpc_node]: [attach-window] t=27.90s pos_err=0.111m T=22.81N z=6.309 m_est=2.339
[INFO] [1789417940.267176214] [acados_nmpc_node]: [attach-window] t=27.95s pos_err=0.134m T=22.91N z=6.314 m_est=2.339
[INFO] [1789417940.312244810] [acados_nmpc_node]: [attach-window] t=28.00s pos_err=0.116m T=22.85N z=6.327 m_est=2.339
[INFO] [1789417940.319533425] [acados_nmpc_node]: [wcmd] raw=[+0.046,-0.101,-0.576] w=[+0.095,+0.062,-0.526] err=[-0.049,-0.163] scaled=[-0.138,-0.705] s=4.72
[INFO] [1789417940.366707255] [acados_nmpc_node]: [attach-window] t=28.05s pos_err=0.136m T=23.03N z=6.332 m_est=2.339
[INFO] [1789417940.412283190] [acados_nmpc_node]: [attach-window] t=28.10s pos_err=0.123m T=22.81N z=6.344 m_est=2.339
[INFO] [1789417940.466896686] [acados_nmpc_node]: [attach-window] t=28.15s pos_err=0.146m T=22.94N z=6.349 m_est=2.338
[INFO] [1789417940.512471292] [acados_nmpc_node]: [attach-window] t=28.20s pos_err=0.128m T=22.74N z=6.363 m_est=2.338
[INFO] [1789417940.519504883] [acados_nmpc_node]: [wcmd] raw=[+0.035,-0.087,-0.573] w=[+0.067,-0.195,-0.667] err=[-0.032,+0.108] scaled=[-0.085,+0.317] s=4.72
[INFO] [1789417940.567205101] [acados_nmpc_node]: [attach-window] t=28.25s pos_err=0.147m T=22.80N z=6.369 m_est=2.338
[INFO] [1789417940.612290843] [acados_nmpc_node]: [attach-window] t=28.30s pos_err=0.135m T=22.75N z=6.381 m_est=2.338
[INFO] [1789417940.666702928] [acados_nmpc_node]: [attach-window] t=28.35s pos_err=0.156m T=22.93N z=6.387 m_est=2.338
[INFO] [1789417940.712285440] [acados_nmpc_node]: [attach-window] t=28.40s pos_err=0.138m T=22.71N z=6.401 m_est=2.337
[INFO] [1789417940.719474704] [acados_nmpc_node]: [wcmd] raw=[+0.015,-0.161,-0.536] w=[+0.049,-0.029,-0.608] err=[-0.033,-0.132] scaled=[-0.109,-0.653] s=4.73
[INFO] [1789417940.766976062] [acados_nmpc_node]: [attach-window] t=28.45s pos_err=0.155m T=22.88N z=6.407 m_est=2.337
[INFO] [1789417940.812237748] [acados_nmpc_node]: [attach-window] t=28.50s pos_err=0.143m T=22.74N z=6.419 m_est=2.337
[INFO] [1789417940.867273761] [acados_nmpc_node]: [attach-window] t=28.55s pos_err=0.162m T=22.81N z=6.425 m_est=2.337
[INFO] [1789417940.912352838] [acados_nmpc_node]: [attach-window] t=28.60s pos_err=0.144m T=22.76N z=6.438 m_est=2.336
[INFO] [1789417940.919576867] [acados_nmpc_node]: [wcmd] raw=[+0.020,-0.110,-0.485] w=[+0.055,-0.054,-0.590] err=[-0.035,-0.056] scaled=[-0.111,-0.320] s=4.73
[INFO] [1789417940.966720956] [acados_nmpc_node]: [attach-window] t=28.65s pos_err=0.159m T=22.94N z=6.444 m_est=2.336
[INFO] [1789417941.012135948] [acados_nmpc_node]: [attach-window] t=28.70s pos_err=0.146m T=22.78N z=6.455 m_est=2.336
[INFO] [1789417941.066756669] [acados_nmpc_node]: [attach-window] t=28.75s pos_err=0.163m T=22.94N z=6.461 m_est=2.335
[INFO] [1789417941.112061534] [acados_nmpc_node]: [attach-window] t=28.80s pos_err=0.144m T=22.73N z=6.473 m_est=2.335
[INFO] [1789417941.119538551] [acados_nmpc_node]: [wcmd] raw=[+0.020,-0.156,-0.461] w=[+0.038,-0.175,-0.603] err=[-0.018,+0.019] scaled=[-0.048,-0.086] s=4.74
[INFO] [1789417941.167382619] [acados_nmpc_node]: [attach-window] t=28.85s pos_err=0.157m T=22.85N z=6.479 m_est=2.335
[INFO] [1789417941.212062053] [acados_nmpc_node]: [attach-window] t=28.90s pos_err=0.141m T=22.72N z=6.491 m_est=2.334
[INFO] [1789417941.266893669] [acados_nmpc_node]: [attach-window] t=28.95s pos_err=0.159m T=22.92N z=6.495 m_est=2.334
[INFO] [1789417941.312103539] [acados_nmpc_node]: [attach-window] t=29.00s pos_err=0.138m T=22.74N z=6.507 m_est=2.334
[INFO] [1789417941.319585093] [acados_nmpc_node]: [wcmd] raw=[+0.022,-0.143,-0.424] w=[+0.040,-0.088,-0.520] err=[-0.018,-0.055] scaled=[-0.044,-0.350] s=4.74
[INFO] [1789417941.366766580] [acados_nmpc_node]: [attach-window] t=29.05s pos_err=0.151m T=22.86N z=6.512 m_est=2.334
[INFO] [1789417941.412111953] [acados_nmpc_node]: [attach-window] t=29.10s pos_err=0.134m T=22.75N z=6.522 m_est=2.333
[INFO] [1789417941.466850557] [acados_nmpc_node]: [attach-window] t=29.15s pos_err=0.152m T=22.89N z=6.527 m_est=2.333
[INFO] [1789417941.512085159] [acados_nmpc_node]: [attach-window] t=29.20s pos_err=0.128m T=22.77N z=6.537 m_est=2.333
[INFO] [1789417941.519464408] [acados_nmpc_node]: [wcmd] raw=[+0.008,-0.157,-0.419] w=[+0.051,-0.097,-0.484] err=[-0.043,-0.060] scaled=[-0.153,-0.383] s=4.74
[INFO] [1789417941.566767823] [acados_nmpc_node]: [attach-window] t=29.25s pos_err=0.144m T=22.90N z=6.542 m_est=2.333
[INFO] [1789417941.612244465] [acados_nmpc_node]: [attach-window] t=29.30s pos_err=0.125m T=22.77N z=6.551 m_est=2.333
[INFO] [1789417941.667153827] [acados_nmpc_node]: [attach-window] t=29.35s pos_err=0.148m T=22.89N z=6.556 m_est=2.333
[INFO] [1789417941.712095488] [acados_nmpc_node]: [attach-window] t=29.40s pos_err=0.119m T=22.77N z=6.565 m_est=2.333
[INFO] [1789417941.719492263] [acados_nmpc_node]: [wcmd] raw=[-0.011,-0.168,-0.414] w=[+0.016,-0.129,-0.475] err=[-0.027,-0.039] scaled=[-0.114,-0.313] s=4.74
[INFO] [1789417941.766777912] [acados_nmpc_node]: [attach-window] t=29.45s pos_err=0.140m T=22.90N z=6.569 m_est=2.332
[INFO] [1789417941.812143394] [acados_nmpc_node]: [attach-window] t=29.50s pos_err=0.117m T=22.78N z=6.577 m_est=2.332
[INFO] [1789417941.867023685] [acados_nmpc_node]: [attach-window] t=29.55s pos_err=0.145m T=22.90N z=6.581 m_est=2.332
[INFO] [1789417941.912078434] [acados_nmpc_node]: [attach-window] t=29.60s pos_err=0.109m T=22.78N z=6.589 m_est=2.332
[INFO] [1789417941.919524099] [acados_nmpc_node]: [wcmd] raw=[-0.006,-0.195,-0.417] w=[+0.012,-0.155,-0.464] err=[-0.018,-0.040] scaled=[-0.072,-0.346] s=4.74
[INFO] [1789417941.966947501] [acados_nmpc_node]: [attach-window] t=29.65s pos_err=0.136m T=22.89N z=6.592 m_est=2.332
[INFO] [1789417942.012191302] [acados_nmpc_node]: [attach-window] t=29.70s pos_err=0.108m T=22.79N z=6.599 m_est=2.332
[INFO] [1789417942.067400166] [acados_nmpc_node]: [attach-window] t=29.75s pos_err=0.142m T=22.89N z=6.602 m_est=2.332
[INFO] [1789417942.112354733] [acados_nmpc_node]: [attach-window] t=29.80s pos_err=0.100m T=22.81N z=6.609 m_est=2.332
[INFO] [1789417942.119498381] [acados_nmpc_node]: [wcmd] raw=[-0.007,-0.203,-0.427] w=[+0.022,-0.152,-0.446] err=[-0.028,-0.051] scaled=[-0.113,-0.395] s=4.74
[INFO] [1789417942.167640097] [acados_nmpc_node]: [attach-window] t=29.85s pos_err=0.134m T=22.91N z=6.612 m_est=2.332
[INFO] [1789417942.212402119] [acados_nmpc_node]: [attach-window] t=29.90s pos_err=0.092m T=22.79N z=6.617 m_est=2.333
[INFO] [1789417942.267529456] [acados_nmpc_node]: [attach-window] t=29.95s pos_err=0.141m T=22.90N z=6.619 m_est=2.333
[INFO] [1789417942.312404906] [acados_nmpc_node]: [attach-window] t=30.00s pos_err=0.093m T=22.82N z=6.624 m_est=2.333
[INFO] [1789417942.319533147] [acados_nmpc_node]: [wcmd] raw=[-0.009,-0.181,-0.449] w=[+0.005,-0.233,-0.475] err=[-0.013,+0.052] scaled=[-0.058,+0.012] s=4.74
[INFO] [1789417942.367721342] [acados_nmpc_node]: [attach-window] t=30.05s pos_err=0.133m T=22.82N z=6.627 m_est=2.333
[INFO] [1789417942.412476944] [acados_nmpc_node]: [attach-window] t=30.10s pos_err=0.098m T=22.82N z=6.631 m_est=2.333
[INFO] [1789417942.467670176] [acados_nmpc_node]: [attach-window] t=30.15s pos_err=0.126m T=22.89N z=6.634 m_est=2.334
[INFO] [1789417942.512429427] [acados_nmpc_node]: [attach-window] t=30.20s pos_err=0.092m T=22.86N z=6.637 m_est=2.334
[INFO] [1789417942.519501561] [acados_nmpc_node]: [wcmd] raw=[-0.023,-0.212,-0.489] w=[+0.011,-0.135,-0.444] err=[-0.033,-0.077] scaled=[-0.147,-0.502] s=4.74
[INFO] [1789417942.567762550] [acados_nmpc_node]: [attach-window] t=30.25s pos_err=0.135m T=22.92N z=6.639 m_est=2.334
[INFO] [1789417942.614262796] [acados_nmpc_node]: [attach-window] t=30.30s pos_err=0.100m T=22.91N z=6.642 m_est=2.334
[INFO] [1789417942.667972885] [acados_nmpc_node]: [attach-window] t=30.35s pos_err=0.130m T=22.87N z=6.643 m_est=2.334
[INFO] [1789417942.712846741] [acados_nmpc_node]: [attach-window] t=30.40s pos_err=0.096m T=22.93N z=6.646 m_est=2.335
[INFO] [1789417942.719573550] [acados_nmpc_node]: [wcmd] raw=[-0.028,-0.158,-0.547] w=[+0.006,-0.117,-0.459] err=[-0.034,-0.041] scaled=[-0.155,-0.313] s=4.74
[INFO] [1789417942.767878371] [acados_nmpc_node]: [attach-window] t=30.45s pos_err=0.141m T=22.96N z=6.647 m_est=2.335
[INFO] [1789417942.812706258] [acados_nmpc_node]: [attach-window] t=30.50s pos_err=0.106m T=22.93N z=6.649 m_est=2.335
[INFO] [1789417942.867711059] [acados_nmpc_node]: [attach-window] t=30.55s pos_err=0.151m T=22.93N z=6.650 m_est=2.335
[INFO] [1789417942.912665892] [acados_nmpc_node]: [attach-window] t=30.60s pos_err=0.103m T=22.93N z=6.651 m_est=2.336
[INFO] [1789417942.919552923] [acados_nmpc_node]: [wcmd] raw=[-0.025,-0.171,-0.649] w=[-0.006,-0.196,-0.545] err=[-0.019,+0.024] scaled=[-0.094,-0.080] s=4.74
[INFO] [1789417942.968043923] [acados_nmpc_node]: [attach-window] t=30.65s pos_err=0.146m T=22.91N z=6.652 m_est=2.336
[INFO] [1789417943.012485716] [acados_nmpc_node]: [attach-window] t=30.70s pos_err=0.113m T=22.92N z=6.653 m_est=2.336
[INFO] [1789417943.067446570] [acados_nmpc_node]: [attach-window] t=30.75s pos_err=0.155m T=22.93N z=6.653 m_est=2.337
[INFO] [1789417943.112748472] [acados_nmpc_node]: [attach-window] t=30.80s pos_err=0.110m T=22.96N z=6.653 m_est=2.337
[INFO] [1789417943.119484892] [acados_nmpc_node]: [wcmd] raw=[-0.020,-0.173,-0.774] w=[+0.010,-0.120,-0.593] err=[-0.029,-0.052] scaled=[-0.129,-0.368] s=4.74
[INFO] [1789417943.167862413] [acados_nmpc_node]: [attach-window] t=30.85s pos_err=0.150m T=22.97N z=6.653 m_est=2.337
[INFO] [1789417943.212816224] [acados_nmpc_node]: [attach-window] t=30.90s pos_err=0.120m T=22.98N z=6.652 m_est=2.338
[INFO] [1789417943.268282758] [acados_nmpc_node]: [attach-window] t=30.95s pos_err=0.158m T=22.98N z=6.651 m_est=2.338
[INFO] [1789417943.312838051] [acados_nmpc_node]: [attach-window] t=31.00s pos_err=0.117m T=23.04N z=6.649 m_est=2.338
[INFO] [1789417943.319522442] [acados_nmpc_node]: [wcmd] raw=[-0.016,-0.137,-0.940] w=[+0.031,-0.153,-0.716] err=[-0.047,+0.016] scaled=[-0.193,-0.077] s=4.74
[INFO] [1789417943.367742420] [acados_nmpc_node]: [attach-window] t=31.05s pos_err=0.152m T=23.05N z=6.648 m_est=2.338
[INFO] [1789417943.368232564] [acados_nmpc_node]: t=31.1s | pos_err=0.152m | T=23.05N | tau=[r-0.202 p0.393 y-0.131]Nm | res_stat=9.765e-07(peak 9.973e-07) sqp_iter=6 | solve=2.9ms
[INFO] [1789417943.368438611] [acados_nmpc_node]: [flight-diag] t=31.1s | om_scale=4.742(lo 4.623 hi 4.742) | tilt_max=9.77deg | w_max=[r0.100 p0.249 y0.717]rad/s | u_frac=[T0.740 r0.582 p1.000 y0.657] | u_sat=[T0.0 r0.0 p9.0 y0.0]% | mot_peak=0.955 mot_sat=0.0% | health=1 age=0.000s conf=0.000 | n=100
[INFO] [1789417943.412909224] [acados_nmpc_node]: [attach-window] t=31.10s pos_err=0.125m T=23.06N z=6.645 m_est=2.339
[INFO] [1789417943.467566235] [acados_nmpc_node]: [attach-window] t=31.15s pos_err=0.158m T=23.07N z=6.643 m_est=2.339
[INFO] [1789417943.538146122] [acados_nmpc_node]: [attach-window] t=31.20s pos_err=0.123m T=23.08N z=6.640 m_est=2.339
[INFO] [1789417943.538694998] [acados_nmpc_node]: [wcmd] raw=[-0.024,-0.155,-1.181] w=[+0.007,-0.153,-0.876] err=[-0.031,-0.001] scaled=[-0.142,-0.160] s=4.74
[INFO] [1789417943.567541377] [acados_nmpc_node]: [attach-window] t=31.25s pos_err=0.152m T=23.08N z=6.638 m_est=2.340
[INFO] [1789417943.620613860] [acados_nmpc_node]: [attach-window] t=31.30s pos_err=0.131m T=23.09N z=6.633 m_est=2.340
[INFO] [1789417943.665000875] [acados_nmpc_node]: [attach-window] t=31.35s pos_err=0.155m T=23.09N z=6.631 m_est=2.340
[INFO] [1789417943.717166557] [acados_nmpc_node]: [attach-window] t=31.40s pos_err=0.130m T=23.07N z=6.626 m_est=2.340
[INFO] [1789417943.719568484] [acados_nmpc_node]: [wcmd] raw=[-0.062,-0.127,-1.367] w=[+0.025,-0.080,-1.040] err=[-0.086,-0.047] scaled=[-0.385,-0.305] s=4.74
[INFO] [1789417943.765347323] [acados_nmpc_node]: [attach-window] t=31.45s pos_err=0.151m T=23.10N z=6.623 m_est=2.340
[INFO] [1789417943.816843300] [acados_nmpc_node]: [attach-window] t=31.50s pos_err=0.136m T=23.05N z=6.618 m_est=2.341
[INFO] [1789417943.867735228] [acados_nmpc_node]: [attach-window] t=31.55s pos_err=0.155m T=23.06N z=6.615 m_est=2.341
[INFO] [1789417943.919060546] [acados_nmpc_node]: [attach-window] t=31.60s pos_err=0.136m T=23.03N z=6.609 m_est=2.341
[INFO] [1789417943.919680865] [acados_nmpc_node]: [wcmd] raw=[-0.033,-0.092,-1.520] w=[-0.013,-0.115,-1.280] err=[-0.020,+0.023] scaled=[-0.109,-0.007] s=4.74
[INFO] [1789417943.971799016] [acados_nmpc_node]: [attach-window] t=31.65s pos_err=0.150m T=23.04N z=6.606 m_est=2.341
[INFO] [1789417944.017729087] [acados_nmpc_node]: [attach-window] t=31.70s pos_err=0.139m T=23.00N z=6.601 m_est=2.341
[INFO] [1789417944.069570101] [acados_nmpc_node]: [attach-window] t=31.75s pos_err=0.150m T=23.03N z=6.598 m_est=2.341
[INFO] [1789417944.117057137] [acados_nmpc_node]: [attach-window] t=31.80s pos_err=0.138m T=22.97N z=6.592 m_est=2.341
[INFO] [1789417944.119601586] [acados_nmpc_node]: [wcmd] raw=[-0.028,-0.112,-1.511] w=[+0.011,-0.078,-1.459] err=[-0.038,-0.035] scaled=[-0.171,-0.242] s=4.74
[INFO] [1789417944.168594111] [acados_nmpc_node]: [attach-window] t=31.86s pos_err=0.143m T=23.00N z=6.589 m_est=2.342
[INFO] [1789417944.214979411] [acados_nmpc_node]: [attach-window] t=31.90s pos_err=0.136m T=22.98N z=6.583 m_est=2.342
[INFO] [1789417944.267728212] [acados_nmpc_node]: [attach-window] t=31.96s pos_err=0.139m T=23.03N z=6.579 m_est=2.342
[INFO] [1789417944.313453264] [acados_nmpc_node]: [attach-window] t=32.00s pos_err=0.133m T=23.05N z=6.571 m_est=2.342
[INFO] [1789417944.319491811] [acados_nmpc_node]: [wcmd] raw=[-0.008,-0.118,-1.277] w=[+0.027,-0.019,-1.537] err=[-0.035,-0.099] scaled=[-0.138,-0.488] s=4.74
[INFO] [1789417944.367475296] [acados_nmpc_node]: [attach-window] t=32.05s pos_err=0.129m T=23.14N z=6.568 m_est=2.342
[INFO] [1789417944.412579331] [acados_nmpc_node]: [attach-window] t=32.10s pos_err=0.125m T=23.08N z=6.560 m_est=2.342
[INFO] [1789417944.467508497] [acados_nmpc_node]: [attach-window] t=32.15s pos_err=0.119m T=23.14N z=6.556 m_est=2.342
[INFO] [1789417944.512564588] [acados_nmpc_node]: [attach-window] t=32.20s pos_err=0.118m T=23.08N z=6.547 m_est=2.342
[INFO] [1789417944.519447969] [acados_nmpc_node]: [wcmd] raw=[+0.021,-0.111,-0.984] w=[+0.036,-0.101,-1.500] err=[-0.014,-0.010] scaled=[-0.032,-0.149] s=4.74
[INFO] [1789417944.565289691] [acados_nmpc_node]: [attach-window] t=32.25s pos_err=0.107m T=23.13N z=6.543 m_est=2.341
[INFO] [1789417944.611636505] [acados_nmpc_node]: [attach-window] t=32.30s pos_err=0.106m T=23.05N z=6.535 m_est=2.341
[INFO] [1789417944.665157609] [acados_nmpc_node]: [attach-window] t=32.35s pos_err=0.094m T=23.13N z=6.531 m_est=2.341
[INFO] [1789417944.712503348] [acados_nmpc_node]: [attach-window] t=32.40s pos_err=0.096m T=23.00N z=6.522 m_est=2.340
[INFO] [1789417944.719505274] [acados_nmpc_node]: [wcmd] raw=[+0.022,-0.149,-0.711] w=[+0.040,-0.043,-1.255] err=[-0.017,-0.106] scaled=[-0.042,-0.547] s=4.74
[INFO] [1789417944.767504258] [acados_nmpc_node]: [attach-window] t=32.45s pos_err=0.079m T=23.07N z=6.518 m_est=2.340
[INFO] [1789417944.812600841] [acados_nmpc_node]: [attach-window] t=32.50s pos_err=0.079m T=22.94N z=6.509 m_est=2.339
[INFO] [1789417944.867679726] [acados_nmpc_node]: [attach-window] t=32.55s pos_err=0.067m T=22.96N z=6.505 m_est=2.339
[INFO] [1789417944.912617082] [acados_nmpc_node]: [attach-window] t=32.60s pos_err=0.066m T=22.86N z=6.495 m_est=2.338
[INFO] [1789417944.919503447] [acados_nmpc_node]: [wcmd] raw=[+0.032,-0.121,-0.406] w=[+0.037,-0.046,-0.955] err=[-0.005,-0.076] scaled=[+0.015,-0.404] s=4.74
[INFO] [1789417944.967851400] [acados_nmpc_node]: [attach-window] t=32.65s pos_err=0.054m T=22.93N z=6.491 m_est=2.337
[INFO] [1789417945.012729481] [acados_nmpc_node]: [attach-window] t=32.70s pos_err=0.047m T=22.74N z=6.482 m_est=2.336
[INFO] [1789417945.067331053] [acados_nmpc_node]: [attach-window] t=32.75s pos_err=0.056m T=22.80N z=6.478 m_est=2.335
[INFO] [1789417945.112808262] [acados_nmpc_node]: [attach-window] t=32.80s pos_err=0.038m T=22.59N z=6.469 m_est=2.335
[INFO] [1789417945.119599105] [acados_nmpc_node]: [wcmd] raw=[+0.025,-0.153,-0.127] w=[+0.047,-0.126,-0.661] err=[-0.022,-0.027] scaled=[-0.056,-0.253] s=4.74
[INFO] [1789417945.167548767] [acados_nmpc_node]: [attach-window] t=32.85s pos_err=0.054m T=22.63N z=6.465 m_est=2.334
[INFO] [1789417945.212823691] [acados_nmpc_node]: [attach-window] t=32.90s pos_err=0.031m T=22.49N z=6.458 m_est=2.333
[INFO] [1789417945.267436929] [acados_nmpc_node]: [attach-window] t=32.95s pos_err=0.074m T=22.57N z=6.454 m_est=2.332
[INFO] [1789417945.318328614] [acados_nmpc_node]: [attach-window] t=33.00s pos_err=0.034m T=22.41N z=6.444 m_est=2.331
[INFO] [1789417945.319497419] [acados_nmpc_node]: [wcmd] raw=[+0.017,-0.189,+0.177] w=[+0.009,-0.047,-0.310] err=[+0.007,-0.142] scaled=[+0.044,-0.721] s=4.74
[INFO] [1789417945.367525878] [acados_nmpc_node]: [attach-window] t=33.05s pos_err=0.077m T=22.53N z=6.440 m_est=2.330
[INFO] [1789417945.412682863] [acados_nmpc_node]: [attach-window] t=33.10s pos_err=0.045m T=22.36N z=6.430 m_est=2.330
[INFO] [1789417945.465401936] [acados_nmpc_node]: [attach-window] t=33.15s pos_err=0.096m T=22.43N z=6.426 m_est=2.329
[INFO] [1789417945.511572043] [acados_nmpc_node]: [attach-window] t=33.20s pos_err=0.049m T=22.39N z=6.414 m_est=2.329
[INFO] [1789417945.519457190] [acados_nmpc_node]: [wcmd] raw=[-0.004,-0.167,+0.196] w=[+0.005,-0.130,-0.063] err=[-0.009,-0.038] scaled=[-0.036,-0.307] s=4.73
[INFO] [1789417945.567371728] [acados_nmpc_node]: [attach-window] t=33.25s pos_err=0.100m T=22.50N z=6.408 m_est=2.328
[INFO] [1789417945.612074804] [acados_nmpc_node]: [attach-window] t=33.30s pos_err=0.061m T=22.44N z=6.397 m_est=2.328
[INFO] [1789417945.667364384] [acados_nmpc_node]: [attach-window] t=33.35s pos_err=0.097m T=22.55N z=6.389 m_est=2.327
[INFO] [1789417945.712426106] [acados_nmpc_node]: [attach-window] t=33.40s pos_err=0.060m T=22.51N z=6.376 m_est=2.327
[INFO] [1789417945.719515487] [acados_nmpc_node]: [wcmd] raw=[-0.026,-0.191,+0.113] w=[-0.023,-0.147,+0.106] err=[-0.003,-0.044] scaled=[-0.039,-0.353] s=4.70
[INFO] [1789417945.767590747] [acados_nmpc_node]: [attach-window] t=33.45s pos_err=0.115m T=22.58N z=6.370 m_est=2.327
[INFO] [1789417945.812152513] [acados_nmpc_node]: [attach-window] t=33.50s pos_err=0.071m T=22.65N z=6.357 m_est=2.326
[INFO] [1789417945.867584303] [acados_nmpc_node]: [attach-window] t=33.55s pos_err=0.135m T=22.48N z=6.350 m_est=2.326
[INFO] [1789417945.912568977] [acados_nmpc_node]: [attach-window] t=33.60s pos_err=0.069m T=22.74N z=6.334 m_est=2.326
[INFO] [1789417945.919456284] [acados_nmpc_node]: [wcmd] raw=[-0.043,-0.135,-0.003] w=[-0.040,-0.006,+0.211] err=[-0.003,-0.129] scaled=[-0.052,-0.611] s=4.69
[INFO] [1789417945.967791286] [acados_nmpc_node]: [attach-window] t=33.66s pos_err=0.131m T=22.86N z=6.327 m_est=2.325
[INFO] [1789417946.012176919] [acados_nmpc_node]: [attach-window] t=33.70s pos_err=0.082m T=22.77N z=6.313 m_est=2.325
[INFO] [1789417946.067572238] [acados_nmpc_node]: [attach-window] t=33.75s pos_err=0.152m T=22.52N z=6.305 m_est=2.325
[INFO] [1789417946.112209197] [acados_nmpc_node]: [attach-window] t=33.80s pos_err=0.080m T=22.74N z=6.289 m_est=2.324
[INFO] [1789417946.119465062] [acados_nmpc_node]: [wcmd] raw=[-0.048,-0.108,-0.134] w=[-0.042,-0.076,+0.121] err=[-0.006,-0.032] scaled=[-0.072,-0.224] s=4.68
[INFO] [1789417946.168439515] [acados_nmpc_node]: [attach-window] t=33.86s pos_err=0.152m T=22.63N z=6.282 m_est=2.324
[INFO] [1789417946.212146618] [acados_nmpc_node]: [attach-window] t=33.90s pos_err=0.097m T=22.78N z=6.268 m_est=2.324
[INFO] [1789417946.267945947] [acados_nmpc_node]: [attach-window] t=33.95s pos_err=0.174m T=22.50N z=6.261 m_est=2.323
[INFO] [1789417946.312093256] [acados_nmpc_node]: [attach-window] t=34.00s pos_err=0.095m T=22.79N z=6.244 m_est=2.323
[INFO] [1789417946.319534928] [acados_nmpc_node]: [wcmd] raw=[-0.054,-0.106,-0.216] w=[-0.047,-0.046,+0.018] err=[-0.006,-0.060] scaled=[-0.076,-0.326] s=4.66
[INFO] [1789417946.367768323] [acados_nmpc_node]: [attach-window] t=34.05s pos_err=0.171m T=22.66N z=6.237 m_est=2.323
[INFO] [1789417946.412266953] [acados_nmpc_node]: [attach-window] t=34.10s pos_err=0.115m T=22.80N z=6.222 m_est=2.323
[INFO] [1789417946.468148091] [acados_nmpc_node]: [attach-window] t=34.16s pos_err=0.170m T=22.57N z=6.213 m_est=2.323
[INFO] [1789417946.512456882] [acados_nmpc_node]: [attach-window] t=34.20s pos_err=0.111m T=22.84N z=6.197 m_est=2.323
[INFO] [1789417946.519524624] [acados_nmpc_node]: [wcmd] raw=[-0.043,-0.113,-0.233] w=[-0.047,-0.043,-0.093] err=[+0.004,-0.070] scaled=[-0.030,-0.368] s=4.63
[INFO] [1789417946.568050145] [acados_nmpc_node]: [attach-window] t=34.26s pos_err=0.193m T=22.63N z=6.190 m_est=2.323
[INFO] [1789417946.612527605] [acados_nmpc_node]: [attach-window] t=34.30s pos_err=0.132m T=22.88N z=6.174 m_est=2.323
[INFO] [1789417946.668219234] [acados_nmpc_node]: [attach-window] t=34.35s pos_err=0.217m T=21.79N z=6.166 m_est=2.323
[INFO] [1789417946.712601341] [acados_nmpc_node]: [attach-window] t=34.40s pos_err=0.129m T=23.03N z=6.147 m_est=2.323
[INFO] [1789417946.719525692] [acados_nmpc_node]: [wcmd] raw=[-0.026,-0.108,-0.191] w=[-0.032,-0.065,-0.159] err=[+0.006,-0.044] scaled=[-0.004,-0.266] s=4.62
[INFO] [1789417946.768313316] [acados_nmpc_node]: [attach-window] t=34.46s pos_err=0.214m T=22.61N z=6.139 m_est=2.324
[INFO] [1789417946.812486082] [acados_nmpc_node]: [attach-window] t=34.50s pos_err=0.150m T=23.23N z=6.121 m_est=2.324
[INFO] [1789417946.868226668] [acados_nmpc_node]: [attach-window] t=34.55s pos_err=0.236m T=21.08N z=6.112 m_est=2.324
[INFO] [1789417946.912721015] [acados_nmpc_node]: [attach-window] t=34.60s pos_err=0.146m T=23.60N z=6.092 m_est=2.325
[INFO] [1789417946.919494331] [acados_nmpc_node]: [wcmd] raw=[-0.040,-0.149,-0.115] w=[-0.033,-0.095,-0.179] err=[-0.007,-0.055] scaled=[-0.066,-0.346] s=4.60
[INFO] [1789417946.968477705] [acados_nmpc_node]: [attach-window] t=34.65s pos_err=0.231m T=21.87N z=6.083 m_est=2.325
[INFO] [1789417947.015585913] [acados_nmpc_node]: [attach-window] t=34.70s pos_err=0.167m T=21.54N z=6.064 m_est=2.325
[INFO] [1789417947.075767348] [acados_nmpc_node]: [attach-window] t=34.75s pos_err=0.255m T=17.84N z=6.055 m_est=2.325
[INFO] [1789417947.115671605] [acados_nmpc_node]: [attach-window] t=34.80s pos_err=0.163m T=22.55N z=6.033 m_est=2.326
[INFO] [1789417947.119451502] [acados_nmpc_node]: [wcmd] raw=[-0.025,-0.083,-0.061] w=[-0.042,-0.093,-0.139] err=[+0.016,+0.010] scaled=[+0.033,-0.045] s=4.60
[INFO] [1789417947.172065583] [acados_nmpc_node]: [attach-window] t=34.85s pos_err=0.250m T=20.25N z=6.021 m_est=2.326
[INFO] [1789417947.214116169] [acados_nmpc_node]: [attach-window] t=34.90s pos_err=0.186m T=23.68N z=5.996 m_est=2.326
[INFO] [1789417947.272696962] [acados_nmpc_node]: [attach-window] t=34.95s pos_err=0.274m T=20.75N z=5.983 m_est=2.325
[INFO] [1789417947.316371528] [acados_nmpc_node]: [attach-window] t=35.00s pos_err=0.183m T=24.60N z=5.952 m_est=2.325
[INFO] [1789417947.319529410] [acados_nmpc_node]: [wcmd] raw=[-0.064,-0.066,+0.026] w=[-0.064,-0.043,-0.080] err=[+0.000,-0.024] scaled=[-0.064,-0.151] s=4.59
[INFO] [1789417947.370092832] [acados_nmpc_node]: [attach-window] t=35.05s pos_err=0.270m T=22.37N z=5.939 m_est=2.324
[INFO] [1789417947.413516857] [acados_nmpc_node]: [attach-window] t=35.10s pos_err=0.210m T=25.07N z=5.911 m_est=2.323
[INFO] [1789417947.489686849] [acados_nmpc_node]: [attach-window] t=35.15s pos_err=0.298m T=22.57N z=5.898 m_est=2.322
[INFO] [1789417947.512851365] [acados_nmpc_node]: [attach-window] t=35.20s pos_err=0.211m T=25.42N z=5.871 m_est=2.322
[INFO] [1789417947.539489541] [acados_nmpc_node]: [wcmd] raw=[-0.040,-0.117,+0.117] w=[-0.072,-0.089,-0.019] err=[+0.031,-0.028] scaled=[+0.072,-0.217] s=4.59
[INFO] [1789417947.584846382] [acados_nmpc_node]: [attach-window] t=35.26s pos_err=0.296m T=22.52N z=5.860 m_est=2.320
[INFO] [1789417947.612962147] [acados_nmpc_node]: [attach-window] t=35.30s pos_err=0.236m T=23.75N z=5.840 m_est=2.319
[INFO] [1789417947.669463044] [acados_nmpc_node]: [attach-window] t=35.35s pos_err=0.321m T=21.35N z=5.832 m_est=2.318
[INFO] [1789417947.712805741] [acados_nmpc_node]: [attach-window] t=35.40s pos_err=0.233m T=24.01N z=5.815 m_est=2.317
[INFO] [1789417947.768166166] [acados_nmpc_node]: [attach-window] t=35.45s pos_err=0.315m T=22.73N z=5.808 m_est=2.315
[INFO] [1789417947.768577586] [acados_nmpc_node]: [wcmd] raw=[-0.066,-0.043,+0.161] w=[-0.051,-0.077,+0.080] err=[-0.015,+0.034] scaled=[-0.119,+0.078] s=4.57
[INFO] [1789417947.812771313] [acados_nmpc_node]: [attach-window] t=35.50s pos_err=0.254m T=24.09N z=5.794 m_est=2.314
[INFO] [1789417947.868172239] [acados_nmpc_node]: [attach-window] t=35.55s pos_err=0.337m T=22.99N z=5.787 m_est=2.312
[INFO] [1789417947.912773594] [acados_nmpc_node]: [attach-window] t=35.60s pos_err=0.248m T=24.09N z=5.774 m_est=2.310
[INFO] [1789417947.968238705] [acados_nmpc_node]: [attach-window] t=35.65s pos_err=0.329m T=23.49N z=5.768 m_est=2.308
[INFO] [1789417947.968650503] [acados_nmpc_node]: [wcmd] raw=[-0.043,+0.038,+0.181] w=[-0.041,+0.003,+0.171] err=[-0.002,+0.036] scaled=[-0.051,+0.166] s=4.54
[INFO] [1789417948.012779426] [acados_nmpc_node]: [attach-window] t=35.70s pos_err=0.266m T=23.72N z=5.758 m_est=2.307
[INFO] [1789417948.071598505] [acados_nmpc_node]: [attach-window] t=35.75s pos_err=0.319m T=23.41N z=5.753 m_est=2.305
[INFO] [1789417948.112985320] [acados_nmpc_node]: [attach-window] t=35.80s pos_err=0.255m T=23.21N z=5.745 m_est=2.303
[INFO] [1789417948.168832056] [acados_nmpc_node]: [attach-window] t=35.86s pos_err=0.333m T=22.94N z=5.742 m_est=2.301
[INFO] [1789417948.169260021] [acados_nmpc_node]: [wcmd] raw=[-0.079,+0.029,+0.175] w=[-0.040,+0.018,+0.196] err=[-0.039,+0.011] scaled=[-0.214,+0.066] s=4.49
[INFO] [1789417948.213052033] [acados_nmpc_node]: [attach-window] t=35.90s pos_err=0.266m T=22.68N z=5.736 m_est=2.299
[INFO] [1789417948.303884516] [acados_nmpc_node]: [attach-window] t=35.95s pos_err=0.343m T=22.35N z=5.733 m_est=2.297
[INFO] [1789417948.312930017] [acados_nmpc_node]: [attach-window] t=36.00s pos_err=0.248m T=22.41N z=5.726 m_est=2.295
[INFO] [1789417948.368587152] [acados_nmpc_node]: [attach-window] t=36.05s pos_err=0.322m T=22.24N z=5.723 m_est=2.293
[INFO] [1789417948.369059943] [acados_nmpc_node]: t=36.1s | pos_err=0.322m | T=22.24N | tau=[r-0.239 p0.500 y0.027]Nm | res_stat=4.217e-07(peak 9.973e-07) sqp_iter=6 | solve=3.5ms
[INFO] [1789417948.369262373] [acados_nmpc_node]: [flight-diag] t=36.1s | om_scale=4.434(lo 4.434 hi 4.742) | tilt_max=12.25deg | w_max=[r0.093 p0.175 y1.546]rad/s | u_frac=[T0.811 r0.680 p1.000 y1.000] | u_sat=[T0.0 r0.0 p38.0 y17.0]% | mot_peak=0.991 mot_sat=1.6% | health=1 age=0.000s conf=0.000 | n=100
[INFO] [1789417948.399532580] [acados_nmpc_node]: [wcmd] raw=[-0.089,-0.094,+0.209] w=[-0.086,-0.188,+0.135] err=[-0.003,+0.094] scaled=[-0.098,+0.227] s=4.41
[INFO] [1789417948.412725281] [acados_nmpc_node]: [attach-window] t=36.10s pos_err=0.229m T=22.39N z=5.715 m_est=2.292
[INFO] [1789417948.477922533] [acados_nmpc_node]: [attach-window] t=36.16s pos_err=0.327m T=22.12N z=5.712 m_est=2.290
[INFO] [1789417948.512686059] [acados_nmpc_node]: [attach-window] t=36.20s pos_err=0.233m T=22.47N z=5.702 m_est=2.289
[INFO] [1789417948.568765557] [acados_nmpc_node]: [attach-window] t=36.26s pos_err=0.303m T=22.34N z=5.697 m_est=2.287
[INFO] [1789417948.599581009] [acados_nmpc_node]: [wcmd] raw=[-0.077,-0.062,+0.269] w=[-0.060,-0.115,+0.213] err=[-0.018,+0.054] scaled=[-0.137,+0.118] s=4.34
[INFO] [1789417948.612646320] [acados_nmpc_node]: [attach-window] t=36.30s pos_err=0.236m T=22.62N z=5.686 m_est=2.286
[INFO] [1789417948.671669113] [acados_nmpc_node]: [attach-window] t=36.35s pos_err=0.298m T=22.56N z=5.680 m_est=2.285
[INFO] [1789417948.711540339] [acados_nmpc_node]: [attach-window] t=36.40s pos_err=0.215m T=22.91N z=5.665 m_est=2.284
[INFO] [1789417948.765403976] [acados_nmpc_node]: [attach-window] t=36.45s pos_err=0.274m T=22.86N z=5.659 m_est=2.283
[INFO] [1789417948.799496491] [acados_nmpc_node]: [wcmd] raw=[-0.063,-0.072,+0.323] w=[-0.059,-0.073,+0.267] err=[-0.004,+0.001] scaled=[-0.077,-0.069] s=4.27
[INFO] [1789417948.811548992] [acados_nmpc_node]: [attach-window] t=36.50s pos_err=0.218m T=23.05N z=5.645 m_est=2.283
[INFO] [1789417948.865638058] [acados_nmpc_node]: [attach-window] t=36.55s pos_err=0.277m T=22.94N z=5.638 m_est=2.283
[INFO] [1789417948.911684442] [acados_nmpc_node]: [attach-window] t=36.60s pos_err=0.200m T=23.27N z=5.621 m_est=2.283
[INFO] [1789417948.968218920] [acados_nmpc_node]: [attach-window] t=36.66s pos_err=0.261m T=23.18N z=5.613 m_est=2.283
[INFO] [1789417948.999549440] [acados_nmpc_node]: [wcmd] raw=[-0.054,-0.014,+0.394] w=[-0.039,-0.031,+0.326] err=[-0.016,+0.017] scaled=[-0.106,+0.041] s=4.22
[INFO] [1789417949.012448337] [acados_nmpc_node]: [attach-window] t=36.70s pos_err=0.205m T=23.38N z=5.598 m_est=2.284
[INFO] [1789417949.068274151] [acados_nmpc_node]: [attach-window] t=36.76s pos_err=0.263m T=23.27N z=5.590 m_est=2.285
[INFO] [1789417949.112561491] [acados_nmpc_node]: [attach-window] t=36.80s pos_err=0.191m T=23.50N z=5.573 m_est=2.286
[INFO] [1789417949.168108762] [acados_nmpc_node]: [attach-window] t=36.86s pos_err=0.246m T=23.39N z=5.565 m_est=2.287
[INFO] [1789417949.199572451] [acados_nmpc_node]: [wcmd] raw=[-0.054,-0.012,+0.479] w=[-0.028,-0.011,+0.375] err=[-0.026,-0.001] scaled=[-0.137,-0.016] s=4.18
[INFO] [1789417949.212293131] [acados_nmpc_node]: [attach-window] t=36.90s pos_err=0.196m T=23.52N z=5.550 m_est=2.288
[INFO] [1789417949.268337957] [acados_nmpc_node]: [attach-window] t=36.95s pos_err=0.248m T=23.39N z=5.543 m_est=2.290
[INFO] [1789417949.312269567] [acados_nmpc_node]: [attach-window] t=37.00s pos_err=0.184m T=23.58N z=5.527 m_est=2.292
[INFO] [1789417949.368402559] [acados_nmpc_node]: [attach-window] t=37.06s pos_err=0.233m T=23.47N z=5.520 m_est=2.294
[INFO] [1789417949.399487644] [acados_nmpc_node]: [wcmd] raw=[-0.063,+0.004,+0.592] w=[-0.035,+0.005,+0.436] err=[-0.028,-0.001] scaled=[-0.152,+0.002] s=4.17
[INFO] [1789417949.412339275] [acados_nmpc_node]: [attach-window] t=37.10s pos_err=0.190m T=23.56N z=5.507 m_est=2.295
[INFO] [1789417949.465592114] [acados_nmpc_node]: [attach-window] t=37.15s pos_err=0.234m T=23.45N z=5.501 m_est=2.298
[INFO] [1789417949.512482781] [acados_nmpc_node]: [attach-window] t=37.20s pos_err=0.181m T=23.58N z=5.486 m_est=2.300
[INFO] [1789417949.569663336] [acados_nmpc_node]: [attach-window] t=37.26s pos_err=0.224m T=23.48N z=5.480 m_est=2.302
[INFO] [1789417949.599512203] [acados_nmpc_node]: [wcmd] raw=[-0.081,+0.011,+0.725] w=[-0.053,+0.007,+0.512] err=[-0.028,+0.004] scaled=[-0.172,+0.024] s=4.20
[INFO] [1789417949.612395344] [acados_nmpc_node]: [attach-window] t=37.30s pos_err=0.186m T=23.57N z=5.468 m_est=2.304
[INFO] [1789417949.667887881] [acados_nmpc_node]: [attach-window] t=37.35s pos_err=0.227m T=23.47N z=5.462 m_est=2.307
[INFO] [1789417949.712299894] [acados_nmpc_node]: [attach-window] t=37.40s pos_err=0.176m T=23.60N z=5.449 m_est=2.310
[INFO] [1789417949.769245416] [acados_nmpc_node]: [attach-window] t=37.46s pos_err=0.215m T=23.53N z=5.444 m_est=2.313
[INFO] [1789417949.799570583] [acados_nmpc_node]: [wcmd] raw=[-0.069,+0.002,+0.870] w=[-0.062,+0.026,+0.626] err=[-0.007,-0.024] scaled=[-0.092,-0.077] s=4.25
[INFO] [1789417949.812462098] [acados_nmpc_node]: [attach-window] t=37.50s pos_err=0.180m T=23.55N z=5.433 m_est=2.315
[INFO] [1789417949.867840309] [acados_nmpc_node]: [attach-window] t=37.56s pos_err=0.203m T=23.48N z=5.427 m_est=2.317
[INFO] [1789417949.912601177] [acados_nmpc_node]: [attach-window] t=37.60s pos_err=0.169m T=23.48N z=5.418 m_est=2.319
[INFO] [1789417949.967928874] [acados_nmpc_node]: [attach-window] t=37.66s pos_err=0.203m T=23.41N z=5.414 m_est=2.321
[INFO] [1789417949.999472582] [acados_nmpc_node]: [wcmd] raw=[-0.051,-0.015,+1.002] w=[-0.024,-0.053,+0.727] err=[-0.027,+0.038] scaled=[-0.142,+0.112] s=4.33
[INFO] [1789417950.012657970] [acados_nmpc_node]: [attach-window] t=37.70s pos_err=0.170m T=23.41N z=5.406 m_est=2.323
[INFO] [1789417950.068010073] [acados_nmpc_node]: [attach-window] t=37.76s pos_err=0.203m T=23.33N z=5.402 m_est=2.325
[INFO] [1789417950.112547844] [acados_nmpc_node]: [attach-window] t=37.80s pos_err=0.160m T=23.38N z=5.393 m_est=2.326
[INFO] [1789417950.168268803] [acados_nmpc_node]: [attach-window] t=37.86s pos_err=0.190m T=23.34N z=5.389 m_est=2.327
[INFO] [1789417950.199480732] [acados_nmpc_node]: [wcmd] raw=[-0.050,-0.016,+1.086] w=[-0.033,+0.024,+0.892] err=[-0.017,-0.041] scaled=[-0.107,-0.155] s=4.41
[INFO] [1789417950.212568090] [acados_nmpc_node]: [attach-window] t=37.90s pos_err=0.159m T=23.30N z=5.382 m_est=2.329
[INFO] [1789417950.267772799] [acados_nmpc_node]: [attach-window] t=37.96s pos_err=0.187m T=23.25N z=5.379 m_est=2.330
[INFO] [1789417950.312478918] [acados_nmpc_node]: [attach-window] t=38.00s pos_err=0.147m T=23.25N z=5.372 m_est=2.331
[INFO] [1789417950.367810444] [acados_nmpc_node]: [attach-window] t=38.06s pos_err=0.173m T=23.22N z=5.369 m_est=2.332
[INFO] [1789417950.399501049] [acados_nmpc_node]: [wcmd] raw=[-0.055,+0.011,+1.081] w=[-0.031,-0.029,+0.983] err=[-0.024,+0.039] scaled=[-0.138,+0.148] s=4.48
[INFO] [1789417950.412423242] [acados_nmpc_node]: [attach-window] t=38.10s pos_err=0.144m T=23.24N z=5.362 m_est=2.332
[INFO] [1789417950.467575156] [acados_nmpc_node]: [attach-window] t=38.15s pos_err=0.170m T=23.23N z=5.359 m_est=2.333
[INFO] [1789417950.512640723] [acados_nmpc_node]: [attach-window] t=38.20s pos_err=0.131m T=23.25N z=5.352 m_est=2.334
[INFO] [1789417950.568822216] [acados_nmpc_node]: [attach-window] t=38.26s pos_err=0.157m T=23.26N z=5.349 m_est=2.334
[INFO] [1789417950.599567086] [acados_nmpc_node]: [wcmd] raw=[-0.056,+0.006,+0.970] w=[-0.033,-0.012,+1.041] err=[-0.023,+0.017] scaled=[-0.140,+0.068] s=4.55
[INFO] [1789417950.612821588] [acados_nmpc_node]: [attach-window] t=38.30s pos_err=0.128m T=23.25N z=5.342 m_est=2.335
[INFO] [1789417950.668505101] [acados_nmpc_node]: [attach-window] t=38.36s pos_err=0.155m T=23.23N z=5.339 m_est=2.335
[INFO] [1789417950.712668805] [acados_nmpc_node]: [attach-window] t=38.40s pos_err=0.117m T=23.29N z=5.332 m_est=2.336
[INFO] [1789417950.768248639] [acados_nmpc_node]: [attach-window] t=38.46s pos_err=0.145m T=23.32N z=5.328 m_est=2.336
[INFO] [1789417950.799609348] [acados_nmpc_node]: [wcmd] raw=[-0.033,+0.031,+0.806] w=[-0.028,+0.028,+1.033] err=[-0.005,+0.002] scaled=[-0.052,+0.040] s=4.59
[INFO] [1789417950.840064436] [acados_nmpc_node]: [attach-window] t=38.50s pos_err=0.117m T=23.30N z=5.321 m_est=2.336
[INFO] [1789417950.868689458] [acados_nmpc_node]: [attach-window] t=38.56s pos_err=0.148m T=23.33N z=5.318 m_est=2.336
[INFO] [1789417950.912866161] [acados_nmpc_node]: [attach-window] t=38.60s pos_err=0.110m T=23.29N z=5.310 m_est=2.336
[INFO] [1789417950.968305150] [acados_nmpc_node]: [attach-window] t=38.66s pos_err=0.141m T=23.33N z=5.307 m_est=2.336
[INFO] [1789417951.012774367] [acados_nmpc_node]: [attach-window] t=38.70s pos_err=0.103m T=23.18N z=5.300 m_est=2.336
[INFO] [1789417951.019486287] [acados_nmpc_node]: [wcmd] raw=[+0.043,-0.146,+0.504] w=[+0.016,-0.080,+0.862] err=[+0.027,-0.066] scaled=[+0.143,-0.383] s=4.62
[INFO] [1789417951.067827631] [acados_nmpc_node]: [attach-window] t=38.76s pos_err=0.147m T=23.22N z=5.298 m_est=2.336
[INFO] [1789417951.112680472] [acados_nmpc_node]: [attach-window] t=38.80s pos_err=0.107m T=23.10N z=5.293 m_est=2.336
[INFO] [1789417951.167969157] [acados_nmpc_node]: [attach-window] t=38.86s pos_err=0.142m T=23.06N z=5.290 m_est=2.336
[INFO] [1789417951.212524503] [acados_nmpc_node]: [attach-window] t=38.90s pos_err=0.112m T=23.01N z=5.287 m_est=2.336
[INFO] [1789417951.219454209] [acados_nmpc_node]: [wcmd] raw=[+0.002,-0.073,+0.346] w=[+0.022,-0.024,+0.721] err=[-0.020,-0.048] scaled=[-0.069,-0.249] s=4.64
[INFO] [1789417951.267801925] [acados_nmpc_node]: [attach-window] t=38.96s pos_err=0.151m T=23.06N z=5.285 m_est=2.336
[INFO] [1789417951.312631292] [acados_nmpc_node]: [attach-window] t=39.00s pos_err=0.107m T=22.96N z=5.282 m_est=2.336
[INFO] [1789417951.368013173] [acados_nmpc_node]: [attach-window] t=39.06s pos_err=0.147m T=23.01N z=5.280 m_est=2.336
[INFO] [1789417951.412607341] [acados_nmpc_node]: [attach-window] t=39.10s pos_err=0.115m T=22.89N z=5.278 m_est=2.336
[INFO] [1789417951.419509001] [acados_nmpc_node]: [wcmd] raw=[-0.001,-0.093,+0.211] w=[-0.022,-0.104,+0.489] err=[+0.022,+0.010] scaled=[+0.079,-0.056] s=4.66
[INFO] [1789417951.468334341] [acados_nmpc_node]: [attach-window] t=39.16s pos_err=0.159m T=22.88N z=5.276 m_est=2.337
[INFO] [1789417951.512725835] [acados_nmpc_node]: [attach-window] t=39.20s pos_err=0.112m T=22.86N z=5.274 m_est=2.337
[INFO] [1789417951.568098924] [acados_nmpc_node]: [attach-window] t=39.26s pos_err=0.157m T=22.94N z=5.272 m_est=2.337
[INFO] [1789417951.612706929] [acados_nmpc_node]: [attach-window] t=39.30s pos_err=0.123m T=22.86N z=5.270 m_est=2.337
[INFO] [1789417951.619601062] [acados_nmpc_node]: [wcmd] raw=[+0.009,-0.102,+0.159] w=[+0.008,-0.045,+0.356] err=[+0.001,-0.057] scaled=[+0.013,-0.311] s=4.66
[INFO] [1789417951.667942541] [acados_nmpc_node]: [attach-window] t=39.36s pos_err=0.154m T=22.92N z=5.268 m_est=2.337
[INFO] [1789417951.712287059] [acados_nmpc_node]: [attach-window] t=39.40s pos_err=0.119m T=22.86N z=5.265 m_est=2.337
[INFO] [1789417951.767957021] [acados_nmpc_node]: [attach-window] t=39.46s pos_err=0.168m T=22.95N z=5.263 m_est=2.337
[INFO] [1789417951.812293953] [acados_nmpc_node]: [attach-window] t=39.50s pos_err=0.130m T=22.95N z=5.260 m_est=2.337
[INFO] [1789417951.819563551] [acados_nmpc_node]: [wcmd] raw=[-0.003,-0.077,+0.149] w=[-0.001,-0.120,+0.214] err=[-0.002,+0.043] scaled=[-0.012,+0.080] s=4.67
[INFO] [1789417951.867974974] [acados_nmpc_node]: [attach-window] t=39.56s pos_err=0.182m T=22.95N z=5.258 m_est=2.337
[INFO] [1789417951.912438443] [acados_nmpc_node]: [attach-window] t=39.60s pos_err=0.125m T=23.01N z=5.254 m_est=2.337
[INFO] [1789417951.986051037] [acados_nmpc_node]: [attach-window] t=39.65s pos_err=0.173m T=23.14N z=5.252 m_est=2.337
[INFO] [1789417952.029919173] [acados_nmpc_node]: [attach-window] t=39.70s pos_err=0.119m T=22.99N z=5.247 m_est=2.337
[INFO] [1789417952.039523441] [acados_nmpc_node]: [wcmd] raw=[+0.009,-0.215,+0.179] w=[-0.022,-0.162,+0.133] err=[+0.031,-0.053] scaled=[+0.123,-0.409] s=4.67
[INFO] [1789417952.067934982] [acados_nmpc_node]: [attach-window] t=39.76s pos_err=0.190m T=23.01N z=5.246 m_est=2.337
[INFO] [1789417952.112327584] [acados_nmpc_node]: [attach-window] t=39.80s pos_err=0.129m T=22.96N z=5.242 m_est=2.337
[INFO] [1789417952.168518873] [acados_nmpc_node]: [attach-window] t=39.86s pos_err=0.185m T=22.84N z=5.240 m_est=2.337
[INFO] [1789417952.212309842] [acados_nmpc_node]: [attach-window] t=39.90s pos_err=0.122m T=22.97N z=5.237 m_est=2.337
[INFO] [1789417952.239608359] [acados_nmpc_node]: [wcmd] raw=[+0.026,-0.173,+0.238] w=[+0.011,+0.009,+0.212] err=[+0.014,-0.182] scaled=[+0.078,-0.844] s=4.68
[INFO] [1789417952.267905409] [acados_nmpc_node]: [attach-window] t=39.96s pos_err=0.176m T=23.09N z=5.235 m_est=2.337
[INFO] [1789417952.312625259] [acados_nmpc_node]: [attach-window] t=40.00s pos_err=0.133m T=22.96N z=5.232 m_est=2.337
[INFO] [1789417952.365397586] [acados_nmpc_node]: [attach-window] t=40.05s pos_err=0.186m T=22.94N z=5.231 m_est=2.337
[INFO] [1789417952.412810063] [acados_nmpc_node]: [attach-window] t=40.10s pos_err=0.146m T=22.99N z=5.229 m_est=2.336
[INFO] [1789417952.439528204] [acados_nmpc_node]: [wcmd] raw=[+0.001,-0.069,+0.274] w=[-0.002,-0.104,+0.194] err=[+0.003,+0.036] scaled=[+0.011,+0.063] s=4.68
[INFO] [1789417952.493946753] [acados_nmpc_node]: [attach-window] t=40.16s pos_err=0.186m T=22.99N z=5.227 m_est=2.336
[INFO] [1789417952.512683562] [acados_nmpc_node]: [attach-window] t=40.20s pos_err=0.142m T=23.07N z=5.225 m_est=2.336
[INFO] [1789417952.593424706] [acados_nmpc_node]: [attach-window] t=40.26s pos_err=0.202m T=23.16N z=5.225 m_est=2.336
[INFO] [1789417952.637292180] [acados_nmpc_node]: [attach-window] t=40.30s pos_err=0.156m T=23.05N z=5.223 m_est=2.336
[INFO] [1789417952.668108699] [acados_nmpc_node]: [attach-window] t=40.36s pos_err=0.217m T=22.81N z=5.223 m_est=2.335
[INFO] [1789417952.679562128] [acados_nmpc_node]: [wcmd] raw=[-0.027,-0.081,+0.311] w=[+0.000,-0.202,+0.198] err=[-0.028,+0.121] scaled=[-0.130,+0.365] s=4.68
[INFO] [1789417952.712634068] [acados_nmpc_node]: [attach-window] t=40.40s pos_err=0.153m T=22.93N z=5.223 m_est=2.335
[INFO] [1789417952.768044937] [acados_nmpc_node]: [attach-window] t=40.46s pos_err=0.213m T=22.84N z=5.223 m_est=2.335
[INFO] [1789417952.836012927] [acados_nmpc_node]: [attach-window] t=40.50s pos_err=0.148m T=22.99N z=5.223 m_est=2.335
[INFO] [1789417952.868342272] [acados_nmpc_node]: [attach-window] t=40.56s pos_err=0.207m T=23.08N z=5.223 m_est=2.335
[INFO] [1789417952.879466363] [acados_nmpc_node]: [wcmd] raw=[-0.021,+0.002,+0.339] w=[-0.015,+0.053,+0.331] err=[-0.006,-0.052] scaled=[-0.043,-0.189] s=4.68
[INFO] [1789417952.912471773] [acados_nmpc_node]: [attach-window] t=40.60s pos_err=0.161m T=23.00N z=5.224 m_est=2.335
[INFO] [1789417952.968082212] [acados_nmpc_node]: [attach-window] t=40.66s pos_err=0.220m T=23.04N z=5.224 m_est=2.335
[INFO] [1789417953.012605934] [acados_nmpc_node]: [attach-window] t=40.70s pos_err=0.173m T=22.95N z=5.225 m_est=2.335
[INFO] [1789417953.068154975] [acados_nmpc_node]: [attach-window] t=40.76s pos_err=0.233m T=22.78N z=5.225 m_est=2.335
[INFO] [1789417953.079543738] [acados_nmpc_node]: [wcmd] raw=[-0.057,-0.071,+0.338] w=[-0.026,-0.112,+0.286] err=[-0.031,+0.041] scaled=[-0.170,+0.080] s=4.68
[INFO] [1789417953.127380823] [acados_nmpc_node]: [attach-window] t=40.80s pos_err=0.166m T=22.97N z=5.226 m_est=2.335
[INFO] [1789417953.168243360] [acados_nmpc_node]: [attach-window] t=40.86s pos_err=0.224m T=23.06N z=5.227 m_est=2.335
[INFO] [1789417953.232571100] [acados_nmpc_node]: [attach-window] t=40.90s pos_err=0.176m T=23.04N z=5.228 m_est=2.335
[INFO] [1789417953.268125180] [acados_nmpc_node]: [attach-window] t=40.96s pos_err=0.233m T=23.08N z=5.229 m_est=2.335
[INFO] [1789417953.279460903] [acados_nmpc_node]: [wcmd] raw=[-0.041,-0.038,+0.356] w=[-0.045,-0.094,+0.309] err=[+0.004,+0.057] scaled=[-0.026,+0.170] s=4.68
[INFO] [1789417953.322357629] [acados_nmpc_node]: [attach-window] t=41.00s pos_err=0.166m T=23.03N z=5.231 m_est=2.335
[INFO] [1789417953.367987277] [acados_nmpc_node]: [attach-window] t=41.06s pos_err=0.221m T=23.06N z=5.232 m_est=2.335
[INFO] [1789417953.368467297] [acados_nmpc_node]: t=41.1s | pos_err=0.221m | T=23.06N | tau=[r-0.263 p0.495 y0.025]Nm | res_stat=7.169e-07(peak 9.989e-07) sqp_iter=5 | solve=2.6ms
[INFO] [1789417953.368671960] [acados_nmpc_node]: [flight-diag] t=41.1s | om_scale=4.682(lo 4.164 hi 4.682) | tilt_max=10.15deg | w_max=[r0.078 p0.225 y1.040]rad/s | u_frac=[T0.753 r0.685 p1.000 y0.760] | u_sat=[T0.0 r0.0 p24.0 y0.0]% | mot_peak=0.954 mot_sat=0.0% | health=1 age=0.000s conf=0.000 | n=100
[INFO] [1789417953.412444173] [acados_nmpc_node]: [attach-window] t=41.10s pos_err=0.173m T=23.02N z=5.233 m_est=2.335
[INFO] [1789417953.467953501] [acados_nmpc_node]: [attach-window] t=41.16s pos_err=0.227m T=23.03N z=5.234 m_est=2.335
[INFO] [1789417953.479546562] [acados_nmpc_node]: [wcmd] raw=[-0.039,-0.062,+0.387] w=[-0.007,-0.122,+0.332] err=[-0.032,+0.059] scaled=[-0.158,+0.157] s=4.68
[INFO] [1789417953.512415738] [acados_nmpc_node]: [attach-window] t=41.20s pos_err=0.160m T=23.09N z=5.236 m_est=2.335
[INFO] [1789417953.568094239] [acados_nmpc_node]: [attach-window] t=41.26s pos_err=0.212m T=23.16N z=5.237 m_est=2.335
[INFO] [1789417953.612523518] [acados_nmpc_node]: [attach-window] t=41.30s pos_err=0.164m T=23.17N z=5.238 m_est=2.335
[INFO] [1789417953.668290330] [acados_nmpc_node]: [attach-window] t=41.36s pos_err=0.215m T=23.18N z=5.239 m_est=2.336
[INFO] [1789417953.679533276] [acados_nmpc_node]: [wcmd] raw=[-0.063,-0.050,+0.432] w=[-0.038,-0.118,+0.354] err=[-0.026,+0.068] scaled=[-0.159,+0.198] s=4.68
[INFO] [1789417953.712456223] [acados_nmpc_node]: [attach-window] t=41.40s pos_err=0.151m T=23.23N z=5.241 m_est=2.336
[INFO] [1789417953.768178443] [acados_nmpc_node]: [attach-window] t=41.46s pos_err=0.199m T=23.27N z=5.242 m_est=2.336
[INFO] [1789417953.812529776] [acados_nmpc_node]: [attach-window] t=41.50s pos_err=0.154m T=23.26N z=5.244 m_est=2.336
[INFO] [1789417953.868821853] [acados_nmpc_node]: [attach-window] t=41.56s pos_err=0.201m T=23.28N z=5.246 m_est=2.336
[INFO] [1789417953.879507558] [acados_nmpc_node]: [wcmd] raw=[-0.064,-0.017,+0.494] w=[-0.044,-0.076,+0.406] err=[-0.021,+0.059] scaled=[-0.141,+0.200] s=4.68
[INFO] [1789417953.912533660] [acados_nmpc_node]: [attach-window] t=41.60s pos_err=0.143m T=23.29N z=5.249 m_est=2.336
[INFO] [1789417953.993958184] [acados_nmpc_node]: [attach-window] t=41.66s pos_err=0.187m T=23.32N z=5.251 m_est=2.336
[INFO] [1789417954.012414426] [acados_nmpc_node]: [attach-window] t=41.70s pos_err=0.134m T=23.29N z=5.255 m_est=2.336
[INFO] [1789417954.068129842] [acados_nmpc_node]: [attach-window] t=41.76s pos_err=0.176m T=23.30N z=5.257 m_est=2.336
[INFO] [1789417954.099447127] [acados_nmpc_node]: [wcmd] raw=[-0.062,-0.035,+0.589] w=[-0.029,-0.121,+0.435] err=[-0.033,+0.086] scaled=[-0.184,+0.281] s=4.68
[INFO] [1789417954.112672730] [acados_nmpc_node]: [attach-window] t=41.80s pos_err=0.140m T=23.31N z=5.261 m_est=2.336
[INFO] [1789417954.168357632] [acados_nmpc_node]: [attach-window] t=41.86s pos_err=0.182m T=23.26N z=5.263 m_est=2.337
[INFO] [1789417954.212477514] [acados_nmpc_node]: [attach-window] t=41.90s pos_err=0.134m T=23.35N z=5.268 m_est=2.337
[INFO] [1789417954.268868209] [acados_nmpc_node]: [attach-window] t=41.96s pos_err=0.174m T=23.41N z=5.270 m_est=2.337
[INFO] [1789417954.299579569] [acados_nmpc_node]: [wcmd] raw=[-0.067,-0.011,+0.699] w=[-0.056,+0.040,+0.548] err=[-0.010,-0.050] scaled=[-0.105,-0.196] s=4.68
[INFO] [1789417954.312273909] [acados_nmpc_node]: [attach-window] t=42.00s pos_err=0.141m T=23.34N z=5.275 m_est=2.338
[INFO] [1789417954.365627764] [acados_nmpc_node]: [attach-window] t=42.05s pos_err=0.178m T=23.36N z=5.278 m_est=2.338
[INFO] [1789417954.412476479] [acados_nmpc_node]: [attach-window] t=42.10s pos_err=0.150m T=23.33N z=5.283 m_est=2.338
[INFO] [1789417954.468534660] [acados_nmpc_node]: [attach-window] t=42.16s pos_err=0.175m T=23.35N z=5.287 m_est=2.339
[INFO] [1789417954.499521286] [acados_nmpc_node]: [wcmd] raw=[-0.056,+0.006,+0.827] w=[-0.041,+0.003,+0.614] err=[-0.016,+0.004] scaled=[-0.114,+0.019] s=4.70
[INFO] [1789417954.512709124] [acados_nmpc_node]: [attach-window] t=42.20s pos_err=0.147m T=23.35N z=5.293 m_est=2.339
[INFO] [1789417954.569834509] [acados_nmpc_node]: [attach-window] t=42.26s pos_err=0.183m T=23.42N z=5.297 m_est=2.340
[INFO] [1789417954.612548413] [acados_nmpc_node]: [attach-window] t=42.30s pos_err=0.155m T=23.29N z=5.304 m_est=2.340
[INFO] [1789417954.668494568] [acados_nmpc_node]: [attach-window] t=42.36s pos_err=0.189m T=23.32N z=5.307 m_est=2.340
[INFO] [1789417954.699476545] [acados_nmpc_node]: [wcmd] raw=[-0.083,-0.006,+0.942] w=[-0.029,-0.089,+0.675] err=[-0.054,+0.083] scaled=[-0.285,+0.302] s=4.72
[INFO] [1789417954.712473633] [acados_nmpc_node]: [attach-window] t=42.40s pos_err=0.152m T=23.23N z=5.316 m_est=2.341
[INFO] [1789417954.768563732] [acados_nmpc_node]: [attach-window] t=42.46s pos_err=0.183m T=23.29N z=5.320 m_est=2.341
[INFO] [1789417954.812538261] [acados_nmpc_node]: [attach-window] t=42.50s pos_err=0.158m T=23.23N z=5.328 m_est=2.342
[INFO] [1789417954.868240173] [acados_nmpc_node]: [attach-window] t=42.56s pos_err=0.186m T=23.33N z=5.332 m_est=2.342
[INFO] [1789417954.899501501] [acados_nmpc_node]: [wcmd] raw=[-0.077,-0.018,+1.053] w=[-0.042,-0.001,+0.826] err=[-0.035,-0.018] scaled=[-0.210,-0.084] s=4.73
[INFO] [1789417954.912402534] [acados_nmpc_node]: [attach-window] t=42.60s pos_err=0.154m T=23.20N z=5.341 m_est=2.342
[INFO] [1789417954.965384596] [acados_nmpc_node]: [attach-window] t=42.65s pos_err=0.177m T=23.28N z=5.346 m_est=2.342
[INFO] [1789417955.012401944] [acados_nmpc_node]: [attach-window] t=42.70s pos_err=0.158m T=23.22N z=5.354 m_est=2.343
[INFO] [1789417955.067933392] [acados_nmpc_node]: [attach-window] t=42.76s pos_err=0.180m T=23.29N z=5.358 m_est=2.343
[INFO] [1789417955.099530050] [acados_nmpc_node]: [wcmd] raw=[-0.082,+0.025,+1.089] w=[-0.042,-0.047,+0.928] err=[-0.040,+0.072] scaled=[-0.230,+0.294] s=4.74
[INFO] [1789417955.112420732] [acados_nmpc_node]: [attach-window] t=42.80s pos_err=0.154m T=23.26N z=5.368 m_est=2.343
[INFO] [1789417955.167932404] [acados_nmpc_node]: [attach-window] t=42.86s pos_err=0.173m T=23.39N z=5.372 m_est=2.343
[INFO] [1789417955.212467447] [acados_nmpc_node]: [attach-window] t=42.90s pos_err=0.156m T=23.27N z=5.381 m_est=2.343
[INFO] [1789417955.267891285] [acados_nmpc_node]: [attach-window] t=42.96s pos_err=0.173m T=23.37N z=5.385 m_est=2.344
[INFO] [1789417955.299509608] [acados_nmpc_node]: [wcmd] raw=[-0.071,+0.033,+1.028] w=[-0.028,-0.050,+1.005] err=[-0.044,+0.084] scaled=[-0.236,+0.348] s=4.75
[INFO] [1789417955.312459951] [acados_nmpc_node]: [attach-window] t=43.00s pos_err=0.155m T=23.24N z=5.396 m_est=2.344
[INFO] [1789417955.368126076] [acados_nmpc_node]: [attach-window] t=43.06s pos_err=0.167m T=23.33N z=5.401 m_est=2.344
[INFO] [1789417955.412540133] [acados_nmpc_node]: [attach-window] t=43.10s pos_err=0.155m T=23.22N z=5.412 m_est=2.344
[INFO] [1789417955.468101789] [acados_nmpc_node]: [attach-window] t=43.16s pos_err=0.166m T=23.34N z=5.417 m_est=2.344
[INFO] [1789417955.499643380] [acados_nmpc_node]: [wcmd] raw=[-0.063,+0.067,+0.882] w=[-0.018,+0.024,+1.043] err=[-0.045,+0.043] scaled=[-0.233,+0.229] s=4.76
[INFO] [1789417955.512487977] [acados_nmpc_node]: [attach-window] t=43.20s pos_err=0.153m T=23.15N z=5.430 m_est=2.344
[INFO] [1789417955.568104889] [acados_nmpc_node]: [attach-window] t=43.26s pos_err=0.159m T=23.27N z=5.436 m_est=2.343
[INFO] [1789417955.612614701] [acados_nmpc_node]: [attach-window] t=43.30s pos_err=0.151m T=23.11N z=5.447 m_est=2.343
[INFO] [1789417955.668223866] [acados_nmpc_node]: [attach-window] t=43.36s pos_err=0.156m T=23.19N z=5.453 m_est=2.343
[INFO] [1789417955.699601682] [acados_nmpc_node]: [wcmd] raw=[-0.063,+0.085,+0.676] w=[-0.022,-0.028,+0.946] err=[-0.041,+0.113] scaled=[-0.216,+0.511] s=4.76
[INFO] [1789417955.712479474] [acados_nmpc_node]: [attach-window] t=43.40s pos_err=0.147m T=23.08N z=5.466 m_est=2.343
[INFO] [1789417955.768231150] [acados_nmpc_node]: [attach-window] t=43.46s pos_err=0.148m T=23.23N z=5.472 m_est=2.343
[INFO] [1789417955.812472438] [acados_nmpc_node]: [attach-window] t=43.50s pos_err=0.142m T=23.07N z=5.485 m_est=2.343
[INFO] [1789417955.867960630] [acados_nmpc_node]: [attach-window] t=43.56s pos_err=0.139m T=23.15N z=5.492 m_est=2.342
[INFO] [1789417955.899461085] [acados_nmpc_node]: [wcmd] raw=[-0.043,+0.045,+0.463] w=[-0.016,+0.018,+0.809] err=[-0.028,+0.028] scaled=[-0.147,+0.150] s=4.76
[INFO] [1789417955.912627423] [acados_nmpc_node]: [attach-window] t=43.60s pos_err=0.136m T=22.99N z=5.505 m_est=2.342
[INFO] [1789417955.967956783] [acados_nmpc_node]: [attach-window] t=43.66s pos_err=0.133m T=23.16N z=5.511 m_est=2.342
[INFO] [1789417956.012658344] [acados_nmpc_node]: [attach-window] t=43.70s pos_err=0.125m T=23.02N z=5.524 m_est=2.341
[INFO] [1789417956.065597211] [acados_nmpc_node]: [attach-window] t=43.75s pos_err=0.124m T=23.08N z=5.530 m_est=2.341
[INFO] [1789417956.099532212] [acados_nmpc_node]: [wcmd] raw=[-0.059,+0.117,+0.281] w=[-0.023,+0.025,+0.624] err=[-0.035,+0.091] scaled=[-0.191,+0.461] s=4.76
[INFO] [1789417956.112584938] [acados_nmpc_node]: [attach-window] t=43.80s pos_err=0.117m T=22.96N z=5.545 m_est=2.341
[INFO] [1789417956.168237614] [acados_nmpc_node]: [attach-window] t=43.86s pos_err=0.112m T=23.18N z=5.552 m_est=2.340
[INFO] [1789417956.212538280] [acados_nmpc_node]: [attach-window] t=43.90s pos_err=0.103m T=22.91N z=5.565 m_est=2.340
[INFO] [1789417956.268070722] [acados_nmpc_node]: [attach-window] t=43.96s pos_err=0.104m T=23.02N z=5.572 m_est=2.340
[INFO] [1789417956.299530792] [acados_nmpc_node]: [wcmd] raw=[-0.045,+0.087,+0.157] w=[-0.043,-0.058,+0.395] err=[-0.002,+0.144] scaled=[-0.053,+0.630] s=4.76
[INFO] [1789417956.312622315] [acados_nmpc_node]: [attach-window] t=44.00s pos_err=0.093m T=22.83N z=5.588 m_est=2.339
[INFO] [1789417956.368188445] [acados_nmpc_node]: [attach-window] t=44.06s pos_err=0.089m T=22.98N z=5.595 m_est=2.339
[INFO] [1789417956.412496128] [acados_nmpc_node]: [attach-window] t=44.10s pos_err=0.077m T=22.84N z=5.609 m_est=2.339
[INFO] [1789417956.467942267] [acados_nmpc_node]: [attach-window] t=44.16s pos_err=0.074m T=23.00N z=5.617 m_est=2.339
[INFO] [1789417956.499470783] [acados_nmpc_node]: [wcmd] raw=[-0.021,+0.025,+0.098] w=[-0.010,+0.001,+0.264] err=[-0.011,+0.025] scaled=[-0.062,+0.119] s=4.76
[INFO] [1789417956.512402454] [acados_nmpc_node]: [attach-window] t=44.20s pos_err=0.068m T=22.80N z=5.631 m_est=2.339
[INFO] [1789417956.568254649] [acados_nmpc_node]: [attach-window] t=44.26s pos_err=0.072m T=23.01N z=5.638 m_est=2.339
[INFO] [1789417956.612538104] [acados_nmpc_node]: [attach-window] t=44.30s pos_err=0.053m T=22.86N z=5.652 m_est=2.339
[INFO] [1789417956.668382767] [acados_nmpc_node]: [attach-window] t=44.36s pos_err=0.062m T=22.90N z=5.661 m_est=2.338
[INFO] [1789417956.699536409] [acados_nmpc_node]: [wcmd] raw=[+0.012,+0.048,+0.084] w=[+0.001,-0.011,+0.159] err=[+0.011,+0.059] scaled=[+0.055,+0.269] s=4.76
[INFO] [1789417956.712207899] [acados_nmpc_node]: [attach-window] t=44.40s pos_err=0.047m T=22.85N z=5.675 m_est=2.338
[INFO] [1789417956.768106350] [acados_nmpc_node]: [attach-window] t=44.46s pos_err=0.070m T=23.13N z=5.681 m_est=2.338
[INFO] [1789417956.812152722] [acados_nmpc_node]: [attach-window] t=44.50s pos_err=0.037m T=22.89N z=5.695 m_est=2.338
[INFO] [1789417956.868376133] [acados_nmpc_node]: [attach-window] t=44.56s pos_err=0.063m T=22.94N z=5.703 m_est=2.338
[INFO] [1789417956.899461157] [acados_nmpc_node]: [wcmd] raw=[+0.038,+0.024,+0.089] w=[+0.040,-0.052,+0.093] err=[-0.003,+0.076] scaled=[+0.027,+0.309] s=4.76
[INFO] [1789417956.912138482] [acados_nmpc_node]: [attach-window] t=44.60s pos_err=0.034m T=22.81N z=5.717 m_est=2.338
[INFO] [1789417956.986208231] [acados_nmpc_node]: [attach-window] t=44.66s pos_err=0.078m T=23.00N z=5.723 m_est=2.338
[INFO] [1789417957.012313960] [acados_nmpc_node]: [attach-window] t=44.70s pos_err=0.033m T=22.86N z=5.737 m_est=2.337
[INFO] [1789417957.068383569] [acados_nmpc_node]: [attach-window] t=44.76s pos_err=0.098m T=22.53N z=5.744 m_est=2.337
[INFO] [1789417957.112331471] [acados_nmpc_node]: [attach-window] t=44.80s pos_err=0.030m T=22.84N z=5.759 m_est=2.337
[INFO] [1789417957.119640636] [acados_nmpc_node]: [wcmd] raw=[+0.058,-0.100,+0.099] w=[+0.057,-0.053,+0.076] err=[+0.001,-0.047] scaled=[+0.061,-0.278] s=4.76
[INFO] [1789417957.168225202] [acados_nmpc_node]: [attach-window] t=44.86s pos_err=0.094m T=22.98N z=5.766 m_est=2.337
[INFO] [1789417957.212289495] [acados_nmpc_node]: [attach-window] t=44.90s pos_err=0.028m T=22.92N z=5.780 m_est=2.336
[INFO] [1789417957.268331560] [acados_nmpc_node]: [attach-window] t=44.96s pos_err=0.116m T=22.80N z=5.785 m_est=2.336
[INFO] [1789417957.312241871] [acados_nmpc_node]: [attach-window] t=45.00s pos_err=0.033m T=22.91N z=5.799 m_est=2.335
[INFO] [1789417957.319524979] [acados_nmpc_node]: [wcmd] raw=[+0.057,-0.079,+0.098] w=[+0.065,-0.083,+0.072] err=[-0.009,+0.004] scaled=[+0.024,-0.065] s=4.76
[INFO] [1789417957.365612569] [acados_nmpc_node]: [attach-window] t=45.05s pos_err=0.106m T=22.78N z=5.805 m_est=2.335
[INFO] [1789417957.412085818] [acados_nmpc_node]: [attach-window] t=45.10s pos_err=0.051m T=22.98N z=5.818 m_est=2.335
[INFO] [1789417957.468292688] [acados_nmpc_node]: [attach-window] t=45.16s pos_err=0.137m T=22.78N z=5.824 m_est=2.334
[INFO] [1789417957.512056434] [acados_nmpc_node]: [attach-window] t=45.20s pos_err=0.046m T=23.05N z=5.838 m_est=2.334
[INFO] [1789417957.519541601] [acados_nmpc_node]: [wcmd] raw=[+0.036,-0.090,+0.084] w=[+0.043,-0.004,+0.101] err=[-0.007,-0.086] scaled=[+0.010,-0.415] s=4.76
[INFO] [1789417957.568449419] [acados_nmpc_node]: [attach-window] t=45.26s pos_err=0.134m T=23.18N z=5.845 m_est=2.334
[INFO] [1789417957.612274551] [acados_nmpc_node]: [attach-window] t=45.30s pos_err=0.041m T=22.98N z=5.858 m_est=2.334
[INFO] [1789417957.668372633] [acados_nmpc_node]: [attach-window] t=45.36s pos_err=0.160m T=22.82N z=5.863 m_est=2.334
[INFO] [1789417957.712299218] [acados_nmpc_node]: [attach-window] t=45.40s pos_err=0.063m T=22.84N z=5.878 m_est=2.333
[INFO] [1789417957.719610892] [acados_nmpc_node]: [wcmd] raw=[+0.029,-0.110,+0.055] w=[+0.034,-0.112,+0.053] err=[-0.005,+0.002] scaled=[+0.010,-0.104] s=4.76
[INFO] [1789417957.768212776] [acados_nmpc_node]: [attach-window] t=45.46s pos_err=0.155m T=22.52N z=5.885 m_est=2.333
[INFO] [1789417957.812488749] [acados_nmpc_node]: [attach-window] t=45.50s pos_err=0.087m T=22.84N z=5.900 m_est=2.333
[INFO] [1789417957.868271679] [acados_nmpc_node]: [attach-window] t=45.56s pos_err=0.182m T=22.49N z=5.907 m_est=2.334
[INFO] [1789417957.912574772] [acados_nmpc_node]: [attach-window] t=45.60s pos_err=0.082m T=22.95N z=5.922 m_est=2.334
[INFO] [1789417957.919573123] [acados_nmpc_node]: [wcmd] raw=[+0.019,-0.105,+0.032] w=[+0.025,-0.052,+0.066] err=[-0.005,-0.053] scaled=[-0.001,-0.307] s=4.76
[INFO] [1789417957.968119648] [acados_nmpc_node]: [attach-window] t=45.66s pos_err=0.175m T=22.95N z=5.929 m_est=2.334
[INFO] [1789417958.012426466] [acados_nmpc_node]: [attach-window] t=45.70s pos_err=0.105m T=23.04N z=5.942 m_est=2.334
[INFO] [1789417958.068330055] [acados_nmpc_node]: [attach-window] t=45.76s pos_err=0.200m T=22.65N z=5.949 m_est=2.334
[INFO] [1789417958.112576949] [acados_nmpc_node]: [attach-window] t=45.80s pos_err=0.099m T=22.97N z=5.965 m_est=2.335
[INFO] [1789417958.119518436] [acados_nmpc_node]: [wcmd] raw=[+0.021,-0.137,-0.000] w=[+0.026,-0.068,+0.042] err=[-0.005,-0.069] scaled=[+0.002,-0.398] s=4.76
[INFO] [1789417958.168350542] [acados_nmpc_node]: [attach-window] t=45.86s pos_err=0.194m T=22.94N z=5.971 m_est=2.335
[INFO] [1789417958.212563928] [acados_nmpc_node]: [attach-window] t=45.90s pos_err=0.123m T=22.99N z=5.985 m_est=2.335
[INFO] [1789417958.268187873] [acados_nmpc_node]: [attach-window] t=45.96s pos_err=0.217m T=22.27N z=5.992 m_est=2.336
[INFO] [1789417958.312498387] [acados_nmpc_node]: [attach-window] t=46.00s pos_err=0.117m T=22.94N z=6.008 m_est=2.336
[INFO] [1789417958.319495963] [acados_nmpc_node]: [wcmd] raw=[+0.017,-0.144,-0.030] w=[+0.028,-0.100,+0.008] err=[-0.011,-0.043] scaled=[-0.026,-0.306] s=4.76
[INFO] [1789417958.368598582] [acados_nmpc_node]: [attach-window] t=46.06s pos_err=0.211m T=22.68N z=6.016 m_est=2.336
[INFO] [1789417958.369080886] [acados_nmpc_node]: t=46.1s | pos_err=0.211m | T=22.68N | tau=[r-0.245 p0.500 y-0.017]Nm | res_stat=4.729e-07(peak 9.989e-07) sqp_iter=5 | solve=3.0ms
[INFO] [1789417958.369290857] [acados_nmpc_node]: [flight-diag] t=46.1s | om_scale=4.765(lo 4.682 hi 4.765) | tilt_max=10.38deg | w_max=[r0.065 p0.154 y1.045]rad/s | u_frac=[T0.747 r0.679 p1.000 y0.756] | u_sat=[T0.0 r0.0 p32.0 y0.0]% | mot_peak=0.959 mot_sat=0.0% | health=1 age=0.000s conf=0.000 | n=100
[INFO] [1789417958.412570664] [acados_nmpc_node]: [attach-window] t=46.10s pos_err=0.140m T=22.96N z=6.030 m_est=2.337
[INFO] [1789417958.468648904] [acados_nmpc_node]: [attach-window] t=46.16s pos_err=0.232m T=21.62N z=6.037 m_est=2.337
[INFO] [1789417958.512921848] [acados_nmpc_node]: [attach-window] t=46.20s pos_err=0.133m T=23.07N z=6.053 m_est=2.337
[INFO] [1789417958.519581386] [acados_nmpc_node]: [wcmd] raw=[+0.032,-0.108,-0.056] w=[+0.031,-0.101,-0.013] err=[+0.000,-0.008] scaled=[+0.032,-0.137] s=4.76
[INFO] [1789417958.568597185] [acados_nmpc_node]: [attach-window] t=46.26s pos_err=0.224m T=22.49N z=6.060 m_est=2.338
[INFO] [1789417958.611901915] [acados_nmpc_node]: [attach-window] t=46.30s pos_err=0.155m T=23.20N z=6.073 m_est=2.338
[INFO] [1789417958.680664429] [acados_nmpc_node]: [attach-window] t=46.35s pos_err=0.240m T=22.04N z=6.079 m_est=2.338
[INFO] [1789417958.720102148] [acados_nmpc_node]: [attach-window] t=46.40s pos_err=0.148m T=23.28N z=6.094 m_est=2.338
[INFO] [1789417958.739642302] [acados_nmpc_node]: [wcmd] raw=[+0.046,-0.089,-0.092] w=[+0.061,-0.065,-0.027] err=[-0.015,-0.024] scaled=[-0.012,-0.182] s=4.76
[INFO] [1789417958.768776209] [acados_nmpc_node]: [attach-window] t=46.46s pos_err=0.237m T=22.70N z=6.101 m_est=2.338
[INFO] [1789417958.812868166] [acados_nmpc_node]: [attach-window] t=46.50s pos_err=0.169m T=23.29N z=6.114 m_est=2.338
[INFO] [1789417958.902395589] [acados_nmpc_node]: [attach-window] t=46.56s pos_err=0.257m T=22.60N z=6.121 m_est=2.338
[INFO] [1789417958.912716917] [acados_nmpc_node]: [attach-window] t=46.60s pos_err=0.160m T=23.27N z=6.136 m_est=2.338
[INFO] [1789417958.971880076] [acados_nmpc_node]: [attach-window] t=46.66s pos_err=0.247m T=22.91N z=6.143 m_est=2.337
[INFO] [1789417958.979510969] [acados_nmpc_node]: [wcmd] raw=[+0.068,-0.015,-0.139] w=[+0.054,-0.045,-0.071] err=[+0.014,+0.030] scaled=[+0.121,+0.097] s=4.76
[INFO] [1789417959.012921548] [acados_nmpc_node]: [attach-window] t=46.70s pos_err=0.180m T=23.05N z=6.157 m_est=2.337
[INFO] [1789417959.071805863] [acados_nmpc_node]: [attach-window] t=46.76s pos_err=0.264m T=22.56N z=6.164 m_est=2.337
[INFO] [1789417959.112787716] [acados_nmpc_node]: [attach-window] t=46.80s pos_err=0.170m T=22.99N z=6.180 m_est=2.337
[INFO] [1789417959.168813891] [acados_nmpc_node]: [attach-window] t=46.86s pos_err=0.254m T=22.96N z=6.187 m_est=2.336
[INFO] [1789417959.179507903] [acados_nmpc_node]: [wcmd] raw=[+0.065,+0.019,-0.174] w=[+0.069,-0.023,-0.105] err=[-0.004,+0.042] scaled=[+0.052,+0.177] s=4.76
[INFO] [1789417959.212821595] [acados_nmpc_node]: [attach-window] t=46.90s pos_err=0.187m T=22.97N z=6.201 m_est=2.336
[INFO] [1789417959.268757038] [acados_nmpc_node]: [attach-window] t=46.96s pos_err=0.268m T=22.81N z=6.208 m_est=2.336
[INFO] [1789417959.333629746] [acados_nmpc_node]: [attach-window] t=47.00s pos_err=0.175m T=22.84N z=6.224 m_est=2.335
[INFO] [1789417959.368548759] [acados_nmpc_node]: [attach-window] t=47.06s pos_err=0.253m T=22.89N z=6.231 m_est=2.335
[INFO] [1789417959.379508332] [acados_nmpc_node]: [wcmd] raw=[+0.058,-0.006,-0.209] w=[+0.051,-0.008,-0.148] err=[+0.007,+0.002] scaled=[+0.083,+0.003] s=4.76
[INFO] [1789417959.412903153] [acados_nmpc_node]: [attach-window] t=47.10s pos_err=0.187m T=22.75N z=6.246 m_est=2.335
[INFO] [1789417959.503588595] [acados_nmpc_node]: [attach-window] t=47.16s pos_err=0.263m T=22.77N z=6.253 m_est=2.335
[INFO] [1789417959.512893709] [acados_nmpc_node]: [attach-window] t=47.20s pos_err=0.172m T=22.68N z=6.270 m_est=2.334
[INFO] [1789417959.572952064] [acados_nmpc_node]: [attach-window] t=47.26s pos_err=0.243m T=22.56N z=6.277 m_est=2.334
[INFO] [1789417959.612861674] [acados_nmpc_node]: [attach-window] t=47.30s pos_err=0.180m T=22.67N z=6.291 m_est=2.334
[INFO] [1789417959.619547788] [acados_nmpc_node]: [wcmd] raw=[+0.052,-0.138,-0.226] w=[+0.047,-0.223,-0.257] err=[+0.004,+0.085] scaled=[+0.068,+0.182] s=4.76
[INFO] [1789417959.669154275] [acados_nmpc_node]: [attach-window] t=47.36s pos_err=0.225m T=22.60N z=6.299 m_est=2.334
[INFO] [1789417959.712628715] [acados_nmpc_node]: [attach-window] t=47.40s pos_err=0.164m T=22.90N z=6.312 m_est=2.334
[INFO] [1789417959.768438099] [acados_nmpc_node]: [attach-window] t=47.46s pos_err=0.229m T=22.98N z=6.319 m_est=2.334
[INFO] [1789417959.812419602] [acados_nmpc_node]: [attach-window] t=47.50s pos_err=0.170m T=23.01N z=6.331 m_est=2.334
[INFO] [1789417959.819499607] [acados_nmpc_node]: [wcmd] raw=[+0.025,-0.080,-0.271] w=[+0.061,-0.076,-0.220] err=[-0.037,-0.004] scaled=[-0.113,-0.095] s=4.76
[INFO] [1789417959.868647574] [acados_nmpc_node]: [attach-window] t=47.56s pos_err=0.234m T=23.00N z=6.337 m_est=2.334
[INFO] [1789417959.912402505] [acados_nmpc_node]: [attach-window] t=47.60s pos_err=0.154m T=23.03N z=6.350 m_est=2.334
[INFO] [1789417959.968585726] [acados_nmpc_node]: [attach-window] t=47.66s pos_err=0.215m T=23.07N z=6.356 m_est=2.334
[INFO] [1789417960.012301843] [acados_nmpc_node]: [attach-window] t=47.70s pos_err=0.139m T=22.99N z=6.369 m_est=2.334
[INFO] [1789417960.019564775] [acados_nmpc_node]: [wcmd] raw=[+0.003,-0.168,-0.345] w=[+0.033,-0.076,-0.278] err=[-0.030,-0.092] scaled=[-0.111,-0.513] s=4.76
[INFO] [1789417960.068312545] [acados_nmpc_node]: [attach-window] t=47.76s pos_err=0.195m T=23.03N z=6.374 m_est=2.334
[INFO] [1789417960.112327649] [acados_nmpc_node]: [attach-window] t=47.80s pos_err=0.144m T=23.00N z=6.386 m_est=2.334
[INFO] [1789417960.168292983] [acados_nmpc_node]: [attach-window] t=47.86s pos_err=0.198m T=22.95N z=6.392 m_est=2.334
[INFO] [1789417960.212504593] [acados_nmpc_node]: [attach-window] t=47.90s pos_err=0.148m T=23.07N z=6.403 m_est=2.334
[INFO] [1789417960.219604784] [acados_nmpc_node]: [wcmd] raw=[+0.019,-0.052,-0.424] w=[+0.036,-0.061,-0.327] err=[-0.017,+0.009] scaled=[-0.044,-0.017] s=4.76
[INFO] [1789417960.268442668] [acados_nmpc_node]: [attach-window] t=47.96s pos_err=0.200m T=23.13N z=6.409 m_est=2.335
[INFO] [1789417960.312050070] [acados_nmpc_node]: [attach-window] t=48.00s pos_err=0.134m T=23.11N z=6.422 m_est=2.335
[INFO] [1789417960.367748409] [acados_nmpc_node]: [attach-window] t=48.06s pos_err=0.181m T=23.17N z=6.427 m_est=2.335
[INFO] [1789417960.412178586] [acados_nmpc_node]: [attach-window] t=48.10s pos_err=0.137m T=23.04N z=6.439 m_est=2.335
[INFO] [1789417960.419648159] [acados_nmpc_node]: [wcmd] raw=[-0.001,-0.107,-0.542] w=[+0.026,-0.103,-0.430] err=[-0.027,-0.004] scaled=[-0.103,-0.124] s=4.76
[INFO] [1789417960.468450390] [acados_nmpc_node]: [attach-window] t=48.16s pos_err=0.181m T=23.03N z=6.446 m_est=2.336
[INFO] [1789417960.512330521] [acados_nmpc_node]: [attach-window] t=48.20s pos_err=0.125m T=22.99N z=6.460 m_est=2.336
[INFO] [1789417960.569112423] [acados_nmpc_node]: [attach-window] t=48.26s pos_err=0.165m T=23.00N z=6.466 m_est=2.336
[INFO] [1789417960.611544239] [acados_nmpc_node]: [attach-window] t=48.30s pos_err=0.127m T=22.97N z=6.479 m_est=2.337
[INFO] [1789417960.619588222] [acados_nmpc_node]: [wcmd] raw=[-0.011,-0.079,-0.649] w=[+0.029,+0.031,-0.473] err=[-0.040,-0.110] scaled=[-0.162,-0.493] s=4.76
[INFO] [1789417960.668119859] [acados_nmpc_node]: [attach-window] t=48.36s pos_err=0.163m T=23.03N z=6.485 m_est=2.337
[INFO] [1789417960.712325592] [acados_nmpc_node]: [attach-window] t=48.40s pos_err=0.115m T=22.90N z=6.500 m_est=2.337
[INFO] [1789417960.767814256] [acados_nmpc_node]: [attach-window] t=48.46s pos_err=0.144m T=22.95N z=6.507 m_est=2.337
[INFO] [1789417960.812488252] [acados_nmpc_node]: [attach-window] t=48.50s pos_err=0.113m T=22.91N z=6.520 m_est=2.338
[INFO] [1789417960.819508685] [acados_nmpc_node]: [wcmd] raw=[+0.004,-0.067,-0.781] w=[+0.012,-0.140,-0.659] err=[-0.008,+0.073] scaled=[-0.028,+0.207] s=4.76
[INFO] [1789417960.868572892] [acados_nmpc_node]: [attach-window] t=48.56s pos_err=0.140m T=22.91N z=6.526 m_est=2.338
[INFO] [1789417960.912506776] [acados_nmpc_node]: [attach-window] t=48.60s pos_err=0.104m T=22.93N z=6.540 m_est=2.338
[INFO] [1789417960.967974642] [acados_nmpc_node]: [attach-window] t=48.66s pos_err=0.123m T=23.03N z=6.545 m_est=2.338
[INFO] [1789417961.012662541] [acados_nmpc_node]: [attach-window] t=48.70s pos_err=0.100m T=22.94N z=6.557 m_est=2.338
[INFO] [1789417961.019521010] [acados_nmpc_node]: [wcmd] raw=[-0.014,-0.087,-0.895] w=[+0.026,-0.018,-0.737] err=[-0.041,-0.069] scaled=[-0.167,-0.349] s=4.76
[INFO] [1789417961.068033341] [acados_nmpc_node]: [attach-window] t=48.76s pos_err=0.117m T=23.02N z=6.562 m_est=2.338
[INFO] [1789417961.112533896] [acados_nmpc_node]: [attach-window] t=48.80s pos_err=0.093m T=22.96N z=6.575 m_est=2.338
[INFO] [1789417961.167882987] [acados_nmpc_node]: [attach-window] t=48.86s pos_err=0.103m T=23.01N z=6.580 m_est=2.338
[INFO] [1789417961.212450341] [acados_nmpc_node]: [attach-window] t=48.90s pos_err=0.088m T=23.00N z=6.590 m_est=2.338
[INFO] [1789417961.219497879] [acados_nmpc_node]: [wcmd] raw=[-0.020,-0.039,-0.968] w=[+0.023,+0.016,-0.851] err=[-0.043,-0.054] scaled=[-0.183,-0.244] s=4.76
[INFO] [1789417961.268023079] [acados_nmpc_node]: [attach-window] t=48.96s pos_err=0.097m T=23.11N z=6.595 m_est=2.338
[INFO] [1789417961.312437514] [acados_nmpc_node]: [attach-window] t=49.00s pos_err=0.082m T=23.01N z=6.606 m_est=2.338
[INFO] [1789417961.368077630] [acados_nmpc_node]: [attach-window] t=49.06s pos_err=0.084m T=23.11N z=6.610 m_est=2.338
[INFO] [1789417961.412481163] [acados_nmpc_node]: [attach-window] t=49.10s pos_err=0.076m T=23.04N z=6.619 m_est=2.338
[INFO] [1789417961.419581466] [acados_nmpc_node]: [wcmd] raw=[-0.020,-0.045,-0.991] w=[-0.014,-0.091,-1.010] err=[-0.007,+0.046] scaled=[-0.046,+0.128] s=4.76
[INFO] [1789417961.468094830] [acados_nmpc_node]: [attach-window] t=49.16s pos_err=0.074m T=23.09N z=6.624 m_est=2.338
[INFO] [1789417961.512463280] [acados_nmpc_node]: [attach-window] t=49.20s pos_err=0.072m T=23.09N z=6.632 m_est=2.338
[INFO] [1789417961.567820490] [acados_nmpc_node]: [attach-window] t=49.26s pos_err=0.068m T=23.23N z=6.636 m_est=2.338
[INFO] [1789417961.612457603] [acados_nmpc_node]: [attach-window] t=49.30s pos_err=0.064m T=23.15N z=6.643 m_est=2.337
[INFO] [1789417961.619437670] [acados_nmpc_node]: [wcmd] raw=[-0.021,-0.062,-0.916] w=[-0.013,+0.014,-1.025] err=[-0.007,-0.076] scaled=[-0.048,-0.349] s=4.76
[INFO] [1789417961.668079211] [acados_nmpc_node]: [attach-window] t=49.36s pos_err=0.063m T=23.26N z=6.646 m_est=2.337
[INFO] [1789417961.712474991] [acados_nmpc_node]: [attach-window] t=49.40s pos_err=0.062m T=23.14N z=6.654 m_est=2.337
[INFO] [1789417961.767983443] [acados_nmpc_node]: [attach-window] t=49.46s pos_err=0.054m T=23.23N z=6.657 m_est=2.337
[INFO] [1789417961.812480610] [acados_nmpc_node]: [attach-window] t=49.50s pos_err=0.061m T=23.08N z=6.666 m_est=2.338
[INFO] [1789417961.819438633] [acados_nmpc_node]: [wcmd] raw=[-0.036,-0.109,-0.771] w=[+0.006,-0.015,-1.022] err=[-0.042,-0.093] scaled=[-0.192,-0.460] s=4.76
[INFO] [1789417961.868200691] [acados_nmpc_node]: [attach-window] t=49.56s pos_err=0.051m T=23.24N z=6.669 m_est=2.338
[INFO] [1789417961.912460361] [acados_nmpc_node]: [attach-window] t=49.60s pos_err=0.051m T=23.02N z=6.677 m_est=2.338
[INFO] [1789417961.968273180] [acados_nmpc_node]: [attach-window] t=49.66s pos_err=0.040m T=23.08N z=6.682 m_est=2.338
[INFO] [1789417962.012634208] [acados_nmpc_node]: [attach-window] t=49.70s pos_err=0.040m T=22.95N z=6.690 m_est=2.338
[INFO] [1789417962.019514920] [acados_nmpc_node]: [wcmd] raw=[+0.010,-0.070,-0.587] w=[-0.001,-0.048,-0.946] err=[+0.010,-0.022] scaled=[+0.049,-0.153] s=4.76
[INFO] [1789417962.068088535] [acados_nmpc_node]: [attach-window] t=49.76s pos_err=0.038m T=23.04N z=6.694 m_est=2.338
[INFO] [1789417962.112670524] [acados_nmpc_node]: [attach-window] t=49.80s pos_err=0.037m T=22.88N z=6.704 m_est=2.338
[INFO] [1789417962.167830534] [acados_nmpc_node]: [attach-window] t=49.86s pos_err=0.027m T=23.00N z=6.708 m_est=2.339
[INFO] [1789417962.212649311] [acados_nmpc_node]: [attach-window] t=49.90s pos_err=0.025m T=22.81N z=6.717 m_est=2.339
[INFO] [1789417962.219510466] [acados_nmpc_node]: [wcmd] raw=[+0.015,-0.117,-0.404] w=[+0.033,-0.068,-0.799] err=[-0.018,-0.049] scaled=[-0.051,-0.301] s=4.76
[INFO] [1789417962.268101035] [acados_nmpc_node]: [attach-window] t=49.96s pos_err=0.032m T=22.90N z=6.721 m_est=2.339
[INFO] [1789417962.312527001] [acados_nmpc_node]: [attach-window] t=50.00s pos_err=0.028m T=22.75N z=6.730 m_est=2.339
[INFO] [1789417962.365588484] [acados_nmpc_node]: [attach-window] t=50.05s pos_err=0.023m T=22.85N z=6.734 m_est=2.339
[INFO] [1789417962.411749216] [acados_nmpc_node]: [attach-window] t=50.10s pos_err=0.018m T=22.71N z=6.742 m_est=2.340
[INFO] [1789417962.419599493] [acados_nmpc_node]: [wcmd] raw=[+0.008,-0.122,-0.262] w=[+0.015,-0.039,-0.607] err=[-0.007,-0.083] scaled=[-0.020,-0.436] s=4.76
[INFO] [1789417962.465060954] [acados_nmpc_node]: [attach-window] t=50.15s pos_err=0.035m T=22.83N z=6.746 m_est=2.340
[INFO] [1789417962.512031656] [acados_nmpc_node]: [attach-window] t=50.20s pos_err=0.026m T=22.66N z=6.754 m_est=2.340
[INFO] [1789417962.568047039] [acados_nmpc_node]: [attach-window] t=50.26s pos_err=0.039m T=22.78N z=6.757 m_est=2.340
[INFO] [1789417962.612081396] [acados_nmpc_node]: [attach-window] t=50.30s pos_err=0.023m T=22.67N z=6.763 m_est=2.340
[INFO] [1789417962.619489297] [acados_nmpc_node]: [wcmd] raw=[+0.002,-0.109,-0.173] w=[+0.015,-0.117,-0.455] err=[-0.013,+0.008] scaled=[-0.048,-0.078] s=4.76
[INFO] [1789417962.668665209] [acados_nmpc_node]: [attach-window] t=50.36s pos_err=0.056m T=22.75N z=6.766 m_est=2.340
[INFO] [1789417962.711996143] [acados_nmpc_node]: [attach-window] t=50.40s pos_err=0.029m T=22.67N z=6.772 m_est=2.340
[INFO] [1789417962.767714800] [acados_nmpc_node]: [attach-window] t=50.46s pos_err=0.055m T=22.81N z=6.775 m_est=2.340
[INFO] [1789417962.811963357] [acados_nmpc_node]: [attach-window] t=50.50s pos_err=0.030m T=22.66N z=6.779 m_est=2.340
[INFO] [1789417962.819503473] [acados_nmpc_node]: [wcmd] raw=[-0.014,-0.143,-0.143] w=[-0.003,-0.076,-0.295] err=[-0.011,-0.067] scaled=[-0.055,-0.394] s=4.76
[INFO] [1789417962.868588361] [acados_nmpc_node]: [attach-window] t=50.56s pos_err=0.071m T=22.76N z=6.781 m_est=2.339
[INFO] [1789417962.911936687] [acados_nmpc_node]: [attach-window] t=50.60s pos_err=0.031m T=22.65N z=6.786 m_est=2.339
[INFO] [1789417962.968490089] [acados_nmpc_node]: [attach-window] t=50.66s pos_err=0.068m T=22.74N z=6.788 m_est=2.339
[INFO] [1789417963.011287752] [acados_nmpc_node]: [attach-window] t=50.70s pos_err=0.033m T=22.65N z=6.791 m_est=2.339
[INFO] [1789417963.019522241] [acados_nmpc_node]: [wcmd] raw=[-0.029,-0.129,-0.152] w=[-0.019,-0.075,-0.201] err=[-0.010,-0.054] scaled=[-0.066,-0.334] s=4.76
[INFO] [1789417963.065310237] [acados_nmpc_node]: [attach-window] t=50.75s pos_err=0.078m T=22.75N z=6.792 m_est=2.338
[INFO] [1789417963.111799033] [acados_nmpc_node]: [attach-window] t=50.80s pos_err=0.029m T=22.66N z=6.795 m_est=2.338
[INFO] [1789417963.167863245] [acados_nmpc_node]: [attach-window] t=50.86s pos_err=0.076m T=22.77N z=6.796 m_est=2.338
[INFO] [1789417963.211897169] [acados_nmpc_node]: [attach-window] t=50.90s pos_err=0.034m T=22.68N z=6.798 m_est=2.338
[INFO] [1789417963.219461802] [acados_nmpc_node]: [wcmd] raw=[-0.022,-0.134,-0.195] w=[-0.024,-0.147,-0.189] err=[+0.002,+0.014] scaled=[-0.016,-0.081] s=4.76
[INFO] [1789417963.268074712] [acados_nmpc_node]: [attach-window] t=50.96s pos_err=0.090m T=22.67N z=6.799 m_est=2.337
[INFO] [1789417963.311824048] [acados_nmpc_node]: [attach-window] t=51.00s pos_err=0.028m T=22.71N z=6.801 m_est=2.337
[INFO] [1789417963.368311669] [acados_nmpc_node]: [attach-window] t=51.06s pos_err=0.085m T=22.79N z=6.801 m_est=2.337
[INFO] [1789417963.368797005] [acados_nmpc_node]: t=51.1s | pos_err=0.085m | T=22.79N | tau=[r-0.180 p0.500 y-0.033]Nm | res_stat=2.415e-08(peak 9.989e-07) sqp_iter=5 | solve=2.8ms
[INFO] [1789417963.369002658] [acados_nmpc_node]: [flight-diag] t=51.1s | om_scale=4.765(lo 4.765 hi 4.765) | tilt_max=9.75deg | w_max=[r0.081 p0.223 y1.058]rad/s | u_frac=[T0.743 r0.589 p1.000 y0.799] | u_sat=[T0.0 r0.0 p31.0 y0.0]% | mot_peak=0.943 mot_sat=0.0% | health=1 age=0.000s conf=0.000 | n=100
[INFO] [1789417963.411851655] [acados_nmpc_node]: [attach-window] t=51.10s pos_err=0.037m T=22.75N z=6.802 m_est=2.337
[INFO] [1789417963.419444308] [acados_nmpc_node]: [wcmd] raw=[-0.018,-0.123,-0.239] w=[-0.007,-0.075,-0.158] err=[-0.011,-0.048] scaled=[-0.058,-0.304] s=4.76
[INFO] [1789417963.467965185] [acados_nmpc_node]: [attach-window] t=51.16s pos_err=0.100m T=22.79N z=6.802 m_est=2.336
[INFO] [1789417963.511945025] [acados_nmpc_node]: [attach-window] t=51.20s pos_err=0.031m T=22.76N z=6.802 m_est=2.336
[INFO] [1789417963.565359359] [acados_nmpc_node]: [attach-window] t=51.25s pos_err=0.090m T=22.81N z=6.801 m_est=2.336
[INFO] [1789417963.612070246] [acados_nmpc_node]: [attach-window] t=51.30s pos_err=0.044m T=22.75N z=6.801 m_est=2.336
[INFO] [1789417963.619550327] [acados_nmpc_node]: [wcmd] raw=[-0.009,-0.123,-0.285] w=[-0.002,-0.104,-0.203] err=[-0.008,-0.019] scaled=[-0.038,-0.194] s=4.76
[INFO] [1789417963.684295534] [acados_nmpc_node]: [attach-window] t=51.36s pos_err=0.111m T=22.73N z=6.801 m_est=2.335
[INFO] [1789417963.712229300] [acados_nmpc_node]: [attach-window] t=51.40s pos_err=0.037m T=22.79N z=6.800 m_est=2.335
[INFO] [1789417963.768328977] [acados_nmpc_node]: [attach-window] t=51.46s pos_err=0.105m T=22.76N z=6.800 m_est=2.335
[INFO] [1789417963.812588014] [acados_nmpc_node]: [attach-window] t=51.50s pos_err=0.052m T=22.77N z=6.799 m_est=2.335
[INFO] [1789417963.839586278] [acados_nmpc_node]: [wcmd] raw=[-0.010,-0.118,-0.319] w=[+0.005,-0.096,-0.246] err=[-0.015,-0.021] scaled=[-0.068,-0.198] s=4.76
[INFO] [1789417963.868298712] [acados_nmpc_node]: [attach-window] t=51.56s pos_err=0.120m T=22.71N z=6.799 m_est=2.335
[INFO] [1789417963.912604055] [acados_nmpc_node]: [attach-window] t=51.60s pos_err=0.044m T=22.79N z=6.798 m_est=2.335
[INFO] [1789417963.968260329] [acados_nmpc_node]: [attach-window] t=51.66s pos_err=0.112m T=22.82N z=6.798 m_est=2.335
[INFO] [1789417964.012456733] [acados_nmpc_node]: [attach-window] t=51.70s pos_err=0.058m T=22.76N z=6.797 m_est=2.335
[INFO] [1789417964.039522259] [acados_nmpc_node]: [wcmd] raw=[-0.005,-0.146,-0.337] w=[+0.002,-0.108,-0.295] err=[-0.007,-0.037] scaled=[-0.033,-0.285] s=4.76
[INFO] [1789417964.068470931] [acados_nmpc_node]: [attach-window] t=51.76s pos_err=0.125m T=22.69N z=6.796 m_est=2.335
[INFO] [1789417964.112489786] [acados_nmpc_node]: [attach-window] t=51.80s pos_err=0.048m T=22.75N z=6.795 m_est=2.335
[INFO] [1789417964.168157846] [acados_nmpc_node]: [attach-window] t=51.86s pos_err=0.114m T=22.72N z=6.795 m_est=2.336
[INFO] [1789417964.212579234] [acados_nmpc_node]: [attach-window] t=51.90s pos_err=0.061m T=22.75N z=6.793 m_est=2.336
[INFO] [1789417964.239571049] [acados_nmpc_node]: [wcmd] raw=[+0.009,-0.144,-0.344] w=[+0.020,-0.105,-0.319] err=[-0.010,-0.038] scaled=[-0.030,-0.288] s=4.76
[INFO] [1789417964.268582270] [acados_nmpc_node]: [attach-window] t=51.96s pos_err=0.126m T=22.70N z=6.792 m_est=2.336
[INFO] [1789417964.312641402] [acados_nmpc_node]: [attach-window] t=52.00s pos_err=0.051m T=22.81N z=6.790 m_est=2.336
[INFO] [1789417964.368618164] [acados_nmpc_node]: [attach-window] t=52.06s pos_err=0.115m T=22.79N z=6.788 m_est=2.336
[INFO] [1789417964.412655496] [acados_nmpc_node]: [attach-window] t=52.10s pos_err=0.062m T=22.82N z=6.786 m_est=2.336
[INFO] [1789417964.439494909] [acados_nmpc_node]: [wcmd] raw=[+0.002,-0.136,-0.357] w=[+0.023,-0.113,-0.342] err=[-0.021,-0.022] scaled=[-0.079,-0.220] s=4.76
[INFO] [1789417964.468502365] [acados_nmpc_node]: [attach-window] t=52.16s pos_err=0.125m T=22.72N z=6.784 m_est=2.336
[INFO] [1789417964.512620994] [acados_nmpc_node]: [attach-window] t=52.20s pos_err=0.054m T=22.87N z=6.781 m_est=2.336
[INFO] [1789417964.568353876] [acados_nmpc_node]: [attach-window] t=52.26s pos_err=0.115m T=22.82N z=6.779 m_est=2.337
[INFO] [1789417964.612686265] [acados_nmpc_node]: [attach-window] t=52.30s pos_err=0.047m T=22.89N z=6.776 m_est=2.337
[INFO] [1789417964.639489437] [acados_nmpc_node]: [wcmd] raw=[-0.015,-0.161,-0.380] w=[+0.012,-0.092,-0.355] err=[-0.027,-0.069] scaled=[-0.118,-0.420] s=4.76
[INFO] [1789417964.668399543] [acados_nmpc_node]: [attach-window] t=52.36s pos_err=0.106m T=22.84N z=6.774 m_est=2.337
[INFO] [1789417964.712939035] [acados_nmpc_node]: [attach-window] t=52.40s pos_err=0.060m T=22.88N z=6.770 m_est=2.337
[INFO] [1789417964.768562896] [acados_nmpc_node]: [attach-window] t=52.46s pos_err=0.117m T=22.71N z=6.768 m_est=2.337
[INFO] [1789417964.812855032] [acados_nmpc_node]: [attach-window] t=52.50s pos_err=0.071m T=22.91N z=6.764 m_est=2.337
[INFO] [1789417964.839620431] [acados_nmpc_node]: [wcmd] raw=[+0.018,-0.080,-0.428] w=[+0.017,-0.065,-0.365] err=[+0.001,-0.015] scaled=[+0.022,-0.138] s=4.76
[INFO] [1789417964.869081076] [acados_nmpc_node]: [attach-window] t=52.56s pos_err=0.128m T=22.81N z=6.762 m_est=2.337
[INFO] [1789417964.923950134] [acados_nmpc_node]: [attach-window] t=52.60s pos_err=0.066m T=23.01N z=6.757 m_est=2.337
[INFO] [1789417964.969210039] [acados_nmpc_node]: [attach-window] t=52.66s pos_err=0.120m T=22.98N z=6.754 m_est=2.337
[INFO] [1789417965.012698283] [acados_nmpc_node]: [attach-window] t=52.70s pos_err=0.077m T=23.00N z=6.749 m_est=2.337
[INFO] [1789417965.039633259] [acados_nmpc_node]: [wcmd] raw=[-0.002,-0.120,-0.504] w=[+0.042,-0.070,-0.411] err=[-0.044,-0.049] scaled=[-0.170,-0.306] s=4.76
[INFO] [1789417965.069039813] [acados_nmpc_node]: [attach-window] t=52.76s pos_err=0.129m T=22.91N z=6.747 m_est=2.337
[INFO] [1789417965.112706331] [acados_nmpc_node]: [attach-window] t=52.80s pos_err=0.073m T=22.99N z=6.741 m_est=2.337
[INFO] [1789417965.168692455] [acados_nmpc_node]: [attach-window] t=52.86s pos_err=0.120m T=22.88N z=6.739 m_est=2.338
[INFO] [1789417965.212611565] [acados_nmpc_node]: [attach-window] t=52.90s pos_err=0.083m T=22.95N z=6.734 m_est=2.338
[INFO] [1789417965.239602468] [acados_nmpc_node]: [wcmd] raw=[+0.006,-0.102,-0.597] w=[+0.015,-0.063,-0.476] err=[-0.010,-0.039] scaled=[-0.031,-0.249] s=4.76
[INFO] [1789417965.268059772] [acados_nmpc_node]: [attach-window] t=52.96s pos_err=0.128m T=22.89N z=6.731 m_est=2.338
[INFO] [1789417965.312491550] [acados_nmpc_node]: [attach-window] t=53.00s pos_err=0.079m T=23.00N z=6.724 m_est=2.338
[INFO] [1789417965.367975734] [acados_nmpc_node]: [attach-window] t=53.06s pos_err=0.120m T=22.95N z=6.721 m_est=2.338
[INFO] [1789417965.412712336] [acados_nmpc_node]: [attach-window] t=53.10s pos_err=0.087m T=22.99N z=6.715 m_est=2.338
[INFO] [1789417965.439606960] [acados_nmpc_node]: [wcmd] raw=[+0.012,-0.097,-0.707] w=[+0.037,-0.082,-0.562] err=[-0.026,-0.014] scaled=[-0.085,-0.151] s=4.76
[INFO] [1789417965.468475862] [acados_nmpc_node]: [attach-window] t=53.16s pos_err=0.127m T=22.90N z=6.712 m_est=2.338
[INFO] [1789417965.512755636] [acados_nmpc_node]: [attach-window] t=53.20s pos_err=0.084m T=23.01N z=6.705 m_est=2.338
[INFO] [1789417965.567945753] [acados_nmpc_node]: [attach-window] t=53.26s pos_err=0.118m T=22.96N z=6.702 m_est=2.338
[INFO] [1789417965.612743354] [acados_nmpc_node]: [attach-window] t=53.30s pos_err=0.090m T=22.98N z=6.696 m_est=2.338
[INFO] [1789417965.639625881] [acados_nmpc_node]: [wcmd] raw=[+0.005,-0.092,-0.825] w=[+0.036,-0.044,-0.652] err=[-0.031,-0.048] scaled=[-0.111,-0.273] s=4.76
[INFO] [1789417965.667986477] [acados_nmpc_node]: [attach-window] t=53.36s pos_err=0.122m T=22.92N z=6.694 m_est=2.338
[INFO] [1789417965.712471127] [acados_nmpc_node]: [attach-window] t=53.40s pos_err=0.087m T=22.97N z=6.687 m_est=2.338
[INFO] [1789417965.767950008] [acados_nmpc_node]: [attach-window] t=53.46s pos_err=0.113m T=22.92N z=6.684 m_est=2.338
[INFO] [1789417965.812633461] [acados_nmpc_node]: [attach-window] t=53.50s pos_err=0.090m T=22.95N z=6.677 m_est=2.338
[INFO] [1789417965.839527227] [acados_nmpc_node]: [wcmd] raw=[+0.016,-0.083,-0.933] w=[+0.037,-0.064,-0.779] err=[-0.021,-0.019] scaled=[-0.063,-0.156] s=4.76
[INFO] [1789417965.868204527] [acados_nmpc_node]: [attach-window] t=53.56s pos_err=0.113m T=22.90N z=6.674 m_est=2.339
[INFO] [1789417965.912588829] [acados_nmpc_node]: [attach-window] t=53.60s pos_err=0.086m T=22.99N z=6.666 m_est=2.339
[INFO] [1789417965.968095028] [acados_nmpc_node]: [attach-window] t=53.66s pos_err=0.102m T=22.97N z=6.662 m_est=2.339
[INFO] [1789417966.012492465] [acados_nmpc_node]: [attach-window] t=53.70s pos_err=0.085m T=23.00N z=6.654 m_est=2.339
[INFO] [1789417966.039621150] [acados_nmpc_node]: [wcmd] raw=[+0.012,-0.091,-1.002] w=[+0.045,-0.052,-0.895] err=[-0.033,-0.038] scaled=[-0.112,-0.234] s=4.76
[INFO] [1789417966.068274730] [acados_nmpc_node]: [attach-window] t=53.76s pos_err=0.092m T=22.99N z=6.649 m_est=2.339
[INFO] [1789417966.111670415] [acados_nmpc_node]: [attach-window] t=53.80s pos_err=0.082m T=23.06N z=6.640 m_est=2.339
[INFO] [1789417966.168086137] [acados_nmpc_node]: [attach-window] t=53.86s pos_err=0.089m T=23.05N z=6.636 m_est=2.339
[INFO] [1789417966.212555594] [acados_nmpc_node]: [attach-window] t=53.90s pos_err=0.080m T=23.11N z=6.627 m_est=2.339
[INFO] [1789417966.239539349] [acados_nmpc_node]: [wcmd] raw=[+0.013,-0.048,-0.997] w=[+0.032,-0.034,-0.987] err=[-0.019,-0.015] scaled=[-0.057,-0.104] s=4.76
[INFO] [1789417966.267943672] [acados_nmpc_node]: [attach-window] t=53.96s pos_err=0.085m T=23.07N z=6.623 m_est=2.339
[INFO] [1789417966.312361584] [acados_nmpc_node]: [attach-window] t=54.00s pos_err=0.078m T=23.13N z=6.612 m_est=2.339
[INFO] [1789417966.367755643] [acados_nmpc_node]: [attach-window] t=54.06s pos_err=0.074m T=23.13N z=6.608 m_est=2.339
[INFO] [1789417966.411401022] [acados_nmpc_node]: [attach-window] t=54.10s pos_err=0.078m T=23.07N z=6.598 m_est=2.339
[INFO] [1789417966.439633136] [acados_nmpc_node]: [wcmd] raw=[-0.007,-0.124,-0.906] w=[+0.032,-0.057,-1.054] err=[-0.039,-0.067] scaled=[-0.154,-0.376] s=4.76
[INFO] [1789417966.465278618] [acados_nmpc_node]: [attach-window] t=54.15s pos_err=0.064m T=23.06N z=6.593 m_est=2.339
[INFO] [1789417966.511507130] [acados_nmpc_node]: [attach-window] t=54.20s pos_err=0.071m T=23.04N z=6.584 m_est=2.339
[INFO] [1789417966.565335003] [acados_nmpc_node]: [attach-window] t=54.25s pos_err=0.056m T=22.97N z=6.579 m_est=2.339
[INFO] [1789417966.611547223] [acados_nmpc_node]: [attach-window] t=54.30s pos_err=0.062m T=23.10N z=6.569 m_est=2.339
[INFO] [1789417966.639644851] [acados_nmpc_node]: [wcmd] raw=[+0.020,-0.023,-0.738] w=[+0.035,+0.074,-0.975] err=[-0.015,-0.097] scaled=[-0.038,-0.387] s=4.76
[INFO] [1789417966.665350512] [acados_nmpc_node]: [attach-window] t=54.35s pos_err=0.049m T=23.12N z=6.564 m_est=2.339
[INFO] [1789417966.711403516] [acados_nmpc_node]: [attach-window] t=54.40s pos_err=0.065m T=23.11N z=6.553 m_est=2.339
[INFO] [1789417966.794293603] [acados_nmpc_node]: [attach-window] t=54.46s pos_err=0.040m T=23.14N z=6.548 m_est=2.339
[INFO] [1789417966.812530418] [acados_nmpc_node]: [attach-window] t=54.50s pos_err=0.056m T=23.03N z=6.537 m_est=2.339
[INFO] [1789417966.877401112] [acados_nmpc_node]: [attach-window] t=54.56s pos_err=0.035m T=22.82N z=6.532 m_est=2.339
[INFO] [1789417966.877812650] [acados_nmpc_node]: [wcmd] raw=[+0.044,-0.004,-0.613] w=[+0.008,-0.173,-0.985] err=[+0.035,+0.169] scaled=[+0.177,+0.630] s=4.76
[INFO] [1789417966.912488845] [acados_nmpc_node]: [attach-window] t=54.60s pos_err=0.060m T=22.92N z=6.521 m_est=2.339
[INFO] [1789417966.968002249] [acados_nmpc_node]: [attach-window] t=54.66s pos_err=0.027m T=22.86N z=6.516 m_est=2.339
[INFO] [1789417967.012487063] [acados_nmpc_node]: [attach-window] t=54.70s pos_err=0.050m T=22.92N z=6.506 m_est=2.338
[INFO] [1789417967.067976581] [acados_nmpc_node]: [attach-window] t=54.76s pos_err=0.024m T=22.97N z=6.501 m_est=2.338
[INFO] [1789417967.068396568] [acados_nmpc_node]: [wcmd] raw=[+0.036,+0.109,-0.408] w=[-0.007,+0.159,-0.681] err=[+0.043,-0.049] scaled=[+0.197,-0.076] s=4.76
[INFO] [1789417967.112445511] [acados_nmpc_node]: [attach-window] t=54.80s pos_err=0.057m T=22.79N z=6.490 m_est=2.338
[INFO] [1789417967.167993934] [acados_nmpc_node]: [attach-window] t=54.86s pos_err=0.018m T=22.80N z=6.485 m_est=2.338
[INFO] [1789417967.212417985] [acados_nmpc_node]: [attach-window] t=54.90s pos_err=0.046m T=22.70N z=6.476 m_est=2.338
[INFO] [1789417967.268230424] [acados_nmpc_node]: [attach-window] t=54.96s pos_err=0.023m T=22.54N z=6.471 m_est=2.337
[INFO] [1789417967.268641983] [acados_nmpc_node]: [wcmd] raw=[+0.014,+0.006,-0.265] w=[+0.016,-0.137,-0.611] err=[-0.001,+0.143] scaled=[+0.009,+0.543] s=4.76
[INFO] [1789417967.312517835] [acados_nmpc_node]: [attach-window] t=55.00s pos_err=0.053m T=22.73N z=6.460 m_est=2.337
[INFO] [1789417967.367756100] [acados_nmpc_node]: [attach-window] t=55.06s pos_err=0.019m T=22.84N z=6.454 m_est=2.336
[INFO] [1789417967.412479437] [acados_nmpc_node]: [attach-window] t=55.10s pos_err=0.062m T=22.70N z=6.442 m_est=2.336
[INFO] [1789417967.468031658] [acados_nmpc_node]: [attach-window] t=55.16s pos_err=0.018m T=22.76N z=6.436 m_est=2.335
[INFO] [1789417967.468435810] [acados_nmpc_node]: [wcmd] raw=[+0.010,+0.021,-0.151] w=[-0.015,-0.041,-0.387] err=[+0.025,+0.063] scaled=[+0.105,+0.258] s=4.76
[INFO] [1789417967.512431403] [acados_nmpc_node]: [attach-window] t=55.20s pos_err=0.050m T=22.65N z=6.425 m_est=2.334
[INFO] [1789417967.568154181] [acados_nmpc_node]: [attach-window] t=55.26s pos_err=0.030m T=22.40N z=6.420 m_est=2.334
[INFO] [1789417967.612418468] [acados_nmpc_node]: [attach-window] t=55.30s pos_err=0.039m T=22.70N z=6.408 m_est=2.333
[INFO] [1789417967.675831587] [acados_nmpc_node]: [attach-window] t=55.36s pos_err=0.030m T=22.81N z=6.401 m_est=2.332
[INFO] [1789417967.676236487] [acados_nmpc_node]: [wcmd] raw=[+0.001,+0.093,-0.085] w=[-0.002,+0.011,-0.204] err=[+0.003,+0.082] scaled=[+0.012,+0.403] s=4.76
[INFO] [1789417967.712066815] [acados_nmpc_node]: [attach-window] t=55.40s pos_err=0.047m T=22.88N z=6.388 m_est=2.332
[INFO] [1789417967.768053480] [acados_nmpc_node]: [attach-window] t=55.46s pos_err=0.045m T=22.94N z=6.382 m_est=2.331
[INFO] [1789417967.812122277] [acados_nmpc_node]: [attach-window] t=55.50s pos_err=0.038m T=22.85N z=6.369 m_est=2.331
[INFO] [1789417967.868138559] [acados_nmpc_node]: [attach-window] t=55.56s pos_err=0.065m T=22.61N z=6.363 m_est=2.330
[INFO] [1789417967.868546539] [acados_nmpc_node]: [wcmd] raw=[-0.008,+0.022,-0.093] w=[-0.012,-0.073,-0.140] err=[+0.003,+0.095] scaled=[+0.004,+0.377] s=4.74
[INFO] [1789417967.912164510] [acados_nmpc_node]: [attach-window] t=55.60s pos_err=0.045m T=22.79N z=6.349 m_est=2.330
[INFO] [1789417967.968006430] [acados_nmpc_node]: [attach-window] t=55.66s pos_err=0.063m T=22.87N z=6.343 m_est=2.329
[INFO] [1789417968.012177418] [acados_nmpc_node]: [attach-window] t=55.70s pos_err=0.040m T=22.77N z=6.330 m_est=2.329
[INFO] [1789417968.068232565] [acados_nmpc_node]: [attach-window] t=55.76s pos_err=0.062m T=22.70N z=6.323 m_est=2.329
[INFO] [1789417968.068637903] [acados_nmpc_node]: [wcmd] raw=[-0.033,-0.000,-0.108] w=[-0.033,-0.069,-0.094] err=[+0.000,+0.069] scaled=[-0.032,+0.257] s=4.72
[INFO] [1789417968.112520473] [acados_nmpc_node]: [attach-window] t=55.80s pos_err=0.045m T=22.72N z=6.310 m_est=2.328
[INFO] [1789417968.187778015] [acados_nmpc_node]: [attach-window] t=55.86s pos_err=0.081m T=22.64N z=6.304 m_est=2.328
[INFO] [1789417968.212359662] [acados_nmpc_node]: [attach-window] t=55.90s pos_err=0.046m T=22.73N z=6.292 m_est=2.328
[INFO] [1789417968.269353123] [acados_nmpc_node]: [attach-window] t=55.96s pos_err=0.103m T=21.66N z=6.285 m_est=2.328
[INFO] [1789417968.279617570] [acados_nmpc_node]: [wcmd] raw=[-0.028,-0.060,-0.125] w=[-0.048,-0.092,-0.082] err=[+0.020,+0.032] scaled=[+0.046,+0.061] s=4.71
[INFO] [1789417968.312372569] [acados_nmpc_node]: [attach-window] t=56.00s pos_err=0.046m T=22.78N z=6.271 m_est=2.328
[INFO] [1789417968.368399784] [acados_nmpc_node]: [attach-window] t=56.06s pos_err=0.097m T=22.49N z=6.264 m_est=2.328
[INFO] [1789417968.368877184] [acados_nmpc_node]: t=56.1s | pos_err=0.097m | T=22.49N | tau=[r-0.182 p0.500 y-0.024]Nm | res_stat=2.078e-07(peak 9.989e-07) sqp_iter=5 | solve=3.0ms
[INFO] [1789417968.369080857] [acados_nmpc_node]: [flight-diag] t=56.1s | om_scale=4.707(lo 4.707 hi 4.765) | tilt_max=10.71deg | w_max=[r0.051 p0.183 y1.079]rad/s | u_frac=[T0.738 r0.569 p1.000 y0.821] | u_sat=[T0.0 r0.0 p28.0 y0.0]% | mot_peak=0.970 mot_sat=0.0% | health=1 age=0.000s conf=0.000 | n=100
[INFO] [1789417968.412374247] [acados_nmpc_node]: [attach-window] t=56.10s pos_err=0.050m T=23.01N z=6.249 m_est=2.328
[INFO] [1789417968.465865065] [acados_nmpc_node]: [attach-window] t=56.15s pos_err=0.111m T=21.80N z=6.241 m_est=2.328
[INFO] [1789417968.479465717] [acados_nmpc_node]: [wcmd] raw=[-0.038,-0.032,-0.126] w=[-0.046,-0.051,-0.067] err=[+0.008,+0.019] scaled=[-0.007,+0.039] s=4.70
[INFO] [1789417968.511522836] [acados_nmpc_node]: [attach-window] t=56.20s pos_err=0.046m T=23.19N z=6.224 m_est=2.328
[INFO] [1789417968.565424505] [acados_nmpc_node]: [attach-window] t=56.25s pos_err=0.104m T=22.70N z=6.215 m_est=2.327
[INFO] [1789417968.634405402] [acados_nmpc_node]: [attach-window] t=56.30s pos_err=0.054m T=23.28N z=6.198 m_est=2.327
[INFO] [1789417968.666143826] [acados_nmpc_node]: [attach-window] t=56.35s pos_err=0.127m T=21.23N z=6.190 m_est=2.327
[INFO] [1789417968.679647981] [acados_nmpc_node]: [wcmd] raw=[-0.034,-0.032,-0.123] w=[-0.055,-0.054,-0.078] err=[+0.022,+0.022] scaled=[+0.047,+0.050] s=4.70
[INFO] [1789417968.711508106] [acados_nmpc_node]: [attach-window] t=56.40s pos_err=0.050m T=23.50N z=6.171 m_est=2.327
[INFO] [1789417968.768582551] [acados_nmpc_node]: [attach-window] t=56.46s pos_err=0.128m T=22.20N z=6.162 m_est=2.327
[INFO] [1789417968.812727901] [acados_nmpc_node]: [attach-window] t=56.50s pos_err=0.067m T=23.56N z=6.144 m_est=2.327
[INFO] [1789417968.869041078] [acados_nmpc_node]: [attach-window] t=56.56s pos_err=0.154m T=20.42N z=6.135 m_est=2.326
[INFO] [1789417968.879522703] [acados_nmpc_node]: [wcmd] raw=[-0.012,-0.022,-0.107] w=[-0.035,-0.070,-0.083] err=[+0.023,+0.048] scaled=[+0.075,+0.154] s=4.69
[INFO] [1789417968.912631989] [acados_nmpc_node]: [attach-window] t=56.60s pos_err=0.066m T=23.81N z=6.114 m_est=2.326
[INFO] [1789417968.968633651] [acados_nmpc_node]: [attach-window] t=56.66s pos_err=0.150m T=20.92N z=6.104 m_est=2.325
[INFO] [1789417969.012900366] [acados_nmpc_node]: [attach-window] t=56.70s pos_err=0.089m T=23.47N z=6.084 m_est=2.325
[INFO] [1789417969.068975015] [acados_nmpc_node]: [attach-window] t=56.76s pos_err=0.177m T=20.24N z=6.073 m_est=2.325
[INFO] [1789417969.079489757] [acados_nmpc_node]: [wcmd] raw=[-0.013,-0.016,-0.079] w=[-0.021,-0.064,-0.071] err=[+0.007,+0.048] scaled=[+0.014,+0.161] s=4.68
[INFO] [1789417969.112491100] [acados_nmpc_node]: [attach-window] t=56.80s pos_err=0.089m T=24.21N z=6.049 m_est=2.324
[INFO] [1789417969.168639763] [acados_nmpc_node]: [attach-window] t=56.86s pos_err=0.175m T=21.65N z=6.038 m_est=2.323
[INFO] [1789417969.212969303] [acados_nmpc_node]: [attach-window] t=56.90s pos_err=0.115m T=24.00N z=6.015 m_est=2.323
[INFO] [1789417969.269307788] [acados_nmpc_node]: [attach-window] t=56.96s pos_err=0.203m T=21.21N z=6.003 m_est=2.322
[INFO] [1789417969.279508578] [acados_nmpc_node]: [wcmd] raw=[-0.035,-0.023,-0.039] w=[-0.033,-0.058,-0.054] err=[-0.002,+0.036] scaled=[-0.041,+0.108] s=4.65
[INFO] [1789417969.312475291] [acados_nmpc_node]: [attach-window] t=57.00s pos_err=0.118m T=24.72N z=5.978 m_est=2.321
[INFO] [1789417969.368584010] [acados_nmpc_node]: [attach-window] t=57.06s pos_err=0.202m T=22.76N z=5.967 m_est=2.320
[INFO] [1789417969.412783452] [acados_nmpc_node]: [attach-window] t=57.10s pos_err=0.144m T=24.55N z=5.945 m_est=2.319
[INFO] [1789417969.484522673] [acados_nmpc_node]: [attach-window] t=57.16s pos_err=0.201m T=23.48N z=5.933 m_est=2.317
[INFO] [1789417969.499510102] [acados_nmpc_node]: [wcmd] raw=[-0.055,-0.047,+0.017] w=[-0.047,-0.061,-0.029] err=[-0.008,+0.014] scaled=[-0.084,+0.006] s=4.62
[INFO] [1789417969.512940775] [acados_nmpc_node]: [attach-window] t=57.20s pos_err=0.145m T=24.57N z=5.914 m_est=2.316
[INFO] [1789417969.568831934] [acados_nmpc_node]: [attach-window] t=57.26s pos_err=0.226m T=23.13N z=5.906 m_est=2.315
[INFO] [1789417969.613151511] [acados_nmpc_node]: [attach-window] t=57.30s pos_err=0.165m T=24.02N z=5.891 m_est=2.314
[INFO] [1789417969.668484826] [acados_nmpc_node]: [attach-window] t=57.36s pos_err=0.247m T=23.02N z=5.884 m_est=2.312
[INFO] [1789417969.699476809] [acados_nmpc_node]: [wcmd] raw=[-0.060,+0.004,+0.059] w=[-0.042,-0.030,+0.024] err=[-0.018,+0.035] scaled=[-0.124,+0.129] s=4.59
[INFO] [1789417969.712944293] [acados_nmpc_node]: [attach-window] t=57.40s pos_err=0.159m T=23.80N z=5.870 m_est=2.311
[INFO] [1789417969.801872667] [acados_nmpc_node]: [attach-window] t=57.46s pos_err=0.239m T=23.40N z=5.864 m_est=2.310
[INFO] [1789417969.813027184] [acados_nmpc_node]: [attach-window] t=57.50s pos_err=0.151m T=23.43N z=5.852 m_est=2.309
[INFO] [1789417969.868408569] [acados_nmpc_node]: [attach-window] t=57.56s pos_err=0.256m T=22.93N z=5.848 m_est=2.307
[INFO] [1789417969.912975215] [acados_nmpc_node]: [attach-window] t=57.60s pos_err=0.163m T=22.92N z=5.837 m_est=2.306
[INFO] [1789417969.939494482] [acados_nmpc_node]: [wcmd] raw=[-0.057,-0.135,+0.093] w=[-0.060,-0.128,+0.030] err=[+0.003,-0.008] scaled=[-0.048,-0.162] s=4.52
[INFO] [1789417970.002706642] [acados_nmpc_node]: [attach-window] t=57.66s pos_err=0.243m T=22.47N z=5.833 m_est=2.305
[INFO] [1789417970.012934823] [acados_nmpc_node]: [attach-window] t=57.70s pos_err=0.175m T=22.63N z=5.824 m_est=2.304
[INFO] [1789417970.068960655] [acados_nmpc_node]: [attach-window] t=57.76s pos_err=0.255m T=22.40N z=5.819 m_est=2.303
[INFO] [1789417970.112560873] [acados_nmpc_node]: [attach-window] t=57.80s pos_err=0.161m T=22.52N z=5.809 m_est=2.302
[INFO] [1789417970.168858477] [acados_nmpc_node]: [attach-window] t=57.86s pos_err=0.238m T=22.42N z=5.804 m_est=2.300
[INFO] [1789417970.179500248] [acados_nmpc_node]: [wcmd] raw=[-0.072,-0.030,+0.140] w=[-0.076,-0.067,+0.100] err=[+0.004,+0.038] scaled=[-0.058,+0.101] s=4.46
[INFO] [1789417970.212648423] [acados_nmpc_node]: [attach-window] t=57.90s pos_err=0.171m T=22.45N z=5.795 m_est=2.300
[INFO] [1789417970.268959596] [acados_nmpc_node]: [attach-window] t=57.96s pos_err=0.249m T=22.28N z=5.790 m_est=2.299
[INFO] [1789417970.312638226] [acados_nmpc_node]: [attach-window] t=58.00s pos_err=0.157m T=22.52N z=5.778 m_est=2.298
[INFO] [1789417970.366418145] [acados_nmpc_node]: [attach-window] t=58.05s pos_err=0.228m T=22.44N z=5.773 m_est=2.297
[INFO] [1789417970.379473786] [acados_nmpc_node]: [wcmd] raw=[-0.053,-0.049,+0.181] w=[-0.054,-0.094,+0.140] err=[+0.001,+0.045] scaled=[-0.051,+0.104] s=4.41
[INFO] [1789417970.411954120] [acados_nmpc_node]: [attach-window] t=58.10s pos_err=0.167m T=22.58N z=5.762 m_est=2.296
[INFO] [1789417970.466156093] [acados_nmpc_node]: [attach-window] t=58.15s pos_err=0.236m T=22.49N z=5.756 m_est=2.296
[INFO] [1789417970.513097084] [acados_nmpc_node]: [attach-window] t=58.20s pos_err=0.152m T=22.73N z=5.743 m_est=2.295
[INFO] [1789417970.571407807] [acados_nmpc_node]: [attach-window] t=58.26s pos_err=0.223m T=22.65N z=5.736 m_est=2.295
[INFO] [1789417970.579558766] [acados_nmpc_node]: [wcmd] raw=[-0.050,-0.043,+0.222] w=[-0.038,-0.087,+0.185] err=[-0.012,+0.044] scaled=[-0.092,+0.105] s=4.36
[INFO] [1789417970.612552987] [acados_nmpc_node]: [attach-window] t=58.30s pos_err=0.161m T=22.82N z=5.723 m_est=2.295
[INFO] [1789417970.668827893] [acados_nmpc_node]: [attach-window] t=58.36s pos_err=0.232m T=22.64N z=5.716 m_est=2.295
[INFO] [1789417970.712534019] [acados_nmpc_node]: [attach-window] t=58.40s pos_err=0.148m T=23.00N z=5.701 m_est=2.295
[INFO] [1789417970.768686278] [acados_nmpc_node]: [attach-window] t=58.46s pos_err=0.214m T=22.90N z=5.694 m_est=2.295
[INFO] [1789417970.779486615] [acados_nmpc_node]: [wcmd] raw=[-0.056,+0.002,+0.268] w=[-0.044,-0.045,+0.237] err=[-0.012,+0.047] scaled=[-0.096,+0.159] s=4.32
[INFO] [1789417970.812535668] [acados_nmpc_node]: [attach-window] t=58.50s pos_err=0.157m T=23.09N z=5.679 m_est=2.295
[INFO] [1789417970.868800905] [acados_nmpc_node]: [attach-window] t=58.56s pos_err=0.222m T=22.96N z=5.672 m_est=2.295
[INFO] [1789417970.912487057] [acados_nmpc_node]: [attach-window] t=58.60s pos_err=0.145m T=23.21N z=5.656 m_est=2.296
[INFO] [1789417970.968282917] [acados_nmpc_node]: [attach-window] t=58.66s pos_err=0.206m T=23.09N z=5.649 m_est=2.296
[INFO] [1789417970.979547629] [acados_nmpc_node]: [wcmd] raw=[-0.057,-0.002,+0.320] w=[-0.044,-0.034,+0.271] err=[-0.013,+0.033] scaled=[-0.098,+0.106] s=4.29
[INFO] [1789417971.012569159] [acados_nmpc_node]: [attach-window] t=58.70s pos_err=0.154m T=23.23N z=5.634 m_est=2.297
[INFO] [1789417971.068613935] [acados_nmpc_node]: [attach-window] t=58.76s pos_err=0.213m T=23.08N z=5.627 m_est=2.298
[INFO] [1789417971.112502009] [acados_nmpc_node]: [attach-window] t=58.80s pos_err=0.144m T=23.34N z=5.611 m_est=2.299
[INFO] [1789417971.168354649] [acados_nmpc_node]: [attach-window] t=58.86s pos_err=0.199m T=23.23N z=5.603 m_est=2.300
[INFO] [1789417971.179592780] [acados_nmpc_node]: [wcmd] raw=[-0.058,+0.004,+0.392] w=[-0.043,-0.017,+0.313] err=[-0.014,+0.021] scaled=[-0.104,+0.073] s=4.28
[INFO] [1789417971.212581085] [acados_nmpc_node]: [attach-window] t=58.90s pos_err=0.150m T=23.38N z=5.589 m_est=2.301
[INFO] [1789417971.268488628] [acados_nmpc_node]: [attach-window] t=58.96s pos_err=0.203m T=23.25N z=5.582 m_est=2.303
[INFO] [1789417971.311813205] [acados_nmpc_node]: [attach-window] t=59.00s pos_err=0.139m T=23.44N z=5.567 m_est=2.304
[INFO] [1789417971.368719691] [acados_nmpc_node]: [attach-window] t=59.06s pos_err=0.188m T=23.32N z=5.560 m_est=2.306
[INFO] [1789417971.379633979] [acados_nmpc_node]: [wcmd] raw=[-0.071,-0.008,+0.486] w=[-0.049,-0.034,+0.357] err=[-0.022,+0.026] scaled=[-0.142,+0.079] s=4.28
[INFO] [1789417971.412701423] [acados_nmpc_node]: [attach-window] t=59.10s pos_err=0.143m T=23.43N z=5.547 m_est=2.307
[INFO] [1789417971.470074696] [acados_nmpc_node]: [attach-window] t=59.16s pos_err=0.173m T=23.36N z=5.539 m_est=2.309
[INFO] [1789417971.512750882] [acados_nmpc_node]: [attach-window] t=59.20s pos_err=0.133m T=23.49N z=5.526 m_est=2.310
[INFO] [1789417971.568970942] [acados_nmpc_node]: [attach-window] t=59.26s pos_err=0.176m T=23.39N z=5.520 m_est=2.312
[INFO] [1789417971.579628908] [acados_nmpc_node]: [wcmd] raw=[-0.068,+0.003,+0.601] w=[-0.052,-0.045,+0.426] err=[-0.016,+0.048] scaled=[-0.120,+0.161] s=4.31
[INFO] [1789417971.612614321] [acados_nmpc_node]: [attach-window] t=59.30s pos_err=0.136m T=23.51N z=5.507 m_est=2.314
[INFO] [1789417971.669188107] [acados_nmpc_node]: [attach-window] t=59.36s pos_err=0.178m T=23.36N z=5.501 m_est=2.316
[INFO] [1789417971.712687401] [acados_nmpc_node]: [attach-window] t=59.40s pos_err=0.126m T=23.56N z=5.487 m_est=2.317
[INFO] [1789417971.768478411] [acados_nmpc_node]: [attach-window] t=59.46s pos_err=0.163m T=23.48N z=5.481 m_est=2.319
[INFO] [1789417971.779473624] [acados_nmpc_node]: [wcmd] raw=[-0.057,-0.002,+0.739] w=[-0.053,+0.015,+0.546] err=[-0.004,-0.017] scaled=[-0.071,-0.058] s=4.36
[INFO] [1789417971.812552019] [acados_nmpc_node]: [attach-window] t=59.50s pos_err=0.127m T=23.53N z=5.470 m_est=2.320
[INFO] [1789417971.868098872] [acados_nmpc_node]: [attach-window] t=59.56s pos_err=0.163m T=23.41N z=5.465 m_est=2.322
[INFO] [1789417971.912830548] [acados_nmpc_node]: [attach-window] t=59.60s pos_err=0.117m T=23.48N z=5.453 m_est=2.323
[INFO] [1789417971.968348563] [acados_nmpc_node]: [attach-window] t=59.66s pos_err=0.148m T=23.36N z=5.449 m_est=2.325
[INFO] [1789417971.979497562] [acados_nmpc_node]: [wcmd] raw=[-0.048,-0.002,+0.876] w=[-0.030,-0.033,+0.645] err=[-0.018,+0.031] scaled=[-0.108,+0.102] s=4.41
[INFO] [1789417972.012613764] [acados_nmpc_node]: [attach-window] t=59.70s pos_err=0.117m T=23.40N z=5.440 m_est=2.326
[INFO] [1789417972.068325751] [acados_nmpc_node]: [attach-window] t=59.76s pos_err=0.147m T=23.29N z=5.436 m_est=2.327
[INFO] [1789417972.112470388] [acados_nmpc_node]: [attach-window] t=59.80s pos_err=0.107m T=23.33N z=5.427 m_est=2.328
[INFO] [1789417972.167983263] [acados_nmpc_node]: [attach-window] t=59.86s pos_err=0.132m T=23.25N z=5.424 m_est=2.329
[INFO] [1789417972.179495560] [acados_nmpc_node]: [wcmd] raw=[-0.050,-0.008,+0.999] w=[-0.033,-0.010,+0.780] err=[-0.016,+0.002] scaled=[-0.107,-0.003] s=4.47
[INFO] [1789417972.212517119] [acados_nmpc_node]: [attach-window] t=59.90s pos_err=0.104m T=23.25N z=5.417 m_est=2.330
[INFO] [1789417972.268492554] [acados_nmpc_node]: [attach-window] t=59.96s pos_err=0.129m T=23.17N z=5.413 m_est=2.331
[INFO] [1789417972.311631128] [acados_nmpc_node]: [attach-window] t=60.00s pos_err=0.094m T=23.25N z=5.405 m_est=2.332
[INFO] [1789417972.368091135] [acados_nmpc_node]: [attach-window] t=60.06s pos_err=0.113m T=23.20N z=5.402 m_est=2.333
[INFO] [1789417972.379513255] [acados_nmpc_node]: [wcmd] raw=[-0.047,+0.005,+1.077] w=[-0.034,-0.006,+0.906] err=[-0.014,+0.011] scaled=[-0.095,+0.044] s=4.53
[INFO] [1789417972.412431474] [acados_nmpc_node]: [attach-window] t=60.10s pos_err=0.084m T=23.26N z=5.393 m_est=2.333
[INFO] [1789417972.468116655] [acados_nmpc_node]: [attach-window] t=60.16s pos_err=0.108m T=23.22N z=5.390 m_est=2.334
[INFO] [1789417972.512448462] [acados_nmpc_node]: [attach-window] t=60.20s pos_err=0.078m T=23.25N z=5.382 m_est=2.334
[INFO] [1789417972.568547501] [acados_nmpc_node]: [attach-window] t=60.26s pos_err=0.094m T=23.18N z=5.378 m_est=2.335
[INFO] [1789417972.579546962] [acados_nmpc_node]: [wcmd] raw=[-0.053,+0.015,+1.077] w=[-0.019,-0.039,+0.996] err=[-0.034,+0.054] scaled=[-0.176,+0.210] s=4.58
[INFO] [1789417972.612585102] [acados_nmpc_node]: [attach-window] t=60.30s pos_err=0.072m T=23.27N z=5.370 m_est=2.335
[INFO] [1789417972.668162223] [acados_nmpc_node]: [attach-window] t=60.36s pos_err=0.090m T=23.26N z=5.367 m_est=2.336
[INFO] [1789417972.712534475] [acados_nmpc_node]: [attach-window] t=60.40s pos_err=0.063m T=23.31N z=5.359 m_est=2.336
[INFO] [1789417972.768277818] [acados_nmpc_node]: [attach-window] t=60.46s pos_err=0.076m T=23.33N z=5.355 m_est=2.336
[INFO] [1789417972.779578203] [acados_nmpc_node]: [wcmd] raw=[-0.033,+0.007,+0.988] w=[-0.026,+0.011,+1.053] err=[-0.008,-0.004] scaled=[-0.061,-0.008] s=4.61
[INFO] [1789417972.812695929] [acados_nmpc_node]: [attach-window] t=60.50s pos_err=0.056m T=23.27N z=5.349 m_est=2.336
[INFO] [1789417972.868614340] [acados_nmpc_node]: [attach-window] t=60.56s pos_err=0.073m T=23.22N z=5.345 m_est=2.337
[INFO] [1789417972.912518992] [acados_nmpc_node]: [attach-window] t=60.60s pos_err=0.048m T=23.25N z=5.339 m_est=2.337
[INFO] [1789417972.968363176] [acados_nmpc_node]: [attach-window] t=60.66s pos_err=0.062m T=23.24N z=5.336 m_est=2.337
[INFO] [1789417972.979523038] [acados_nmpc_node]: [wcmd] raw=[-0.029,+0.036,+0.828] w=[-0.007,+0.007,+1.026] err=[-0.023,+0.029] scaled=[-0.112,+0.143] s=4.64
[INFO] [1789417973.012712244] [acados_nmpc_node]: [attach-window] t=60.70s pos_err=0.041m T=23.21N z=5.330 m_est=2.337
[INFO] [1789417973.067996883] [acados_nmpc_node]: [attach-window] t=60.76s pos_err=0.064m T=23.23N z=5.328 m_est=2.337
[INFO] [1789417973.112544433] [acados_nmpc_node]: [attach-window] t=60.80s pos_err=0.035m T=23.15N z=5.322 m_est=2.337
[INFO] [1789417973.167998624] [acados_nmpc_node]: [attach-window] t=60.86s pos_err=0.055m T=23.17N z=5.319 m_est=2.337
[INFO] [1789417973.179657487] [acados_nmpc_node]: [wcmd] raw=[-0.031,+0.008,+0.629] w=[-0.010,-0.059,+0.892] err=[-0.021,+0.067] scaled=[-0.109,+0.254] s=4.65
[INFO] [1789417973.211684244] [acados_nmpc_node]: [attach-window] t=60.90s pos_err=0.031m T=23.11N z=5.314 m_est=2.337
[INFO] [1789417973.265734968] [acados_nmpc_node]: [attach-window] t=60.95s pos_err=0.059m T=23.08N z=5.312 m_est=2.337
[INFO] [1789417973.311632084] [acados_nmpc_node]: [attach-window] t=61.00s pos_err=0.027m T=23.11N z=5.306 m_est=2.337
[INFO] [1789417973.365436361] [acados_nmpc_node]: [attach-window] t=61.05s pos_err=0.053m T=23.17N z=5.304 m_est=2.337
[INFO] [1789417973.365793225] [acados_nmpc_node]: t=61.1s | pos_err=0.053m | T=23.17N | tau=[r-0.312 p0.399 y-0.134]Nm | res_stat=2.114e-08(peak 9.989e-07) sqp_iter=5 | solve=2.0ms
[INFO] [1789417973.365947751] [acados_nmpc_node]: [flight-diag] t=61.1s | om_scale=4.660(lo 4.271 hi 4.704) | tilt_max=10.06deg | w_max=[r0.073 p0.161 y1.054]rad/s | u_frac=[T0.789 r0.681 p1.000 y0.724] | u_sat=[T0.0 r0.0 p41.0 y0.0]% | mot_peak=0.945 mot_sat=0.0% | health=1 age=0.000s conf=0.000 | n=100
[INFO] [1789417973.379478447] [acados_nmpc_node]: [wcmd] raw=[-0.022,+0.012,+0.446] w=[-0.001,+0.007,+0.757] err=[-0.021,+0.006] scaled=[-0.098,+0.034] s=4.66
[INFO] [1789417973.412836447] [acados_nmpc_node]: [attach-window] t=61.10s pos_err=0.028m T=23.08N z=5.299 m_est=2.337
[INFO] [1789417973.468239399] [acados_nmpc_node]: [attach-window] t=61.16s pos_err=0.068m T=23.11N z=5.296 m_est=2.337
[INFO] [1789417973.512614028] [acados_nmpc_node]: [attach-window] t=61.20s pos_err=0.027m T=23.03N z=5.292 m_est=2.337
[INFO] [1789417973.568253002] [acados_nmpc_node]: [attach-window] t=61.26s pos_err=0.067m T=23.05N z=5.290 m_est=2.338
[INFO] [1789417973.579526750] [acados_nmpc_node]: [wcmd] raw=[-0.020,+0.031,+0.300] w=[-0.001,-0.023,+0.570] err=[-0.019,+0.053] scaled=[-0.090,+0.226] s=4.67
[INFO] [1789417973.612106968] [acados_nmpc_node]: [attach-window] t=61.30s pos_err=0.029m T=22.91N z=5.286 m_est=2.338
[INFO] [1789417973.667868467] [acados_nmpc_node]: [attach-window] t=61.36s pos_err=0.065m T=22.98N z=5.285 m_est=2.338
[INFO] [1789417973.712274412] [acados_nmpc_node]: [attach-window] t=61.40s pos_err=0.036m T=22.84N z=5.282 m_est=2.338
[INFO] [1789417973.768262608] [acados_nmpc_node]: [attach-window] t=61.46s pos_err=0.082m T=22.80N z=5.281 m_est=2.338
[INFO] [1789417973.779512173] [acados_nmpc_node]: [wcmd] raw=[-0.019,-0.002,+0.219] w=[+0.006,-0.108,+0.377] err=[-0.025,+0.106] scaled=[-0.111,+0.386] s=4.67
[INFO] [1789417973.812057108] [acados_nmpc_node]: [attach-window] t=61.50s pos_err=0.038m T=22.86N z=5.278 m_est=2.338
[INFO] [1789417973.868251767] [acados_nmpc_node]: [attach-window] t=61.56s pos_err=0.100m T=22.87N z=5.277 m_est=2.338
[INFO] [1789417973.912169440] [acados_nmpc_node]: [attach-window] t=61.60s pos_err=0.048m T=22.88N z=5.274 m_est=2.338
[INFO] [1789417973.968071867] [acados_nmpc_node]: [attach-window] t=61.66s pos_err=0.099m T=22.95N z=5.272 m_est=2.338
[INFO] [1789417973.979555988] [acados_nmpc_node]: [wcmd] raw=[-0.018,+0.050,+0.192] w=[-0.002,+0.006,+0.299] err=[-0.016,+0.045] scaled=[-0.079,+0.214] s=4.68
[INFO] [1789417974.012171562] [acados_nmpc_node]: [attach-window] t=61.70s pos_err=0.062m T=22.89N z=5.270 m_est=2.338
[INFO] [1789417974.068267782] [acados_nmpc_node]: [attach-window] t=61.76s pos_err=0.118m T=22.93N z=5.269 m_est=2.338
[INFO] [1789417974.112131674] [acados_nmpc_node]: [attach-window] t=61.80s pos_err=0.062m T=22.88N z=5.266 m_est=2.338
[INFO] [1789417974.165483848] [acados_nmpc_node]: [attach-window] t=61.85s pos_err=0.114m T=22.95N z=5.265 m_est=2.338
[INFO] [1789417974.179478556] [acados_nmpc_node]: [wcmd] raw=[-0.007,-0.002,+0.196] w=[-0.002,-0.024,+0.213] err=[-0.006,+0.021] scaled=[-0.028,+0.076] s=4.68
[INFO] [1789417974.211246294] [acados_nmpc_node]: [attach-window] t=61.90s pos_err=0.078m T=22.85N z=5.263 m_est=2.338
[INFO] [1789417974.268117770] [acados_nmpc_node]: [attach-window] t=61.96s pos_err=0.137m T=22.90N z=5.262 m_est=2.338
[INFO] [1789417974.312213924] [acados_nmpc_node]: [attach-window] t=62.00s pos_err=0.077m T=22.86N z=5.260 m_est=2.338
[INFO] [1789417974.368250428] [acados_nmpc_node]: [attach-window] t=62.06s pos_err=0.136m T=22.93N z=5.259 m_est=2.337
[INFO] [1789417974.379540311] [acados_nmpc_node]: [wcmd] raw=[-0.005,-0.008,+0.232] w=[+0.004,-0.053,+0.183] err=[-0.010,+0.045] scaled=[-0.041,+0.159] s=4.68
[INFO] [1789417974.412254458] [acados_nmpc_node]: [attach-window] t=62.10s pos_err=0.074m T=22.84N z=5.256 m_est=2.337
[INFO] [1789417974.468280545] [acados_nmpc_node]: [attach-window] t=62.16s pos_err=0.133m T=22.94N z=5.255 m_est=2.337
[INFO] [1789417974.512222511] [acados_nmpc_node]: [attach-window] t=62.20s pos_err=0.088m T=22.84N z=5.253 m_est=2.337
[INFO] [1789417974.568261318] [acados_nmpc_node]: [attach-window] t=62.26s pos_err=0.150m T=22.80N z=5.252 m_est=2.336
[INFO] [1789417974.579585105] [acados_nmpc_node]: [wcmd] raw=[-0.005,-0.047,+0.273] w=[+0.016,-0.126,+0.178] err=[-0.022,+0.079] scaled=[-0.086,+0.244] s=4.68
[INFO] [1789417974.612327667] [acados_nmpc_node]: [attach-window] t=62.30s pos_err=0.084m T=22.91N z=5.249 m_est=2.336
[INFO] [1789417974.668315276] [acados_nmpc_node]: [attach-window] t=62.36s pos_err=0.166m T=22.94N z=5.248 m_est=2.336
[INFO] [1789417974.712523523] [acados_nmpc_node]: [attach-window] t=62.40s pos_err=0.098m T=22.99N z=5.245 m_est=2.335
[INFO] [1789417974.768224510] [acados_nmpc_node]: [attach-window] t=62.46s pos_err=0.162m T=23.02N z=5.243 m_est=2.335
[INFO] [1789417974.779507961] [acados_nmpc_node]: [wcmd] raw=[-0.012,+0.004,+0.311] w=[+0.002,-0.045,+0.245] err=[-0.014,+0.049] scaled=[-0.065,+0.186] s=4.68
[INFO] [1789417974.812848673] [acados_nmpc_node]: [attach-window] t=62.50s pos_err=0.094m T=22.99N z=5.240 m_est=2.335
[INFO] [1789417974.868429015] [acados_nmpc_node]: [attach-window] t=62.56s pos_err=0.157m T=23.07N z=5.239 m_est=2.335
[INFO] [1789417974.936346765] [acados_nmpc_node]: [attach-window] t=62.60s pos_err=0.109m T=23.00N z=5.236 m_est=2.334
[INFO] [1789417974.968327264] [acados_nmpc_node]: [attach-window] t=62.66s pos_err=0.173m T=22.93N z=5.235 m_est=2.334
[INFO] [1789417974.979519361] [acados_nmpc_node]: [wcmd] raw=[-0.029,-0.043,+0.330] w=[-0.003,-0.103,+0.257] err=[-0.026,+0.060] scaled=[-0.127,+0.178] s=4.68
[INFO] [1789417975.012595426] [acados_nmpc_node]: [attach-window] t=62.70s pos_err=0.125m T=23.05N z=5.233 m_est=2.334
[INFO] [1789417975.068257240] [acados_nmpc_node]: [attach-window] t=62.76s pos_err=0.189m T=23.03N z=5.232 m_est=2.334
[INFO] [1789417975.112616115] [acados_nmpc_node]: [attach-window] t=62.80s pos_err=0.120m T=23.16N z=5.229 m_est=2.334
[INFO] [1789417975.168643079] [acados_nmpc_node]: [attach-window] t=62.86s pos_err=0.185m T=23.24N z=5.228 m_est=2.334
[INFO] [1789417975.179528356] [acados_nmpc_node]: [wcmd] raw=[-0.031,-0.009,+0.345] w=[-0.029,-0.030,+0.312] err=[-0.002,+0.021] scaled=[-0.037,+0.069] s=4.68
[INFO] [1789417975.213074277] [acados_nmpc_node]: [attach-window] t=62.90s pos_err=0.135m T=23.17N z=5.226 m_est=2.334
[INFO] [1789417975.268676860] [acados_nmpc_node]: [attach-window] t=62.96s pos_err=0.200m T=23.10N z=5.226 m_est=2.334
[INFO] [1789417975.312829763] [acados_nmpc_node]: [attach-window] t=63.00s pos_err=0.130m T=23.17N z=5.224 m_est=2.334
[INFO] [1789417975.399779272] [acados_nmpc_node]: [attach-window] t=63.06s pos_err=0.193m T=23.16N z=5.224 m_est=2.335
[INFO] [1789417975.412748093] [acados_nmpc_node]: [attach-window] t=63.10s pos_err=0.125m T=23.17N z=5.224 m_est=2.335
[INFO] [1789417975.419455353] [acados_nmpc_node]: [wcmd] raw=[+0.007,-0.160,+0.329] w=[-0.012,-0.111,+0.311] err=[+0.018,-0.049] scaled=[+0.075,-0.340] s=4.68
[INFO] [1789417975.468441731] [acados_nmpc_node]: [attach-window] t=63.16s pos_err=0.186m T=23.14N z=5.224 m_est=2.335
[INFO] [1789417975.513275464] [acados_nmpc_node]: [attach-window] t=63.20s pos_err=0.139m T=23.13N z=5.224 m_est=2.336
[INFO] [1789417975.598490437] [acados_nmpc_node]: [attach-window] t=63.26s pos_err=0.199m T=22.87N z=5.225 m_est=2.336
[INFO] [1789417975.612903306] [acados_nmpc_node]: [attach-window] t=63.30s pos_err=0.151m T=23.22N z=5.226 m_est=2.336
[INFO] [1789417975.639615708] [acados_nmpc_node]: [wcmd] raw=[-0.030,-0.074,+0.357] w=[-0.033,-0.055,+0.349] err=[+0.003,-0.019] scaled=[-0.020,-0.142] s=4.68
[INFO] [1789417975.668309024] [acados_nmpc_node]: [attach-window] t=63.36s pos_err=0.210m T=23.17N z=5.226 m_est=2.337
[INFO] [1789417975.713107032] [acados_nmpc_node]: [attach-window] t=63.40s pos_err=0.144m T=23.33N z=5.227 m_est=2.337
[INFO] [1789417975.768291658] [acados_nmpc_node]: [attach-window] t=63.46s pos_err=0.200m T=23.36N z=5.228 m_est=2.337
[INFO] [1789417975.812934022] [acados_nmpc_node]: [attach-window] t=63.50s pos_err=0.153m T=23.31N z=5.230 m_est=2.338
[INFO] [1789417975.839503045] [acados_nmpc_node]: [wcmd] raw=[-0.017,-0.133,+0.390] w=[-0.050,-0.065,+0.355] err=[+0.033,-0.068] scaled=[+0.103,-0.382] s=4.68
[INFO] [1789417975.868472065] [acados_nmpc_node]: [attach-window] t=63.56s pos_err=0.209m T=23.28N z=5.231 m_est=2.338
[INFO] [1789417975.912915373] [acados_nmpc_node]: [attach-window] t=63.60s pos_err=0.145m T=23.24N z=5.234 m_est=2.338
[INFO] [1789417976.006417410] [acados_nmpc_node]: [attach-window] t=63.66s pos_err=0.198m T=23.22N z=5.236 m_est=2.338
[INFO] [1789417976.012654380] [acados_nmpc_node]: [attach-window] t=63.70s pos_err=0.154m T=23.21N z=5.239 m_est=2.338
[INFO] [1789417976.069058744] [acados_nmpc_node]: [attach-window] t=63.76s pos_err=0.205m T=23.11N z=5.241 m_est=2.338
[INFO] [1789417976.079464609] [acados_nmpc_node]: [wcmd] raw=[-0.060,-0.080,+0.493] w=[-0.010,-0.153,+0.364] err=[-0.050,+0.073] scaled=[-0.244,+0.187] s=4.68
[INFO] [1789417976.112630960] [acados_nmpc_node]: [attach-window] t=63.80s pos_err=0.145m T=23.25N z=5.245 m_est=2.338
[INFO] [1789417976.168938947] [acados_nmpc_node]: [attach-window] t=63.86s pos_err=0.193m T=23.22N z=5.246 m_est=2.338
[INFO] [1789417976.212445120] [acados_nmpc_node]: [attach-window] t=63.90s pos_err=0.151m T=23.34N z=5.249 m_est=2.338
[INFO] [1789417976.268347083] [acados_nmpc_node]: [attach-window] t=63.96s pos_err=0.197m T=23.39N z=5.251 m_est=2.338
[INFO] [1789417976.279593104] [acados_nmpc_node]: [wcmd] raw=[-0.076,+0.001,+0.588] w=[-0.059,-0.024,+0.458] err=[-0.016,+0.025] scaled=[-0.135,+0.092] s=4.68
[INFO] [1789417976.312600076] [acados_nmpc_node]: [attach-window] t=64.00s pos_err=0.142m T=23.39N z=5.255 m_est=2.338
[INFO] [1789417976.368507445] [acados_nmpc_node]: [attach-window] t=64.06s pos_err=0.185m T=23.42N z=5.256 m_est=2.338
[INFO] [1789417976.412489091] [acados_nmpc_node]: [attach-window] t=64.10s pos_err=0.148m T=23.38N z=5.260 m_est=2.338
[INFO] [1789417976.499465007] [acados_nmpc_node]: [attach-window] t=64.16s pos_err=0.189m T=23.38N z=5.262 m_est=2.338
[INFO] [1789417976.512462535] [acados_nmpc_node]: [attach-window] t=64.20s pos_err=0.140m T=23.41N z=5.266 m_est=2.338
[INFO] [1789417976.519486493] [acados_nmpc_node]: [wcmd] raw=[+0.011,-0.101,+0.677] w=[-0.025,-0.090,+0.525] err=[+0.036,-0.011] scaled=[+0.143,-0.140] s=4.68
[INFO] [1789417976.569717612] [acados_nmpc_node]: [attach-window] t=64.26s pos_err=0.178m T=23.47N z=5.268 m_est=2.339
[INFO] [1789417976.612543128] [acados_nmpc_node]: [attach-window] t=64.30s pos_err=0.146m T=23.45N z=5.272 m_est=2.339
[INFO] [1789417976.668629753] [acados_nmpc_node]: [attach-window] t=64.36s pos_err=0.180m T=23.50N z=5.274 m_est=2.339
[INFO] [1789417976.712741347] [acados_nmpc_node]: [attach-window] t=64.40s pos_err=0.140m T=23.45N z=5.280 m_est=2.340
[INFO] [1789417976.719546007] [acados_nmpc_node]: [wcmd] raw=[+0.007,-0.110,+0.795] w=[-0.032,-0.032,+0.636] err=[+0.040,-0.077] scaled=[+0.154,-0.396] s=4.71
[INFO] [1789417976.765942275] [acados_nmpc_node]: [attach-window] t=64.45s pos_err=0.167m T=23.51N z=5.283 m_est=2.340
[INFO] [1789417976.811517856] [acados_nmpc_node]: [attach-window] t=64.50s pos_err=0.135m T=23.37N z=5.290 m_est=2.341
[INFO] [1789417976.865388875] [acados_nmpc_node]: [attach-window] t=64.55s pos_err=0.157m T=23.41N z=5.294 m_est=2.341
[INFO] [1789417976.911699417] [acados_nmpc_node]: [attach-window] t=64.60s pos_err=0.138m T=23.32N z=5.302 m_est=2.342
[INFO] [1789417976.919404561] [acados_nmpc_node]: [wcmd] raw=[+0.016,-0.075,+0.900] w=[-0.018,-0.129,+0.715] err=[+0.034,+0.054] scaled=[+0.143,+0.126] s=4.73
[INFO] [1789417976.965438769] [acados_nmpc_node]: [attach-window] t=64.65s pos_err=0.157m T=23.33N z=5.306 m_est=2.342
[INFO] [1789417977.011602304] [acados_nmpc_node]: [attach-window] t=64.70s pos_err=0.134m T=23.27N z=5.316 m_est=2.343
[INFO] [1789417977.065238341] [acados_nmpc_node]: [attach-window] t=64.75s pos_err=0.155m T=23.35N z=5.320 m_est=2.343
[INFO] [1789417977.111617917] [acados_nmpc_node]: [attach-window] t=64.80s pos_err=0.133m T=23.18N z=5.331 m_est=2.344
[INFO] [1789417977.119580698] [acados_nmpc_node]: [wcmd] raw=[-0.009,-0.089,+0.984] w=[-0.029,-0.012,+0.872] err=[+0.019,-0.077] scaled=[+0.064,-0.378] s=4.74
[INFO] [1789417977.165059223] [acados_nmpc_node]: [attach-window] t=64.85s pos_err=0.144m T=23.23N z=5.337 m_est=2.344
[INFO] [1789417977.212316760] [acados_nmpc_node]: [attach-window] t=64.90s pos_err=0.131m T=23.14N z=5.348 m_est=2.344
[INFO] [1789417977.268123487] [acados_nmpc_node]: [attach-window] t=64.96s pos_err=0.141m T=23.21N z=5.353 m_est=2.345
[INFO] [1789417977.312265281] [acados_nmpc_node]: [attach-window] t=65.00s pos_err=0.128m T=23.14N z=5.365 m_est=2.345
[INFO] [1789417977.319567720] [acados_nmpc_node]: [wcmd] raw=[+0.018,-0.071,+0.990] w=[-0.061,-0.027,+0.957] err=[+0.079,-0.044] scaled=[+0.314,-0.237] s=4.75
[INFO] [1789417977.367922141] [acados_nmpc_node]: [attach-window] t=65.06s pos_err=0.132m T=23.25N z=5.371 m_est=2.345
[INFO] [1789417977.412257632] [acados_nmpc_node]: [attach-window] t=65.10s pos_err=0.126m T=23.13N z=5.382 m_est=2.346
[INFO] [1789417977.467652445] [acados_nmpc_node]: [attach-window] t=65.16s pos_err=0.127m T=23.24N z=5.388 m_est=2.346
[INFO] [1789417977.512427392] [acados_nmpc_node]: [attach-window] t=65.20s pos_err=0.125m T=23.07N z=5.401 m_est=2.346
[INFO] [1789417977.519490879] [acados_nmpc_node]: [wcmd] raw=[+0.026,-0.091,+0.925] w=[-0.000,-0.096,+0.992] err=[+0.026,+0.005] scaled=[+0.123,-0.071] s=4.78
[INFO] [1789417977.568309723] [acados_nmpc_node]: [attach-window] t=65.26s pos_err=0.119m T=23.17N z=5.407 m_est=2.346
[INFO] [1789417977.612518419] [acados_nmpc_node]: [attach-window] t=65.30s pos_err=0.121m T=23.09N z=5.419 m_est=2.346
[INFO] [1789417977.668057382] [acados_nmpc_node]: [attach-window] t=65.36s pos_err=0.114m T=23.22N z=5.425 m_est=2.346
[INFO] [1789417977.712516478] [acados_nmpc_node]: [attach-window] t=65.40s pos_err=0.123m T=23.07N z=5.439 m_est=2.346
[INFO] [1789417977.719475573] [acados_nmpc_node]: [wcmd] raw=[+0.020,-0.096,+0.785] w=[-0.014,+0.021,+1.024] err=[+0.034,-0.117] scaled=[+0.151,-0.541] s=4.80
[INFO] [1789417977.768071971] [acados_nmpc_node]: [attach-window] t=65.46s pos_err=0.108m T=23.22N z=5.445 m_est=2.346
[INFO] [1789417977.812485984] [acados_nmpc_node]: [attach-window] t=65.50s pos_err=0.118m T=23.02N z=5.457 m_est=2.346
[INFO] [1789417977.867920760] [acados_nmpc_node]: [attach-window] t=65.56s pos_err=0.102m T=23.09N z=5.464 m_est=2.345
[INFO] [1789417977.912503912] [acados_nmpc_node]: [attach-window] t=65.60s pos_err=0.121m T=22.97N z=5.478 m_est=2.345
[INFO] [1789417977.919464537] [acados_nmpc_node]: [wcmd] raw=[+0.021,-0.063,+0.586] w=[-0.007,-0.052,+0.906] err=[+0.028,-0.011] scaled=[+0.129,-0.103] s=4.82
[INFO] [1789417977.968208745] [acados_nmpc_node]: [attach-window] t=65.66s pos_err=0.098m T=23.10N z=5.485 m_est=2.345
[INFO] [1789417978.012640397] [acados_nmpc_node]: [attach-window] t=65.70s pos_err=0.114m T=22.96N z=5.497 m_est=2.344
[INFO] [1789417978.068752708] [acados_nmpc_node]: [attach-window] t=65.76s pos_err=0.095m T=23.09N z=5.505 m_est=2.344
[INFO] [1789417978.112913959] [acados_nmpc_node]: [attach-window] t=65.80s pos_err=0.117m T=22.91N z=5.517 m_est=2.343
[INFO] [1789417978.119602349] [acados_nmpc_node]: [wcmd] raw=[+0.005,-0.114,+0.393] w=[+0.001,-0.056,+0.747] err=[+0.005,-0.058] scaled=[+0.024,-0.337] s=4.83
[INFO] [1789417978.168597730] [acados_nmpc_node]: [attach-window] t=65.86s pos_err=0.085m T=23.08N z=5.523 m_est=2.343
[INFO] [1789417978.212658710] [acados_nmpc_node]: [attach-window] t=65.90s pos_err=0.120m T=22.92N z=5.536 m_est=2.342
[INFO] [1789417978.268099333] [acados_nmpc_node]: [attach-window] t=65.96s pos_err=0.081m T=23.02N z=5.542 m_est=2.342
[INFO] [1789417978.312517314] [acados_nmpc_node]: [attach-window] t=66.00s pos_err=0.108m T=22.92N z=5.554 m_est=2.341
[INFO] [1789417978.319539873] [acados_nmpc_node]: [wcmd] raw=[-0.014,-0.063,+0.244] w=[-0.003,+0.000,+0.589] err=[-0.010,-0.063] scaled=[-0.053,-0.307] s=4.83
[INFO] [1789417978.365847628] [acados_nmpc_node]: [attach-window] t=66.05s pos_err=0.068m T=23.11N z=5.560 m_est=2.340
[INFO] [1789417978.366198803] [acados_nmpc_node]: t=66.1s | pos_err=0.068m | T=23.11N | tau=[r-0.342 p0.468 y-0.132]Nm | res_stat=8.001e-08(peak 9.999e-07) sqp_iter=5 | solve=2.0ms
[INFO] [1789417978.366352988] [acados_nmpc_node]: [flight-diag] t=66.1s | om_scale=4.835(lo 4.663 hi 4.835) | tilt_max=10.07deg | w_max=[r0.066 p0.164 y1.028]rad/s | u_frac=[T0.750 r0.695 p1.000 y0.756] | u_sat=[T0.0 r0.0 p30.0 y0.0]% | mot_peak=0.955 mot_sat=0.0% | health=1 age=0.000s conf=0.000 | n=100
[INFO] [1789417978.412455825] [acados_nmpc_node]: [attach-window] t=66.10s pos_err=0.111m T=22.87N z=5.574 m_est=2.340
[INFO] [1789417978.467915802] [acados_nmpc_node]: [attach-window] t=66.16s pos_err=0.061m T=23.07N z=5.580 m_est=2.339
[INFO] [1789417978.512414141] [acados_nmpc_node]: [attach-window] t=66.20s pos_err=0.096m T=22.82N z=5.593 m_est=2.339
[INFO] [1789417978.519465763] [acados_nmpc_node]: [wcmd] raw=[-0.016,-0.080,+0.122] w=[-0.032,-0.085,+0.360] err=[+0.016,+0.005] scaled=[+0.048,-0.062] s=4.84
[INFO] [1789417978.568050223] [acados_nmpc_node]: [attach-window] t=66.26s pos_err=0.044m T=22.87N z=5.600 m_est=2.338
[INFO] [1789417978.612438607] [acados_nmpc_node]: [attach-window] t=66.30s pos_err=0.080m T=22.87N z=5.613 m_est=2.338
[INFO] [1789417978.668157132] [acados_nmpc_node]: [attach-window] t=66.36s pos_err=0.030m T=22.97N z=5.620 m_est=2.337
[INFO] [1789417978.712573274] [acados_nmpc_node]: [attach-window] t=66.40s pos_err=0.083m T=22.89N z=5.635 m_est=2.337
[INFO] [1789417978.719456456] [acados_nmpc_node]: [wcmd] raw=[-0.000,-0.104,+0.076] w=[-0.000,+0.052,+0.268] err=[+0.000,-0.156] scaled=[-0.000,-0.697] s=4.81
[INFO] [1789417978.767991075] [acados_nmpc_node]: [attach-window] t=66.46s pos_err=0.025m T=23.14N z=5.642 m_est=2.337
[INFO] [1789417978.812126233] [acados_nmpc_node]: [attach-window] t=66.50s pos_err=0.067m T=22.85N z=5.655 m_est=2.336
[INFO] [1789417978.868439112] [acados_nmpc_node]: [attach-window] t=66.56s pos_err=0.025m T=22.96N z=5.662 m_est=2.336
[INFO] [1789417978.912097538] [acados_nmpc_node]: [attach-window] t=66.60s pos_err=0.073m T=22.76N z=5.677 m_est=2.336
[INFO] [1789417978.919452418] [acados_nmpc_node]: [wcmd] raw=[+0.022,-0.120,+0.054] w=[+0.000,-0.116,+0.093] err=[+0.021,-0.004] scaled=[+0.103,-0.135] s=4.80
[INFO] [1789417978.968370389] [acados_nmpc_node]: [attach-window] t=66.66s pos_err=0.027m T=22.86N z=5.684 m_est=2.335
[INFO] [1789417979.012141485] [acados_nmpc_node]: [attach-window] t=66.70s pos_err=0.058m T=22.77N z=5.697 m_est=2.335
[INFO] [1789417979.068212808] [acados_nmpc_node]: [attach-window] t=66.76s pos_err=0.043m T=22.97N z=5.704 m_est=2.335
[INFO] [1789417979.112271773] [acados_nmpc_node]: [attach-window] t=66.80s pos_err=0.066m T=22.77N z=5.719 m_est=2.335
[INFO] [1789417979.119472842] [acados_nmpc_node]: [wcmd] raw=[+0.039,-0.156,+0.069] w=[+0.037,-0.070,+0.065] err=[+0.002,-0.086] scaled=[+0.045,-0.481] s=4.79
[INFO] [1789417979.168329502] [acados_nmpc_node]: [attach-window] t=66.86s pos_err=0.044m T=22.95N z=5.725 m_est=2.334
[INFO] [1789417979.212233576] [acados_nmpc_node]: [attach-window] t=66.90s pos_err=0.053m T=22.77N z=5.738 m_est=2.334
[INFO] [1789417979.268187642] [acados_nmpc_node]: [attach-window] t=66.96s pos_err=0.060m T=22.79N z=5.745 m_est=2.334
[INFO] [1789417979.312111857] [acados_nmpc_node]: [attach-window] t=67.00s pos_err=0.060m T=22.74N z=5.760 m_est=2.333
[INFO] [1789417979.319448179] [acados_nmpc_node]: [wcmd] raw=[+0.053,-0.161,+0.089] w=[+0.046,-0.102,+0.042] err=[+0.008,-0.059] scaled=[+0.082,-0.385] s=4.78
[INFO] [1789417979.368429619] [acados_nmpc_node]: [attach-window] t=67.06s pos_err=0.058m T=22.85N z=5.766 m_est=2.333
[INFO] [1789417979.412393850] [acados_nmpc_node]: [attach-window] t=67.10s pos_err=0.049m T=22.80N z=5.779 m_est=2.333
[INFO] [1789417979.468392191] [acados_nmpc_node]: [attach-window] t=67.16s pos_err=0.074m T=22.54N z=5.785 m_est=2.332
[INFO] [1789417979.512253765] [acados_nmpc_node]: [attach-window] t=67.20s pos_err=0.055m T=22.85N z=5.798 m_est=2.332
[INFO] [1789417979.519472354] [acados_nmpc_node]: [wcmd] raw=[+0.057,-0.146,+0.103] w=[+0.059,-0.073,+0.068] err=[-0.002,-0.073] scaled=[+0.049,-0.422] s=4.77
[INFO] [1789417979.568147332] [acados_nmpc_node]: [attach-window] t=67.26s pos_err=0.067m T=22.94N z=5.804 m_est=2.332
[INFO] [1789417979.612344414] [acados_nmpc_node]: [attach-window] t=67.30s pos_err=0.044m T=23.00N z=5.816 m_est=2.331
[INFO] [1789417979.668452893] [acados_nmpc_node]: [attach-window] t=67.36s pos_err=0.084m T=22.29N z=5.822 m_est=2.331
[INFO] [1789417979.712343114] [acados_nmpc_node]: [attach-window] t=67.40s pos_err=0.048m T=23.03N z=5.835 m_est=2.331
[INFO] [1789417979.719570923] [acados_nmpc_node]: [wcmd] raw=[+0.046,-0.124,+0.096] w=[+0.057,-0.065,+0.087] err=[-0.011,-0.058] scaled=[+0.006,-0.342] s=4.74
[INFO] [1789417979.768420149] [acados_nmpc_node]: [attach-window] t=67.46s pos_err=0.077m T=22.95N z=5.841 m_est=2.331
[INFO] [1789417979.812618786] [acados_nmpc_node]: [attach-window] t=67.50s pos_err=0.041m T=23.23N z=5.851 m_est=2.331
[INFO] [1789417979.868747159] [acados_nmpc_node]: [attach-window] t=67.56s pos_err=0.097m T=21.92N z=5.856 m_est=2.331
[INFO] [1789417979.912367593] [acados_nmpc_node]: [attach-window] t=67.60s pos_err=0.045m T=23.30N z=5.868 m_est=2.331
[INFO] [1789417979.919446507] [acados_nmpc_node]: [wcmd] raw=[+0.028,-0.095,+0.074] w=[+0.040,-0.058,+0.094] err=[-0.012,-0.037] scaled=[-0.015,-0.234] s=4.73
[INFO] [1789417979.968319553] [acados_nmpc_node]: [attach-window] t=67.66s pos_err=0.092m T=22.88N z=5.874 m_est=2.331
[INFO] [1789417980.012872504] [acados_nmpc_node]: [attach-window] t=67.70s pos_err=0.048m T=23.48N z=5.884 m_est=2.331
[INFO] [1789417980.069024412] [acados_nmpc_node]: [attach-window] t=67.76s pos_err=0.118m T=21.54N z=5.889 m_est=2.332
[INFO] [1789417980.112533936] [acados_nmpc_node]: [attach-window] t=67.80s pos_err=0.052m T=23.58N z=5.900 m_est=2.332
[INFO] [1789417980.119527870] [acados_nmpc_node]: [wcmd] raw=[+0.019,-0.055,+0.040] w=[+0.024,-0.057,+0.082] err=[-0.006,+0.002] scaled=[-0.003,-0.049] s=4.71
[INFO] [1789417980.168815732] [acados_nmpc_node]: [attach-window] t=67.86s pos_err=0.117m T=22.48N z=5.906 m_est=2.333
[INFO] [1789417980.212500434] [acados_nmpc_node]: [attach-window] t=67.90s pos_err=0.067m T=23.74N z=5.916 m_est=2.333
[INFO] [1789417980.268840477] [acados_nmpc_node]: [attach-window] t=67.96s pos_err=0.146m T=22.00N z=5.921 m_est=2.333
[INFO] [1789417980.338474450] [acados_nmpc_node]: [attach-window] t=68.00s pos_err=0.070m T=23.83N z=5.933 m_est=2.333
[INFO] [1789417980.339041730] [acados_nmpc_node]: [wcmd] raw=[+0.037,-0.061,-0.008] w=[+0.031,-0.044,+0.064] err=[+0.006,-0.017] scaled=[+0.059,-0.123] s=4.70
[INFO] [1789417980.365663937] [acados_nmpc_node]: [attach-window] t=68.05s pos_err=0.141m T=22.94N z=5.939 m_est=2.333
[INFO] [1789417980.411440999] [acados_nmpc_node]: [attach-window] t=68.10s pos_err=0.092m T=24.00N z=5.950 m_est=2.333
[INFO] [1789417980.468645237] [acados_nmpc_node]: [attach-window] t=68.16s pos_err=0.175m T=22.88N z=5.956 m_est=2.333
[INFO] [1789417980.512519617] [acados_nmpc_node]: [attach-window] t=68.20s pos_err=0.094m T=23.86N z=5.969 m_est=2.333
[INFO] [1789417980.519489450] [acados_nmpc_node]: [wcmd] raw=[+0.032,-0.064,-0.044] w=[+0.045,-0.049,+0.025] err=[-0.013,-0.015] scaled=[-0.016,-0.120] s=4.70
[INFO] [1789417980.568009722] [acados_nmpc_node]: [attach-window] t=68.26s pos_err=0.175m T=23.21N z=5.975 m_est=2.333
[INFO] [1789417980.614241492] [acados_nmpc_node]: [attach-window] t=68.30s pos_err=0.116m T=23.62N z=5.988 m_est=2.332
[INFO] [1789417980.668210348] [acados_nmpc_node]: [attach-window] t=68.36s pos_err=0.202m T=22.80N z=5.995 m_est=2.332
[INFO] [1789417980.713189192] [acados_nmpc_node]: [attach-window] t=68.40s pos_err=0.114m T=23.36N z=6.013 m_est=2.331
[INFO] [1789417980.719503944] [acados_nmpc_node]: [wcmd] raw=[+0.037,-0.073,-0.076] w=[+0.049,-0.053,-0.020] err=[-0.012,-0.020] scaled=[-0.008,-0.147] s=4.69
[INFO] [1789417980.768435875] [acados_nmpc_node]: [attach-window] t=68.46s pos_err=0.199m T=23.10N z=6.021 m_est=2.331
[INFO] [1789417980.813074917] [acados_nmpc_node]: [attach-window] t=68.50s pos_err=0.136m T=23.15N z=6.038 m_est=2.330
[INFO] [1789417980.868289725] [acados_nmpc_node]: [attach-window] t=68.56s pos_err=0.222m T=22.82N z=6.047 m_est=2.329
[INFO] [1789417980.912951810] [acados_nmpc_node]: [attach-window] t=68.60s pos_err=0.130m T=22.88N z=6.067 m_est=2.329
[INFO] [1789417980.919495941] [acados_nmpc_node]: [wcmd] raw=[+0.028,-0.127,-0.100] w=[+0.050,-0.042,-0.055] err=[-0.022,-0.085] scaled=[-0.053,-0.440] s=4.69
[INFO] [1789417980.997289861] [acados_nmpc_node]: [attach-window] t=68.66s pos_err=0.215m T=22.88N z=6.076 m_est=2.328
[INFO] [1789417981.012965184] [acados_nmpc_node]: [attach-window] t=68.70s pos_err=0.149m T=22.70N z=6.095 m_est=2.328
[INFO] [1789417981.068507067] [acados_nmpc_node]: [attach-window] t=68.76s pos_err=0.235m T=22.32N z=6.104 m_est=2.328
[INFO] [1789417981.113061523] [acados_nmpc_node]: [attach-window] t=68.80s pos_err=0.140m T=22.53N z=6.125 m_est=2.327
[INFO] [1789417981.139527219] [acados_nmpc_node]: [wcmd] raw=[+0.054,-0.141,-0.114] w=[+0.048,-0.117,-0.114] err=[+0.007,-0.025] scaled=[+0.079,-0.232] s=4.69
[INFO] [1789417981.165664525] [acados_nmpc_node]: [attach-window] t=68.85s pos_err=0.216m T=22.53N z=6.134 m_est=2.327
[INFO] [1789417981.212955730] [acados_nmpc_node]: [attach-window] t=68.90s pos_err=0.155m T=22.58N z=6.151 m_est=2.327
[INFO] [1789417981.269133953] [acados_nmpc_node]: [attach-window] t=68.96s pos_err=0.237m T=22.63N z=6.160 m_est=2.327
[INFO] [1789417981.312604756] [acados_nmpc_node]: [attach-window] t=69.00s pos_err=0.142m T=22.57N z=6.178 m_est=2.327
[INFO] [1789417981.339542356] [acados_nmpc_node]: [wcmd] raw=[+0.048,-0.209,-0.136] w=[+0.075,-0.070,-0.109] err=[-0.027,-0.139] scaled=[-0.050,-0.722] s=4.69
[INFO] [1789417981.368881683] [acados_nmpc_node]: [attach-window] t=69.06s pos_err=0.222m T=22.66N z=6.186 m_est=2.326
[INFO] [1789417981.412608230] [acados_nmpc_node]: [attach-window] t=69.10s pos_err=0.154m T=22.54N z=6.201 m_est=2.326
[INFO] [1789417981.469437987] [acados_nmpc_node]: [attach-window] t=69.16s pos_err=0.233m T=22.51N z=6.209 m_est=2.326
[INFO] [1789417981.518433617] [acados_nmpc_node]: [attach-window] t=69.20s pos_err=0.140m T=22.56N z=6.226 m_est=2.325
[INFO] [1789417981.539492766] [acados_nmpc_node]: [wcmd] raw=[+0.048,-0.182,-0.160] w=[+0.064,-0.126,-0.152] err=[-0.016,-0.056] scaled=[-0.012,-0.388] s=4.68
[INFO] [1789417981.568824669] [acados_nmpc_node]: [attach-window] t=69.26s pos_err=0.217m T=22.62N z=6.234 m_est=2.325
[INFO] [1789417981.612433407] [acados_nmpc_node]: [attach-window] t=69.30s pos_err=0.150m T=22.62N z=6.249 m_est=2.324
[INFO] [1789417981.673725696] [acados_nmpc_node]: [attach-window] t=69.36s pos_err=0.226m T=22.67N z=6.256 m_est=2.324
[INFO] [1789417981.712384676] [acados_nmpc_node]: [attach-window] t=69.40s pos_err=0.135m T=22.69N z=6.272 m_est=2.323
[INFO] [1789417981.739469416] [acados_nmpc_node]: [wcmd] raw=[+0.028,-0.174,-0.199] w=[+0.057,-0.100,-0.167] err=[-0.029,-0.074] scaled=[-0.077,-0.445] s=4.66
[INFO] [1789417981.768390361] [acados_nmpc_node]: [attach-window] t=69.46s pos_err=0.207m T=22.74N z=6.279 m_est=2.322
[INFO] [1789417981.812459181] [acados_nmpc_node]: [attach-window] t=69.50s pos_err=0.143m T=22.74N z=6.292 m_est=2.322
[INFO] [1789417981.868376923] [acados_nmpc_node]: [attach-window] t=69.56s pos_err=0.214m T=22.74N z=6.299 m_est=2.321
[INFO] [1789417981.912503794] [acados_nmpc_node]: [attach-window] t=69.60s pos_err=0.128m T=22.81N z=6.313 m_est=2.320
[INFO] [1789417981.939551590] [acados_nmpc_node]: [wcmd] raw=[+0.020,-0.155,-0.251] w=[+0.041,-0.065,-0.188] err=[-0.021,-0.090] scaled=[-0.057,-0.483] s=4.64
[INFO] [1789417981.968581773] [acados_nmpc_node]: [attach-window] t=69.66s pos_err=0.197m T=22.86N z=6.320 m_est=2.320
[INFO] [1789417982.012506745] [acados_nmpc_node]: [attach-window] t=69.70s pos_err=0.137m T=22.85N z=6.332 m_est=2.320
[INFO] [1789417982.068632460] [acados_nmpc_node]: [attach-window] t=69.76s pos_err=0.204m T=22.85N z=6.339 m_est=2.319
[INFO] [1789417982.112464156] [acados_nmpc_node]: [attach-window] t=69.80s pos_err=0.124m T=22.90N z=6.353 m_est=2.319
[INFO] [1789417982.139469889] [acados_nmpc_node]: [wcmd] raw=[+0.011,-0.120,-0.317] w=[+0.037,-0.067,-0.238] err=[-0.026,-0.053] scaled=[-0.082,-0.311] s=4.63
[INFO] [1789417982.173822677] [acados_nmpc_node]: [attach-window] t=69.86s pos_err=0.188m T=22.93N z=6.359 m_est=2.319
[INFO] [1789417982.212430285] [acados_nmpc_node]: [attach-window] t=69.90s pos_err=0.133m T=22.94N z=6.372 m_est=2.319
[INFO] [1789417982.268785350] [acados_nmpc_node]: [attach-window] t=69.96s pos_err=0.174m T=22.98N z=6.380 m_est=2.320
[INFO] [1789417982.312460613] [acados_nmpc_node]: [attach-window] t=70.00s pos_err=0.123m T=23.00N z=6.392 m_est=2.321
[INFO] [1789417982.339513689] [acados_nmpc_node]: [wcmd] raw=[+0.011,-0.105,-0.403] w=[+0.028,-0.054,-0.298] err=[-0.017,-0.051] scaled=[-0.051,-0.290] s=4.62
[INFO] [1789417982.368606820] [acados_nmpc_node]: [attach-window] t=70.06s pos_err=0.181m T=23.03N z=6.398 m_est=2.321
[INFO] [1789417982.412533094] [acados_nmpc_node]: [attach-window] t=70.10s pos_err=0.132m T=23.06N z=6.410 m_est=2.322
[INFO] [1789417982.468728041] [acados_nmpc_node]: [attach-window] t=70.16s pos_err=0.188m T=23.02N z=6.415 m_est=2.323
[INFO] [1789417982.512432707] [acados_nmpc_node]: [attach-window] t=70.20s pos_err=0.123m T=23.11N z=6.428 m_est=2.324
[INFO] [1789417982.539454199] [acados_nmpc_node]: [wcmd] raw=[+0.010,-0.088,-0.501] w=[+0.049,+0.004,-0.354] err=[-0.039,-0.092] scaled=[-0.133,-0.419] s=4.62
[INFO] [1789417982.568563189] [acados_nmpc_node]: [attach-window] t=70.26s pos_err=0.175m T=23.17N z=6.434 m_est=2.325
[INFO] [1789417982.612556341] [acados_nmpc_node]: [attach-window] t=70.30s pos_err=0.131m T=23.13N z=6.445 m_est=2.326
[INFO] [1789417982.668643936] [acados_nmpc_node]: [attach-window] t=70.36s pos_err=0.182m T=23.12N z=6.450 m_est=2.327
[INFO] [1789417982.712581557] [acados_nmpc_node]: [attach-window] t=70.40s pos_err=0.122m T=23.13N z=6.463 m_est=2.328
[INFO] [1789417982.739479968] [acados_nmpc_node]: [wcmd] raw=[+0.005,-0.078,-0.615] w=[+0.031,-0.040,-0.475] err=[-0.027,-0.038] scaled=[-0.091,-0.216] s=4.61
[INFO] [1789417982.768492768] [acados_nmpc_node]: [attach-window] t=70.46s pos_err=0.169m T=23.14N z=6.469 m_est=2.329
[INFO] [1789417982.812525038] [acados_nmpc_node]: [attach-window] t=70.50s pos_err=0.114m T=23.12N z=6.481 m_est=2.330
[INFO] [1789417982.868852521] [acados_nmpc_node]: [attach-window] t=70.56s pos_err=0.158m T=23.17N z=6.487 m_est=2.331
[INFO] [1789417982.912755039] [acados_nmpc_node]: [attach-window] t=70.60s pos_err=0.120m T=23.10N z=6.498 m_est=2.331
[INFO] [1789417982.939523441] [acados_nmpc_node]: [wcmd] raw=[+0.012,-0.061,-0.728] w=[+0.022,-0.066,-0.598] err=[-0.011,+0.004] scaled=[-0.027,-0.046] s=4.61
[INFO] [1789417982.968667812] [acados_nmpc_node]: [attach-window] t=70.66s pos_err=0.163m T=23.05N z=6.503 m_est=2.332
[INFO] [1789417983.012764131] [acados_nmpc_node]: [attach-window] t=70.70s pos_err=0.125m T=23.13N z=6.514 m_est=2.332
[INFO] [1789417983.068556522] [acados_nmpc_node]: [attach-window] t=70.76s pos_err=0.166m T=23.15N z=6.519 m_est=2.333
[INFO] [1789417983.112644067] [acados_nmpc_node]: [attach-window] t=70.80s pos_err=0.116m T=23.19N z=6.530 m_est=2.333
[INFO] [1789417983.139598969] [acados_nmpc_node]: [wcmd] raw=[+0.004,-0.069,-0.848] w=[+0.067,+0.034,-0.669] err=[-0.063,-0.103] scaled=[-0.223,-0.442] s=4.63
[INFO] [1789417983.168009329] [acados_nmpc_node]: [attach-window] t=70.86s pos_err=0.155m T=23.27N z=6.535 m_est=2.333
[INFO] [1789417983.211729010] [acados_nmpc_node]: [attach-window] t=70.90s pos_err=0.120m T=23.18N z=6.545 m_est=2.333
[INFO] [1789417983.268359050] [acados_nmpc_node]: [attach-window] t=70.96s pos_err=0.158m T=23.21N z=6.550 m_est=2.334
[INFO] [1789417983.312460674] [acados_nmpc_node]: [attach-window] t=71.00s pos_err=0.111m T=23.13N z=6.561 m_est=2.334
[INFO] [1789417983.339589521] [acados_nmpc_node]: [wcmd] raw=[-0.014,-0.066,-0.942] w=[+0.022,-0.041,-0.836] err=[-0.036,-0.025] scaled=[-0.147,-0.159] s=4.65
[INFO] [1789417983.368026297] [acados_nmpc_node]: [attach-window] t=71.06s pos_err=0.145m T=23.20N z=6.566 m_est=2.334
[INFO] [1789417983.368504335] [acados_nmpc_node]: t=71.1s | pos_err=0.145m | T=23.20N | tau=[r-0.180 p0.500 y-0.072]Nm | res_stat=5.879e-07(peak 9.999e-07) sqp_iter=5 | solve=2.7ms
[INFO] [1789417983.368706967] [acados_nmpc_node]: [flight-diag] t=71.1s | om_scale=4.648(lo 4.609 hi 4.839) | tilt_max=10.10deg | w_max=[r0.075 p0.167 y0.836]rad/s | u_frac=[T0.766 r0.634 p1.000 y0.643] | u_sat=[T0.0 r0.0 p50.0 y0.0]% | mot_peak=0.938 mot_sat=0.0% | health=1 age=0.000s conf=0.000 | n=100
[INFO] [1789417983.412466601] [acados_nmpc_node]: [attach-window] t=71.10s pos_err=0.113m T=23.13N z=6.575 m_est=2.334
[INFO] [1789417983.467908331] [acados_nmpc_node]: [attach-window] t=71.16s pos_err=0.146m T=23.22N z=6.580 m_est=2.335
[INFO] [1789417983.512444681] [acados_nmpc_node]: [attach-window] t=71.20s pos_err=0.103m T=23.09N z=6.591 m_est=2.335
[INFO] [1789417983.539523848] [acados_nmpc_node]: [wcmd] raw=[-0.013,-0.105,-0.977] w=[+0.017,-0.032,-0.943] err=[-0.031,-0.072] scaled=[-0.125,-0.368] s=4.66
[INFO] [1789417983.567902012] [acados_nmpc_node]: [attach-window] t=71.26s pos_err=0.133m T=23.18N z=6.596 m_est=2.335
[INFO] [1789417983.612512575] [acados_nmpc_node]: [attach-window] t=71.30s pos_err=0.103m T=23.06N z=6.606 m_est=2.336
[INFO] [1789417983.668119006] [acados_nmpc_node]: [attach-window] t=71.36s pos_err=0.121m T=23.11N z=6.612 m_est=2.336
[INFO] [1789417983.712489373] [acados_nmpc_node]: [attach-window] t=71.40s pos_err=0.094m T=23.03N z=6.622 m_est=2.336
[INFO] [1789417983.739519986] [acados_nmpc_node]: [wcmd] raw=[-0.023,-0.095,-0.930] w=[+0.012,-0.036,-1.012] err=[-0.036,-0.059] scaled=[-0.154,-0.312] s=4.67
[INFO] [1789417983.768261797] [acados_nmpc_node]: [attach-window] t=71.46s pos_err=0.121m T=23.15N z=6.627 m_est=2.337
[INFO] [1789417983.812432670] [acados_nmpc_node]: [attach-window] t=71.50s pos_err=0.093m T=23.05N z=6.637 m_est=2.337
[INFO] [1789417983.867750269] [acados_nmpc_node]: [attach-window] t=71.56s pos_err=0.119m T=23.14N z=6.642 m_est=2.338
[INFO] [1789417983.912493682] [acados_nmpc_node]: [attach-window] t=71.60s pos_err=0.084m T=23.00N z=6.652 m_est=2.338
[INFO] [1789417983.939686831] [acados_nmpc_node]: [wcmd] raw=[-0.012,-0.108,-0.809] w=[+0.013,-0.007,-1.009] err=[-0.024,-0.101] scaled=[-0.101,-0.480] s=4.68
[INFO] [1789417983.968001502] [acados_nmpc_node]: [attach-window] t=71.66s pos_err=0.106m T=23.11N z=6.657 m_est=2.339
[INFO] [1789417984.012453737] [acados_nmpc_node]: [attach-window] t=71.70s pos_err=0.082m T=22.95N z=6.666 m_est=2.339
[INFO] [1789417984.068134514] [acados_nmpc_node]: [attach-window] t=71.76s pos_err=0.105m T=23.06N z=6.671 m_est=2.340
[INFO] [1789417984.112483140] [acados_nmpc_node]: [attach-window] t=71.80s pos_err=0.074m T=22.91N z=6.681 m_est=2.340
[INFO] [1789417984.139497365] [acados_nmpc_node]: [wcmd] raw=[-0.020,-0.113,-0.640] w=[+0.007,-0.056,-0.969] err=[-0.028,-0.057] scaled=[-0.123,-0.324] s=4.71
[INFO] [1789417984.168122015] [acados_nmpc_node]: [attach-window] t=71.86s pos_err=0.093m T=23.02N z=6.685 m_est=2.340
[INFO] [1789417984.212686735] [acados_nmpc_node]: [attach-window] t=71.90s pos_err=0.071m T=22.90N z=6.693 m_est=2.341
[INFO] [1789417984.268008855] [acados_nmpc_node]: [attach-window] t=71.96s pos_err=0.092m T=23.02N z=6.697 m_est=2.341
[INFO] [1789417984.312601489] [acados_nmpc_node]: [attach-window] t=72.00s pos_err=0.065m T=22.86N z=6.706 m_est=2.341
[INFO] [1789417984.339567428] [acados_nmpc_node]: [wcmd] raw=[-0.011,-0.135,-0.457] w=[-0.006,-0.049,-0.838] err=[-0.006,-0.086] scaled=[-0.033,-0.455] s=4.73
[INFO] [1789417984.368637723] [acados_nmpc_node]: [attach-window] t=72.06s pos_err=0.081m T=22.97N z=6.710 m_est=2.341
[INFO] [1789417984.412675451] [acados_nmpc_node]: [attach-window] t=72.10s pos_err=0.061m T=22.82N z=6.718 m_est=2.341
[INFO] [1789417984.468345607] [acados_nmpc_node]: [attach-window] t=72.16s pos_err=0.081m T=22.91N z=6.722 m_est=2.341
[INFO] [1789417984.511544660] [acados_nmpc_node]: [attach-window] t=72.20s pos_err=0.055m T=22.77N z=6.730 m_est=2.341
[INFO] [1789417984.539653796] [acados_nmpc_node]: [wcmd] raw=[-0.001,-0.126,-0.300] w=[+0.013,-0.025,-0.649] err=[-0.014,-0.101] scaled=[-0.052,-0.504] s=4.74
[INFO] [1789417984.565144032] [acados_nmpc_node]: [attach-window] t=72.25s pos_err=0.067m T=22.88N z=6.734 m_est=2.341
[INFO] [1789417984.612285157] [acados_nmpc_node]: [attach-window] t=72.30s pos_err=0.049m T=22.73N z=6.741 m_est=2.341
[INFO] [1789417984.667736807] [acados_nmpc_node]: [attach-window] t=72.36s pos_err=0.073m T=22.85N z=6.744 m_est=2.341
[INFO] [1789417984.712354001] [acados_nmpc_node]: [attach-window] t=72.40s pos_err=0.043m T=22.71N z=6.751 m_est=2.341
[INFO] [1789417984.739527099] [acados_nmpc_node]: [wcmd] raw=[-0.004,-0.120,-0.200] w=[+0.013,-0.088,-0.502] err=[-0.017,-0.032] scaled=[-0.068,-0.242] s=4.75
[INFO] [1789417984.768323590] [acados_nmpc_node]: [attach-window] t=72.46s pos_err=0.066m T=22.80N z=6.755 m_est=2.341
[INFO] [1789417984.811949324] [acados_nmpc_node]: [attach-window] t=72.50s pos_err=0.039m T=22.71N z=6.761 m_est=2.340
[INFO] [1789417984.865460720] [acados_nmpc_node]: [attach-window] t=72.55s pos_err=0.073m T=22.80N z=6.764 m_est=2.340
[INFO] [1789417984.911872873] [acados_nmpc_node]: [attach-window] t=72.60s pos_err=0.035m T=22.67N z=6.770 m_est=2.340
[INFO] [1789417984.939477600] [acados_nmpc_node]: [wcmd] raw=[-0.012,-0.152,-0.154] w=[+0.003,+0.006,-0.315] err=[-0.015,-0.158] scaled=[-0.068,-0.745] s=4.76
[INFO] [1789417984.967457002] [acados_nmpc_node]: [attach-window] t=72.66s pos_err=0.073m T=22.80N z=6.773 m_est=2.339
[INFO] [1789417985.011752103] [acados_nmpc_node]: [attach-window] t=72.70s pos_err=0.039m T=22.64N z=6.779 m_est=2.339
[INFO] [1789417985.068340681] [acados_nmpc_node]: [attach-window] t=72.76s pos_err=0.072m T=22.67N z=6.782 m_est=2.339
[INFO] [1789417985.111831429] [acados_nmpc_node]: [attach-window] t=72.80s pos_err=0.037m T=22.63N z=6.788 m_est=2.338
[INFO] [1789417985.139527621] [acados_nmpc_node]: [wcmd] raw=[-0.016,-0.108,-0.151] w=[-0.005,-0.065,-0.240] err=[-0.012,-0.043] scaled=[-0.060,-0.270] s=4.76
[INFO] [1789417985.168277908] [acados_nmpc_node]: [attach-window] t=72.86s pos_err=0.088m T=22.74N z=6.790 m_est=2.338
[INFO] [1789417985.211801933] [acados_nmpc_node]: [attach-window] t=72.90s pos_err=0.047m T=22.68N z=6.794 m_est=2.338
[INFO] [1789417985.267891545] [acados_nmpc_node]: [attach-window] t=72.96s pos_err=0.104m T=22.77N z=6.796 m_est=2.337
[INFO] [1789417985.311830327] [acados_nmpc_node]: [attach-window] t=73.00s pos_err=0.044m T=22.63N z=6.801 m_est=2.337
[INFO] [1789417985.339528250] [acados_nmpc_node]: [wcmd] raw=[-0.009,-0.172,-0.184] w=[+0.000,-0.054,-0.179] err=[-0.010,-0.119] scaled=[-0.046,-0.619] s=4.76
[INFO] [1789417985.367611351] [acados_nmpc_node]: [attach-window] t=73.06s pos_err=0.101m T=22.72N z=6.803 m_est=2.337
[INFO] [1789417985.411869414] [acados_nmpc_node]: [attach-window] t=73.10s pos_err=0.056m T=22.58N z=6.806 m_est=2.337
[INFO] [1789417985.468201850] [acados_nmpc_node]: [attach-window] t=73.16s pos_err=0.117m T=22.58N z=6.808 m_est=2.337
[INFO] [1789417985.511891499] [acados_nmpc_node]: [attach-window] t=73.20s pos_err=0.051m T=22.56N z=6.812 m_est=2.336
[INFO] [1789417985.539510132] [acados_nmpc_node]: [wcmd] raw=[-0.015,-0.163,-0.222] w=[+0.005,-0.090,-0.178] err=[-0.020,-0.073] scaled=[-0.088,-0.437] s=4.76
[INFO] [1789417985.568133550] [acados_nmpc_node]: [attach-window] t=73.26s pos_err=0.111m T=22.64N z=6.814 m_est=2.336
[INFO] [1789417985.611905487] [acados_nmpc_node]: [attach-window] t=73.30s pos_err=0.062m T=22.56N z=6.817 m_est=2.336
[INFO] [1789417985.668311169] [acados_nmpc_node]: [attach-window] t=73.36s pos_err=0.124m T=22.63N z=6.818 m_est=2.336
[INFO] [1789417985.711976138] [acados_nmpc_node]: [attach-window] t=73.40s pos_err=0.055m T=22.56N z=6.820 m_est=2.336
[INFO] [1789417985.739490889] [acados_nmpc_node]: [wcmd] raw=[-0.005,-0.183,-0.261] w=[+0.003,-0.117,-0.201] err=[-0.008,-0.066] scaled=[-0.034,-0.430] s=4.77
[INFO] [1789417985.768206694] [acados_nmpc_node]: [attach-window] t=73.46s pos_err=0.115m T=22.62N z=6.821 m_est=2.336
[INFO] [1789417985.811910568] [acados_nmpc_node]: [attach-window] t=73.50s pos_err=0.066m T=22.57N z=6.822 m_est=2.336
[INFO] [1789417985.867809353] [acados_nmpc_node]: [attach-window] t=73.56s pos_err=0.128m T=22.58N z=6.822 m_est=2.336
[INFO] [1789417985.914943924] [acados_nmpc_node]: [attach-window] t=73.60s pos_err=0.058m T=22.63N z=6.823 m_est=2.335
[INFO] [1789417985.939583861] [acados_nmpc_node]: [wcmd] raw=[-0.005,-0.171,-0.289] w=[+0.024,-0.087,-0.215] err=[-0.029,-0.084] scaled=[-0.115,-0.489] s=4.77
[INFO] [1789417985.968222828] [acados_nmpc_node]: [attach-window] t=73.66s pos_err=0.121m T=22.70N z=6.822 m_est=2.335
[INFO] [1789417986.012085434] [acados_nmpc_node]: [attach-window] t=73.70s pos_err=0.049m T=22.66N z=6.821 m_est=2.335
[INFO] [1789417986.068101815] [acados_nmpc_node]: [attach-window] t=73.76s pos_err=0.134m T=22.65N z=6.821 m_est=2.335
[INFO] [1789417986.112433744] [acados_nmpc_node]: [attach-window] t=73.80s pos_err=0.061m T=22.68N z=6.819 m_est=2.334
[INFO] [1789417986.139515596] [acados_nmpc_node]: [wcmd] raw=[-0.009,-0.134,-0.312] w=[+0.000,-0.148,-0.278] err=[-0.009,+0.014] scaled=[-0.042,-0.082] s=4.77
[INFO] [1789417986.168408424] [acados_nmpc_node]: [attach-window] t=73.86s pos_err=0.126m T=22.56N z=6.818 m_est=2.334
[INFO] [1789417986.216186935] [acados_nmpc_node]: [attach-window] t=73.90s pos_err=0.073m T=22.73N z=6.816 m_est=2.334
[INFO] [1789417986.268354538] [acados_nmpc_node]: [attach-window] t=73.96s pos_err=0.138m T=22.73N z=6.815 m_est=2.334
[INFO] [1789417986.319274384] [acados_nmpc_node]: [attach-window] t=74.00s pos_err=0.064m T=22.84N z=6.811 m_est=2.334
[INFO] [1789417986.339519678] [acados_nmpc_node]: [wcmd] raw=[-0.018,-0.159,-0.329] w=[+0.011,-0.050,-0.268] err=[-0.029,-0.109] scaled=[-0.126,-0.570] s=4.77
[INFO] [1789417986.368143133] [acados_nmpc_node]: [attach-window] t=74.06s pos_err=0.127m T=22.87N z=6.809 m_est=2.334
[INFO] [1789417986.412620638] [acados_nmpc_node]: [attach-window] t=74.10s pos_err=0.075m T=22.85N z=6.806 m_est=2.333
[INFO] [1789417986.468301744] [acados_nmpc_node]: [attach-window] t=74.16s pos_err=0.139m T=22.78N z=6.804 m_est=2.333
[INFO] [1789417986.512440824] [acados_nmpc_node]: [attach-window] t=74.20s pos_err=0.065m T=22.88N z=6.800 m_est=2.333
[INFO] [1789417986.539491858] [acados_nmpc_node]: [wcmd] raw=[-0.013,-0.157,-0.344] w=[-0.005,-0.115,-0.326] err=[-0.008,-0.042] scaled=[-0.044,-0.315] s=4.77
[INFO] [1789417986.565651101] [acados_nmpc_node]: [attach-window] t=74.25s pos_err=0.123m T=22.85N z=6.798 m_est=2.333
[INFO] [1789417986.612711298] [acados_nmpc_node]: [attach-window] t=74.30s pos_err=0.076m T=22.88N z=6.794 m_est=2.333
[INFO] [1789417986.668291664] [acados_nmpc_node]: [attach-window] t=74.36s pos_err=0.137m T=22.85N z=6.792 m_est=2.333
[INFO] [1789417986.712480362] [acados_nmpc_node]: [attach-window] t=74.40s pos_err=0.067m T=22.92N z=6.788 m_est=2.334
[INFO] [1789417986.739514227] [acados_nmpc_node]: [wcmd] raw=[+0.002,-0.160,-0.370] w=[+0.017,-0.109,-0.340] err=[-0.014,-0.051] scaled=[-0.052,-0.352] s=4.77
[INFO] [1789417986.768733111] [acados_nmpc_node]: [attach-window] t=74.46s pos_err=0.128m T=22.85N z=6.786 m_est=2.334
[INFO] [1789417986.812559379] [acados_nmpc_node]: [attach-window] t=74.50s pos_err=0.061m T=22.91N z=6.781 m_est=2.334
[INFO] [1789417986.868707048] [acados_nmpc_node]: [attach-window] t=74.56s pos_err=0.139m T=22.77N z=6.780 m_est=2.334
[INFO] [1789417986.912624256] [acados_nmpc_node]: [attach-window] t=74.60s pos_err=0.074m T=22.89N z=6.776 m_est=2.334
[INFO] [1789417986.939670117] [acados_nmpc_node]: [wcmd] raw=[+0.001,-0.107,-0.408] w=[+0.022,-0.111,-0.366] err=[-0.021,+0.005] scaled=[-0.079,-0.089] s=4.77
[INFO] [1789417986.968199288] [acados_nmpc_node]: [attach-window] t=74.66s pos_err=0.131m T=22.73N z=6.774 m_est=2.335
[INFO] [1789417987.012527227] [acados_nmpc_node]: [attach-window] t=74.70s pos_err=0.072m T=22.92N z=6.769 m_est=2.335
[INFO] [1789417987.068213303] [acados_nmpc_node]: [attach-window] t=74.76s pos_err=0.126m T=22.90N z=6.767 m_est=2.335
[INFO] [1789417987.112622732] [acados_nmpc_node]: [attach-window] t=74.80s pos_err=0.086m T=22.93N z=6.763 m_est=2.336
[INFO] [1789417987.139510692] [acados_nmpc_node]: [wcmd] raw=[+0.000,-0.089,-0.471] w=[+0.015,-0.063,-0.389] err=[-0.014,-0.026] scaled=[-0.054,-0.188] s=4.77
[INFO] [1789417987.168319277] [acados_nmpc_node]: [attach-window] t=74.86s pos_err=0.139m T=22.82N z=6.760 m_est=2.336
[INFO] [1789417987.212615418] [acados_nmpc_node]: [attach-window] t=74.90s pos_err=0.100m T=22.94N z=6.755 m_est=2.336
[INFO] [1789417987.268647223] [acados_nmpc_node]: [attach-window] t=74.96s pos_err=0.152m T=22.84N z=6.753 m_est=2.336
[INFO] [1789417987.312423994] [acados_nmpc_node]: [attach-window] t=75.00s pos_err=0.098m T=23.00N z=6.746 m_est=2.336
[INFO] [1789417987.339607757] [acados_nmpc_node]: [wcmd] raw=[-0.002,-0.112,-0.555] w=[+0.040,-0.005,-0.420] err=[-0.042,-0.107] scaled=[-0.160,-0.515] s=4.77
[INFO] [1789417987.368587496] [acados_nmpc_node]: [attach-window] t=75.06s pos_err=0.147m T=22.98N z=6.743 m_est=2.337
[INFO] [1789417987.411534453] [acados_nmpc_node]: [attach-window] t=75.10s pos_err=0.110m T=22.99N z=6.737 m_est=2.337
[INFO] [1789417987.468259926] [acados_nmpc_node]: [attach-window] t=75.16s pos_err=0.156m T=22.90N z=6.733 m_est=2.337
[INFO] [1789417987.512645824] [acados_nmpc_node]: [attach-window] t=75.20s pos_err=0.107m T=23.02N z=6.726 m_est=2.337
[INFO] [1789417987.539581172] [acados_nmpc_node]: [wcmd] raw=[-0.001,-0.111,-0.655] w=[+0.022,-0.088,-0.533] err=[-0.023,-0.023] scaled=[-0.089,-0.196] s=4.77
[INFO] [1789417987.568603989] [acados_nmpc_node]: [attach-window] t=75.26s pos_err=0.149m T=22.96N z=6.723 m_est=2.337
[INFO] [1789417987.612578109] [acados_nmpc_node]: [attach-window] t=75.30s pos_err=0.116m T=23.03N z=6.716 m_est=2.337
[INFO] [1789417987.668523910] [acados_nmpc_node]: [attach-window] t=75.36s pos_err=0.155m T=22.98N z=6.712 m_est=2.337
[INFO] [1789417987.712601347] [acados_nmpc_node]: [attach-window] t=75.40s pos_err=0.112m T=23.04N z=6.705 m_est=2.337
[INFO] [1789417987.739499072] [acados_nmpc_node]: [wcmd] raw=[+0.007,-0.131,-0.766] w=[+0.039,-0.077,-0.617] err=[-0.031,-0.054] scaled=[-0.111,-0.333] s=4.77
[INFO] [1789417987.768366566] [acados_nmpc_node]: [attach-window] t=75.46s pos_err=0.146m T=22.98N z=6.702 m_est=2.337
[INFO] [1789417987.812469619] [acados_nmpc_node]: [attach-window] t=75.50s pos_err=0.117m T=22.99N z=6.695 m_est=2.337
[INFO] [1789417987.868541434] [acados_nmpc_node]: [attach-window] t=75.56s pos_err=0.148m T=22.92N z=6.692 m_est=2.337
[INFO] [1789417987.912461761] [acados_nmpc_node]: [attach-window] t=75.60s pos_err=0.112m T=23.01N z=6.684 m_est=2.337
[INFO] [1789417987.939538843] [acados_nmpc_node]: [wcmd] raw=[+0.009,-0.106,-0.875] w=[+0.052,-0.057,-0.713] err=[-0.043,-0.049] scaled=[-0.154,-0.292] s=4.77
[INFO] [1789417987.968230602] [acados_nmpc_node]: [attach-window] t=75.66s pos_err=0.138m T=22.97N z=6.681 m_est=2.337
[INFO] [1789417988.012375106] [acados_nmpc_node]: [attach-window] t=75.70s pos_err=0.113m T=23.00N z=6.674 m_est=2.337
[INFO] [1789417988.069263702] [acados_nmpc_node]: [attach-window] t=75.76s pos_err=0.138m T=22.96N z=6.670 m_est=2.337
[INFO] [1789417988.112712012] [acados_nmpc_node]: [attach-window] t=75.80s pos_err=0.108m T=23.03N z=6.662 m_est=2.337
[INFO] [1789417988.139605312] [acados_nmpc_node]: [wcmd] raw=[+0.010,-0.091,-0.968] w=[+0.050,-0.058,-0.831] err=[-0.041,-0.033] scaled=[-0.144,-0.214] s=4.77
[INFO] [1789417988.168540795] [acados_nmpc_node]: [attach-window] t=75.86s pos_err=0.126m T=22.98N z=6.658 m_est=2.337
[INFO] [1789417988.212755211] [acados_nmpc_node]: [attach-window] t=75.90s pos_err=0.107m T=23.02N z=6.650 m_est=2.337
[INFO] [1789417988.268576951] [acados_nmpc_node]: [attach-window] t=75.96s pos_err=0.124m T=22.98N z=6.646 m_est=2.337
[INFO] [1789417988.312717907] [acados_nmpc_node]: [attach-window] t=76.00s pos_err=0.103m T=23.05N z=6.637 m_est=2.337
[INFO] [1789417988.339645957] [acados_nmpc_node]: [wcmd] raw=[-0.005,-0.090,-1.008] w=[+0.044,-0.021,-0.933] err=[-0.048,-0.069] scaled=[-0.187,-0.349] s=4.77
[INFO] [1789417988.368496019] [acados_nmpc_node]: [attach-window] t=76.06s pos_err=0.113m T=23.04N z=6.632 m_est=2.337
[INFO] [1789417988.368999501] [acados_nmpc_node]: t=76.1s | pos_err=0.113m | T=23.04N | tau=[r-0.176 p0.405 y-0.060]Nm | res_stat=5.130e-07(peak 9.999e-07) sqp_iter=5 | solve=2.6ms
[INFO] [1789417988.369213830] [acados_nmpc_node]: [flight-diag] t=76.1s | om_scale=4.769(lo 4.653 hi 4.769) | tilt_max=9.73deg | w_max=[r0.052 p0.176 y1.032]rad/s | u_frac=[T0.741 r0.553 p1.000 y0.761] | u_sat=[T0.0 r0.0 p22.0 y0.0]% | mot_peak=0.941 mot_sat=0.0% | health=1 age=0.000s conf=0.000 | n=100
[INFO] [1789417988.412689712] [acados_nmpc_node]: [attach-window] t=76.10s pos_err=0.101m T=23.05N z=6.624 m_est=2.337
[INFO] [1789417988.468762207] [acados_nmpc_node]: [attach-window] t=76.16s pos_err=0.103m T=23.04N z=6.618 m_est=2.337
[INFO] [1789417988.542170148] [acados_nmpc_node]: [attach-window] t=76.20s pos_err=0.097m T=23.08N z=6.609 m_est=2.337
[INFO] [1789417988.568390616] [acados_nmpc_node]: [attach-window] t=76.26s pos_err=0.098m T=23.08N z=6.605 m_est=2.338
[INFO] [1789417988.568811579] [acados_nmpc_node]: [wcmd] raw=[+0.066,+0.031,-1.035] w=[+0.024,-0.035,-1.024] err=[+0.041,+0.066] scaled=[+0.221,+0.280] s=4.77
[INFO] [1789417988.641037568] [acados_nmpc_node]: [attach-window] t=76.30s pos_err=0.092m T=23.15N z=6.595 m_est=2.338
[INFO] [1789417988.668085217] [acados_nmpc_node]: [attach-window] t=76.36s pos_err=0.091m T=23.15N z=6.590 m_est=2.338
[INFO] [1789417988.712352073] [acados_nmpc_node]: [attach-window] t=76.40s pos_err=0.090m T=23.18N z=6.579 m_est=2.338
[INFO] [1789417988.799653747] [acados_nmpc_node]: [attach-window] t=76.46s pos_err=0.080m T=23.21N z=6.574 m_est=2.338
[INFO] [1789417988.812481804] [acados_nmpc_node]: [attach-window] t=76.50s pos_err=0.082m T=23.13N z=6.563 m_est=2.338
[INFO] [1789417988.819579599] [acados_nmpc_node]: [wcmd] raw=[-0.003,-0.093,-0.791] w=[+0.015,-0.128,-1.080] err=[-0.018,+0.036] scaled=[-0.069,+0.041] s=4.77
[INFO] [1789417988.865863365] [acados_nmpc_node]: [attach-window] t=76.55s pos_err=0.071m T=22.94N z=6.558 m_est=2.338
[INFO] [1789417988.912615252] [acados_nmpc_node]: [attach-window] t=76.60s pos_err=0.080m T=23.03N z=6.546 m_est=2.338
[INFO] [1789417988.967877657] [acados_nmpc_node]: [attach-window] t=76.66s pos_err=0.060m T=22.91N z=6.541 m_est=2.338
[INFO] [1789417989.012729900] [acados_nmpc_node]: [attach-window] t=76.70s pos_err=0.069m T=23.08N z=6.530 m_est=2.338
[INFO] [1789417989.019455435] [acados_nmpc_node]: [wcmd] raw=[+0.013,-0.014,-0.570] w=[+0.034,+0.175,-0.847] err=[-0.020,-0.189] scaled=[-0.063,-0.725] s=4.77
[INFO] [1789417989.068224725] [acados_nmpc_node]: [attach-window] t=76.76s pos_err=0.051m T=23.11N z=6.525 m_est=2.338
[INFO] [1789417989.112690492] [acados_nmpc_node]: [attach-window] t=76.80s pos_err=0.069m T=22.98N z=6.513 m_est=2.338
[INFO] [1789417989.168119413] [acados_nmpc_node]: [attach-window] t=76.86s pos_err=0.041m T=22.98N z=6.508 m_est=2.338
[INFO] [1789417989.212695791] [acados_nmpc_node]: [attach-window] t=76.90s pos_err=0.056m T=22.89N z=6.498 m_est=2.338
[INFO] [1789417989.219518456] [acados_nmpc_node]: [wcmd] raw=[-0.009,-0.050,-0.406] w=[+0.013,-0.164,-0.843] err=[-0.022,+0.114] scaled=[-0.090,+0.380] s=4.77
[INFO] [1789417989.268335105] [acados_nmpc_node]: [attach-window] t=76.96s pos_err=0.032m T=22.70N z=6.494 m_est=2.338
[INFO] [1789417989.312477478] [acados_nmpc_node]: [attach-window] t=77.00s pos_err=0.057m T=22.87N z=6.483 m_est=2.338
[INFO] [1789417989.368032130] [acados_nmpc_node]: [attach-window] t=77.06s pos_err=0.021m T=22.95N z=6.478 m_est=2.338
[INFO] [1789417989.412455888] [acados_nmpc_node]: [attach-window] t=77.10s pos_err=0.044m T=22.83N z=6.469 m_est=2.338
[INFO] [1789417989.419444540] [acados_nmpc_node]: [wcmd] raw=[+0.010,-0.114,-0.239] w=[+0.001,+0.028,-0.573] err=[+0.008,-0.143] scaled=[+0.042,-0.652] s=4.77
[INFO] [1789417989.467848484] [acados_nmpc_node]: [attach-window] t=77.16s pos_err=0.022m T=22.85N z=6.464 m_est=2.338
[INFO] [1789417989.512583922] [acados_nmpc_node]: [attach-window] t=77.20s pos_err=0.049m T=22.71N z=6.454 m_est=2.338
[INFO] [1789417989.568070941] [acados_nmpc_node]: [attach-window] t=77.26s pos_err=0.018m T=22.67N z=6.449 m_est=2.338
[INFO] [1789417989.612452319] [acados_nmpc_node]: [attach-window] t=77.30s pos_err=0.036m T=22.63N z=6.441 m_est=2.338
[INFO] [1789417989.619487382] [acados_nmpc_node]: [wcmd] raw=[-0.020,-0.086,-0.123] w=[+0.007,-0.025,-0.398] err=[-0.027,-0.061] scaled=[-0.121,-0.318] s=4.77
[INFO] [1789417989.668419241] [acados_nmpc_node]: [attach-window] t=77.36s pos_err=0.035m T=22.68N z=6.436 m_est=2.337
[INFO] [1789417989.712451917] [acados_nmpc_node]: [attach-window] t=77.40s pos_err=0.046m T=22.59N z=6.426 m_est=2.337
[INFO] [1789417989.768026636] [acados_nmpc_node]: [attach-window] t=77.46s pos_err=0.032m T=22.67N z=6.421 m_est=2.336
[INFO] [1789417989.812425065] [acados_nmpc_node]: [attach-window] t=77.50s pos_err=0.056m T=22.46N z=6.409 m_est=2.336
[INFO] [1789417989.819509030] [acados_nmpc_node]: [wcmd] raw=[-0.032,-0.210,-0.081] w=[-0.028,-0.132,-0.289] err=[-0.004,-0.078] scaled=[-0.048,-0.502] s=4.77
[INFO] [1789417989.868216175] [acados_nmpc_node]: [attach-window] t=77.56s pos_err=0.049m T=22.46N z=6.405 m_est=2.335
[INFO] [1789417989.912483312] [acados_nmpc_node]: [attach-window] t=77.60s pos_err=0.046m T=22.49N z=6.393 m_est=2.334
[INFO] [1789417989.968244620] [acados_nmpc_node]: [attach-window] t=77.66s pos_err=0.047m T=22.39N z=6.388 m_est=2.333
[INFO] [1789417990.012216713] [acados_nmpc_node]: [attach-window] t=77.70s pos_err=0.038m T=22.52N z=6.376 m_est=2.332
[INFO] [1789417990.019487332] [acados_nmpc_node]: [wcmd] raw=[-0.028,-0.081,-0.054] w=[-0.027,+0.030,-0.099] err=[-0.002,-0.111] scaled=[-0.035,-0.498] s=4.77
[INFO] [1789417990.068246771] [acados_nmpc_node]: [attach-window] t=77.76s pos_err=0.064m T=22.61N z=6.370 m_est=2.330
[INFO] [1789417990.129519121] [acados_nmpc_node]: [attach-window] t=77.80s pos_err=0.045m T=22.57N z=6.356 m_est=2.329
[INFO] [1789417990.167931209] [acados_nmpc_node]: [attach-window] t=77.86s pos_err=0.060m T=22.64N z=6.350 m_est=2.327
[INFO] [1789417990.212291139] [acados_nmpc_node]: [attach-window] t=77.90s pos_err=0.037m T=22.55N z=6.337 m_est=2.326
[INFO] [1789417990.219529121] [acados_nmpc_node]: [wcmd] raw=[-0.041,-0.136,-0.090] w=[-0.029,-0.101,-0.094] err=[-0.012,-0.035] scaled=[-0.087,-0.266] s=4.74
[INFO] [1789417990.268439565] [acados_nmpc_node]: [attach-window] t=77.96s pos_err=0.079m T=22.47N z=6.331 m_est=2.324
[INFO] [1789417990.312347701] [acados_nmpc_node]: [attach-window] t=78.00s pos_err=0.041m T=22.56N z=6.317 m_est=2.323
[INFO] [1789417990.385010664] [acados_nmpc_node]: [attach-window] t=78.06s pos_err=0.074m T=22.54N z=6.310 m_est=2.321
[INFO] [1789417990.412192627] [acados_nmpc_node]: [attach-window] t=78.10s pos_err=0.037m T=22.58N z=6.297 m_est=2.320
[INFO] [1789417990.439522436] [acados_nmpc_node]: [wcmd] raw=[-0.055,-0.110,-0.111] w=[-0.055,-0.080,-0.068] err=[+0.000,-0.031] scaled=[-0.053,-0.224] s=4.69
[INFO] [1789417990.468500887] [acados_nmpc_node]: [attach-window] t=78.16s pos_err=0.094m T=22.43N z=6.290 m_est=2.319
[INFO] [1789417990.512140296] [acados_nmpc_node]: [attach-window] t=78.20s pos_err=0.036m T=22.63N z=6.275 m_est=2.318
[INFO] [1789417990.567850412] [acados_nmpc_node]: [attach-window] t=78.26s pos_err=0.087m T=22.60N z=6.267 m_est=2.317
[INFO] [1789417990.612160453] [acados_nmpc_node]: [attach-window] t=78.30s pos_err=0.037m T=22.69N z=6.253 m_est=2.317
[INFO] [1789417990.639486993] [acados_nmpc_node]: [wcmd] raw=[-0.050,-0.098,-0.125] w=[-0.051,-0.054,-0.062] err=[+0.001,-0.043] scaled=[-0.045,-0.255] s=4.64
[INFO] [1789417990.668203138] [acados_nmpc_node]: [attach-window] t=78.36s pos_err=0.081m T=22.66N z=6.243 m_est=2.316
[INFO] [1789417990.712156578] [acados_nmpc_node]: [attach-window] t=78.40s pos_err=0.031m T=22.76N z=6.228 m_est=2.316
[INFO] [1789417990.768578249] [acados_nmpc_node]: [attach-window] t=78.46s pos_err=0.101m T=22.67N z=6.220 m_est=2.316
[INFO] [1789417990.812267874] [acados_nmpc_node]: [attach-window] t=78.50s pos_err=0.039m T=22.82N z=6.204 m_est=2.316
[INFO] [1789417990.839540739] [acados_nmpc_node]: [wcmd] raw=[-0.046,-0.094,-0.125] w=[-0.055,-0.107,-0.099] err=[+0.009,+0.013] scaled=[-0.014,-0.047] s=4.59
[INFO] [1789417990.868523675] [acados_nmpc_node]: [attach-window] t=78.56s pos_err=0.122m T=21.93N z=6.197 m_est=2.316
[INFO] [1789417990.912252115] [acados_nmpc_node]: [attach-window] t=78.60s pos_err=0.032m T=22.90N z=6.179 m_est=2.316
[INFO] [1789417990.968266641] [acados_nmpc_node]: [attach-window] t=78.66s pos_err=0.114m T=22.61N z=6.170 m_est=2.317
[INFO] [1789417991.012628228] [acados_nmpc_node]: [attach-window] t=78.70s pos_err=0.046m T=22.92N z=6.153 m_est=2.317
[INFO] [1789417991.039504292] [acados_nmpc_node]: [wcmd] raw=[-0.033,-0.118,-0.103] w=[-0.035,-0.130,-0.107] err=[+0.002,+0.012] scaled=[-0.025,-0.076] s=4.56
[INFO] [1789417991.069157593] [acados_nmpc_node]: [attach-window] t=78.76s pos_err=0.136m T=19.42N z=6.144 m_est=2.318
[INFO] [1789417991.113271660] [acados_nmpc_node]: [attach-window] t=78.80s pos_err=0.038m T=23.19N z=6.124 m_est=2.318
[INFO] [1789417991.192964005] [acados_nmpc_node]: [attach-window] t=78.86s pos_err=0.129m T=18.71N z=6.114 m_est=2.319
[INFO] [1789417991.246209359] [acados_nmpc_node]: [attach-window] t=78.90s pos_err=0.058m T=20.64N z=6.092 m_est=2.319
[INFO] [1789417991.291169546] [acados_nmpc_node]: [attach-window] t=78.95s pos_err=0.145m T=17.15N z=6.081 m_est=2.320
[WARN] [1789417991.291508863] [acados_nmpc_node]: [omega_scale] body-rate headroom limited scale 4.54->4.31 (guard ±1.90, hard ±2.00rad/s)
[INFO] [1789417991.299489729] [acados_nmpc_node]: [wcmd] raw=[+0.403,+0.026,-0.908] w=[+0.042,-0.062,-0.065] err=[+0.361,+0.088] scaled=[+1.680,+0.338] s=4.54
[WARN] [1789417991.343093227] [acados_nmpc_node]: t=79.00s | KKT residual abnormal! res_stat=1.745e-05 res_eq=1.313e-13 res_ineq=0.000e+00 res_comp=4.051e-10 | sqp_iter=100 | peak res_stat=1.745e-05
[WARN] [1789417991.343490552] [acados_nmpc_node]: acados solve failed [status=2, 1 consecutive] | x_cur pos=[ 1.89787328 -0.80901974  6.05458975] vel=[-2.72754025  2.74995494 -0.38776729] |q|=1.0000
[INFO] [1789417991.343908730] [acados_nmpc_node]: [attach-window] t=79.00s pos_err=0.056m T=17.15N z=6.055 m_est=2.320
[WARN] [1789417991.397417372] [acados_nmpc_node]: t=79.05s | KKT residual abnormal! res_stat=1.311e-02 res_eq=3.435e-08 res_ineq=0.000e+00 res_comp=3.804e-10 | sqp_iter=100 | peak res_stat=1.311e-02
[WARN] [1789417991.397774232] [acados_nmpc_node]: acados solve failed [status=2, 2 consecutive] | x_cur pos=[ 1.80993855 -0.7223146   6.04146862] vel=[-2.71900725  2.77025557 -0.41503674] |q|=1.0000
[INFO] [1789417991.398165378] [acados_nmpc_node]: [attach-window] t=79.05s pos_err=0.143m T=17.15N z=6.041 m_est=2.320
[INFO] [1789417991.416999419] [acados_nmpc_node]: [attach-window] t=79.10s pos_err=0.064m T=29.40N z=6.007 m_est=2.320
[INFO] [1789417991.479898042] [acados_nmpc_node]: [attach-window] t=79.15s pos_err=0.173m T=24.95N z=5.992 m_est=2.319
[INFO] [1789417991.516009589] [acados_nmpc_node]: [attach-window] t=79.20s pos_err=0.109m T=16.45N z=5.944 m_est=2.318
[INFO] [1789417991.570806888] [acados_nmpc_node]: [attach-window] t=79.25s pos_err=0.188m T=11.64N z=5.922 m_est=2.315
[INFO] [1789417991.571122331] [acados_nmpc_node]: [wcmd] raw=[+0.163,+0.028,-0.910] w=[+0.510,-0.178,-0.361] err=[-0.347,+0.207] scaled=[-1.061,+0.756] s=4.52
[INFO] [1789417991.621149179] [acados_nmpc_node]: [attach-window] t=79.30s pos_err=0.163m T=14.38N z=5.875 m_est=2.312
[INFO] [1789417991.674079214] [acados_nmpc_node]: [attach-window] t=79.36s pos_err=0.245m T=12.58N z=5.849 m_est=2.308
[INFO] [1789417991.734569894] [acados_nmpc_node]: [attach-window] t=79.40s pos_err=0.228m T=24.59N z=5.777 m_est=2.304
[INFO] [1789417991.770817418] [acados_nmpc_node]: [attach-window] t=79.46s pos_err=0.304m T=22.81N z=5.740 m_est=2.299
[INFO] [1789417991.771221276] [acados_nmpc_node]: [wcmd] raw=[-0.374,+0.116,-1.051] w=[-0.100,+0.132,-0.633] err=[-0.275,-0.016] scaled=[-1.331,+0.059] s=4.48
[INFO] [1789417991.818362464] [acados_nmpc_node]: [attach-window] t=79.50s pos_err=0.333m T=26.98N z=5.658 m_est=2.295
[INFO] [1789417991.873685066] [acados_nmpc_node]: [attach-window] t=79.56s pos_err=0.407m T=26.69N z=5.615 m_est=2.289
[INFO] [1789417991.921350943] [acados_nmpc_node]: [attach-window] t=79.60s pos_err=0.447m T=30.37N z=5.522 m_est=2.284
[INFO] [1789417991.976215285] [acados_nmpc_node]: [attach-window] t=79.66s pos_err=0.509m T=31.35N z=5.483 m_est=2.273
[INFO] [1789417991.976637039] [acados_nmpc_node]: [wcmd] raw=[-0.561,-0.289,-0.382] w=[-0.845,-0.120,-0.967] err=[+0.283,-0.169] scaled=[+0.392,-0.859] s=4.37
[INFO] [1789417992.021181559] [acados_nmpc_node]: [attach-window] t=79.70s pos_err=0.552m T=28.80N z=5.410 m_est=2.264
[INFO] [1789417992.074262369] [acados_nmpc_node]: [attach-window] t=79.76s pos_err=0.606m T=30.34N z=5.377 m_est=2.244
[INFO] [1789417992.129803207] [acados_nmpc_node]: [attach-window] t=79.80s pos_err=0.642m T=27.77N z=5.311 m_est=2.230
[INFO] [1789417992.182316761] [acados_nmpc_node]: [attach-window] t=79.86s pos_err=0.684m T=29.55N z=5.285 m_est=2.218
[INFO] [1789417992.182727698] [acados_nmpc_node]: [wcmd] raw=[-0.230,-0.587,+0.037] w=[-0.325,-0.546,-0.606] err=[+0.095,-0.041] scaled=[+0.064,-0.715] s=4.10
[WARN] [1789417992.209410332] [acados_nmpc_node]: [payload-health] unhealthy/stale; holding model and confidence timer (mhe_healthy=False, solution_age=0.124s, rx_age=infs)
[INFO] [1789417992.231644832] [acados_nmpc_node]: [attach-window] t=79.90s pos_err=0.712m T=27.94N z=5.238 m_est=2.218
[INFO] [1789417992.281804847] [acados_nmpc_node]: [attach-window] t=79.96s pos_err=0.740m T=25.04N z=5.220 m_est=2.218
[INFO] [1789417992.332202593] [acados_nmpc_node]: [attach-window] t=80.00s pos_err=0.758m T=20.82N z=5.189 m_est=2.218
[INFO] [1789417992.390621170] [acados_nmpc_node]: [attach-window] t=80.06s pos_err=0.782m T=18.54N z=5.173 m_est=2.218
[INFO] [1789417992.440267728] [acados_nmpc_node]: [attach-window] t=80.10s pos_err=0.800m T=21.19N z=5.134 m_est=2.218
[INFO] [1789417992.440744623] [acados_nmpc_node]: [wcmd] raw=[+0.025,-0.207,+0.755] w=[-0.331,-0.382,-0.017] err=[+0.356,+0.175] scaled=[+1.005,+0.276] s=3.75
[INFO] [1789417992.490587685] [acados_nmpc_node]: [attach-window] t=80.15s pos_err=0.820m T=20.54N z=5.121 m_est=2.218
[INFO] [1789417992.522581662] [acados_nmpc_node]: [attach-window] t=80.20s pos_err=0.837m T=27.32N z=5.078 m_est=2.218
[INFO] [1789417992.574569877] [acados_nmpc_node]: [attach-window] t=80.25s pos_err=0.854m T=27.62N z=5.059 m_est=2.218
[INFO] [1789417992.620845654] [acados_nmpc_node]: [attach-window] t=80.30s pos_err=0.866m T=29.65N z=5.018 m_est=2.218
[INFO] [1789417992.674107924] [acados_nmpc_node]: [attach-window] t=80.36s pos_err=0.875m T=28.18N z=5.002 m_est=2.218
[INFO] [1789417992.674521958] [acados_nmpc_node]: [wcmd] raw=[+0.090,-0.015,+1.172] w=[+0.095,-0.007,+0.607] err=[-0.005,-0.008] scaled=[+0.078,-0.036] s=3.55
[INFO] [1789417992.719232465] [acados_nmpc_node]: [attach-window] t=80.40s pos_err=0.874m T=28.30N z=4.973 m_est=2.218
[INFO] [1789417992.776851859] [acados_nmpc_node]: [attach-window] t=80.46s pos_err=0.878m T=27.05N z=4.960 m_est=2.218
[INFO] [1789417992.817751114] [acados_nmpc_node]: [attach-window] t=80.50s pos_err=0.869m T=28.33N z=4.937 m_est=2.218
[INFO] [1789417992.874765846] [acados_nmpc_node]: [attach-window] t=80.56s pos_err=0.870m T=27.46N z=4.927 m_est=2.218
[INFO] [1789417992.875228275] [acados_nmpc_node]: [wcmd] raw=[+0.580,-0.002,+1.403] w=[+0.258,+0.006,+1.018] err=[+0.322,-0.007] scaled=[+1.365,-0.019] s=3.44
[INFO] [1789417992.915269847] [acados_nmpc_node]: [attach-window] t=80.60s pos_err=0.849m T=29.13N z=4.909 m_est=2.218
[INFO] [1789417992.971470151] [acados_nmpc_node]: [attach-window] t=80.66s pos_err=0.844m T=28.13N z=4.904 m_est=2.218
[INFO] [1789417993.013702698] [acados_nmpc_node]: [attach-window] t=80.70s pos_err=0.817m T=28.86N z=4.900 m_est=2.218
[INFO] [1789417993.069187078] [acados_nmpc_node]: [attach-window] t=80.76s pos_err=0.808m T=27.15N z=4.902 m_est=2.218
[INFO] [1789417993.069592186] [acados_nmpc_node]: [wcmd] raw=[+0.684,-0.126,+0.866] w=[+0.974,-0.118,+1.366] err=[-0.291,-0.008] scaled=[-0.004,-0.144] s=3.36
[INFO] [1789417993.113106373] [acados_nmpc_node]: [attach-window] t=80.80s pos_err=0.765m T=25.35N z=4.916 m_est=2.218
[INFO] [1789417993.169060288] [acados_nmpc_node]: [attach-window] t=80.86s pos_err=0.750m T=23.09N z=4.925 m_est=2.218
[INFO] [1789417993.213401195] [acados_nmpc_node]: [attach-window] t=80.90s pos_err=0.706m T=21.74N z=4.949 m_est=2.218
[INFO] [1789417993.269291261] [acados_nmpc_node]: [attach-window] t=80.96s pos_err=0.692m T=19.75N z=4.963 m_est=2.218
[INFO] [1789417993.269701239] [acados_nmpc_node]: [wcmd] raw=[+0.270,-0.065,+0.626] w=[+0.681,-0.226,+1.144] err=[-0.411,+0.161] scaled=[-0.681,+0.307] s=3.31
[INFO] [1789417993.325778898] [acados_nmpc_node]: [attach-window] t=81.00s pos_err=0.641m T=20.86N z=4.993 m_est=2.218
[INFO] [1789417993.369957094] [acados_nmpc_node]: [attach-window] t=81.06s pos_err=0.630m T=19.17N z=5.006 m_est=2.218
[INFO] [1789417993.370437772] [acados_nmpc_node]: t=81.1s | pos_err=0.630m | T=19.17N | tau=[r-0.500 p0.500 y-0.200]Nm | res_stat=1.110e-07(peak 1.311e-02) sqp_iter=9 | solve=4.6ms
[INFO] [1789417993.370641526] [acados_nmpc_node]: [flight-diag] t=81.1s | om_scale=3.300(lo 3.300 hi 4.769) | tilt_max=13.54deg | w_max=[r1.030 p0.586 y1.366]rad/s | u_frac=[T1.000 r1.000 p1.000 y1.000] | u_sat=[T1.0 r20.0 p62.0 y41.0]% | mot_peak=1.000 mot_sat=23.2% | health=0 age=1.225s conf=0.000 | n=100
[INFO] [1789417993.413611119] [acados_nmpc_node]: [attach-window] t=81.10s pos_err=0.592m T=21.28N z=5.028 m_est=2.218
[INFO] [1789417993.469110839] [acados_nmpc_node]: [attach-window] t=81.16s pos_err=0.586m T=19.91N z=5.038 m_est=2.218
[INFO] [1789417993.469525403] [acados_nmpc_node]: [wcmd] raw=[-0.438,+0.283,+0.330] w=[-0.035,+0.109,+0.844] err=[-0.403,+0.173] scaled=[-1.355,+0.678] s=3.28
[INFO] [1789417993.513317423] [acados_nmpc_node]: [attach-window] t=81.20s pos_err=0.546m T=23.16N z=5.057 m_est=2.218
[INFO] [1789417993.595857031] [acados_nmpc_node]: [attach-window] t=81.26s pos_err=0.543m T=22.21N z=5.064 m_est=2.218
[INFO] [1789417993.613086972] [acados_nmpc_node]: [attach-window] t=81.30s pos_err=0.507m T=25.46N z=5.078 m_est=2.218
[INFO] [1789417993.668723062] [acados_nmpc_node]: [attach-window] t=81.36s pos_err=0.506m T=24.66N z=5.084 m_est=2.218
[INFO] [1789417993.679498558] [acados_nmpc_node]: [wcmd] raw=[-0.930,+0.621,-0.005] w=[-1.005,+0.614,+0.404] err=[+0.075,+0.007] scaled=[-0.762,+0.637] s=3.26
[INFO] [1789417993.712761825] [acados_nmpc_node]: [attach-window] t=81.40s pos_err=0.473m T=25.84N z=5.097 m_est=2.218
[INFO] [1789417993.768221258] [acados_nmpc_node]: [attach-window] t=81.46s pos_err=0.476m T=25.34N z=5.105 m_est=2.218
[INFO] [1789417993.812836408] [acados_nmpc_node]: [attach-window] t=81.50s pos_err=0.437m T=24.94N z=5.124 m_est=2.218
[INFO] [1789417993.868345030] [acados_nmpc_node]: [attach-window] t=81.56s pos_err=0.442m T=24.33N z=5.135 m_est=2.218
[INFO] [1789417993.879535335] [acados_nmpc_node]: [wcmd] raw=[+0.105,+0.046,+0.118] w=[-0.551,+0.536,+0.161] err=[+0.655,-0.489] scaled=[+1.573,-1.050] s=3.24
[INFO] [1789417993.912815542] [acados_nmpc_node]: [attach-window] t=81.60s pos_err=0.386m T=23.43N z=5.162 m_est=2.218
[INFO] [1789417993.968045945] [acados_nmpc_node]: [attach-window] t=81.66s pos_err=0.393m T=23.04N z=5.174 m_est=2.218
[INFO] [1789417994.012794918] [acados_nmpc_node]: [attach-window] t=81.70s pos_err=0.345m T=22.05N z=5.198 m_est=2.218
[INFO] [1789417994.068492924] [acados_nmpc_node]: [attach-window] t=81.76s pos_err=0.356m T=21.76N z=5.210 m_est=2.218
[INFO] [1789417994.079600550] [acados_nmpc_node]: [wcmd] raw=[+0.442,-0.304,+0.415] w=[+0.434,-0.509,-0.053] err=[+0.007,+0.205] scaled=[+0.458,+0.154] s=3.23
[INFO] [1789417994.112737299] [acados_nmpc_node]: [attach-window] t=81.80s pos_err=0.292m T=21.16N z=5.236 m_est=2.218
[INFO] [1789417994.168648608] [acados_nmpc_node]: [attach-window] t=81.86s pos_err=0.305m T=21.04N z=5.246 m_est=2.218
[INFO] [1789417994.212610394] [acados_nmpc_node]: [attach-window] t=81.90s pos_err=0.254m T=21.16N z=5.264 m_est=2.218
[INFO] [1789417994.268340209] [acados_nmpc_node]: [attach-window] t=81.96s pos_err=0.270m T=21.16N z=5.272 m_est=2.218
[INFO] [1789417994.279572787] [acados_nmpc_node]: [wcmd] raw=[-0.007,-0.174,+0.725] w=[+0.282,-0.204,+0.226] err=[-0.289,+0.029] scaled=[-0.651,-0.109] s=3.22
[INFO] [1789417994.312434669] [acados_nmpc_node]: [attach-window] t=82.00s pos_err=0.209m T=21.44N z=5.285 m_est=2.218
[INFO] [1789417994.368081319] [acados_nmpc_node]: [attach-window] t=82.06s pos_err=0.224m T=21.53N z=5.289 m_est=2.218
[INFO] [1789417994.412778973] [acados_nmpc_node]: [attach-window] t=82.10s pos_err=0.181m T=21.82N z=5.294 m_est=2.218
[INFO] [1789417994.468356421] [acados_nmpc_node]: [attach-window] t=82.16s pos_err=0.196m T=21.92N z=5.296 m_est=2.218
[INFO] [1789417994.479563679] [acados_nmpc_node]: [wcmd] raw=[-0.156,-0.186,+0.940] w=[-0.175,-0.245,+0.402] err=[+0.020,+0.058] scaled=[-0.112,-0.057] s=3.22
[INFO] [1789417994.512582584] [acados_nmpc_node]: [attach-window] t=82.20s pos_err=0.153m T=22.32N z=5.296 m_est=2.218
[INFO] [1789417994.568507124] [acados_nmpc_node]: [attach-window] t=82.26s pos_err=0.162m T=22.42N z=5.296 m_est=2.218
[INFO] [1789417994.612410163] [acados_nmpc_node]: [attach-window] t=82.30s pos_err=0.136m T=22.72N z=5.292 m_est=2.218
[INFO] [1789417994.668112354] [acados_nmpc_node]: [attach-window] t=82.36s pos_err=0.137m T=22.81N z=5.290 m_est=2.218
[INFO] [1789417994.679527458] [acados_nmpc_node]: [wcmd] raw=[+0.099,-0.048,+1.239] w=[-0.087,-0.106,+0.780] err=[+0.186,+0.058] scaled=[+0.511,+0.081] s=3.22
[INFO] [1789417994.712527017] [acados_nmpc_node]: [attach-window] t=82.40s pos_err=0.126m T=22.96N z=5.284 m_est=2.218
[INFO] [1789417994.768680569] [acados_nmpc_node]: [attach-window] t=82.46s pos_err=0.123m T=22.98N z=5.282 m_est=2.218
[INFO] [1789417994.812659062] [acados_nmpc_node]: [attach-window] t=82.50s pos_err=0.116m T=23.10N z=5.276 m_est=2.218
[INFO] [1789417994.868932167] [acados_nmpc_node]: [attach-window] t=82.56s pos_err=0.110m T=23.07N z=5.273 m_est=2.218
[INFO] [1789417994.879442521] [acados_nmpc_node]: [wcmd] raw=[+0.018,+0.089,+1.385] w=[+0.136,+0.028,+1.146] err=[-0.118,+0.061] scaled=[-0.244,+0.224] s=3.21
[INFO] [1789417994.912645039] [acados_nmpc_node]: [attach-window] t=82.60s pos_err=0.111m T=23.20N z=5.267 m_est=2.218
[INFO] [1789417994.968741139] [acados_nmpc_node]: [attach-window] t=82.66s pos_err=0.097m T=23.19N z=5.264 m_est=2.218
[INFO] [1789417995.012660203] [acados_nmpc_node]: [attach-window] t=82.70s pos_err=0.101m T=23.26N z=5.259 m_est=2.218
[INFO] [1789417995.068742703] [acados_nmpc_node]: [attach-window] t=82.76s pos_err=0.088m T=23.24N z=5.256 m_est=2.218
[INFO] [1789417995.079497507] [acados_nmpc_node]: [wcmd] raw=[-0.090,+0.118,+1.202] w=[-0.009,+0.076,+1.274] err=[-0.082,+0.042] scaled=[-0.271,+0.211] s=3.21
[INFO] [1789417995.112687141] [acados_nmpc_node]: [attach-window] t=82.80s pos_err=0.098m T=23.34N z=5.249 m_est=2.218
[INFO] [1789417995.168478146] [acados_nmpc_node]: [attach-window] t=82.86s pos_err=0.081m T=23.36N z=5.246 m_est=2.218
[INFO] [1789417995.212570477] [acados_nmpc_node]: [attach-window] t=82.90s pos_err=0.088m T=23.40N z=5.240 m_est=2.218
[INFO] [1789417995.268128260] [acados_nmpc_node]: [attach-window] t=82.96s pos_err=0.077m T=23.42N z=5.237 m_est=2.218
[INFO] [1789417995.279624828] [acados_nmpc_node]: [wcmd] raw=[+0.009,+0.063,+0.903] w=[-0.033,+0.035,+1.213] err=[+0.043,+0.028] scaled=[+0.104,+0.126] s=3.21
[INFO] [1789417995.312468638] [acados_nmpc_node]: [attach-window] t=83.00s pos_err=0.084m T=23.42N z=5.231 m_est=2.218
[INFO] [1789417995.368028992] [acados_nmpc_node]: [attach-window] t=83.06s pos_err=0.075m T=23.46N z=5.228 m_est=2.218
[INFO] [1789417995.412795585] [acados_nmpc_node]: [attach-window] t=83.10s pos_err=0.076m T=23.43N z=5.223 m_est=2.218
[INFO] [1789417995.468103735] [acados_nmpc_node]: [attach-window] t=83.16s pos_err=0.079m T=23.38N z=5.220 m_est=2.218
[INFO] [1789417995.479475616] [acados_nmpc_node]: [wcmd] raw=[-0.001,+0.079,+0.611] w=[+0.059,+0.001,+1.043] err=[-0.060,+0.078] scaled=[-0.134,+0.252] s=3.21
[INFO] [1789417995.512556141] [acados_nmpc_node]: [attach-window] t=83.20s pos_err=0.075m T=23.37N z=5.214 m_est=2.218
[INFO] [1789417995.568689928] [acados_nmpc_node]: [attach-window] t=83.26s pos_err=0.081m T=23.41N z=5.211 m_est=2.218
[INFO] [1789417995.612799931] [acados_nmpc_node]: [attach-window] t=83.30s pos_err=0.072m T=23.30N z=5.207 m_est=2.218
[INFO] [1789417995.668239338] [acados_nmpc_node]: [attach-window] t=83.36s pos_err=0.090m T=23.28N z=5.205 m_est=2.218
[INFO] [1789417995.679517825] [acados_nmpc_node]: [wcmd] raw=[-0.068,+0.055,+0.353] w=[+0.009,-0.033,+0.768] err=[-0.076,+0.088] scaled=[-0.236,+0.250] s=3.21
[INFO] [1789417995.712568234] [acados_nmpc_node]: [attach-window] t=83.40s pos_err=0.071m T=23.17N z=5.201 m_est=2.218
[INFO] [1789417995.768939803] [acados_nmpc_node]: [attach-window] t=83.46s pos_err=0.089m T=23.21N z=5.199 m_est=2.218
[INFO] [1789417995.809297048] [acados_nmpc_node]: [payload-health] healthy/fresh; model updates enabled
[INFO] [1789417995.812617216] [acados_nmpc_node]: [attach-window] t=83.50s pos_err=0.070m T=22.92N z=5.197 m_est=2.201
[INFO] [1789417995.867859946] [acados_nmpc_node]: [attach-window] t=83.56s pos_err=0.087m T=22.81N z=5.195 m_est=2.187
[INFO] [1789417995.879487837] [acados_nmpc_node]: [wcmd] raw=[-0.059,-0.010,+0.186] w=[-0.054,-0.064,+0.487] err=[-0.004,+0.054] scaled=[-0.068,+0.108] s=3.16
[WARN] [1789417995.909369759] [acados_nmpc_node]: [payload-health] unhealthy/stale; holding model and confidence timer (mhe_healthy=False, solution_age=0.099s, rx_age=infs)
[INFO] [1789417995.912355101] [acados_nmpc_node]: [attach-window] t=83.60s pos_err=0.069m T=22.78N z=5.193 m_est=2.187
[INFO] [1789417995.968284854] [acados_nmpc_node]: [attach-window] t=83.66s pos_err=0.099m T=22.93N z=5.191 m_est=2.187
[INFO] [1789417996.011807570] [acados_nmpc_node]: [attach-window] t=83.70s pos_err=0.074m T=22.96N z=5.188 m_est=2.187
[INFO] [1789417996.067887192] [acados_nmpc_node]: [attach-window] t=83.76s pos_err=0.097m T=23.06N z=5.186 m_est=2.187
[INFO] [1789417996.079522233] [acados_nmpc_node]: [wcmd] raw=[-0.022,-0.004,+0.128] w=[-0.030,-0.074,+0.295] err=[+0.008,+0.070] scaled=[-0.005,+0.140] s=3.04
[INFO] [1789417996.111730288] [acados_nmpc_node]: [attach-window] t=83.80s pos_err=0.074m T=23.09N z=5.182 m_est=2.187
[INFO] [1789417996.168117992] [acados_nmpc_node]: [attach-window] t=83.86s pos_err=0.112m T=23.24N z=5.179 m_est=2.187
[INFO] [1789417996.211770398] [acados_nmpc_node]: [attach-window] t=83.90s pos_err=0.083m T=23.23N z=5.175 m_est=2.187
[INFO] [1789417996.265484780] [acados_nmpc_node]: [attach-window] t=83.95s pos_err=0.124m T=23.33N z=5.172 m_est=2.187
[INFO] [1789417996.279530495] [acados_nmpc_node]: [wcmd] raw=[-0.011,+0.036,+0.140] w=[+0.004,-0.067,+0.178] err=[-0.016,+0.103] scaled=[-0.042,+0.237] s=2.95
[INFO] [1789417996.311738019] [acados_nmpc_node]: [attach-window] t=84.00s pos_err=0.083m T=23.27N z=5.167 m_est=2.187
[INFO] [1789417996.367911605] [acados_nmpc_node]: [attach-window] t=84.06s pos_err=0.126m T=23.39N z=5.164 m_est=2.187
[INFO] [1789417996.409247414] [acados_nmpc_node]: [payload-health] healthy/fresh; model updates enabled
[INFO] [1789417996.411950889] [acados_nmpc_node]: [attach-window] t=84.10s pos_err=0.092m T=23.15N z=5.159 m_est=2.171
[INFO] [1789417996.467900933] [acados_nmpc_node]: [attach-window] t=84.16s pos_err=0.123m T=23.10N z=5.156 m_est=2.159
[INFO] [1789417996.479532672] [acados_nmpc_node]: [wcmd] raw=[+0.014,-0.043,+0.187] w=[+0.013,-0.091,+0.119] err=[+0.001,+0.048] scaled=[+0.017,+0.046] s=2.85
[INFO] [1789417996.511794687] [acados_nmpc_node]: [attach-window] t=84.20s pos_err=0.089m T=22.93N z=5.152 m_est=2.145
[INFO] [1789417996.567714436] [acados_nmpc_node]: [attach-window] t=84.26s pos_err=0.135m T=22.98N z=5.149 m_est=2.135
[INFO] [1789417996.611829793] [acados_nmpc_node]: [attach-window] t=84.30s pos_err=0.098m T=22.94N z=5.144 m_est=2.124
[INFO] [1789417996.665066632] [acados_nmpc_node]: [attach-window] t=84.35s pos_err=0.146m T=22.98N z=5.142 m_est=2.114
[INFO] [1789417996.679505173] [acados_nmpc_node]: [wcmd] raw=[+0.014,+0.055,+0.258] w=[+0.034,-0.084,+0.143] err=[-0.020,+0.139] scaled=[-0.018,+0.274] s=2.58
[INFO] [1789417996.711773905] [acados_nmpc_node]: [attach-window] t=84.40s pos_err=0.096m T=22.99N z=5.135 m_est=2.107
[INFO] [1789417996.765112339] [acados_nmpc_node]: [attach-window] t=84.45s pos_err=0.142m T=23.11N z=5.132 m_est=2.101
[WARN] [1789417996.809251789] [acados_nmpc_node]: [payload-health] unhealthy/stale; holding model and confidence timer (mhe_healthy=False, solution_age=0.115s, rx_age=infs)
[INFO] [1789417996.811336651] [acados_nmpc_node]: [attach-window] t=84.50s pos_err=0.109m T=23.19N z=5.126 m_est=2.101
[INFO] [1789417996.867643067] [acados_nmpc_node]: [attach-window] t=84.56s pos_err=0.144m T=23.38N z=5.121 m_est=2.101
[INFO] [1789417996.879476441] [acados_nmpc_node]: [wcmd] raw=[-0.004,-0.069,+0.310] w=[+0.028,-0.069,+0.192] err=[-0.032,-0.000] scaled=[-0.045,-0.069] s=2.28
[INFO] [1789417996.911928393] [acados_nmpc_node]: [attach-window] t=84.60s pos_err=0.110m T=23.45N z=5.115 m_est=2.101
[INFO] [1789417996.967582498] [acados_nmpc_node]: [attach-window] t=84.66s pos_err=0.160m T=23.61N z=5.111 m_est=2.101
[INFO] [1789417997.011932510] [acados_nmpc_node]: [attach-window] t=84.70s pos_err=0.113m T=23.60N z=5.104 m_est=2.101
[INFO] [1789417997.067482727] [acados_nmpc_node]: [attach-window] t=84.76s pos_err=0.160m T=23.71N z=5.101 m_est=2.101
[INFO] [1789417997.079512069] [acados_nmpc_node]: [wcmd] raw=[-0.038,-0.010,+0.347] w=[-0.003,-0.129,+0.222] err=[-0.035,+0.119] scaled=[-0.074,+0.113] s=2.04
[INFO] [1789417997.109230218] [acados_nmpc_node]: [payload-health] healthy/fresh; model updates enabled
[INFO] [1789417997.112283742] [acados_nmpc_node]: [attach-window] t=84.80s pos_err=0.128m T=23.70N z=5.095 m_est=2.105
[INFO] [1789417997.167556397] [acados_nmpc_node]: [attach-window] t=84.86s pos_err=0.177m T=23.94N z=5.092 m_est=2.123
[WARN] [1789417997.209307683] [acados_nmpc_node]: t=84.9s | UNCOMMANDED LOSS injected: physical release via /gripper/release; no release command issued
[INFO] [1789417997.212321143] [acados_nmpc_node]: [attach-window] t=84.90s pos_err=0.131m T=24.03N z=5.087 m_est=2.137
[INFO] [1789417997.268984746] [acados_nmpc_node]: [attach-window] t=84.96s pos_err=0.197m T=24.19N z=5.085 m_est=2.159
[INFO] [1789417997.279511257] [acados_nmpc_node]: [wcmd] raw=[-0.032,+0.108,+0.378] w=[-0.341,+0.186,+0.303] err=[+0.309,-0.078] scaled=[+0.279,+0.030] s=2.01
[INFO] [1789417997.312170742] [acados_nmpc_node]: [attach-window] t=85.00s pos_err=0.142m T=22.89N z=5.087 m_est=2.176
[INFO] [1789417997.367960305] [acados_nmpc_node]: [attach-window] t=85.06s pos_err=0.188m T=22.48N z=5.091 m_est=2.196
[INFO] [1789417997.412372399] [acados_nmpc_node]: [attach-window] t=85.10s pos_err=0.141m T=21.13N z=5.104 m_est=2.212
[INFO] [1789417997.468059992] [acados_nmpc_node]: [attach-window] t=85.16s pos_err=0.191m T=20.81N z=5.114 m_est=2.229
[INFO] [1789417997.479514303] [acados_nmpc_node]: [wcmd] raw=[+0.236,-0.053,+0.379] w=[+0.237,-0.040,+0.329] err=[-0.001,-0.012] scaled=[+0.234,-0.069] s=2.31
[INFO] [1789417997.512564012] [acados_nmpc_node]: [attach-window] t=85.20s pos_err=0.119m T=19.86N z=5.139 m_est=2.243
[INFO] [1789417997.568069890] [acados_nmpc_node]: [attach-window] t=85.26s pos_err=0.172m T=19.75N z=5.151 m_est=2.256
[INFO] [1789417997.612824796] [acados_nmpc_node]: [attach-window] t=85.30s pos_err=0.122m T=19.11N z=5.177 m_est=2.266
[INFO] [1789417997.667965447] [acados_nmpc_node]: [attach-window] t=85.36s pos_err=0.180m T=19.04N z=5.190 m_est=2.275
[INFO] [1789417997.679581677] [acados_nmpc_node]: [wcmd] raw=[+0.149,-0.065,+0.383] w=[+0.162,-0.009,+0.334] err=[-0.013,-0.057] scaled=[+0.127,-0.166] s=2.78
[INFO] [1789417997.712451300] [acados_nmpc_node]: [attach-window] t=85.40s pos_err=0.120m T=18.86N z=5.218 m_est=2.282
[INFO] [1789417997.768011028] [acados_nmpc_node]: [attach-window] t=85.46s pos_err=0.176m T=18.93N z=5.230 m_est=2.287
[INFO] [1789417997.812790482] [acados_nmpc_node]: [attach-window] t=85.50s pos_err=0.141m T=18.43N z=5.253 m_est=2.291
[INFO] [1789417997.865893561] [acados_nmpc_node]: [attach-window] t=85.55s pos_err=0.190m T=18.62N z=5.263 m_est=2.291
[INFO] [1789417997.879509990] [acados_nmpc_node]: [wcmd] raw=[+0.033,-0.016,+0.403] w=[+0.040,+0.137,+0.336] err=[-0.007,-0.152] scaled=[+0.018,-0.353] s=3.21
[INFO] [1789417997.911560762] [acados_nmpc_node]: [attach-window] t=85.60s pos_err=0.151m T=18.78N z=5.285 m_est=2.292
[INFO] [1789417997.995199373] [acados_nmpc_node]: [attach-window] t=85.65s pos_err=0.192m T=18.84N z=5.294 m_est=2.290
[INFO] [1789417998.037969841] [acados_nmpc_node]: [attach-window] t=85.70s pos_err=0.169m T=18.79N z=5.309 m_est=2.288
[INFO] [1789417998.065327809] [acados_nmpc_node]: [attach-window] t=85.75s pos_err=0.194m T=18.68N z=5.318 m_est=2.282
[INFO] [1789417998.099659448] [acados_nmpc_node]: [wcmd] raw=[-0.039,+0.043,+0.453] w=[-0.011,+0.283,+0.350] err=[-0.028,-0.240] scaled=[-0.111,-0.567] s=3.54
[INFO] [1789417998.111547886] [acados_nmpc_node]: [attach-window] t=85.80s pos_err=0.174m T=19.15N z=5.330 m_est=2.277
[INFO] [1789417998.165297816] [acados_nmpc_node]: [attach-window] t=85.85s pos_err=0.207m T=19.06N z=5.336 m_est=2.269
[INFO] [1789417998.214765633] [acados_nmpc_node]: [attach-window] t=85.90s pos_err=0.186m T=17.38N z=5.346 m_est=2.262
[INFO] [1789417998.265671907] [acados_nmpc_node]: [attach-window] t=85.95s pos_err=0.219m T=18.56N z=5.352 m_est=2.251
[INFO] [1789417998.299503655] [acados_nmpc_node]: [wcmd] raw=[-0.067,+0.247,+0.530] w=[-0.107,+1.124,+0.382] err=[+0.040,-0.876] scaled=[+0.031,-1.900] s=3.63
[INFO] [1789417998.311545662] [acados_nmpc_node]: [attach-window] t=86.00s pos_err=0.191m T=17.75N z=5.364 m_est=2.242
[INFO] [1789417998.366063106] [acados_nmpc_node]: [attach-window] t=86.05s pos_err=0.220m T=15.74N z=5.370 m_est=2.228
[INFO] [1789417998.366421815] [acados_nmpc_node]: t=86.1s | pos_err=0.220m | T=15.74N | tau=[r-0.149 p0.500 y0.066]Nm | res_stat=1.223e-07(peak 1.311e-02) sqp_iter=7 | solve=2.7ms
[INFO] [1789417998.366573974] [acados_nmpc_node]: [flight-diag] t=86.1s | om_scale=3.622(lo 1.970 hi 3.630) | tilt_max=14.92deg | w_max=[r1.087 p0.967 y1.266]rad/s | u_frac=[T0.824 r1.000 p1.000 y1.000] | u_sat=[T0.0 r9.0 p25.0 y23.0]% | mot_peak=1.000 mot_sat=1.8% | health=1 age=0.000s conf=0.000 | n=100
[INFO] [1789417998.411813731] [acados_nmpc_node]: [attach-window] t=86.10s pos_err=0.204m T=18.32N z=5.381 m_est=2.217
[INFO] [1789417998.467437903] [acados_nmpc_node]: [attach-window] t=86.15s pos_err=0.234m T=18.51N z=5.385 m_est=2.201
[INFO] [1789417998.499423775] [acados_nmpc_node]: [wcmd] raw=[-0.029,+0.238,+0.626] w=[-0.132,-0.136,+0.432] err=[+0.103,+0.374] scaled=[+0.227,+1.173] s=3.50
[INFO] [1789417998.512216658] [acados_nmpc_node]: [attach-window] t=86.20s pos_err=0.207m T=18.47N z=5.392 m_est=2.188
[INFO] [1789417998.572382013] [acados_nmpc_node]: [attach-window] t=86.26s pos_err=0.235m T=18.82N z=5.394 m_est=2.177
[INFO] [1789417998.612855622] [acados_nmpc_node]: [attach-window] t=86.30s pos_err=0.215m T=19.12N z=5.397 m_est=2.164
[INFO] [1789417998.668350437] [acados_nmpc_node]: [attach-window] t=86.36s pos_err=0.244m T=19.17N z=5.399 m_est=2.153
[INFO] [1789417998.699485837] [acados_nmpc_node]: [wcmd] raw=[-0.076,+0.001,+0.742] w=[-0.104,-0.901,+0.509] err=[+0.028,+0.902] scaled=[-0.016,+1.900] s=3.20
[INFO] [1789417998.712618001] [acados_nmpc_node]: [attach-window] t=86.40s pos_err=0.213m T=19.08N z=5.402 m_est=2.141
[INFO] [1789417998.768020968] [acados_nmpc_node]: [attach-window] t=86.46s pos_err=0.240m T=19.22N z=5.403 m_est=2.129
[INFO] [1789417998.812905039] [acados_nmpc_node]: [attach-window] t=86.50s pos_err=0.219m T=18.81N z=5.406 m_est=2.120
[INFO] [1789417998.890581634] [acados_nmpc_node]: [attach-window] t=86.56s pos_err=0.244m T=17.82N z=5.408 m_est=2.111
[INFO] [1789417998.913045044] [acados_nmpc_node]: [attach-window] t=86.60s pos_err=0.213m T=19.38N z=5.411 m_est=2.104
[INFO] [1789417998.919518211] [acados_nmpc_node]: [wcmd] raw=[+0.101,-0.174,+0.825] w=[-0.636,+1.316,+0.645] err=[+0.737,-1.490] scaled=[+0.955,-1.900] s=2.87
[INFO] [1789417998.968271645] [acados_nmpc_node]: [attach-window] t=86.66s pos_err=0.233m T=19.85N z=5.412 m_est=2.098
[INFO] [1789417999.012761389] [acados_nmpc_node]: [attach-window] t=86.70s pos_err=0.210m T=19.46N z=5.411 m_est=2.093
[INFO] [1789417999.068045237] [acados_nmpc_node]: [attach-window] t=86.76s pos_err=0.227m T=19.59N z=5.410 m_est=2.088
[INFO] [1789417999.112306734] [acados_nmpc_node]: [attach-window] t=86.80s pos_err=0.197m T=19.96N z=5.409 m_est=2.084
[INFO] [1789417999.119472424] [acados_nmpc_node]: [wcmd] raw=[+0.020,-0.366,+0.923] w=[-0.451,+0.952,+0.782] err=[+0.470,-1.318] scaled=[+0.567,-1.900] s=2.57
[INFO] [1789417999.167707543] [acados_nmpc_node]: [attach-window] t=86.86s pos_err=0.208m T=20.03N z=5.409 m_est=2.081
[INFO] [1789417999.212956238] [acados_nmpc_node]: [attach-window] t=86.90s pos_err=0.189m T=19.21N z=5.409 m_est=2.078
[INFO] [1789417999.268127557] [acados_nmpc_node]: [attach-window] t=86.96s pos_err=0.197m T=19.55N z=5.410 m_est=2.076
[INFO] [1789417999.312303533] [acados_nmpc_node]: [attach-window] t=87.00s pos_err=0.180m T=19.90N z=5.413 m_est=2.074
[INFO] [1789417999.319462528] [acados_nmpc_node]: [wcmd] raw=[+0.006,-0.312,+0.978] w=[-0.370,+1.082,+0.897] err=[+0.376,-1.394] scaled=[+0.434,-1.900] s=2.27
[INFO] [1789417999.367822417] [acados_nmpc_node]: [attach-window] t=87.06s pos_err=0.181m T=20.00N z=5.415 m_est=2.072
[INFO] [1789417999.412571884] [acados_nmpc_node]: [attach-window] t=87.10s pos_err=0.172m T=19.52N z=5.419 m_est=2.071
[INFO] [1789417999.468000251] [acados_nmpc_node]: [attach-window] t=87.16s pos_err=0.170m T=19.70N z=5.422 m_est=2.070
[INFO] [1789417999.512238302] [acados_nmpc_node]: [attach-window] t=87.20s pos_err=0.166m T=19.72N z=5.429 m_est=2.069
[INFO] [1789417999.519460480] [acados_nmpc_node]: [wcmd] raw=[+0.016,-0.195,+0.975] w=[-0.169,+0.830,+0.977] err=[+0.186,-1.025] scaled=[+0.197,-1.194] s=1.97
[INFO] [1789417999.567452446] [acados_nmpc_node]: [attach-window] t=87.26s pos_err=0.157m T=19.91N z=5.432 m_est=2.068
[INFO] [1789417999.612263129] [acados_nmpc_node]: [attach-window] t=87.30s pos_err=0.157m T=19.81N z=5.439 m_est=2.067
[INFO] [1789417999.667584457] [acados_nmpc_node]: [attach-window] t=87.36s pos_err=0.146m T=19.93N z=5.442 m_est=2.067
[INFO] [1789417999.712295756] [acados_nmpc_node]: [attach-window] t=87.40s pos_err=0.154m T=19.97N z=5.449 m_est=2.066
[INFO] [1789417999.719511679] [acados_nmpc_node]: [wcmd] raw=[+0.026,-0.117,+0.900] w=[-0.060,+0.402,+1.005] err=[+0.085,-0.520] scaled=[+0.084,-0.472] s=1.68
[INFO] [1789417999.767815297] [acados_nmpc_node]: [attach-window] t=87.46s pos_err=0.136m T=20.23N z=5.452 m_est=2.066
[INFO] [1789417999.812155560] [acados_nmpc_node]: [attach-window] t=87.50s pos_err=0.145m T=20.21N z=5.458 m_est=2.066
[INFO] [1789417999.867519168] [acados_nmpc_node]: [attach-window] t=87.56s pos_err=0.124m T=20.41N z=5.461 m_est=2.066
[INFO] [1789417999.912289744] [acados_nmpc_node]: [attach-window] t=87.60s pos_err=0.145m T=20.38N z=5.468 m_est=2.065
[INFO] [1789417999.919450224] [acados_nmpc_node]: [wcmd] raw=[+0.038,-0.114,+0.764] w=[-0.011,+0.049,+0.975] err=[+0.048,-0.163] scaled=[+0.060,-0.188] s=1.46
[INFO] [1789417999.967673582] [acados_nmpc_node]: [attach-window] t=87.66s pos_err=0.116m T=20.62N z=5.471 m_est=2.065
[INFO] [1789418000.012148177] [acados_nmpc_node]: [attach-window] t=87.70s pos_err=0.135m T=20.51N z=5.478 m_est=2.065
[INFO] [1789418000.067400853] [acados_nmpc_node]: [attach-window] t=87.76s pos_err=0.103m T=20.70N z=5.481 m_est=2.065
[INFO] [1789418000.112258934] [acados_nmpc_node]: [attach-window] t=87.80s pos_err=0.137m T=20.48N z=5.490 m_est=2.065
[INFO] [1789418000.119449095] [acados_nmpc_node]: [wcmd] raw=[+0.014,-0.128,+0.591] w=[+0.014,-0.051,+0.882] err=[-0.000,-0.077] scaled=[+0.014,-0.152] s=1.31
[INFO] [1789418000.167705033] [acados_nmpc_node]: [attach-window] t=87.86s pos_err=0.099m T=20.67N z=5.494 m_est=2.065
[INFO] [1789418000.212268785] [acados_nmpc_node]: [attach-window] t=87.90s pos_err=0.142m T=20.36N z=5.505 m_est=2.065
[INFO] [1789418000.267718034] [acados_nmpc_node]: [attach-window] t=87.96s pos_err=0.097m T=20.55N z=5.510 m_est=2.065
[INFO] [1789418000.312289818] [acados_nmpc_node]: [attach-window] t=88.00s pos_err=0.132m T=20.33N z=5.521 m_est=2.065
[INFO] [1789418000.319512581] [acados_nmpc_node]: [wcmd] raw=[-0.002,-0.101,+0.415] w=[+0.015,-0.137,+0.738] err=[-0.017,+0.037] scaled=[-0.006,-0.093] s=1.21
[INFO] [1789418000.367844647] [acados_nmpc_node]: [attach-window] t=88.06s pos_err=0.084m T=20.51N z=5.527 m_est=2.064
[INFO] [1789418000.412434019] [acados_nmpc_node]: [attach-window] t=88.10s pos_err=0.138m T=20.23N z=5.540 m_est=2.064
[INFO] [1789418000.468259734] [acados_nmpc_node]: [attach-window] t=88.16s pos_err=0.069m T=20.50N z=5.544 m_est=2.064
[INFO] [1789418000.512249828] [acados_nmpc_node]: [attach-window] t=88.20s pos_err=0.125m T=20.21N z=5.558 m_est=2.064
[INFO] [1789418000.519473565] [acados_nmpc_node]: [wcmd] raw=[-0.000,-0.090,+0.268] w=[-0.003,-0.064,+0.565] err=[+0.003,-0.026] scaled=[+0.000,-0.093] s=1.14
[INFO] [1789418000.567802316] [acados_nmpc_node]: [attach-window] t=88.26s pos_err=0.069m T=20.40N z=5.564 m_est=2.064
[INFO] [1789418000.612284213] [acados_nmpc_node]: [attach-window] t=88.30s pos_err=0.111m T=20.18N z=5.577 m_est=2.064
[INFO] [1789418000.667407569] [acados_nmpc_node]: [attach-window] t=88.36s pos_err=0.053m T=20.40N z=5.583 m_est=2.064
[INFO] [1789418000.711997112] [acados_nmpc_node]: [attach-window] t=88.40s pos_err=0.117m T=20.08N z=5.598 m_est=2.064
[INFO] [1789418000.719512770] [acados_nmpc_node]: [wcmd] raw=[+0.013,-0.165,+0.162] w=[+0.005,-0.027,+0.393] err=[+0.009,-0.138] scaled=[+0.014,-0.178] s=1.09
[INFO] [1789418000.767335135] [acados_nmpc_node]: [attach-window] t=88.46s pos_err=0.055m T=20.33N z=5.605 m_est=2.064
[INFO] [1789418000.811918959] [acados_nmpc_node]: [attach-window] t=88.50s pos_err=0.103m T=20.08N z=5.619 m_est=2.064
[INFO] [1789418000.867519986] [acados_nmpc_node]: [attach-window] t=88.56s pos_err=0.060m T=20.25N z=5.627 m_est=2.064
[INFO] [1789418000.912026001] [acados_nmpc_node]: [attach-window] t=88.60s pos_err=0.110m T=20.01N z=5.641 m_est=2.064
[INFO] [1789418000.919457743] [acados_nmpc_node]: [wcmd] raw=[+0.019,-0.174,+0.104] w=[+0.013,-0.104,+0.255] err=[+0.006,-0.070] scaled=[+0.019,-0.178] s=1.06
[INFO] [1789418000.967921420] [acados_nmpc_node]: [attach-window] t=88.66s pos_err=0.045m T=20.31N z=5.648 m_est=2.064
[INFO] [1789418001.012069721] [acados_nmpc_node]: [attach-window] t=88.70s pos_err=0.096m T=20.10N z=5.661 m_est=2.064
[INFO] [1789418001.067823590] [acados_nmpc_node]: [attach-window] t=88.76s pos_err=0.035m T=20.36N z=5.668 m_est=2.064
[INFO] [1789418001.111992511] [acados_nmpc_node]: [attach-window] t=88.80s pos_err=0.104m T=20.04N z=5.684 m_est=2.064
[INFO] [1789418001.119508391] [acados_nmpc_node]: [wcmd] raw=[+0.025,-0.162,+0.083] w=[+0.011,-0.063,+0.154] err=[+0.014,-0.099] scaled=[+0.026,-0.166] s=1.04
[INFO] [1789418001.167314163] [acados_nmpc_node]: [attach-window] t=88.86s pos_err=0.042m T=20.31N z=5.690 m_est=2.064
[INFO] [1789418001.211750648] [acados_nmpc_node]: [attach-window] t=88.90s pos_err=0.090m T=20.05N z=5.704 m_est=2.064
[INFO] [1789418001.267384155] [acados_nmpc_node]: [attach-window] t=88.96s pos_err=0.041m T=20.32N z=5.712 m_est=2.064
[INFO] [1789418001.311769715] [acados_nmpc_node]: [attach-window] t=89.00s pos_err=0.101m T=19.95N z=5.728 m_est=2.064
[INFO] [1789418001.319541479] [acados_nmpc_node]: [wcmd] raw=[+0.038,-0.212,+0.086] w=[+0.016,-0.088,+0.096] err=[+0.022,-0.124] scaled=[+0.039,-0.215] s=1.03
[INFO] [1789418001.367761875] [acados_nmpc_node]: [attach-window] t=89.06s pos_err=0.048m T=20.24N z=5.735 m_est=2.064
[INFO] [1789418001.411888394] [acados_nmpc_node]: [attach-window] t=89.10s pos_err=0.088m T=19.96N z=5.750 m_est=2.064
[INFO] [1789418001.467880013] [acados_nmpc_node]: [attach-window] t=89.16s pos_err=0.053m T=20.24N z=5.757 m_est=2.064
[INFO] [1789418001.512043727] [acados_nmpc_node]: [attach-window] t=89.20s pos_err=0.098m T=19.88N z=5.774 m_est=2.064
[INFO] [1789418001.519545789] [acados_nmpc_node]: [wcmd] raw=[+0.055,-0.213,+0.096] w=[+0.029,-0.128,+0.074] err=[+0.027,-0.085] scaled=[+0.056,-0.214] s=1.02
[INFO] [1789418001.567886744] [acados_nmpc_node]: [attach-window] t=89.26s pos_err=0.057m T=20.17N z=5.781 m_est=2.064
[INFO] [1789418001.611988456] [acados_nmpc_node]: [attach-window] t=89.30s pos_err=0.086m T=19.92N z=5.795 m_est=2.064
[INFO] [1789418001.668053488] [acados_nmpc_node]: [attach-window] t=89.36s pos_err=0.067m T=20.19N z=5.802 m_est=2.064
[INFO] [1789418001.711956087] [acados_nmpc_node]: [attach-window] t=89.40s pos_err=0.094m T=19.88N z=5.818 m_est=2.064
[INFO] [1789418001.719592650] [acados_nmpc_node]: [wcmd] raw=[+0.058,-0.189,+0.101] w=[+0.047,-0.111,+0.070] err=[+0.011,-0.078] scaled=[+0.058,-0.190] s=1.01
[INFO] [1789418001.768145493] [acados_nmpc_node]: [attach-window] t=89.46s pos_err=0.068m T=20.16N z=5.825 m_est=2.064
[INFO] [1789418001.811876108] [acados_nmpc_node]: [attach-window] t=89.50s pos_err=0.083m T=19.94N z=5.839 m_est=2.064
[INFO] [1789418001.867735253] [acados_nmpc_node]: [attach-window] t=89.56s pos_err=0.080m T=20.20N z=5.846 m_est=2.064
[INFO] [1789418001.911994045] [acados_nmpc_node]: [attach-window] t=89.60s pos_err=0.089m T=19.88N z=5.861 m_est=2.064
[INFO] [1789418001.919477095] [acados_nmpc_node]: [wcmd] raw=[+0.048,-0.204,+0.094] w=[+0.045,-0.110,+0.074] err=[+0.003,-0.094] scaled=[+0.048,-0.205] s=1.01
[INFO] [1789418001.967333743] [acados_nmpc_node]: [attach-window] t=89.66s pos_err=0.079m T=20.16N z=5.868 m_est=2.064
[INFO] [1789418002.011732516] [acados_nmpc_node]: [attach-window] t=89.70s pos_err=0.078m T=19.93N z=5.882 m_est=2.064
[INFO] [1789418002.067380805] [acados_nmpc_node]: [attach-window] t=89.76s pos_err=0.078m T=20.11N z=5.890 m_est=2.064
[INFO] [1789418002.111698620] [acados_nmpc_node]: [attach-window] t=89.80s pos_err=0.081m T=19.88N z=5.904 m_est=2.064
[INFO] [1789418002.119543711] [acados_nmpc_node]: [wcmd] raw=[+0.055,-0.211,+0.076] w=[+0.046,-0.134,+0.077] err=[+0.010,-0.077] scaled=[+0.056,-0.211] s=1.01
[INFO] [1789418002.167720275] [acados_nmpc_node]: [attach-window] t=89.86s pos_err=0.091m T=20.17N z=5.911 m_est=2.064
[INFO] [1789418002.211842249] [acados_nmpc_node]: [attach-window] t=89.90s pos_err=0.085m T=19.87N z=5.926 m_est=2.064
[INFO] [1789418002.267508628] [acados_nmpc_node]: [attach-window] t=89.96s pos_err=0.087m T=20.13N z=5.932 m_est=2.064
[INFO] [1789418002.311810409] [acados_nmpc_node]: [attach-window] t=90.00s pos_err=0.076m T=19.92N z=5.946 m_est=2.064
[INFO] [1789418002.319518739] [acados_nmpc_node]: [wcmd] raw=[+0.040,-0.151,+0.047] w=[+0.058,-0.183,+0.067] err=[-0.017,+0.032] scaled=[+0.040,-0.151] s=1.00
[INFO] [1789418002.367737446] [acados_nmpc_node]: [attach-window] t=90.06s pos_err=0.102m T=20.14N z=5.953 m_est=2.064
[INFO] [1789418002.411754372] [acados_nmpc_node]: [attach-window] t=90.10s pos_err=0.072m T=19.98N z=5.966 m_est=2.064
[INFO] [1789418002.467497138] [acados_nmpc_node]: [attach-window] t=90.16s pos_err=0.119m T=20.17N z=5.973 m_est=2.064
[INFO] [1789418002.511764692] [acados_nmpc_node]: [attach-window] t=90.20s pos_err=0.073m T=19.92N z=5.988 m_est=2.064
[INFO] [1789418002.519530786] [acados_nmpc_node]: [wcmd] raw=[+0.026,-0.188,+0.014] w=[+0.039,-0.061,+0.048] err=[-0.013,-0.127] scaled=[+0.026,-0.188] s=1.00
[INFO] [1789418002.567973276] [acados_nmpc_node]: [attach-window] t=90.26s pos_err=0.114m T=20.15N z=5.994 m_est=2.064
[INFO] [1789418002.611134570] [acados_nmpc_node]: [attach-window] t=90.30s pos_err=0.074m T=19.94N z=6.008 m_est=2.064
[INFO] [1789418002.665305376] [acados_nmpc_node]: [attach-window] t=90.35s pos_err=0.128m T=20.13N z=6.015 m_est=2.064
[INFO] [1789418002.711863399] [acados_nmpc_node]: [attach-window] t=90.40s pos_err=0.074m T=19.85N z=6.030 m_est=2.064
[INFO] [1789418002.719538892] [acados_nmpc_node]: [wcmd] raw=[+0.024,-0.250,-0.020] w=[+0.035,-0.128,+0.021] err=[-0.011,-0.122] scaled=[+0.024,-0.250] s=1.00
[INFO] [1789418002.765220855] [acados_nmpc_node]: [attach-window] t=90.45s pos_err=0.121m T=20.07N z=6.037 m_est=2.064
[INFO] [1789418002.811826440] [acados_nmpc_node]: [attach-window] t=90.50s pos_err=0.079m T=19.88N z=6.051 m_est=2.064
[INFO] [1789418002.867773990] [acados_nmpc_node]: [attach-window] t=90.56s pos_err=0.145m T=20.09N z=6.058 m_est=2.064
[INFO] [1789418002.912020464] [acados_nmpc_node]: [attach-window] t=90.60s pos_err=0.077m T=19.85N z=6.073 m_est=2.064
[INFO] [1789418002.919516927] [acados_nmpc_node]: [wcmd] raw=[+0.029,-0.233,-0.051] w=[+0.040,-0.146,-0.011] err=[-0.011,-0.087] scaled=[+0.029,-0.233] s=1.00
[INFO] [1789418002.967735925] [acados_nmpc_node]: [attach-window] t=90.66s pos_err=0.136m T=20.05N z=6.080 m_est=2.064
[INFO] [1789418003.011979388] [acados_nmpc_node]: [attach-window] t=90.70s pos_err=0.085m T=19.89N z=6.094 m_est=2.064
[INFO] [1789418003.067525746] [acados_nmpc_node]: [attach-window] t=90.76s pos_err=0.154m T=20.06N z=6.101 m_est=2.064
[INFO] [1789418003.111968649] [acados_nmpc_node]: [attach-window] t=90.80s pos_err=0.083m T=19.89N z=6.116 m_est=2.064
[INFO] [1789418003.119587355] [acados_nmpc_node]: [wcmd] raw=[+0.021,-0.195,-0.080] w=[+0.047,-0.113,-0.043] err=[-0.027,-0.082] scaled=[+0.021,-0.195] s=1.00
[INFO] [1789418003.167390517] [acados_nmpc_node]: [attach-window] t=90.86s pos_err=0.147m T=20.06N z=6.123 m_est=2.064
[INFO] [1789418003.211963098] [acados_nmpc_node]: [attach-window] t=90.90s pos_err=0.095m T=19.95N z=6.136 m_est=2.064
[INFO] [1789418003.267405060] [acados_nmpc_node]: [attach-window] t=90.96s pos_err=0.166m T=20.09N z=6.143 m_est=2.064
[INFO] [1789418003.311948822] [acados_nmpc_node]: [attach-window] t=91.00s pos_err=0.092m T=19.95N z=6.158 m_est=2.064
[INFO] [1789418003.319527509] [acados_nmpc_node]: [wcmd] raw=[+0.015,-0.183,-0.107] w=[+0.037,-0.089,-0.076] err=[-0.023,-0.094] scaled=[+0.015,-0.183] s=1.00
[INFO] [1789418003.368085625] [acados_nmpc_node]: [attach-window] t=91.06s pos_err=0.160m T=20.09N z=6.164 m_est=2.064
[INFO] [1789418003.368576892] [acados_nmpc_node]: t=91.1s | pos_err=0.160m | T=20.09N | tau=[r0.009 p0.120 y-0.016]Nm | res_stat=1.632e-07(peak 1.311e-02) sqp_iter=6 | solve=2.4ms
[INFO] [1789418003.368785465] [acados_nmpc_node]: [flight-diag] t=91.1s | om_scale=1.000(lo 1.000 hi 3.592) | tilt_max=10.15deg | w_max=[r0.737 p1.565 y1.005]rad/s | u_frac=[T0.660 r0.650 p1.000 y0.649] | u_sat=[T0.0 r0.0 p10.0 y0.0]% | mot_peak=1.000 mot_sat=3.3% | health=1 age=0.000s conf=0.000 | n=100
[INFO] [1789418003.412055590] [acados_nmpc_node]: [attach-window] t=91.10s pos_err=0.089m T=19.93N z=6.179 m_est=2.064
[INFO] [1789418003.467918956] [acados_nmpc_node]: [attach-window] t=91.16s pos_err=0.178m T=20.12N z=6.183 m_est=2.064
[INFO] [1789418003.512058428] [acados_nmpc_node]: [attach-window] t=91.20s pos_err=0.101m T=19.99N z=6.198 m_est=2.064
[INFO] [1789418003.519513950] [acados_nmpc_node]: [wcmd] raw=[+0.029,-0.153,-0.134] w=[+0.033,-0.173,-0.105] err=[-0.004,+0.020] scaled=[+0.029,-0.153] s=1.00
[INFO] [1789418003.567849777] [acados_nmpc_node]: [attach-window] t=91.26s pos_err=0.170m T=20.10N z=6.204 m_est=2.064
[INFO] [1789418003.611996353] [acados_nmpc_node]: [attach-window] t=91.30s pos_err=0.114m T=20.02N z=6.217 m_est=2.064
[INFO] [1789418003.667666305] [acados_nmpc_node]: [attach-window] t=91.36s pos_err=0.160m T=20.09N z=6.225 m_est=2.064
[INFO] [1789418003.712045528] [acados_nmpc_node]: [attach-window] t=91.40s pos_err=0.107m T=20.03N z=6.237 m_est=2.064
[INFO] [1789418003.719516632] [acados_nmpc_node]: [wcmd] raw=[+0.036,-0.180,-0.165] w=[+0.054,-0.095,-0.135] err=[-0.018,-0.085] scaled=[+0.036,-0.180] s=1.00
[INFO] [1789418003.767860023] [acados_nmpc_node]: [attach-window] t=91.46s pos_err=0.175m T=20.16N z=6.243 m_est=2.064
[INFO] [1789418003.811987021] [acados_nmpc_node]: [attach-window] t=91.50s pos_err=0.118m T=20.13N z=6.255 m_est=2.064
[INFO] [1789418003.867550251] [acados_nmpc_node]: [attach-window] t=91.56s pos_err=0.187m T=20.22N z=6.261 m_est=2.064
[INFO] [1789418003.912013412] [acados_nmpc_node]: [attach-window] t=91.60s pos_err=0.109m T=20.14N z=6.275 m_est=2.064
[INFO] [1789418003.919509809] [acados_nmpc_node]: [wcmd] raw=[+0.037,-0.161,-0.203] w=[+0.067,-0.100,-0.163] err=[-0.029,-0.061] scaled=[+0.037,-0.161] s=1.00
[INFO] [1789418003.967747364] [acados_nmpc_node]: [attach-window] t=91.66s pos_err=0.176m T=20.22N z=6.281 m_est=2.064
[INFO] [1789418004.012040718] [acados_nmpc_node]: [attach-window] t=91.70s pos_err=0.120m T=20.15N z=6.294 m_est=2.064
[INFO] [1789418004.067874416] [acados_nmpc_node]: [attach-window] t=91.76s pos_err=0.188m T=20.22N z=6.300 m_est=2.064
[INFO] [1789418004.111997753] [acados_nmpc_node]: [attach-window] t=91.80s pos_err=0.111m T=20.14N z=6.314 m_est=2.064
[INFO] [1789418004.119511826] [acados_nmpc_node]: [wcmd] raw=[+0.017,-0.152,-0.251] w=[+0.061,-0.099,-0.200] err=[-0.045,-0.052] scaled=[+0.017,-0.152] s=1.00
[INFO] [1789418004.168032465] [acados_nmpc_node]: [attach-window] t=91.86s pos_err=0.177m T=20.23N z=6.320 m_est=2.064
[INFO] [1789418004.211986605] [acados_nmpc_node]: [attach-window] t=91.90s pos_err=0.123m T=20.17N z=6.332 m_est=2.064
[INFO] [1789418004.267620861] [acados_nmpc_node]: [attach-window] t=91.96s pos_err=0.167m T=20.22N z=6.340 m_est=2.064
[INFO] [1789418004.311973521] [acados_nmpc_node]: [attach-window] t=92.00s pos_err=0.116m T=20.17N z=6.352 m_est=2.064
[INFO] [1789418004.319531941] [acados_nmpc_node]: [wcmd] raw=[-0.004,-0.128,-0.311] w=[+0.041,-0.082,-0.243] err=[-0.045,-0.046] scaled=[-0.004,-0.128] s=1.00
[INFO] [1789418004.368015702] [acados_nmpc_node]: [attach-window] t=92.06s pos_err=0.180m T=20.25N z=6.358 m_est=2.064
[INFO] [1789418004.412376296] [acados_nmpc_node]: [attach-window] t=92.10s pos_err=0.129m T=20.22N z=6.370 m_est=2.064
[INFO] [1789418004.467771380] [acados_nmpc_node]: [attach-window] t=92.16s pos_err=0.192m T=20.28N z=6.376 m_est=2.064
[INFO] [1789418004.512121932] [acados_nmpc_node]: [attach-window] t=92.20s pos_err=0.122m T=20.24N z=6.389 m_est=2.064
[INFO] [1789418004.519475231] [acados_nmpc_node]: [wcmd] raw=[-0.012,-0.115,-0.383] w=[+0.036,-0.027,-0.299] err=[-0.048,-0.088] scaled=[-0.012,-0.115] s=1.00
[INFO] [1789418004.567857078] [acados_nmpc_node]: [attach-window] t=92.26s pos_err=0.182m T=20.31N z=6.395 m_est=2.064
[INFO] [1789418004.612312256] [acados_nmpc_node]: [attach-window] t=92.30s pos_err=0.134m T=20.27N z=6.406 m_est=2.064
[INFO] [1789418004.667754224] [acados_nmpc_node]: [attach-window] t=92.36s pos_err=0.172m T=20.31N z=6.413 m_est=2.064
[INFO] [1789418004.712300846] [acados_nmpc_node]: [attach-window] t=92.40s pos_err=0.127m T=20.24N z=6.425 m_est=2.064
[INFO] [1789418004.719442493] [acados_nmpc_node]: [wcmd] raw=[-0.013,-0.125,-0.474] w=[+0.027,-0.079,-0.367] err=[-0.041,-0.046] scaled=[-0.013,-0.125] s=1.00
[INFO] [1789418004.767998468] [acados_nmpc_node]: [attach-window] t=92.46s pos_err=0.183m T=20.31N z=6.431 m_est=2.064
[INFO] [1789418004.812271852] [acados_nmpc_node]: [attach-window] t=92.50s pos_err=0.121m T=20.22N z=6.445 m_est=2.064
[INFO] [1789418004.868129426] [acados_nmpc_node]: [attach-window] t=92.56s pos_err=0.173m T=20.29N z=6.451 m_est=2.064
[INFO] [1789418004.912277256] [acados_nmpc_node]: [attach-window] t=92.60s pos_err=0.130m T=20.22N z=6.463 m_est=2.064
[INFO] [1789418004.919487772] [acados_nmpc_node]: [wcmd] raw=[-0.015,-0.086,-0.586] w=[+0.018,-0.096,-0.447] err=[-0.033,+0.011] scaled=[-0.015,-0.086] s=1.00
[INFO] [1789418004.967950650] [acados_nmpc_node]: [attach-window] t=92.66s pos_err=0.180m T=20.28N z=6.469 m_est=2.064
[INFO] [1789418005.012318397] [acados_nmpc_node]: [attach-window] t=92.70s pos_err=0.138m T=20.23N z=6.481 m_est=2.064
[INFO] [1789418005.067845666] [acados_nmpc_node]: [attach-window] t=92.76s pos_err=0.185m T=20.28N z=6.487 m_est=2.064
[INFO] [1789418005.112237659] [acados_nmpc_node]: [attach-window] t=92.80s pos_err=0.129m T=20.20N z=6.501 m_est=2.064
[INFO] [1789418005.119536076] [acados_nmpc_node]: [wcmd] raw=[-0.020,-0.092,-0.710] w=[+0.040,-0.026,-0.549] err=[-0.060,-0.067] scaled=[-0.020,-0.092] s=1.00
[INFO] [1789418005.167896035] [acados_nmpc_node]: [attach-window] t=92.86s pos_err=0.172m T=20.26N z=6.507 m_est=2.064
[INFO] [1789418005.212315303] [acados_nmpc_node]: [attach-window] t=92.90s pos_err=0.134m T=20.18N z=6.519 m_est=2.064
[INFO] [1789418005.268005388] [acados_nmpc_node]: [attach-window] t=92.96s pos_err=0.161m T=20.23N z=6.527 m_est=2.064
[INFO] [1789418005.312247019] [acados_nmpc_node]: [attach-window] t=93.00s pos_err=0.126m T=20.16N z=6.539 m_est=2.064
[INFO] [1789418005.319546122] [acados_nmpc_node]: [wcmd] raw=[-0.035,-0.099,-0.835] w=[+0.034,-0.057,-0.664] err=[-0.068,-0.042] scaled=[-0.035,-0.099] s=1.00
[INFO] [1789418005.367938509] [acados_nmpc_node]: [attach-window] t=93.06s pos_err=0.164m T=20.25N z=6.544 m_est=2.064
[INFO] [1789418005.412256206] [acados_nmpc_node]: [attach-window] t=93.10s pos_err=0.130m T=20.21N z=6.555 m_est=2.064
[INFO] [1789418005.467662863] [acados_nmpc_node]: [attach-window] t=93.16s pos_err=0.167m T=20.30N z=6.560 m_est=2.064
[INFO] [1789418005.511995735] [acados_nmpc_node]: [attach-window] t=93.20s pos_err=0.123m T=20.21N z=6.572 m_est=2.064
[INFO] [1789418005.519492105] [acados_nmpc_node]: [wcmd] raw=[-0.065,-0.082,-0.932] w=[+0.022,-0.022,-0.794] err=[-0.088,-0.060] scaled=[-0.065,-0.082] s=1.00
[INFO] [1789418005.567841320] [acados_nmpc_node]: [attach-window] t=93.26s pos_err=0.156m T=20.32N z=6.577 m_est=2.064
[INFO] [1789418005.611983964] [acados_nmpc_node]: [attach-window] t=93.30s pos_err=0.126m T=20.24N z=6.586 m_est=2.064
[INFO] [1789418005.667430286] [acados_nmpc_node]: [attach-window] t=93.36s pos_err=0.158m T=20.34N z=6.591 m_est=2.064
[INFO] [1789418005.711985898] [acados_nmpc_node]: [attach-window] t=93.40s pos_err=0.120m T=20.22N z=6.601 m_est=2.064
[INFO] [1789418005.719482380] [acados_nmpc_node]: [wcmd] raw=[-0.074,-0.102,-0.991] w=[-0.015,-0.029,-0.914] err=[-0.059,-0.073] scaled=[-0.074,-0.102] s=1.00
[INFO] [1789418005.767600819] [acados_nmpc_node]: [attach-window] t=93.46s pos_err=0.149m T=20.34N z=6.606 m_est=2.064
[INFO] [1789418005.812013917] [acados_nmpc_node]: [attach-window] t=93.50s pos_err=0.122m T=20.25N z=6.615 m_est=2.064
[INFO] [1789418005.867721822] [acados_nmpc_node]: [attach-window] t=93.56s pos_err=0.140m T=20.33N z=6.620 m_est=2.064
[INFO] [1789418005.912013132] [acados_nmpc_node]: [attach-window] t=93.60s pos_err=0.117m T=20.25N z=6.628 m_est=2.064
[INFO] [1789418005.919511631] [acados_nmpc_node]: [wcmd] raw=[-0.040,-0.090,-0.966] w=[-0.021,-0.057,-0.999] err=[-0.019,-0.033] scaled=[-0.040,-0.090] s=1.00
[INFO] [1789418005.967492185] [acados_nmpc_node]: [attach-window] t=93.66s pos_err=0.141m T=20.37N z=6.632 m_est=2.064
[INFO] [1789418006.012070896] [acados_nmpc_node]: [attach-window] t=93.70s pos_err=0.112m T=20.25N z=6.641 m_est=2.064
[INFO] [1789418006.067352869] [acados_nmpc_node]: [attach-window] t=93.76s pos_err=0.133m T=20.37N z=6.645 m_est=2.064
[INFO] [1789418006.112054103] [acados_nmpc_node]: [attach-window] t=93.80s pos_err=0.113m T=20.27N z=6.653 m_est=2.064
[INFO] [1789418006.119534802] [acados_nmpc_node]: [wcmd] raw=[-0.019,-0.065,-0.850] w=[-0.012,-0.040,-1.027] err=[-0.007,-0.025] scaled=[-0.019,-0.065] s=1.00
[INFO] [1789418006.167563689] [acados_nmpc_node]: [attach-window] t=93.86s pos_err=0.135m T=20.38N z=6.657 m_est=2.064
[INFO] [1789418006.212025300] [acados_nmpc_node]: [attach-window] t=93.90s pos_err=0.109m T=20.23N z=6.666 m_est=2.064
[INFO] [1789418006.267448362] [acados_nmpc_node]: [attach-window] t=93.96s pos_err=0.127m T=20.35N z=6.670 m_est=2.064
[INFO] [1789418006.312103781] [acados_nmpc_node]: [attach-window] t=94.00s pos_err=0.109m T=20.22N z=6.678 m_est=2.064
[INFO] [1789418006.319514080] [acados_nmpc_node]: [wcmd] raw=[-0.006,-0.074,-0.683] w=[-0.015,-0.045,-0.978] err=[+0.009,-0.029] scaled=[-0.006,-0.074] s=1.00
[INFO] [1789418006.367459590] [acados_nmpc_node]: [attach-window] t=94.06s pos_err=0.129m T=20.33N z=6.682 m_est=2.064
[INFO] [1789418006.412398402] [acados_nmpc_node]: [attach-window] t=94.10s pos_err=0.103m T=20.14N z=6.692 m_est=2.064
[INFO] [1789418006.467855370] [acados_nmpc_node]: [attach-window] t=94.16s pos_err=0.121m T=20.26N z=6.696 m_est=2.064
[INFO] [1789418006.512457515] [acados_nmpc_node]: [attach-window] t=94.20s pos_err=0.100m T=20.11N z=6.705 m_est=2.064
[INFO] [1789418006.519581314] [acados_nmpc_node]: [wcmd] raw=[+0.034,-0.092,-0.506] w=[-0.008,-0.078,-0.860] err=[+0.041,-0.013] scaled=[+0.034,-0.092] s=1.00
[INFO] [1789418006.568402090] [acados_nmpc_node]: [attach-window] t=94.26s pos_err=0.122m T=20.22N z=6.709 m_est=2.064
[INFO] [1789418006.612712421] [acados_nmpc_node]: [attach-window] t=94.30s pos_err=0.097m T=20.09N z=6.718 m_est=2.064
[INFO] [1789418006.667771608] [acados_nmpc_node]: [attach-window] t=94.36s pos_err=0.123m T=20.21N z=6.721 m_est=2.064
[INFO] [1789418006.711450412] [acados_nmpc_node]: [attach-window] t=94.40s pos_err=0.088m T=20.04N z=6.730 m_est=2.064
[INFO] [1789418006.719494677] [acados_nmpc_node]: [wcmd] raw=[+0.049,-0.130,-0.340] w=[+0.039,-0.037,-0.692] err=[+0.010,-0.093] scaled=[+0.049,-0.130] s=1.00
[INFO] [1789418006.767792036] [acados_nmpc_node]: [attach-window] t=94.46s pos_err=0.112m T=20.18N z=6.733 m_est=2.064
[INFO] [1789418006.812249445] [acados_nmpc_node]: [attach-window] t=94.50s pos_err=0.084m T=20.04N z=6.740 m_est=2.064
[INFO] [1789418006.867976666] [acados_nmpc_node]: [attach-window] t=94.56s pos_err=0.115m T=20.19N z=6.743 m_est=2.064
[INFO] [1789418006.912209796] [acados_nmpc_node]: [attach-window] t=94.60s pos_err=0.074m T=19.97N z=6.751 m_est=2.064
[INFO] [1789418006.919483631] [acados_nmpc_node]: [wcmd] raw=[+0.018,-0.197,-0.223] w=[+0.031,-0.108,-0.514] err=[-0.013,-0.089] scaled=[+0.018,-0.197] s=1.00
[INFO] [1789418006.968000242] [acados_nmpc_node]: [attach-window] t=94.66s pos_err=0.103m T=20.14N z=6.754 m_est=2.064
[INFO] [1789418007.012083296] [acados_nmpc_node]: [attach-window] t=94.70s pos_err=0.071m T=19.98N z=6.760 m_est=2.064
[INFO] [1789418007.067514442] [acados_nmpc_node]: [attach-window] t=94.76s pos_err=0.091m T=20.09N z=6.763 m_est=2.064
[INFO] [1789418007.112057187] [acados_nmpc_node]: [attach-window] t=94.80s pos_err=0.061m T=19.96N z=6.768 m_est=2.064
[INFO] [1789418007.119446078] [acados_nmpc_node]: [wcmd] raw=[-0.005,-0.198,-0.163] w=[+0.008,-0.156,-0.358] err=[-0.013,-0.042] scaled=[-0.005,-0.198] s=1.00
[INFO] [1789418007.167480105] [acados_nmpc_node]: [attach-window] t=94.86s pos_err=0.095m T=20.14N z=6.770 m_est=2.064
[INFO] [1789418007.211968958] [acados_nmpc_node]: [attach-window] t=94.90s pos_err=0.053m T=19.98N z=6.775 m_est=2.064
[INFO] [1789418007.267536745] [acados_nmpc_node]: [attach-window] t=94.96s pos_err=0.085m T=20.13N z=6.776 m_est=2.064
[INFO] [1789418007.311753638] [acados_nmpc_node]: [attach-window] t=95.00s pos_err=0.053m T=20.02N z=6.780 m_est=2.064
[INFO] [1789418007.319618462] [acados_nmpc_node]: [wcmd] raw=[-0.019,-0.115,-0.152] w=[-0.007,-0.121,-0.243] err=[-0.012,+0.006] scaled=[-0.019,-0.115] s=1.00
[INFO] [1789418007.365256476] [acados_nmpc_node]: [attach-window] t=95.05s pos_err=0.091m T=20.13N z=6.782 m_est=2.064
[INFO] [1789418007.411901044] [acados_nmpc_node]: [attach-window] t=95.10s pos_err=0.048m T=19.99N z=6.786 m_est=2.064
[INFO] [1789418007.467570377] [acados_nmpc_node]: [attach-window] t=95.16s pos_err=0.089m T=20.12N z=6.788 m_est=2.064
[INFO] [1789418007.511750373] [acados_nmpc_node]: [attach-window] t=95.20s pos_err=0.052m T=20.02N z=6.791 m_est=2.064
[INFO] [1789418007.519493119] [acados_nmpc_node]: [wcmd] raw=[-0.037,-0.099,-0.176] w=[-0.015,-0.092,-0.183] err=[-0.021,-0.008] scaled=[-0.037,-0.099] s=1.00
[INFO] [1789418007.567555028] [acados_nmpc_node]: [attach-window] t=95.26s pos_err=0.103m T=20.12N z=6.793 m_est=2.064
[INFO] [1789418007.611766872] [acados_nmpc_node]: [attach-window] t=95.30s pos_err=0.049m T=19.97N z=6.796 m_est=2.064
[INFO] [1789418007.667610724] [acados_nmpc_node]: [attach-window] t=95.36s pos_err=0.118m T=20.13N z=6.797 m_est=2.064
[INFO] [1789418007.711735751] [acados_nmpc_node]: [attach-window] t=95.40s pos_err=0.057m T=19.97N z=6.800 m_est=2.064
[INFO] [1789418007.719486401] [acados_nmpc_node]: [wcmd] raw=[-0.031,-0.149,-0.218] w=[-0.017,-0.096,-0.169] err=[-0.013,-0.052] scaled=[-0.031,-0.149] s=1.00
[INFO] [1789418007.767639756] [acados_nmpc_node]: [attach-window] t=95.46s pos_err=0.113m T=20.07N z=6.801 m_est=2.064
[INFO] [1789418007.811926003] [acados_nmpc_node]: [attach-window] t=95.50s pos_err=0.068m T=19.94N z=6.804 m_est=2.064
[INFO] [1789418007.867436360] [acados_nmpc_node]: [attach-window] t=95.56s pos_err=0.128m T=20.04N z=6.805 m_est=2.064
[INFO] [1789418007.911922489] [acados_nmpc_node]: [attach-window] t=95.60s pos_err=0.062m T=19.89N z=6.807 m_est=2.064
[INFO] [1789418007.919509428] [acados_nmpc_node]: [wcmd] raw=[-0.019,-0.214,-0.258] w=[+0.007,-0.106,-0.190] err=[-0.026,-0.108] scaled=[-0.019,-0.214] s=1.00
[INFO] [1789418007.967454716] [acados_nmpc_node]: [attach-window] t=95.66s pos_err=0.121m T=20.01N z=6.808 m_est=2.064
[INFO] [1789418008.011950100] [acados_nmpc_node]: [attach-window] t=95.70s pos_err=0.073m T=19.91N z=6.809 m_est=2.064
[INFO] [1789418008.067346527] [acados_nmpc_node]: [attach-window] t=95.76s pos_err=0.134m T=20.01N z=6.809 m_est=2.064
[INFO] [1789418008.111974009] [acados_nmpc_node]: [attach-window] t=95.80s pos_err=0.065m T=19.91N z=6.810 m_est=2.064
[INFO] [1789418008.119512892] [acados_nmpc_node]: [wcmd] raw=[-0.018,-0.211,-0.289] w=[+0.011,-0.169,-0.225] err=[-0.028,-0.042] scaled=[-0.018,-0.211] s=1.00
[INFO] [1789418008.167767780] [acados_nmpc_node]: [attach-window] t=95.86s pos_err=0.126m T=20.01N z=6.810 m_est=2.064
[INFO] [1789418008.212136687] [acados_nmpc_node]: [attach-window] t=95.90s pos_err=0.076m T=19.96N z=6.810 m_est=2.064
[INFO] [1789418008.267561729] [acados_nmpc_node]: [attach-window] t=95.96s pos_err=0.138m T=20.03N z=6.810 m_est=2.064
[INFO] [1789418008.311984941] [acados_nmpc_node]: [attach-window] t=96.00s pos_err=0.066m T=19.97N z=6.809 m_est=2.064
[INFO] [1789418008.319506008] [acados_nmpc_node]: [wcmd] raw=[-0.027,-0.186,-0.308] w=[+0.004,-0.142,-0.262] err=[-0.031,-0.044] scaled=[-0.027,-0.186] s=1.00
[INFO] [1789418008.367903979] [acados_nmpc_node]: [attach-window] t=96.06s pos_err=0.129m T=20.04N z=6.809 m_est=2.064
[INFO] [1789418008.368421258] [acados_nmpc_node]: t=96.1s | pos_err=0.129m | T=20.04N | tau=[r0.018 p0.083 y-0.028]Nm | res_stat=2.917e-07(peak 1.311e-02) sqp_iter=5 | solve=2.1ms
[INFO] [1789418008.368644962] [acados_nmpc_node]: [flight-diag] t=96.1s | om_scale=1.000(lo 1.000 hi 1.000) | tilt_max=9.43deg | w_max=[r0.077 p0.182 y1.027]rad/s | u_frac=[T0.650 r0.096 p0.292 y0.730] | u_sat=[T0.0 r0.0 p0.0 y0.0]% | mot_peak=0.837 mot_sat=0.0% | health=1 age=0.000s conf=0.001 | n=100
[INFO] [1789418008.412000346] [acados_nmpc_node]: [attach-window] t=96.10s pos_err=0.076m T=20.00N z=6.807 m_est=2.064
[INFO] [1789418008.467656426] [acados_nmpc_node]: [attach-window] t=96.16s pos_err=0.139m T=20.04N z=6.807 m_est=2.064
[INFO] [1789418008.512089340] [acados_nmpc_node]: [attach-window] t=96.20s pos_err=0.067m T=20.00N z=6.805 m_est=2.064
[INFO] [1789418008.519458430] [acados_nmpc_node]: [wcmd] raw=[-0.027,-0.176,-0.320] w=[-0.002,-0.127,-0.291] err=[-0.025,-0.048] scaled=[-0.027,-0.176] s=1.00
[INFO] [1789418008.567705255] [acados_nmpc_node]: [attach-window] t=96.26s pos_err=0.128m T=20.04N z=6.804 m_est=2.064
[INFO] [1789418008.612005262] [acados_nmpc_node]: [attach-window] t=96.30s pos_err=0.078m T=20.00N z=6.803 m_est=2.064
[INFO] [1789418008.667660046] [acados_nmpc_node]: [attach-window] t=96.36s pos_err=0.140m T=20.02N z=6.802 m_est=2.064
[INFO] [1789418008.711975787] [acados_nmpc_node]: [attach-window] t=96.40s pos_err=0.069m T=19.98N z=6.801 m_est=2.064
[INFO] [1789418008.719491289] [acados_nmpc_node]: [wcmd] raw=[-0.025,-0.182,-0.333] w=[-0.001,-0.116,-0.314] err=[-0.024,-0.066] scaled=[-0.025,-0.182] s=1.00
[INFO] [1789418008.767574385] [acados_nmpc_node]: [attach-window] t=96.46s pos_err=0.128m T=20.00N z=6.800 m_est=2.064
[INFO] [1789418008.812068759] [acados_nmpc_node]: [attach-window] t=96.50s pos_err=0.079m T=19.98N z=6.798 m_est=2.064
[INFO] [1789418008.867536337] [acados_nmpc_node]: [attach-window] t=96.56s pos_err=0.138m T=19.98N z=6.797 m_est=2.064
[INFO] [1789418008.912098868] [acados_nmpc_node]: [attach-window] t=96.60s pos_err=0.071m T=19.99N z=6.795 m_est=2.064
[INFO] [1789418008.919533557] [acados_nmpc_node]: [wcmd] raw=[-0.009,-0.173,-0.355] w=[+0.006,-0.131,-0.332] err=[-0.014,-0.042] scaled=[-0.009,-0.173] s=1.00
[INFO] [1789418008.967836687] [acados_nmpc_node]: [attach-window] t=96.66s pos_err=0.127m T=20.01N z=6.793 m_est=2.064
[INFO] [1789418009.012097447] [acados_nmpc_node]: [attach-window] t=96.70s pos_err=0.080m T=20.04N z=6.790 m_est=2.064
[INFO] [1789418009.067723581] [acados_nmpc_node]: [attach-window] t=96.76s pos_err=0.136m T=20.04N z=6.788 m_est=2.064
[INFO] [1789418009.112024153] [acados_nmpc_node]: [attach-window] t=96.80s pos_err=0.073m T=20.10N z=6.783 m_est=2.064
[INFO] [1789418009.119625751] [acados_nmpc_node]: [wcmd] raw=[-0.001,-0.142,-0.392] w=[+0.029,-0.098,-0.350] err=[-0.029,-0.044] scaled=[-0.001,-0.142] s=1.00
[INFO] [1789418009.167708324] [acados_nmpc_node]: [attach-window] t=96.86s pos_err=0.126m T=20.10N z=6.781 m_est=2.064
[INFO] [1789418009.212009619] [acados_nmpc_node]: [attach-window] t=96.90s pos_err=0.083m T=20.13N z=6.777 m_est=2.064
[INFO] [1789418009.267906006] [acados_nmpc_node]: [attach-window] t=96.96s pos_err=0.136m T=20.10N z=6.775 m_est=2.064
[INFO] [1789418009.311999138] [acados_nmpc_node]: [attach-window] t=97.00s pos_err=0.077m T=20.14N z=6.770 m_est=2.064
[INFO] [1789418009.319575183] [acados_nmpc_node]: [wcmd] raw=[-0.022,-0.131,-0.450] w=[+0.027,-0.084,-0.381] err=[-0.048,-0.046] scaled=[-0.022,-0.131] s=1.00
[INFO] [1789418009.368131656] [acados_nmpc_node]: [attach-window] t=97.06s pos_err=0.128m T=20.12N z=6.767 m_est=2.064
[INFO] [1789418009.412042464] [acados_nmpc_node]: [attach-window] t=97.10s pos_err=0.073m T=20.14N z=6.762 m_est=2.064
[INFO] [1789418009.467763169] [acados_nmpc_node]: [attach-window] t=97.16s pos_err=0.120m T=20.12N z=6.760 m_est=2.064
[INFO] [1789418009.512019585] [acados_nmpc_node]: [attach-window] t=97.20s pos_err=0.083m T=20.13N z=6.755 m_est=2.064
[INFO] [1789418009.519492165] [acados_nmpc_node]: [wcmd] raw=[-0.027,-0.121,-0.530] w=[+0.002,-0.125,-0.428] err=[-0.028,+0.005] scaled=[-0.027,-0.121] s=1.00
[INFO] [1789418009.567651357] [acados_nmpc_node]: [attach-window] t=97.26s pos_err=0.129m T=20.10N z=6.753 m_est=2.064
[INFO] [1789418009.611276137] [acados_nmpc_node]: [attach-window] t=97.30s pos_err=0.092m T=20.14N z=6.747 m_est=2.064
[INFO] [1789418009.665089706] [acados_nmpc_node]: [attach-window] t=97.35s pos_err=0.133m T=20.11N z=6.745 m_est=2.064
[INFO] [1789418009.711276720] [acados_nmpc_node]: [attach-window] t=97.40s pos_err=0.088m T=20.18N z=6.738 m_est=2.064
[INFO] [1789418009.719463872] [acados_nmpc_node]: [wcmd] raw=[-0.020,-0.111,-0.631] w=[+0.033,-0.055,-0.496] err=[-0.053,-0.056] scaled=[-0.020,-0.111] s=1.00
[INFO] [1789418009.767790212] [acados_nmpc_node]: [attach-window] t=97.46s pos_err=0.128m T=20.15N z=6.735 m_est=2.064
[INFO] [1789418009.812259076] [acados_nmpc_node]: [attach-window] t=97.50s pos_err=0.095m T=20.20N z=6.728 m_est=2.064
[INFO] [1789418009.867705104] [acados_nmpc_node]: [attach-window] t=97.56s pos_err=0.134m T=20.17N z=6.724 m_est=2.064
[INFO] [1789418009.912259641] [acados_nmpc_node]: [attach-window] t=97.60s pos_err=0.090m T=20.24N z=6.716 m_est=2.064
[INFO] [1789418009.919530380] [acados_nmpc_node]: [wcmd] raw=[-0.021,-0.125,-0.742] w=[+0.037,-0.072,-0.588] err=[-0.058,-0.052] scaled=[-0.021,-0.125] s=1.00
[INFO] [1789418009.967858711] [acados_nmpc_node]: [attach-window] t=97.66s pos_err=0.124m T=20.22N z=6.712 m_est=2.064
[INFO] [1789418010.012297815] [acados_nmpc_node]: [attach-window] t=97.70s pos_err=0.086m T=20.27N z=6.704 m_est=2.064
[INFO] [1789418010.067726474] [acados_nmpc_node]: [attach-window] t=97.76s pos_err=0.128m T=20.23N z=6.701 m_est=2.064
[INFO] [1789418010.112300000] [acados_nmpc_node]: [attach-window] t=97.80s pos_err=0.090m T=20.27N z=6.692 m_est=2.064
[INFO] [1789418010.119504802] [acados_nmpc_node]: [wcmd] raw=[-0.021,-0.094,-0.866] w=[+0.022,-0.113,-0.694] err=[-0.044,+0.020] scaled=[-0.021,-0.094] s=1.00
[INFO] [1789418010.168159869] [acados_nmpc_node]: [attach-window] t=97.86s pos_err=0.119m T=20.23N z=6.688 m_est=2.064
[INFO] [1789418010.212275965] [acados_nmpc_node]: [attach-window] t=97.90s pos_err=0.095m T=20.24N z=6.680 m_est=2.064
[INFO] [1789418010.267937001] [acados_nmpc_node]: [attach-window] t=97.96s pos_err=0.123m T=20.21N z=6.677 m_est=2.064
[INFO] [1789418010.312279927] [acados_nmpc_node]: [attach-window] t=98.00s pos_err=0.093m T=20.23N z=6.668 m_est=2.064
[INFO] [1789418010.319504791] [acados_nmpc_node]: [wcmd] raw=[-0.061,-0.094,-0.967] w=[+0.030,-0.037,-0.816] err=[-0.092,-0.057] scaled=[-0.061,-0.094] s=1.00
[INFO] [1789418010.367992276] [acados_nmpc_node]: [attach-window] t=98.06s pos_err=0.116m T=20.21N z=6.664 m_est=2.064
[INFO] [1789418010.412285679] [acados_nmpc_node]: [attach-window] t=98.10s pos_err=0.097m T=20.22N z=6.656 m_est=2.064
[INFO] [1789418010.467697312] [acados_nmpc_node]: [attach-window] t=98.16s pos_err=0.119m T=20.21N z=6.652 m_est=2.064
[INFO] [1789418010.512391994] [acados_nmpc_node]: [attach-window] t=98.20s pos_err=0.096m T=20.24N z=6.641 m_est=2.064
[INFO] [1789418010.519510280] [acados_nmpc_node]: [wcmd] raw=[-0.053,-0.103,-1.008] w=[-0.002,-0.044,-0.931] err=[-0.051,-0.059] scaled=[-0.053,-0.103] s=1.00
[INFO] [1789418010.568003178] [acados_nmpc_node]: [attach-window] t=98.26s pos_err=0.113m T=20.25N z=6.637 m_est=2.064
[INFO] [1789418010.612265828] [acados_nmpc_node]: [attach-window] t=98.30s pos_err=0.095m T=20.26N z=6.627 m_est=2.064
[INFO] [1789418010.667766927] [acados_nmpc_node]: [attach-window] t=98.36s pos_err=0.105m T=20.27N z=6.622 m_est=2.064
[INFO] [1789418010.712238000] [acados_nmpc_node]: [attach-window] t=98.40s pos_err=0.093m T=20.29N z=6.612 m_est=2.064
[INFO] [1789418010.719494460] [acados_nmpc_node]: [wcmd] raw=[+0.006,-0.076,-0.987] w=[-0.006,-0.089,-1.013] err=[+0.012,+0.013] scaled=[+0.006,-0.076] s=1.00
[INFO] [1789418010.767429792] [acados_nmpc_node]: [attach-window] t=98.46s pos_err=0.103m T=20.28N z=6.607 m_est=2.064
[INFO] [1789418010.812013709] [acados_nmpc_node]: [attach-window] t=98.50s pos_err=0.088m T=20.32N z=6.596 m_est=2.064
[INFO] [1789418010.867402793] [acados_nmpc_node]: [attach-window] t=98.56s pos_err=0.092m T=20.32N z=6.592 m_est=2.064
[INFO] [1789418010.912190954] [acados_nmpc_node]: [attach-window] t=98.60s pos_err=0.081m T=20.34N z=6.582 m_est=2.064
[INFO] [1789418010.919513154] [acados_nmpc_node]: [wcmd] raw=[+0.037,-0.041,-0.865] w=[+0.041,-0.030,-1.036] err=[-0.004,-0.011] scaled=[+0.037,-0.041] s=1.00
[INFO] [1789418010.968121706] [acados_nmpc_node]: [attach-window] t=98.66s pos_err=0.088m T=20.34N z=6.576 m_est=2.064
[INFO] [1789418011.012112464] [acados_nmpc_node]: [attach-window] t=98.70s pos_err=0.073m T=20.36N z=6.565 m_est=2.064
[INFO] [1789418011.067725492] [acados_nmpc_node]: [attach-window] t=98.76s pos_err=0.075m T=20.39N z=6.560 m_est=2.064
[INFO] [1789418011.112166746] [acados_nmpc_node]: [attach-window] t=98.80s pos_err=0.063m T=20.37N z=6.550 m_est=2.064
[INFO] [1789418011.119491679] [acados_nmpc_node]: [wcmd] raw=[+0.027,-0.064,-0.698] w=[+0.040,-0.031,-0.984] err=[-0.013,-0.033] scaled=[+0.027,-0.064] s=1.00
[INFO] [1789418011.167981293] [acados_nmpc_node]: [attach-window] t=98.86s pos_err=0.071m T=20.39N z=6.545 m_est=2.064
[INFO] [1789418011.212485743] [acados_nmpc_node]: [attach-window] t=98.90s pos_err=0.052m T=20.35N z=6.535 m_est=2.064
[INFO] [1789418011.268126001] [acados_nmpc_node]: [attach-window] t=98.96s pos_err=0.070m T=20.37N z=6.530 m_est=2.064
[INFO] [1789418011.312352511] [acados_nmpc_node]: [attach-window] t=99.00s pos_err=0.043m T=20.27N z=6.520 m_est=2.064
[INFO] [1789418011.319435780] [acados_nmpc_node]: [wcmd] raw=[+0.022,-0.130,-0.500] w=[+0.029,-0.007,-0.861] err=[-0.008,-0.123] scaled=[+0.022,-0.130] s=1.00
[INFO] [1789418011.368325828] [acados_nmpc_node]: [attach-window] t=99.06s pos_err=0.059m T=20.32N z=6.515 m_est=2.064
[INFO] [1789418011.412303475] [acados_nmpc_node]: [attach-window] t=99.10s pos_err=0.033m T=20.21N z=6.506 m_est=2.064
[INFO] [1789418011.467714091] [acados_nmpc_node]: [attach-window] t=99.16s pos_err=0.063m T=20.26N z=6.501 m_est=2.064
[INFO] [1789418011.512354610] [acados_nmpc_node]: [attach-window] t=99.20s pos_err=0.026m T=20.11N z=6.491 m_est=2.064
[INFO] [1789418011.519442973] [acados_nmpc_node]: [wcmd] raw=[+0.022,-0.178,-0.318] w=[+0.008,-0.069,-0.684] err=[+0.014,-0.109] scaled=[+0.022,-0.178] s=1.00
[INFO] [1789418011.567857624] [acados_nmpc_node]: [attach-window] t=99.26s pos_err=0.054m T=20.20N z=6.486 m_est=2.064
[INFO] [1789418011.612491435] [acados_nmpc_node]: [attach-window] t=99.30s pos_err=0.019m T=20.08N z=6.476 m_est=2.064
[INFO] [1789418011.667718279] [acados_nmpc_node]: [attach-window] t=99.36s pos_err=0.063m T=20.16N z=6.471 m_est=2.064
[INFO] [1789418011.712288442] [acados_nmpc_node]: [attach-window] t=99.40s pos_err=0.016m T=20.04N z=6.460 m_est=2.064
[INFO] [1789418011.719437732] [acados_nmpc_node]: [wcmd] raw=[+0.015,-0.176,-0.182] w=[+0.005,-0.086,-0.493] err=[+0.010,-0.090] scaled=[+0.015,-0.176] s=1.00
[INFO] [1789418011.767723982] [acados_nmpc_node]: [attach-window] t=99.46s pos_err=0.055m T=20.14N z=6.454 m_est=2.064
[INFO] [1789418011.812173924] [acados_nmpc_node]: [attach-window] t=99.50s pos_err=0.014m T=20.05N z=6.444 m_est=2.064
[INFO] [1789418011.867524552] [acados_nmpc_node]: [attach-window] t=99.56s pos_err=0.068m T=20.13N z=6.438 m_est=2.064
[INFO] [1789418011.912002084] [acados_nmpc_node]: [attach-window] t=99.60s pos_err=0.018m T=20.01N z=6.426 m_est=2.064
[INFO] [1789418011.919446230] [acados_nmpc_node]: [wcmd] raw=[-0.011,-0.172,-0.102] w=[-0.007,-0.093,-0.319] err=[-0.004,-0.079] scaled=[-0.011,-0.172] s=1.00
[INFO] [1789418011.967534419] [acados_nmpc_node]: [attach-window] t=99.66s pos_err=0.060m T=20.10N z=6.421 m_est=2.064
[INFO] [1789418012.012057712] [acados_nmpc_node]: [attach-window] t=99.70s pos_err=0.019m T=20.00N z=6.410 m_est=2.064
[INFO] [1789418012.067595425] [acados_nmpc_node]: [attach-window] t=99.76s pos_err=0.075m T=20.09N z=6.404 m_est=2.064
[INFO] [1789418012.112006270] [acados_nmpc_node]: [attach-window] t=99.80s pos_err=0.024m T=19.97N z=6.391 m_est=2.064
[INFO] [1789418012.119563394] [acados_nmpc_node]: [wcmd] raw=[-0.037,-0.182,-0.073] w=[-0.024,-0.092,-0.189] err=[-0.013,-0.090] scaled=[-0.037,-0.182] s=1.00
[INFO] [1789418012.165249064] [acados_nmpc_node]: [attach-window] t=99.85s pos_err=0.064m T=20.08N z=6.385 m_est=2.064
[INFO] [1789418012.210920761] [acados_nmpc_node]: [attach-window] t=99.90s pos_err=0.031m T=19.95N z=6.371 m_est=2.064
[INFO] [1789418012.265018091] [acados_nmpc_node]: [attach-window] t=99.95s pos_err=0.079m T=20.10N z=6.366 m_est=2.064
[INFO] [1789418012.310900766] [acados_nmpc_node]: [attach-window] t=100.00s pos_err=0.025m T=20.01N z=6.351 m_est=2.064
[INFO] [1789418012.319606209] [acados_nmpc_node]: [wcmd] raw=[-0.058,-0.146,-0.077] w=[-0.046,-0.142,-0.110] err=[-0.011,-0.004] scaled=[-0.058,-0.146] s=1.00
[INFO] [1789418012.364895124] [acados_nmpc_node]: [attach-window] t=100.05s pos_err=0.072m T=20.10N z=6.344 m_est=2.064
[INFO] [1789418012.411787012] [acados_nmpc_node]: [attach-window] t=100.10s pos_err=0.027m T=20.06N z=6.330 m_est=2.064
[INFO] [1789418012.467610824] [acados_nmpc_node]: [attach-window] t=100.16s pos_err=0.096m T=20.14N z=6.323 m_est=2.064
[INFO] [1789418012.511040939] [acados_nmpc_node]: [attach-window] t=100.20s pos_err=0.023m T=20.06N z=6.308 m_est=2.064
[INFO] [1789418012.519475239] [acados_nmpc_node]: [wcmd] raw=[-0.061,-0.153,-0.095] w=[-0.052,-0.061,-0.074] err=[-0.010,-0.091] scaled=[-0.061,-0.153] s=1.00
[INFO] [1789418012.565396732] [acados_nmpc_node]: [attach-window] t=100.25s pos_err=0.086m T=20.16N z=6.301 m_est=2.064
[INFO] [1789418012.611705264] [acados_nmpc_node]: [attach-window] t=100.30s pos_err=0.033m T=20.07N z=6.287 m_est=2.064
[INFO] [1789418012.667316722] [acados_nmpc_node]: [attach-window] t=100.36s pos_err=0.111m T=20.15N z=6.281 m_est=2.064
[INFO] [1789418012.711678775] [acados_nmpc_node]: [attach-window] t=100.40s pos_err=0.026m T=20.01N z=6.266 m_est=2.064
[INFO] [1789418012.719491176] [acados_nmpc_node]: [wcmd] raw=[-0.062,-0.195,-0.111] w=[-0.049,-0.089,-0.072] err=[-0.014,-0.106] scaled=[-0.062,-0.195] s=1.00
[INFO] [1789418012.767431507] [acados_nmpc_node]: [attach-window] t=100.46s pos_err=0.104m T=20.11N z=6.259 m_est=2.064
[INFO] [1789418012.811706412] [acados_nmpc_node]: [attach-window] t=100.50s pos_err=0.040m T=19.98N z=6.245 m_est=2.064
[INFO] [1789418012.867318429] [acados_nmpc_node]: [attach-window] t=100.56s pos_err=0.124m T=20.06N z=6.239 m_est=2.064
[INFO] [1789418012.911146863] [acados_nmpc_node]: [attach-window] t=100.60s pos_err=0.032m T=19.89N z=6.224 m_est=2.064
[INFO] [1789418012.919566049] [acados_nmpc_node]: [wcmd] raw=[-0.058,-0.236,-0.113] w=[-0.052,-0.109,-0.082] err=[-0.006,-0.126] scaled=[-0.058,-0.236] s=1.00
[INFO] [1789418012.965370768] [acados_nmpc_node]: [attach-window] t=100.65s pos_err=0.109m T=20.00N z=6.218 m_est=2.064
[INFO] [1789418013.011747869] [acados_nmpc_node]: [attach-window] t=100.70s pos_err=0.046m T=19.88N z=6.205 m_est=2.064
[INFO] [1789418013.067520873] [acados_nmpc_node]: [attach-window] t=100.76s pos_err=0.133m T=19.96N z=6.198 m_est=2.064
[INFO] [1789418013.111717998] [acados_nmpc_node]: [attach-window] t=100.80s pos_err=0.036m T=19.84N z=6.183 m_est=2.064
[INFO] [1789418013.119506931] [acados_nmpc_node]: [wcmd] raw=[-0.050,-0.234,-0.099] w=[-0.048,-0.149,-0.091] err=[-0.002,-0.085] scaled=[-0.050,-0.234] s=1.00
[INFO] [1789418013.167468999] [acados_nmpc_node]: [attach-window] t=100.86s pos_err=0.121m T=19.93N z=6.177 m_est=2.064
[INFO] [1789418013.211798440] [acados_nmpc_node]: [attach-window] t=100.90s pos_err=0.051m T=19.84N z=6.164 m_est=2.064
[INFO] [1789418013.267760512] [acados_nmpc_node]: [attach-window] t=100.96s pos_err=0.110m T=19.89N z=6.156 m_est=2.064
[INFO] [1789418013.311443032] [acados_nmpc_node]: [attach-window] t=101.00s pos_err=0.041m T=19.81N z=6.143 m_est=2.064
[INFO] [1789418013.319505658] [acados_nmpc_node]: [wcmd] raw=[-0.041,-0.219,-0.071] w=[-0.046,-0.140,-0.089] err=[+0.004,-0.079] scaled=[-0.041,-0.219] s=1.00
[INFO] [1789418013.367738206] [acados_nmpc_node]: [attach-window] t=101.06s pos_err=0.127m T=19.89N z=6.136 m_est=2.064
[INFO] [1789418013.368215734] [acados_nmpc_node]: t=101.1s | pos_err=0.127m | T=19.89N | tau=[r0.017 p0.123 y0.008]Nm | res_stat=5.957e-07(peak 1.311e-02) sqp_iter=5 | solve=2.1ms
[INFO] [1789418013.368420778] [acados_nmpc_node]: [flight-diag] t=101.1s | om_scale=1.000(lo 1.000 hi 1.000) | tilt_max=11.20deg | w_max=[r0.065 p0.168 y1.036]rad/s | u_frac=[T0.650 r0.096 p0.254 y0.752] | u_sat=[T0.0 r0.0 p0.0 y0.0]% | mot_peak=0.835 mot_sat=0.0% | health=1 age=0.000s conf=0.000 | n=100
[INFO] [1789418013.411492683] [acados_nmpc_node]: [attach-window] t=101.10s pos_err=0.034m T=19.84N z=6.121 m_est=2.064
[INFO] [1789418013.467943552] [acados_nmpc_node]: [attach-window] t=101.16s pos_err=0.116m T=19.91N z=6.114 m_est=2.064
[INFO] [1789418013.511881807] [acados_nmpc_node]: [attach-window] t=101.20s pos_err=0.047m T=19.89N z=6.100 m_est=2.064
[INFO] [1789418013.519557641] [acados_nmpc_node]: [wcmd] raw=[-0.035,-0.141,-0.035] w=[-0.043,-0.175,-0.075] err=[+0.008,+0.034] scaled=[-0.035,-0.141] s=1.00
[INFO] [1789418013.567944366] [acados_nmpc_node]: [attach-window] t=101.26s pos_err=0.136m T=19.90N z=6.093 m_est=2.064
[INFO] [1789418013.611876624] [acados_nmpc_node]: [attach-window] t=101.30s pos_err=0.039m T=19.93N z=6.076 m_est=2.064
[INFO] [1789418013.668195617] [acados_nmpc_node]: [attach-window] t=101.36s pos_err=0.158m T=19.93N z=6.070 m_est=2.064
[INFO] [1789418013.711948670] [acados_nmpc_node]: [attach-window] t=101.40s pos_err=0.056m T=19.95N z=6.054 m_est=2.064
[INFO] [1789418013.719503252] [acados_nmpc_node]: [wcmd] raw=[-0.014,-0.125,+0.004] w=[-0.034,-0.088,-0.046] err=[+0.020,-0.037] scaled=[-0.014,-0.125] s=1.00
[INFO] [1789418013.768245260] [acados_nmpc_node]: [attach-window] t=101.46s pos_err=0.150m T=19.94N z=6.047 m_est=2.064
[INFO] [1789418013.811980834] [acados_nmpc_node]: [attach-window] t=101.50s pos_err=0.077m T=19.94N z=6.032 m_est=2.064
[INFO] [1789418013.868088420] [acados_nmpc_node]: [attach-window] t=101.56s pos_err=0.172m T=19.94N z=6.025 m_est=2.064
[INFO] [1789418013.911969243] [acados_nmpc_node]: [attach-window] t=101.60s pos_err=0.070m T=19.93N z=6.008 m_est=2.064
[INFO] [1789418013.919533700] [acados_nmpc_node]: [wcmd] raw=[-0.013,-0.212,+0.041] w=[-0.022,-0.080,-0.010] err=[+0.008,-0.132] scaled=[-0.013,-0.212] s=1.00
[INFO] [1789418013.968283632] [acados_nmpc_node]: [attach-window] t=101.66s pos_err=0.164m T=19.97N z=6.001 m_est=2.064
[INFO] [1789418014.011978163] [acados_nmpc_node]: [attach-window] t=101.70s pos_err=0.091m T=19.94N z=5.986 m_est=2.064
[INFO] [1789418014.067785374] [acados_nmpc_node]: [attach-window] t=101.76s pos_err=0.185m T=19.95N z=5.979 m_est=2.064
[INFO] [1789418014.112024687] [acados_nmpc_node]: [attach-window] t=101.80s pos_err=0.081m T=19.95N z=5.961 m_est=2.064
[INFO] [1789418014.119593704] [acados_nmpc_node]: [wcmd] raw=[-0.017,-0.242,+0.073] w=[-0.028,-0.154,+0.027] err=[+0.011,-0.087] scaled=[-0.017,-0.242] s=1.00
[INFO] [1789418014.167940224] [acados_nmpc_node]: [attach-window] t=101.86s pos_err=0.174m T=19.98N z=5.954 m_est=2.064
[INFO] [1789418014.212168258] [acados_nmpc_node]: [attach-window] t=101.90s pos_err=0.100m T=19.99N z=5.938 m_est=2.064
[INFO] [1789418014.267834949] [acados_nmpc_node]: [attach-window] t=101.96s pos_err=0.192m T=19.99N z=5.930 m_est=2.064
[INFO] [1789418014.312012675] [acados_nmpc_node]: [attach-window] t=102.00s pos_err=0.088m T=20.02N z=5.913 m_est=2.064
[INFO] [1789418014.319457730] [acados_nmpc_node]: [wcmd] raw=[-0.007,-0.232,+0.101] w=[-0.029,-0.165,+0.063] err=[+0.022,-0.067] scaled=[-0.007,-0.232] s=1.00
[INFO] [1789418014.367466079] [acados_nmpc_node]: [attach-window] t=102.06s pos_err=0.177m T=20.02N z=5.906 m_est=2.064
[INFO] [1789418014.411981400] [acados_nmpc_node]: [attach-window] t=102.10s pos_err=0.105m T=20.04N z=5.890 m_est=2.064
[INFO] [1789418014.467956631] [acados_nmpc_node]: [attach-window] t=102.16s pos_err=0.194m T=20.00N z=5.883 m_est=2.064
[INFO] [1789418014.512135509] [acados_nmpc_node]: [attach-window] t=102.20s pos_err=0.094m T=20.09N z=5.865 m_est=2.064
[INFO] [1789418014.519440850] [acados_nmpc_node]: [wcmd] raw=[-0.008,-0.213,+0.129] w=[-0.022,-0.126,+0.097] err=[+0.014,-0.087] scaled=[-0.008,-0.213] s=1.00
[INFO] [1789418014.568317998] [acados_nmpc_node]: [attach-window] t=102.26s pos_err=0.180m T=20.06N z=5.858 m_est=2.064
[INFO] [1789418014.612060570] [acados_nmpc_node]: [attach-window] t=102.30s pos_err=0.085m T=20.13N z=5.840 m_est=2.064
[INFO] [1789418014.667851964] [acados_nmpc_node]: [attach-window] t=102.36s pos_err=0.165m T=20.09N z=5.833 m_est=2.064
[INFO] [1789418014.712017714] [acados_nmpc_node]: [attach-window] t=102.40s pos_err=0.099m T=20.16N z=5.817 m_est=2.064
[INFO] [1789418014.719518649] [acados_nmpc_node]: [wcmd] raw=[-0.033,-0.146,+0.157] w=[-0.032,-0.182,+0.126] err=[-0.000,+0.036] scaled=[-0.033,-0.146] s=1.00
[INFO] [1789418014.767977389] [acados_nmpc_node]: [attach-window] t=102.46s pos_err=0.179m T=20.07N z=5.810 m_est=2.064
[INFO] [1789418014.811990008] [acados_nmpc_node]: [attach-window] t=102.50s pos_err=0.090m T=20.22N z=5.793 m_est=2.064
[INFO] [1789418014.867897875] [acados_nmpc_node]: [attach-window] t=102.56s pos_err=0.192m T=20.08N z=5.787 m_est=2.064
[INFO] [1789418014.912040660] [acados_nmpc_node]: [attach-window] t=102.60s pos_err=0.104m T=20.23N z=5.771 m_est=2.064
[INFO] [1789418014.919487857] [acados_nmpc_node]: [wcmd] raw=[-0.049,-0.104,+0.194] w=[-0.058,-0.105,+0.156] err=[+0.010,+0.001] scaled=[-0.049,-0.104] s=1.00
[INFO] [1789418014.968441083] [acados_nmpc_node]: [attach-window] t=102.66s pos_err=0.179m T=20.12N z=5.764 m_est=2.064
[INFO] [1789418015.012025329] [acados_nmpc_node]: [attach-window] t=102.70s pos_err=0.096m T=20.24N z=5.748 m_est=2.064
[INFO] [1789418015.067951592] [acados_nmpc_node]: [attach-window] t=102.76s pos_err=0.192m T=20.12N z=5.742 m_est=2.064
[INFO] [1789418015.111964417] [acados_nmpc_node]: [attach-window] t=102.80s pos_err=0.110m T=20.23N z=5.727 m_est=2.064
[INFO] [1789418015.119487379] [acados_nmpc_node]: [wcmd] raw=[-0.023,-0.135,+0.238] w=[-0.060,-0.102,+0.191] err=[+0.037,-0.033] scaled=[-0.023,-0.135] s=1.00
[INFO] [1789418015.167980642] [acados_nmpc_node]: [attach-window] t=102.86s pos_err=0.182m T=20.13N z=5.720 m_est=2.064
[INFO] [1789418015.211936019] [acados_nmpc_node]: [attach-window] t=102.90s pos_err=0.104m T=20.25N z=5.704 m_est=2.064
[INFO] [1789418015.267742404] [acados_nmpc_node]: [attach-window] t=102.96s pos_err=0.195m T=20.13N z=5.699 m_est=2.064
[INFO] [1789418015.311938060] [acados_nmpc_node]: [attach-window] t=103.00s pos_err=0.118m T=20.26N z=5.684 m_est=2.064
[INFO] [1789418015.319542828] [acados_nmpc_node]: [wcmd] raw=[+0.012,-0.136,+0.294] w=[-0.028,-0.112,+0.230] err=[+0.040,-0.024] scaled=[+0.012,-0.136] s=1.00
[INFO] [1789418015.368243596] [acados_nmpc_node]: [attach-window] t=103.06s pos_err=0.185m T=20.17N z=5.677 m_est=2.064
[INFO] [1789418015.412046104] [acados_nmpc_node]: [attach-window] t=103.10s pos_err=0.131m T=20.27N z=5.663 m_est=2.064
[INFO] [1789418015.467815087] [acados_nmpc_node]: [attach-window] t=103.16s pos_err=0.194m T=20.19N z=5.656 m_est=2.064
[INFO] [1789418015.512050462] [acados_nmpc_node]: [attach-window] t=103.20s pos_err=0.123m T=20.33N z=5.641 m_est=2.064
[INFO] [1789418015.519529525] [acados_nmpc_node]: [wcmd] raw=[+0.021,-0.159,+0.364] w=[-0.014,-0.090,+0.279] err=[+0.035,-0.070] scaled=[+0.021,-0.159] s=1.00
[INFO] [1789418015.565623892] [acados_nmpc_node]: [attach-window] t=103.25s pos_err=0.177m T=20.27N z=5.635 m_est=2.064
[INFO] [1789418015.612273199] [acados_nmpc_node]: [attach-window] t=103.30s pos_err=0.132m T=20.34N z=5.622 m_est=2.064
[INFO] [1789418015.668033324] [acados_nmpc_node]: [attach-window] t=103.36s pos_err=0.187m T=20.26N z=5.615 m_est=2.064
[INFO] [1789418015.712254621] [acados_nmpc_node]: [attach-window] t=103.40s pos_err=0.124m T=20.38N z=5.601 m_est=2.064
[INFO] [1789418015.719502338] [acados_nmpc_node]: [wcmd] raw=[+0.015,-0.158,+0.450] w=[-0.017,-0.113,+0.343] err=[+0.032,-0.045] scaled=[+0.015,-0.158] s=1.00
[INFO] [1789418015.768426738] [acados_nmpc_node]: [attach-window] t=103.46s pos_err=0.173m T=20.31N z=5.595 m_est=2.064
[INFO] [1789418015.812087030] [acados_nmpc_node]: [attach-window] t=103.50s pos_err=0.116m T=20.43N z=5.581 m_est=2.064
[INFO] [1789418015.868159503] [acados_nmpc_node]: [attach-window] t=103.56s pos_err=0.175m T=20.32N z=5.576 m_est=2.064
[INFO] [1789418015.912284086] [acados_nmpc_node]: [attach-window] t=103.60s pos_err=0.120m T=20.44N z=5.562 m_est=2.064
[INFO] [1789418015.919511647] [acados_nmpc_node]: [wcmd] raw=[+0.003,-0.114,+0.554] w=[-0.022,-0.116,+0.421] err=[+0.026,+0.003] scaled=[+0.003,-0.114] s=1.00
[INFO] [1789418015.968109627] [acados_nmpc_node]: [attach-window] t=103.66s pos_err=0.158m T=20.35N z=5.556 m_est=2.064
[INFO] [1789418016.012311330] [acados_nmpc_node]: [attach-window] t=103.70s pos_err=0.121m T=20.44N z=5.544 m_est=2.064
[INFO] [1789418016.068127313] [acados_nmpc_node]: [attach-window] t=103.76s pos_err=0.158m T=20.35N z=5.538 m_est=2.064
[INFO] [1789418016.112109136] [acados_nmpc_node]: [attach-window] t=103.80s pos_err=0.112m T=20.47N z=5.525 m_est=2.064
[INFO] [1789418016.119493144] [acados_nmpc_node]: [wcmd] raw=[+0.015,-0.103,+0.665] w=[-0.048,-0.042,+0.517] err=[+0.063,-0.061] scaled=[+0.015,-0.103] s=1.00
[INFO] [1789418016.168037152] [acados_nmpc_node]: [attach-window] t=103.86s pos_err=0.141m T=20.41N z=5.519 m_est=2.064
[INFO] [1789418016.211279307] [acados_nmpc_node]: [attach-window] t=103.90s pos_err=0.111m T=20.48N z=5.508 m_est=2.064
[INFO] [1789418016.267677260] [acados_nmpc_node]: [attach-window] t=103.96s pos_err=0.138m T=20.41N z=5.502 m_est=2.064
[INFO] [1789418016.311961080] [acados_nmpc_node]: [attach-window] t=104.00s pos_err=0.102m T=20.50N z=5.490 m_est=2.064
[INFO] [1789418016.319507006] [acados_nmpc_node]: [wcmd] raw=[+0.037,-0.105,+0.792] w=[-0.034,-0.046,+0.625] err=[+0.071,-0.059] scaled=[+0.037,-0.105] s=1.00
[INFO] [1789418016.367756922] [acados_nmpc_node]: [attach-window] t=104.06s pos_err=0.122m T=20.45N z=5.484 m_est=2.064
[INFO] [1789418016.412102085] [acados_nmpc_node]: [attach-window] t=104.10s pos_err=0.099m T=20.49N z=5.474 m_est=2.064
[INFO] [1789418016.467554188] [acados_nmpc_node]: [attach-window] t=104.16s pos_err=0.108m T=20.46N z=5.467 m_est=2.064
[INFO] [1789418016.511992620] [acados_nmpc_node]: [attach-window] t=104.20s pos_err=0.091m T=20.49N z=5.457 m_est=2.064
[INFO] [1789418016.519488937] [acados_nmpc_node]: [wcmd] raw=[+0.041,-0.090,+0.906] w=[-0.010,-0.055,+0.749] err=[+0.052,-0.034] scaled=[+0.041,-0.090] s=1.00
[INFO] [1789418016.568536511] [acados_nmpc_node]: [attach-window] t=104.26s pos_err=0.104m T=20.45N z=5.452 m_est=2.064
[INFO] [1789418016.612162635] [acados_nmpc_node]: [attach-window] t=104.30s pos_err=0.086m T=20.49N z=5.442 m_est=2.064
[INFO] [1789418016.667886835] [acados_nmpc_node]: [attach-window] t=104.36s pos_err=0.098m T=20.45N z=5.437 m_est=2.064
[INFO] [1789418016.712140966] [acados_nmpc_node]: [attach-window] t=104.40s pos_err=0.081m T=20.49N z=5.426 m_est=2.064
[INFO] [1789418016.719499370] [acados_nmpc_node]: [wcmd] raw=[+0.041,-0.081,+0.986] w=[-0.015,-0.020,+0.870] err=[+0.056,-0.060] scaled=[+0.041,-0.081] s=1.00
[INFO] [1789418016.767871855] [acados_nmpc_node]: [attach-window] t=104.46s pos_err=0.085m T=20.47N z=5.421 m_est=2.064
[INFO] [1789418016.812018753] [acados_nmpc_node]: [attach-window] t=104.50s pos_err=0.075m T=20.48N z=5.412 m_est=2.064
[INFO] [1789418016.868514044] [acados_nmpc_node]: [attach-window] t=104.56s pos_err=0.079m T=20.47N z=5.407 m_est=2.064
[INFO] [1789418016.912140072] [acados_nmpc_node]: [attach-window] t=104.60s pos_err=0.071m T=20.48N z=5.396 m_est=2.064
[INFO] [1789418016.919570318] [acados_nmpc_node]: [wcmd] raw=[+0.055,-0.112,+1.001] w=[+0.006,-0.045,+0.974] err=[+0.049,-0.066] scaled=[+0.055,-0.112] s=1.00
[INFO] [1789418016.968321188] [acados_nmpc_node]: [attach-window] t=104.66s pos_err=0.067m T=20.50N z=5.391 m_est=2.064
[INFO] [1789418017.012034872] [acados_nmpc_node]: [attach-window] t=104.70s pos_err=0.064m T=20.50N z=5.382 m_est=2.064
[INFO] [1789418017.067448358] [acados_nmpc_node]: [attach-window] t=104.76s pos_err=0.061m T=20.53N z=5.377 m_est=2.064
[INFO] [1789418017.112143237] [acados_nmpc_node]: [attach-window] t=104.80s pos_err=0.061m T=20.52N z=5.366 m_est=2.064
[INFO] [1789418017.119445756] [acados_nmpc_node]: [wcmd] raw=[+0.044,-0.114,+0.934] w=[+0.015,-0.036,+1.035] err=[+0.030,-0.079] scaled=[+0.044,-0.114] s=1.00
[INFO] [1789418017.167772712] [acados_nmpc_node]: [attach-window] t=104.86s pos_err=0.051m T=20.56N z=5.362 m_est=2.064
[INFO] [1789418017.212047095] [acados_nmpc_node]: [attach-window] t=104.90s pos_err=0.053m T=20.54N z=5.353 m_est=2.064
[INFO] [1789418017.267765562] [acados_nmpc_node]: [attach-window] t=104.96s pos_err=0.047m T=20.57N z=5.348 m_est=2.064
[INFO] [1789418017.312071861] [acados_nmpc_node]: [attach-window] t=105.00s pos_err=0.052m T=20.52N z=5.339 m_est=2.064
[INFO] [1789418017.319453071] [acados_nmpc_node]: [wcmd] raw=[+0.022,-0.106,+0.793] w=[+0.024,-0.044,+1.025] err=[-0.003,-0.062] scaled=[+0.022,-0.106] s=1.00
[INFO] [1789418017.368224496] [acados_nmpc_node]: [attach-window] t=105.06s pos_err=0.038m T=20.57N z=5.334 m_est=2.064
[INFO] [1789418017.412240132] [acados_nmpc_node]: [attach-window] t=105.10s pos_err=0.041m T=20.50N z=5.327 m_est=2.064
[INFO] [1789418017.467780930] [acados_nmpc_node]: [attach-window] t=105.16s pos_err=0.037m T=20.53N z=5.323 m_est=2.064
[INFO] [1789418017.512262067] [acados_nmpc_node]: [attach-window] t=105.20s pos_err=0.041m T=20.44N z=5.316 m_est=2.064
[INFO] [1789418017.519503528] [acados_nmpc_node]: [wcmd] raw=[-0.015,-0.123,+0.611] w=[+0.012,-0.048,+0.937] err=[-0.027,-0.075] scaled=[-0.015,-0.123] s=1.00
[INFO] [1789418017.567903439] [acados_nmpc_node]: [attach-window] t=105.26s pos_err=0.029m T=20.49N z=5.313 m_est=2.064
[INFO] [1789418017.612360367] [acados_nmpc_node]: [attach-window] t=105.30s pos_err=0.029m T=20.39N z=5.307 m_est=2.064
[INFO] [1789418017.667880568] [acados_nmpc_node]: [attach-window] t=105.36s pos_err=0.035m T=20.44N z=5.304 m_est=2.064
[INFO] [1789418017.712364726] [acados_nmpc_node]: [attach-window] t=105.40s pos_err=0.030m T=20.32N z=5.299 m_est=2.064
[INFO] [1789418017.719521040] [acados_nmpc_node]: [wcmd] raw=[-0.036,-0.139,+0.432] w=[-0.016,-0.063,+0.789] err=[-0.019,-0.076] scaled=[-0.036,-0.139] s=1.00
[INFO] [1789418017.768255243] [acados_nmpc_node]: [attach-window] t=105.46s pos_err=0.031m T=20.40N z=5.296 m_est=2.064
[INFO] [1789418017.812349383] [acados_nmpc_node]: [attach-window] t=105.50s pos_err=0.019m T=20.30N z=5.291 m_est=2.064
[INFO] [1789418017.868183771] [acados_nmpc_node]: [attach-window] t=105.56s pos_err=0.045m T=20.38N z=5.289 m_est=2.064
[INFO] [1789418017.912275619] [acados_nmpc_node]: [attach-window] t=105.60s pos_err=0.023m T=20.24N z=5.284 m_est=2.064
[INFO] [1789418017.919500575] [acados_nmpc_node]: [wcmd] raw=[-0.019,-0.155,+0.289] w=[-0.016,-0.065,+0.609] err=[-0.003,-0.090] scaled=[-0.019,-0.155] s=1.00
[INFO] [1789418017.967664794] [acados_nmpc_node]: [attach-window] t=105.66s pos_err=0.045m T=20.34N z=5.282 m_est=2.064
[INFO] [1789418018.012133976] [acados_nmpc_node]: [attach-window] t=105.70s pos_err=0.029m T=20.18N z=5.278 m_est=2.064
[INFO] [1789418018.067468414] [acados_nmpc_node]: [attach-window] t=105.76s pos_err=0.046m T=20.30N z=5.276 m_est=2.064
[INFO] [1789418018.111737483] [acados_nmpc_node]: [attach-window] t=105.80s pos_err=0.027m T=20.20N z=5.272 m_est=2.064
[INFO] [1789418018.119450969] [acados_nmpc_node]: [wcmd] raw=[-0.010,-0.136,+0.196] w=[-0.002,-0.119,+0.438] err=[-0.008,-0.016] scaled=[-0.010,-0.136] s=1.00
[INFO] [1789418018.167762670] [acados_nmpc_node]: [attach-window] t=105.86s pos_err=0.064m T=20.31N z=5.270 m_est=2.064
[INFO] [1789418018.211772478] [acados_nmpc_node]: [attach-window] t=105.90s pos_err=0.031m T=20.19N z=5.266 m_est=2.064
[INFO] [1789418018.267576119] [acados_nmpc_node]: [attach-window] t=105.96s pos_err=0.065m T=20.30N z=5.264 m_est=2.064
[INFO] [1789418018.311743885] [acados_nmpc_node]: [attach-window] t=106.00s pos_err=0.037m T=20.21N z=5.261 m_est=2.064
[INFO] [1789418018.319494544] [acados_nmpc_node]: [wcmd] raw=[+0.000,-0.114,+0.164] w=[-0.004,-0.101,+0.304] err=[+0.004,-0.013] scaled=[+0.000,-0.114] s=1.00
[INFO] [1789418018.367569712] [acados_nmpc_node]: [attach-window] t=106.06s pos_err=0.084m T=20.32N z=5.259 m_est=2.064
[INFO] [1789418018.368045731] [acados_nmpc_node]: t=106.1s | pos_err=0.084m | T=20.32N | tau=[r-0.020 p0.097 y-0.043]Nm | res_stat=6.557e-07(peak 1.311e-02) sqp_iter=5 | solve=2.0ms
[INFO] [1789418018.368249625] [acados_nmpc_node]: [flight-diag] t=106.1s | om_scale=1.000(lo 1.000 hi 1.000) | tilt_max=9.82deg | w_max=[r0.081 p0.196 y1.040]rad/s | u_frac=[T0.656 r0.075 p0.319 y0.721] | u_sat=[T0.0 r0.0 p0.0 y0.0]% | mot_peak=0.837 mot_sat=0.0% | health=1 age=0.000s conf=0.001 | n=100
[INFO] [1789418018.411780687] [acados_nmpc_node]: [attach-window] t=106.10s pos_err=0.039m T=20.19N z=5.256 m_est=2.064
[INFO] [1789418018.467808404] [acados_nmpc_node]: [attach-window] t=106.16s pos_err=0.103m T=20.34N z=5.255 m_est=2.064
[INFO] [1789418018.511755623] [acados_nmpc_node]: [attach-window] t=106.20s pos_err=0.050m T=20.20N z=5.252 m_est=2.064
[INFO] [1789418018.519475958] [acados_nmpc_node]: [wcmd] raw=[+0.030,-0.139,+0.172] w=[-0.002,-0.063,+0.219] err=[+0.032,-0.076] scaled=[+0.030,-0.139] s=1.00
[INFO] [1789418018.568274905] [acados_nmpc_node]: [attach-window] t=106.26s pos_err=0.104m T=20.32N z=5.250 m_est=2.064
[INFO] [1789418018.611962573] [acados_nmpc_node]: [attach-window] t=106.30s pos_err=0.063m T=20.20N z=5.247 m_est=2.064
[INFO] [1789418018.668236713] [acados_nmpc_node]: [attach-window] t=106.36s pos_err=0.123m T=20.33N z=5.246 m_est=2.064
[INFO] [1789418018.711776581] [acados_nmpc_node]: [attach-window] t=106.40s pos_err=0.060m T=20.17N z=5.242 m_est=2.064
[INFO] [1789418018.719540612] [acados_nmpc_node]: [wcmd] raw=[+0.068,-0.194,+0.206] w=[+0.023,-0.112,+0.185] err=[+0.045,-0.082] scaled=[+0.068,-0.194] s=1.00
[INFO] [1789418018.767725875] [acados_nmpc_node]: [attach-window] t=106.46s pos_err=0.120m T=20.32N z=5.241 m_est=2.064
[INFO] [1789418018.811732674] [acados_nmpc_node]: [attach-window] t=106.50s pos_err=0.074m T=20.19N z=5.238 m_est=2.064
[INFO] [1789418018.867609792] [acados_nmpc_node]: [attach-window] t=106.56s pos_err=0.137m T=20.33N z=5.237 m_est=2.064
[INFO] [1789418018.911044968] [acados_nmpc_node]: [attach-window] t=106.60s pos_err=0.067m T=20.16N z=5.234 m_est=2.064
[INFO] [1789418018.919487149] [acados_nmpc_node]: [wcmd] raw=[+0.062,-0.211,+0.246] w=[+0.039,-0.133,+0.189] err=[+0.023,-0.078] scaled=[+0.062,-0.211] s=1.00
[INFO] [1789418018.965526362] [acados_nmpc_node]: [attach-window] t=106.65s pos_err=0.127m T=20.29N z=5.232 m_est=2.064
[INFO] [1789418019.011213967] [acados_nmpc_node]: [attach-window] t=106.70s pos_err=0.081m T=20.18N z=5.230 m_est=2.064
[INFO] [1789418019.065021265] [acados_nmpc_node]: [attach-window] t=106.75s pos_err=0.141m T=20.29N z=5.230 m_est=2.064
[INFO] [1789418019.111947968] [acados_nmpc_node]: [attach-window] t=106.80s pos_err=0.075m T=20.16N z=5.228 m_est=2.064
[INFO] [1789418019.119557862] [acados_nmpc_node]: [wcmd] raw=[+0.027,-0.190,+0.280] w=[+0.014,-0.123,+0.217] err=[+0.014,-0.067] scaled=[+0.027,-0.190] s=1.00
[INFO] [1789418019.167447818] [acados_nmpc_node]: [attach-window] t=106.86s pos_err=0.140m T=20.27N z=5.227 m_est=2.064
[INFO] [1789418019.211963496] [acados_nmpc_node]: [attach-window] t=106.90s pos_err=0.090m T=20.18N z=5.226 m_est=2.064
[INFO] [1789418019.267765719] [acados_nmpc_node]: [attach-window] t=106.96s pos_err=0.157m T=20.28N z=5.226 m_est=2.064
[INFO] [1789418019.311944768] [acados_nmpc_node]: [attach-window] t=107.00s pos_err=0.084m T=20.18N z=5.225 m_est=2.064
[INFO] [1789418019.319498054] [acados_nmpc_node]: [wcmd] raw=[+0.018,-0.160,+0.304] w=[-0.013,-0.116,+0.251] err=[+0.030,-0.044] scaled=[+0.018,-0.160] s=1.00
[INFO] [1789418019.367598962] [acados_nmpc_node]: [attach-window] t=107.06s pos_err=0.149m T=20.28N z=5.224 m_est=2.064
[INFO] [1789418019.411976655] [acados_nmpc_node]: [attach-window] t=107.10s pos_err=0.078m T=20.17N z=5.223 m_est=2.064
[INFO] [1789418019.467559825] [acados_nmpc_node]: [attach-window] t=107.16s pos_err=0.142m T=20.27N z=5.223 m_est=2.064
[INFO] [1789418019.511977909] [acados_nmpc_node]: [attach-window] t=107.20s pos_err=0.092m T=20.19N z=5.224 m_est=2.064
[INFO] [1789418019.519512022] [acados_nmpc_node]: [wcmd] raw=[+0.010,-0.145,+0.316] w=[-0.001,-0.161,+0.283] err=[+0.011,+0.016] scaled=[+0.010,-0.145] s=1.00
[INFO] [1789418019.567602322] [acados_nmpc_node]: [attach-window] t=107.26s pos_err=0.156m T=20.27N z=5.224 m_est=2.064
[INFO] [1789418019.612044684] [acados_nmpc_node]: [attach-window] t=107.30s pos_err=0.106m T=20.22N z=5.224 m_est=2.064
[INFO] [1789418019.667845938] [acados_nmpc_node]: [attach-window] t=107.36s pos_err=0.171m T=20.29N z=5.225 m_est=2.064
[INFO] [1789418019.712242358] [acados_nmpc_node]: [attach-window] t=107.40s pos_err=0.099m T=20.23N z=5.225 m_est=2.064
[INFO] [1789418019.719614792] [acados_nmpc_node]: [wcmd] raw=[-0.008,-0.142,+0.329] w=[-0.028,-0.083,+0.307] err=[+0.020,-0.059] scaled=[-0.008,-0.142] s=1.00
[INFO] [1789418019.767811887] [acados_nmpc_node]: [attach-window] t=107.46s pos_err=0.163m T=20.31N z=5.226 m_est=2.064
[INFO] [1789418019.811982443] [acados_nmpc_node]: [attach-window] t=107.50s pos_err=0.113m T=20.25N z=5.227 m_est=2.064
[INFO] [1789418019.867564017] [acados_nmpc_node]: [attach-window] t=107.56s pos_err=0.176m T=20.32N z=5.228 m_est=2.064
[INFO] [1789418019.911998707] [acados_nmpc_node]: [attach-window] t=107.60s pos_err=0.107m T=20.23N z=5.230 m_est=2.064
[INFO] [1789418019.919499558] [acados_nmpc_node]: [wcmd] raw=[+0.005,-0.169,+0.343] w=[-0.032,-0.112,+0.326] err=[+0.037,-0.058] scaled=[+0.005,-0.169] s=1.00
[INFO] [1789418019.967515060] [acados_nmpc_node]: [attach-window] t=107.66s pos_err=0.168m T=20.32N z=5.231 m_est=2.064
[INFO] [1789418020.011991573] [acados_nmpc_node]: [attach-window] t=107.70s pos_err=0.100m T=20.21N z=5.233 m_est=2.064
[INFO] [1789418020.068417834] [acados_nmpc_node]: [attach-window] t=107.76s pos_err=0.181m T=20.33N z=5.234 m_est=2.064
[INFO] [1789418020.112200062] [acados_nmpc_node]: [attach-window] t=107.80s pos_err=0.112m T=20.25N z=5.236 m_est=2.064
[INFO] [1789418020.119559175] [acados_nmpc_node]: [wcmd] raw=[+0.023,-0.152,+0.369] w=[+0.001,-0.173,+0.343] err=[+0.022,+0.021] scaled=[+0.023,-0.152] s=1.00
[INFO] [1789418020.168852962] [acados_nmpc_node]: [attach-window] t=107.86s pos_err=0.172m T=20.33N z=5.237 m_est=2.064
[INFO] [1789418020.212287585] [acados_nmpc_node]: [attach-window] t=107.90s pos_err=0.124m T=20.29N z=5.239 m_est=2.064
[INFO] [1789418020.268362938] [acados_nmpc_node]: [attach-window] t=107.96s pos_err=0.181m T=20.37N z=5.240 m_est=2.064
[INFO] [1789418020.312264519] [acados_nmpc_node]: [attach-window] t=108.00s pos_err=0.116m T=20.31N z=5.243 m_est=2.064
[INFO] [1789418020.319627846] [acados_nmpc_node]: [wcmd] raw=[+0.030,-0.158,+0.413] w=[-0.008,-0.101,+0.365] err=[+0.037,-0.058] scaled=[+0.030,-0.158] s=1.00
[INFO] [1789418020.368417679] [acados_nmpc_node]: [attach-window] t=108.06s pos_err=0.170m T=20.39N z=5.245 m_est=2.064
[INFO] [1789418020.412199354] [acados_nmpc_node]: [attach-window] t=108.10s pos_err=0.125m T=20.35N z=5.247 m_est=2.064
[INFO] [1789418020.468381312] [acados_nmpc_node]: [attach-window] t=108.16s pos_err=0.177m T=20.43N z=5.248 m_est=2.064
[INFO] [1789418020.511386344] [acados_nmpc_node]: [attach-window] t=108.20s pos_err=0.118m T=20.37N z=5.252 m_est=2.064
[INFO] [1789418020.519591709] [acados_nmpc_node]: [wcmd] raw=[+0.025,-0.168,+0.479] w=[-0.004,-0.129,+0.400] err=[+0.029,-0.039] scaled=[+0.025,-0.168] s=1.00
[INFO] [1789418020.568154364] [acados_nmpc_node]: [attach-window] t=108.26s pos_err=0.165m T=20.45N z=5.253 m_est=2.064
[INFO] [1789418020.612169393] [acados_nmpc_node]: [attach-window] t=108.30s pos_err=0.126m T=20.41N z=5.257 m_est=2.064
[INFO] [1789418020.668268902] [acados_nmpc_node]: [attach-window] t=108.36s pos_err=0.171m T=20.47N z=5.258 m_est=2.064
[INFO] [1789418020.712161242] [acados_nmpc_node]: [attach-window] t=108.40s pos_err=0.120m T=20.41N z=5.263 m_est=2.064
[INFO] [1789418020.719527757] [acados_nmpc_node]: [wcmd] raw=[+0.014,-0.125,+0.563] w=[-0.027,-0.102,+0.454] err=[+0.040,-0.022] scaled=[+0.014,-0.125] s=1.00
[INFO] [1789418020.767994715] [acados_nmpc_node]: [attach-window] t=108.46s pos_err=0.161m T=20.47N z=5.265 m_est=2.064
[INFO] [1789418020.812393118] [acados_nmpc_node]: [attach-window] t=108.50s pos_err=0.118m T=20.40N z=5.271 m_est=2.064
[INFO] [1789418020.867850525] [acados_nmpc_node]: [attach-window] t=108.56s pos_err=0.167m T=20.49N z=5.272 m_est=2.064
[INFO] [1789418020.912313368] [acados_nmpc_node]: [attach-window] t=108.60s pos_err=0.127m T=20.42N z=5.278 m_est=2.064
[INFO] [1789418020.919470975] [acados_nmpc_node]: [wcmd] raw=[+0.032,-0.079,+0.675] w=[-0.018,-0.085,+0.530] err=[+0.050,+0.006] scaled=[+0.032,-0.079] s=1.00
[INFO] [1789418020.968496964] [acados_nmpc_node]: [attach-window] t=108.66s pos_err=0.161m T=20.48N z=5.281 m_est=2.064
[INFO] [1789418021.012397902] [acados_nmpc_node]: [attach-window] t=108.70s pos_err=0.127m T=20.40N z=5.287 m_est=2.064
[INFO] [1789418021.067927046] [acados_nmpc_node]: [attach-window] t=108.76s pos_err=0.156m T=20.48N z=5.289 m_est=2.064
[INFO] [1789418021.112281608] [acados_nmpc_node]: [attach-window] t=108.80s pos_err=0.136m T=20.42N z=5.295 m_est=2.064
[INFO] [1789418021.119436757] [acados_nmpc_node]: [wcmd] raw=[+0.044,-0.074,+0.794] w=[+0.005,-0.074,+0.624] err=[+0.039,+0.000] scaled=[+0.044,-0.074] s=1.00
[INFO] [1789418021.168643627] [acados_nmpc_node]: [attach-window] t=108.86s pos_err=0.164m T=20.50N z=5.298 m_est=2.064
[INFO] [1789418021.212427751] [acados_nmpc_node]: [attach-window] t=108.90s pos_err=0.138m T=20.40N z=5.305 m_est=2.064
[INFO] [1789418021.268084601] [acados_nmpc_node]: [attach-window] t=108.96s pos_err=0.168m T=20.51N z=5.307 m_est=2.064
[INFO] [1789418021.312318610] [acados_nmpc_node]: [attach-window] t=109.00s pos_err=0.145m T=20.40N z=5.315 m_est=2.064
[INFO] [1789418021.319499868] [acados_nmpc_node]: [wcmd] raw=[+0.024,-0.082,+0.908] w=[-0.006,-0.064,+0.739] err=[+0.031,-0.018] scaled=[+0.024,-0.082] s=1.00
[INFO] [1789418021.368428862] [acados_nmpc_node]: [attach-window] t=109.06s pos_err=0.163m T=20.49N z=5.319 m_est=2.064
[INFO] [1789418021.412350417] [acados_nmpc_node]: [attach-window] t=109.10s pos_err=0.145m T=20.36N z=5.327 m_est=2.064
[INFO] [1789418021.468102469] [acados_nmpc_node]: [attach-window] t=109.16s pos_err=0.164m T=20.50N z=5.329 m_est=2.064
[INFO] [1789418021.512303837] [acados_nmpc_node]: [attach-window] t=109.20s pos_err=0.147m T=20.37N z=5.338 m_est=2.064
[INFO] [1789418021.519550195] [acados_nmpc_node]: [wcmd] raw=[+0.005,-0.093,+0.987] w=[-0.028,-0.083,+0.859] err=[+0.033,-0.010] scaled=[+0.005,-0.093] s=1.00
[INFO] [1789418021.567796485] [acados_nmpc_node]: [attach-window] t=109.26s pos_err=0.156m T=20.48N z=5.342 m_est=2.064
[INFO] [1789418021.612267624] [acados_nmpc_node]: [attach-window] t=109.30s pos_err=0.146m T=20.38N z=5.351 m_est=2.064
[INFO] [1789418021.668099708] [acados_nmpc_node]: [attach-window] t=109.36s pos_err=0.152m T=20.50N z=5.355 m_est=2.064
[INFO] [1789418021.712271044] [acados_nmpc_node]: [attach-window] t=109.40s pos_err=0.143m T=20.36N z=5.366 m_est=2.064
[INFO] [1789418021.719453134] [acados_nmpc_node]: [wcmd] raw=[+0.006,-0.109,+0.999] w=[-0.050,-0.050,+0.963] err=[+0.056,-0.059] scaled=[+0.006,-0.109] s=1.00
[INFO] [1789418021.767869939] [acados_nmpc_node]: [attach-window] t=109.46s pos_err=0.142m T=20.49N z=5.370 m_est=2.064
[INFO] [1789418021.812335373] [acados_nmpc_node]: [attach-window] t=109.50s pos_err=0.142m T=20.32N z=5.381 m_est=2.064
[INFO] [1789418021.867927592] [acados_nmpc_node]: [attach-window] t=109.56s pos_err=0.133m T=20.47N z=5.386 m_est=2.064
[INFO] [1789418021.912299076] [acados_nmpc_node]: [attach-window] t=109.60s pos_err=0.136m T=20.35N z=5.397 m_est=2.064
[INFO] [1789418021.919487126] [acados_nmpc_node]: [wcmd] raw=[+0.009,-0.100,+0.926] w=[-0.012,-0.100,+1.022] err=[+0.020,-0.000] scaled=[+0.009,-0.100] s=1.00
[INFO] [1789418021.967527453] [acados_nmpc_node]: [attach-window] t=109.66s pos_err=0.124m T=20.51N z=5.402 m_est=2.064
[INFO] [1789418022.012070907] [acados_nmpc_node]: [attach-window] t=109.70s pos_err=0.130m T=20.40N z=5.412 m_est=2.064
[INFO] [1789418022.067816862] [acados_nmpc_node]: [attach-window] t=109.76s pos_err=0.115m T=20.56N z=5.417 m_est=2.064
[INFO] [1789418022.112092249] [acados_nmpc_node]: [attach-window] t=109.80s pos_err=0.130m T=20.38N z=5.429 m_est=2.064
[INFO] [1789418022.119449681] [acados_nmpc_node]: [wcmd] raw=[+0.003,-0.097,+0.779] w=[-0.022,+0.000,+1.006] err=[+0.025,-0.097] scaled=[+0.003,-0.097] s=1.00
[INFO] [1789418022.167900332] [acados_nmpc_node]: [attach-window] t=109.86s pos_err=0.107m T=20.55N z=5.434 m_est=2.064
[INFO] [1789418022.212162842] [acados_nmpc_node]: [attach-window] t=109.90s pos_err=0.122m T=20.40N z=5.445 m_est=2.064
[INFO] [1789418022.267898697] [acados_nmpc_node]: [attach-window] t=109.96s pos_err=0.101m T=20.52N z=5.452 m_est=2.064
[INFO] [1789418022.312291120] [acados_nmpc_node]: [attach-window] t=110.00s pos_err=0.124m T=20.34N z=5.464 m_est=2.064
[INFO] [1789418022.319537862] [acados_nmpc_node]: [wcmd] raw=[-0.006,-0.139,+0.590] w=[-0.002,-0.040,+0.916] err=[-0.004,-0.099] scaled=[-0.006,-0.139] s=1.00
[INFO] [1789418022.367855647] [acados_nmpc_node]: [attach-window] t=110.06s pos_err=0.089m T=20.54N z=5.470 m_est=2.064
[INFO] [1789418022.412410611] [acados_nmpc_node]: [attach-window] t=110.10s pos_err=0.114m T=20.36N z=5.482 m_est=2.064
[INFO] [1789418022.467860170] [acados_nmpc_node]: [attach-window] t=110.16s pos_err=0.076m T=20.54N z=5.488 m_est=2.064
[INFO] [1789418022.512298076] [acados_nmpc_node]: [attach-window] t=110.20s pos_err=0.119m T=20.27N z=5.502 m_est=2.064
[INFO] [1789418022.519434792] [acados_nmpc_node]: [wcmd] raw=[-0.037,-0.126,+0.400] w=[-0.011,-0.040,+0.764] err=[-0.026,-0.086] scaled=[-0.037,-0.126] s=1.00
[INFO] [1789418022.567936071] [acados_nmpc_node]: [attach-window] t=110.26s pos_err=0.073m T=20.46N z=5.508 m_est=2.064
[INFO] [1789418022.612467196] [acados_nmpc_node]: [attach-window] t=110.30s pos_err=0.108m T=20.24N z=5.521 m_est=2.064
[INFO] [1789418022.667917083] [acados_nmpc_node]: [attach-window] t=110.36s pos_err=0.058m T=20.45N z=5.528 m_est=2.064
[INFO] [1789418022.712397580] [acados_nmpc_node]: [attach-window] t=110.40s pos_err=0.114m T=20.16N z=5.543 m_est=2.064
[INFO] [1789418022.719520970] [acados_nmpc_node]: [wcmd] raw=[-0.020,-0.150,+0.237] w=[-0.023,-0.039,+0.575] err=[+0.003,-0.111] scaled=[-0.020,-0.150] s=1.00
[INFO] [1789418022.767687889] [acados_nmpc_node]: [attach-window] t=110.46s pos_err=0.058m T=20.39N z=5.549 m_est=2.064
[INFO] [1789418022.812340994] [acados_nmpc_node]: [attach-window] t=110.50s pos_err=0.123m T=20.07N z=5.564 m_est=2.064
[INFO] [1789418022.867657475] [acados_nmpc_node]: [attach-window] t=110.56s pos_err=0.042m T=20.42N z=5.568 m_est=2.064
[INFO] [1789418022.912163784] [acados_nmpc_node]: [attach-window] t=110.60s pos_err=0.111m T=20.12N z=5.583 m_est=2.064
[INFO] [1789418022.919501264] [acados_nmpc_node]: [wcmd] raw=[+0.018,-0.143,+0.133] w=[+0.014,-0.112,+0.393] err=[+0.005,-0.031] scaled=[+0.018,-0.143] s=1.00
[INFO] [1789418022.967762939] [acados_nmpc_node]: [attach-window] t=110.66s pos_err=0.047m T=20.36N z=5.589 m_est=2.064
[INFO] [1789418023.012068877] [acados_nmpc_node]: [attach-window] t=110.70s pos_err=0.098m T=20.14N z=5.602 m_est=2.064
[INFO] [1789418023.067754270] [acados_nmpc_node]: [attach-window] t=110.76s pos_err=0.031m T=20.39N z=5.609 m_est=2.064
[INFO] [1789418023.112052193] [acados_nmpc_node]: [attach-window] t=110.80s pos_err=0.107m T=20.08N z=5.623 m_est=2.064
[INFO] [1789418023.119523803] [acados_nmpc_node]: [wcmd] raw=[+0.029,-0.157,+0.076] w=[+0.027,-0.032,+0.240] err=[+0.002,-0.124] scaled=[+0.029,-0.157] s=1.00
[INFO] [1789418023.167818238] [acados_nmpc_node]: [attach-window] t=110.86s pos_err=0.038m T=20.35N z=5.630 m_est=2.064
[INFO] [1789418023.212046827] [acados_nmpc_node]: [attach-window] t=110.90s pos_err=0.091m T=20.12N z=5.643 m_est=2.064
[INFO] [1789418023.267708327] [acados_nmpc_node]: [attach-window] t=110.96s pos_err=0.025m T=20.38N z=5.650 m_est=2.064
[INFO] [1789418023.311993070] [acados_nmpc_node]: [attach-window] t=111.00s pos_err=0.099m T=20.04N z=5.666 m_est=2.064
[INFO] [1789418023.319466111] [acados_nmpc_node]: [wcmd] raw=[+0.033,-0.187,+0.062] w=[+0.025,-0.089,+0.138] err=[+0.008,-0.099] scaled=[+0.033,-0.187] s=1.00
[INFO] [1789418023.367688762] [acados_nmpc_node]: [attach-window] t=111.06s pos_err=0.033m T=20.32N z=5.673 m_est=2.064
[INFO] [1789418023.368179905] [acados_nmpc_node]: t=111.1s | pos_err=0.033m | T=20.32N | tau=[r-0.016 p0.086 y-0.022]Nm | res_stat=5.730e-07(peak 1.311e-02) sqp_iter=5 | solve=2.2ms
[INFO] [1789418023.368387276] [acados_nmpc_node]: [flight-diag] t=111.1s | om_scale=1.000(lo 1.000 hi 1.000) | tilt_max=10.30deg | w_max=[r0.077 p0.173 y1.024]rad/s | u_frac=[T0.656 r0.082 p0.223 y0.734] | u_sat=[T0.0 r0.0 p0.0 y0.0]% | mot_peak=0.846 mot_sat=0.0% | health=1 age=0.000s conf=0.000 | n=100
[INFO] [1789418023.411771051] [acados_nmpc_node]: [attach-window] t=111.10s pos_err=0.085m T=20.06N z=5.687 m_est=2.064
[INFO] [1789418023.467721653] [acados_nmpc_node]: [attach-window] t=111.16s pos_err=0.030m T=20.33N z=5.694 m_est=2.064
[INFO] [1789418023.511729156] [acados_nmpc_node]: [attach-window] t=111.20s pos_err=0.094m T=19.98N z=5.710 m_est=2.064
[INFO] [1789418023.519444432] [acados_nmpc_node]: [wcmd] raw=[+0.041,-0.192,+0.072] w=[+0.023,-0.104,+0.080] err=[+0.018,-0.088] scaled=[+0.041,-0.192] s=1.00
[INFO] [1789418023.567573637] [acados_nmpc_node]: [attach-window] t=111.26s pos_err=0.036m T=20.26N z=5.717 m_est=2.064
[INFO] [1789418023.611872158] [acados_nmpc_node]: [attach-window] t=111.30s pos_err=0.104m T=19.88N z=5.733 m_est=2.064
[INFO] [1789418023.667290393] [acados_nmpc_node]: [attach-window] t=111.36s pos_err=0.043m T=20.18N z=5.741 m_est=2.064
[INFO] [1789418023.711781962] [acados_nmpc_node]: [attach-window] t=111.40s pos_err=0.090m T=19.93N z=5.755 m_est=2.064
[INFO] [1789418023.719434658] [acados_nmpc_node]: [wcmd] raw=[+0.043,-0.164,+0.089] w=[+0.035,-0.197,+0.062] err=[+0.009,+0.034] scaled=[+0.043,-0.164] s=1.00
[INFO] [1789418023.767634273] [acados_nmpc_node]: [attach-window] t=111.46s pos_err=0.046m T=20.20N z=5.763 m_est=2.064
[INFO] [1789418023.811747751] [acados_nmpc_node]: [attach-window] t=111.50s pos_err=0.077m T=20.00N z=5.777 m_est=2.064
[INFO] [1789418023.867753101] [acados_nmpc_node]: [attach-window] t=111.56s pos_err=0.058m T=20.23N z=5.785 m_est=2.064
[INFO] [1789418023.911703346] [acados_nmpc_node]: [attach-window] t=111.60s pos_err=0.085m T=19.95N z=5.801 m_est=2.064
[INFO] [1789418023.919478301] [acados_nmpc_node]: [wcmd] raw=[+0.040,-0.153,+0.099] w=[+0.027,-0.040,+0.065] err=[+0.013,-0.113] scaled=[+0.040,-0.153] s=1.00
[INFO] [1789418023.967451265] [acados_nmpc_node]: [attach-window] t=111.66s pos_err=0.060m T=20.21N z=5.808 m_est=2.064
[INFO] [1789418024.011676616] [acados_nmpc_node]: [attach-window] t=111.70s pos_err=0.072m T=19.96N z=5.823 m_est=2.064
[INFO] [1789418024.067367499] [acados_nmpc_node]: [attach-window] t=111.76s pos_err=0.076m T=20.22N z=5.830 m_est=2.064
[INFO] [1789418024.111701085] [acados_nmpc_node]: [attach-window] t=111.80s pos_err=0.078m T=19.85N z=5.847 m_est=2.064
[INFO] [1789418024.119452558] [acados_nmpc_node]: [wcmd] raw=[+0.062,-0.229,+0.094] w=[+0.038,-0.082,+0.075] err=[+0.024,-0.147] scaled=[+0.062,-0.229] s=1.00
[INFO] [1789418024.167649106] [acados_nmpc_node]: [attach-window] t=111.86s pos_err=0.075m T=20.13N z=5.855 m_est=2.064
[INFO] [1789418024.211774933] [acados_nmpc_node]: [attach-window] t=111.90s pos_err=0.083m T=19.73N z=5.872 m_est=2.064
[INFO] [1789418024.267438620] [acados_nmpc_node]: [attach-window] t=111.96s pos_err=0.073m T=20.03N z=5.880 m_est=2.064
[INFO] [1789418024.311015589] [acados_nmpc_node]: [attach-window] t=112.00s pos_err=0.071m T=19.79N z=5.895 m_est=2.064
[INFO] [1789418024.319453336] [acados_nmpc_node]: [wcmd] raw=[+0.066,-0.188,+0.074] w=[+0.070,-0.190,+0.080] err=[-0.004,+0.002] scaled=[+0.066,-0.188] s=1.00
[INFO] [1789418024.365103076] [acados_nmpc_node]: [attach-window] t=112.05s pos_err=0.083m T=20.04N z=5.902 m_est=2.064
[INFO] [1789418024.411052777] [acados_nmpc_node]: [attach-window] t=112.10s pos_err=0.065m T=19.88N z=5.917 m_est=2.064
[INFO] [1789418024.467449523] [acados_nmpc_node]: [attach-window] t=112.16s pos_err=0.105m T=20.11N z=5.924 m_est=2.064
[INFO] [1789418024.511706333] [acados_nmpc_node]: [attach-window] t=112.20s pos_err=0.067m T=19.88N z=5.940 m_est=2.064
[INFO] [1789418024.519464830] [acados_nmpc_node]: [wcmd] raw=[+0.027,-0.168,+0.044] w=[+0.059,-0.046,+0.072] err=[-0.031,-0.122] scaled=[+0.027,-0.168] s=1.00
[INFO] [1789418024.567679501] [acados_nmpc_node]: [attach-window] t=112.26s pos_err=0.102m T=20.13N z=5.947 m_est=2.064
[INFO] [1789418024.611926985] [acados_nmpc_node]: [attach-window] t=112.30s pos_err=0.071m T=19.82N z=5.963 m_est=2.064
[INFO] [1789418024.667611284] [acados_nmpc_node]: [attach-window] t=112.36s pos_err=0.099m T=20.07N z=5.970 m_est=2.064
[INFO] [1789418024.711743004] [acados_nmpc_node]: [attach-window] t=112.40s pos_err=0.070m T=19.84N z=5.985 m_est=2.064
[INFO] [1789418024.719585747] [acados_nmpc_node]: [wcmd] raw=[+0.000,-0.184,+0.008] w=[+0.023,-0.172,+0.050] err=[-0.023,-0.012] scaled=[+0.000,-0.184] s=1.00
[INFO] [1789418024.767800067] [acados_nmpc_node]: [attach-window] t=112.46s pos_err=0.122m T=20.06N z=5.992 m_est=2.064
[INFO] [1789418024.811742550] [acados_nmpc_node]: [attach-window] t=112.50s pos_err=0.078m T=19.89N z=6.007 m_est=2.064
[INFO] [1789418024.867626728] [acados_nmpc_node]: [attach-window] t=112.56s pos_err=0.119m T=20.01N z=6.016 m_est=2.064
[INFO] [1789418024.911752652] [acados_nmpc_node]: [attach-window] t=112.60s pos_err=0.081m T=19.84N z=6.031 m_est=2.064
[INFO] [1789418024.919500984] [acados_nmpc_node]: [wcmd] raw=[+0.007,-0.177,-0.026] w=[+0.013,-0.092,+0.022] err=[-0.006,-0.085] scaled=[+0.007,-0.177] s=1.00
[INFO] [1789418024.967571650] [acados_nmpc_node]: [attach-window] t=112.66s pos_err=0.142m T=20.05N z=6.038 m_est=2.064
[INFO] [1789418025.012103067] [acados_nmpc_node]: [attach-window] t=112.70s pos_err=0.095m T=19.90N z=6.053 m_est=2.064
[INFO] [1789418025.067626624] [acados_nmpc_node]: [attach-window] t=112.76s pos_err=0.165m T=20.08N z=6.060 m_est=2.064
[INFO] [1789418025.111991754] [acados_nmpc_node]: [attach-window] t=112.80s pos_err=0.096m T=19.86N z=6.075 m_est=2.064
[INFO] [1789418025.119533534] [acados_nmpc_node]: [wcmd] raw=[+0.027,-0.203,-0.058] w=[+0.032,-0.043,-0.011] err=[-0.005,-0.160] scaled=[+0.027,-0.203] s=1.00
[INFO] [1789418025.167575639] [acados_nmpc_node]: [attach-window] t=112.86s pos_err=0.161m T=20.06N z=6.082 m_est=2.064
[INFO] [1789418025.211918780] [acados_nmpc_node]: [attach-window] t=112.90s pos_err=0.096m T=19.79N z=6.098 m_est=2.064
[INFO] [1789418025.267531297] [acados_nmpc_node]: [attach-window] t=112.96s pos_err=0.156m T=20.01N z=6.105 m_est=2.064
[INFO] [1789418025.312065867] [acados_nmpc_node]: [attach-window] t=113.00s pos_err=0.107m T=19.84N z=6.119 m_est=2.064
[INFO] [1789418025.319643653] [acados_nmpc_node]: [wcmd] raw=[+0.043,-0.210,-0.086] w=[+0.048,-0.217,-0.046] err=[-0.004,+0.007] scaled=[+0.043,-0.210] s=1.00
[INFO] [1789418025.367746289] [acados_nmpc_node]: [attach-window] t=113.06s pos_err=0.174m T=20.03N z=6.126 m_est=2.064
[INFO] [1789418025.411994861] [acados_nmpc_node]: [attach-window] t=113.10s pos_err=0.118m T=19.94N z=6.139 m_est=2.064
[INFO] [1789418025.467628184] [acados_nmpc_node]: [attach-window] t=113.16s pos_err=0.165m T=20.05N z=6.147 m_est=2.064
[INFO] [1789418025.511948491] [acados_nmpc_node]: [attach-window] t=113.20s pos_err=0.111m T=19.97N z=6.159 m_est=2.064
[INFO] [1789418025.519429512] [acados_nmpc_node]: [wcmd] raw=[+0.048,-0.169,-0.112] w=[+0.069,-0.096,-0.078] err=[-0.021,-0.073] scaled=[+0.048,-0.169] s=1.00
[INFO] [1789418025.567655283] [acados_nmpc_node]: [attach-window] t=113.26s pos_err=0.181m T=20.13N z=6.165 m_est=2.064
[INFO] [1789418025.612023284] [acados_nmpc_node]: [attach-window] t=113.30s pos_err=0.124m T=20.07N z=6.177 m_est=2.064
[INFO] [1789418025.667821246] [acados_nmpc_node]: [attach-window] t=113.36s pos_err=0.199m T=20.18N z=6.184 m_est=2.064
[INFO] [1789418025.711991160] [acados_nmpc_node]: [attach-window] t=113.40s pos_err=0.117m T=20.07N z=6.197 m_est=2.064
[INFO] [1789418025.719478919] [acados_nmpc_node]: [wcmd] raw=[+0.032,-0.167,-0.138] w=[+0.066,-0.087,-0.108] err=[-0.034,-0.080] scaled=[+0.032,-0.167] s=1.00
[INFO] [1789418025.767918607] [acados_nmpc_node]: [attach-window] t=113.46s pos_err=0.189m T=20.19N z=6.203 m_est=2.064
[INFO] [1789418025.811968011] [acados_nmpc_node]: [attach-window] t=113.50s pos_err=0.131m T=20.09N z=6.215 m_est=2.064
[INFO] [1789418025.867785900] [acados_nmpc_node]: [attach-window] t=113.56s pos_err=0.206m T=20.20N z=6.221 m_est=2.064
[INFO] [1789418025.911997324] [acados_nmpc_node]: [attach-window] t=113.60s pos_err=0.124m T=20.07N z=6.235 m_est=2.064
[INFO] [1789418025.919492423] [acados_nmpc_node]: [wcmd] raw=[+0.012,-0.183,-0.168] w=[+0.047,-0.114,-0.138] err=[-0.035,-0.069] scaled=[+0.012,-0.183] s=1.00
[INFO] [1789418025.967620314] [acados_nmpc_node]: [attach-window] t=113.66s pos_err=0.197m T=20.19N z=6.241 m_est=2.064
[INFO] [1789418026.011954721] [acados_nmpc_node]: [attach-window] t=113.70s pos_err=0.139m T=20.09N z=6.254 m_est=2.064
[INFO] [1789418026.067656237] [acados_nmpc_node]: [attach-window] t=113.76s pos_err=0.213m T=20.18N z=6.260 m_est=2.064
[INFO] [1789418026.111985517] [acados_nmpc_node]: [attach-window] t=113.80s pos_err=0.132m T=20.07N z=6.274 m_est=2.064
[INFO] [1789418026.119509530] [acados_nmpc_node]: [wcmd] raw=[+0.010,-0.172,-0.205] w=[+0.034,-0.119,-0.166] err=[-0.024,-0.053] scaled=[+0.010,-0.172] s=1.00
[INFO] [1789418026.168022277] [acados_nmpc_node]: [attach-window] t=113.86s pos_err=0.203m T=20.16N z=6.281 m_est=2.064
[INFO] [1789418026.212101397] [acados_nmpc_node]: [attach-window] t=113.90s pos_err=0.126m T=20.02N z=6.297 m_est=2.064
[INFO] [1789418026.267992144] [acados_nmpc_node]: [attach-window] t=113.96s pos_err=0.194m T=20.10N z=6.304 m_est=2.064
[INFO] [1789418026.312022698] [acados_nmpc_node]: [attach-window] t=114.00s pos_err=0.141m T=20.02N z=6.318 m_est=2.064
[INFO] [1789418026.319567446] [acados_nmpc_node]: [wcmd] raw=[+0.004,-0.124,-0.250] w=[+0.027,-0.151,-0.201] err=[-0.022,+0.028] scaled=[+0.004,-0.124] s=1.00
[INFO] [1789418026.367995352] [acados_nmpc_node]: [attach-window] t=114.06s pos_err=0.208m T=20.09N z=6.325 m_est=2.064
[INFO] [1789418026.412248474] [acados_nmpc_node]: [attach-window] t=114.10s pos_err=0.155m T=20.06N z=6.338 m_est=2.064
[INFO] [1789418026.467825593] [acados_nmpc_node]: [attach-window] t=114.16s pos_err=0.221m T=20.12N z=6.345 m_est=2.064
[INFO] [1789418026.511950660] [acados_nmpc_node]: [attach-window] t=114.20s pos_err=0.147m T=20.08N z=6.360 m_est=2.064
[INFO] [1789418026.519487918] [acados_nmpc_node]: [wcmd] raw=[+0.017,-0.106,-0.312] w=[+0.044,-0.044,-0.242] err=[-0.027,-0.061] scaled=[+0.017,-0.106] s=1.00
[INFO] [1789418026.568314116] [acados_nmpc_node]: [attach-window] t=114.26s pos_err=0.211m T=20.16N z=6.366 m_est=2.064
[INFO] [1789418026.612309067] [acados_nmpc_node]: [attach-window] t=114.30s pos_err=0.160m T=20.13N z=6.379 m_est=2.064
[INFO] [1789418026.668559142] [acados_nmpc_node]: [attach-window] t=114.36s pos_err=0.223m T=20.20N z=6.385 m_est=2.064
[INFO] [1789418026.712585049] [acados_nmpc_node]: [attach-window] t=114.40s pos_err=0.152m T=20.14N z=6.399 m_est=2.064
[INFO] [1789418026.719566850] [acados_nmpc_node]: [wcmd] raw=[+0.006,-0.137,-0.387] w=[+0.053,-0.073,-0.296] err=[-0.047,-0.064] scaled=[+0.006,-0.137] s=1.00
[INFO] [1789418026.768397042] [acados_nmpc_node]: [attach-window] t=114.46s pos_err=0.211m T=20.23N z=6.405 m_est=2.064
[INFO] [1789418026.812445940] [acados_nmpc_node]: [attach-window] t=114.50s pos_err=0.162m T=20.19N z=6.416 m_est=2.064
[INFO] [1789418026.868199636] [acados_nmpc_node]: [attach-window] t=114.56s pos_err=0.219m T=20.27N z=6.422 m_est=2.064
[INFO] [1789418026.912501697] [acados_nmpc_node]: [attach-window] t=114.60s pos_err=0.152m T=20.20N z=6.435 m_est=2.064
[INFO] [1789418026.919624117] [acados_nmpc_node]: [wcmd] raw=[-0.011,-0.141,-0.479] w=[+0.040,-0.097,-0.364] err=[-0.051,-0.044] scaled=[-0.011,-0.141] s=1.00
[INFO] [1789418026.968552890] [acados_nmpc_node]: [attach-window] t=114.66s pos_err=0.205m T=20.28N z=6.441 m_est=2.064
[INFO] [1789418027.012540555] [acados_nmpc_node]: [attach-window] t=114.70s pos_err=0.158m T=20.25N z=6.452 m_est=2.064
[INFO] [1789418027.068447792] [acados_nmpc_node]: [attach-window] t=114.76s pos_err=0.209m T=20.32N z=6.457 m_est=2.064
[INFO] [1789418027.112603142] [acados_nmpc_node]: [attach-window] t=114.80s pos_err=0.146m T=20.28N z=6.469 m_est=2.064
[INFO] [1789418027.119540141] [acados_nmpc_node]: [wcmd] raw=[-0.011,-0.113,-0.588] w=[+0.038,-0.087,-0.448] err=[-0.049,-0.025] scaled=[-0.011,-0.113] s=1.00
[INFO] [1789418027.168292588] [acados_nmpc_node]: [attach-window] t=114.86s pos_err=0.194m T=20.36N z=6.474 m_est=2.064
[INFO] [1789418027.211597251] [acados_nmpc_node]: [attach-window] t=114.90s pos_err=0.150m T=20.33N z=6.485 m_est=2.064
[INFO] [1789418027.267888082] [acados_nmpc_node]: [attach-window] t=114.96s pos_err=0.196m T=20.40N z=6.490 m_est=2.064
[INFO] [1789418027.312217105] [acados_nmpc_node]: [attach-window] t=115.00s pos_err=0.139m T=20.32N z=6.502 m_est=2.064
[INFO] [1789418027.319453026] [acados_nmpc_node]: [wcmd] raw=[-0.029,-0.090,-0.710] w=[+0.041,-0.047,-0.551] err=[-0.070,-0.043] scaled=[-0.029,-0.090] s=1.00
[INFO] [1789418027.367956053] [acados_nmpc_node]: [attach-window] t=115.06s pos_err=0.182m T=20.39N z=6.507 m_est=2.064
[INFO] [1789418027.412278463] [acados_nmpc_node]: [attach-window] t=115.10s pos_err=0.130m T=20.28N z=6.519 m_est=2.064
[INFO] [1789418027.468007370] [acados_nmpc_node]: [attach-window] t=115.16s pos_err=0.170m T=20.34N z=6.525 m_est=2.064
[INFO] [1789418027.512302679] [acados_nmpc_node]: [attach-window] t=115.20s pos_err=0.134m T=20.25N z=6.536 m_est=2.064
[INFO] [1789418027.519443412] [acados_nmpc_node]: [wcmd] raw=[-0.048,-0.066,-0.833] w=[-0.002,-0.068,-0.668] err=[-0.047,+0.002] scaled=[-0.048,-0.066] s=1.00
[INFO] [1789418027.567970677] [acados_nmpc_node]: [attach-window] t=115.26s pos_err=0.174m T=20.32N z=6.541 m_est=2.064
[INFO] [1789418027.612246297] [acados_nmpc_node]: [attach-window] t=115.30s pos_err=0.140m T=20.24N z=6.553 m_est=2.064
[INFO] [1789418027.667845433] [acados_nmpc_node]: [attach-window] t=115.36s pos_err=0.164m T=20.28N z=6.559 m_est=2.064
[INFO] [1789418027.712438032] [acados_nmpc_node]: [attach-window] t=115.40s pos_err=0.134m T=20.20N z=6.570 m_est=2.064
[INFO] [1789418027.719592657] [acados_nmpc_node]: [wcmd] raw=[-0.061,-0.060,-0.937] w=[+0.005,-0.017,-0.789] err=[-0.067,-0.042] scaled=[-0.061,-0.060] s=1.00
[INFO] [1789418027.768193671] [acados_nmpc_node]: [attach-window] t=115.46s pos_err=0.169m T=20.30N z=6.575 m_est=2.064
[INFO] [1789418027.812039526] [acados_nmpc_node]: [attach-window] t=115.50s pos_err=0.129m T=20.18N z=6.587 m_est=2.064
[INFO] [1789418027.867748379] [acados_nmpc_node]: [attach-window] t=115.56s pos_err=0.161m T=20.28N z=6.592 m_est=2.064
[INFO] [1789418027.911967728] [acados_nmpc_node]: [attach-window] t=115.60s pos_err=0.135m T=20.20N z=6.602 m_est=2.064
[INFO] [1789418027.919435587] [acados_nmpc_node]: [wcmd] raw=[-0.052,-0.061,-0.982] w=[-0.029,-0.048,-0.909] err=[-0.023,-0.013] scaled=[-0.052,-0.061] s=1.00
[INFO] [1789418027.967558152] [acados_nmpc_node]: [attach-window] t=115.66s pos_err=0.165m T=20.30N z=6.606 m_est=2.064
[INFO] [1789418028.011985062] [acados_nmpc_node]: [attach-window] t=115.70s pos_err=0.139m T=20.22N z=6.616 m_est=2.064
[INFO] [1789418028.067714102] [acados_nmpc_node]: [attach-window] t=115.76s pos_err=0.169m T=20.33N z=6.620 m_est=2.064
[INFO] [1789418028.111974151] [acados_nmpc_node]: [attach-window] t=115.80s pos_err=0.134m T=20.22N z=6.630 m_est=2.064
[INFO] [1789418028.119504098] [acados_nmpc_node]: [wcmd] raw=[-0.032,-0.081,-0.967] w=[+0.004,-0.016,-0.993] err=[-0.036,-0.065] scaled=[-0.032,-0.081] s=1.00
[INFO] [1789418028.167886264] [acados_nmpc_node]: [attach-window] t=115.86s pos_err=0.160m T=20.34N z=6.634 m_est=2.064
[INFO] [1789418028.212056117] [acados_nmpc_node]: [attach-window] t=115.90s pos_err=0.135m T=20.24N z=6.643 m_est=2.064
[INFO] [1789418028.264920050] [acados_nmpc_node]: [attach-window] t=115.95s pos_err=0.148m T=20.31N z=6.648 m_est=2.064
[INFO] [1789418028.311207306] [acados_nmpc_node]: [attach-window] t=116.00s pos_err=0.127m T=20.21N z=6.656 m_est=2.064
[INFO] [1789418028.319384256] [acados_nmpc_node]: [wcmd] raw=[-0.021,-0.128,-0.862] w=[+0.004,-0.057,-1.024] err=[-0.025,-0.071] scaled=[-0.021,-0.128] s=1.00
[INFO] [1789418028.365149261] [acados_nmpc_node]: [attach-window] t=116.05s pos_err=0.148m T=20.34N z=6.661 m_est=2.064
[INFO] [1789418028.365505678] [acados_nmpc_node]: t=116.1s | pos_err=0.148m | T=20.34N | tau=[r0.035 p0.074 y0.048]Nm | res_stat=3.210e-07(peak 1.311e-02) sqp_iter=5 | solve=1.6ms
[INFO] [1789418028.365660943] [acados_nmpc_node]: [flight-diag] t=116.1s | om_scale=1.000(lo 1.000 hi 1.000) | tilt_max=9.46deg | w_max=[r0.077 p0.217 y1.024]rad/s | u_frac=[T0.651 r0.077 p0.309 y0.475] | u_sat=[T0.0 r0.0 p0.0 y0.0]% | mot_peak=0.835 mot_sat=0.0% | health=1 age=0.000s conf=0.000 | n=100
[INFO] [1789418028.411417951] [acados_nmpc_node]: [attach-window] t=116.10s pos_err=0.126m T=20.25N z=6.669 m_est=2.064
[INFO] [1789418028.467398111] [acados_nmpc_node]: [attach-window] t=116.16s pos_err=0.148m T=20.37N z=6.673 m_est=2.064
[INFO] [1789418028.512055572] [acados_nmpc_node]: [attach-window] t=116.20s pos_err=0.115m T=20.22N z=6.681 m_est=2.064
[INFO] [1789418028.519487191] [acados_nmpc_node]: [wcmd] raw=[+0.018,-0.104,-0.697] w=[+0.011,-0.041,-0.980] err=[+0.007,-0.062] scaled=[+0.018,-0.104] s=1.00
[INFO] [1789418028.567578718] [acados_nmpc_node]: [attach-window] t=116.26s pos_err=0.135m T=20.34N z=6.685 m_est=2.064
[INFO] [1789418028.612312009] [acados_nmpc_node]: [attach-window] t=116.30s pos_err=0.110m T=20.23N z=6.693 m_est=2.064
[INFO] [1789418028.667970106] [acados_nmpc_node]: [attach-window] t=116.36s pos_err=0.133m T=20.34N z=6.697 m_est=2.064
[INFO] [1789418028.712382615] [acados_nmpc_node]: [attach-window] t=116.40s pos_err=0.098m T=20.17N z=6.706 m_est=2.064
[INFO] [1789418028.719487878] [acados_nmpc_node]: [wcmd] raw=[+0.034,-0.124,-0.511] w=[+0.025,-0.052,-0.862] err=[+0.009,-0.071] scaled=[+0.034,-0.124] s=1.00
[INFO] [1789418028.768052940] [acados_nmpc_node]: [attach-window] t=116.46s pos_err=0.120m T=20.30N z=6.709 m_est=2.064
[INFO] [1789418028.812383454] [acados_nmpc_node]: [attach-window] t=116.50s pos_err=0.091m T=20.16N z=6.717 m_est=2.064
[INFO] [1789418028.867902514] [acados_nmpc_node]: [attach-window] t=116.56s pos_err=0.105m T=20.24N z=6.721 m_est=2.064
[INFO] [1789418028.912329362] [acados_nmpc_node]: [attach-window] t=116.60s pos_err=0.078m T=20.09N z=6.728 m_est=2.064
[INFO] [1789418028.919433318] [acados_nmpc_node]: [wcmd] raw=[+0.036,-0.159,-0.345] w=[+0.023,-0.090,-0.695] err=[+0.013,-0.069] scaled=[+0.036,-0.159] s=1.00
[INFO] [1789418028.967796973] [acados_nmpc_node]: [attach-window] t=116.66s pos_err=0.102m T=20.24N z=6.732 m_est=2.064
[INFO] [1789418029.012339956] [acados_nmpc_node]: [attach-window] t=116.70s pos_err=0.071m T=20.10N z=6.739 m_est=2.064
[INFO] [1789418029.067933995] [acados_nmpc_node]: [attach-window] t=116.76s pos_err=0.102m T=20.22N z=6.742 m_est=2.064
[INFO] [1789418029.112209821] [acados_nmpc_node]: [attach-window] t=116.80s pos_err=0.058m T=20.02N z=6.750 m_est=2.064
[INFO] [1789418029.119461387] [acados_nmpc_node]: [wcmd] raw=[+0.028,-0.159,-0.228] w=[+0.026,-0.088,-0.516] err=[+0.002,-0.072] scaled=[+0.028,-0.159] s=1.00
[INFO] [1789418029.168050679] [acados_nmpc_node]: [attach-window] t=116.86s pos_err=0.088m T=20.15N z=6.753 m_est=2.064
[INFO] [1789418029.212129960] [acados_nmpc_node]: [attach-window] t=116.90s pos_err=0.053m T=20.00N z=6.760 m_est=2.064
[INFO] [1789418029.267388245] [acados_nmpc_node]: [attach-window] t=116.96s pos_err=0.091m T=20.13N z=6.763 m_est=2.064
[INFO] [1789418029.312012402] [acados_nmpc_node]: [attach-window] t=117.00s pos_err=0.042m T=19.94N z=6.769 m_est=2.064
[INFO] [1789418029.319454517] [acados_nmpc_node]: [wcmd] raw=[-0.012,-0.189,-0.163] w=[+0.012,-0.081,-0.358] err=[-0.024,-0.108] scaled=[-0.012,-0.189] s=1.00
[INFO] [1789418029.367655366] [acados_nmpc_node]: [attach-window] t=117.06s pos_err=0.081m T=20.10N z=6.771 m_est=2.064
[INFO] [1789418029.411742702] [acados_nmpc_node]: [attach-window] t=117.10s pos_err=0.042m T=19.98N z=6.776 m_est=2.064
[INFO] [1789418029.467486631] [acados_nmpc_node]: [attach-window] t=117.16s pos_err=0.089m T=20.12N z=6.778 m_est=2.064
[INFO] [1789418029.511716942] [acados_nmpc_node]: [attach-window] t=117.20s pos_err=0.035m T=19.95N z=6.783 m_est=2.064
[INFO] [1789418029.519549090] [acados_nmpc_node]: [wcmd] raw=[-0.042,-0.192,-0.155] w=[-0.018,-0.128,-0.249] err=[-0.024,-0.064] scaled=[-0.042,-0.192] s=1.00
[INFO] [1789418029.567461260] [acados_nmpc_node]: [attach-window] t=117.26s pos_err=0.081m T=20.09N z=6.785 m_est=2.064
[INFO] [1789418029.611696803] [acados_nmpc_node]: [attach-window] t=117.30s pos_err=0.040m T=19.96N z=6.789 m_est=2.064
[INFO] [1789418029.667705539] [acados_nmpc_node]: [attach-window] t=117.36s pos_err=0.075m T=20.05N z=6.792 m_est=2.064
[INFO] [1789418029.711754170] [acados_nmpc_node]: [attach-window] t=117.40s pos_err=0.034m T=19.93N z=6.796 m_est=2.064
[INFO] [1789418029.719550171] [acados_nmpc_node]: [wcmd] raw=[-0.047,-0.181,-0.179] w=[-0.029,-0.109,-0.188] err=[-0.018,-0.072] scaled=[-0.047,-0.181] s=1.00
[INFO] [1789418029.767762494] [acados_nmpc_node]: [attach-window] t=117.46s pos_err=0.087m T=20.06N z=6.797 m_est=2.064
[INFO] [1789418029.811769415] [acados_nmpc_node]: [attach-window] t=117.50s pos_err=0.042m T=19.96N z=6.801 m_est=2.064
[INFO] [1789418029.867686966] [acados_nmpc_node]: [attach-window] t=117.56s pos_err=0.100m T=20.07N z=6.802 m_est=2.064
[INFO] [1789418029.911772315] [acados_nmpc_node]: [attach-window] t=117.60s pos_err=0.038m T=19.94N z=6.805 m_est=2.064
[INFO] [1789418029.919434381] [acados_nmpc_node]: [wcmd] raw=[-0.033,-0.162,-0.218] w=[-0.014,-0.075,-0.174] err=[-0.019,-0.087] scaled=[-0.033,-0.162] s=1.00
[INFO] [1789418029.967831497] [acados_nmpc_node]: [attach-window] t=117.66s pos_err=0.094m T=20.05N z=6.806 m_est=2.064
[INFO] [1789418030.011741523] [acados_nmpc_node]: [attach-window] t=117.70s pos_err=0.035m T=19.89N z=6.809 m_est=2.064
[INFO] [1789418030.067731427] [acados_nmpc_node]: [attach-window] t=117.76s pos_err=0.109m T=20.03N z=6.810 m_est=2.064
[INFO] [1789418030.111972133] [acados_nmpc_node]: [attach-window] t=117.80s pos_err=0.046m T=19.89N z=6.813 m_est=2.064
[INFO] [1789418030.119466024] [acados_nmpc_node]: [wcmd] raw=[-0.039,-0.149,-0.257] w=[-0.016,-0.165,-0.191] err=[-0.023,+0.016] scaled=[-0.039,-0.149] s=1.00
[INFO] [1789418030.165037498] [acados_nmpc_node]: [attach-window] t=117.85s pos_err=0.101m T=19.96N z=6.814 m_est=2.064
[INFO] [1789418030.212118099] [acados_nmpc_node]: [attach-window] t=117.90s pos_err=0.061m T=19.88N z=6.816 m_est=2.064
[INFO] [1789418030.267536557] [acados_nmpc_node]: [attach-window] t=117.96s pos_err=0.124m T=19.95N z=6.816 m_est=2.064
[INFO] [1789418030.311983530] [acados_nmpc_node]: [attach-window] t=118.00s pos_err=0.060m T=19.88N z=6.818 m_est=2.064
[INFO] [1789418030.319442095] [acados_nmpc_node]: [wcmd] raw=[-0.038,-0.154,-0.288] w=[-0.010,-0.072,-0.225] err=[-0.027,-0.082] scaled=[-0.038,-0.154] s=1.00
[INFO] [1789418030.367512579] [acados_nmpc_node]: [attach-window] t=118.06s pos_err=0.121m T=19.97N z=6.818 m_est=2.064
[INFO] [1789418030.412052110] [acados_nmpc_node]: [attach-window] t=118.10s pos_err=0.075m T=19.92N z=6.818 m_est=2.064
[INFO] [1789418030.467635942] [acados_nmpc_node]: [attach-window] t=118.16s pos_err=0.138m T=19.99N z=6.818 m_est=2.064
[INFO] [1789418030.511910563] [acados_nmpc_node]: [attach-window] t=118.20s pos_err=0.072m T=19.92N z=6.818 m_est=2.064
[INFO] [1789418030.519497752] [acados_nmpc_node]: [wcmd] raw=[-0.019,-0.182,-0.307] w=[-0.004,-0.117,-0.261] err=[-0.015,-0.066] scaled=[-0.019,-0.182] s=1.00
[INFO] [1789418030.567731835] [acados_nmpc_node]: [attach-window] t=118.26s pos_err=0.134m T=20.00N z=6.818 m_est=2.064
[INFO] [1789418030.611966758] [acados_nmpc_node]: [attach-window] t=118.30s pos_err=0.087m T=19.95N z=6.817 m_est=2.064
[INFO] [1789418030.667821882] [acados_nmpc_node]: [attach-window] t=118.36s pos_err=0.150m T=20.00N z=6.816 m_est=2.064
[INFO] [1789418030.712086676] [acados_nmpc_node]: [attach-window] t=118.40s pos_err=0.083m T=19.97N z=6.814 m_est=2.064
[INFO] [1789418030.719452296] [acados_nmpc_node]: [wcmd] raw=[-0.011,-0.179,-0.321] w=[+0.016,-0.113,-0.291] err=[-0.026,-0.066] scaled=[-0.011,-0.179] s=1.00
[INFO] [1789418030.767453900] [acados_nmpc_node]: [attach-window] t=118.46s pos_err=0.143m T=20.04N z=6.812 m_est=2.064
[INFO] [1789418030.812123058] [acados_nmpc_node]: [attach-window] t=118.50s pos_err=0.096m T=20.04N z=6.809 m_est=2.064
[INFO] [1789418030.867614229] [acados_nmpc_node]: [attach-window] t=118.56s pos_err=0.157m T=20.09N z=6.807 m_est=2.064
[INFO] [1789418030.912011084] [acados_nmpc_node]: [attach-window] t=118.60s pos_err=0.089m T=20.10N z=6.802 m_est=2.064
[INFO] [1789418030.919573931] [acados_nmpc_node]: [wcmd] raw=[-0.006,-0.184,-0.334] w=[+0.017,-0.132,-0.314] err=[-0.023,-0.051] scaled=[-0.006,-0.184] s=1.00
[INFO] [1789418030.967628541] [acados_nmpc_node]: [attach-window] t=118.66s pos_err=0.147m T=20.15N z=6.800 m_est=2.064
[INFO] [1789418031.011974349] [acados_nmpc_node]: [attach-window] t=118.70s pos_err=0.099m T=20.14N z=6.796 m_est=2.064
[INFO] [1789418031.067703698] [acados_nmpc_node]: [attach-window] t=118.76s pos_err=0.157m T=20.16N z=6.793 m_est=2.064
[INFO] [1789418031.112135385] [acados_nmpc_node]: [attach-window] t=118.80s pos_err=0.090m T=20.16N z=6.788 m_est=2.064
[INFO] [1789418031.119485856] [acados_nmpc_node]: [wcmd] raw=[+0.002,-0.179,-0.352] w=[+0.026,-0.122,-0.331] err=[-0.024,-0.057] scaled=[+0.002,-0.179] s=1.00
[INFO] [1789418031.167795533] [acados_nmpc_node]: [attach-window] t=118.86s pos_err=0.146m T=20.17N z=6.786 m_est=2.064
[INFO] [1789418031.212047313] [acados_nmpc_node]: [attach-window] t=118.90s pos_err=0.080m T=20.14N z=6.782 m_est=2.064
[INFO] [1789418031.268034458] [acados_nmpc_node]: [attach-window] t=118.96s pos_err=0.153m T=20.13N z=6.780 m_est=2.064
[INFO] [1789418031.312074608] [acados_nmpc_node]: [attach-window] t=119.00s pos_err=0.088m T=20.12N z=6.776 m_est=2.064
[INFO] [1789418031.319627240] [acados_nmpc_node]: [wcmd] raw=[+0.001,-0.148,-0.392] w=[+0.021,-0.172,-0.350] err=[-0.020,+0.024] scaled=[+0.001,-0.148] s=1.00
[INFO] [1789418031.367804632] [acados_nmpc_node]: [attach-window] t=119.06s pos_err=0.140m T=20.10N z=6.774 m_est=2.064
[INFO] [1789418031.411980059] [acados_nmpc_node]: [attach-window] t=119.10s pos_err=0.095m T=20.11N z=6.770 m_est=2.064
[INFO] [1789418031.467667648] [acados_nmpc_node]: [attach-window] t=119.16s pos_err=0.147m T=20.08N z=6.768 m_est=2.064
[INFO] [1789418031.512061442] [acados_nmpc_node]: [attach-window] t=119.20s pos_err=0.086m T=20.13N z=6.764 m_est=2.064
[INFO] [1789418031.519486430] [acados_nmpc_node]: [wcmd] raw=[-0.009,-0.144,-0.449] w=[+0.035,-0.083,-0.380] err=[-0.044,-0.061] scaled=[-0.009,-0.144] s=1.00
[INFO] [1789418031.567827891] [acados_nmpc_node]: [attach-window] t=119.26s pos_err=0.135m T=20.11N z=6.762 m_est=2.064
[INFO] [1789418031.612009833] [acados_nmpc_node]: [attach-window] t=119.30s pos_err=0.093m T=20.14N z=6.757 m_est=2.064
[INFO] [1789418031.667869079] [acados_nmpc_node]: [attach-window] t=119.36s pos_err=0.142m T=20.11N z=6.755 m_est=2.064
[INFO] [1789418031.712026167] [acados_nmpc_node]: [attach-window] t=119.40s pos_err=0.086m T=20.15N z=6.750 m_est=2.064
[INFO] [1789418031.719437985] [acados_nmpc_node]: [wcmd] raw=[-0.024,-0.134,-0.529] w=[+0.027,-0.102,-0.427] err=[-0.051,-0.032] scaled=[-0.024,-0.134] s=1.00
[INFO] [1789418031.767913654] [acados_nmpc_node]: [attach-window] t=119.46s pos_err=0.132m T=20.12N z=6.748 m_est=2.064
[INFO] [1789418031.812007951] [acados_nmpc_node]: [attach-window] t=119.50s pos_err=0.094m T=20.15N z=6.743 m_est=2.064
[INFO] [1789418031.868010491] [acados_nmpc_node]: [attach-window] t=119.56s pos_err=0.140m T=20.11N z=6.740 m_est=2.064
[INFO] [1789418031.912002689] [acados_nmpc_node]: [attach-window] t=119.60s pos_err=0.089m T=20.16N z=6.735 m_est=2.064
[INFO] [1789418031.919485010] [acados_nmpc_node]: [wcmd] raw=[-0.038,-0.112,-0.630] w=[+0.017,-0.081,-0.495] err=[-0.055,-0.031] scaled=[-0.038,-0.112] s=1.00
[INFO] [1789418031.967823528] [acados_nmpc_node]: [attach-window] t=119.66s pos_err=0.131m T=20.13N z=6.732 m_est=2.064
[INFO] [1789418032.012252828] [acados_nmpc_node]: [attach-window] t=119.70s pos_err=0.097m T=20.16N z=6.726 m_est=2.064
[INFO] [1789418032.067835969] [acados_nmpc_node]: [attach-window] t=119.76s pos_err=0.138m T=20.12N z=6.723 m_est=2.064
[INFO] [1789418032.112227683] [acados_nmpc_node]: [attach-window] t=119.80s pos_err=0.092m T=20.17N z=6.717 m_est=2.064
[INFO] [1789418032.119443479] [acados_nmpc_node]: [wcmd] raw=[-0.042,-0.118,-0.746] w=[+0.014,-0.071,-0.585] err=[-0.056,-0.047] scaled=[-0.042,-0.118] s=1.00
[INFO] [1789418032.168044293] [acados_nmpc_node]: [attach-window] t=119.86s pos_err=0.128m T=20.14N z=6.714 m_est=2.064
[INFO] [1789418032.211570098] [acados_nmpc_node]: [attach-window] t=119.90s pos_err=0.098m T=20.17N z=6.708 m_est=2.064
[INFO] [1789418032.265313590] [acados_nmpc_node]: [attach-window] t=119.95s pos_err=0.129m T=20.14N z=6.704 m_est=2.064
[INFO] [1789418032.311399069] [acados_nmpc_node]: [attach-window] t=120.00s pos_err=0.092m T=20.17N z=6.697 m_est=2.064
[INFO] [1789418032.319606475] [acados_nmpc_node]: [wcmd] raw=[-0.034,-0.131,-0.866] w=[+0.024,-0.078,-0.693] err=[-0.057,-0.053] scaled=[-0.034,-0.131] s=1.00
[INFO] [1789418032.365261242] [acados_nmpc_node]: [attach-window] t=120.05s pos_err=0.119m T=20.16N z=6.693 m_est=2.064
[INFO] [1789418032.411356762] [acados_nmpc_node]: [attach-window] t=120.10s pos_err=0.095m T=20.19N z=6.686 m_est=2.064
[INFO] [1789418032.465171098] [acados_nmpc_node]: [attach-window] t=120.15s pos_err=0.120m T=20.17N z=6.682 m_est=2.064
[INFO] [1789418032.511418084] [acados_nmpc_node]: [attach-window] t=120.20s pos_err=0.091m T=20.23N z=6.673 m_est=2.064
[INFO] [1789418032.519588382] [acados_nmpc_node]: [wcmd] raw=[-0.038,-0.114,-0.966] w=[+0.029,-0.077,-0.815] err=[-0.067,-0.037] scaled=[-0.038,-0.114] s=1.00
[INFO] [1789418032.567998893] [acados_nmpc_node]: [attach-window] t=120.26s pos_err=0.112m T=20.22N z=6.669 m_est=2.064
[INFO] [1789418032.612245208] [acados_nmpc_node]: [attach-window] t=120.30s pos_err=0.092m T=20.26N z=6.660 m_est=2.064
[INFO] [1789418032.668008296] [acados_nmpc_node]: [attach-window] t=120.36s pos_err=0.112m T=20.24N z=6.656 m_est=2.064
[INFO] [1789418032.712322733] [acados_nmpc_node]: [attach-window] t=120.40s pos_err=0.089m T=20.30N z=6.645 m_est=2.064
[INFO] [1789418032.719444244] [acados_nmpc_node]: [wcmd] raw=[-0.042,-0.096,-1.015] w=[+0.021,-0.045,-0.930] err=[-0.063,-0.051] scaled=[-0.042,-0.096] s=1.00
[INFO] [1789418032.767793390] [acados_nmpc_node]: [attach-window] t=120.46s pos_err=0.102m T=20.29N z=6.640 m_est=2.064
[INFO] [1789418032.812255870] [acados_nmpc_node]: [attach-window] t=120.50s pos_err=0.088m T=20.32N z=6.630 m_est=2.064
[INFO] [1789418032.867829774] [acados_nmpc_node]: [attach-window] t=120.56s pos_err=0.101m T=20.31N z=6.625 m_est=2.064
[INFO] [1789418032.912282821] [acados_nmpc_node]: [attach-window] t=120.60s pos_err=0.086m T=20.34N z=6.614 m_est=2.064
[INFO] [1789418032.919549049] [acados_nmpc_node]: [wcmd] raw=[-0.034,-0.091,-0.988] w=[+0.011,-0.036,-1.011] err=[-0.045,-0.055] scaled=[-0.034,-0.091] s=1.00
[INFO] [1789418032.967707850] [acados_nmpc_node]: [attach-window] t=120.66s pos_err=0.092m T=20.35N z=6.609 m_est=2.064
[INFO] [1789418033.012335917] [acados_nmpc_node]: [attach-window] t=120.70s pos_err=0.086m T=20.35N z=6.597 m_est=2.064
[INFO] [1789418033.067845494] [acados_nmpc_node]: [attach-window] t=120.76s pos_err=0.084m T=20.37N z=6.592 m_est=2.064
[INFO] [1789418033.112063058] [acados_nmpc_node]: [attach-window] t=120.80s pos_err=0.082m T=20.36N z=6.581 m_est=2.064
[INFO] [1789418033.119534616] [acados_nmpc_node]: [wcmd] raw=[-0.007,-0.074,-0.876] w=[-0.017,-0.080,-1.038] err=[+0.010,+0.006] scaled=[-0.007,-0.074] s=1.00
[INFO] [1789418033.167656351] [acados_nmpc_node]: [attach-window] t=120.86s pos_err=0.080m T=20.36N z=6.576 m_est=2.064
[INFO] [1789418033.212043975] [acados_nmpc_node]: [attach-window] t=120.90s pos_err=0.082m T=20.35N z=6.564 m_est=2.064
[INFO] [1789418033.267588462] [acados_nmpc_node]: [attach-window] t=120.96s pos_err=0.076m T=20.35N z=6.560 m_est=2.064
[INFO] [1789418033.312225598] [acados_nmpc_node]: [attach-window] t=121.00s pos_err=0.074m T=20.34N z=6.548 m_est=2.064
[INFO] [1789418033.319506046] [acados_nmpc_node]: [wcmd] raw=[+0.025,-0.059,-0.702] w=[+0.014,-0.019,-0.988] err=[+0.011,-0.040] scaled=[+0.025,-0.059] s=1.00
[INFO] [1789418033.369010081] [acados_nmpc_node]: [attach-window] t=121.06s pos_err=0.066m T=20.35N z=6.543 m_est=2.064
[INFO] [1789418033.369505646] [acados_nmpc_node]: t=121.1s | pos_err=0.066m | T=20.35N | tau=[r0.044 p0.073 y0.100]Nm | res_stat=1.266e-07(peak 1.311e-02) sqp_iter=5 | solve=2.3ms
[INFO] [1789418033.369707658] [acados_nmpc_node]: [flight-diag] t=121.1s | om_scale=1.000(lo 1.000 hi 1.000) | tilt_max=9.89deg | w_max=[r0.051 p0.172 y1.038]rad/s | u_frac=[T0.650 r0.098 p0.189 y0.736] | u_sat=[T0.0 r0.0 p0.0 y0.0]% | mot_peak=0.833 mot_sat=0.0% | health=1 age=0.000s conf=0.000 | n=100
[INFO] [1789418033.412403859] [acados_nmpc_node]: [attach-window] t=121.10s pos_err=0.065m T=20.34N z=6.532 m_est=2.064
[INFO] [1789418033.468506517] [acados_nmpc_node]: [attach-window] t=121.16s pos_err=0.062m T=20.36N z=6.527 m_est=2.064
[INFO] [1789418033.511533091] [acados_nmpc_node]: [attach-window] t=121.20s pos_err=0.062m T=20.31N z=6.515 m_est=2.064
[INFO] [1789418033.519413435] [acados_nmpc_node]: [wcmd] raw=[+0.015,-0.130,-0.495] w=[+0.024,-0.004,-0.860] err=[-0.008,-0.127] scaled=[+0.015,-0.130] s=1.00
[INFO] [1789418033.565187211] [acados_nmpc_node]: [attach-window] t=121.25s pos_err=0.050m T=20.36N z=6.509 m_est=2.064
[INFO] [1789418033.612255614] [acados_nmpc_node]: [attach-window] t=121.30s pos_err=0.051m T=20.27N z=6.499 m_est=2.064
[INFO] [1789418033.667906089] [acados_nmpc_node]: [attach-window] t=121.36s pos_err=0.049m T=20.31N z=6.494 m_est=2.064
[INFO] [1789418033.712294253] [acados_nmpc_node]: [attach-window] t=121.40s pos_err=0.051m T=20.19N z=6.482 m_est=2.064
[INFO] [1789418033.719446228] [acados_nmpc_node]: [wcmd] raw=[+0.025,-0.157,-0.320] w=[+0.004,-0.075,-0.685] err=[+0.022,-0.082] scaled=[+0.025,-0.157] s=1.00
[INFO] [1789418033.767896477] [acados_nmpc_node]: [attach-window] t=121.46s pos_err=0.038m T=20.25N z=6.477 m_est=2.064
[INFO] [1789418033.812319982] [acados_nmpc_node]: [attach-window] t=121.50s pos_err=0.039m T=20.15N z=6.467 m_est=2.064
[INFO] [1789418033.867991139] [acados_nmpc_node]: [attach-window] t=121.56s pos_err=0.041m T=20.20N z=6.462 m_est=2.064
[INFO] [1789418033.912331347] [acados_nmpc_node]: [attach-window] t=121.60s pos_err=0.043m T=20.09N z=6.450 m_est=2.064
[INFO] [1789418033.919433983] [acados_nmpc_node]: [wcmd] raw=[+0.021,-0.155,-0.185] w=[+0.011,-0.076,-0.492] err=[+0.010,-0.079] scaled=[+0.021,-0.155] s=1.00
[INFO] [1789418033.967848880] [acados_nmpc_node]: [attach-window] t=121.66s pos_err=0.030m T=20.17N z=6.444 m_est=2.064
[INFO] [1789418034.012206351] [acados_nmpc_node]: [attach-window] t=121.70s pos_err=0.051m T=20.03N z=6.432 m_est=2.064
[INFO] [1789418034.067730124] [acados_nmpc_node]: [attach-window] t=121.76s pos_err=0.038m T=20.15N z=6.428 m_est=2.064
[INFO] [1789418034.111972602] [acados_nmpc_node]: [attach-window] t=121.80s pos_err=0.041m T=20.02N z=6.416 m_est=2.064
[INFO] [1789418034.119525131] [acados_nmpc_node]: [wcmd] raw=[-0.009,-0.158,-0.103] w=[-0.005,-0.099,-0.317] err=[-0.004,-0.059] scaled=[-0.009,-0.158] s=1.00
[INFO] [1789418034.167940298] [acados_nmpc_node]: [attach-window] t=121.86s pos_err=0.029m T=20.10N z=6.410 m_est=2.064
[INFO] [1789418034.211994014] [acados_nmpc_node]: [attach-window] t=121.90s pos_err=0.029m T=20.00N z=6.399 m_est=2.064
[INFO] [1789418034.267609503] [acados_nmpc_node]: [attach-window] t=121.96s pos_err=0.043m T=20.08N z=6.394 m_est=2.064
[INFO] [1789418034.312062356] [acados_nmpc_node]: [attach-window] t=122.00s pos_err=0.040m T=19.99N z=6.381 m_est=2.064
[INFO] [1789418034.319557908] [acados_nmpc_node]: [wcmd] raw=[-0.031,-0.171,-0.077] w=[-0.020,-0.079,-0.190] err=[-0.011,-0.092] scaled=[-0.031,-0.171] s=1.00
[INFO] [1789418034.367580744] [acados_nmpc_node]: [attach-window] t=122.06s pos_err=0.035m T=20.09N z=6.375 m_est=2.064
[INFO] [1789418034.411716982] [acados_nmpc_node]: [attach-window] t=122.10s pos_err=0.030m T=20.00N z=6.363 m_est=2.064
[INFO] [1789418034.467286985] [acados_nmpc_node]: [attach-window] t=122.16s pos_err=0.050m T=20.09N z=6.357 m_est=2.064
[INFO] [1789418034.511725732] [acados_nmpc_node]: [attach-window] t=122.20s pos_err=0.041m T=19.96N z=6.344 m_est=2.064
[INFO] [1789418034.519553907] [acados_nmpc_node]: [wcmd] raw=[-0.045,-0.202,-0.080] w=[-0.029,-0.078,-0.111] err=[-0.016,-0.124] scaled=[-0.045,-0.202] s=1.00
[INFO] [1789418034.567743555] [acados_nmpc_node]: [attach-window] t=122.26s pos_err=0.044m T=20.09N z=6.338 m_est=2.064
[INFO] [1789418034.611772215] [acados_nmpc_node]: [attach-window] t=122.30s pos_err=0.030m T=19.99N z=6.325 m_est=2.064
[INFO] [1789418034.667854361] [acados_nmpc_node]: [attach-window] t=122.36s pos_err=0.060m T=20.08N z=6.319 m_est=2.064
[INFO] [1789418034.711812650] [acados_nmpc_node]: [attach-window] t=122.40s pos_err=0.039m T=19.94N z=6.306 m_est=2.064
[INFO] [1789418034.719453554] [acados_nmpc_node]: [wcmd] raw=[-0.070,-0.199,-0.098] w=[-0.044,-0.123,-0.078] err=[-0.026,-0.076] scaled=[-0.070,-0.199] s=1.00
[INFO] [1789418034.767852149] [acados_nmpc_node]: [attach-window] t=122.46s pos_err=0.055m T=20.03N z=6.300 m_est=2.064
[INFO] [1789418034.811184774] [acados_nmpc_node]: [attach-window] t=122.50s pos_err=0.028m T=19.93N z=6.288 m_est=2.064
[INFO] [1789418034.867808162] [acados_nmpc_node]: [attach-window] t=122.56s pos_err=0.074m T=19.99N z=6.282 m_est=2.064
[INFO] [1789418034.911777058] [acados_nmpc_node]: [attach-window] t=122.60s pos_err=0.034m T=19.89N z=6.268 m_est=2.064
[INFO] [1789418034.919538724] [acados_nmpc_node]: [wcmd] raw=[-0.067,-0.171,-0.111] w=[-0.060,-0.070,-0.075] err=[-0.007,-0.101] scaled=[-0.067,-0.171] s=1.00
[INFO] [1789418034.967800500] [acados_nmpc_node]: [attach-window] t=122.66s pos_err=0.070m T=19.98N z=6.262 m_est=2.064
[INFO] [1789418035.011699637] [acados_nmpc_node]: [attach-window] t=122.70s pos_err=0.027m T=19.90N z=6.249 m_est=2.064
[INFO] [1789418035.067675923] [acados_nmpc_node]: [attach-window] t=122.76s pos_err=0.092m T=19.97N z=6.243 m_est=2.064
[INFO] [1789418035.111779638] [acados_nmpc_node]: [attach-window] t=122.80s pos_err=0.029m T=19.87N z=6.229 m_est=2.064
[INFO] [1789418035.119462228] [acados_nmpc_node]: [wcmd] raw=[-0.051,-0.202,-0.113] w=[-0.053,-0.071,-0.084] err=[+0.002,-0.131] scaled=[-0.051,-0.202] s=1.00
[INFO] [1789418035.167499068] [acados_nmpc_node]: [attach-window] t=122.86s pos_err=0.088m T=19.97N z=6.222 m_est=2.064
[INFO] [1789418035.211773112] [acados_nmpc_node]: [attach-window] t=122.90s pos_err=0.034m T=19.88N z=6.209 m_est=2.064
[INFO] [1789418035.267466775] [acados_nmpc_node]: [attach-window] t=122.96s pos_err=0.111m T=19.96N z=6.203 m_est=2.064
[INFO] [1789418035.311712711] [acados_nmpc_node]: [attach-window] t=123.00s pos_err=0.033m T=19.86N z=6.188 m_est=2.064
[INFO] [1789418035.319454732] [acados_nmpc_node]: [wcmd] raw=[-0.028,-0.213,-0.098] w=[-0.035,-0.130,-0.092] err=[+0.007,-0.084] scaled=[-0.028,-0.213] s=1.00
[INFO] [1789418035.367857618] [acados_nmpc_node]: [attach-window] t=123.06s pos_err=0.108m T=19.96N z=6.181 m_est=2.064
[INFO] [1789418035.411705264] [acados_nmpc_node]: [attach-window] t=123.10s pos_err=0.046m T=19.88N z=6.168 m_est=2.064
[INFO] [1789418035.467550338] [acados_nmpc_node]: [attach-window] t=123.16s pos_err=0.131m T=19.95N z=6.161 m_est=2.064
[INFO] [1789418035.511779505] [acados_nmpc_node]: [attach-window] t=123.20s pos_err=0.043m T=19.86N z=6.145 m_est=2.064
[INFO] [1789418035.519491288] [acados_nmpc_node]: [wcmd] raw=[-0.029,-0.216,-0.070] w=[-0.027,-0.103,-0.089] err=[-0.003,-0.113] scaled=[-0.029,-0.216] s=1.00
[INFO] [1789418035.567411110] [acados_nmpc_node]: [attach-window] t=123.26s pos_err=0.125m T=19.95N z=6.138 m_est=2.064
[INFO] [1789418035.611670882] [acados_nmpc_node]: [attach-window] t=123.30s pos_err=0.061m T=19.89N z=6.124 m_est=2.064
[INFO] [1789418035.667557828] [acados_nmpc_node]: [attach-window] t=123.36s pos_err=0.151m T=19.95N z=6.117 m_est=2.064
[INFO] [1789418035.711735663] [acados_nmpc_node]: [attach-window] t=123.40s pos_err=0.057m T=19.89N z=6.101 m_est=2.064
[INFO] [1789418035.719426924] [acados_nmpc_node]: [wcmd] raw=[-0.037,-0.216,-0.034] w=[-0.039,-0.114,-0.074] err=[+0.003,-0.102] scaled=[-0.037,-0.216] s=1.00
[INFO] [1789418035.767785525] [acados_nmpc_node]: [attach-window] t=123.46s pos_err=0.146m T=19.96N z=6.094 m_est=2.064
[INFO] [1789418035.811716286] [acados_nmpc_node]: [attach-window] t=123.50s pos_err=0.078m T=19.91N z=6.079 m_est=2.064
[INFO] [1789418035.867474181] [acados_nmpc_node]: [attach-window] t=123.56s pos_err=0.170m T=19.95N z=6.072 m_est=2.064
[INFO] [1789418035.911730220] [acados_nmpc_node]: [attach-window] t=123.60s pos_err=0.072m T=19.92N z=6.055 m_est=2.064
[INFO] [1789418035.919490887] [acados_nmpc_node]: [wcmd] raw=[-0.040,-0.206,+0.005] w=[-0.048,-0.075,-0.045] err=[+0.008,-0.131] scaled=[-0.040,-0.206] s=1.00
[INFO] [1789418035.967554352] [acados_nmpc_node]: [attach-window] t=123.66s pos_err=0.163m T=19.98N z=6.047 m_est=2.064
[INFO] [1789418036.011753876] [acados_nmpc_node]: [attach-window] t=123.70s pos_err=0.093m T=19.95N z=6.032 m_est=2.064
[INFO] [1789418036.067548780] [acados_nmpc_node]: [attach-window] t=123.76s pos_err=0.155m T=19.97N z=6.023 m_est=2.064
[INFO] [1789418036.111748919] [acados_nmpc_node]: [attach-window] t=123.80s pos_err=0.085m T=19.96N z=6.008 m_est=2.064
[INFO] [1789418036.119464321] [acados_nmpc_node]: [wcmd] raw=[-0.038,-0.221,+0.040] w=[-0.057,-0.119,-0.010] err=[+0.019,-0.102] scaled=[-0.038,-0.221] s=1.00
[INFO] [1789418036.188680534] [acados_nmpc_node]: [attach-window] t=123.86s pos_err=0.177m T=20.00N z=6.000 m_est=2.064
[INFO] [1789418036.212096122] [acados_nmpc_node]: [attach-window] t=123.90s pos_err=0.105m T=20.03N z=5.984 m_est=2.064
[INFO] [1789418036.267721042] [acados_nmpc_node]: [attach-window] t=123.96s pos_err=0.198m T=20.01N z=5.976 m_est=2.064
[INFO] [1789418036.312003757] [acados_nmpc_node]: [attach-window] t=124.00s pos_err=0.095m T=20.09N z=5.958 m_est=2.064
[INFO] [1789418036.339496610] [acados_nmpc_node]: [wcmd] raw=[-0.035,-0.146,+0.075] w=[-0.057,+0.019,+0.030] err=[+0.022,-0.164] scaled=[-0.035,-0.146] s=1.00
[INFO] [1789418036.367686224] [acados_nmpc_node]: [attach-window] t=124.06s pos_err=0.188m T=20.06N z=5.950 m_est=2.064
[INFO] [1789418036.412013687] [acados_nmpc_node]: [attach-window] t=124.10s pos_err=0.116m T=20.10N z=5.934 m_est=2.064
[INFO] [1789418036.467886172] [acados_nmpc_node]: [attach-window] t=124.16s pos_err=0.208m T=20.05N z=5.926 m_est=2.064
[INFO] [1789418036.511986077] [acados_nmpc_node]: [attach-window] t=124.20s pos_err=0.107m T=20.08N z=5.909 m_est=2.064
[INFO] [1789418036.539481707] [acados_nmpc_node]: [wcmd] raw=[-0.018,-0.215,+0.103] w=[-0.045,+0.012,+0.065] err=[+0.027,-0.227] scaled=[-0.018,-0.215] s=1.00
[INFO] [1789418036.567842291] [acados_nmpc_node]: [attach-window] t=124.26s pos_err=0.198m T=20.07N z=5.902 m_est=2.064
[INFO] [1789418036.612002618] [acados_nmpc_node]: [attach-window] t=124.30s pos_err=0.126m T=20.06N z=5.887 m_est=2.064
[INFO] [1789418036.667999592] [acados_nmpc_node]: [attach-window] t=124.36s pos_err=0.217m T=20.02N z=5.879 m_est=2.064
[INFO] [1789418036.712111231] [acados_nmpc_node]: [attach-window] t=124.40s pos_err=0.116m T=20.04N z=5.863 m_est=2.064
[INFO] [1789418036.739492507] [acados_nmpc_node]: [wcmd] raw=[-0.006,-0.230,+0.130] w=[-0.024,-0.055,+0.097] err=[+0.018,-0.175] scaled=[-0.006,-0.230] s=1.00
[INFO] [1789418036.768370818] [acados_nmpc_node]: [attach-window] t=124.46s pos_err=0.205m T=20.02N z=5.856 m_est=2.064
[INFO] [1789418036.811995250] [acados_nmpc_node]: [attach-window] t=124.50s pos_err=0.134m T=20.04N z=5.842 m_est=2.064
[INFO] [1789418036.868222669] [acados_nmpc_node]: [attach-window] t=124.56s pos_err=0.220m T=19.98N z=5.835 m_est=2.064
[INFO] [1789418036.912002347] [acados_nmpc_node]: [attach-window] t=124.60s pos_err=0.124m T=20.06N z=5.819 m_est=2.064
[INFO] [1789418036.939483301] [acados_nmpc_node]: [wcmd] raw=[-0.014,-0.204,+0.160] w=[-0.022,-0.052,+0.127] err=[+0.009,-0.152] scaled=[-0.014,-0.204] s=1.00
[INFO] [1789418036.968200917] [acados_nmpc_node]: [attach-window] t=124.66s pos_err=0.207m T=20.02N z=5.812 m_est=2.064
[INFO] [1789418037.012058432] [acados_nmpc_node]: [attach-window] t=124.70s pos_err=0.141m T=20.09N z=5.798 m_est=2.064
[INFO] [1789418037.068230109] [acados_nmpc_node]: [attach-window] t=124.76s pos_err=0.222m T=20.01N z=5.791 m_est=2.064
[INFO] [1789418037.112029042] [acados_nmpc_node]: [attach-window] t=124.80s pos_err=0.131m T=20.15N z=5.775 m_est=2.064
[INFO] [1789418037.139551066] [acados_nmpc_node]: [wcmd] raw=[-0.028,-0.184,+0.197] w=[-0.041,-0.031,+0.157] err=[+0.013,-0.152] scaled=[-0.028,-0.184] s=1.00
[INFO] [1789418037.167989214] [acados_nmpc_node]: [attach-window] t=124.86s pos_err=0.207m T=20.09N z=5.767 m_est=2.064
[INFO] [1789418037.212025332] [acados_nmpc_node]: [attach-window] t=124.90s pos_err=0.146m T=20.19N z=5.753 m_est=2.064
[INFO] [1789418037.267867848] [acados_nmpc_node]: [attach-window] t=124.96s pos_err=0.219m T=20.11N z=5.745 m_est=2.064
[INFO] [1789418037.311978681] [acados_nmpc_node]: [attach-window] t=125.00s pos_err=0.138m T=20.26N z=5.728 m_est=2.064
[INFO] [1789418037.339456575] [acados_nmpc_node]: [wcmd] raw=[-0.024,-0.169,+0.244] w=[-0.055,-0.031,+0.192] err=[+0.031,-0.138] scaled=[-0.024,-0.169] s=1.00
[INFO] [1789418037.367986726] [acados_nmpc_node]: [attach-window] t=125.06s pos_err=0.208m T=20.19N z=5.721 m_est=2.064
[INFO] [1789418037.412052062] [acados_nmpc_node]: [attach-window] t=125.10s pos_err=0.152m T=20.29N z=5.706 m_est=2.064
[INFO] [1789418037.468045605] [acados_nmpc_node]: [attach-window] t=125.16s pos_err=0.220m T=20.20N z=5.699 m_est=2.064
[INFO] [1789418037.511963568] [acados_nmpc_node]: [attach-window] t=125.20s pos_err=0.145m T=20.35N z=5.682 m_est=2.064
[INFO] [1789418037.539449721] [acados_nmpc_node]: [wcmd] raw=[-0.011,-0.148,+0.302] w=[-0.045,-0.015,+0.233] err=[+0.034,-0.133] scaled=[-0.011,-0.148] s=1.00
[INFO] [1789418037.567850875] [acados_nmpc_node]: [attach-window] t=125.26s pos_err=0.207m T=20.28N z=5.675 m_est=2.064
[INFO] [1789418037.612357929] [acados_nmpc_node]: [attach-window] t=125.30s pos_err=0.157m T=20.38N z=5.660 m_est=2.064
[INFO] [1789418037.668205452] [acados_nmpc_node]: [attach-window] t=125.36s pos_err=0.217m T=20.28N z=5.652 m_est=2.064
[INFO] [1789418037.711501693] [acados_nmpc_node]: [attach-window] t=125.40s pos_err=0.149m T=20.42N z=5.636 m_est=2.064
[INFO] [1789418037.739539558] [acados_nmpc_node]: [wcmd] raw=[-0.012,-0.149,+0.374] w=[-0.044,-0.016,+0.285] err=[+0.032,-0.133] scaled=[-0.012,-0.149] s=1.00
[INFO] [1789418037.765211088] [acados_nmpc_node]: [attach-window] t=125.45s pos_err=0.198m T=20.35N z=5.629 m_est=2.064
[INFO] [1789418037.812231270] [acados_nmpc_node]: [attach-window] t=125.50s pos_err=0.157m T=20.45N z=5.614 m_est=2.064
[INFO] [1789418037.867635107] [acados_nmpc_node]: [attach-window] t=125.56s pos_err=0.208m T=20.37N z=5.606 m_est=2.064
[INFO] [1789418037.912337714] [acados_nmpc_node]: [attach-window] t=125.60s pos_err=0.147m T=20.55N z=5.589 m_est=2.064
[INFO] [1789418037.939551564] [acados_nmpc_node]: [wcmd] raw=[-0.016,-0.150,+0.463] w=[-0.055,-0.026,+0.349] err=[+0.039,-0.124] scaled=[-0.016,-0.150] s=1.00
[INFO] [1789418037.968040461] [acados_nmpc_node]: [attach-window] t=125.66s pos_err=0.192m T=20.48N z=5.581 m_est=2.064
[INFO] [1789418038.012249177] [acados_nmpc_node]: [attach-window] t=125.70s pos_err=0.137m T=20.62N z=5.564 m_est=2.064
[INFO] [1789418038.067954154] [acados_nmpc_node]: [attach-window] t=125.76s pos_err=0.176m T=20.55N z=5.556 m_est=2.064
[INFO] [1789418038.112220579] [acados_nmpc_node]: [attach-window] t=125.80s pos_err=0.138m T=20.63N z=5.542 m_est=2.064
[INFO] [1789418038.139490699] [acados_nmpc_node]: [wcmd] raw=[-0.024,-0.108,+0.563] w=[-0.052,-0.067,+0.431] err=[+0.028,-0.041] scaled=[-0.024,-0.108] s=1.00
[INFO] [1789418038.168101030] [acados_nmpc_node]: [attach-window] t=125.86s pos_err=0.175m T=20.53N z=5.535 m_est=2.064
[INFO] [1789418038.212293197] [acados_nmpc_node]: [attach-window] t=125.90s pos_err=0.138m T=20.61N z=5.522 m_est=2.064
[INFO] [1789418038.267800116] [acados_nmpc_node]: [attach-window] t=125.96s pos_err=0.172m T=20.51N z=5.516 m_est=2.064
[INFO] [1789418038.312224113] [acados_nmpc_node]: [attach-window] t=126.00s pos_err=0.126m T=20.59N z=5.502 m_est=2.064
[INFO] [1789418038.339554937] [acados_nmpc_node]: [wcmd] raw=[-0.003,-0.101,+0.685] w=[-0.084,+0.025,+0.525] err=[+0.080,-0.126] scaled=[-0.003,-0.101] s=1.00
[INFO] [1789418038.365349223] [acados_nmpc_node]: [attach-window] t=126.05s pos_err=0.151m T=20.51N z=5.497 m_est=2.064
[INFO] [1789418038.365700658] [acados_nmpc_node]: t=126.1s | pos_err=0.151m | T=20.51N | tau=[r0.007 p0.085 y0.086]Nm | res_stat=3.017e-07(peak 1.311e-02) sqp_iter=6 | solve=1.8ms
[INFO] [1789418038.365852594] [acados_nmpc_node]: [flight-diag] t=126.1s | om_scale=1.000(lo 1.000 hi 1.000) | tilt_max=10.68deg | w_max=[r0.084 p0.219 y0.934]rad/s | u_frac=[T0.658 r0.090 p0.423 y0.759] | u_sat=[T0.0 r0.0 p0.0 y0.0]% | mot_peak=0.839 mot_sat=0.0% | health=1 age=0.000s conf=0.000 | n=100
[INFO] [1789418038.411375968] [acados_nmpc_node]: [attach-window] t=126.10s pos_err=0.123m T=20.52N z=5.486 m_est=2.064
[INFO] [1789418038.465169986] [acados_nmpc_node]: [attach-window] t=126.15s pos_err=0.147m T=20.44N z=5.481 m_est=2.064
[INFO] [1789418038.511373860] [acados_nmpc_node]: [attach-window] t=126.20s pos_err=0.113m T=20.45N z=5.471 m_est=2.064
[INFO] [1789418038.539643296] [acados_nmpc_node]: [wcmd] raw=[+0.036,-0.121,+0.807] w=[-0.037,-0.020,+0.637] err=[+0.072,-0.100] scaled=[+0.036,-0.121] s=1.00
[INFO] [1789418038.565307432] [acados_nmpc_node]: [attach-window] t=126.25s pos_err=0.131m T=20.40N z=5.466 m_est=2.064
[INFO] [1789418038.611224759] [acados_nmpc_node]: [attach-window] t=126.30s pos_err=0.109m T=20.40N z=5.458 m_est=2.064
[INFO] [1789418038.664947007] [acados_nmpc_node]: [attach-window] t=126.35s pos_err=0.125m T=20.35N z=5.454 m_est=2.064
[INFO] [1789418038.711412374] [acados_nmpc_node]: [attach-window] t=126.40s pos_err=0.100m T=20.39N z=5.444 m_est=2.064
[INFO] [1789418038.739594123] [acados_nmpc_node]: [wcmd] raw=[+0.030,-0.096,+0.918] w=[-0.023,-0.015,+0.760] err=[+0.053,-0.081] scaled=[+0.030,-0.096] s=1.00
[INFO] [1789418038.765202667] [acados_nmpc_node]: [attach-window] t=126.45s pos_err=0.110m T=20.37N z=5.440 m_est=2.064
[INFO] [1789418038.812022847] [acados_nmpc_node]: [attach-window] t=126.50s pos_err=0.095m T=20.39N z=5.431 m_est=2.064
[INFO] [1789418038.868138135] [acados_nmpc_node]: [attach-window] t=126.56s pos_err=0.105m T=20.37N z=5.427 m_est=2.064
[INFO] [1789418038.912171996] [acados_nmpc_node]: [attach-window] t=126.60s pos_err=0.088m T=20.41N z=5.417 m_est=2.064
[INFO] [1789418038.939537920] [acados_nmpc_node]: [wcmd] raw=[+0.034,-0.081,+0.991] w=[-0.027,+0.013,+0.880] err=[+0.061,-0.094] scaled=[+0.034,-0.081] s=1.00
[INFO] [1789418038.967971811] [acados_nmpc_node]: [attach-window] t=126.66s pos_err=0.092m T=20.41N z=5.413 m_est=2.064
[INFO] [1789418039.012110261] [acados_nmpc_node]: [attach-window] t=126.70s pos_err=0.082m T=20.43N z=5.404 m_est=2.064
[INFO] [1789418039.067673891] [acados_nmpc_node]: [attach-window] t=126.76s pos_err=0.085m T=20.43N z=5.399 m_est=2.064
[INFO] [1789418039.112266823] [acados_nmpc_node]: [attach-window] t=126.80s pos_err=0.078m T=20.44N z=5.390 m_est=2.064
[INFO] [1789418039.139530194] [acados_nmpc_node]: [wcmd] raw=[+0.044,-0.105,+0.997] w=[-0.008,+0.008,+0.980] err=[+0.052,-0.113] scaled=[+0.044,-0.105] s=1.00
[INFO] [1789418039.168005267] [acados_nmpc_node]: [attach-window] t=126.86s pos_err=0.073m T=20.46N z=5.385 m_est=2.064
[INFO] [1789418039.212043590] [acados_nmpc_node]: [attach-window] t=126.90s pos_err=0.072m T=20.43N z=5.377 m_est=2.064
[INFO] [1789418039.267993294] [acados_nmpc_node]: [attach-window] t=126.96s pos_err=0.065m T=20.45N z=5.374 m_est=2.064
[INFO] [1789418039.312193239] [acados_nmpc_node]: [attach-window] t=127.00s pos_err=0.071m T=20.41N z=5.365 m_est=2.064
[INFO] [1789418039.339573197] [acados_nmpc_node]: [wcmd] raw=[+0.026,-0.114,+0.920] w=[+0.004,-0.011,+1.033] err=[+0.022,-0.103] scaled=[+0.026,-0.114] s=1.00
[INFO] [1789418039.367747677] [acados_nmpc_node]: [attach-window] t=127.06s pos_err=0.055m T=20.44N z=5.362 m_est=2.064
[INFO] [1789418039.412096879] [acados_nmpc_node]: [attach-window] t=127.10s pos_err=0.061m T=20.41N z=5.355 m_est=2.064
[INFO] [1789418039.467979060] [acados_nmpc_node]: [attach-window] t=127.16s pos_err=0.046m T=20.44N z=5.351 m_est=2.064
[INFO] [1789418039.512046132] [acados_nmpc_node]: [attach-window] t=127.20s pos_err=0.059m T=20.41N z=5.343 m_est=2.064
[INFO] [1789418039.539554960] [acados_nmpc_node]: [wcmd] raw=[-0.003,-0.099,+0.771] w=[-0.014,+0.020,+1.014] err=[+0.011,-0.120] scaled=[-0.003,-0.099] s=1.00
[INFO] [1789418039.567504606] [acados_nmpc_node]: [attach-window] t=127.26s pos_err=0.035m T=20.47N z=5.340 m_est=2.064
[INFO] [1789418039.611324950] [acados_nmpc_node]: [attach-window] t=127.30s pos_err=0.045m T=20.44N z=5.333 m_est=2.064
[INFO] [1789418039.667954612] [acados_nmpc_node]: [attach-window] t=127.36s pos_err=0.029m T=20.49N z=5.329 m_est=2.064
[INFO] [1789418039.712262244] [acados_nmpc_node]: [attach-window] t=127.40s pos_err=0.042m T=20.46N z=5.321 m_est=2.064
[INFO] [1789418039.739517380] [acados_nmpc_node]: [wcmd] raw=[-0.017,-0.092,+0.587] w=[-0.020,+0.038,+0.926] err=[+0.003,-0.130] scaled=[-0.017,-0.092] s=1.00
[INFO] [1789418039.765207547] [acados_nmpc_node]: [attach-window] t=127.45s pos_err=0.019m T=20.52N z=5.318 m_est=2.064
[INFO] [1789418039.812264419] [acados_nmpc_node]: [attach-window] t=127.50s pos_err=0.025m T=20.47N z=5.311 m_est=2.064
[INFO] [1789418039.865244721] [acados_nmpc_node]: [attach-window] t=127.55s pos_err=0.019m T=20.52N z=5.307 m_est=2.064
[INFO] [1789418039.912285848] [acados_nmpc_node]: [attach-window] t=127.60s pos_err=0.025m T=20.45N z=5.300 m_est=2.064
[INFO] [1789418039.939619755] [acados_nmpc_node]: [wcmd] raw=[-0.015,-0.113,+0.409] w=[-0.013,+0.005,+0.772] err=[-0.003,-0.118] scaled=[-0.015,-0.113] s=1.00
[INFO] [1789418039.968384371] [acados_nmpc_node]: [attach-window] t=127.66s pos_err=0.042m T=20.54N z=5.297 m_est=2.064
[INFO] [1789418040.012444772] [acados_nmpc_node]: [attach-window] t=127.70s pos_err=0.023m T=20.46N z=5.291 m_est=2.064
[INFO] [1789418040.068424949] [acados_nmpc_node]: [attach-window] t=127.76s pos_err=0.063m T=20.53N z=5.288 m_est=2.064
[INFO] [1789418040.112383967] [acados_nmpc_node]: [attach-window] t=127.80s pos_err=0.029m T=20.39N z=5.282 m_est=2.064
[INFO] [1789418040.139519826] [acados_nmpc_node]: [wcmd] raw=[-0.010,-0.132,+0.271] w=[-0.014,+0.051,+0.594] err=[+0.004,-0.183] scaled=[-0.010,-0.132] s=1.00
[INFO] [1789418040.167809856] [acados_nmpc_node]: [attach-window] t=127.86s pos_err=0.069m T=20.48N z=5.280 m_est=2.064
[INFO] [1789418040.212298199] [acados_nmpc_node]: [attach-window] t=127.90s pos_err=0.041m T=20.33N z=5.276 m_est=2.064
[INFO] [1789418040.267644184] [acados_nmpc_node]: [attach-window] t=127.96s pos_err=0.089m T=20.42N z=5.274 m_est=2.064
[INFO] [1789418040.311783618] [acados_nmpc_node]: [attach-window] t=128.00s pos_err=0.043m T=20.20N z=5.270 m_est=2.064
[INFO] [1789418040.339569753] [acados_nmpc_node]: [wcmd] raw=[+0.015,-0.197,+0.188] w=[-0.001,-0.013,+0.431] err=[+0.016,-0.184] scaled=[+0.015,-0.197] s=1.00
[INFO] [1789418040.367930742] [acados_nmpc_node]: [attach-window] t=128.06s pos_err=0.093m T=20.32N z=5.269 m_est=2.064
[INFO] [1789418040.411933256] [acados_nmpc_node]: [attach-window] t=128.10s pos_err=0.056m T=20.15N z=5.266 m_est=2.064
[INFO] [1789418040.467979441] [acados_nmpc_node]: [attach-window] t=128.16s pos_err=0.092m T=20.22N z=5.265 m_est=2.064
[INFO] [1789418040.511792474] [acados_nmpc_node]: [attach-window] t=128.20s pos_err=0.054m T=20.07N z=5.263 m_est=2.064
[INFO] [1789418040.539494120] [acados_nmpc_node]: [wcmd] raw=[+0.033,-0.198,+0.160] w=[+0.021,-0.088,+0.298] err=[+0.011,-0.110] scaled=[+0.033,-0.198] s=1.00
[INFO] [1789418040.567623479] [acados_nmpc_node]: [attach-window] t=128.26s pos_err=0.108m T=20.21N z=5.262 m_est=2.064
[INFO] [1789418040.611772525] [acados_nmpc_node]: [attach-window] t=128.30s pos_err=0.066m T=20.11N z=5.260 m_est=2.064
[INFO] [1789418040.667650914] [acados_nmpc_node]: [attach-window] t=128.36s pos_err=0.125m T=20.23N z=5.258 m_est=2.064
[INFO] [1789418040.711860610] [acados_nmpc_node]: [attach-window] t=128.40s pos_err=0.063m T=20.12N z=5.255 m_est=2.064
[INFO] [1789418040.739534361] [acados_nmpc_node]: [wcmd] raw=[+0.026,-0.157,+0.172] w=[+0.013,+0.002,+0.217] err=[+0.013,-0.159] scaled=[+0.026,-0.157] s=1.00
[INFO] [1789418040.768046294] [acados_nmpc_node]: [attach-window] t=128.46s pos_err=0.123m T=20.25N z=5.254 m_est=2.064
[INFO] [1789418040.811894509] [acados_nmpc_node]: [attach-window] t=128.50s pos_err=0.060m T=20.13N z=5.250 m_est=2.064
[INFO] [1789418040.868118140] [acados_nmpc_node]: [attach-window] t=128.56s pos_err=0.141m T=20.30N z=5.249 m_est=2.064
[INFO] [1789418040.911918539] [acados_nmpc_node]: [attach-window] t=128.60s pos_err=0.076m T=20.18N z=5.246 m_est=2.064
[INFO] [1789418040.939446418] [acados_nmpc_node]: [wcmd] raw=[+0.016,-0.142,+0.204] w=[-0.003,-0.017,+0.182] err=[+0.019,-0.126] scaled=[+0.016,-0.142] s=1.00
[INFO] [1789418040.967802702] [acados_nmpc_node]: [attach-window] t=128.66s pos_err=0.140m T=20.29N z=5.245 m_est=2.064
[INFO] [1789418041.011769093] [acados_nmpc_node]: [attach-window] t=128.70s pos_err=0.094m T=20.20N z=5.242 m_est=2.064
[INFO] [1789418041.068191682] [acados_nmpc_node]: [attach-window] t=128.76s pos_err=0.160m T=20.30N z=5.241 m_est=2.064
[INFO] [1789418041.111970971] [acados_nmpc_node]: [attach-window] t=128.80s pos_err=0.091m T=20.17N z=5.239 m_est=2.064
[INFO] [1789418041.139591517] [acados_nmpc_node]: [wcmd] raw=[+0.003,-0.168,+0.247] w=[-0.029,+0.004,+0.187] err=[+0.032,-0.172] scaled=[+0.003,-0.168] s=1.00
[INFO] [1789418041.168421678] [acados_nmpc_node]: [attach-window] t=128.86s pos_err=0.158m T=20.30N z=5.238 m_est=2.064
[INFO] [1789418041.212226122] [acados_nmpc_node]: [attach-window] t=128.90s pos_err=0.108m T=20.19N z=5.236 m_est=2.064
[INFO] [1789418041.268350798] [acados_nmpc_node]: [attach-window] t=128.96s pos_err=0.175m T=20.31N z=5.235 m_est=2.064
[INFO] [1789418041.312336013] [acados_nmpc_node]: [attach-window] t=129.00s pos_err=0.103m T=20.17N z=5.233 m_est=2.064
[INFO] [1789418041.339649755] [acados_nmpc_node]: [wcmd] raw=[+0.014,-0.208,+0.283] w=[-0.036,-0.034,+0.216] err=[+0.050,-0.173] scaled=[+0.014,-0.208] s=1.00
[INFO] [1789418041.368199496] [acados_nmpc_node]: [attach-window] t=129.06s pos_err=0.170m T=20.31N z=5.233 m_est=2.064
[INFO] [1789418041.412192175] [acados_nmpc_node]: [attach-window] t=129.10s pos_err=0.096m T=20.14N z=5.231 m_est=2.064
[INFO] [1789418041.467973614] [acados_nmpc_node]: [attach-window] t=129.16s pos_err=0.184m T=20.31N z=5.230 m_est=2.064
[INFO] [1789418041.512130367] [acados_nmpc_node]: [attach-window] t=129.20s pos_err=0.109m T=20.17N z=5.229 m_est=2.064
[INFO] [1789418041.539624822] [acados_nmpc_node]: [wcmd] raw=[+0.021,-0.195,+0.307] w=[-0.010,-0.105,+0.251] err=[+0.031,-0.091] scaled=[+0.021,-0.195] s=1.00
[INFO] [1789418041.567773541] [acados_nmpc_node]: [attach-window] t=129.26s pos_err=0.175m T=20.27N z=5.229 m_est=2.064
[INFO] [1789418041.612198157] [acados_nmpc_node]: [attach-window] t=129.30s pos_err=0.122m T=20.17N z=5.228 m_est=2.064
[INFO] [1789418041.667813081] [acados_nmpc_node]: [attach-window] t=129.36s pos_err=0.188m T=20.26N z=5.229 m_est=2.064
[INFO] [1789418041.712021521] [acados_nmpc_node]: [attach-window] t=129.40s pos_err=0.113m T=20.15N z=5.229 m_est=2.064
[INFO] [1789418041.739589044] [acados_nmpc_node]: [wcmd] raw=[+0.017,-0.181,+0.321] w=[-0.012,-0.042,+0.284] err=[+0.029,-0.139] scaled=[+0.017,-0.181] s=1.00
[INFO] [1789418041.768233764] [acados_nmpc_node]: [attach-window] t=129.46s pos_err=0.180m T=20.24N z=5.230 m_est=2.064
[INFO] [1789418041.812031411] [acados_nmpc_node]: [attach-window] t=129.50s pos_err=0.126m T=20.16N z=5.231 m_est=2.064
[INFO] [1789418041.868011405] [acados_nmpc_node]: [attach-window] t=129.56s pos_err=0.191m T=20.24N z=5.231 m_est=2.064
[INFO] [1789418041.912031099] [acados_nmpc_node]: [attach-window] t=129.60s pos_err=0.117m T=20.14N z=5.233 m_est=2.064
[INFO] [1789418041.939575368] [acados_nmpc_node]: [wcmd] raw=[+0.019,-0.184,+0.332] w=[-0.012,-0.033,+0.310] err=[+0.031,-0.150] scaled=[+0.019,-0.184] s=1.00
[INFO] [1789418041.967824761] [acados_nmpc_node]: [attach-window] t=129.66s pos_err=0.181m T=20.23N z=5.234 m_est=2.064
[INFO] [1789418042.012018632] [acados_nmpc_node]: [attach-window] t=129.70s pos_err=0.109m T=20.11N z=5.236 m_est=2.064
[INFO] [1789418042.068010174] [acados_nmpc_node]: [attach-window] t=129.76s pos_err=0.171m T=20.21N z=5.237 m_est=2.064
[INFO] [1789418042.112112483] [acados_nmpc_node]: [attach-window] t=129.80s pos_err=0.122m T=20.14N z=5.239 m_est=2.064
[INFO] [1789418042.139476287] [acados_nmpc_node]: [wcmd] raw=[+0.016,-0.153,+0.344] w=[+0.007,-0.112,+0.328] err=[+0.009,-0.041] scaled=[+0.016,-0.153] s=1.00
[INFO] [1789418042.168204705] [acados_nmpc_node]: [attach-window] t=129.86s pos_err=0.184m T=20.22N z=5.241 m_est=2.064
[INFO] [1789418042.212070594] [acados_nmpc_node]: [attach-window] t=129.90s pos_err=0.116m T=20.18N z=5.243 m_est=2.064
[INFO] [1789418042.268532740] [acados_nmpc_node]: [attach-window] t=129.96s pos_err=0.197m T=20.27N z=5.243 m_est=2.064
[INFO] [1789418042.312091262] [acados_nmpc_node]: [attach-window] t=130.00s pos_err=0.131m T=20.24N z=5.246 m_est=2.064
[INFO] [1789418042.339515398] [acados_nmpc_node]: [wcmd] raw=[+0.005,-0.108,+0.375] w=[-0.008,-0.016,+0.344] err=[+0.013,-0.092] scaled=[+0.005,-0.108] s=1.00
[INFO] [1789418042.367988509] [acados_nmpc_node]: [attach-window] t=130.06s pos_err=0.189m T=20.30N z=5.246 m_est=2.064
[INFO] [1789418042.412120081] [acados_nmpc_node]: [attach-window] t=130.10s pos_err=0.146m T=20.28N z=5.248 m_est=2.064
[INFO] [1789418042.468039185] [acados_nmpc_node]: [attach-window] t=130.16s pos_err=0.202m T=20.35N z=5.249 m_est=2.064
[INFO] [1789418042.511967768] [acados_nmpc_node]: [attach-window] t=130.20s pos_err=0.143m T=20.30N z=5.252 m_est=2.064
[INFO] [1789418042.539451365] [acados_nmpc_node]: [wcmd] raw=[-0.001,-0.150,+0.421] w=[-0.034,+0.004,+0.368] err=[+0.033,-0.154] scaled=[-0.001,-0.150] s=1.00
[INFO] [1789418042.568025946] [acados_nmpc_node]: [attach-window] t=130.26s pos_err=0.197m T=20.38N z=5.253 m_est=2.064
[INFO] [1789418042.611970183] [acados_nmpc_node]: [attach-window] t=130.30s pos_err=0.157m T=20.33N z=5.256 m_est=2.064
[INFO] [1789418042.667991372] [acados_nmpc_node]: [attach-window] t=130.36s pos_err=0.208m T=20.40N z=5.257 m_est=2.064
[INFO] [1789418042.712063346] [acados_nmpc_node]: [attach-window] t=130.40s pos_err=0.152m T=20.33N z=5.261 m_est=2.064
[INFO] [1789418042.739502150] [acados_nmpc_node]: [wcmd] raw=[-0.004,-0.169,+0.489] w=[-0.042,-0.048,+0.406] err=[+0.038,-0.121] scaled=[-0.004,-0.169] s=1.00
[INFO] [1789418042.768078034] [acados_nmpc_node]: [attach-window] t=130.46s pos_err=0.200m T=20.40N z=5.262 m_est=2.064
[INFO] [1789418042.812323052] [acados_nmpc_node]: [attach-window] t=130.50s pos_err=0.161m T=20.34N z=5.266 m_est=2.064
[INFO] [1789418042.868224208] [acados_nmpc_node]: [attach-window] t=130.56s pos_err=0.206m T=20.41N z=5.268 m_est=2.064
[INFO] [1789418042.912371985] [acados_nmpc_node]: [attach-window] t=130.60s pos_err=0.154m T=20.32N z=5.274 m_est=2.064
[INFO] [1789418042.939607381] [acados_nmpc_node]: [wcmd] raw=[-0.011,-0.160,+0.580] w=[-0.054,-0.058,+0.462] err=[+0.043,-0.101] scaled=[-0.011,-0.160] s=1.00
[INFO] [1789418042.967865994] [acados_nmpc_node]: [attach-window] t=130.66s pos_err=0.194m T=20.39N z=5.276 m_est=2.064
[INFO] [1789418043.012371622] [acados_nmpc_node]: [attach-window] t=130.70s pos_err=0.159m T=20.34N z=5.282 m_est=2.064
[INFO] [1789418043.068111381] [acados_nmpc_node]: [attach-window] t=130.76s pos_err=0.197m T=20.41N z=5.285 m_est=2.064
[INFO] [1789418043.113063477] [acados_nmpc_node]: [attach-window] t=130.80s pos_err=0.152m T=20.34N z=5.291 m_est=2.064
[INFO] [1789418043.139551005] [acados_nmpc_node]: [wcmd] raw=[-0.007,-0.134,+0.689] w=[-0.063,-0.056,+0.537] err=[+0.057,-0.078] scaled=[-0.007,-0.134] s=1.00
[INFO] [1789418043.168259944] [acados_nmpc_node]: [attach-window] t=130.86s pos_err=0.185m T=20.42N z=5.294 m_est=2.064
[INFO] [1789418043.212372144] [acados_nmpc_node]: [attach-window] t=130.90s pos_err=0.155m T=20.38N z=5.299 m_est=2.064
[INFO] [1789418043.267985499] [acados_nmpc_node]: [attach-window] t=130.96s pos_err=0.185m T=20.47N z=5.302 m_est=2.064
[INFO] [1789418043.312279538] [acados_nmpc_node]: [attach-window] t=131.00s pos_err=0.149m T=20.42N z=5.307 m_est=2.064
[INFO] [1789418043.339502240] [acados_nmpc_node]: [wcmd] raw=[+0.016,-0.115,+0.809] w=[-0.051,-0.031,+0.636] err=[+0.068,-0.084] scaled=[+0.016,-0.115] s=1.00
[INFO] [1789418043.365388645] [acados_nmpc_node]: [attach-window] t=131.05s pos_err=0.171m T=20.51N z=5.310 m_est=2.064
[INFO] [1789418043.365749742] [acados_nmpc_node]: t=131.1s | pos_err=0.171m | T=20.51N | tau=[r0.001 p0.083 y0.094]Nm | res_stat=3.840e-07(peak 1.311e-02) sqp_iter=6 | solve=1.8ms
[INFO] [1789418043.365903359] [acados_nmpc_node]: [flight-diag] t=131.1s | om_scale=1.000(lo 1.000 hi 1.000) | tilt_max=9.81deg | w_max=[r0.063 p0.192 y1.035]rad/s | u_frac=[T0.655 r0.066 p0.221 y0.717] | u_sat=[T0.0 r0.0 p0.0 y0.0]% | mot_peak=0.834 mot_sat=0.0% | health=1 age=0.000s conf=0.000 | n=100
[INFO] [1789418043.412227669] [acados_nmpc_node]: [attach-window] t=131.10s pos_err=0.150m T=20.47N z=5.315 m_est=2.064
[INFO] [1789418043.467712175] [acados_nmpc_node]: [attach-window] t=131.16s pos_err=0.172m T=20.57N z=5.318 m_est=2.064
[INFO] [1789418043.512246005] [acados_nmpc_node]: [attach-window] t=131.20s pos_err=0.144m T=20.48N z=5.325 m_est=2.064
[INFO] [1789418043.539457595] [acados_nmpc_node]: [wcmd] raw=[+0.008,-0.100,+0.919] w=[-0.041,-0.017,+0.750] err=[+0.049,-0.083] scaled=[+0.008,-0.100] s=1.00
[INFO] [1789418043.567758094] [acados_nmpc_node]: [attach-window] t=131.26s pos_err=0.161m T=20.57N z=5.328 m_est=2.064
[INFO] [1789418043.612283648] [acados_nmpc_node]: [attach-window] t=131.30s pos_err=0.144m T=20.50N z=5.334 m_est=2.064
[INFO] [1789418043.667946396] [acados_nmpc_node]: [attach-window] t=131.36s pos_err=0.158m T=20.59N z=5.338 m_est=2.064
[INFO] [1789418043.712272445] [acados_nmpc_node]: [attach-window] t=131.40s pos_err=0.140m T=20.46N z=5.346 m_est=2.064
[INFO] [1789418043.739458146] [acados_nmpc_node]: [wcmd] raw=[+0.008,-0.086,+0.991] w=[-0.056,+0.008,+0.869] err=[+0.064,-0.094] scaled=[+0.008,-0.086] s=1.00
[INFO] [1789418043.767831866] [acados_nmpc_node]: [attach-window] t=131.46s pos_err=0.150m T=20.56N z=5.350 m_est=2.064
[INFO] [1789418043.812238181] [acados_nmpc_node]: [attach-window] t=131.50s pos_err=0.140m T=20.45N z=5.358 m_est=2.064
[INFO] [1789418043.867871545] [acados_nmpc_node]: [attach-window] t=131.56s pos_err=0.148m T=20.56N z=5.362 m_est=2.064
[INFO] [1789418043.912239237] [acados_nmpc_node]: [attach-window] t=131.60s pos_err=0.140m T=20.41N z=5.371 m_est=2.064
[INFO] [1789418043.939451614] [acados_nmpc_node]: [wcmd] raw=[+0.031,-0.096,+0.994] w=[-0.033,+0.017,+0.969] err=[+0.064,-0.113] scaled=[+0.031,-0.096] s=1.00
[INFO] [1789418043.967965397] [acados_nmpc_node]: [attach-window] t=131.66s pos_err=0.142m T=20.54N z=5.375 m_est=2.064
[INFO] [1789418044.012325037] [acados_nmpc_node]: [attach-window] t=131.70s pos_err=0.140m T=20.43N z=5.383 m_est=2.064
[INFO] [1789418044.067702211] [acados_nmpc_node]: [attach-window] t=131.76s pos_err=0.139m T=20.58N z=5.388 m_est=2.064
[INFO] [1789418044.112549150] [acados_nmpc_node]: [attach-window] t=131.80s pos_err=0.143m T=20.40N z=5.397 m_est=2.064
[INFO] [1789418044.139482858] [acados_nmpc_node]: [wcmd] raw=[+0.022,-0.117,+0.913] w=[-0.007,+0.012,+1.022] err=[+0.028,-0.129] scaled=[+0.022,-0.117] s=1.00
[INFO] [1789418044.167682399] [acados_nmpc_node]: [attach-window] t=131.86s pos_err=0.135m T=20.57N z=5.402 m_est=2.064
[INFO] [1789418044.212390882] [acados_nmpc_node]: [attach-window] t=131.90s pos_err=0.148m T=20.36N z=5.412 m_est=2.064
[INFO] [1789418044.267576721] [acados_nmpc_node]: [attach-window] t=131.96s pos_err=0.133m T=20.53N z=5.417 m_est=2.064
[INFO] [1789418044.312258845] [acados_nmpc_node]: [attach-window] t=132.00s pos_err=0.146m T=20.39N z=5.427 m_est=2.064
[INFO] [1789418044.339574921] [acados_nmpc_node]: [wcmd] raw=[-0.027,-0.078,+0.750] w=[+0.009,-0.045,+1.001] err=[-0.037,-0.033] scaled=[-0.027,-0.078] s=1.00
[INFO] [1789418044.367694600] [acados_nmpc_node]: [attach-window] t=132.06s pos_err=0.127m T=20.55N z=5.432 m_est=2.064
[INFO] [1789418044.412158293] [acados_nmpc_node]: [attach-window] t=132.10s pos_err=0.140m T=20.42N z=5.443 m_est=2.064
[INFO] [1789418044.467602731] [acados_nmpc_node]: [attach-window] t=132.16s pos_err=0.123m T=20.52N z=5.449 m_est=2.064
[INFO] [1789418044.512265406] [acados_nmpc_node]: [attach-window] t=132.20s pos_err=0.142m T=20.39N z=5.460 m_est=2.064
[INFO] [1789418044.539472851] [acados_nmpc_node]: [wcmd] raw=[-0.039,-0.061,+0.566] w=[-0.046,+0.059,+0.902] err=[+0.007,-0.119] scaled=[-0.039,-0.061] s=1.00
[INFO] [1789418044.567906497] [acados_nmpc_node]: [attach-window] t=132.26s pos_err=0.112m T=20.57N z=5.465 m_est=2.064
[INFO] [1789418044.612292241] [acados_nmpc_node]: [attach-window] t=132.30s pos_err=0.132m T=20.43N z=5.476 m_est=2.064
[INFO] [1789418044.668032942] [acados_nmpc_node]: [attach-window] t=132.36s pos_err=0.099m T=20.60N z=5.482 m_est=2.064
[INFO] [1789418044.712304485] [acados_nmpc_node]: [attach-window] t=132.40s pos_err=0.133m T=20.34N z=5.495 m_est=2.064
[INFO] [1789418044.739534422] [acados_nmpc_node]: [wcmd] raw=[-0.026,-0.098,+0.373] w=[-0.033,+0.104,+0.749] err=[+0.007,-0.202] scaled=[-0.026,-0.098] s=1.00
[INFO] [1789418044.768253971] [acados_nmpc_node]: [attach-window] t=132.46s pos_err=0.092m T=20.55N z=5.500 m_est=2.064
[INFO] [1789418044.812420380] [acados_nmpc_node]: [attach-window] t=132.50s pos_err=0.119m T=20.33N z=5.512 m_est=2.064
[INFO] [1789418044.868392304] [acados_nmpc_node]: [attach-window] t=132.56s pos_err=0.075m T=20.55N z=5.518 m_est=2.064
[INFO] [1789418044.912374237] [acados_nmpc_node]: [attach-window] t=132.60s pos_err=0.122m T=20.23N z=5.532 m_est=2.064
[INFO] [1789418044.939611216] [acados_nmpc_node]: [wcmd] raw=[-0.025,-0.150,+0.215] w=[-0.015,+0.022,+0.562] err=[-0.010,-0.173] scaled=[-0.025,-0.150] s=1.00
[INFO] [1789418044.968100860] [acados_nmpc_node]: [attach-window] t=132.66s pos_err=0.070m T=20.47N z=5.538 m_est=2.064
[INFO] [1789418045.012325246] [acados_nmpc_node]: [attach-window] t=132.70s pos_err=0.108m T=20.23N z=5.551 m_est=2.064
[INFO] [1789418045.067728485] [acados_nmpc_node]: [attach-window] t=132.76s pos_err=0.068m T=20.38N z=5.559 m_est=2.064
[INFO] [1789418045.112237955] [acados_nmpc_node]: [attach-window] t=132.80s pos_err=0.112m T=20.15N z=5.572 m_est=2.064
[INFO] [1789418045.139508485] [acados_nmpc_node]: [wcmd] raw=[-0.012,-0.140,+0.109] w=[-0.015,-0.035,+0.380] err=[+0.004,-0.105] scaled=[-0.012,-0.140] s=1.00
[INFO] [1789418045.167955060] [acados_nmpc_node]: [attach-window] t=132.86s pos_err=0.049m T=20.42N z=5.578 m_est=2.064
[INFO] [1789418045.212049675] [acados_nmpc_node]: [attach-window] t=132.90s pos_err=0.098m T=20.23N z=5.591 m_est=2.064
[INFO] [1789418045.268071749] [acados_nmpc_node]: [attach-window] t=132.96s pos_err=0.031m T=20.48N z=5.597 m_est=2.064
[INFO] [1789418045.312253083] [acados_nmpc_node]: [attach-window] t=133.00s pos_err=0.105m T=20.18N z=5.611 m_est=2.064
[INFO] [1789418045.339493221] [acados_nmpc_node]: [wcmd] raw=[+0.025,-0.130,+0.065] w=[+0.002,+0.066,+0.229] err=[+0.023,-0.196] scaled=[+0.025,-0.130] s=1.00
[INFO] [1789418045.367801325] [acados_nmpc_node]: [attach-window] t=133.06s pos_err=0.035m T=20.44N z=5.618 m_est=2.064
[INFO] [1789418045.412020571] [acados_nmpc_node]: [attach-window] t=133.10s pos_err=0.090m T=20.19N z=5.631 m_est=2.064
[INFO] [1789418045.467600293] [acados_nmpc_node]: [attach-window] t=133.16s pos_err=0.019m T=20.44N z=5.637 m_est=2.064
[INFO] [1789418045.511951057] [acados_nmpc_node]: [attach-window] t=133.20s pos_err=0.099m T=20.06N z=5.653 m_est=2.064
[INFO] [1789418045.539552849] [acados_nmpc_node]: [wcmd] raw=[+0.059,-0.187,+0.058] w=[+0.035,+0.042,+0.128] err=[+0.024,-0.229] scaled=[+0.059,-0.187] s=1.00
[INFO] [1789418045.567525520] [acados_nmpc_node]: [attach-window] t=133.26s pos_err=0.026m T=20.35N z=5.660 m_est=2.064
[INFO] [1789418045.611739230] [acados_nmpc_node]: [attach-window] t=133.30s pos_err=0.082m T=20.06N z=5.674 m_est=2.064
[INFO] [1789418045.667555388] [acados_nmpc_node]: [attach-window] t=133.36s pos_err=0.016m T=20.33N z=5.681 m_est=2.064
[INFO] [1789418045.711843080] [acados_nmpc_node]: [attach-window] t=133.40s pos_err=0.090m T=19.97N z=5.698 m_est=2.064
[INFO] [1789418045.739497478] [acados_nmpc_node]: [wcmd] raw=[+0.059,-0.177,+0.073] w=[+0.051,-0.008,+0.074] err=[+0.009,-0.170] scaled=[+0.059,-0.177] s=1.00
[INFO] [1789418045.767574105] [acados_nmpc_node]: [attach-window] t=133.46s pos_err=0.022m T=20.25N z=5.705 m_est=2.064
[INFO] [1789418045.811834722] [acados_nmpc_node]: [attach-window] t=133.50s pos_err=0.072m T=20.00N z=5.720 m_est=2.064
[INFO] [1789418045.867643496] [acados_nmpc_node]: [attach-window] t=133.56s pos_err=0.028m T=20.27N z=5.727 m_est=2.064
[INFO] [1789418045.911759141] [acados_nmpc_node]: [attach-window] t=133.60s pos_err=0.079m T=19.95N z=5.743 m_est=2.064
[INFO] [1789418045.939437413] [acados_nmpc_node]: [wcmd] raw=[+0.045,-0.156,+0.092] w=[+0.032,+0.033,+0.059] err=[+0.013,-0.189] scaled=[+0.045,-0.156] s=1.00
[INFO] [1789418045.967614554] [acados_nmpc_node]: [attach-window] t=133.66s pos_err=0.030m T=20.22N z=5.751 m_est=2.064
[INFO] [1789418046.011726182] [acados_nmpc_node]: [attach-window] t=133.70s pos_err=0.060m T=19.99N z=5.765 m_est=2.064
[INFO] [1789418046.067661675] [acados_nmpc_node]: [attach-window] t=133.76s pos_err=0.048m T=20.25N z=5.773 m_est=2.064
[INFO] [1789418046.111755109] [acados_nmpc_node]: [attach-window] t=133.80s pos_err=0.066m T=19.92N z=5.789 m_est=2.064
[INFO] [1789418046.139537399] [acados_nmpc_node]: [wcmd] raw=[+0.050,-0.182,+0.100] w=[+0.025,+0.061,+0.064] err=[+0.025,-0.242] scaled=[+0.050,-0.182] s=1.00
[INFO] [1789418046.167798820] [acados_nmpc_node]: [attach-window] t=133.86s pos_err=0.049m T=20.21N z=5.796 m_est=2.064
[INFO] [1789418046.211809106] [acados_nmpc_node]: [attach-window] t=133.90s pos_err=0.051m T=19.95N z=5.811 m_est=2.064
[INFO] [1789418046.267540735] [acados_nmpc_node]: [attach-window] t=133.96s pos_err=0.049m T=20.13N z=5.821 m_est=2.064
[INFO] [1789418046.311863655] [acados_nmpc_node]: [attach-window] t=134.00s pos_err=0.059m T=19.85N z=5.836 m_est=2.064
[INFO] [1789418046.339591756] [acados_nmpc_node]: [wcmd] raw=[+0.044,-0.214,+0.094] w=[+0.035,-0.049,+0.075] err=[+0.009,-0.165] scaled=[+0.044,-0.214] s=1.00
[INFO] [1789418046.367830911] [acados_nmpc_node]: [attach-window] t=134.06s pos_err=0.068m T=20.15N z=5.844 m_est=2.064
[INFO] [1789418046.411836667] [acados_nmpc_node]: [attach-window] t=134.10s pos_err=0.070m T=19.80N z=5.861 m_est=2.064
[INFO] [1789418046.467807333] [acados_nmpc_node]: [attach-window] t=134.16s pos_err=0.067m T=20.09N z=5.868 m_est=2.064
[INFO] [1789418046.511758205] [acados_nmpc_node]: [attach-window] t=134.20s pos_err=0.062m T=19.85N z=5.883 m_est=2.064
[INFO] [1789418046.539661142] [acados_nmpc_node]: [wcmd] raw=[+0.027,-0.167,+0.072] w=[+0.024,-0.068,+0.079] err=[+0.003,-0.099] scaled=[+0.027,-0.167] s=1.00
[INFO] [1789418046.565351025] [acados_nmpc_node]: [attach-window] t=134.25s pos_err=0.082m T=20.08N z=5.891 m_est=2.064
[INFO] [1789418046.611066172] [acados_nmpc_node]: [attach-window] t=134.30s pos_err=0.062m T=19.91N z=5.906 m_est=2.064
[INFO] [1789418046.667477363] [acados_nmpc_node]: [attach-window] t=134.36s pos_err=0.084m T=20.07N z=5.915 m_est=2.064
[INFO] [1789418046.711804750] [acados_nmpc_node]: [attach-window] t=134.40s pos_err=0.069m T=19.88N z=5.930 m_est=2.064
[INFO] [1789418046.739602817] [acados_nmpc_node]: [wcmd] raw=[+0.038,-0.189,+0.041] w=[+0.025,+0.014,+0.071] err=[+0.013,-0.203] scaled=[+0.038,-0.189] s=1.00
[INFO] [1789418046.767989249] [acados_nmpc_node]: [attach-window] t=134.46s pos_err=0.104m T=20.14N z=5.937 m_est=2.064
[INFO] [1789418046.811803945] [acados_nmpc_node]: [attach-window] t=134.50s pos_err=0.071m T=19.95N z=5.951 m_est=2.064
[INFO] [1789418046.867975535] [acados_nmpc_node]: [attach-window] t=134.56s pos_err=0.124m T=20.16N z=5.958 m_est=2.064
[INFO] [1789418046.911754361] [acados_nmpc_node]: [attach-window] t=134.60s pos_err=0.075m T=19.87N z=5.974 m_est=2.064
[INFO] [1789418046.939569842] [acados_nmpc_node]: [wcmd] raw=[+0.050,-0.219,+0.005] w=[+0.049,+0.037,+0.051] err=[+0.001,-0.256] scaled=[+0.050,-0.219] s=1.00
[INFO] [1789418046.967536415] [acados_nmpc_node]: [attach-window] t=134.66s pos_err=0.118m T=20.10N z=5.982 m_est=2.064
[INFO] [1789418047.011729826] [acados_nmpc_node]: [attach-window] t=134.70s pos_err=0.080m T=19.87N z=5.996 m_est=2.064
[INFO] [1789418047.067946829] [acados_nmpc_node]: [attach-window] t=134.76s pos_err=0.139m T=20.09N z=6.003 m_est=2.064
[INFO] [1789418047.111778883] [acados_nmpc_node]: [attach-window] t=134.80s pos_err=0.082m T=19.81N z=6.019 m_est=2.064
[INFO] [1789418047.139526509] [acados_nmpc_node]: [wcmd] raw=[+0.041,-0.239,-0.031] w=[+0.057,-0.045,+0.020] err=[-0.016,-0.193] scaled=[+0.041,-0.239] s=1.00
[INFO] [1789418047.167828868] [acados_nmpc_node]: [attach-window] t=134.86s pos_err=0.133m T=20.04N z=6.027 m_est=2.064
[INFO] [1789418047.211812162] [acados_nmpc_node]: [attach-window] t=134.90s pos_err=0.089m T=19.87N z=6.041 m_est=2.064
[INFO] [1789418047.267860205] [acados_nmpc_node]: [attach-window] t=134.96s pos_err=0.152m T=20.06N z=6.047 m_est=2.064
[INFO] [1789418047.311920906] [acados_nmpc_node]: [attach-window] t=135.00s pos_err=0.088m T=19.87N z=6.062 m_est=2.064
[INFO] [1789418047.339465231] [acados_nmpc_node]: [wcmd] raw=[+0.038,-0.206,-0.063] w=[+0.048,-0.001,-0.012] err=[-0.009,-0.206] scaled=[+0.038,-0.206] s=1.00
[INFO] [1789418047.367682880] [acados_nmpc_node]: [attach-window] t=135.06s pos_err=0.144m T=20.07N z=6.069 m_est=2.064
[INFO] [1789418047.411962923] [acados_nmpc_node]: [attach-window] t=135.10s pos_err=0.096m T=19.93N z=6.083 m_est=2.064
[INFO] [1789418047.467579920] [acados_nmpc_node]: [attach-window] t=135.16s pos_err=0.162m T=20.09N z=6.089 m_est=2.064
[INFO] [1789418047.511907444] [acados_nmpc_node]: [attach-window] t=135.20s pos_err=0.092m T=19.90N z=6.105 m_est=2.064
[INFO] [1789418047.539563537] [acados_nmpc_node]: [wcmd] raw=[+0.050,-0.213,-0.091] w=[+0.059,+0.004,-0.047] err=[-0.009,-0.217] scaled=[+0.050,-0.213] s=1.00
[INFO] [1789418047.565021791] [acados_nmpc_node]: [attach-window] t=135.25s pos_err=0.148m T=20.07N z=6.112 m_est=2.064
[INFO] [1789418047.612062766] [acados_nmpc_node]: [attach-window] t=135.30s pos_err=0.101m T=19.94N z=6.125 m_est=2.064
[INFO] [1789418047.667900644] [acados_nmpc_node]: [attach-window] t=135.36s pos_err=0.171m T=20.09N z=6.132 m_est=2.064
[INFO] [1789418047.712345351] [acados_nmpc_node]: [attach-window] t=135.40s pos_err=0.093m T=19.94N z=6.147 m_est=2.064
[INFO] [1789418047.739618010] [acados_nmpc_node]: [wcmd] raw=[+0.059,-0.195,-0.116] w=[+0.073,-0.031,-0.081] err=[-0.013,-0.165] scaled=[+0.059,-0.195] s=1.00
[INFO] [1789418047.768509221] [acados_nmpc_node]: [attach-window] t=135.46s pos_err=0.161m T=20.09N z=6.154 m_est=2.064
[INFO] [1789418047.812140834] [acados_nmpc_node]: [attach-window] t=135.50s pos_err=0.102m T=19.99N z=6.167 m_est=2.064
[INFO] [1789418047.868677487] [acados_nmpc_node]: [attach-window] t=135.56s pos_err=0.176m T=20.11N z=6.174 m_est=2.064
[INFO] [1789418047.912304975] [acados_nmpc_node]: [attach-window] t=135.60s pos_err=0.093m T=19.98N z=6.189 m_est=2.064
[INFO] [1789418047.939549133] [acados_nmpc_node]: [wcmd] raw=[+0.049,-0.181,-0.142] w=[+0.080,-0.009,-0.111] err=[-0.032,-0.172] scaled=[+0.049,-0.181] s=1.00
[INFO] [1789418047.969149363] [acados_nmpc_node]: [attach-window] t=135.66s pos_err=0.167m T=20.11N z=6.195 m_est=2.064
[INFO] [1789418048.012216246] [acados_nmpc_node]: [attach-window] t=135.70s pos_err=0.105m T=20.02N z=6.209 m_est=2.064
[INFO] [1789418048.068687765] [acados_nmpc_node]: [attach-window] t=135.76s pos_err=0.182m T=20.13N z=6.215 m_est=2.064
[INFO] [1789418048.112460512] [acados_nmpc_node]: [attach-window] t=135.80s pos_err=0.097m T=20.01N z=6.230 m_est=2.064
[INFO] [1789418048.139640684] [acados_nmpc_node]: [wcmd] raw=[+0.014,-0.191,-0.171] w=[+0.056,-0.020,-0.139] err=[-0.042,-0.171] scaled=[+0.014,-0.191] s=1.00
[INFO] [1789418048.168036427] [acados_nmpc_node]: [attach-window] t=135.86s pos_err=0.171m T=20.12N z=6.237 m_est=2.064
[INFO] [1789418048.211262721] [acados_nmpc_node]: [attach-window] t=135.90s pos_err=0.112m T=20.03N z=6.250 m_est=2.064
[INFO] [1789418048.267872024] [acados_nmpc_node]: [attach-window] t=135.96s pos_err=0.187m T=20.13N z=6.257 m_est=2.064
[INFO] [1789418048.311946366] [acados_nmpc_node]: [attach-window] t=136.00s pos_err=0.105m T=20.03N z=6.272 m_est=2.064
[INFO] [1789418048.339500933] [acados_nmpc_node]: [wcmd] raw=[+0.008,-0.175,-0.209] w=[+0.028,-0.032,-0.170] err=[-0.020,-0.143] scaled=[+0.008,-0.175] s=1.00
[INFO] [1789418048.367712860] [acados_nmpc_node]: [attach-window] t=136.06s pos_err=0.177m T=20.13N z=6.278 m_est=2.064
[INFO] [1789418048.368188627] [acados_nmpc_node]: t=136.1s | pos_err=0.177m | T=20.13N | tau=[r0.017 p0.103 y-0.023]Nm | res_stat=4.296e-07(peak 1.311e-02) sqp_iter=6 | solve=2.3ms
[INFO] [1789418048.368391402] [acados_nmpc_node]: [flight-diag] t=136.1s | om_scale=1.000(lo 1.000 hi 1.000) | tilt_max=10.36deg | w_max=[r0.080 p0.198 y1.023]rad/s | u_frac=[T0.657 r0.082 p0.290 y0.735] | u_sat=[T0.0 r0.0 p0.0 y0.0]% | mot_peak=0.840 mot_sat=0.0% | health=1 age=0.000s conf=0.000 | n=100
[INFO] [1789418048.412008915] [acados_nmpc_node]: [attach-window] t=136.10s pos_err=0.121m T=20.08N z=6.291 m_est=2.064
[INFO] [1789418048.468191515] [acados_nmpc_node]: [attach-window] t=136.16s pos_err=0.194m T=20.16N z=6.297 m_est=2.064
[INFO] [1789418048.512014976] [acados_nmpc_node]: [attach-window] t=136.20s pos_err=0.115m T=20.11N z=6.312 m_est=2.064
[INFO] [1789418048.539526575] [acados_nmpc_node]: [wcmd] raw=[+0.022,-0.143,-0.257] w=[+0.042,-0.009,-0.203] err=[-0.020,-0.135] scaled=[+0.022,-0.143] s=1.00
[INFO] [1789418048.567873615] [acados_nmpc_node]: [attach-window] t=136.26s pos_err=0.185m T=20.19N z=6.318 m_est=2.064
[INFO] [1789418048.611989164] [acados_nmpc_node]: [attach-window] t=136.30s pos_err=0.132m T=20.14N z=6.330 m_est=2.064
[INFO] [1789418048.667848336] [acados_nmpc_node]: [attach-window] t=136.36s pos_err=0.201m T=20.21N z=6.337 m_est=2.064
[INFO] [1789418048.711948249] [acados_nmpc_node]: [attach-window] t=136.40s pos_err=0.127m T=20.15N z=6.351 m_est=2.064
[INFO] [1789418048.739456637] [acados_nmpc_node]: [wcmd] raw=[+0.019,-0.134,-0.319] w=[+0.058,+0.004,-0.246] err=[-0.039,-0.138] scaled=[+0.019,-0.134] s=1.00
[INFO] [1789418048.768339359] [acados_nmpc_node]: [attach-window] t=136.46s pos_err=0.195m T=20.22N z=6.357 m_est=2.064
[INFO] [1789418048.812096686] [acados_nmpc_node]: [attach-window] t=136.50s pos_err=0.124m T=20.13N z=6.371 m_est=2.064
[INFO] [1789418048.868062278] [acados_nmpc_node]: [attach-window] t=136.56s pos_err=0.208m T=20.21N z=6.376 m_est=2.064
[INFO] [1789418048.912319964] [acados_nmpc_node]: [attach-window] t=136.60s pos_err=0.139m T=20.13N z=6.391 m_est=2.064
[INFO] [1789418048.939509426] [acados_nmpc_node]: [wcmd] raw=[+0.008,-0.120,-0.397] w=[+0.048,-0.013,-0.301] err=[-0.040,-0.108] scaled=[+0.008,-0.120] s=1.00
[INFO] [1789418048.968052014] [acados_nmpc_node]: [attach-window] t=136.66s pos_err=0.200m T=20.18N z=6.398 m_est=2.064
[INFO] [1789418049.012289744] [acados_nmpc_node]: [attach-window] t=136.70s pos_err=0.134m T=20.11N z=6.412 m_est=2.064
[INFO] [1789418049.067957840] [acados_nmpc_node]: [attach-window] t=136.76s pos_err=0.192m T=20.18N z=6.418 m_est=2.064
[INFO] [1789418049.112307110] [acados_nmpc_node]: [attach-window] t=136.80s pos_err=0.147m T=20.15N z=6.430 m_est=2.064
[INFO] [1789418049.139601219] [acados_nmpc_node]: [wcmd] raw=[+0.004,-0.110,-0.489] w=[+0.033,-0.047,-0.369] err=[-0.028,-0.063] scaled=[+0.004,-0.110] s=1.00
[INFO] [1789418049.165666068] [acados_nmpc_node]: [attach-window] t=136.85s pos_err=0.199m T=20.22N z=6.436 m_est=2.064
[INFO] [1789418049.212310009] [acados_nmpc_node]: [attach-window] t=136.90s pos_err=0.158m T=20.20N z=6.448 m_est=2.064
[INFO] [1789418049.268015249] [acados_nmpc_node]: [attach-window] t=136.96s pos_err=0.210m T=20.27N z=6.453 m_est=2.064
[INFO] [1789418049.312304325] [acados_nmpc_node]: [attach-window] t=137.00s pos_err=0.152m T=20.23N z=6.466 m_est=2.064
[INFO] [1789418049.339460694] [acados_nmpc_node]: [wcmd] raw=[-0.003,-0.108,-0.600] w=[+0.062,+0.015,-0.455] err=[-0.064,-0.124] scaled=[-0.003,-0.108] s=1.00
[INFO] [1789418049.368192475] [acados_nmpc_node]: [attach-window] t=137.06s pos_err=0.201m T=20.30N z=6.471 m_est=2.064
[INFO] [1789418049.412330768] [acados_nmpc_node]: [attach-window] t=137.10s pos_err=0.160m T=20.26N z=6.482 m_est=2.064
[INFO] [1789418049.468122431] [acados_nmpc_node]: [attach-window] t=137.16s pos_err=0.191m T=20.30N z=6.489 m_est=2.064
[INFO] [1789418049.512269312] [acados_nmpc_node]: [attach-window] t=137.20s pos_err=0.153m T=20.24N z=6.500 m_est=2.064
[INFO] [1789418049.539554516] [acados_nmpc_node]: [wcmd] raw=[-0.014,-0.112,-0.723] w=[+0.044,-0.027,-0.558] err=[-0.058,-0.085] scaled=[-0.014,-0.112] s=1.00
[INFO] [1789418049.568020294] [acados_nmpc_node]: [attach-window] t=137.26s pos_err=0.197m T=20.32N z=6.506 m_est=2.064
[INFO] [1789418049.612392883] [acados_nmpc_node]: [attach-window] t=137.30s pos_err=0.146m T=20.22N z=6.518 m_est=2.064
[INFO] [1789418049.668280999] [acados_nmpc_node]: [attach-window] t=137.36s pos_err=0.185m T=20.30N z=6.524 m_est=2.064
[INFO] [1789418049.712338583] [acados_nmpc_node]: [attach-window] t=137.40s pos_err=0.150m T=20.23N z=6.535 m_est=2.064
[INFO] [1789418049.739542561] [acados_nmpc_node]: [wcmd] raw=[-0.004,-0.081,-0.846] w=[+0.038,-0.024,-0.678] err=[-0.042,-0.056] scaled=[-0.004,-0.081] s=1.00
[INFO] [1789418049.765348899] [acados_nmpc_node]: [attach-window] t=137.45s pos_err=0.184m T=20.30N z=6.540 m_est=2.064
[INFO] [1789418049.812284101] [acados_nmpc_node]: [attach-window] t=137.50s pos_err=0.152m T=20.26N z=6.550 m_est=2.064
[INFO] [1789418049.865368913] [acados_nmpc_node]: [attach-window] t=137.55s pos_err=0.184m T=20.34N z=6.555 m_est=2.064
[INFO] [1789418049.911460731] [acados_nmpc_node]: [attach-window] t=137.60s pos_err=0.141m T=20.26N z=6.567 m_est=2.064
[INFO] [1789418049.939502748] [acados_nmpc_node]: [wcmd] raw=[-0.017,-0.092,-0.952] w=[+0.065,+0.026,-0.802] err=[-0.083,-0.118] scaled=[-0.017,-0.092] s=1.00
[INFO] [1789418049.965321851] [acados_nmpc_node]: [attach-window] t=137.65s pos_err=0.171m T=20.35N z=6.572 m_est=2.064
[INFO] [1789418050.011976037] [acados_nmpc_node]: [attach-window] t=137.70s pos_err=0.142m T=20.28N z=6.581 m_est=2.064
[INFO] [1789418050.068210739] [acados_nmpc_node]: [attach-window] t=137.76s pos_err=0.173m T=20.39N z=6.586 m_est=2.064
[INFO] [1789418050.112119507] [acados_nmpc_node]: [attach-window] t=137.80s pos_err=0.131m T=20.27N z=6.596 m_est=2.064
[INFO] [1789418050.139472396] [acados_nmpc_node]: [wcmd] raw=[-0.037,-0.106,-0.996] w=[+0.033,+0.005,-0.923] err=[-0.069,-0.111] scaled=[-0.037,-0.106] s=1.00
[INFO] [1789418050.167797228] [acados_nmpc_node]: [attach-window] t=137.86s pos_err=0.159m T=20.38N z=6.601 m_est=2.064
[INFO] [1789418050.212017338] [acados_nmpc_node]: [attach-window] t=137.90s pos_err=0.122m T=20.24N z=6.611 m_est=2.064
[INFO] [1789418050.268080744] [acados_nmpc_node]: [attach-window] t=137.96s pos_err=0.147m T=20.36N z=6.615 m_est=2.064
[INFO] [1789418050.312009096] [acados_nmpc_node]: [attach-window] t=138.00s pos_err=0.121m T=20.27N z=6.623 m_est=2.064
[INFO] [1789418050.339558256] [acados_nmpc_node]: [wcmd] raw=[-0.024,-0.090,-0.960] w=[-0.015,-0.035,-1.006] err=[-0.009,-0.055] scaled=[-0.024,-0.090] s=1.00
[INFO] [1789418050.367650655] [acados_nmpc_node]: [attach-window] t=138.06s pos_err=0.145m T=20.39N z=6.628 m_est=2.064
[INFO] [1789418050.411958128] [acados_nmpc_node]: [attach-window] t=138.10s pos_err=0.112m T=20.25N z=6.637 m_est=2.064
[INFO] [1789418050.467505831] [acados_nmpc_node]: [attach-window] t=138.16s pos_err=0.133m T=20.37N z=6.641 m_est=2.064
[INFO] [1789418050.512007186] [acados_nmpc_node]: [attach-window] t=138.20s pos_err=0.110m T=20.26N z=6.650 m_est=2.064
[INFO] [1789418050.539499441] [acados_nmpc_node]: [wcmd] raw=[-0.003,-0.077,-0.834] w=[-0.000,+0.001,-1.024] err=[-0.002,-0.078] scaled=[-0.003,-0.077] s=1.00
[INFO] [1789418050.567564621] [acados_nmpc_node]: [attach-window] t=138.26s pos_err=0.133m T=20.38N z=6.654 m_est=2.064
[INFO] [1789418050.612037380] [acados_nmpc_node]: [attach-window] t=138.30s pos_err=0.109m T=20.27N z=6.662 m_est=2.064
[INFO] [1789418050.667708415] [acados_nmpc_node]: [attach-window] t=138.36s pos_err=0.133m T=20.37N z=6.667 m_est=2.064
[INFO] [1789418050.712149591] [acados_nmpc_node]: [attach-window] t=138.40s pos_err=0.102m T=20.19N z=6.677 m_est=2.064
[INFO] [1789418050.739521881] [acados_nmpc_node]: [wcmd] raw=[-0.005,-0.112,-0.671] w=[+0.008,+0.040,-0.969] err=[-0.013,-0.152] scaled=[-0.005,-0.112] s=1.00
[INFO] [1789418050.768100811] [acados_nmpc_node]: [attach-window] t=138.46s pos_err=0.123m T=20.31N z=6.681 m_est=2.064
[INFO] [1789418050.812415224] [acados_nmpc_node]: [attach-window] t=138.50s pos_err=0.100m T=20.15N z=6.690 m_est=2.064
[INFO] [1789418050.868597444] [acados_nmpc_node]: [attach-window] t=138.56s pos_err=0.123m T=20.28N z=6.694 m_est=2.064
[INFO] [1789418050.912440331] [acados_nmpc_node]: [attach-window] t=138.60s pos_err=0.092m T=20.07N z=6.703 m_est=2.064
[INFO] [1789418050.939537511] [acados_nmpc_node]: [wcmd] raw=[+0.017,-0.151,-0.485] w=[-0.005,-0.010,-0.847] err=[+0.022,-0.142] scaled=[+0.017,-0.151] s=1.00
[INFO] [1789418050.967851609] [acados_nmpc_node]: [attach-window] t=138.66s pos_err=0.111m T=20.21N z=6.707 m_est=2.064
[INFO] [1789418051.012454694] [acados_nmpc_node]: [attach-window] t=138.70s pos_err=0.088m T=20.07N z=6.715 m_est=2.064
[INFO] [1789418051.068239756] [acados_nmpc_node]: [attach-window] t=138.76s pos_err=0.101m T=20.17N z=6.720 m_est=2.064
[INFO] [1789418051.111452598] [acados_nmpc_node]: [attach-window] t=138.80s pos_err=0.079m T=20.04N z=6.727 m_est=2.064
[INFO] [1789418051.139409994] [acados_nmpc_node]: [wcmd] raw=[+0.047,-0.132,-0.317] w=[+0.021,-0.042,-0.675] err=[+0.026,-0.090] scaled=[+0.047,-0.132] s=1.00
[INFO] [1789418051.168278568] [acados_nmpc_node]: [attach-window] t=138.86s pos_err=0.101m T=20.19N z=6.730 m_est=2.064
[INFO] [1789418051.212404067] [acados_nmpc_node]: [attach-window] t=138.90s pos_err=0.070m T=20.04N z=6.737 m_est=2.064
[INFO] [1789418051.268077351] [acados_nmpc_node]: [attach-window] t=138.96s pos_err=0.104m T=20.22N z=6.739 m_est=2.064
[INFO] [1789418051.312241955] [acados_nmpc_node]: [attach-window] t=139.00s pos_err=0.065m T=20.06N z=6.746 m_est=2.064
[INFO] [1789418051.339493950] [acados_nmpc_node]: [wcmd] raw=[+0.035,-0.092,-0.213] w=[+0.034,+0.016,-0.501] err=[+0.001,-0.108] scaled=[+0.035,-0.092] s=1.00
[INFO] [1789418051.367976978] [acados_nmpc_node]: [attach-window] t=139.06s pos_err=0.095m T=20.18N z=6.749 m_est=2.064
[INFO] [1789418051.412102038] [acados_nmpc_node]: [attach-window] t=139.10s pos_err=0.056m T=20.00N z=6.756 m_est=2.064
[INFO] [1789418051.467533847] [acados_nmpc_node]: [attach-window] t=139.16s pos_err=0.088m T=20.14N z=6.758 m_est=2.064
[INFO] [1789418051.512123642] [acados_nmpc_node]: [attach-window] t=139.20s pos_err=0.056m T=20.02N z=6.764 m_est=2.064
[INFO] [1789418051.539515551] [acados_nmpc_node]: [wcmd] raw=[-0.005,-0.127,-0.156] w=[+0.011,-0.022,-0.346] err=[-0.016,-0.105] scaled=[-0.005,-0.127] s=1.00
[INFO] [1789418051.567677526] [acados_nmpc_node]: [attach-window] t=139.26s pos_err=0.099m T=20.16N z=6.766 m_est=2.064
[INFO] [1789418051.611738284] [acados_nmpc_node]: [attach-window] t=139.30s pos_err=0.050m T=19.99N z=6.771 m_est=2.064
[INFO] [1789418051.667747873] [acados_nmpc_node]: [attach-window] t=139.36s pos_err=0.094m T=20.14N z=6.774 m_est=2.064
[INFO] [1789418051.711697558] [acados_nmpc_node]: [attach-window] t=139.40s pos_err=0.056m T=20.00N z=6.778 m_est=2.064
[INFO] [1789418051.739502544] [acados_nmpc_node]: [wcmd] raw=[-0.020,-0.149,-0.153] w=[-0.013,-0.042,-0.240] err=[-0.007,-0.107] scaled=[-0.020,-0.149] s=1.00
[INFO] [1789418051.767381239] [acados_nmpc_node]: [attach-window] t=139.46s pos_err=0.107m T=20.14N z=6.780 m_est=2.064
[INFO] [1789418051.811695433] [acados_nmpc_node]: [attach-window] t=139.50s pos_err=0.051m T=19.94N z=6.785 m_est=2.064
[INFO] [1789418051.867719748] [acados_nmpc_node]: [attach-window] t=139.56s pos_err=0.102m T=20.09N z=6.787 m_est=2.064
[INFO] [1789418051.911711003] [acados_nmpc_node]: [attach-window] t=139.60s pos_err=0.059m T=19.95N z=6.790 m_est=2.064
[INFO] [1789418051.939446616] [acados_nmpc_node]: [wcmd] raw=[-0.016,-0.165,-0.181] w=[-0.008,-0.074,-0.184] err=[-0.007,-0.091] scaled=[-0.016,-0.165] s=1.00
[INFO] [1789418051.967571963] [acados_nmpc_node]: [attach-window] t=139.66s pos_err=0.114m T=20.08N z=6.792 m_est=2.064
[INFO] [1789418052.011729148] [acados_nmpc_node]: [attach-window] t=139.70s pos_err=0.068m T=19.97N z=6.795 m_est=2.064
[INFO] [1789418052.065339422] [acados_nmpc_node]: [attach-window] t=139.75s pos_err=0.122m T=20.08N z=6.797 m_est=2.064
[INFO] [1789418052.112150056] [acados_nmpc_node]: [attach-window] t=139.80s pos_err=0.159m T=20.12N z=6.798 m_est=2.064
[INFO] [1789418052.139628352] [acados_nmpc_node]: [wcmd] raw=[+0.034,+0.110,-0.241] w=[+0.004,-0.064,-0.174] err=[+0.030,+0.175] scaled=[+0.034,+0.110] s=1.00
[INFO] [1789418052.168764963] [acados_nmpc_node]: [attach-window] t=139.86s pos_err=0.309m T=20.08N z=6.798 m_est=2.064
[ros2run]: Killed
