t_since_nmpc_handoff_s,x_enu_m,y_enu_m,z_enu_m
-2.00000,0.02309,-0.02052,1.36537
-1.98000,0.02515,-0.02100,1.36759
-1.96000,0.02784,-0.02134,1.36973
-1.94000,0.03116,-0.02156,1.37177
-1.92000,0.03510,-0.02165,1.37372
-1.90000,0.03966,-0.02161,1.37558
-1.88000,0.04482,-0.02146,1.37734
-1.86000,0.05056,-0.02118,1.37901
-1.84000,0.05686,-0.02078,1.38060
-1.82000,0.06371,-0.02028,1.38211
-1.80000,0.07109,-0.01966,1.38354
-1.78000,0.07897,-0.01894,1.38490
-1.76000,0.08735,-0.01812,1.38620
-1.74000,0.09620,-0.01721,1.38744
-1.72000,0.10550,-0.01620,1.38863
-1.70000,0.11524,-0.01509,1.38976
-1.68000,0.12540,-0.01391,1.39085
-1.66000,0.13594,-0.01264,1.39190
-1.64000,0.14686,-0.01129,1.39292
-1.62000,0.15813,-0.00986,1.39391
-1.60000,0.16974,-0.00837,1.39487
-1.58000,0.18165,-0.00680,1.39581
-1.56000,0.19386,-0.00518,1.39673
-1.54000,0.20634,-0.00349,1.39763
-1.52000,0.21907,-0.00175,1.39852
-1.50000,0.23204,0.00004,1.39940
-1.48000,0.24522,0.00187,1.40028
-1.46000,0.25859,0.00374,1.40114
-1.44000,0.27213,0.00565,1.40201
-1.42000,0.28583,0.00758,1.40287
-1.40000,0.29967,0.00952,1.40373
-1.38000,0.31363,0.01148,1.40459
-1.36000,0.32768,0.01346,1.40545
-1.34000,0.34183,0.01543,1.40632
-1.32000,0.35604,0.01740,1.40718
-1.30000,0.37031,0.01936,1.40805
-1.28000,0.38461,0.02130,1.40893
-1.26000,0.39894,0.02322,1.40981
-1.24000,0.41327,0.02512,1.41069
-1.22000,0.42760,0.02697,1.41157
-1.20000,0.44190,0.02879,1.41245
-1.18000,0.45618,0.03057,1.41334
-1.16000,0.47040,0.03230,1.41423
-1.14000,0.48457,0.03397,1.41511
-1.12000,0.49867,0.03559,1.41600
-1.10000,0.51269,0.03715,1.41688
-1.08000,0.52662,0.03864,1.41777
-1.06000,0.54044,0.04007,1.41865
-1.04000,0.55416,0.04143,1.41953
-1.02000,0.56776,0.04272,1.42040
-1.00000,0.58122,0.04394,1.42127
-0.98000,0.59455,0.04509,1.42213
-0.96000,0.60773,0.04618,1.42299
-0.94000,0.62076,0.04720,1.42384
-0.92000,0.63362,0.04816,1.42468
-0.90000,0.64632,0.04906,1.42552
-0.88000,0.65884,0.04989,1.42635
-0.86000,0.67118,0.05068,1.42717
-0.84000,0.68334,0.05140,1.42799
-0.82000,0.69530,0.05208,1.42879
-0.80000,0.70707,0.05271,1.42959
-0.78000,0.71864,0.05329,1.43038
-0.76000,0.73000,0.05384,1.43116
-0.74000,0.74116,0.05435,1.43193
-0.72000,0.75211,0.05483,1.43270
-0.70000,0.76284,0.05528,1.43345
-0.68000,0.77335,0.05571,1.43420
-0.66000,0.78364,0.05612,1.43494
-0.64000,0.79371,0.05651,1.43567
-0.62000,0.80356,0.05688,1.43640
-0.60000,0.81319,0.05724,1.43711
-0.58000,0.82258,0.05758,1.43782
-0.56000,0.83176,0.05792,1.43853
-0.54000,0.84071,0.05826,1.43922
-0.52000,0.84943,0.05859,1.43992
-0.50000,0.85793,0.05891,1.44060
-0.48000,0.86621,0.05923,1.44128
-0.46000,0.87426,0.05954,1.44196
-0.44000,0.88209,0.05985,1.44263
-0.42000,0.88971,0.06015,1.44330
-0.40000,0.89710,0.06046,1.44397
-0.38000,0.90428,0.06075,1.44463
-0.36000,0.91125,0.06104,1.44529
-0.34000,0.91801,0.06133,1.44594
-0.32000,0.92456,0.06161,1.44660
-0.30000,0.93090,0.06188,1.44725
-0.28000,0.93705,0.06215,1.44790
-0.26000,0.94300,0.06240,1.44855
-0.24000,0.94875,0.06265,1.44920
-0.22000,0.95432,0.06288,1.44985
-0.20000,0.95969,0.06311,1.45049
-0.18000,0.96489,0.06331,1.45114
-0.16000,0.96990,0.06350,1.45178
-0.14000,0.97473,0.06368,1.45242
-0.12000,0.97940,0.06383,1.45305
-0.10000,0.98389,0.06396,1.45369
-0.08000,0.98822,0.06408,1.45432
-0.06000,0.99239,0.06417,1.45494
-0.04000,0.99640,0.06423,1.45556
-0.02000,1.00025,0.06428,1.45617
0.00000,1.00395,0.06430,1.45678
0.02000,1.00751,0.06429,1.45739
0.04000,1.01095,0.06425,1.45804
0.06000,1.01426,0.06418,1.45875
0.08000,1.01743,0.06409,1.45949
0.10000,1.02046,0.06396,1.46027
0.12000,1.02335,0.06381,1.46107
0.14000,1.02611,0.06363,1.46190
0.16000,1.02875,0.06341,1.46276
0.18000,1.03126,0.06317,1.46363
0.20000,1.03365,0.06290,1.46451
0.22000,1.03592,0.06259,1.46539
0.24000,1.03808,0.06224,1.46627
0.26000,1.04013,0.06187,1.46716
0.28000,1.04207,0.06145,1.46804
0.30000,1.04389,0.06101,1.46891
0.32000,1.04558,0.06053,1.46975
0.34000,1.04716,0.06001,1.47056
0.36000,1.04866,0.05946,1.47135
0.38000,1.05007,0.05888,1.47212
0.40000,1.05140,0.05827,1.47288
0.42000,1.05260,0.05763,1.47360
0.44000,1.05369,0.05695,1.47429
0.46000,1.05471,0.05625,1.47496
0.48000,1.05567,0.05553,1.47560
0.50000,1.05654,0.05478,1.47624
0.52000,1.05735,0.05400,1.47686
0.54000,1.05823,0.05318,1.47754
0.56000,1.05911,0.05231,1.47831
0.58000,1.05990,0.05142,1.47916
0.60000,1.06060,0.05051,1.48008
0.62000,1.06120,0.04958,1.48107
0.64000,1.06169,0.04864,1.48213
0.66000,1.06206,0.04769,1.48324
0.68000,1.06229,0.04675,1.48439
0.70000,1.06233,0.04585,1.48558
0.72000,1.06220,0.04500,1.48677
0.74000,1.06192,0.04420,1.48798
0.76000,1.06151,0.04346,1.48918
0.78000,1.06099,0.04280,1.49038
0.80000,1.06035,0.04224,1.49156
0.82000,1.05960,0.04179,1.49271
0.84000,1.05877,0.04144,1.49383
0.86000,1.05786,0.04118,1.49492
0.88000,1.05692,0.04103,1.49597
0.90000,1.05598,0.04100,1.49699
0.92000,1.05502,0.04107,1.49796
0.94000,1.05405,0.04123,1.49888
0.96000,1.05307,0.04148,1.49977
0.98000,1.05211,0.04180,1.50060
1.00000,1.05119,0.04219,1.50140
1.02000,1.05032,0.04263,1.50215
1.04000,1.04946,0.04312,1.50285
1.06000,1.04861,0.04366,1.50351
1.08000,1.04781,0.04423,1.50413
1.10000,1.04706,0.04481,1.50471
1.12000,1.04637,0.04539,1.50525
1.14000,1.04571,0.04598,1.50575
1.16000,1.04508,0.04658,1.50621
1.18000,1.04449,0.04717,1.50664
1.20000,1.04396,0.04774,1.50703
1.22000,1.04347,0.04830,1.50739
1.24000,1.04302,0.04884,1.50773
1.26000,1.04260,0.04938,1.50803
1.28000,1.04222,0.04990,1.50831
1.30000,1.04188,0.05041,1.50856
1.32000,1.04157,0.05089,1.50879
1.34000,1.04131,0.05137,1.50900
1.36000,1.04107,0.05183,1.50919
1.38000,1.04084,0.05229,1.50937
1.40000,1.04064,0.05274,1.50952
1.42000,1.04045,0.05318,1.50966
1.44000,1.04029,0.05362,1.50979
1.46000,1.04013,0.05406,1.50990
1.48000,1.03998,0.05449,1.50999
1.50000,1.03983,0.05492,1.51008
1.52000,1.03968,0.05535,1.51016
1.54000,1.03954,0.05578,1.51023
1.56000,1.03940,0.05620,1.51029
1.58000,1.03924,0.05663,1.51034
1.60000,1.03908,0.05705,1.51039
1.62000,1.03890,0.05746,1.51043
1.64000,1.03873,0.05788,1.51047
1.66000,1.03855,0.05828,1.51050
1.68000,1.03836,0.05868,1.51054
1.70000,1.03816,0.05907,1.51057
1.72000,1.03795,0.05946,1.51060
1.74000,1.03774,0.05984,1.51063
1.76000,1.03752,0.06022,1.51067
1.78000,1.03728,0.06059,1.51070
1.80000,1.03704,0.06097,1.51074
1.82000,1.03678,0.06134,1.51079
1.84000,1.03651,0.06171,1.51084
1.86000,1.03624,0.06208,1.51089
1.88000,1.03594,0.06245,1.51095
1.90000,1.03563,0.06283,1.51101
1.92000,1.03530,0.06322,1.51108
1.94000,1.03496,0.06360,1.51116
1.96000,1.03460,0.06400,1.51124
1.98000,1.03422,0.06440,1.51132
2.00000,1.03382,0.06480,1.51141
2.02000,1.03341,0.06521,1.51151
2.04000,1.03297,0.06563,1.51160
2.06000,1.03252,0.06605,1.51171
2.08000,1.03206,0.06647,1.51181
2.10000,1.03158,0.06690,1.51192
2.12000,1.03108,0.06734,1.51203
2.14000,1.03058,0.06778,1.51215
2.16000,1.03006,0.06822,1.51226
2.18000,1.02953,0.06867,1.51238
2.20000,1.02900,0.06912,1.51251
2.22000,1.02847,0.06956,1.51263
2.24000,1.02793,0.07001,1.51276
2.26000,1.02738,0.07046,1.51289
2.28000,1.02683,0.07091,1.51301
2.30000,1.02629,0.07135,1.51315
2.32000,1.02575,0.07179,1.51328
2.34000,1.02520,0.07222,1.51341
2.36000,1.02466,0.07265,1.51355
2.38000,1.02412,0.07307,1.51369
2.40000,1.02359,0.07347,1.51383
2.42000,1.02307,0.07385,1.51398
2.44000,1.02257,0.07423,1.51412
2.46000,1.02207,0.07459,1.51428
2.48000,1.02159,0.07493,1.51443
2.50000,1.02112,0.07525,1.51460
2.52000,1.02068,0.07555,1.51477
2.54000,1.02025,0.07582,1.51494
2.56000,1.01984,0.07608,1.51513
2.58000,1.01945,0.07631,1.51533
2.60000,1.01909,0.07651,1.51553
2.62000,1.01875,0.07670,1.51575
2.64000,1.01843,0.07686,1.51598
2.66000,1.01813,0.07700,1.51623
2.68000,1.01785,0.07712,1.51648
2.70000,1.01760,0.07722,1.51675
2.72000,1.01738,0.07730,1.51703
2.74000,1.01717,0.07737,1.51733
2.76000,1.01699,0.07743,1.51763
2.78000,1.01683,0.07747,1.51795
2.80000,1.01669,0.07750,1.51828
2.82000,1.01657,0.07753,1.51862
2.84000,1.01647,0.07755,1.51897
2.86000,1.01640,0.07755,1.51933
2.88000,1.01634,0.07754,1.51969
2.90000,1.01631,0.07752,1.52007
2.92000,1.01630,0.07750,1.52045
2.94000,1.01632,0.07746,1.52083
2.96000,1.01634,0.07740,1.52121
2.98000,1.01639,0.07734,1.52160
3.00000,1.01647,0.07725,1.52198
3.02000,1.01656,0.07716,1.52236
3.04000,1.01668,0.07704,1.52273
3.06000,1.01681,0.07691,1.52310
3.08000,1.01697,0.07676,1.52346
3.10000,1.01714,0.07659,1.52381
3.12000,1.01734,0.07641,1.52415
3.14000,1.01756,0.07620,1.52447
3.16000,1.01780,0.07599,1.52478
3.18000,1.01805,0.07575,1.52506
3.20000,1.01832,0.07550,1.52533
3.22000,1.01859,0.07525,1.52556
3.24000,1.01888,0.07498,1.52576
3.26000,1.01918,0.07471,1.52591
3.28000,1.01949,0.07443,1.52602
3.30000,1.01980,0.07415,1.52608
3.32000,1.02010,0.07387,1.52607
3.34000,1.02042,0.07359,1.52598
3.36000,1.02073,0.07331,1.52580
3.38000,1.02103,0.07304,1.52554
3.40000,1.02131,0.07276,1.52516
3.42000,1.02159,0.07250,1.52466
3.44000,1.02186,0.07224,1.52402
3.46000,1.02212,0.07198,1.52323
3.48000,1.02237,0.07172,1.52228
3.50000,1.02261,0.07147,1.52116
3.52000,1.02283,0.07121,1.51985
3.54000,1.02303,0.07096,1.51833
3.56000,1.02323,0.07071,1.51659
3.58000,1.02341,0.07046,1.51461
3.60000,1.02358,0.07021,1.51240
3.62000,1.02374,0.06995,1.50994
3.64000,1.02388,0.06969,1.50718
3.66000,1.02401,0.06943,1.50413
3.68000,1.02412,0.06918,1.50078
3.70000,1.02422,0.06892,1.49714
3.72000,1.02431,0.06867,1.49320
3.74000,1.02438,0.06842,1.48892
3.76000,1.02445,0.06817,1.48429
3.78000,1.02451,0.06793,1.47934
3.80000,1.02456,0.06770,1.47404
3.82000,1.02460,0.06748,1.46841
3.84000,1.02464,0.06726,1.46240
3.86000,1.02467,0.06706,1.45600
3.88000,1.02469,0.06686,1.44925
3.90000,1.02471,0.06668,1.44216
3.92000,1.02473,0.06650,1.43473
3.94000,1.02475,0.06633,1.42693
3.96000,1.02477,0.06618,1.41874
3.98000,1.02477,0.06603,1.41021
4.00000,1.02478,0.06589,1.40134
4.02000,1.02478,0.06575,1.39215
4.04000,1.02479,0.06563,1.38258
4.06000,1.02478,0.06552,1.37265
4.08000,1.02477,0.06542,1.36239
4.10000,1.02475,0.06532,1.35184
4.12000,1.02473,0.06523,1.34101
4.14000,1.02470,0.06516,1.32987
4.16000,1.02466,0.06509,1.31843
4.18000,1.02460,0.06504,1.30672
4.20000,1.02452,0.06499,1.29476
4.22000,1.02444,0.06497,1.28258
4.24000,1.02433,0.06495,1.27015
4.26000,1.02422,0.06496,1.25750
4.28000,1.02409,0.06498,1.24466
4.30000,1.02393,0.06502,1.23166
4.32000,1.02376,0.06508,1.21853
4.34000,1.02356,0.06516,1.20522
4.36000,1.02335,0.06527,1.19176
4.38000,1.02313,0.06540,1.17819
4.40000,1.02288,0.06556,1.16452
4.42000,1.02263,0.06574,1.15077
4.44000,1.02235,0.06596,1.13694
4.46000,1.02207,0.06620,1.12302
4.48000,1.02177,0.06647,1.10907
4.50000,1.02147,0.06677,1.09513
4.52000,1.02116,0.06711,1.08123
4.54000,1.02084,0.06747,1.06734
4.56000,1.02052,0.06787,1.05348
4.58000,1.02019,0.06829,1.03969
4.60000,1.01987,0.06875,1.02599
4.62000,1.01955,0.06923,1.01241
4.64000,1.01923,0.06974,0.99894
4.66000,1.01891,0.07028,0.98558
4.68000,1.01859,0.07083,0.97238
4.70000,1.01828,0.07140,0.95938
4.72000,1.01798,0.07199,0.94658
4.74000,1.01768,0.07259,0.93399
4.76000,1.01738,0.07321,0.92162
4.78000,1.01710,0.07383,0.90948
4.80000,1.01683,0.07444,0.89761
4.82000,1.01656,0.07505,0.88601
4.84000,1.01630,0.07566,0.87468
4.86000,1.01605,0.07626,0.86363
4.88000,1.01580,0.07686,0.85287
4.90000,1.01555,0.07745,0.84243
4.92000,1.01532,0.07803,0.83231
4.94000,1.01508,0.07860,0.82250
4.96000,1.01485,0.07916,0.81303
4.98000,1.01462,0.07973,0.80388
5.00000,1.01438,0.08028,0.79506
5.02000,1.01415,0.08084,0.78658
5.04000,1.01392,0.08138,0.77843
5.06000,1.01370,0.08193,0.77062
5.08000,1.01346,0.08247,0.76313
5.10000,1.01323,0.08302,0.75597
5.12000,1.01299,0.08357,0.74912
5.14000,1.01275,0.08413,0.74258
5.16000,1.01250,0.08469,0.73635
5.18000,1.01225,0.08526,0.73041
5.20000,1.01198,0.08585,0.72476
5.22000,1.01170,0.08645,0.71937
5.24000,1.01141,0.08705,0.71425
5.26000,1.01111,0.08767,0.70938
5.28000,1.01081,0.08831,0.70475
5.30000,1.01049,0.08895,0.70035
5.32000,1.01017,0.08961,0.69615
5.34000,1.00983,0.09029,0.69215
5.36000,1.00949,0.09097,0.68834
5.38000,1.00915,0.09167,0.68470
5.40000,1.00882,0.09237,0.68122
5.42000,1.00849,0.09308,0.67789
5.44000,1.00816,0.09380,0.67470
5.46000,1.00784,0.09453,0.67164
5.48000,1.00752,0.09525,0.66870
5.50000,1.00722,0.09598,0.66587
5.52000,1.00693,0.09670,0.66314
5.54000,1.00665,0.09743,0.66049
5.56000,1.00638,0.09814,0.65793
5.58000,1.00611,0.09885,0.65545
5.60000,1.00586,0.09955,0.65304
5.62000,1.00561,0.10023,0.65069
5.64000,1.00537,0.10091,0.64840
5.66000,1.00513,0.10158,0.64617
5.68000,1.00489,0.10223,0.64399
5.70000,1.00465,0.10287,0.64187
5.72000,1.00440,0.10349,0.63979
5.74000,1.00416,0.10408,0.63775
5.76000,1.00391,0.10466,0.63576
5.78000,1.00364,0.10522,0.63382
5.80000,1.00337,0.10575,0.63191
5.82000,1.00309,0.10626,0.63005
5.84000,1.00280,0.10676,0.62823
5.86000,1.00250,0.10722,0.62645
5.88000,1.00218,0.10766,0.62471
5.90000,1.00185,0.10808,0.62301
5.92000,1.00150,0.10846,0.62135
5.94000,1.00113,0.10883,0.61974
5.96000,1.00075,0.10916,0.61816
5.98000,1.00035,0.10946,0.61663
6.00000,0.99994,0.10973,0.61514
6.02000,0.99952,0.10997,0.61369
6.04000,0.99908,0.11018,0.61227
6.06000,0.99862,0.11035,0.61090
6.08000,0.99816,0.11049,0.60957
6.10000,0.99769,0.11060,0.60828
6.12000,0.99721,0.11067,0.60703
6.14000,0.99672,0.11070,0.60581
6.16000,0.99623,0.11071,0.60463
6.18000,0.99573,0.11068,0.60348
6.20000,0.99524,0.11062,0.60237
6.22000,0.99475,0.11053,0.60129
6.24000,0.99427,0.11041,0.60025
6.26000,0.99378,0.11027,0.59923
6.28000,0.99331,0.11010,0.59824
6.30000,0.99286,0.10990,0.59728
6.32000,0.99242,0.10968,0.59635
6.34000,0.99199,0.10945,0.59543
6.36000,0.99158,0.10919,0.59454
6.38000,0.99118,0.10892,0.59368
6.40000,0.99081,0.10865,0.59283
6.42000,0.99047,0.10836,0.59201
6.44000,0.99014,0.10807,0.59120
6.46000,0.98991,0.10795,0.59089
6.48000,0.98975,0.10796,0.59091
6.50000,0.98961,0.10798,0.59092
6.52000,0.98950,0.10800,0.59093
6.54000,0.98942,0.10801,0.59093
6.56000,0.98936,0.10801,0.59094
6.58000,0.98932,0.10801,0.59094
6.60000,0.98931,0.10801,0.59095
6.62000,0.98932,0.10801,0.59094
6.64000,0.98935,0.10801,0.59094
6.66000,0.98940,0.10801,0.59094
6.68000,0.98947,0.10801,0.59093
6.70000,0.98955,0.10801,0.59092
6.72000,0.98965,0.10801,0.59091
6.74000,0.98976,0.10801,0.59090
6.76000,0.98988,0.10801,0.59088
6.78000,0.99000,0.10801,0.59089
6.80000,0.99008,0.10801,0.59091
6.82000,0.99013,0.10801,0.59091
6.84000,0.99014,0.10801,0.59091
6.86000,0.99011,0.10801,0.59091
6.88000,0.99004,0.10801,0.59090
6.90000,0.98994,0.10801,0.59089
6.92000,0.98981,0.10801,0.59089
6.94000,0.98969,0.10801,0.59090
6.96000,0.98957,0.10801,0.59091
6.98000,0.98946,0.10801,0.59093
7.00000,0.98936,0.10801,0.59094
7.02000,0.98928,0.10801,0.59095
7.04000,0.98920,0.10801,0.59095
7.06000,0.98913,0.10801,0.59096
7.08000,0.98907,0.10801,0.59097
7.10000,0.98902,0.10801,0.59097
7.12000,0.98897,0.10801,0.59098
7.14000,0.98893,0.10801,0.59098
7.16000,0.98890,0.10801,0.59099
7.18000,0.98887,0.10801,0.59099
7.20000,0.98885,0.10801,0.59099
7.22000,0.98883,0.10801,0.59100
7.24000,0.98881,0.10801,0.59100
7.26000,0.98879,0.10801,0.59100
7.28000,0.98878,0.10801,0.59100
7.30000,0.98876,0.10801,0.59100
7.32000,0.98875,0.10801,0.59101
7.34000,0.98873,0.10801,0.59101
7.36000,0.98871,0.10801,0.59101
7.38000,0.98869,0.10801,0.59101
7.40000,0.98867,0.10801,0.59101
7.42000,0.98864,0.10801,0.59102
7.44000,0.98861,0.10801,0.59102
7.46000,0.98858,0.10801,0.59102
7.48000,0.98854,0.10801,0.59103
7.50000,0.98850,0.10801,0.59103
7.52000,0.98846,0.10801,0.59104
7.54000,0.98841,0.10801,0.59104
7.56000,0.98836,0.10801,0.59105
7.58000,0.98830,0.10801,0.59105
7.60000,0.98824,0.10801,0.59106
7.62000,0.98818,0.10801,0.59107
7.64000,0.98811,0.10801,0.59107
7.66000,0.98804,0.10801,0.59108
7.68000,0.98797,0.10801,0.59109
7.70000,0.98789,0.10801,0.59110
7.72000,0.98782,0.10801,0.59111
7.74000,0.98774,0.10801,0.59111
7.76000,0.98765,0.10801,0.59112
7.78000,0.98756,0.10801,0.59113
7.80000,0.98748,0.10801,0.59114
7.82000,0.98738,0.10800,0.59115
7.84000,0.98729,0.10800,0.59117
7.86000,0.98719,0.10799,0.59118
7.88000,0.98708,0.10797,0.59119
7.90000,0.98697,0.10795,0.59121
7.92000,0.98686,0.10792,0.59123
7.94000,0.98674,0.10789,0.59126
7.96000,0.98661,0.10784,0.59128
7.98000,0.98648,0.10779,0.59132
8.00000,0.98635,0.10772,0.59135
8.02000,0.98620,0.10764,0.59139
8.04000,0.98606,0.10756,0.59143
8.06000,0.98591,0.10746,0.59148
8.08000,0.98575,0.10735,0.59153
8.10000,0.98559,0.10722,0.59158
8.12000,0.98542,0.10709,0.59164
8.14000,0.98526,0.10694,0.59170
8.16000,0.98509,0.10678,0.59177
8.18000,0.98491,0.10661,0.59184
8.20000,0.98474,0.10643,0.59191
8.22000,0.98457,0.10624,0.59199
8.24000,0.98439,0.10604,0.59207
8.26000,0.98422,0.10583,0.59215
8.28000,0.98405,0.10561,0.59223
8.30000,0.98388,0.10539,0.59232
8.32000,0.98371,0.10515,0.59241
8.34000,0.98355,0.10491,0.59249
8.36000,0.98339,0.10466,0.59259
8.38000,0.98324,0.10441,0.59267
8.40000,0.98309,0.10415,0.59276
8.42000,0.98294,0.10388,0.59286
8.44000,0.98281,0.10361,0.59295
8.46000,0.98267,0.10333,0.59305
8.48000,0.98255,0.10304,0.59315
8.50000,0.98243,0.10275,0.59325
8.52000,0.98231,0.10246,0.59335
8.54000,0.98221,0.10216,0.59345
8.56000,0.98211,0.10186,0.59355
8.58000,0.98202,0.10156,0.59365
8.60000,0.98194,0.10125,0.59375
8.62000,0.98186,0.10094,0.59385
8.64000,0.98180,0.10063,0.59395
8.66000,0.98174,0.10031,0.59405
8.68000,0.98170,0.09999,0.59414
8.70000,0.98166,0.09967,0.59424
8.72000,0.98163,0.09935,0.59434
8.74000,0.98162,0.09903,0.59444
8.76000,0.98161,0.09871,0.59453
8.78000,0.98161,0.09838,0.59463
8.80000,0.98163,0.09805,0.59472
8.82000,0.98166,0.09772,0.59481
8.84000,0.98170,0.09740,0.59491
8.86000,0.98175,0.09706,0.59500
8.88000,0.98181,0.09673,0.59509
8.90000,0.98188,0.09640,0.59518
8.92000,0.98197,0.09606,0.59527
8.94000,0.98207,0.09572,0.59535
8.96000,0.98218,0.09538,0.59544
8.98000,0.98231,0.09504,0.59553
9.00000,0.98244,0.09469,0.59561
9.02000,0.98259,0.09434,0.59570
9.04000,0.98275,0.09399,0.59578
9.06000,0.98292,0.09364,0.59587
9.08000,0.98310,0.09329,0.59595
9.10000,0.98330,0.09293,0.59603
9.12000,0.98350,0.09257,0.59611
9.14000,0.98372,0.09220,0.59619
9.16000,0.98395,0.09184,0.59627
9.18000,0.98418,0.09147,0.59635
9.20000,0.98443,0.09110,0.59643
9.22000,0.98469,0.09073,0.59651
9.24000,0.98495,0.09036,0.59659
9.26000,0.98522,0.08997,0.59665
9.28000,0.98549,0.08953,0.59669
9.30000,0.98577,0.08904,0.59669
9.32000,0.98605,0.08847,0.59664
9.34000,0.98633,0.08786,0.59656
9.36000,0.98661,0.08720,0.59646
9.38000,0.98689,0.08649,0.59632
9.40000,0.98717,0.08579,0.59619
9.42000,0.98745,0.08511,0.59607
9.44000,0.98773,0.08448,0.59598
9.46000,0.98801,0.08391,0.59592
9.48000,0.98830,0.08340,0.59590
9.50000,0.98858,0.08297,0.59592
9.52000,0.98886,0.08259,0.59598
9.54000,0.98914,0.08223,0.59604
9.56000,0.98941,0.08186,0.59609
9.58000,0.98967,0.08144,0.59611
9.60000,0.98992,0.08095,0.59607
9.62000,0.99016,0.08038,0.59597
9.64000,0.99040,0.07975,0.59582
9.66000,0.99062,0.07908,0.59564
9.68000,0.99083,0.07841,0.59544
9.70000,0.99104,0.07780,0.59528
9.72000,0.99124,0.07729,0.59517
9.74000,0.99144,0.07692,0.59513
9.76000,0.99164,0.07666,0.59516
9.78000,0.99183,0.07643,0.59520
9.80000,0.99201,0.07622,0.59525
9.82000,0.99218,0.07601,0.59529
9.84000,0.99234,0.07581,0.59532
9.86000,0.99249,0.07563,0.59536
9.88000,0.99263,0.07546,0.59539
9.90000,0.99276,0.07529,0.59542
9.92000,0.99289,0.07512,0.59543
9.94000,0.99301,0.07496,0.59543
9.96000,0.99312,0.07478,0.59542
9.98000,0.99322,0.07459,0.59539
10.00000,0.99331,0.07439,0.59535
10.02000,0.99340,0.07418,0.59530
10.04000,0.99347,0.07397,0.59524
10.06000,0.99354,0.07377,0.59518
10.08000,0.99361,0.07356,0.59511
10.10000,0.99366,0.07337,0.59506
10.12000,0.99371,0.07320,0.59502
10.14000,0.99375,0.07303,0.59498
10.16000,0.99378,0.07285,0.59493
10.18000,0.99381,0.07266,0.59488
10.20000,0.99383,0.07244,0.59482
10.22000,0.99383,0.07219,0.59474
10.24000,0.99383,0.07190,0.59463
10.26000,0.99382,0.07157,0.59451
10.28000,0.99379,0.07120,0.59437
10.30000,0.99376,0.07081,0.59422
10.32000,0.99372,0.07041,0.59408
10.34000,0.99367,0.06999,0.59393
10.36000,0.99360,0.06956,0.59379
10.38000,0.99353,0.06914,0.59367
10.40000,0.99344,0.06873,0.59357
10.42000,0.99335,0.06833,0.59350
10.44000,0.99324,0.06790,0.59342
10.46000,0.99311,0.06743,0.59333
10.48000,0.99297,0.06690,0.59322
10.50000,0.99284,0.06629,0.59308
10.52000,0.99270,0.06559,0.59291
10.54000,0.99256,0.06482,0.59274
10.56000,0.99241,0.06398,0.59258
10.58000,0.99224,0.06311,0.59243
10.60000,0.99201,0.06224,0.59233
10.62000,0.99173,0.06139,0.59228
10.64000,0.99138,0.06056,0.59233
10.66000,0.99098,0.05976,0.59246
10.68000,0.99054,0.05900,0.59269
10.70000,0.99009,0.05827,0.59304
10.72000,0.98965,0.05757,0.59350
10.74000,0.98924,0.05689,0.59412
10.76000,0.98886,0.05620,0.59490
10.78000,0.98850,0.05550,0.59583
10.80000,0.98815,0.05475,0.59692
10.82000,0.98779,0.05397,0.59816
10.84000,0.98739,0.05314,0.59960
10.86000,0.98692,0.05228,0.60123
10.88000,0.98637,0.05141,0.60305
10.90000,0.98572,0.05056,0.60505
10.92000,0.98499,0.04973,0.60723
10.94000,0.98421,0.04895,0.60962
10.96000,0.98343,0.04823,0.61223
10.98000,0.98271,0.04759,0.61505
11.00000,0.98213,0.04705,0.61807
11.02000,0.98172,0.04660,0.62128
11.04000,0.98146,0.04624,0.62471
11.06000,0.98129,0.04593,0.62837
11.08000,0.98116,0.04567,0.63224
11.10000,0.98091,0.04540,0.63634
11.12000,0.98048,0.04513,0.64062
11.14000,0.97985,0.04482,0.64513
11.16000,0.97901,0.04449,0.64983
11.18000,0.97800,0.04414,0.65472
11.20000,0.97696,0.04377,0.65982
11.22000,0.97600,0.04342,0.66510
11.24000,0.97522,0.04310,0.67061
11.26000,0.97475,0.04285,0.67635
11.28000,0.97463,0.04269,0.68229
11.30000,0.97486,0.04264,0.68841
11.32000,0.97536,0.04270,0.69469
11.34000,0.97594,0.04286,0.70121
11.36000,0.97635,0.04308,0.70796
11.38000,0.97641,0.04334,0.71496
11.40000,0.97584,0.04358,0.72221
11.42000,0.97462,0.04379,0.72969
11.44000,0.97290,0.04394,0.73741
11.46000,0.97094,0.04405,0.74538
11.48000,0.96907,0.04411,0.75362
11.50000,0.96794,0.04415,0.76220
11.52000,0.96782,0.04421,0.77103
11.54000,0.96872,0.04429,0.78008
11.56000,0.97058,0.04441,0.78933
11.58000,0.97309,0.04459,0.79882
11.60000,0.97552,0.04482,0.80864
11.62000,0.97733,0.04509,0.81874
11.64000,0.97817,0.04537,0.82913
11.66000,0.97775,0.04566,0.83979
11.68000,0.97612,0.04595,0.85068
11.70000,0.97355,0.04624,0.86174
11.72000,0.97034,0.04654,0.87292
11.74000,0.96670,0.04686,0.88420
11.76000,0.96301,0.04719,0.89564
11.78000,0.96010,0.04757,0.90731
11.80000,0.95845,0.04796,0.91901
11.82000,0.95823,0.04838,0.93063
11.84000,0.95906,0.04879,0.94234
11.86000,0.96056,0.04917,0.95418
11.88000,0.96289,0.04954,0.96615
11.90000,0.96626,0.04997,0.97827
11.92000,0.97055,0.05047,0.99051
11.94000,0.97548,0.05103,1.00297
11.96000,0.98059,0.05166,1.01568
11.98000,0.98538,0.05234,1.02869
12.00000,0.98910,0.05304,1.04199
12.02000,0.99148,0.05374,1.05543
12.04000,0.99280,0.05445,1.06911
12.06000,0.99325,0.05518,1.08304
12.08000,0.99283,0.05590,1.09718
12.10000,0.99183,0.05659,1.11152
12.12000,0.99062,0.05725,1.12603
12.14000,0.98967,0.05788,1.14082
12.16000,0.98949,0.05851,1.15594
12.18000,0.99024,0.05913,1.17130
12.20000,0.99201,0.05975,1.18684
12.22000,0.99473,0.06035,1.20253
12.24000,0.99798,0.06093,1.21847
12.26000,1.00123,0.06148,1.23466
12.28000,1.00442,0.06200,1.25099
12.30000,1.00699,0.06248,1.26746
12.32000,1.00831,0.06292,1.28402
12.34000,1.00836,0.06334,1.30072
12.36000,1.00716,0.06375,1.31753
12.38000,1.00491,0.06416,1.33445
12.40000,1.00210,0.06460,1.35151
12.42000,0.99926,0.06510,1.36870
12.44000,0.99692,0.06567,1.38607
12.46000,0.99572,0.06633,1.40364
12.48000,0.99578,0.06705,1.42136
12.50000,0.99698,0.06779,1.43916
12.52000,0.99917,0.06851,1.45703
12.54000,1.00185,0.06917,1.47507
12.56000,1.00441,0.06974,1.49329
12.58000,1.00648,0.07018,1.51162
12.60000,1.00741,0.07049,1.53002
12.62000,1.00704,0.07066,1.54848
12.64000,1.00553,0.07073,1.56704
12.66000,1.00310,0.07074,1.58571
12.68000,1.00003,0.07075,1.60449
12.70000,0.99705,0.07083,1.62344
12.72000,0.99467,0.07104,1.64251
12.74000,0.99326,0.07139,1.66172
12.76000,0.99314,0.07189,1.68110
12.78000,0.99428,0.07252,1.70056
12.80000,0.99651,0.07323,1.72008
12.82000,0.99955,0.07397,1.73963
12.84000,1.00288,0.07468,1.75932
12.86000,1.00575,0.07530,1.77920
12.88000,1.00776,0.07577,1.79913
12.90000,1.00844,0.07606,1.81901
12.92000,1.00774,0.07617,1.83882
12.94000,1.00583,0.07611,1.85865
12.96000,1.00294,0.07591,1.87847
12.98000,0.99928,0.07561,1.89830
13.00000,0.99540,0.07529,1.91820
13.02000,0.99181,0.07500,1.93817
13.04000,0.98894,0.07478,1.95828
13.06000,0.98716,0.07468,1.97854
13.08000,0.98658,0.07472,1.99887
13.10000,0.98720,0.07488,2.01924
13.12000,0.98887,0.07515,2.03960
13.14000,0.99119,0.07549,2.06006
13.16000,0.99357,0.07584,2.08066
13.18000,0.99546,0.07614,2.10134
13.20000,0.99619,0.07633,2.12210
13.22000,0.99560,0.07638,2.14289
13.24000,0.99384,0.07629,2.16375
13.26000,0.99111,0.07606,2.18468
13.28000,0.98775,0.07573,2.20568
13.30000,0.98444,0.07532,2.22681
13.32000,0.98163,0.07489,2.24799
13.34000,0.97963,0.07446,2.26927
13.36000,0.97876,0.07408,2.29066
13.38000,0.97910,0.07378,2.31208
13.40000,0.98059,0.07358,2.33351
13.42000,0.98309,0.07348,2.35492
13.44000,0.98625,0.07348,2.37641
13.46000,0.98951,0.07353,2.39800
13.48000,0.99236,0.07362,2.41973
13.50000,0.99413,0.07369,2.44169
13.52000,0.99459,0.07373,2.46377
13.54000,0.99386,0.07374,2.48598
13.56000,0.99214,0.07371,2.50828
13.58000,0.98972,0.07365,2.53066
13.60000,0.98721,0.07358,2.55313
13.62000,0.98501,0.07351,2.57563
13.64000,0.98345,0.07345,2.59821
13.66000,0.98284,0.07342,2.62086
13.68000,0.98324,0.07342,2.64350
13.70000,0.98468,0.07346,2.66606
13.72000,0.98707,0.07353,2.68853
13.74000,0.99014,0.07361,2.71098
13.76000,0.99352,0.07369,2.73345
13.78000,0.99686,0.07376,2.75594
13.80000,0.99960,0.07380,2.77852
13.82000,1.00151,0.07380,2.80112
13.84000,1.00252,0.07378,2.82375
13.86000,1.00266,0.07374,2.84638
13.88000,1.00203,0.07370,2.86899
13.90000,1.00086,0.07368,2.89156
13.92000,0.99934,0.07369,2.91406
13.94000,0.99773,0.07375,2.93657
13.96000,0.99629,0.07388,2.95911
13.98000,0.99527,0.07409,2.98166
14.00000,0.99496,0.07438,3.00424
14.02000,0.99541,0.07476,3.02678
14.04000,0.99653,0.07522,3.04936
14.06000,0.99815,0.07572,3.07199
14.08000,1.00002,0.07624,3.09464
14.10000,1.00180,0.07676,3.11733
14.12000,1.00328,0.07724,3.14001
14.14000,1.00432,0.07767,3.16272
14.16000,1.00482,0.07804,3.18544
14.18000,1.00472,0.07835,3.20814
14.20000,1.00400,0.07859,3.23080
14.22000,1.00278,0.07877,3.25340
14.24000,1.00121,0.07890,3.27604
14.26000,0.99948,0.07899,3.29873
14.28000,0.99780,0.07905,3.32145
14.30000,0.99645,0.07910,3.34422
14.32000,0.99552,0.07916,3.36699
14.34000,0.99503,0.07922,3.38978
14.36000,0.99496,0.07929,3.41259
14.38000,0.99524,0.07937,3.43540
14.40000,0.99574,0.07945,3.45817
14.42000,0.99635,0.07952,3.48089
14.44000,0.99694,0.07958,3.50362
14.46000,0.99742,0.07962,3.52635
14.48000,0.99769,0.07963,3.54908
14.50000,0.99764,0.07961,3.57180
14.52000,0.99726,0.07955,3.59448
14.54000,0.99660,0.07946,3.61717
14.56000,0.99574,0.07935,3.63990
14.58000,0.99477,0.07921,3.66262
14.60000,0.99381,0.07905,3.68534
14.62000,0.99294,0.07887,3.70804
14.64000,0.99224,0.07869,3.73077
14.66000,0.99172,0.07850,3.75352
14.68000,0.99142,0.07830,3.77625
14.70000,0.99137,0.07809,3.79895
14.72000,0.99153,0.07789,3.82158
14.74000,0.99185,0.07767,3.84421
14.76000,0.99227,0.07745,3.86684
14.78000,0.99271,0.07721,3.88946
14.80000,0.99307,0.07695,3.91204
14.82000,0.99331,0.07667,3.93458
14.84000,0.99339,0.07636,3.95712
14.86000,0.99332,0.07604,3.97965
14.88000,0.99311,0.07569,4.00214
14.90000,0.99277,0.07532,4.02456
14.92000,0.99234,0.07493,4.04690
14.94000,0.99188,0.07453,4.06921
14.96000,0.99143,0.07411,4.09149
14.98000,0.99103,0.07368,4.11372
15.00000,0.99076,0.07325,4.13589
15.02000,0.99062,0.07281,4.15798
15.04000,0.99061,0.07236,4.18003
15.06000,0.99072,0.07191,4.20205
15.08000,0.99091,0.07146,4.22401
15.10000,0.99115,0.07099,4.24588
15.12000,0.99140,0.07053,4.26765
15.14000,0.99162,0.07005,4.28935
15.16000,0.99180,0.06958,4.31099
15.18000,0.99189,0.06910,4.33255
15.20000,0.99189,0.06862,4.35401
15.22000,0.99180,0.06815,4.37537
15.24000,0.99163,0.06769,4.39666
15.26000,0.99140,0.06725,4.41789
15.28000,0.99115,0.06682,4.43903
15.30000,0.99092,0.06641,4.46007
15.32000,0.99071,0.06604,4.48099
15.34000,0.99056,0.06569,4.50182
15.36000,0.99048,0.06537,4.52258
15.38000,0.99045,0.06507,4.54321
15.40000,0.99049,0.06481,4.56373
15.42000,0.99059,0.06456,4.58411
15.44000,0.99072,0.06434,4.60442
15.46000,0.99086,0.06414,4.62463
15.48000,0.99098,0.06394,4.64473
15.50000,0.99107,0.06376,4.66469
15.52000,0.99109,0.06357,4.68451
15.54000,0.99104,0.06339,4.70423
15.56000,0.99094,0.06321,4.72382
15.58000,0.99078,0.06303,4.74328
15.60000,0.99059,0.06284,4.76259
15.62000,0.99038,0.06266,4.78174
15.64000,0.99018,0.06247,4.80077
15.66000,0.99000,0.06229,4.81969
15.68000,0.98986,0.06211,4.83847
15.70000,0.98979,0.06194,4.85709
15.72000,0.98979,0.06177,4.87554
15.74000,0.98985,0.06162,4.89385
15.76000,0.98996,0.06147,4.91202
15.78000,0.99009,0.06134,4.93004
15.80000,0.99023,0.06122,4.94791
15.82000,0.99035,0.06112,4.96559
15.84000,0.99045,0.06102,4.98315
15.86000,0.99051,0.06094,5.00056
15.88000,0.99052,0.06088,5.01782
15.90000,0.99050,0.06083,5.03491
15.92000,0.99044,0.06080,5.05181
15.94000,0.99037,0.06078,5.06857
15.96000,0.99030,0.06078,5.08517
15.98000,0.99024,0.06081,5.10161
16.00000,0.99024,0.06085,5.11788
16.02000,0.99030,0.06091,5.13398
16.04000,0.99042,0.06098,5.14993
16.06000,0.99060,0.06108,5.16572
16.08000,0.99082,0.06118,5.18136
16.10000,0.99109,0.06129,5.19682
16.12000,0.99137,0.06142,5.21209
16.14000,0.99165,0.06155,5.22720
16.16000,0.99193,0.06168,5.24214
16.18000,0.99218,0.06182,5.25692
16.20000,0.99239,0.06197,5.27152
16.22000,0.99258,0.06212,5.28594
16.24000,0.99274,0.06229,5.30020
16.26000,0.99288,0.06247,5.31430
16.28000,0.99304,0.06266,5.32824
16.30000,0.99322,0.06287,5.34199
16.32000,0.99345,0.06310,5.35557
16.34000,0.99373,0.06336,5.36897
16.36000,0.99406,0.06363,5.38220
16.38000,0.99443,0.06392,5.39526
16.40000,0.99483,0.06423,5.40814
16.42000,0.99524,0.06454,5.42083
16.44000,0.99564,0.06487,5.43336
16.46000,0.99603,0.06520,5.44571
16.48000,0.99638,0.06553,5.45789
16.50000,0.99667,0.06587,5.46989
16.52000,0.99692,0.06620,5.48170
16.54000,0.99712,0.06654,5.49336
16.56000,0.99729,0.06688,5.50485
16.58000,0.99745,0.06722,5.51617
16.60000,0.99761,0.06756,5.52732
16.62000,0.99779,0.06791,5.53830
16.64000,0.99799,0.06826,5.54912
16.66000,0.99822,0.06862,5.55977
16.68000,0.99847,0.06898,5.57025
16.70000,0.99873,0.06934,5.58057
16.72000,0.99899,0.06971,5.59071
16.74000,0.99924,0.07008,5.60070
16.76000,0.99946,0.07044,5.61053
16.78000,0.99965,0.07080,5.62020
16.80000,0.99978,0.07116,5.62970
16.82000,0.99986,0.07151,5.63904
16.84000,0.99990,0.07185,5.64821
16.86000,0.99990,0.07218,5.65724
16.88000,0.99989,0.07249,5.66610
16.90000,0.99988,0.07280,5.67481
16.92000,0.99988,0.07309,5.68336
16.94000,0.99992,0.07337,5.69175
16.96000,0.99998,0.07363,5.69998
16.98000,1.00006,0.07389,5.70806
17.00000,1.00016,0.07412,5.71598
17.02000,1.00025,0.07434,5.72374
17.04000,1.00032,0.07455,5.73135
17.06000,1.00036,0.07474,5.73881
17.08000,1.00035,0.07492,5.74612
17.10000,1.00028,0.07508,5.75328
17.12000,1.00014,0.07523,5.76028
17.14000,0.99995,0.07536,5.76714
17.16000,0.99971,0.07548,5.77384
17.18000,0.99945,0.07559,5.78040
17.20000,0.99919,0.07569,5.78681
17.22000,0.99894,0.07577,5.79306
17.24000,0.99871,0.07585,5.79917
17.26000,0.99850,0.07592,5.80513
17.28000,0.99831,0.07598,5.81093
17.30000,0.99812,0.07603,5.81659
17.32000,0.99792,0.07607,5.82209
17.34000,0.99770,0.07610,5.82745
17.36000,0.99744,0.07613,5.83267
17.38000,0.99712,0.07615,5.83774
17.40000,0.99674,0.07617,5.84267
17.42000,0.99629,0.07619,5.84745
17.44000,0.99578,0.07622,5.85209
17.46000,0.99523,0.07624,5.85658
17.48000,0.99465,0.07628,5.86094
17.50000,0.99407,0.07632,5.86517
17.52000,0.99352,0.07638,5.86926
17.54000,0.99298,0.07646,5.87321
17.56000,0.99247,0.07655,5.87703
17.58000,0.99197,0.07665,5.88072
17.60000,0.99149,0.07677,5.88428
17.62000,0.99100,0.07691,5.88771
17.64000,0.99050,0.07706,5.89102
17.66000,0.98997,0.07723,5.89421
17.68000,0.98941,0.07741,5.89729
17.70000,0.98879,0.07760,5.90025
17.72000,0.98814,0.07780,5.90311
17.74000,0.98745,0.07802,5.90585
17.76000,0.98674,0.07825,5.90850
17.78000,0.98603,0.07849,5.91105
17.80000,0.98534,0.07874,5.91350
17.82000,0.98469,0.07902,5.91587
17.84000,0.98409,0.07930,5.91815
17.86000,0.98352,0.07961,5.92034
17.88000,0.98300,0.07992,5.92245
17.90000,0.98251,0.08025,5.92448
17.92000,0.98204,0.08059,5.92643
17.94000,0.98159,0.08095,5.92832
17.96000,0.98113,0.08131,5.93013
17.98000,0.98065,0.08168,5.93188
18.00000,0.98016,0.08205,5.93357
18.02000,0.97964,0.08243,5.93520
18.04000,0.97910,0.08281,5.93678
18.06000,0.97857,0.08320,5.93829
18.08000,0.97805,0.08359,5.93976
18.10000,0.97757,0.08398,5.94118
18.12000,0.97714,0.08437,5.94255
18.14000,0.97677,0.08477,5.94388
18.16000,0.97646,0.08517,5.94516
18.18000,0.97620,0.08557,5.94640
18.20000,0.97600,0.08597,5.94760
18.22000,0.97583,0.08638,5.94876
18.24000,0.97568,0.08679,5.94988
18.26000,0.97554,0.08721,5.95097
18.28000,0.97540,0.08763,5.95203
18.30000,0.97525,0.08805,5.95306
18.32000,0.97508,0.08848,5.95406
18.34000,0.97490,0.08892,5.95503
18.36000,0.97473,0.08937,5.95597
18.38000,0.97456,0.08983,5.95689
18.40000,0.97443,0.09030,5.95779
18.42000,0.97435,0.09078,5.95867
18.44000,0.97431,0.09128,5.95953
18.46000,0.97432,0.09178,5.96036
18.48000,0.97437,0.09230,5.96118
18.50000,0.97446,0.09282,5.96198
18.52000,0.97457,0.09335,5.96277
18.54000,0.97469,0.09388,5.96354
18.56000,0.97480,0.09441,5.96429
18.58000,0.97489,0.09495,5.96503
18.60000,0.97496,0.09548,5.96576
18.62000,0.97501,0.09601,5.96648
18.64000,0.97504,0.09655,5.96718
18.66000,0.97506,0.09708,5.96787
18.68000,0.97509,0.09761,5.96854
18.70000,0.97515,0.09815,5.96921
18.72000,0.97526,0.09869,5.96986
18.74000,0.97541,0.09924,5.97049
18.76000,0.97561,0.09979,5.97111
18.78000,0.97586,0.10034,5.97172
18.80000,0.97615,0.10089,5.97230
18.82000,0.97648,0.10145,5.97287
18.84000,0.97682,0.10200,5.97343
18.86000,0.97717,0.10255,5.97396
18.88000,0.97752,0.10309,5.97449
18.90000,0.97785,0.10362,5.97500
18.92000,0.97816,0.10415,5.97550
18.94000,0.97846,0.10467,5.97598
18.96000,0.97875,0.10518,5.97645
18.98000,0.97906,0.10567,5.97690
19.00000,0.97939,0.10616,5.97735
19.02000,0.97976,0.10663,5.97778
19.04000,0.98019,0.10710,5.97821
19.06000,0.98066,0.10755,5.97862
19.08000,0.98119,0.10798,5.97901
19.10000,0.98176,0.10840,5.97940
19.12000,0.98237,0.10880,5.97977
19.14000,0.98301,0.10918,5.98013
19.16000,0.98365,0.10955,5.98049
19.18000,0.98430,0.10989,5.98084
19.20000,0.98492,0.11022,5.98118
19.22000,0.98551,0.11052,5.98151
19.24000,0.98608,0.11079,5.98183
19.26000,0.98663,0.11105,5.98215
19.28000,0.98718,0.11128,5.98246
19.30000,0.98774,0.11149,5.98276
19.32000,0.98832,0.11168,5.98306
19.34000,0.98893,0.11186,5.98334
19.36000,0.98958,0.11201,5.98362
19.38000,0.99027,0.11215,5.98389
19.40000,0.99099,0.11226,5.98416
19.42000,0.99174,0.11236,5.98441
19.44000,0.99251,0.11244,5.98465
19.46000,0.99329,0.11250,5.98489
19.48000,0.99407,0.11254,5.98512
19.50000,0.99483,0.11256,5.98535
19.52000,0.99557,0.11256,5.98558
19.54000,0.99628,0.11254,5.98580
19.56000,0.99698,0.11249,5.98601
19.58000,0.99767,0.11243,5.98622
19.60000,0.99836,0.11235,5.98644
19.62000,0.99906,0.11226,5.98665
19.64000,0.99978,0.11215,5.98686
19.66000,1.00052,0.11202,5.98707
19.68000,1.00130,0.11188,5.98728
19.70000,1.00211,0.11173,5.98749
19.72000,1.00295,0.11156,5.98771
19.74000,1.00381,0.11137,5.98793
19.76000,1.00467,0.11117,5.98815
19.78000,1.00553,0.11094,5.98838
19.80000,1.00637,0.11069,5.98862
19.82000,1.00717,0.11042,5.98887
19.84000,1.00794,0.11013,5.98912
19.86000,1.00867,0.10982,5.98938
19.88000,1.00937,0.10948,5.98964
19.90000,1.01005,0.10913,5.98990
19.92000,1.01072,0.10877,5.99017
19.94000,1.01137,0.10840,5.99045
19.96000,1.01204,0.10801,5.99073
19.98000,1.01271,0.10762,5.99102
20.00000,1.01339,0.10722,5.99131
20.02000,1.01409,0.10683,5.99161
20.04000,1.01478,0.10643,5.99191
20.06000,1.01548,0.10604,5.99221
20.08000,1.01615,0.10565,5.99252
20.10000,1.01678,0.10525,5.99283
20.12000,1.01737,0.10487,5.99315
20.14000,1.01790,0.10448,5.99347
20.16000,1.01838,0.10410,5.99380
20.18000,1.01881,0.10373,5.99413
20.20000,1.01919,0.10335,5.99446
20.22000,1.01953,0.10298,5.99480
20.24000,1.01983,0.10262,5.99514
20.26000,1.02011,0.10226,5.99550
20.28000,1.02039,0.10191,5.99586
20.30000,1.02066,0.10157,5.99622
20.32000,1.02094,0.10123,5.99660
20.34000,1.02122,0.10091,5.99698
20.36000,1.02149,0.10060,5.99737
20.38000,1.02174,0.10031,5.99777
20.40000,1.02197,0.10003,5.99818
20.42000,1.02217,0.09977,5.99859
20.44000,1.02232,0.09953,5.99902
20.46000,1.02243,0.09931,5.99946
20.48000,1.02250,0.09911,5.99990
20.50000,1.02253,0.09894,6.00036
20.52000,1.02253,0.09879,6.00082
20.54000,1.02251,0.09867,6.00129
20.56000,1.02247,0.09857,6.00176
20.58000,1.02242,0.09849,6.00225
20.60000,1.02239,0.09844,6.00275
20.62000,1.02239,0.09841,6.00325
20.64000,1.02240,0.09839,6.00376
20.66000,1.02243,0.09840,6.00428
20.68000,1.02247,0.09842,6.00480
20.70000,1.02251,0.09846,6.00533
20.72000,1.02255,0.09851,6.00586
20.74000,1.02258,0.09857,6.00640
20.76000,1.02259,0.09864,6.00695
20.78000,1.02258,0.09872,6.00750
20.80000,1.02254,0.09882,6.00806
20.82000,1.02249,0.09892,6.00862
20.84000,1.02240,0.09903,6.00919
20.86000,1.02229,0.09914,6.00976
20.88000,1.02215,0.09926,6.01034
20.90000,1.02202,0.09938,6.01092
20.92000,1.02190,0.09951,6.01151
20.94000,1.02180,0.09964,6.01210
20.96000,1.02173,0.09977,6.01270
20.98000,1.02171,0.09991,6.01330
21.00000,1.02174,0.10004,6.01389
21.02000,1.02182,0.10017,6.01449
21.04000,1.02193,0.10029,6.01508
21.06000,1.02206,0.10040,6.01568
21.08000,1.02221,0.10051,6.01627
21.10000,1.02233,0.10060,6.01686
21.12000,1.02243,0.10067,6.01744
21.14000,1.02249,0.10073,6.01802
21.16000,1.02253,0.10078,6.01859
21.18000,1.02254,0.10080,6.01914
21.20000,1.02254,0.10082,6.01969
21.22000,1.02253,0.10082,6.02022
21.24000,1.02253,0.10082,6.02074
21.26000,1.02254,0.10081,6.02125
21.28000,1.02258,0.10079,6.02175
21.30000,1.02265,0.10077,6.02223
21.32000,1.02276,0.10075,6.02270
21.34000,1.02289,0.10072,6.02315
21.36000,1.02305,0.10069,6.02359
21.38000,1.02321,0.10066,6.02401
21.40000,1.02336,0.10061,6.02441
21.42000,1.02349,0.10055,6.02480
21.44000,1.02359,0.10048,6.02517
21.46000,1.02367,0.10040,6.02551
21.48000,1.02372,0.10031,6.02584
21.50000,1.02375,0.10020,6.02614
21.52000,1.02376,0.10008,6.02642
21.54000,1.02377,0.09995,6.02668
21.56000,1.02379,0.09982,6.02692
21.58000,1.02381,0.09967,6.02713
21.60000,1.02385,0.09951,6.02733
21.62000,1.02391,0.09935,6.02750
21.64000,1.02397,0.09918,6.02765
21.66000,1.02405,0.09901,6.02778
21.68000,1.02412,0.09883,6.02790
21.70000,1.02418,0.09865,6.02799
21.72000,1.02421,0.09847,6.02806
21.74000,1.02422,0.09828,6.02812
21.76000,1.02420,0.09808,6.02816
21.78000,1.02415,0.09789,6.02818
21.80000,1.02406,0.09768,6.02818
21.82000,1.02395,0.09747,6.02817
21.84000,1.02381,0.09725,6.02814
21.86000,1.02366,0.09702,6.02809
21.88000,1.02349,0.09677,6.02804
21.90000,1.02333,0.09652,6.02798
21.92000,1.02317,0.09625,6.02790
21.94000,1.02302,0.09597,6.02782
21.96000,1.02287,0.09568,6.02772
21.98000,1.02271,0.09536,6.02762
22.00000,1.02255,0.09504,6.02751
22.02000,1.02237,0.09470,6.02740
22.04000,1.02217,0.09434,6.02727
22.06000,1.02196,0.09397,6.02714
22.08000,1.02171,0.09359,6.02700
22.10000,1.02144,0.09319,6.02686
22.12000,1.02114,0.09279,6.02671
22.14000,1.02083,0.09237,6.02655
22.16000,1.02050,0.09194,6.02638
22.18000,1.02017,0.09152,6.02622
22.20000,1.01984,0.09109,6.02605
22.22000,1.01953,0.09066,6.02587
22.24000,1.01923,0.09023,6.02569
22.26000,1.01894,0.08980,6.02551
22.28000,1.01866,0.08938,6.02531
22.30000,1.01838,0.08896,6.02512
22.32000,1.01810,0.08855,6.02492
22.34000,1.01782,0.08814,6.02472
22.36000,1.01752,0.08772,6.02452
22.38000,1.01719,0.08731,6.02433
22.40000,1.01684,0.08690,6.02415
22.42000,1.01647,0.08649,6.02398
22.44000,1.01607,0.08607,6.02381
22.46000,1.01566,0.08567,6.02364
22.48000,1.01525,0.08526,6.02347
22.50000,1.01484,0.08487,6.02329
22.52000,1.01446,0.08449,6.02312
22.54000,1.01409,0.08413,6.02293
22.56000,1.01375,0.08378,6.02273
22.58000,1.01343,0.08344,6.02252
22.60000,1.01312,0.08312,6.02230
22.62000,1.01284,0.08281,6.02207
22.64000,1.01256,0.08252,6.02182
22.66000,1.01229,0.08225,6.02157
22.68000,1.01201,0.08199,6.02131
22.70000,1.01171,0.08174,6.02103
22.72000,1.01139,0.08151,6.02075
22.74000,1.01106,0.08129,6.02046
22.76000,1.01071,0.08109,6.02017
22.78000,1.01035,0.08090,6.01986
22.80000,1.00999,0.08074,6.01956
22.82000,1.00964,0.08059,6.01925
22.84000,1.00929,0.08046,6.01894
22.86000,1.00895,0.08036,6.01863
22.88000,1.00863,0.08027,6.01832
22.90000,1.00832,0.08019,6.01801
22.92000,1.00802,0.08014,6.01772
22.94000,1.00774,0.08011,6.01743
22.96000,1.00746,0.08008,6.01715
22.98000,1.00718,0.08008,6.01688
23.00000,1.00691,0.08009,6.01663
23.02000,1.00663,0.08012,6.01640
23.04000,1.00636,0.08017,6.01619
23.06000,1.00608,0.08025,6.01600
23.08000,1.00579,0.08035,6.01584
23.10000,1.00552,0.08049,6.01571
23.12000,1.00525,0.08068,6.01561
23.14000,1.00500,0.08089,6.01555
23.16000,1.00475,0.08115,6.01552
23.18000,1.00451,0.08145,6.01553
23.20000,1.00428,0.08179,6.01557
23.22000,1.00407,0.08217,6.01566
23.24000,1.00388,0.08259,6.01579
23.26000,1.00369,0.08305,6.01594
23.28000,1.00352,0.08354,6.01614
23.30000,1.00337,0.08408,6.01636
23.32000,1.00324,0.08466,6.01660
23.34000,1.00313,0.08527,6.01686
23.36000,1.00303,0.08592,6.01713
23.38000,1.00294,0.08660,6.01742
23.40000,1.00289,0.08731,6.01771
23.42000,1.00287,0.08807,6.01801
23.44000,1.00287,0.08885,6.01830
23.46000,1.00289,0.08967,6.01858
23.48000,1.00295,0.09051,6.01885
23.50000,1.00305,0.09138,6.01910
23.52000,1.00318,0.09228,6.01933
23.54000,1.00336,0.09320,6.01954
23.56000,1.00356,0.09414,6.01971
23.58000,1.00381,0.09511,6.01986
23.60000,1.00412,0.09611,6.01998
23.62000,1.00449,0.09713,6.02007
23.64000,1.00491,0.09819,6.02013
23.66000,1.00537,0.09926,6.02017
23.68000,1.00588,0.10036,6.02019
23.70000,1.00646,0.10149,6.02018
23.72000,1.00711,0.10265,6.02017
23.74000,1.00782,0.10384,6.02016
23.76000,1.00858,0.10505,6.02013
23.78000,1.00942,0.10629,6.02011
23.80000,1.01035,0.10757,6.02009
23.82000,1.01137,0.10890,6.02007
23.84000,1.01247,0.11027,6.02008
23.86000,1.01363,0.11166,6.02009
23.88000,1.01487,0.11308,6.02012
23.90000,1.01621,0.11455,6.02017
23.92000,1.01764,0.11606,6.02024
23.94000,1.01915,0.11762,6.02034
23.96000,1.02074,0.11922,6.02046
23.98000,1.02243,0.12086,6.02061
24.00000,1.02422,0.12256,6.02078
24.02000,1.02613,0.12435,6.02099
24.04000,1.02813,0.12619,6.02122
24.06000,1.03023,0.12809,6.02148
24.08000,1.03243,0.13006,6.02177
24.10000,1.03476,0.13212,6.02209
24.12000,1.03723,0.13430,6.02243
24.14000,1.03980,0.13655,6.02280
24.16000,1.04248,0.13888,6.02319
24.18000,1.04527,0.14128,6.02361
24.20000,1.04816,0.14377,6.02404
24.22000,1.05118,0.14634,6.02448
24.24000,1.05428,0.14897,6.02494
24.26000,1.05748,0.15165,6.02541
24.28000,1.06078,0.15440,6.02589
24.30000,1.06422,0.15724,6.02639
24.32000,1.06781,0.16019,6.02689
24.34000,1.07153,0.16323,6.02740
24.36000,1.07537,0.16635,6.02790
24.38000,1.07935,0.16958,6.02841
24.40000,1.08348,0.17293,6.02891
24.42000,1.08777,0.17641,6.02940
24.44000,1.09222,0.18003,6.02988
24.46000,1.09678,0.18374,6.03035
24.48000,1.10145,0.18754,6.03083
24.50000,1.10625,0.19147,6.03130
24.52000,1.11119,0.19552,6.03176
24.54000,1.11622,0.19966,6.03221
24.56000,1.12134,0.20388,6.03265
24.58000,1.12656,0.20821,6.03308
24.60000,1.13190,0.21266,6.03349
24.62000,1.13738,0.21725,6.03389
24.64000,1.14296,0.22196,6.03427
24.66000,1.14866,0.22679,6.03464
24.68000,1.15450,0.23176,6.03499
24.70000,1.16052,0.23694,6.03533
24.72000,1.16675,0.24233,6.03566
24.74000,1.17315,0.24791,6.03597
24.76000,1.17971,0.25363,6.03626
24.78000,1.18642,0.25952,6.03654
24.80000,1.19329,0.26558,6.03681
24.82000,1.20031,0.27180,6.03706
24.84000,1.20745,0.27814,6.03731
24.86000,1.21468,0.28457,6.03757
24.88000,1.22201,0.29113,6.03784
24.90000,1.22949,0.29786,6.03811
24.92000,1.23713,0.30478,6.03839
24.94000,1.24491,0.31187,6.03869
24.96000,1.25282,0.31910,6.03900
24.98000,1.26088,0.32652,6.03932
25.00000,1.26915,0.33417,6.03967
25.02000,1.27764,0.34204,6.04003
25.04000,1.28632,0.35012,6.04041
25.06000,1.29518,0.35837,6.04081
25.08000,1.30422,0.36680,6.04125
25.10000,1.31347,0.37544,6.04170
25.12000,1.32291,0.38426,6.04218
25.14000,1.33250,0.39322,6.04271
25.16000,1.34220,0.40227,6.04328
25.18000,1.35203,0.41145,6.04391
25.20000,1.36203,0.42080,6.04457
25.22000,1.37221,0.43033,6.04527
25.24000,1.38254,0.44001,6.04602
25.26000,1.39300,0.44982,6.04681
25.28000,1.40362,0.45978,6.04763
25.30000,1.41445,0.46994,6.04850
25.32000,1.42550,0.48031,6.04939
25.34000,1.43672,0.49083,6.05034
25.36000,1.44810,0.50148,6.05132
25.38000,1.45965,0.51227,6.05235
25.40000,1.47143,0.52324,6.05341
25.42000,1.48345,0.53440,6.05449
25.44000,1.49566,0.54568,6.05562
25.46000,1.50802,0.55708,6.05679
25.48000,1.52059,0.56862,6.05799
25.50000,1.53345,0.58037,6.05923
25.52000,1.54661,0.59233,6.06049
25.54000,1.56001,0.60447,6.06177
25.56000,1.57363,0.61675,6.06309
25.58000,1.58748,0.62919,6.06441
25.60000,1.60159,0.64180,6.06575
25.62000,1.61596,0.65459,6.06709
25.64000,1.63051,0.66750,6.06846
25.66000,1.64522,0.68050,6.06985
25.68000,1.66011,0.69362,6.07127
25.70000,1.67526,0.70690,6.07270
25.72000,1.69067,0.72038,6.07414
25.74000,1.70629,0.73400,6.07560
25.76000,1.72209,0.74774,6.07708
25.78000,1.73810,0.76162,6.07857
25.80000,1.75437,0.77569,6.08007
25.82000,1.77091,0.78994,6.08157
25.84000,1.78764,0.80431,6.08310
25.86000,1.80453,0.81879,6.08465
25.88000,1.82162,0.83340,6.08623
25.90000,1.83898,0.84819,6.08783
25.92000,1.85664,0.86318,6.08943
25.94000,1.87451,0.87830,6.09107
25.96000,1.89258,0.89353,6.09272
25.98000,1.91086,0.90890,6.09439
26.00000,1.92941,0.92442,6.09606
26.02000,1.94821,0.94009,6.09774
26.04000,1.96717,0.95584,6.09946
26.06000,1.98629,0.97165,6.10121
26.08000,2.00559,0.98757,6.10299
26.10000,2.02518,1.00365,6.10479
26.12000,2.04505,1.01990,6.10660
26.14000,2.06515,1.03628,6.10846
26.16000,2.08544,1.05278,6.11033
26.18000,2.10596,1.06940,6.11222
26.20000,2.12676,1.08620,6.11412
26.22000,2.14782,1.10317,6.11604
26.24000,2.16906,1.12025,6.11800
26.26000,2.19045,1.13741,6.11999
26.28000,2.21203,1.15469,6.12202
26.30000,2.23392,1.17216,6.12407
26.32000,2.25611,1.18983,6.12615
26.34000,2.27855,1.20765,6.12826
26.36000,2.30117,1.22559,6.13040
26.38000,2.32401,1.24365,6.13258
26.40000,2.34712,1.26186,6.13476
26.42000,2.37049,1.28023,6.13696
26.44000,2.39404,1.29867,6.13921
26.46000,2.41773,1.31717,6.14150
26.48000,2.44161,1.33576,6.14383
26.50000,2.46578,1.35450,6.14619
26.52000,2.49027,1.37342,6.14857
26.54000,2.51500,1.39246,6.15099
26.56000,2.53993,1.41160,6.15344
26.58000,2.56509,1.43084,6.15591
26.60000,2.59053,1.45024,6.15839
26.62000,2.61625,1.46980,6.16088
26.64000,2.64214,1.48943,6.16341
26.66000,2.66817,1.50912,6.16598
26.68000,2.69437,1.52888,6.16859
26.70000,2.72082,1.54879,6.17122
26.72000,2.74756,1.56887,6.17385
26.74000,2.77451,1.58905,6.17652
26.76000,2.80161,1.60931,6.17922
26.78000,2.82890,1.62966,6.18193
26.80000,2.85645,1.65015,6.18464
26.82000,2.88424,1.67077,6.18735
26.84000,2.91220,1.69144,6.19009
26.86000,2.94028,1.71215,6.19286
26.88000,2.96852,1.73292,6.19565
26.90000,2.99704,1.75382,6.19846
26.92000,3.02587,1.77487,6.20126
26.94000,3.05491,1.79600,6.20408
26.96000,3.08413,1.81718,6.20692
26.98000,3.11356,1.83844,6.20977
27.00000,3.14330,1.85984,6.21260
27.02000,3.17333,1.88137,6.21543
27.04000,3.20351,1.90292,6.21829
27.06000,3.23375,1.92443,6.22120
27.08000,3.26407,1.94594,6.22413
27.10000,3.29456,1.96748,6.22706
27.12000,3.32524,1.98908,6.22998
27.14000,3.35605,2.01068,6.23292
27.16000,3.38694,2.03228,6.23586
27.18000,3.41801,2.05393,6.23880
27.20000,3.44939,2.07570,6.24175
27.22000,3.48112,2.09761,6.24468
27.24000,3.51304,2.11958,6.24764
27.26000,3.54508,2.14154,6.25063
27.28000,3.57727,2.16352,6.25362
27.30000,3.60969,2.18555,6.25659
27.32000,3.64236,2.20765,6.25955
27.34000,3.67516,2.22973,6.26251
27.36000,3.70806,2.25177,6.26546
27.38000,3.74110,2.27380,6.26841
27.40000,3.77440,2.29588,6.27135
27.42000,3.80795,2.31799,6.27427
27.44000,3.84161,2.34005,6.27721
27.46000,3.87534,2.36204,6.28016
27.48000,3.90919,2.38399,6.28311
27.50000,3.94327,2.40595,6.28604
27.52000,3.97759,2.42792,6.28896
27.54000,4.01206,2.44985,6.29188
27.56000,4.04665,2.47174,6.29478
27.58000,4.08142,2.49361,6.29766
27.60000,4.11649,2.51552,6.30053
27.62000,4.15182,2.53745,6.30338
27.64000,4.18726,2.55931,6.30625
27.66000,4.22275,2.58107,6.30914
27.68000,4.25830,2.60274,6.31202
27.70000,4.29401,2.62435,6.31489
27.72000,4.32989,2.64592,6.31773
27.74000,4.36586,2.66739,6.32057
27.76000,4.40186,2.68874,6.32341
27.78000,4.43796,2.70999,6.32623
27.80000,4.47422,2.73118,6.32903
27.82000,4.51068,2.75232,6.33181
27.84000,4.54724,2.77336,6.33460
27.86000,4.58384,2.79429,6.33739
27.88000,4.62057,2.81513,6.34018
27.90000,4.65756,2.83595,6.34297
27.92000,4.69482,2.85675,6.34574
27.94000,4.73224,2.87748,6.34853
27.96000,4.76977,2.89812,6.35132
27.98000,4.80743,2.91867,6.35410
28.00000,4.84529,2.93916,6.35686
28.02000,4.88335,2.95959,6.35960
28.04000,4.92147,2.97990,6.36234
28.06000,4.95959,3.00004,6.36509
28.08000,4.99770,3.02004,6.36782
28.10000,5.03584,3.03988,6.37054
28.12000,5.07402,3.05958,6.37323
28.14000,5.11213,3.07911,6.37592
28.16000,5.15016,3.09845,6.37861
28.18000,5.18818,3.11763,6.38131
28.20000,5.22631,3.13672,6.38401
28.22000,5.26460,3.15573,6.38670
28.24000,5.30295,3.17462,6.38942
28.26000,5.34136,3.19341,6.39213
28.28000,5.37991,3.21212,6.39485
28.30000,5.41872,3.23081,6.39758
28.32000,5.45781,3.24946,6.40030
28.34000,5.49705,3.26804,6.40305
28.36000,5.53637,3.28652,6.40581
28.38000,5.57573,3.30487,6.40857
28.40000,5.61513,3.32309,6.41130
28.42000,5.65453,3.34115,6.41400
28.44000,5.69386,3.35904,6.41671
28.46000,5.73307,3.37673,6.41940
28.48000,5.77221,3.39423,6.42208
28.50000,5.81135,3.41158,6.42475
28.52000,5.85052,3.42877,6.42742
28.54000,5.88964,3.44578,6.43009
28.56000,5.92869,3.46262,6.43276
28.58000,5.96774,3.47930,6.43544
28.60000,6.00687,3.49585,6.43812
28.62000,6.04613,3.51227,6.44080
28.64000,6.08540,3.52854,6.44351
28.66000,6.12465,3.54465,6.44623
28.68000,6.16393,3.56060,6.44896
28.70000,6.20335,3.57642,6.45170
28.72000,6.24290,3.59210,6.45445
28.74000,6.28248,3.60762,6.45721
28.76000,6.32201,3.62294,6.46000
28.78000,6.36150,3.63806,6.46278
28.80000,6.40096,3.65298,6.46555
28.82000,6.44038,3.66770,6.46831
28.84000,6.47966,3.68218,6.47109
28.86000,6.51876,3.69642,6.47388
28.88000,6.55775,3.71044,6.47668
28.90000,6.59673,3.72425,6.47950
28.92000,6.63575,3.73786,6.48233
28.94000,6.67473,3.75127,6.48519
28.96000,6.71366,3.76448,6.48805
28.98000,6.75258,3.77748,6.49092
29.00000,6.79154,3.79030,6.49380
29.02000,6.83055,3.80292,6.49668
29.04000,6.86949,3.81533,6.49958
29.06000,6.90832,3.82753,6.50251
29.08000,6.94707,3.83950,6.50545
29.10000,6.98579,3.85126,6.50840
29.12000,7.02451,3.86279,6.51136
29.14000,7.06312,3.87409,6.51433
29.16000,7.10158,3.88515,6.51732
29.18000,7.13992,3.89596,6.52030
29.20000,7.17819,3.90653,6.52328
29.22000,7.21637,3.91685,6.52627
29.24000,7.25440,3.92691,6.52926
29.26000,7.29225,3.93671,6.53226
29.28000,7.32996,3.94626,6.53527
29.30000,7.36765,3.95555,6.53829
29.32000,7.40533,3.96460,6.54132
29.34000,7.44293,3.97339,6.54436
29.36000,7.48041,3.98192,6.54740
29.38000,7.51779,3.99021,6.55043
29.40000,7.55507,3.99823,6.55345
29.42000,7.59227,4.00598,6.55645
29.44000,7.62926,4.01347,6.55946
29.46000,7.66603,4.02070,6.56246
29.48000,7.70258,4.02766,6.56546
29.50000,7.73899,4.03435,6.56845
29.52000,7.77527,4.04077,6.57143
29.54000,7.81137,4.04691,6.57441
29.56000,7.84726,4.05279,6.57737
29.58000,7.88297,4.05840,6.58032
29.60000,7.91854,4.06373,6.58325
29.62000,7.95400,4.06878,6.58617
29.64000,7.98925,4.07355,6.58908
29.66000,8.02429,4.07805,6.59198
29.68000,8.05913,4.08228,6.59487
29.70000,8.09386,4.08620,6.59775
29.72000,8.12848,4.08982,6.60062
29.74000,8.16293,4.09315,6.60347
29.76000,8.19718,4.09619,6.60631
29.78000,8.23123,4.09893,6.60913
29.80000,8.26511,4.10137,6.61193
29.82000,8.29883,4.10348,6.61469
29.84000,8.33230,4.10530,6.61745
29.86000,8.36550,4.10682,6.62019
29.88000,8.39847,4.10804,6.62292
29.90000,8.43128,4.10894,6.62563
29.92000,8.46396,4.10949,6.62833
29.94000,8.49646,4.10973,6.63101
29.96000,8.52876,4.10966,6.63368
29.98000,8.56089,4.10926,6.63632
30.00000,8.59290,4.10853,6.63895
30.02000,8.62480,4.10745,6.64155
30.04000,8.65648,4.10605,6.64415
30.06000,8.68789,4.10437,6.64675
30.08000,8.71904,4.10239,6.64932
30.10000,8.74996,4.10010,6.65187
30.12000,8.78067,4.09749,6.65440
30.14000,8.81113,4.09458,6.65690
30.16000,8.84131,4.09138,6.65939
30.18000,8.87127,4.08789,6.66185
30.20000,8.90105,4.08408,6.66430
30.22000,8.93069,4.07994,6.66672
30.24000,8.96013,4.07550,6.66914
30.26000,8.98935,4.07077,6.67154
30.28000,9.01840,4.06574,6.67393
30.30000,9.04734,4.06036,6.67631
30.32000,9.07617,4.05463,6.67866
30.34000,9.10484,4.04858,6.68101
30.36000,9.13329,4.04223,6.68335
30.38000,9.16154,4.03558,6.68567
30.40000,9.18960,4.02860,6.68796
30.42000,9.21747,4.02128,6.69022
30.44000,9.24507,4.01370,6.69247
30.46000,9.27235,4.00587,6.69471
30.48000,9.29933,3.99779,6.69693
30.50000,9.32606,3.98943,6.69913
30.52000,9.35256,3.98078,6.70130
30.54000,9.37881,3.97186,6.70345
30.56000,9.40479,3.96269,6.70558
30.58000,9.43057,3.95326,6.70768
30.60000,9.45618,3.94351,6.70975
30.62000,9.48166,3.93345,6.71181
30.64000,9.50694,3.92312,6.71384
30.66000,9.53202,3.91254,6.71585
30.68000,9.55689,3.90171,6.71784
30.70000,9.58160,3.89058,6.71979
30.72000,9.60613,3.87916,6.72171
30.74000,9.63044,3.86748,6.72360
30.76000,9.65450,3.85560,6.72547
30.78000,9.67829,3.84350,6.72730
30.80000,9.70182,3.83118,6.72909
30.82000,9.72510,3.81864,6.73084
30.84000,9.74809,3.80593,6.73257
30.86000,9.77077,3.79306,6.73426
30.88000,9.79319,3.78001,6.73594
30.90000,9.81540,3.76670,6.73759
30.92000,9.83743,3.75312,6.73923
30.94000,9.85924,3.73931,6.74085
30.96000,9.88084,3.72529,6.74245
30.98000,9.90222,3.71103,6.74402
31.00000,9.92343,3.69652,6.74557
31.02000,9.94444,3.68175,6.74708
31.04000,9.96522,3.66678,6.74859
31.06000,9.98572,3.65166,6.75008
31.08000,10.00597,3.63636,6.75156
31.10000,10.02598,3.62084,6.75301
31.12000,10.04574,3.60510,6.75444
31.14000,10.06524,3.58918,6.75585
31.16000,10.08444,3.57310,6.75725
31.18000,10.10337,3.55685,6.75862
31.20000,10.12205,3.54038,6.75996
31.22000,10.14049,3.52368,6.76129
31.24000,10.15866,3.50680,6.76260
31.26000,10.17655,3.48976,6.76389
31.28000,10.19419,3.47253,6.76516
31.30000,10.21162,3.45502,6.76642
31.32000,10.22884,3.43724,6.76767
31.34000,10.24583,3.41922,6.76890
31.36000,10.26258,3.40101,6.77012
31.38000,10.27908,3.38260,6.77131
31.40000,10.29535,3.36398,6.77248
31.42000,10.31139,3.34514,6.77362
31.44000,10.32716,3.32616,6.77475
31.46000,10.34266,3.30708,6.77587
31.48000,10.35790,3.28787,6.77698
31.50000,10.37291,3.26847,6.77807
31.52000,10.38771,3.24886,6.77914
31.54000,10.40227,3.22909,6.78020
31.56000,10.41659,3.20919,6.78124
31.58000,10.43069,3.18913,6.78227
31.60000,10.44460,3.16886,6.78327
31.62000,10.45831,3.14837,6.78425
31.64000,10.47181,3.12775,6.78522
31.66000,10.48508,3.10701,6.78619
31.68000,10.49815,3.08613,6.78714
31.70000,10.51103,3.06505,6.78808
31.72000,10.52374,3.04375,6.78900
31.74000,10.53624,3.02231,6.78992
31.76000,10.54852,3.00076,6.79083
31.78000,10.56060,2.97908,6.79173
31.80000,10.57250,2.95725,6.79261
31.82000,10.58420,2.93528,6.79347
31.84000,10.59569,2.91322,6.79433
31.86000,10.60697,2.89111,6.79519
31.88000,10.61807,2.86889,6.79603
31.90000,10.62900,2.84648,6.79688
31.92000,10.63980,2.82387,6.79773
31.94000,10.65043,2.80110,6.79857
31.96000,10.66090,2.77823,6.79941
31.98000,10.67121,2.75523,6.80025
32.00000,10.68139,2.73207,6.80107
32.02000,10.69143,2.70875,6.80188
32.04000,10.70133,2.68537,6.80269
32.06000,10.71106,2.66195,6.80350
32.08000,10.72064,2.63848,6.80432
32.10000,10.73011,2.61487,6.80513
32.12000,10.73946,2.59112,6.80594
32.14000,10.74867,2.56728,6.80674
32.16000,10.75776,2.54339,6.80754
32.18000,10.76671,2.51941,6.80833
32.20000,10.77557,2.49529,6.80911
32.22000,10.78431,2.47100,6.80988
32.24000,10.79293,2.44668,6.81065
32.26000,10.80141,2.42237,6.81143
32.28000,10.80976,2.39806,6.81219
32.30000,10.81800,2.37369,6.81293
32.32000,10.82611,2.34925,6.81366
32.34000,10.83411,2.32479,6.81437
32.36000,10.84198,2.30033,6.81506
32.38000,10.84974,2.27585,6.81572
32.40000,10.85739,2.25126,6.81636
32.42000,10.86494,2.22656,6.81698
32.44000,10.87239,2.20180,6.81758
32.46000,10.87972,2.17702,6.81815
32.48000,10.88694,2.15217,6.81871
32.50000,10.89408,2.12716,6.81925
32.52000,10.90111,2.10199,6.81976
32.54000,10.90804,2.07673,6.82026
32.56000,10.91486,2.05142,6.82075
32.58000,10.92156,2.02605,6.82120
32.60000,10.92815,2.00059,6.82163
32.62000,10.93463,1.97504,6.82203
32.64000,10.94098,1.94948,6.82242
32.66000,10.94720,1.92393,6.82279
32.68000,10.95330,1.89836,6.82316
32.70000,10.95928,1.87266,6.82351
32.72000,10.96515,1.84682,6.82386
32.74000,10.97090,1.82090,6.82420
32.76000,10.97654,1.79493,6.82453
32.78000,10.98206,1.76888,6.82485
32.80000,10.98747,1.74270,6.82516
32.82000,10.99276,1.71637,6.82545
32.84000,10.99794,1.68999,6.82575
32.86000,11.00301,1.66358,6.82604
32.88000,11.00795,1.63712,6.82632
32.90000,11.01278,1.61053,6.82659
32.92000,11.01749,1.58379,6.82686
32.94000,11.02209,1.55699,6.82711
32.96000,11.02656,1.53016,6.82736
32.98000,11.03092,1.50329,6.82759
33.00000,11.03516,1.47633,6.82780
33.02000,11.03928,1.44930,6.82798
33.04000,11.04327,1.42226,6.82816
33.06000,11.04715,1.39525,6.82832
33.08000,11.05090,1.36822,6.82846
33.10000,11.05454,1.34108,6.82859
33.12000,11.05807,1.31379,6.82870
33.14000,11.06149,1.28643,6.82880
33.16000,11.06480,1.25903,6.82887
33.18000,11.06800,1.23156,6.82890
33.20000,11.07111,1.20398,6.82891
33.22000,11.07411,1.17629,6.82888
33.24000,11.07701,1.14857,6.82883
33.26000,11.07980,1.12087,6.82875
33.28000,11.08249,1.09316,6.82865
33.30000,11.08509,1.06537,6.82852
33.32000,11.08758,1.03748,6.82837
33.34000,11.08998,1.00955,6.82820
33.36000,11.09228,0.98164,6.82800
33.38000,11.09447,0.95370,6.82777
33.40000,11.09657,0.92571,6.82751
33.42000,11.09857,0.89765,6.82722
33.44000,11.10048,0.86960,6.82692
33.46000,11.10228,0.84159,6.82660
33.48000,11.10398,0.81359,6.82627
33.50000,11.10558,0.78551,6.82592
33.52000,11.10708,0.75733,6.82556
33.54000,11.10848,0.72911,6.82520
33.56000,11.10978,0.70091,6.82482
33.58000,11.11098,0.67269,6.82443
33.60000,11.11207,0.64443,6.82401
33.62000,11.11306,0.61613,6.82359
33.64000,11.11395,0.58786,6.82316
33.66000,11.11473,0.55968,6.82272
33.68000,11.11540,0.53153,6.82228
33.70000,11.11598,0.50333,6.82185
33.72000,11.11644,0.47506,6.82140
33.74000,11.11680,0.44678,6.82097
33.76000,11.11705,0.41853,6.82052
33.78000,11.11721,0.39027,6.82007
33.80000,11.11726,0.36195,6.81961
33.82000,11.11721,0.33357,6.81913
33.84000,11.11706,0.30521,6.81867
33.86000,11.11681,0.27691,6.81820
33.88000,11.11647,0.24863,6.81774
33.90000,11.11603,0.22028,6.81728
33.92000,11.11550,0.19185,6.81681
33.94000,11.11487,0.16342,6.81636
33.96000,11.11415,0.13502,6.81590
33.98000,11.11335,0.10663,6.81544
34.00000,11.11245,0.07819,6.81498
34.02000,11.11146,0.04971,6.81450
34.04000,11.11038,0.02126,6.81404
34.06000,11.10922,-0.00711,6.81358
34.08000,11.10798,-0.03547,6.81313
34.10000,11.10665,-0.06389,6.81268
34.12000,11.10524,-0.09241,6.81224
34.14000,11.10374,-0.12095,6.81180
34.16000,11.10216,-0.14948,6.81137
34.18000,11.10050,-0.17803,6.81093
34.20000,11.09876,-0.20663,6.81049
34.22000,11.09694,-0.23528,6.81003
34.24000,11.09505,-0.26390,6.80959
34.26000,11.09308,-0.29244,6.80914
34.28000,11.09104,-0.32094,6.80870
34.30000,11.08891,-0.34948,6.80826
34.32000,11.08670,-0.37807,6.80781
34.34000,11.08441,-0.40665,6.80738
34.36000,11.08204,-0.43517,6.80693
34.38000,11.07959,-0.46368,6.80648
34.40000,11.07706,-0.49220,6.80602
34.42000,11.07444,-0.52074,6.80555
34.44000,11.07174,-0.54923,6.80508
34.46000,11.06897,-0.57762,6.80461
34.48000,11.06613,-0.60596,6.80414
34.50000,11.06319,-0.63431,6.80367
34.52000,11.06017,-0.66271,6.80321
34.54000,11.05707,-0.69107,6.80275
34.56000,11.05389,-0.71937,6.80229
34.58000,11.05063,-0.74763,6.80183
34.60000,11.04729,-0.77591,6.80136
34.62000,11.04386,-0.80421,6.80090
34.64000,11.04035,-0.83244,6.80044
34.66000,11.03677,-0.86057,6.79998
34.68000,11.03312,-0.88858,6.79951
34.70000,11.02939,-0.91649,6.79903
34.72000,11.02559,-0.94430,6.79854
34.74000,11.02172,-0.97194,6.79805
34.76000,11.01780,-0.99939,6.79756
34.78000,11.01382,-1.02668,6.79706
34.80000,11.00975,-1.05391,6.79658
34.82000,11.00560,-1.08110,6.79610
34.84000,11.00138,-1.10822,6.79563
34.86000,10.99708,-1.13524,6.79515
34.88000,10.99270,-1.16225,6.79469
34.90000,10.98822,-1.18935,6.79424
34.92000,10.98361,-1.21655,6.79380
34.94000,10.97892,-1.24378,6.79338
34.96000,10.97413,-1.27098,6.79296
34.98000,10.96925,-1.29813,6.79254
35.00000,10.96429,-1.32523,6.79210
35.02000,10.95923,-1.35226,6.79165
35.04000,10.95411,-1.37912,6.79120
35.06000,10.94892,-1.40577,6.79074
35.08000,10.94366,-1.43225,6.79028
35.10000,10.93831,-1.45863,6.78983
35.12000,10.93287,-1.48497,6.78937
35.14000,10.92733,-1.51121,6.78891
35.16000,10.92171,-1.53735,6.78844
35.18000,10.91600,-1.56346,6.78796
35.20000,10.91019,-1.58959,6.78748
35.22000,10.90426,-1.61577,6.78699
35.24000,10.89825,-1.64193,6.78650
35.26000,10.89217,-1.66802,6.78600
35.28000,10.88600,-1.69407,6.78549
35.30000,10.87975,-1.72013,6.78496
35.32000,10.87342,-1.74621,6.78443
35.34000,10.86702,-1.77222,6.78388
35.36000,10.86057,-1.79813,6.78333
35.38000,10.85407,-1.82394,6.78276
35.40000,10.84751,-1.84968,6.78218
35.42000,10.84091,-1.87536,6.78157
35.44000,10.83427,-1.90092,6.78096
35.46000,10.82761,-1.92634,6.78034
35.48000,10.82090,-1.95168,6.77971
35.50000,10.81413,-1.97704,6.77908
35.52000,10.80727,-2.00245,6.77846
35.54000,10.80036,-2.02786,6.77783
35.56000,10.79339,-2.05323,6.77719
35.58000,10.78635,-2.07860,6.77654
35.60000,10.77924,-2.10397,6.77587
35.62000,10.77204,-2.12935,6.77518
35.64000,10.76479,-2.15465,6.77449
35.66000,10.75749,-2.17983,6.77379
35.68000,10.75014,-2.20489,6.77308
35.70000,10.74271,-2.22989,6.77236
35.72000,10.73519,-2.25484,6.77164
35.74000,10.72761,-2.27968,6.77090
35.76000,10.71997,-2.30440,6.77015
35.78000,10.71225,-2.32902,6.76939
35.80000,10.70445,-2.35361,6.76863
35.82000,10.69655,-2.37818,6.76785
35.84000,10.68858,-2.40267,6.76708
35.86000,10.68055,-2.42707,6.76629
35.88000,10.67244,-2.45140,6.76550
35.90000,10.66424,-2.47574,6.76472
35.92000,10.65594,-2.50009,6.76393
35.94000,10.64757,-2.52438,6.76314
35.96000,10.63914,-2.54859,6.76235
35.98000,10.63065,-2.57271,6.76155
36.00000,10.62209,-2.59676,6.76074
36.02000,10.61347,-2.62072,6.75992
36.04000,10.60480,-2.64455,6.75909
36.06000,10.59610,-2.66820,6.75826
36.08000,10.58736,-2.69172,6.75742
36.10000,10.57854,-2.71516,6.75659
36.12000,10.56964,-2.73856,6.75577
36.14000,10.56067,-2.76188,6.75494
36.16000,10.55163,-2.78509,6.75411
36.18000,10.54254,-2.80822,6.75327
36.20000,10.53335,-2.83130,6.75243
36.22000,10.52408,-2.85435,6.75159
36.24000,10.51476,-2.87729,6.75075
36.26000,10.50540,-2.90009,6.74991
36.28000,10.49600,-2.92277,6.74906
36.30000,10.48652,-2.94537,6.74822
36.32000,10.47698,-2.96790,6.74738
36.34000,10.46739,-2.99030,6.74655
36.36000,10.45777,-3.01256,6.74571
36.38000,10.44810,-3.03468,6.74487
36.40000,10.43839,-3.05669,6.74403
36.42000,10.42861,-3.07859,6.74319
36.44000,10.41878,-3.10037,6.74235
36.46000,10.40892,-3.12200,6.74149
36.48000,10.39900,-3.14351,6.74064
36.50000,10.38902,-3.16493,6.73978
36.52000,10.37896,-3.18627,6.73893
36.54000,10.36886,-3.20747,6.73809
36.56000,10.35873,-3.22851,6.73725
36.58000,10.34857,-3.24940,6.73641
36.60000,10.33833,-3.27020,6.73558
36.62000,10.32802,-3.29092,6.73476
36.64000,10.31767,-3.31150,6.73396
36.66000,10.30728,-3.33194,6.73315
36.68000,10.29685,-3.35224,6.73234
36.70000,10.28636,-3.37244,6.73154
36.72000,10.27579,-3.39254,6.73074
36.74000,10.26520,-3.41250,6.72995
36.76000,10.25458,-3.43229,6.72916
36.78000,10.24393,-3.45196,6.72837
36.80000,10.23321,-3.47152,6.72758
36.82000,10.22240,-3.49101,6.72680
36.84000,10.21155,-3.51038,6.72603
36.86000,10.20065,-3.52963,6.72526
36.88000,10.18968,-3.54877,6.72449
36.90000,10.17860,-3.56789,6.72373
36.92000,10.16739,-3.58697,6.72298
36.94000,10.15608,-3.60599,6.72224
36.96000,10.14470,-3.62491,6.72150
36.98000,10.13325,-3.64373,6.72075
37.00000,10.12171,-3.66246,6.71999
37.02000,10.11010,-3.68109,6.71922
37.04000,10.09844,-3.69958,6.71845
37.06000,10.08677,-3.71790,6.71767
37.08000,10.07506,-3.73607,6.71689
37.10000,10.06328,-3.75414,6.71610
37.12000,10.05140,-3.77213,6.71531
37.14000,10.03947,-3.79000,6.71452
37.16000,10.02748,-3.80775,6.71372
37.18000,10.01542,-3.82541,6.71290
37.20000,10.00324,-3.84299,6.71208
37.22000,9.99095,-3.86051,6.71124
37.24000,9.97859,-3.87791,6.71041
37.26000,9.96617,-3.89519,6.70956
37.28000,9.95367,-3.91234,6.70870
37.30000,9.94106,-3.92941,6.70783
37.32000,9.92833,-3.94638,6.70695
37.34000,9.91552,-3.96321,6.70607
37.36000,9.90266,-3.97989,6.70517
37.38000,9.88972,-3.99642,6.70426
37.40000,9.87671,-4.01281,6.70333
37.42000,9.86360,-4.02905,6.70239
37.44000,9.85045,-4.04511,6.70144
37.46000,9.83727,-4.06098,6.70047
37.48000,9.82403,-4.07669,6.69950
37.50000,9.81069,-4.09227,6.69853
37.52000,9.79722,-4.10774,6.69756
37.54000,9.78368,-4.12307,6.69659
37.56000,9.77006,-4.13825,6.69561
37.58000,9.75636,-4.15330,6.69461
37.60000,9.74257,-4.16822,6.69361
37.62000,9.72867,-4.18302,6.69261
37.64000,9.71473,-4.19766,6.69160
37.66000,9.70077,-4.21212,6.69058
37.68000,9.68676,-4.22640,6.68957
37.70000,9.67268,-4.24055,6.68855
37.72000,9.65851,-4.25454,6.68753
37.74000,9.64429,-4.26837,6.68650
37.76000,9.63002,-4.28203,6.68547
37.78000,9.61570,-4.29552,6.68443
37.80000,9.60129,-4.30887,6.68339
37.82000,9.58679,-4.32206,6.68233
37.84000,9.57224,-4.33509,6.68128
37.86000,9.55766,-4.34793,6.68022
37.88000,9.54303,-4.36060,6.67915
37.90000,9.52830,-4.37314,6.67808
37.92000,9.51346,-4.38554,6.67701
37.94000,9.49854,-4.39778,6.67593
37.96000,9.48358,-4.40986,6.67485
37.98000,9.46856,-4.42178,6.67376
38.00000,9.45347,-4.43355,6.67265
38.02000,9.43830,-4.44517,6.67153
38.04000,9.42311,-4.45662,6.67040
38.06000,9.40790,-4.46789,6.66927
38.08000,9.39267,-4.47899,6.66812
38.10000,9.37735,-4.48995,6.66697
38.12000,9.36193,-4.50078,6.66581
38.14000,9.34645,-4.51146,6.66465
38.16000,9.33092,-4.52198,6.66347
38.18000,9.31533,-4.53236,6.66228
38.20000,9.29965,-4.54260,6.66108
38.22000,9.28389,-4.55270,6.65987
38.24000,9.26808,-4.56264,6.65865
38.26000,9.25226,-4.57242,6.65743
38.28000,9.23640,-4.58203,6.65619
38.30000,9.22045,-4.59150,6.65495
38.32000,9.20440,-4.60083,6.65371
38.34000,9.18830,-4.61001,6.65246
38.36000,9.17215,-4.61903,6.65120
38.38000,9.15595,-4.62791,6.64994
38.40000,9.13966,-4.63664,6.64866
38.42000,9.12328,-4.64523,6.64739
38.44000,9.10686,-4.65368,6.64611
38.46000,9.09042,-4.66198,6.64482
38.48000,9.07394,-4.67013,6.64353
38.50000,9.05735,-4.67815,6.64224
38.52000,9.04063,-4.68606,6.64096
38.54000,9.02385,-4.69383,6.63967
38.56000,9.00702,-4.70146,6.63839
38.58000,8.99012,-4.70895,6.63709
38.60000,8.97310,-4.71632,6.63580
38.62000,8.95596,-4.72356,6.63450
38.64000,8.93876,-4.73065,6.63320
38.66000,8.92153,-4.73759,6.63190
38.68000,8.90426,-4.74438,6.63059
38.70000,8.88695,-4.75101,6.62927
38.72000,8.86958,-4.75748,6.62794
38.74000,8.85221,-4.76379,6.62661
38.76000,8.83485,-4.76994,6.62527
38.78000,8.81748,-4.77592,6.62393
38.80000,8.80003,-4.78175,6.62258
38.82000,8.78248,-4.78743,6.62124
38.84000,8.76487,-4.79297,6.61989
38.86000,8.74721,-4.79835,6.61854
38.88000,8.72945,-4.80359,6.61719
38.90000,8.71151,-4.80870,6.61585
38.92000,8.69338,-4.81366,6.61451
38.94000,8.67512,-4.81847,6.61317
38.96000,8.65679,-4.82313,6.61184
38.98000,8.63837,-4.82763,6.61051
39.00000,8.61987,-4.83197,6.60916
39.02000,8.60129,-4.83613,6.60780
39.04000,8.58270,-4.84013,6.60645
39.06000,8.56414,-4.84394,6.60509
39.08000,8.54556,-4.84758,6.60373
39.10000,8.52690,-4.85105,6.60237
39.12000,8.50812,-4.85435,6.60101
39.14000,8.48927,-4.85746,6.59966
39.16000,8.47036,-4.86041,6.59829
39.18000,8.45134,-4.86319,6.59692
39.20000,8.43215,-4.86580,6.59554
39.22000,8.41278,-4.86823,6.59416
39.24000,8.39329,-4.87048,6.59278
39.26000,8.37374,-4.87256,6.59140
39.28000,8.35415,-4.87448,6.59000
39.30000,8.33450,-4.87621,6.58859
39.32000,8.31482,-4.87777,6.58715
39.34000,8.29516,-4.87917,6.58571
39.36000,8.27556,-4.88040,6.58427
39.38000,8.25599,-4.88147,6.58281
39.40000,8.23639,-4.88237,6.58135
39.42000,8.21672,-4.88312,6.57989
39.44000,8.19699,-4.88370,6.57842
39.46000,8.17721,-4.88412,6.57694
39.48000,8.15732,-4.88438,6.57546
39.50000,8.13726,-4.88448,6.57397
39.52000,8.11702,-4.88441,6.57248
39.54000,8.09668,-4.88418,6.57101
39.56000,8.07630,-4.88381,6.56953
39.58000,8.05589,-4.88330,6.56806
39.60000,8.03545,-4.88264,6.56657
39.62000,8.01500,-4.88183,6.56507
39.64000,7.99459,-4.88090,6.56358
39.66000,7.97427,-4.87985,6.56209
39.68000,7.95399,-4.87867,6.56061
39.70000,7.93365,-4.87736,6.55914
39.72000,7.91322,-4.87589,6.55767
39.74000,7.89274,-4.87429,6.55622
39.76000,7.87222,-4.87256,6.55476
39.78000,7.85163,-4.87070,6.55329
39.80000,7.83090,-4.86868,6.55183
39.82000,7.81003,-4.86652,6.55036
39.84000,7.78911,-4.86422,6.54890
39.86000,7.76818,-4.86180,6.54744
39.88000,7.74723,-4.85926,6.54599
39.90000,7.72622,-4.85658,6.54453
39.92000,7.70514,-4.85375,6.54307
39.94000,7.68406,-4.85081,6.54161
39.96000,7.66302,-4.84775,6.54015
39.98000,7.64201,-4.84458,6.53869
40.00000,7.62099,-4.84127,6.53722
40.02000,7.59995,-4.83784,6.53575
40.04000,7.57895,-4.83428,6.53428
40.06000,7.55801,-4.83062,6.53280
40.08000,7.53708,-4.82683,6.53133
40.10000,7.51605,-4.82288,6.52986
40.12000,7.49491,-4.81875,6.52840
40.14000,7.47370,-4.81448,6.52694
40.16000,7.45247,-4.81005,6.52548
40.18000,7.43120,-4.80548,6.52401
40.20000,7.40984,-4.80073,6.52252
40.22000,7.38842,-4.79580,6.52102
40.24000,7.36701,-4.79073,6.51952
40.26000,7.34566,-4.78554,6.51802
40.28000,7.32435,-4.78021,6.51652
40.30000,7.30300,-4.77470,6.51501
40.32000,7.28161,-4.76902,6.51349
40.34000,7.26022,-4.76319,6.51198
40.36000,7.23885,-4.75722,6.51045
40.38000,7.21747,-4.75110,6.50891
40.40000,7.19603,-4.74481,6.50735
40.42000,7.17451,-4.73835,6.50579
40.44000,7.15297,-4.73174,6.50422
40.46000,7.13145,-4.72501,6.50265
40.48000,7.10990,-4.71814,6.50106
40.50000,7.08825,-4.71109,6.49947
40.52000,7.06649,-4.70387,6.49787
40.54000,7.04468,-4.69651,6.49627
40.56000,7.02287,-4.68902,6.49467
40.58000,7.00104,-4.68140,6.49305
40.60000,6.97916,-4.67363,6.49141
40.62000,6.95722,-4.66572,6.48975
40.64000,6.93531,-4.65769,6.48809
40.66000,6.91345,-4.64956,6.48642
40.68000,6.89161,-4.64133,6.48475
40.70000,6.86968,-4.63293,6.48307
40.72000,6.84764,-4.62435,6.48139
40.74000,6.82555,-4.61564,6.47971
40.76000,6.80343,-4.60679,6.47801
40.78000,6.78126,-4.59781,6.47630
40.80000,6.75899,-4.58867,6.47457
40.82000,6.73664,-4.57936,6.47282
40.84000,6.71428,-4.56995,6.47108
40.86000,6.69195,-4.56044,6.46933
40.88000,6.66962,-4.55082,6.46757
40.90000,6.64720,-4.54105,6.46582
40.92000,6.62468,-4.53111,6.46406
40.94000,6.60211,-4.52104,6.46230
40.96000,6.57953,-4.51085,6.46053
40.98000,6.55689,-4.50053,6.45876
41.00000,6.53412,-4.49002,6.45699
41.02000,6.51121,-4.47931,6.45520
41.04000,6.48823,-4.46845,6.45343
41.06000,6.46525,-4.45748,6.45165
41.08000,6.44225,-4.44638,6.44986
41.10000,6.41921,-4.43514,6.44805
41.12000,6.39614,-4.42376,6.44623
41.14000,6.37311,-4.41228,6.44441
41.16000,6.35014,-4.40073,6.44258
41.18000,6.32721,-4.38908,6.44075
41.20000,6.30423,-4.37729,6.43892
41.22000,6.28119,-4.36534,6.43708
41.24000,6.25812,-4.35326,6.43524
41.26000,6.23504,-4.34107,6.43339
41.28000,6.21188,-4.32871,6.43154
41.30000,6.18851,-4.31611,6.42971
41.32000,6.16492,-4.30326,6.42787
41.34000,6.14118,-4.29019,6.42603
41.36000,6.11734,-4.27695,6.42420
41.38000,6.09342,-4.26353,6.42235
41.40000,6.06942,-4.24993,6.42047
41.42000,6.04537,-4.23617,6.41858
41.44000,6.02136,-4.22230,6.41669
41.46000,5.99745,-4.20837,6.41481
41.48000,5.97361,-4.19435,6.41292
41.50000,5.94973,-4.18018,6.41104
41.52000,5.92580,-4.16584,6.40916
41.54000,5.90185,-4.15137,6.40727
41.56000,5.87790,-4.13679,6.40537
41.58000,5.85389,-4.12204,6.40347
41.60000,5.82971,-4.10707,6.40156
41.62000,5.80533,-4.09186,6.39964
41.64000,5.78086,-4.07647,6.39773
41.66000,5.75635,-4.06096,6.39581
41.68000,5.73181,-4.04531,6.39387
41.70000,5.70723,-4.02954,6.39190
41.72000,5.68264,-4.01364,6.38990
41.74000,5.65812,-3.99768,6.38790
41.76000,5.63370,-3.98170,6.38589
41.78000,5.60935,-3.96564,6.38386
41.80000,5.58495,-3.94945,6.38184
41.82000,5.56047,-3.93309,6.37982
41.84000,5.53600,-3.91662,6.37780
41.86000,5.51156,-3.90008,6.37576
41.88000,5.48709,-3.88341,6.37372
41.90000,5.46246,-3.86654,6.37168
41.92000,5.43764,-3.84942,6.36962
41.94000,5.41272,-3.83214,6.36756
41.96000,5.38773,-3.81472,6.36548
41.98000,5.36266,-3.79713,6.36339
42.00000,5.33744,-3.77936,6.36127
42.02000,5.31209,-3.76139,6.35913
42.04000,5.28671,-3.74332,6.35699
42.06000,5.26136,-3.72519,6.35485
42.08000,5.23606,-3.70700,6.35269
42.10000,5.21077,-3.68874,6.35051
42.12000,5.18548,-3.67041,6.34831
42.14000,5.16028,-3.65206,6.34611
42.16000,5.13516,-3.63371,6.34390
42.18000,5.11006,-3.61530,6.34169
42.20000,5.08483,-3.59672,6.33949
42.22000,5.05944,-3.57796,6.33731
42.24000,5.03399,-3.55908,6.33514
42.26000,5.00851,-3.54011,6.33297
42.28000,4.98296,-3.52103,6.33079
42.30000,4.95725,-3.50175,6.32862
42.32000,4.93137,-3.48227,6.32643
42.34000,4.90542,-3.46266,6.32425
42.36000,4.87945,-3.44295,6.32206
42.38000,4.85345,-3.42314,6.31985
42.40000,4.82739,-3.40320,6.31762
42.42000,4.80129,-3.38313,6.31536
42.44000,4.77523,-3.36301,6.31311
42.46000,4.74925,-3.34285,6.31084
42.48000,4.72328,-3.32262,6.30857
42.50000,4.69724,-3.30223,6.30630
42.52000,4.67109,-3.28165,6.30403
42.54000,4.64489,-3.26094,6.30175
42.56000,4.61867,-3.24013,6.29945
42.58000,4.59239,-3.21917,6.29714
42.60000,4.56600,-3.19804,6.29481
42.62000,4.53950,-3.17672,6.29246
42.64000,4.51297,-3.15530,6.29011
42.66000,4.48648,-3.13381,6.28776
42.68000,4.45998,-3.11224,6.28539
42.70000,4.43341,-3.09052,6.28303
42.72000,4.40675,-3.06863,6.28065
42.74000,4.38008,-3.04664,6.27828
42.76000,4.35344,-3.02458,6.27589
42.78000,4.32680,-3.00243,6.27350
42.80000,4.30012,-2.98015,6.27109
42.82000,4.27340,-2.95775,6.26867
42.84000,4.24673,-2.93527,6.26626
42.86000,4.22013,-2.91277,6.26385
42.88000,4.19354,-2.89018,6.26145
42.90000,4.16687,-2.86741,6.25906
42.92000,4.14009,-2.84444,6.25668
42.94000,4.11327,-2.82134,6.25432
42.96000,4.08644,-2.79813,6.25196
42.98000,4.05956,-2.77477,6.24960
43.00000,4.03255,-2.75121,6.24725
43.02000,4.00543,-2.72744,6.24490
43.04000,3.97832,-2.70359,6.24259
43.06000,3.95130,-2.67972,6.24030
43.08000,3.92434,-2.65582,6.23803
43.10000,3.89739,-2.63184,6.23577
43.12000,3.87043,-2.60778,6.23352
43.14000,3.84352,-2.58369,6.23129
43.16000,3.81668,-2.55960,6.22905
43.18000,3.78985,-2.53547,6.22683
43.20000,3.76294,-2.51120,6.22463
43.22000,3.73592,-2.48679,6.22243
43.24000,3.70885,-2.46230,6.22026
43.26000,3.68178,-2.43776,6.21810
43.28000,3.65463,-2.41311,6.21595
43.30000,3.62731,-2.38827,6.21382
43.32000,3.59982,-2.36323,6.21171
43.34000,3.57223,-2.33807,6.20962
43.36000,3.54462,-2.31285,6.20755
43.38000,3.51697,-2.28754,6.20550
43.40000,3.48924,-2.26213,6.20344
43.42000,3.46145,-2.23660,6.20138
43.44000,3.43372,-2.21109,6.19936
43.46000,3.40613,-2.18566,6.19738
43.48000,3.37863,-2.16026,6.19541
43.50000,3.35114,-2.13482,6.19346
43.52000,3.32362,-2.10931,6.19152
43.54000,3.29613,-2.08378,6.18960
43.56000,3.26865,-2.05822,6.18768
43.58000,3.24114,-2.03258,6.18575
43.60000,3.21348,-2.00676,6.18384
43.62000,3.18565,-1.98075,6.18192
43.64000,3.15773,-1.95460,6.18002
43.66000,3.12977,-1.92838,6.17811
43.68000,3.10177,-1.90208,6.17621
43.70000,3.07363,-1.87561,6.17431
43.72000,3.04536,-1.84896,6.17240
43.74000,3.01704,-1.82223,6.17050
43.76000,2.98875,-1.79547,6.16859
43.78000,2.96047,-1.76870,6.16668
43.80000,2.93218,-1.74186,6.16475
43.82000,2.90386,-1.71496,6.16279
43.84000,2.87559,-1.68807,6.16083
43.86000,2.84739,-1.66120,6.15885
43.88000,2.81921,-1.63432,6.15685
43.90000,2.79097,-1.60734,6.15484
43.92000,2.76262,-1.58024,6.15280
43.94000,2.73421,-1.55304,6.15074
43.96000,2.70575,-1.52577,6.14864
43.98000,2.67723,-1.49840,6.14651
44.00000,2.64855,-1.47085,6.14436
44.02000,2.61974,-1.44313,6.14218
44.04000,2.59088,-1.41533,6.14001
44.06000,2.56206,-1.38752,6.13783
44.08000,2.53328,-1.35971,6.13565
44.10000,2.50446,-1.33181,6.13347
44.12000,2.47560,-1.30382,6.13128
44.14000,2.44677,-1.27582,6.12908
44.16000,2.41800,-1.24783,6.12687
44.18000,2.38929,-1.21985,6.12463
44.20000,2.36056,-1.19181,6.12238
44.22000,2.33180,-1.16370,6.12011
44.24000,2.30309,-1.13559,6.11783
44.26000,2.27444,-1.10751,6.11552
44.28000,2.24582,-1.07942,6.11319
44.30000,2.21716,-1.05126,6.11085
44.32000,2.18843,-1.02302,6.10849
44.34000,2.15969,-0.99474,6.10611
44.36000,2.13094,-0.96643,6.10370
44.38000,2.10216,-0.93809,6.10128
44.40000,2.07328,-0.90964,6.09885
44.42000,2.04429,-0.88108,6.09641
44.44000,2.01529,-0.85251,6.09397
44.46000,1.98634,-0.82399,6.09154
44.48000,1.95744,-0.79551,6.08911
44.50000,1.92854,-0.76704,6.08668
44.52000,1.89961,-0.73857,6.08424
44.54000,1.87071,-0.71013,6.08179
44.56000,1.84183,-0.68173,6.07933
44.58000,1.81295,-0.65333,6.07685
44.60000,1.78397,-0.62486,6.07437
44.62000,1.75489,-0.59631,6.07189
44.64000,1.72580,-0.56776,6.06942
44.66000,1.69674,-0.53927,6.06695
44.68000,1.66772,-0.51082,6.06448
44.70000,1.63868,-0.48237,6.06201
44.72000,1.60960,-0.45391,6.05953
44.74000,1.58053,-0.42548,6.05705
44.76000,1.55149,-0.39709,6.05455
44.78000,1.52245,-0.36871,6.05204
44.80000,1.49333,-0.34029,6.04953
44.82000,1.46413,-0.31180,6.04701
44.84000,1.43495,-0.28335,6.04451
44.86000,1.40583,-0.25497,6.04201
44.88000,1.37676,-0.22666,6.03952
44.90000,1.34769,-0.19837,6.03703
44.92000,1.31860,-0.17007,6.03453
44.94000,1.28954,-0.14180,6.03204
44.96000,1.26051,-0.11359,6.02953
44.98000,1.23148,-0.08538,6.02702
45.00000,1.20238,-0.05712,6.02452
45.02000,1.17321,-0.02880,6.02201
45.04000,1.14405,-0.00049,6.01952
45.06000,1.11496,0.02774,6.01705
45.08000,1.08595,0.05591,6.01458
45.10000,1.05695,0.08407,6.01213
45.12000,1.02796,0.11222,6.00967
45.14000,0.99902,0.14034,6.00722
45.16000,0.97014,0.16841,6.00476
45.18000,0.94128,0.19646,6.00230
45.20000,0.91238,0.22456,5.99986
45.22000,0.88344,0.25273,5.99741
45.24000,0.85453,0.28087,5.99500
45.26000,0.82572,0.30894,5.99259
45.28000,0.79699,0.33695,5.99020
45.30000,0.76829,0.36494,5.98782
45.32000,0.73960,0.39294,5.98545
45.34000,0.71098,0.42091,5.98309
45.36000,0.68242,0.44882,5.98073
45.38000,0.65389,0.47672,5.97836
45.40000,0.62532,0.50468,5.97601
45.42000,0.59670,0.53270,5.97368
45.44000,0.56810,0.56069,5.97136
45.46000,0.53959,0.58861,5.96907
45.48000,0.51115,0.61646,5.96678
45.50000,0.48273,0.64430,5.96451
45.52000,0.45430,0.67212,5.96224
45.54000,0.42591,0.69991,5.95997
45.56000,0.39757,0.72763,5.95769
45.58000,0.36923,0.75533,5.95542
45.60000,0.34083,0.78308,5.95315
45.62000,0.31235,0.81088,5.95088
45.64000,0.28387,0.83865,5.94863
45.66000,0.25546,0.86636,5.94638
45.68000,0.22709,0.89399,5.94414
45.70000,0.19871,0.92161,5.94191
45.72000,0.17031,0.94924,5.93966
45.74000,0.14192,0.97683,5.93742
45.76000,0.11357,1.00438,5.93516
45.78000,0.08521,1.03191,5.93288
45.80000,0.05679,1.05949,5.93061
45.82000,0.02831,1.08711,5.92832
45.84000,-0.00015,1.11470,5.92605
45.86000,-0.02852,1.14221,5.92379
45.88000,-0.05683,1.16965,5.92152
45.90000,-0.08512,1.19706,5.91926
45.92000,-0.11342,1.22446,5.91699
45.94000,-0.14168,1.25182,5.91472
45.96000,-0.16990,1.27913,5.91243
45.98000,-0.19813,1.30641,5.91014
46.00000,-0.22642,1.33375,5.90785
46.02000,-0.25480,1.36113,5.90556
46.04000,-0.28317,1.38848,5.90329
46.06000,-0.31149,1.41574,5.90103
46.08000,-0.33976,1.44293,5.89878
46.10000,-0.36806,1.47011,5.89655
46.12000,-0.39642,1.49729,5.89432
46.14000,-0.42475,1.52440,5.89212
46.16000,-0.45301,1.55141,5.88991
46.18000,-0.48122,1.57831,5.88770
46.20000,-0.50943,1.60516,5.88550
46.22000,-0.53765,1.63195,5.88329
46.24000,-0.56581,1.65863,5.88109
46.26000,-0.59388,1.68518,5.87889
46.28000,-0.62192,1.71163,5.87668
46.30000,-0.65001,1.73807,5.87450
46.32000,-0.67819,1.76451,5.87231
46.34000,-0.70638,1.79090,5.87015
46.36000,-0.73454,1.81719,5.86798
46.38000,-0.76266,1.84338,5.86582
46.40000,-0.79080,1.86952,5.86366
46.42000,-0.81895,1.89561,5.86149
46.44000,-0.84705,1.92158,5.85933
46.46000,-0.87506,1.94740,5.85716
46.48000,-0.90299,1.97310,5.85498
46.50000,-0.93091,1.99872,5.85280
46.52000,-0.95883,2.02428,5.85062
46.54000,-0.98673,2.04977,5.84843
46.56000,-1.01460,2.07517,5.84622
46.58000,-1.04247,2.10051,5.84400
46.60000,-1.07042,2.12587,5.84179
46.62000,-1.09844,2.15125,5.83958
46.64000,-1.12646,2.17658,5.83739
46.66000,-1.15440,2.20180,5.83520
46.68000,-1.18227,2.22692,5.83303
46.70000,-1.21015,2.25200,5.83087
46.72000,-1.23805,2.27706,5.82872
46.74000,-1.26589,2.30203,5.82658
46.76000,-1.29364,2.32688,5.82444
46.78000,-1.32131,2.35163,5.82230
46.80000,-1.34897,2.37632,5.82016
46.82000,-1.37662,2.40096,5.81801
46.84000,-1.40422,2.42552,5.81586
46.86000,-1.43177,2.45000,5.81370
46.88000,-1.45927,2.47439,5.81153
46.90000,-1.48678,2.49873,5.80935
46.92000,-1.51429,2.52302,5.80716
46.94000,-1.54177,2.54722,5.80498
46.96000,-1.56918,2.57132,5.80278
46.98000,-1.59657,2.59534,5.80059
47.00000,-1.62399,2.61931,5.79841
47.02000,-1.65146,2.64326,5.79623
47.04000,-1.67893,2.66714,5.79406
47.06000,-1.70637,2.69092,5.79190
47.08000,-1.73377,2.71461,5.78974
47.10000,-1.76116,2.73821,5.78757
47.12000,-1.78855,2.76173,5.78540
47.14000,-1.81587,2.78513,5.78324
47.16000,-1.84312,2.80840,5.78108
47.18000,-1.87033,2.83157,5.77891
47.20000,-1.89756,2.85467,5.77676
47.22000,-1.92483,2.87773,5.77461
47.24000,-1.95207,2.90070,5.77248
47.26000,-1.97924,2.92354,5.77035
47.28000,-2.00636,2.94629,5.76823
47.30000,-2.03350,2.96898,5.76611
47.32000,-2.06068,2.99163,5.76400
47.34000,-2.08785,3.01421,5.76188
47.36000,-2.11498,3.03671,5.75976
47.38000,-2.14211,3.05913,5.75763
47.40000,-2.16927,3.08152,5.75549
47.42000,-2.19647,3.10389,5.75335
47.44000,-2.22364,3.12615,5.75121
47.46000,-2.25071,3.14829,5.74906
47.48000,-2.27770,3.17029,5.74690
47.50000,-2.30464,3.19219,5.74473
47.52000,-2.33156,3.21399,5.74255
47.54000,-2.35842,3.23568,5.74034
47.56000,-2.38522,3.25725,5.73811
47.58000,-2.41200,3.27873,5.73586
47.60000,-2.43882,3.30015,5.73360
47.62000,-2.46571,3.32153,5.73132
47.64000,-2.49258,3.34282,5.72904
47.66000,-2.51939,3.36396,5.72674
47.68000,-2.54614,3.38499,5.72443
47.70000,-2.57292,3.40593,5.72212
47.72000,-2.59972,3.42680,5.71979
47.74000,-2.62650,3.44755,5.71746
47.76000,-2.65319,3.46816,5.71511
47.78000,-2.67982,3.48862,5.71275
47.80000,-2.70643,3.50898,5.71036
47.82000,-2.73302,3.52922,5.70796
47.84000,-2.75954,3.54932,5.70555
47.86000,-2.78596,3.56926,5.70312
47.88000,-2.81233,3.58907,5.70067
47.90000,-2.83873,3.60880,5.69824
47.92000,-2.86520,3.62848,5.69581
47.94000,-2.89167,3.64805,5.69338
47.96000,-2.91808,3.66750,5.69095
47.98000,-2.94445,3.68681,5.68852
48.00000,-2.97082,3.70602,5.68609
48.02000,-2.99719,3.72512,5.68366
48.04000,-3.02349,3.74408,5.68123
48.06000,-3.04969,3.76286,5.67880
48.08000,-3.07579,3.78148,5.67637
48.10000,-3.10186,3.79997,5.67395
48.12000,-3.12792,3.81835,5.67153
48.14000,-3.15393,3.83658,5.66911
48.16000,-3.17990,3.85468,5.66669
48.18000,-3.20586,3.87265,5.66427
48.20000,-3.23187,3.89054,5.66186
48.22000,-3.25793,3.90834,5.65947
48.24000,-3.28396,3.92601,5.65710
48.26000,-3.30991,3.94351,5.65475
48.28000,-3.33577,3.96085,5.65242
48.30000,-3.36159,3.97806,5.65010
48.32000,-3.38737,3.99512,5.64780
48.34000,-3.41308,4.01204,5.64551
48.36000,-3.43872,4.02880,5.64323
48.38000,-3.46432,4.04543,5.64096
48.40000,-3.48993,4.06197,5.63872
48.42000,-3.51558,4.07842,5.63650
48.44000,-3.54119,4.09474,5.63431
48.46000,-3.56671,4.11092,5.63214
48.48000,-3.59216,4.12695,5.62999
48.50000,-3.61758,4.14287,5.62787
48.52000,-3.64299,4.15869,5.62576
48.54000,-3.66835,4.17438,5.62368
48.56000,-3.69365,4.18994,5.62161
48.58000,-3.71891,4.20539,5.61956
48.60000,-3.74419,4.22075,5.61753
48.62000,-3.76950,4.23602,5.61552
48.64000,-3.79476,4.25118,5.61354
48.66000,-3.81994,4.26621,5.61158
48.68000,-3.84504,4.28110,5.60964
48.70000,-3.87011,4.29588,5.60773
48.72000,-3.89515,4.31055,5.60583
48.74000,-3.92015,4.32511,5.60394
48.76000,-3.94507,4.33954,5.60206
48.78000,-3.96996,4.35385,5.60020
48.80000,-3.99486,4.36808,5.59835
48.82000,-4.01978,4.38223,5.59652
48.84000,-4.04466,4.39627,5.59472
48.86000,-4.06944,4.41018,5.59293
48.88000,-4.09414,4.42397,5.59115
48.90000,-4.11878,4.43765,5.58939
48.92000,-4.14340,4.45123,5.58764
48.94000,-4.16794,4.46469,5.58590
48.96000,-4.19240,4.47803,5.58416
48.98000,-4.21680,4.49126,5.58242
49.00000,-4.24120,4.50440,5.58070
49.02000,-4.26560,4.51746,5.57899
49.04000,-4.28994,4.53040,5.57729
49.06000,-4.31417,4.54320,5.57561
49.08000,-4.33830,4.55587,5.57394
49.10000,-4.36238,4.56842,5.57227
49.12000,-4.38640,4.58084,5.57061
49.14000,-4.41034,4.59312,5.56895
49.16000,-4.43419,4.60527,5.56730
49.18000,-4.45798,4.61727,5.56564
49.20000,-4.48177,4.62914,5.56399
49.22000,-4.50555,4.64089,5.56234
49.24000,-4.52926,4.65247,5.56071
49.26000,-4.55287,4.66389,5.55908
49.28000,-4.57639,4.67514,5.55744
49.30000,-4.59986,4.68623,5.55581
49.32000,-4.62330,4.69715,5.55418
49.34000,-4.64666,4.70789,5.55255
49.36000,-4.66996,4.71846,5.55090
49.38000,-4.69321,4.72887,5.54925
49.40000,-4.71647,4.73910,5.54760
49.42000,-4.73975,4.74918,5.54596
49.44000,-4.76299,4.75907,5.54431
49.46000,-4.78614,4.76878,5.54267
49.48000,-4.80921,4.77831,5.54103
49.50000,-4.83225,4.78766,5.53938
49.52000,-4.85526,4.79683,5.53774
49.54000,-4.87821,4.80581,5.53609
49.56000,-4.90110,4.81462,5.53443
49.58000,-4.92394,4.82325,5.53277
49.60000,-4.94679,4.83170,5.53112
49.62000,-4.96965,4.84000,5.52946
49.64000,-4.99245,4.84811,5.52781
49.66000,-5.01516,4.85604,5.52616
49.68000,-5.03778,4.86379,5.52451
49.70000,-5.06034,4.87136,5.52286
49.72000,-5.08287,4.87876,5.52121
49.74000,-5.10533,4.88597,5.51955
49.76000,-5.12772,4.89301,5.51789
49.78000,-5.15006,4.89987,5.51622
49.80000,-5.17240,4.90656,5.51455
49.82000,-5.19476,4.91308,5.51288
49.84000,-5.21710,4.91941,5.51121
49.86000,-5.23938,4.92557,5.50954
49.88000,-5.26161,4.93155,5.50786
49.90000,-5.28381,4.93734,5.50618
49.92000,-5.30599,4.94295,5.50449
49.94000,-5.32808,4.94837,5.50280
49.96000,-5.35004,4.95361,5.50110
49.98000,-5.37188,4.95866,5.49940
50.00000,-5.39365,4.96352,5.49769
50.02000,-5.41535,4.96821,5.49598
50.04000,-5.43694,4.97272,5.49426
50.06000,-5.45841,4.97705,5.49253
50.08000,-5.47981,4.98122,5.49079
50.10000,-5.50119,4.98522,5.48906
50.12000,-5.52259,4.98905,5.48733
50.14000,-5.54397,4.99271,5.48559
50.16000,-5.56532,4.99622,5.48384
50.18000,-5.58665,4.99955,5.48210
50.20000,-5.60800,5.00271,5.48035
50.22000,-5.62937,5.00570,5.47860
50.24000,-5.65070,5.00853,5.47686
50.26000,-5.67192,5.01119,5.47513
50.28000,-5.69303,5.01368,5.47339
50.30000,-5.71405,5.01600,5.47166
50.32000,-5.73499,5.01816,5.46993
50.34000,-5.75584,5.02014,5.46819
50.36000,-5.77659,5.02196,5.46645
50.38000,-5.79728,5.02362,5.46470
50.40000,-5.81796,5.02510,5.46297
50.42000,-5.83862,5.02640,5.46124
50.44000,-5.85923,5.02754,5.45952
50.46000,-5.87973,5.02853,5.45781
50.48000,-5.90013,5.02936,5.45611
50.50000,-5.92049,5.03003,5.45443
50.52000,-5.94082,5.03054,5.45277
50.54000,-5.96106,5.03088,5.45112
50.56000,-5.98119,5.03109,5.44947
50.58000,-6.00123,5.03114,5.44784
50.60000,-6.02120,5.03104,5.44621
50.62000,-6.04111,5.03079,5.44460
50.64000,-6.06092,5.03039,5.44300
50.66000,-6.08060,5.02986,5.44140
50.68000,-6.10018,5.02920,5.43981
50.70000,-6.11970,5.02839,5.43823
50.72000,-6.13916,5.02743,5.43666
50.74000,-6.15855,5.02633,5.43510
50.76000,-6.17784,5.02509,5.43355
50.78000,-6.19707,5.02369,5.43200
50.80000,-6.21627,5.02213,5.43047
50.82000,-6.23543,5.02040,5.42895
50.84000,-6.25451,5.01853,5.42745
50.86000,-6.27346,5.01651,5.42598
50.88000,-6.29228,5.01436,5.42451
50.90000,-6.31100,5.01206,5.42307
50.92000,-6.32964,5.00961,5.42164
50.94000,-6.34817,5.00701,5.42022
50.96000,-6.36658,5.00428,5.41882
50.98000,-6.38491,5.00141,5.41743
51.00000,-6.40321,4.99837,5.41606
51.02000,-6.42149,4.99516,5.41472
51.04000,-6.43969,4.99182,5.41339
51.06000,-6.45778,4.98835,5.41209
51.08000,-6.47577,4.98476,5.41080
51.10000,-6.49370,4.98103,5.40953
51.12000,-6.51157,4.97717,5.40828
51.14000,-6.52936,4.97317,5.40704
51.16000,-6.54706,4.96906,5.40580
51.18000,-6.56468,4.96481,5.40458
51.20000,-6.58229,4.96041,5.40338
51.22000,-6.59988,4.95585,5.40218
51.24000,-6.61741,4.95116,5.40101
51.26000,-6.63485,4.94634,5.39985
51.28000,-6.65222,4.94139,5.39870
51.30000,-6.66954,4.93630,5.39757
51.32000,-6.68684,4.93103,5.39644
51.34000,-6.70409,4.92562,5.39532
51.36000,-6.72128,4.92007,5.39420
51.38000,-6.73843,4.91436,5.39309
51.40000,-6.75558,4.90847,5.39198
51.42000,-6.77274,4.90240,5.39087
51.44000,-6.78986,4.89616,5.38978
51.46000,-6.80691,4.88980,5.38869
51.48000,-6.82388,4.88330,5.38760
51.50000,-6.84082,4.87665,5.38652
51.52000,-6.85774,4.86983,5.38543
51.54000,-6.87461,4.86287,5.38434
51.56000,-6.89142,4.85576,5.38324
51.58000,-6.90820,4.84851,5.38213
51.60000,-6.92499,4.84106,5.38103
51.62000,-6.94179,4.83343,5.37991
51.64000,-6.95856,4.82563,5.37880
51.66000,-6.97525,4.81771,5.37769
51.68000,-6.99188,4.80966,5.37658
51.70000,-7.00846,4.80145,5.37546
51.72000,-7.02500,4.79308,5.37434
51.74000,-7.04148,4.78457,5.37320
51.76000,-7.05790,4.77593,5.37206
51.78000,-7.07426,4.76713,5.37090
51.80000,-7.09061,4.75816,5.36974
51.82000,-7.10694,4.74900,5.36857
51.84000,-7.12322,4.73969,5.36740
51.86000,-7.13942,4.73026,5.36622
51.88000,-7.15554,4.72070,5.36505
51.90000,-7.17161,4.71100,5.36387
51.92000,-7.18763,4.70115,5.36269
51.94000,-7.20358,4.69117,5.36150
51.96000,-7.21946,4.68106,5.36030
51.98000,-7.23528,4.67082,5.35909
52.00000,-7.25107,4.66041,5.35789
52.02000,-7.26685,4.64982,5.35668
52.04000,-7.28258,4.63909,5.35547
52.06000,-7.29823,4.62823,5.35427
52.08000,-7.31381,4.61726,5.35307
52.10000,-7.32931,4.60616,5.35186
52.12000,-7.34473,4.59495,5.35065
52.14000,-7.36004,4.58364,5.34945
52.16000,-7.37524,4.57225,5.34825
52.18000,-7.39035,4.56076,5.34706
52.20000,-7.40538,4.54913,5.34588
52.22000,-7.42036,4.53735,5.34470
52.24000,-7.43527,4.52543,5.34354
52.26000,-7.45008,4.51340,5.34239
52.28000,-7.46482,4.50124,5.34124
52.30000,-7.47949,4.48893,5.34010
52.32000,-7.49410,4.47646,5.33896
52.34000,-7.50862,4.46388,5.33784
52.36000,-7.52304,4.45120,5.33673
52.38000,-7.53736,4.43841,5.33564
52.40000,-7.55161,4.42546,5.33455
52.42000,-7.56579,4.41236,5.33349
52.44000,-7.57988,4.39915,5.33244
52.46000,-7.59385,4.38587,5.33141
52.48000,-7.60771,4.37249,5.33040
52.50000,-7.62150,4.35897,5.32940
52.52000,-7.63522,4.34529,5.32842
52.54000,-7.64887,4.33149,5.32745
52.56000,-7.66244,4.31757,5.32648
52.58000,-7.67594,4.30350,5.32552
52.60000,-7.68940,4.28924,5.32456
52.62000,-7.70284,4.27478,5.32362
52.64000,-7.71621,4.26018,5.32269
52.66000,-7.72948,4.24550,5.32177
52.68000,-7.74266,4.23073,5.32087
52.70000,-7.75576,4.21583,5.31997
52.72000,-7.76879,4.20080,5.31908
52.74000,-7.78174,4.18565,5.31818
52.76000,-7.79461,4.17040,5.31728
52.78000,-7.80741,4.15502,5.31638
52.80000,-7.82017,4.13944,5.31548
52.82000,-7.83291,4.12367,5.31457
52.84000,-7.84558,4.10775,5.31368
52.86000,-7.85817,4.09172,5.31278
52.88000,-7.87069,4.07560,5.31190
52.90000,-7.88315,4.05932,5.31101
52.92000,-7.89556,4.04287,5.31011
52.94000,-7.90791,4.02629,5.30922
52.96000,-7.92020,4.00960,5.30831
52.98000,-7.93242,3.99277,5.30740
53.00000,-7.94462,3.97576,5.30648
53.02000,-7.95679,3.95855,5.30556
53.04000,-7.96890,3.94121,5.30465
53.06000,-7.98094,3.92380,5.30374
53.08000,-7.99289,3.90630,5.30283
53.10000,-8.00478,3.88868,5.30193
53.12000,-8.01662,3.87092,5.30103
53.14000,-8.02838,3.85306,5.30012
53.16000,-8.04006,3.83510,5.29921
53.18000,-8.05168,3.81702,5.29830
53.20000,-8.06326,3.79875,5.29739
53.22000,-8.07479,3.78029,5.29648
53.24000,-8.08626,3.76168,5.29557
53.26000,-8.09766,3.74296,5.29467
53.28000,-8.10897,3.72414,5.29378
53.30000,-8.12022,3.70518,5.29289
53.32000,-8.13139,3.68608,5.29200
53.34000,-8.14246,3.66693,5.29113
53.36000,-8.15341,3.64776,5.29026
53.38000,-8.16426,3.62855,5.28940
53.40000,-8.17502,3.60927,5.28855
53.42000,-8.18571,3.58988,5.28770
53.44000,-8.19630,3.57044,5.28687
53.46000,-8.20679,3.55096,5.28603
53.48000,-8.21721,3.53139,5.28521
53.50000,-8.22759,3.51161,5.28441
53.52000,-8.23794,3.49160,5.28361
53.54000,-8.24824,3.47143,5.28284
53.56000,-8.25847,3.45114,5.28207
53.58000,-8.26863,3.43074,5.28131
53.60000,-8.27873,3.41019,5.28055
53.62000,-8.28878,3.38948,5.27980
53.64000,-8.29874,3.36870,5.27905
53.66000,-8.30860,3.34787,5.27831
53.68000,-8.31838,3.32699,5.27756
53.70000,-8.32809,3.30599,5.27682
53.72000,-8.33773,3.28485,5.27607
53.74000,-8.34730,3.26359,5.27532
53.76000,-8.35680,3.24223,5.27455
53.78000,-8.36623,3.22072,5.27378
53.80000,-8.37561,3.19900,5.27300
53.82000,-8.38495,3.17705,5.27221
53.84000,-8.39421,3.15496,5.27144
53.86000,-8.40340,3.13279,5.27067
53.88000,-8.41249,3.11057,5.26990
53.90000,-8.42150,3.08825,5.26913
53.92000,-8.43044,3.06582,5.26836
53.94000,-8.43928,3.04331,5.26758
53.96000,-8.44804,3.02075,5.26678
53.98000,-8.45671,2.99811,5.26598
54.00000,-8.46532,2.97531,5.26517
54.02000,-8.47386,2.95237,5.26436
54.04000,-8.48232,2.92934,5.26355
54.06000,-8.49069,2.90629,5.26274
54.08000,-8.49897,2.88321,5.26193
54.10000,-8.50718,2.86006,5.26113
54.12000,-8.51531,2.83681,5.26033
54.14000,-8.52337,2.81350,5.25952
54.16000,-8.53136,2.79015,5.25871
54.18000,-8.53927,2.76674,5.25789
54.20000,-8.54712,2.74319,5.25708
54.22000,-8.55493,2.71950,5.25627
54.24000,-8.56266,2.69576,5.25548
54.26000,-8.57030,2.67203,5.25470
54.28000,-8.57787,2.64830,5.25393
54.30000,-8.58537,2.62452,5.25317
54.32000,-8.59279,2.60067,5.25241
54.34000,-8.60014,2.57681,5.25167
54.36000,-8.60740,2.55293,5.25092
54.38000,-8.61459,2.52900,5.25017
54.40000,-8.62171,2.50494,5.24944
54.42000,-8.62877,2.48075,5.24872
54.44000,-8.63576,2.45651,5.24801
54.46000,-8.64265,2.43226,5.24732
54.48000,-8.64947,2.40800,5.24665
54.50000,-8.65621,2.38364,5.24600
54.52000,-8.66288,2.35917,5.24537
54.54000,-8.66946,2.33466,5.24475
54.56000,-8.67596,2.31015,5.24414
54.58000,-8.68238,2.28564,5.24355
54.60000,-8.68873,2.26106,5.24296
54.62000,-8.69501,2.23641,5.24237
54.64000,-8.70121,2.21171,5.24180
54.66000,-8.70733,2.18699,5.24122
54.68000,-8.71339,2.16223,5.24064
54.70000,-8.71938,2.13737,5.24006
54.72000,-8.72531,2.11241,5.23948
54.74000,-8.73117,2.08742,5.23893
54.76000,-8.73695,2.06247,5.23838
54.78000,-8.74266,2.03753,5.23785
54.80000,-8.74830,2.01255,5.23732
54.82000,-8.75387,1.98750,5.23681
54.84000,-8.75937,1.96246,5.23631
54.86000,-8.76480,1.93742,5.23582
54.88000,-8.77016,1.91234,5.23534
54.90000,-8.77547,1.88712,5.23488
54.92000,-8.78071,1.86173,5.23442
54.94000,-8.78590,1.83620,5.23398
54.96000,-8.79101,1.81058,5.23355
54.98000,-8.79607,1.78485,5.23312
55.00000,-8.80107,1.75892,5.23271
55.02000,-8.80601,1.73280,5.23230
55.04000,-8.81088,1.70654,5.23190
55.06000,-8.81569,1.68023,5.23152
55.08000,-8.82043,1.65388,5.23114
55.10000,-8.82511,1.62745,5.23078
55.12000,-8.82971,1.60095,5.23041
55.14000,-8.83425,1.57447,5.23006
55.16000,-8.83872,1.54804,5.22972
55.18000,-8.84312,1.52164,5.22939
55.20000,-8.84745,1.49519,5.22906
55.22000,-8.85172,1.46867,5.22875
55.24000,-8.85593,1.44215,5.22845
55.26000,-8.86007,1.41564,5.22816
55.28000,-8.86415,1.38908,5.22789
55.30000,-8.86816,1.36234,5.22764
55.32000,-8.87211,1.33540,5.22740
55.34000,-8.87599,1.30834,5.22719
55.36000,-8.87980,1.28122,5.22700
55.38000,-8.88354,1.25408,5.22682
55.40000,-8.88721,1.22685,5.22666
55.42000,-8.89080,1.19954,5.22649
55.44000,-8.89431,1.17225,5.22635
55.46000,-8.89774,1.14501,5.22622
55.48000,-8.90110,1.11777,5.22610
55.50000,-8.90438,1.09046,5.22600
55.52000,-8.90757,1.06303,5.22591
55.54000,-8.91068,1.03555,5.22583
55.56000,-8.91370,1.00807,5.22576
55.58000,-8.91665,0.98056,5.22570
55.60000,-8.91951,0.95296,5.22565
55.62000,-8.92229,0.92524,5.22560
55.64000,-8.92497,0.89751,5.22557
55.66000,-8.92758,0.86979,5.22554
55.68000,-8.93010,0.84207,5.22553
55.70000,-8.93253,0.81429,5.22552
55.72000,-8.93487,0.78640,5.22551
55.74000,-8.93713,0.75847,5.22550
55.76000,-8.93929,0.73051,5.22550
55.78000,-8.94137,0.70247,5.22549
55.80000,-8.94335,0.67429,5.22548
55.82000,-8.94524,0.64596,5.22547
55.84000,-8.94704,0.61757,5.22548
55.86000,-8.94875,0.58920,5.22551
55.88000,-8.95039,0.56082,5.22554
55.90000,-8.95193,0.53241,5.22557
55.92000,-8.95340,0.50394,5.22561
55.94000,-8.95478,0.47545,5.22564
55.96000,-8.95608,0.44696,5.22567
55.98000,-8.95730,0.41842,5.22569
56.00000,-8.95843,0.38976,5.22571
56.02000,-8.95947,0.36097,5.22573
56.04000,-8.96042,0.33210,5.22574
56.06000,-8.96130,0.30321,5.22575
56.08000,-8.96209,0.27431,5.22575
56.10000,-8.96280,0.24538,5.22574
56.12000,-8.96342,0.21643,5.22571
56.14000,-8.96397,0.18752,5.22567
56.16000,-8.96460,0.15873,5.22570
56.18000,-8.96570,0.13005,5.22601
56.20000,-8.96699,0.10107,5.22662
56.22000,-8.96825,0.07182,5.22751
56.24000,-8.96926,0.04285,5.22871
56.26000,-8.96967,0.01425,5.23018
56.28000,-8.96921,-0.01417,5.23189
56.30000,-8.96768,-0.04289,5.23378
56.32000,-8.96534,-0.07211,5.23583
56.34000,-8.96268,-0.10147,5.23806
56.36000,-8.96061,-0.13065,5.24048
56.38000,-8.95979,-0.15948,5.24306
56.40000,-8.96017,-0.18849,5.24573
56.42000,-8.96140,-0.21774,5.24847
56.44000,-8.96274,-0.24684,5.25128
56.46000,-8.96283,-0.27589,5.25412
56.48000,-8.96074,-0.30496,5.25691
56.50000,-8.95635,-0.33434,5.25960
56.52000,-8.95027,-0.36400,5.26225
56.54000,-8.94373,-0.39341,5.26495
56.56000,-8.93905,-0.42219,5.26773
56.58000,-8.93743,-0.45031,5.27051
56.60000,-8.93797,-0.47826,5.27320
56.62000,-8.93968,-0.50640,5.27578
56.64000,-8.94079,-0.53467,5.27825
56.66000,-8.93903,-0.56356,5.28058
56.68000,-8.93431,-0.59328,5.28275
56.70000,-8.92802,-0.62405,5.28488
56.72000,-8.92150,-0.65521,5.28702
56.74000,-8.91638,-0.68552,5.28916
56.76000,-8.91491,-0.71364,5.29116
56.78000,-8.91660,-0.73993,5.29295
56.80000,-8.91951,-0.76549,5.29457
56.82000,-8.92255,-0.79106,5.29600
56.84000,-8.92498,-0.81732,5.29728
56.86000,-8.92532,-0.84606,5.29836
56.88000,-8.92366,-0.87748,5.29922
56.90000,-8.92037,-0.91114,5.30001
56.92000,-8.91630,-0.94549,5.30090
56.94000,-8.91280,-0.97824,5.30188
56.96000,-8.91183,-1.00628,5.30276
56.98000,-8.91358,-1.03096,5.30351
57.00000,-8.91682,-1.05649,5.30427
57.02000,-8.92067,-1.08385,5.30495
57.04000,-8.92421,-1.11216,5.30560
57.06000,-8.92542,-1.14169,5.30618
57.08000,-8.92371,-1.16964,5.30657
57.10000,-8.91916,-1.19542,5.30670
57.12000,-8.91250,-1.21920,5.30669
57.14000,-8.90551,-1.24140,5.30676
57.16000,-8.90060,-1.26404,5.30707
57.18000,-8.89841,-1.28921,5.30748
57.20000,-8.89812,-1.31680,5.30784
57.22000,-8.89916,-1.34621,5.30815
57.24000,-8.90003,-1.37541,5.30843
57.26000,-8.89905,-1.40158,5.30859
57.28000,-8.89589,-1.42405,5.30856
57.30000,-8.89073,-1.44442,5.30846
57.32000,-8.88424,-1.46433,5.30841
57.34000,-8.87746,-1.48529,5.30845
57.36000,-8.87187,-1.50976,5.30842
57.38000,-8.86822,-1.53747,5.30825
57.40000,-8.86626,-1.56796,5.30797
57.42000,-8.86560,-1.60123,5.30768
57.44000,-8.86537,-1.63483,5.30759
57.46000,-8.86452,-1.66485,5.30763
57.48000,-8.86223,-1.69027,5.30756
57.50000,-8.85786,-1.71260,5.30729
57.52000,-8.85177,-1.73299,5.30692
57.54000,-8.84433,-1.75409,5.30656
57.56000,-8.83665,-1.77871,5.30620
57.58000,-8.83002,-1.80698,5.30578
57.60000,-8.82469,-1.83839,5.30539
57.62000,-8.82062,-1.87096,5.30516
57.64000,-8.81763,-1.90253,5.30512
57.66000,-8.81493,-1.93068,5.30512
57.68000,-8.81143,-1.95531,5.30497
57.70000,-8.80655,-1.97750,5.30460
57.72000,-8.80033,-1.99832,5.30408
57.74000,-8.79311,-2.01862,5.30348
57.76000,-8.78539,-2.04020,5.30287
57.78000,-8.77761,-2.06424,5.30222
57.80000,-8.76977,-2.09094,5.30152
57.82000,-8.76213,-2.11898,5.30083
57.84000,-8.75490,-2.14685,5.30020
57.86000,-8.74810,-2.17310,5.29961
57.88000,-8.74150,-2.19741,5.29898
57.90000,-8.73492,-2.22027,5.29829
57.92000,-8.72808,-2.24259,5.29759
57.94000,-8.72093,-2.26479,5.29685
57.96000,-8.71338,-2.28753,5.29608
57.98000,-8.70538,-2.31131,5.29525
58.00000,-8.69687,-2.33629,5.29437
58.02000,-8.68810,-2.36189,5.29347
58.04000,-8.67932,-2.38741,5.29258
58.06000,-8.67075,-2.41235,5.29170
58.08000,-8.66243,-2.43662,5.29081
58.10000,-8.65431,-2.46046,5.28990
58.12000,-8.64628,-2.48410,5.28899
58.14000,-8.63831,-2.50755,5.28807
58.16000,-8.63030,-2.53100,5.28715
58.18000,-8.62214,-2.55464,5.28622
58.20000,-8.61381,-2.57856,5.28531
58.22000,-8.60536,-2.60259,5.28441
58.24000,-8.59694,-2.62644,5.28354
58.26000,-8.58860,-2.65003,5.28269
58.28000,-8.58030,-2.67344,5.28187
58.30000,-8.57198,-2.69681,5.28108
58.32000,-8.56362,-2.72012,5.28031
58.34000,-8.55527,-2.74327,5.27958
58.36000,-8.54695,-2.76626,5.27889
58.38000,-8.53858,-2.78919,5.27823
58.40000,-8.53012,-2.81214,5.27762
58.42000,-8.52159,-2.83505,5.27705
58.44000,-8.51306,-2.85776,5.27653
58.46000,-8.50456,-2.88027,5.27606
58.48000,-8.49603,-2.90268,5.27564
58.50000,-8.48741,-2.92507,5.27527
58.52000,-8.47871,-2.94737,5.27495
58.54000,-8.47004,-2.96942,5.27469
58.56000,-8.46142,-2.99124,5.27448
58.58000,-8.45276,-3.01294,5.27433
58.60000,-8.44401,-3.03459,5.27423
58.62000,-8.43518,-3.05616,5.27418
58.64000,-8.42636,-3.07750,5.27418
58.66000,-8.41757,-3.09862,5.27424
58.68000,-8.40872,-3.11967,5.27434
58.70000,-8.39973,-3.14071,5.27450
58.72000,-8.39064,-3.16170,5.27470
58.74000,-8.38151,-3.18253,5.27495
58.76000,-8.37236,-3.20319,5.27525
58.78000,-8.36311,-3.22381,5.27559
58.80000,-8.35369,-3.24446,5.27597
58.82000,-8.34411,-3.26510,5.27639
58.84000,-8.33447,-3.28558,5.27685
58.86000,-8.32480,-3.30592,5.27734
58.88000,-8.31504,-3.32617,5.27787
58.90000,-8.30515,-3.34639,5.27843
58.92000,-8.29514,-3.36655,5.27901
58.94000,-8.28509,-3.38655,5.27963
58.96000,-8.27500,-3.40640,5.28027
58.98000,-8.26480,-3.42619,5.28094
59.00000,-8.25443,-3.44599,5.28163
59.02000,-8.24392,-3.46575,5.28235
59.04000,-8.23339,-3.48533,5.28309
59.06000,-8.22284,-3.50473,5.28386
59.08000,-8.21220,-3.52407,5.28465
59.10000,-8.20140,-3.54340,5.28546
59.12000,-8.19046,-3.56269,5.28628
59.14000,-8.17947,-3.58185,5.28712
59.16000,-8.16844,-3.60087,5.28797
59.18000,-8.15730,-3.61984,5.28883
59.20000,-8.14600,-3.63881,5.28969
59.22000,-8.13457,-3.65774,5.29056
59.24000,-8.12314,-3.67650,5.29144
59.26000,-8.11171,-3.69510,5.29232
59.28000,-8.10020,-3.71363,5.29320
59.30000,-8.08857,-3.73212,5.29408
59.32000,-8.07683,-3.75056,5.29496
59.34000,-8.06507,-3.76887,5.29583
59.36000,-8.05329,-3.78703,5.29670
59.38000,-8.04143,-3.80512,5.29756
59.40000,-8.02942,-3.82319,5.29842
59.42000,-8.01731,-3.84118,5.29927
59.44000,-8.00520,-3.85900,5.30012
59.46000,-7.99311,-3.87666,5.30096
59.48000,-7.98095,-3.89421,5.30181
59.50000,-7.96864,-3.91171,5.30265
59.52000,-7.95623,-3.92913,5.30348
59.54000,-7.94380,-3.94639,5.30432
59.56000,-7.93134,-3.96350,5.30515
59.58000,-7.91879,-3.98051,5.30598
59.60000,-7.90608,-3.99746,5.30681
59.62000,-7.89325,-4.01430,5.30763
59.64000,-7.88043,-4.03095,5.30846
59.66000,-7.86762,-4.04741,5.30930
59.68000,-7.85474,-4.06375,5.31015
59.70000,-7.84170,-4.07999,5.31100
59.72000,-7.82856,-4.09612,5.31185
59.74000,-7.81539,-4.11206,5.31271
59.76000,-7.80220,-4.12784,5.31358
59.78000,-7.78891,-4.14349,5.31446
59.80000,-7.77547,-4.15904,5.31535
59.82000,-7.76190,-4.17446,5.31625
59.84000,-7.74835,-4.18967,5.31715
59.86000,-7.73481,-4.20468,5.31808
59.88000,-7.72120,-4.21954,5.31901
59.90000,-7.70743,-4.23428,5.31996
59.92000,-7.69355,-4.24887,5.32092
59.94000,-7.67965,-4.26326,5.32189
59.96000,-7.66572,-4.27746,5.32287
59.98000,-7.65170,-4.29151,5.32386
60.00000,-7.63751,-4.30543,5.32486
60.02000,-7.62319,-4.31919,5.32587
60.04000,-7.60884,-4.33274,5.32689
60.06000,-7.59448,-4.34609,5.32792
60.08000,-7.58002,-4.35928,5.32897
60.10000,-7.56540,-4.37233,5.33002
60.12000,-7.55066,-4.38520,5.33108
60.14000,-7.53594,-4.39783,5.33215
60.16000,-7.52125,-4.41025,5.33324
60.18000,-7.50647,-4.42249,5.33435
60.20000,-7.49155,-4.43457,5.33546
60.22000,-7.47653,-4.44646,5.33659
60.24000,-7.46153,-4.45812,5.33773
60.26000,-7.44655,-4.46956,5.33888
60.28000,-7.43147,-4.48084,5.34005
60.30000,-7.41618,-4.49197,5.34123
60.32000,-7.40073,-4.50293,5.34242
60.34000,-7.38529,-4.51366,5.34362
60.36000,-7.36985,-4.52418,5.34483
60.38000,-7.35432,-4.53453,5.34606
60.40000,-7.33861,-4.54473,5.34729
60.42000,-7.32277,-4.55475,5.34852
60.44000,-7.30694,-4.56454,5.34976
60.46000,-7.29112,-4.57413,5.35101
60.48000,-7.27520,-4.58355,5.35228
60.50000,-7.25910,-4.59283,5.35355
60.52000,-7.24286,-4.60193,5.35482
60.54000,-7.22659,-4.61083,5.35609
60.56000,-7.21030,-4.61954,5.35738
60.58000,-7.19389,-4.62809,5.35867
60.60000,-7.17728,-4.63650,5.35996
60.62000,-7.16052,-4.64474,5.36125
60.64000,-7.14374,-4.65278,5.36255
60.66000,-7.12694,-4.66065,5.36386
60.68000,-7.11003,-4.66836,5.36518
60.70000,-7.09296,-4.67593,5.36650
60.72000,-7.07578,-4.68333,5.36782
60.74000,-7.05863,-4.69054,5.36916
60.76000,-7.04153,-4.69758,5.37052
60.78000,-7.02436,-4.70447,5.37189
60.80000,-7.00707,-4.71122,5.37328
60.82000,-6.98968,-4.71781,5.37467
60.84000,-6.97231,-4.72423,5.37607
60.86000,-6.95494,-4.73049,5.37750
60.88000,-6.93752,-4.73661,5.37893
60.90000,-6.91999,-4.74260,5.38038
60.92000,-6.90239,-4.74844,5.38184
60.94000,-6.88481,-4.75412,5.38332
60.96000,-6.86724,-4.75965,5.38481
60.98000,-6.84957,-4.76505,5.38632
61.00000,-6.83172,-4.77033,5.38785
61.02000,-6.81376,-4.77546,5.38939
61.04000,-6.79584,-4.78044,5.39096
61.06000,-6.77795,-4.78527,5.39255
61.08000,-6.75997,-4.78998,5.39417
61.10000,-6.74181,-4.79456,5.39580
61.12000,-6.72351,-4.79899,5.39746
61.14000,-6.70519,-4.80326,5.39913
61.16000,-6.68687,-4.80740,5.40083
61.18000,-6.66842,-4.81140,5.40254
61.20000,-6.64977,-4.81527,5.40427
61.22000,-6.63098,-4.81898,5.40601
61.24000,-6.61222,-4.82255,5.40778
61.26000,-6.59349,-4.82599,5.40957
61.28000,-6.57468,-4.82931,5.41138
61.30000,-6.55568,-4.83248,5.41320
61.32000,-6.53656,-4.83551,5.41504
61.34000,-6.51743,-4.83840,5.41689
61.36000,-6.49830,-4.84116,5.41875
61.38000,-6.47906,-4.84379,5.42063
61.40000,-6.45964,-4.84628,5.42251
61.42000,-6.44009,-4.84862,5.42439
61.44000,-6.42060,-4.85083,5.42628
61.46000,-6.40115,-4.85293,5.42818
61.48000,-6.38164,-4.85490,5.43009
61.50000,-6.36197,-4.85673,5.43200
61.52000,-6.34220,-4.85842,5.43391
61.54000,-6.32244,-4.85997,5.43582
61.56000,-6.30270,-4.86141,5.43772
61.58000,-6.28289,-4.86272,5.43962
61.60000,-6.26292,-4.86388,5.44151
61.62000,-6.24286,-4.86489,5.44338
61.64000,-6.22287,-4.86578,5.44525
61.66000,-6.20296,-4.86657,5.44711
61.68000,-6.18300,-4.86724,5.44897
61.70000,-6.16290,-4.86776,5.45082
61.72000,-6.14273,-4.86813,5.45264
61.74000,-6.12259,-4.86838,5.45445
61.76000,-6.10250,-4.86853,5.45625
61.78000,-6.08233,-4.86854,5.45803
61.80000,-6.06200,-4.86840,5.45978
61.82000,-6.04158,-4.86810,5.46152
61.84000,-6.02124,-4.86769,5.46325
61.86000,-6.00099,-4.86718,5.46497
61.88000,-5.98067,-4.86655,5.46668
61.90000,-5.96021,-4.86575,5.46837
61.92000,-5.93964,-4.86479,5.47004
61.94000,-5.91909,-4.86371,5.47170
61.96000,-5.89856,-4.86250,5.47335
61.98000,-5.87794,-4.86115,5.47498
62.00000,-5.85714,-4.85961,5.47660
62.02000,-5.83624,-4.85790,5.47819
62.04000,-5.81541,-4.85606,5.47979
62.06000,-5.79464,-4.85412,5.48138
62.08000,-5.77380,-4.85203,5.48297
62.10000,-5.75282,-4.84975,5.48454
62.12000,-5.73174,-4.84730,5.48610
62.14000,-5.71070,-4.84471,5.48767
62.16000,-5.68969,-4.84200,5.48922
62.18000,-5.66859,-4.83914,5.49078
62.20000,-5.64732,-4.83606,5.49232
62.22000,-5.62593,-4.83279,5.49386
62.24000,-5.60458,-4.82939,5.49539
62.26000,-5.58325,-4.82585,5.49693
62.28000,-5.56185,-4.82215,5.49846
62.30000,-5.54029,-4.81824,5.49999
62.32000,-5.51865,-4.81415,5.50151
62.34000,-5.49710,-4.80994,5.50304
62.36000,-5.47564,-4.80563,5.50458
62.38000,-5.45414,-4.80116,5.50612
62.40000,-5.43250,-4.79650,5.50767
62.42000,-5.41079,-4.79164,5.50921
62.44000,-5.38913,-4.78666,5.51076
62.46000,-5.36752,-4.78155,5.51231
62.48000,-5.34586,-4.77627,5.51387
62.50000,-5.32409,-4.77079,5.51542
62.52000,-5.30225,-4.76512,5.51697
62.54000,-5.28046,-4.75931,5.51852
62.56000,-5.25872,-4.75337,5.52008
62.58000,-5.23689,-4.74724,5.52165
62.60000,-5.21487,-4.74086,5.52320
62.62000,-5.19273,-4.73425,5.52476
62.64000,-5.17069,-4.72752,5.52633
62.66000,-5.14873,-4.72067,5.52791
62.68000,-5.12666,-4.71363,5.52951
62.70000,-5.10432,-4.70629,5.53109
62.72000,-5.08183,-4.69870,5.53268
62.74000,-5.05941,-4.69099,5.53427
62.76000,-5.03706,-4.68316,5.53588
62.78000,-5.01462,-4.67515,5.53749
62.80000,-4.99199,-4.66689,5.53910
62.82000,-4.96925,-4.65843,5.54069
62.84000,-4.94657,-4.64986,5.54230
62.86000,-4.92396,-4.64119,5.54391
62.88000,-4.90129,-4.63235,5.54553
62.90000,-4.87845,-4.62331,5.54713
62.92000,-4.85550,-4.61408,5.54873
62.94000,-4.83260,-4.60474,5.55033
62.96000,-4.80973,-4.59530,5.55193
62.98000,-4.78676,-4.58569,5.55353
63.00000,-4.76361,-4.57585,5.55512
63.02000,-4.74033,-4.56582,5.55670
63.04000,-4.71713,-4.55572,5.55829
63.06000,-4.69399,-4.54554,5.55989
63.08000,-4.67078,-4.53521,5.56150
63.10000,-4.64739,-4.52467,5.56310
63.12000,-4.62389,-4.51394,5.56470
63.14000,-4.60041,-4.50311,5.56631
63.16000,-4.57695,-4.49218,5.56792
63.18000,-4.55340,-4.48108,5.56954
63.20000,-4.52966,-4.46974,5.57116
63.22000,-4.50580,-4.45821,5.57276
63.24000,-4.48198,-4.44658,5.57439
63.26000,-4.45820,-4.43485,5.57602
63.28000,-4.43435,-4.42298,5.57766
63.30000,-4.41038,-4.41092,5.57931
63.32000,-4.38635,-4.39869,5.58095
63.34000,-4.36237,-4.38639,5.58261
63.36000,-4.33844,-4.37401,5.58429
63.38000,-4.31443,-4.36147,5.58598
63.40000,-4.29023,-4.34870,5.58767
63.42000,-4.26592,-4.33574,5.58937
63.44000,-4.24165,-4.32270,5.59108
63.46000,-4.21743,-4.30959,5.59281
63.48000,-4.19312,-4.29633,5.59456
63.50000,-4.16864,-4.28286,5.59630
63.52000,-4.14405,-4.26921,5.59804
63.54000,-4.11958,-4.25554,5.59982
63.56000,-4.09521,-4.24185,5.60161
63.58000,-4.07079,-4.22804,5.60343
63.60000,-4.04622,-4.21403,5.60525
63.62000,-4.02156,-4.19987,5.60707
63.64000,-3.99695,-4.18565,5.60890
63.66000,-3.97240,-4.17138,5.61076
63.68000,-3.94779,-4.15699,5.61262
63.70000,-3.92307,-4.14243,5.61448
63.72000,-3.89828,-4.12773,5.61634
63.74000,-3.87355,-4.11297,5.61821
63.76000,-3.84887,-4.09817,5.62011
63.78000,-3.82411,-4.08321,5.62201
63.80000,-3.79915,-4.06801,5.62391
63.82000,-3.77407,-4.05262,5.62581
63.84000,-3.74909,-4.03721,5.62774
63.86000,-3.72421,-4.02178,5.62969
63.88000,-3.69924,-4.00619,5.63166
63.90000,-3.67407,-3.99034,5.63363
63.92000,-3.64877,-3.97430,5.63561
63.94000,-3.62352,-3.95819,5.63760
63.96000,-3.59829,-3.94200,5.63961
63.98000,-3.57297,-3.92563,5.64163
64.00000,-3.54742,-3.90900,5.64365
64.02000,-3.52175,-3.89218,5.64567
64.04000,-3.49618,-3.87533,5.64771
64.06000,-3.47071,-3.85846,5.64978
64.08000,-3.44516,-3.84146,5.65186
64.10000,-3.41943,-3.82422,5.65395
64.12000,-3.39359,-3.80680,5.65603
64.14000,-3.36780,-3.78933,5.65814
64.16000,-3.34206,-3.77182,5.66026
64.18000,-3.31623,-3.75415,5.66238
64.20000,-3.29023,-3.73624,5.66451
64.22000,-3.26412,-3.71817,5.66663
64.24000,-3.23813,-3.70009,5.66877
64.26000,-3.21226,-3.68202,5.67094
64.28000,-3.18635,-3.66382,5.67312
64.30000,-3.16029,-3.64541,5.67530
64.32000,-3.13415,-3.62683,5.67748
64.34000,-3.10808,-3.60821,5.67968
64.36000,-3.08209,-3.58956,5.68189
64.38000,-3.05604,-3.57076,5.68410
64.40000,-3.02982,-3.55173,5.68631
64.42000,-3.00352,-3.53252,5.68851
64.44000,-2.97735,-3.51333,5.69073
64.46000,-2.95130,-3.49415,5.69298
64.48000,-2.92521,-3.47485,5.69523
64.50000,-2.89896,-3.45532,5.69748
64.52000,-2.87262,-3.43562,5.69973
64.54000,-2.84635,-3.41590,5.70199
64.56000,-2.82015,-3.39614,5.70425
64.58000,-2.79387,-3.37623,5.70652
64.60000,-2.76740,-3.35608,5.70878
64.62000,-2.74082,-3.33574,5.71103
64.64000,-2.71436,-3.31543,5.71329
64.66000,-2.68802,-3.29514,5.71558
64.68000,-2.66161,-3.27472,5.71787
64.70000,-2.63502,-3.25406,5.72015
64.72000,-2.60832,-3.23323,5.72243
64.74000,-2.58168,-3.21238,5.72471
64.76000,-2.55511,-3.19150,5.72701
64.78000,-2.52843,-3.17046,5.72930
64.80000,-2.50156,-3.14916,5.73158
64.82000,-2.47457,-3.12767,5.73384
64.84000,-2.44769,-3.10620,5.73612
64.86000,-2.42091,-3.08474,5.73842
64.88000,-2.39407,-3.06314,5.74073
64.90000,-2.36704,-3.04130,5.74302
64.92000,-2.33990,-3.01927,5.74530
64.94000,-2.31281,-2.99721,5.74759
64.96000,-2.28577,-2.97511,5.74989
64.98000,-2.25863,-2.95285,5.75219
65.00000,-2.23128,-2.93031,5.75447
65.02000,-2.20380,-2.90758,5.75674
65.04000,-2.17636,-2.88480,5.75902
65.06000,-2.14897,-2.86199,5.76130
65.08000,-2.12151,-2.83904,5.76359
65.10000,-2.09388,-2.81585,5.76586
65.12000,-2.06616,-2.79251,5.76812
65.14000,-2.03858,-2.76921,5.77039
65.16000,-2.01113,-2.74596,5.77268
65.18000,-1.98366,-2.72263,5.77498
65.20000,-1.95606,-2.69911,5.77727
65.22000,-1.92838,-2.67546,5.77954
65.24000,-1.90080,-2.65181,5.78182
65.26000,-1.87331,-2.62818,5.78410
65.28000,-1.84578,-2.60447,5.78638
65.30000,-1.81817,-2.58060,5.78864
65.32000,-1.79051,-2.55663,5.79089
65.34000,-1.76295,-2.53268,5.79315
65.36000,-1.73547,-2.50875,5.79540
65.38000,-1.70792,-2.48470,5.79765
65.40000,-1.68020,-2.46042,5.79989
65.42000,-1.65239,-2.43600,5.80212
65.44000,-1.62471,-2.41165,5.80437
65.46000,-1.59715,-2.38736,5.80663
65.48000,-1.56954,-2.36297,5.80890
65.50000,-1.54175,-2.33837,5.81116
65.52000,-1.51385,-2.31362,5.81342
65.54000,-1.48602,-2.28887,5.81569
65.56000,-1.45825,-2.26415,5.81797
65.58000,-1.43041,-2.23930,5.82025
65.60000,-1.40237,-2.21421,5.82252
65.62000,-1.37421,-2.18898,5.82478
65.64000,-1.34613,-2.16376,5.82705
65.66000,-1.31812,-2.13857,5.82932
65.68000,-1.29008,-2.11331,5.83160
65.70000,-1.26196,-2.08794,5.83386
65.72000,-1.23380,-2.06249,5.83612
65.74000,-1.20575,-2.03710,5.83839
65.76000,-1.17780,-2.01178,5.84066
65.78000,-1.14980,-1.98637,5.84293
65.80000,-1.12166,-1.96080,5.84519
65.82000,-1.09346,-1.93513,5.84745
65.84000,-1.06541,-1.90957,5.84973
65.86000,-1.03751,-1.88413,5.85202
65.88000,-1.00957,-1.85862,5.85432
65.90000,-0.98146,-1.83291,5.85662
65.92000,-0.95326,-1.80708,5.85892
65.94000,-0.92514,-1.78129,5.86122
65.96000,-0.89709,-1.75554,5.86353
65.98000,-0.86897,-1.72968,5.86585
66.00000,-0.84065,-1.70358,5.86815
66.02000,-0.81221,-1.67733,5.87044
66.04000,-0.78383,-1.65110,5.87274
66.06000,-0.75552,-1.62490,5.87504
66.08000,-0.72720,-1.59864,5.87735
66.10000,-0.69879,-1.57226,5.87964
66.12000,-0.67034,-1.54580,5.88192
66.14000,-0.64201,-1.51941,5.88421
66.16000,-0.61378,-1.49307,5.88650
66.18000,-0.58551,-1.46667,5.88880
66.20000,-0.55712,-1.44009,5.89108
66.22000,-0.52866,-1.41341,5.89337
66.24000,-0.50031,-1.38678,5.89566
66.26000,-0.47206,-1.36022,5.89795
66.28000,-0.44379,-1.33359,5.90025
66.30000,-0.41540,-1.30680,5.90255
66.32000,-0.38697,-1.27992,5.90484
66.34000,-0.35872,-1.25318,5.90714
66.36000,-0.33065,-1.22656,5.90947
66.38000,-0.30259,-1.19992,5.91180
66.40000,-0.27444,-1.17312,5.91413
66.42000,-0.24626,-1.14625,5.91646
66.44000,-0.21827,-1.11951,5.91881
66.46000,-0.19045,-1.09291,5.92118
66.48000,-0.16263,-1.06625,5.92355
66.50000,-0.13467,-1.03940,5.92593
66.52000,-0.10663,-1.01244,5.92830
66.54000,-0.07870,-0.98552,5.93068
66.56000,-0.05085,-0.95865,5.93306
66.58000,-0.02295,-0.93168,5.93545
66.60000,0.00514,-0.90448,5.93783
66.62000,0.03334,-0.87713,5.94019
66.64000,0.06146,-0.84982,5.94256
66.66000,0.08950,-0.82255,5.94493
66.68000,0.11756,-0.79522,5.94729
66.70000,0.14573,-0.76774,5.94965
66.72000,0.17395,-0.74016,5.95199
66.74000,0.20207,-0.71265,5.95433
66.76000,0.23010,-0.68519,5.95668
66.78000,0.25818,-0.65764,5.95902
66.80000,0.28641,-0.62990,5.96136
66.82000,0.31474,-0.60203,5.96369
66.84000,0.34297,-0.57421,5.96603
66.86000,0.37112,-0.54644,5.96837
66.88000,0.39930,-0.51858,5.97071
66.90000,0.42762,-0.49054,5.97305
66.92000,0.45600,-0.46240,5.97538
66.94000,0.48421,-0.43439,5.97773
66.96000,0.51226,-0.40650,5.98009
66.98000,0.54030,-0.37857,5.98246
67.00000,0.56844,-0.35049,5.98483
67.02000,0.59661,-0.32235,5.98719
67.04000,0.62460,-0.29434,5.98957
67.06000,0.65242,-0.26646,5.99197
67.08000,0.68028,-0.23851,5.99438
67.10000,0.70834,-0.21031,5.99679
67.12000,0.73651,-0.18197,5.99920
67.14000,0.76453,-0.15375,6.00162
67.16000,0.79241,-0.12564,6.00406
67.18000,0.82032,-0.09748,6.00651
67.20000,0.84837,-0.06916,6.00895
67.22000,0.87649,-0.04076,6.01139
67.24000,0.90445,-0.01251,6.01385
67.26000,0.93226,0.01559,6.01632
67.28000,0.96013,0.04375,6.01880
67.30000,0.98823,0.07212,6.02128
67.32000,1.01645,0.10059,6.02376
67.34000,1.04456,0.12891,6.02625
67.36000,1.07254,0.15709,6.02875
67.38000,1.10057,0.18526,6.03127
67.40000,1.12877,0.21354,6.03378
67.42000,1.15706,0.24185,6.03628
67.44000,1.18521,0.26996,6.03880
67.46000,1.21322,0.29790,6.04133
67.48000,1.24129,0.32582,6.04388
67.50000,1.26952,0.35383,6.04641
67.52000,1.29786,0.38187,6.04895
67.54000,1.32612,0.40978,6.05149
67.56000,1.35432,0.43756,6.05405
67.58000,1.38259,0.46537,6.05660
67.60000,1.41106,0.49329,6.05915
67.62000,1.43962,0.52126,6.06169
67.64000,1.46806,0.54904,6.06426
67.66000,1.49637,0.57665,6.06683
67.68000,1.52471,0.60426,6.06942
67.70000,1.55321,0.63196,6.07201
67.72000,1.58178,0.65970,6.07459
67.74000,1.61027,0.68731,6.07718
67.76000,1.63868,0.71481,6.07977
67.78000,1.66714,0.74233,6.08236
67.80000,1.69575,0.76998,6.08495
67.82000,1.72440,0.79764,6.08753
67.84000,1.75289,0.82513,6.09012
67.86000,1.78126,0.85248,6.09272
67.88000,1.80963,0.87984,6.09532
67.90000,1.83811,0.90730,6.09791
67.92000,1.86662,0.93479,6.10049
67.94000,1.89503,0.96218,6.10307
67.96000,1.92333,0.98946,6.10564
67.98000,1.95165,1.01677,6.10821
68.00000,1.98006,1.04419,6.11077
68.02000,2.00849,1.07164,6.11332
68.04000,2.03673,1.09892,6.11587
68.06000,2.06478,1.12603,6.11843
68.08000,2.09281,1.15315,6.12099
68.10000,2.12093,1.18038,6.12355
68.12000,2.14906,1.20764,6.12609
68.14000,2.17706,1.23480,6.12864
68.16000,2.20493,1.26184,6.13119
68.18000,2.23294,1.28906,6.13375
68.20000,2.26140,1.31672,6.13633
68.22000,2.29011,1.34461,6.13894
68.24000,2.31876,1.37244,6.14158
68.26000,2.34727,1.40013,6.14426
68.28000,2.37573,1.42778,6.14696
68.30000,2.40420,1.45542,6.14966
68.32000,2.43261,1.48299,6.15236
68.34000,2.46085,1.51037,6.15506
68.36000,2.48889,1.53754,6.15775
68.38000,2.51675,1.56455,6.16043
68.40000,2.54444,1.59140,6.16310
68.42000,2.57193,1.61805,6.16574
68.44000,2.59908,1.64439,6.16836
68.46000,2.62592,1.67043,6.17096
68.48000,2.65255,1.69630,6.17354
68.50000,2.67905,1.72207,6.17611
68.52000,2.70537,1.74770,6.17865
68.54000,2.73138,1.77306,6.18117
68.56000,2.75709,1.79816,6.18367
68.58000,2.78261,1.82313,6.18614
68.60000,2.80799,1.84801,6.18860
68.62000,2.83320,1.87278,6.19103
68.64000,2.85816,1.89736,6.19344
68.66000,2.88288,1.92176,6.19582
68.68000,2.90744,1.94605,6.19818
68.70000,2.93187,1.97027,6.20051
68.72000,2.95614,1.99441,6.20282
68.74000,2.98017,2.01836,6.20511
68.76000,3.00397,2.04213,6.20737
68.78000,3.02765,2.06584,6.20962
68.80000,3.05127,2.08954,6.21185
68.82000,3.07480,2.11319,6.21406
68.84000,3.09811,2.13669,6.21625
68.86000,3.12122,2.16003,6.21842
68.88000,3.14420,2.18327,6.22057
68.90000,3.16707,2.20645,6.22270
68.92000,3.18981,2.22952,6.22481
68.94000,3.21234,2.25241,6.22689
68.96000,3.23466,2.27514,6.22895
68.98000,3.25684,2.29774,6.23099
69.00000,3.27894,2.32026,6.23302
69.02000,3.30089,2.34266,6.23502
69.04000,3.32260,2.36483,6.23700
69.06000,3.34407,2.38677,6.23897
69.08000,3.36539,2.40854,6.24091
69.10000,3.38657,2.43016,6.24284
69.12000,3.40762,2.45162,6.24475
69.14000,3.42845,2.47286,6.24664
69.16000,3.44908,2.49386,6.24851
69.18000,3.46954,2.51467,6.25035
69.20000,3.48987,2.53529,6.25217
69.22000,3.51005,2.55570,6.25397
69.24000,3.52997,2.57583,6.25574
69.26000,3.54966,2.59567,6.25748
69.28000,3.56916,2.61528,6.25920
69.30000,3.58849,2.63465,6.26089
69.32000,3.60765,2.65378,6.26255
69.34000,3.62657,2.67262,6.26418
69.36000,3.64527,2.69118,6.26578
69.38000,3.66378,2.70950,6.26736
69.40000,3.68211,2.72758,6.26890
69.42000,3.70025,2.74540,6.27041
69.44000,3.71813,2.76291,6.27189
69.46000,3.73576,2.78012,6.27334
69.48000,3.75318,2.79708,6.27476
69.50000,3.77040,2.81378,6.27615
69.52000,3.78740,2.83023,6.27751
69.54000,3.80415,2.84640,6.27884
69.56000,3.82066,2.86229,6.28014
69.58000,3.83695,2.87793,6.28141
69.60000,3.85303,2.89333,6.28265
69.62000,3.86888,2.90848,6.28387
69.64000,3.88446,2.92335,6.28506
69.66000,3.89979,2.93794,6.28622
69.68000,3.91488,2.95228,6.28737
69.70000,3.92977,2.96639,6.28849
69.72000,3.94443,2.98026,6.28959
69.74000,3.95883,2.99386,6.29067
69.76000,3.97298,3.00718,6.29173
69.78000,3.98690,3.02025,6.29278
69.80000,4.00059,3.03309,6.29380
69.82000,4.01404,3.04567,6.29481
69.84000,4.02723,3.05798,6.29579
69.86000,4.04016,3.07003,6.29676
69.88000,4.05285,3.08184,6.29772
69.90000,4.06530,3.09342,6.29865
69.92000,4.07751,3.10475,6.29958
69.94000,4.08945,3.11582,6.30049
69.96000,4.10114,3.12664,6.30138
69.98000,4.11257,3.13723,6.30226
70.00000,4.12375,3.14757,6.30313
70.02000,4.13467,3.15767,6.30399
70.04000,4.14532,3.16753,6.30483
70.06000,4.15572,3.17715,6.30566
70.08000,4.16586,3.18653,6.30648
70.10000,4.17574,3.19567,6.30728
70.12000,4.18538,3.20459,6.30807
70.14000,4.19475,3.21327,6.30885
70.16000,4.20386,3.22172,6.30962
70.18000,4.21273,3.22994,6.31037
70.20000,4.22136,3.23794,6.31111
70.22000,4.22974,3.24571,6.31183
70.24000,4.23787,3.25326,6.31254
70.26000,4.24577,3.26060,6.31324
70.28000,4.25345,3.26772,6.31392
70.30000,4.26090,3.27463,6.31459
70.32000,4.26813,3.28134,6.31524
70.34000,4.27514,3.28783,6.31587
70.36000,4.28192,3.29411,6.31648
70.38000,4.28851,3.30019,6.31707
70.40000,4.29490,3.30607,6.31765
70.42000,4.30111,3.31176,6.31820
70.44000,4.30714,3.31727,6.31873
70.46000,4.31298,3.32257,6.31924
70.48000,4.31866,3.32770,6.31973
70.50000,4.32419,3.33265,6.32020
70.52000,4.32958,3.33743,6.32064
70.54000,4.33481,3.34203,6.32106
70.56000,4.33990,3.34645,6.32145
70.58000,4.34485,3.35071,6.32182
70.60000,4.34969,3.35481,6.32217
70.62000,4.35442,3.35876,6.32249
70.64000,4.35901,3.36254,6.32278
70.66000,4.36347,3.36617,6.32306
70.68000,4.36783,3.36965,6.32331
70.70000,4.37208,3.37299,6.32353
70.72000,4.37622,3.37620,6.32373
70.74000,4.38025,3.37925,6.32391
70.76000,4.38416,3.38217,6.32407
70.78000,4.38798,3.38495,6.32420
70.80000,4.39170,3.38762,6.32431
70.82000,4.39534,3.39017,6.32441
70.84000,4.39888,3.39260,6.32448
70.86000,4.40232,3.39491,6.32453
70.88000,4.40568,3.39712,6.32457
70.90000,4.40897,3.39925,6.32459
70.92000,4.41219,3.40128,6.32460
70.94000,4.41533,3.40321,6.32459
70.96000,4.41838,3.40505,6.32457
70.98000,4.42137,3.40680,6.32453
71.00000,4.42430,3.40848,6.32448
71.02000,4.42717,3.41008,6.32442
71.04000,4.42997,3.41161,6.32435
71.06000,4.43271,3.41307,6.32427
71.08000,4.43540,3.41445,6.32419
71.10000,4.43804,3.41579,6.32409
71.12000,4.44063,3.41707,6.32399
71.14000,4.44317,3.41829,6.32389
71.16000,4.44564,3.41944,6.32378
71.18000,4.44807,3.42054,6.32367
71.20000,4.45045,3.42160,6.32356
71.22000,4.45277,3.42262,6.32345
71.24000,4.45505,3.42360,6.32334
71.26000,4.45727,3.42452,6.32324
71.28000,4.45944,3.42541,6.32313
71.30000,4.46156,3.42626,6.32303
71.32000,4.46363,3.42707,6.32294
71.34000,4.46565,3.42785,6.32285
71.36000,4.46762,3.42858,6.32276
71.38000,4.46954,3.42927,6.32269
71.40000,4.47142,3.42993,6.32262
71.42000,4.47324,3.43054,6.32256
71.44000,4.47502,3.43112,6.32251
71.46000,4.47675,3.43166,6.32246
71.48000,4.47843,3.43215,6.32243
71.50000,4.48007,3.43260,6.32241
71.52000,4.48166,3.43302,6.32240
71.54000,4.48322,3.43339,6.32239
71.56000,4.48472,3.43371,6.32240
71.58000,4.48618,3.43399,6.32242
71.60000,4.48760,3.43423,6.32245
71.62000,4.48898,3.43443,6.32248
71.64000,4.49032,3.43459,6.32253
71.66000,4.49162,3.43472,6.32259
71.68000,4.49288,3.43481,6.32266
71.70000,4.49410,3.43487,6.32274
71.72000,4.49529,3.43490,6.32283
71.74000,4.49644,3.43491,6.32292
71.76000,4.49756,3.43489,6.32303
71.78000,4.49863,3.43485,6.32314
71.80000,4.49966,3.43481,6.32325
71.82000,4.50065,3.43476,6.32338
71.84000,4.50160,3.43470,6.32350
71.86000,4.50251,3.43463,6.32363
71.88000,4.50337,3.43456,6.32377
71.90000,4.50417,3.43450,6.32390
71.92000,4.50492,3.43444,6.32404
71.94000,4.50562,3.43440,6.32418
71.96000,4.50627,3.43435,6.32431
71.98000,4.50686,3.43431,6.32445
72.00000,4.50738,3.43428,6.32458
72.02000,4.50785,3.43426,6.32472
72.04000,4.50827,3.43425,6.32485
72.06000,4.50864,3.43424,6.32497
72.08000,4.50895,3.43422,6.32510
72.10000,4.50921,3.43421,6.32522
72.12000,4.50942,3.43420,6.32533
72.14000,4.50960,3.43419,6.32545
72.16000,4.50973,3.43417,6.32555
72.18000,4.50982,3.43413,6.32566
72.20000,4.50989,3.43407,6.32576
72.22000,4.50992,3.43399,6.32586
72.24000,4.50994,3.43389,6.32595
72.26000,4.50994,3.43377,6.32604
72.28000,4.50991,3.43362,6.32612
72.30000,4.50987,3.43343,6.32621
72.32000,4.50982,3.43320,6.32629
72.34000,4.50977,3.43293,6.32638
72.36000,4.50970,3.43264,6.32646
72.38000,4.50961,3.43230,6.32655
72.40000,4.50953,3.43192,6.32663
72.42000,4.50944,3.43150,6.32672
72.44000,4.50935,3.43104,6.32681
72.46000,4.50925,3.43054,6.32691
72.48000,4.50914,3.43001,6.32701
72.50000,4.50902,3.42944,6.32711
72.52000,4.50890,3.42884,6.32722
72.54000,4.50877,3.42821,6.32734
72.56000,4.50863,3.42755,6.32746
72.58000,4.50848,3.42686,6.32759
72.60000,4.50832,3.42615,6.32772
72.62000,4.50815,3.42542,6.32787
72.64000,4.50797,3.42468,6.32802
72.66000,4.50779,3.42393,6.32817
72.68000,4.50759,3.42316,6.32834
72.70000,4.50738,3.42239,6.32851
72.72000,4.50716,3.42163,6.32869
72.74000,4.50693,3.42086,6.32888
72.76000,4.50669,3.42008,6.32907
72.78000,4.50643,3.41929,6.32927
72.80000,4.50615,3.41852,6.32948
72.82000,4.50586,3.41774,6.32969
72.84000,4.50556,3.41697,6.32990
72.86000,4.50524,3.41619,6.33012
72.88000,4.50490,3.41541,6.33034
72.90000,4.50453,3.41464,6.33057
72.92000,4.50414,3.41386,6.33080
72.94000,4.50373,3.41309,6.33102
72.96000,4.50330,3.41232,6.33125
72.98000,4.50286,3.41154,6.33148
73.00000,4.50239,3.41077,6.33170
73.02000,4.50190,3.41000,6.33192
73.04000,4.50139,3.40923,6.33214
73.06000,4.50086,3.40846,6.33235
73.08000,4.50032,3.40769,6.33256
73.10000,4.49977,3.40693,6.33277
73.12000,4.49920,3.40617,6.33296
73.14000,4.49863,3.40542,6.33316
73.16000,4.49804,3.40468,6.33334
73.18000,4.49745,3.40393,6.33352
73.20000,4.49684,3.40320,6.33369
73.22000,4.49624,3.40247,6.33385
73.24000,4.49562,3.40175,6.33400
73.26000,4.49501,3.40104,6.33415
73.28000,4.49440,3.40033,6.33428
73.30000,4.49380,3.39964,6.33441
73.32000,4.49320,3.39895,6.33453
73.34000,4.49261,3.39826,6.33465
73.36000,4.49202,3.39758,6.33475
73.38000,4.49143,3.39691,6.33485
73.40000,4.49087,3.39623,6.33495
73.42000,4.49031,3.39556,6.33504
73.44000,4.48976,3.39489,6.33512
73.46000,4.48922,3.39422,6.33520
73.48000,4.48871,3.39355,6.33527
73.50000,4.48821,3.39289,6.33534
73.52000,4.48773,3.39224,6.33541
73.54000,4.48726,3.39159,6.33548
73.56000,4.48682,3.39094,6.33554
73.58000,4.48640,3.39030,6.33560
73.60000,4.48601,3.38967,6.33567
73.62000,4.48564,3.38906,6.33573
73.64000,4.48529,3.38845,6.33579
73.66000,4.48496,3.38785,6.33585
73.68000,4.48465,3.38727,6.33591
73.70000,4.48437,3.38671,6.33597
73.72000,4.48410,3.38616,6.33604
73.74000,4.48385,3.38563,6.33610
73.76000,4.48362,3.38512,6.33616
73.78000,4.48340,3.38463,6.33622
73.80000,4.48319,3.38415,6.33628
73.82000,4.48298,3.38370,6.33634
73.84000,4.48279,3.38326,6.33640
73.86000,4.48260,3.38284,6.33646
73.88000,4.48241,3.38244,6.33651
73.90000,4.48223,3.38205,6.33657
73.92000,4.48204,3.38169,6.33663
73.94000,4.48186,3.38134,6.33668
73.96000,4.48168,3.38101,6.33673
73.98000,4.48151,3.38069,6.33678
74.00000,4.48134,3.38040,6.33683
74.02000,4.48117,3.38013,6.33687
74.04000,4.48101,3.37987,6.33691
74.06000,4.48085,3.37963,6.33695
74.08000,4.48071,3.37942,6.33698
74.10000,4.48058,3.37922,6.33700
74.12000,4.48045,3.37904,6.33702
74.14000,4.48035,3.37887,6.33703
74.16000,4.48025,3.37873,6.33703
74.18000,4.48017,3.37860,6.33703
74.20000,4.48011,3.37849,6.33702
74.22000,4.48007,3.37838,6.33700
74.24000,4.48005,3.37828,6.33697
74.26000,4.48004,3.37819,6.33692
74.28000,4.48005,3.37810,6.33687
74.30000,4.48008,3.37801,6.33681
74.32000,4.48012,3.37791,6.33674
74.34000,4.48019,3.37782,6.33665
74.36000,4.48026,3.37773,6.33656
74.38000,4.48035,3.37762,6.33645
74.40000,4.48043,3.37751,6.33633
74.42000,4.48052,3.37739,6.33620
74.44000,4.48060,3.37725,6.33605
74.46000,4.48069,3.37711,6.33590
74.48000,4.48076,3.37695,6.33573
74.50000,4.48080,3.37677,6.33556
74.52000,4.48083,3.37657,6.33537
74.54000,4.48083,3.37636,6.33517
74.56000,4.48083,3.37614,6.33497
74.58000,4.48079,3.37591,6.33475
74.60000,4.48072,3.37566,6.33452
74.62000,4.48062,3.37540,6.33429
74.64000,4.48049,3.37512,6.33405
74.66000,4.48035,3.37485,6.33380
74.68000,4.48017,3.37456,6.33354
74.70000,4.47996,3.37427,6.33328
74.72000,4.47973,3.37398,6.33301
74.74000,4.47948,3.37369,6.33273
74.76000,4.47920,3.37339,6.33245
74.78000,4.47891,3.37310,6.33217
74.80000,4.47861,3.37280,6.33188
74.82000,4.47830,3.37250,6.33158
74.84000,4.47798,3.37220,6.33129
74.86000,4.47766,3.37189,6.33099
74.88000,4.47733,3.37158,6.33069
74.90000,4.47701,3.37127,6.33038
74.92000,4.47669,3.37095,6.33008
74.94000,4.47638,3.37063,6.32977
74.96000,4.47607,3.37030,6.32945
74.98000,4.47577,3.36997,6.32913
75.00000,4.47547,3.36962,6.32881
75.02000,4.47518,3.36926,6.32848
75.04000,4.47490,3.36889,6.32814
75.06000,4.47462,3.36851,6.32780
75.08000,4.47435,3.36813,6.32745
75.10000,4.47408,3.36774,6.32710
75.12000,4.47381,3.36734,6.32673
75.14000,4.47355,3.36693,6.32636
75.16000,4.47328,3.36652,6.32597
75.18000,4.47302,3.36612,6.32558
75.20000,4.47275,3.36571,6.32517
75.22000,4.47248,3.36531,6.32475
75.24000,4.47220,3.36491,6.32433
75.26000,4.47193,3.36452,6.32388
75.28000,4.47165,3.36413,6.32343
75.30000,4.47139,3.36376,6.32297
75.32000,4.47112,3.36341,6.32249
75.34000,4.47084,3.36306,6.32201
75.36000,4.47058,3.36272,6.32152
75.38000,4.47032,3.36240,6.32101
75.40000,4.47006,3.36210,6.32051
75.42000,4.46981,3.36182,6.31999
75.44000,4.46957,3.36156,6.31947
75.46000,4.46933,3.36131,6.31894
75.48000,4.46909,3.36109,6.31841
75.50000,4.46885,3.36089,6.31789
75.52000,4.46862,3.36072,6.31736
75.54000,4.46838,3.36056,6.31683
75.56000,4.46815,3.36043,6.31631
75.58000,4.46791,3.36031,6.31580
75.60000,4.46767,3.36022,6.31529
75.62000,4.46742,3.36015,6.31480
75.64000,4.46716,3.36010,6.31432
75.66000,4.46690,3.36007,6.31385
75.68000,4.46662,3.36005,6.31340
75.70000,4.46633,3.36006,6.31296
75.72000,4.46604,3.36008,6.31255
75.74000,4.46573,3.36012,6.31215
75.76000,4.46542,3.36017,6.31178
75.78000,4.46509,3.36023,6.31142
75.80000,4.46475,3.36030,6.31110
75.82000,4.46440,3.36038,6.31079
75.84000,4.46404,3.36048,6.31051
75.86000,4.46367,3.36057,6.31026
75.88000,4.46329,3.36068,6.31003
75.90000,4.46291,3.36078,6.30983
75.92000,4.46252,3.36087,6.30966
75.94000,4.46212,3.36097,6.30952
75.96000,4.46172,3.36106,6.30940
75.98000,4.46132,3.36115,6.30930
76.00000,4.46091,3.36123,6.30924
76.02000,4.46051,3.36130,6.30920
76.04000,4.46010,3.36135,6.30919
76.06000,4.45969,3.36140,6.30920
76.08000,4.45929,3.36144,6.30925
76.10000,4.45889,3.36146,6.30932
76.12000,4.45849,3.36148,6.30941
76.14000,4.45810,3.36148,6.30953
76.16000,4.45772,3.36147,6.30968
76.18000,4.45735,3.36146,6.30985
76.20000,4.45698,3.36144,6.31005
76.22000,4.45662,3.36141,6.31027
76.24000,4.45626,3.36138,6.31052
76.26000,4.45591,3.36135,6.31079
76.28000,4.45556,3.36131,6.31108
76.30000,4.45522,3.36128,6.31139
76.32000,4.45487,3.36126,6.31172
76.34000,4.45452,3.36124,6.31207
76.36000,4.45417,3.36122,6.31243
76.38000,4.45381,3.36122,6.31281
76.40000,4.45344,3.36124,6.31321
76.42000,4.45305,3.36126,6.31362
76.44000,4.45266,3.36131,6.31404
76.46000,4.45227,3.36137,6.31447
76.48000,4.45186,3.36144,6.31491
76.50000,4.45145,3.36154,6.31536
76.52000,4.45103,3.36166,6.31581
76.54000,4.45060,3.36179,6.31627
76.56000,4.45017,3.36194,6.31673
76.58000,4.44973,3.36211,6.31719
76.60000,4.44930,3.36228,6.31766
76.62000,4.44886,3.36248,6.31812
76.64000,4.44843,3.36268,6.31858
76.66000,4.44800,3.36289,6.31903
76.68000,4.44758,3.36312,6.31948
76.70000,4.44717,3.36334,6.31992
76.72000,4.44677,3.36357,6.32036
76.74000,4.44637,3.36379,6.32078
76.76000,4.44598,3.36401,6.32119
76.78000,4.44560,3.36423,6.32159
76.80000,4.44523,3.36444,6.32198
76.82000,4.44487,3.36463,6.32236
76.84000,4.44453,3.36481,6.32272
76.86000,4.44420,3.36497,6.32307
76.88000,4.44388,3.36512,6.32341
76.90000,4.44358,3.36524,6.32373
76.92000,4.44329,3.36534,6.32405
76.94000,4.44303,3.36541,6.32434
76.96000,4.44278,3.36545,6.32463
76.98000,4.44255,3.36547,6.32490
77.00000,4.44234,3.36546,6.32516
77.02000,4.44215,3.36541,6.32541
77.04000,4.44198,3.36532,6.32564
77.06000,4.44184,3.36521,6.32587
77.08000,4.44172,3.36506,6.32608
77.10000,4.44162,3.36487,6.32629
77.12000,4.44155,3.36464,6.32649
77.14000,4.44151,3.36438,6.32668
77.16000,4.44149,3.36408,6.32686
77.18000,4.44149,3.36375,6.32703
77.20000,4.44152,3.36337,6.32720
77.22000,4.44158,3.36297,6.32737
77.24000,4.44167,3.36253,6.32753
77.26000,4.44178,3.36205,6.32769
77.28000,4.44191,3.36155,6.32784
77.30000,4.44207,3.36103,6.32800
77.32000,4.44225,3.36049,6.32815
77.34000,4.44245,3.35992,6.32830
77.36000,4.44267,3.35934,6.32845
77.38000,4.44290,3.35874,6.32860
77.40000,4.44315,3.35814,6.32875
77.42000,4.44341,3.35754,6.32889
77.44000,4.44368,3.35693,6.32904
77.46000,4.44395,3.35631,6.32918
77.48000,4.44423,3.35570,6.32932
77.50000,4.44451,3.35511,6.32946
77.52000,4.44479,3.35453,6.32960
77.54000,4.44506,3.35395,6.32973
77.56000,4.44533,3.35339,6.32986
77.58000,4.44560,3.35285,6.32998
77.60000,4.44586,3.35234,6.33010
77.62000,4.44612,3.35185,6.33022
77.64000,4.44637,3.35139,6.33033
77.66000,4.44661,3.35094,6.33043
77.68000,4.44686,3.35052,6.33053
77.70000,4.44710,3.35013,6.33063
77.72000,4.44734,3.34976,6.33072
77.74000,4.44758,3.34941,6.33080
77.76000,4.44782,3.34908,6.33088
77.78000,4.44807,3.34876,6.33096
77.80000,4.44832,3.34845,6.33103
77.82000,4.44857,3.34815,6.33109
77.84000,4.44883,3.34786,6.33116
77.86000,4.44909,3.34758,6.33122
77.88000,4.44936,3.34729,6.33128
77.90000,4.44963,3.34701,6.33134
77.92000,4.44992,3.34672,6.33139
77.94000,4.45022,3.34643,6.33145
77.96000,4.45052,3.34614,6.33151
77.98000,4.45084,3.34585,6.33156
78.00000,4.45116,3.34555,6.33161
78.02000,4.45149,3.34524,6.33167
78.04000,4.45183,3.34493,6.33172
78.06000,4.45218,3.34462,6.33177
78.08000,4.45252,3.34431,6.33182
78.10000,4.45287,3.34401,6.33187
78.12000,4.45322,3.34370,6.33192
78.14000,4.45357,3.34340,6.33196
78.16000,4.45391,3.34311,6.33200
78.18000,4.45425,3.34282,6.33205
78.20000,4.45457,3.34255,6.33209
78.22000,4.45487,3.34229,6.33213
78.24000,4.45516,3.34204,6.33218
78.26000,4.45543,3.34180,6.33222
78.28000,4.45568,3.34158,6.33227
78.30000,4.45589,3.34139,6.33233
78.32000,4.45606,3.34121,6.33239
78.34000,4.45620,3.34105,6.33245
78.36000,4.45631,3.34091,6.33252
78.38000,4.45638,3.34080,6.33260
78.40000,4.45641,3.34070,6.33269
78.42000,4.45638,3.34062,6.33278
78.44000,4.45632,3.34056,6.33288
78.46000,4.45622,3.34053,6.33299
78.48000,4.45608,3.34051,6.33311
78.50000,4.45589,3.34051,6.33324
78.52000,4.45566,3.34052,6.33337
78.54000,4.45539,3.34055,6.33351
78.56000,4.45509,3.34060,6.33366
78.58000,4.45475,3.34066,6.33381
78.60000,4.45439,3.34072,6.33398
78.62000,4.45399,3.34080,6.33414
78.64000,4.45358,3.34089,6.33432
78.66000,4.45314,3.34099,6.33449
78.68000,4.45269,3.34110,6.33468
78.70000,4.45224,3.34122,6.33486
78.72000,4.45178,3.34134,6.33505
78.74000,4.45130,3.34146,6.33524
78.76000,4.45082,3.34159,6.33543
78.78000,4.45034,3.34172,6.33563
78.80000,4.44986,3.34186,6.33582
78.82000,4.44939,3.34200,6.33602
78.84000,4.44893,3.34214,6.33622
78.86000,4.44846,3.34229,6.33642
78.88000,4.44801,3.34244,6.33662
78.90000,4.44757,3.34260,6.33682
78.92000,4.44714,3.34278,6.33703
78.94000,4.44672,3.34295,6.33724
78.96000,4.44630,3.34313,6.33745
78.98000,4.44589,3.34333,6.33766
79.00000,4.44550,3.34354,6.33787
79.02000,4.44512,3.34376,6.33809
79.04000,4.44475,3.34400,6.33831
79.06000,4.44439,3.34424,6.33853
79.08000,4.44405,3.34450,6.33875
79.10000,4.44373,3.34476,6.33898
79.12000,4.44343,3.34503,6.33920
79.14000,4.44314,3.34530,6.33943
79.16000,4.44288,3.34558,6.33966
79.18000,4.44263,3.34586,6.33989
79.20000,4.44240,3.34615,6.34012
79.22000,4.44220,3.34643,6.34035
79.24000,4.44201,3.34671,6.34057
79.26000,4.44185,3.34699,6.34079
79.28000,4.44171,3.34728,6.34101
79.30000,4.44158,3.34756,6.34122
79.32000,4.44148,3.34783,6.34142
79.34000,4.44139,3.34810,6.34161
79.36000,4.44132,3.34837,6.34180
79.38000,4.44127,3.34865,6.34197
79.40000,4.44123,3.34892,6.34214
79.42000,4.44121,3.34920,6.34229
79.44000,4.44120,3.34948,6.34243
79.46000,4.44120,3.34976,6.34256
79.48000,4.44121,3.35006,6.34268
79.50000,4.44123,3.35036,6.34279
79.52000,4.44125,3.35067,6.34289
79.54000,4.44128,3.35098,6.34297
79.56000,4.44131,3.35131,6.34304
79.58000,4.44134,3.35164,6.34310
79.60000,4.44138,3.35198,6.34314
79.62000,4.44141,3.35234,6.34318
79.64000,4.44143,3.35271,6.34320
79.66000,4.44146,3.35309,6.34321
79.68000,4.44148,3.35347,6.34322
79.70000,4.44149,3.35387,6.34321
79.72000,4.44149,3.35427,6.34319
79.74000,4.44148,3.35468,6.34317
79.76000,4.44147,3.35510,6.34313
79.78000,4.44145,3.35552,6.34309
79.80000,4.44141,3.35594,6.34304
79.82000,4.44136,3.35635,6.34299
79.84000,4.44131,3.35676,6.34293
79.86000,4.44125,3.35716,6.34286
79.88000,4.44117,3.35755,6.34278
79.90000,4.44109,3.35791,6.34270
79.92000,4.44099,3.35826,6.34262
79.94000,4.44089,3.35858,6.34253
79.96000,4.44078,3.35888,6.34244
79.98000,4.44065,3.35916,6.34235
80.00000,4.44052,3.35941,6.34226
80.02000,4.44038,3.35963,6.34216
80.04000,4.44024,3.35982,6.34207
80.06000,4.44009,3.35998,6.34197
80.08000,4.43993,3.36012,6.34188
80.10000,4.43977,3.36023,6.34178
80.12000,4.43962,3.36031,6.34168
80.14000,4.43945,3.36037,6.34158
80.16000,4.43929,3.36041,6.34148
80.18000,4.43912,3.36044,6.34138
80.20000,4.43895,3.36045,6.34127
80.22000,4.43879,3.36046,6.34117
80.24000,4.43862,3.36045,6.34107
80.26000,4.43845,3.36045,6.34096
80.28000,4.43828,3.36045,6.34086
80.30000,4.43811,3.36046,6.34076
80.32000,4.43794,3.36048,6.34066
80.34000,4.43777,3.36051,6.34056
80.36000,4.43759,3.36054,6.34046
80.38000,4.43742,3.36059,6.34036
80.40000,4.43724,3.36067,6.34027
80.42000,4.43706,3.36076,6.34018
80.44000,4.43688,3.36087,6.34009
80.46000,4.43671,3.36100,6.34000
80.48000,4.43653,3.36115,6.33992
80.50000,4.43637,3.36133,6.33984
80.52000,4.43621,3.36153,6.33976
80.54000,4.43605,3.36174,6.33968
80.56000,4.43590,3.36198,6.33960
80.58000,4.43576,3.36224,6.33953
80.60000,4.43563,3.36251,6.33945
80.62000,4.43552,3.36281,6.33938
80.64000,4.43542,3.36312,6.33931
80.66000,4.43533,3.36345,6.33923
80.68000,4.43526,3.36378,6.33916
80.70000,4.43521,3.36413,6.33908
80.72000,4.43518,3.36448,6.33900
80.74000,4.43516,3.36483,6.33892
80.76000,4.43516,3.36519,6.33884
80.78000,4.43518,3.36555,6.33875
80.80000,4.43522,3.36591,6.33866
80.82000,4.43527,3.36626,6.33857
80.84000,4.43534,3.36661,6.33847
80.86000,4.43542,3.36695,6.33836
80.88000,4.43552,3.36727,6.33824
80.90000,4.43562,3.36759,6.33812
80.92000,4.43573,3.36789,6.33799
80.94000,4.43585,3.36817,6.33785
80.96000,4.43598,3.36844,6.33771
80.98000,4.43611,3.36869,6.33755
81.00000,4.43624,3.36891,6.33739
81.02000,4.43638,3.36910,6.33722
81.04000,4.43652,3.36927,6.33704
81.06000,4.43666,3.36941,6.33686
81.08000,4.43680,3.36952,6.33666
81.10000,4.43694,3.36960,6.33646
81.12000,4.43706,3.36964,6.33626
81.14000,4.43718,3.36966,6.33605
81.16000,4.43730,3.36964,6.33584
81.18000,4.43740,3.36960,6.33562
81.20000,4.43748,3.36952,6.33540
81.22000,4.43754,3.36941,6.33518
81.24000,4.43758,3.36928,6.33496
81.26000,4.43761,3.36913,6.33473
81.28000,4.43761,3.36896,6.33451
81.30000,4.43757,3.36877,6.33429
81.32000,4.43750,3.36858,6.33407
81.34000,4.43741,3.36837,6.33386
81.36000,4.43728,3.36817,6.33364
81.38000,4.43713,3.36796,6.33343
81.40000,4.43693,3.36776,6.33323
81.42000,4.43671,3.36757,6.33302
81.44000,4.43645,3.36739,6.33283
81.46000,4.43615,3.36722,6.33263
81.48000,4.43583,3.36705,6.33244
81.50000,4.43548,3.36690,6.33225
81.52000,4.43510,3.36676,6.33207
81.54000,4.43468,3.36663,6.33189
81.56000,4.43424,3.36651,6.33171
81.58000,4.43377,3.36639,6.33154
81.60000,4.43328,3.36629,6.33137
81.62000,4.43277,3.36620,6.33120
81.64000,4.43224,3.36612,6.33104
81.66000,4.43170,3.36604,6.33087
81.68000,4.43114,3.36597,6.33072
81.70000,4.43057,3.36590,6.33056
81.72000,4.42999,3.36584,6.33041
81.74000,4.42941,3.36578,6.33027
81.76000,4.42882,3.36573,6.33012
81.78000,4.42823,3.36569,6.32998
81.80000,4.42763,3.36564,6.32985
81.82000,4.42704,3.36559,6.32971
81.84000,4.42645,3.36555,6.32959
81.86000,4.42586,3.36550,6.32946
81.88000,4.42528,3.36545,6.32934
81.90000,4.42471,3.36539,6.32922
81.92000,4.42414,3.36533,6.32911
81.94000,4.42358,3.36527,6.32900
81.96000,4.42303,3.36519,6.32889
81.98000,4.42248,3.36511,6.32879
82.00000,4.42194,3.36502,6.32869
82.02000,4.42142,3.36493,6.32858
82.04000,4.42090,3.36482,6.32848
82.06000,4.42039,3.36471,6.32838
82.08000,4.41988,3.36459,6.32827
82.10000,4.41939,3.36446,6.32817
82.12000,4.41891,3.36433,6.32806
82.14000,4.41844,3.36418,6.32794
82.16000,4.41799,3.36403,6.32782
82.18000,4.41754,3.36387,6.32769
82.20000,4.41711,3.36370,6.32756
82.22000,4.41670,3.36354,6.32741
82.24000,4.41629,3.36337,6.32726
82.26000,4.41590,3.36320,6.32710
82.28000,4.41553,3.36303,6.32692
82.30000,4.41516,3.36288,6.32674
82.32000,4.41482,3.36274,6.32654
82.34000,4.41449,3.36260,6.32633
82.36000,4.41417,3.36248,6.32611
82.38000,4.41386,3.36237,6.32588
82.40000,4.41356,3.36229,6.32563
82.42000,4.41327,3.36223,6.32537
82.44000,4.41299,3.36219,6.32509
82.46000,4.41271,3.36216,6.32480
82.48000,4.41245,3.36216,6.32449
82.50000,4.41218,3.36219,6.32418
82.52000,4.41193,3.36224,6.32384
82.54000,4.41168,3.36232,6.32350
82.56000,4.41143,3.36241,6.32314
82.58000,4.41118,3.36252,6.32277
82.60000,4.41094,3.36266,6.32239
82.62000,4.41070,3.36281,6.32199
82.64000,4.41046,3.36298,6.32158
82.66000,4.41022,3.36317,6.32116
82.68000,4.40998,3.36336,6.32073
82.70000,4.40973,3.36356,6.32029
82.72000,4.40948,3.36376,6.31984
82.74000,4.40923,3.36396,6.31938
82.76000,4.40897,3.36416,6.31891
82.78000,4.40871,3.36435,6.31843
82.80000,4.40843,3.36453,6.31795
82.82000,4.40815,3.36470,6.31745
82.84000,4.40785,3.36485,6.31695
82.86000,4.40755,3.36499,6.31645
82.88000,4.40724,3.36511,6.31594
82.90000,4.40693,3.36520,6.31543
82.92000,4.40660,3.36528,6.31491
82.94000,4.40627,3.36533,6.31440
82.96000,4.40593,3.36538,6.31389
82.98000,4.40559,3.36540,6.31338
83.00000,4.40525,3.36541,6.31287
83.02000,4.40490,3.36540,6.31238
83.04000,4.40455,3.36538,6.31189
83.06000,4.40421,3.36534,6.31141
83.08000,4.40387,3.36531,6.31094
83.10000,4.40353,3.36527,6.31049
83.12000,4.40320,3.36523,6.31005
83.14000,4.40288,3.36519,6.30962
83.16000,4.40256,3.36514,6.30921
83.18000,4.40225,3.36510,6.30881
83.20000,4.40195,3.36506,6.30843
83.22000,4.40168,3.36503,6.30806
83.24000,4.40141,3.36500,6.30771
83.26000,4.40115,3.36497,6.30737
83.28000,4.40091,3.36495,6.30705
83.30000,4.40068,3.36495,6.30674
83.32000,4.40048,3.36495,6.30644
83.34000,4.40029,3.36496,6.30616
83.36000,4.40011,3.36497,6.30589
83.38000,4.39995,3.36499,6.30563
83.40000,4.39982,3.36503,6.30538
83.42000,4.39969,3.36507,6.30515
83.44000,4.39958,3.36512,6.30493
83.46000,4.39949,3.36518,6.30472
83.48000,4.39941,3.36526,6.30452
83.50000,4.39934,3.36535,6.30433
83.52000,4.39928,3.36545,6.30415
83.54000,4.39924,3.36557,6.30397
83.56000,4.39921,3.36570,6.30380
83.58000,4.39918,3.36584,6.30363
83.60000,4.39917,3.36600,6.30347
83.62000,4.39916,3.36617,6.30332
83.64000,4.39916,3.36636,6.30316
83.66000,4.39917,3.36656,6.30301
83.68000,4.39917,3.36678,6.30286
83.70000,4.39917,3.36701,6.30272
83.72000,4.39916,3.36725,6.30257
83.74000,4.39915,3.36750,6.30242
83.76000,4.39913,3.36777,6.30227
83.78000,4.39911,3.36805,6.30212
83.80000,4.39906,3.36835,6.30196
83.82000,4.39899,3.36866,6.30180
83.84000,4.39890,3.36898,6.30164
83.86000,4.39881,3.36933,6.30146
83.88000,4.39869,3.36969,6.30129
83.90000,4.39855,3.37006,6.30110
83.92000,4.39839,3.37046,6.30090
83.94000,4.39820,3.37087,6.30069
83.96000,4.39801,3.37130,6.30048
83.98000,4.39779,3.37174,6.30025
84.00000,4.39756,3.37220,6.30000
84.02000,4.39732,3.37267,6.29975
84.04000,4.39706,3.37315,6.29948
84.06000,4.39679,3.37364,6.29919
84.08000,4.39652,3.37414,6.29889
84.10000,4.39625,3.37465,6.29858
84.12000,4.39598,3.37515,6.29825
84.14000,4.39571,3.37567,6.29791
84.16000,4.39543,3.37618,6.29756
84.18000,4.39516,3.37670,6.29720
84.20000,4.39490,3.37722,6.29683
84.22000,4.39465,3.37774,6.29645
84.24000,4.39440,3.37824,6.29607
84.26000,4.39416,3.37875,6.29567
84.28000,4.39393,3.37924,6.29528
84.30000,4.39372,3.37973,6.29488
84.32000,4.39353,3.38020,6.29448
84.34000,4.39335,3.38067,6.29408
84.36000,4.39319,3.38112,6.29369
84.38000,4.39305,3.38155,6.29330
84.40000,4.39293,3.38197,6.29291
84.42000,4.39284,3.38236,6.29254
84.44000,4.39277,3.38273,6.29217
84.46000,4.39271,3.38308,6.29181
84.48000,4.39268,3.38341,6.29146
84.50000,4.39267,3.38371,6.29113
84.52000,4.39268,3.38398,6.29081
84.54000,4.39271,3.38423,6.29050
84.56000,4.39276,3.38445,6.29021
84.58000,4.39283,3.38465,6.28993
84.60000,4.39292,3.38482,6.28966
84.62000,4.39302,3.38498,6.28941
84.64000,4.39315,3.38511,6.28917
84.66000,4.39329,3.38522,6.28895
84.68000,4.39345,3.38532,6.28873
84.70000,4.39363,3.38540,6.28853
84.72000,4.39383,3.38547,6.28834
84.74000,4.39404,3.38553,6.28816
84.76000,4.39428,3.38557,6.28799
84.78000,4.39454,3.38561,6.28783
84.80000,4.39482,3.38565,6.28768
84.82000,4.39513,3.38568,6.28754
84.84000,4.39546,3.38570,6.28740
84.86000,4.39580,3.38573,6.28728
84.88000,4.39616,3.38575,6.28716
84.90000,4.39654,3.38579,6.28706
84.92000,4.39694,3.38582,6.28696
84.94000,4.39735,3.38586,6.28687
84.96000,4.39777,3.38590,6.28679
84.98000,4.39821,3.38595,6.28673
85.00000,4.39864,3.38599,6.28667
85.02000,4.39908,3.38604,6.28663
85.04000,4.39951,3.38609,6.28660
85.06000,4.39995,3.38615,6.28659
85.08000,4.40038,3.38620,6.28658
85.10000,4.40080,3.38625,6.28660
85.12000,4.40122,3.38629,6.28662
85.14000,4.40162,3.38634,6.28667
85.16000,4.40202,3.38639,6.28673
85.18000,4.40242,3.38644,6.28680
85.20000,4.40281,3.38648,6.28689
85.22000,4.40319,3.38653,6.28699
85.24000,4.40356,3.38658,6.28711
85.26000,4.40393,3.38662,6.28725
85.28000,4.40429,3.38667,6.28739
85.30000,4.40465,3.38671,6.28756
85.32000,4.40500,3.38674,6.28773
85.34000,4.40535,3.38678,6.28792
85.36000,4.40570,3.38680,6.28813
85.38000,4.40604,3.38681,6.28834
85.40000,4.40638,3.38681,6.28857
85.42000,4.40671,3.38680,6.28881
85.44000,4.40704,3.38676,6.28905
85.46000,4.40736,3.38672,6.28930
85.48000,4.40768,3.38666,6.28957
85.50000,4.40799,3.38658,6.28983
85.52000,4.40828,3.38648,6.29010
85.54000,4.40857,3.38636,6.29038
85.56000,4.40884,3.38623,6.29065
85.58000,4.40911,3.38609,6.29093
85.60000,4.40937,3.38594,6.29121
85.62000,4.40961,3.38578,6.29149
85.64000,4.40984,3.38561,6.29176
85.66000,4.41007,3.38544,6.29203
85.68000,4.41029,3.38528,6.29230
85.70000,4.41049,3.38512,6.29256
85.72000,4.41070,3.38498,6.29283
85.74000,4.41088,3.38483,6.29308
85.76000,4.41106,3.38470,6.29333
85.78000,4.41123,3.38458,6.29358
85.80000,4.41141,3.38448,6.29382
85.82000,4.41159,3.38440,6.29406
85.84000,4.41177,3.38433,6.29429
85.86000,4.41195,3.38428,6.29451
85.88000,4.41213,3.38426,6.29472
85.90000,4.41233,3.38427,6.29493
85.92000,4.41253,3.38430,6.29513
85.94000,4.41275,3.38436,6.29531
85.96000,4.41297,3.38445,6.29550
85.98000,4.41321,3.38456,6.29567
86.00000,4.41347,3.38471,6.29583
86.02000,4.41374,3.38490,6.29599
86.04000,4.41403,3.38510,6.29614
86.06000,4.41433,3.38534,6.29628
86.08000,4.41465,3.38561,6.29641
86.10000,4.41499,3.38591,6.29654
86.12000,4.41535,3.38625,6.29667
86.14000,4.41572,3.38660,6.29678
86.16000,4.41610,3.38698,6.29689
86.18000,4.41650,3.38739,6.29700
86.20000,4.41691,3.38782,6.29710
86.22000,4.41734,3.38827,6.29719
86.24000,4.41777,3.38874,6.29729
86.26000,4.41822,3.38923,6.29737
86.28000,4.41868,3.38974,6.29745
86.30000,4.41915,3.39027,6.29753
86.32000,4.41963,3.39081,6.29760
86.34000,4.42011,3.39137,6.29766
86.36000,4.42060,3.39194,6.29772
86.38000,4.42110,3.39253,6.29778
86.40000,4.42161,3.39313,6.29783
86.42000,4.42212,3.39375,6.29788
86.44000,4.42263,3.39438,6.29793
86.46000,4.42315,3.39503,6.29798
86.48000,4.42366,3.39569,6.29802
86.50000,4.42417,3.39636,6.29805
86.52000,4.42467,3.39704,6.29809
86.54000,4.42518,3.39774,6.29813
86.56000,4.42568,3.39845,6.29816
86.58000,4.42618,3.39917,6.29819
86.60000,4.42666,3.39988,6.29822
86.62000,4.42713,3.40060,6.29825
86.64000,4.42760,3.40132,6.29829
86.66000,4.42805,3.40203,6.29832
86.68000,4.42848,3.40273,6.29835
86.70000,4.42889,3.40341,6.29839
86.72000,4.42927,3.40408,6.29843
86.74000,4.42964,3.40474,6.29847
86.76000,4.42999,3.40537,6.29851
86.78000,4.43030,3.40599,6.29855
86.80000,4.43057,3.40657,6.29859
86.82000,4.43081,3.40712,6.29864
86.84000,4.43103,3.40765,6.29869
86.86000,4.43121,3.40815,6.29874
86.88000,4.43136,3.40862,6.29878
86.90000,4.43147,3.40905,6.29883
86.92000,4.43154,3.40944,6.29888
86.94000,4.43159,3.40980,6.29893
86.96000,4.43160,3.41013,6.29898
86.98000,4.43159,3.41041,6.29902
87.00000,4.43155,3.41065,6.29907
87.02000,4.43148,3.41085,6.29911
87.04000,4.43139,3.41101,6.29914
87.06000,4.43129,3.41113,6.29917
87.08000,4.43117,3.41121,6.29920
87.10000,4.43104,3.41125,6.29922
87.12000,4.43091,3.41125,6.29924
87.14000,4.43076,3.41121,6.29926
87.16000,4.43060,3.41114,6.29928
87.18000,4.43044,3.41103,6.29929
87.20000,4.43029,3.41090,6.29930
87.22000,4.43013,3.41075,6.29931
87.24000,4.42997,3.41057,6.29932
87.26000,4.42981,3.41036,6.29934
87.28000,4.42965,3.41014,6.29935
87.30000,4.42949,3.40990,6.29937
87.32000,4.42933,3.40965,6.29939
87.34000,4.42917,3.40938,6.29941
87.36000,4.42901,3.40910,6.29944
87.38000,4.42885,3.40881,6.29948
87.40000,4.42868,3.40851,6.29952
87.42000,4.42851,3.40821,6.29958
87.44000,4.42833,3.40791,6.29964
87.46000,4.42814,3.40759,6.29972
87.48000,4.42795,3.40728,6.29980
87.50000,4.42776,3.40697,6.29990
87.52000,4.42755,3.40666,6.30000
87.54000,4.42733,3.40635,6.30012
87.56000,4.42711,3.40604,6.30025
87.58000,4.42688,3.40574,6.30039
87.60000,4.42664,3.40544,6.30054
87.62000,4.42640,3.40515,6.30069
87.64000,4.42615,3.40486,6.30086
87.66000,4.42590,3.40458,6.30103
87.68000,4.42565,3.40430,6.30121
87.70000,4.42540,3.40403,6.30140
87.72000,4.42515,3.40377,6.30159
87.74000,4.42491,3.40351,6.30179
87.76000,4.42467,3.40327,6.30198
87.78000,4.42443,3.40303,6.30218
87.80000,4.42421,3.40281,6.30238
87.82000,4.42400,3.40260,6.30258
87.84000,4.42380,3.40241,6.30277
87.86000,4.42361,3.40221,6.30297
87.88000,4.42343,3.40203,6.30316
87.90000,4.42327,3.40187,6.30334
87.92000,4.42314,3.40172,6.30353
87.94000,4.42302,3.40158,6.30370
87.96000,4.42291,3.40146,6.30388
87.98000,4.42282,3.40134,6.30405
88.00000,4.42275,3.40125,6.30421
88.02000,4.42269,3.40118,6.30437
88.04000,4.42265,3.40111,6.30452
88.06000,4.42262,3.40106,6.30467
88.08000,4.42261,3.40102,6.30481
88.10000,4.42261,3.40100,6.30495
88.12000,4.42262,3.40099,6.30508
88.14000,4.42264,3.40100,6.30520
88.16000,4.42268,3.40101,6.30531
88.18000,4.42273,3.40104,6.30542
88.20000,4.42278,3.40107,6.30551
88.22000,4.42285,3.40111,6.30560
88.24000,4.42292,3.40116,6.30567
88.26000,4.42301,3.40122,6.30573
88.28000,4.42311,3.40129,6.30578
88.30000,4.42323,3.40136,6.30582
88.32000,4.42335,3.40143,6.30584
88.34000,4.42348,3.40151,6.30585
88.36000,4.42362,3.40160,6.30585
88.38000,4.42377,3.40168,6.30583
88.40000,4.42393,3.40177,6.30580
88.42000,4.42411,3.40185,6.30576
88.44000,4.42429,3.40193,6.30570
88.46000,4.42448,3.40200,6.30563
88.48000,4.42468,3.40207,6.30555
88.50000,4.42489,3.40213,6.30545
88.52000,4.42512,3.40218,6.30534
88.54000,4.42536,3.40223,6.30522
88.56000,4.42561,3.40227,6.30508
88.58000,4.42587,3.40230,6.30493
88.60000,4.42613,3.40232,6.30477
88.62000,4.42640,3.40232,6.30459
88.64000,4.42668,3.40231,6.30440
88.66000,4.42697,3.40229,6.30419
88.68000,4.42726,3.40225,6.30397
88.70000,4.42755,3.40219,6.30374
88.72000,4.42784,3.40210,6.30350
88.74000,4.42814,3.40199,6.30324
88.76000,4.42844,3.40186,6.30296
88.78000,4.42874,3.40171,6.30268
88.80000,4.42903,3.40154,6.30238
88.82000,4.42932,3.40133,6.30206
88.84000,4.42962,3.40111,6.30174
88.86000,4.42990,3.40087,6.30140
88.88000,4.43018,3.40061,6.30105
88.90000,4.43045,3.40034,6.30069
88.92000,4.43071,3.40006,6.30033
88.94000,4.43096,3.39977,6.29995
88.96000,4.43120,3.39947,6.29957
88.98000,4.43144,3.39917,6.29918
89.00000,4.43167,3.39887,6.29879
89.02000,4.43189,3.39859,6.29839
89.04000,4.43209,3.39831,6.29799
89.06000,4.43228,3.39804,6.29759
89.08000,4.43247,3.39779,6.29719
89.10000,4.43265,3.39757,6.29679
89.12000,4.43282,3.39737,6.29640
89.14000,4.43297,3.39720,6.29601
89.16000,4.43312,3.39705,6.29562
89.18000,4.43327,3.39693,6.29523
89.20000,4.43341,3.39685,6.29486
89.22000,4.43354,3.39680,6.29449
89.24000,4.43367,3.39678,6.29413
89.26000,4.43379,3.39679,6.29378
89.28000,4.43391,3.39683,6.29345
89.30000,4.43403,3.39690,6.29312
89.32000,4.43414,3.39699,6.29280
89.34000,4.43425,3.39711,6.29249
89.36000,4.43437,3.39726,6.29219
89.38000,4.43449,3.39743,6.29191
89.40000,4.43462,3.39761,6.29164
89.42000,4.43476,3.39781,6.29138
89.44000,4.43491,3.39803,6.29114
89.46000,4.43507,3.39826,6.29091
89.48000,4.43524,3.39850,6.29069
89.50000,4.43543,3.39876,6.29049
89.52000,4.43564,3.39903,6.29030
89.54000,4.43586,3.39930,6.29013
89.56000,4.43611,3.39958,6.28998
89.58000,4.43637,3.39987,6.28983
89.60000,4.43665,3.40016,6.28971
89.62000,4.43695,3.40046,6.28960
89.64000,4.43726,3.40076,6.28950
89.66000,4.43759,3.40107,6.28942
89.68000,4.43793,3.40138,6.28935
89.70000,4.43829,3.40169,6.28930
89.72000,4.43865,3.40200,6.28926
89.74000,4.43904,3.40231,6.28923
89.76000,4.43943,3.40263,6.28922
89.78000,4.43983,3.40295,6.28922
89.80000,4.44023,3.40327,6.28923
89.82000,4.44065,3.40359,6.28926
89.84000,4.44107,3.40391,6.28929
89.86000,4.44149,3.40423,6.28934
89.88000,4.44192,3.40454,6.28940
89.90000,4.44233,3.40485,6.28947
89.92000,4.44275,3.40514,6.28955
89.94000,4.44316,3.40544,6.28963
89.96000,4.44356,3.40574,6.28973
89.98000,4.44395,3.40603,6.28983
90.00000,4.44432,3.40630,6.28993
90.02000,4.44467,3.40656,6.29004
90.04000,4.44500,3.40682,6.29015
90.06000,4.44532,3.40706,6.29026
90.08000,4.44560,3.40730,6.29037
90.10000,4.44585,3.40751,6.29049
90.12000,4.44607,3.40771,6.29060
90.14000,4.44626,3.40789,6.29071
90.16000,4.44642,3.40806,6.29082
90.18000,4.44654,3.40821,6.29093
90.20000,4.44663,3.40834,6.29103
90.22000,4.44669,3.40845,6.29113
90.24000,4.44671,3.40854,6.29122
90.26000,4.44671,3.40861,6.29131
90.28000,4.44667,3.40867,6.29139
90.30000,4.44660,3.40870,6.29147
90.32000,4.44651,3.40872,6.29154
90.34000,4.44638,3.40872,6.29161
90.36000,4.44623,3.40870,6.29167
90.38000,4.44605,3.40867,6.29172
90.40000,4.44585,3.40863,6.29177
90.42000,4.44563,3.40857,6.29181
90.44000,4.44538,3.40850,6.29184
90.46000,4.44512,3.40842,6.29187
90.48000,4.44484,3.40834,6.29189
90.50000,4.44455,3.40825,6.29191
90.52000,4.44425,3.40816,6.29192
90.54000,4.44393,3.40807,6.29192
90.56000,4.44360,3.40797,6.29192
90.58000,4.44326,3.40788,6.29191
90.60000,4.44292,3.40780,6.29190
90.62000,4.44258,3.40773,6.29189
90.64000,4.44223,3.40766,6.29187
90.66000,4.44188,3.40759,6.29185
90.68000,4.44153,3.40752,6.29183
90.70000,4.44117,3.40746,6.29181
90.72000,4.44082,3.40740,6.29179
90.74000,4.44046,3.40734,6.29178
90.76000,4.44010,3.40728,6.29176
90.78000,4.43974,3.40722,6.29175
90.80000,4.43939,3.40715,6.29174
90.82000,4.43904,3.40708,6.29174
90.84000,4.43869,3.40701,6.29175
90.86000,4.43836,3.40694,6.29177
90.88000,4.43804,3.40686,6.29179
90.90000,4.43773,3.40678,6.29183
90.92000,4.43744,3.40670,6.29187
90.94000,4.43716,3.40662,6.29193
90.96000,4.43689,3.40653,6.29200
90.98000,4.43664,3.40643,6.29208
91.00000,4.43639,3.40632,6.29217
91.02000,4.43617,3.40620,6.29228
91.04000,4.43595,3.40607,6.29240
91.06000,4.43574,3.40592,6.29253
91.08000,4.43553,3.40576,6.29268
91.10000,4.43532,3.40559,6.29285
91.12000,4.43512,3.40540,6.29303
91.14000,4.43491,3.40519,6.29323
91.16000,4.43471,3.40497,6.29344
91.18000,4.43450,3.40474,6.29367
91.20000,4.43429,3.40449,6.29392
91.22000,4.43407,3.40424,6.29418
91.24000,4.43384,3.40396,6.29447
91.26000,4.43360,3.40368,6.29477
91.28000,4.43336,3.40340,6.29509
91.30000,4.43309,3.40311,6.29542
91.32000,4.43282,3.40281,6.29578
91.34000,4.43253,3.40252,6.29615
91.36000,4.43223,3.40221,6.29655
91.38000,4.43192,3.40191,6.29695
91.40000,4.43160,3.40161,6.29738
91.42000,4.43126,3.40131,6.29782
91.44000,4.43091,3.40101,6.29828
91.46000,4.43054,3.40072,6.29875
91.48000,4.43017,3.40042,6.29924
91.50000,4.42979,3.40013,6.29974
91.52000,4.42939,3.39984,6.30025
91.54000,4.42898,3.39955,6.30077
91.56000,4.42856,3.39927,6.30131
91.58000,4.42813,3.39898,6.30185
91.60000,4.42770,3.39869,6.30241
91.62000,4.42727,3.39840,6.30297
91.64000,4.42683,3.39811,6.30353
91.66000,4.42639,3.39781,6.30411
91.68000,4.42595,3.39750,6.30469
91.70000,4.42550,3.39719,6.30527
91.72000,4.42507,3.39688,6.30586
91.74000,4.42463,3.39656,6.30646
91.76000,4.42420,3.39623,6.30705
91.78000,4.42377,3.39590,6.30766
91.80000,4.42335,3.39556,6.30826
91.82000,4.42294,3.39521,6.30887
91.84000,4.42253,3.39485,6.30948
91.86000,4.42213,3.39449,6.31010
91.88000,4.42175,3.39412,6.31072
91.90000,4.42137,3.39374,6.31134
91.92000,4.42101,3.39335,6.31196
91.94000,4.42065,3.39296,6.31259
91.96000,4.42031,3.39255,6.31321
91.98000,4.41999,3.39214,6.31384
92.00000,4.41968,3.39172,6.31447
92.02000,4.41939,3.39129,6.31509
92.04000,4.41911,3.39085,6.31572
92.06000,4.41884,3.39040,6.31634
92.08000,4.41860,3.38995,6.31696
92.10000,4.41838,3.38949,6.31758
92.12000,4.41819,3.38902,6.31819
92.14000,4.41801,3.38855,6.31880
92.16000,4.41786,3.38807,6.31940
92.18000,4.41775,3.38760,6.32000
92.20000,4.41766,3.38714,6.32060
92.22000,4.41760,3.38668,6.32119
92.24000,4.41757,3.38622,6.32177
92.26000,4.41757,3.38577,6.32235
92.28000,4.41760,3.38533,6.32292
92.30000,4.41767,3.38491,6.32349
92.32000,4.41777,3.38450,6.32405
92.34000,4.41789,3.38410,6.32460
92.36000,4.41804,3.38371,6.32515
92.38000,4.41821,3.38333,6.32568
92.40000,4.41842,3.38297,6.32621
92.42000,4.41865,3.38263,6.32672
92.44000,4.41891,3.38230,6.32722
92.46000,4.41919,3.38199,6.32771
92.48000,4.41949,3.38170,6.32819
92.50000,4.41980,3.38142,6.32865
92.52000,4.42012,3.38115,6.32910
92.54000,4.42046,3.38090,6.32953
92.56000,4.42081,3.38066,6.32994
92.58000,4.42116,3.38044,6.33034
92.60000,4.42151,3.38022,6.33073
92.62000,4.42186,3.38002,6.33110
92.64000,4.42220,3.37983,6.33145
92.66000,4.42255,3.37964,6.33179
92.68000,4.42288,3.37947,6.33212
92.70000,4.42321,3.37930,6.33244
92.72000,4.42352,3.37914,6.33274
92.74000,4.42382,3.37899,6.33303
92.76000,4.42411,3.37884,6.33331
92.78000,4.42439,3.37870,6.33358
92.80000,4.42465,3.37856,6.33384
92.82000,4.42489,3.37843,6.33408
92.84000,4.42512,3.37830,6.33432
92.86000,4.42533,3.37818,6.33455
92.88000,4.42553,3.37806,6.33477
92.90000,4.42570,3.37794,6.33498
92.92000,4.42585,3.37783,6.33518
92.94000,4.42598,3.37772,6.33537
92.96000,4.42609,3.37762,6.33555
92.98000,4.42618,3.37753,6.33573
93.00000,4.42624,3.37744,6.33589
93.02000,4.42627,3.37736,6.33605
93.04000,4.42627,3.37729,6.33620
93.06000,4.42625,3.37722,6.33634
93.08000,4.42619,3.37718,6.33647
93.10000,4.42609,3.37715,6.33660
93.12000,4.42596,3.37713,6.33672
93.14000,4.42578,3.37714,6.33684
93.16000,4.42558,3.37715,6.33694
93.18000,4.42533,3.37719,6.33705
93.20000,4.42505,3.37725,6.33714
93.22000,4.42473,3.37733,6.33723
93.24000,4.42437,3.37743,6.33732
93.26000,4.42399,3.37755,6.33740
93.28000,4.42357,3.37769,6.33748
93.30000,4.42313,3.37784,6.33755
93.32000,4.42267,3.37801,6.33762
93.34000,4.42218,3.37819,6.33768
93.36000,4.42166,3.37838,6.33774
93.38000,4.42114,3.37858,6.33779
93.40000,4.42061,3.37878,6.33783
93.42000,4.42008,3.37898,6.33787
93.44000,4.41955,3.37918,6.33790
93.46000,4.41901,3.37937,6.33792
93.48000,4.41848,3.37955,6.33794
93.50000,4.41796,3.37971,6.33795
93.52000,4.41745,3.37985,6.33795
93.54000,4.41696,3.37996,6.33795
93.56000,4.41648,3.38006,6.33795
93.58000,4.41602,3.38013,6.33793
93.60000,4.41558,3.38016,6.33791
93.62000,4.41517,3.38015,6.33789
93.64000,4.41478,3.38012,6.33786
93.66000,4.41441,3.38005,6.33783
93.68000,4.41406,3.37996,6.33779
93.70000,4.41374,3.37982,6.33775
93.72000,4.41344,3.37965,6.33770
93.74000,4.41316,3.37945,6.33766
93.76000,4.41290,3.37922,6.33761
93.78000,4.41267,3.37896,6.33756
93.80000,4.41245,3.37868,6.33752
93.82000,4.41226,3.37838,6.33747
93.84000,4.41209,3.37806,6.33743
93.86000,4.41194,3.37772,6.33739
93.88000,4.41181,3.37737,6.33736
93.90000,4.41170,3.37701,6.33733
93.92000,4.41161,3.37666,6.33730
93.94000,4.41153,3.37629,6.33728
93.96000,4.41146,3.37592,6.33727
93.98000,4.41141,3.37556,6.33726
94.00000,4.41137,3.37520,6.33726
94.02000,4.41134,3.37485,6.33727
94.04000,4.41132,3.37450,6.33728
94.06000,4.41130,3.37416,6.33730
94.08000,4.41129,3.37382,6.33732
94.10000,4.41129,3.37350,6.33735
94.12000,4.41130,3.37319,6.33739
94.14000,4.41130,3.37288,6.33743
94.16000,4.41131,3.37258,6.33748
94.18000,4.41132,3.37230,6.33753
94.20000,4.41133,3.37203,6.33758
94.22000,4.41135,3.37177,6.33763
94.24000,4.41136,3.37152,6.33769
94.26000,4.41137,3.37128,6.33774
94.28000,4.41139,3.37107,6.33779
94.30000,4.41141,3.37087,6.33784
94.32000,4.41143,3.37070,6.33789
94.34000,4.41144,3.37054,6.33793
94.36000,4.41146,3.37041,6.33797
94.38000,4.41149,3.37031,6.33800
94.40000,4.41151,3.37023,6.33802
94.42000,4.41154,3.37018,6.33804
94.44000,4.41157,3.37017,6.33806
94.46000,4.41159,3.37018,6.33806
94.48000,4.41162,3.37022,6.33806
94.50000,4.41165,3.37030,6.33805
94.52000,4.41168,3.37042,6.33803
94.54000,4.41171,3.37057,6.33801
94.56000,4.41175,3.37076,6.33797
94.58000,4.41178,3.37097,6.33793
94.60000,4.41181,3.37123,6.33787
94.62000,4.41184,3.37151,6.33780
94.64000,4.41187,3.37183,6.33772
94.66000,4.41189,3.37218,6.33763
94.68000,4.41192,3.37255,6.33753
94.70000,4.41193,3.37296,6.33742
94.72000,4.41195,3.37339,6.33729
94.74000,4.41196,3.37384,6.33715
94.76000,4.41196,3.37432,6.33700
94.78000,4.41196,3.37482,6.33684
94.80000,4.41196,3.37534,6.33666
94.82000,4.41194,3.37586,6.33646
94.84000,4.41191,3.37640,6.33626
94.86000,4.41188,3.37695,6.33603
94.88000,4.41183,3.37751,6.33580
94.90000,4.41176,3.37805,6.33555
94.92000,4.41168,3.37858,6.33528
94.94000,4.41158,3.37911,6.33500
94.96000,4.41147,3.37964,6.33471
94.98000,4.41135,3.38015,6.33440
95.00000,4.41121,3.38064,6.33408
95.02000,4.41106,3.38110,6.33375
95.04000,4.41090,3.38154,6.33340
95.06000,4.41074,3.38197,6.33304
95.08000,4.41057,3.38236,6.33267
95.10000,4.41039,3.38272,6.33228
95.12000,4.41021,3.38304,6.33189
95.14000,4.41003,3.38334,6.33148
95.16000,4.40986,3.38361,6.33107
95.18000,4.40969,3.38386,6.33064
95.20000,4.40953,3.38407,6.33021
95.22000,4.40937,3.38425,6.32977
95.24000,4.40923,3.38440,6.32932
95.26000,4.40910,3.38452,6.32886
95.28000,4.40898,3.38463,6.32840
95.30000,4.40887,3.38473,6.32794
95.32000,4.40878,3.38480,6.32748
95.34000,4.40869,3.38486,6.32702
95.36000,4.40862,3.38491,6.32655
95.38000,4.40856,3.38495,6.32610
95.40000,4.40853,3.38501,6.32564
95.42000,4.40850,3.38507,6.32520
95.44000,4.40849,3.38514,6.32476
95.46000,4.40849,3.38522,6.32434
95.48000,4.40850,3.38533,6.32392
95.50000,4.40852,3.38547,6.32351
95.52000,4.40856,3.38564,6.32312
95.54000,4.40860,3.38584,6.32274
95.56000,4.40864,3.38606,6.32238
95.58000,4.40870,3.38631,6.32203
95.60000,4.40875,3.38660,6.32169
95.62000,4.40881,3.38692,6.32137
95.64000,4.40887,3.38727,6.32107
95.66000,4.40893,3.38764,6.32079
95.68000,4.40899,3.38806,6.32052
95.70000,4.40905,3.38850,6.32026
95.72000,4.40911,3.38898,6.32002
95.74000,4.40916,3.38949,6.31980
95.76000,4.40921,3.39003,6.31960
95.78000,4.40925,3.39061,6.31941
95.80000,4.40929,3.39121,6.31923
95.82000,4.40932,3.39184,6.31908
95.84000,4.40935,3.39249,6.31893
95.86000,4.40938,3.39317,6.31880
95.88000,4.40940,3.39388,6.31868
95.90000,4.40943,3.39461,6.31857
95.92000,4.40945,3.39536,6.31847
95.94000,4.40947,3.39613,6.31838
95.96000,4.40949,3.39691,6.31830
95.98000,4.40952,3.39772,6.31822
96.00000,4.40955,3.39854,6.31816
96.02000,4.40958,3.39937,6.31810
96.04000,4.40962,3.40021,6.31805
96.06000,4.40966,3.40106,6.31801
96.08000,4.40971,3.40193,6.31797
96.10000,4.40976,3.40279,6.31794
96.12000,4.40982,3.40365,6.31791
96.14000,4.40989,3.40452,6.31789
96.16000,4.40997,3.40539,6.31787
96.18000,4.41005,3.40626,6.31786
96.20000,4.41014,3.40713,6.31785
96.22000,4.41024,3.40799,6.31784
96.24000,4.41035,3.40885,6.31784
96.26000,4.41047,3.40971,6.31785
96.28000,4.41059,3.41057,6.31785
96.30000,4.41072,3.41142,6.31787
96.32000,4.41085,3.41226,6.31788
96.34000,4.41099,3.41310,6.31790
96.36000,4.41113,3.41394,6.31792
96.38000,4.41128,3.41478,6.31795
96.40000,4.41143,3.41562,6.31798
96.42000,4.41158,3.41645,6.31800
96.44000,4.41173,3.41728,6.31803
96.46000,4.41189,3.41811,6.31806
96.48000,4.41204,3.41894,6.31810
96.50000,4.41218,3.41978,6.31812
96.52000,4.41233,3.42061,6.31815
96.54000,4.41246,3.42144,6.31818
96.56000,4.41260,3.42227,6.31820
96.58000,4.41272,3.42310,6.31822
96.60000,4.41283,3.42392,6.31823
96.62000,4.41292,3.42475,6.31824
96.64000,4.41301,3.42557,6.31824
96.66000,4.41307,3.42639,6.31823
96.68000,4.41313,3.42720,6.31821
96.70000,4.41316,3.42800,6.31819
96.72000,4.41318,3.42879,6.31816
96.74000,4.41318,3.42958,6.31812
96.76000,4.41317,3.43035,6.31807
96.78000,4.41315,3.43110,6.31801
96.80000,4.41311,3.43183,6.31794
96.82000,4.41306,3.43254,6.31786
96.84000,4.41301,3.43323,6.31777
96.86000,4.41294,3.43390,6.31768
96.88000,4.41288,3.43454,6.31757
96.90000,4.41281,3.43516,6.31746
96.92000,4.41273,3.43573,6.31734
96.94000,4.41266,3.43629,6.31722
96.96000,4.41258,3.43682,6.31709
96.98000,4.41251,3.43731,6.31696
97.00000,4.41244,3.43777,6.31683
97.02000,4.41238,3.43819,6.31670
97.04000,4.41232,3.43858,6.31657
97.06000,4.41226,3.43893,6.31644
97.08000,4.41222,3.43925,6.31631
97.10000,4.41219,3.43952,6.31620
97.12000,4.41218,3.43975,6.31609
97.14000,4.41217,3.43994,6.31599
97.16000,4.41218,3.44009,6.31590
97.18000,4.41221,3.44020,6.31582
97.20000,4.41226,3.44026,6.31576
97.22000,4.41232,3.44028,6.31571
97.24000,4.41240,3.44026,6.31568
97.26000,4.41250,3.44019,6.31566
97.28000,4.41261,3.44009,6.31566
97.30000,4.41275,3.43994,6.31567
97.32000,4.41291,3.43975,6.31570
97.34000,4.41308,3.43953,6.31575
97.36000,4.41327,3.43926,6.31581
97.38000,4.41348,3.43895,6.31590
97.40000,4.41370,3.43860,6.31600
97.42000,4.41394,3.43822,6.31611
97.44000,4.41419,3.43781,6.31624
97.46000,4.41445,3.43736,6.31639
97.48000,4.41471,3.43689,6.31656
97.50000,4.41498,3.43639,6.31673
97.52000,4.41525,3.43588,6.31693
97.54000,4.41551,3.43534,6.31714
97.56000,4.41578,3.43478,6.31736
97.58000,4.41603,3.43421,6.31759
97.60000,4.41628,3.43364,6.31784
97.62000,4.41651,3.43305,6.31810
97.64000,4.41673,3.43246,6.31837
97.66000,4.41694,3.43185,6.31865
97.68000,4.41714,3.43124,6.31894
97.70000,4.41732,3.43063,6.31925
97.72000,4.41748,3.43002,6.31956
97.74000,4.41763,3.42940,6.31988
97.76000,4.41777,3.42877,6.32022
97.78000,4.41789,3.42814,6.32056
97.80000,4.41800,3.42751,6.32091
97.82000,4.41810,3.42688,6.32127
97.84000,4.41818,3.42625,6.32164
97.86000,4.41825,3.42562,6.32201
97.88000,4.41831,3.42499,6.32239
97.90000,4.41836,3.42437,6.32278
97.92000,4.41841,3.42375,6.32317
97.94000,4.41845,3.42314,6.32357
97.96000,4.41848,3.42252,6.32397
97.98000,4.41851,3.42191,6.32438
98.00000,4.41854,3.42130,6.32479
98.02000,4.41858,3.42070,6.32520
98.04000,4.41861,3.42009,6.32561
98.06000,4.41864,3.41949,6.32603
98.08000,4.41868,3.41889,6.32645
98.10000,4.41872,3.41830,6.32687
98.12000,4.41877,3.41770,6.32729
98.14000,4.41881,3.41710,6.32771
98.16000,4.41887,3.41650,6.32812
98.18000,4.41892,3.41590,6.32854
98.20000,4.41898,3.41529,6.32896
98.22000,4.41905,3.41467,6.32938
98.24000,4.41912,3.41405,6.32979
98.26000,4.41919,3.41341,6.33020
98.28000,4.41926,3.41278,6.33061
98.30000,4.41934,3.41213,6.33102
98.32000,4.41941,3.41148,6.33142
98.34000,4.41949,3.41082,6.33183
98.36000,4.41957,3.41015,6.33223
98.38000,4.41964,3.40948,6.33263
98.40000,4.41971,3.40880,6.33303
98.42000,4.41977,3.40810,6.33343
98.44000,4.41982,3.40741,6.33383
98.46000,4.41987,3.40671,6.33423
98.48000,4.41992,3.40600,6.33464
98.50000,4.41995,3.40528,6.33505
98.52000,4.41997,3.40455,6.33546
98.54000,4.41997,3.40381,6.33587
98.56000,4.41997,3.40307,6.33628
98.58000,4.41996,3.40231,6.33670
98.60000,4.41994,3.40155,6.33712
98.62000,4.41991,3.40078,6.33754
98.64000,4.41986,3.40000,6.33797
98.66000,4.41982,3.39921,6.33839
98.68000,4.41977,3.39841,6.33882
98.70000,4.41973,3.39761,6.33925
98.72000,4.41968,3.39680,6.33968
98.74000,4.41964,3.39598,6.34010
98.76000,4.41960,3.39516,6.34053
98.78000,4.41957,3.39433,6.34095
98.80000,4.41955,3.39351,6.34138
98.82000,4.41954,3.39267,6.34180
98.84000,4.41953,3.39183,6.34222
98.86000,4.41954,3.39099,6.34264
98.88000,4.41955,3.39014,6.34305
98.90000,4.41958,3.38929,6.34346
98.92000,4.41963,3.38843,6.34386
98.94000,4.41969,3.38758,6.34427
98.96000,4.41975,3.38671,6.34466
98.98000,4.41984,3.38585,6.34505
99.00000,4.41994,3.38497,6.34544
99.02000,4.42005,3.38409,6.34582
99.04000,4.42017,3.38320,6.34619
99.06000,4.42031,3.38231,6.34656
99.08000,4.42046,3.38141,6.34692
99.10000,4.42063,3.38052,6.34728
99.12000,4.42081,3.37961,6.34763
99.14000,4.42100,3.37870,6.34797
99.16000,4.42120,3.37779,6.34831
99.18000,4.42141,3.37688,6.34865
99.20000,4.42163,3.37597,6.34898
99.22000,4.42187,3.37507,6.34930
99.24000,4.42212,3.37417,6.34962
99.26000,4.42238,3.37327,6.34993
99.28000,4.42265,3.37239,6.35023
99.30000,4.42294,3.37152,6.35053
99.32000,4.42324,3.37066,6.35082
99.34000,4.42356,3.36981,6.35110
99.36000,4.42389,3.36898,6.35138
99.38000,4.42424,3.36816,6.35165
99.40000,4.42460,3.36736,6.35191
99.42000,4.42498,3.36658,6.35216
99.44000,4.42536,3.36582,6.35240
99.46000,4.42576,3.36508,6.35264
99.48000,4.42617,3.36435,6.35286
99.50000,4.42658,3.36365,6.35308
99.52000,4.42699,3.36297,6.35328
99.54000,4.42739,3.36230,6.35348
99.56000,4.42780,3.36166,6.35367
99.58000,4.42820,3.36105,6.35386
99.60000,4.42859,3.36046,6.35403
99.62000,4.42896,3.35989,6.35420
99.64000,4.42933,3.35935,6.35436
99.66000,4.42968,3.35884,6.35452
99.68000,4.43002,3.35836,6.35467
99.70000,4.43033,3.35791,6.35482
99.72000,4.43062,3.35749,6.35497
99.74000,4.43090,3.35711,6.35512
99.76000,4.43115,3.35676,6.35528
99.78000,4.43139,3.35646,6.35543
99.80000,4.43160,3.35619,6.35559
99.82000,4.43179,3.35596,6.35576
99.84000,4.43195,3.35576,6.35593
99.86000,4.43209,3.35561,6.35611
99.88000,4.43221,3.35548,6.35631
99.90000,4.43231,3.35538,6.35651
99.92000,4.43238,3.35531,6.35673
99.94000,4.43244,3.35528,6.35696
99.96000,4.43248,3.35526,6.35720
99.98000,4.43250,3.35527,6.35746
100.00000,4.43251,3.35529,6.35773
100.02000,4.43251,3.35532,6.35802
100.04000,4.43250,3.35536,6.35832
100.06000,4.43248,3.35541,6.35864
100.08000,4.43246,3.35547,6.35897
100.10000,4.43244,3.35552,6.35932
100.12000,4.43241,3.35557,6.35968
100.14000,4.43239,3.35561,6.36005
100.16000,4.43237,3.35565,6.36043
100.18000,4.43236,3.35567,6.36082
100.20000,4.43235,3.35568,6.36122
100.22000,4.43235,3.35566,6.36163
100.24000,4.43236,3.35563,6.36205
100.26000,4.43237,3.35558,6.36248
100.28000,4.43240,3.35550,6.36291
100.30000,4.43244,3.35539,6.36335
100.32000,4.43248,3.35526,6.36380
100.34000,4.43254,3.35510,6.36425
100.36000,4.43261,3.35491,6.36471
100.38000,4.43269,3.35470,6.36517
100.40000,4.43279,3.35445,6.36564
100.42000,4.43291,3.35418,6.36610
100.44000,4.43304,3.35389,6.36657
100.46000,4.43319,3.35357,6.36705
100.48000,4.43335,3.35324,6.36752
100.50000,4.43353,3.35288,6.36799
100.52000,4.43373,3.35251,6.36845
100.54000,4.43394,3.35213,6.36892
100.56000,4.43417,3.35173,6.36938
100.58000,4.43442,3.35131,6.36983
100.60000,4.43469,3.35089,6.37027
100.62000,4.43497,3.35045,6.37071
100.64000,4.43526,3.35000,6.37113
100.66000,4.43557,3.34953,6.37155
100.68000,4.43589,3.34906,6.37195
100.70000,4.43622,3.34858,6.37234
100.72000,4.43656,3.34809,6.37272
100.74000,4.43690,3.34759,6.37309
100.76000,4.43726,3.34709,6.37344
100.78000,4.43762,3.34657,6.37378
100.80000,4.43798,3.34605,6.37411
100.82000,4.43834,3.34552,6.37442
100.84000,4.43870,3.34499,6.37471
100.86000,4.43906,3.34445,6.37499
100.88000,4.43941,3.34391,6.37525
100.90000,4.43976,3.34336,6.37549
100.92000,4.44009,3.34281,6.37572
100.94000,4.44042,3.34226,6.37592
100.96000,4.44074,3.34170,6.37611
100.98000,4.44105,3.34114,6.37627
101.00000,4.44134,3.34058,6.37641
101.02000,4.44161,3.34001,6.37653
101.04000,4.44187,3.33945,6.37662
101.06000,4.44210,3.33888,6.37669
101.08000,4.44231,3.33832,6.37673
101.10000,4.44248,3.33775,6.37675
101.12000,4.44262,3.33719,6.37674
101.14000,4.44273,3.33664,6.37670
101.16000,4.44282,3.33609,6.37664
101.18000,4.44287,3.33555,6.37656
101.20000,4.44288,3.33502,6.37644
101.22000,4.44287,3.33451,6.37631
101.24000,4.44282,3.33401,6.37614
101.26000,4.44274,3.33353,6.37596
101.28000,4.44263,3.33307,6.37575
101.30000,4.44250,3.33263,6.37552
101.32000,4.44234,3.33221,6.37527
101.34000,4.44216,3.33181,6.37499
101.36000,4.44196,3.33143,6.37470
101.38000,4.44175,3.33108,6.37440
101.40000,4.44152,3.33075,6.37407
101.42000,4.44129,3.33045,6.37374
101.44000,4.44105,3.33017,6.37339
101.46000,4.44079,3.32991,6.37303
101.48000,4.44054,3.32968,6.37265
101.50000,4.44028,3.32947,6.37227
101.52000,4.44003,3.32929,6.37188
101.54000,4.43977,3.32912,6.37148
101.56000,4.43950,3.32897,6.37107
101.58000,4.43923,3.32884,6.37066
101.60000,4.43897,3.32873,6.37024
101.62000,4.43870,3.32863,6.36983
101.64000,4.43844,3.32854,6.36941
101.66000,4.43817,3.32846,6.36899
101.68000,4.43790,3.32839,6.36857
101.70000,4.43763,3.32832,6.36815
101.72000,4.43736,3.32826,6.36774
101.74000,4.43709,3.32820,6.36733
101.76000,4.43683,3.32814,6.36692
101.78000,4.43656,3.32808,6.36652
101.80000,4.43629,3.32802,6.36613
101.82000,4.43603,3.32796,6.36574
101.84000,4.43577,3.32790,6.36536
101.86000,4.43552,3.32784,6.36499
101.88000,4.43527,3.32779,6.36463
101.90000,4.43502,3.32773,6.36427
101.92000,4.43478,3.32767,6.36393
101.94000,4.43454,3.32761,6.36359
101.96000,4.43431,3.32755,6.36327
101.98000,4.43408,3.32749,6.36295
102.00000,4.43385,3.32743,6.36265
102.02000,4.43363,3.32736,6.36235
102.04000,4.43340,3.32730,6.36207
102.06000,4.43317,3.32724,6.36180
102.08000,4.43295,3.32718,6.36154
102.10000,4.43272,3.32712,6.36130
102.12000,4.43250,3.32708,6.36106
102.14000,4.43228,3.32703,6.36084
102.16000,4.43206,3.32700,6.36063
102.18000,4.43185,3.32698,6.36043
102.20000,4.43163,3.32697,6.36024
102.22000,4.43141,3.32698,6.36006
102.24000,4.43119,3.32699,6.35990
102.26000,4.43098,3.32702,6.35974
102.28000,4.43076,3.32707,6.35959
102.30000,4.43054,3.32712,6.35946
102.32000,4.43032,3.32719,6.35933
102.34000,4.43010,3.32728,6.35922
102.36000,4.42987,3.32738,6.35911
102.38000,4.42965,3.32749,6.35902
102.40000,4.42943,3.32762,6.35893
102.42000,4.42921,3.32775,6.35885
102.44000,4.42899,3.32790,6.35878
102.46000,4.42876,3.32807,6.35872
102.48000,4.42854,3.32825,6.35867
102.50000,4.42832,3.32846,6.35861
102.52000,4.42811,3.32868,6.35857
102.54000,4.42789,3.32892,6.35852
102.56000,4.42768,3.32919,6.35848
102.58000,4.42748,3.32949,6.35844
102.60000,4.42729,3.32982,6.35840
102.62000,4.42711,3.33019,6.35836
102.64000,4.42694,3.33059,6.35832
102.66000,4.42678,3.33103,6.35828
102.68000,4.42663,3.33150,6.35823
102.70000,4.42651,3.33201,6.35818
102.72000,4.42641,3.33257,6.35813
102.74000,4.42632,3.33316,6.35807
102.76000,4.42626,3.33378,6.35800
102.78000,4.42621,3.33444,6.35793
102.80000,4.42619,3.33513,6.35785
102.82000,4.42619,3.33586,6.35776
102.84000,4.42622,3.33662,6.35767
102.86000,4.42626,3.33740,6.35757
102.88000,4.42632,3.33820,6.35745
102.90000,4.42641,3.33902,6.35734
102.92000,4.42651,3.33985,6.35721
102.94000,4.42664,3.34069,6.35708
102.96000,4.42679,3.34154,6.35694
102.98000,4.42696,3.34239,6.35680
103.00000,4.42715,3.34323,6.35665
103.02000,4.42736,3.34406,6.35650
103.04000,4.42759,3.34488,6.35634
103.06000,4.42784,3.34569,6.35618
103.08000,4.42811,3.34648,6.35602
103.10000,4.42840,3.34725,6.35585
103.12000,4.42869,3.34798,6.35569
103.14000,4.42900,3.34869,6.35552
103.16000,4.42933,3.34939,6.35535
103.18000,4.42967,3.35006,6.35517
103.20000,4.43002,3.35069,6.35500
103.22000,4.43038,3.35129,6.35482
103.24000,4.43074,3.35187,6.35464
103.26000,4.43111,3.35242,6.35445
103.28000,4.43149,3.35295,6.35427
103.30000,4.43186,3.35346,6.35408
103.32000,4.43224,3.35394,6.35389
103.34000,4.43261,3.35439,6.35369
103.36000,4.43298,3.35483,6.35349
103.38000,4.43335,3.35526,6.35328
103.40000,4.43371,3.35567,6.35307
103.42000,4.43405,3.35606,6.35285
103.44000,4.43438,3.35644,6.35263
103.46000,4.43469,3.35681,6.35241
103.48000,4.43499,3.35718,6.35218
103.50000,4.43526,3.35753,6.35195
103.52000,4.43551,3.35789,6.35171
103.54000,4.43574,3.35824,6.35148
103.56000,4.43595,3.35859,6.35124
103.58000,4.43613,3.35893,6.35099
103.60000,4.43628,3.35926,6.35075
103.62000,4.43640,3.35960,6.35051
103.64000,4.43649,3.35992,6.35027
103.66000,4.43655,3.36023,6.35003
103.68000,4.43659,3.36054,6.34979
103.70000,4.43660,3.36085,6.34955
103.72000,4.43658,3.36115,6.34932
103.74000,4.43654,3.36143,6.34909
103.76000,4.43647,3.36172,6.34886
103.78000,4.43638,3.36200,6.34864
103.80000,4.43627,3.36228,6.34843
103.82000,4.43613,3.36255,6.34822
103.84000,4.43598,3.36282,6.34801
103.86000,4.43581,3.36310,6.34780
103.88000,4.43563,3.36338,6.34760
103.90000,4.43545,3.36367,6.34741
103.92000,4.43525,3.36397,6.34721
103.94000,4.43505,3.36428,6.34702
103.96000,4.43483,3.36460,6.34683
103.98000,4.43462,3.36493,6.34664
104.00000,4.43441,3.36530,6.34646
104.02000,4.43421,3.36568,6.34627
104.04000,4.43401,3.36608,6.34608
104.06000,4.43381,3.36651,6.34590
104.08000,4.43362,3.36695,6.34571
104.10000,4.43344,3.36743,6.34552
104.12000,4.43326,3.36794,6.34532
104.14000,4.43310,3.36847,6.34512
104.16000,4.43294,3.36902,6.34492
104.18000,4.43278,3.36960,6.34472
104.20000,4.43264,3.37020,6.34450
104.22000,4.43250,3.37083,6.34428
104.24000,4.43237,3.37147,6.34406
104.26000,4.43224,3.37213,6.34382
104.28000,4.43211,3.37280,6.34358
104.30000,4.43199,3.37348,6.34333
104.32000,4.43186,3.37417,6.34308
104.34000,4.43174,3.37487,6.34281
104.36000,4.43162,3.37557,6.34254
104.38000,4.43149,3.37626,6.34227
104.40000,4.43137,3.37694,6.34198
104.42000,4.43123,3.37761,6.34170
104.44000,4.43111,3.37827,6.34141
104.46000,4.43098,3.37892,6.34112
104.48000,4.43084,3.37955,6.34082
104.50000,4.43070,3.38015,6.34052
104.52000,4.43056,3.38072,6.34023
104.54000,4.43043,3.38127,6.33993
104.56000,4.43029,3.38180,6.33963
104.58000,4.43015,3.38230,6.33934
104.60000,4.42999,3.38277,6.33905
104.62000,4.42984,3.38320,6.33877
104.64000,4.42968,3.38361,6.33849
104.66000,4.42951,3.38399,6.33822
104.68000,4.42934,3.38435,6.33795
104.70000,4.42915,3.38468,6.33769
104.72000,4.42895,3.38499,6.33744
104.74000,4.42874,3.38527,6.33719
104.76000,4.42851,3.38554,6.33695
104.78000,4.42828,3.38579,6.33672
104.80000,4.42803,3.38603,6.33650
104.82000,4.42776,3.38626,6.33628
104.84000,4.42748,3.38648,6.33608
104.86000,4.42719,3.38669,6.33587
104.88000,4.42689,3.38690,6.33568
104.90000,4.42656,3.38711,6.33549
104.92000,4.42621,3.38732,6.33530
104.94000,4.42585,3.38753,6.33512
104.96000,4.42548,3.38774,6.33494
104.98000,4.42509,3.38795,6.33477
105.00000,4.42468,3.38816,6.33459
