t_since_nmpc_handoff_s,x_enu_m,y_enu_m,z_enu_m
-1.99299,-0.01427,-0.01637,1.32096
-1.97299,-0.01167,-0.01619,1.32319
-1.95299,-0.00843,-0.01587,1.32533
-1.93299,-0.00456,-0.01541,1.32738
-1.91299,-0.00007,-0.01481,1.32935
-1.89299,0.00502,-0.01408,1.33123
-1.87299,0.01069,-0.01322,1.33303
-1.85299,0.01694,-0.01223,1.33474
-1.83299,0.02374,-0.01111,1.33638
-1.81299,0.03108,-0.00986,1.33794
-1.79299,0.03894,-0.00850,1.33944
-1.77299,0.04730,-0.00702,1.34087
-1.75299,0.05615,-0.00543,1.34225
-1.73299,0.06545,-0.00374,1.34357
-1.71299,0.07521,-0.00194,1.34484
-1.69299,0.08539,-0.00005,1.34606
-1.67299,0.09597,0.00193,1.34725
-1.65299,0.10694,0.00400,1.34840
-1.63299,0.11827,0.00616,1.34952
-1.61299,0.12994,0.00839,1.35062
-1.59299,0.14194,0.01070,1.35169
-1.57299,0.15425,0.01307,1.35273
-1.55299,0.16684,0.01551,1.35376
-1.53299,0.17970,0.01800,1.35478
-1.51299,0.19280,0.02054,1.35578
-1.49299,0.20614,0.02313,1.35677
-1.47299,0.21968,0.02575,1.35776
-1.45299,0.23342,0.02841,1.35874
-1.43299,0.24734,0.03110,1.35971
-1.41299,0.26141,0.03380,1.36069
-1.39299,0.27561,0.03652,1.36166
-1.37299,0.28994,0.03924,1.36263
-1.35299,0.30436,0.04197,1.36360
-1.33299,0.31888,0.04470,1.36456
-1.31299,0.33346,0.04741,1.36553
-1.29299,0.34810,0.05012,1.36650
-1.27299,0.36278,0.05280,1.36746
-1.25299,0.37749,0.05546,1.36843
-1.23299,0.39220,0.05809,1.36939
-1.21299,0.40692,0.06069,1.37035
-1.19299,0.42161,0.06325,1.37132
-1.17299,0.43628,0.06577,1.37228
-1.15299,0.45091,0.06825,1.37324
-1.13299,0.46548,0.07067,1.37420
-1.11299,0.47999,0.07305,1.37517
-1.09299,0.49442,0.07537,1.37613
-1.07299,0.50876,0.07763,1.37709
-1.05299,0.52301,0.07983,1.37806
-1.03299,0.53715,0.08197,1.37903
-1.01299,0.55117,0.08404,1.37999
-0.99299,0.56506,0.08605,1.38096
-0.97299,0.57882,0.08799,1.38193
-0.95299,0.59243,0.08987,1.38289
-0.93299,0.60590,0.09168,1.38386
-0.91299,0.61921,0.09343,1.38482
-0.89299,0.63235,0.09512,1.38578
-0.87299,0.64532,0.09674,1.38674
-0.85299,0.65811,0.09831,1.38769
-0.83299,0.67072,0.09982,1.38864
-0.81299,0.68314,0.10126,1.38959
-0.79299,0.69537,0.10266,1.39052
-0.77299,0.70739,0.10400,1.39145
-0.75299,0.71921,0.10529,1.39238
-0.73299,0.73083,0.10653,1.39330
-0.71299,0.74223,0.10772,1.39421
-0.69299,0.75343,0.10886,1.39511
-0.67299,0.76440,0.10996,1.39600
-0.65299,0.77516,0.11101,1.39688
-0.63299,0.78570,0.11201,1.39776
-0.61299,0.79601,0.11298,1.39862
-0.59299,0.80610,0.11390,1.39947
-0.57299,0.81596,0.11479,1.40031
-0.55299,0.82559,0.11564,1.40114
-0.53299,0.83499,0.11645,1.40196
-0.51299,0.84416,0.11723,1.40277
-0.49299,0.85310,0.11798,1.40356
-0.47299,0.86181,0.11869,1.40434
-0.45299,0.87029,0.11937,1.40511
-0.43299,0.87854,0.12003,1.40586
-0.41299,0.88656,0.12065,1.40661
-0.39299,0.89435,0.12124,1.40734
-0.37299,0.90192,0.12181,1.40806
-0.35299,0.90925,0.12235,1.40877
-0.33299,0.91636,0.12286,1.40946
-0.31299,0.92325,0.12334,1.41015
-0.29299,0.92992,0.12379,1.41082
-0.27299,0.93638,0.12422,1.41149
-0.25299,0.94262,0.12462,1.41215
-0.23299,0.94865,0.12499,1.41280
-0.21299,0.95447,0.12533,1.41344
-0.19299,0.96008,0.12564,1.41408
-0.17299,0.96549,0.12592,1.41471
-0.15299,0.97071,0.12618,1.41534
-0.13299,0.97573,0.12641,1.41596
-0.11299,0.98056,0.12660,1.41658
-0.09299,0.98520,0.12678,1.41720
-0.07299,0.98966,0.12692,1.41781
-0.05299,0.99394,0.12702,1.41842
-0.03299,0.99804,0.12711,1.41902
-0.01299,1.00197,0.12716,1.41962
0.00701,1.00573,0.12717,1.42022
0.02701,1.00934,0.12716,1.42084
0.04701,1.01281,0.12713,1.42150
0.06701,1.01614,0.12706,1.42221
0.08701,1.01930,0.12697,1.42296
0.10701,1.02231,0.12685,1.42375
0.12701,1.02517,0.12670,1.42456
0.14701,1.02789,0.12652,1.42541
0.16701,1.03046,0.12632,1.42627
0.18701,1.03289,0.12609,1.42714
0.20701,1.03518,0.12582,1.42802
0.22701,1.03734,0.12553,1.42890
0.24701,1.03934,0.12519,1.42976
0.26701,1.04118,0.12482,1.43057
0.28701,1.04286,0.12441,1.43133
0.30701,1.04443,0.12396,1.43204
0.32701,1.04588,0.12348,1.43269
0.34701,1.04722,0.12297,1.43331
0.36701,1.04845,0.12243,1.43388
0.38701,1.04959,0.12186,1.43442
0.40701,1.05064,0.12127,1.43492
0.42701,1.05170,0.12066,1.43544
0.44701,1.05291,0.12006,1.43605
0.46701,1.05412,0.11944,1.43679
0.48701,1.05526,0.11881,1.43764
0.50701,1.05632,0.11815,1.43860
0.52701,1.05728,0.11746,1.43966
0.54701,1.05809,0.11672,1.44080
0.56701,1.05872,0.11595,1.44202
0.58701,1.05916,0.11514,1.44329
0.60701,1.05942,0.11429,1.44461
0.62701,1.05949,0.11340,1.44597
0.64701,1.05931,0.11247,1.44735
0.66701,1.05892,0.11152,1.44875
0.68701,1.05833,0.11054,1.45014
0.70701,1.05757,0.10955,1.45153
0.72701,1.05663,0.10854,1.45290
0.74701,1.05553,0.10754,1.45426
0.76701,1.05429,0.10654,1.45558
0.78701,1.05296,0.10556,1.45687
0.80701,1.05157,0.10461,1.45812
0.82701,1.05012,0.10369,1.45934
0.84701,1.04865,0.10281,1.46051
0.86701,1.04717,0.10197,1.46164
0.88701,1.04568,0.10118,1.46272
0.90701,1.04422,0.10044,1.46375
0.92701,1.04276,0.09975,1.46474
0.94701,1.04130,0.09910,1.46568
0.96701,1.03987,0.09850,1.46657
0.98701,1.03852,0.09796,1.46742
1.00701,1.03726,0.09748,1.46822
1.02701,1.03608,0.09706,1.46898
1.04701,1.03497,0.09669,1.46970
1.06701,1.03391,0.09638,1.47038
1.08701,1.03294,0.09612,1.47102
1.10701,1.03207,0.09592,1.47163
1.12701,1.03130,0.09578,1.47220
1.14701,1.03062,0.09570,1.47275
1.16701,1.03001,0.09567,1.47326
1.18701,1.02946,0.09568,1.47376
1.20701,1.02898,0.09573,1.47422
1.22701,1.02855,0.09582,1.47467
1.24701,1.02818,0.09595,1.47509
1.26701,1.02786,0.09610,1.47550
1.28701,1.02757,0.09628,1.47588
1.30701,1.02733,0.09647,1.47625
1.32701,1.02712,0.09668,1.47661
1.34701,1.02695,0.09690,1.47694
1.36701,1.02680,0.09713,1.47726
1.38701,1.02669,0.09737,1.47757
1.40701,1.02660,0.09762,1.47787
1.42701,1.02654,0.09787,1.47815
1.44701,1.02651,0.09813,1.47842
1.46701,1.02650,0.09839,1.47867
1.48701,1.02651,0.09865,1.47892
1.50701,1.02653,0.09891,1.47915
1.52701,1.02655,0.09916,1.47938
1.54701,1.02660,0.09940,1.47960
1.56701,1.02665,0.09964,1.47981
1.58701,1.02671,0.09988,1.48001
1.60701,1.02677,0.10011,1.48021
1.62701,1.02683,0.10035,1.48040
1.64701,1.02690,0.10058,1.48059
1.66701,1.02696,0.10082,1.48078
1.68701,1.02702,0.10106,1.48096
1.70701,1.02707,0.10130,1.48115
1.72701,1.02712,0.10154,1.48133
1.74701,1.02715,0.10179,1.48151
1.76701,1.02718,0.10204,1.48169
1.78701,1.02719,0.10229,1.48187
1.80701,1.02719,0.10253,1.48205
1.82701,1.02717,0.10278,1.48223
1.84701,1.02714,0.10302,1.48241
1.86701,1.02710,0.10325,1.48260
1.88701,1.02705,0.10346,1.48279
1.90701,1.02699,0.10367,1.48299
1.92701,1.02691,0.10387,1.48319
1.94701,1.02683,0.10405,1.48340
1.96701,1.02674,0.10422,1.48360
1.98701,1.02663,0.10437,1.48382
2.00701,1.02652,0.10450,1.48403
2.02701,1.02639,0.10460,1.48425
2.04701,1.02625,0.10468,1.48447
2.06701,1.02611,0.10474,1.48470
2.08701,1.02596,0.10477,1.48493
2.10701,1.02580,0.10477,1.48516
2.12701,1.02563,0.10476,1.48539
2.14701,1.02547,0.10472,1.48562
2.16701,1.02529,0.10466,1.48585
2.18701,1.02511,0.10458,1.48608
2.20701,1.02493,0.10448,1.48631
2.22701,1.02475,0.10437,1.48653
2.24701,1.02457,0.10424,1.48676
2.26701,1.02439,0.10410,1.48699
2.28701,1.02421,0.10395,1.48721
2.30701,1.02404,0.10379,1.48744
2.32701,1.02387,0.10363,1.48766
2.34701,1.02370,0.10345,1.48788
2.36701,1.02353,0.10327,1.48810
2.38701,1.02337,0.10309,1.48832
2.40701,1.02322,0.10291,1.48854
2.42701,1.02309,0.10273,1.48876
2.44701,1.02296,0.10256,1.48898
2.46701,1.02285,0.10239,1.48919
2.48701,1.02274,0.10222,1.48940
2.50701,1.02263,0.10207,1.48961
2.52701,1.02253,0.10192,1.48982
2.54701,1.02244,0.10179,1.49002
2.56701,1.02234,0.10167,1.49022
2.58701,1.02225,0.10156,1.49042
2.60701,1.02216,0.10147,1.49062
2.62701,1.02207,0.10140,1.49082
2.64701,1.02198,0.10134,1.49101
2.66701,1.02189,0.10131,1.49119
2.68701,1.02180,0.10129,1.49138
2.70701,1.02170,0.10130,1.49155
2.72701,1.02161,0.10133,1.49172
2.74701,1.02152,0.10138,1.49189
2.76701,1.02142,0.10145,1.49204
2.78701,1.02133,0.10155,1.49219
2.80701,1.02123,0.10168,1.49234
2.82701,1.02113,0.10184,1.49247
2.84701,1.02103,0.10203,1.49259
2.86701,1.02093,0.10225,1.49270
2.88701,1.02083,0.10250,1.49280
2.90701,1.02074,0.10279,1.49289
2.92701,1.02066,0.10311,1.49297
2.94701,1.02059,0.10346,1.49304
2.96701,1.02051,0.10385,1.49310
2.98701,1.02045,0.10427,1.49315
3.00701,1.02040,0.10473,1.49319
3.02701,1.02035,0.10522,1.49323
3.04701,1.02031,0.10575,1.49325
3.06701,1.02028,0.10631,1.49326
3.08701,1.02025,0.10691,1.49327
3.10701,1.02022,0.10754,1.49327
3.12701,1.02020,0.10820,1.49327
3.14701,1.02018,0.10889,1.49325
3.16701,1.02016,0.10962,1.49323
3.18701,1.02014,0.11037,1.49320
3.20701,1.02012,0.11116,1.49316
3.22701,1.02010,0.11197,1.49310
3.24701,1.02008,0.11281,1.49302
3.26701,1.02005,0.11367,1.49291
3.28701,1.02002,0.11455,1.49277
3.30701,1.01998,0.11545,1.49260
3.32701,1.01995,0.11636,1.49238
3.34701,1.01991,0.11728,1.49209
3.36701,1.01987,0.11821,1.49174
3.38701,1.01984,0.11915,1.49131
3.40701,1.01980,0.12009,1.49080
3.42701,1.01976,0.12103,1.49018
3.44701,1.01973,0.12197,1.48944
3.46701,1.01970,0.12290,1.48858
3.48701,1.01967,0.12382,1.48758
3.50701,1.01964,0.12473,1.48642
3.52701,1.01962,0.12563,1.48510
3.54701,1.01961,0.12651,1.48358
3.56701,1.01959,0.12738,1.48188
3.58701,1.01959,0.12822,1.47998
3.60701,1.01959,0.12904,1.47785
3.62701,1.01959,0.12984,1.47547
3.64701,1.01960,0.13061,1.47283
3.66701,1.01962,0.13136,1.46993
3.68701,1.01965,0.13208,1.46677
3.70701,1.01968,0.13277,1.46331
3.72701,1.01972,0.13343,1.45955
3.74701,1.01977,0.13406,1.45547
3.76701,1.01984,0.13465,1.45109
3.78701,1.01991,0.13522,1.44638
3.80701,1.01999,0.13575,1.44134
3.82701,1.02008,0.13625,1.43594
3.84701,1.02018,0.13673,1.43017
3.86701,1.02029,0.13717,1.42406
3.88701,1.02041,0.13759,1.41759
3.90701,1.02053,0.13798,1.41077
3.92701,1.02067,0.13835,1.40357
3.94701,1.02081,0.13868,1.39601
3.96701,1.02095,0.13900,1.38811
3.98701,1.02109,0.13928,1.37987
4.00701,1.02124,0.13955,1.37126
4.02701,1.02138,0.13979,1.36228
4.04701,1.02153,0.14001,1.35295
4.06701,1.02167,0.14021,1.34331
4.08701,1.02181,0.14039,1.33335
4.10701,1.02195,0.14055,1.32307
4.12701,1.02208,0.14069,1.31245
4.14701,1.02221,0.14082,1.30151
4.16701,1.02233,0.14093,1.29030
4.18701,1.02243,0.14102,1.27880
4.20701,1.02253,0.14110,1.26701
4.22701,1.02262,0.14117,1.25493
4.24701,1.02270,0.14123,1.24258
4.26701,1.02277,0.14128,1.22999
4.28701,1.02282,0.14132,1.21720
4.30701,1.02285,0.14136,1.20418
4.32701,1.02287,0.14139,1.19097
4.34701,1.02287,0.14142,1.17757
4.36701,1.02286,0.14144,1.16405
4.38701,1.02283,0.14146,1.15041
4.40701,1.02279,0.14149,1.13663
4.42701,1.02273,0.14151,1.12274
4.44701,1.02266,0.14153,1.10875
4.46701,1.02258,0.14156,1.09470
4.48701,1.02249,0.14159,1.08061
4.50701,1.02239,0.14162,1.06650
4.52701,1.02227,0.14165,1.05235
4.54701,1.02216,0.14168,1.03817
4.56701,1.02204,0.14171,1.02396
4.58701,1.02192,0.14174,1.00976
4.60701,1.02181,0.14177,0.99562
4.62701,1.02169,0.14179,0.98157
4.64701,1.02158,0.14181,0.96764
4.66701,1.02148,0.14182,0.95388
4.68701,1.02139,0.14181,0.94028
4.70701,1.02131,0.14180,0.92687
4.72701,1.02123,0.14177,0.91367
4.74701,1.02118,0.14173,0.90069
4.76701,1.02113,0.14167,0.88796
4.78701,1.02108,0.14160,0.87548
4.80701,1.02105,0.14151,0.86326
4.82701,1.02102,0.14140,0.85131
4.84701,1.02101,0.14128,0.83964
4.86701,1.02100,0.14114,0.82827
4.88701,1.02099,0.14098,0.81721
4.90701,1.02099,0.14081,0.80645
4.92701,1.02098,0.14062,0.79602
4.94701,1.02098,0.14043,0.78591
4.96701,1.02097,0.14022,0.77614
4.98701,1.02096,0.14000,0.76670
5.00701,1.02095,0.13978,0.75760
5.02701,1.02092,0.13956,0.74884
5.04701,1.02090,0.13935,0.74042
5.06701,1.02087,0.13913,0.73233
5.08701,1.02082,0.13891,0.72458
5.10701,1.02077,0.13871,0.71716
5.12701,1.02070,0.13851,0.71006
5.14701,1.02061,0.13833,0.70328
5.16701,1.02052,0.13815,0.69681
5.18701,1.02041,0.13800,0.69064
5.20701,1.02029,0.13786,0.68477
5.22701,1.02016,0.13773,0.67917
5.24701,1.02003,0.13761,0.67385
5.26701,1.01988,0.13752,0.66879
5.28701,1.01972,0.13743,0.66398
5.30701,1.01955,0.13736,0.65941
5.32701,1.01938,0.13730,0.65507
5.34701,1.01920,0.13726,0.65095
5.36701,1.01901,0.13722,0.64703
5.38701,1.01881,0.13719,0.64330
5.40701,1.01860,0.13716,0.63976
5.42701,1.01839,0.13714,0.63640
5.44701,1.01817,0.13711,0.63320
5.46701,1.01795,0.13708,0.63016
5.48701,1.01773,0.13704,0.62727
5.50701,1.01750,0.13699,0.62452
5.52701,1.01727,0.13693,0.62190
5.54701,1.01704,0.13686,0.61940
5.56701,1.01682,0.13677,0.61701
5.58701,1.01659,0.13667,0.61474
5.60701,1.01636,0.13655,0.61257
5.62701,1.01613,0.13641,0.61050
5.64701,1.01591,0.13627,0.60852
5.66701,1.01568,0.13610,0.60663
5.68701,1.01545,0.13592,0.60482
5.70701,1.01521,0.13573,0.60309
5.72701,1.01496,0.13553,0.60143
5.74701,1.01471,0.13532,0.59984
5.76701,1.01445,0.13510,0.59831
5.78701,1.01418,0.13487,0.59685
5.80701,1.01390,0.13463,0.59545
5.82701,1.01362,0.13439,0.59410
5.84701,1.01333,0.13415,0.59280
5.86701,1.01304,0.13391,0.59156
5.88701,1.01274,0.13366,0.59035
5.90701,1.01244,0.13341,0.58920
5.92701,1.01213,0.13317,0.58808
5.94701,1.01182,0.13293,0.58700
5.96701,1.01152,0.13270,0.58595
5.98701,1.01121,0.13247,0.58493
6.00701,1.01090,0.13226,0.58395
6.02701,1.01059,0.13206,0.58300
6.04701,1.01029,0.13187,0.58207
6.06701,1.00999,0.13170,0.58116
6.08701,1.00969,0.13154,0.58028
6.10701,1.00940,0.13140,0.57942
6.12701,1.00911,0.13128,0.57858
6.14701,1.00882,0.13118,0.57775
6.16701,1.00853,0.13109,0.57694
6.18701,1.00825,0.13102,0.57615
6.20701,1.00797,0.13096,0.57537
6.22701,1.00769,0.13091,0.57461
6.24701,1.00741,0.13088,0.57386
6.26701,1.00715,0.13085,0.57312
6.28701,1.00688,0.13083,0.57240
6.30701,1.00662,0.13081,0.57169
6.32701,1.00636,0.13079,0.57100
6.34701,1.00617,0.13078,0.57059
6.36701,1.00609,0.13078,0.57061
6.38701,1.00602,0.13078,0.57062
6.40701,1.00598,0.13078,0.57062
6.42701,1.00596,0.13078,0.57062
6.44701,1.00596,0.13078,0.57062
6.46701,1.00598,0.13078,0.57062
6.48701,1.00603,0.13078,0.57061
6.50701,1.00610,0.13078,0.57060
6.52701,1.00619,0.13078,0.57059
6.54701,1.00629,0.13078,0.57059
6.56701,1.00636,0.13078,0.57060
6.58701,1.00641,0.13078,0.57061
6.60701,1.00644,0.13078,0.57061
6.62701,1.00643,0.13078,0.57061
6.64701,1.00641,0.13078,0.57061
6.66701,1.00636,0.13078,0.57060
6.68701,1.00628,0.13078,0.57059
6.70701,1.00618,0.13078,0.57059
6.72701,1.00610,0.13078,0.57060
6.74701,1.00604,0.13078,0.57061
6.76701,1.00600,0.13078,0.57062
6.78701,1.00599,0.13078,0.57062
6.80701,1.00599,0.13078,0.57062
6.82701,1.00601,0.13078,0.57062
6.84701,1.00605,0.13078,0.57061
6.86701,1.00610,0.13078,0.57060
6.88701,1.00617,0.13078,0.57059
6.90701,1.00625,0.13078,0.57059
6.92701,1.00630,0.13078,0.57060
6.94701,1.00631,0.13078,0.57060
6.96701,1.00629,0.13079,0.57059
6.98701,1.00625,0.13080,0.57059
7.00701,1.00619,0.13080,0.57060
7.02701,1.00614,0.13080,0.57060
7.04701,1.00611,0.13080,0.57061
7.06701,1.00608,0.13080,0.57061
7.08701,1.00608,0.13080,0.57061
7.10701,1.00608,0.13080,0.57061
7.12701,1.00610,0.13080,0.57061
7.14701,1.00613,0.13080,0.57060
7.16701,1.00617,0.13080,0.57060
7.18701,1.00622,0.13080,0.57059
7.20701,1.00628,0.13080,0.57059
7.22701,1.00632,0.13080,0.57059
7.24701,1.00635,0.13079,0.57059
7.26701,1.00638,0.13078,0.57059
7.28701,1.00641,0.13077,0.57059
7.30701,1.00644,0.13075,0.57059
7.32701,1.00647,0.13073,0.57059
7.34701,1.00650,0.13070,0.57060
7.36701,1.00653,0.13067,0.57061
7.38701,1.00656,0.13062,0.57062
7.40701,1.00658,0.13057,0.57064
7.42701,1.00661,0.13050,0.57066
7.44701,1.00663,0.13042,0.57068
7.46701,1.00666,0.13033,0.57071
7.48701,1.00668,0.13022,0.57075
7.50701,1.00669,0.13010,0.57079
7.52701,1.00671,0.12997,0.57083
7.54701,1.00673,0.12982,0.57089
7.56701,1.00674,0.12965,0.57094
7.58701,1.00675,0.12947,0.57101
7.60701,1.00676,0.12928,0.57108
7.62701,1.00676,0.12907,0.57115
7.64701,1.00676,0.12884,0.57123
7.66701,1.00676,0.12861,0.57131
7.68701,1.00676,0.12836,0.57140
7.70701,1.00676,0.12809,0.57150
7.72701,1.00676,0.12781,0.57160
7.74701,1.00676,0.12753,0.57170
7.76701,1.00676,0.12723,0.57180
7.78701,1.00675,0.12692,0.57191
7.80701,1.00675,0.12660,0.57203
7.82701,1.00675,0.12627,0.57214
7.84701,1.00675,0.12593,0.57226
7.86701,1.00675,0.12559,0.57238
7.88701,1.00675,0.12524,0.57250
7.90701,1.00675,0.12489,0.57263
7.92701,1.00675,0.12453,0.57275
7.94701,1.00675,0.12417,0.57288
7.96701,1.00675,0.12380,0.57300
7.98701,1.00675,0.12344,0.57313
8.00701,1.00674,0.12307,0.57326
8.02701,1.00674,0.12271,0.57338
8.04701,1.00674,0.12234,0.57351
8.06701,1.00674,0.12198,0.57363
8.08701,1.00674,0.12162,0.57376
8.10701,1.00672,0.12126,0.57388
8.12701,1.00669,0.12091,0.57400
8.14701,1.00665,0.12056,0.57411
8.16701,1.00659,0.12021,0.57423
8.18701,1.00652,0.11986,0.57434
8.20701,1.00644,0.11951,0.57444
8.22701,1.00635,0.11917,0.57455
8.24701,1.00624,0.11884,0.57465
8.26701,1.00612,0.11851,0.57474
8.28701,1.00599,0.11819,0.57484
8.30701,1.00586,0.11787,0.57493
8.32701,1.00571,0.11757,0.57501
8.34701,1.00556,0.11727,0.57509
8.36701,1.00540,0.11699,0.57517
8.38701,1.00523,0.11671,0.57524
8.40701,1.00506,0.11645,0.57531
8.42701,1.00489,0.11621,0.57537
8.44701,1.00472,0.11598,0.57542
8.46701,1.00455,0.11576,0.57547
8.48701,1.00437,0.11556,0.57552
8.50701,1.00420,0.11537,0.57556
8.52701,1.00404,0.11521,0.57559
8.54701,1.00387,0.11506,0.57562
8.56701,1.00371,0.11493,0.57565
8.58701,1.00355,0.11482,0.57566
8.60701,1.00340,0.11473,0.57567
8.62701,1.00325,0.11466,0.57568
8.64701,1.00311,0.11460,0.57568
8.66701,1.00298,0.11457,0.57567
8.68701,1.00285,0.11455,0.57566
8.70701,1.00272,0.11456,0.57565
8.72701,1.00260,0.11458,0.57562
8.74701,1.00249,0.11462,0.57560
8.76701,1.00239,0.11468,0.57556
8.78701,1.00229,0.11475,0.57553
8.80701,1.00219,0.11485,0.57548
8.82701,1.00210,0.11495,0.57544
8.84701,1.00202,0.11508,0.57538
8.86701,1.00194,0.11522,0.57533
8.88701,1.00187,0.11538,0.57527
8.90701,1.00179,0.11554,0.57520
8.92701,1.00173,0.11572,0.57512
8.94701,1.00167,0.11592,0.57504
8.96701,1.00161,0.11613,0.57497
8.98701,1.00155,0.11634,0.57489
9.00701,1.00150,0.11657,0.57481
9.02701,1.00145,0.11681,0.57472
9.04701,1.00140,0.11705,0.57464
9.06701,1.00136,0.11730,0.57455
9.08701,1.00132,0.11755,0.57446
9.10701,1.00128,0.11781,0.57437
9.12701,1.00125,0.11807,0.57428
9.14701,1.00122,0.11834,0.57418
9.16701,1.00119,0.11860,0.57409
9.18701,1.00116,0.11887,0.57400
9.20701,1.00114,0.11913,0.57391
9.22701,1.00112,0.11939,0.57382
9.24701,1.00111,0.11965,0.57373
9.26701,1.00110,0.11991,0.57364
9.28701,1.00110,0.12016,0.57355
9.30701,1.00110,0.12041,0.57347
9.32701,1.00111,0.12065,0.57339
9.34701,1.00112,0.12089,0.57331
9.36701,1.00114,0.12113,0.57323
9.38701,1.00117,0.12135,0.57316
9.40701,1.00120,0.12158,0.57308
9.42701,1.00124,0.12179,0.57302
9.44701,1.00130,0.12200,0.57295
9.46701,1.00135,0.12220,0.57289
9.48701,1.00142,0.12240,0.57283
9.50701,1.00150,0.12259,0.57277
9.52701,1.00158,0.12278,0.57272
9.54701,1.00167,0.12296,0.57267
9.56701,1.00177,0.12313,0.57262
9.58701,1.00188,0.12330,0.57258
9.60701,1.00200,0.12347,0.57253
9.62701,1.00212,0.12363,0.57249
9.64701,1.00226,0.12378,0.57246
9.66701,1.00240,0.12394,0.57242
9.68701,1.00255,0.12408,0.57239
9.70701,1.00271,0.12423,0.57236
9.72701,1.00288,0.12437,0.57233
9.74701,1.00305,0.12450,0.57231
9.76701,1.00323,0.12464,0.57228
9.78701,1.00343,0.12477,0.57226
9.80701,1.00362,0.12490,0.57224
9.82701,1.00383,0.12502,0.57222
9.84701,1.00404,0.12515,0.57221
9.86701,1.00427,0.12527,0.57219
9.88701,1.00450,0.12539,0.57218
9.90701,1.00473,0.12550,0.57217
9.92701,1.00498,0.12561,0.57216
9.94701,1.00524,0.12572,0.57215
9.96701,1.00550,0.12583,0.57215
9.98701,1.00577,0.12593,0.57215
10.00701,1.00605,0.12602,0.57215
10.02701,1.00635,0.12611,0.57215
10.04701,1.00664,0.12620,0.57215
10.06701,1.00695,0.12628,0.57216
10.08701,1.00727,0.12636,0.57217
10.10701,1.00759,0.12642,0.57219
10.12701,1.00792,0.12649,0.57221
10.14701,1.00826,0.12654,0.57223
10.16701,1.00861,0.12658,0.57225
10.18701,1.00896,0.12662,0.57228
10.20701,1.00932,0.12665,0.57231
10.22701,1.00968,0.12666,0.57235
10.24701,1.01004,0.12667,0.57239
10.26701,1.01041,0.12666,0.57243
10.28701,1.01078,0.12664,0.57248
10.30701,1.01115,0.12660,0.57253
10.32701,1.01152,0.12655,0.57259
10.34701,1.01189,0.12648,0.57266
10.36701,1.01226,0.12640,0.57273
10.38701,1.01263,0.12629,0.57281
10.40701,1.01299,0.12616,0.57289
10.42701,1.01335,0.12602,0.57298
10.44701,1.01371,0.12585,0.57308
10.46701,1.01406,0.12567,0.57318
10.48701,1.01440,0.12546,0.57329
10.50701,1.01474,0.12523,0.57340
10.52701,1.01508,0.12495,0.57350
10.54701,1.01545,0.12458,0.57358
10.56701,1.01586,0.12411,0.57364
10.58701,1.01630,0.12352,0.57369
10.60701,1.01677,0.12279,0.57375
10.62701,1.01725,0.12193,0.57385
10.64701,1.01772,0.12095,0.57402
10.66701,1.01816,0.11988,0.57426
10.68701,1.01855,0.11877,0.57461
10.70701,1.01889,0.11764,0.57506
10.72701,1.01919,0.11651,0.57564
10.74701,1.01947,0.11544,0.57637
10.76701,1.01979,0.11442,0.57726
10.78701,1.02016,0.11347,0.57831
10.80701,1.02062,0.11259,0.57955
10.82701,1.02115,0.11174,0.58097
10.84701,1.02173,0.11091,0.58260
10.86701,1.02230,0.11004,0.58443
10.88701,1.02279,0.10912,0.58648
10.90701,1.02318,0.10813,0.58874
10.92701,1.02344,0.10707,0.59121
10.94701,1.02358,0.10596,0.59391
10.96701,1.02366,0.10482,0.59682
10.98701,1.02375,0.10370,0.59995
11.00701,1.02392,0.10261,0.60331
11.02701,1.02423,0.10161,0.60692
11.04701,1.02475,0.10072,0.61079
11.06701,1.02546,0.09996,0.61488
11.08701,1.02628,0.09934,0.61920
11.10701,1.02715,0.09882,0.62376
11.12701,1.02788,0.09839,0.62856
11.14701,1.02831,0.09798,0.63365
11.16701,1.02838,0.09756,0.63895
11.18701,1.02807,0.09709,0.64448
11.20701,1.02745,0.09653,0.65024
11.22701,1.02672,0.09591,0.65624
11.24701,1.02626,0.09522,0.66256
11.26701,1.02632,0.09453,0.66916
11.28701,1.02713,0.09387,0.67606
11.30701,1.02870,0.09329,0.68321
11.32701,1.03083,0.09281,0.69064
11.34701,1.03298,0.09247,0.69837
11.36701,1.03457,0.09227,0.70645
11.38701,1.03515,0.09219,0.71486
11.40701,1.03457,0.09221,0.72357
11.42701,1.03285,0.09230,0.73255
11.44701,1.03033,0.09240,0.74179
11.46701,1.02772,0.09247,0.75135
11.48701,1.02585,0.09248,0.76122
11.50701,1.02516,0.09244,0.77124
11.52701,1.02577,0.09233,0.78128
11.54701,1.02758,0.09218,0.79140
11.56701,1.03017,0.09199,0.80164
11.58701,1.03309,0.09180,0.81201
11.60701,1.03595,0.09165,0.82254
11.62701,1.03830,0.09155,0.83323
11.64701,1.03966,0.09157,0.84414
11.66701,1.03978,0.09171,0.85522
11.68701,1.03874,0.09200,0.86643
11.70701,1.03684,0.09243,0.87776
11.72701,1.03443,0.09297,0.88919
11.74701,1.03210,0.09356,0.90079
11.76701,1.03045,0.09415,0.91252
11.78701,1.02993,0.09466,0.92433
11.80701,1.03061,0.09508,0.93622
11.82701,1.03238,0.09539,0.94820
11.84701,1.03483,0.09557,0.96032
11.86701,1.03713,0.09565,0.97269
11.88701,1.03846,0.09566,0.98535
11.90701,1.03850,0.09564,0.99825
11.92701,1.03726,0.09562,1.01134
11.94701,1.03522,0.09567,1.02465
11.96701,1.03310,0.09587,1.03825
11.98701,1.03125,0.09625,1.05209
12.00701,1.02965,0.09683,1.06607
12.02701,1.02850,0.09760,1.08016
12.04701,1.02784,0.09851,1.09437
12.06701,1.02749,0.09945,1.10867
12.08701,1.02731,0.10032,1.12303
12.10701,1.02720,0.10105,1.13743
12.12701,1.02691,0.10156,1.15188
12.14701,1.02612,0.10180,1.16642
12.16701,1.02476,0.10179,1.18099
12.18701,1.02285,0.10159,1.19560
12.20701,1.02050,0.10125,1.21028
12.22701,1.01809,0.10089,1.22513
12.24701,1.01619,0.10065,1.24021
12.26701,1.01515,0.10062,1.25553
12.28701,1.01517,0.10085,1.27102
12.30701,1.01623,0.10136,1.28669
12.32701,1.01802,0.10211,1.30259
12.34701,1.01981,0.10299,1.31879
12.36701,1.02089,0.10386,1.33516
12.38701,1.02080,0.10458,1.35163
12.40701,1.01949,0.10510,1.36821
12.42701,1.01699,0.10537,1.38491
12.44701,1.01344,0.10540,1.40177
12.46701,1.00953,0.10519,1.41890
12.48701,1.00615,0.10479,1.43638
12.50701,1.00384,0.10429,1.45403
12.52701,1.00288,0.10375,1.47173
12.54701,1.00317,0.10329,1.48953
12.56701,1.00431,0.10298,1.50747
12.58701,1.00606,0.10289,1.52563
12.60701,1.00833,0.10307,1.54403
12.62701,1.01079,0.10349,1.56261
12.64701,1.01292,0.10409,1.58145
12.66701,1.01391,0.10475,1.60051
12.68701,1.01362,0.10533,1.61968
12.70701,1.01210,0.10577,1.63899
12.72701,1.00947,0.10599,1.65842
12.74701,1.00604,0.10591,1.67801
12.76701,1.00252,0.10553,1.69782
12.78701,0.99977,0.10491,1.71786
12.80701,0.99824,0.10412,1.73796
12.82701,0.99810,0.10324,1.75803
12.84701,0.99928,0.10238,1.77816
12.86701,1.00137,0.10167,1.79842
12.88701,1.00383,0.10124,1.81881
12.90701,1.00622,0.10114,1.83937
12.92701,1.00818,0.10138,1.86009
12.94701,1.00919,0.10189,1.88108
12.96701,1.00894,0.10254,1.90233
12.98701,1.00747,0.10320,1.92378
13.00701,1.00483,0.10379,1.94536
13.02701,1.00136,0.10424,1.96709
13.04701,0.99785,0.10445,1.98902
13.06701,0.99504,0.10443,2.01100
13.08701,0.99353,0.10420,2.03280
13.10701,0.99345,0.10384,2.05444
13.12701,0.99473,0.10340,2.07603
13.14701,0.99719,0.10296,2.09766
13.16701,1.00026,0.10259,2.11939
13.18701,1.00318,0.10233,2.14129
13.20701,1.00540,0.10222,2.16340
13.22701,1.00651,0.10227,2.18568
13.24701,1.00627,0.10248,2.20812
13.26701,1.00472,0.10281,2.23064
13.28701,1.00202,0.10323,2.25320
13.30701,0.99850,0.10370,2.27585
13.32701,0.99496,0.10420,2.29863
13.34701,0.99247,0.10470,2.32153
13.36701,0.99139,0.10519,2.34444
13.38701,0.99178,0.10564,2.36733
13.40701,0.99352,0.10604,2.39022
13.42701,0.99634,0.10638,2.41313
13.44701,0.99975,0.10664,2.43610
13.46701,1.00306,0.10683,2.45916
13.48701,1.00551,0.10694,2.48237
13.50701,1.00668,0.10699,2.50567
13.52701,1.00648,0.10702,2.52899
13.54701,1.00500,0.10708,2.55231
13.56701,1.00268,0.10720,2.57562
13.58701,1.00004,0.10746,2.59894
13.60701,0.99755,0.10787,2.62229
13.62701,0.99569,0.10846,2.64566
13.64701,0.99512,0.10921,2.66914
13.66701,0.99596,0.11011,2.69265
13.68701,0.99810,0.11110,2.71613
13.70701,1.00136,0.11214,2.73957
13.72701,1.00532,0.11317,2.76303
13.74701,1.00900,0.11410,2.78661
13.76701,1.01174,0.11489,2.81023
13.78701,1.01316,0.11551,2.83378
13.80701,1.01317,0.11598,2.85720
13.82701,1.01193,0.11631,2.88053
13.84701,1.00972,0.11654,2.90379
13.86701,1.00712,0.11671,2.92703
13.88701,1.00481,0.11688,2.95029
13.90701,1.00321,0.11710,2.97354
13.92701,1.00255,0.11739,2.99676
13.94701,1.00313,0.11777,3.01998
13.96701,1.00482,0.11824,3.04316
13.98701,1.00735,0.11878,3.06626
14.00701,1.01043,0.11937,3.08931
14.02701,1.01358,0.11997,3.11234
14.04701,1.01608,0.12052,3.13546
14.06701,1.01757,0.12099,3.15858
14.08701,1.01783,0.12135,3.18168
14.10701,1.01681,0.12159,3.20475
14.12701,1.01475,0.12170,3.22777
14.14701,1.01209,0.12170,3.25076
14.16701,1.00934,0.12161,3.27371
14.18701,1.00706,0.12146,3.29667
14.20701,1.00553,0.12127,3.31960
14.22701,1.00493,0.12106,3.34248
14.24701,1.00545,0.12085,3.36531
14.26701,1.00690,0.12065,3.38808
14.28701,1.00901,0.12045,3.41076
14.30701,1.01151,0.12023,3.43335
14.32701,1.01405,0.12000,3.45588
14.34701,1.01614,0.11973,3.47841
14.36701,1.01756,0.11940,3.50085
14.38701,1.01812,0.11903,3.52322
14.40701,1.01776,0.11861,3.54552
14.42701,1.01665,0.11814,3.56775
14.44701,1.01499,0.11763,3.58990
14.46701,1.01309,0.11711,3.61199
14.48701,1.01122,0.11658,3.63400
14.50701,1.00959,0.11605,3.65595
14.52701,1.00834,0.11553,3.67780
14.54701,1.00764,0.11503,3.69960
14.56701,1.00748,0.11455,3.72128
14.58701,1.00780,0.11409,3.74286
14.60701,1.00852,0.11364,3.76436
14.62701,1.00951,0.11320,3.78578
14.64701,1.01058,0.11275,3.80716
14.66701,1.01159,0.11229,3.82846
14.68701,1.01244,0.11182,3.84968
14.70701,1.01304,0.11132,3.87084
14.72701,1.01337,0.11081,3.89191
14.74701,1.01339,0.11028,3.91291
14.76701,1.01315,0.10973,3.93380
14.78701,1.01269,0.10918,3.95461
14.80701,1.01207,0.10863,3.97534
14.82701,1.01134,0.10808,3.99599
14.84701,1.01059,0.10754,4.01659
14.86701,1.00985,0.10702,4.03710
14.88701,1.00917,0.10651,4.05753
14.90701,1.00858,0.10602,4.07792
14.92701,1.00806,0.10556,4.09825
14.94701,1.00766,0.10513,4.11855
14.96701,1.00735,0.10473,4.13878
14.98701,1.00713,0.10435,4.15895
15.00701,1.00698,0.10400,4.17907
15.02701,1.00690,0.10368,4.19914
15.04701,1.00687,0.10338,4.21917
15.06701,1.00687,0.10311,4.23913
15.08701,1.00689,0.10286,4.25903
15.10701,1.00692,0.10264,4.27890
15.12701,1.00696,0.10243,4.29872
15.14701,1.00698,0.10225,4.31851
15.16701,1.00700,0.10209,4.33824
15.18701,1.00701,0.10194,4.35792
15.20701,1.00700,0.10182,4.37757
15.22701,1.00697,0.10171,4.39720
15.24701,1.00693,0.10162,4.41680
15.26701,1.00687,0.10154,4.43635
15.28701,1.00680,0.10148,4.45583
15.30701,1.00672,0.10142,4.47527
15.32701,1.00663,0.10138,4.49465
15.34701,1.00655,0.10134,4.51396
15.36701,1.00646,0.10130,4.53319
15.38701,1.00637,0.10127,4.55234
15.40701,1.00630,0.10124,4.57143
15.42701,1.00624,0.10120,4.59045
15.44701,1.00619,0.10116,4.60943
15.46701,1.00615,0.10112,4.62831
15.48701,1.00614,0.10105,4.64710
15.50701,1.00614,0.10098,4.66582
15.52701,1.00617,0.10088,4.68446
15.54701,1.00621,0.10077,4.70303
15.56701,1.00628,0.10062,4.72150
15.58701,1.00636,0.10045,4.73989
15.60701,1.00647,0.10025,4.75822
15.62701,1.00659,0.10001,4.77648
15.64701,1.00673,0.09972,4.79468
15.66701,1.00689,0.09940,4.81281
15.68701,1.00706,0.09902,4.83086
15.70701,1.00724,0.09860,4.84885
15.72701,1.00742,0.09812,4.86676
15.74701,1.00762,0.09759,4.88460
15.76701,1.00781,0.09700,4.90234
15.78701,1.00801,0.09636,4.91999
15.80701,1.00820,0.09565,4.93757
15.82701,1.00839,0.09489,4.95508
15.84701,1.00857,0.09408,4.97251
15.86701,1.00875,0.09321,4.98984
15.88701,1.00890,0.09229,5.00708
15.90701,1.00905,0.09132,5.02421
15.92701,1.00918,0.09031,5.04124
15.94701,1.00929,0.08927,5.05816
15.96701,1.00938,0.08819,5.07494
15.98701,1.00945,0.08709,5.09160
16.00701,1.00949,0.08597,5.10814
16.02701,1.00952,0.08484,5.12455
16.04701,1.00953,0.08371,5.14083
16.06701,1.00952,0.08259,5.15696
16.08701,1.00948,0.08148,5.17295
16.10701,1.00943,0.08039,5.18879
16.12701,1.00937,0.07933,5.20447
16.14701,1.00929,0.07831,5.21999
16.16701,1.00921,0.07732,5.23533
16.18701,1.00911,0.07638,5.25050
16.20701,1.00900,0.07548,5.26551
16.22701,1.00888,0.07464,5.28035
16.24701,1.00875,0.07385,5.29502
16.26701,1.00860,0.07311,5.30950
16.28701,1.00844,0.07242,5.32380
16.30701,1.00826,0.07179,5.33791
16.32701,1.00807,0.07121,5.35183
16.34701,1.00785,0.07068,5.36556
16.36701,1.00762,0.07019,5.37910
16.38701,1.00736,0.06974,5.39243
16.40701,1.00709,0.06933,5.40558
16.42701,1.00680,0.06895,5.41854
16.44701,1.00650,0.06861,5.43131
16.46701,1.00618,0.06829,5.44388
16.48701,1.00585,0.06800,5.45626
16.50701,1.00551,0.06773,5.46844
16.52701,1.00515,0.06749,5.48043
16.54701,1.00479,0.06726,5.49223
16.56701,1.00443,0.06706,5.50382
16.58701,1.00405,0.06687,5.51522
16.60701,1.00367,0.06671,5.52643
16.62701,1.00329,0.06657,5.53746
16.64701,1.00290,0.06645,5.54829
16.66701,1.00250,0.06635,5.55894
16.68701,1.00211,0.06627,5.56940
16.70701,1.00171,0.06622,5.57967
16.72701,1.00131,0.06618,5.58976
16.74701,1.00091,0.06617,5.59967
16.76701,1.00052,0.06618,5.60939
16.78701,1.00014,0.06622,5.61892
16.80701,0.99977,0.06627,5.62828
16.82701,0.99942,0.06635,5.63746
16.84701,0.99907,0.06645,5.64646
16.86701,0.99875,0.06657,5.65529
16.88701,0.99843,0.06670,5.66394
16.90701,0.99813,0.06686,5.67242
16.92701,0.99785,0.06703,5.68072
16.94701,0.99757,0.06722,5.68885
16.96701,0.99729,0.06743,5.69680
16.98701,0.99703,0.06766,5.70458
17.00701,0.99677,0.06790,5.71220
17.02701,0.99652,0.06815,5.71964
17.04701,0.99628,0.06842,5.72692
17.06701,0.99605,0.06871,5.73402
17.08701,0.99584,0.06902,5.74096
17.10701,0.99566,0.06934,5.74774
17.12701,0.99550,0.06967,5.75435
17.14701,0.99536,0.07002,5.76080
17.16701,0.99525,0.07037,5.76709
17.18701,0.99517,0.07074,5.77323
17.20701,0.99511,0.07111,5.77920
17.22701,0.99507,0.07149,5.78502
17.24701,0.99506,0.07187,5.79069
17.26701,0.99506,0.07225,5.79621
17.28701,0.99509,0.07263,5.80157
17.30701,0.99514,0.07301,5.80679
17.32701,0.99522,0.07339,5.81187
17.34701,0.99532,0.07377,5.81680
17.36701,0.99545,0.07415,5.82159
17.38701,0.99561,0.07452,5.82624
17.40701,0.99580,0.07488,5.83075
17.42701,0.99601,0.07525,5.83512
17.44701,0.99625,0.07560,5.83937
17.46701,0.99652,0.07596,5.84348
17.48701,0.99681,0.07631,5.84746
17.50701,0.99712,0.07665,5.85131
17.52701,0.99745,0.07699,5.85504
17.54701,0.99780,0.07733,5.85864
17.56701,0.99817,0.07766,5.86212
17.58701,0.99855,0.07799,5.86548
17.60701,0.99894,0.07832,5.86872
17.62701,0.99935,0.07864,5.87184
17.64701,0.99977,0.07896,5.87485
17.66701,1.00021,0.07928,5.87774
17.68701,1.00065,0.07960,5.88052
17.70701,1.00111,0.07992,5.88319
17.72701,1.00158,0.08024,5.88574
17.74701,1.00206,0.08056,5.88820
17.76701,1.00254,0.08087,5.89055
17.78701,1.00303,0.08119,5.89279
17.80701,1.00353,0.08150,5.89494
17.82701,1.00403,0.08182,5.89699
17.84701,1.00452,0.08213,5.89895
17.86701,1.00501,0.08244,5.90081
17.88701,1.00550,0.08275,5.90258
17.90701,1.00598,0.08306,5.90427
17.92701,1.00646,0.08337,5.90587
17.94701,1.00693,0.08367,5.90741
17.96701,1.00739,0.08398,5.90888
17.98701,1.00784,0.08428,5.91028
18.00701,1.00829,0.08457,5.91163
18.02701,1.00873,0.08485,5.91291
18.04701,1.00917,0.08513,5.91414
18.06701,1.00960,0.08540,5.91532
18.08701,1.01002,0.08566,5.91645
18.10701,1.01043,0.08591,5.91754
18.12701,1.01083,0.08614,5.91859
18.14701,1.01121,0.08637,5.91960
18.16701,1.01157,0.08658,5.92058
18.18701,1.01190,0.08678,5.92152
18.20701,1.01221,0.08697,5.92244
18.22701,1.01250,0.08715,5.92334
18.24701,1.01278,0.08732,5.92421
18.26701,1.01304,0.08748,5.92506
18.28701,1.01328,0.08763,5.92589
18.30701,1.01351,0.08777,5.92671
18.32701,1.01373,0.08790,5.92751
18.34701,1.01393,0.08803,5.92829
18.36701,1.01412,0.08816,5.92906
18.38701,1.01429,0.08828,5.92982
18.40701,1.01444,0.08839,5.93057
18.42701,1.01457,0.08850,5.93130
18.44701,1.01468,0.08861,5.93202
18.46701,1.01477,0.08872,5.93273
18.48701,1.01485,0.08882,5.93342
18.50701,1.01491,0.08892,5.93410
18.52701,1.01496,0.08902,5.93478
18.54701,1.01500,0.08912,5.93544
18.56701,1.01502,0.08921,5.93609
18.58701,1.01504,0.08930,5.93672
18.60701,1.01505,0.08940,5.93735
18.62701,1.01505,0.08949,5.93797
18.64701,1.01504,0.08959,5.93858
18.66701,1.01501,0.08970,5.93917
18.68701,1.01497,0.08981,5.93976
18.70701,1.01491,0.08992,5.94034
18.72701,1.01484,0.09004,5.94091
18.74701,1.01476,0.09016,5.94147
18.76701,1.01467,0.09029,5.94202
18.78701,1.01458,0.09044,5.94256
18.80701,1.01447,0.09059,5.94310
18.82701,1.01436,0.09075,5.94362
18.84701,1.01425,0.09092,5.94414
18.86701,1.01413,0.09111,5.94466
18.88701,1.01400,0.09131,5.94517
18.90701,1.01386,0.09151,5.94568
18.92701,1.01371,0.09173,5.94618
18.94701,1.01354,0.09195,5.94668
18.96701,1.01336,0.09219,5.94718
18.98701,1.01316,0.09242,5.94767
19.00701,1.01295,0.09265,5.94816
19.02701,1.01271,0.09289,5.94865
19.04701,1.01246,0.09312,5.94914
19.06701,1.01219,0.09334,5.94962
19.08701,1.01189,0.09355,5.95010
19.10701,1.01158,0.09375,5.95057
19.12701,1.01125,0.09393,5.95104
19.14701,1.01089,0.09411,5.95151
19.16701,1.01052,0.09426,5.95198
19.18701,1.01013,0.09440,5.95244
19.20701,1.00973,0.09452,5.95290
19.22701,1.00932,0.09463,5.95335
19.24701,1.00890,0.09471,5.95381
19.26701,1.00847,0.09478,5.95426
19.28701,1.00804,0.09483,5.95471
19.30701,1.00760,0.09487,5.95515
19.32701,1.00715,0.09488,5.95559
19.34701,1.00670,0.09488,5.95603
19.36701,1.00624,0.09486,5.95646
19.38701,1.00579,0.09483,5.95689
19.40701,1.00535,0.09477,5.95731
19.42701,1.00491,0.09471,5.95772
19.44701,1.00448,0.09463,5.95813
19.46701,1.00407,0.09453,5.95853
19.48701,1.00368,0.09442,5.95892
19.50701,1.00332,0.09429,5.95930
19.52701,1.00299,0.09415,5.95967
19.54701,1.00269,0.09399,5.96003
19.56701,1.00243,0.09383,5.96038
19.58701,1.00220,0.09364,5.96071
19.60701,1.00200,0.09345,5.96103
19.62701,1.00181,0.09325,5.96134
19.64701,1.00164,0.09304,5.96164
19.66701,1.00147,0.09282,5.96191
19.68701,1.00132,0.09261,5.96218
19.70701,1.00117,0.09239,5.96243
19.72701,1.00102,0.09217,5.96266
19.74701,1.00090,0.09196,5.96288
19.76701,1.00079,0.09174,5.96308
19.78701,1.00070,0.09153,5.96327
19.80701,1.00064,0.09132,5.96344
19.82701,1.00061,0.09112,5.96360
19.84701,1.00061,0.09092,5.96374
19.86701,1.00063,0.09072,5.96387
19.88701,1.00067,0.09053,5.96398
19.90701,1.00072,0.09033,5.96408
19.92701,1.00078,0.09012,5.96416
19.94701,1.00084,0.08992,5.96423
19.96701,1.00089,0.08971,5.96428
19.98701,1.00095,0.08949,5.96432
20.00701,1.00101,0.08927,5.96435
20.02701,1.00107,0.08904,5.96436
20.04701,1.00114,0.08880,5.96437
20.06701,1.00123,0.08856,5.96436
20.08701,1.00135,0.08832,5.96434
20.10701,1.00149,0.08807,5.96431
20.12701,1.00166,0.08782,5.96428
20.14701,1.00185,0.08756,5.96424
20.16701,1.00206,0.08731,5.96420
20.18701,1.00227,0.08705,5.96416
20.20701,1.00249,0.08680,5.96412
20.22701,1.00271,0.08655,5.96407
20.24701,1.00291,0.08630,5.96403
20.26701,1.00310,0.08606,5.96398
20.28701,1.00328,0.08583,5.96394
20.30701,1.00346,0.08561,5.96390
20.32701,1.00364,0.08539,5.96387
20.34701,1.00384,0.08518,5.96385
20.36701,1.00405,0.08498,5.96383
20.38701,1.00429,0.08478,5.96382
20.40701,1.00454,0.08459,5.96382
20.42701,1.00482,0.08441,5.96383
20.44701,1.00510,0.08422,5.96385
20.46701,1.00538,0.08404,5.96389
20.48701,1.00566,0.08387,5.96394
20.50701,1.00592,0.08369,5.96401
20.52701,1.00617,0.08352,5.96409
20.54701,1.00641,0.08335,5.96419
20.56701,1.00665,0.08319,5.96430
20.58701,1.00687,0.08303,5.96443
20.60701,1.00710,0.08288,5.96458
20.62701,1.00734,0.08274,5.96475
20.64701,1.00759,0.08260,5.96494
20.66701,1.00785,0.08247,5.96514
20.68701,1.00813,0.08235,5.96537
20.70701,1.00842,0.08224,5.96561
20.72701,1.00874,0.08215,5.96588
20.74701,1.00909,0.08208,5.96616
20.76701,1.00949,0.08204,5.96647
20.78701,1.00994,0.08203,5.96680
20.80701,1.01040,0.08205,5.96715
20.82701,1.01088,0.08209,5.96752
20.84701,1.01131,0.08215,5.96792
20.86701,1.01169,0.08221,5.96833
20.88701,1.01199,0.08228,5.96877
20.90701,1.01221,0.08234,5.96921
20.92701,1.01236,0.08240,5.96967
20.94701,1.01245,0.08246,5.97015
20.96701,1.01252,0.08251,5.97063
20.98701,1.01260,0.08256,5.97113
21.00701,1.01272,0.08261,5.97164
21.02701,1.01288,0.08267,5.97216
21.04701,1.01310,0.08274,5.97268
21.06701,1.01337,0.08282,5.97321
21.08701,1.01368,0.08292,5.97373
21.10701,1.01402,0.08304,5.97426
21.12701,1.01435,0.08317,5.97479
21.14701,1.01464,0.08331,5.97532
21.16701,1.01488,0.08347,5.97585
21.18701,1.01505,0.08363,5.97638
21.20701,1.01515,0.08380,5.97689
21.22701,1.01520,0.08397,5.97740
21.24701,1.01521,0.08413,5.97790
21.26701,1.01523,0.08429,5.97839
21.28701,1.01527,0.08443,5.97888
21.30701,1.01537,0.08457,5.97935
21.32701,1.01553,0.08469,5.97981
21.34701,1.01575,0.08480,5.98025
21.36701,1.01602,0.08489,5.98068
21.38701,1.01632,0.08497,5.98109
21.40701,1.01664,0.08504,5.98148
21.42701,1.01693,0.08508,5.98186
21.44701,1.01718,0.08511,5.98223
21.46701,1.01737,0.08513,5.98257
21.48701,1.01750,0.08513,5.98289
21.50701,1.01758,0.08511,5.98319
21.52701,1.01760,0.08508,5.98347
21.54701,1.01760,0.08504,5.98373
21.56701,1.01761,0.08498,5.98397
21.58701,1.01766,0.08491,5.98420
21.60701,1.01777,0.08483,5.98441
21.62701,1.01795,0.08474,5.98461
21.64701,1.01820,0.08463,5.98480
21.66701,1.01849,0.08451,5.98497
21.68701,1.01881,0.08438,5.98513
21.70701,1.01912,0.08424,5.98529
21.72701,1.01941,0.08408,5.98544
21.74701,1.01963,0.08390,5.98558
21.76701,1.01977,0.08372,5.98572
21.78701,1.01985,0.08352,5.98586
21.80701,1.01986,0.08331,5.98599
21.82701,1.01982,0.08310,5.98611
21.84701,1.01975,0.08289,5.98623
21.86701,1.01969,0.08268,5.98636
21.88701,1.01969,0.08247,5.98649
21.90701,1.01976,0.08227,5.98663
21.92701,1.01990,0.08208,5.98678
21.94701,1.02010,0.08190,5.98692
21.96701,1.02033,0.08172,5.98707
21.98701,1.02056,0.08155,5.98724
22.00701,1.02075,0.08137,5.98741
22.02701,1.02089,0.08120,5.98759
22.04701,1.02093,0.08101,5.98778
22.06701,1.02088,0.08083,5.98797
22.08701,1.02075,0.08063,5.98816
22.10701,1.02055,0.08043,5.98836
22.12701,1.02031,0.08022,5.98856
22.14701,1.02008,0.08001,5.98878
22.16701,1.01989,0.07981,5.98901
22.18701,1.01977,0.07961,5.98924
22.20701,1.01974,0.07942,5.98948
22.22701,1.01977,0.07924,5.98972
22.24701,1.01984,0.07905,5.98996
22.26701,1.01991,0.07886,5.99022
22.28701,1.01993,0.07865,5.99050
22.30701,1.01989,0.07842,5.99078
22.32701,1.01977,0.07819,5.99108
22.34701,1.01956,0.07794,5.99138
22.36701,1.01927,0.07770,5.99169
22.38701,1.01892,0.07746,5.99201
22.40701,1.01853,0.07723,5.99233
22.42701,1.01814,0.07700,5.99266
22.44701,1.01779,0.07679,5.99301
22.46701,1.01749,0.07659,5.99336
22.48701,1.01725,0.07640,5.99372
22.50701,1.01706,0.07621,5.99408
22.52701,1.01692,0.07602,5.99444
22.54701,1.01677,0.07582,5.99481
22.56701,1.01659,0.07561,5.99519
22.58701,1.01635,0.07538,5.99558
22.60701,1.01604,0.07513,5.99598
22.62701,1.01565,0.07486,5.99637
22.64701,1.01520,0.07458,5.99677
22.66701,1.01472,0.07429,5.99717
22.68701,1.01423,0.07400,5.99757
22.70701,1.01376,0.07371,5.99797
22.72701,1.01332,0.07342,5.99838
22.74701,1.01293,0.07315,5.99878
22.76701,1.01260,0.07289,5.99919
22.78701,1.01231,0.07264,5.99959
22.80701,1.01205,0.07238,5.99999
22.82701,1.01181,0.07212,6.00039
22.84701,1.01155,0.07185,6.00080
22.86701,1.01125,0.07156,6.00121
22.88701,1.01089,0.07126,6.00162
22.90701,1.01046,0.07093,6.00203
22.92701,1.00997,0.07060,6.00245
22.94701,1.00945,0.07027,6.00288
22.96701,1.00892,0.06995,6.00331
22.98701,1.00840,0.06965,6.00375
23.00701,1.00793,0.06937,6.00421
23.02701,1.00749,0.06912,6.00468
23.04701,1.00713,0.06890,6.00516
23.06701,1.00682,0.06869,6.00566
23.08701,1.00656,0.06849,6.00618
23.10701,1.00634,0.06829,6.00671
23.12701,1.00615,0.06807,6.00726
23.14701,1.00596,0.06783,6.00783
23.16701,1.00577,0.06757,6.00841
23.18701,1.00555,0.06728,6.00899
23.20701,1.00532,0.06698,6.00957
23.22701,1.00508,0.06666,6.01016
23.24701,1.00484,0.06636,6.01074
23.26701,1.00463,0.06608,6.01131
23.28701,1.00448,0.06585,6.01186
23.30701,1.00437,0.06568,6.01240
23.32701,1.00434,0.06558,6.01291
23.34701,1.00437,0.06554,6.01339
23.36701,1.00447,0.06556,6.01384
23.38701,1.00462,0.06564,6.01425
23.40701,1.00481,0.06575,6.01461
23.42701,1.00502,0.06589,6.01493
23.44701,1.00525,0.06602,6.01519
23.46701,1.00549,0.06615,6.01541
23.48701,1.00575,0.06625,6.01557
23.50701,1.00602,0.06633,6.01569
23.52701,1.00633,0.06639,6.01576
23.54701,1.00670,0.06645,6.01578
23.56701,1.00716,0.06652,6.01577
23.58701,1.00772,0.06663,6.01572
23.60701,1.00838,0.06678,6.01564
23.62701,1.00914,0.06698,6.01554
23.64701,1.01001,0.06725,6.01542
23.66701,1.01097,0.06760,6.01528
23.68701,1.01201,0.06801,6.01513
23.70701,1.01312,0.06847,6.01497
23.72701,1.01427,0.06899,6.01481
23.74701,1.01546,0.06953,6.01465
23.76701,1.01670,0.07010,6.01450
23.78701,1.01798,0.07070,6.01435
23.80701,1.01930,0.07132,6.01421
23.82701,1.02068,0.07197,6.01408
23.84701,1.02216,0.07268,6.01397
23.86701,1.02375,0.07347,6.01388
23.88701,1.02547,0.07437,6.01381
23.90701,1.02732,0.07537,6.01375
23.92701,1.02930,0.07649,6.01370
23.94701,1.03140,0.07775,6.01367
23.96701,1.03362,0.07915,6.01366
23.98701,1.03592,0.08066,6.01367
24.00701,1.03828,0.08227,6.01370
24.02701,1.04069,0.08398,6.01375
24.04701,1.04313,0.08579,6.01383
24.06701,1.04562,0.08769,6.01391
24.08701,1.04816,0.08970,6.01402
24.10701,1.05074,0.09182,6.01414
24.12701,1.05338,0.09407,6.01428
24.14701,1.05612,0.09647,6.01444
24.16701,1.05897,0.09905,6.01461
24.18701,1.06194,0.10181,6.01479
24.20701,1.06501,0.10475,6.01498
24.22701,1.06820,0.10785,6.01518
24.24701,1.07148,0.11111,6.01538
24.26701,1.07487,0.11454,6.01559
24.28701,1.07834,0.11810,6.01581
24.30701,1.08189,0.12181,6.01604
24.32701,1.08551,0.12564,6.01628
24.34701,1.08917,0.12955,6.01655
24.36701,1.09286,0.13355,6.01684
24.38701,1.09661,0.13766,6.01715
24.40701,1.10047,0.14195,6.01748
24.42701,1.10447,0.14644,6.01783
24.44701,1.10867,0.15120,6.01820
24.46701,1.11310,0.15626,6.01858
24.48701,1.11775,0.16161,6.01895
24.50701,1.12262,0.16722,6.01932
24.52701,1.12767,0.17304,6.01970
24.54701,1.13286,0.17904,6.02008
24.56701,1.13815,0.18515,6.02047
24.58701,1.14348,0.19132,6.02089
24.60701,1.14881,0.19750,6.02132
24.62701,1.15415,0.20370,6.02177
24.64701,1.15949,0.20995,6.02222
24.66701,1.16490,0.21630,6.02269
24.68701,1.17043,0.22280,6.02317
24.70701,1.17610,0.22950,6.02365
24.72701,1.18197,0.23641,6.02414
24.74701,1.18811,0.24363,6.02464
24.76701,1.19454,0.25113,6.02514
24.78701,1.20126,0.25890,6.02564
24.80701,1.20824,0.26687,6.02615
24.82701,1.21543,0.27500,6.02668
24.84701,1.22278,0.28323,6.02723
24.86701,1.23027,0.29152,6.02782
24.88701,1.23784,0.29983,6.02843
24.90701,1.24549,0.30816,6.02907
24.92701,1.25320,0.31651,6.02974
24.94701,1.26104,0.32495,6.03044
24.96701,1.26903,0.33354,6.03117
24.98701,1.27721,0.34229,6.03193
25.00701,1.28557,0.35122,6.03272
25.02701,1.29412,0.36029,6.03353
25.04701,1.30280,0.36948,6.03439
25.06701,1.31162,0.37875,6.03529
25.08701,1.32063,0.38817,6.03625
25.10701,1.32991,0.39780,6.03726
25.12701,1.33952,0.40767,6.03830
25.14701,1.34953,0.41785,6.03938
25.16701,1.35994,0.42831,6.04048
25.18701,1.37069,0.43898,6.04162
25.20701,1.38172,0.44980,6.04281
25.22701,1.39294,0.46070,6.04406
25.24701,1.40429,0.47161,6.04536
25.26701,1.41571,0.48248,6.04672
25.28701,1.42715,0.49330,6.04813
25.30701,1.43859,0.50405,6.04958
25.32701,1.45007,0.51478,6.05108
25.34701,1.46168,0.52560,6.05263
25.36701,1.47349,0.53658,6.05421
25.38701,1.48556,0.54778,6.05582
25.40701,1.49789,0.55921,6.05744
25.42701,1.51050,0.57089,6.05906
25.44701,1.52343,0.58284,6.06068
25.46701,1.53666,0.59505,6.06229
25.48701,1.55016,0.60748,6.06391
25.50701,1.56389,0.62008,6.06555
25.52701,1.57780,0.63280,6.06719
25.54701,1.59186,0.64561,6.06885
25.56701,1.60605,0.65848,6.07052
25.58701,1.62033,0.67137,6.07221
25.60701,1.63467,0.68424,6.07393
25.62701,1.64909,0.69712,6.07568
25.64701,1.66367,0.71006,6.07745
25.66701,1.67849,0.72314,6.07923
25.68701,1.69360,0.73641,6.08103
25.70701,1.70904,0.74990,6.08282
25.72701,1.72482,0.76363,6.08460
25.74701,1.74099,0.77765,6.08637
25.76701,1.75752,0.79195,6.08812
25.78701,1.77436,0.80647,6.08986
25.80701,1.79147,0.82118,6.09161
25.82701,1.80876,0.83602,6.09337
25.84701,1.82611,0.85087,6.09521
25.86701,1.84347,0.86567,6.09711
25.88701,1.86087,0.88046,6.09906
25.90701,1.87838,0.89527,6.10104
25.92701,1.89605,0.91013,6.10305
25.94701,1.91388,0.92505,6.10511
25.96701,1.93196,0.94011,6.10721
25.98701,1.95052,0.95546,6.10936
26.00701,1.96974,0.97128,6.11153
26.02701,1.98968,0.98760,6.11369
26.04701,2.01042,1.00447,6.11581
26.06701,2.03183,1.02182,6.11791
26.08701,2.05371,1.03948,6.12003
26.10701,2.07588,1.05730,6.12219
26.12701,2.09815,1.07515,6.12442
26.14701,2.12033,1.09286,6.12673
26.16701,2.14235,1.11039,6.12910
26.18701,2.16415,1.12770,6.13152
26.20701,2.18569,1.14477,6.13401
26.22701,2.20711,1.16171,6.13654
26.24701,2.22866,1.17872,6.13912
26.26701,2.25055,1.19597,6.14173
26.28701,2.27296,1.21363,6.14435
26.30701,2.29598,1.23175,6.14691
26.32701,2.31963,1.25036,6.14942
26.34701,2.34393,1.26947,6.15184
26.36701,2.36877,1.28901,6.15421
26.38701,2.39396,1.30880,6.15658
26.40701,2.41929,1.32870,6.15898
26.42701,2.44462,1.34857,6.16142
26.44701,2.46979,1.36830,6.16391
26.46701,2.49479,1.38786,6.16644
26.48701,2.51961,1.40724,6.16897
26.50701,2.54429,1.42647,6.17152
26.52701,2.56901,1.44568,6.17410
26.54701,2.59400,1.46504,6.17668
26.56701,2.61941,1.48466,6.17926
26.58701,2.64531,1.50461,6.18180
26.60701,2.67171,1.52489,6.18427
26.62701,2.69858,1.54547,6.18668
26.64701,2.72588,1.56633,6.18903
26.66701,2.75351,1.58740,6.19134
26.68701,2.78135,1.60856,6.19365
26.70701,2.80928,1.62974,6.19597
26.72701,2.83726,1.65090,6.19828
26.74701,2.86525,1.67200,6.20058
26.76701,2.89326,1.69306,6.20287
26.78701,2.92130,1.71407,6.20517
26.80701,2.94933,1.73501,6.20748
26.82701,2.97745,1.75593,6.20980
26.84701,3.00579,1.77694,6.21214
26.86701,3.03448,1.79811,6.21449
26.88701,3.06358,1.81949,6.21683
26.90701,3.09311,1.84110,6.21914
26.92701,3.12307,1.86291,6.22141
26.94701,3.15346,1.88494,6.22365
26.96701,3.18422,1.90713,6.22587
26.98701,3.21521,1.92937,6.22811
27.00701,3.24631,1.95158,6.23040
27.02701,3.27744,1.97370,6.23272
27.04701,3.30856,1.99569,6.23507
27.06701,3.33967,2.01757,6.23744
27.08701,3.37080,2.03934,6.23982
27.10701,3.40195,2.06102,6.24222
27.12701,3.43315,2.08262,6.24464
27.14701,3.46434,2.10412,6.24711
27.16701,3.49562,2.12558,6.24964
27.18701,3.52718,2.14712,6.25222
27.20701,3.55920,2.16886,6.25484
27.22701,3.59179,2.19088,6.25749
27.24701,3.62512,2.21326,6.26015
27.26701,3.65914,2.23597,6.26281
27.28701,3.69371,2.25892,6.26547
27.30701,3.72869,2.28201,6.26816
27.32701,3.76391,2.30512,6.27087
27.34701,3.79912,2.32811,6.27365
27.36701,3.83421,2.35088,6.27646
27.38701,3.86900,2.37336,6.27933
27.40701,3.90340,2.39547,6.28225
27.42701,3.93747,2.41728,6.28522
27.44701,3.97137,2.43887,6.28820
27.46701,4.00531,2.46038,6.29121
27.48701,4.03945,2.48191,6.29421
27.50701,4.07389,2.50353,6.29719
27.52701,4.10864,2.52523,6.30013
27.54701,4.14362,2.54699,6.30304
27.56701,4.17881,2.56879,6.30592
27.58701,4.21428,2.59066,6.30877
27.60701,4.25015,2.61264,6.31158
27.62701,4.28644,2.63476,6.31434
27.64701,4.32320,2.65699,6.31703
27.66701,4.36035,2.67931,6.31967
27.68701,4.39777,2.70162,6.32229
27.70701,4.43533,2.72384,6.32489
27.72701,4.47291,2.74592,6.32749
27.74701,4.51040,2.76777,6.33008
27.76701,4.54776,2.78941,6.33265
27.78701,4.58493,2.81079,6.33522
27.80701,4.62184,2.83189,6.33780
27.82701,4.65855,2.85276,6.34037
27.84701,4.69522,2.87347,6.34295
27.86701,4.73199,2.89411,6.34554
27.88701,4.76897,2.91476,6.34812
27.90701,4.80623,2.93543,6.35067
27.92701,4.84380,2.95617,6.35319
27.94701,4.88177,2.97699,6.35567
27.96701,4.92010,2.99790,6.35812
27.98701,4.95867,3.01883,6.36056
28.00701,4.99737,3.03971,6.36301
28.02701,5.03611,3.06049,6.36545
28.04701,5.07477,3.08112,6.36790
28.06701,5.11333,3.10156,6.37034
28.08701,5.15174,3.12180,6.37277
28.10701,5.18997,3.14181,6.37519
28.12701,5.22810,3.16162,6.37761
28.14701,5.26624,3.18127,6.38002
28.16701,5.30451,3.20081,6.38244
28.18701,5.34297,3.22027,6.38484
28.20701,5.38164,3.23967,6.38722
28.22701,5.42050,3.25899,6.38959
28.24701,5.45940,3.27817,6.39198
28.26701,5.49825,3.29720,6.39440
28.28701,5.53711,3.31608,6.39683
28.30701,5.57604,3.33484,6.39928
28.32701,5.61506,3.35348,6.40174
28.34701,5.65408,3.37195,6.40423
28.36701,5.69308,3.39027,6.40673
28.38701,5.73218,3.40846,6.40926
28.40701,5.77148,3.42655,6.41181
28.42701,5.81105,3.44455,6.41436
28.44701,5.85098,3.46249,6.41693
28.46701,5.89126,3.48035,6.41949
28.48701,5.93180,3.49810,6.42205
28.50701,5.97252,3.51569,6.42462
28.52701,6.01332,3.53310,6.42720
28.54701,6.05405,3.55026,6.42979
28.56701,6.09462,3.56714,6.43240
28.58701,6.13492,3.58372,6.43503
28.60701,6.17485,3.59996,6.43769
28.62701,6.21440,3.61587,6.44035
28.64701,6.25367,3.63149,6.44302
28.66701,6.29276,3.64686,6.44571
28.68701,6.33178,3.66201,6.44841
28.70701,6.37078,3.67698,6.45111
28.72701,6.40985,3.69178,6.45382
28.74701,6.44910,3.70644,6.45653
28.76701,6.48855,3.72097,6.45925
28.78701,6.52818,3.73536,6.46195
28.80701,6.56792,3.74958,6.46465
28.82701,6.60769,3.76361,6.46734
28.84701,6.64740,3.77741,6.47003
28.86701,6.68698,3.79096,6.47272
28.88701,6.72629,3.80421,6.47542
28.90701,6.76524,3.81714,6.47812
28.92701,6.80383,3.82975,6.48081
28.94701,6.84210,3.84204,6.48349
28.96701,6.88012,3.85404,6.48616
28.98701,6.91798,3.86576,6.48883
29.00701,6.95572,3.87722,6.49148
29.02701,6.99343,3.88844,6.49412
29.04701,7.03121,3.89943,6.49677
29.06701,7.06910,3.91022,6.49941
29.08701,7.10706,3.92079,6.50204
29.10701,7.14502,3.93114,6.50466
29.12701,7.18293,3.94127,6.50727
29.14701,7.22073,3.95115,6.50987
29.16701,7.25839,3.96078,6.51244
29.18701,7.29585,3.97014,6.51501
29.20701,7.33306,3.97924,6.51755
29.22701,7.37003,3.98805,6.52007
29.24701,7.40681,3.99659,6.52256
29.26701,7.44345,4.00486,6.52504
29.28701,7.47995,4.01285,6.52751
29.30701,7.51631,4.02058,6.52996
29.32701,7.55256,4.02803,6.53239
29.34701,7.58874,4.03520,6.53481
29.36701,7.62489,4.04211,6.53721
29.38701,7.66099,4.04875,6.53960
29.40701,7.69700,4.05511,6.54197
29.42701,7.73293,4.06120,6.54433
29.44701,7.76876,4.06701,6.54667
29.46701,7.80452,4.07254,6.54898
29.48701,7.84018,4.07779,6.55127
29.50701,7.87573,4.08275,6.55354
29.52701,7.91117,4.08742,6.55579
29.54701,7.94652,4.09179,6.55802
29.56701,7.98180,4.09585,6.56023
29.58701,8.01697,4.09962,6.56243
29.60701,8.05200,4.10309,6.56462
29.62701,8.08688,4.10625,6.56680
29.64701,8.12164,4.10911,6.56896
29.66701,8.15628,4.11167,6.57110
29.68701,8.19082,4.11391,6.57324
29.70701,8.22525,4.11585,6.57536
29.72701,8.25954,4.11749,6.57748
29.74701,8.29361,4.11886,6.57962
29.76701,8.32746,4.11995,6.58176
29.78701,8.36113,4.12075,6.58392
29.80701,8.39470,4.12126,6.58609
29.82701,8.42824,4.12145,6.58827
29.84701,8.46182,4.12130,6.59047
29.86701,8.49547,4.12080,6.59266
29.88701,8.52915,4.11994,6.59485
29.90701,8.56283,4.11875,6.59703
29.92701,8.59644,4.11721,6.59920
29.94701,8.62989,4.11535,6.60137
29.96701,8.66313,4.11317,6.60354
29.98701,8.69603,4.11071,6.60572
30.00701,8.72853,4.10800,6.60790
30.02701,8.76061,4.10505,6.61008
30.04701,8.79230,4.10186,6.61224
30.06701,8.82366,4.09842,6.61441
30.08701,8.85476,4.09472,6.61658
30.10701,8.88563,4.09076,6.61874
30.12701,8.91634,4.08654,6.62090
30.14701,8.94697,4.08200,6.62308
30.16701,8.97755,4.07715,6.62526
30.18701,9.00807,4.07200,6.62744
30.20701,9.03848,4.06656,6.62961
30.22701,9.06873,4.06084,6.63179
30.24701,9.09877,4.05484,6.63397
30.26701,9.12854,4.04858,6.63614
30.28701,9.15800,4.04207,6.63830
30.30701,9.18710,4.03532,6.64045
30.32701,9.21585,4.02833,6.64258
30.34701,9.24425,4.02107,6.64470
30.36701,9.27235,4.01352,6.64679
30.38701,9.30015,4.00570,6.64887
30.40701,9.32765,3.99760,6.65093
30.42701,9.35486,3.98922,6.65297
30.44701,9.38184,3.98054,6.65500
30.46701,9.40861,3.97155,6.65702
30.48701,9.43518,3.96224,6.65901
30.50701,9.46154,3.95264,6.66098
30.52701,9.48768,3.94275,6.66293
30.54701,9.51359,3.93256,6.66485
30.56701,9.53924,3.92210,6.66674
30.58701,9.56460,3.91139,6.66863
30.60701,9.58961,3.90048,6.67050
30.62701,9.61427,3.88937,6.67236
30.64701,9.63858,3.87807,6.67419
30.66701,9.66254,3.86656,6.67600
30.68701,9.68619,3.85482,6.67780
30.70701,9.70953,3.84285,6.67957
30.72701,9.73259,3.83063,6.68132
30.74701,9.75542,3.81810,6.68306
30.76701,9.77803,3.80526,6.68477
30.78701,9.80041,3.79211,6.68647
30.80701,9.82256,3.77868,6.68814
30.82701,9.84446,3.76499,6.68979
30.84701,9.86610,3.75103,6.69142
30.86701,9.88747,3.73682,6.69301
30.88701,9.90855,3.72239,6.69458
30.90701,9.92934,3.70775,6.69612
30.92701,9.94984,3.69290,6.69763
30.94701,9.97007,3.67784,6.69912
30.96701,9.99006,3.66254,6.70058
30.98701,10.00978,3.64703,6.70201
31.00701,10.02925,3.63134,6.70343
31.02701,10.04846,3.61547,6.70483
31.04701,10.06744,3.59939,6.70620
31.06701,10.08621,3.58310,6.70756
31.08701,10.10478,3.56659,6.70889
31.10701,10.12316,3.54985,6.71020
31.12701,10.14135,3.53288,6.71148
31.14701,10.15936,3.51567,6.71275
31.16701,10.17719,3.49820,6.71398
31.18701,10.19482,3.48050,6.71521
31.20701,10.21223,3.46262,6.71642
31.22701,10.22942,3.44458,6.71761
31.24701,10.24637,3.42636,6.71879
31.26701,10.26311,3.40797,6.71994
31.28701,10.27963,3.38941,6.72108
31.30701,10.29593,3.37068,6.72220
31.32701,10.31202,3.35177,6.72330
31.34701,10.32793,3.33265,6.72439
31.36701,10.34367,3.31329,6.72547
31.38701,10.35923,3.29372,6.72654
31.40701,10.37459,3.27398,6.72761
31.42701,10.38976,3.25409,6.72867
31.44701,10.40474,3.23403,6.72972
31.46701,10.41953,3.21381,6.73076
31.48701,10.43413,3.19344,6.73178
31.50701,10.44854,3.17293,6.73280
31.52701,10.46276,3.15227,6.73381
31.54701,10.47682,3.13144,6.73482
31.56701,10.49072,3.11042,6.73583
31.58701,10.50445,3.08924,6.73683
31.60701,10.51801,3.06794,6.73784
31.62701,10.53140,3.04654,6.73886
31.64701,10.54463,3.02503,6.73987
31.66701,10.55771,3.00338,6.74088
31.68701,10.57063,2.98161,6.74188
31.70701,10.58341,2.95973,6.74289
31.72701,10.59605,2.93774,6.74389
31.74701,10.60855,2.91558,6.74489
31.76701,10.62092,2.89327,6.74589
31.78701,10.63315,2.87081,6.74688
31.80701,10.64523,2.84827,6.74789
31.82701,10.65715,2.82564,6.74889
31.84701,10.66891,2.80292,6.74988
31.86701,10.68052,2.78009,6.75086
31.88701,10.69197,2.75715,6.75183
31.90701,10.70326,2.73412,6.75279
31.92701,10.71439,2.71098,6.75374
31.94701,10.72538,2.68769,6.75468
31.96701,10.73623,2.66423,6.75560
31.98701,10.74692,2.64065,6.75652
32.00701,10.75745,2.61697,6.75743
32.02701,10.76782,2.59322,6.75833
32.04701,10.77803,2.56939,6.75922
32.06701,10.78808,2.54548,6.76008
32.08701,10.79796,2.52147,6.76094
32.10701,10.80768,2.49738,6.76177
32.12701,10.81725,2.47320,6.76258
32.14701,10.82665,2.44888,6.76338
32.16701,10.83591,2.42441,6.76417
32.18701,10.84501,2.39981,6.76494
32.20701,10.85393,2.37515,6.76570
32.22701,10.86268,2.35046,6.76646
32.24701,10.87123,2.32584,6.76724
32.26701,10.87958,2.30130,6.76802
32.28701,10.88774,2.27676,6.76881
32.30701,10.89572,2.25211,6.76961
32.32701,10.90354,2.22731,6.77042
32.34701,10.91119,2.20240,6.77121
32.36701,10.91867,2.17737,6.77199
32.38701,10.92599,2.15213,6.77277
32.40701,10.93318,2.12658,6.77353
32.42701,10.94023,2.10069,6.77426
32.44701,10.94714,2.07445,6.77497
32.46701,10.95391,2.04792,6.77566
32.48701,10.96051,2.02123,6.77633
32.50701,10.96691,1.99448,6.77701
32.52701,10.97312,1.96778,6.77767
32.54701,10.97912,1.94123,6.77834
32.56701,10.98490,1.91488,6.77898
32.58701,10.99047,1.88876,6.77962
32.60701,10.99583,1.86293,6.78024
32.62701,11.00099,1.83731,6.78085
32.64701,11.00598,1.81177,6.78146
32.66701,11.01082,1.78618,6.78207
32.68701,11.01554,1.76042,6.78267
32.70701,11.02015,1.73444,6.78326
32.72701,11.02466,1.70821,6.78381
32.74701,11.02907,1.68169,6.78434
32.76701,11.03337,1.65494,6.78484
32.78701,11.03755,1.62806,6.78533
32.80701,11.04159,1.60117,6.78582
32.82701,11.04548,1.57435,6.78630
32.84701,11.04920,1.54768,6.78677
32.86701,11.05275,1.52120,6.78723
32.88701,11.05612,1.49492,6.78766
32.90701,11.05931,1.46883,6.78807
32.92701,11.06232,1.44286,6.78847
32.94701,11.06518,1.41687,6.78887
32.96701,11.06788,1.39075,6.78927
32.98701,11.07046,1.36445,6.78965
33.00701,11.07291,1.33798,6.79000
33.02701,11.07525,1.31133,6.79032
33.04701,11.07748,1.28451,6.79061
33.06701,11.07960,1.25754,6.79086
33.08701,11.08162,1.23051,6.79110
33.10701,11.08354,1.20348,6.79133
33.12701,11.08534,1.17648,6.79154
33.14701,11.08705,1.14955,6.79174
33.16701,11.08864,1.12270,6.79191
33.18701,11.09015,1.09596,6.79208
33.20701,11.09155,1.06936,6.79225
33.22701,11.09287,1.04284,6.79241
33.24701,11.09410,1.01631,6.79257
33.26701,11.09526,0.98970,6.79274
33.28701,11.09635,0.96294,6.79291
33.30701,11.09738,0.93603,6.79306
33.32701,11.09834,0.90897,6.79320
33.34701,11.09924,0.88173,6.79332
33.36701,11.10008,0.85434,6.79342
33.38701,11.10085,0.82687,6.79353
33.40701,11.10155,0.79941,6.79365
33.42701,11.10218,0.77199,6.79377
33.44701,11.10275,0.74465,6.79389
33.46701,11.10324,0.71738,6.79401
33.48701,11.10366,0.69017,6.79413
33.50701,11.10402,0.66300,6.79424
33.52701,11.10432,0.63583,6.79435
33.54701,11.10456,0.60855,6.79447
33.56701,11.10475,0.58110,6.79459
33.58701,11.10488,0.55347,6.79471
33.60701,11.10495,0.52570,6.79483
33.62701,11.10498,0.49780,6.79494
33.64701,11.10496,0.46980,6.79503
33.66701,11.10488,0.44172,6.79511
33.68701,11.10475,0.41361,6.79519
33.70701,11.10458,0.38552,6.79525
33.72701,11.10436,0.35744,6.79531
33.74701,11.10409,0.32937,6.79535
33.76701,11.10378,0.30128,6.79538
33.78701,11.10342,0.27319,6.79541
33.80701,11.10302,0.24513,6.79543
33.82701,11.10256,0.21706,6.79544
33.84701,11.10206,0.18889,6.79546
33.86701,11.10150,0.16058,6.79547
33.88701,11.10088,0.13214,6.79547
33.90701,11.10020,0.10361,6.79546
33.92701,11.09944,0.07502,6.79544
33.94701,11.09862,0.04639,6.79540
33.96701,11.09772,0.01776,6.79534
33.98701,11.09675,-0.01083,6.79527
34.00701,11.09571,-0.03931,6.79519
34.02701,11.09459,-0.06767,6.79510
34.04701,11.09339,-0.09596,6.79499
34.06701,11.09212,-0.12422,6.79487
34.08701,11.09076,-0.15250,6.79473
34.10701,11.08932,-0.18079,6.79458
34.12701,11.08779,-0.20915,6.79440
34.14701,11.08617,-0.23761,6.79421
34.16701,11.08445,-0.26619,6.79399
34.18701,11.08263,-0.29484,6.79377
34.20701,11.08072,-0.32348,6.79353
34.22701,11.07873,-0.35206,6.79329
34.24701,11.07665,-0.38048,6.79306
34.26701,11.07450,-0.40871,6.79282
34.28701,11.07227,-0.43677,6.79258
34.30701,11.06993,-0.46474,6.79233
34.32701,11.06750,-0.49264,6.79207
34.34701,11.06498,-0.52042,6.79181
34.36701,11.06235,-0.54816,6.79154
34.38701,11.05961,-0.57597,6.79128
34.40701,11.05674,-0.60399,6.79102
34.42701,11.05372,-0.63228,6.79076
34.44701,11.05055,-0.66089,6.79049
34.46701,11.04723,-0.68978,6.79021
34.48701,11.04378,-0.71883,6.78992
34.50701,11.04020,-0.74793,6.78964
34.52701,11.03651,-0.77696,6.78936
34.54701,11.03275,-0.80575,6.78910
34.56701,11.02892,-0.83421,6.78884
34.58701,11.02506,-0.86226,6.78858
34.60701,11.02118,-0.88984,6.78833
34.62701,11.01728,-0.91702,6.78807
34.64701,11.01336,-0.94395,6.78782
34.66701,11.00938,-0.97081,6.78758
34.68701,11.00534,-0.99775,6.78736
34.70701,11.00124,-1.02485,6.78712
34.72701,10.99705,-1.05218,6.78687
34.74701,10.99276,-1.07980,6.78661
34.76701,10.98839,-1.10768,6.78632
34.78701,10.98394,-1.13570,6.78603
34.80701,10.97943,-1.16373,6.78573
34.82701,10.97487,-1.19165,6.78543
34.84701,10.97028,-1.21931,6.78514
34.86701,10.96567,-1.24665,6.78484
34.88701,10.96105,-1.27364,6.78452
34.90701,10.95641,-1.30026,6.78418
34.92701,10.95174,-1.32660,6.78383
34.94701,10.94702,-1.35281,6.78348
34.96701,10.94222,-1.37905,6.78315
34.98701,10.93734,-1.40540,6.78281
35.00701,10.93237,-1.43191,6.78246
35.02701,10.92732,-1.45858,6.78208
35.04701,10.92218,-1.48546,6.78167
35.06701,10.91697,-1.51249,6.78125
35.08701,10.91169,-1.53958,6.78082
35.10701,10.90638,-1.56666,6.78039
35.12701,10.90103,-1.59367,6.77995
35.14701,10.89566,-1.62052,6.77951
35.16701,10.89028,-1.64720,6.77907
35.18701,10.88487,-1.67367,6.77861
35.20701,10.87944,-1.69992,6.77815
35.22701,10.87399,-1.72599,6.77769
35.24701,10.86847,-1.75197,6.77724
35.26701,10.86288,-1.77794,6.77680
35.28701,10.85721,-1.80393,6.77637
35.30701,10.85146,-1.82992,6.77594
35.32701,10.84563,-1.85591,6.77551
35.34701,10.83972,-1.88191,6.77506
35.36701,10.83373,-1.90790,6.77461
35.38701,10.82769,-1.93384,6.77416
35.40701,10.82160,-1.95968,6.77372
35.42701,10.81546,-1.98541,6.77327
35.44701,10.80928,-2.01101,6.77282
35.46701,10.80305,-2.03649,6.77237
35.48701,10.79680,-2.06180,6.77192
35.50701,10.79052,-2.08693,6.77148
35.52701,10.78420,-2.11189,6.77104
35.54701,10.77784,-2.13672,6.77061
35.56701,10.77141,-2.16148,6.77019
35.58701,10.76490,-2.18618,6.76978
35.60701,10.75832,-2.21085,6.76936
35.62701,10.75164,-2.23548,6.76894
35.64701,10.74487,-2.26009,6.76852
35.66701,10.73799,-2.28467,6.76810
35.68701,10.73103,-2.30917,6.76768
35.70701,10.72401,-2.33354,6.76726
35.72701,10.71692,-2.35774,6.76685
35.74701,10.70977,-2.38176,6.76643
35.76701,10.70256,-2.40562,6.76600
35.78701,10.69528,-2.42932,6.76556
35.80701,10.68793,-2.45286,6.76512
35.82701,10.68051,-2.47627,6.76466
35.84701,10.67299,-2.49962,6.76419
35.86701,10.66536,-2.52294,6.76372
35.88701,10.65763,-2.54623,6.76324
35.90701,10.64981,-2.56946,6.76274
35.92701,10.64190,-2.59263,6.76222
35.94701,10.63390,-2.61573,6.76167
35.96701,10.62582,-2.63876,6.76110
35.98701,10.61768,-2.66166,6.76051
36.00701,10.60949,-2.68442,6.75990
36.02701,10.60125,-2.70704,6.75927
36.04701,10.59293,-2.72957,6.75863
36.06701,10.58452,-2.75205,6.75798
36.08701,10.57601,-2.77448,6.75731
36.10701,10.56741,-2.79685,6.75662
36.12701,10.55871,-2.81917,6.75592
36.14701,10.54991,-2.84145,6.75519
36.16701,10.54101,-2.86371,6.75443
36.18701,10.53201,-2.88590,6.75366
36.20701,10.52294,-2.90801,6.75288
36.22701,10.51379,-2.93002,6.75208
36.24701,10.50457,-2.95194,6.75126
36.26701,10.49526,-2.97378,6.75042
36.28701,10.48587,-2.99554,6.74957
36.30701,10.47640,-3.01723,6.74870
36.32701,10.46685,-3.03883,6.74783
36.34701,10.45726,-3.06027,6.74696
36.36701,10.44764,-3.08157,6.74610
36.38701,10.43794,-3.10280,6.74525
36.40701,10.42811,-3.12403,6.74441
36.42701,10.41812,-3.14532,6.74360
36.44701,10.40794,-3.16671,6.74279
36.46701,10.39758,-3.18820,6.74199
36.48701,10.38705,-3.20973,6.74120
36.50701,10.37638,-3.23125,6.74042
36.52701,10.36561,-3.25270,6.73965
36.54701,10.35478,-3.27401,6.73890
36.56701,10.34393,-3.29512,6.73815
36.58701,10.33308,-3.31599,6.73741
36.60701,10.32228,-3.33658,6.73668
36.62701,10.31151,-3.35693,6.73595
36.64701,10.30072,-3.37709,6.73523
36.66701,10.28990,-3.39714,6.73452
36.68701,10.27898,-3.41715,6.73381
36.70701,10.26797,-3.43714,6.73310
36.72701,10.25684,-3.45715,6.73239
36.74701,10.24556,-3.47720,6.73167
36.76701,10.23414,-3.49730,6.73094
36.78701,10.22260,-3.51736,6.73021
36.80701,10.21100,-3.53735,6.72948
36.82701,10.19937,-3.55718,6.72875
36.84701,10.18778,-3.57676,6.72804
36.86701,10.17625,-3.59606,6.72733
36.88701,10.16477,-3.61508,6.72661
36.90701,10.15329,-3.63386,6.72589
36.92701,10.14175,-3.65248,6.72516
36.94701,10.13006,-3.67104,6.72445
36.96701,10.11817,-3.68960,6.72374
36.98701,10.10606,-3.70818,6.72303
37.00701,10.09374,-3.72679,6.72229
37.02701,10.08123,-3.74538,6.72153
37.04701,10.06861,-3.76387,6.72077
37.06701,10.05592,-3.78221,6.72000
37.08701,10.04324,-3.80031,6.71923
37.10701,10.03061,-3.81814,6.71845
37.12701,10.01803,-3.83569,6.71764
37.14701,10.00548,-3.85298,6.71681
37.16701,9.99294,-3.87007,6.71596
37.18701,9.98038,-3.88698,6.71510
37.20701,9.96778,-3.90374,6.71421
37.22701,9.95510,-3.92038,6.71330
37.24701,9.94230,-3.93699,6.71238
37.26701,9.92933,-3.95358,6.71144
37.28701,9.91618,-3.97016,6.71048
37.30701,9.90286,-3.98672,6.70949
37.32701,9.88940,-4.00323,6.70847
37.34701,9.87583,-4.01964,6.70744
37.36701,9.86217,-4.03592,6.70640
37.38701,9.84849,-4.05199,6.70534
37.40701,9.83484,-4.06781,6.70428
37.42701,9.82121,-4.08337,6.70320
37.44701,9.80761,-4.09868,6.70210
37.46701,9.79399,-4.11377,6.70098
37.48701,9.78033,-4.12868,6.69984
37.50701,9.76659,-4.14343,6.69869
37.52701,9.75273,-4.15808,6.69752
37.54701,9.73868,-4.17266,6.69636
37.56701,9.72443,-4.18722,6.69518
37.58701,9.70998,-4.20174,6.69399
37.60701,9.69538,-4.21620,6.69278
37.62701,9.68064,-4.23058,6.69157
37.64701,9.66582,-4.24482,6.69034
37.66701,9.65094,-4.25891,6.68911
37.68701,9.63606,-4.27281,6.68787
37.70701,9.62119,-4.28650,6.68662
37.72701,9.60633,-4.29998,6.68535
37.74701,9.59146,-4.31327,6.68407
37.76701,9.57652,-4.32639,6.68278
37.78701,9.56152,-4.33938,6.68148
37.80701,9.54644,-4.35222,6.68016
37.82701,9.53127,-4.36495,6.67884
37.84701,9.51595,-4.37758,6.67750
37.86701,9.50049,-4.39015,6.67616
37.88701,9.48488,-4.40263,6.67480
37.90701,9.46915,-4.41502,6.67343
37.92701,9.45330,-4.42732,6.67205
37.94701,9.43737,-4.43950,6.67066
37.96701,9.42138,-4.45154,6.66926
37.98701,9.40538,-4.46342,6.66788
38.00701,9.38942,-4.47511,6.66650
38.02701,9.37349,-4.48661,6.66511
38.04701,9.35759,-4.49794,6.66373
38.06701,9.34168,-4.50911,6.66235
38.08701,9.32572,-4.52013,6.66097
38.10701,9.30971,-4.53103,6.65959
38.12701,9.29361,-4.54181,6.65820
38.14701,9.27738,-4.55249,6.65682
38.16701,9.26100,-4.56308,6.65545
38.18701,9.24449,-4.57358,6.65407
38.20701,9.22788,-4.58395,6.65269
38.22701,9.21120,-4.59419,6.65132
38.24701,9.19446,-4.60428,6.64994
38.26701,9.17770,-4.61420,6.64855
38.28701,9.16092,-4.62394,6.64717
38.30701,9.14416,-4.63349,6.64578
38.32701,9.12738,-4.64286,6.64438
38.34701,9.11057,-4.65205,6.64298
38.36701,9.09367,-4.66108,6.64158
38.38701,9.07670,-4.66995,6.64018
38.40701,9.05966,-4.67866,6.63877
38.42701,9.04256,-4.68720,6.63736
38.44701,9.02537,-4.69559,6.63594
38.46701,9.00808,-4.70384,6.63451
38.48701,8.99070,-4.71193,6.63307
38.50701,8.97324,-4.71986,6.63162
38.52701,8.95570,-4.72764,6.63016
38.54701,8.93810,-4.73525,6.62869
38.56701,8.92043,-4.74269,6.62721
38.58701,8.90273,-4.74995,6.62573
38.60701,8.88503,-4.75702,6.62425
38.62701,8.86734,-4.76390,6.62277
38.64701,8.84966,-4.77059,6.62128
38.66701,8.83194,-4.77710,6.61980
38.68701,8.81417,-4.78342,6.61831
38.70701,8.79634,-4.78956,6.61683
38.72701,8.77844,-4.79553,6.61534
38.74701,8.76043,-4.80132,6.61386
38.76701,8.74228,-4.80693,6.61238
38.78701,8.72405,-4.81237,6.61092
38.80701,8.70575,-4.81762,6.60946
38.82701,8.68741,-4.82268,6.60801
38.84701,8.66905,-4.82755,6.60657
38.86701,8.65066,-4.83222,6.60514
38.88701,8.63226,-4.83671,6.60372
38.90701,8.61385,-4.84100,6.60230
38.92701,8.59542,-4.84510,6.60090
38.94701,8.57693,-4.84902,6.59952
38.96701,8.55836,-4.85277,6.59816
38.98701,8.53971,-4.85634,6.59682
39.00701,8.52101,-4.85974,6.59550
39.02701,8.50226,-4.86297,6.59419
39.04701,8.48344,-4.86604,6.59289
39.06701,8.46457,-4.86893,6.59160
39.08701,8.44564,-4.87167,6.59032
39.10701,8.42667,-4.87423,6.58905
39.12701,8.40769,-4.87664,6.58780
39.14701,8.38877,-4.87889,6.58657
39.16701,8.36993,-4.88098,6.58537
39.18701,8.35111,-4.88292,6.58419
39.20701,8.33223,-4.88471,6.58304
39.22701,8.31329,-4.88633,6.58190
39.24701,8.29430,-4.88781,6.58079
39.26701,8.27524,-4.88913,6.57968
39.28701,8.25600,-4.89029,6.57860
39.30701,8.23647,-4.89127,6.57753
39.32701,8.21660,-4.89207,6.57647
39.34701,8.19637,-4.89267,6.57541
39.36701,8.17583,-4.89308,6.57434
39.38701,8.15511,-4.89329,6.57329
39.40701,8.13435,-4.89332,6.57225
39.42701,8.11364,-4.89318,6.57123
39.44701,8.09313,-4.89289,6.57023
39.46701,8.07287,-4.89248,6.56923
39.48701,8.05288,-4.89194,6.56822
39.50701,8.03314,-4.89131,6.56720
39.52701,8.01357,-4.89058,6.56617
39.54701,7.99402,-4.88974,6.56515
39.56701,7.97433,-4.88878,6.56412
39.58701,7.95442,-4.88769,6.56308
39.60701,7.93426,-4.88649,6.56200
39.62701,7.91385,-4.88514,6.56088
39.64701,7.89318,-4.88366,6.55970
39.66701,7.87231,-4.88202,6.55848
39.68701,7.85132,-4.88024,6.55722
39.70701,7.83030,-4.87831,6.55593
39.72701,7.80930,-4.87624,6.55462
39.74701,7.78842,-4.87403,6.55327
39.76701,7.76767,-4.87167,6.55189
39.78701,7.74709,-4.86917,6.55048
39.80701,7.72670,-4.86655,6.54904
39.82701,7.70649,-4.86380,6.54757
39.84701,7.68646,-4.86094,6.54609
39.86701,7.66651,-4.85797,6.54458
39.88701,7.64644,-4.85484,6.54309
39.90701,7.62606,-4.85150,6.54161
39.92701,7.60526,-4.84793,6.54013
39.94701,7.58391,-4.84409,6.53866
39.96701,7.56205,-4.83999,6.53717
39.98701,7.53981,-4.83564,6.53568
40.00701,7.51733,-4.83109,6.53419
40.02701,7.49480,-4.82639,6.53273
40.04701,7.47251,-4.82161,6.53131
40.06701,7.45058,-4.81678,6.52992
40.08701,7.42911,-4.81195,6.52855
40.10701,7.40812,-4.80712,6.52718
40.12701,7.38751,-4.80227,6.52581
40.14701,7.36705,-4.79735,6.52445
40.16701,7.34654,-4.79228,6.52310
40.18701,7.32578,-4.78702,6.52173
40.20701,7.30469,-4.78154,6.52034
40.22701,7.28322,-4.77583,6.51888
40.24701,7.26131,-4.76985,6.51737
40.26701,7.23901,-4.76364,6.51581
40.28701,7.21645,-4.75721,6.51422
40.30701,7.19375,-4.75062,6.51259
40.32701,7.17105,-4.74389,6.51093
40.34701,7.14854,-4.73709,6.50928
40.36701,7.12629,-4.73024,6.50762
40.38701,7.10438,-4.72337,6.50595
40.40701,7.08284,-4.71649,6.50426
40.42701,7.06159,-4.70958,6.50256
40.44701,7.04044,-4.70256,6.50085
40.46701,7.01922,-4.69536,6.49915
40.48701,6.99774,-4.68792,6.49744
40.50701,6.97592,-4.68022,6.49570
40.52701,6.95372,-4.67222,6.49391
40.54701,6.93108,-4.66393,6.49206
40.56701,6.90808,-4.65536,6.49019
40.58701,6.88486,-4.64657,6.48829
40.60701,6.86154,-4.63761,6.48637
40.62701,6.83824,-4.62854,6.48444
40.64701,6.81516,-4.61945,6.48253
40.66701,6.79240,-4.61038,6.48064
40.68701,6.76995,-4.60133,6.47874
40.70701,6.74778,-4.59227,6.47681
40.72701,6.72577,-4.58313,6.47488
40.74701,6.70367,-4.57380,6.47297
40.76701,6.68134,-4.56419,6.47106
40.78701,6.65865,-4.55424,6.46912
40.80701,6.63557,-4.54395,6.46714
40.82701,6.61213,-4.53332,6.46511
40.84701,6.58839,-4.52239,6.46303
40.86701,6.56448,-4.51123,6.46092
40.88701,6.54058,-4.49992,6.45882
40.90701,6.51683,-4.48856,6.45673
40.92701,6.49330,-4.47719,6.45464
40.94701,6.47012,-4.46588,6.45257
40.96701,6.44726,-4.45462,6.45052
40.98701,6.42456,-4.44336,6.44847
41.00701,6.40192,-4.43200,6.44642
41.02701,6.37917,-4.42047,6.44437
41.04701,6.35611,-4.40866,6.44232
41.06701,6.33265,-4.39650,6.44025
41.08701,6.30875,-4.38400,6.43813
41.10701,6.28444,-4.37115,6.43596
41.12701,6.25980,-4.35800,6.43375
41.14701,6.23496,-4.34461,6.43152
41.16701,6.21007,-4.33108,6.42929
41.18701,6.18531,-4.31751,6.42709
41.20701,6.16082,-4.30398,6.42491
41.22701,6.13661,-4.29051,6.42273
41.24701,6.11270,-4.27712,6.42054
41.26701,6.08898,-4.26374,6.41834
41.28701,6.06532,-4.25031,6.41613
41.30701,6.04164,-4.23679,6.41390
41.32701,6.01783,-4.22312,6.41166
41.34701,5.99372,-4.20919,6.40941
41.36701,5.96922,-4.19496,6.40714
41.38701,5.94436,-4.18045,6.40484
41.40701,5.91919,-4.16568,6.40251
41.42701,5.89378,-4.15072,6.40015
41.44701,5.86826,-4.13562,6.39779
41.46701,5.84273,-4.12045,6.39544
41.48701,5.81729,-4.10528,6.39310
41.50701,5.79203,-4.09015,6.39077
41.52701,5.76693,-4.07506,6.38844
41.54701,5.74196,-4.05998,6.38611
41.56701,5.71705,-4.04486,6.38377
41.58701,5.69214,-4.02967,6.38144
41.60701,5.66721,-4.01438,6.37910
41.62701,5.64219,-3.99897,6.37675
41.64701,5.61698,-3.98334,6.37441
41.66701,5.59153,-3.96747,6.37206
41.68701,5.56583,-3.95134,6.36970
41.70701,5.53991,-3.93499,6.36732
41.72701,5.51380,-3.91842,6.36494
41.74701,5.48756,-3.90167,6.36255
41.76701,5.46126,-3.88478,6.36018
41.78701,5.43500,-3.86784,6.35784
41.80701,5.40887,-3.85089,6.35554
41.82701,5.38288,-3.83396,6.35325
41.84701,5.35705,-3.81704,6.35098
41.86701,5.33130,-3.80009,6.34872
41.88701,5.30559,-3.78307,6.34648
41.90701,5.27988,-3.76597,6.34423
41.92701,5.25411,-3.74873,6.34200
41.94701,5.22817,-3.73127,6.33980
41.96701,5.20202,-3.71357,6.33760
41.98701,5.17569,-3.69564,6.33540
42.00701,5.14921,-3.67751,6.33320
42.02701,5.12264,-3.65921,6.33101
42.04701,5.09603,-3.64079,6.32882
42.06701,5.06944,-3.62228,6.32664
42.08701,5.04291,-3.60370,6.32448
42.10701,5.01650,-3.58511,6.32233
42.12701,4.99019,-3.56649,6.32018
42.14701,4.96396,-3.54781,6.31804
42.16701,4.93777,-3.52905,6.31591
42.18701,4.91160,-3.51019,6.31378
42.20701,4.88547,-3.49124,6.31166
42.22701,4.85934,-3.47219,6.30954
42.24701,4.83318,-3.45299,6.30743
42.26701,4.80692,-3.43362,6.30532
42.28701,4.78058,-3.41406,6.30320
42.30701,4.75416,-3.39432,6.30108
42.32701,4.72767,-3.37442,6.29895
42.34701,4.70110,-3.35436,6.29681
42.36701,4.67448,-3.33414,6.29467
42.38701,4.64787,-3.31381,6.29254
42.40701,4.62134,-3.29344,6.29044
42.42701,4.59489,-3.27302,6.28835
42.44701,4.56853,-3.25256,6.28628
42.46701,4.54223,-3.23204,6.28421
42.48701,4.51596,-3.21143,6.28216
42.50701,4.48971,-3.19072,6.28011
42.52701,4.46344,-3.16988,6.27807
42.54701,4.43709,-3.14886,6.27606
42.56701,4.41061,-3.12762,6.27405
42.58701,4.38403,-3.10618,6.27205
42.60701,4.35738,-3.08458,6.27006
42.62701,4.33072,-3.06284,6.26809
42.64701,4.30416,-3.04110,6.26618
42.66701,4.27776,-3.01937,6.26430
42.68701,4.25144,-2.99759,6.26247
42.70701,4.22509,-2.97569,6.26066
42.72701,4.19864,-2.95357,6.25889
42.74701,4.17193,-2.93112,6.25713
42.76701,4.14494,-2.90831,6.25538
42.78701,4.11769,-2.88517,6.25361
42.80701,4.09026,-2.86176,6.25184
42.82701,4.06272,-2.83814,6.25007
42.84701,4.03516,-2.81438,6.24830
42.86701,4.00765,-2.79056,6.24654
42.88701,3.98028,-2.76675,6.24478
42.90701,3.95308,-2.74299,6.24302
42.92701,3.92606,-2.71928,6.24125
42.94701,3.89915,-2.69558,6.23947
42.96701,3.87230,-2.67183,6.23767
42.98701,3.84543,-2.64798,6.23585
43.00701,3.81852,-2.62401,6.23400
43.02701,3.79153,-2.59989,6.23211
43.04701,3.76443,-2.57559,6.23018
43.06701,3.73721,-2.55110,6.22821
43.08701,3.70989,-2.52646,6.22620
43.10701,3.68250,-2.50168,6.22415
43.12701,3.65507,-2.47679,6.22206
43.14701,3.62760,-2.45180,6.21994
43.16701,3.60012,-2.42673,6.21778
43.18701,3.57268,-2.40162,6.21560
43.20701,3.54533,-2.37652,6.21342
43.22701,3.51807,-2.35143,6.21122
43.24701,3.49083,-2.32629,6.20902
43.26701,3.46356,-2.30105,6.20680
43.28701,3.43628,-2.27573,6.20459
43.30701,3.40903,-2.25037,6.20238
43.32701,3.38179,-2.22496,6.20015
43.34701,3.35451,-2.19945,6.19791
43.36701,3.32714,-2.17380,6.19566
43.38701,3.29968,-2.14801,6.19340
43.40701,3.27219,-2.12214,6.19112
43.42701,3.24467,-2.09619,6.18881
43.44701,3.21712,-2.07016,6.18648
43.46701,3.18954,-2.04406,6.18411
43.48701,3.16198,-2.01793,6.18174
43.50701,3.13448,-1.99182,6.17935
43.52701,3.10702,-1.96570,6.17696
43.54701,3.07954,-1.93953,6.17458
43.56701,3.05199,-1.91326,6.17219
43.58701,3.02437,-1.88689,6.16981
43.60701,2.99672,-1.86046,6.16742
43.62701,2.96902,-1.83397,6.16503
43.64701,2.94128,-1.80741,6.16262
43.66701,2.91348,-1.78076,6.16019
43.68701,2.88566,-1.75408,6.15776
43.70701,2.85786,-1.72739,6.15534
43.72701,2.83008,-1.70070,6.15291
43.74701,2.80225,-1.67394,6.15049
43.76701,2.77434,-1.64710,6.14808
43.78701,2.74637,-1.62017,6.14567
43.80701,2.71837,-1.59321,6.14326
43.82701,2.69033,-1.56621,6.14085
43.84701,2.66221,-1.53912,6.13844
43.86701,2.63399,-1.51194,6.13603
43.88701,2.60574,-1.48473,6.13363
43.90701,2.57754,-1.45756,6.13125
43.92701,2.54939,-1.43045,6.12888
43.94701,2.52126,-1.40336,6.12651
43.96701,2.49312,-1.37626,6.12414
43.98701,2.46497,-1.34914,6.12176
44.00701,2.43684,-1.32205,6.11939
44.02701,2.40869,-1.29493,6.11700
44.04701,2.38046,-1.26774,6.11462
44.06701,2.35210,-1.24041,6.11222
44.08701,2.32366,-1.21301,6.10982
44.10701,2.29523,-1.18560,6.10743
44.12701,2.26681,-1.15819,6.10502
44.14701,2.23839,-1.13076,6.10259
44.16701,2.20996,-1.10330,6.10013
44.18701,2.18154,-1.07583,6.09765
44.20701,2.15318,-1.04839,6.09516
44.22701,2.12487,-1.02097,6.09263
44.24701,2.09657,-0.99354,6.09008
44.26701,2.06827,-0.96606,6.08751
44.28701,2.03997,-0.93855,6.08492
44.30701,2.01169,-0.91102,6.08230
44.32701,1.98343,-0.88347,6.07966
44.34701,1.95509,-0.85580,6.07701
44.36701,1.92667,-0.82801,6.07434
44.38701,1.89817,-0.80010,6.07165
44.40701,1.86965,-0.77212,6.06895
44.42701,1.84114,-0.74411,6.06623
44.44701,1.81264,-0.71605,6.06347
44.46701,1.78418,-0.68798,6.06069
44.48701,1.75580,-0.65995,6.05789
44.50701,1.72758,-0.63201,6.05510
44.52701,1.69947,-0.60413,6.05229
44.54701,1.67142,-0.57626,6.04949
44.56701,1.64336,-0.54832,6.04669
44.58701,1.61529,-0.52033,6.04388
44.60701,1.58725,-0.49232,6.04106
44.62701,1.55923,-0.46429,6.03822
44.64701,1.53122,-0.43621,6.03536
44.66701,1.50321,-0.40810,6.03246
44.68701,1.47521,-0.37995,6.02955
44.70701,1.44724,-0.35179,6.02662
44.72701,1.41929,-0.32363,6.02367
44.74701,1.39136,-0.29545,6.02071
44.76701,1.36343,-0.26726,6.01773
44.78701,1.33554,-0.23908,6.01476
44.80701,1.30774,-0.21098,6.01179
44.82701,1.28000,-0.18294,6.00882
44.84701,1.25227,-0.15491,6.00587
44.86701,1.22452,-0.12686,6.00293
44.88701,1.19674,-0.09881,6.00001
44.90701,1.16898,-0.07078,5.99710
44.92701,1.14123,-0.04278,5.99419
44.94701,1.11348,-0.01481,5.99128
44.96701,1.08572,0.01315,5.98837
44.98701,1.05798,0.04106,5.98548
45.00701,1.03030,0.06889,5.98260
45.02701,1.00266,0.09666,5.97973
45.04701,0.97500,0.12441,5.97689
45.06701,0.94728,0.15220,5.97407
45.08701,0.91952,0.18001,5.97127
45.10701,0.89174,0.20782,5.96850
45.12701,0.86399,0.23558,5.96574
45.14701,0.83638,0.26318,5.96305
45.16701,0.80894,0.29061,5.96038
45.18701,0.78160,0.31793,5.95776
45.20701,0.75426,0.34524,5.95519
45.22701,0.72681,0.37264,5.95266
45.24701,0.69906,0.40031,5.95019
45.26701,0.67098,0.42828,5.94777
45.28701,0.64259,0.45653,5.94535
45.30701,0.61397,0.48498,5.94296
45.32701,0.58523,0.51355,5.94059
45.34701,0.55650,0.54209,5.93826
45.36701,0.52790,0.57051,5.93597
45.38701,0.49955,0.59867,5.93373
45.40701,0.47154,0.62652,5.93152
45.42701,0.44382,0.65408,5.92932
45.44701,0.41632,0.68144,5.92713
45.46701,0.38891,0.70871,5.92496
45.48701,0.36151,0.73598,5.92278
45.50701,0.33408,0.76329,5.92059
45.52701,0.30651,0.79073,5.91838
45.54701,0.27866,0.81843,5.91618
45.56701,0.25053,0.84641,5.91395
45.58701,0.22215,0.87461,5.91171
45.60701,0.19363,0.90296,5.90944
45.62701,0.16504,0.93136,5.90717
45.64701,0.13653,0.95969,5.90490
45.66701,0.10815,0.98789,5.90264
45.68701,0.08002,1.01585,5.90038
45.70701,0.05219,1.04353,5.89812
45.72701,0.02462,1.07095,5.89586
45.74701,-0.00281,1.09823,5.89361
45.76701,-0.03024,1.12550,5.89137
45.78701,-0.05774,1.15285,5.88912
45.80701,-0.08533,1.18027,5.88685
45.82701,-0.11307,1.20783,5.88455
45.84701,-0.14101,1.23557,5.88223
45.86701,-0.16915,1.26348,5.87987
45.88701,-0.19740,1.29149,5.87750
45.90701,-0.22567,1.31951,5.87512
45.92701,-0.25391,1.34748,5.87272
45.94701,-0.28208,1.37537,5.87031
45.96701,-0.31014,1.40316,5.86788
45.98701,-0.33807,1.43079,5.86543
46.00701,-0.36581,1.45823,5.86297
46.02701,-0.39340,1.48552,5.86050
46.04701,-0.42090,1.51270,5.85803
46.06701,-0.44840,1.53986,5.85556
46.08701,-0.47595,1.56703,5.85309
46.10701,-0.50353,1.59422,5.85060
46.12701,-0.53119,1.62145,5.84811
46.14701,-0.55900,1.64880,5.84563
46.16701,-0.58698,1.67628,5.84314
46.18701,-0.61509,1.70384,5.84065
46.20701,-0.64324,1.73143,5.83817
46.22701,-0.67141,1.75900,5.83570
46.24701,-0.69953,1.78651,5.83324
46.26701,-0.72760,1.81394,5.83078
46.28701,-0.75554,1.84122,5.82835
46.30701,-0.78331,1.86832,5.82593
46.32701,-0.81092,1.89522,5.82352
46.34701,-0.83840,1.92198,5.82112
46.36701,-0.86583,1.94864,5.81876
46.38701,-0.89323,1.97523,5.81641
46.40701,-0.92060,2.00174,5.81408
46.42701,-0.94797,2.02820,5.81176
46.44701,-0.97541,2.05467,5.80946
46.46701,-1.00294,2.08116,5.80717
46.48701,-1.03054,2.10765,5.80490
46.50701,-1.05817,2.13412,5.80265
46.52701,-1.08584,2.16055,5.80041
46.54701,-1.11356,2.18697,5.79818
46.56701,-1.14133,2.21336,5.79596
46.58701,-1.16909,2.23968,5.79376
46.60701,-1.19678,2.26587,5.79158
46.62701,-1.22438,2.29193,5.78942
46.64701,-1.25189,2.31783,5.78727
46.66701,-1.27932,2.34361,5.78513
46.68701,-1.30666,2.36924,5.78301
46.70701,-1.33390,2.39472,5.78091
46.72701,-1.36107,2.42009,5.77882
46.74701,-1.38829,2.44544,5.77677
46.76701,-1.41561,2.47081,5.77476
46.78701,-1.44304,2.49622,5.77277
46.80701,-1.47055,2.52164,5.77079
46.82701,-1.49811,2.54705,5.76882
46.84701,-1.52571,2.57244,5.76685
46.86701,-1.55331,2.59778,5.76490
46.88701,-1.58085,2.62300,5.76296
46.90701,-1.60826,2.64806,5.76104
46.92701,-1.63554,2.67295,5.75914
46.94701,-1.66274,2.69772,5.75725
46.96701,-1.68991,2.72238,5.75538
46.98701,-1.71705,2.74695,5.75352
47.00701,-1.74415,2.77141,5.75167
47.02701,-1.77121,2.79577,5.74982
47.04701,-1.79830,2.82006,5.74797
47.06701,-1.82544,2.84430,5.74613
47.08701,-1.85261,2.86848,5.74430
47.10701,-1.87978,2.89257,5.74246
47.12701,-1.90696,2.91657,5.74062
47.14701,-1.93419,2.94050,5.73878
47.16701,-1.96148,2.96437,5.73693
47.18701,-1.98879,2.98815,5.73509
47.20701,-2.01607,3.01181,5.73325
47.22701,-2.04331,3.03531,5.73141
47.24701,-2.07050,3.05867,5.72956
47.26701,-2.09765,3.08189,5.72771
47.28701,-2.12474,3.10494,5.72585
47.30701,-2.15173,3.12781,5.72400
47.32701,-2.17866,3.15052,5.72215
47.34701,-2.20560,3.17313,5.72031
47.36701,-2.23261,3.19568,5.71848
47.38701,-2.25969,3.21817,5.71667
47.40701,-2.28681,3.24059,5.71485
47.42701,-2.31398,3.26293,5.71302
47.44701,-2.34118,3.28518,5.71118
47.46701,-2.36839,3.30734,5.70932
47.48701,-2.39558,3.32936,5.70746
47.50701,-2.42268,3.35121,5.70560
47.52701,-2.44970,3.37289,5.70373
47.54701,-2.47667,3.39442,5.70186
47.56701,-2.50364,3.41583,5.69999
47.58701,-2.53060,3.43711,5.69811
47.60701,-2.55753,3.45826,5.69623
47.62701,-2.58444,3.47927,5.69434
47.64701,-2.61134,3.50018,5.69243
47.66701,-2.63827,3.52098,5.69052
47.68701,-2.66519,3.54168,5.68859
47.70701,-2.69208,3.56225,5.68666
47.72701,-2.71893,3.58269,5.68471
47.74701,-2.74578,3.60303,5.68276
47.76701,-2.77266,3.62328,5.68080
47.78701,-2.79954,3.64344,5.67884
47.80701,-2.82637,3.66347,5.67686
47.82701,-2.85315,3.68337,5.67488
47.84701,-2.87987,3.70314,5.67287
47.86701,-2.90654,3.72279,5.67085
47.88701,-2.93315,3.74230,5.66882
47.90701,-2.95969,3.76169,5.66677
47.92701,-2.98617,3.78094,5.66470
47.94701,-3.01261,3.80008,5.66264
47.96701,-3.03905,3.81913,5.66056
47.98701,-3.06545,3.83806,5.65849
48.00701,-3.09178,3.85686,5.65641
48.02701,-3.11803,3.87551,5.65434
48.04701,-3.14412,3.89399,5.65226
48.06701,-3.17005,3.91228,5.65019
48.08701,-3.19588,3.93041,5.64812
48.10701,-3.22166,3.94843,5.64606
48.12701,-3.24746,3.96636,5.64401
48.14701,-3.27341,3.98428,5.64200
48.16701,-3.29955,4.00222,5.64001
48.18701,-3.32586,4.02015,5.63804
48.20701,-3.35227,4.03803,5.63608
48.22701,-3.37870,4.05582,5.63414
48.24701,-3.40499,4.07343,5.63224
48.26701,-3.43103,4.09079,5.63036
48.28701,-3.45677,4.10788,5.62850
48.30701,-3.48223,4.12471,5.62663
48.32701,-3.50749,4.14131,5.62477
48.34701,-3.53269,4.15778,5.62294
48.36701,-3.55796,4.17417,5.62114
48.38701,-3.58335,4.19054,5.61935
48.40701,-3.60887,4.20688,5.61755
48.42701,-3.63451,4.22319,5.61574
48.44701,-3.66022,4.23945,5.61391
48.46701,-3.68595,4.25563,5.61207
48.48701,-3.71158,4.27167,5.61024
48.50701,-3.73705,4.28754,5.60840
48.52701,-3.76231,4.30321,5.60656
48.54701,-3.78738,4.31868,5.60470
48.56701,-3.81230,4.33398,5.60283
48.58701,-3.83708,4.34910,5.60096
48.60701,-3.86170,4.36406,5.59908
48.62701,-3.88621,4.37886,5.59719
48.64701,-3.91068,4.39355,5.59530
48.66701,-3.93517,4.40815,5.59342
48.68701,-3.95971,4.42267,5.59154
48.70701,-3.98429,4.43711,5.58964
48.72701,-4.00891,4.45147,5.58773
48.74701,-4.03354,4.46572,5.58581
48.76701,-4.05814,4.47986,5.58388
48.78701,-4.08266,4.49384,5.58196
48.80701,-4.10701,4.50764,5.58005
48.82701,-4.13118,4.52124,5.57812
48.84701,-4.15518,4.53465,5.57619
48.86701,-4.17902,4.54788,5.57424
48.88701,-4.20275,4.56095,5.57230
48.90701,-4.22639,4.57386,5.57034
48.92701,-4.24997,4.58665,5.56838
48.94701,-4.27357,4.59933,5.56642
48.96701,-4.29723,4.61192,5.56447
48.98701,-4.32093,4.62442,5.56251
49.00701,-4.34464,4.63681,5.56055
49.02701,-4.36833,4.64907,5.55858
49.04701,-4.39197,4.66120,5.55660
49.06701,-4.41553,4.67317,5.55461
49.08701,-4.43896,4.68496,5.55261
49.10701,-4.46222,4.69655,5.55062
49.12701,-4.48532,4.70795,5.54861
49.14701,-4.50833,4.71918,5.54660
49.16701,-4.53130,4.73024,5.54460
49.18701,-4.55426,4.74116,5.54261
49.20701,-4.57722,4.75192,5.54061
49.22701,-4.60018,4.76254,5.53860
49.24701,-4.62319,4.77303,5.53660
49.26701,-4.64624,4.78338,5.53459
49.28701,-4.66931,4.79359,5.53259
49.30701,-4.69233,4.80364,5.53058
49.32701,-4.71530,4.81353,5.52858
49.34701,-4.73822,4.82326,5.52658
49.36701,-4.76110,4.83283,5.52457
49.38701,-4.78392,4.84223,5.52258
49.40701,-4.80663,4.85145,5.52060
49.42701,-4.82925,4.86051,5.51862
49.44701,-4.85183,4.86941,5.51666
49.46701,-4.87441,4.87816,5.51472
49.48701,-4.89699,4.88677,5.51280
49.50701,-4.91957,4.89523,5.51089
49.52701,-4.94213,4.90356,5.50899
49.54701,-4.96469,4.91173,5.50709
49.56701,-4.98725,4.91977,5.50520
49.58701,-5.00977,4.92765,5.50333
49.60701,-5.03222,4.93539,5.50146
49.62701,-5.05460,4.94296,5.49960
49.64701,-5.07693,4.95038,5.49775
49.66701,-5.09922,4.95765,5.49591
49.68701,-5.12149,4.96477,5.49409
49.70701,-5.14374,4.97173,5.49227
49.72701,-5.16595,4.97855,5.49046
49.74701,-5.18807,4.98520,5.48867
49.76701,-5.21008,4.99170,5.48689
49.78701,-5.23204,4.99805,5.48513
49.80701,-5.25403,5.00425,5.48340
49.82701,-5.27611,5.01031,5.48168
49.84701,-5.29836,5.01623,5.48000
49.86701,-5.32080,5.02200,5.47832
49.88701,-5.34338,5.02762,5.47666
49.90701,-5.36603,5.03308,5.47501
49.92701,-5.38871,5.03837,5.47338
49.94701,-5.41134,5.04348,5.47175
49.96701,-5.43387,5.04840,5.47013
49.98701,-5.45624,5.05312,5.46851
50.00701,-5.47837,5.05765,5.46690
50.02701,-5.50027,5.06198,5.46529
50.04701,-5.52188,5.06613,5.46367
50.06701,-5.54329,5.07012,5.46206
50.08701,-5.56459,5.07394,5.46045
50.10701,-5.58590,5.07760,5.45886
50.12701,-5.60733,5.08111,5.45728
50.14701,-5.62903,5.08445,5.45574
50.16701,-5.65105,5.08763,5.45420
50.18701,-5.67334,5.09063,5.45266
50.20701,-5.69582,5.09345,5.45113
50.22701,-5.71837,5.09609,5.44961
50.24701,-5.74080,5.09854,5.44810
50.26701,-5.76298,5.10080,5.44662
50.28701,-5.78478,5.10287,5.44515
50.30701,-5.80611,5.10476,5.44368
50.32701,-5.82702,5.10647,5.44220
50.34701,-5.84761,5.10800,5.44071
50.36701,-5.86803,5.10935,5.43924
50.38701,-5.88841,5.11053,5.43777
50.40701,-5.90882,5.11154,5.43628
50.42701,-5.92933,5.11236,5.43479
50.44701,-5.95004,5.11301,5.43328
50.46701,-5.97095,5.11347,5.43176
50.48701,-5.99200,5.11375,5.43022
50.50701,-6.01310,5.11386,5.42867
50.52701,-6.03417,5.11381,5.42710
50.54701,-6.05508,5.11358,5.42553
50.56701,-6.07575,5.11320,5.42394
50.58701,-6.09610,5.11266,5.42236
50.60701,-6.11609,5.11198,5.42075
50.62701,-6.13570,5.11116,5.41913
50.64701,-6.15497,5.11021,5.41749
50.66701,-6.17401,5.10913,5.41584
50.68701,-6.19297,5.10788,5.41421
50.70701,-6.21197,5.10643,5.41259
50.72701,-6.23105,5.10479,5.41096
50.74701,-6.25020,5.10295,5.40932
50.76701,-6.26941,5.10093,5.40766
50.78701,-6.28874,5.09870,5.40600
50.80701,-6.30823,5.09624,5.40433
50.82701,-6.32789,5.09356,5.40264
50.84701,-6.34766,5.09064,5.40095
50.86701,-6.36745,5.08751,5.39926
50.88701,-6.38714,5.08421,5.39760
50.90701,-6.40664,5.08076,5.39595
50.92701,-6.42587,5.07718,5.39431
50.94701,-6.44480,5.07349,5.39268
50.96701,-6.46345,5.06969,5.39105
50.98701,-6.48184,5.06577,5.38943
51.00701,-6.49999,5.06175,5.38782
51.02701,-6.51796,5.05760,5.38621
51.04701,-6.53589,5.05330,5.38464
51.06701,-6.55386,5.04882,5.38309
51.08701,-6.57191,5.04416,5.38155
51.10701,-6.59007,5.03930,5.38001
51.12701,-6.60831,5.03426,5.37847
51.14701,-6.62663,5.02904,5.37693
51.16701,-6.64498,5.02363,5.37539
51.18701,-6.66327,5.01809,5.37388
51.20701,-6.68143,5.01244,5.37238
51.22701,-6.69941,5.00670,5.37089
51.24701,-6.71715,5.00089,5.36942
51.26701,-6.73467,4.99500,5.36796
51.28701,-6.75197,4.98904,5.36652
51.30701,-6.76905,4.98300,5.36508
51.32701,-6.78599,4.97686,5.36366
51.34701,-6.80290,4.97055,5.36227
51.36701,-6.81988,4.96403,5.36092
51.38701,-6.83697,4.95728,5.35958
51.40701,-6.85416,4.95031,5.35824
51.42701,-6.87145,4.94311,5.35690
51.44701,-6.88879,4.93572,5.35555
51.46701,-6.90614,4.92816,5.35422
51.48701,-6.92340,4.92048,5.35290
51.50701,-6.94052,4.91273,5.35160
51.52701,-6.95746,4.90492,5.35030
51.54701,-6.97421,4.89706,5.34900
51.56701,-6.99082,4.88912,5.34770
51.58701,-7.00728,4.88109,5.34640
51.60701,-7.02362,4.87298,5.34509
51.62701,-7.03988,4.86476,5.34379
51.64701,-7.05613,4.85637,5.34249
51.66701,-7.07242,4.84779,5.34120
51.68701,-7.08876,4.83901,5.33991
51.70701,-7.10513,4.83004,5.33861
51.72701,-7.12152,4.82089,5.33730
51.74701,-7.13793,4.81156,5.33598
51.76701,-7.15433,4.80205,5.33466
51.78701,-7.17067,4.79241,5.33334
51.80701,-7.18689,4.78268,5.33203
51.82701,-7.20297,4.77287,5.33073
51.84701,-7.21889,4.76299,5.32943
51.86701,-7.23467,4.75303,5.32813
51.88701,-7.25032,4.74299,5.32684
51.90701,-7.26582,4.73288,5.32555
51.92701,-7.28123,4.72265,5.32428
51.94701,-7.29662,4.71224,5.32303
51.96701,-7.31205,4.70160,5.32179
51.98701,-7.32752,4.69072,5.32057
52.00701,-7.34303,4.67962,5.31935
52.02701,-7.35856,4.66829,5.31813
52.04701,-7.37408,4.65678,5.31691
52.06701,-7.38955,4.64511,5.31570
52.08701,-7.40492,4.63334,5.31450
52.10701,-7.42014,4.62152,5.31333
52.12701,-7.43521,4.60964,5.31216
52.14701,-7.45015,4.59768,5.31100
52.16701,-7.46499,4.58559,5.30985
52.18701,-7.47977,4.57337,5.30871
52.20701,-7.49447,4.56099,5.30757
52.22701,-7.50914,4.54843,5.30643
52.24701,-7.52382,4.53564,5.30530
52.26701,-7.53852,4.52258,5.30418
52.28701,-7.55323,4.50927,5.30305
52.30701,-7.56791,4.49576,5.30193
52.32701,-7.58254,4.48208,5.30082
52.34701,-7.59708,4.46827,5.29971
52.36701,-7.61152,4.45434,5.29860
52.38701,-7.62582,4.44033,5.29751
52.40701,-7.63995,4.42629,5.29642
52.42701,-7.65393,4.41222,5.29534
52.44701,-7.66773,4.39814,5.29427
52.46701,-7.68141,4.38401,5.29322
52.48701,-7.69504,4.36972,5.29219
52.50701,-7.70869,4.35517,5.29120
52.52701,-7.72240,4.34030,5.29022
52.54701,-7.73624,4.32501,5.28926
52.56701,-7.75020,4.30930,5.28831
52.58701,-7.76423,4.29324,5.28736
52.60701,-7.77827,4.27692,5.28644
52.62701,-7.79225,4.26043,5.28554
52.64701,-7.80608,4.24390,5.28467
52.66701,-7.81973,4.22739,5.28383
52.68701,-7.83316,4.21098,5.28301
52.70701,-7.84633,4.19471,5.28221
52.72701,-7.85930,4.17854,5.28143
52.74701,-7.87213,4.16235,5.28067
52.76701,-7.88493,4.14600,5.27993
52.78701,-7.89774,4.12941,5.27920
52.80701,-7.91060,4.11254,5.27846
52.82701,-7.92352,4.09536,5.27769
52.84701,-7.93652,4.07785,5.27689
52.86701,-7.94957,4.06002,5.27608
52.88701,-7.96263,4.04196,5.27525
52.90701,-7.97564,4.02377,5.27442
52.92701,-7.98855,4.00551,5.27358
52.94701,-8.00134,3.98723,5.27273
52.96701,-8.01397,3.96895,5.27186
52.98701,-8.02643,3.95072,5.27097
53.00701,-8.03870,3.93258,5.27008
53.02701,-8.05080,3.91448,5.26917
53.04701,-8.06277,3.89635,5.26827
53.06701,-8.07465,3.87809,5.26736
53.08701,-8.08648,3.85966,5.26644
53.10701,-8.09827,3.84104,5.26551
53.12701,-8.11004,3.82220,5.26455
53.14701,-8.12180,3.80306,5.26359
53.16701,-8.13356,3.78363,5.26261
53.18701,-8.14530,3.76396,5.26162
53.20701,-8.15696,3.74415,5.26062
53.22701,-8.16854,3.72424,5.25963
53.24701,-8.17997,3.70432,5.25864
53.26701,-8.19126,3.68443,5.25765
53.28701,-8.20236,3.66462,5.25666
53.30701,-8.21327,3.64494,5.25568
53.32701,-8.22402,3.62533,5.25470
53.34701,-8.23464,3.60569,5.25373
53.36701,-8.24518,3.58591,5.25277
53.38701,-8.25567,3.56591,5.25182
53.40701,-8.26613,3.54569,5.25086
53.42701,-8.27656,3.52523,5.24988
53.44701,-8.28697,3.50449,5.24888
53.46701,-8.29734,3.48349,5.24786
53.48701,-8.30765,3.46235,5.24686
53.50701,-8.31784,3.44116,5.24586
53.52701,-8.32791,3.42000,5.24488
53.54701,-8.33783,3.39890,5.24389
53.56701,-8.34760,3.37784,5.24290
53.58701,-8.35723,3.35685,5.24191
53.60701,-8.36671,3.33592,5.24092
53.62701,-8.37607,3.31501,5.23993
53.64701,-8.38536,3.29396,5.23897
53.66701,-8.39460,3.27269,5.23802
53.68701,-8.40381,3.25119,5.23708
53.70701,-8.41298,3.22951,5.23614
53.72701,-8.42211,3.20765,5.23520
53.74701,-8.43119,3.18562,5.23423
53.76701,-8.44022,3.16344,5.23326
53.78701,-8.44918,3.14119,5.23229
53.80701,-8.45806,3.11891,5.23133
53.82701,-8.46685,3.09663,5.23036
53.84701,-8.47554,3.07435,5.22940
53.86701,-8.48416,3.05206,5.22843
53.88701,-8.49269,3.02974,5.22748
53.90701,-8.50114,3.00741,5.22653
53.92701,-8.50953,2.98500,5.22560
53.94701,-8.51789,2.96241,5.22470
53.96701,-8.52623,2.93956,5.22382
53.98701,-8.53456,2.91647,5.22295
54.00701,-8.54287,2.89315,5.22209
54.02701,-8.55116,2.86966,5.22124
54.04701,-8.55940,2.84602,5.22039
54.06701,-8.56759,2.82228,5.21956
54.08701,-8.57571,2.79853,5.21876
54.10701,-8.58375,2.77482,5.21798
54.12701,-8.59170,2.75116,5.21722
54.14701,-8.59958,2.72750,5.21648
54.16701,-8.60740,2.70377,5.21575
54.18701,-8.61516,2.67995,5.21505
54.20701,-8.62287,2.65605,5.21435
54.22701,-8.63053,2.63203,5.21365
54.24701,-8.63816,2.60784,5.21297
54.26701,-8.64577,2.58345,5.21228
54.28701,-8.65334,2.55891,5.21161
54.30701,-8.66087,2.53425,5.21094
54.32701,-8.66835,2.50949,5.21027
54.34701,-8.67579,2.48461,5.20961
54.36701,-8.68318,2.45963,5.20894
54.38701,-8.69052,2.43458,5.20828
54.40701,-8.69778,2.40952,5.20764
54.42701,-8.70498,2.38445,5.20700
54.44701,-8.71210,2.35937,5.20636
54.46701,-8.71916,2.33424,5.20573
54.48701,-8.72615,2.30906,5.20511
54.50701,-8.73308,2.28386,5.20451
54.52701,-8.73994,2.25864,5.20391
54.54701,-8.74672,2.23344,5.20333
54.56701,-8.75344,2.20824,5.20277
54.58701,-8.76011,2.18291,5.20224
54.60701,-8.76674,2.15735,5.20174
54.62701,-8.77333,2.13148,5.20125
54.64701,-8.77990,2.10520,5.20079
54.66701,-8.78642,2.07853,5.20033
54.68701,-8.79289,2.05156,5.19988
54.70701,-8.79929,2.02441,5.19946
54.72701,-8.80560,1.99720,5.19906
54.74701,-8.81181,1.97009,5.19871
54.76701,-8.81790,1.94320,5.19840
54.78701,-8.82388,1.91655,5.19811
54.80701,-8.82973,1.89012,5.19781
54.82701,-8.83547,1.86383,5.19753
54.84701,-8.84112,1.83750,5.19725
54.86701,-8.84669,1.81100,5.19698
54.88701,-8.85218,1.78425,5.19670
54.90701,-8.85762,1.75724,5.19639
54.92701,-8.86299,1.72996,5.19604
54.94701,-8.86830,1.70238,5.19566
54.96701,-8.87355,1.67455,5.19525
54.98701,-8.87873,1.64659,5.19482
55.00701,-8.88383,1.61863,5.19440
55.02701,-8.88885,1.59075,5.19397
55.04701,-8.89379,1.56307,5.19355
55.06701,-8.89864,1.53559,5.19311
55.08701,-8.90340,1.50836,5.19267
55.10701,-8.90808,1.48138,5.19222
55.12701,-8.91268,1.45457,5.19178
55.14701,-8.91722,1.42773,5.19136
55.16701,-8.92171,1.40071,5.19096
55.18701,-8.92614,1.37343,5.19056
55.20701,-8.93052,1.34589,5.19013
55.22701,-8.93485,1.31808,5.18968
55.24701,-8.93912,1.29002,5.18920
55.26701,-8.94332,1.26180,5.18871
55.28701,-8.94744,1.23354,5.18822
55.30701,-8.95148,1.20536,5.18775
55.32701,-8.95543,1.17732,5.18728
55.34701,-8.95928,1.14945,5.18680
55.36701,-8.96304,1.12173,5.18632
55.38701,-8.96670,1.09413,5.18584
55.40701,-8.97027,1.06668,5.18536
55.42701,-8.97375,1.03930,5.18489
55.44701,-8.97715,1.01185,5.18443
55.46701,-8.98045,0.98426,5.18399
55.48701,-8.98368,0.95649,5.18354
55.50701,-8.98682,0.92852,5.18309
55.52701,-8.98988,0.90037,5.18262
55.54701,-8.99285,0.87207,5.18214
55.56701,-8.99572,0.84368,5.18166
55.58701,-8.99851,0.81531,5.18121
55.60701,-9.00120,0.78705,5.18077
55.62701,-9.00379,0.75892,5.18034
55.64701,-9.00628,0.73091,5.17992
55.66701,-9.00867,0.70297,5.17951
55.68701,-9.01095,0.67508,5.17910
55.70701,-9.01313,0.64726,5.17871
55.72701,-9.01520,0.61945,5.17832
55.74701,-9.01716,0.59158,5.17795
55.76701,-9.01902,0.56359,5.17759
55.78701,-9.02076,0.53549,5.17724
55.80701,-9.02241,0.50731,5.17690
55.82701,-9.02395,0.47911,5.17657
55.84701,-9.02540,0.45100,5.17628
55.86701,-9.02677,0.42305,5.17603
55.88701,-9.02805,0.39521,5.17580
55.90701,-9.02923,0.36738,5.17561
55.92701,-9.03030,0.33947,5.17544
55.94701,-9.03124,0.31129,5.17533
55.96701,-9.03205,0.28279,5.17524
55.98701,-9.03273,0.25398,5.17516
56.00701,-9.03328,0.22492,5.17509
56.02701,-9.03372,0.19569,5.17503
56.04701,-9.03404,0.16645,5.17501
56.06701,-9.03457,0.13751,5.17513
56.08701,-9.03572,0.10958,5.17561
56.10701,-9.03720,0.08254,5.17643
56.12701,-9.03854,0.05559,5.17758
56.14701,-9.03913,0.02765,5.17901
56.16701,-9.03867,-0.00183,5.18063
56.18701,-9.03701,-0.03295,5.18244
56.20701,-9.03442,-0.06476,5.18449
56.22701,-9.03157,-0.09570,5.18684
56.24701,-9.02945,-0.12372,5.18950
56.26701,-9.02852,-0.14908,5.19240
56.28701,-9.02897,-0.17288,5.19553
56.30701,-9.03041,-0.19672,5.19891
56.32701,-9.03204,-0.22205,5.20245
56.34701,-9.03235,-0.25129,5.20595
56.36701,-9.03044,-0.28464,5.20932
56.38701,-9.02603,-0.31977,5.21273
56.40701,-9.01974,-0.35407,5.21635
56.42701,-9.01283,-0.38636,5.22010
56.44701,-9.00728,-0.41521,5.22386
56.46701,-9.00428,-0.44123,5.22754
56.48701,-9.00383,-0.46597,5.23109
56.50701,-9.00486,-0.49070,5.23452
56.52701,-9.00632,-0.51689,5.23783
56.54701,-9.00658,-0.54654,5.24103
56.56701,-9.00485,-0.57849,5.24413
56.58701,-9.00079,-0.61090,5.24713
56.60701,-8.99493,-0.64227,5.25007
56.62701,-8.98856,-0.67118,5.25291
56.64701,-8.98353,-0.69660,5.25556
56.66701,-8.98095,-0.71955,5.25803
56.68701,-8.98099,-0.74148,5.26035
56.70701,-8.98266,-0.76389,5.26260
56.72701,-8.98478,-0.78850,5.26475
56.74701,-8.98561,-0.81684,5.26673
56.76701,-8.98423,-0.84797,5.26854
56.78701,-8.98024,-0.88008,5.27025
56.80701,-8.97418,-0.91137,5.27193
56.82701,-8.96701,-0.94080,5.27359
56.84701,-8.96036,-0.96726,5.27521
56.86701,-8.95655,-0.98995,5.27675
56.88701,-8.95605,-1.01059,5.27824
56.90701,-8.95820,-1.03099,5.27972
56.92701,-8.96203,-1.05281,5.28125
56.94701,-8.96502,-1.07957,5.28274
56.96701,-8.96555,-1.11097,5.28406
56.98701,-8.96280,-1.14381,5.28535
57.00701,-8.95720,-1.17509,5.28665
57.02701,-8.94987,-1.20367,5.28791
57.04701,-8.94257,-1.22820,5.28916
57.06701,-8.93699,-1.24991,5.29044
57.08701,-8.93434,-1.27082,5.29172
57.10701,-8.93450,-1.29248,5.29294
57.12701,-8.93644,-1.31686,5.29404
57.14701,-8.93854,-1.34632,5.29490
57.16701,-8.93912,-1.37969,5.29559
57.18701,-8.93684,-1.41434,5.29619
57.20701,-8.93178,-1.44803,5.29670
57.22701,-8.92462,-1.47888,5.29707
57.24701,-8.91645,-1.50434,5.29728
57.26701,-8.90865,-1.52566,5.29748
57.28701,-8.90245,-1.54537,5.29778
57.30701,-8.89800,-1.56546,5.29814
57.32701,-8.89500,-1.58799,5.29839
57.34701,-8.89283,-1.61600,5.29831
57.36701,-8.89067,-1.64856,5.29799
57.38701,-8.88793,-1.68303,5.29766
57.40701,-8.88454,-1.71732,5.29740
57.42701,-8.88029,-1.74939,5.29702
57.44701,-8.87512,-1.77605,5.29628
57.46701,-8.86909,-1.79841,5.29529
57.48701,-8.86230,-1.81857,5.29425
57.50701,-8.85491,-1.83809,5.29326
57.52701,-8.84718,-1.85939,5.29229
57.54701,-8.83930,-1.88580,5.29118
57.56701,-8.83178,-1.91629,5.28998
57.58701,-8.82522,-1.94858,5.28885
57.60701,-8.81973,-1.98117,5.28784
57.62701,-8.81504,-2.01241,5.28692
57.64701,-8.81093,-2.03985,5.28602
57.66701,-8.80666,-2.06437,5.28510
57.68701,-8.80154,-2.08719,5.28413
57.70701,-8.79546,-2.10895,5.28313
57.72701,-8.78834,-2.13116,5.28216
57.74701,-8.77992,-2.15587,5.28120
57.76701,-8.77081,-2.18264,5.28023
57.78701,-8.76164,-2.21057,5.27928
57.80701,-8.75279,-2.23885,5.27835
57.82701,-8.74461,-2.26639,5.27744
57.84701,-8.73742,-2.29218,5.27652
57.86701,-8.73087,-2.31666,5.27557
57.88701,-8.72457,-2.34028,5.27458
57.90701,-8.71833,-2.36335,5.27357
57.92701,-8.71179,-2.38651,5.27254
57.94701,-8.70458,-2.41042,5.27151
57.96701,-8.69679,-2.43492,5.27045
57.98701,-8.68861,-2.45972,5.26936
58.00701,-8.68018,-2.48461,5.26825
58.02701,-8.67168,-2.50932,5.26713
58.04701,-8.66328,-2.53360,5.26599
58.06701,-8.65499,-2.55752,5.26485
58.08701,-8.64683,-2.58109,5.26371
58.10701,-8.63881,-2.60431,5.26257
58.12701,-8.63080,-2.62739,5.26145
58.14701,-8.62270,-2.65053,5.26036
58.16701,-8.61447,-2.67374,5.25929
58.18701,-8.60615,-2.69693,5.25825
58.20701,-8.59778,-2.72003,5.25725
58.22701,-8.58933,-2.74306,5.25628
58.24701,-8.58078,-2.76609,5.25536
58.26701,-8.57214,-2.78907,5.25448
58.28701,-8.56351,-2.81184,5.25365
58.30701,-8.55494,-2.83433,5.25289
58.32701,-8.54638,-2.85665,5.25218
58.34701,-8.53776,-2.87893,5.25153
58.36701,-8.52907,-2.90118,5.25095
58.38701,-8.52034,-2.92333,5.25042
58.40701,-8.51159,-2.94535,5.24995
58.42701,-8.50285,-2.96721,5.24954
58.44701,-8.49418,-2.98880,5.24920
58.46701,-8.48554,-3.01021,5.24893
58.48701,-8.47681,-3.03161,5.24873
58.50701,-8.46793,-3.05308,5.24860
58.52701,-8.45890,-3.07461,5.24853
58.54701,-8.44964,-3.09629,5.24851
58.56701,-8.44020,-3.11804,5.24854
58.58701,-8.43066,-3.13971,5.24863
58.60701,-8.42108,-3.16124,5.24877
58.62701,-8.41148,-3.18263,5.24895
58.64701,-8.40188,-3.20382,5.24918
58.66701,-8.39229,-3.22484,5.24946
58.68701,-8.38264,-3.24577,5.24978
58.70701,-8.37290,-3.26662,5.25013
58.72701,-8.36307,-3.28738,5.25052
58.74701,-8.35313,-3.30809,5.25093
58.76701,-8.34308,-3.32871,5.25137
58.78701,-8.33299,-3.34916,5.25183
58.80701,-8.32289,-3.36941,5.25232
58.82701,-8.31275,-3.38950,5.25283
58.84701,-8.30256,-3.40945,5.25337
58.86701,-8.29229,-3.42928,5.25392
58.88701,-8.28198,-3.44893,5.25449
58.90701,-8.27167,-3.46837,5.25508
58.92701,-8.26133,-3.48763,5.25569
58.94701,-8.25102,-3.50665,5.25633
58.96701,-8.24068,-3.52549,5.25699
58.98701,-8.23023,-3.54423,5.25767
59.00701,-8.21961,-3.56293,5.25838
59.02701,-8.20882,-3.58155,5.25910
59.04701,-8.19785,-3.60011,5.25984
59.06701,-8.18670,-3.61859,5.26058
59.08701,-8.17545,-3.63692,5.26135
59.10701,-8.16414,-3.65507,5.26212
59.12701,-8.15273,-3.67307,5.26291
59.14701,-8.14117,-3.69097,5.26372
59.16701,-8.12948,-3.70876,5.26453
59.18701,-8.11771,-3.72639,5.26536
59.20701,-8.10591,-3.74381,5.26620
59.22701,-8.09406,-3.76108,5.26705
59.24701,-8.08211,-3.77820,5.26792
59.26701,-8.07009,-3.79518,5.26878
59.28701,-8.05802,-3.81200,5.26966
59.30701,-8.04594,-3.82863,5.27055
59.32701,-8.03379,-3.84512,5.27145
59.34701,-8.02151,-3.86152,5.27236
59.36701,-8.00911,-3.87783,5.27327
59.38701,-7.99664,-3.89400,5.27420
59.40701,-7.98413,-3.91001,5.27513
59.42701,-7.97157,-3.92587,5.27608
59.44701,-7.95890,-3.94162,5.27703
59.46701,-7.94615,-3.95726,5.27798
59.48701,-7.93334,-3.97276,5.27894
59.50701,-7.92051,-3.98810,5.27991
59.52701,-7.90761,-4.00331,5.28089
59.54701,-7.89457,-4.01844,5.28188
59.56701,-7.88141,-4.03348,5.28287
59.58701,-7.86819,-4.04839,5.28387
59.60701,-7.85493,-4.06314,5.28489
59.62701,-7.84161,-4.07778,5.28591
59.64701,-7.82821,-4.09230,5.28694
59.66701,-7.81471,-4.10671,5.28797
59.68701,-7.80117,-4.12099,5.28901
59.70701,-7.78762,-4.13511,5.29007
59.72701,-7.77401,-4.14911,5.29113
59.74701,-7.76026,-4.16303,5.29221
59.76701,-7.74639,-4.17685,5.29329
59.78701,-7.73247,-4.19053,5.29438
59.80701,-7.71852,-4.20406,5.29547
59.82701,-7.70451,-4.21746,5.29658
59.84701,-7.69041,-4.23074,5.29770
59.86701,-7.67622,-4.24390,5.29881
59.88701,-7.66196,-4.25693,5.29993
59.90701,-7.64765,-4.26982,5.30106
59.92701,-7.63332,-4.28256,5.30219
59.94701,-7.61905,-4.29510,5.30333
59.96701,-7.60481,-4.30748,5.30449
59.98701,-7.59046,-4.31975,5.30567
60.00701,-7.57596,-4.33193,5.30685
60.02701,-7.56131,-4.34401,5.30805
60.04701,-7.54645,-4.35601,5.30924
60.06701,-7.53140,-4.36792,5.31043
60.08701,-7.51629,-4.37968,5.31163
60.10701,-7.50117,-4.39126,5.31283
60.12701,-7.48600,-4.40270,5.31404
60.14701,-7.47072,-4.41403,5.31525
60.16701,-7.45531,-4.42524,5.31646
60.18701,-7.43986,-4.43629,5.31767
60.20701,-7.42439,-4.44719,5.31889
60.22701,-7.40888,-4.45795,5.32010
60.24701,-7.39329,-4.46858,5.32132
60.26701,-7.37762,-4.47907,5.32254
60.28701,-7.36191,-4.48942,5.32376
60.30701,-7.34619,-4.49962,5.32500
60.32701,-7.33041,-4.50968,5.32623
60.34701,-7.31450,-4.51962,5.32748
60.36701,-7.29844,-4.52945,5.32872
60.38701,-7.28232,-4.53914,5.32998
60.40701,-7.26618,-4.54867,5.33124
60.42701,-7.24997,-4.55806,5.33250
60.44701,-7.23366,-4.56733,5.33377
60.46701,-7.21724,-4.57647,5.33505
60.48701,-7.20077,-4.58545,5.33632
60.50701,-7.18429,-4.59428,5.33760
60.52701,-7.16779,-4.60297,5.33889
60.54701,-7.15133,-4.61151,5.34019
60.56701,-7.13484,-4.61991,5.34150
60.58701,-7.11823,-4.62819,5.34282
60.60701,-7.10142,-4.63635,5.34415
60.62701,-7.08448,-4.64437,5.34548
60.64701,-7.06751,-4.65224,5.34681
60.66701,-7.05051,-4.65997,5.34816
60.68701,-7.03332,-4.66758,5.34951
60.70701,-7.01588,-4.67506,5.35085
60.72701,-6.99830,-4.68240,5.35220
60.74701,-6.98074,-4.68956,5.35355
60.76701,-6.96316,-4.69658,5.35491
60.78701,-6.94546,-4.70348,5.35627
60.80701,-6.92756,-4.71025,5.35763
60.82701,-6.90950,-4.71687,5.35898
60.84701,-6.89128,-4.72336,5.36031
60.86701,-6.87293,-4.72970,5.36163
60.88701,-6.85455,-4.73589,5.36294
60.90701,-6.83620,-4.74194,5.36424
60.92701,-6.81783,-4.74786,5.36554
60.94701,-6.79938,-4.75366,5.36683
60.96701,-6.78088,-4.75932,5.36811
60.98701,-6.76239,-4.76485,5.36939
61.00701,-6.74397,-4.77023,5.37066
61.02701,-6.72557,-4.77550,5.37194
61.04701,-6.70716,-4.78064,5.37321
61.06701,-6.68873,-4.78564,5.37448
61.08701,-6.67034,-4.79051,5.37575
61.10701,-6.65202,-4.79524,5.37704
61.12701,-6.63370,-4.79983,5.37832
61.14701,-6.61530,-4.80428,5.37962
61.16701,-6.59681,-4.80858,5.38092
61.18701,-6.57833,-4.81271,5.38223
61.20701,-6.55988,-4.81668,5.38355
61.22701,-6.54142,-4.82050,5.38489
61.24701,-6.52289,-4.82415,5.38623
61.26701,-6.50431,-4.82763,5.38759
61.28701,-6.48573,-4.83094,5.38896
61.30701,-6.46718,-4.83409,5.39036
61.32701,-6.44859,-4.83707,5.39177
61.34701,-6.42987,-4.83986,5.39320
61.36701,-6.41105,-4.84247,5.39465
61.38701,-6.39219,-4.84490,5.39611
61.40701,-6.37334,-4.84715,5.39760
61.42701,-6.35444,-4.84923,5.39912
61.44701,-6.33545,-4.85114,5.40065
61.46701,-6.31637,-4.85286,5.40220
61.48701,-6.29726,-4.85441,5.40377
61.50701,-6.27816,-4.85581,5.40536
61.52701,-6.25899,-4.85705,5.40698
61.54701,-6.23966,-4.85811,5.40862
61.56701,-6.22019,-4.85898,5.41028
61.58701,-6.20065,-4.85970,5.41196
61.60701,-6.18110,-4.86027,5.41366
61.62701,-6.16149,-4.86068,5.41538
61.64701,-6.14177,-4.86094,5.41712
61.66701,-6.12193,-4.86103,5.41887
61.68701,-6.10205,-4.86098,5.42064
61.70701,-6.08217,-4.86079,5.42244
61.72701,-6.06223,-4.86046,5.42426
61.74701,-6.04212,-4.85995,5.42609
61.76701,-6.02186,-4.85927,5.42794
61.78701,-6.00155,-4.85844,5.42980
61.80701,-5.98124,-4.85747,5.43168
61.82701,-5.96089,-4.85635,5.43358
61.84701,-5.94044,-4.85506,5.43549
61.86701,-5.91989,-4.85360,5.43741
61.88701,-5.89933,-4.85200,5.43934
61.90701,-5.87879,-4.85026,5.44129
61.92701,-5.85820,-4.84836,5.44325
61.94701,-5.83747,-4.84628,5.44522
61.96701,-5.81660,-4.84400,5.44719
61.98701,-5.79569,-4.84156,5.44916
62.00701,-5.77479,-4.83897,5.45115
62.02701,-5.75384,-4.83622,5.45314
62.04701,-5.73281,-4.83329,5.45514
62.06701,-5.71170,-4.83018,5.45713
62.08701,-5.69056,-4.82690,5.45912
62.10701,-5.66945,-4.82349,5.46112
62.12701,-5.64827,-4.81990,5.46313
62.14701,-5.62694,-4.81611,5.46513
62.16701,-5.60548,-4.81211,5.46712
62.18701,-5.58397,-4.80793,5.46912
62.20701,-5.56248,-4.80361,5.47112
62.22701,-5.54094,-4.79912,5.47311
62.24701,-5.51932,-4.79445,5.47511
62.26701,-5.49761,-4.78960,5.47710
62.28701,-5.47584,-4.78458,5.47908
62.30701,-5.45405,-4.77941,5.48106
62.32701,-5.43220,-4.77408,5.48303
62.34701,-5.41025,-4.76857,5.48500
62.36701,-5.38821,-4.76288,5.48697
62.38701,-5.36617,-4.75706,5.48894
62.40701,-5.34416,-4.75113,5.49091
62.42701,-5.32214,-4.74507,5.49290
62.44701,-5.30005,-4.73885,5.49488
62.46701,-5.27788,-4.73247,5.49687
62.48701,-5.25568,-4.72596,5.49886
62.50701,-5.23346,-4.71932,5.50086
62.52701,-5.21119,-4.71253,5.50286
62.54701,-5.18883,-4.70558,5.50486
62.56701,-5.16639,-4.69847,5.50686
62.58701,-5.14395,-4.69125,5.50888
62.60701,-5.12155,-4.68392,5.51091
62.62701,-5.09914,-4.67648,5.51295
62.64701,-5.07666,-4.66889,5.51501
62.66701,-5.05410,-4.66114,5.51707
62.68701,-5.03151,-4.65326,5.51914
62.70701,-5.00890,-4.64526,5.52122
62.72701,-4.98624,-4.63711,5.52331
62.74701,-4.96349,-4.62879,5.52541
62.76701,-4.94066,-4.62031,5.52751
62.78701,-4.91783,-4.61172,5.52962
62.80701,-4.89504,-4.60303,5.53175
62.82701,-4.87224,-4.59423,5.53389
62.84701,-4.84936,-4.58527,5.53605
62.86701,-4.82641,-4.57615,5.53820
62.88701,-4.80345,-4.56692,5.54037
62.90701,-4.78053,-4.55760,5.54256
62.92701,-4.75757,-4.54815,5.54476
62.94701,-4.73445,-4.53850,5.54696
62.96701,-4.71118,-4.52865,5.54917
62.98701,-4.68788,-4.51868,5.55138
63.00701,-4.66460,-4.50862,5.55361
63.02701,-4.64127,-4.49843,5.55584
63.04701,-4.61785,-4.48809,5.55807
63.06701,-4.59433,-4.47760,5.56030
63.08701,-4.57080,-4.46700,5.56253
63.10701,-4.54729,-4.45634,5.56477
63.12701,-4.52373,-4.44555,5.56701
63.14701,-4.50000,-4.43458,5.56926
63.16701,-4.47612,-4.42343,5.57149
63.18701,-4.45221,-4.41216,5.57373
63.20701,-4.42831,-4.40083,5.57597
63.22701,-4.40443,-4.38942,5.57821
63.24701,-4.38063,-4.37799,5.58047
63.26701,-4.35683,-4.36648,5.58274
63.28701,-4.33291,-4.35481,5.58501
63.30701,-4.30881,-4.34294,5.58728
63.32701,-4.28455,-4.33088,5.58953
63.34701,-4.26009,-4.31858,5.59177
63.36701,-4.23549,-4.30610,5.59399
63.38701,-4.21090,-4.29352,5.59621
63.40701,-4.18636,-4.28086,5.59842
63.42701,-4.16182,-4.26810,5.60064
63.44701,-4.13725,-4.25521,5.60284
63.46701,-4.11265,-4.24219,5.60503
63.48701,-4.08810,-4.22908,5.60722
63.50701,-4.06363,-4.21591,5.60942
63.52701,-4.03918,-4.20264,5.61161
63.54701,-4.01462,-4.18916,5.61379
63.56701,-3.98999,-4.17549,5.61596
63.58701,-3.96538,-4.16170,5.61812
63.60701,-3.94084,-4.14782,5.62028
63.62701,-3.91630,-4.13382,5.62244
63.64701,-3.89173,-4.11965,5.62458
63.66701,-3.86712,-4.10531,5.62671
63.68701,-3.84254,-4.09085,5.62882
63.70701,-3.81804,-4.07630,5.63094
63.72701,-3.79354,-4.06162,5.63304
63.74701,-3.76891,-4.04671,5.63513
63.76701,-3.74418,-4.03157,5.63720
63.78701,-3.71944,-4.01629,5.63925
63.80701,-3.69476,-4.00092,5.64129
63.82701,-3.67005,-3.98540,5.64333
63.84701,-3.64525,-3.96968,5.64534
63.86701,-3.62039,-3.95379,5.64732
63.88701,-3.59554,-3.93778,5.64930
63.90701,-3.57076,-3.92172,5.65127
63.92701,-3.54595,-3.90552,5.65324
63.94701,-3.52101,-3.88910,5.65518
63.96701,-3.49594,-3.87247,5.65711
63.98701,-3.47085,-3.85571,5.65902
64.00701,-3.44579,-3.83887,5.66093
64.02701,-3.42071,-3.82191,5.66283
64.04701,-3.39554,-3.80477,5.66472
64.06701,-3.37029,-3.78747,5.66658
64.08701,-3.34504,-3.77006,5.66844
64.10701,-3.31983,-3.75259,5.67030
64.12701,-3.29457,-3.73499,5.67215
64.14701,-3.26915,-3.71715,5.67399
64.16701,-3.24358,-3.69909,5.67581
64.18701,-3.21798,-3.68091,5.67763
64.20701,-3.19240,-3.66264,5.67945
64.22701,-3.16679,-3.64426,5.68127
64.24701,-3.14108,-3.62570,5.68307
64.26701,-3.11528,-3.60696,5.68485
64.28701,-3.08947,-3.58814,5.68664
64.30701,-3.06370,-3.56925,5.68843
64.32701,-3.03795,-3.55030,5.69023
64.34701,-3.01230,-3.53133,5.69204
64.36701,-2.98668,-3.51231,5.69388
64.38701,-2.96092,-3.49308,5.69573
64.40701,-2.93494,-3.47357,5.69757
64.42701,-2.90886,-3.45388,5.69942
64.44701,-2.88288,-3.43417,5.70130
64.46701,-2.85693,-3.41441,5.70321
64.48701,-2.83078,-3.39438,5.70514
64.50701,-2.80433,-3.37400,5.70706
64.52701,-2.77771,-3.35337,5.70899
64.54701,-2.75109,-3.33265,5.71093
64.56701,-2.72444,-3.31181,5.71290
64.58701,-2.69757,-3.29069,5.71486
64.60701,-2.67038,-3.26920,5.71680
64.62701,-2.64297,-3.24744,5.71872
64.64701,-2.61533,-3.22539,5.72062
64.66701,-2.58753,-3.20311,5.72249
64.68701,-2.55970,-3.18075,5.72434
64.70701,-2.53195,-3.15839,5.72620
64.72701,-2.50420,-3.13598,5.72805
64.74701,-2.47638,-3.11345,5.72988
64.76701,-2.44852,-3.09084,5.73170
64.78701,-2.42074,-3.06825,5.73351
64.80701,-2.39309,-3.04576,5.73531
64.82701,-2.36554,-3.02330,5.73712
64.84701,-2.33803,-3.00084,5.73891
64.86701,-2.31055,-2.97839,5.74069
64.88701,-2.28319,-2.95600,5.74247
64.90701,-2.25598,-2.93371,5.74425
64.92701,-2.22884,-2.91143,5.74604
64.94701,-2.20164,-2.88905,5.74783
64.96701,-2.17440,-2.86658,5.74961
64.98701,-2.14722,-2.84411,5.75140
65.00701,-2.12015,-2.82169,5.75320
65.02701,-2.09313,-2.79924,5.75500
65.04701,-2.06610,-2.77672,5.75682
65.06701,-2.03905,-2.75411,5.75863
65.08701,-2.01202,-2.73146,5.76045
65.10701,-1.98504,-2.70877,5.76227
65.12701,-1.95806,-2.68602,5.76411
65.14701,-1.93104,-2.66316,5.76594
65.16701,-1.90398,-2.64019,5.76778
65.18701,-1.87698,-2.61720,5.76964
65.20701,-1.85007,-2.59425,5.77152
65.22701,-1.82320,-2.57126,5.77342
65.24701,-1.79629,-2.54817,5.77534
65.26701,-1.76933,-2.52499,5.77727
65.28701,-1.74242,-2.50178,5.77922
65.30701,-1.71557,-2.47859,5.78120
65.32701,-1.68871,-2.45533,5.78321
65.34701,-1.66170,-2.43189,5.78524
65.36701,-1.63457,-2.40829,5.78729
65.38701,-1.60741,-2.38462,5.78936
65.40701,-1.58029,-2.36095,5.79146
65.42701,-1.55315,-2.33721,5.79359
65.44701,-1.52592,-2.31335,5.79574
65.46701,-1.49860,-2.28937,5.79790
65.48701,-1.47129,-2.26536,5.80009
65.50701,-1.44403,-2.24136,5.80231
65.52701,-1.41674,-2.21728,5.80455
65.54701,-1.38929,-2.19302,5.80681
65.56701,-1.36171,-2.16858,5.80908
65.58701,-1.33411,-2.14407,5.81136
65.60701,-1.30654,-2.11955,5.81367
65.62701,-1.27896,-2.09497,5.81600
65.64701,-1.25130,-2.07028,5.81833
65.66701,-1.22356,-2.04545,5.82066
65.68701,-1.19584,-2.02060,5.82300
65.70701,-1.16818,-1.99575,5.82536
65.72701,-1.14050,-1.97084,5.82773
65.74701,-1.11268,-1.94574,5.83010
65.76701,-1.08473,-1.92046,5.83246
65.78701,-1.05676,-1.89511,5.83483
65.80701,-1.02886,-1.86977,5.83720
65.82701,-1.00094,-1.84436,5.83957
65.84701,-0.97297,-1.81884,5.84193
65.86701,-0.94493,-1.79319,5.84428
65.88701,-0.91691,-1.76752,5.84663
65.90701,-0.88898,-1.74186,5.84898
65.92701,-0.86102,-1.71613,5.85133
65.94701,-0.83294,-1.69021,5.85367
65.96701,-0.80474,-1.66411,5.85599
65.98701,-0.77655,-1.63796,5.85830
66.00701,-0.74842,-1.61182,5.86061
66.02701,-0.72030,-1.58563,5.86292
66.04701,-0.69213,-1.55932,5.86522
66.06701,-0.66391,-1.53291,5.86750
66.08701,-0.63572,-1.50648,5.86977
66.10701,-0.60762,-1.48008,5.87204
66.12701,-0.57951,-1.45362,5.87431
66.14701,-0.55128,-1.42699,5.87658
66.16701,-0.52295,-1.40020,5.87882
66.18701,-0.49462,-1.37338,5.88107
66.20701,-0.46637,-1.34658,5.88332
66.22701,-0.43813,-1.31974,5.88556
66.24701,-0.40983,-1.29281,5.88779
66.26701,-0.38150,-1.26579,5.89002
66.28701,-0.35320,-1.23876,5.89223
66.30701,-0.32499,-1.21178,5.89446
66.32701,-0.29678,-1.18476,5.89668
66.34701,-0.26846,-1.15759,5.89890
66.36701,-0.24003,-1.13027,5.90110
66.38701,-0.21162,-1.10292,5.90330
66.40701,-0.18328,-1.07562,5.90550
66.42701,-0.15497,-1.04828,5.90771
66.44701,-0.12661,-1.02087,5.90990
66.46701,-0.09821,-0.99337,5.91208
66.48701,-0.06986,-0.96588,5.91427
66.50701,-0.04161,-0.93845,5.91646
66.52701,-0.01337,-0.91097,5.91865
66.54701,0.01497,-0.88334,5.92084
66.56701,0.04340,-0.85557,5.92302
66.58701,0.07180,-0.82777,5.92521
66.60701,0.10010,-0.80000,5.92741
66.62701,0.12838,-0.77220,5.92961
66.64701,0.15667,-0.74432,5.93181
66.66701,0.18500,-0.71636,5.93401
66.68701,0.21330,-0.68834,5.93620
66.70701,0.24155,-0.66031,5.93840
66.72701,0.26972,-0.63230,5.94061
66.74701,0.29766,-0.60447,5.94285
66.76701,0.32544,-0.57672,5.94511
66.78701,0.35328,-0.54887,5.94741
66.80701,0.38124,-0.52082,5.94971
66.82701,0.40932,-0.49260,5.95201
66.84701,0.43755,-0.46416,5.95430
66.86701,0.46590,-0.43555,5.95659
66.88701,0.49427,-0.40688,5.95887
66.90701,0.52257,-0.37823,5.96116
66.92701,0.55089,-0.34954,5.96345
66.94701,0.57931,-0.32070,5.96573
66.96701,0.60784,-0.29174,5.96800
66.98701,0.63632,-0.26280,5.97026
67.00701,0.66472,-0.23396,5.97253
67.02701,0.69307,-0.20515,5.97479
67.04701,0.72142,-0.17634,5.97704
67.06701,0.74978,-0.14754,5.97927
67.08701,0.77807,-0.11883,5.98150
67.10701,0.80626,-0.09024,5.98372
67.12701,0.83442,-0.06170,5.98594
67.14701,0.86268,-0.03310,5.98816
67.16701,0.89101,-0.00444,5.99036
67.18701,0.91932,0.02416,5.99256
67.20701,0.94757,0.05265,5.99477
67.22701,0.97580,0.08109,5.99697
67.24701,1.00407,0.10954,5.99917
67.26701,1.03240,0.13799,6.00136
67.28701,1.06069,0.16636,6.00355
67.30701,1.08890,0.19462,6.00575
67.32701,1.11713,0.22284,6.00797
67.34701,1.14548,0.25115,6.01019
67.36701,1.17396,0.27953,6.01240
67.38701,1.20244,0.30787,6.01463
67.40701,1.23087,0.33612,6.01688
67.42701,1.25932,0.36434,6.01914
67.44701,1.28782,0.39258,6.02140
67.46701,1.31640,0.42084,6.02366
67.48701,1.34496,0.44906,6.02594
67.50701,1.37346,0.47717,6.02824
67.52701,1.40198,0.50527,6.03055
67.54701,1.43064,0.53347,6.03287
67.56701,1.45944,0.56176,6.03519
67.58701,1.48824,0.59003,6.03753
67.60701,1.51700,0.61822,6.03989
67.62701,1.54576,0.64639,6.04225
67.64701,1.57459,0.67458,6.04463
67.66701,1.60347,0.70281,6.04701
67.68701,1.63233,0.73099,6.04939
67.70701,1.66112,0.75908,6.05180
67.72701,1.68992,0.78716,6.05422
67.74701,1.71885,0.81535,6.05665
67.76701,1.74789,0.84364,6.05908
67.78701,1.77693,0.87191,6.06152
67.80701,1.80589,0.90011,6.06397
67.82701,1.83485,0.92829,6.06644
67.84701,1.86386,0.95650,6.06891
67.86701,1.89291,0.98476,6.07138
67.88701,1.92192,1.01297,6.07386
67.90701,1.95083,1.04107,6.07635
67.92701,1.97974,1.06916,6.07886
67.94701,2.00876,1.09735,6.08137
67.96701,2.03788,1.12561,6.08388
67.98701,2.06697,1.15384,6.08640
68.00701,2.09598,1.18198,6.08894
68.02701,2.12497,1.21007,6.09148
68.04701,2.15400,1.23819,6.09402
68.06701,2.18306,1.26632,6.09656
68.08701,2.21207,1.29437,6.09911
68.10701,2.24098,1.32231,6.10166
68.12701,2.26988,1.35020,6.10422
68.14701,2.29888,1.37816,6.10678
68.16701,2.32796,1.40618,6.10934
68.18701,2.35701,1.43414,6.11190
68.20701,2.38598,1.46197,6.11446
68.22701,2.41490,1.48974,6.11702
68.24701,2.44385,1.51749,6.11957
68.26701,2.47282,1.54522,6.12211
68.28701,2.50173,1.57285,6.12465
68.30701,2.53052,1.60033,6.12719
68.32701,2.55928,1.62775,6.12972
68.34701,2.58812,1.65520,6.13225
68.36701,2.61704,1.68267,6.13477
68.38701,2.64590,1.71006,6.13729
68.40701,2.67465,1.73730,6.13981
68.42701,2.70329,1.76439,6.14234
68.44701,2.73170,1.79122,6.14487
68.46701,2.75994,1.81786,6.14742
68.48701,2.78821,1.84447,6.14999
68.50701,2.81658,1.87112,6.15256
68.52701,2.84506,1.89781,6.15513
68.54701,2.87375,1.92463,6.15769
68.56701,2.90260,1.95152,6.16025
68.58701,2.93145,1.97836,6.16280
68.60701,2.96023,2.00508,6.16534
68.62701,2.98896,2.03171,6.16788
68.64701,3.01770,2.05828,6.17040
68.66701,3.04640,2.08478,6.17291
68.68701,3.07500,2.11114,6.17541
68.70701,3.10343,2.13730,6.17791
68.72701,3.13176,2.16335,6.18039
68.74701,3.16011,2.18938,6.18288
68.76701,3.18844,2.21536,6.18535
68.78701,3.21667,2.24122,6.18781
68.80701,3.24473,2.26689,6.19028
68.82701,3.27267,2.29245,6.19273
68.84701,3.30056,2.31792,6.19519
68.86701,3.32840,2.34333,6.19763
68.88701,3.35612,2.36859,6.20007
68.90701,3.38367,2.39368,6.20250
68.92701,3.41115,2.41868,6.20494
68.94701,3.43866,2.44366,6.20739
68.96701,3.46618,2.46862,6.20983
68.98701,3.49364,2.49347,6.21227
69.00701,3.52097,2.51819,6.21472
69.02701,3.54824,2.54280,6.21717
69.04701,3.57551,2.56737,6.21962
69.06701,3.60278,2.59189,6.22207
69.08701,3.62996,2.61629,6.22453
69.10701,3.65702,2.64054,6.22699
69.12701,3.68403,2.66470,6.22946
69.14701,3.71111,2.68887,6.23193
69.16701,3.73825,2.71303,6.23441
69.18701,3.76533,2.73710,6.23690
69.20701,3.79231,2.76102,6.23940
69.22701,3.81924,2.78486,6.24190
69.24701,3.84617,2.80864,6.24441
69.26701,3.87312,2.83237,6.24691
69.28701,3.89999,2.85598,6.24943
69.30701,3.92675,2.87943,6.25195
69.32701,3.95347,2.90279,6.25448
69.34701,3.98027,2.92614,6.25702
69.36701,4.00714,2.94947,6.25957
69.38701,4.03397,2.97270,6.26212
69.40701,4.06071,2.99577,6.26467
69.42701,4.08742,3.01875,6.26723
69.44701,4.11416,3.04166,6.26978
69.46701,4.14093,3.06451,6.27234
69.48701,4.16762,3.08722,6.27489
69.50701,4.19419,3.10975,6.27744
69.52701,4.22074,3.13219,6.28000
69.54701,4.24739,3.15460,6.28255
69.56701,4.27409,3.17697,6.28510
69.58701,4.30074,3.19921,6.28764
69.60701,4.32727,3.22127,6.29018
69.62701,4.35376,3.24320,6.29272
69.64701,4.38025,3.26504,6.29524
69.66701,4.40673,3.28679,6.29776
69.68701,4.43315,3.30838,6.30026
69.70701,4.45945,3.32981,6.30276
69.72701,4.48571,3.35111,6.30526
69.74701,4.51205,3.37237,6.30775
69.76701,4.53844,3.39358,6.31023
69.78701,4.56480,3.41466,6.31270
69.80701,4.59105,3.43558,6.31517
69.82701,4.61725,3.45637,6.31763
69.84701,4.64346,3.47706,6.32009
69.86701,4.66967,3.49766,6.32253
69.88701,4.69580,3.51812,6.32496
69.90701,4.72182,3.53840,6.32739
69.92701,4.74781,3.55856,6.32982
69.94701,4.77387,3.57869,6.33225
69.96701,4.79998,3.59874,6.33466
69.98701,4.82602,3.61864,6.33708
70.00701,4.85194,3.63836,6.33948
70.02701,4.87779,3.65794,6.34189
70.04701,4.90362,3.67740,6.34428
70.06701,4.92944,3.69674,6.34666
70.08701,4.95518,3.71593,6.34904
70.10701,4.98079,3.73493,6.35140
70.12701,5.00636,3.75380,6.35376
70.14701,5.03199,3.77260,6.35612
70.16701,5.05767,3.79131,6.35846
70.18701,5.08331,3.80989,6.36080
70.20701,5.10886,3.82830,6.36313
70.22701,5.13436,3.84657,6.36545
70.24701,5.15987,3.86473,6.36775
70.26701,5.18540,3.88279,6.37004
70.28701,5.21086,3.90069,6.37231
70.30701,5.23623,3.91842,6.37458
70.32701,5.26156,3.93603,6.37683
70.34701,5.28696,3.95356,6.37907
70.36701,5.31243,3.97101,6.38130
70.38701,5.33785,3.98833,6.38351
70.40701,5.36319,4.00548,6.38572
70.42701,5.38849,4.02251,6.38791
70.44701,5.41379,4.03943,6.39009
70.46701,5.43910,4.05625,6.39225
70.48701,5.46435,4.07293,6.39440
70.50701,5.48948,4.08945,6.39655
70.52701,5.51457,4.10585,6.39868
70.54701,5.53972,4.12219,6.40081
70.56701,5.56492,4.13845,6.40293
70.58701,5.59006,4.15459,6.40504
70.60701,5.61510,4.17059,6.40715
70.62701,5.64009,4.18647,6.40925
70.64701,5.66507,4.20225,6.41134
70.66701,5.69003,4.21795,6.41341
70.68701,5.71492,4.23352,6.41548
70.70701,5.73968,4.24895,6.41755
70.72701,5.76438,4.26427,6.41961
70.74701,5.78913,4.27954,6.42167
70.76701,5.81392,4.29473,6.42372
70.78701,5.83865,4.30981,6.42577
70.80701,5.86327,4.32475,6.42782
70.82701,5.88784,4.33958,6.42986
70.84701,5.91239,4.35432,6.43190
70.86701,5.93694,4.36896,6.43393
70.88701,5.96139,4.38347,6.43595
70.90701,5.98573,4.39784,6.43797
70.92701,6.01001,4.41209,6.43998
70.94701,6.03433,4.42627,6.44200
70.96701,6.05868,4.44036,6.44400
70.98701,6.08297,4.45432,6.44600
71.00701,6.10713,4.46813,6.44800
71.02701,6.13124,4.48181,6.44999
71.04701,6.15532,4.49538,6.45196
71.06701,6.17938,4.50883,6.45393
71.08701,6.20334,4.52213,6.45588
71.10701,6.22718,4.53527,6.45782
71.12701,6.25096,4.54827,6.45976
71.14701,6.27476,4.56116,6.46168
71.16701,6.29858,4.57393,6.46359
71.18701,6.32232,4.58654,6.46549
71.20701,6.34596,4.59899,6.46737
71.22701,6.36954,4.61129,6.46925
71.24701,6.39310,4.62344,6.47110
71.26701,6.41664,4.63545,6.47294
71.28701,6.44008,4.64730,6.47476
71.30701,6.46340,4.65897,6.47657
71.32701,6.48666,4.67048,6.47837
71.34701,6.50997,4.68187,6.48016
71.36701,6.53330,4.69313,6.48193
71.38701,6.55655,4.70422,6.48369
71.40701,6.57969,4.71515,6.48544
71.42701,6.60276,4.72591,6.48718
71.44701,6.62582,4.73653,6.48890
71.46701,6.64887,4.74701,6.49061
71.48701,6.67183,4.75733,6.49231
71.50701,6.69468,4.76748,6.49400
71.52701,6.71750,4.77747,6.49569
71.54701,6.74036,4.78734,6.49738
71.56701,6.76326,4.79707,6.49906
71.58701,6.78609,4.80664,6.50074
71.60701,6.80881,4.81603,6.50241
71.62701,6.83147,4.82526,6.50409
71.64701,6.85411,4.83433,6.50576
71.66701,6.87673,4.84325,6.50743
71.68701,6.89928,4.85200,6.50910
71.70701,6.92173,4.86058,6.51078
71.72701,6.94414,4.86899,6.51245
71.74701,6.96658,4.87726,6.51413
71.76701,6.98907,4.88537,6.51581
71.78701,7.01151,4.89331,6.51749
71.80701,7.03387,4.90108,6.51918
71.82701,7.05619,4.90868,6.52087
71.84701,7.07850,4.91612,6.52257
71.86701,7.10083,4.92340,6.52426
71.88701,7.12310,4.93050,6.52596
71.90701,7.14528,4.93744,6.52766
71.92701,7.16744,4.94421,6.52937
71.94701,7.18965,4.95081,6.53108
71.96701,7.21191,4.95726,6.53279
71.98701,7.23415,4.96353,6.53451
72.00701,7.25630,4.96963,6.53623
72.02701,7.27843,4.97556,6.53795
72.04701,7.30057,4.98132,6.53967
72.06701,7.32273,4.98691,6.54139
72.08701,7.34484,4.99233,6.54311
72.10701,7.36684,4.99756,6.54483
72.12701,7.38881,5.00263,6.54655
72.14701,7.41082,5.00752,6.54827
72.16701,7.43287,5.01224,6.54999
72.18701,7.45488,5.01678,6.55169
72.20701,7.47681,5.02113,6.55340
72.22701,7.49870,5.02532,6.55509
72.24701,7.52058,5.02932,6.55678
72.26701,7.54247,5.03315,6.55845
72.28701,7.56429,5.03680,6.56011
72.30701,7.58603,5.04028,6.56176
72.32701,7.60773,5.04359,6.56340
72.34701,7.62948,5.04672,6.56502
72.36701,7.65127,5.04967,6.56663
72.38701,7.67301,5.05246,6.56822
72.40701,7.69468,5.05507,6.56979
72.42701,7.71631,5.05753,6.57135
72.44701,7.73792,5.05983,6.57289
72.46701,7.75954,5.06196,6.57440
72.48701,7.78112,5.06394,6.57589
72.50701,7.80265,5.06576,6.57736
72.52701,7.82414,5.06742,6.57881
72.54701,7.84561,5.06893,6.58024
72.56701,7.86708,5.07028,6.58164
72.58701,7.88847,5.07149,6.58302
72.60701,7.90974,5.07255,6.58439
72.62701,7.93096,5.07347,6.58574
72.64701,7.95218,5.07422,6.58707
72.66701,7.97340,5.07482,6.58838
72.68701,7.99455,5.07526,6.58968
72.70701,8.01558,5.07556,6.59096
72.72701,8.03653,5.07571,6.59223
72.74701,8.05743,5.07572,6.59348
72.76701,8.07829,5.07557,6.59471
72.78701,8.09905,5.07527,6.59592
72.80701,8.11969,5.07485,6.59712
72.82701,8.14024,5.07429,6.59831
72.84701,8.16075,5.07358,6.59948
72.86701,8.18122,5.07271,6.60064
72.88701,8.20162,5.07170,6.60178
72.90701,8.22190,5.07056,6.60291
72.92701,8.24213,5.06928,6.60402
72.94701,8.26239,5.06782,6.60513
72.96701,8.28266,5.06619,6.60622
72.98701,8.30288,5.06441,6.60729
73.00701,8.32301,5.06249,6.60836
73.02701,8.34309,5.06042,6.60942
73.04701,8.36317,5.05818,6.61046
73.06701,8.38324,5.05578,6.61149
73.08701,8.40323,5.05322,6.61252
73.10701,8.42311,5.05054,6.61353
73.12701,8.44294,5.04772,6.61455
73.14701,8.46280,5.04471,6.61556
73.16701,8.48266,5.04152,6.61656
73.18701,8.50246,5.03818,6.61756
73.20701,8.52217,5.03470,6.61856
73.22701,8.54181,5.03108,6.61956
73.24701,8.56142,5.02730,6.62056
73.26701,8.58100,5.02335,6.62155
73.28701,8.60049,5.01927,6.62255
73.30701,8.61986,5.01507,6.62355
73.32701,8.63917,5.01073,6.62455
73.34701,8.65848,5.00622,6.62557
73.36701,8.67778,5.00153,6.62658
73.38701,8.69699,4.99671,6.62760
73.40701,8.71609,4.99176,6.62863
73.42701,8.73512,4.98668,6.62967
73.44701,8.75409,4.98145,6.63072
73.46701,8.77302,4.97607,6.63177
73.48701,8.79184,4.97055,6.63282
73.50701,8.81054,4.96491,6.63389
73.52701,8.82916,4.95912,6.63497
73.54701,8.84778,4.95314,6.63605
73.56701,8.86637,4.94697,6.63715
73.58701,8.88488,4.94063,6.63825
73.60701,8.90326,4.93416,6.63936
73.62701,8.92155,4.92753,6.64048
73.64701,8.93979,4.92071,6.64161
73.66701,8.95797,4.91371,6.64274
73.68701,8.97607,4.90652,6.64387
73.70701,8.99407,4.89916,6.64501
73.72701,9.01199,4.89161,6.64616
73.74701,9.02986,4.88386,6.64731
73.76701,9.04766,4.87589,6.64846
73.78701,9.06535,4.86775,6.64962
73.80701,9.08289,4.85946,6.65078
73.82701,9.10030,4.85103,6.65197
73.84701,9.11751,4.84254,6.65317
73.86701,9.13456,4.83393,6.65439
73.88701,9.15157,4.82511,6.65563
73.90701,9.16858,4.81604,6.65688
73.92701,9.18559,4.80669,6.65814
73.94701,9.20264,4.79702,6.65940
73.96701,9.21971,4.78705,6.66065
73.98701,9.23671,4.77685,6.66191
74.00701,9.25360,4.76648,6.66317
74.02701,9.27041,4.75592,6.66443
74.04701,9.28716,4.74517,6.66568
74.06701,9.30385,4.73423,6.66693
74.08701,9.32042,4.72315,6.66817
74.10701,9.33686,4.71198,6.66942
74.12701,9.35321,4.70068,6.67066
74.14701,9.36953,4.68920,6.67190
74.16701,9.38582,4.67754,6.67313
74.18701,9.40201,4.66576,6.67435
74.20701,9.41808,4.65390,6.67557
74.22701,9.43406,4.64195,6.67679
74.24701,9.44999,4.62987,6.67799
74.26701,9.46586,4.61765,6.67919
74.28701,9.48163,4.60536,6.68037
74.30701,9.49728,4.59300,6.68155
74.32701,9.51287,4.58054,6.68271
74.34701,9.52843,4.56791,6.68387
74.36701,9.54397,4.55511,6.68500
74.38701,9.55942,4.54221,6.68613
74.40701,9.57475,4.52923,6.68725
74.42701,9.59000,4.51615,6.68835
74.44701,9.60520,4.50293,6.68944
74.46701,9.62033,4.48957,6.69051
74.48701,9.63535,4.47611,6.69157
74.50701,9.65024,4.46259,6.69261
74.52701,9.66504,4.44894,6.69365
74.54701,9.67981,4.43509,6.69468
74.56701,9.69452,4.42105,6.69569
74.58701,9.70913,4.40689,6.69669
74.60701,9.72360,4.39264,6.69769
74.62701,9.73798,4.37827,6.69867
74.64701,9.75227,4.36373,6.69965
74.66701,9.76648,4.34903,6.70062
74.68701,9.78058,4.33422,6.70158
74.70701,9.79453,4.31933,6.70253
74.72701,9.80839,4.30431,6.70349
74.74701,9.82221,4.28906,6.70444
74.76701,9.83598,4.27361,6.70538
74.78701,9.84963,4.25803,6.70632
74.80701,9.86316,4.24238,6.70725
74.82701,9.87658,4.22661,6.70819
74.84701,9.88993,4.21069,6.70912
74.86701,9.90319,4.19461,6.71004
74.88701,9.91634,4.17846,6.71095
74.90701,9.92936,4.16225,6.71187
74.92701,9.94228,4.14594,6.71277
74.94701,9.95515,4.12944,6.71367
74.96701,9.96796,4.11278,6.71456
74.98701,9.98066,4.09602,6.71545
75.00701,9.99323,4.07922,6.71632
75.02701,10.00571,4.06233,6.71719
75.04701,10.01812,4.04530,6.71804
75.06701,10.03046,4.02814,6.71888
75.08701,10.04271,4.01090,6.71970
75.10701,10.05485,3.99359,6.72051
75.12701,10.06691,3.97620,6.72131
75.14701,10.07891,3.95868,6.72209
75.16701,10.09085,3.94103,6.72286
75.18701,10.10269,3.92334,6.72362
75.20701,10.11442,3.90563,6.72437
75.22701,10.12607,3.88786,6.72512
75.24701,10.13766,3.86996,6.72586
75.26701,10.14921,3.85195,6.72659
75.28701,10.16068,3.83388,6.72732
75.30701,10.17205,3.81580,6.72805
75.32701,10.18337,3.79762,6.72879
75.34701,10.19467,3.77926,6.72952
75.36701,10.20595,3.76072,6.73026
75.38701,10.21716,3.74208,6.73100
75.40701,10.22829,3.72341,6.73174
75.42701,10.23932,3.70469,6.73250
75.44701,10.25023,3.68604,6.73328
75.46701,10.26103,3.66740,6.73408
75.48701,10.27179,3.64859,6.73490
75.50701,10.28254,3.62953,6.73572
75.52701,10.29326,3.61022,6.73655
75.54701,10.30400,3.59057,6.73737
75.56701,10.31471,3.57063,6.73820
75.58701,10.32535,3.55052,6.73903
75.60701,10.33588,3.53031,6.73986
75.62701,10.34632,3.50996,6.74069
75.64701,10.35669,3.48944,6.74152
75.66701,10.36697,3.46876,6.74235
75.68701,10.37711,3.44802,6.74317
75.70701,10.38712,3.42728,6.74400
75.72701,10.39701,3.40646,6.74483
75.74701,10.40682,3.38547,6.74566
75.76701,10.41654,3.36432,6.74649
75.78701,10.42614,3.34311,6.74731
75.80701,10.43561,3.32189,6.74813
75.82701,10.44496,3.30061,6.74895
75.84701,10.45421,3.27921,6.74977
75.86701,10.46336,3.25770,6.75058
75.88701,10.47239,3.23614,6.75138
75.90701,10.48128,3.21459,6.75218
75.92701,10.49008,3.19295,6.75299
75.94701,10.49880,3.17112,6.75378
75.96701,10.50744,3.14911,6.75457
75.98701,10.51597,3.12703,6.75535
76.00701,10.52438,3.10492,6.75613
76.02701,10.53270,3.08272,6.75691
76.04701,10.54093,3.06039,6.75767
76.06701,10.54909,3.03793,6.75842
76.08701,10.55714,3.01541,6.75917
76.10701,10.56509,2.99287,6.75990
76.12701,10.57295,2.97024,6.76063
76.14701,10.58076,2.94741,6.76135
76.16701,10.58851,2.92439,6.76205
76.18701,10.59617,2.90129,6.76274
76.20701,10.60374,2.87816,6.76342
76.22701,10.61122,2.85501,6.76409
76.24701,10.61857,2.83197,6.76477
76.26701,10.62582,2.80895,6.76545
76.28701,10.63304,2.78574,6.76612
76.30701,10.64023,2.76222,6.76677
76.32701,10.64740,2.73844,6.76741
76.34701,10.65454,2.71438,6.76801
76.36701,10.66164,2.69009,6.76859
76.38701,10.66866,2.66568,6.76916
76.40701,10.67560,2.64124,6.76970
76.42701,10.68247,2.61672,6.77023
76.44701,10.68928,2.59210,6.77073
76.46701,10.69602,2.56738,6.77121
76.48701,10.70268,2.54263,6.77167
76.50701,10.70924,2.51792,6.77212
76.52701,10.71573,2.49317,6.77256
76.54701,10.72217,2.46826,6.77298
76.56701,10.72854,2.44322,6.77338
76.58701,10.73484,2.41815,6.77377
76.60701,10.74104,2.39310,6.77415
76.62701,10.74716,2.36801,6.77452
76.64701,10.75321,2.34283,6.77487
76.66701,10.75919,2.31755,6.77521
76.68701,10.76508,2.29226,6.77553
76.70701,10.77087,2.26701,6.77585
76.72701,10.77658,2.24170,6.77616
76.74701,10.78222,2.21621,6.77645
76.76701,10.78779,2.19055,6.77674
76.78701,10.79327,2.16485,6.77701
76.80701,10.79865,2.13916,6.77728
76.82701,10.80395,2.11341,6.77755
76.84701,10.80916,2.08756,6.77780
76.86701,10.81430,2.06160,6.77803
76.88701,10.81934,2.03561,6.77826
76.90701,10.82430,2.00964,6.77849
76.92701,10.82917,1.98362,6.77872
76.94701,10.83399,1.95741,6.77893
76.96701,10.83874,1.93104,6.77914
76.98701,10.84341,1.90462,6.77935
77.00701,10.84799,1.87821,6.77955
77.02701,10.85251,1.85175,6.77976
77.04701,10.85696,1.82518,6.77996
77.06701,10.86134,1.79850,6.78015
77.08701,10.86566,1.77176,6.78034
77.10701,10.86991,1.74498,6.78052
77.12701,10.87409,1.71814,6.78070
77.14701,10.87821,1.69117,6.78088
77.16701,10.88227,1.66410,6.78105
77.18701,10.88626,1.63701,6.78122
77.20701,10.89017,1.60998,6.78140
77.22701,10.89402,1.58290,6.78158
77.24701,10.89780,1.55567,6.78177
77.26701,10.90153,1.52830,6.78196
77.28701,10.90518,1.50091,6.78216
77.30701,10.90876,1.47357,6.78237
77.32701,10.91226,1.44620,6.78258
77.34701,10.91569,1.41876,6.78279
77.36701,10.91905,1.39125,6.78301
77.38701,10.92232,1.36375,6.78323
77.40701,10.92551,1.33630,6.78346
77.42701,10.92863,1.30885,6.78369
77.44701,10.93166,1.28130,6.78393
77.46701,10.93462,1.25366,6.78417
77.48701,10.93749,1.22602,6.78442
77.50701,10.94028,1.19840,6.78467
77.52701,10.94300,1.17074,6.78493
77.54701,10.94563,1.14289,6.78520
77.56701,10.94820,1.11487,6.78547
77.58701,10.95068,1.08682,6.78574
77.60701,10.95309,1.05878,6.78602
77.62701,10.95543,1.03071,6.78631
77.64701,10.95769,1.00254,6.78659
77.66701,10.95989,0.97429,6.78687
77.68701,10.96202,0.94604,6.78716
77.70701,10.96408,0.91786,6.78745
77.72701,10.96610,0.88965,6.78775
77.74701,10.96806,0.86129,6.78804
77.76701,10.96997,0.83282,6.78833
77.78701,10.97183,0.80435,6.78863
77.80701,10.97364,0.77595,6.78892
77.82701,10.97540,0.74755,6.78922
77.84701,10.97712,0.71912,6.78951
77.86701,10.97880,0.69064,6.78979
77.88701,10.98042,0.66220,6.79006
77.90701,10.98201,0.63386,6.79034
77.92701,10.98354,0.60554,6.79061
77.94701,10.98504,0.57713,6.79087
77.96701,10.98648,0.54863,6.79112
77.98701,10.98787,0.52016,6.79137
78.00701,10.98921,0.49176,6.79161
78.02701,10.99049,0.46339,6.79184
78.04701,10.99172,0.43495,6.79206
78.06701,10.99288,0.40648,6.79227
78.08701,10.99397,0.37807,6.79247
78.10701,10.99499,0.34977,6.79266
78.12701,10.99595,0.32150,6.79284
78.14701,10.99682,0.29312,6.79301
78.16701,10.99761,0.26467,6.79316
78.18701,10.99831,0.23623,6.79331
78.20701,10.99892,0.20787,6.79345
78.22701,10.99944,0.17952,6.79357
78.24701,10.99985,0.15111,6.79367
78.26701,11.00016,0.12265,6.79376
78.28701,11.00038,0.09425,6.79383
78.30701,11.00050,0.06594,6.79389
78.32701,11.00052,0.03765,6.79394
78.34701,11.00044,0.00926,6.79397
78.36701,11.00024,-0.01923,6.79398
78.38701,10.99995,-0.04770,6.79398
78.40701,10.99956,-0.07611,6.79397
78.42701,10.99908,-0.10452,6.79393
78.44701,10.99850,-0.13299,6.79388
78.46701,10.99781,-0.16152,6.79381
78.48701,10.99704,-0.19000,6.79372
78.50701,10.99619,-0.21836,6.79363
78.52701,10.99526,-0.24672,6.79352
78.54701,10.99422,-0.27517,6.79339
78.56701,10.99309,-0.30371,6.79325
78.58701,10.99187,-0.33222,6.79310
78.60701,10.99058,-0.36065,6.79295
78.62701,10.98921,-0.38904,6.79278
78.64701,10.98774,-0.41746,6.79260
78.66701,10.98619,-0.44591,6.79240
78.68701,10.98456,-0.47430,6.79220
78.70701,10.98287,-0.50257,6.79199
78.72701,10.98110,-0.53083,6.79178
78.74701,10.97923,-0.55918,6.79156
78.76701,10.97726,-0.58761,6.79134
78.78701,10.97522,-0.61600,6.79112
78.80701,10.97311,-0.64429,6.79090
78.82701,10.97093,-0.67254,6.79068
78.84701,10.96865,-0.70082,6.79046
78.86701,10.96630,-0.72912,6.79024
78.88701,10.96387,-0.75735,6.79002
78.90701,10.96139,-0.78546,6.78980
78.92701,10.95883,-0.81354,6.78958
78.94701,10.95618,-0.84171,6.78937
78.96701,10.95344,-0.86994,6.78916
78.98701,10.95064,-0.89813,6.78895
79.00701,10.94778,-0.92621,6.78875
79.02701,10.94487,-0.95425,6.78854
79.04701,10.94187,-0.98230,6.78834
79.06701,10.93882,-1.01035,6.78812
79.08701,10.93571,-1.03832,6.78791
79.10701,10.93256,-1.06616,6.78769
79.12701,10.92935,-1.09396,6.78748
79.14701,10.92607,-1.12183,6.78726
79.16701,10.92271,-1.14975,6.78704
79.18701,10.91930,-1.17760,6.78682
79.20701,10.91585,-1.20533,6.78660
79.22701,10.91235,-1.23300,6.78637
79.24701,10.90879,-1.26065,6.78614
79.26701,10.90517,-1.28827,6.78591
79.28701,10.90151,-1.31580,6.78567
79.30701,10.89782,-1.34318,6.78543
79.32701,10.89407,-1.37049,6.78519
79.34701,10.89025,-1.39783,6.78494
79.36701,10.88636,-1.42519,6.78470
79.38701,10.88242,-1.45245,6.78446
79.40701,10.87843,-1.47957,6.78422
79.42701,10.87440,-1.50660,6.78398
79.44701,10.87029,-1.53360,6.78374
79.46701,10.86612,-1.56056,6.78350
79.48701,10.86190,-1.58738,6.78327
79.50701,10.85764,-1.61403,6.78305
79.52701,10.85332,-1.64059,6.78283
79.54701,10.84891,-1.66715,6.78262
79.56701,10.84442,-1.69371,6.78241
79.58701,10.83986,-1.72017,6.78222
79.60701,10.83524,-1.74649,6.78204
79.62701,10.83055,-1.77272,6.78186
79.64701,10.82578,-1.79891,6.78170
79.66701,10.82091,-1.82507,6.78153
79.68701,10.81598,-1.85112,6.78137
79.70701,10.81099,-1.87702,6.78122
79.72701,10.80592,-1.90285,6.78107
79.74701,10.80072,-1.92872,6.78093
79.76701,10.79542,-1.95460,6.78079
79.78701,10.79003,-1.98040,6.78065
79.80701,10.78456,-2.00608,6.78052
79.82701,10.77902,-2.03168,6.78039
79.84701,10.77336,-2.05726,6.78026
79.86701,10.76760,-2.08280,6.78013
79.88701,10.76175,-2.10824,6.78000
79.90701,10.75584,-2.13354,6.77986
79.92701,10.74984,-2.15877,6.77973
79.94701,10.74371,-2.18403,6.77959
79.96701,10.73747,-2.20930,6.77946
79.98701,10.73113,-2.23448,6.77933
80.00701,10.72473,-2.25953,6.77919
80.02701,10.71825,-2.28450,6.77906
80.04701,10.71166,-2.30943,6.77892
80.06701,10.70498,-2.33431,6.77878
80.08701,10.69822,-2.35909,6.77863
80.10701,10.69141,-2.38373,6.77848
80.12701,10.68452,-2.40828,6.77833
80.14701,10.67751,-2.43285,6.77818
80.16701,10.67039,-2.45742,6.77803
80.18701,10.66319,-2.48189,6.77787
80.20701,10.65594,-2.50624,6.77772
80.22701,10.64862,-2.53049,6.77756
80.24701,10.64120,-2.55470,6.77739
80.26701,10.63369,-2.57885,6.77723
80.28701,10.62611,-2.60289,6.77705
80.30701,10.61848,-2.62677,6.77688
80.32701,10.61078,-2.65056,6.77670
80.34701,10.60295,-2.67434,6.77652
80.36701,10.59501,-2.69809,6.77634
80.38701,10.58699,-2.72173,6.77615
80.40701,10.57891,-2.74521,6.77596
80.42701,10.57076,-2.76857,6.77577
80.44701,10.56251,-2.79185,6.77557
80.46701,10.55416,-2.81505,6.77536
80.48701,10.54574,-2.83811,6.77515
80.50701,10.53728,-2.86100,6.77492
80.52701,10.52876,-2.88373,6.77469
80.54701,10.52022,-2.90624,6.77446
80.56701,10.51164,-2.92859,6.77422
80.58701,10.50294,-2.95089,6.77397
80.60701,10.49410,-2.97319,6.77372
80.62701,10.48510,-2.99547,6.77346
80.64701,10.47596,-3.01776,6.77320
80.66701,10.46666,-3.04002,6.77293
80.68701,10.45726,-3.06219,6.77266
80.70701,10.44778,-3.08420,6.77239
80.72701,10.43822,-3.10611,6.77211
80.74701,10.42851,-3.12799,6.77183
80.76701,10.41868,-3.14981,6.77154
80.78701,10.40877,-3.17149,6.77126
80.80701,10.39882,-3.19298,6.77097
80.82701,10.38881,-3.21432,6.77067
80.84701,10.37871,-3.23555,6.77037
80.86701,10.36852,-3.25667,6.77005
80.88701,10.35829,-3.27763,6.76973
80.90701,10.34804,-3.29839,6.76940
80.92701,10.33771,-3.31903,6.76907
80.94701,10.32727,-3.33961,6.76873
80.96701,10.31672,-3.36012,6.76838
80.98701,10.30612,-3.38049,6.76802
81.00701,10.29548,-3.40067,6.76766
81.02701,10.28479,-3.42072,6.76728
81.04701,10.27401,-3.44068,6.76689
81.06701,10.26315,-3.46053,6.76649
81.08701,10.25223,-3.48023,6.76608
81.10701,10.24127,-3.49978,6.76565
81.12701,10.23025,-3.51921,6.76520
81.14701,10.21909,-3.53859,6.76475
81.16701,10.20781,-3.55792,6.76428
81.18701,10.19644,-3.57712,6.76381
81.20701,10.18502,-3.59618,6.76331
81.22701,10.17353,-3.61511,6.76281
81.24701,10.16192,-3.63395,6.76228
81.26701,10.15020,-3.65270,6.76174
81.28701,10.13842,-3.67131,6.76118
81.30701,10.12658,-3.68975,6.76061
81.32701,10.11466,-3.70807,6.76002
81.34701,10.10258,-3.72633,6.75942
81.36701,10.09036,-3.74452,6.75880
81.38701,10.07805,-3.76257,6.75816
81.40701,10.06567,-3.78047,6.75752
81.42701,10.05322,-3.79823,6.75685
81.44701,10.04063,-3.81589,6.75617
81.46701,10.02793,-3.83345,6.75547
81.48701,10.01515,-3.85086,6.75475
81.50701,10.00233,-3.86809,6.75402
81.52701,9.98942,-3.88520,6.75327
81.54701,9.97635,-3.90224,6.75250
81.56701,9.96313,-3.91919,6.75172
81.58701,9.94983,-3.93600,6.75092
81.60701,9.93648,-3.95264,6.75011
81.62701,9.92307,-3.96915,6.74927
81.64701,9.90954,-3.98554,6.74842
81.66701,9.89592,-4.00182,6.74755
81.68701,9.88225,-4.01795,6.74666
81.70701,9.86856,-4.03390,6.74575
81.72701,9.85481,-4.04971,6.74482
81.74701,9.84094,-4.06545,6.74388
81.76701,9.82696,-4.08109,6.74292
81.78701,9.81293,-4.09658,6.74195
81.80701,9.79889,-4.11191,6.74096
81.82701,9.78481,-4.12710,6.73995
81.84701,9.77066,-4.14218,6.73893
81.86701,9.75645,-4.15713,6.73790
81.88701,9.74222,-4.17194,6.73685
81.90701,9.72800,-4.18657,6.73579
81.92701,9.71375,-4.20106,6.73472
81.94701,9.69940,-4.21546,6.73364
81.96701,9.68496,-4.22976,6.73255
81.98701,9.67050,-4.24389,6.73145
82.00701,9.65605,-4.25786,6.73035
82.02701,9.64158,-4.27168,6.72923
82.04701,9.62706,-4.28536,6.72811
82.06701,9.61250,-4.29890,6.72697
82.08701,9.59791,-4.31229,6.72583
82.10701,9.58330,-4.32551,6.72468
82.12701,9.56867,-4.33859,6.72351
82.14701,9.55399,-4.35151,6.72234
82.16701,9.53925,-4.36430,6.72116
82.18701,9.52450,-4.37690,6.71998
82.20701,9.50979,-4.38932,6.71879
82.22701,9.49504,-4.40159,6.71759
82.24701,9.48020,-4.41372,6.71639
82.26701,9.46527,-4.42571,6.71518
82.28701,9.45036,-4.43751,6.71396
82.30701,9.43550,-4.44912,6.71274
82.32701,9.42068,-4.46054,6.71151
82.34701,9.40593,-4.47176,6.71027
82.36701,9.39120,-4.48282,6.70902
82.38701,9.37637,-4.49375,6.70776
82.40701,9.36139,-4.50458,6.70648
82.42701,9.34625,-4.51529,6.70519
82.44701,9.33091,-4.52589,6.70389
82.46701,9.31542,-4.53637,6.70257
82.48701,9.29984,-4.54668,6.70123
82.50701,9.28421,-4.55684,6.69989
82.52701,9.26851,-4.56685,6.69852
82.54701,9.25267,-4.57674,6.69714
82.56701,9.23669,-4.58650,6.69575
82.58701,9.22066,-4.59610,6.69435
82.60701,9.20461,-4.60554,6.69293
82.62701,9.18851,-4.61484,6.69150
82.64701,9.17232,-4.62400,6.69006
82.66701,9.15605,-4.63302,6.68861
82.68701,9.13975,-4.64188,6.68714
82.70701,9.12346,-4.65058,6.68567
82.72701,9.10711,-4.65915,6.68418
82.74701,9.09062,-4.66759,6.68269
82.76701,9.07402,-4.67590,6.68119
82.78701,9.05737,-4.68405,6.67969
82.80701,9.04070,-4.69204,6.67819
82.82701,9.02398,-4.69989,6.67669
82.84701,9.00716,-4.70760,6.67518
82.86701,8.99024,-4.71517,6.67366
82.88701,8.97328,-4.72259,6.67215
82.90701,8.95632,-4.72986,6.67064
82.92701,8.93928,-4.73698,6.66913
82.94701,8.92209,-4.74398,6.66763
82.96701,8.90475,-4.75083,6.66613
82.98701,8.88735,-4.75753,6.66463
83.00701,8.86993,-4.76407,6.66314
83.02701,8.85244,-4.77047,6.66166
83.04701,8.83485,-4.77674,6.66018
83.06701,8.81715,-4.78286,6.65870
83.08701,8.79937,-4.78883,6.65722
83.10701,8.78154,-4.79466,6.65575
83.12701,8.76364,-4.80035,6.65428
83.14701,8.74563,-4.80590,6.65281
83.16701,8.72753,-4.81132,6.65134
83.18701,8.70939,-4.81659,6.64988
83.20701,8.69127,-4.82171,6.64842
83.22701,8.67312,-4.82670,6.64696
83.24701,8.65489,-4.83156,6.64550
83.26701,8.63659,-4.83627,6.64404
83.28701,8.61827,-4.84084,6.64258
83.30701,8.59996,-4.84527,6.64111
83.32701,8.58161,-4.84957,6.63965
83.34701,8.56312,-4.85372,6.63818
83.36701,8.54451,-4.85772,6.63671
83.38701,8.52586,-4.86157,6.63523
83.40701,8.50720,-4.86526,6.63375
83.42701,8.48852,-4.86882,6.63227
83.44701,8.46974,-4.87222,6.63077
83.46701,8.45089,-4.87548,6.62927
83.48701,8.43203,-4.87858,6.62775
83.50701,8.41318,-4.88153,6.62623
83.52701,8.39430,-4.88434,6.62470
83.54701,8.37528,-4.88700,6.62316
83.56701,8.35615,-4.88949,6.62161
83.58701,8.33700,-4.89182,6.62006
83.60701,8.31787,-4.89400,6.61850
83.62701,8.29871,-4.89604,6.61694
83.64701,8.27949,-4.89791,6.61537
83.66701,8.26021,-4.89962,6.61378
83.68701,8.24093,-4.90117,6.61220
83.70701,8.22169,-4.90257,6.61061
83.72701,8.20241,-4.90382,6.60901
83.74701,8.18302,-4.90490,6.60741
83.76701,8.16352,-4.90580,6.60581
83.78701,8.14399,-4.90653,6.60421
83.80701,8.12449,-4.90710,6.60260
83.82701,8.10496,-4.90752,6.60100
83.84701,8.08535,-4.90777,6.59938
83.86701,8.06566,-4.90784,6.59776
83.88701,8.04596,-4.90774,6.59614
83.90701,8.02627,-4.90749,6.59451
83.92701,8.00653,-4.90708,6.59288
83.94701,7.98663,-4.90649,6.59125
83.96701,7.96660,-4.90570,6.58960
83.98701,7.94652,-4.90473,6.58795
84.00701,7.92643,-4.90360,6.58630
84.02701,7.90629,-4.90232,6.58465
84.04701,7.88604,-4.90085,6.58298
84.06701,7.86570,-4.89920,6.58131
84.08701,7.84531,-4.89738,6.57962
84.10701,7.82494,-4.89541,6.57794
84.12701,7.80450,-4.89328,6.57624
84.14701,7.78389,-4.89095,6.57454
84.16701,7.76313,-4.88842,6.57283
84.18701,7.74232,-4.88572,6.57111
84.20701,7.72150,-4.88286,6.56939
84.22701,7.70063,-4.87984,6.56765
84.24701,7.67965,-4.87665,6.56590
84.26701,7.65857,-4.87327,6.56414
84.28701,7.63743,-4.86972,6.56236
84.30701,7.61624,-4.86601,6.56057
84.32701,7.59499,-4.86213,6.55876
84.34701,7.57363,-4.85808,6.55693
84.36701,7.55218,-4.85384,6.55508
84.38701,7.53072,-4.84946,6.55323
84.40701,7.50928,-4.84495,6.55135
84.42701,7.48783,-4.84029,6.54947
84.44701,7.46630,-4.83546,6.54757
84.46701,7.44470,-4.83047,6.54565
84.48701,7.42308,-4.82535,6.54372
84.50701,7.40150,-4.82009,6.54178
84.52701,7.37987,-4.81469,6.53983
84.54701,7.35809,-4.80909,6.53786
84.56701,7.33617,-4.80330,6.53589
84.58701,7.31422,-4.79735,6.53390
84.60701,7.29228,-4.79127,6.53192
84.62701,7.27031,-4.78505,6.52992
84.64701,7.24825,-4.77865,6.52792
84.66701,7.22610,-4.77208,6.52591
84.68701,7.20396,-4.76538,6.52389
84.70701,7.18185,-4.75856,6.52188
84.72701,7.15971,-4.75160,6.51986
84.74701,7.13742,-4.74443,6.51784
84.76701,7.11501,-4.73707,6.51582
84.78701,7.09259,-4.72956,6.51380
84.80701,7.07020,-4.72194,6.51179
84.82701,7.04779,-4.71418,6.50977
84.84701,7.02532,-4.70625,6.50776
84.86701,7.00279,-4.69817,6.50574
84.88701,6.98027,-4.68997,6.50373
84.90701,6.95780,-4.68167,6.50172
84.92701,6.93532,-4.67326,6.49971
84.94701,6.91271,-4.66466,6.49769
84.96701,6.89000,-4.65588,6.49568
84.98701,6.86728,-4.64699,6.49367
85.00701,6.84461,-4.63801,6.49166
85.02701,6.82192,-4.62892,6.48966
85.04701,6.79911,-4.61966,6.48765
85.06701,6.77621,-4.61023,6.48563
85.08701,6.75336,-4.60073,6.48362
85.10701,6.73062,-4.59118,6.48162
85.12701,6.70790,-4.58156,6.47963
85.14701,6.68509,-4.57178,6.47763
85.16701,6.66219,-4.56185,6.47562
85.18701,6.63930,-4.55182,6.47362
85.20701,6.61644,-4.54172,6.47161
85.22701,6.59364,-4.53155,6.46961
85.24701,6.57099,-4.52139,6.46761
85.26701,6.54843,-4.51120,6.46561
85.28701,6.52576,-4.50084,6.46361
85.30701,6.50289,-4.49028,6.46160
85.32701,6.47982,-4.47950,6.45957
85.34701,6.45645,-4.46843,6.45752
85.36701,6.43284,-4.45710,6.45546
85.38701,6.40913,-4.44559,6.45338
85.40701,6.38538,-4.43395,6.45130
85.42701,6.36156,-4.42214,6.44920
85.44701,6.33758,-4.41011,6.44708
85.46701,6.31347,-4.39788,6.44495
85.48701,6.28935,-4.38552,6.44280
85.50701,6.26530,-4.37308,6.44065
85.52701,6.24125,-4.36052,6.43848
85.54701,6.21716,-4.34780,6.43630
85.56701,6.19304,-4.33494,6.43410
85.58701,6.16898,-4.32198,6.43189
85.60701,6.14502,-4.30897,6.42967
85.62701,6.12110,-4.29586,6.42745
85.64701,6.09717,-4.28260,6.42521
85.66701,6.07320,-4.26919,6.42296
85.68701,6.04926,-4.25566,6.42070
85.70701,6.02540,-4.24206,6.41844
85.72701,6.00151,-4.22832,6.41618
85.74701,5.97748,-4.21434,6.41391
85.76701,5.95332,-4.20013,6.41164
85.78701,5.92914,-4.18579,6.40937
85.80701,5.90499,-4.17134,6.40711
85.82701,5.88081,-4.15676,6.40485
85.84701,5.85653,-4.14198,6.40260
85.86701,5.83217,-4.12703,6.40034
85.88701,5.80780,-4.11197,6.39809
85.90701,5.78347,-4.09684,6.39585
85.92701,5.75915,-4.08163,6.39362
85.94701,5.73493,-4.06640,6.39141
85.96701,5.71073,-4.05110,6.38922
85.98701,5.68639,-4.03561,6.38703
86.00701,5.66181,-4.01987,6.38484
86.02701,5.63702,-4.00389,6.38266
86.04701,5.61193,-3.98760,6.38047
86.06701,5.58659,-3.97103,6.37828
86.08701,5.56122,-3.95435,6.37611
86.10701,5.53592,-3.93765,6.37396
86.12701,5.51059,-3.92087,6.37181
86.14701,5.48514,-3.90392,6.36967
86.16701,5.45958,-3.88682,6.36753
86.18701,5.43403,-3.86965,6.36539
86.20701,5.40854,-3.85247,6.36325
86.22701,5.38306,-3.83522,6.36111
86.24701,5.35753,-3.81788,6.35896
86.26701,5.33195,-3.80042,6.35679
86.28701,5.30640,-3.78292,6.35462
86.30701,5.28092,-3.76541,6.35245
86.32701,5.25543,-3.74782,6.35026
86.34701,5.22980,-3.73005,6.34807
86.36701,5.20407,-3.71211,6.34586
86.38701,5.17833,-3.69409,6.34364
86.40701,5.15264,-3.67602,6.34142
86.42701,5.12695,-3.65786,6.33919
86.44701,5.10120,-3.63956,6.33695
86.46701,5.07539,-3.62111,6.33469
86.48701,5.04960,-3.60259,6.33243
86.50701,5.02389,-3.58402,6.33016
86.52701,4.99816,-3.56533,6.32788
86.54701,4.97231,-3.54643,6.32559
86.56701,4.94634,-3.52731,6.32329
86.58701,4.92039,-3.50809,6.32100
86.60701,4.89449,-3.48880,6.31870
86.62701,4.86858,-3.46940,6.31640
86.64701,4.84255,-3.44977,6.31410
86.66701,4.81642,-3.42993,6.31179
86.68701,4.79035,-3.41004,6.30948
86.70701,4.76441,-3.39017,6.30720
86.72701,4.73851,-3.37024,6.30491
86.74701,4.71251,-3.35012,6.30263
86.76701,4.68641,-3.32984,6.30033
86.78701,4.66033,-3.30947,6.29804
86.80701,4.63430,-3.28906,6.29575
86.82701,4.60823,-3.26856,6.29346
86.84701,4.58204,-3.24786,6.29116
86.86701,4.55571,-3.22698,6.28884
86.88701,4.52937,-3.20601,6.28653
86.90701,4.50307,-3.18503,6.28422
86.92701,4.47675,-3.16396,6.28190
86.94701,4.45034,-3.14278,6.27957
86.96701,4.42386,-3.12148,6.27723
86.98701,4.39737,-3.10013,6.27488
87.00701,4.37093,-3.07879,6.27254
87.02701,4.34446,-3.05738,6.27019
87.04701,4.31790,-3.03587,6.26783
87.06701,4.29124,-3.01422,6.26545
87.08701,4.26455,-2.99253,6.26308
87.10701,4.23788,-2.97081,6.26070
87.12701,4.21114,-2.94901,6.25832
87.14701,4.18420,-2.92699,6.25594
87.16701,4.15708,-2.90477,6.25355
87.18701,4.12989,-2.88245,6.25116
87.20701,4.10271,-2.86010,6.24877
87.22701,4.07546,-2.83765,6.24639
87.24701,4.04808,-2.81506,6.24400
87.26701,4.02059,-2.79231,6.24160
87.28701,3.99306,-2.76950,6.23921
87.30701,3.96556,-2.74666,6.23683
87.32701,3.93809,-2.72380,6.23445
87.34701,3.91070,-2.70098,6.23210
87.36701,3.88328,-2.67810,6.22975
87.38701,3.85571,-2.65501,6.22740
87.40701,3.82791,-2.63164,6.22505
87.42701,3.80001,-2.60810,6.22271
87.44701,3.77220,-2.58459,6.22040
87.46701,3.74442,-2.56103,6.21812
87.48701,3.71645,-2.53721,6.21584
87.50701,3.68817,-2.51299,6.21356
87.52701,3.65966,-2.48844,6.21128
87.54701,3.63082,-2.46347,6.20899
87.56701,3.60174,-2.43814,6.20669
87.58701,3.57260,-2.41265,6.20440
87.60701,3.54350,-2.38708,6.20212
87.62701,3.51440,-2.36141,6.19985
87.64701,3.48524,-2.33555,6.19758
87.66701,3.45603,-2.30954,6.19531
87.68701,3.42692,-2.28351,6.19305
87.70701,3.39798,-2.25753,6.19080
87.72701,3.36914,-2.23156,6.18856
87.74701,3.34039,-2.20557,6.18632
87.76701,3.31171,-2.17956,6.18407
87.78701,3.28319,-2.15361,6.18183
87.80701,3.25486,-2.12777,6.17960
87.82701,3.22665,-2.10196,6.17736
87.84701,3.19850,-2.07613,6.17513
87.86701,3.17037,-2.05025,6.17290
87.88701,3.14235,-2.02440,6.17067
87.90701,3.11447,-1.99863,6.16844
87.92701,3.08662,-1.97284,6.16621
87.94701,3.05869,-1.94690,6.16400
87.96701,3.03068,-1.92083,6.16178
87.98701,3.00271,-1.89475,6.15958
88.00701,2.97482,-1.86869,6.15738
88.02701,2.94693,-1.84260,6.15520
88.04701,2.91893,-1.81636,6.15302
88.06701,2.89085,-1.78998,6.15085
88.08701,2.86283,-1.76363,6.14869
88.10701,2.83497,-1.73740,6.14656
88.12701,2.80715,-1.71118,6.14443
88.14701,2.77926,-1.68484,6.14232
88.16701,2.75129,-1.65840,6.14020
88.18701,2.72334,-1.63194,6.13810
88.20701,2.69547,-1.60553,6.13600
88.22701,2.66761,-1.57910,6.13390
88.24701,2.63970,-1.55259,6.13180
88.26701,2.61173,-1.52600,6.12970
88.28701,2.58379,-1.49940,6.12759
88.30701,2.55591,-1.47284,6.12549
88.32701,2.52801,-1.44623,6.12339
88.34701,2.49998,-1.41945,6.12128
88.36701,2.47181,-1.39251,6.11917
88.38701,2.44364,-1.36553,6.11706
88.40701,2.41552,-1.33856,6.11495
88.42701,2.38737,-1.31154,6.11285
88.44701,2.35908,-1.28435,6.11073
88.46701,2.33068,-1.25700,6.10860
88.48701,2.30233,-1.22967,6.10648
88.50701,2.27413,-1.20246,6.10437
88.52701,2.24605,-1.17533,6.10226
88.54701,2.21811,-1.14832,6.10014
88.56701,2.19023,-1.12132,6.09802
88.58701,2.16225,-1.09419,6.09590
88.60701,2.13413,-1.06686,6.09375
88.62701,2.10596,-1.03944,6.09159
88.64701,2.07792,-1.01212,6.08944
88.66701,2.04995,-0.98482,6.08728
88.68701,2.02178,-0.95725,6.08512
88.70701,1.99326,-0.92928,6.08294
88.72701,1.96451,-0.90101,6.08073
88.74701,1.93552,-0.87242,6.07850
88.76701,1.90635,-0.84359,6.07625
88.78701,1.87715,-0.81467,6.07398
88.80701,1.84801,-0.78576,6.07171
88.82701,1.81896,-0.75689,6.06942
88.84701,1.79012,-0.72820,6.06714
88.86701,1.76144,-0.69961,6.06485
88.88701,1.73273,-0.67095,6.06255
88.90701,1.70393,-0.64215,6.06023
88.92701,1.67514,-0.61332,6.05790
88.94701,1.64655,-0.58465,6.05557
88.96701,1.61810,-0.55608,6.05323
88.98701,1.58960,-0.52742,6.05088
89.00701,1.56096,-0.49857,6.04851
89.02701,1.53222,-0.46960,6.04612
89.04701,1.50337,-0.44047,6.04371
89.06701,1.47444,-0.41122,6.04128
89.08701,1.44555,-0.38198,6.03884
89.10701,1.41676,-0.35283,6.03639
89.12701,1.38802,-0.32369,6.03393
89.14701,1.35923,-0.29447,6.03145
89.16701,1.33041,-0.26520,6.02897
89.18701,1.30169,-0.23599,6.02649
89.20701,1.27311,-0.20692,6.02401
89.22701,1.24462,-0.17791,6.02152
89.24701,1.21617,-0.14892,6.01904
89.26701,1.18776,-0.11997,6.01654
89.28701,1.15946,-0.09111,6.01405
89.30701,1.13131,-0.06241,6.01155
89.32701,1.10320,-0.03374,6.00906
89.34701,1.07502,-0.00500,6.00658
89.36701,1.04679,0.02379,6.00410
89.38701,1.01864,0.05249,6.00163
89.40701,0.99060,0.08106,5.99917
89.42701,0.96261,0.10957,5.99672
89.44701,0.93461,0.13807,5.99427
89.46701,0.90660,0.16656,5.99181
89.48701,0.87864,0.19497,5.98937
89.50701,0.85078,0.22326,5.98693
89.52701,0.82293,0.25151,5.98449
89.54701,0.79497,0.27985,5.98206
89.56701,0.76691,0.30827,5.97964
89.58701,0.73886,0.33665,5.97723
89.60701,0.71088,0.36496,5.97483
89.62701,0.68290,0.39323,5.97244
89.64701,0.65486,0.42155,5.97006
89.66701,0.62678,0.44991,5.96767
89.68701,0.59873,0.47822,5.96530
89.70701,0.57076,0.50643,5.96294
89.72701,0.54279,0.53463,5.96059
89.74701,0.51470,0.56294,5.95825
89.76701,0.48651,0.59135,5.95593
89.78701,0.45834,0.61973,5.95361
89.80701,0.43023,0.64803,5.95132
89.82701,0.40213,0.67630,5.94903
89.84701,0.37398,0.70461,5.94676
89.86701,0.34579,0.73295,5.94448
89.88701,0.31763,0.76123,5.94222
89.90701,0.28957,0.78941,5.93997
89.92701,0.26150,0.81756,5.93773
89.94701,0.23332,0.84582,5.93550
89.96701,0.20505,0.87416,5.93328
89.98701,0.17679,0.90245,5.93107
90.00701,0.14860,0.93065,5.92887
90.02701,0.12044,0.95881,5.92667
90.04701,0.09224,0.98698,5.92448
90.06701,0.06401,1.01516,5.92229
90.08701,0.03582,1.04326,5.92009
90.10701,0.00773,1.07125,5.91791
90.12701,-0.02035,1.09919,5.91572
90.14701,-0.04853,1.12721,5.91353
90.16701,-0.07680,1.15528,5.91135
90.18701,-0.10505,1.18329,5.90917
90.20701,-0.13321,1.21118,5.90699
90.22701,-0.16134,1.23901,5.90481
90.24701,-0.18951,1.26684,5.90263
90.26701,-0.21770,1.29465,5.90045
90.28701,-0.24583,1.32236,5.89826
90.30701,-0.27385,1.34993,5.89608
90.32701,-0.30184,1.37743,5.89390
90.34701,-0.32993,1.40499,5.89172
90.36701,-0.35809,1.43257,5.88954
90.38701,-0.38621,1.46007,5.88737
90.40701,-0.41422,1.48742,5.88521
90.42701,-0.44219,1.51469,5.88305
90.44701,-0.47016,1.54192,5.88089
90.46701,-0.49814,1.56911,5.87873
90.48701,-0.52604,1.59618,5.87658
90.50701,-0.55382,1.62309,5.87443
90.52701,-0.58156,1.64992,5.87229
90.54701,-0.60937,1.67678,5.87016
90.56701,-0.63723,1.70366,5.86804
90.58701,-0.66504,1.73043,5.86593
90.60701,-0.69274,1.75706,5.86384
90.62701,-0.72039,1.78361,5.86176
90.64701,-0.74804,1.81011,5.85968
90.66701,-0.77570,1.83656,5.85761
90.68701,-0.80327,1.86289,5.85556
90.70701,-0.83073,1.88906,5.85352
90.72701,-0.85814,1.91514,5.85148
90.74701,-0.88563,1.94123,5.84947
90.76701,-0.91317,1.96732,5.84747
90.78701,-0.94066,1.99330,5.84548
90.80701,-0.96805,2.01913,5.84351
90.82701,-0.99540,2.04486,5.84156
90.84701,-1.02276,2.07054,5.83961
90.86701,-1.05013,2.09617,5.83767
90.88701,-1.07743,2.12167,5.83575
90.90701,-1.10462,2.14702,5.83383
90.92701,-1.13178,2.17227,5.83193
90.94701,-1.15901,2.19754,5.83004
90.96701,-1.18630,2.22281,5.82817
90.98701,-1.21355,2.24798,5.82630
91.00701,-1.24069,2.27301,5.82445
91.02701,-1.26777,2.29794,5.82261
91.04701,-1.29486,2.32284,5.82077
91.06701,-1.32195,2.34768,5.81893
91.08701,-1.34897,2.37242,5.81710
91.10701,-1.37587,2.39702,5.81527
91.12701,-1.40275,2.42156,5.81345
91.14701,-1.42971,2.44615,5.81163
91.16701,-1.45673,2.47075,5.80982
91.18701,-1.48368,2.49524,5.80801
91.20701,-1.51051,2.51960,5.80621
91.22701,-1.53728,2.54388,5.80442
91.24701,-1.56406,2.56813,5.80262
91.26701,-1.59084,2.59235,5.80082
91.28701,-1.61754,2.61646,5.79902
91.30701,-1.64410,2.64042,5.79722
91.32701,-1.67063,2.66432,5.79542
91.34701,-1.69724,2.68826,5.79362
91.36701,-1.72391,2.71220,5.79182
91.38701,-1.75052,2.73604,5.79003
91.40701,-1.77702,2.75975,5.78824
91.42701,-1.80347,2.78337,5.78644
91.44701,-1.82995,2.80695,5.78464
91.46701,-1.85646,2.83050,5.78283
91.48701,-1.88291,2.85394,5.78101
91.50701,-1.90925,2.87723,5.77920
91.52701,-1.93556,2.90042,5.77738
91.54701,-1.96195,2.92362,5.77555
91.56701,-1.98842,2.94680,5.77373
91.58701,-2.01487,2.96989,5.77189
91.60701,-2.04124,2.99283,5.77006
91.62701,-2.06759,3.01568,5.76822
91.64701,-2.09396,3.03847,5.76637
91.66701,-2.12037,3.06120,5.76451
91.68701,-2.14673,3.08381,5.76264
91.70701,-2.17300,3.10626,5.76077
91.72701,-2.19926,3.12862,5.75889
91.74701,-2.22561,3.15096,5.75700
91.76701,-2.25205,3.17328,5.75511
91.78701,-2.27846,3.19549,5.75321
91.80701,-2.30479,3.21755,5.75131
91.82701,-2.33111,3.23951,5.74940
91.84701,-2.35747,3.26142,5.74749
91.86701,-2.38387,3.28326,5.74556
91.88701,-2.41020,3.30498,5.74362
91.90701,-2.43642,3.32653,5.74168
91.92701,-2.46262,3.34797,5.73972
91.94701,-2.48888,3.36939,5.73776
91.96701,-2.51521,3.39077,5.73579
91.98701,-2.54149,3.41203,5.73381
92.00701,-2.56768,3.43315,5.73182
92.02701,-2.59383,3.45415,5.72982
92.04701,-2.61999,3.47507,5.72781
92.06701,-2.64615,3.49590,5.72578
92.08701,-2.67224,3.51660,5.72374
92.10701,-2.69823,3.53713,5.72169
92.12701,-2.72419,3.55754,5.71962
92.14701,-2.75021,3.57790,5.71755
92.16701,-2.77630,3.59820,5.71547
92.18701,-2.80234,3.61836,5.71339
92.20701,-2.82829,3.63835,5.71130
92.22701,-2.85420,3.65820,5.70919
92.24701,-2.88011,3.67795,5.70708
92.26701,-2.90603,3.69758,5.70496
92.28701,-2.93190,3.71706,5.70284
92.30701,-2.95766,3.73636,5.70070
92.32701,-2.98339,3.75552,5.69856
92.34701,-3.00919,3.77461,5.69642
92.36701,-3.03504,3.79361,5.69427
92.38701,-3.06086,3.81246,5.69213
92.40701,-3.08659,3.83114,5.68999
92.42701,-3.11229,3.84967,5.68786
92.44701,-3.13799,3.86808,5.68572
92.46701,-3.16370,3.88638,5.68358
92.48701,-3.18936,3.90451,5.68144
92.50701,-3.21491,3.92247,5.67931
92.52701,-3.24044,3.94028,5.67718
92.54701,-3.26604,3.95802,5.67506
92.56701,-3.29169,3.97567,5.67295
92.58701,-3.31732,3.99317,5.67085
92.60701,-3.34285,4.01051,5.66876
92.62701,-3.36835,4.02770,5.66668
92.64701,-3.39385,4.04478,5.66461
92.66701,-3.41936,4.06175,5.66255
92.68701,-3.44482,4.07857,5.66050
92.70701,-3.47017,4.09521,5.65845
92.72701,-3.49549,4.11172,5.65642
92.74701,-3.52088,4.12815,5.65439
92.76701,-3.54632,4.14450,5.65238
92.78701,-3.57174,4.16071,5.65037
92.80701,-3.59707,4.17675,5.64837
92.82701,-3.62237,4.19266,5.64638
92.84701,-3.64767,4.20845,5.64439
92.86701,-3.67299,4.22414,5.64241
92.88701,-3.69825,4.23968,5.64042
92.90701,-3.72341,4.25506,5.63844
92.92701,-3.74854,4.27030,5.63646
92.94701,-3.77373,4.28547,5.63449
92.96701,-3.79897,4.30055,5.63251
92.98701,-3.82417,4.31549,5.63055
93.00701,-3.84928,4.33028,5.62858
93.02701,-3.87435,4.34493,5.62662
93.04701,-3.89944,4.35948,5.62466
93.06701,-3.92453,4.37391,5.62270
93.08701,-3.94954,4.38820,5.62074
93.10701,-3.97443,4.40231,5.61877
93.12701,-3.99926,4.41630,5.61681
93.14701,-4.02413,4.43018,5.61485
93.16701,-4.04903,4.44397,5.61290
93.18701,-4.07387,4.45761,5.61094
93.20701,-4.09861,4.47109,5.60898
93.22701,-4.12328,4.48442,5.60703
93.24701,-4.14794,4.49763,5.60507
93.26701,-4.17258,4.51071,5.60310
93.28701,-4.19714,4.52364,5.60114
93.30701,-4.22158,4.53639,5.59917
93.32701,-4.24597,4.54901,5.59720
93.34701,-4.27039,4.56151,5.59522
93.36701,-4.29484,4.57390,5.59325
93.38701,-4.31922,4.58613,5.59128
93.40701,-4.34350,4.59820,5.58930
93.42701,-4.36771,4.61011,5.58733
93.44701,-4.39191,4.62189,5.58535
93.46701,-4.41609,4.63354,5.58336
93.48701,-4.44019,4.64503,5.58138
93.50701,-4.46415,4.65634,5.57939
93.52701,-4.48803,4.66750,5.57741
93.54701,-4.51193,4.67855,5.57542
93.56701,-4.53585,4.68946,5.57345
93.58701,-4.55969,4.70023,5.57147
93.60701,-4.58340,4.71083,5.56950
93.62701,-4.60704,4.72128,5.56753
93.64701,-4.63063,4.73159,5.56556
93.66701,-4.65418,4.74177,5.56359
93.68701,-4.67767,4.75179,5.56162
93.70701,-4.70107,4.76167,5.55966
93.72701,-4.72436,4.77140,5.55769
93.74701,-4.74743,4.78095,5.55573
93.76701,-4.77033,4.79034,5.55376
93.78701,-4.79323,4.79961,5.55181
93.80701,-4.81617,4.80876,5.54986
93.82701,-4.83915,4.81779,5.54792
93.84701,-4.86220,4.82671,5.54598
93.86701,-4.88529,4.83549,5.54405
93.88701,-4.90833,4.84413,5.54213
93.90701,-4.93129,4.85261,5.54022
93.92701,-4.95420,4.86095,5.53832
93.94701,-4.97715,4.86915,5.53643
93.96701,-5.00010,4.87721,5.53455
93.98701,-5.02299,4.88512,5.53268
94.00701,-5.04577,4.89288,5.53082
94.02701,-5.06847,4.90049,5.52897
94.04701,-5.09112,4.90795,5.52713
94.06701,-5.11373,4.91527,5.52529
94.08701,-5.13625,4.92244,5.52346
94.10701,-5.15864,4.92947,5.52163
94.12701,-5.18096,4.93635,5.51981
94.14701,-5.20331,4.94310,5.51800
94.16701,-5.22567,4.94971,5.51620
94.18701,-5.24795,4.95618,5.51441
94.20701,-5.27012,4.96250,5.51263
94.22701,-5.29222,4.96867,5.51085
94.24701,-5.31431,4.97471,5.50908
94.26701,-5.33637,4.98061,5.50731
94.28701,-5.35836,4.98636,5.50554
94.30701,-5.38022,4.99197,5.50379
94.32701,-5.40202,4.99743,5.50203
94.34701,-5.42386,5.00276,5.50029
94.36701,-5.44571,5.00795,5.49855
94.38701,-5.46750,5.01300,5.49682
94.40701,-5.48919,5.01790,5.49510
94.42701,-5.51083,5.02264,5.49338
94.44701,-5.53245,5.02724,5.49166
94.46701,-5.55406,5.03169,5.48995
94.48701,-5.57561,5.03597,5.48825
94.50701,-5.59704,5.04011,5.48655
94.52701,-5.61843,5.04408,5.48485
94.54701,-5.63986,5.04788,5.48316
94.56701,-5.66132,5.05151,5.48147
94.58701,-5.68272,5.05497,5.47980
94.60701,-5.70403,5.05825,5.47813
94.62701,-5.72527,5.06137,5.47646
94.64701,-5.74650,5.06431,5.47480
94.66701,-5.76771,5.06708,5.47314
94.68701,-5.78884,5.06967,5.47149
94.70701,-5.80986,5.07210,5.46984
94.72701,-5.83082,5.07437,5.46820
94.74701,-5.85180,5.07646,5.46657
94.76701,-5.87279,5.07837,5.46494
94.78701,-5.89372,5.08011,5.46332
94.80701,-5.91455,5.08169,5.46171
94.82701,-5.93531,5.08313,5.46010
94.84701,-5.95604,5.08441,5.45850
94.86701,-5.97675,5.08553,5.45691
94.88701,-5.99737,5.08650,5.45532
94.90701,-6.01787,5.08735,5.45374
94.92701,-6.03832,5.08806,5.45216
94.94701,-6.05878,5.08861,5.45060
94.96701,-6.07924,5.08901,5.44904
94.98701,-6.09963,5.08927,5.44750
95.00701,-6.11991,5.08941,5.44597
95.02701,-6.14012,5.08942,5.44444
95.04701,-6.16029,5.08929,5.44293
95.06701,-6.18041,5.08903,5.44142
95.08701,-6.20045,5.08864,5.43992
95.10701,-6.22037,5.08813,5.43843
95.12701,-6.24022,5.08750,5.43695
95.14701,-6.26009,5.08672,5.43548
95.16701,-6.27994,5.08578,5.43402
95.18701,-6.29973,5.08471,5.43257
95.20701,-6.31940,5.08351,5.43113
95.22701,-6.33903,5.08218,5.42970
95.24701,-6.35865,5.08068,5.42828
95.26701,-6.37827,5.07902,5.42687
95.28701,-6.39781,5.07722,5.42547
95.30701,-6.41724,5.07528,5.42408
95.32701,-6.43658,5.07322,5.42269
95.34701,-6.45587,5.07100,5.42131
95.36701,-6.47511,5.06861,5.41994
95.38701,-6.49426,5.06609,5.41856
95.40701,-6.51327,5.06344,5.41720
95.42701,-6.53221,5.06063,5.41584
95.44701,-6.55110,5.05765,5.41448
95.46701,-6.56995,5.05449,5.41312
95.48701,-6.58871,5.05117,5.41176
95.50701,-6.60735,5.04770,5.41040
95.52701,-6.62594,5.04404,5.40905
95.54701,-6.64455,5.04016,5.40769
95.56701,-6.66315,5.03605,5.40634
95.58701,-6.68169,5.03174,5.40499
95.60701,-6.70013,5.02726,5.40364
95.62701,-6.71850,5.02259,5.40229
95.64701,-6.73683,5.01772,5.40093
95.66701,-6.75513,5.01263,5.39957
95.68701,-6.77335,5.00735,5.39822
95.70701,-6.79146,5.00191,5.39685
95.72701,-6.80951,4.99630,5.39549
95.74701,-6.82757,4.99045,5.39412
95.76701,-6.84562,4.98438,5.39275
95.78701,-6.86361,4.97811,5.39138
95.80701,-6.88149,4.97170,5.39000
95.82701,-6.89930,4.96512,5.38862
95.84701,-6.91708,4.95835,5.38723
95.86701,-6.93482,4.95139,5.38583
95.88701,-6.95247,4.94428,5.38441
95.90701,-6.97001,4.93704,5.38300
95.92701,-6.98749,4.92963,5.38157
95.94701,-7.00500,4.92201,5.38013
95.96701,-7.02249,4.91418,5.37868
95.98701,-7.03989,4.90620,5.37722
96.00701,-7.05718,4.89810,5.37576
96.02701,-7.07437,4.88987,5.37428
96.04701,-7.09152,4.88147,5.37279
96.06701,-7.10860,4.87291,5.37129
96.08701,-7.12558,4.86421,5.36978
96.10701,-7.14244,4.85540,5.36826
96.12701,-7.15921,4.84645,5.36673
96.14701,-7.17596,4.83730,5.36518
96.16701,-7.19267,4.82794,5.36363
96.18701,-7.20928,4.81843,5.36207
96.20701,-7.22576,4.80879,5.36050
96.22701,-7.24214,4.79901,5.35892
96.24701,-7.25845,4.78905,5.35734
96.26701,-7.27469,4.77891,5.35574
96.28701,-7.29081,4.76863,5.35415
96.30701,-7.30680,4.75824,5.35254
96.32701,-7.32269,4.74769,5.35094
96.34701,-7.33855,4.73692,5.34933
96.36701,-7.35436,4.72594,5.34772
96.38701,-7.37007,4.71480,5.34611
96.40701,-7.38564,4.70354,5.34451
96.42701,-7.40111,4.69214,5.34291
96.44701,-7.41651,4.68057,5.34131
96.46701,-7.43184,4.66882,5.33971
96.48701,-7.44704,4.65694,5.33812
96.50701,-7.46210,4.64497,5.33654
96.52701,-7.47707,4.63286,5.33497
96.54701,-7.49200,4.62055,5.33341
96.56701,-7.50688,4.60803,5.33185
96.58701,-7.52165,4.59538,5.33032
96.60701,-7.53629,4.58263,5.32879
96.62701,-7.55085,4.56975,5.32728
96.64701,-7.56534,4.55669,5.32578
96.66701,-7.57976,4.54346,5.32430
96.68701,-7.59407,4.53013,5.32283
96.70701,-7.60824,4.51672,5.32139
96.72701,-7.62233,4.50317,5.31996
96.74701,-7.63639,4.48940,5.31855
96.76701,-7.65041,4.47542,5.31716
96.78701,-7.66431,4.46133,5.31579
96.80701,-7.67809,4.44717,5.31444
96.82701,-7.69178,4.43289,5.31311
96.84701,-7.70539,4.41846,5.31181
96.86701,-7.71894,4.40387,5.31052
96.88701,-7.73238,4.38918,5.30925
96.90701,-7.74570,4.37443,5.30800
96.92701,-7.75896,4.35955,5.30677
96.94701,-7.77218,4.34446,5.30557
96.96701,-7.78537,4.32916,5.30438
96.98701,-7.79847,4.31376,5.30322
97.00701,-7.81148,4.29827,5.30209
97.02701,-7.82441,4.28267,5.30098
97.04701,-7.83730,4.26692,5.29988
97.06701,-7.85015,4.25102,5.29881
97.08701,-7.86291,4.23502,5.29776
97.10701,-7.87558,4.21897,5.29673
97.12701,-7.88821,4.20280,5.29572
97.14701,-7.90083,4.18642,5.29473
97.16701,-7.91343,4.16986,5.29375
97.18701,-7.92598,4.15318,5.29280
97.20701,-7.93844,4.13644,5.29186
97.22701,-7.95085,4.11960,5.29094
97.24701,-7.96322,4.10262,5.29002
97.26701,-7.97557,4.08548,5.28912
97.28701,-7.98785,4.06827,5.28823
97.30701,-8.00005,4.05100,5.28735
97.32701,-8.01220,4.03363,5.28648
97.34701,-8.02435,4.01605,5.28562
97.36701,-8.03650,3.99827,5.28476
97.38701,-8.04858,3.98039,5.28392
97.40701,-8.06057,3.96246,5.28308
97.42701,-8.07250,3.94445,5.28225
97.44701,-8.08438,3.92628,5.28142
97.46701,-8.09622,3.90798,5.28060
97.48701,-8.10798,3.88959,5.27978
97.50701,-8.11964,3.87116,5.27896
97.52701,-8.13125,3.85261,5.27816
97.54701,-8.14282,3.83385,5.27735
97.56701,-8.15437,3.81489,5.27655
97.58701,-8.16583,3.79583,5.27575
97.60701,-8.17719,3.77670,5.27495
97.62701,-8.18849,3.75746,5.27416
97.64701,-8.19972,3.73805,5.27337
97.66701,-8.21090,3.71848,5.27258
97.68701,-8.22199,3.69882,5.27179
97.70701,-8.23300,3.67908,5.27101
97.72701,-8.24393,3.65924,5.27022
97.74701,-8.25479,3.63925,5.26943
97.76701,-8.26559,3.61913,5.26864
97.78701,-8.27630,3.59895,5.26786
97.80701,-8.28691,3.57876,5.26708
97.82701,-8.29743,3.55848,5.26630
97.84701,-8.30792,3.53802,5.26553
97.86701,-8.31835,3.51739,5.26476
97.88701,-8.32871,3.49669,5.26399
97.90701,-8.33896,3.47598,5.26323
97.92701,-8.34913,3.45521,5.26247
97.94701,-8.35924,3.43432,5.26171
97.96701,-8.36928,3.41332,5.26094
97.98701,-8.37924,3.39227,5.26018
98.00701,-8.38910,3.37122,5.25942
98.02701,-8.39888,3.35011,5.25866
98.04701,-8.40860,3.32888,5.25790
98.06701,-8.41826,3.30751,5.25713
98.08701,-8.42784,3.28609,5.25637
98.10701,-8.43733,3.26466,5.25561
98.12701,-8.44677,3.24310,5.25486
98.14701,-8.45617,3.22132,5.25410
98.16701,-8.46553,3.19935,5.25335
98.18701,-8.47481,3.17731,5.25260
98.20701,-8.48400,3.15525,5.25186
98.22701,-8.49312,3.13313,5.25112
98.24701,-8.50219,3.11089,5.25039
98.26701,-8.51118,3.08853,5.24965
98.28701,-8.52010,3.06614,5.24892
98.30701,-8.52892,3.04375,5.24820
98.32701,-8.53767,3.02130,5.24748
98.34701,-8.54637,2.99866,5.24677
98.36701,-8.55501,2.97587,5.24607
98.38701,-8.56358,2.95303,5.24538
98.40701,-8.57205,2.93017,5.24470
98.42701,-8.58043,2.90726,5.24404
98.44701,-8.58875,2.88423,5.24338
98.46701,-8.59699,2.86108,5.24273
98.48701,-8.60514,2.83792,5.24209
98.50701,-8.61317,2.81478,5.24147
98.52701,-8.62113,2.79157,5.24086
98.54701,-8.62902,2.76818,5.24026
98.56701,-8.63685,2.74463,5.23968
98.58701,-8.64458,2.72103,5.23910
98.60701,-8.65220,2.69744,5.23854
98.62701,-8.65973,2.67380,5.23799
98.64701,-8.66718,2.65002,5.23745
98.66701,-8.67455,2.62612,5.23691
98.68701,-8.68182,2.60220,5.23637
98.70701,-8.68898,2.57829,5.23585
98.72701,-8.69605,2.55438,5.23533
98.74701,-8.70301,2.53054,5.23483
98.76701,-8.70988,2.50670,5.23434
98.78701,-8.71668,2.48268,5.23385
98.80701,-8.72342,2.45839,5.23335
98.82701,-8.73011,2.43387,5.23286
98.84701,-8.73673,2.40906,5.23235
98.86701,-8.74329,2.38402,5.23183
98.88701,-8.74977,2.35885,5.23130
98.90701,-8.75615,2.33363,5.23077
98.92701,-8.76246,2.30831,5.23024
98.94701,-8.76870,2.28278,5.22970
98.96701,-8.77488,2.25707,5.22914
98.98701,-8.78096,2.23132,5.22859
99.00701,-8.78696,2.20559,5.22803
99.02701,-8.79287,2.17983,5.22747
99.04701,-8.79871,2.15400,5.22690
99.06701,-8.80447,2.12811,5.22631
99.08701,-8.81015,2.10224,5.22573
99.10701,-8.81574,2.07643,5.22515
99.12701,-8.82126,2.05059,5.22456
99.14701,-8.82672,2.02463,5.22397
99.16701,-8.83211,1.99855,5.22337
99.18701,-8.83743,1.97246,5.22278
99.20701,-8.84266,1.94640,5.22218
99.22701,-8.84782,1.92038,5.22160
99.24701,-8.85289,1.89455,5.22102
99.26701,-8.85788,1.86879,5.22045
99.28701,-8.86281,1.84293,5.21990
99.30701,-8.86768,1.81687,5.21935
99.32701,-8.87250,1.79061,5.21879
99.34701,-8.87726,1.76403,5.21824
99.36701,-8.88197,1.73720,5.21768
99.38701,-8.88660,1.71027,5.21713
99.40701,-8.89114,1.68332,5.21660
99.42701,-8.89562,1.65631,5.21606
99.44701,-8.90002,1.62920,5.21553
99.46701,-8.90434,1.60202,5.21500
99.48701,-8.90858,1.57485,5.21447
99.50701,-8.91274,1.54776,5.21396
99.52701,-8.91681,1.52065,5.21346
99.54701,-8.92081,1.49343,5.21297
99.56701,-8.92473,1.46611,5.21249
99.58701,-8.92856,1.43879,5.21201
99.60701,-8.93229,1.41154,5.21155
99.62701,-8.93595,1.38429,5.21110
99.64701,-8.93951,1.35700,5.21066
99.66701,-8.94299,1.32966,5.21022
99.68701,-8.94639,1.30230,5.20979
99.70701,-8.94969,1.27496,5.20936
99.72701,-8.95291,1.24759,5.20893
99.74701,-8.95604,1.22016,5.20851
99.76701,-8.95909,1.19265,5.20809
99.78701,-8.96205,1.16516,5.20767
99.80701,-8.96492,1.13773,5.20726
99.82701,-8.96772,1.11032,5.20686
99.84701,-8.97045,1.08285,5.20646
99.86701,-8.97309,1.05531,5.20606
99.88701,-8.97566,1.02778,5.20566
99.90701,-8.97815,1.00030,5.20527
99.92701,-8.98057,0.97277,5.20489
99.94701,-8.98291,0.94507,5.20451
99.96701,-8.98518,0.91723,5.20412
99.98701,-8.98737,0.88934,5.20374
100.00701,-8.98948,0.86148,5.20337
100.02701,-8.99151,0.83357,5.20299
100.04701,-8.99347,0.80556,5.20262
100.06701,-8.99534,0.77746,5.20224
100.08701,-8.99713,0.74934,5.20187
100.10701,-8.99883,0.72127,5.20150
100.12701,-9.00046,0.69324,5.20113
100.14701,-9.00200,0.66531,5.20078
100.16701,-9.00347,0.63738,5.20044
100.18701,-9.00484,0.60929,5.20010
100.20701,-9.00612,0.58099,5.19976
100.22701,-9.00728,0.55251,5.19943
100.24701,-9.00833,0.52378,5.19909
100.26701,-9.00928,0.49487,5.19874
100.28701,-9.01012,0.46589,5.19840
100.30701,-9.01086,0.43691,5.19807
100.32701,-9.01151,0.40789,5.19774
100.34701,-9.01205,0.37871,5.19742
100.36701,-9.01249,0.34941,5.19709
100.38701,-9.01284,0.32013,5.19678
100.40701,-9.01311,0.29092,5.19648
100.42701,-9.01330,0.26175,5.19618
100.44701,-9.01340,0.23257,5.19589
100.46701,-9.01342,0.20338,5.19561
100.48701,-9.01337,0.17426,5.19534
100.50701,-9.01326,0.14527,5.19508
100.52701,-9.01308,0.11632,5.19483
100.54701,-9.01282,0.08728,5.19460
100.56701,-9.01249,0.05818,5.19438
100.58701,-9.01209,0.02913,5.19417
100.60701,-9.01163,0.00017,5.19398
100.62701,-9.01112,-0.02868,5.19381
100.64701,-9.01057,-0.05730,5.19366
100.66701,-9.00997,-0.08577,5.19354
100.68701,-9.00931,-0.11429,5.19344
100.70701,-9.00856,-0.14292,5.19336
100.72701,-9.00772,-0.17168,5.19329
100.74701,-9.00679,-0.20067,5.19323
100.76701,-9.00576,-0.22982,5.19318
100.78701,-9.00465,-0.25901,5.19315
100.80701,-9.00346,-0.28814,5.19313
100.82701,-9.00220,-0.31726,5.19312
100.84701,-9.00086,-0.34640,5.19312
100.86701,-8.99943,-0.37555,5.19313
100.88701,-8.99793,-0.40462,5.19315
100.90701,-8.99637,-0.43354,5.19317
100.92701,-8.99475,-0.46235,5.19322
100.94701,-8.99307,-0.49097,5.19328
100.96701,-8.99134,-0.51947,5.19335
100.98701,-8.98951,-0.54798,5.19344
101.00701,-8.98758,-0.57657,5.19354
101.02701,-8.98553,-0.60523,5.19365
101.04701,-8.98335,-0.63397,5.19376
101.06701,-8.98105,-0.66278,5.19387
101.08701,-8.97864,-0.69154,5.19398
101.10701,-8.97613,-0.72020,5.19411
101.12701,-8.97351,-0.74883,5.19424
101.14701,-8.97075,-0.77751,5.19438
101.16701,-8.96786,-0.80622,5.19452
101.18701,-8.96486,-0.83486,5.19467
101.20701,-8.96176,-0.86336,5.19482
101.22701,-8.95856,-0.89179,5.19499
101.24701,-8.95522,-0.92024,5.19516
101.26701,-8.95175,-0.94869,5.19534
